date,symbol,name,market,open,high,low,close,change,change_pct,volume,turnover,transactions,source,security_type,is_common_stock,is_etf,is_warrant,is_bond_etf,is_leveraged_inverse,is_etn,is_preferred_stock,is_dr,scan_eligible,exclude_reason
2025-10-31,0050,元大台灣50,listed,64.6,64.8,64.4,64.75,0.35,0.5435,55956524,3616991558,44302,TWSE,etf,false,true,false,false,false,false,false,false,false,security_type=etf
2025-10-31,0051,元大中型100,listed,91.5,92.15,91.5,91.65,1.0,1.1031,161185,14821772,368,TWSE,etf,false,true,false,false,false,false,false,false,false,security_type=etf
2025-10-31,0052,富邦科技,listed,260.35,261.8,260.35,261.2,1.2,0.4615,2193289,572812080,4264,TWSE,etf,false,true,false,false,false,false,false,false,false,security_type=etf
2025-10-31,0053,元大電子,listed,141.35,142.8,141.35,142.55,1.2,0.849,30575,4348892,161,TWSE,etf,false,true,false,false,false,false,false,false,false,security_type=etf
2025-10-31,0055,元大MSCI金融,listed,30.54,30.54,30.48,30.5,-0.04,-0.131,215856,6584230,329,TWSE,etf,false,true,false,false,false,false,false,false,false,security_type=etf
2025-10-31,0056,元大高股息,listed,37.41,37.6,37.36,37.46,0.06,0.1604,62935805,2358965181,19366,TWSE,etf,false,true,false,false,false,false,false,false,false,security_type=etf
2025-10-31,0057,富邦摩台,listed,188.0,188.95,188.0,188.9,1.25,0.6661,8702,1637662,118,TWSE,etf,false,true,false,false,false,false,false,false,false,security_type=etf
2025-10-31,0061,元大寶滬深,listed,22.63,22.63,22.36,22.36,-0.27,-1.1931,210113,4727631,217,TWSE,etf,false,true,false,false,false,false,false,false,false,security_type=etf
2025-10-31,006203,元大MSCI台灣,listed,116.95,117.0,116.95,117.0,0.9,0.7752,7067,824788,112,TWSE,etf,false,true,false,false,false,false,false,false,false,security_type=etf;symbol_not_4_digit
2025-10-31,006204,永豐臺灣加權,listed,142.2,142.75,142.2,142.55,0.35,0.2461,10330,1472855,18,TWSE,etf,false,true,false,false,false,false,false,false,false,security_type=etf;symbol_not_4_digit
2025-10-31,006205,富邦上証,listed,38.92,38.92,38.29,38.34,-0.58,-1.4902,408626,15700618,284,TWSE,etf,false,true,false,false,false,false,false,false,false,security_type=etf;symbol_not_4_digit
2025-10-31,006206,元大上證50,listed,35.49,35.49,35.18,35.24,-0.38,-1.0668,163155,5761663,176,TWSE,etf,false,true,false,false,false,false,false,false,false,security_type=etf;symbol_not_4_digit
2025-10-31,006207,復華滬深,listed,29.75,29.75,29.59,29.59,-0.52,-1.727,196417,5825223,90,TWSE,etf,false,true,false,false,false,false,false,false,false,security_type=etf;symbol_not_4_digit
2025-10-31,006208,富邦台50,listed,151.1,151.9,150.95,151.8,0.9,0.5964,3745003,567338934,6352,TWSE,etf,false,true,false,false,false,false,false,false,false,security_type=etf;symbol_not_4_digit
2025-10-31,00625K,富邦上証+R,listed,,,,,0.0,,0,0,0,TWSE,etf,false,true,true,false,false,false,false,false,false,security_type=etf;symbol_not_4_digit;invalid_close;invalid_volume;invalid_turnover
2025-10-31,00631L,元大台灣50正2,listed,353.5,356.7,352.0,355.1,2.75,0.7805,2433211,862385486,3858,TWSE,leveraged_inverse,false,true,true,false,true,false,false,false,false,security_type=leveraged_inverse;symbol_not_4_digit
2025-10-31,00632R,元大台灣50反1,listed,16.84,16.88,16.77,16.81,-0.08,-0.4737,31716331,533345250,5431,TWSE,leveraged_inverse,false,true,true,false,true,false,false,false,false,security_type=leveraged_inverse;symbol_not_4_digit
2025-10-31,00633L,富邦上証正2,listed,51.2,51.2,49.42,49.54,-1.81,-3.5248,6650276,332947121,1752,TWSE,leveraged_inverse,false,true,true,false,true,false,false,false,false,security_type=leveraged_inverse;symbol_not_4_digit
2025-10-31,00634R,富邦上証反1,listed,3.18,3.23,3.18,3.23,0.05,1.5723,329100,1054404,27,TWSE,leveraged_inverse,false,true,true,false,true,false,false,false,false,security_type=leveraged_inverse;symbol_not_4_digit
2025-10-31,00635U,期元大S&P黃金,listed,43.33,43.6,43.08,43.18,0.48,1.1241,6700245,290371951,3783,TWSE,etf,false,true,true,false,false,false,false,false,false,security_type=etf;symbol_not_4_digit
2025-10-31,00636,國泰中國A50,listed,26.36,26.38,25.94,26.0,-0.47,-1.7756,984510,25690828,477,TWSE,etf,false,true,false,false,false,false,false,false,false,security_type=etf;symbol_not_4_digit
2025-10-31,00636K,國泰中國A50+U,listed,8.5,8.5,8.5,8.5,-0.21,-2.411,200,1700,2,TWSE,etf,false,true,true,false,false,false,false,false,false,security_type=etf;symbol_not_4_digit
2025-10-31,00637L,元大滬深300正2,listed,20.78,20.8,20.04,20.04,-0.83,-3.977,74000199,1507291394,9610,TWSE,leveraged_inverse,false,true,true,false,true,false,false,false,false,security_type=leveraged_inverse;symbol_not_4_digit
2025-10-31,00638R,元大滬深300反1,listed,6.72,6.82,6.72,6.81,0.1,1.4903,709310,4809108,111,TWSE,leveraged_inverse,false,true,true,false,true,false,false,false,false,security_type=leveraged_inverse;symbol_not_4_digit
2025-10-31,00639,富邦深100,listed,15.09,15.09,14.81,14.82,-0.28,-1.8543,1073446,16027879,563,TWSE,etf,false,true,false,false,false,false,false,false,false,security_type=etf;symbol_not_4_digit
2025-10-31,00640L,富邦日本正2,listed,74.4,74.5,73.4,74.05,1.05,1.4384,925056,68318010,247,TWSE,leveraged_inverse,false,true,true,false,true,false,false,false,false,security_type=leveraged_inverse;symbol_not_4_digit
2025-10-31,00641R,富邦日本反1,listed,4.71,4.74,4.7,4.72,-0.05,-1.0482,1466239,6911323,99,TWSE,leveraged_inverse,false,true,true,false,true,false,false,false,false,security_type=leveraged_inverse;symbol_not_4_digit
2025-10-31,00642U,期元大S&P石油,listed,15.65,15.66,15.58,15.58,-0.03,-0.1922,1333499,20825236,346,TWSE,etf,false,true,true,false,false,false,false,false,false,security_type=etf;symbol_not_4_digit
2025-10-31,00643,群益深証中小,listed,16.59,16.62,16.38,16.39,-0.25,-1.5024,3248465,53406500,218,TWSE,etf,false,true,false,false,false,false,false,false,false,security_type=etf;symbol_not_4_digit
2025-10-31,00643K,群益深証中小+R,listed,3.8,3.8,3.8,3.8,0.0,0.0,1000,3800,1,TWSE,etf,false,true,true,false,false,false,false,false,false,security_type=etf;symbol_not_4_digit
2025-10-31,00645,富邦日本,listed,46.55,46.58,46.25,46.51,0.39,0.8456,254232,11800836,306,TWSE,etf,false,true,false,false,false,false,false,false,false,security_type=etf;symbol_not_4_digit
2025-10-31,00646,元大S&P500,listed,66.15,66.15,66.05,66.1,-0.1,-0.1511,3489972,230708881,1589,TWSE,etf,false,true,false,false,false,false,false,false,false,security_type=etf;symbol_not_4_digit
2025-10-31,00647L,元大S&P500正2,listed,117.2,117.2,116.8,117.05,-0.75,-0.6367,67280,7872130,173,TWSE,leveraged_inverse,false,true,true,false,true,false,false,false,false,security_type=leveraged_inverse;symbol_not_4_digit
2025-10-31,00648R,元大S&P500反1,listed,4.32,4.32,4.31,4.32,0.01,0.232,439269,1894889,59,TWSE,leveraged_inverse,false,true,true,false,true,false,false,false,false,security_type=leveraged_inverse;symbol_not_4_digit
2025-10-31,00650L,復華香港正2,listed,18.31,18.39,17.9,17.98,-0.33,-1.8023,8528136,154471081,1348,TWSE,leveraged_inverse,false,true,true,false,true,false,false,false,false,security_type=leveraged_inverse;symbol_not_4_digit
2025-10-31,00651R,復華香港反1,listed,5.22,5.27,5.22,5.26,0.03,0.5736,300819,1579063,31,TWSE,leveraged_inverse,false,true,true,false,true,false,false,false,false,security_type=leveraged_inverse;symbol_not_4_digit
2025-10-31,00652,富邦印度,listed,37.2,37.37,37.05,37.07,-0.11,-0.2959,307150,11432715,302,TWSE,etf,false,true,false,false,false,false,false,false,false,security_type=etf;symbol_not_4_digit
2025-10-31,00653L,富邦印度正2,listed,58.35,58.7,57.9,58.0,-0.35,-0.5998,256076,14929224,100,TWSE,leveraged_inverse,false,true,true,false,true,false,false,false,false,security_type=leveraged_inverse;symbol_not_4_digit
2025-10-31,00654R,富邦印度反1,listed,6.19,6.19,6.19,6.19,0.0,0.0,6195,38351,5,TWSE,leveraged_inverse,false,true,true,false,true,false,false,false,false,security_type=leveraged_inverse;symbol_not_4_digit
2025-10-31,00655L,國泰中國A50正2,listed,35.6,35.61,34.37,34.4,-1.35,-3.7762,4559168,159138954,913,TWSE,leveraged_inverse,false,true,true,false,true,false,false,false,false,security_type=leveraged_inverse;symbol_not_4_digit
2025-10-31,00656R,國泰中國A50反1,listed,5.94,6.04,5.94,6.04,0.11,1.855,780020,4698820,43,TWSE,leveraged_inverse,false,true,true,false,true,false,false,false,false,security_type=leveraged_inverse;symbol_not_4_digit
2025-10-31,00657,國泰日經225,listed,61.2,61.5,60.9,61.5,1.4,2.3295,55194,3374835,121,TWSE,etf,false,true,false,false,false,false,false,false,false,security_type=etf;symbol_not_4_digit
2025-10-31,00657K,國泰日經225+U,listed,19.98,19.98,19.98,19.98,0.29,1.4728,200,3996,2,TWSE,etf,false,true,true,false,false,false,false,false,false,security_type=etf;symbol_not_4_digit
2025-10-31,00660,元大歐洲50,listed,40.83,40.83,40.72,40.72,-0.11,-0.2694,56289,2296297,95,TWSE,etf,false,true,false,false,false,false,false,false,false,security_type=etf;symbol_not_4_digit
2025-10-31,00661,元大日經225,listed,67.0,67.3,66.6,67.3,1.4,2.1244,209398,14014981,259,TWSE,etf,false,true,false,false,false,false,false,false,false,security_type=etf;symbol_not_4_digit
2025-10-31,00662,富邦NASDAQ,listed,102.95,103.05,102.8,102.9,-0.05,-0.0486,3113766,320448630,2286,TWSE,etf,false,true,false,false,false,false,false,false,false,security_type=etf;symbol_not_4_digit
2025-10-31,00663L,國泰臺灣加權正2,listed,46.04,46.49,45.88,46.19,0.27,0.588,5479733,253047855,2494,TWSE,leveraged_inverse,false,true,true,false,true,false,false,false,false,security_type=leveraged_inverse;symbol_not_4_digit
2025-10-31,00664R,國泰臺灣加權反1,listed,2.73,2.74,2.71,2.72,-0.02,-0.7299,12353236,33642962,615,TWSE,leveraged_inverse,false,true,true,false,true,false,false,false,false,security_type=leveraged_inverse;symbol_not_4_digit
2025-10-31,00665L,富邦恒生國企正2,listed,11.8,11.81,11.47,11.54,-0.27,-2.2862,31956736,371497621,3324,TWSE,leveraged_inverse,false,true,true,false,true,false,false,false,false,security_type=leveraged_inverse;symbol_not_4_digit
2025-10-31,00666R,富邦恒生國企反1,listed,8.54,8.63,8.54,8.59,0.12,1.4168,208020,1790592,20,TWSE,leveraged_inverse,false,true,true,false,true,false,false,false,false,security_type=leveraged_inverse;symbol_not_4_digit
2025-10-31,00668,國泰美國道瓊,listed,53.3,53.3,53.1,53.2,0.05,0.0941,383247,20372771,92,TWSE,etf,false,true,false,false,false,false,false,false,false,security_type=etf;symbol_not_4_digit
2025-10-31,00668K,國泰美國道瓊+U,listed,17.32,17.32,17.32,17.32,-0.06,-0.3452,200,3464,2,TWSE,etf,false,true,true,false,false,false,false,false,false,security_type=etf;symbol_not_4_digit
2025-10-31,00669R,國泰美國道瓊反1,listed,5.73,5.73,5.71,5.73,0.01,0.1748,1150080,6586067,95,TWSE,leveraged_inverse,false,true,true,false,true,false,false,false,false,security_type=leveraged_inverse;symbol_not_4_digit
2025-10-31,00670L,富邦NASDAQ正2,listed,174.6,174.85,174.25,174.45,-1.1,-0.6266,1781450,310999890,1849,TWSE,leveraged_inverse,false,true,true,false,true,false,false,false,false,security_type=leveraged_inverse;symbol_not_4_digit
2025-10-31,00671R,富邦NASDAQ反1,listed,2.78,2.78,2.77,2.78,0.01,0.361,5468520,15167077,168,TWSE,leveraged_inverse,false,true,true,false,true,false,false,false,false,security_type=leveraged_inverse;symbol_not_4_digit
2025-10-31,00673R,期元大S&P原油反1,listed,27.42,27.48,27.35,27.48,0.05,0.1823,673438,18469613,142,TWSE,leveraged_inverse,false,true,true,false,true,false,false,false,false,security_type=leveraged_inverse;symbol_not_4_digit
2025-10-31,00674R,期元大S&P黃金反1,listed,6.3,6.36,6.28,6.34,-0.07,-1.092,2256798,14244368,287,TWSE,leveraged_inverse,false,true,true,false,true,false,false,false,false,security_type=leveraged_inverse;symbol_not_4_digit
2025-10-31,00675L,富邦臺灣加權正2,listed,140.45,141.6,139.65,141.15,1.15,0.8214,3408663,479437066,1914,TWSE,leveraged_inverse,false,true,true,false,true,false,false,false,false,security_type=leveraged_inverse;symbol_not_4_digit
2025-10-31,00676R,富邦臺灣加權反1,listed,9.24,9.26,9.21,9.22,-0.05,-0.5394,1481965,13677537,242,TWSE,leveraged_inverse,false,true,true,false,true,false,false,false,false,security_type=leveraged_inverse;symbol_not_4_digit
2025-10-31,00678,群益那斯達克生技,listed,31.47,31.53,31.47,31.48,0.16,0.5109,263231,8286410,96,TWSE,etf,false,true,false,false,false,false,false,false,false,security_type=etf;symbol_not_4_digit
2025-10-31,00680L,元大美債20正2,listed,7.65,7.66,7.62,7.63,-0.07,-0.9091,36085705,275371043,1998,TWSE,bond_etf,false,true,true,true,true,false,false,false,false,security_type=bond_etf;symbol_not_4_digit
2025-10-31,00681R,元大美債20反1,listed,20.15,20.15,20.14,20.15,0.08,0.3986,82000,1652280,6,TWSE,bond_etf,false,true,true,true,true,false,false,false,false,security_type=bond_etf;symbol_not_4_digit
2025-10-31,00682U,期元大美元指數,listed,20.4,20.43,20.38,20.43,0.0,0.0,4000,81600,4,TWSE,etf,false,true,true,false,false,false,false,false,false,security_type=etf;symbol_not_4_digit
2025-10-31,00683L,期元大美元指正2,listed,21.06,21.23,21.06,21.22,0.29,1.3856,252467,5348793,50,TWSE,leveraged_inverse,false,true,true,false,true,false,false,false,false,security_type=leveraged_inverse;symbol_not_4_digit
2025-10-31,00684R,期元大美元指反1,listed,15.48,15.48,15.46,15.47,-0.08,-0.5145,18459,285554,10,TWSE,leveraged_inverse,false,true,true,false,true,false,false,false,false,security_type=leveraged_inverse;symbol_not_4_digit
2025-10-31,00685L,群益臺灣加權正2,listed,126.3,127.3,125.6,126.5,0.85,0.6765,677879,85772561,474,TWSE,leveraged_inverse,false,true,true,false,true,false,false,false,false,security_type=leveraged_inverse;symbol_not_4_digit
2025-10-31,00686R,群益臺灣加權反1,listed,1.66,1.66,1.65,1.65,-0.02,-1.1976,1882552,3121900,106,TWSE,leveraged_inverse,false,true,true,false,true,false,false,false,false,security_type=leveraged_inverse;symbol_not_4_digit
2025-10-31,00688L,國泰20年美債正2,listed,7.61,7.63,7.59,7.61,-0.06,-0.7823,11927667,90716467,890,TWSE,bond_etf,false,true,true,true,true,false,false,false,false,security_type=bond_etf;symbol_not_4_digit
2025-10-31,00689R,國泰20年美債反1,listed,20.87,20.89,20.87,20.88,0.11,0.5296,16250,339256,7,TWSE,bond_etf,false,true,true,true,true,false,false,false,false,security_type=bond_etf;symbol_not_4_digit
2025-10-31,00690,兆豐藍籌30,listed,44.42,44.73,44.42,44.6,0.29,0.6545,1088219,48496587,350,TWSE,etf,false,true,false,false,false,false,false,false,false,security_type=etf;symbol_not_4_digit
2025-10-31,00692,富邦公司治理,listed,58.0,58.25,57.95,58.15,0.25,0.4318,843603,49039939,1012,TWSE,etf,false,true,false,false,false,false,false,false,false,security_type=etf;symbol_not_4_digit
2025-10-31,00693U,期街口S&P黃豆,listed,21.28,21.43,21.26,21.38,0.6,2.8874,5669968,121067245,1153,TWSE,warrant,false,false,true,false,false,false,false,false,false,security_type=warrant;symbol_not_4_digit
2025-10-31,00700,富邦恒生國企,listed,18.64,18.64,18.41,18.41,-0.23,-1.2339,522245,9677429,303,TWSE,etf,false,true,false,false,false,false,false,false,false,security_type=etf;symbol_not_4_digit
2025-10-31,00701,國泰股利精選30,listed,27.52,27.52,27.39,27.43,-0.09,-0.327,883057,24232351,840,TWSE,etf,false,true,false,false,false,false,false,false,false,security_type=etf;symbol_not_4_digit
2025-10-31,00702,國泰標普低波高息,listed,22.28,22.3,22.26,22.26,-0.05,-0.2241,105246,2344681,70,TWSE,etf,false,true,false,false,false,false,false,false,false,security_type=etf;symbol_not_4_digit
2025-10-31,00703,台新MSCI中國,listed,22.34,22.34,22.08,22.12,-0.12,-0.5396,63165,1402862,76,TWSE,other,false,false,false,false,false,false,false,false,false,symbol_not_4_digit
2025-10-31,00706L,期元大S&P日圓正2,listed,21.54,21.58,21.47,21.47,-0.31,-1.4233,4444765,95630625,1241,TWSE,leveraged_inverse,false,true,true,false,true,false,false,false,false,security_type=leveraged_inverse;symbol_not_4_digit
2025-10-31,00707R,期元大S&P日圓反1,listed,,,,,0.0,,1,30,1,TWSE,leveraged_inverse,false,true,true,false,true,false,false,false,false,security_type=leveraged_inverse;symbol_not_4_digit;invalid_close
2025-10-31,00708L,期元大S&P黃金正2,listed,79.35,80.1,78.1,78.6,1.9,2.4772,7345331,582049828,3510,TWSE,leveraged_inverse,false,true,true,false,true,false,false,false,false,security_type=leveraged_inverse;symbol_not_4_digit
2025-10-31,00709,富邦歐洲,listed,34.62,34.62,34.5,34.53,-0.16,-0.4612,60293,2083414,193,TWSE,etf,false,true,false,false,false,false,false,false,false,security_type=etf;symbol_not_4_digit
2025-10-31,00710B,復華彭博非投等債,listed,18.64,18.67,18.63,18.64,-0.03,-0.1607,185410,3457275,28,TWSE,bond_etf,false,true,true,true,false,false,false,false,false,security_type=bond_etf;symbol_not_4_digit
2025-10-31,00711B,復華彭博新興債,listed,16.34,16.34,16.33,16.33,-0.03,-0.1834,104180,1701137,92,TWSE,bond_etf,false,true,true,true,false,false,false,false,false,security_type=bond_etf;symbol_not_4_digit
2025-10-31,00712,復華富時不動產,listed,8.73,8.73,8.67,8.7,-0.05,-0.5714,33271138,289141379,8071,TWSE,etf,false,true,false,false,false,false,false,false,false,security_type=etf;symbol_not_4_digit
2025-10-31,00713,元大台灣高息低波,listed,51.45,51.6,51.3,51.35,0.0,0.0,9861729,507354698,5462,TWSE,etf,false,true,false,false,false,false,false,false,false,security_type=etf;symbol_not_4_digit
2025-10-31,00714,群益道瓊美國地產,listed,19.57,19.71,19.55,19.63,0.06,0.3066,124763,2452941,117,TWSE,etf,false,true,false,false,false,false,false,false,false,security_type=etf;symbol_not_4_digit
2025-10-31,00715L,期街口布蘭特正2,listed,10.52,10.57,10.45,10.45,-0.06,-0.5709,22682670,238262894,2182,TWSE,leveraged_inverse,false,true,true,false,true,false,false,false,false,security_type=leveraged_inverse;symbol_not_4_digit
2025-10-31,00717,富邦美國特別股,listed,14.75,14.75,14.72,14.72,-0.09,-0.6077,59130,870915,144,TWSE,preferred_stock,false,true,false,false,false,false,true,false,false,security_type=preferred_stock;symbol_not_4_digit
2025-10-31,00728,第一金工業30,listed,36.76,36.88,36.73,36.88,0.33,0.9029,131653,4841221,228,TWSE,other,false,false,false,false,false,false,false,false,false,symbol_not_4_digit
2025-10-31,00730,富邦臺灣優質高息,listed,23.59,23.68,23.49,23.49,0.09,0.3846,235271,5556785,298,TWSE,etf,false,true,false,false,false,false,false,false,false,security_type=etf;symbol_not_4_digit
2025-10-31,00731,復華富時高息低波,listed,67.65,67.65,67.35,67.35,-0.4,-0.5904,837463,56450379,317,TWSE,etf,false,true,false,false,false,false,false,false,false,security_type=etf;symbol_not_4_digit
2025-10-31,00733,富邦臺灣中小,listed,47.66,47.9,47.45,47.51,-0.23,-0.4818,804342,38298063,968,TWSE,etf,false,true,false,false,false,false,false,false,false,security_type=etf;symbol_not_4_digit
2025-10-31,00735,國泰臺韓科技,listed,51.0,51.3,50.8,50.95,-0.05,-0.098,314169,16024337,229,TWSE,etf,false,true,false,false,false,false,false,false,false,security_type=etf;symbol_not_4_digit
2025-10-31,00736,國泰新興市場,listed,27.56,27.66,27.53,27.65,0.02,0.0724,142575,3935058,84,TWSE,etf,false,true,false,false,false,false,false,false,false,security_type=etf;symbol_not_4_digit
2025-10-31,00737,國泰AI機器人,listed,37.39,37.4,37.09,37.16,-0.26,-0.6948,215714,8015976,191,TWSE,etf,false,true,false,false,false,false,false,false,false,security_type=etf;symbol_not_4_digit
2025-10-31,00738U,期元大道瓊白銀,listed,40.37,40.68,40.11,40.2,0.85,2.1601,4339117,175404616,2124,TWSE,etf,false,true,true,false,false,false,false,false,false,security_type=etf;symbol_not_4_digit
2025-10-31,00739,元大MSCI A股,listed,25.86,25.86,25.52,25.52,-0.48,-1.8462,75253,1930197,129,TWSE,etf,false,true,false,false,false,false,false,false,false,security_type=etf;symbol_not_4_digit
2025-10-31,00752,中信中國50,listed,27.3,27.3,26.9,26.99,-0.33,-1.2079,2869606,77716080,1091,TWSE,etf,false,true,false,false,false,false,false,false,false,security_type=etf;symbol_not_4_digit
2025-10-31,00753L,中信中國50正2,listed,13.68,13.72,13.31,13.35,-0.39,-2.8384,27941736,376705736,5073,TWSE,leveraged_inverse,false,true,true,false,true,false,false,false,false,security_type=leveraged_inverse;symbol_not_4_digit
2025-10-31,00757,統一FANG+,listed,125.35,125.65,125.1,125.35,0.2,0.1598,3273222,410076410,3169,TWSE,etf,false,true,false,false,false,false,false,false,false,security_type=etf;symbol_not_4_digit
2025-10-31,00762,元大全球AI,listed,89.25,89.25,89.0,89.1,-0.6,-0.6689,303975,27084946,1093,TWSE,etf,false,true,false,false,false,false,false,false,false,security_type=etf;symbol_not_4_digit
2025-10-31,00763U,期街口道瓊銅,listed,28.29,28.38,28.16,28.17,-0.4,-1.4001,1453664,41108700,585,TWSE,warrant,false,false,true,false,false,false,false,false,false,security_type=warrant;symbol_not_4_digit
2025-10-31,00770,國泰北美科技,listed,58.9,58.9,58.55,58.8,-0.2,-0.339,806441,47323301,1326,TWSE,etf,false,true,false,false,false,false,false,false,false,security_type=etf;symbol_not_4_digit
2025-10-31,00771,元大US高息特別股,listed,16.14,16.14,16.09,16.09,-0.05,-0.3098,9693,155962,76,TWSE,preferred_stock,false,true,false,false,false,false,true,false,false,security_type=preferred_stock;symbol_not_4_digit
2025-10-31,00775B,台新投等債15+,listed,32.68,32.68,32.68,32.68,-0.31,-0.9397,27068,884228,97,TWSE,bond_etf,false,true,true,true,false,false,false,false,false,security_type=bond_etf;symbol_not_4_digit
2025-10-31,00783,富邦中証500,listed,24.5,24.61,24.32,24.33,-0.27,-1.0976,745055,18241138,111,TWSE,etf,false,true,false,false,false,false,false,false,false,security_type=etf;symbol_not_4_digit
2025-10-31,00830,國泰費城半導體,listed,57.95,57.95,57.65,57.75,-0.4,-0.6879,10380026,599733012,5773,TWSE,etf,false,true,false,false,false,false,false,false,false,security_type=etf;symbol_not_4_digit
2025-10-31,00850,元大臺灣ESG永續,listed,55.35,55.65,55.35,55.45,0.15,0.2712,642930,35701174,870,TWSE,etf,false,true,false,false,false,false,false,false,false,security_type=etf;symbol_not_4_digit
2025-10-31,00851,台新全球AI,listed,57.5,57.5,57.25,57.4,0.75,1.3239,47423,2720475,120,TWSE,other,false,false,false,false,false,false,false,false,false,symbol_not_4_digit
2025-10-31,00852L,國泰美國道瓊正2,listed,29.83,29.83,29.71,29.76,-0.16,-0.5348,208560,6207092,45,TWSE,leveraged_inverse,false,true,true,false,true,false,false,false,false,security_type=leveraged_inverse;symbol_not_4_digit
2025-10-31,00861,元大全球未來通訊,listed,54.1,54.1,53.7,53.75,0.0,0.0,1005393,54082867,201,TWSE,etf,false,true,false,false,false,false,false,false,false,security_type=etf;symbol_not_4_digit
2025-10-31,00865B,國泰US短期公債,listed,45.84,45.84,45.79,45.83,0.09,0.1968,3808269,174467597,494,TWSE,bond_etf,false,true,true,true,false,false,false,false,false,security_type=bond_etf;symbol_not_4_digit
2025-10-31,00875,國泰網路資安,listed,39.64,39.76,39.52,39.76,0.2,0.5056,624107,24722846,115,TWSE,etf,false,true,false,false,false,false,false,false,false,security_type=etf;symbol_not_4_digit
2025-10-31,00876,元大全球5G,listed,49.38,49.69,49.38,49.67,0.15,0.3029,539963,26793200,741,TWSE,etf,false,true,false,false,false,false,false,false,false,security_type=etf;symbol_not_4_digit
2025-10-31,00878,國泰永續高股息,listed,21.75,21.75,21.69,21.72,-0.03,-0.1379,27283365,592538619,14723,TWSE,etf,false,true,false,false,false,false,false,false,false,security_type=etf;symbol_not_4_digit
2025-10-31,00881,國泰台灣科技龍頭,listed,32.3,32.42,32.17,32.33,0.16,0.4974,13205370,426526025,5222,TWSE,etf,false,true,false,false,false,false,false,false,false,security_type=etf;symbol_not_4_digit
2025-10-31,00882,中信中國高股息,listed,14.83,14.88,14.68,14.7,-0.12,-0.8097,9738986,143860183,2088,TWSE,etf,false,true,false,false,false,false,false,false,false,security_type=etf;symbol_not_4_digit
2025-10-31,00885,富邦越南,listed,16.42,16.45,16.2,16.24,-0.22,-1.3366,7118805,115990391,2310,TWSE,etf,false,true,false,false,false,false,false,false,false,security_type=etf;symbol_not_4_digit
2025-10-31,00891,中信關鍵半導體,listed,19.46,19.81,19.46,19.8,0.42,2.1672,12726707,250412904,4556,TWSE,etf,false,true,false,false,false,false,false,false,false,security_type=etf;symbol_not_4_digit
2025-10-31,00892,富邦台灣半導體,listed,20.91,21.29,20.91,21.23,0.45,2.1655,2953460,62485350,909,TWSE,etf,false,true,false,false,false,false,false,false,false,security_type=etf;symbol_not_4_digit
2025-10-31,00893,國泰智能電動車,listed,33.67,33.75,33.56,33.6,-0.53,-1.5529,3245725,109182227,1967,TWSE,etf,false,true,false,false,false,false,false,false,false,security_type=etf;symbol_not_4_digit
2025-10-31,00894,中信小資高價30,listed,27.15,27.5,27.15,27.37,0.32,1.183,2639442,72136226,1082,TWSE,etf,false,true,false,false,false,false,false,false,false,security_type=etf;symbol_not_4_digit
2025-10-31,00895,富邦未來車,listed,39.54,39.59,39.41,39.56,-0.28,-0.7028,960120,37914819,1319,TWSE,etf,false,true,false,false,false,false,false,false,false,security_type=etf;symbol_not_4_digit
2025-10-31,00896,中信綠能及電動車,listed,19.99,20.04,19.88,19.95,-0.04,-0.2001,1574124,31472877,567,TWSE,etf,false,true,false,false,false,false,false,false,false,security_type=etf;symbol_not_4_digit
2025-10-31,00897,富邦基因免疫生技,listed,8.12,8.17,8.12,8.14,0.02,0.2463,480132,3914945,189,TWSE,etf,false,true,false,false,false,false,false,false,false,security_type=etf;symbol_not_4_digit
2025-10-31,00898,國泰基因免疫革命,listed,7.11,7.17,7.11,7.15,0.04,0.5626,805400,5765154,159,TWSE,etf,false,true,false,false,false,false,false,false,false,security_type=etf;symbol_not_4_digit
2025-10-31,00899,FT潔淨能源,listed,20.33,20.4,20.29,20.35,0.06,0.2957,1266594,25778390,501,TWSE,other,false,false,false,false,false,false,false,false,false,symbol_not_4_digit
2025-10-31,00900,富邦特選高股息30,listed,13.66,13.67,13.6,13.6,-0.06,-0.4392,12514768,170512654,3436,TWSE,etf,false,true,false,false,false,false,false,false,false,security_type=etf;symbol_not_4_digit
2025-10-31,00901,永豐智能車供應鏈,listed,27.8,27.98,27.8,27.98,0.18,0.6475,247046,6892072,165,TWSE,etf,false,true,false,false,false,false,false,false,false,security_type=etf;symbol_not_4_digit
2025-10-31,00902,中信電池及儲能,listed,13.56,13.71,13.43,13.45,-0.13,-0.9573,6134987,83034489,1535,TWSE,etf,false,true,false,false,false,false,false,false,false,security_type=etf;symbol_not_4_digit
2025-10-31,00903,富邦元宇宙,listed,18.36,18.43,18.36,18.41,-0.13,-0.7012,234321,4312395,172,TWSE,etf,false,true,false,false,false,false,false,false,false,security_type=etf;symbol_not_4_digit
2025-10-31,00904,台新臺灣半導體30,listed,21.46,21.73,21.46,21.72,0.26,1.2116,5425038,117230516,1016,TWSE,other,false,false,false,false,false,false,false,false,false,symbol_not_4_digit
2025-10-31,00905,FT臺灣Smart,listed,17.12,17.22,17.11,17.16,0.07,0.4096,1122461,19254712,697,TWSE,other,false,false,false,false,false,false,false,false,false,symbol_not_4_digit
2025-10-31,00907,永豐優息存股,listed,15.46,15.49,15.4,15.4,-0.1,-0.6452,621945,9602674,255,TWSE,etf,false,true,false,false,false,false,false,false,false,security_type=etf;symbol_not_4_digit
2025-10-31,00908,富邦入息REITs+,listed,13.36,13.36,13.3,13.31,-0.08,-0.5975,304893,4061065,132,TWSE,etf,false,true,false,false,false,false,false,false,false,security_type=etf;symbol_not_4_digit
2025-10-31,00909,國泰數位支付服務,listed,48.7,48.95,48.6,48.88,-0.24,-0.4886,4742046,231482134,6239,TWSE,etf,false,true,false,false,false,false,false,false,false,security_type=etf;symbol_not_4_digit
2025-10-31,00910,第一金太空衛星,listed,41.5,41.63,41.42,41.51,-0.24,-0.5749,2137679,88749755,5958,TWSE,other,false,false,false,false,false,false,false,false,false,symbol_not_4_digit
2025-10-31,00911,兆豐洲際半導體,listed,32.69,32.84,32.51,32.84,0.0,0.0,501259,16376758,938,TWSE,etf,false,true,false,false,false,false,false,false,false,security_type=etf;symbol_not_4_digit
2025-10-31,00912,中信臺灣智慧50,listed,21.25,21.32,21.2,21.26,0.05,0.2357,616629,13111903,228,TWSE,etf,false,true,false,false,false,false,false,false,false,security_type=etf;symbol_not_4_digit
2025-10-31,00913,兆豐台灣晶圓製造,listed,23.66,23.88,23.66,23.81,0.26,1.104,675075,16053374,104,TWSE,etf,false,true,false,false,false,false,false,false,false,security_type=etf;symbol_not_4_digit
2025-10-31,00915,凱基優選高股息30,listed,22.53,22.58,22.46,22.49,-0.01,-0.0444,4075029,91710071,1549,TWSE,etf,false,true,false,false,false,false,false,false,false,security_type=etf;symbol_not_4_digit
2025-10-31,00916,國泰全球品牌50,listed,27.14,27.18,27.12,27.14,0.14,0.5185,632479,17176070,376,TWSE,etf,false,true,false,false,false,false,false,false,false,security_type=etf;symbol_not_4_digit
2025-10-31,00917,中信特選金融,listed,23.28,23.29,23.23,23.23,-0.02,-0.086,247346,5757909,133,TWSE,etf,false,true,false,false,false,false,false,false,false,security_type=etf;symbol_not_4_digit
2025-10-31,00918,大華優利高填息30,listed,23.02,23.06,22.99,23.01,-0.01,-0.0434,12746010,293528482,3637,TWSE,other,false,false,false,false,false,false,false,false,false,symbol_not_4_digit
2025-10-31,00919,群益台灣精選高息,listed,21.68,21.72,21.57,21.57,-0.11,-0.5074,51183976,1105950025,22566,TWSE,etf,false,true,false,false,false,false,false,false,false,security_type=etf;symbol_not_4_digit
2025-10-31,00920,富邦ESG綠色電力,listed,18.3,18.33,18.2,18.3,-0.05,-0.2725,237358,4335144,209,TWSE,etf,false,true,false,false,false,false,false,false,false,security_type=etf;symbol_not_4_digit
2025-10-31,00921,兆豐龍頭等權重,listed,17.3,17.47,17.3,17.38,0.15,0.8706,664660,11566239,311,TWSE,etf,false,true,false,false,false,false,false,false,false,security_type=etf;symbol_not_4_digit
2025-10-31,00922,國泰台灣領袖50,listed,25.55,25.67,25.53,25.64,0.11,0.4309,20024094,512895706,4815,TWSE,etf,false,true,false,false,false,false,false,false,false,security_type=etf;symbol_not_4_digit
2025-10-31,00923,群益台ESG低碳50,listed,25.75,25.85,25.7,25.82,0.09,0.3498,3474918,89602340,1336,TWSE,etf,false,true,false,false,false,false,false,false,false,security_type=etf;symbol_not_4_digit
2025-10-31,00924,復華S&P500成長,listed,29.0,29.01,28.95,28.96,-0.11,-0.3784,2841730,82358473,2268,TWSE,etf,false,true,false,false,false,false,false,false,false,security_type=etf;symbol_not_4_digit
2025-10-31,00926,凱基全球菁英55,listed,24.27,24.27,24.21,24.23,-0.12,-0.4928,470659,11406968,396,TWSE,etf,false,true,false,false,false,false,false,false,false,security_type=etf;symbol_not_4_digit
2025-10-31,00927,群益半導體收益,listed,21.22,21.51,21.22,21.5,0.3,1.4151,7308415,156474419,1994,TWSE,etf,false,true,false,false,false,false,false,false,false,security_type=etf;symbol_not_4_digit
2025-10-31,00929,復華台灣科技優息,listed,18.94,18.94,18.77,18.78,-0.11,-0.5823,15242550,287093496,4298,TWSE,etf,false,true,false,false,false,false,false,false,false,security_type=etf;symbol_not_4_digit
2025-10-31,00930,永豐ESG低碳高息,listed,17.67,17.68,17.58,17.59,-0.05,-0.2834,1034062,18202689,278,TWSE,etf,false,true,false,false,false,false,false,false,false,security_type=etf;symbol_not_4_digit
2025-10-31,00932,兆豐永續高息等權,listed,14.74,14.83,14.74,14.75,0.02,0.1358,604510,8942815,284,TWSE,etf,false,true,false,false,false,false,false,false,false,security_type=etf;symbol_not_4_digit
2025-10-31,00934,中信成長高股息,listed,21.33,21.33,21.21,21.23,-0.11,-0.5155,2944752,62651895,664,TWSE,etf,false,true,false,false,false,false,false,false,false,security_type=etf;symbol_not_4_digit
2025-10-31,00935,野村臺灣新科技50,listed,29.1,29.43,29.1,29.29,0.27,0.9304,4099986,120107522,1583,TWSE,other,false,false,false,false,false,false,false,false,false,symbol_not_4_digit
2025-10-31,00936,台新永續高息中小,listed,16.0,16.05,15.96,15.98,-0.04,-0.2497,2001972,32039738,641,TWSE,other,false,false,false,false,false,false,false,false,false,symbol_not_4_digit
2025-10-31,00938,凱基優選30,listed,16.9,16.92,16.84,16.87,0.01,0.0593,974206,16447731,185,TWSE,etf,false,true,false,false,false,false,false,false,false,security_type=etf;symbol_not_4_digit
2025-10-31,00939,統一台灣高息動能,listed,14.56,14.64,14.56,14.58,0.04,0.2751,12524797,182864997,2752,TWSE,etf,false,true,false,false,false,false,false,false,false,security_type=etf;symbol_not_4_digit
2025-10-31,00940,元大台灣價值高息,listed,9.77,9.8,9.75,9.77,0.0,0.0,60727355,593916806,7728,TWSE,etf,false,true,false,false,false,false,false,false,false,security_type=etf;symbol_not_4_digit
2025-10-31,00941,中信上游半導體,listed,16.76,16.85,16.76,16.83,0.07,0.4177,4302240,72362389,1451,TWSE,etf,false,true,false,false,false,false,false,false,false,security_type=etf;symbol_not_4_digit
2025-10-31,00943,兆豐電子高息等權,listed,14.95,14.98,14.91,14.94,-0.01,-0.0669,141749,2121287,57,TWSE,etf,false,true,false,false,false,false,false,false,false,security_type=etf;symbol_not_4_digit
2025-10-31,00944,野村趨勢動能高息,listed,14.25,14.32,14.23,14.23,0.01,0.0703,1494090,21324276,265,TWSE,other,false,false,false,false,false,false,false,false,false,symbol_not_4_digit
2025-10-31,00945B,凱基美國非投等債,listed,14.17,14.18,14.16,14.16,-0.01,-0.0706,2836167,40194236,511,TWSE,bond_etf,false,true,true,true,false,false,false,false,false,security_type=bond_etf;symbol_not_4_digit
2025-10-31,00946,群益科技高息成長,listed,10.63,10.7,10.62,10.62,0.06,0.5682,7934257,84603644,1523,TWSE,etf,false,true,false,false,false,false,false,false,false,security_type=etf;symbol_not_4_digit
2025-10-31,00947,台新臺灣IC設計,listed,16.83,16.9,16.65,16.88,0.05,0.2971,1298624,21781985,596,TWSE,other,false,false,false,false,false,false,false,false,false,symbol_not_4_digit
2025-10-31,00949,復華日本龍頭,listed,18.1,18.1,17.92,18.03,0.04,0.2223,1082378,19508988,441,TWSE,etf,false,true,false,false,false,false,false,false,false,security_type=etf;symbol_not_4_digit
2025-10-31,00951,台新日本半導體,listed,11.83,12.0,11.7,11.99,0.31,2.6541,3472101,41226274,1018,TWSE,other,false,false,false,false,false,false,false,false,false,symbol_not_4_digit
2025-10-31,00952,凱基台灣AI50,listed,11.96,12.02,11.93,12.0,0.07,0.5868,3574751,42833556,804,TWSE,etf,false,true,false,false,false,false,false,false,false,security_type=etf;symbol_not_4_digit
2025-10-31,00953B,群益優選非投等債,listed,9.56,9.57,9.55,9.56,-0.01,-0.1045,20845162,199337599,3309,TWSE,bond_etf,false,true,true,true,false,false,false,false,false,security_type=bond_etf;symbol_not_4_digit
2025-10-31,00954,中信日本半導體,listed,12.51,12.7,12.38,12.68,0.38,3.0894,3086839,38849235,901,TWSE,etf,false,true,false,false,false,false,false,false,false,security_type=etf;symbol_not_4_digit
2025-10-31,00956,中信日經高股息,listed,10.34,10.34,10.26,10.27,-0.07,-0.677,332018,3418640,193,TWSE,etf,false,true,false,false,false,false,false,false,false,security_type=etf;symbol_not_4_digit
2025-10-31,00960,野村全球航運龍頭,listed,14.21,14.21,14.02,14.02,-0.19,-1.3371,979728,13762755,551,TWSE,other,false,false,false,false,false,false,false,false,false,symbol_not_4_digit
2025-10-31,00961,FT臺灣永續高息,listed,9.88,9.88,9.79,9.79,-0.11,-1.1111,2726945,26753945,665,TWSE,other,false,false,false,false,false,false,false,false,false,symbol_not_4_digit
2025-10-31,00962,台新AI優息動能,listed,11.51,11.58,11.48,11.53,0.02,0.1738,571067,6584019,304,TWSE,other,false,false,false,false,false,false,false,false,false,symbol_not_4_digit
2025-10-31,00963,中信全球高股息,listed,10.7,10.7,10.65,10.67,0.0,0.0,749372,7990385,254,TWSE,etf,false,true,false,false,false,false,false,false,false,security_type=etf;symbol_not_4_digit
2025-10-31,00964,中信亞太高股息,listed,11.3,11.33,11.28,11.3,0.01,0.0886,1472836,16640234,127,TWSE,etf,false,true,false,false,false,false,false,false,false,security_type=etf;symbol_not_4_digit
2025-10-31,00965,元大航太防衛科技,listed,23.75,23.77,23.6,23.64,0.05,0.212,6178530,146252210,3341,TWSE,etf,false,true,false,false,false,false,false,false,false,security_type=etf;symbol_not_4_digit
2025-10-31,00971,野村美國研發龍頭,listed,17.12,17.16,17.12,17.14,-0.03,-0.1747,599678,10281774,397,TWSE,other,false,false,false,false,false,false,false,false,false,symbol_not_4_digit
2025-10-31,00972,野村日本動能高息,listed,16.04,16.09,16.0,16.0,0.0,0.0,406910,6527508,48,TWSE,other,false,false,false,false,false,false,false,false,false,symbol_not_4_digit
2025-10-31,009800,中信NASDAQ,listed,11.16,11.16,11.13,11.14,-0.03,-0.2686,2156877,24035117,998,TWSE,etf,false,true,false,false,false,false,false,false,false,security_type=etf;symbol_not_4_digit
2025-10-31,009801,中信美國創新科技,listed,11.53,11.55,11.52,11.52,-0.01,-0.0867,2861819,32996582,566,TWSE,etf,false,true,false,false,false,false,false,false,false,security_type=etf;symbol_not_4_digit
2025-10-31,009802,富邦旗艦50,listed,11.25,11.28,11.19,11.27,0.03,0.2669,3547324,39887737,704,TWSE,etf,false,true,false,false,false,false,false,false,false,security_type=etf;symbol_not_4_digit
2025-10-31,009803,玉山市值動能50,listed,13.2,13.21,13.15,13.15,0.0,0.0,1262737,16646312,395,TWSE,other,false,false,false,false,false,false,false,false,false,symbol_not_4_digit
2025-10-31,009804,聯邦台精彩50,listed,14.46,14.52,14.45,14.52,0.06,0.4149,424463,6152092,247,TWSE,other,false,false,false,false,false,false,false,false,false,symbol_not_4_digit
2025-10-31,009805,台新美國電力基建,listed,12.78,12.85,12.76,12.82,-0.07,-0.5431,12214702,156540650,3248,TWSE,other,false,false,false,false,false,false,false,false,false,symbol_not_4_digit
2025-10-31,009808,華南永昌優選50,listed,19.94,20.01,19.92,20.0,0.08,0.4016,1064962,21266152,103,TWSE,other,false,false,false,false,false,false,false,false,false,symbol_not_4_digit
2025-10-31,009809,富邦淨零ESG50,listed,10.53,10.6,10.53,10.55,0.06,0.572,3857672,40753037,218,TWSE,etf,false,true,false,false,false,false,false,false,false,security_type=etf;symbol_not_4_digit
2025-10-31,00980A,主動野村臺灣優選,listed,14.7,14.93,14.7,14.89,0.21,1.4305,7322048,108845808,2042,TWSE,etf,false,true,true,false,false,false,false,false,false,security_type=etf;symbol_not_4_digit
2025-10-31,009810,玉山全球藍籌100,listed,18.18,18.2,18.18,18.2,0.07,0.3861,495123,9004951,98,TWSE,other,false,false,false,false,false,false,false,false,false,symbol_not_4_digit
2025-10-31,009811,統一美國50,listed,11.75,11.75,11.71,11.72,-0.03,-0.2553,10451774,122589116,2983,TWSE,etf,false,true,false,false,false,false,false,false,false,security_type=etf;symbol_not_4_digit
2025-10-31,009812,野村日本東證,listed,10.32,10.34,10.28,10.33,0.04,0.3887,4800544,49484984,425,TWSE,other,false,false,false,false,false,false,false,false,false,symbol_not_4_digit
2025-10-31,009813,貝萊德標普卓越50,listed,10.51,10.53,10.5,10.51,-0.05,-0.4735,31240053,328601675,6307,TWSE,other,false,false,false,false,false,false,false,false,false,symbol_not_4_digit
2025-10-31,00981A,主動統一台股增長,listed,15.54,15.79,15.53,15.73,0.28,1.8123,90881315,1427678570,17322,TWSE,etf,false,true,true,false,false,false,false,false,false,security_type=etf;symbol_not_4_digit
2025-10-31,00981T,平衡凱基雙核收息,listed,10.44,10.44,10.42,10.43,-0.01,-0.0958,2836403,29588185,336,TWSE,etf,false,true,true,false,false,false,false,false,false,security_type=etf;symbol_not_4_digit
2025-10-31,00982A,主動群益台灣強棒,listed,14.44,14.7,14.44,14.64,0.21,1.4553,38468194,563003695,8765,TWSE,etf,false,true,true,false,false,false,false,false,false,security_type=etf;symbol_not_4_digit
2025-10-31,00982D,主動富邦動態入息,listed,10.1,10.1,10.06,10.08,-0.04,-0.3953,2602273,26206426,356,TWSE,etf,false,true,true,false,false,false,false,false,false,security_type=etf;symbol_not_4_digit
2025-10-31,00983A,主動中信ARK創新,listed,13.08,13.08,13.04,13.07,-0.22,-1.6554,10243952,133805823,3104,TWSE,etf,false,true,true,false,false,false,false,false,false,security_type=etf;symbol_not_4_digit
2025-10-31,00983D,主動富邦複合收益,listed,10.08,10.1,10.08,10.09,-0.02,-0.1978,3549531,35802862,252,TWSE,etf,false,true,true,false,false,false,false,false,false,security_type=etf;symbol_not_4_digit
2025-10-31,00984A,主動安聯台灣高息,listed,10.62,10.65,10.61,10.61,0.01,0.0943,6115694,65002938,1204,TWSE,etf,false,true,true,false,false,false,false,false,false,security_type=etf;symbol_not_4_digit
2025-10-31,00985A,主動野村台灣50,listed,12.76,12.88,12.75,12.84,0.11,0.8641,7539088,96683440,5572,TWSE,etf,false,true,true,false,false,false,false,false,false,security_type=etf;symbol_not_4_digit
2025-10-31,00985B,群益ESG投等債0-5,listed,10.1,10.11,10.09,10.1,0.01,0.0991,14868462,150098365,737,TWSE,bond_etf,false,true,true,true,false,false,false,false,false,security_type=bond_etf;symbol_not_4_digit
2025-10-31,00986A,主動台新龍頭成長,listed,11.52,11.53,11.47,11.51,-0.01,-0.0868,2319265,26673719,496,TWSE,etf,false,true,true,false,false,false,false,false,false,security_type=etf;symbol_not_4_digit
2025-10-31,00989A,主動摩根美國科技,listed,15.89,15.94,15.85,15.88,-0.03,-0.1886,4720089,74942434,1437,TWSE,etf,false,true,true,false,false,false,false,false,false,security_type=etf;symbol_not_4_digit
2025-10-31,01001T,土銀富邦R1,listed,12.39,12.39,12.39,12.39,0.0,0.0,6000,74340,4,TWSE,etf,false,true,true,false,false,false,false,false,false,security_type=etf;symbol_not_4_digit
2025-10-31,01002T,土銀國泰R1,listed,14.59,14.6,14.56,14.56,-0.04,-0.274,11070,161502,9,TWSE,etf,false,true,true,false,false,false,false,false,false,security_type=etf;symbol_not_4_digit
2025-10-31,01004T,土銀富邦R2,listed,11.19,11.19,11.13,11.18,0.06,0.5396,23637,263970,8,TWSE,etf,false,true,true,false,false,false,false,false,false,security_type=etf;symbol_not_4_digit
2025-10-31,01007T,兆豐國泰R2,listed,14.0,14.09,14.0,14.09,-0.03,-0.2125,4000,56190,3,TWSE,etf,false,true,true,false,false,false,false,false,false,security_type=etf;symbol_not_4_digit
2025-10-31,01009T,王道圓滿R1,listed,7.04,7.12,7.04,7.04,-0.16,-2.2222,423000,2978500,15,TWSE,warrant,false,false,true,false,false,false,false,false,false,security_type=warrant;symbol_not_4_digit
2025-10-31,01010T,京城樂富R1,listed,10.01,10.01,10.0,10.01,0.0,0.0,112000,1120560,7,TWSE,warrant,false,false,true,false,false,false,false,false,false,security_type=warrant;symbol_not_4_digit
2025-10-31,020000,富邦特選蘋果N,listed,,,,,0.0,,0,0,0,TWSE,etf,false,true,false,false,false,false,false,false,false,security_type=etf;symbol_not_4_digit;invalid_close;invalid_volume;invalid_turnover
2025-10-31,020011,統一微波高息20N,listed,,,,,0.0,,0,0,0,TWSE,etf,false,true,false,false,false,false,false,false,false,security_type=etf;symbol_not_4_digit;invalid_close;invalid_volume;invalid_turnover
2025-10-31,020012,富邦行動通訊N,listed,,,,,0.0,,0,0,0,TWSE,etf,false,true,false,false,false,false,false,false,false,security_type=etf;symbol_not_4_digit;invalid_close;invalid_volume;invalid_turnover
2025-10-31,02001L,富邦蘋果正二N,listed,54.25,54.75,54.1,54.25,-0.05,-0.0921,79000,4309900,22,TWSE,etf,false,true,true,false,false,false,false,false,false,security_type=etf;symbol_not_4_digit
2025-10-31,02001R,富邦蘋果反一N,listed,0.84,0.85,0.84,0.85,0.0,0.0,132000,111900,4,TWSE,etf,false,true,true,false,false,false,false,false,false,security_type=etf;symbol_not_4_digit
2025-10-31,02001S,策元大加權策略N,listed,,,,,0.0,,0,0,0,TWSE,etf,false,true,true,false,false,false,false,false,false,security_type=etf;symbol_not_4_digit;invalid_close;invalid_volume;invalid_turnover
2025-10-31,020020,元大台股領航N,listed,15.59,15.59,15.5,15.59,0.04,0.2572,18000,279880,6,TWSE,etf,false,true,false,false,false,false,false,false,false,security_type=etf;symbol_not_4_digit
2025-10-31,020028,元大特選電動車N,listed,13.6,13.66,13.47,13.47,-0.13,-0.9559,63000,857910,9,TWSE,etf,false,true,false,false,false,false,false,false,false,security_type=etf;symbol_not_4_digit
2025-10-31,020029,元大ESG高股息N,listed,9.6,9.6,9.59,9.59,-0.06,-0.6218,52000,499180,3,TWSE,etf,false,true,false,false,false,false,false,false,false,security_type=etf;symbol_not_4_digit
2025-10-31,020030,統一智慧電動車N,listed,8.48,8.51,8.48,8.51,0.04,0.4723,31000,263630,2,TWSE,etf,false,true,false,false,false,false,false,false,false,security_type=etf;symbol_not_4_digit
2025-10-31,020031,統一IC設計臺灣N,listed,6.13,6.15,6.13,6.15,0.0,0.0,24000,147370,5,TWSE,etf,false,true,false,false,false,false,false,false,false,security_type=etf;symbol_not_4_digit
2025-10-31,020032,元大綠能N,listed,8.02,8.02,8.0,8.0,0.08,1.0101,8000,64020,2,TWSE,etf,false,true,false,false,false,false,false,false,false,security_type=etf;symbol_not_4_digit
2025-10-31,020034,元大IC設計N,listed,7.26,7.3,7.26,7.3,0.12,1.6713,47000,341340,6,TWSE,etf,false,true,false,false,false,false,false,false,false,security_type=etf;symbol_not_4_digit
2025-10-31,020036,元大金融配息N,listed,7.25,7.25,7.16,7.16,0.0,0.0,13000,93320,9,TWSE,etf,false,true,false,false,false,false,false,false,false,security_type=etf;symbol_not_4_digit
2025-10-31,020037,元大金融高股息N,listed,7.63,7.63,7.63,7.63,-0.01,-0.1309,4000,30520,2,TWSE,etf,false,true,false,false,false,false,false,false,false,security_type=etf;symbol_not_4_digit
2025-10-31,020038,元大ESG配息N,listed,,,,,0.0,,0,0,0,TWSE,etf,false,true,false,false,false,false,false,false,false,security_type=etf;symbol_not_4_digit;invalid_close;invalid_volume;invalid_turnover
2025-10-31,020039,元大加權N,listed,8.94,8.97,8.94,8.97,0.06,0.6734,6000,53700,4,TWSE,etf,false,true,false,false,false,false,false,false,false,security_type=etf;symbol_not_4_digit
2025-10-31,1101,台泥,listed,22.4,22.4,22.1,22.1,-0.2,-0.8969,22424576,498264116,8974,TWSE,common_stock,true,false,false,false,false,false,false,false,true,
2025-10-31,1101B,台泥乙特,listed,45.6,45.6,45.6,45.6,0.05,0.1098,9012,410946,6,TWSE,warrant,false,false,true,false,false,false,false,false,false,security_type=warrant;symbol_not_4_digit
2025-10-31,1102,亞泥,listed,36.65,36.65,36.2,36.3,-0.15,-0.4115,3193645,115931668,1702,TWSE,common_stock,true,false,false,false,false,false,false,false,true,
2025-10-31,1103,嘉泥,listed,13.15,13.15,12.95,12.95,-0.05,-0.3846,459860,5984985,277,TWSE,common_stock,true,false,false,false,false,false,false,false,true,
2025-10-31,1104,環泥,listed,31.3,31.3,31.0,31.0,-0.3,-0.9585,588053,18286542,943,TWSE,common_stock,true,false,false,false,false,false,false,false,true,
2025-10-31,1108,幸福,listed,14.95,15.0,14.9,14.95,0.0,0.0,113765,1700551,74,TWSE,common_stock,true,false,false,false,false,false,false,false,true,
2025-10-31,1109,信大,listed,15.7,15.7,15.3,15.5,-0.1,-0.641,358674,5521638,239,TWSE,common_stock,true,false,false,false,false,false,false,false,true,
2025-10-31,1110,東泥,listed,16.55,16.6,16.4,16.6,0.05,0.3021,65255,1079336,50,TWSE,common_stock,true,false,false,false,false,false,false,false,true,
2025-10-31,1201,味全,listed,15.2,15.2,15.05,15.05,-0.05,-0.3311,229325,3463723,216,TWSE,common_stock,true,false,false,false,false,false,false,false,true,
2025-10-31,1203,味王,listed,39.3,39.8,39.15,39.5,0.2,0.5089,30508,1205492,45,TWSE,common_stock,true,false,false,false,false,false,false,false,true,
2025-10-31,1210,大成,listed,52.3,52.5,51.9,52.0,0.0,0.0,2073611,108171280,1771,TWSE,common_stock,true,false,false,false,false,false,false,false,true,
2025-10-31,1213,大飲,listed,10.8,10.85,10.6,10.85,0.0,0.0,16112,171894,13,TWSE,common_stock,true,false,false,false,false,false,false,false,true,
2025-10-31,1215,卜蜂,listed,137.0,138.5,136.5,137.0,0.0,0.0,761608,104629507,814,TWSE,common_stock,true,false,false,false,false,false,false,false,true,
2025-10-31,1216,統一,listed,79.7,79.7,78.7,78.7,-0.9,-1.1307,6507130,513002624,3563,TWSE,etf,false,true,false,false,false,false,false,false,false,security_type=etf
2025-10-31,1217,愛之味,listed,10.35,10.35,10.25,10.3,-0.05,-0.4831,285314,2931613,358,TWSE,common_stock,true,false,false,false,false,false,false,false,true,
2025-10-31,1218,泰山,listed,18.55,18.55,18.35,18.5,0.0,0.0,595182,10952756,594,TWSE,common_stock,true,false,false,false,false,false,false,false,true,
2025-10-31,1219,福壽,listed,13.8,13.8,13.6,13.65,0.0,0.0,364067,4968095,220,TWSE,common_stock,true,false,false,false,false,false,false,false,true,
2025-10-31,1220,台榮,listed,13.05,13.05,12.95,13.05,0.05,0.3846,71342,928798,66,TWSE,common_stock,true,false,false,false,false,false,false,false,true,
2025-10-31,1225,福懋油,listed,30.15,30.7,29.95,30.6,0.5,1.6611,131673,3999502,122,TWSE,common_stock,true,false,false,false,false,false,false,false,true,
2025-10-31,1227,佳格,listed,31.35,31.8,31.3,31.4,0.25,0.8026,572194,18050678,759,TWSE,common_stock,true,false,false,false,false,false,false,false,true,
2025-10-31,1229,聯華,listed,48.6,48.9,48.2,48.25,-0.1,-0.2068,1247788,60465149,2270,TWSE,common_stock,true,false,false,false,false,false,false,false,true,
2025-10-31,1231,聯華食,listed,111.0,112.0,111.0,111.0,0.0,0.0,204554,22738996,554,TWSE,common_stock,true,false,false,false,false,false,false,false,true,
2025-10-31,1232,大統益,listed,144.5,145.5,144.5,144.5,0.5,0.3472,55863,8094308,152,TWSE,common_stock,true,false,false,false,false,false,false,false,true,
2025-10-31,1233,天仁,listed,30.85,30.85,30.8,30.8,0.1,0.3257,5270,162345,11,TWSE,common_stock,true,false,false,false,false,false,false,false,true,
2025-10-31,1234,黑松,listed,37.35,37.5,37.3,37.35,0.0,0.0,141153,5277906,105,TWSE,common_stock,true,false,false,false,false,false,false,false,true,
2025-10-31,1235,興泰,listed,51.1,51.2,51.0,51.0,0.0,0.0,7045,359795,8,TWSE,common_stock,true,false,false,false,false,false,false,false,true,
2025-10-31,1236,宏亞,listed,26.35,26.45,25.6,26.15,-0.25,-0.947,121527,3162958,217,TWSE,common_stock,true,false,false,false,false,false,false,false,true,
2025-10-31,1256,鮮活果汁-KY,listed,146.5,147.5,144.5,146.0,0.5,0.3436,62421,9113053,456,TWSE,common_stock,true,false,false,false,false,false,false,false,true,
2025-10-31,1301,台塑,listed,39.3,39.3,38.05,38.1,-1.1,-2.8061,19292807,742995677,9584,TWSE,common_stock,true,false,false,false,false,false,false,false,true,
2025-10-31,1303,南亞,listed,42.3,43.75,41.5,41.5,-0.45,-1.0727,45640364,1937284410,20436,TWSE,common_stock,true,false,false,false,false,false,false,false,true,
2025-10-31,1304,台聚,listed,10.75,10.75,10.35,10.35,-0.3,-2.8169,2794602,29188648,1226,TWSE,common_stock,true,false,false,false,false,false,false,false,true,
2025-10-31,1305,華夏,listed,11.15,11.15,11.0,11.1,0.0,0.0,765215,8475043,379,TWSE,common_stock,true,false,false,false,false,false,false,false,true,
2025-10-31,1307,三芳,listed,30.7,31.3,30.5,30.95,0.45,1.4754,929654,28815962,463,TWSE,common_stock,true,false,false,false,false,false,false,false,true,
2025-10-31,1308,亞聚,listed,12.9,12.95,12.5,12.55,-0.3,-2.3346,1643320,20789880,902,TWSE,common_stock,true,false,false,false,false,false,false,false,true,
2025-10-31,1309,台達化,listed,11.15,11.15,10.95,11.0,-0.15,-1.3453,607036,6695033,394,TWSE,common_stock,true,false,false,false,false,false,false,false,true,
2025-10-31,1310,台苯,listed,8.65,8.65,8.43,8.44,-0.2,-2.3148,1065229,9052000,640,TWSE,common_stock,true,false,false,false,false,false,false,false,true,
2025-10-31,1312,國喬,listed,10.5,10.6,10.3,10.3,-0.2,-1.9048,2712142,28206748,1052,TWSE,common_stock,true,false,false,false,false,false,false,false,true,
2025-10-31,1312A,國喬特,listed,21.45,21.45,21.4,21.4,0.0,0.0,2000,42850,2,TWSE,warrant,false,false,true,false,false,false,false,false,false,security_type=warrant;symbol_not_4_digit
2025-10-31,1313,聯成,listed,10.4,10.4,10.15,10.15,-0.15,-1.4563,1397200,14287695,603,TWSE,common_stock,true,false,false,false,false,false,false,false,true,
2025-10-31,1314,中石化,listed,7.63,7.65,7.5,7.51,-0.13,-1.7016,19763707,149465775,3339,TWSE,common_stock,true,false,false,false,false,false,false,false,true,
2025-10-31,1315,達新,listed,64.0,64.1,63.8,64.1,-0.4,-0.6202,9347,598181,10,TWSE,common_stock,true,false,false,false,false,false,false,false,true,
2025-10-31,1316,上曜,listed,15.7,16.0,15.5,15.7,0.0,0.0,3045577,47924465,1375,TWSE,common_stock,true,false,false,false,false,false,false,false,true,
2025-10-31,1319,東陽,listed,96.9,97.6,96.0,96.7,0.0,0.0,1790922,173217872,1384,TWSE,common_stock,true,false,false,false,false,false,false,false,true,
2025-10-31,1321,大洋,listed,35.8,36.0,35.75,36.0,0.25,0.6993,107190,3843873,85,TWSE,common_stock,true,false,false,false,false,false,false,false,true,
2025-10-31,1323,永裕,listed,19.7,19.7,19.65,19.65,-0.05,-0.2538,13563,266755,16,TWSE,common_stock,true,false,false,false,false,false,false,false,true,
2025-10-31,1324,地球,listed,11.2,11.3,10.95,11.2,0.1,0.9009,194778,2159573,216,TWSE,common_stock,true,false,false,false,false,false,false,false,true,
2025-10-31,1325,恆大,listed,30.55,30.65,30.3,30.4,-0.05,-0.1642,228280,6953480,205,TWSE,common_stock,true,false,false,false,false,false,false,false,true,
2025-10-31,1326,台化,listed,30.3,30.35,28.95,29.2,-1.0,-3.3113,15019399,443268127,6723,TWSE,common_stock,true,false,false,false,false,false,false,false,true,
2025-10-31,1337,再生-KY,listed,5.01,5.01,4.95,4.97,-0.04,-0.7984,269424,1341847,193,TWSE,common_stock,true,false,false,false,false,false,false,false,true,
2025-10-31,1338,廣華-KY,listed,21.35,21.55,21.3,21.3,-0.2,-0.9302,59317,1266841,69,TWSE,common_stock,true,false,false,false,false,false,false,false,true,
2025-10-31,1339,昭輝,listed,43.8,43.8,43.1,43.1,-1.3,-2.9279,37782,1639981,139,TWSE,common_stock,true,false,false,false,false,false,false,false,true,
2025-10-31,1340,勝悅-KY,listed,6.5,6.59,6.4,6.58,0.08,1.2308,177028,1146183,159,TWSE,common_stock,true,false,false,false,false,false,false,false,true,
2025-10-31,1341,富林-KY,listed,59.5,59.8,59.5,59.8,1.5,2.5729,4003,238478,6,TWSE,common_stock,true,false,false,false,false,false,false,false,true,
2025-10-31,1342,八貫,listed,81.1,81.1,80.1,81.0,-0.1,-0.1233,173786,14009674,220,TWSE,common_stock,true,false,false,false,false,false,false,false,true,
2025-10-31,1402,遠東新,listed,27.1,27.1,26.5,26.5,-0.45,-1.6698,12368408,329614999,6171,TWSE,common_stock,true,false,false,false,false,false,false,false,true,
2025-10-31,1409,新纖,listed,13.7,13.7,13.35,13.35,-0.25,-1.8382,3534084,47583570,1389,TWSE,common_stock,true,false,false,false,false,false,false,false,true,
2025-10-31,1410,南染,listed,34.15,34.85,34.15,34.85,0.6,1.7518,2127,73389,7,TWSE,common_stock,true,false,false,false,false,false,false,false,true,
2025-10-31,1413,宏洲,listed,10.2,10.35,10.15,10.2,-0.15,-1.4493,16843,171656,16,TWSE,common_stock,true,false,false,false,false,false,false,false,true,
2025-10-31,1414,東和,listed,17.8,17.85,17.55,17.6,-0.15,-0.8451,157335,2782987,121,TWSE,common_stock,true,false,false,false,false,false,false,false,true,
2025-10-31,1416,廣豐,listed,11.2,11.35,11.2,11.35,0.15,1.3393,71789,807932,85,TWSE,common_stock,true,false,false,false,false,false,false,false,true,
2025-10-31,1417,嘉裕,listed,8.04,8.14,7.96,8.14,0.1,1.2438,143223,1149853,124,TWSE,common_stock,true,false,false,false,false,false,false,false,true,
2025-10-31,1418,東華,listed,20.1,20.35,20.05,20.15,0.05,0.2488,24422,490690,52,TWSE,common_stock,true,false,false,false,false,false,false,false,true,
2025-10-31,1419,新紡,listed,58.3,58.8,56.3,56.4,-3.1,-5.2101,1086276,61930419,968,TWSE,common_stock,true,false,false,false,false,false,false,false,true,
2025-10-31,1423,利華,listed,38.0,38.1,37.95,38.0,0.1,0.2639,51172,1946698,30,TWSE,common_stock,true,false,false,false,false,false,false,false,true,
2025-10-31,1432,大魯閣,listed,17.4,17.5,17.35,17.5,0.15,0.8646,102738,1793578,215,TWSE,common_stock,true,false,false,false,false,false,false,false,true,
2025-10-31,1434,福懋,listed,15.2,15.2,14.85,14.9,-0.15,-0.9967,1939603,28965103,1114,TWSE,common_stock,true,false,false,false,false,false,false,false,true,
2025-10-31,1435,中福,listed,25.4,26.0,25.4,26.0,0.15,0.5803,2226,57211,13,TWSE,common_stock,true,false,false,false,false,false,false,false,true,
2025-10-31,1436,華友聯,listed,62.5,62.7,61.9,62.2,-0.3,-0.48,145734,9077349,288,TWSE,common_stock,true,false,false,false,false,false,false,false,true,
2025-10-31,1437,勤益控,listed,30.25,30.35,30.1,30.35,0.1,0.3306,79150,2397878,42,TWSE,common_stock,true,false,false,false,false,false,false,false,true,
2025-10-31,1438,三地開發,listed,36.8,36.85,36.5,36.8,-0.65,-1.7356,53928,1983440,36,TWSE,common_stock,true,false,false,false,false,false,false,false,true,
2025-10-31,1439,雋揚,listed,28.1,28.25,27.6,28.1,0.15,0.5367,33001,920828,25,TWSE,common_stock,true,false,false,false,false,false,false,false,true,
2025-10-31,1440,南紡,listed,12.8,12.8,12.6,12.6,-0.1,-0.7874,790515,10011459,405,TWSE,common_stock,true,false,false,false,false,false,false,false,true,
2025-10-31,1441,大東,listed,10.9,10.9,10.75,10.9,-0.05,-0.4566,175615,1910787,370,TWSE,common_stock,true,false,false,false,false,false,false,false,true,
2025-10-31,1442,名軒,listed,35.8,35.8,35.15,35.2,-0.6,-1.676,1418689,50139126,973,TWSE,common_stock,true,false,false,false,false,false,false,false,true,
2025-10-31,1443,立益物流,listed,26.7,26.95,26.35,26.95,0.3,1.1257,34530,921111,27,TWSE,common_stock,true,false,false,false,false,false,false,false,true,
2025-10-31,1444,力麗,listed,6.58,6.6,6.5,6.51,-0.03,-0.4587,564158,3689696,322,TWSE,common_stock,true,false,false,false,false,false,false,false,true,
2025-10-31,1445,大宇,listed,14.75,14.75,14.35,14.35,-0.1,-0.692,31194,448600,29,TWSE,common_stock,true,false,false,false,false,false,false,false,true,
2025-10-31,1446,宏和,listed,18.35,18.35,18.05,18.25,0.0,0.0,159826,2902057,105,TWSE,common_stock,true,false,false,false,false,false,false,false,true,
2025-10-31,1447,力鵬,listed,5.55,5.58,5.52,5.55,-0.04,-0.7156,345075,1911259,299,TWSE,common_stock,true,false,false,false,false,false,false,false,true,
2025-10-31,1449,佳和,listed,11.5,11.75,11.35,11.4,0.0,0.0,680161,7780387,372,TWSE,common_stock,true,false,false,false,false,false,false,false,true,
2025-10-31,1451,年興,listed,16.8,16.8,16.6,16.6,-0.2,-1.1905,265933,4431212,354,TWSE,common_stock,true,false,false,false,false,false,false,false,true,
2025-10-31,1452,宏益,listed,11.6,11.6,11.5,11.55,0.0,0.0,64661,745976,55,TWSE,common_stock,true,false,false,false,false,false,false,false,true,
2025-10-31,1453,大將,listed,12.95,13.0,12.85,13.0,0.0,0.0,63653,822695,120,TWSE,common_stock,true,false,false,false,false,false,false,false,true,
2025-10-31,1454,台富,listed,13.15,13.2,13.15,13.2,0.05,0.3802,15447,203835,56,TWSE,common_stock,true,false,false,false,false,false,false,false,true,
2025-10-31,1455,集盛,listed,7.85,7.85,7.72,7.72,-0.11,-1.4049,594895,4614209,436,TWSE,common_stock,true,false,false,false,false,false,false,false,true,
2025-10-31,1456,怡華,listed,12.35,12.7,12.35,12.65,0.05,0.3968,44064,550589,38,TWSE,common_stock,true,false,false,false,false,false,false,false,true,
2025-10-31,1457,宜進,listed,16.35,16.45,16.3,16.3,0.0,0.0,98824,1617023,83,TWSE,common_stock,true,false,false,false,false,false,false,false,true,
2025-10-31,1459,聯發,listed,12.0,12.0,11.8,11.95,0.1,0.8439,97644,1162953,77,TWSE,common_stock,true,false,false,false,false,false,false,false,true,
2025-10-31,1460,宏遠,listed,5.74,5.74,5.66,5.66,-0.08,-1.3937,343802,1952390,151,TWSE,common_stock,true,false,false,false,false,false,false,false,true,
2025-10-31,1463,強盛新,listed,17.0,17.05,16.85,17.0,0.0,0.0,94659,1606449,227,TWSE,common_stock,true,false,false,false,false,false,false,false,true,
2025-10-31,1464,得力,listed,11.0,11.0,10.9,10.9,-0.1,-0.9091,409536,4481116,311,TWSE,common_stock,true,false,false,false,false,false,false,false,true,
2025-10-31,1465,偉全,listed,13.15,13.3,13.0,13.1,-0.05,-0.3802,71443,937511,87,TWSE,common_stock,true,false,false,false,false,false,false,false,true,
2025-10-31,1466,聚隆,listed,15.85,15.85,15.4,15.4,-0.3,-1.9108,320397,4964587,149,TWSE,common_stock,true,false,false,false,false,false,false,false,true,
2025-10-31,1467,南緯,listed,7.25,7.25,7.12,7.17,-0.08,-1.1034,208904,1495714,232,TWSE,common_stock,true,false,false,false,false,false,false,false,true,
2025-10-31,1468,昶和,listed,11.7,11.7,11.45,11.65,-0.05,-0.4274,47000,545350,29,TWSE,common_stock,true,false,false,false,false,false,false,false,true,
2025-10-31,1470,大統新創,listed,,,,,0.0,,0,0,0,TWSE,other,false,false,false,false,false,false,false,false,false,invalid_close;invalid_volume;invalid_turnover
2025-10-31,1471,首利,listed,9.04,9.16,9.0,9.13,0.1,1.1074,157888,1432899,114,TWSE,common_stock,true,false,false,false,false,false,false,false,true,
2025-10-31,1472,三洋實業,listed,90.1,91.4,90.1,91.4,0.9,0.9945,110146,10023175,70,TWSE,common_stock,true,false,false,false,false,false,false,false,true,
2025-10-31,1473,台南,listed,27.45,27.75,27.0,27.2,-0.25,-0.9107,265451,7214174,218,TWSE,common_stock,true,false,false,false,false,false,false,false,true,
2025-10-31,1474,弘裕,listed,11.1,11.2,10.95,11.0,-0.1,-0.9009,97806,1077438,123,TWSE,common_stock,true,false,false,false,false,false,false,false,true,
2025-10-31,1475,業旺,listed,36.35,38.35,36.35,38.35,0.8,2.1305,4117,154808,12,TWSE,common_stock,true,false,false,false,false,false,false,false,true,
2025-10-31,1476,儒鴻,listed,412.0,414.5,410.0,410.5,-2.5,-0.6053,419612,172656559,593,TWSE,common_stock,true,false,false,false,false,false,false,false,true,
2025-10-31,1477,聚陽,listed,273.5,273.5,269.0,269.0,-2.5,-0.9208,652536,176243286,839,TWSE,common_stock,true,false,false,false,false,false,false,false,true,
2025-10-31,1503,士電,listed,181.5,199.5,180.0,199.5,18.0,9.9174,23590896,4604284491,26145,TWSE,common_stock,true,false,false,false,false,false,false,false,true,
2025-10-31,1504,東元,listed,117.0,121.5,114.5,116.5,0.0,0.0,70734341,8332840917,43515,TWSE,common_stock,true,false,false,false,false,false,false,false,true,
2025-10-31,1506,正道,listed,12.0,12.35,11.9,12.35,0.35,2.9167,125841,1525807,68,TWSE,common_stock,true,false,false,false,false,false,false,false,true,
2025-10-31,1512,瑞利,listed,7.77,7.92,7.66,7.7,-0.07,-0.9009,29229,226235,36,TWSE,common_stock,true,false,false,false,false,false,false,false,true,
2025-10-31,1513,中興電,listed,151.5,158.0,150.5,153.0,2.0,1.3245,25483141,3963581293,19143,TWSE,common_stock,true,false,false,false,false,false,false,false,true,
2025-10-31,1514,亞力,listed,101.0,110.5,100.5,110.5,10.0,9.9502,17569740,1903396934,16854,TWSE,common_stock,true,false,false,false,false,false,false,false,true,
2025-10-31,1515,力山,listed,28.05,28.05,27.45,27.6,-0.15,-0.5405,183632,5074602,134,TWSE,common_stock,true,false,false,false,false,false,false,false,true,
2025-10-31,1516,川飛,listed,16.4,16.7,16.3,16.3,-0.1,-0.6098,56207,924373,59,TWSE,common_stock,true,false,false,false,false,false,false,false,true,
2025-10-31,1517,利奇,listed,12.2,12.25,11.7,11.8,-0.35,-2.8807,430713,5109236,399,TWSE,common_stock,true,false,false,false,false,false,false,false,true,
2025-10-31,1519,華城,listed,655.0,715.0,651.0,715.0,65.0,10.0,12447108,8659300159,20068,TWSE,common_stock,true,false,false,false,false,false,false,false,true,
2025-10-31,1521,大億,listed,25.5,25.5,25.05,25.05,-0.05,-0.1992,13054,328704,15,TWSE,common_stock,true,false,false,false,false,false,false,false,true,
2025-10-31,1522,堤維西,listed,47.0,48.15,46.9,47.9,0.6,1.2685,2137058,101704143,2059,TWSE,common_stock,true,false,false,false,false,false,false,false,true,
2025-10-31,1522A,堤維西甲特,listed,49.05,49.05,49.0,49.0,-0.05,-0.1019,3000,147050,3,TWSE,warrant,false,false,true,false,false,false,false,false,false,security_type=warrant;symbol_not_4_digit
2025-10-31,1524,耿鼎,listed,31.45,31.8,31.4,31.75,0.2,0.6339,1746675,55292407,1286,TWSE,common_stock,true,false,false,false,false,false,false,false,true,
2025-10-31,1525,江申,listed,61.3,63.0,61.3,61.9,0.0,0.0,21252,1315054,31,TWSE,common_stock,true,false,false,false,false,false,false,false,true,
2025-10-31,1526,日馳,listed,18.0,18.3,17.8,17.95,-0.1,-0.554,94144,1686853,103,TWSE,common_stock,true,false,false,false,false,false,false,false,true,
2025-10-31,1527,鑽全,listed,33.1,33.1,32.6,32.6,-0.5,-1.5106,159798,5240546,358,TWSE,common_stock,true,false,false,false,false,false,false,false,true,
2025-10-31,1528,恩德,listed,14.45,14.65,14.3,14.35,-0.05,-0.3472,1060276,15311590,566,TWSE,common_stock,true,false,false,false,false,false,false,false,true,
2025-10-31,1529,樂事綠能,listed,20.7,22.6,20.65,22.25,1.6,7.7482,6548348,144144471,5444,TWSE,common_stock,true,false,false,false,false,false,false,false,true,
2025-10-31,1530,亞崴,listed,26.9,26.9,26.85,26.85,0.0,0.0,10137,272809,59,TWSE,common_stock,true,false,false,false,false,false,false,false,true,
2025-10-31,1531,高林股,listed,11.8,11.8,11.6,11.65,-0.15,-1.2712,70652,826647,92,TWSE,common_stock,true,false,false,false,false,false,false,false,true,
2025-10-31,1532,勤美,listed,26.65,26.65,26.25,26.25,-0.2,-0.7561,428187,11283852,442,TWSE,common_stock,true,false,false,false,false,false,false,false,true,
2025-10-31,1533,車王電,listed,30.7,30.7,29.75,30.15,-0.1,-0.3306,88874,2666610,91,TWSE,common_stock,true,false,false,false,false,false,false,false,true,
2025-10-31,1535,中宇,listed,54.8,55.4,54.8,55.3,0.3,0.5455,22490,1242150,21,TWSE,common_stock,true,false,false,false,false,false,false,false,true,
2025-10-31,1536,和大,listed,62.0,62.0,59.5,59.5,-1.9,-3.0945,1683494,101160002,1894,TWSE,common_stock,true,false,false,false,false,false,false,false,true,
2025-10-31,1537,廣隆,listed,123.0,123.0,121.0,121.5,-1.5,-1.2195,227550,27662489,362,TWSE,common_stock,true,false,false,false,false,false,false,false,true,
2025-10-31,1538,正峰,listed,27.45,27.5,25.95,25.95,0.4,1.5656,3414,91549,8,TWSE,common_stock,true,false,false,false,false,false,false,false,true,
2025-10-31,1539,巨庭,listed,17.25,17.35,17.05,17.35,0.15,0.8721,92000,1575300,51,TWSE,common_stock,true,false,false,false,false,false,false,false,true,
2025-10-31,1540,喬福,listed,22.9,23.1,22.7,22.8,-0.05,-0.2188,144756,3314387,133,TWSE,common_stock,true,false,false,false,false,false,false,false,true,
2025-10-31,1541,錩泰,listed,24.65,24.7,24.6,24.7,-0.1,-0.4032,6001,147824,7,TWSE,common_stock,true,false,false,false,false,false,false,false,true,
2025-10-31,1558,伸興,listed,90.5,92.7,90.5,92.3,1.8,1.989,157390,14476148,172,TWSE,common_stock,true,false,false,false,false,false,false,false,true,
2025-10-31,1560,中砂,listed,310.0,318.5,308.0,314.5,5.5,1.7799,1776362,559307178,3216,TWSE,common_stock,true,false,false,false,false,false,false,false,true,
2025-10-31,1563,巧新,listed,48.0,48.0,47.35,47.55,-0.2,-0.4188,118653,5650479,320,TWSE,common_stock,true,false,false,false,false,false,false,false,true,
2025-10-31,1568,倉佑,listed,22.6,22.8,22.35,22.6,-0.1,-0.4405,73812,1668384,98,TWSE,common_stock,true,false,false,false,false,false,false,false,true,
2025-10-31,1582,信錦,listed,69.8,69.8,68.9,69.0,-0.7,-1.0043,278964,19307761,489,TWSE,common_stock,true,false,false,false,false,false,false,false,true,
2025-10-31,1583,程泰,listed,47.05,47.05,46.5,46.5,-0.7,-1.4831,16426,768794,30,TWSE,common_stock,true,false,false,false,false,false,false,false,true,
2025-10-31,1587,吉茂,listed,40.2,41.2,40.0,40.25,0.15,0.3741,383262,15527519,350,TWSE,common_stock,true,false,false,false,false,false,false,false,true,
2025-10-31,1589,永冠-KY,listed,20.15,20.15,19.75,19.9,-0.1,-0.5,922468,18328255,674,TWSE,common_stock,true,false,false,false,false,false,false,false,true,
2025-10-31,1590,亞德客-KY,listed,918.0,920.0,900.0,911.0,7.0,0.7743,861850,785892094,1647,TWSE,common_stock,true,false,false,false,false,false,false,false,true,
2025-10-31,1597,直得,listed,75.6,76.9,75.6,75.8,0.3,0.3974,248561,18885991,379,TWSE,common_stock,true,false,false,false,false,false,false,false,true,
2025-10-31,1598,岱宇,listed,22.95,22.95,22.45,22.8,-0.15,-0.6536,460783,10461905,356,TWSE,common_stock,true,false,false,false,false,false,false,false,true,
2025-10-31,1603,華電,listed,38.4,39.2,38.2,38.2,-0.2,-0.5208,353226,13645210,319,TWSE,common_stock,true,false,false,false,false,false,false,false,true,
2025-10-31,1604,聲寶,listed,24.75,24.75,24.6,24.6,-0.1,-0.4049,131230,3231130,140,TWSE,common_stock,true,false,false,false,false,false,false,false,true,
2025-10-31,1605,華新,listed,30.6,30.8,29.8,29.9,-0.7,-2.2876,56093257,1691602199,24235,TWSE,common_stock,true,false,false,false,false,false,false,false,true,
2025-10-31,1608,華榮,listed,32.0,33.65,31.7,33.05,0.8,2.4806,14464925,478811953,7474,TWSE,common_stock,true,false,false,false,false,false,false,false,true,
2025-10-31,1609,大亞,listed,41.6,43.0,41.2,42.0,0.6,1.4493,17973183,763630996,13434,TWSE,common_stock,true,false,false,false,false,false,false,false,true,
2025-10-31,1611,中電,listed,12.9,12.9,12.65,12.65,-0.1,-0.7843,311440,3963885,256,TWSE,common_stock,true,false,false,false,false,false,false,false,true,
2025-10-31,1612,宏泰,listed,39.65,40.3,39.0,39.4,0.15,0.3822,6077510,242283622,3959,TWSE,common_stock,true,false,false,false,false,false,false,false,true,
2025-10-31,1614,三洋電,listed,35.55,35.55,35.35,35.35,-0.15,-0.4225,96420,3415631,49,TWSE,common_stock,true,false,false,false,false,false,false,false,true,
2025-10-31,1615,大山,listed,46.0,46.3,45.5,46.05,0.55,1.2088,149473,6873167,169,TWSE,common_stock,true,false,false,false,false,false,false,false,true,
2025-10-31,1616,億泰,listed,34.55,35.3,33.9,34.0,-0.5,-1.4493,1989813,68686985,1449,TWSE,common_stock,true,false,false,false,false,false,false,false,true,
2025-10-31,1617,榮星,listed,15.25,15.45,15.15,15.15,-0.05,-0.3289,74743,1139621,79,TWSE,common_stock,true,false,false,false,false,false,false,false,true,
2025-10-31,1618,合機,listed,44.6,45.3,44.3,44.65,0.35,0.7901,1307081,58710704,965,TWSE,common_stock,true,false,false,false,false,false,false,false,true,
2025-10-31,1626,艾美特-KY,listed,12.7,12.8,12.55,12.8,0.15,1.1858,184145,2339937,137,TWSE,common_stock,true,false,false,false,false,false,false,false,true,
2025-10-31,1702,南僑,listed,39.1,39.15,38.6,38.7,-0.4,-1.023,552220,21448877,652,TWSE,common_stock,true,false,false,false,false,false,false,false,true,
2025-10-31,1707,葡萄王,listed,125.0,125.5,123.5,123.5,-1.0,-0.8032,128373,15971805,205,TWSE,common_stock,true,false,false,false,false,false,false,false,true,
2025-10-31,1708,東鹼,listed,30.6,30.6,30.1,30.2,-0.4,-1.3072,871263,26329049,939,TWSE,common_stock,true,false,false,false,false,false,false,false,true,
2025-10-31,1709,和益,listed,16.8,16.8,16.6,16.65,-0.15,-0.8929,224653,3747372,212,TWSE,common_stock,true,false,false,false,false,false,false,false,true,
2025-10-31,1710,東聯,listed,12.0,12.0,11.75,11.95,0.0,0.0,1610291,19076462,737,TWSE,common_stock,true,false,false,false,false,false,false,false,true,
2025-10-31,1711,永光,listed,19.0,19.05,18.75,18.75,-0.1,-0.5305,1545725,29148234,861,TWSE,common_stock,true,false,false,false,false,false,false,false,true,
2025-10-31,1712,興農,listed,43.2,43.2,42.65,42.65,-0.4,-0.9292,600680,25776951,551,TWSE,common_stock,true,false,false,false,false,false,false,false,true,
2025-10-31,1713,國化,listed,45.65,45.65,44.7,44.95,-0.75,-1.6411,92095,4145795,103,TWSE,common_stock,true,false,false,false,false,false,false,false,true,
2025-10-31,1714,和桐,listed,8.25,8.25,8.19,8.2,-0.05,-0.6061,994534,8164979,403,TWSE,common_stock,true,false,false,false,false,false,false,false,true,
2025-10-31,1717,長興,listed,40.6,42.3,40.35,40.85,0.3,0.7398,14109347,583800413,7985,TWSE,common_stock,true,false,false,false,false,false,false,false,true,
2025-10-31,1718,中纖,listed,6.34,6.34,6.25,6.25,-0.05,-0.7937,2328727,14599011,563,TWSE,common_stock,true,false,false,false,false,false,false,false,true,
2025-10-31,1720,生達,listed,55.5,55.9,55.3,55.5,0.0,0.0,174506,9705748,139,TWSE,common_stock,true,false,false,false,false,false,false,false,true,
2025-10-31,1721,三晃,listed,12.05,12.05,11.85,11.9,-0.15,-1.2448,411598,4902768,320,TWSE,common_stock,true,false,false,false,false,false,false,false,true,
2025-10-31,1722,台肥,listed,48.6,48.65,48.15,48.15,-0.35,-0.7216,853421,41268185,711,TWSE,common_stock,true,false,false,false,false,false,false,false,true,
2025-10-31,1723,中碳,listed,82.5,82.7,81.4,81.4,-0.6,-0.7317,522743,42790540,624,TWSE,common_stock,true,false,false,false,false,false,false,false,true,
2025-10-31,1725,元禎,listed,26.8,27.0,26.1,26.75,0.2,0.7533,85188,2268312,58,TWSE,common_stock,true,false,false,false,false,false,false,false,true,
2025-10-31,1726,永記,listed,75.0,75.0,74.9,75.0,-0.4,-0.5305,6464,484614,26,TWSE,common_stock,true,false,false,false,false,false,false,false,true,
2025-10-31,1727,中華化,listed,35.8,36.15,35.1,35.2,-0.3,-0.8451,1152967,40882755,889,TWSE,common_stock,true,false,false,false,false,false,false,false,true,
2025-10-31,1730,花仙子,listed,52.2,52.4,52.1,52.2,0.0,0.0,29933,1563513,43,TWSE,common_stock,true,false,false,false,false,false,false,false,true,
2025-10-31,1731,美吾華,listed,21.9,21.9,21.8,21.8,-0.1,-0.4566,53165,1161669,28,TWSE,common_stock,true,false,false,false,false,false,false,false,true,
2025-10-31,1732,毛寶,listed,28.8,28.95,28.5,28.6,0.05,0.1751,187275,5357517,132,TWSE,common_stock,true,false,false,false,false,false,false,false,true,
2025-10-31,1733,五鼎,listed,33.1,33.3,32.65,32.9,-0.2,-0.6042,478655,15775999,306,TWSE,common_stock,true,false,false,false,false,false,false,false,true,
2025-10-31,1734,杏輝,listed,31.25,32.6,31.1,32.15,1.0,3.2103,832921,26692559,761,TWSE,common_stock,true,false,false,false,false,false,false,false,true,
2025-10-31,1735,日勝化,listed,14.7,14.8,14.65,14.75,0.0,0.0,24871,365482,39,TWSE,common_stock,true,false,false,false,false,false,false,false,true,
2025-10-31,1736,喬山,listed,156.0,161.5,156.0,160.0,5.5,3.5599,1361212,217304870,1302,TWSE,common_stock,true,false,false,false,false,false,false,false,true,
2025-10-31,1737,臺鹽,listed,31.95,31.95,31.8,31.9,-0.05,-0.1565,148021,4716409,115,TWSE,common_stock,true,false,false,false,false,false,false,false,true,
2025-10-31,1752,南光,listed,38.55,38.9,38.55,38.8,0.15,0.3881,34742,1344715,37,TWSE,common_stock,true,false,false,false,false,false,false,false,true,
2025-10-31,1760,寶齡富錦,listed,65.7,66.6,65.5,66.2,0.8,1.2232,69608,4583667,138,TWSE,common_stock,true,false,false,false,false,false,false,false,true,
2025-10-31,1762,中化生,listed,25.75,25.8,25.55,25.8,0.2,0.7812,40666,1043828,80,TWSE,common_stock,true,false,false,false,false,false,false,false,true,
2025-10-31,1773,勝一,listed,144.5,147.0,144.0,146.0,4.0,2.8169,887119,129642310,1017,TWSE,common_stock,true,false,false,false,false,false,false,false,true,
2025-10-31,1776,展宇,listed,15.35,15.35,15.15,15.15,-0.05,-0.3289,29263,445526,25,TWSE,common_stock,true,false,false,false,false,false,false,false,true,
2025-10-31,1783,和康生,listed,42.5,42.8,42.45,42.45,0.05,0.1179,58315,2482589,67,TWSE,common_stock,true,false,false,false,false,false,false,false,true,
2025-10-31,1786,科妍,listed,90.7,91.7,90.0,90.0,0.3,0.3344,507688,46046377,446,TWSE,common_stock,true,false,false,false,false,false,false,false,true,
2025-10-31,1789,神隆,listed,17.55,17.7,17.55,17.55,-0.05,-0.2841,522126,9197598,306,TWSE,common_stock,true,false,false,false,false,false,false,false,true,
2025-10-31,1795,美時,listed,290.0,305.0,290.0,295.5,7.0,2.4263,7065680,2101285827,8480,TWSE,common_stock,true,false,false,false,false,false,false,false,true,
2025-10-31,1802,台玻,listed,27.9,29.85,27.85,28.0,0.0,0.0,97458832,2816956098,39518,TWSE,common_stock,true,false,false,false,false,false,false,false,true,
2025-10-31,1805,寶徠,listed,10.1,10.4,9.98,10.35,0.25,2.4752,122311,1244980,58,TWSE,common_stock,true,false,false,false,false,false,false,false,true,
2025-10-31,1806,冠軍,listed,9.08,9.11,9.03,9.08,0.04,0.4425,205012,1858799,216,TWSE,common_stock,true,false,false,false,false,false,false,false,true,
2025-10-31,1808,潤隆,listed,37.2,38.0,37.1,38.0,0.8,2.1505,3601759,136028344,2146,TWSE,common_stock,true,false,false,false,false,false,false,false,true,
2025-10-31,1809,中釉,listed,18.35,18.75,18.3,18.35,0.0,0.0,596858,11068901,373,TWSE,common_stock,true,false,false,false,false,false,false,false,true,
2025-10-31,1810,和成,listed,18.05,18.2,17.9,17.9,-0.15,-0.831,762788,13739700,398,TWSE,common_stock,true,false,false,false,false,false,false,false,true,
2025-10-31,1817,凱撒衛,listed,38.15,38.4,38.05,38.15,0.0,0.0,39011,1488323,46,TWSE,common_stock,true,false,false,false,false,false,false,false,true,
2025-10-31,1903,士紙,listed,55.6,55.8,54.0,54.7,-1.4,-2.4955,664094,36248679,778,TWSE,common_stock,true,false,false,false,false,false,false,false,true,
2025-10-31,1904,正隆,listed,17.3,17.35,17.05,17.1,-0.15,-0.8696,868506,14910751,785,TWSE,common_stock,true,false,false,false,false,false,false,false,true,
2025-10-31,1905,華紙,listed,12.85,12.85,12.5,12.5,-0.25,-1.9608,1334838,16820814,742,TWSE,common_stock,true,false,false,false,false,false,false,false,true,
2025-10-31,1906,寶隆,listed,12.2,12.2,12.05,12.05,-0.15,-1.2295,49696,603274,96,TWSE,common_stock,true,false,false,false,false,false,false,false,true,
2025-10-31,1907,永豐餘,listed,25.7,25.85,25.3,25.4,0.05,0.1972,598289,15238075,366,TWSE,etf,false,true,false,false,false,false,false,false,false,security_type=etf
2025-10-31,1909,榮成,listed,9.53,9.53,9.36,9.37,-0.12,-1.2645,2425545,22893741,801,TWSE,common_stock,true,false,false,false,false,false,false,false,true,
2025-10-31,2002,中鋼,listed,18.75,18.75,18.6,18.6,-0.15,-0.8,23939894,445854841,11522,TWSE,common_stock,true,false,false,false,false,false,false,false,true,
2025-10-31,2002A,中鋼特,listed,39.15,39.15,39.0,39.0,-0.3,-0.7634,44074,1720203,31,TWSE,warrant,false,false,true,false,false,false,false,false,false,security_type=warrant;symbol_not_4_digit
2025-10-31,2006,東和鋼鐵,listed,63.5,63.5,62.8,62.8,-0.6,-0.9464,1411705,89186002,1027,TWSE,common_stock,true,false,false,false,false,false,false,false,true,
2025-10-31,2007,燁興,listed,7.33,7.37,7.23,7.27,-0.04,-0.5472,187006,1358732,112,TWSE,common_stock,true,false,false,false,false,false,false,false,true,
2025-10-31,2008,高興昌,listed,27.5,27.5,27.45,27.45,0.0,0.0,4209,115563,11,TWSE,common_stock,true,false,false,false,false,false,false,false,true,
2025-10-31,2009,第一銅,listed,42.5,42.5,41.65,41.95,-0.85,-1.986,3289273,138106670,3159,TWSE,common_stock,true,false,false,false,false,false,false,false,true,
2025-10-31,2010,春源,listed,19.25,19.3,19.15,19.15,0.0,0.0,687167,13207402,375,TWSE,common_stock,true,false,false,false,false,false,false,false,true,
2025-10-31,2012,春雨,listed,16.0,16.0,15.7,15.75,-0.25,-1.5625,34192,539485,40,TWSE,common_stock,true,false,false,false,false,false,false,false,true,
2025-10-31,2013,中鋼構,listed,41.6,41.6,41.15,41.15,-0.25,-0.6039,42766,1767488,160,TWSE,common_stock,true,false,false,false,false,false,false,false,true,
2025-10-31,2014,中鴻,listed,15.1,15.1,14.8,14.8,-0.3,-1.9868,4492165,66963072,1944,TWSE,common_stock,true,false,false,false,false,false,false,false,true,
2025-10-31,2015,豐興,listed,63.7,64.3,63.3,63.3,0.0,0.0,298593,19050386,270,TWSE,common_stock,true,false,false,false,false,false,false,false,true,
2025-10-31,2017,官田鋼,listed,8.76,8.77,8.71,8.72,-0.04,-0.4566,200655,1753139,179,TWSE,common_stock,true,false,false,false,false,false,false,false,true,
2025-10-31,2020,美亞,listed,23.85,23.9,23.65,23.8,0.05,0.2105,170108,4042733,149,TWSE,common_stock,true,false,false,false,false,false,false,false,true,
2025-10-31,2022,聚亨,listed,7.9,7.9,7.77,7.87,0.0,0.0,257374,2012878,167,TWSE,common_stock,true,false,false,false,false,false,false,false,true,
2025-10-31,2023,燁輝,listed,14.85,14.85,14.6,14.75,-0.05,-0.3378,3135277,46099966,625,TWSE,common_stock,true,false,false,false,false,false,false,false,true,
2025-10-31,2024,志聯,listed,16.05,16.1,16.05,16.05,0.0,0.0,12073,194016,30,TWSE,common_stock,true,false,false,false,false,false,false,false,true,
2025-10-31,2025,千興,listed,9.82,9.82,9.7,9.72,-0.13,-1.3198,163889,1599186,179,TWSE,common_stock,true,false,false,false,false,false,false,false,true,
2025-10-31,2027,大成鋼,listed,37.45,37.6,36.65,36.7,-0.25,-0.6766,8537735,315057058,5294,TWSE,common_stock,true,false,false,false,false,false,false,false,true,
2025-10-31,2028,威致,listed,15.7,16.0,15.6,16.0,0.25,1.5873,95507,1503450,101,TWSE,common_stock,true,false,false,false,false,false,false,false,true,
2025-10-31,2029,盛餘,listed,21.35,21.35,21.15,21.2,-0.1,-0.4695,59286,1256417,65,TWSE,common_stock,true,false,false,false,false,false,false,false,true,
2025-10-31,2030,彰源,listed,13.9,13.9,13.75,13.9,0.0,0.0,216628,2992399,142,TWSE,common_stock,true,false,false,false,false,false,false,false,true,
2025-10-31,2031,新光鋼,listed,40.1,40.1,39.7,39.7,-0.05,-0.1258,409169,16302654,349,TWSE,common_stock,true,false,false,false,false,false,false,false,true,
2025-10-31,2032,新鋼,listed,14.15,14.25,13.95,14.1,-0.05,-0.3534,165845,2330842,121,TWSE,common_stock,true,false,false,false,false,false,false,false,true,
2025-10-31,2033,佳大,listed,15.95,15.95,15.85,15.95,0.05,0.3145,72041,1145945,47,TWSE,common_stock,true,false,false,false,false,false,false,false,true,
2025-10-31,2034,允強,listed,19.55,19.55,19.2,19.25,-0.2,-1.0283,1152713,22266450,670,TWSE,common_stock,true,false,false,false,false,false,false,false,true,
2025-10-31,2038,海光,listed,14.75,14.75,14.5,14.55,-0.05,-0.3425,173397,2524204,139,TWSE,common_stock,true,false,false,false,false,false,false,false,true,
2025-10-31,2049,上銀,listed,222.0,226.0,220.5,223.5,3.0,1.3605,3388462,757996084,3462,TWSE,common_stock,true,false,false,false,false,false,false,false,true,
2025-10-31,2059,川湖,listed,4090.0,4155.0,4010.0,4110.0,15.0,0.3663,471698,1924662340,2351,TWSE,common_stock,true,false,false,false,false,false,false,false,true,
2025-10-31,2062,橋椿,listed,22.2,22.35,22.0,22.0,-0.2,-0.9009,173127,3818361,146,TWSE,common_stock,true,false,false,false,false,false,false,false,true,
2025-10-31,2069,運錩,listed,15.45,15.45,15.2,15.35,-0.05,-0.3247,91000,1393834,60,TWSE,common_stock,true,false,false,false,false,false,false,false,true,
2025-10-31,2101,南港,listed,36.55,36.55,36.0,36.2,-0.35,-0.9576,1358947,49182419,1285,TWSE,common_stock,true,false,false,false,false,false,false,false,true,
2025-10-31,2102,泰豐,listed,19.9,19.9,19.55,19.75,-0.15,-0.7538,397635,7839450,215,TWSE,common_stock,true,false,false,false,false,false,false,false,true,
2025-10-31,2103,台橡,listed,15.2,15.2,15.0,15.0,-0.15,-0.9901,974767,14685228,556,TWSE,common_stock,true,false,false,false,false,false,false,false,true,
2025-10-31,2104,國際中橡,listed,10.55,10.55,10.25,10.25,-0.2,-1.9139,1889514,19527642,727,TWSE,common_stock,true,false,false,false,false,false,false,false,true,
2025-10-31,2105,正新,listed,32.45,32.45,31.8,31.9,-0.55,-1.6949,7860106,251559350,3922,TWSE,common_stock,true,false,false,false,false,false,false,false,true,
2025-10-31,2106,建大,listed,20.4,20.4,20.05,20.05,-0.15,-0.7426,399575,8051751,374,TWSE,common_stock,true,false,false,false,false,false,false,false,true,
2025-10-31,2107,厚生,listed,23.95,24.0,23.75,23.75,-0.15,-0.6276,253377,6047693,154,TWSE,common_stock,true,false,false,false,false,false,false,false,true,
2025-10-31,2108,南帝,listed,22.6,22.6,22.3,22.3,-0.15,-0.6682,411595,9218387,356,TWSE,common_stock,true,false,false,false,false,false,false,false,true,
2025-10-31,2109,華豐,listed,15.05,15.1,15.0,15.1,0.05,0.3322,60695,912262,255,TWSE,common_stock,true,false,false,false,false,false,false,false,true,
2025-10-31,2114,鑫永銓,listed,90.2,90.2,90.1,90.1,-0.2,-0.2215,16355,1474204,23,TWSE,common_stock,true,false,false,false,false,false,false,false,true,
2025-10-31,2115,六暉-KY,listed,26.2,26.2,26.2,26.2,0.0,0.0,5000,131000,5,TWSE,common_stock,true,false,false,false,false,false,false,false,true,
2025-10-31,2201,裕隆,listed,32.95,33.15,32.4,32.9,0.15,0.458,2614477,85652946,1476,TWSE,common_stock,true,false,false,false,false,false,false,false,true,
2025-10-31,2204,中華,listed,59.3,59.3,58.3,58.3,-0.4,-0.6814,491007,28797357,619,TWSE,common_stock,true,false,false,false,false,false,false,false,true,
2025-10-31,2206,三陽工業,listed,61.0,61.0,60.2,60.4,-0.1,-0.1653,705571,42576732,652,TWSE,common_stock,true,false,false,false,false,false,false,false,true,
2025-10-31,2207,和泰車,listed,572.0,574.0,565.0,566.0,-1.0,-0.1764,210877,119708044,387,TWSE,common_stock,true,false,false,false,false,false,false,false,true,
2025-10-31,2208,台船,listed,20.15,20.4,19.6,19.6,-0.55,-2.7295,6557415,130849198,3578,TWSE,common_stock,true,false,false,false,false,false,false,false,true,
2025-10-31,2211,長榮鋼,listed,108.0,108.0,105.5,106.5,0.0,0.0,997860,106400300,1147,TWSE,common_stock,true,false,false,false,false,false,false,false,true,
2025-10-31,2227,裕日車,listed,54.1,54.2,53.2,54.1,0.0,0.0,66749,3592792,91,TWSE,common_stock,true,false,false,false,false,false,false,false,true,
2025-10-31,2228,劍麟,listed,96.7,97.2,93.3,95.0,-1.0,-1.0417,1305362,123492901,906,TWSE,common_stock,true,false,false,false,false,false,false,false,true,
2025-10-31,2231,為升,listed,102.0,102.5,101.0,101.5,0.0,0.0,382050,38847554,785,TWSE,common_stock,true,false,false,false,false,false,false,false,true,
2025-10-31,2233,宇隆,listed,198.5,207.0,197.0,201.5,5.5,2.8061,1151598,233772239,1235,TWSE,common_stock,true,false,false,false,false,false,false,false,true,
2025-10-31,2236,百達-KY,listed,91.5,92.3,89.7,91.5,0.0,0.0,748451,68161098,690,TWSE,common_stock,true,false,false,false,false,false,false,false,true,
2025-10-31,2239,英利-KY,listed,31.25,31.25,28.65,29.8,-0.8,-2.6144,204487,6049013,192,TWSE,common_stock,true,false,false,false,false,false,false,false,true,
2025-10-31,2241,艾姆勒,listed,36.85,37.15,35.9,36.5,-0.35,-0.9498,1328052,48224821,1006,TWSE,common_stock,true,false,false,false,false,false,false,false,true,
2025-10-31,2243,宏旭-KY,listed,12.15,12.5,12.0,12.35,0.25,2.0661,125512,1529041,88,TWSE,common_stock,true,false,false,false,false,false,false,false,true,
2025-10-31,2247,汎德永業,listed,292.5,292.5,290.5,290.5,-2.0,-0.6838,44005,12808580,445,TWSE,common_stock,true,false,false,false,false,false,false,false,true,
2025-10-31,2248,華勝-KY,listed,49.5,50.3,48.7,50.3,0.8,1.6162,41833,2081124,81,TWSE,common_stock,true,false,false,false,false,false,false,false,true,
2025-10-31,2250,IKKA-KY,listed,84.4,85.7,83.9,83.9,-0.3,-0.3563,161075,13568600,176,TWSE,common_stock,true,false,false,false,false,false,false,false,true,
2025-10-31,2254,巨鎧精密-創,listed,59.0,59.7,59.0,59.7,-0.3,-0.5,12000,715700,4,TWSE,common_stock,true,false,false,false,false,false,false,false,true,
2025-10-31,2258,鴻華先進-創,listed,41.3,41.4,40.05,40.4,-0.7,-1.7032,697261,28268917,1130,TWSE,common_stock,true,false,false,false,false,false,false,false,true,
2025-10-31,2301,光寶科,listed,179.0,181.5,173.5,179.5,-1.5,-0.8287,45567195,8076593863,37362,TWSE,common_stock,true,false,false,false,false,false,false,false,true,
2025-10-31,2302,麗正,listed,19.5,19.5,18.85,18.85,-0.8,-4.0712,1450091,27685074,925,TWSE,common_stock,true,false,false,false,false,false,false,false,true,
2025-10-31,2303,聯電,listed,46.2,46.85,46.0,46.4,0.55,1.1996,50967801,2361192207,16827,TWSE,common_stock,true,false,false,false,false,false,false,false,true,
2025-10-31,2305,全友,listed,11.0,11.0,10.65,10.65,-0.3,-2.7397,741549,7980446,339,TWSE,common_stock,true,false,false,false,false,false,false,false,true,
2025-10-31,2308,台達電,listed,1000.0,1015.0,990.0,995.0,-15.0,-1.4851,21049860,21027856706,90564,TWSE,common_stock,true,false,false,false,false,false,false,false,true,
2025-10-31,2312,金寶,listed,23.15,23.2,22.6,22.75,-0.35,-1.5152,16285932,372158251,6730,TWSE,common_stock,true,false,false,false,false,false,false,false,true,
2025-10-31,2313,華通,listed,87.1,89.2,86.3,87.3,0.3,0.3448,19846070,1745708653,19755,TWSE,common_stock,true,false,false,false,false,false,false,false,true,
2025-10-31,2314,台揚,listed,22.5,22.5,21.2,21.2,-1.65,-7.221,389656,8376967,417,TWSE,common_stock,true,false,false,false,false,false,false,false,true,
2025-10-31,2316,楠梓電,listed,104.0,105.0,101.0,102.0,-1.0,-0.9709,11732303,1203348567,6613,TWSE,common_stock,true,false,false,false,false,false,false,false,true,
2025-10-31,2317,鴻海,listed,261.0,262.0,257.0,257.5,-4.5,-1.7176,63119828,16335488543,80469,TWSE,common_stock,true,false,false,false,false,false,false,false,true,
2025-10-31,2321,東訊,listed,18.1,18.2,17.8,17.8,-0.3,-1.6575,11366,205545,15,TWSE,common_stock,true,false,false,false,false,false,false,false,true,
2025-10-31,2323,中環,listed,9.32,9.32,9.13,9.13,-0.13,-1.4039,3891530,35691482,1315,TWSE,common_stock,true,false,false,false,false,false,false,false,true,
2025-10-31,2324,仁寶,listed,33.7,33.7,33.05,33.05,-0.8,-2.3634,42004369,1395412353,15643,TWSE,common_stock,true,false,false,false,false,false,false,false,true,
2025-10-31,2327,國巨*,listed,247.0,254.5,245.5,249.0,0.0,0.0,54767451,13687439008,70152,TWSE,common_stock,true,false,false,false,false,false,false,false,true,
2025-10-31,2328,廣宇,listed,56.9,57.1,56.0,56.2,-1.0,-1.7483,9109877,513236080,7339,TWSE,common_stock,true,false,false,false,false,false,false,false,true,
2025-10-31,2329,華泰,listed,48.4,49.45,48.15,48.6,0.4,0.8299,7344907,358716107,4711,TWSE,common_stock,true,false,false,false,false,false,false,false,true,
2025-10-31,2330,台積電,listed,1515.0,1525.0,1500.0,1500.0,-5.0,-0.3322,33838761,51073519270,45696,TWSE,common_stock,true,false,false,false,false,false,false,false,true,
2025-10-31,2331,精英,listed,21.0,21.0,20.3,20.3,-0.7,-3.3333,2053138,42095769,1123,TWSE,common_stock,true,false,false,false,false,false,false,false,true,
2025-10-31,2332,友訊,listed,17.3,17.3,16.7,16.7,-0.7,-4.023,8769005,148254410,3514,TWSE,common_stock,true,false,false,false,false,false,false,false,true,
2025-10-31,2337,旺宏,listed,33.1,33.4,31.2,31.2,-3.45,-9.9567,258364871,8165013795,87768,TWSE,common_stock,true,false,false,false,false,false,false,false,true,
2025-10-31,2338,光罩,listed,38.05,38.5,37.65,38.5,0.5,1.3158,1142856,43569781,1132,TWSE,common_stock,true,false,false,false,false,false,false,false,true,
2025-10-31,2340,台亞,listed,25.0,25.25,24.2,24.2,-0.65,-2.6157,2747054,67460873,1709,TWSE,common_stock,true,false,false,false,false,false,false,false,true,
2025-10-31,2342,茂矽,listed,35.2,35.75,34.15,34.15,-1.25,-3.5311,4066798,140567343,2621,TWSE,common_stock,true,false,false,false,false,false,false,false,true,
2025-10-31,2344,華邦電,listed,55.2,55.2,53.5,54.2,-1.0,-1.8116,57761731,3132185778,29710,TWSE,common_stock,true,false,false,false,false,false,false,false,true,
2025-10-31,2345,智邦,listed,1055.0,1105.0,1035.0,1080.0,60.0,5.8824,10011411,10784205800,19032,TWSE,common_stock,true,false,false,false,false,false,false,false,true,
2025-10-31,2347,聯強,listed,58.3,58.4,56.8,56.8,-1.4,-2.4055,7150819,409082872,4636,TWSE,common_stock,true,false,false,false,false,false,false,false,true,
2025-10-31,2348,海悅,listed,84.5,85.3,83.8,83.8,0.2,0.2392,465900,39395873,449,TWSE,common_stock,true,false,false,false,false,false,false,false,true,
2025-10-31,2348A,海悅甲特,listed,36.45,36.45,36.45,36.45,-0.1,-0.2736,4000,145800,2,TWSE,warrant,false,false,true,false,false,false,false,false,false,security_type=warrant;symbol_not_4_digit
2025-10-31,2349,錸德,listed,9.96,10.35,9.95,9.97,0.03,0.3018,3755513,37796702,1543,TWSE,common_stock,true,false,false,false,false,false,false,false,true,
2025-10-31,2351,順德,listed,87.6,88.7,85.3,85.5,-1.6,-1.837,3213367,277938872,3162,TWSE,common_stock,true,false,false,false,false,false,false,false,true,
2025-10-31,2352,佳世達,listed,31.75,31.8,31.0,31.05,-0.7,-2.2047,4272050,133589463,8810,TWSE,common_stock,true,false,false,false,false,false,false,false,true,
2025-10-31,2353,宏碁,listed,30.6,30.6,30.0,30.05,-0.5,-1.6367,12380941,372836819,6125,TWSE,common_stock,true,false,false,false,false,false,false,false,true,
2025-10-31,2354,鴻準,listed,72.6,72.7,70.9,71.5,-0.7,-0.9695,15000251,1075232909,19988,TWSE,common_stock,true,false,false,false,false,false,false,false,true,
2025-10-31,2355,敬鵬,listed,33.35,33.4,32.8,32.8,-0.45,-1.3534,1536715,50698472,1220,TWSE,common_stock,true,false,false,false,false,false,false,false,true,
2025-10-31,2356,英業達,listed,47.15,47.15,45.9,45.9,-0.8,-1.7131,11569580,534616866,7911,TWSE,common_stock,true,false,false,false,false,false,false,false,true,
2025-10-31,2357,華碩,listed,709.0,709.0,697.0,697.0,-12.0,-1.6925,2617669,1831929364,3637,TWSE,common_stock,true,false,false,false,false,false,false,false,true,
2025-10-31,2359,所羅門,listed,130.5,133.0,130.5,131.5,0.0,0.0,862455,113682483,952,TWSE,common_stock,true,false,false,false,false,false,false,false,true,
2025-10-31,2360,致茂,listed,804.0,840.0,790.0,819.0,15.0,1.8657,5344113,4396113618,6352,TWSE,common_stock,true,false,false,false,false,false,false,false,true,
2025-10-31,2362,藍天,listed,40.65,40.8,39.6,39.6,-0.7,-1.737,585748,23449620,515,TWSE,common_stock,true,false,false,false,false,false,false,false,true,
2025-10-31,2363,矽統,listed,55.5,55.9,55.1,55.4,0.1,0.1808,3738990,207678826,2718,TWSE,common_stock,true,false,false,false,false,false,false,false,true,
2025-10-31,2364,倫飛,listed,69.8,70.0,69.0,69.4,0.1,0.1443,91347,6342211,121,TWSE,common_stock,true,false,false,false,false,false,false,false,true,
2025-10-31,2365,昆盈,listed,38.65,39.0,38.1,38.1,-0.25,-0.6519,1336171,51234468,1021,TWSE,common_stock,true,false,false,false,false,false,false,false,true,
2025-10-31,2367,燿華,listed,26.6,27.15,26.35,26.35,-0.25,-0.9398,4150124,110627330,2279,TWSE,common_stock,true,false,false,false,false,false,false,false,true,
2025-10-31,2368,金像電,listed,447.5,465.5,443.0,465.5,42.0,9.9174,22391234,10287225260,19758,TWSE,common_stock,true,false,false,false,false,false,false,false,true,
2025-10-31,2369,菱生,listed,20.4,21.2,20.2,20.6,0.2,0.9804,4526786,93705769,2746,TWSE,common_stock,true,false,false,false,false,false,false,false,true,
2025-10-31,2371,大同,listed,36.1,37.1,35.7,36.2,-0.1,-0.2755,32018958,1164802100,15422,TWSE,common_stock,true,false,false,false,false,false,false,false,true,
2025-10-31,2373,震旦行,listed,57.9,58.2,57.0,57.7,0.7,1.2281,14553,838623,26,TWSE,common_stock,true,false,false,false,false,false,false,false,true,
2025-10-31,2374,佳能,listed,82.7,86.7,82.7,85.9,2.9,3.494,14686275,1254142969,13475,TWSE,common_stock,true,false,false,false,false,false,false,false,true,
2025-10-31,2375,凱美,listed,96.4,97.8,93.0,93.8,-2.6,-2.6971,6998854,661946049,5585,TWSE,common_stock,true,false,false,false,false,false,false,false,true,
2025-10-31,2376,技嘉,listed,283.0,285.0,280.5,280.5,-1.0,-0.3552,3652163,1030664068,9771,TWSE,common_stock,true,false,false,false,false,false,false,false,true,
2025-10-31,2377,微星,listed,109.5,110.5,109.0,109.5,0.0,0.0,5770899,632545109,4486,TWSE,common_stock,true,false,false,false,false,false,false,false,true,
2025-10-31,2379,瑞昱,listed,519.0,521.0,508.0,515.0,3.0,0.5859,2345617,1208756996,2819,TWSE,common_stock,true,false,false,false,false,false,false,false,true,
2025-10-31,2380,虹光,listed,6.16,6.17,6.0,6.0,-0.17,-2.7553,215793,1309451,115,TWSE,common_stock,true,false,false,false,false,false,false,false,true,
2025-10-31,2382,廣達,listed,306.0,306.5,300.5,300.5,-5.5,-1.7974,13735019,4149904238,35750,TWSE,common_stock,true,false,false,false,false,false,false,false,true,
2025-10-31,2383,台光電,listed,1300.0,1400.0,1300.0,1360.0,85.0,6.6667,8702332,11837289620,18752,TWSE,common_stock,true,false,false,false,false,false,false,false,true,
2025-10-31,2385,群光,listed,131.0,132.0,130.0,130.0,0.0,0.0,1505503,196609058,1306,TWSE,common_stock,true,false,false,false,false,false,false,false,true,
2025-10-31,2387,精元,listed,41.9,41.95,41.45,41.6,-0.2,-0.4785,318325,13246363,285,TWSE,common_stock,true,false,false,false,false,false,false,false,true,
2025-10-31,2388,威盛,listed,53.0,53.3,52.5,52.6,-0.1,-0.1898,1387105,73325603,979,TWSE,common_stock,true,false,false,false,false,false,false,false,true,
2025-10-31,2390,云辰,listed,9.9,9.95,9.86,9.86,0.0,0.0,266314,2634048,309,TWSE,common_stock,true,false,false,false,false,false,false,false,true,
2025-10-31,2392,正崴,listed,50.5,50.5,49.4,49.4,-0.9,-1.7893,1720148,85601861,1495,TWSE,common_stock,true,false,false,false,false,false,false,false,true,
2025-10-31,2393,億光,listed,59.6,59.6,58.5,58.6,-0.7,-1.1804,1570124,92515565,1276,TWSE,common_stock,true,false,false,false,false,false,false,false,true,
2025-10-31,2395,研華,listed,325.0,326.0,313.0,313.5,-11.5,-3.5385,4261329,1346115410,8240,TWSE,common_stock,true,false,false,false,false,false,false,false,true,
2025-10-31,2397,友通,listed,68.6,68.6,67.8,68.4,-0.1,-0.146,195576,13320097,203,TWSE,common_stock,true,false,false,false,false,false,false,false,true,
2025-10-31,2399,映泰,listed,23.6,23.85,22.7,22.8,-1.0,-4.2017,4821477,111158682,2785,TWSE,common_stock,true,false,false,false,false,false,false,false,true,
2025-10-31,2401,凌陽,listed,22.1,22.15,21.5,21.55,-0.45,-2.0455,2862641,62083026,1613,TWSE,common_stock,true,false,false,false,false,false,false,false,true,
2025-10-31,2402,毅嘉,listed,50.4,51.3,49.75,51.1,0.7,1.3889,3866590,195999494,2761,TWSE,common_stock,true,false,false,false,false,false,false,false,true,
2025-10-31,2404,漢唐,listed,873.0,884.0,862.0,862.0,-7.0,-0.8055,2085272,1818478490,5112,TWSE,common_stock,true,false,false,false,false,false,false,false,true,
2025-10-31,2405,輔信,listed,19.25,19.35,18.6,18.6,-0.75,-3.876,3962376,74482507,1845,TWSE,common_stock,true,false,false,false,false,false,false,false,true,
2025-10-31,2406,國碩,listed,19.3,19.45,19.0,19.0,-0.25,-1.2987,1663853,31899775,1036,TWSE,common_stock,true,false,false,false,false,false,false,false,true,
2025-10-31,2408,南亞科,listed,133.5,134.0,127.5,132.5,-2.0,-1.487,124717002,16312243925,67474,TWSE,common_stock,true,false,false,false,false,false,false,false,true,
2025-10-31,2409,友達,listed,12.55,12.65,12.15,12.15,-0.65,-5.0781,104470504,1287981474,21702,TWSE,common_stock,true,false,false,false,false,false,false,false,true,
2025-10-31,2412,中華電,listed,132.0,132.0,130.5,131.0,-0.5,-0.3802,5591706,734142333,3462,TWSE,common_stock,true,false,false,false,false,false,false,false,true,
2025-10-31,2413,環科,listed,21.1,21.1,20.6,20.7,-0.4,-1.8957,334997,6957198,233,TWSE,common_stock,true,false,false,false,false,false,false,false,true,
2025-10-31,2414,精技,listed,41.7,41.8,41.55,41.6,-0.05,-0.12,119443,4976852,114,TWSE,common_stock,true,false,false,false,false,false,false,false,true,
2025-10-31,2415,錩新,listed,23.95,24.25,23.95,24.15,0.1,0.4158,106025,2549671,59,TWSE,common_stock,true,false,false,false,false,false,false,false,true,
2025-10-31,2417,圓剛,listed,39.3,39.7,39.2,39.3,-0.15,-0.3802,210610,8298955,459,TWSE,common_stock,true,false,false,false,false,false,false,false,true,
2025-10-31,2419,仲琦,listed,26.0,26.0,24.15,24.35,-1.8,-6.8834,6097359,151652341,3974,TWSE,common_stock,true,false,false,false,false,false,false,false,true,
2025-10-31,2420,新巨,listed,52.3,52.3,51.2,51.8,-0.5,-0.956,186732,9634090,192,TWSE,common_stock,true,false,false,false,false,false,false,false,true,
2025-10-31,2421,建準,listed,149.5,152.0,147.0,151.0,3.0,2.027,5184601,776643595,5469,TWSE,common_stock,true,false,false,false,false,false,false,false,true,
2025-10-31,2423,固緯,listed,55.7,57.2,55.5,57.0,1.3,2.3339,208515,11795470,210,TWSE,common_stock,true,false,false,false,false,false,false,false,true,
2025-10-31,2424,隴華,listed,47.1,47.1,46.0,46.5,-1.6,-3.3264,15491,719421,57,TWSE,common_stock,true,false,false,false,false,false,false,false,true,
2025-10-31,2425,承啟,listed,29.85,30.15,29.2,29.2,-0.6,-2.0134,325377,9561477,321,TWSE,common_stock,true,false,false,false,false,false,false,false,true,
2025-10-31,2426,鼎元,listed,17.95,18.0,17.5,17.5,-0.3,-1.6854,345194,6097147,306,TWSE,common_stock,true,false,false,false,false,false,false,false,true,
2025-10-31,2427,三商電,listed,25.7,25.85,25.6,25.6,-0.1,-0.3891,396333,10195903,254,TWSE,common_stock,true,false,false,false,false,false,false,false,true,
2025-10-31,2428,興勤,listed,193.5,194.0,188.5,189.0,-3.0,-1.5625,1519825,289254968,1824,TWSE,common_stock,true,false,false,false,false,false,false,false,true,
2025-10-31,2429,銘旺科,listed,96.2,96.2,91.5,91.6,-4.6,-4.7817,1002241,93244170,1893,TWSE,common_stock,true,false,false,false,false,false,false,false,true,
2025-10-31,2430,燦坤,listed,24.5,24.55,24.45,24.5,0.05,0.2045,65203,1598076,86,TWSE,common_stock,true,false,false,false,false,false,false,false,true,
2025-10-31,2431,聯昌,listed,12.25,12.35,12.2,12.2,-0.05,-0.4082,260704,3194047,140,TWSE,common_stock,true,false,false,false,false,false,false,false,true,
2025-10-31,2432,倚天酷碁-創,listed,28.15,28.3,28.15,28.3,0.15,0.5329,29437,830606,21,TWSE,common_stock,true,false,false,false,false,false,false,false,true,
2025-10-31,2433,互盛電,listed,48.4,48.5,48.4,48.4,-0.05,-0.1032,42052,2036278,30,TWSE,common_stock,true,false,false,false,false,false,false,false,true,
2025-10-31,2434,統懋,listed,30.1,30.2,29.7,30.1,0.05,0.1664,14287,427522,19,TWSE,common_stock,true,false,false,false,false,false,false,false,true,
2025-10-31,2436,偉詮電,listed,48.3,48.85,48.2,48.45,-0.2,-0.4111,825406,40002808,711,TWSE,common_stock,true,false,false,false,false,false,false,false,true,
2025-10-31,2438,翔耀,listed,22.4,23.15,22.2,23.0,0.55,2.4499,111672,2541900,87,TWSE,common_stock,true,false,false,false,false,false,false,false,true,
2025-10-31,2439,美律,listed,104.0,104.0,101.0,102.5,-0.5,-0.4854,2976111,304833798,2501,TWSE,common_stock,true,false,false,false,false,false,false,false,true,
2025-10-31,2440,太空梭,listed,13.35,13.45,13.1,13.45,-0.05,-0.3704,184108,2445606,112,TWSE,common_stock,true,false,false,false,false,false,false,false,true,
2025-10-31,2441,超豐,listed,71.0,72.0,70.4,70.5,-0.2,-0.2829,2004728,142360868,3132,TWSE,common_stock,true,false,false,false,false,false,false,false,true,
2025-10-31,2442,新美齊,listed,25.7,25.95,25.45,25.5,-0.3,-1.1628,484228,12415548,420,TWSE,common_stock,true,false,false,false,false,false,false,false,true,
2025-10-31,2444,兆勁,listed,11.8,11.9,11.5,11.65,-0.15,-1.2712,161325,1875864,129,TWSE,common_stock,true,false,false,false,false,false,false,false,true,
2025-10-31,2449,京元電子,listed,204.5,219.0,204.0,217.0,14.0,6.8966,61053840,13061069783,49736,TWSE,common_stock,true,false,false,false,false,false,false,false,true,
2025-10-31,2450,神腦,listed,29.2,29.3,29.05,29.05,-0.05,-0.1718,77345,2251428,91,TWSE,common_stock,true,false,false,false,false,false,false,false,true,
2025-10-31,2451,創見,listed,134.0,134.0,129.0,132.5,-1.5,-1.1194,1925833,252870508,2006,TWSE,common_stock,true,false,false,false,false,false,false,false,true,
2025-10-31,2453,凌群,listed,56.9,57.6,56.8,57.3,0.7,1.2367,263992,15120001,275,TWSE,common_stock,true,false,false,false,false,false,false,false,true,
2025-10-31,2454,聯發科,listed,1300.0,1325.0,1290.0,1310.0,0.0,0.0,7731098,10087461815,21604,TWSE,common_stock,true,false,false,false,false,false,false,false,true,
2025-10-31,2455,全新,listed,148.0,149.5,137.0,138.5,-3.5,-2.4648,11962802,1695325354,9151,TWSE,common_stock,true,false,false,false,false,false,false,false,true,
2025-10-31,2457,飛宏,listed,30.45,32.3,30.35,30.5,0.15,0.4942,13403661,417074276,8487,TWSE,common_stock,true,false,false,false,false,false,false,false,true,
2025-10-31,2458,義隆,listed,128.0,128.5,124.0,124.0,-4.0,-3.125,2519949,316002351,2499,TWSE,common_stock,true,false,false,false,false,false,false,false,true,
2025-10-31,2459,敦吉,listed,65.3,65.3,64.4,64.6,-0.4,-0.6154,40558,2621140,53,TWSE,common_stock,true,false,false,false,false,false,false,false,true,
2025-10-31,2460,建通,listed,17.1,17.1,16.3,16.6,-0.5,-2.924,374698,6211195,426,TWSE,common_stock,true,false,false,false,false,false,false,false,true,
2025-10-31,2461,光群雷,listed,15.5,15.65,15.5,15.6,0.05,0.3215,140958,2192377,114,TWSE,common_stock,true,false,false,false,false,false,false,false,true,
2025-10-31,2462,良得電,listed,24.0,24.8,23.95,24.55,0.65,2.7197,481694,11770285,327,TWSE,common_stock,true,false,false,false,false,false,false,false,true,
2025-10-31,2464,盟立,listed,63.0,64.7,62.6,63.4,0.2,0.3165,1265585,80467439,1063,TWSE,common_stock,true,false,false,false,false,false,false,false,true,
2025-10-31,2465,麗臺,listed,65.9,66.8,65.5,66.6,0.5,0.7564,384374,25397111,403,TWSE,common_stock,true,false,false,false,false,false,false,false,true,
2025-10-31,2466,冠西電,listed,51.2,51.9,49.3,50.8,-0.4,-0.7813,414672,20980066,263,TWSE,common_stock,true,false,false,false,false,false,false,false,true,
2025-10-31,2467,志聖,listed,176.0,181.0,176.0,177.0,1.0,0.5682,598766,106794239,687,TWSE,common_stock,true,false,false,false,false,false,false,false,true,
2025-10-31,2468,華經,listed,44.0,45.2,43.75,44.7,1.15,2.6406,994445,44299601,883,TWSE,common_stock,true,false,false,false,false,false,false,false,true,
2025-10-31,2471,資通,listed,50.5,51.2,50.5,50.7,0.2,0.396,80790,4107558,103,TWSE,common_stock,true,false,false,false,false,false,false,false,true,
2025-10-31,2472,立隆電,listed,109.5,110.5,107.0,109.0,-1.5,-1.3575,4696698,509493169,4175,TWSE,common_stock,true,false,false,false,false,false,false,false,true,
2025-10-31,2474,可成,listed,199.0,199.5,198.0,198.5,-0.5,-0.2513,2827750,561511845,2193,TWSE,common_stock,true,false,false,false,false,false,false,false,true,
2025-10-31,2476,鉅祥,listed,95.0,97.3,93.5,96.5,3.5,3.7634,3339540,320473332,2696,TWSE,common_stock,true,false,false,false,false,false,false,false,true,
2025-10-31,2477,美隆電,listed,23.65,23.95,23.45,23.5,-0.15,-0.6342,164169,3875437,137,TWSE,common_stock,true,false,false,false,false,false,false,false,true,
2025-10-31,2478,大毅,listed,62.2,62.6,60.3,62.5,0.4,0.6441,3127706,193352780,2975,TWSE,common_stock,true,false,false,false,false,false,false,false,true,
2025-10-31,2480,敦陽科,listed,162.0,162.0,160.0,160.0,-1.0,-0.6211,184535,29632976,413,TWSE,common_stock,true,false,false,false,false,false,false,false,true,
2025-10-31,2481,強茂,listed,84.0,85.3,81.4,84.3,0.4,0.4768,23750430,1982201707,21105,TWSE,common_stock,true,false,false,false,false,false,false,false,true,
2025-10-31,2482,連宇,listed,18.75,19.0,18.45,18.55,-0.2,-1.0667,184205,3426516,169,TWSE,common_stock,true,false,false,false,false,false,false,false,true,
2025-10-31,2483,百容,listed,20.3,20.85,20.15,20.55,0.25,1.2315,39706,814104,38,TWSE,common_stock,true,false,false,false,false,false,false,false,true,
2025-10-31,2484,希華,listed,22.8,22.8,22.45,22.55,-0.35,-1.5284,362072,8168396,236,TWSE,common_stock,true,false,false,false,false,false,false,false,true,
2025-10-31,2485,兆赫,listed,15.85,15.9,14.15,14.15,-0.95,-6.2914,10563630,156858582,4651,TWSE,common_stock,true,false,false,false,false,false,false,false,true,
2025-10-31,2486,一詮,listed,73.7,74.2,73.5,73.5,0.0,0.0,1208428,89180882,1350,TWSE,common_stock,true,false,false,false,false,false,false,false,true,
2025-10-31,2488,漢平,listed,46.1,46.35,45.95,46.05,-0.05,-0.1085,106340,4902295,115,TWSE,common_stock,true,false,false,false,false,false,false,false,true,
2025-10-31,2489,瑞軒,listed,14.4,14.4,14.05,14.05,-0.15,-1.0563,1685039,23773875,1008,TWSE,common_stock,true,false,false,false,false,false,false,false,true,
2025-10-31,2491,吉祥全,listed,12.7,13.0,12.7,12.75,-0.35,-2.6718,60211,768374,50,TWSE,common_stock,true,false,false,false,false,false,false,false,true,
2025-10-31,2492,華新科,listed,128.0,129.0,123.5,124.0,-4.0,-3.125,13568931,1699940697,11399,TWSE,common_stock,true,false,false,false,false,false,false,false,true,
2025-10-31,2493,揚博,listed,91.2,91.8,90.0,90.7,0.0,0.0,480091,43625982,708,TWSE,common_stock,true,false,false,false,false,false,false,false,true,
2025-10-31,2495,普安,listed,23.5,23.5,22.85,23.0,-0.25,-1.0753,1270527,29277023,723,TWSE,common_stock,true,false,false,false,false,false,false,false,true,
2025-10-31,2496,卓越,listed,65.1,65.1,64.5,64.6,-0.6,-0.9202,26574,1716022,36,TWSE,common_stock,true,false,false,false,false,false,false,false,true,
2025-10-31,2497,怡利電,listed,44.2,44.75,44.05,44.05,-0.15,-0.3394,108204,4783873,118,TWSE,common_stock,true,false,false,false,false,false,false,false,true,
2025-10-31,2498,宏達電,listed,50.7,51.4,50.4,50.5,0.1,0.1984,7274055,369027205,4087,TWSE,common_stock,true,false,false,false,false,false,false,false,true,
2025-10-31,2501,國建,listed,22.95,23.1,22.6,22.85,-0.1,-0.4357,1232436,28216617,696,TWSE,common_stock,true,false,false,false,false,false,false,false,true,
2025-10-31,2504,國產,listed,36.3,36.55,35.95,36.2,0.1,0.277,2351087,85287831,1453,TWSE,common_stock,true,false,false,false,false,false,false,false,true,
2025-10-31,2505,國揚,listed,19.05,19.05,18.8,18.85,-0.05,-0.2646,110523,2087347,82,TWSE,common_stock,true,false,false,false,false,false,false,false,true,
2025-10-31,2506,太設,listed,9.72,9.72,9.51,9.53,-0.11,-1.1411,52348,500525,60,TWSE,common_stock,true,false,false,false,false,false,false,false,true,
2025-10-31,2509,全坤建,listed,14.95,14.95,14.7,14.8,-0.15,-1.0033,167880,2488223,152,TWSE,common_stock,true,false,false,false,false,false,false,false,true,
2025-10-31,2511,太子,listed,9.01,9.04,8.92,8.92,-0.08,-0.8889,1355375,12142811,589,TWSE,common_stock,true,false,false,false,false,false,false,false,true,
2025-10-31,2514,龍邦,listed,14.65,14.7,14.45,14.7,0.15,1.0309,96241,1399612,162,TWSE,common_stock,true,false,false,false,false,false,false,false,true,
2025-10-31,2515,中工,listed,15.2,15.7,15.15,15.35,0.1,0.6557,48413809,747478972,13620,TWSE,common_stock,true,false,false,false,false,false,false,false,true,
2025-10-31,2516,新建,listed,14.8,14.95,14.8,14.8,-0.1,-0.6711,123625,1833358,117,TWSE,common_stock,true,false,false,false,false,false,false,false,true,
2025-10-31,2520,冠德,listed,33.75,33.75,33.3,33.3,-0.5,-1.4793,1273661,42565402,1183,TWSE,common_stock,true,false,false,false,false,false,false,false,true,
2025-10-31,2524,京城,listed,42.35,42.35,41.0,41.75,-0.45,-1.0664,415240,17202727,384,TWSE,common_stock,true,false,false,false,false,false,false,false,true,
2025-10-31,2527,宏璟,listed,25.4,27.5,25.4,27.25,2.05,8.1349,1616286,43387147,1490,TWSE,common_stock,true,false,false,false,false,false,false,false,true,
2025-10-31,2528,皇普,listed,31.05,31.7,30.9,30.9,-0.1,-0.3226,896679,27956190,488,TWSE,common_stock,true,false,false,false,false,false,false,false,true,
2025-10-31,2530,華建,listed,29.05,29.95,28.9,29.6,0.6,2.069,1478196,43643937,456,TWSE,common_stock,true,false,false,false,false,false,false,false,true,
2025-10-31,2534,宏盛,listed,21.6,21.6,21.3,21.3,-0.1,-0.4673,258261,5532099,150,TWSE,common_stock,true,false,false,false,false,false,false,false,true,
2025-10-31,2535,達欣工,listed,64.8,65.9,64.8,65.6,0.9,1.391,379718,24885674,481,TWSE,common_stock,true,false,false,false,false,false,false,false,true,
2025-10-31,2536,宏普,listed,26.25,26.35,26.0,26.05,-0.05,-0.1916,214006,5585200,105,TWSE,common_stock,true,false,false,false,false,false,false,false,true,
2025-10-31,2537,聯上發,listed,11.45,11.5,11.15,11.15,-0.3,-2.6201,894654,10053667,420,TWSE,common_stock,true,false,false,false,false,false,false,false,true,
2025-10-31,2538,基泰,listed,10.7,10.7,10.55,10.55,-0.1,-0.939,322409,3415663,149,TWSE,common_stock,true,false,false,false,false,false,false,false,true,
2025-10-31,2539,櫻花建,listed,48.75,48.75,48.15,48.15,-0.5,-1.0277,744310,36051296,745,TWSE,common_stock,true,false,false,false,false,false,false,false,true,
2025-10-31,2540,愛山林,listed,52.0,52.0,50.9,51.0,-1.3,-2.4857,1190952,61065899,1548,TWSE,common_stock,true,false,false,false,false,false,false,false,true,
2025-10-31,2542,興富發,listed,39.5,39.5,39.0,39.0,-0.2,-0.5102,4061515,159428960,3822,TWSE,common_stock,true,false,false,false,false,false,false,false,true,
2025-10-31,2543,皇昌,listed,71.1,71.4,69.3,69.4,-1.5,-2.1157,2660135,186455016,5335,TWSE,common_stock,true,false,false,false,false,false,false,false,true,
2025-10-31,2545,皇翔,listed,41.75,41.75,41.25,41.25,-0.35,-0.8413,349825,14486071,298,TWSE,common_stock,true,false,false,false,false,false,false,false,true,
2025-10-31,2546,根基,listed,86.7,89.0,86.7,88.0,1.0,1.1494,254356,22479931,711,TWSE,common_stock,true,false,false,false,false,false,false,false,true,
2025-10-31,2547,日勝生,listed,10.7,11.1,10.7,11.0,0.3,2.8037,3159318,34598076,985,TWSE,common_stock,true,false,false,false,false,false,false,false,true,
2025-10-31,2548,華固,listed,105.0,105.0,104.0,104.0,-1.0,-0.9524,734390,76658712,569,TWSE,common_stock,true,false,false,false,false,false,false,false,true,
2025-10-31,2597,潤弘,listed,168.5,169.0,166.5,167.5,1.0,0.6006,248797,41767258,553,TWSE,common_stock,true,false,false,false,false,false,false,false,true,
2025-10-31,2601,益航,listed,5.9,5.9,5.76,5.76,-0.14,-2.3729,1170554,6777825,512,TWSE,common_stock,true,false,false,false,false,false,false,false,true,
2025-10-31,2603,長榮,listed,194.5,197.5,193.5,193.5,-2.5,-1.2755,21108569,4114239020,18017,TWSE,common_stock,true,false,false,false,false,false,false,false,true,
2025-10-31,2605,新興,listed,25.25,25.45,24.15,24.2,-0.9,-3.5857,5735257,142280904,3752,TWSE,common_stock,true,false,false,false,false,false,false,false,true,
2025-10-31,2606,裕民,listed,57.5,57.6,55.7,55.7,-1.5,-2.6224,7282045,411440961,6439,TWSE,common_stock,true,false,false,false,false,false,false,false,true,
2025-10-31,2607,榮運,listed,58.7,59.0,57.3,57.3,-1.3,-2.2184,1069902,62007713,1772,TWSE,common_stock,true,false,false,false,false,false,false,false,true,
2025-10-31,2608,嘉里大榮,listed,33.95,33.95,33.6,33.6,-0.3,-0.885,171876,5794442,173,TWSE,common_stock,true,false,false,false,false,false,false,false,true,
2025-10-31,2609,陽明,listed,59.4,59.9,57.5,57.5,-2.5,-4.1667,51935891,3027115565,39239,TWSE,common_stock,true,false,false,false,false,false,false,false,true,
2025-10-31,2610,華航,listed,20.25,20.3,20.0,20.0,-0.15,-0.7444,19158682,384465674,6536,TWSE,common_stock,true,false,false,false,false,false,false,false,true,
2025-10-31,2611,志信,listed,15.55,15.65,15.05,15.1,-0.25,-1.6287,398834,6101853,305,TWSE,common_stock,true,false,false,false,false,false,false,false,true,
2025-10-31,2612,中航,listed,59.7,60.6,56.8,57.1,-3.7,-6.0855,6333569,370341660,5682,TWSE,common_stock,true,false,false,false,false,false,false,false,true,
2025-10-31,2613,中櫃,listed,26.15,26.35,25.45,25.55,-0.85,-3.2197,1253046,32288007,1063,TWSE,common_stock,true,false,false,false,false,false,false,false,true,
2025-10-31,2614,東森,listed,20.7,20.8,20.3,20.65,0.0,0.0,913330,18727596,763,TWSE,common_stock,true,false,false,false,false,false,false,false,true,
2025-10-31,2615,萬海,listed,85.6,87.4,82.1,82.1,-5.3,-6.0641,48875270,4133788710,42946,TWSE,common_stock,true,false,false,false,false,false,false,false,true,
2025-10-31,2616,山隆,listed,14.25,14.25,14.15,14.25,0.0,0.0,48897,694563,159,TWSE,common_stock,true,false,false,false,false,false,false,false,true,
2025-10-31,2617,台航,listed,29.8,29.8,29.0,29.1,-0.75,-2.5126,1145806,33626430,1347,TWSE,common_stock,true,false,false,false,false,false,false,false,true,
2025-10-31,2618,長榮航,listed,36.8,36.95,36.2,36.2,-0.6,-1.6304,25240874,917793161,10562,TWSE,common_stock,true,false,false,false,false,false,false,false,true,
2025-10-31,2630,亞航,listed,51.8,52.5,51.3,51.6,0.3,0.5848,1700057,88282020,1529,TWSE,common_stock,true,false,false,false,false,false,false,false,true,
2025-10-31,2633,台灣高鐵,listed,27.7,27.7,27.35,27.35,-0.3,-1.085,3172138,87121896,1197,TWSE,common_stock,true,false,false,false,false,false,false,false,true,
2025-10-31,2634,漢翔,listed,52.8,53.3,52.4,52.8,0.2,0.3802,4300748,227772591,3338,TWSE,common_stock,true,false,false,false,false,false,false,false,true,
2025-10-31,2636,台驊控股,listed,71.0,71.2,69.7,69.7,-0.9,-1.2748,444903,31254627,1572,TWSE,common_stock,true,false,false,false,false,false,false,false,true,
2025-10-31,2637,慧洋-KY,listed,66.6,66.6,63.2,63.2,-2.2,-3.3639,8850753,569901258,7146,TWSE,common_stock,true,false,false,false,false,false,false,false,true,
2025-10-31,2642,宅配通,listed,30.35,30.65,30.1,30.65,0.2,0.6568,60957,1849623,110,TWSE,common_stock,true,false,false,false,false,false,false,false,true,
2025-10-31,2645,長榮航太,listed,148.5,149.5,147.5,148.0,1.0,0.6803,1084751,160973225,1104,TWSE,common_stock,true,false,false,false,false,false,false,false,true,
2025-10-31,2646,星宇航空,listed,24.1,24.15,23.9,24.0,0.0,0.0,4790568,114969170,3014,TWSE,common_stock,true,false,false,false,false,false,false,false,true,
2025-10-31,2701,萬企,listed,11.1,11.1,11.05,11.05,-0.05,-0.4505,62526,691026,47,TWSE,common_stock,true,false,false,false,false,false,false,false,true,
2025-10-31,2702,華園,listed,11.8,11.8,11.65,11.7,-0.05,-0.4255,21905,256332,42,TWSE,common_stock,true,false,false,false,false,false,false,false,true,
2025-10-31,2704,國賓,listed,42.5,43.75,42.5,43.0,0.6,1.4151,169139,7323372,190,TWSE,common_stock,true,false,false,false,false,false,false,false,true,
2025-10-31,2705,六福,listed,16.85,16.95,16.75,16.85,0.0,0.0,83999,1413793,136,TWSE,common_stock,true,false,false,false,false,false,false,false,true,
2025-10-31,2706,第一店,listed,13.0,13.0,12.9,12.95,0.0,0.0,244495,3163363,77,TWSE,common_stock,true,false,false,false,false,false,false,false,true,
2025-10-31,2707,晶華,listed,192.0,192.0,190.5,190.5,0.0,0.0,99489,18995263,189,TWSE,common_stock,true,false,false,false,false,false,false,false,true,
2025-10-31,2712,遠雄來,listed,18.8,18.8,18.25,18.7,0.4,2.1858,13109,242171,14,TWSE,common_stock,true,false,false,false,false,false,false,false,true,
2025-10-31,2722,夏都,listed,27.65,27.65,26.75,27.3,-0.05,-0.1828,35766,968990,63,TWSE,common_stock,true,false,false,false,false,false,false,false,true,
2025-10-31,2723,美食-KY,listed,70.8,70.8,69.9,69.9,-0.2,-0.2853,163419,11472038,185,TWSE,common_stock,true,false,false,false,false,false,false,false,true,
2025-10-31,2727,王品,listed,217.5,217.5,215.5,215.5,-1.0,-0.4619,297075,64306759,1386,TWSE,common_stock,true,false,false,false,false,false,false,false,true,
2025-10-31,2731,雄獅,listed,157.5,160.0,153.0,157.0,1.0,0.641,1238051,194542991,1142,TWSE,common_stock,true,false,false,false,false,false,false,false,true,
2025-10-31,2739,寒舍,listed,36.85,37.5,36.8,36.9,0.05,0.1357,43949,1624554,56,TWSE,common_stock,true,false,false,false,false,false,false,false,true,
2025-10-31,2748,雲品,listed,44.5,44.5,44.05,44.35,0.1,0.226,35925,1589261,55,TWSE,common_stock,true,false,false,false,false,false,false,false,true,
2025-10-31,2753,八方雲集,listed,191.0,193.5,191.0,192.5,1.5,0.7853,348382,67097540,442,TWSE,common_stock,true,false,false,false,false,false,false,false,true,
2025-10-31,2762,世界健身-KY,listed,80.5,81.0,80.4,80.4,-0.1,-0.1242,15909,1280888,127,TWSE,common_stock,true,false,false,false,false,false,false,false,true,
2025-10-31,2801,彰銀,listed,20.1,20.1,19.8,19.8,-0.2,-1.0,23026260,457734862,6548,TWSE,common_stock,true,false,false,false,false,false,false,false,true,
2025-10-31,2812,台中銀,listed,21.6,21.65,21.4,21.4,-0.2,-0.9259,7695661,165054849,5024,TWSE,common_stock,true,false,false,false,false,false,false,false,true,
2025-10-31,2816,旺旺保,listed,26.7,26.95,26.7,26.85,0.15,0.5618,288528,7754059,155,TWSE,common_stock,true,false,false,false,false,false,false,false,true,
2025-10-31,2820,華票,listed,16.8,16.85,16.6,16.65,-0.1,-0.597,684005,11431352,304,TWSE,common_stock,true,false,false,false,false,false,false,false,true,
2025-10-31,2834,臺企銀,listed,15.55,15.55,15.35,15.35,-0.15,-0.9677,10353640,159398411,2943,TWSE,common_stock,true,false,false,false,false,false,false,false,true,
2025-10-31,2836,高雄銀,listed,12.3,12.3,12.05,12.1,-0.15,-1.2245,1809017,21948237,598,TWSE,common_stock,true,false,false,false,false,false,false,false,true,
2025-10-31,2836A,高雄銀甲特,listed,23.1,23.1,22.3,23.0,-0.1,-0.4329,26593,607451,17,TWSE,warrant,false,false,true,false,false,false,false,false,false,security_type=warrant;symbol_not_4_digit
2025-10-31,2838,聯邦銀,listed,18.8,18.95,18.55,18.55,-0.2,-1.0667,2139801,39951730,2553,TWSE,common_stock,true,false,false,false,false,false,false,false,true,
2025-10-31,2838A,聯邦銀甲特,listed,54.3,54.4,54.3,54.4,0.1,0.1842,31030,1685017,12,TWSE,warrant,false,false,true,false,false,false,false,false,false,security_type=warrant;symbol_not_4_digit
2025-10-31,2845,遠東銀,listed,12.75,12.75,12.65,12.65,-0.1,-0.7843,3974181,50421462,1287,TWSE,common_stock,true,false,false,false,false,false,false,false,true,
2025-10-31,2849,安泰銀,listed,13.25,13.25,13.1,13.2,-0.05,-0.3774,46424,611234,116,TWSE,common_stock,true,false,false,false,false,false,false,false,true,
2025-10-31,2850,新產,listed,114.0,114.0,112.5,112.5,-0.5,-0.4425,207066,23407288,328,TWSE,common_stock,true,false,false,false,false,false,false,false,true,
2025-10-31,2851,中再保,listed,24.6,24.85,24.45,24.55,0.0,0.0,1156042,28517365,456,TWSE,common_stock,true,false,false,false,false,false,false,false,true,
2025-10-31,2852,第一保,listed,26.25,26.4,26.25,26.3,0.05,0.1905,108097,2842774,78,TWSE,common_stock,true,false,false,false,false,false,false,false,true,
2025-10-31,2855,統一證,listed,23.95,24.0,23.6,23.7,-0.15,-0.6289,1659984,39472041,906,TWSE,etf,false,true,false,false,false,false,false,false,false,security_type=etf
2025-10-31,2867,三商壽,listed,7.06,7.39,7.06,7.23,0.21,2.9915,39892147,289462065,7039,TWSE,common_stock,true,false,false,false,false,false,false,false,true,
2025-10-31,2880,華南金,listed,29.65,29.7,29.15,29.2,-0.1,-0.3413,9425996,276202834,3220,TWSE,common_stock,true,false,false,false,false,false,false,false,true,
2025-10-31,2881,富邦金,listed,92.5,92.5,91.2,91.2,-1.2,-1.2987,11447531,1046176675,9376,TWSE,etf,false,true,false,false,false,false,false,false,false,security_type=etf
2025-10-31,2881A,富邦特,listed,63.4,63.4,63.3,63.4,0.0,0.0,36090,2287811,18,TWSE,etf,false,true,true,false,false,false,false,false,false,security_type=etf;symbol_not_4_digit
2025-10-31,2881B,富邦金乙特,listed,62.1,62.3,62.1,62.3,0.0,0.0,40424,2513703,15,TWSE,etf,false,true,true,false,false,false,false,false,false,security_type=etf;symbol_not_4_digit
2025-10-31,2881C,富邦金丙特,listed,54.0,54.1,53.9,53.9,-0.1,-0.1852,50605,2731122,44,TWSE,etf,false,true,true,false,false,false,false,false,false,security_type=etf;symbol_not_4_digit
2025-10-31,2882,國泰金,listed,65.2,65.2,64.0,64.0,-0.6,-0.9288,17341919,1112612189,8190,TWSE,etf,false,true,false,false,false,false,false,false,false,security_type=etf
2025-10-31,2882A,國泰特,listed,60.9,61.0,60.8,61.0,0.0,0.0,39555,2408087,22,TWSE,etf,false,true,true,false,false,false,false,false,false,security_type=etf;symbol_not_4_digit
2025-10-31,2882B,國泰金乙特,listed,60.1,60.2,60.0,60.2,0.0,0.0,69139,4156119,42,TWSE,etf,false,true,true,false,false,false,false,false,false,security_type=etf;symbol_not_4_digit
2025-10-31,2883,凱基金,listed,16.0,16.05,15.8,15.9,-0.05,-0.3135,31671027,505111003,5416,TWSE,etf,false,true,false,false,false,false,false,false,false,security_type=etf
2025-10-31,2883B,凱基金乙特,listed,7.65,7.68,7.64,7.67,0.0,0.0,434818,3328982,165,TWSE,etf,false,true,true,false,false,false,false,false,false,security_type=etf;symbol_not_4_digit
2025-10-31,2884,玉山金,listed,29.7,29.9,29.55,29.75,-0.05,-0.1678,95362223,2831138770,39925,TWSE,common_stock,true,false,false,false,false,false,false,false,true,
2025-10-31,2885,元大金,listed,34.4,34.75,34.2,34.5,0.25,0.7299,15299438,527895372,4315,TWSE,etf,false,true,false,false,false,false,false,false,false,security_type=etf
2025-10-31,2886,兆豐金,listed,41.2,41.25,40.35,40.4,-0.55,-1.3431,22242244,900481430,11083,TWSE,etf,false,true,false,false,false,false,false,false,false,security_type=etf
2025-10-31,2887,台新新光金,listed,19.0,19.0,18.7,18.7,-0.2,-1.0582,59598693,1117403434,11903,TWSE,common_stock,true,false,false,false,false,false,false,false,true,
2025-10-31,2887E,台新新光戊特一,listed,48.7,48.85,48.7,48.8,0.05,0.1026,97567,4761018,33,TWSE,warrant,false,false,true,false,false,false,false,false,false,security_type=warrant;symbol_not_4_digit
2025-10-31,2887F,台新新光戊特二,listed,44.85,44.85,44.75,44.75,0.0,0.0,5147,230483,5,TWSE,warrant,false,false,true,false,false,false,false,false,false,security_type=warrant;symbol_not_4_digit
2025-10-31,2887G,台新新光庚特一,listed,36.75,37.0,36.7,37.0,0.1,0.271,52312,1922713,27,TWSE,warrant,false,false,true,false,false,false,false,false,false,security_type=warrant;symbol_not_4_digit
2025-10-31,2887H,台新新光庚特二,listed,36.75,36.75,36.75,36.75,-0.05,-0.1359,114400,4204208,102,TWSE,warrant,false,false,true,false,false,false,false,false,false,security_type=warrant;symbol_not_4_digit
2025-10-31,2887I,台新新光辛特,listed,9.23,9.24,9.21,9.22,-0.01,-0.1083,13682803,126155307,903,TWSE,warrant,false,false,true,false,false,false,false,false,false,security_type=warrant;symbol_not_4_digit
2025-10-31,2887Z1,台新新光己特,listed,16.2,16.25,16.2,16.2,0.05,0.3096,446700,7242318,91,TWSE,warrant,false,false,true,false,false,false,false,false,false,security_type=warrant;symbol_not_4_digit
2025-10-31,2889,國票金,listed,15.3,15.35,15.15,15.25,0.0,0.0,2360321,36013395,1338,TWSE,common_stock,true,false,false,false,false,false,false,false,true,
2025-10-31,2890,永豐金,listed,25.95,25.95,25.55,25.65,-0.25,-0.9653,24843573,638962562,8257,TWSE,etf,false,true,false,false,false,false,false,false,false,security_type=etf
2025-10-31,2891,中信金,listed,42.2,42.2,41.85,41.85,-0.1,-0.2384,27209401,1142058910,7486,TWSE,etf,false,true,false,false,false,false,false,false,false,security_type=etf
2025-10-31,2891B,中信金乙特,listed,63.9,63.9,63.3,63.9,0.0,0.0,12230,780257,15,TWSE,etf,false,true,true,false,false,false,false,false,false,security_type=etf;symbol_not_4_digit
2025-10-31,2891C,中信金丙特,listed,60.3,60.3,60.3,60.3,0.1,0.1661,1101,66352,4,TWSE,etf,false,true,true,false,false,false,false,false,false,security_type=etf;symbol_not_4_digit
2025-10-31,2892,第一金,listed,28.85,28.9,28.55,28.55,-0.1,-0.349,14534074,416348670,4536,TWSE,common_stock,true,false,false,false,false,false,false,false,true,
2025-10-31,2897,王道銀行,listed,9.1,9.1,9.03,9.05,-0.02,-0.2205,1761287,15954645,493,TWSE,common_stock,true,false,false,false,false,false,false,false,true,
2025-10-31,2897B,王道銀乙特,listed,11.9,11.95,11.9,11.95,0.05,0.4202,86000,1023450,34,TWSE,warrant,false,false,true,false,false,false,false,false,false,security_type=warrant;symbol_not_4_digit
2025-10-31,2901,欣欣,listed,25.2,25.4,24.75,24.95,0.1,0.4024,16998,426763,36,TWSE,common_stock,true,false,false,false,false,false,false,false,true,
2025-10-31,2903,遠百,listed,21.9,21.9,21.55,21.65,-0.2,-0.9153,1188577,25832941,685,TWSE,common_stock,true,false,false,false,false,false,false,false,true,
2025-10-31,2904,匯僑,listed,17.1,17.25,17.0,17.1,-0.1,-0.5814,52847,900934,46,TWSE,common_stock,true,false,false,false,false,false,false,false,true,
2025-10-31,2905,三商,listed,14.1,14.9,14.05,14.3,0.2,1.4184,2823076,40801009,1011,TWSE,common_stock,true,false,false,false,false,false,false,false,true,
2025-10-31,2906,高林,listed,13.7,13.7,13.55,13.65,0.1,0.738,34911,475221,85,TWSE,common_stock,true,false,false,false,false,false,false,false,true,
2025-10-31,2908,特力,listed,20.3,20.4,20.3,20.3,0.0,0.0,329161,6696178,84,TWSE,common_stock,true,false,false,false,false,false,false,false,true,
2025-10-31,2910,統領,listed,20.75,21.0,20.75,20.75,-0.05,-0.2404,17000,353750,13,TWSE,common_stock,true,false,false,false,false,false,false,false,true,
2025-10-31,2911,麗嬰房,listed,5.07,5.07,4.9,5.05,-0.01,-0.1976,26798,132798,61,TWSE,common_stock,true,false,false,false,false,false,false,false,true,
2025-10-31,2912,統一超,listed,243.0,243.0,238.5,238.5,-2.5,-1.0373,2146469,513789124,3435,TWSE,etf,false,true,false,false,false,false,false,false,false,security_type=etf
2025-10-31,2913,農林,listed,14.0,14.05,13.8,13.9,-0.1,-0.7143,1029631,14312877,656,TWSE,common_stock,true,false,false,false,false,false,false,false,true,
2025-10-31,2915,潤泰全,listed,54.1,54.1,53.2,53.7,-0.2,-0.3711,1484884,79804843,777,TWSE,common_stock,true,false,false,false,false,false,false,false,true,
2025-10-31,2923,鼎固-KY,listed,20.25,20.6,20.0,20.05,0.1,0.5013,17834,362669,32,TWSE,common_stock,true,false,false,false,false,false,false,false,true,
2025-10-31,2929,淘帝-KY,listed,8.69,8.7,8.31,8.33,-0.4,-4.5819,628491,5285635,355,TWSE,common_stock,true,false,false,false,false,false,false,false,true,
2025-10-31,2939,永邑-KY,listed,26.55,26.55,26.1,26.3,0.05,0.1905,8001,210326,9,TWSE,common_stock,true,false,false,false,false,false,false,false,true,
2025-10-31,2945,三商家購,listed,37.95,38.3,37.95,38.05,0.1,0.2635,23843,908759,48,TWSE,warrant,false,false,true,false,false,false,false,false,false,security_type=warrant
2025-10-31,3002,歐格,listed,21.2,23.2,21.1,22.45,1.35,6.3981,4195731,93835929,4246,TWSE,common_stock,true,false,false,false,false,false,false,false,true,
2025-10-31,3003,健和興,listed,50.4,50.8,50.0,50.2,-0.2,-0.3968,199844,10061268,191,TWSE,common_stock,true,false,false,false,false,false,false,false,true,
2025-10-31,3004,豐達科,listed,113.5,113.5,106.5,107.5,-10.0,-8.5106,2119761,231431977,2334,TWSE,common_stock,true,false,false,false,false,false,false,false,true,
2025-10-31,3005,神基,listed,140.0,141.0,138.0,138.0,-1.0,-0.7194,2187118,304106508,1473,TWSE,common_stock,true,false,false,false,false,false,false,false,true,
2025-10-31,3006,晶豪科,listed,97.4,98.0,88.4,90.3,-6.0,-6.2305,43269173,3998326847,28796,TWSE,common_stock,true,false,false,false,false,false,false,false,true,
2025-10-31,3008,大立光,listed,2230.0,2255.0,2215.0,2215.0,5.0,0.2262,474673,1058073025,1919,TWSE,common_stock,true,false,false,false,false,false,false,false,true,
2025-10-31,3010,華立,listed,90.6,91.2,90.2,90.4,0.3,0.333,381803,34571349,495,TWSE,common_stock,true,false,false,false,false,false,false,false,true,
2025-10-31,3011,今皓,listed,13.55,13.6,13.2,13.35,-0.1,-0.7435,595637,7953755,298,TWSE,common_stock,true,false,false,false,false,false,false,false,true,
2025-10-31,3013,晟銘電,listed,125.5,126.0,123.5,124.5,-0.5,-0.4,2171872,270556210,1989,TWSE,common_stock,true,false,false,false,false,false,false,false,true,
2025-10-31,3014,聯陽,listed,131.5,132.5,130.5,130.5,-1.0,-0.7605,364014,47648781,527,TWSE,common_stock,true,false,false,false,false,false,false,false,true,
2025-10-31,3015,全漢,listed,61.5,62.2,60.6,60.6,-0.9,-1.4634,2743793,168259515,3063,TWSE,common_stock,true,false,false,false,false,false,false,false,true,
2025-10-31,3016,嘉晶,listed,57.7,58.9,56.0,56.2,-1.3,-2.2609,2682022,152060743,2352,TWSE,common_stock,true,false,false,false,false,false,false,false,true,
2025-10-31,3017,奇鋐,listed,1440.0,1440.0,1395.0,1425.0,15.0,1.0638,6889584,9797582055,12448,TWSE,common_stock,true,false,false,false,false,false,false,false,true,
2025-10-31,3018,隆銘綠能,listed,12.8,12.8,12.7,12.7,-0.1,-0.7813,36931,470790,173,TWSE,common_stock,true,false,false,false,false,false,false,false,true,
2025-10-31,3019,亞光,listed,151.5,159.0,151.0,157.0,7.0,4.6667,10296128,1605853309,9054,TWSE,common_stock,true,false,false,false,false,false,false,false,true,
2025-10-31,3021,鴻名,listed,17.45,17.55,17.4,17.55,-0.05,-0.2841,47104,822618,40,TWSE,common_stock,true,false,false,false,false,false,false,false,true,
2025-10-31,3022,威強電,listed,69.5,69.6,67.0,67.1,-1.7,-2.4709,817168,55243650,845,TWSE,common_stock,true,false,false,false,false,false,false,false,true,
2025-10-31,3023,信邦,listed,213.5,216.0,211.5,211.5,0.5,0.237,1404156,299246590,1381,TWSE,common_stock,true,false,false,false,false,false,false,false,true,
2025-10-31,3024,憶聲,listed,11.3,11.65,11.05,11.3,0.0,0.0,2975254,33757186,2477,TWSE,common_stock,true,false,false,false,false,false,false,false,true,
2025-10-31,3025,星通,listed,46.45,46.45,45.1,45.65,-0.7,-1.5102,264669,12056844,440,TWSE,common_stock,true,false,false,false,false,false,false,false,true,
2025-10-31,3026,禾伸堂,listed,115.0,115.5,111.5,114.0,-0.5,-0.4367,2873453,325776787,2097,TWSE,common_stock,true,false,false,false,false,false,false,false,true,
2025-10-31,3027,盛達,listed,24.5,24.65,23.75,23.75,-0.55,-2.2634,388854,9332517,272,TWSE,common_stock,true,false,false,false,false,false,false,false,true,
2025-10-31,3028,增你強,listed,34.7,35.0,34.45,34.6,-0.25,-0.7174,545048,18861359,703,TWSE,common_stock,true,false,false,false,false,false,false,false,true,
2025-10-31,3029,零壹,listed,113.0,116.5,113.0,114.5,3.5,3.1532,1796756,205855806,2000,TWSE,common_stock,true,false,false,false,false,false,false,false,true,
2025-10-31,3030,德律,listed,156.5,158.5,156.0,156.5,0.0,0.0,1241043,195029997,1178,TWSE,common_stock,true,false,false,false,false,false,false,false,true,
2025-10-31,3031,佰鴻,listed,20.65,20.85,20.5,20.5,-0.25,-1.2048,323255,6658176,223,TWSE,common_stock,true,false,false,false,false,false,false,false,true,
2025-10-31,3032,偉訓,listed,95.8,101.0,94.0,100.0,5.9,6.2699,4101129,402880377,3317,TWSE,common_stock,true,false,false,false,false,false,false,false,true,
2025-10-31,3033,威健,listed,29.45,29.5,29.15,29.4,0.0,0.0,1322942,38729514,827,TWSE,common_stock,true,false,false,false,false,false,false,false,true,
2025-10-31,3034,聯詠,listed,402.5,402.5,391.0,393.0,-8.5,-2.1171,4582138,1805517475,10554,TWSE,common_stock,true,false,false,false,false,false,false,false,true,
2025-10-31,3035,智原,listed,179.0,182.5,174.0,182.5,6.0,3.3994,11243470,2012204163,19654,TWSE,common_stock,true,false,false,false,false,false,false,false,true,
2025-10-31,3036,文曄,listed,145.0,145.5,143.0,143.0,-2.0,-1.3793,5353804,771861337,3936,TWSE,common_stock,true,false,false,false,false,false,false,false,true,
2025-10-31,3036A,文曄甲特,listed,51.0,51.1,51.0,51.0,0.0,0.0,245000,12495100,54,TWSE,warrant,false,false,true,false,false,false,false,false,false,security_type=warrant;symbol_not_4_digit
2025-10-31,3037,欣興,listed,161.5,169.0,160.5,163.5,3.5,2.1875,20577763,3394480399,16895,TWSE,common_stock,true,false,false,false,false,false,false,false,true,
2025-10-31,3038,全台,listed,21.0,21.0,20.6,20.65,-0.25,-1.1962,168540,3490954,167,TWSE,common_stock,true,false,false,false,false,false,false,false,true,
2025-10-31,3040,遠見,listed,61.7,62.0,59.8,60.5,-1.0,-1.626,582330,35408090,783,TWSE,common_stock,true,false,false,false,false,false,false,false,true,
2025-10-31,3041,揚智,listed,28.7,28.9,28.2,28.3,-0.4,-1.3937,656992,18666376,1149,TWSE,common_stock,true,false,false,false,false,false,false,false,true,
2025-10-31,3042,晶技,listed,89.8,90.5,89.0,89.0,-0.6,-0.6696,1018282,91207006,1079,TWSE,common_stock,true,false,false,false,false,false,false,false,true,
2025-10-31,3043,科風,listed,22.85,23.1,22.85,23.0,0.05,0.2179,52592,1210134,96,TWSE,common_stock,true,false,false,false,false,false,false,false,true,
2025-10-31,3044,健鼎,listed,344.0,349.5,339.5,341.5,1.5,0.4412,5205355,1790764929,5105,TWSE,common_stock,true,false,false,false,false,false,false,false,true,
2025-10-31,3045,台灣大,listed,110.0,110.5,109.5,109.5,-0.5,-0.4545,6481673,712075009,2294,TWSE,common_stock,true,false,false,false,false,false,false,false,true,
2025-10-31,3046,建碁,listed,48.1,48.4,47.7,48.35,0.55,1.1506,202209,9708332,252,TWSE,common_stock,true,false,false,false,false,false,false,false,true,
2025-10-31,3047,訊舟,listed,20.35,20.55,19.5,19.8,-1.55,-7.26,14158809,282714364,7414,TWSE,common_stock,true,false,false,false,false,false,false,false,true,
2025-10-31,3048,益登,listed,38.55,39.05,38.0,38.0,-0.45,-1.1704,2030984,77908416,1944,TWSE,common_stock,true,false,false,false,false,false,false,false,true,
2025-10-31,3049,精金,listed,6.6,6.6,6.4,6.41,-0.18,-2.7314,1105398,7157683,681,TWSE,common_stock,true,false,false,false,false,false,false,false,true,
2025-10-31,3050,鈺德,listed,12.25,12.25,12.05,12.25,-0.05,-0.4065,318040,3858776,211,TWSE,common_stock,true,false,false,false,false,false,false,false,true,
2025-10-31,3051,力特,listed,20.55,20.55,20.1,20.1,-0.25,-1.2285,285904,5795206,222,TWSE,common_stock,true,false,false,false,false,false,false,false,true,
2025-10-31,3052,夆典,listed,11.05,11.05,11.0,11.0,-0.05,-0.4525,230352,2540316,112,TWSE,common_stock,true,false,false,false,false,false,false,false,true,
2025-10-31,3054,立萬利,listed,24.9,24.9,24.2,24.5,0.25,1.0309,24037,586007,33,TWSE,common_stock,true,false,false,false,false,false,false,false,true,
2025-10-31,3055,蔚華科,listed,59.6,59.9,57.7,58.5,-0.6,-1.0152,460985,26972411,702,TWSE,common_stock,true,false,false,false,false,false,false,false,true,
2025-10-31,3056,富華新,listed,19.65,19.7,19.5,19.6,0.05,0.2558,715534,14035918,859,TWSE,common_stock,true,false,false,false,false,false,false,false,true,
2025-10-31,3057,喬鼎,listed,12.8,12.8,12.45,12.7,0.15,1.1952,63790,802271,115,TWSE,common_stock,true,false,false,false,false,false,false,false,true,
2025-10-31,3058,立德,listed,11.45,11.45,11.0,11.1,-0.35,-3.0568,1116032,12437929,548,TWSE,common_stock,true,false,false,false,false,false,false,false,true,
2025-10-31,3059,華晶科,listed,48.9,50.2,48.85,49.65,0.25,0.5061,2658878,131882579,2171,TWSE,common_stock,true,false,false,false,false,false,false,false,true,
2025-10-31,3060,銘異,listed,22.75,22.95,22.05,22.05,-0.65,-2.8634,967396,21578808,818,TWSE,common_stock,true,false,false,false,false,false,false,false,true,
2025-10-31,3062,建漢,listed,28.2,28.25,26.5,26.65,-2.75,-9.3537,66832087,1830066938,26765,TWSE,common_stock,true,false,false,false,false,false,false,false,true,
2025-10-31,3090,日電貿,listed,92.0,92.0,89.0,90.2,-1.8,-1.9565,4184697,378166063,8785,TWSE,common_stock,true,false,false,false,false,false,false,false,true,
2025-10-31,3092,鴻碩,listed,14.75,14.9,14.4,14.4,-0.35,-2.3729,196792,2868516,188,TWSE,common_stock,true,false,false,false,false,false,false,false,true,
2025-10-31,3094,聯傑,listed,25.9,25.9,24.75,24.8,-0.6,-2.3622,249887,6266082,222,TWSE,common_stock,true,false,false,false,false,false,false,false,true,
2025-10-31,3130,一零四,listed,224.0,224.0,223.5,224.0,0.0,0.0,22818,5110327,90,TWSE,common_stock,true,false,false,false,false,false,false,false,true,
2025-10-31,3135,凌航,listed,46.9,46.9,44.55,45.8,-1.1,-2.3454,1572652,71266991,1299,TWSE,common_stock,true,false,false,false,false,false,false,false,true,
2025-10-31,3138,耀登,listed,98.9,98.9,97.1,97.2,-0.3,-0.3077,94511,9258413,139,TWSE,common_stock,true,false,false,false,false,false,false,false,true,
2025-10-31,3149,正達,listed,36.85,37.15,36.55,36.6,-0.25,-0.6784,1523832,56111277,1574,TWSE,common_stock,true,false,false,false,false,false,false,false,true,
2025-10-31,3150,鈺寶-創,listed,20.5,21.2,20.05,21.2,0.85,4.1769,98678,2032749,57,TWSE,common_stock,true,false,false,false,false,false,false,false,true,
2025-10-31,3164,景岳,listed,18.65,18.65,18.55,18.6,-0.1,-0.5348,20702,385514,92,TWSE,common_stock,true,false,false,false,false,false,false,false,true,
2025-10-31,3167,大量,listed,160.0,168.0,159.5,166.0,5.0,3.1056,3209166,529018285,2766,TWSE,common_stock,true,false,false,false,false,false,false,false,true,
2025-10-31,3168,眾福科,listed,43.05,43.95,43.05,43.1,-0.15,-0.3468,12046,522537,15,TWSE,common_stock,true,false,false,false,false,false,false,false,true,
2025-10-31,3189,景碩,listed,137.0,140.0,136.0,136.5,-1.0,-0.7273,10256984,1411251366,6859,TWSE,common_stock,true,false,false,false,false,false,false,false,true,
2025-10-31,3209,全科,listed,31.9,32.1,31.6,32.0,0.3,0.9464,488810,15584259,410,TWSE,common_stock,true,false,false,false,false,false,false,false,true,
2025-10-31,3229,晟鈦,listed,14.25,14.6,14.2,14.55,0.3,2.1053,78045,1121923,45,TWSE,common_stock,true,false,false,false,false,false,false,false,true,
2025-10-31,3231,緯創,listed,155.5,155.5,149.0,150.5,-4.5,-2.9032,59059543,8967978077,50193,TWSE,common_stock,true,false,false,false,false,false,false,false,true,
2025-10-31,3257,虹冠電,listed,74.0,74.5,72.8,73.6,-0.1,-0.1357,1323679,97272972,2012,TWSE,common_stock,true,false,false,false,false,false,false,false,true,
2025-10-31,3266,昇陽,listed,13.55,13.65,13.55,13.55,0.0,0.0,25001,339313,23,TWSE,common_stock,true,false,false,false,false,false,false,false,true,
2025-10-31,3296,勝德,listed,22.1,22.1,21.75,22.05,0.0,0.0,62837,1379217,71,TWSE,common_stock,true,false,false,false,false,false,false,false,true,
2025-10-31,3305,昇貿,listed,99.0,105.0,99.0,101.5,3.5,3.5714,5860325,598364200,6139,TWSE,common_stock,true,false,false,false,false,false,false,false,true,
2025-10-31,3308,聯德,listed,15.8,15.8,15.35,15.35,-0.05,-0.3247,97875,1519489,84,TWSE,common_stock,true,false,false,false,false,false,false,false,true,
2025-10-31,3311,閎暉,listed,35.25,35.25,34.0,34.95,0.2,0.5755,656470,22648954,742,TWSE,common_stock,true,false,false,false,false,false,false,false,true,
2025-10-31,3312,弘憶股,listed,39.55,39.75,38.6,39.0,-0.55,-1.3906,970683,37972132,785,TWSE,common_stock,true,false,false,false,false,false,false,false,true,
2025-10-31,3321,同泰,listed,16.25,16.5,16.0,16.05,1.05,7.0,711730,11731660,304,TWSE,common_stock,true,false,false,false,false,false,false,false,true,
2025-10-31,3338,泰碩,listed,54.7,54.7,52.9,53.0,-1.7,-3.1079,798320,42627048,835,TWSE,common_stock,true,false,false,false,false,false,false,false,true,
2025-10-31,3346,麗清,listed,21.05,21.05,20.65,20.8,-0.2,-0.9524,352395,7327738,240,TWSE,common_stock,true,false,false,false,false,false,false,false,true,
2025-10-31,3356,奇偶,listed,47.35,47.4,45.9,46.3,-0.2,-0.4301,325779,15081681,1331,TWSE,common_stock,true,false,false,false,false,false,false,false,true,
2025-10-31,3376,新日興,listed,211.5,215.0,210.0,211.5,-1.0,-0.4706,1767600,374921900,2333,TWSE,common_stock,true,false,false,false,false,false,false,false,true,
2025-10-31,3380,明泰,listed,34.1,34.2,32.5,32.5,-1.6,-4.6921,6999580,231093889,5254,TWSE,common_stock,true,false,false,false,false,false,false,false,true,
2025-10-31,3406,玉晶光,listed,422.5,427.0,419.5,419.5,0.5,0.1193,477919,201828092,744,TWSE,common_stock,true,false,false,false,false,false,false,false,true,
2025-10-31,3413,京鼎,listed,375.0,377.5,355.5,371.0,7.0,1.9231,6850926,2516279046,9016,TWSE,common_stock,true,false,false,false,false,false,false,false,true,
2025-10-31,3416,融程電,listed,165.0,165.5,163.5,165.0,0.5,0.304,210745,34638077,300,TWSE,common_stock,true,false,false,false,false,false,false,false,true,
2025-10-31,3419,譁裕,listed,14.5,14.5,13.65,13.9,-0.7,-4.7945,700214,9708881,455,TWSE,common_stock,true,false,false,false,false,false,false,false,true,
2025-10-31,3432,台端,listed,14.3,14.7,14.3,14.3,-0.2,-1.3793,10189,146692,15,TWSE,common_stock,true,false,false,false,false,false,false,false,true,
2025-10-31,3437,榮創,listed,16.0,16.0,15.2,15.2,-0.7,-4.4025,736106,11397717,574,TWSE,common_stock,true,false,false,false,false,false,false,false,true,
2025-10-31,3443,創意,listed,1475.0,1575.0,1470.0,1530.0,90.0,6.25,7122102,10894918325,16170,TWSE,common_stock,true,false,false,false,false,false,false,false,true,
2025-10-31,3447,展達,listed,59.1,59.7,58.3,58.7,0.1,0.1706,504886,29725997,470,TWSE,common_stock,true,false,false,false,false,false,false,false,true,
2025-10-31,3450,聯鈞,listed,268.5,279.0,265.5,274.0,8.0,3.0075,9820882,2684968015,15933,TWSE,common_stock,true,false,false,false,false,false,false,false,true,
2025-10-31,3454,晶睿,listed,83.0,83.1,82.1,82.1,-1.2,-1.4406,163267,13469169,426,TWSE,common_stock,true,false,false,false,false,false,false,false,true,
2025-10-31,3481,群創,listed,13.7,13.75,13.3,13.3,-0.35,-2.5641,50035609,670746790,12680,TWSE,common_stock,true,false,false,false,false,false,false,false,true,
2025-10-31,3494,誠研,listed,10.15,10.15,9.97,10.1,0.0,0.0,60699,609928,99,TWSE,common_stock,true,false,false,false,false,false,false,false,true,
2025-10-31,3501,維熹,listed,52.7,52.7,52.6,52.6,0.1,0.1905,56273,2960727,176,TWSE,common_stock,true,false,false,false,false,false,false,false,true,
2025-10-31,3504,揚明光,listed,54.9,55.8,54.5,54.8,0.3,0.5505,333333,18316894,373,TWSE,common_stock,true,false,false,false,false,false,false,false,true,
2025-10-31,3515,華擎,listed,330.0,331.5,321.0,321.0,-8.5,-2.5797,1382056,448437364,2968,TWSE,common_stock,true,false,false,false,false,false,false,false,true,
2025-10-31,3518,柏騰,listed,22.0,22.0,20.9,21.05,-0.45,-2.093,335934,7081443,201,TWSE,common_stock,true,false,false,false,false,false,false,false,true,
2025-10-31,3528,安馳,listed,76.9,78.0,76.1,77.8,1.9,2.5033,384167,29705204,394,TWSE,common_stock,true,false,false,false,false,false,false,false,true,
2025-10-31,3530,晶相光,listed,60.0,60.5,59.6,60.1,0.1,0.1667,78891,4731370,104,TWSE,common_stock,true,false,false,false,false,false,false,false,true,
2025-10-31,3532,台勝科,listed,100.5,101.5,99.2,100.0,-0.5,-0.4975,1677241,167781140,1562,TWSE,common_stock,true,false,false,false,false,false,false,false,true,
2025-10-31,3533,嘉澤,listed,1380.0,1390.0,1375.0,1380.0,0.0,0.0,367802,508118115,1080,TWSE,common_stock,true,false,false,false,false,false,false,false,true,
2025-10-31,3535,晶彩科,listed,75.4,77.9,75.0,77.0,2.0,2.6667,3653433,280382843,2711,TWSE,common_stock,true,false,false,false,false,false,false,false,true,
2025-10-31,3543,州巧,listed,50.0,50.1,45.15,48.0,-1.6,-3.2258,20378313,958980971,12814,TWSE,common_stock,true,false,false,false,false,false,false,false,true,
2025-10-31,3545,敦泰,listed,59.8,60.1,59.2,59.2,-0.4,-0.6711,1148459,68279243,936,TWSE,common_stock,true,false,false,false,false,false,false,false,true,
2025-10-31,3550,聯穎,listed,14.0,14.0,13.65,13.95,0.1,0.722,172884,2380959,135,TWSE,common_stock,true,false,false,false,false,false,false,false,true,
2025-10-31,3557,嘉威,listed,40.9,40.9,39.6,39.8,-0.6,-1.4851,72069,2883027,255,TWSE,common_stock,true,false,false,false,false,false,false,false,true,
2025-10-31,3563,牧德,listed,538.0,576.0,535.0,563.0,30.0,5.6285,2205737,1240016397,3648,TWSE,common_stock,true,false,false,false,false,false,false,false,true,
2025-10-31,3576,聯合再生,listed,6.84,7.05,6.66,6.84,0.0,0.0,11651989,79665361,3058,TWSE,common_stock,true,false,false,false,false,false,false,false,true,
2025-10-31,3583,辛耘,listed,355.0,361.0,352.0,357.0,5.5,1.5647,659168,236055119,1152,TWSE,common_stock,true,false,false,false,false,false,false,false,true,
2025-10-31,3588,通嘉,listed,48.1,48.5,47.6,48.25,0.2,0.4162,145147,6965497,201,TWSE,common_stock,true,false,false,false,false,false,false,false,true,
2025-10-31,3591,艾笛森,listed,18.1,18.15,17.9,17.9,-0.3,-1.6484,307956,5549999,154,TWSE,common_stock,true,false,false,false,false,false,false,false,true,
2025-10-31,3592,瑞鼎,listed,251.5,252.0,243.5,243.5,-6.0,-2.4048,474339,116801121,1234,TWSE,common_stock,true,false,false,false,false,false,false,false,true,
2025-10-31,3593,力銘,listed,7.2,7.2,7.01,7.01,-0.19,-2.6389,24016,171204,26,TWSE,common_stock,true,false,false,false,false,false,false,false,true,
2025-10-31,3596,智易,listed,209.0,213.0,201.5,201.5,-5.5,-2.657,1415511,291711205,4347,TWSE,common_stock,true,false,false,false,false,false,false,false,true,
2025-10-31,3605,宏致,listed,68.4,69.1,68.0,69.0,0.6,0.8772,1414721,96989926,1406,TWSE,common_stock,true,false,false,false,false,false,false,false,true,
2025-10-31,3607,谷崧,listed,13.2,13.2,12.85,12.9,-0.3,-2.2727,349888,4537969,223,TWSE,common_stock,true,false,false,false,false,false,false,false,true,
2025-10-31,3617,碩天,listed,245.0,245.0,239.5,239.5,-5.5,-2.2449,449025,108275832,2182,TWSE,common_stock,true,false,false,false,false,false,false,false,true,
2025-10-31,3622,洋華,listed,54.7,55.9,54.5,54.6,-0.1,-0.1828,144454,7971751,155,TWSE,common_stock,true,false,false,false,false,false,false,false,true,
2025-10-31,3645,達邁,listed,59.4,60.8,59.4,60.6,1.2,2.0202,842585,50738328,873,TWSE,common_stock,true,false,false,false,false,false,false,false,true,
2025-10-31,3652,精聯,listed,29.2,29.2,28.7,28.85,-0.45,-1.5358,72446,2096230,87,TWSE,common_stock,true,false,false,false,false,false,false,false,true,
2025-10-31,3653,健策,listed,2145.0,2200.0,2130.0,2130.0,-15.0,-0.6993,883412,1903823845,2731,TWSE,common_stock,true,false,false,false,false,false,false,false,true,
2025-10-31,3661,世芯-KY,listed,3500.0,3535.0,3415.0,3495.0,140.0,4.1729,3074888,10710974935,11624,TWSE,common_stock,true,false,false,false,false,false,false,false,true,
2025-10-31,3665,貿聯-KY,listed,1410.0,1415.0,1380.0,1395.0,-5.0,-0.3571,1862848,2598160040,3419,TWSE,common_stock,true,false,false,false,false,false,false,false,true,
2025-10-31,3669,圓展,listed,29.55,29.65,29.5,29.55,-0.4,-1.3356,36521,1079419,46,TWSE,common_stock,true,false,false,false,false,false,false,false,true,
2025-10-31,3673,TPK-KY,listed,36.65,36.7,36.25,36.4,-0.2,-0.5464,1210056,44048959,679,TWSE,common_stock,true,false,false,false,false,false,false,false,true,
2025-10-31,3679,新至陞,listed,124.5,127.0,123.5,127.0,2.5,2.008,129427,16225276,449,TWSE,common_stock,true,false,false,false,false,false,false,false,true,
2025-10-31,3686,達能,listed,21.0,21.95,20.35,21.0,0.0,0.0,596990,12713059,546,TWSE,common_stock,true,false,false,false,false,false,false,false,true,
2025-10-31,3694,海華,listed,73.4,74.8,72.3,73.2,-0.2,-0.2725,1130215,82797385,1402,TWSE,common_stock,true,false,false,false,false,false,false,false,true,
2025-10-31,3701,大眾控,listed,36.0,36.1,35.7,35.7,-0.35,-0.9709,259693,9303888,258,TWSE,common_stock,true,false,false,false,false,false,false,false,true,
2025-10-31,3702,大聯大,listed,61.8,61.8,60.3,60.3,-1.1,-1.7915,5667751,344997611,4167,TWSE,common_stock,true,false,false,false,false,false,false,false,true,
2025-10-31,3703,欣陸,listed,22.15,22.15,21.65,21.65,-0.4,-1.8141,845193,18413789,718,TWSE,common_stock,true,false,false,false,false,false,false,false,true,
2025-10-31,3704,合勤控,listed,36.1,36.15,35.1,35.25,-0.75,-2.0833,3922105,138940575,3117,TWSE,common_stock,true,false,false,false,false,false,false,false,true,
2025-10-31,3705,永信,listed,56.7,56.9,56.2,56.3,0.1,0.1779,143525,8117799,187,TWSE,common_stock,true,false,false,false,false,false,false,false,true,
2025-10-31,3706,神達,listed,99.7,101.0,97.2,100.0,1.5,1.5228,132888139,13198924339,119759,TWSE,common_stock,true,false,false,false,false,false,false,false,true,
2025-10-31,3708,上緯投控,listed,121.5,125.0,121.0,124.5,3.0,2.4691,1846547,227460502,1871,TWSE,common_stock,true,false,false,false,false,false,false,false,true,
2025-10-31,3711,日月光投控,listed,225.5,247.5,225.0,247.5,22.5,10.0,54452771,13230329914,43550,TWSE,common_stock,true,false,false,false,false,false,false,false,true,
2025-10-31,3712,永崴投控,listed,36.9,37.4,36.9,37.05,0.25,0.6793,525002,19497228,419,TWSE,common_stock,true,false,false,false,false,false,false,false,true,
2025-10-31,3714,富采,listed,34.9,34.9,34.35,34.35,-0.7,-1.9971,1868063,64562016,1540,TWSE,common_stock,true,false,false,false,false,false,false,false,true,
2025-10-31,3715,定穎投控,listed,89.9,94.2,89.2,89.9,0.0,0.0,33043497,3021547500,23048,TWSE,common_stock,true,false,false,false,false,false,false,false,true,
2025-10-31,3716,中化控股,listed,33.95,34.0,33.75,34.0,0.1,0.295,75441,2551608,132,TWSE,common_stock,true,false,false,false,false,false,false,false,true,
2025-10-31,3717,聯嘉投控,listed,19.1,19.1,18.8,18.85,-0.2,-1.0499,358844,6790581,231,TWSE,common_stock,true,false,false,false,false,false,false,false,true,
2025-10-31,4104,佳醫,listed,84.9,85.1,84.9,84.9,0.0,0.0,71266,6058022,417,TWSE,common_stock,true,false,false,false,false,false,false,false,true,
2025-10-31,4106,雃博,listed,21.55,21.55,21.35,21.45,0.0,0.0,21746,465881,54,TWSE,common_stock,true,false,false,false,false,false,false,false,true,
2025-10-31,4108,懷特,listed,13.8,13.95,13.8,13.95,0.05,0.3597,155732,2155369,154,TWSE,common_stock,true,false,false,false,false,false,false,false,true,
2025-10-31,4119,旭富,listed,57.7,57.9,57.1,57.6,-0.1,-0.1733,202074,11603793,206,TWSE,common_stock,true,false,false,false,false,false,false,false,true,
2025-10-31,4133,亞諾法,listed,25.4,25.5,25.1,25.3,0.0,0.0,39714,1002716,104,TWSE,common_stock,true,false,false,false,false,false,false,false,true,
2025-10-31,4137,麗豐-KY,listed,101.5,101.5,100.0,100.0,-0.5,-0.4975,68088,6842644,87,TWSE,common_stock,true,false,false,false,false,false,false,false,true,
2025-10-31,4142,國光生,listed,19.4,19.45,18.95,19.0,0.05,0.2639,2071671,39700486,1175,TWSE,common_stock,true,false,false,false,false,false,false,false,true,
2025-10-31,4148,全宇生技-KY,listed,38.9,39.0,38.5,38.7,-0.2,-0.5141,18075,699153,34,TWSE,common_stock,true,false,false,false,false,false,false,false,true,
2025-10-31,4155,訊映,listed,14.25,14.25,14.0,14.1,-0.15,-1.0526,215034,3027066,298,TWSE,common_stock,true,false,false,false,false,false,false,false,true,
2025-10-31,4164,承業醫,listed,42.7,43.9,42.7,43.15,0.8,1.889,881445,38149580,678,TWSE,common_stock,true,false,false,false,false,false,false,false,true,
2025-10-31,4190,佐登-KY,listed,32.95,33.0,32.9,32.9,-0.1,-0.303,13848,456747,74,TWSE,common_stock,true,false,false,false,false,false,false,false,true,
2025-10-31,4306,炎洲,listed,13.25,13.35,13.25,13.25,0.0,0.0,605331,8036016,490,TWSE,common_stock,true,false,false,false,false,false,false,false,true,
2025-10-31,4414,如興,listed,10.45,10.65,10.4,10.5,0.05,0.4785,169765,1773007,100,TWSE,common_stock,true,false,false,false,false,false,false,false,true,
2025-10-31,4426,利勤,listed,10.1,10.1,10.0,10.1,0.0,0.0,179480,1799856,119,TWSE,common_stock,true,false,false,false,false,false,false,false,true,
2025-10-31,4438,廣越,listed,82.1,82.6,76.8,77.2,-4.5,-5.508,359970,28474850,2950,TWSE,common_stock,true,false,false,false,false,false,false,false,true,
2025-10-31,4439,冠星-KY,listed,88.2,90.5,88.2,89.2,-0.8,-0.8889,32058,2852141,42,TWSE,common_stock,true,false,false,false,false,false,false,false,true,
2025-10-31,4440,宜新實業,listed,19.0,19.35,19.0,19.25,0.25,1.3158,74277,1422897,55,TWSE,common_stock,true,false,false,false,false,false,false,false,true,
2025-10-31,4441,振大環球,listed,282.5,290.0,282.5,289.0,6.5,2.3009,175354,50429211,332,TWSE,common_stock,true,false,false,false,false,false,false,false,true,
2025-10-31,4526,東台,listed,32.1,32.8,32.1,32.5,0.5,1.5625,1286346,41842042,953,TWSE,common_stock,true,false,false,false,false,false,false,false,true,
2025-10-31,4532,瑞智,listed,23.15,23.35,23.05,23.1,0.0,0.0,906134,21013829,522,TWSE,common_stock,true,false,false,false,false,false,false,false,true,
2025-10-31,4536,拓凱,listed,186.5,188.5,186.0,186.0,-0.5,-0.2681,237980,44536059,248,TWSE,common_stock,true,false,false,false,false,false,false,false,true,
2025-10-31,4540,全球傳動,listed,38.85,39.35,38.7,38.8,-0.05,-0.1287,547826,21323622,554,TWSE,common_stock,true,false,false,false,false,false,false,false,true,
2025-10-31,4545,銘鈺,listed,32.45,32.45,31.65,31.95,-0.75,-2.2936,115904,3709478,108,TWSE,common_stock,true,false,false,false,false,false,false,false,true,
2025-10-31,4551,智伸科,listed,143.0,145.0,139.5,142.5,-0.5,-0.3497,576753,81864291,586,TWSE,common_stock,true,false,false,false,false,false,false,false,true,
2025-10-31,4552,力達-KY,listed,21.3,21.35,21.2,21.3,-0.05,-0.2342,42948,913952,68,TWSE,common_stock,true,false,false,false,false,false,false,false,true,
2025-10-31,4555,氣立,listed,43.15,43.85,42.6,42.6,-0.4,-0.9302,166397,7167194,328,TWSE,common_stock,true,false,false,false,false,false,false,false,true,
2025-10-31,4557,永新-KY,listed,69.5,70.0,69.2,69.2,-0.3,-0.4317,73296,5089352,120,TWSE,common_stock,true,false,false,false,false,false,false,false,true,
2025-10-31,4560,強信-KY,listed,31.55,31.55,30.8,30.95,-0.75,-2.3659,165614,5146306,125,TWSE,common_stock,true,false,false,false,false,false,false,false,true,
2025-10-31,4562,穎漢,listed,40.15,40.85,40.0,40.35,0.2,0.4981,216983,8785246,181,TWSE,common_stock,true,false,false,false,false,false,false,false,true,
2025-10-31,4564,元翎,listed,17.0,17.2,16.8,16.95,-0.05,-0.2941,767445,13029760,508,TWSE,common_stock,true,false,false,false,false,false,false,false,true,
2025-10-31,4566,時碩工業,listed,57.2,57.9,56.2,56.3,-0.5,-0.8803,243878,13788587,593,TWSE,common_stock,true,false,false,false,false,false,false,false,true,
2025-10-31,4569,六方科-KY,listed,163.0,165.5,162.0,163.0,-1.5,-0.9119,32371,5277537,56,TWSE,common_stock,true,false,false,false,false,false,false,false,true,
2025-10-31,4571,鈞興-KY,listed,174.0,175.5,173.0,174.5,2.5,1.4535,302361,52696918,366,TWSE,common_stock,true,false,false,false,false,false,false,false,true,
2025-10-31,4572,駐龍,listed,159.0,159.5,149.0,151.5,-8.5,-5.3125,525710,80390338,711,TWSE,common_stock,true,false,false,false,false,false,false,false,true,
2025-10-31,4576,大銀微系統,listed,111.0,114.0,111.0,113.5,2.5,2.2523,436244,49244531,460,TWSE,common_stock,true,false,false,false,false,false,false,false,true,
2025-10-31,4581,光隆精密-KY,listed,53.0,53.0,52.8,53.0,0.0,0.0,7080,374798,11,TWSE,common_stock,true,false,false,false,false,false,false,false,true,
2025-10-31,4583,台灣精銳,listed,652.0,694.0,652.0,670.0,19.0,2.9186,887290,604653786,1560,TWSE,common_stock,true,false,false,false,false,false,false,false,true,
2025-10-31,4585,達明,listed,412.0,428.0,412.0,423.0,11.0,2.6699,510451,215657749,1510,TWSE,common_stock,true,false,false,false,false,false,false,false,true,
2025-10-31,4588,玖鼎電力,listed,60.0,65.3,60.0,65.3,5.9,9.9327,478468,30181462,504,TWSE,common_stock,true,false,false,false,false,false,false,false,true,
2025-10-31,4720,德淵,listed,14.45,14.45,14.3,14.3,-0.05,-0.3484,269514,3863937,148,TWSE,common_stock,true,false,false,false,false,false,false,false,true,
2025-10-31,4722,國精化,listed,177.5,185.0,173.0,181.0,6.5,3.7249,3092819,559289082,3151,TWSE,common_stock,true,false,false,false,false,false,false,false,true,
2025-10-31,4736,泰博,listed,121.0,123.5,121.0,123.0,2.0,1.6529,157220,19284439,174,TWSE,common_stock,true,false,false,false,false,false,false,false,true,
2025-10-31,4737,華廣,listed,62.3,62.5,60.0,61.6,-0.9,-1.44,100788,6212528,195,TWSE,common_stock,true,false,false,false,false,false,false,false,true,
2025-10-31,4739,康普,listed,64.7,65.2,63.7,64.1,0.3,0.4702,454207,29248344,378,TWSE,common_stock,true,false,false,false,false,false,false,false,true,
2025-10-31,4746,台耀,listed,60.7,62.9,60.7,62.0,1.0,1.6393,520613,32248494,769,TWSE,common_stock,true,false,false,false,false,false,false,false,true,
2025-10-31,4755,三福化,listed,109.0,109.0,107.5,108.5,0.5,0.463,194048,20983223,227,TWSE,common_stock,true,false,false,false,false,false,false,false,true,
2025-10-31,4763,材料*-KY,listed,60.0,61.3,60.0,60.4,-0.2,-0.33,4783394,290012385,3477,TWSE,common_stock,true,false,false,false,false,false,false,false,true,
2025-10-31,4764,雙鍵,listed,72.2,74.5,71.9,73.5,2.0,2.7972,297942,21832586,294,TWSE,common_stock,true,false,false,false,false,false,false,false,true,
2025-10-31,4766,南寶,listed,364.5,376.0,362.0,367.5,6.0,1.6598,685195,253140748,887,TWSE,common_stock,true,false,false,false,false,false,false,false,true,
2025-10-31,4770,上品,listed,244.5,250.0,242.0,248.0,5.5,2.268,193945,47904802,307,TWSE,common_stock,true,false,false,false,false,false,false,false,true,
2025-10-31,4771,望隼,listed,178.0,182.0,178.0,179.5,2.0,1.1268,280653,50594556,362,TWSE,common_stock,true,false,false,false,false,false,false,false,true,
2025-10-31,4807,日成-KY,listed,17.9,18.05,17.85,18.05,0.15,0.838,8141,145952,32,TWSE,common_stock,true,false,false,false,false,false,false,false,true,
2025-10-31,4904,遠傳,listed,92.8,93.3,91.5,92.5,0.4,0.4343,5124520,474363104,3046,TWSE,common_stock,true,false,false,false,false,false,false,false,true,
2025-10-31,4906,正文,listed,27.0,27.05,26.1,26.15,-1.25,-4.562,5586701,148058389,3090,TWSE,common_stock,true,false,false,false,false,false,false,false,true,
2025-10-31,4912,聯德控股-KY,listed,81.3,81.3,80.0,80.1,-0.2,-0.2491,88940,7140105,112,TWSE,common_stock,true,false,false,false,false,false,false,false,true,
2025-10-31,4915,致伸,listed,82.2,85.5,82.1,83.0,1.3,1.5912,9649157,809885506,8517,TWSE,common_stock,true,false,false,false,false,false,false,false,true,
2025-10-31,4916,事欣科,listed,51.8,53.0,51.7,52.8,1.2,2.3256,1692978,88795185,1527,TWSE,common_stock,true,false,false,false,false,false,false,false,true,
2025-10-31,4919,新唐,listed,63.0,63.3,60.7,61.6,-1.3,-2.0668,2006930,123560691,2366,TWSE,common_stock,true,false,false,false,false,false,false,false,true,
2025-10-31,4927,泰鼎-KY,listed,21.15,21.4,20.75,20.85,-0.15,-0.7143,2778606,58280701,1360,TWSE,common_stock,true,false,false,false,false,false,false,false,true,
2025-10-31,4930,燦星網,listed,22.8,22.9,22.8,22.8,-0.05,-0.2188,27539,629166,85,TWSE,common_stock,true,false,false,false,false,false,false,false,true,
2025-10-31,4934,太極,listed,14.85,15.2,14.7,14.75,-0.2,-1.3378,790584,11727236,430,TWSE,common_stock,true,false,false,false,false,false,false,false,true,
2025-10-31,4935,茂林-KY,listed,41.9,42.15,40.75,41.85,-0.5,-1.1806,196100,8143184,168,TWSE,common_stock,true,false,false,false,false,false,false,false,true,
2025-10-31,4938,和碩,listed,76.2,76.2,74.2,74.2,-1.9,-2.4967,9236893,691031815,6130,TWSE,common_stock,true,false,false,false,false,false,false,false,true,
2025-10-31,4942,嘉彰,listed,40.8,42.25,40.8,41.45,0.65,1.5931,1593931,66322000,1103,TWSE,common_stock,true,false,false,false,false,false,false,false,true,
2025-10-31,4943,康控-KY,listed,11.35,11.35,11.0,11.15,0.45,4.2056,24505,271607,28,TWSE,common_stock,true,false,false,false,false,false,false,false,true,
2025-10-31,4949,有成精密,listed,37.05,37.1,36.3,36.3,-0.7,-1.8919,229772,8417334,249,TWSE,common_stock,true,false,false,false,false,false,false,false,true,
2025-10-31,4952,凌通,listed,39.05,39.15,38.7,39.15,0.1,0.2561,84690,3291687,99,TWSE,common_stock,true,false,false,false,false,false,false,false,true,
2025-10-31,4956,光鋐,listed,19.9,20.15,19.35,19.5,0.1,0.5155,653488,12812354,419,TWSE,common_stock,true,false,false,false,false,false,false,false,true,
2025-10-31,4958,臻鼎-KY,listed,167.5,168.5,163.0,163.0,-3.0,-1.8072,8769584,1449102608,6329,TWSE,common_stock,true,false,false,false,false,false,false,false,true,
2025-10-31,4960,誠美材,listed,14.05,14.05,13.6,13.7,-0.3,-2.1429,1554179,21372556,788,TWSE,common_stock,true,false,false,false,false,false,false,false,true,
2025-10-31,4961,天鈺,listed,156.0,159.0,152.0,152.0,-3.5,-2.2508,939251,144791677,1473,TWSE,common_stock,true,false,false,false,false,false,false,false,true,
2025-10-31,4967,十銓,listed,129.0,135.0,128.5,135.0,7.0,5.4688,3831464,506485857,3655,TWSE,common_stock,true,false,false,false,false,false,false,false,true,
2025-10-31,4968,立積,listed,162.0,162.0,154.0,154.5,-5.5,-3.4375,6035362,947867070,6771,TWSE,common_stock,true,false,false,false,false,false,false,false,true,
2025-10-31,4976,佳凌,listed,33.6,34.7,33.6,34.0,0.5,1.4925,476754,16344034,476,TWSE,common_stock,true,false,false,false,false,false,false,false,true,
2025-10-31,4977,眾達-KY,listed,121.0,123.5,120.0,120.0,-2.0,-1.6393,2784739,337952570,2404,TWSE,common_stock,true,false,false,false,false,false,false,false,true,
2025-10-31,4989,榮科,listed,39.0,42.4,38.2,40.5,0.8,2.0151,24494163,998841546,15265,TWSE,common_stock,true,false,false,false,false,false,false,false,true,
2025-10-31,4994,傳奇,listed,95.2,98.4,95.2,98.2,3.0,3.1513,18922,1838968,41,TWSE,common_stock,true,false,false,false,false,false,false,false,true,
2025-10-31,4999,鑫禾,listed,25.5,25.5,25.35,25.45,-0.05,-0.1961,19092,485554,86,TWSE,common_stock,true,false,false,false,false,false,false,false,true,
2025-10-31,5007,三星,listed,51.2,51.4,51.1,51.4,0.3,0.5871,45002,2309803,28,TWSE,common_stock,true,false,false,false,false,false,false,false,true,
2025-10-31,5203,訊連,listed,95.2,95.6,93.8,94.0,-0.5,-0.5291,380323,35954511,376,TWSE,common_stock,true,false,false,false,false,false,false,false,true,
2025-10-31,5215,科嘉-KY,listed,34.35,36.5,33.7,36.45,2.1,6.1135,173108,6149334,215,TWSE,common_stock,true,false,false,false,false,false,false,false,true,
2025-10-31,5222,全訊,listed,137.0,138.5,134.5,135.5,0.0,0.0,691952,93985462,736,TWSE,common_stock,true,false,false,false,false,false,false,false,true,
2025-10-31,5225,東科-KY,listed,108.0,109.5,108.0,109.0,1.0,0.9259,372212,40482773,592,TWSE,common_stock,true,false,false,false,false,false,false,false,true,
2025-10-31,5234,達興材料,listed,368.5,393.0,365.0,381.5,13.0,3.5278,1415885,540882815,2255,TWSE,common_stock,true,false,false,false,false,false,false,false,true,
2025-10-31,5243,乙盛-KY,listed,84.2,85.0,82.0,82.5,-2.5,-2.9412,5104959,424551970,4738,TWSE,common_stock,true,false,false,false,false,false,false,false,true,
2025-10-31,5244,弘凱,listed,41.55,42.45,41.5,41.6,0.05,0.1203,220968,9259558,206,TWSE,common_stock,true,false,false,false,false,false,false,false,true,
2025-10-31,5258,虹堡,listed,71.8,72.6,71.1,71.2,0.5,0.7072,210910,15136050,210,TWSE,common_stock,true,false,false,false,false,false,false,false,true,
2025-10-31,5269,祥碩,listed,1430.0,1455.0,1425.0,1445.0,20.0,1.4035,355375,512517070,1038,TWSE,common_stock,true,false,false,false,false,false,false,false,true,
2025-10-31,5283,禾聯碩,listed,63.3,65.0,62.0,63.7,0.0,0.0,364268,22850459,797,TWSE,common_stock,true,false,false,false,false,false,false,false,true,
2025-10-31,5284,jpp-KY,listed,300.0,321.5,295.5,318.5,23.5,7.9661,6178000,1924167848,14913,TWSE,common_stock,true,false,false,false,false,false,false,false,true,
2025-10-31,5285,界霖,listed,52.9,56.2,52.5,53.7,1.0,1.8975,758620,41216055,669,TWSE,common_stock,true,false,false,false,false,false,false,false,true,
2025-10-31,5288,豐祥-KY,listed,122.0,125.0,122.0,123.5,1.0,0.8163,75610,9345702,97,TWSE,common_stock,true,false,false,false,false,false,false,false,true,
2025-10-31,5292,華懋,listed,147.5,148.0,146.5,147.5,0.0,0.0,64652,9519068,123,TWSE,common_stock,true,false,false,false,false,false,false,false,true,
2025-10-31,5306,桂盟,listed,91.2,91.2,89.5,90.1,-0.2,-0.2215,90905,8185351,310,TWSE,common_stock,true,false,false,false,false,false,false,false,true,
2025-10-31,5388,中磊,listed,99.5,100.0,97.7,99.1,0.2,0.2022,930769,92316415,1520,TWSE,common_stock,true,false,false,false,false,false,false,false,true,
2025-10-31,5434,崇越,listed,326.5,349.5,326.5,342.0,22.5,7.0423,3287814,1130730697,6881,TWSE,common_stock,true,false,false,false,false,false,false,false,true,
2025-10-31,5469,瀚宇博,listed,91.5,96.4,91.5,94.5,3.0,3.2787,15734083,1488203558,11984,TWSE,common_stock,true,false,false,false,false,false,false,false,true,
2025-10-31,5471,松翰,listed,35.5,35.5,35.0,35.15,-0.05,-0.142,181979,6399819,205,TWSE,common_stock,true,false,false,false,false,false,false,false,true,
2025-10-31,5484,慧友,listed,39.0,39.9,38.6,38.9,-0.1,-0.2564,195469,7627753,195,TWSE,common_stock,true,false,false,false,false,false,false,false,true,
2025-10-31,5515,建國,listed,25.95,26.1,25.95,26.0,0.05,0.1927,217124,5645748,178,TWSE,common_stock,true,false,false,false,false,false,false,false,true,
2025-10-31,5519,隆大,listed,28.5,28.75,28.45,28.55,0.25,0.8834,212709,6082948,125,TWSE,common_stock,true,false,false,false,false,false,false,false,true,
2025-10-31,5521,工信,listed,11.6,11.7,11.5,11.6,0.0,0.0,1058042,12260104,355,TWSE,common_stock,true,false,false,false,false,false,false,false,true,
2025-10-31,5522,遠雄,listed,54.1,54.5,53.9,53.9,-0.1,-0.1852,725611,39302827,537,TWSE,common_stock,true,false,false,false,false,false,false,false,true,
2025-10-31,5525,順天,listed,28.0,28.35,28.0,28.2,0.0,0.0,39292,1109710,30,TWSE,common_stock,true,false,false,false,false,false,false,false,true,
2025-10-31,5531,鄉林,listed,9.1,9.12,9.05,9.06,-0.02,-0.2203,269591,2445085,191,TWSE,common_stock,true,false,false,false,false,false,false,false,true,
2025-10-31,5533,皇鼎,listed,14.95,15.0,14.9,14.9,0.0,0.0,167624,2504254,69,TWSE,common_stock,true,false,false,false,false,false,false,false,true,
2025-10-31,5534,長虹,listed,79.9,80.1,78.7,78.7,-0.9,-1.1307,437464,34573983,642,TWSE,common_stock,true,false,false,false,false,false,false,false,true,
2025-10-31,5538,東明-KY,listed,28.4,28.4,28.4,28.4,0.05,0.1764,10000,284000,8,TWSE,common_stock,true,false,false,false,false,false,false,false,true,
2025-10-31,5546,永固-KY,listed,24.4,25.25,24.4,24.8,0.4,1.6393,27000,662500,13,TWSE,common_stock,true,false,false,false,false,false,false,false,true,
2025-10-31,5607,遠雄港,listed,48.2,48.8,48.2,48.45,0.2,0.4145,196423,9525376,405,TWSE,common_stock,true,false,false,false,false,false,false,false,true,
2025-10-31,5608,四維航,listed,18.3,18.4,17.5,17.55,-0.7,-3.8356,4730707,84580089,2261,TWSE,common_stock,true,false,false,false,false,false,false,false,true,
2025-10-31,5706,鳳凰,listed,51.9,52.5,51.4,51.7,0.1,0.1938,190286,9869854,350,TWSE,common_stock,true,false,false,false,false,false,false,false,true,
2025-10-31,5871,中租-KY,listed,104.0,104.0,102.5,103.0,-1.5,-1.4354,6490118,668816524,6718,TWSE,common_stock,true,false,false,false,false,false,false,false,true,
2025-10-31,5871A,中租-KY甲特,listed,101.5,102.0,101.5,102.0,0.5,0.4926,35341,3590935,37,TWSE,warrant,false,false,true,false,false,false,false,false,false,security_type=warrant;symbol_not_4_digit
2025-10-31,5876,上海商銀,listed,39.85,39.85,39.4,39.6,-0.2,-0.5025,5334422,211309725,2798,TWSE,common_stock,true,false,false,false,false,false,false,false,true,
2025-10-31,5880,合庫金,listed,24.05,24.05,23.75,23.75,-0.25,-1.0417,15293168,363907274,6610,TWSE,common_stock,true,false,false,false,false,false,false,false,true,
2025-10-31,5906,台南-KY,listed,54.0,54.0,54.0,54.0,1.4,2.6616,1000,54000,1,TWSE,common_stock,true,false,false,false,false,false,false,false,true,
2025-10-31,5907,大洋-KY,listed,5.83,5.87,5.76,5.83,0.01,0.1718,199144,1154654,111,TWSE,common_stock,true,false,false,false,false,false,false,false,true,
2025-10-31,6005,群益證,listed,24.65,24.75,24.25,24.45,-0.2,-0.8114,4833672,118370705,1917,TWSE,etf,false,true,false,false,false,false,false,false,false,security_type=etf
2025-10-31,6024,群益期,listed,49.4,49.7,49.4,49.5,0.1,0.2024,173414,8592434,203,TWSE,etf,false,true,false,false,false,false,false,false,false,security_type=etf
2025-10-31,6108,競國,listed,14.8,14.8,14.55,14.65,0.05,0.3425,73706,1077745,83,TWSE,common_stock,true,false,false,false,false,false,false,false,true,
2025-10-31,6112,邁達特,listed,52.3,53.0,51.8,52.2,0.1,0.1919,957457,50126948,763,TWSE,common_stock,true,false,false,false,false,false,false,false,true,
2025-10-31,6115,鎰勝,listed,46.55,46.6,46.35,46.35,0.0,0.0,58762,2733608,65,TWSE,common_stock,true,false,false,false,false,false,false,false,true,
2025-10-31,6116,彩晶,listed,7.38,7.38,7.15,7.15,-0.17,-2.3224,8947754,64375095,2820,TWSE,common_stock,true,false,false,false,false,false,false,false,true,
2025-10-31,6117,迎廣,listed,82.0,82.3,81.0,82.0,0.1,0.1221,294330,24015691,882,TWSE,common_stock,true,false,false,false,false,false,false,false,true,
2025-10-31,6120,達運,listed,11.5,11.5,11.15,11.2,-0.15,-1.3216,1325682,14914639,646,TWSE,common_stock,true,false,false,false,false,false,false,false,true,
2025-10-31,6128,上福,listed,28.05,28.2,27.95,28.05,0.05,0.1786,50062,1403594,32,TWSE,common_stock,true,false,false,false,false,false,false,false,true,
2025-10-31,6133,金橋,listed,16.45,16.45,15.8,16.1,-0.25,-1.5291,475158,7670817,255,TWSE,common_stock,true,false,false,false,false,false,false,false,true,
2025-10-31,6136,富爾特,listed,23.6,23.6,23.4,23.55,-0.1,-0.4228,46884,1100574,63,TWSE,common_stock,true,false,false,false,false,false,false,false,true,
2025-10-31,6139,亞翔,listed,469.0,494.0,469.0,478.5,15.5,3.3477,8704431,4215494261,10761,TWSE,common_stock,true,false,false,false,false,false,false,false,true,
2025-10-31,6141,柏承,listed,11.5,12.4,11.45,12.0,0.6,5.2632,339241,3994728,245,TWSE,common_stock,true,false,false,false,false,false,false,false,true,
2025-10-31,6142,友勁,listed,10.2,10.2,9.9,10.0,-0.2,-1.9608,510055,5122073,259,TWSE,common_stock,true,false,false,false,false,false,false,false,true,
2025-10-31,6152,百一,listed,9.68,9.71,9.25,9.38,-0.3,-3.0992,1667197,15699900,876,TWSE,common_stock,true,false,false,false,false,false,false,false,true,
2025-10-31,6153,嘉聯益,listed,15.35,15.45,14.85,14.85,-0.4,-2.623,2894068,43497877,1433,TWSE,common_stock,true,false,false,false,false,false,false,false,true,
2025-10-31,6155,鈞寶,listed,28.4,28.65,27.35,27.5,-0.9,-3.169,1043516,28885256,969,TWSE,common_stock,true,false,false,false,false,false,false,false,true,
2025-10-31,6164,華興,listed,10.05,10.05,9.88,9.92,-0.01,-0.1007,145148,1439471,339,TWSE,common_stock,true,false,false,false,false,false,false,false,true,
2025-10-31,6165,浪凡,listed,53.5,53.8,52.4,52.5,-0.8,-1.5009,581154,30814238,448,TWSE,common_stock,true,false,false,false,false,false,false,false,true,
2025-10-31,6166,凌華,listed,60.2,60.6,59.3,59.3,-0.6,-1.0017,320648,19081361,318,TWSE,common_stock,true,false,false,false,false,false,false,false,true,
2025-10-31,6168,宏齊,listed,20.75,21.2,20.3,20.3,-0.25,-1.2165,601665,12452726,397,TWSE,common_stock,true,false,false,false,false,false,false,false,true,
2025-10-31,6176,瑞儀,listed,132.0,135.0,131.0,132.0,2.5,1.9305,4114249,547755502,3108,TWSE,common_stock,true,false,false,false,false,false,false,false,true,
2025-10-31,6177,達麗,listed,50.0,50.0,49.25,49.35,-0.65,-1.3,873233,43361634,1690,TWSE,common_stock,true,false,false,false,false,false,false,false,true,
2025-10-31,6183,關貿,listed,96.9,96.9,96.1,96.1,-0.6,-0.6205,27134,2616871,72,TWSE,common_stock,true,false,false,false,false,false,false,false,true,
2025-10-31,6184,大豐電,listed,49.05,49.15,48.95,49.05,0.05,0.102,55272,2710831,47,TWSE,common_stock,true,false,false,false,false,false,false,false,true,
2025-10-31,6189,豐藝,listed,48.9,48.9,47.5,47.5,-1.3,-2.6639,815703,39086617,1289,TWSE,common_stock,true,false,false,false,false,false,false,false,true,
2025-10-31,6191,精成科,listed,114.5,122.0,114.0,117.0,4.5,4.0,50632348,5931644645,30645,TWSE,common_stock,true,false,false,false,false,false,false,false,true,
2025-10-31,6192,巨路,listed,101.0,101.0,99.1,99.1,-0.9,-0.9,95270,9477147,250,TWSE,common_stock,true,false,false,false,false,false,false,false,true,
2025-10-31,6196,帆宣,listed,240.0,252.0,238.5,246.0,8.0,3.3613,2189263,541236313,3124,TWSE,common_stock,true,false,false,false,false,false,false,false,true,
2025-10-31,6197,佳必琪,listed,166.5,168.5,166.0,167.5,1.0,0.6006,773765,129190957,2966,TWSE,common_stock,true,false,false,false,false,false,false,false,true,
2025-10-31,6201,亞弘電,listed,56.0,57.9,56.0,56.4,0.4,0.7143,27492,1550177,53,TWSE,common_stock,true,false,false,false,false,false,false,false,true,
2025-10-31,6202,盛群,listed,41.2,41.8,40.3,40.5,-0.7,-1.699,743936,30386389,814,TWSE,common_stock,true,false,false,false,false,false,false,false,true,
2025-10-31,6205,詮欣,listed,40.0,40.35,39.65,40.1,-0.05,-0.1245,179322,7157966,106,TWSE,common_stock,true,false,false,false,false,false,false,false,true,
2025-10-31,6206,飛捷,listed,106.5,107.5,106.0,106.5,0.0,0.0,258721,27611919,308,TWSE,common_stock,true,false,false,false,false,false,false,false,true,
2025-10-31,6209,今國光,listed,43.6,46.85,43.15,46.0,3.0,6.9767,14091543,644947377,9823,TWSE,common_stock,true,false,false,false,false,false,false,false,true,
2025-10-31,6213,聯茂,listed,117.5,122.0,115.5,117.0,-1.0,-0.8475,29513656,3511621128,21504,TWSE,common_stock,true,false,false,false,false,false,false,false,true,
2025-10-31,6214,精誠,listed,129.5,130.5,128.0,129.5,1.0,0.7782,1805621,233934031,1384,TWSE,common_stock,true,false,false,false,false,false,false,false,true,
2025-10-31,6215,和椿,listed,116.0,119.5,115.5,118.0,2.5,2.1645,1199176,141382260,1190,TWSE,common_stock,true,false,false,false,false,false,false,false,true,
2025-10-31,6216,居易,listed,28.2,28.2,27.25,27.3,-0.45,-1.6216,331465,9147983,367,TWSE,common_stock,true,false,false,false,false,false,false,false,true,
2025-10-31,6224,聚鼎,listed,46.3,46.4,45.5,46.0,-0.15,-0.325,230361,10556460,397,TWSE,common_stock,true,false,false,false,false,false,false,false,true,
2025-10-31,6225,天瀚,listed,18.5,18.95,18.25,18.25,0.55,3.1073,14412,266754,26,TWSE,common_stock,true,false,false,false,false,false,false,false,true,
2025-10-31,6226,光鼎,listed,6.66,6.66,6.52,6.65,-0.01,-0.1502,111273,734683,72,TWSE,common_stock,true,false,false,false,false,false,false,false,true,
2025-10-31,6230,尼得科超眾,listed,140.0,140.0,135.0,136.5,-1.0,-0.7273,83592,11389089,310,TWSE,common_stock,true,false,false,false,false,false,false,false,true,
2025-10-31,6235,華孚,listed,70.2,71.7,69.5,70.8,1.0,1.4327,1811333,127987496,1585,TWSE,common_stock,true,false,false,false,false,false,false,false,true,
2025-10-31,6239,力成,listed,178.5,183.0,172.5,173.0,-4.0,-2.2599,14106231,2499573725,12828,TWSE,common_stock,true,false,false,false,false,false,false,false,true,
2025-10-31,6243,迅杰,listed,33.85,33.85,33.05,33.05,-0.05,-0.1511,67759,2247875,89,TWSE,common_stock,true,false,false,false,false,false,false,false,true,
2025-10-31,6257,矽格,listed,98.5,106.0,98.5,104.5,7.0,7.1795,9993574,1038142972,9343,TWSE,common_stock,true,false,false,false,false,false,false,false,true,
2025-10-31,6269,台郡,listed,64.0,64.2,62.5,63.2,-0.1,-0.158,1235621,78160158,1031,TWSE,common_stock,true,false,false,false,false,false,false,false,true,
2025-10-31,6271,同欣電,listed,123.0,128.0,121.5,125.5,6.5,5.4622,7420913,925660049,5810,TWSE,common_stock,true,false,false,false,false,false,false,false,true,
2025-10-31,6277,宏正,listed,61.4,61.4,60.6,60.6,-0.4,-0.6557,89770,5465244,88,TWSE,common_stock,true,false,false,false,false,false,false,false,true,
2025-10-31,6278,台表科,listed,110.0,114.0,109.5,110.0,1.5,1.3825,5734159,638170973,3861,TWSE,common_stock,true,false,false,false,false,false,false,false,true,
2025-10-31,6281,全國電,listed,66.2,66.5,66.1,66.2,0.0,0.0,91726,6074812,146,TWSE,common_stock,true,false,false,false,false,false,false,false,true,
2025-10-31,6282,康舒,listed,46.8,47.5,43.1,43.6,-2.7,-5.8315,84360327,3753039891,50227,TWSE,common_stock,true,false,false,false,false,false,false,false,true,
2025-10-31,6283,淳安,listed,25.7,26.2,25.3,25.75,0.3,1.1788,161672,4165362,104,TWSE,common_stock,true,false,false,false,false,false,false,false,true,
2025-10-31,6285,啟碁,listed,127.5,127.5,124.0,125.5,-0.5,-0.3968,3318712,417700251,3321,TWSE,common_stock,true,false,false,false,false,false,false,false,true,
2025-10-31,6405,悅城,listed,28.95,29.4,27.9,27.9,-1.05,-3.6269,369468,10423983,324,TWSE,common_stock,true,false,false,false,false,false,false,false,true,
2025-10-31,6409,旭隼,listed,1225.0,1225.0,1205.0,1210.0,-20.0,-1.626,474457,576982045,1545,TWSE,common_stock,true,false,false,false,false,false,false,false,true,
2025-10-31,6412,群電,listed,94.0,94.0,90.2,90.2,-3.0,-3.2189,1967748,180260983,2362,TWSE,common_stock,true,false,false,false,false,false,false,false,true,
2025-10-31,6414,樺漢,listed,294.5,298.0,292.5,292.5,1.0,0.3431,571489,168453635,1749,TWSE,common_stock,true,false,false,false,false,false,false,false,true,
2025-10-31,6415,矽力*-KY,listed,229.5,229.5,222.5,222.5,-6.5,-2.8384,2784635,625074436,2582,TWSE,common_stock,true,false,false,false,false,false,false,false,true,
2025-10-31,6416,瑞祺電通,listed,86.0,86.0,84.1,84.2,-1.3,-1.5205,107288,9075779,621,TWSE,common_stock,true,false,false,false,false,false,false,false,true,
2025-10-31,6423,億而得-創,listed,74.8,75.1,74.8,75.0,0.3,0.4016,18316,1373069,19,TWSE,common_stock,true,false,false,false,false,false,false,false,true,
2025-10-31,6426,統新,listed,76.5,77.9,75.2,76.9,1.9,2.5333,299854,22898434,333,TWSE,common_stock,true,false,false,false,false,false,false,false,true,
2025-10-31,6431,光麗-KY,listed,16.15,16.3,16.1,16.15,-0.05,-0.3086,29003,469542,21,TWSE,common_stock,true,false,false,false,false,false,false,false,true,
2025-10-31,6438,迅得,listed,156.5,160.0,156.0,157.5,1.5,0.9615,800514,126880066,1321,TWSE,common_stock,true,false,false,false,false,false,false,false,true,
2025-10-31,6442,光聖,listed,952.0,979.0,937.0,939.0,-4.0,-0.4242,4335525,4127108448,7862,TWSE,common_stock,true,false,false,false,false,false,false,false,true,
2025-10-31,6443,元晶,listed,14.6,14.7,14.05,14.05,-0.25,-1.7483,3478609,49409658,1727,TWSE,common_stock,true,false,false,false,false,false,false,false,true,
2025-10-31,6446,藥華藥,listed,494.5,504.0,493.5,498.0,6.0,1.2195,1343559,671209892,2362,TWSE,common_stock,true,false,false,false,false,false,false,false,true,
2025-10-31,6449,鈺邦,listed,187.0,190.5,185.0,185.0,-0.5,-0.2695,1151004,215259922,2228,TWSE,common_stock,true,false,false,false,false,false,false,false,true,
2025-10-31,6451,訊芯-KY,listed,142.0,144.0,140.5,143.5,2.0,1.4134,313424,44619667,393,TWSE,common_stock,true,false,false,false,false,false,false,false,true,
2025-10-31,6456,GIS-KY,listed,51.3,51.3,49.5,49.5,-0.7,-1.3944,954181,47622223,756,TWSE,common_stock,true,false,false,false,false,false,false,false,true,
2025-10-31,6464,台數科,listed,77.7,77.7,77.3,77.3,-0.4,-0.5148,6121,473548,9,TWSE,common_stock,true,false,false,false,false,false,false,false,true,
2025-10-31,6472,保瑞,listed,623.0,629.0,620.0,621.0,3.0,0.4854,567195,353602618,1890,TWSE,common_stock,true,false,false,false,false,false,false,false,true,
2025-10-31,6477,安集,listed,37.85,38.0,37.3,37.3,-0.2,-0.5333,337197,12688396,381,TWSE,common_stock,true,false,false,false,false,false,false,false,true,
2025-10-31,6491,晶碩,listed,335.0,345.0,332.0,340.5,10.5,3.1818,673420,227919504,1349,TWSE,common_stock,true,false,false,false,false,false,false,false,true,
2025-10-31,6504,南六,listed,45.0,46.05,43.85,44.1,-0.9,-2.0,98044,4348234,82,TWSE,common_stock,true,false,false,false,false,false,false,false,true,
2025-10-31,6505,台塑化,listed,45.85,45.95,44.6,44.7,-0.85,-1.8661,5252941,236657555,3668,TWSE,common_stock,true,false,false,false,false,false,false,false,true,
2025-10-31,6515,穎崴,listed,2520.0,2650.0,2490.0,2630.0,90.0,3.5433,937257,2425101980,3027,TWSE,common_stock,true,false,false,false,false,false,false,false,true,
2025-10-31,6525,捷敏-KY,listed,79.3,81.6,79.3,81.5,2.2,2.7743,261711,21147684,271,TWSE,common_stock,true,false,false,false,false,false,false,false,true,
2025-10-31,6526,達發,listed,503.0,505.0,498.5,500.0,1.0,0.2004,236301,118533502,544,TWSE,common_stock,true,false,false,false,false,false,false,false,true,
2025-10-31,6531,愛普*,listed,387.5,409.0,385.5,405.0,17.5,4.5161,11328557,4499624320,12005,TWSE,common_stock,true,false,false,false,false,false,false,false,true,
2025-10-31,6533,晶心科,listed,265.0,271.0,265.0,268.0,4.0,1.5152,388282,104535207,721,TWSE,common_stock,true,false,false,false,false,false,false,false,true,
2025-10-31,6534,正瀚-創,listed,106.0,106.0,104.0,104.0,-1.0,-0.9524,88000,9212000,51,TWSE,common_stock,true,false,false,false,false,false,false,false,true,
2025-10-31,6541,泰福-KY,listed,56.4,58.1,56.0,56.1,0.2,0.3578,759314,43205173,859,TWSE,common_stock,true,false,false,false,false,false,false,false,true,
2025-10-31,6550,北極星藥業-KY,listed,35.0,35.4,34.2,34.3,-0.95,-2.695,1043373,36234905,800,TWSE,common_stock,true,false,false,false,false,false,false,false,true,
2025-10-31,6552,易華電,listed,25.5,25.55,25.15,25.2,-0.3,-1.1765,63509,1606807,58,TWSE,common_stock,true,false,false,false,false,false,false,false,true,
2025-10-31,6558,興能高,listed,40.6,40.6,40.0,40.05,-0.05,-0.1247,699597,28107640,550,TWSE,common_stock,true,false,false,false,false,false,false,false,true,
2025-10-31,6573,虹揚-KY,listed,16.3,16.45,15.1,15.5,-0.7,-4.321,1443847,22470700,901,TWSE,common_stock,true,false,false,false,false,false,false,false,true,
2025-10-31,6579,研揚,listed,135.5,139.0,134.0,135.5,2.0,1.4981,285373,38824281,716,TWSE,common_stock,true,false,false,false,false,false,false,false,true,
2025-10-31,6581,鋼聯,listed,111.0,111.0,110.0,110.0,0.0,0.0,10212,1124326,40,TWSE,common_stock,true,false,false,false,false,false,false,false,true,
2025-10-31,6582,申豐,listed,33.65,33.85,33.0,33.15,-0.5,-1.4859,153898,5127268,922,TWSE,common_stock,true,false,false,false,false,false,false,false,true,
2025-10-31,6585,鼎基,listed,97.9,98.9,97.7,97.9,0.3,0.3074,42656,4181526,63,TWSE,common_stock,true,false,false,false,false,false,false,false,true,
2025-10-31,6589,台康生技,listed,66.2,68.9,66.0,67.0,1.2,1.8237,766444,51691436,580,TWSE,common_stock,true,false,false,false,false,false,false,false,true,
2025-10-31,6591,動力-KY,listed,78.8,83.9,78.8,83.9,5.2,6.6074,2003489,166001239,2579,TWSE,common_stock,true,false,false,false,false,false,false,false,true,
2025-10-31,6592,和潤企業,listed,62.9,63.0,61.6,61.6,-0.9,-1.44,680121,42030497,883,TWSE,common_stock,true,false,false,false,false,false,false,false,true,
2025-10-31,6592A,和潤企業甲特,listed,,,,,0.0,,97,9476,2,TWSE,warrant,false,false,true,false,false,false,false,false,false,security_type=warrant;symbol_not_4_digit;invalid_close
2025-10-31,6592B,和潤企業乙特,listed,97.7,98.1,97.7,98.1,0.1,0.102,11392,1113664,80,TWSE,warrant,false,false,true,false,false,false,false,false,false,security_type=warrant;symbol_not_4_digit
2025-10-31,6598,ABC-KY,listed,23.15,23.15,22.8,22.9,-0.1,-0.4348,68228,1559666,63,TWSE,common_stock,true,false,false,false,false,false,false,false,true,
2025-10-31,6605,帝寶,listed,139.5,139.5,136.0,136.5,-1.5,-1.087,552051,75634760,655,TWSE,common_stock,true,false,false,false,false,false,false,false,true,
2025-10-31,6606,建德工業,listed,25.0,25.2,24.85,24.95,-0.05,-0.2,31534,787353,29,TWSE,common_stock,true,false,false,false,false,false,false,false,true,
2025-10-31,6625,必應,listed,77.6,78.7,77.1,78.7,1.1,1.4175,186484,14577226,292,TWSE,common_stock,true,false,false,false,false,false,false,false,true,
2025-10-31,6641,基士德-KY,listed,21.05,21.55,21.05,21.55,-0.1,-0.4619,2000,42600,2,TWSE,common_stock,true,false,false,false,false,false,false,false,true,
2025-10-31,6645,金萬林-創,listed,22.35,22.35,21.8,21.8,0.1,0.4608,55997,1230853,67,TWSE,common_stock,true,false,false,false,false,false,false,false,true,
2025-10-31,6655,科定,listed,113.5,114.5,109.5,110.5,-0.5,-0.4505,46061,5161729,54,TWSE,common_stock,true,false,false,false,false,false,false,false,true,
2025-10-31,6657,華安,listed,44.5,45.7,44.5,45.1,0.45,1.0078,311606,14056165,236,TWSE,common_stock,true,false,false,false,false,false,false,false,true,
2025-10-31,6658,聯策,listed,57.6,57.6,56.5,56.7,-0.5,-0.8741,138720,7905761,137,TWSE,common_stock,true,false,false,false,false,false,false,false,true,
2025-10-31,6666,羅麗芬-KY,listed,49.85,49.85,48.9,49.3,0.25,0.5097,26101,1283793,25,TWSE,common_stock,true,false,false,false,false,false,false,false,true,
2025-10-31,6668,中揚光,listed,42.7,43.15,41.75,42.0,-1.5,-3.4483,493292,20803066,701,TWSE,common_stock,true,false,false,false,false,false,false,false,true,
2025-10-31,6669,緯穎,listed,4345.0,4375.0,4255.0,4365.0,65.0,1.5116,1371117,5931855795,6848,TWSE,common_stock,true,false,false,false,false,false,false,false,true,
2025-10-31,6670,復盛應用,listed,247.0,247.0,242.5,242.5,-2.0,-0.818,370258,90483470,612,TWSE,common_stock,true,false,false,false,false,false,false,false,true,
2025-10-31,6671,三能-KY,listed,36.5,36.5,36.2,36.2,-0.15,-0.4127,5217,189874,9,TWSE,common_stock,true,false,false,false,false,false,false,false,true,
2025-10-31,6672,騰輝電子-KY,listed,88.3,91.3,88.3,89.7,1.3,1.4706,471612,42455390,1180,TWSE,common_stock,true,false,false,false,false,false,false,false,true,
2025-10-31,6674,鋐寶科技,listed,21.25,21.75,20.75,20.75,-0.5,-2.3529,65942,1392552,89,TWSE,common_stock,true,false,false,false,false,false,false,false,true,
2025-10-31,6689,伊雲谷,listed,71.6,74.7,71.0,71.7,1.5,2.1368,618538,44901233,583,TWSE,common_stock,true,false,false,false,false,false,false,false,true,
2025-10-31,6691,洋基工程,listed,460.0,472.5,460.0,460.0,1.0,0.2179,841624,392502670,1871,TWSE,common_stock,true,false,false,false,false,false,false,false,true,
2025-10-31,6695,芯鼎,listed,50.0,50.4,49.7,49.85,-0.15,-0.3,435556,21787471,322,TWSE,common_stock,true,false,false,false,false,false,false,false,true,
2025-10-31,6698,旭暉應材,listed,34.9,35.55,34.5,35.15,0.35,1.0057,139737,4902198,128,TWSE,common_stock,true,false,false,false,false,false,false,false,true,
2025-10-31,6706,惠特,listed,69.5,69.8,68.8,69.1,0.6,0.8759,554103,38376595,521,TWSE,common_stock,true,false,false,false,false,false,false,false,true,
2025-10-31,6715,嘉基,listed,93.0,93.0,91.4,92.0,0.6,0.6565,55166,5074533,80,TWSE,common_stock,true,false,false,false,false,false,false,false,true,
2025-10-31,6719,力智,listed,190.0,191.0,187.0,188.0,-0.5,-0.2653,240934,45299563,788,TWSE,common_stock,true,false,false,false,false,false,false,false,true,
2025-10-31,6742,澤米,listed,47.3,48.1,47.0,47.95,0.85,1.8047,264166,12581919,302,TWSE,common_stock,true,false,false,false,false,false,false,false,true,
2025-10-31,6743,安普新,listed,29.6,29.7,29.25,29.35,-0.4,-1.3445,117222,3451018,265,TWSE,common_stock,true,false,false,false,false,false,false,false,true,
2025-10-31,6753,龍德造船,listed,121.0,125.0,120.5,120.5,-0.5,-0.4132,1058247,128953740,1189,TWSE,common_stock,true,false,false,false,false,false,false,false,true,
2025-10-31,6754,匯僑設計,listed,46.15,46.45,46.1,46.1,-0.05,-0.1083,9192,424611,14,TWSE,common_stock,true,false,false,false,false,false,false,false,true,
2025-10-31,6756,威鋒電子,listed,83.1,83.6,82.4,82.9,0.0,0.0,97792,8113799,135,TWSE,common_stock,true,false,false,false,false,false,false,false,true,
2025-10-31,6757,台灣虎航,listed,68.4,68.6,67.3,67.8,0.0,0.0,1548121,105267789,2993,TWSE,common_stock,true,false,false,false,false,false,false,false,true,
2025-10-31,6768,志強-KY,listed,114.5,114.5,112.0,112.5,-1.0,-0.8811,793036,89543232,753,TWSE,common_stock,true,false,false,false,false,false,false,false,true,
2025-10-31,6770,力積電,listed,32.95,33.0,31.5,31.5,-1.55,-4.6899,197455702,6322395344,84549,TWSE,common_stock,true,false,false,false,false,false,false,false,true,
2025-10-31,6771,平和環保-創,listed,49.5,49.6,49.5,49.6,0.1,0.202,12701,629528,21,TWSE,common_stock,true,false,false,false,false,false,false,false,true,
2025-10-31,6776,展碁國際,listed,52.0,52.4,51.8,52.1,0.1,0.1923,41596,2170364,38,TWSE,common_stock,true,false,false,false,false,false,false,false,true,
2025-10-31,6781,AES-KY,listed,1120.0,1195.0,1115.0,1180.0,55.0,4.8889,2261368,2637401630,4587,TWSE,common_stock,true,false,false,false,false,false,false,false,true,
2025-10-31,6782,視陽,listed,198.5,200.0,196.0,198.5,1.5,0.7614,282120,56093716,458,TWSE,common_stock,true,false,false,false,false,false,false,false,true,
2025-10-31,6789,采鈺,listed,248.5,258.5,248.5,258.0,11.5,4.6653,2486023,634281561,3652,TWSE,common_stock,true,false,false,false,false,false,false,false,true,
2025-10-31,6790,永豐實,listed,38.4,38.55,38.35,38.4,0.0,0.0,92729,3560205,92,TWSE,etf,false,true,false,false,false,false,false,false,false,security_type=etf
2025-10-31,6792,詠業,listed,55.0,55.7,54.9,55.7,0.6,1.0889,42070,2324095,35,TWSE,common_stock,true,false,false,false,false,false,false,false,true,
2025-10-31,6794,向榮生技,listed,69.4,69.4,68.5,68.7,0.7,1.0294,15039,1035382,19,TWSE,common_stock,true,false,false,false,false,false,false,false,true,
2025-10-31,6796,晉弘,listed,92.6,92.6,90.6,91.6,-1.0,-1.0799,51912,4750501,174,TWSE,common_stock,true,false,false,false,false,false,false,false,true,
2025-10-31,6799,來頡,listed,81.0,84.3,81.0,83.3,3.6,4.5169,584388,48637838,769,TWSE,common_stock,true,false,false,false,false,false,false,false,true,
2025-10-31,6805,富世達,listed,1430.0,1465.0,1415.0,1455.0,30.0,2.1053,1255933,1804725460,2527,TWSE,common_stock,true,false,false,false,false,false,false,false,true,
2025-10-31,6806,森崴能源,listed,60.6,61.9,60.0,60.8,0.7,1.1647,2715112,166039077,2797,TWSE,common_stock,true,false,false,false,false,false,false,false,true,
2025-10-31,6807,峰源-KY,listed,48.05,48.3,47.6,47.95,-0.1,-0.2081,24317,1163286,26,TWSE,common_stock,true,false,false,false,false,false,false,false,true,
2025-10-31,6830,汎銓,listed,167.5,171.5,167.5,171.5,4.5,2.6946,315105,53688515,399,TWSE,common_stock,true,false,false,false,false,false,false,false,true,
2025-10-31,6834,天二科技,listed,29.05,29.05,28.4,28.45,-0.2,-0.6981,155489,4439503,138,TWSE,common_stock,true,false,false,false,false,false,false,false,true,
2025-10-31,6835,圓裕,listed,39.5,39.5,39.0,39.0,-0.05,-0.128,22160,871394,26,TWSE,common_stock,true,false,false,false,false,false,false,false,true,
2025-10-31,6838,台新藥,listed,28.05,28.55,28.05,28.1,0.05,0.1783,108206,3065197,82,TWSE,common_stock,true,false,false,false,false,false,false,false,true,
2025-10-31,6854,錼創科技-KY創,listed,153.5,155.0,152.0,152.5,-1.0,-0.6515,131783,20140378,179,TWSE,common_stock,true,false,false,false,false,false,false,false,true,
2025-10-31,6861,睿生光電,listed,59.2,60.1,58.5,58.5,-0.8,-1.3491,132950,7848366,224,TWSE,common_stock,true,false,false,false,false,false,false,false,true,
2025-10-31,6862,三集瑞-KY,listed,195.5,198.5,186.5,190.0,-4.0,-2.0619,869668,166118439,1494,TWSE,common_stock,true,false,false,false,false,false,false,false,true,
2025-10-31,6863,永道-KY,listed,144.0,144.0,140.5,141.0,-3.0,-2.0833,95200,13454685,506,TWSE,common_stock,true,false,false,false,false,false,false,false,true,
2025-10-31,6869,雲豹能源,listed,118.5,121.5,118.5,120.5,2.5,2.1186,561489,67465478,534,TWSE,common_stock,true,false,false,false,false,false,false,false,true,
2025-10-31,6873,泓德能源,listed,125.0,131.5,125.0,130.0,5.0,4.0,1242510,160464934,1123,TWSE,common_stock,true,false,false,false,false,false,false,false,true,
2025-10-31,6885,全福生技,listed,30.5,30.7,30.25,30.25,-0.25,-0.8197,131967,4013513,144,TWSE,common_stock,true,false,false,false,false,false,false,false,true,
2025-10-31,6887,寶綠特-KY,listed,64.0,64.8,63.5,64.3,0.0,0.0,51043,3284560,32,TWSE,common_stock,true,false,false,false,false,false,false,false,true,
2025-10-31,6890,來億-KY,listed,221.0,222.0,218.0,218.0,-4.5,-2.0225,482500,106194174,604,TWSE,common_stock,true,false,false,false,false,false,false,false,true,
2025-10-31,6901,鑽石投資,listed,18.25,18.5,18.15,18.2,-0.05,-0.274,433542,7947060,260,TWSE,common_stock,true,false,false,false,false,false,false,false,true,
2025-10-31,6902,GOGOLOOK,listed,75.8,76.1,75.1,75.3,-0.5,-0.6596,22443,1692993,31,TWSE,common_stock,true,false,false,false,false,false,false,false,true,
2025-10-31,6906,現觀科,listed,105.0,105.0,101.5,101.5,-3.5,-3.3333,64270,6587249,132,TWSE,common_stock,true,false,false,false,false,false,false,false,true,
2025-10-31,6909,創控,listed,38.65,39.0,36.9,37.6,-0.25,-0.6605,380924,14537463,178,TWSE,common_stock,true,false,false,false,false,false,false,false,true,
2025-10-31,6914,阜爾運通,listed,150.0,153.0,150.0,151.5,1.5,1.0,56742,8602026,395,TWSE,common_stock,true,false,false,false,false,false,false,false,true,
2025-10-31,6916,華凌,listed,18.6,18.75,18.2,18.35,-0.25,-1.3441,47115,868905,46,TWSE,common_stock,true,false,false,false,false,false,false,false,true,
2025-10-31,6918,愛派司,listed,83.7,85.0,83.7,84.6,1.3,1.5606,35263,2984300,59,TWSE,common_stock,true,false,false,false,false,false,false,false,true,
2025-10-31,6919,康霈*,listed,148.0,155.0,147.5,150.5,4.5,3.0822,7440527,1128630046,6441,TWSE,common_stock,true,false,false,false,false,false,false,false,true,
2025-10-31,6923,中台,listed,99.8,101.0,98.5,99.4,0.2,0.2016,531540,52968269,358,TWSE,common_stock,true,false,false,false,false,false,false,false,true,
2025-10-31,6924,榮惠-KY創,listed,52.0,52.0,50.4,50.4,0.3,0.5988,2001,102450,3,TWSE,common_stock,true,false,false,false,false,false,false,false,true,
2025-10-31,6928,攸泰科技,listed,55.5,56.0,54.1,54.1,-0.9,-1.6364,108376,5942298,151,TWSE,common_stock,true,false,false,false,false,false,false,false,true,
2025-10-31,6931,青松健康,listed,56.0,60.5,53.4,60.4,5.4,9.8182,1469525,85564035,3762,TWSE,common_stock,true,false,false,false,false,false,false,false,true,
2025-10-31,6933,AMAX-KY,listed,205.5,217.5,194.5,208.5,7.5,3.7313,2847828,589068215,4273,TWSE,common_stock,true,false,false,false,false,false,false,false,true,
2025-10-31,6936,永鴻生技,listed,35.35,35.7,35.35,35.4,0.25,0.7112,144208,5111275,182,TWSE,common_stock,true,false,false,false,false,false,false,false,true,
2025-10-31,6937,天虹,listed,258.0,262.0,254.5,258.0,1.0,0.3891,401711,103970740,1013,TWSE,common_stock,true,false,false,false,false,false,false,false,true,
2025-10-31,6944,兆聯實業,listed,582.0,588.0,575.0,580.0,0.0,0.0,474388,276474190,1170,TWSE,common_stock,true,false,false,false,false,false,false,false,true,
2025-10-31,6949,沛爾生醫-創,listed,359.0,370.0,355.0,366.0,5.0,1.385,52738,19012530,80,TWSE,common_stock,true,false,false,false,false,false,false,false,true,
2025-10-31,6951,青新-創,listed,74.7,74.9,74.6,74.9,0.2,0.2677,12648,944926,24,TWSE,common_stock,true,false,false,false,false,false,false,false,true,
2025-10-31,6952,大武山,listed,44.6,45.0,44.6,45.0,0.2,0.4464,16329,731627,28,TWSE,common_stock,true,false,false,false,false,false,false,false,true,
2025-10-31,6955,邦睿生技-創,listed,166.0,168.5,166.0,168.5,2.5,1.506,5740,958580,7,TWSE,common_stock,true,false,false,false,false,false,false,false,true,
2025-10-31,6957,裕慶-KY,listed,196.0,197.5,191.5,196.0,4.0,2.0833,167047,32623498,297,TWSE,common_stock,true,false,false,false,false,false,false,false,true,
2025-10-31,6958,日盛台駿,listed,17.95,17.95,17.5,17.6,-0.1,-0.565,28617,503240,43,TWSE,common_stock,true,false,false,false,false,false,false,false,true,
2025-10-31,6962,奕力-KY,listed,44.3,47.6,44.3,46.05,2.4,5.4983,10904282,503621649,6790,TWSE,common_stock,true,false,false,false,false,false,false,false,true,
2025-10-31,6965,中傑-KY,listed,86.2,86.2,85.3,85.7,-0.3,-0.3488,88064,7538927,80,TWSE,common_stock,true,false,false,false,false,false,false,false,true,
2025-10-31,6969,成信實業*-創,listed,36.4,36.4,36.3,36.3,-0.1,-0.2747,11000,399600,6,TWSE,common_stock,true,false,false,false,false,false,false,false,true,
2025-10-31,6988,威力暘-創,listed,15.2,15.2,14.95,14.95,0.1,0.6734,6650,100320,10,TWSE,common_stock,true,false,false,false,false,false,false,false,true,
2025-10-31,6994,富威電力,listed,94.0,95.6,93.6,93.9,0.9,0.9677,421090,39884554,630,TWSE,common_stock,true,false,false,false,false,false,false,false,true,
2025-10-31,7610,聯友金屬-創,listed,110.0,110.0,107.0,107.5,-6.5,-5.7018,597616,64582366,716,TWSE,common_stock,true,false,false,false,false,false,false,false,true,
2025-10-31,7631,聚賢研發-創,listed,129.0,134.0,129.0,134.0,0.5,0.3745,21000,2770000,14,TWSE,common_stock,true,false,false,false,false,false,false,false,true,
2025-10-31,7705,三商餐飲,listed,40.6,41.0,40.6,40.7,0.0,0.0,47153,1925496,103,TWSE,common_stock,true,false,false,false,false,false,false,false,true,
2025-10-31,7721,微程式,listed,59.1,59.3,59.0,59.1,-0.2,-0.3373,20377,1205013,42,TWSE,common_stock,true,false,false,false,false,false,false,false,true,
2025-10-31,7722,LINEPAY,listed,558.0,576.0,558.0,571.0,11.0,1.9643,89553,50979935,415,TWSE,common_stock,true,false,false,false,false,false,false,false,true,
2025-10-31,7732,金興精密,listed,35.5,35.75,35.5,35.75,0.25,0.7042,6062,216244,8,TWSE,common_stock,true,false,false,false,false,false,false,false,true,
2025-10-31,7736,虎山,listed,94.5,94.5,94.2,94.3,-0.2,-0.2116,6140,579047,14,TWSE,common_stock,true,false,false,false,false,false,false,false,true,
2025-10-31,7740,熙特爾-創,listed,205.0,205.0,201.0,203.0,-2.0,-0.9756,73059,14850595,108,TWSE,common_stock,true,false,false,false,false,false,false,false,true,
2025-10-31,7749,意騰-KY,listed,488.0,488.5,481.0,482.5,0.0,0.0,137313,66343947,414,TWSE,common_stock,true,false,false,false,false,false,false,false,true,
2025-10-31,7750,新代,listed,830.0,845.0,830.0,845.0,7.0,0.8353,70540,59156374,336,TWSE,common_stock,true,false,false,false,false,false,false,false,true,
2025-10-31,7765,中華資安,listed,287.0,287.0,281.5,283.0,-3.5,-1.2216,133078,37713500,550,TWSE,common_stock,true,false,false,false,false,false,false,false,true,
2025-10-31,7780,大研生醫*,listed,167.5,175.0,167.5,170.0,4.5,2.719,481294,82607627,912,TWSE,common_stock,true,false,false,false,false,false,false,false,true,
2025-10-31,7788,松川精密,listed,117.5,119.5,117.0,117.5,1.0,0.8584,121656,14382456,141,TWSE,common_stock,true,false,false,false,false,false,false,false,true,
2025-10-31,7791,皇家可口,listed,80.2,81.2,80.0,80.9,0.7,0.8728,283241,22791983,358,TWSE,common_stock,true,false,false,false,false,false,false,false,true,
2025-10-31,7799,禾榮科,listed,642.0,680.0,636.0,679.0,29.0,4.4615,417212,275560554,1151,TWSE,common_stock,true,false,false,false,false,false,false,false,true,
2025-10-31,8011,台通,listed,24.3,24.3,22.6,22.8,-2.15,-8.6172,5665620,131981371,3743,TWSE,common_stock,true,false,false,false,false,false,false,false,true,
2025-10-31,8016,矽創,listed,202.5,204.5,200.0,200.5,-2.0,-0.9877,814459,163673138,1594,TWSE,common_stock,true,false,false,false,false,false,false,false,true,
2025-10-31,8021,尖點,listed,114.5,122.0,113.0,118.5,5.0,4.4053,42190850,4996778566,26980,TWSE,common_stock,true,false,false,false,false,false,false,false,true,
2025-10-31,8028,昇陽半導體,listed,170.0,176.5,170.0,173.5,3.5,2.0588,5558334,966089926,5333,TWSE,common_stock,true,false,false,false,false,false,false,false,true,
2025-10-31,8033,雷虎,listed,120.0,122.0,115.0,117.0,-3.5,-2.9046,5011411,589130103,5598,TWSE,common_stock,true,false,false,false,false,false,false,false,true,
2025-10-31,8039,台虹,listed,62.9,68.5,62.6,68.1,5.8,9.3098,35319689,2356032042,23904,TWSE,common_stock,true,false,false,false,false,false,false,false,true,
2025-10-31,8045,達運光電,listed,82.0,82.1,81.0,81.0,-1.0,-1.2195,147459,12000455,257,TWSE,common_stock,true,false,false,false,false,false,false,false,true,
2025-10-31,8046,南電,listed,286.5,296.0,283.0,290.5,8.5,3.0142,28685296,8317105780,37491,TWSE,common_stock,true,false,false,false,false,false,false,false,true,
2025-10-31,8070,長華*,listed,44.85,46.45,44.7,45.3,0.85,1.9123,10847236,495877720,7351,TWSE,common_stock,true,false,false,false,false,false,false,false,true,
2025-10-31,8072,陞泰,listed,32.4,32.4,31.5,31.5,-0.3,-0.9434,163740,5194726,195,TWSE,common_stock,true,false,false,false,false,false,false,false,true,
2025-10-31,8081,致新,listed,232.0,235.0,232.0,233.5,2.5,1.0823,410245,95912867,565,TWSE,common_stock,true,false,false,false,false,false,false,false,true,
2025-10-31,8101,華冠,listed,18.2,18.2,18.0,18.0,0.55,3.1519,5396,97648,17,TWSE,common_stock,true,false,false,false,false,false,false,false,true,
2025-10-31,8103,瀚荃,listed,78.9,83.6,78.3,82.0,4.7,6.0802,1742852,141738292,1644,TWSE,common_stock,true,false,false,false,false,false,false,false,true,
2025-10-31,8104,錸寶,listed,33.0,34.05,32.9,33.1,0.1,0.303,606458,20199279,534,TWSE,common_stock,true,false,false,false,false,false,false,false,true,
2025-10-31,8105,凌巨,listed,12.1,12.1,11.8,11.9,-0.1,-0.8333,1238153,14716477,578,TWSE,common_stock,true,false,false,false,false,false,false,false,true,
2025-10-31,8110,華東,listed,24.45,24.45,23.4,24.1,-0.1,-0.4132,19931606,475805690,9104,TWSE,common_stock,true,false,false,false,false,false,false,false,true,
2025-10-31,8112,至上,listed,67.6,68.0,65.3,66.0,-1.5,-2.2222,19188771,1270877291,18997,TWSE,common_stock,true,false,false,false,false,false,false,false,true,
2025-10-31,8112A,至上甲特,listed,43.35,43.4,43.35,43.4,0.1,0.2309,4384,189991,16,TWSE,warrant,false,false,true,false,false,false,false,false,false,security_type=warrant;symbol_not_4_digit
2025-10-31,8114,振樺電,listed,222.5,226.0,216.5,217.0,-2.5,-1.139,900568,198075898,1748,TWSE,common_stock,true,false,false,false,false,false,false,false,true,
2025-10-31,8131,福懋科,listed,37.25,37.95,36.55,37.95,0.85,2.2911,2603085,96662760,1883,TWSE,common_stock,true,false,false,false,false,false,false,false,true,
2025-10-31,8150,南茂,listed,33.25,33.3,32.45,32.5,-0.75,-2.2556,5681664,185693974,3946,TWSE,common_stock,true,false,false,false,false,false,false,false,true,
2025-10-31,8162,微矽電子-創,listed,37.0,37.15,36.7,37.0,0.0,0.0,25137,928178,26,TWSE,common_stock,true,false,false,false,false,false,false,false,true,
2025-10-31,8163,達方,listed,36.3,36.35,35.9,36.0,-0.25,-0.6897,741019,26706570,706,TWSE,common_stock,true,false,false,false,false,false,false,false,true,
2025-10-31,8201,無敵,listed,14.7,14.8,14.3,14.3,-0.4,-2.7211,131609,1895373,126,TWSE,common_stock,true,false,false,false,false,false,false,false,true,
2025-10-31,8210,勤誠,listed,920.0,965.0,911.0,927.0,9.0,0.9804,3584506,3350517239,6055,TWSE,common_stock,true,false,false,false,false,false,false,false,true,
2025-10-31,8213,志超,listed,35.95,35.95,35.2,35.3,-0.55,-1.5342,525893,18631652,528,TWSE,common_stock,true,false,false,false,false,false,false,false,true,
2025-10-31,8215,明基材,listed,21.5,21.5,20.75,20.8,-0.7,-3.2558,1612175,33809474,998,TWSE,common_stock,true,false,false,false,false,false,false,false,true,
2025-10-31,8222,寶一,listed,43.7,44.2,43.3,43.35,-0.2,-0.4592,539058,23526182,418,TWSE,common_stock,true,false,false,false,false,false,false,false,true,
2025-10-31,8249,菱光,listed,53.3,54.0,53.2,53.5,0.3,0.5639,622040,33373614,667,TWSE,common_stock,true,false,false,false,false,false,false,false,true,
2025-10-31,8261,富鼎,listed,101.0,105.5,100.5,102.5,5.3,5.4527,8915352,917352640,7574,TWSE,common_stock,true,false,false,false,false,false,false,false,true,
2025-10-31,8271,宇瞻,listed,103.5,104.0,102.0,103.5,-1.0,-0.9569,1440419,148650491,1550,TWSE,common_stock,true,false,false,false,false,false,false,false,true,
2025-10-31,8341,日友,listed,83.2,83.8,82.8,82.8,-0.2,-0.241,220233,18342801,693,TWSE,common_stock,true,false,false,false,false,false,false,false,true,
2025-10-31,8367,建新國際,listed,43.05,43.1,42.95,43.1,0.1,0.2326,20005,861165,13,TWSE,common_stock,true,false,false,false,false,false,false,false,true,
2025-10-31,8374,羅昇,listed,88.3,89.7,88.3,88.9,0.4,0.452,223638,19871083,252,TWSE,common_stock,true,false,false,false,false,false,false,false,true,
2025-10-31,8404,百和興業-KY,listed,25.1,25.3,24.85,24.95,-0.1,-0.3992,1153151,28858152,671,TWSE,common_stock,true,false,false,false,false,false,false,false,true,
2025-10-31,8411,福貞-KY,listed,12.7,12.7,12.45,12.7,0.0,0.0,101018,1271363,102,TWSE,common_stock,true,false,false,false,false,false,false,false,true,
2025-10-31,8422,可寧衛*,listed,241.5,243.0,239.5,241.5,0.0,0.0,1130866,272520474,1613,TWSE,common_stock,true,false,false,false,false,false,false,false,true,
2025-10-31,8429,金麗-KY,listed,7.82,7.82,7.53,7.6,-0.17,-2.1879,988649,7545052,543,TWSE,common_stock,true,false,false,false,false,false,false,false,true,
2025-10-31,8438,昶昕,listed,30.9,31.5,30.8,31.05,-0.05,-0.1608,119087,3705599,95,TWSE,common_stock,true,false,false,false,false,false,false,false,true,
2025-10-31,8442,威宏-KY,listed,69.5,71.5,69.5,71.5,2.0,2.8777,29221,2051671,32,TWSE,common_stock,true,false,false,false,false,false,false,false,true,
2025-10-31,8443,阿瘦,listed,11.7,11.75,11.7,11.7,-0.05,-0.4255,21510,252157,69,TWSE,common_stock,true,false,false,false,false,false,false,false,true,
2025-10-31,8454,富邦媒,listed,231.5,236.5,230.5,233.5,3.5,1.5217,316675,74063773,1429,TWSE,etf,false,true,false,false,false,false,false,false,false,security_type=etf
2025-10-31,8462,柏文,listed,163.5,165.0,161.5,164.0,1.0,0.6135,111305,18189860,191,TWSE,common_stock,true,false,false,false,false,false,false,false,true,
2025-10-31,8463,潤泰材,listed,24.75,25.3,24.75,25.15,0.45,1.8219,91578,2297278,69,TWSE,common_stock,true,false,false,false,false,false,false,false,true,
2025-10-31,8464,億豐,listed,379.0,379.0,366.5,370.0,-4.5,-1.2016,1117307,413858798,770,TWSE,common_stock,true,false,false,false,false,false,false,false,true,
2025-10-31,8466,美吉吉-KY,listed,24.4,24.7,23.6,24.7,0.3,1.2295,71498,1735437,73,TWSE,common_stock,true,false,false,false,false,false,false,false,true,
2025-10-31,8467,波力-KY,listed,157.0,157.0,155.0,155.5,1.5,0.974,11144,1731172,18,TWSE,common_stock,true,false,false,false,false,false,false,false,true,
2025-10-31,8473,山林水,listed,41.05,41.15,40.25,40.3,-0.75,-1.827,480066,19463107,921,TWSE,common_stock,true,false,false,false,false,false,false,false,true,
2025-10-31,8476,台境*,listed,19.3,19.35,19.05,19.05,-0.3,-1.5504,68912,1321493,46,TWSE,common_stock,true,false,false,false,false,false,false,false,true,
2025-10-31,8478,東哥遊艇,listed,193.5,197.5,193.0,195.0,2.5,1.2987,241195,47096022,472,TWSE,common_stock,true,false,false,false,false,false,false,false,true,
2025-10-31,8481,政伸,listed,41.75,41.85,41.45,41.7,0.0,0.0,16621,692208,26,TWSE,common_stock,true,false,false,false,false,false,false,false,true,
2025-10-31,8482,商億-KY,listed,49.25,49.25,49.25,49.25,0.0,0.0,4214,207240,21,TWSE,common_stock,true,false,false,false,false,false,false,false,true,
2025-10-31,8487,愛爾達-創,listed,75.7,75.7,75.5,75.5,-0.2,-0.2642,5862,443723,41,TWSE,common_stock,true,false,false,false,false,false,false,false,true,
2025-10-31,8488,吉源-KY,listed,10.3,10.3,10.05,10.3,0.0,0.0,13347,136707,15,TWSE,common_stock,true,false,false,false,false,false,false,false,true,
2025-10-31,8499,鼎炫-KY,listed,277.0,291.5,277.0,285.0,6.0,2.1505,126433,36209080,200,TWSE,common_stock,true,false,false,false,false,false,false,false,true,
2025-10-31,8926,台汽電,listed,48.15,48.9,48.15,48.25,0.35,0.7307,916056,44429288,930,TWSE,common_stock,true,false,false,false,false,false,false,false,true,
2025-10-31,8940,新天地,listed,21.65,21.75,21.0,21.5,0.3,1.4151,52569,1122243,74,TWSE,common_stock,true,false,false,false,false,false,false,false,true,
2025-10-31,8996,高力,listed,617.0,624.0,600.0,624.0,14.0,2.2951,1824114,1118461188,3033,TWSE,common_stock,true,false,false,false,false,false,false,false,true,
2025-10-31,9103,美德醫療-DR,listed,4.72,4.79,4.7,4.7,-0.01,-0.2123,299565,1414821,107,TWSE,dr,false,false,false,false,false,false,false,true,false,security_type=dr
2025-10-31,910322,康師傅-DR,listed,21.05,21.15,21.05,21.1,-0.25,-1.171,7233,152648,10,TWSE,dr,false,false,false,false,false,false,false,true,false,security_type=dr;symbol_not_4_digit
2025-10-31,9105,泰金寶-DR,listed,6.37,6.38,6.28,6.29,-0.08,-1.2559,11122330,70205636,2434,TWSE,dr,false,false,false,false,false,false,false,true,false,security_type=dr
2025-10-31,910861,神州-DR,listed,6.16,6.16,6.05,6.05,-0.04,-0.6568,21053,128324,16,TWSE,dr,false,false,false,false,false,false,false,true,false,security_type=dr;symbol_not_4_digit
2025-10-31,9110,越南控-DR,listed,3.28,3.3,3.09,3.22,-0.02,-0.6173,69000,218090,34,TWSE,dr,false,false,false,false,false,false,false,true,false,security_type=dr
2025-10-31,911608,明輝-DR,listed,2.94,2.94,2.9,2.94,0.04,1.3793,21000,61230,12,TWSE,dr,false,false,false,false,false,false,false,true,false,security_type=dr;symbol_not_4_digit
2025-10-31,911622,泰聚亨-DR,listed,3.85,3.85,3.85,3.85,0.0,0.0,42003,161711,7,TWSE,dr,false,false,false,false,false,false,false,true,false,security_type=dr;symbol_not_4_digit
2025-10-31,911868,同方友友-DR,listed,1.28,1.28,1.25,1.26,-0.01,-0.7874,179010,225701,46,TWSE,dr,false,false,false,false,false,false,false,true,false,security_type=dr;symbol_not_4_digit
2025-10-31,912000,晨訊科-DR,listed,2.9,2.94,2.89,2.9,0.01,0.346,455390,1325561,144,TWSE,dr,false,false,false,false,false,false,false,true,false,security_type=dr;symbol_not_4_digit
2025-10-31,9136,巨騰-DR,listed,7.38,7.38,7.2,7.23,0.03,0.4167,413090,3001532,110,TWSE,dr,false,false,false,false,false,false,false,true,false,security_type=dr
2025-10-31,9802,鈺齊-KY,listed,95.2,96.2,94.1,96.1,1.1,1.1579,1354390,128661846,1139,TWSE,common_stock,true,false,false,false,false,false,false,false,true,
2025-10-31,9902,台火,listed,16.75,16.9,16.5,16.75,-0.35,-2.0468,807811,13447517,670,TWSE,common_stock,true,false,false,false,false,false,false,false,true,
2025-10-31,9904,寶成,listed,29.2,29.5,29.05,29.3,0.25,0.8606,11905512,349032001,3886,TWSE,common_stock,true,false,false,false,false,false,false,false,true,
2025-10-31,9905,大華,listed,20.15,20.15,20.0,20.1,-0.05,-0.2481,264464,5293208,142,TWSE,common_stock,true,false,false,false,false,false,false,false,true,
2025-10-31,9906,欣巴巴,listed,49.9,49.9,47.1,47.1,-2.85,-5.7057,546045,26296245,662,TWSE,common_stock,true,false,false,false,false,false,false,false,true,
2025-10-31,9907,統一實,listed,18.1,18.25,17.95,17.95,-0.15,-0.8287,1757618,31809811,831,TWSE,etf,false,true,false,false,false,false,false,false,false,security_type=etf
2025-10-31,9908,大台北,listed,30.0,30.0,29.95,30.0,0.05,0.1669,34335,1029437,47,TWSE,common_stock,true,false,false,false,false,false,false,false,true,
2025-10-31,9910,豐泰,listed,124.0,124.0,122.0,122.0,-1.5,-1.2146,627610,76929324,478,TWSE,common_stock,true,false,false,false,false,false,false,false,true,
2025-10-31,9911,櫻花,listed,85.2,85.6,84.5,85.2,0.0,0.0,402166,34164985,386,TWSE,common_stock,true,false,false,false,false,false,false,false,true,
2025-10-31,9912,偉聯,listed,12.05,12.05,11.9,11.9,-0.05,-0.4184,19252,229634,47,TWSE,common_stock,true,false,false,false,false,false,false,false,true,
2025-10-31,9914,美利達,listed,102.5,103.5,100.0,100.0,-2.0,-1.9608,925724,93275527,1078,TWSE,common_stock,true,false,false,false,false,false,false,false,true,
2025-10-31,9917,中保科,listed,109.0,109.0,108.0,108.0,-0.5,-0.4608,255347,27658828,355,TWSE,common_stock,true,false,false,false,false,false,false,false,true,
2025-10-31,9918,欣天然,listed,39.65,39.65,39.5,39.5,-0.05,-0.1264,12264,485190,21,TWSE,common_stock,true,false,false,false,false,false,false,false,true,
2025-10-31,9919,康那香,listed,17.2,17.2,16.9,16.9,-0.1,-0.5882,283966,4840324,180,TWSE,common_stock,true,false,false,false,false,false,false,false,true,
2025-10-31,9921,巨大,listed,105.0,105.5,101.0,101.5,-3.5,-3.3333,1599360,163600491,1546,TWSE,common_stock,true,false,false,false,false,false,false,false,true,
2025-10-31,9924,福興,listed,51.4,51.7,51.1,51.4,0.0,0.0,141533,7266464,247,TWSE,common_stock,true,false,false,false,false,false,false,false,true,
2025-10-31,9925,新保,listed,40.7,40.8,40.7,40.7,0.0,0.0,131033,5337511,124,TWSE,common_stock,true,false,false,false,false,false,false,false,true,
2025-10-31,9926,新海,listed,49.9,49.9,49.7,49.7,0.05,0.1007,6392,318026,71,TWSE,common_stock,true,false,false,false,false,false,false,false,true,
2025-10-31,9927,泰銘,listed,54.6,54.6,54.0,54.2,-0.4,-0.7326,177378,9607117,274,TWSE,common_stock,true,false,false,false,false,false,false,false,true,
2025-10-31,9928,中視,listed,17.8,17.8,17.45,17.5,0.0,0.0,23089,404102,23,TWSE,common_stock,true,false,false,false,false,false,false,false,true,
2025-10-31,9929,秋雨,listed,11.0,11.15,10.4,11.0,0.2,1.8519,15326,168453,19,TWSE,common_stock,true,false,false,false,false,false,false,false,true,
2025-10-31,9930,中聯資源,listed,69.9,70.6,69.7,70.3,0.8,1.1511,179707,12642236,229,TWSE,common_stock,true,false,false,false,false,false,false,false,true,
2025-10-31,9931,欣高,listed,33.9,33.9,33.9,33.9,0.5,1.497,1000,33900,1,TWSE,common_stock,true,false,false,false,false,false,false,false,true,
2025-10-31,9933,中鼎,listed,31.15,31.25,30.5,30.5,-0.55,-1.7713,2101318,64644855,1837,TWSE,common_stock,true,false,false,false,false,false,false,false,true,
2025-10-31,9934,成霖,listed,10.4,10.4,10.3,10.3,-0.05,-0.4831,192887,1993223,107,TWSE,common_stock,true,false,false,false,false,false,false,false,true,
2025-10-31,9935,慶豐富,listed,19.1,20.1,19.1,19.8,0.6,3.125,571160,11197499,301,TWSE,common_stock,true,false,false,false,false,false,false,false,true,
2025-10-31,9937,全國,listed,57.7,57.7,56.5,57.3,-0.5,-0.8651,50489,2882884,116,TWSE,common_stock,true,false,false,false,false,false,false,false,true,
2025-10-31,9938,百和,listed,57.8,57.8,56.9,57.2,0.0,0.0,692159,39665297,537,TWSE,common_stock,true,false,false,false,false,false,false,false,true,
2025-10-31,9939,宏全,listed,131.0,131.0,126.5,126.5,-3.5,-2.6923,2225911,284390152,2631,TWSE,common_stock,true,false,false,false,false,false,false,false,true,
2025-10-31,9940,信義,listed,22.7,22.7,22.4,22.65,0.15,0.6667,354079,7971049,318,TWSE,common_stock,true,false,false,false,false,false,false,false,true,
2025-10-31,9941,裕融,listed,97.5,97.6,95.7,96.2,-1.3,-1.3333,961013,92626813,1765,TWSE,common_stock,true,false,false,false,false,false,false,false,true,
2025-10-31,9941A,裕融甲特,listed,50.1,50.1,50.0,50.1,0.0,0.0,10000,500900,5,TWSE,warrant,false,false,true,false,false,false,false,false,false,security_type=warrant;symbol_not_4_digit
2025-10-31,9942,茂順,listed,107.0,107.5,106.5,106.5,-0.5,-0.4673,26368,2821253,55,TWSE,common_stock,true,false,false,false,false,false,false,false,true,
2025-10-31,9943,好樂迪,listed,60.5,60.9,60.4,60.6,0.1,0.1653,61469,3722342,120,TWSE,common_stock,true,false,false,false,false,false,false,false,true,
2025-10-31,9944,新麗,listed,16.85,16.85,16.7,16.85,0.0,0.0,16178,271155,35,TWSE,common_stock,true,false,false,false,false,false,false,false,true,
2025-10-31,9945,潤泰新,listed,30.3,30.4,29.8,29.8,-0.4,-1.3245,4692327,140489183,2630,TWSE,common_stock,true,false,false,false,false,false,false,false,true,
2025-10-31,9946,三發地產,listed,17.5,17.55,17.3,17.3,-0.1,-0.5747,111353,1940290,83,TWSE,common_stock,true,false,false,false,false,false,false,false,true,
2025-10-31,9955,佳龍,listed,28.6,28.6,28.3,28.3,0.0,0.0,292063,8297840,281,TWSE,common_stock,true,false,false,false,false,false,false,false,true,
2025-10-31,9958,世紀鋼,listed,154.5,156.5,153.0,153.5,-1.0,-0.6472,1432343,221067424,1330,TWSE,common_stock,true,false,false,false,false,false,false,false,true,
