date,symbol,name,market,open,high,low,close,change,change_pct,volume,turnover,transactions,source,security_type,is_common_stock,is_etf,is_warrant,is_bond_etf,is_leveraged_inverse,is_etn,is_preferred_stock,is_dr,scan_eligible,exclude_reason
2025-10-14,0050,元大台灣50,listed,61.85,62.15,60.65,60.7,-0.3,-0.4918,163441296,10048295024,129817,TWSE,etf,false,true,false,false,false,false,false,false,false,security_type=etf
2025-10-14,0051,元大中型100,listed,87.5,88.6,86.0,86.0,-1.2,-1.3761,118639,10310653,439,TWSE,etf,false,true,false,false,false,false,false,false,false,security_type=etf
2025-10-14,0052,富邦科技,listed,247.65,247.95,241.1,241.35,-1.2,-0.4947,2412124,590637499,4750,TWSE,etf,false,true,false,false,false,false,false,false,false,security_type=etf
2025-10-14,0053,元大電子,listed,135.5,135.55,131.5,131.5,-1.2,-0.9043,32842,4389096,203,TWSE,etf,false,true,false,false,false,false,false,false,false,security_type=etf
2025-10-14,0055,元大MSCI金融,listed,30.56,31.17,30.56,30.94,0.21,0.6834,197433,6115856,365,TWSE,etf,false,true,false,false,false,false,false,false,false,security_type=etf
2025-10-14,0056,元大高股息,listed,37.12,37.33,36.55,36.59,-0.35,-0.9475,110814084,4085421124,66911,TWSE,etf,false,true,false,false,false,false,false,false,false,security_type=etf
2025-10-14,0057,富邦摩台,listed,177.55,181.0,177.3,177.3,0.2,0.1129,38177,6841940,110,TWSE,etf,false,true,false,false,false,false,false,false,false,security_type=etf
2025-10-14,0061,元大寶滬深,listed,21.8,22.09,21.78,21.78,0.1,0.4613,733097,16068080,241,TWSE,etf,false,true,false,false,false,false,false,false,false,security_type=etf
2025-10-14,006203,元大MSCI台灣,listed,112.5,112.6,109.8,110.1,-0.1,-0.0907,29181,3260834,318,TWSE,etf,false,true,false,false,false,false,false,false,false,security_type=etf;symbol_not_4_digit
2025-10-14,006204,永豐臺灣加權,listed,139.9,139.9,136.95,136.95,-0.25,-0.1822,5481,759128,106,TWSE,etf,false,true,false,false,false,false,false,false,false,security_type=etf;symbol_not_4_digit
2025-10-14,006205,富邦上証,listed,37.75,38.08,37.49,37.72,0.38,1.0177,918750,34715518,312,TWSE,etf,false,true,false,false,false,false,false,false,false,security_type=etf;symbol_not_4_digit
2025-10-14,006206,元大上證50,listed,34.14,34.55,34.0,34.32,0.43,1.2688,320263,10988063,195,TWSE,etf,false,true,false,false,false,false,false,false,false,security_type=etf;symbol_not_4_digit
2025-10-14,006207,復華滬深,listed,29.0,29.1,28.68,28.79,0.23,0.8053,370916,10719390,117,TWSE,etf,false,true,false,false,false,false,false,false,false,security_type=etf;symbol_not_4_digit
2025-10-14,006208,富邦台50,listed,144.2,145.1,141.8,141.8,-0.25,-0.176,12254265,1761919512,12978,TWSE,etf,false,true,false,false,false,false,false,false,false,security_type=etf;symbol_not_4_digit
2025-10-14,00625K,富邦上証+R,listed,8.87,8.87,8.87,8.87,-0.1,-1.1148,1000,8870,1,TWSE,etf,false,true,true,false,false,false,false,false,false,security_type=etf;symbol_not_4_digit
2025-10-14,00631L,元大台灣50正2,listed,328.9,330.05,314.65,315.65,-2.9,-0.9104,6321294,2046551545,9218,TWSE,leveraged_inverse,false,true,true,false,true,false,false,false,false,security_type=leveraged_inverse;symbol_not_4_digit
2025-10-14,00632R,元大台灣50反1,listed,17.5,17.89,17.45,17.87,0.1,0.5627,76149380,1344634729,10833,TWSE,leveraged_inverse,false,true,true,false,true,false,false,false,false,security_type=leveraged_inverse;symbol_not_4_digit
2025-10-14,00633L,富邦上証正2,listed,46.65,47.34,46.09,46.63,0.58,1.2595,7758833,362981260,1419,TWSE,leveraged_inverse,false,true,true,false,true,false,false,false,false,security_type=leveraged_inverse;symbol_not_4_digit
2025-10-14,00634R,富邦上証反1,listed,3.3,3.35,3.3,3.34,-0.02,-0.5952,585200,1952122,34,TWSE,leveraged_inverse,false,true,true,false,true,false,false,false,false,security_type=leveraged_inverse;symbol_not_4_digit
2025-10-14,00635U,期元大S&P黃金,listed,44.63,45.13,44.62,45.12,1.12,2.5455,13520943,606580791,4964,TWSE,etf,false,true,true,false,false,false,false,false,false,security_type=etf;symbol_not_4_digit
2025-10-14,00636,國泰中國A50,listed,25.02,25.2,24.88,25.02,0.22,0.8871,2479884,62153458,452,TWSE,etf,false,true,false,false,false,false,false,false,false,security_type=etf;symbol_not_4_digit
2025-10-14,00636K,國泰中國A50+U,listed,8.23,8.23,8.23,8.23,0.04,0.4884,200,1646,2,TWSE,etf,false,true,true,false,false,false,false,false,false,security_type=etf;symbol_not_4_digit
2025-10-14,00637L,元大滬深300正2,listed,18.92,19.18,18.66,18.89,0.23,1.2326,62313562,1180808620,7509,TWSE,leveraged_inverse,false,true,true,false,true,false,false,false,false,security_type=leveraged_inverse;symbol_not_4_digit
2025-10-14,00638R,元大滬深300反1,listed,6.98,7.09,6.98,7.06,-0.03,-0.4231,599413,4209215,62,TWSE,leveraged_inverse,false,true,true,false,true,false,false,false,false,security_type=leveraged_inverse;symbol_not_4_digit
2025-10-14,00639,富邦深100,listed,14.35,14.58,14.15,14.27,0.06,0.4222,2797156,40099805,501,TWSE,etf,false,true,false,false,false,false,false,false,false,security_type=etf;symbol_not_4_digit
2025-10-14,00640L,富邦日本正2,listed,68.7,68.7,65.6,66.3,-1.05,-1.559,1173613,78590764,694,TWSE,leveraged_inverse,false,true,true,false,true,false,false,false,false,security_type=leveraged_inverse;symbol_not_4_digit
2025-10-14,00641R,富邦日本反1,listed,4.96,5.04,4.94,5.01,-0.01,-0.1992,1021723,5089277,111,TWSE,leveraged_inverse,false,true,true,false,true,false,false,false,false,security_type=leveraged_inverse;symbol_not_4_digit
2025-10-14,00642U,期元大S&P石油,listed,15.43,15.44,15.34,15.35,-0.09,-0.5829,11412719,175712057,3175,TWSE,etf,false,true,true,false,false,false,false,false,false,security_type=etf;symbol_not_4_digit
2025-10-14,00643,群益深証中小,listed,16.06,16.24,15.75,15.86,0.01,0.0631,3780528,60244310,299,TWSE,etf,false,true,false,false,false,false,false,false,false,security_type=etf;symbol_not_4_digit
2025-10-14,00643K,群益深証中小+R,listed,,,,,0.0,,0,0,0,TWSE,etf,false,true,true,false,false,false,false,false,false,security_type=etf;symbol_not_4_digit;invalid_close;invalid_volume;invalid_turnover
2025-10-14,00645,富邦日本,listed,44.21,44.39,43.58,43.79,0.09,0.2059,1103527,48665508,501,TWSE,etf,false,true,false,false,false,false,false,false,false,security_type=etf;symbol_not_4_digit
2025-10-14,00646,元大S&P500,listed,64.25,64.25,63.75,63.85,0.0,0.0,1311233,83901523,1876,TWSE,etf,false,true,false,false,false,false,false,false,false,security_type=etf;symbol_not_4_digit
2025-10-14,00647L,元大S&P500正2,listed,110.8,110.8,109.25,109.3,-0.45,-0.41,310706,34196300,259,TWSE,leveraged_inverse,false,true,true,false,true,false,false,false,false,security_type=leveraged_inverse;symbol_not_4_digit
2025-10-14,00648R,元大S&P500反1,listed,4.43,4.49,4.43,4.49,0.04,0.8989,5360153,23945698,126,TWSE,leveraged_inverse,false,true,true,false,true,false,false,false,false,security_type=leveraged_inverse;symbol_not_4_digit
2025-10-14,00650L,復華香港正2,listed,17.67,18.05,17.33,17.51,0.08,0.459,15493697,274041417,2132,TWSE,leveraged_inverse,false,true,true,false,true,false,false,false,false,security_type=leveraged_inverse;symbol_not_4_digit
2025-10-14,00651R,復華香港反1,listed,5.28,5.37,5.26,5.35,0.0,0.0,1144879,6087190,142,TWSE,leveraged_inverse,false,true,true,false,true,false,false,false,false,security_type=leveraged_inverse;symbol_not_4_digit
2025-10-14,00652,富邦印度,listed,35.91,36.04,35.91,35.97,0.06,0.1671,430530,15492329,443,TWSE,etf,false,true,false,false,false,false,false,false,false,security_type=etf;symbol_not_4_digit
2025-10-14,00653L,富邦印度正2,listed,56.0,56.2,55.65,55.8,0.1,0.1795,232837,13016265,118,TWSE,leveraged_inverse,false,true,true,false,true,false,false,false,false,security_type=leveraged_inverse;symbol_not_4_digit
2025-10-14,00654R,富邦印度反1,listed,6.37,6.37,6.36,6.36,0.0,0.0,4005,25481,4,TWSE,leveraged_inverse,false,true,true,false,true,false,false,false,false,security_type=leveraged_inverse;symbol_not_4_digit
2025-10-14,00655L,國泰中國A50正2,listed,32.39,32.85,31.99,32.39,0.44,1.3772,4374473,142158319,699,TWSE,leveraged_inverse,false,true,true,false,true,false,false,false,false,security_type=leveraged_inverse;symbol_not_4_digit
2025-10-14,00656R,國泰中國A50反1,listed,6.25,6.28,6.2,6.24,-0.04,-0.6369,301990,1881568,33,TWSE,leveraged_inverse,false,true,true,false,true,false,false,false,false,security_type=leveraged_inverse;symbol_not_4_digit
2025-10-14,00657,國泰日經225,listed,55.9,56.2,54.95,55.25,0.35,0.6375,410061,22658674,150,TWSE,etf,false,true,false,false,false,false,false,false,false,security_type=etf;symbol_not_4_digit
2025-10-14,00657K,國泰日經225+U,listed,18.13,18.13,18.13,18.13,-0.35,-1.8939,200,3626,2,TWSE,etf,false,true,true,false,false,false,false,false,false,security_type=etf;symbol_not_4_digit
2025-10-14,00660,元大歐洲50,listed,40.22,40.22,40.06,40.07,0.09,0.2251,70641,2836562,125,TWSE,etf,false,true,false,false,false,false,false,false,false,security_type=etf;symbol_not_4_digit
2025-10-14,00661,元大日經225,listed,61.1,61.5,60.05,60.3,0.25,0.4163,362319,22023155,245,TWSE,etf,false,true,false,false,false,false,false,false,false,security_type=etf;symbol_not_4_digit
2025-10-14,00662,富邦NASDAQ,listed,98.2,98.2,97.15,97.35,0.0,0.0,3018937,294999670,2981,TWSE,etf,false,true,false,false,false,false,false,false,false,security_type=etf;symbol_not_4_digit
2025-10-14,00663L,國泰臺灣加權正2,listed,42.87,43.08,41.07,41.21,-0.39,-0.9375,15070767,636454437,6690,TWSE,leveraged_inverse,false,true,true,false,true,false,false,false,false,security_type=leveraged_inverse;symbol_not_4_digit
2025-10-14,00664R,國泰臺灣加權反1,listed,2.83,2.9,2.82,2.88,0.01,0.3484,25812310,73587749,1279,TWSE,leveraged_inverse,false,true,true,false,true,false,false,false,false,security_type=leveraged_inverse;symbol_not_4_digit
2025-10-14,00665L,富邦恒生國企正2,listed,11.45,11.68,11.24,11.37,0.14,1.2467,39944887,458488812,4968,TWSE,leveraged_inverse,false,true,true,false,true,false,false,false,false,security_type=leveraged_inverse;symbol_not_4_digit
2025-10-14,00666R,富邦恒生國企反1,listed,8.73,8.73,8.57,8.69,-0.04,-0.4582,709500,6122310,78,TWSE,leveraged_inverse,false,true,true,false,true,false,false,false,false,security_type=leveraged_inverse;symbol_not_4_digit
2025-10-14,00668,國泰美國道瓊,listed,51.55,51.65,51.5,51.5,0.3,0.5859,84825,4375389,105,TWSE,etf,false,true,false,false,false,false,false,false,false,security_type=etf;symbol_not_4_digit
2025-10-14,00668K,國泰美國道瓊+U,listed,16.82,16.82,16.82,16.82,0.19,1.1425,200,3364,2,TWSE,etf,false,true,true,false,false,false,false,false,false,security_type=etf;symbol_not_4_digit
2025-10-14,00669R,國泰美國道瓊反1,listed,5.88,5.92,5.88,5.92,0.01,0.1692,2613912,15427542,167,TWSE,leveraged_inverse,false,true,true,false,true,false,false,false,false,security_type=leveraged_inverse;symbol_not_4_digit
2025-10-14,00670L,富邦NASDAQ正2,listed,159.85,159.95,156.3,157.0,-0.95,-0.6015,2578537,409004971,3270,TWSE,leveraged_inverse,false,true,true,false,true,false,false,false,false,security_type=leveraged_inverse;symbol_not_4_digit
2025-10-14,00671R,富邦NASDAQ反1,listed,2.91,2.95,2.91,2.95,0.03,1.0274,21150350,61994977,3745,TWSE,leveraged_inverse,false,true,true,false,true,false,false,false,false,security_type=leveraged_inverse;symbol_not_4_digit
2025-10-14,00673R,期元大S&P原油反1,listed,6.97,7.03,6.97,7.02,0.04,0.5731,25524567,178546892,890,TWSE,leveraged_inverse,false,true,true,false,true,false,false,false,false,security_type=leveraged_inverse;symbol_not_4_digit
2025-10-14,00674R,期元大S&P黃金反1,listed,6.2,6.2,6.13,6.14,-0.14,-2.2293,3441539,21210869,584,TWSE,leveraged_inverse,false,true,true,false,true,false,false,false,false,security_type=leveraged_inverse;symbol_not_4_digit
2025-10-14,00675L,富邦臺灣加權正2,listed,130.25,131.3,125.2,125.5,-1.25,-0.9862,5974548,766800577,4590,TWSE,leveraged_inverse,false,true,true,false,true,false,false,false,false,security_type=leveraged_inverse;symbol_not_4_digit
2025-10-14,00676R,富邦臺灣加權反1,listed,9.59,9.82,9.58,9.8,0.04,0.4098,3742024,36306211,542,TWSE,leveraged_inverse,false,true,true,false,true,false,false,false,false,security_type=leveraged_inverse;symbol_not_4_digit
2025-10-14,00678,群益那斯達克生技,listed,30.38,30.38,30.17,30.2,-0.18,-0.5925,279754,8462720,98,TWSE,etf,false,true,false,false,false,false,false,false,false,security_type=etf;symbol_not_4_digit
2025-10-14,00680L,元大美債20正2,listed,7.62,7.7,7.62,7.69,0.07,0.9186,35528554,271969042,1929,TWSE,bond_etf,false,true,true,true,true,false,false,false,false,security_type=bond_etf;symbol_not_4_digit
2025-10-14,00681R,元大美債20反1,listed,20.14,20.14,20.1,20.1,-0.06,-0.2976,116000,2335500,10,TWSE,bond_etf,false,true,true,true,true,false,false,false,false,security_type=bond_etf;symbol_not_4_digit
2025-10-14,00682U,期元大美元指數,listed,20.36,20.36,20.35,20.35,0.12,0.5932,22234,452459,6,TWSE,etf,false,true,true,false,false,false,false,false,false,security_type=etf;symbol_not_4_digit
2025-10-14,00683L,期元大美元指正2,listed,21.04,21.13,21.01,21.01,0.09,0.4302,54607,1149303,30,TWSE,leveraged_inverse,false,true,true,false,true,false,false,false,false,security_type=leveraged_inverse;symbol_not_4_digit
2025-10-14,00684R,期元大美元指反1,listed,15.51,15.54,15.51,15.54,-0.03,-0.1927,13067,202769,9,TWSE,leveraged_inverse,false,true,true,false,true,false,false,false,false,security_type=leveraged_inverse;symbol_not_4_digit
2025-10-14,00685L,群益臺灣加權正2,listed,117.45,118.0,112.55,112.95,-0.85,-0.7469,1534689,177529271,1224,TWSE,leveraged_inverse,false,true,true,false,true,false,false,false,false,security_type=leveraged_inverse;symbol_not_4_digit
2025-10-14,00686R,群益臺灣加權反1,listed,1.72,1.77,1.72,1.77,0.02,1.1429,4299405,7512219,208,TWSE,leveraged_inverse,false,true,true,false,true,false,false,false,false,security_type=leveraged_inverse;symbol_not_4_digit
2025-10-14,00688L,國泰20年美債正2,listed,7.6,7.68,7.6,7.67,0.07,0.9211,19615733,149817457,927,TWSE,bond_etf,false,true,true,true,true,false,false,false,false,security_type=bond_etf;symbol_not_4_digit
2025-10-14,00689R,國泰20年美債反1,listed,20.82,20.82,20.78,20.78,-0.07,-0.3357,227120,4728564,5,TWSE,bond_etf,false,true,true,true,true,false,false,false,false,security_type=bond_etf;symbol_not_4_digit
2025-10-14,00690,兆豐藍籌30,listed,43.05,43.2,42.15,42.16,-0.34,-0.8,1816430,77569807,411,TWSE,etf,false,true,false,false,false,false,false,false,false,security_type=etf;symbol_not_4_digit
2025-10-14,00692,富邦公司治理,listed,55.7,55.95,54.65,54.75,-0.15,-0.2732,1443501,80106411,1576,TWSE,etf,false,true,false,false,false,false,false,false,false,security_type=etf;symbol_not_4_digit
2025-10-14,00693U,期街口S&P黃豆,listed,19.76,19.76,19.63,19.63,-0.1,-0.5068,1677200,33042311,337,TWSE,warrant,false,false,true,false,false,false,false,false,false,security_type=warrant;symbol_not_4_digit
2025-10-14,00700,富邦恒生國企,listed,18.3,18.49,18.17,18.26,0.11,0.6061,1635608,29962815,331,TWSE,etf,false,true,false,false,false,false,false,false,false,security_type=etf;symbol_not_4_digit
2025-10-14,00701,國泰股利精選30,listed,27.6,27.87,27.6,27.8,0.21,0.7611,2360796,65594158,849,TWSE,etf,false,true,false,false,false,false,false,false,false,security_type=etf;symbol_not_4_digit
2025-10-14,00702,國泰標普低波高息,listed,22.55,22.55,22.52,22.55,0.01,0.0444,113394,2555829,85,TWSE,etf,false,true,false,false,false,false,false,false,false,security_type=etf;symbol_not_4_digit
2025-10-14,00703,台新MSCI中國,listed,21.96,22.27,21.74,21.87,0.12,0.5517,392556,8622001,126,TWSE,other,false,false,false,false,false,false,false,false,false,symbol_not_4_digit
2025-10-14,00706L,期元大S&P日圓正2,listed,5.51,5.56,5.49,5.54,0.0,0.0,9808923,54134223,662,TWSE,leveraged_inverse,false,true,true,false,true,false,false,false,false,security_type=leveraged_inverse;symbol_not_4_digit
2025-10-14,00707R,期元大S&P日圓反1,listed,,,,,0.0,,0,0,0,TWSE,leveraged_inverse,false,true,true,false,true,false,false,false,false,security_type=leveraged_inverse;symbol_not_4_digit;invalid_close;invalid_volume;invalid_turnover
2025-10-14,00708L,期元大S&P黃金正2,listed,84.65,86.6,84.65,86.4,3.85,4.6638,8681501,743103530,3172,TWSE,leveraged_inverse,false,true,true,false,true,false,false,false,false,security_type=leveraged_inverse;symbol_not_4_digit
2025-10-14,00709,富邦歐洲,listed,33.15,34.0,33.15,33.9,0.05,0.1477,140326,4748698,248,TWSE,etf,false,true,false,false,false,false,false,false,false,security_type=etf;symbol_not_4_digit
2025-10-14,00710B,復華彭博非投等債,listed,18.4,18.6,18.4,18.59,0.06,0.3238,564255,10483528,60,TWSE,bond_etf,false,true,true,true,false,false,false,false,false,security_type=bond_etf;symbol_not_4_digit
2025-10-14,00711B,復華彭博新興債,listed,16.04,16.11,16.03,16.11,0.1,0.6246,234383,3766427,76,TWSE,bond_etf,false,true,true,true,false,false,false,false,false,security_type=bond_etf;symbol_not_4_digit
2025-10-14,00712,復華富時不動產,listed,8.75,8.75,8.7,8.71,0.02,0.2301,16207723,141253611,4047,TWSE,etf,false,true,false,false,false,false,false,false,false,security_type=etf;symbol_not_4_digit
2025-10-14,00713,元大台灣高息低波,listed,51.35,51.75,51.1,51.15,0.05,0.0978,17187550,885023200,8493,TWSE,etf,false,true,false,false,false,false,false,false,false,security_type=etf;symbol_not_4_digit
2025-10-14,00714,群益道瓊美國地產,listed,19.7,19.71,19.67,19.67,0.09,0.4597,134733,2652627,93,TWSE,etf,false,true,false,false,false,false,false,false,false,security_type=etf;symbol_not_4_digit
2025-10-14,00715L,期街口布蘭特正2,listed,10.33,10.34,10.23,10.24,-0.11,-1.0628,87840524,903381660,12379,TWSE,leveraged_inverse,false,true,true,false,true,false,false,false,false,security_type=leveraged_inverse;symbol_not_4_digit
2025-10-14,00717,富邦美國特別股,listed,14.82,14.87,14.82,14.86,0.04,0.2699,42811,635900,140,TWSE,preferred_stock,false,true,false,false,false,false,true,false,false,security_type=preferred_stock;symbol_not_4_digit
2025-10-14,00728,第一金工業30,listed,35.78,36.01,35.09,35.11,-0.04,-0.1138,206667,7344618,280,TWSE,other,false,false,false,false,false,false,false,false,false,symbol_not_4_digit
2025-10-14,00730,富邦臺灣優質高息,listed,24.01,24.17,23.53,23.53,-0.4,-1.6715,596569,14197640,693,TWSE,etf,false,true,false,false,false,false,false,false,false,security_type=etf;symbol_not_4_digit
2025-10-14,00731,復華富時高息低波,listed,68.3,68.6,67.9,67.9,0.05,0.0737,1051040,71901937,332,TWSE,etf,false,true,false,false,false,false,false,false,false,security_type=etf;symbol_not_4_digit
2025-10-14,00733,富邦臺灣中小,listed,48.11,48.75,46.7,46.72,-0.79,-1.6628,1695032,80868717,1493,TWSE,etf,false,true,false,false,false,false,false,false,false,security_type=etf;symbol_not_4_digit
2025-10-14,00735,國泰臺韓科技,listed,45.6,45.65,44.4,44.47,-0.16,-0.3585,234179,10624028,204,TWSE,etf,false,true,false,false,false,false,false,false,false,security_type=etf;symbol_not_4_digit
2025-10-14,00736,國泰新興市場,listed,26.5,26.79,26.45,26.56,0.29,1.1039,144829,3846170,85,TWSE,etf,false,true,false,false,false,false,false,false,false,security_type=etf;symbol_not_4_digit
2025-10-14,00737,國泰AI機器人,listed,36.99,36.99,36.36,36.4,0.13,0.3584,414614,15125243,230,TWSE,etf,false,true,false,false,false,false,false,false,false,security_type=etf;symbol_not_4_digit
2025-10-14,00738U,期元大道瓊白銀,listed,42.61,43.69,42.58,43.58,2.4,5.8281,14612433,630702692,5400,TWSE,etf,false,true,true,false,false,false,false,false,false,security_type=etf;symbol_not_4_digit
2025-10-14,00739,元大MSCI A股,listed,25.87,26.11,25.77,25.8,0.2,0.7812,160760,4174176,131,TWSE,etf,false,true,false,false,false,false,false,false,false,security_type=etf;symbol_not_4_digit
2025-10-14,00752,中信中國50,listed,26.85,27.05,26.44,26.6,0.22,0.834,5985577,160062201,1707,TWSE,etf,false,true,false,false,false,false,false,false,false,security_type=etf;symbol_not_4_digit
2025-10-14,00753L,中信中國50正2,listed,13.28,13.5,12.86,12.93,-0.01,-0.0773,48431398,640034138,7231,TWSE,leveraged_inverse,false,true,true,false,true,false,false,false,false,security_type=leveraged_inverse;symbol_not_4_digit
2025-10-14,00757,統一FANG+,listed,119.15,119.3,117.65,117.9,0.7,0.5973,12898964,1523575916,4230,TWSE,etf,false,true,false,false,false,false,false,false,false,security_type=etf;symbol_not_4_digit
2025-10-14,00762,元大全球AI,listed,85.0,85.1,84.15,84.25,0.35,0.4172,511854,43286702,2130,TWSE,etf,false,true,false,false,false,false,false,false,false,security_type=etf;symbol_not_4_digit
2025-10-14,00763U,期街口道瓊銅,listed,28.56,28.57,28.13,28.26,0.5,1.8012,4843898,137445701,1219,TWSE,warrant,false,false,true,false,false,false,false,false,false,security_type=warrant;symbol_not_4_digit
2025-10-14,00770,國泰北美科技,listed,55.3,55.45,54.75,54.9,0.35,0.6416,654082,36041097,706,TWSE,etf,false,true,false,false,false,false,false,false,false,security_type=etf;symbol_not_4_digit
2025-10-14,00771,元大US高息特別股,listed,15.87,16.01,15.85,15.9,0.01,0.0629,554521,8834969,111,TWSE,preferred_stock,false,true,false,false,false,false,true,false,false,security_type=preferred_stock;symbol_not_4_digit
2025-10-14,00775B,台新投等債15+,listed,32.61,32.61,32.61,32.61,0.13,0.4002,26145,852220,82,TWSE,bond_etf,false,true,true,true,false,false,false,false,false,security_type=bond_etf;symbol_not_4_digit
2025-10-14,00783,富邦中証500,listed,24.19,24.57,23.9,24.16,0.15,0.6247,226796,5504022,132,TWSE,etf,false,true,false,false,false,false,false,false,false,security_type=etf;symbol_not_4_digit
2025-10-14,00830,國泰費城半導體,listed,53.65,53.7,52.95,53.05,0.45,0.8555,11716042,624905324,6481,TWSE,etf,false,true,false,false,false,false,false,false,false,security_type=etf;symbol_not_4_digit
2025-10-14,00850,元大臺灣ESG永續,listed,53.1,53.45,52.2,52.25,-0.4,-0.7597,857846,45422177,1189,TWSE,etf,false,true,false,false,false,false,false,false,false,security_type=etf;symbol_not_4_digit
2025-10-14,00851,台新全球AI,listed,55.85,56.0,55.15,55.15,-0.5,-0.8985,133025,7391895,179,TWSE,other,false,false,false,false,false,false,false,false,false,symbol_not_4_digit
2025-10-14,00852L,國泰美國道瓊正2,listed,28.2,28.21,27.97,27.97,0.16,0.5753,1082920,30397339,66,TWSE,leveraged_inverse,false,true,true,false,true,false,false,false,false,security_type=leveraged_inverse;symbol_not_4_digit
2025-10-14,00861,元大全球未來通訊,listed,50.35,50.6,50.1,50.1,-0.15,-0.2985,747050,37746902,133,TWSE,etf,false,true,false,false,false,false,false,false,false,security_type=etf;symbol_not_4_digit
2025-10-14,00865B,國泰US短期公債,listed,45.65,45.71,45.58,45.68,0.11,0.2414,2299019,104948425,358,TWSE,bond_etf,false,true,true,true,false,false,false,false,false,security_type=bond_etf;symbol_not_4_digit
2025-10-14,00875,國泰網路資安,listed,39.76,39.76,39.47,39.47,-0.18,-0.454,54847,2169456,167,TWSE,etf,false,true,false,false,false,false,false,false,false,security_type=etf;symbol_not_4_digit
2025-10-14,00876,元大全球5G,listed,46.02,46.75,45.55,45.58,-0.08,-0.1752,339064,15615770,1900,TWSE,etf,false,true,false,false,false,false,false,false,false,security_type=etf;symbol_not_4_digit
2025-10-14,00878,國泰永續高股息,listed,21.48,21.55,21.19,21.2,-0.11,-0.5162,55161311,1178689758,28517,TWSE,etf,false,true,false,false,false,false,false,false,false,security_type=etf;symbol_not_4_digit
2025-10-14,00881,國泰台灣科技龍頭,listed,30.67,30.77,29.78,29.8,-0.4,-1.3245,27783988,839302533,11043,TWSE,etf,false,true,false,false,false,false,false,false,false,security_type=etf;symbol_not_4_digit
2025-10-14,00882,中信中國高股息,listed,14.07,14.33,14.06,14.22,0.26,1.8625,36549231,520219177,4475,TWSE,etf,false,true,false,false,false,false,false,false,false,security_type=etf;symbol_not_4_digit
2025-10-14,00885,富邦越南,listed,17.72,18.09,17.72,18.04,0.57,3.2627,27077104,486776080,6490,TWSE,etf,false,true,false,false,false,false,false,false,false,security_type=etf;symbol_not_4_digit
2025-10-14,00891,中信關鍵半導體,listed,18.83,18.91,18.33,18.35,-0.23,-1.2379,8428541,156796943,3374,TWSE,etf,false,true,false,false,false,false,false,false,false,security_type=etf;symbol_not_4_digit
2025-10-14,00892,富邦台灣半導體,listed,20.66,20.74,19.99,20.0,-0.15,-0.7444,1859074,37957401,569,TWSE,etf,false,true,false,false,false,false,false,false,false,security_type=etf;symbol_not_4_digit
2025-10-14,00893,國泰智能電動車,listed,31.55,31.68,31.18,31.2,-0.19,-0.6053,5524508,173132729,1829,TWSE,etf,false,true,false,false,false,false,false,false,false,security_type=etf;symbol_not_4_digit
2025-10-14,00894,中信小資高價30,listed,25.68,25.84,25.04,25.04,-0.29,-1.1449,2642901,67042410,1084,TWSE,etf,false,true,false,false,false,false,false,false,false,security_type=etf;symbol_not_4_digit
2025-10-14,00895,富邦未來車,listed,37.51,37.7,36.98,37.02,-0.03,-0.081,1699252,63265157,1456,TWSE,etf,false,true,false,false,false,false,false,false,false,security_type=etf;symbol_not_4_digit
2025-10-14,00896,中信綠能及電動車,listed,19.15,19.24,18.63,18.64,-0.28,-1.4799,2375714,45070227,914,TWSE,etf,false,true,false,false,false,false,false,false,false,security_type=etf;symbol_not_4_digit
2025-10-14,00897,富邦基因免疫生技,listed,7.86,7.89,7.8,7.8,-0.06,-0.7634,1014208,7941958,163,TWSE,etf,false,true,false,false,false,false,false,false,false,security_type=etf;symbol_not_4_digit
2025-10-14,00898,國泰基因免疫革命,listed,7.24,7.27,7.15,7.16,-0.11,-1.5131,645593,4651249,223,TWSE,etf,false,true,false,false,false,false,false,false,false,security_type=etf;symbol_not_4_digit
2025-10-14,00899,FT潔淨能源,listed,19.72,20.05,19.72,19.93,0.9,4.7294,637351,12704192,368,TWSE,other,false,false,false,false,false,false,false,false,false,symbol_not_4_digit
2025-10-14,00900,富邦特選高股息30,listed,13.62,13.67,13.45,13.46,-0.06,-0.4438,30570538,414066156,7008,TWSE,etf,false,true,false,false,false,false,false,false,false,security_type=etf;symbol_not_4_digit
2025-10-14,00901,永豐智能車供應鏈,listed,26.14,26.46,25.6,25.6,-0.37,-1.4247,113425,2958796,202,TWSE,etf,false,true,false,false,false,false,false,false,false,security_type=etf;symbol_not_4_digit
2025-10-14,00902,中信電池及儲能,listed,11.83,12.0,11.61,11.69,0.24,2.0961,6621485,78299417,1097,TWSE,etf,false,true,false,false,false,false,false,false,false,security_type=etf;symbol_not_4_digit
2025-10-14,00903,富邦元宇宙,listed,17.65,17.7,17.49,17.53,0.34,1.9779,1502653,26453846,244,TWSE,etf,false,true,false,false,false,false,false,false,false,security_type=etf;symbol_not_4_digit
2025-10-14,00904,台新臺灣半導體30,listed,21.24,21.36,20.59,20.61,-0.29,-1.3876,12624032,263980245,3719,TWSE,other,false,false,false,false,false,false,false,false,false,symbol_not_4_digit
2025-10-14,00905,FT臺灣Smart,listed,16.71,16.8,16.37,16.39,-0.1,-0.6064,3242244,53667231,1804,TWSE,other,false,false,false,false,false,false,false,false,false,symbol_not_4_digit
2025-10-14,00907,永豐優息存股,listed,15.56,15.8,15.56,15.62,0.13,0.8393,2091889,32824676,480,TWSE,etf,false,true,false,false,false,false,false,false,false,security_type=etf;symbol_not_4_digit
2025-10-14,00908,富邦入息REITs+,listed,13.31,13.33,13.27,13.29,0.09,0.6818,419345,5575391,100,TWSE,etf,false,true,false,false,false,false,false,false,false,security_type=etf;symbol_not_4_digit
2025-10-14,00909,國泰數位支付服務,listed,49.93,49.93,48.54,48.6,-0.51,-1.0385,10828613,532042613,6277,TWSE,etf,false,true,false,false,false,false,false,false,false,security_type=etf;symbol_not_4_digit
2025-10-14,00910,第一金太空衛星,listed,45.4,45.4,43.32,43.42,-1.32,-2.9504,5083576,225278890,5497,TWSE,other,false,false,false,false,false,false,false,false,false,symbol_not_4_digit
2025-10-14,00911,兆豐洲際半導體,listed,30.52,30.87,30.26,30.38,0.18,0.596,347373,10623093,918,TWSE,etf,false,true,false,false,false,false,false,false,false,security_type=etf;symbol_not_4_digit
2025-10-14,00912,中信臺灣智慧50,listed,20.77,21.09,20.66,20.66,-0.04,-0.1932,828023,17347703,313,TWSE,etf,false,true,false,false,false,false,false,false,false,security_type=etf;symbol_not_4_digit
2025-10-14,00913,兆豐台灣晶圓製造,listed,22.84,22.97,22.15,22.15,-0.3,-1.3363,510143,11549936,83,TWSE,etf,false,true,false,false,false,false,false,false,false,security_type=etf;symbol_not_4_digit
2025-10-14,00915,凱基優選高股息30,listed,22.56,22.75,22.41,22.42,0.03,0.134,7175478,162418182,2145,TWSE,etf,false,true,false,false,false,false,false,false,false,security_type=etf;symbol_not_4_digit
2025-10-14,00916,國泰全球品牌50,listed,26.0,26.03,25.86,25.88,-0.12,-0.4615,250432,6499980,445,TWSE,etf,false,true,false,false,false,false,false,false,false,security_type=etf;symbol_not_4_digit
2025-10-14,00917,中信特選金融,listed,22.97,23.11,22.97,23.0,0.08,0.349,67887,1563168,168,TWSE,etf,false,true,false,false,false,false,false,false,false,security_type=etf;symbol_not_4_digit
2025-10-14,00918,大華優利高填息30,listed,22.45,22.52,22.13,22.16,-0.1,-0.4492,19996747,446921221,7410,TWSE,other,false,false,false,false,false,false,false,false,false,symbol_not_4_digit
2025-10-14,00919,群益台灣精選高息,listed,21.23,21.55,21.21,21.25,0.09,0.4253,143916246,3083033358,32263,TWSE,etf,false,true,false,false,false,false,false,false,false,security_type=etf;symbol_not_4_digit
2025-10-14,00920,富邦ESG綠色電力,listed,17.13,17.32,17.13,17.15,0.25,1.4793,250983,4323712,222,TWSE,etf,false,true,false,false,false,false,false,false,false,security_type=etf;symbol_not_4_digit
2025-10-14,00921,兆豐龍頭等權重,listed,17.3,17.32,17.02,17.03,-0.11,-0.6418,597251,10238476,219,TWSE,etf,false,true,false,false,false,false,false,false,false,security_type=etf;symbol_not_4_digit
2025-10-14,00922,國泰台灣領袖50,listed,25.91,25.93,25.32,25.37,-0.06,-0.2359,42084607,1079466527,16441,TWSE,etf,false,true,false,false,false,false,false,false,false,security_type=etf;symbol_not_4_digit
2025-10-14,00923,群益台ESG低碳50,listed,24.52,24.58,23.96,23.98,-0.14,-0.5804,4732187,115338945,1815,TWSE,etf,false,true,false,false,false,false,false,false,false,security_type=etf;symbol_not_4_digit
2025-10-14,00924,復華S&P500成長,listed,27.97,28.0,27.7,27.73,-0.02,-0.0721,6913573,192089170,1613,TWSE,etf,false,true,false,false,false,false,false,false,false,security_type=etf;symbol_not_4_digit
2025-10-14,00926,凱基全球菁英55,listed,23.0,23.0,22.86,22.89,0.18,0.7926,1573656,36060976,400,TWSE,etf,false,true,false,false,false,false,false,false,false,security_type=etf;symbol_not_4_digit
2025-10-14,00927,群益半導體收益,listed,20.36,20.47,19.73,19.77,-0.26,-1.2981,5451600,109657984,1897,TWSE,etf,false,true,false,false,false,false,false,false,false,security_type=etf;symbol_not_4_digit
2025-10-14,00929,復華台灣科技優息,listed,18.6,18.67,18.14,18.15,-0.28,-1.5193,24760700,455917332,9572,TWSE,etf,false,true,false,false,false,false,false,false,false,security_type=etf;symbol_not_4_digit
2025-10-14,00930,永豐ESG低碳高息,listed,17.2,17.39,17.05,17.05,-0.13,-0.7567,1236648,21318347,434,TWSE,etf,false,true,false,false,false,false,false,false,false,security_type=etf;symbol_not_4_digit
2025-10-14,00932,兆豐永續高息等權,listed,14.6,14.67,14.35,14.36,-0.12,-0.8287,1253307,18192635,323,TWSE,etf,false,true,false,false,false,false,false,false,false,security_type=etf;symbol_not_4_digit
2025-10-14,00934,中信成長高股息,listed,20.29,20.36,19.9,19.95,-0.15,-0.7463,3825215,77158248,895,TWSE,etf,false,true,false,false,false,false,false,false,false,security_type=etf;symbol_not_4_digit
2025-10-14,00935,野村臺灣新科技50,listed,27.95,28.06,27.12,27.12,-0.42,-1.5251,8127242,223883887,3073,TWSE,other,false,false,false,false,false,false,false,false,false,symbol_not_4_digit
2025-10-14,00936,台新永續高息中小,listed,15.78,15.86,15.45,15.47,-0.15,-0.9603,3159922,49503322,816,TWSE,other,false,false,false,false,false,false,false,false,false,symbol_not_4_digit
2025-10-14,00938,凱基優選30,listed,16.5,16.67,16.4,16.42,0.11,0.6744,1634176,27030444,283,TWSE,etf,false,true,false,false,false,false,false,false,false,security_type=etf;symbol_not_4_digit
2025-10-14,00939,統一台灣高息動能,listed,14.21,14.33,14.05,14.05,0.0,0.0,19012265,271099746,3189,TWSE,etf,false,true,false,false,false,false,false,false,false,security_type=etf;symbol_not_4_digit
2025-10-14,00940,元大台灣價值高息,listed,9.44,9.55,9.35,9.36,-0.03,-0.3195,78995566,749310605,9122,TWSE,etf,false,true,false,false,false,false,false,false,false,security_type=etf;symbol_not_4_digit
2025-10-14,00941,中信上游半導體,listed,15.76,15.82,15.64,15.64,-0.06,-0.3822,6395877,100697626,1300,TWSE,etf,false,true,false,false,false,false,false,false,false,security_type=etf;symbol_not_4_digit
2025-10-14,00943,兆豐電子高息等權,listed,14.95,14.98,14.5,14.53,-0.31,-2.0889,551104,8081639,145,TWSE,etf,false,true,false,false,false,false,false,false,false,security_type=etf;symbol_not_4_digit
2025-10-14,00944,野村趨勢動能高息,listed,14.17,14.3,14.08,14.08,-0.05,-0.3539,684818,9700503,300,TWSE,other,false,false,false,false,false,false,false,false,false,symbol_not_4_digit
2025-10-14,00945B,凱基美國非投等債,listed,14.17,14.2,14.14,14.2,0.06,0.4243,4021447,57043578,663,TWSE,bond_etf,false,true,true,true,false,false,false,false,false,security_type=bond_etf;symbol_not_4_digit
2025-10-14,00946,群益科技高息成長,listed,10.33,10.37,10.04,10.04,-0.14,-1.3752,6989463,71382327,1618,TWSE,etf,false,true,false,false,false,false,false,false,false,security_type=etf;symbol_not_4_digit
2025-10-14,00947,台新臺灣IC設計,listed,16.4,16.47,15.6,15.6,-0.6,-3.7037,3033644,48177859,1440,TWSE,other,false,false,false,false,false,false,false,false,false,symbol_not_4_digit
2025-10-14,00949,復華日本龍頭,listed,17.25,17.31,17.05,17.1,0.05,0.2933,2711152,46476138,596,TWSE,etf,false,true,false,false,false,false,false,false,false,security_type=etf;symbol_not_4_digit
2025-10-14,00951,台新日本半導體,listed,10.39,10.57,10.2,10.2,0.03,0.295,5116829,53105689,742,TWSE,other,false,false,false,false,false,false,false,false,false,symbol_not_4_digit
2025-10-14,00952,凱基台灣AI50,listed,11.48,11.52,11.09,11.11,-0.2,-1.7683,3913395,44155151,987,TWSE,etf,false,true,false,false,false,false,false,false,false,security_type=etf;symbol_not_4_digit
2025-10-14,00953B,群益優選非投等債,listed,9.46,9.5,9.45,9.49,0.04,0.4233,37415927,354786269,3801,TWSE,bond_etf,false,true,true,true,false,false,false,false,false,security_type=bond_etf;symbol_not_4_digit
2025-10-14,00954,中信日本半導體,listed,11.06,11.17,10.8,10.82,0.0,0.0,2255746,24781734,1076,TWSE,etf,false,true,false,false,false,false,false,false,false,security_type=etf;symbol_not_4_digit
2025-10-14,00956,中信日經高股息,listed,10.26,10.26,10.1,10.13,0.05,0.496,1555764,15798366,208,TWSE,etf,false,true,false,false,false,false,false,false,false,security_type=etf;symbol_not_4_digit
2025-10-14,00960,野村全球航運龍頭,listed,13.36,13.56,13.36,13.55,0.25,1.8797,4033509,54439647,1066,TWSE,other,false,false,false,false,false,false,false,false,false,symbol_not_4_digit
2025-10-14,00961,FT臺灣永續高息,listed,9.47,9.6,9.4,9.42,0.03,0.3195,15941121,151908233,1626,TWSE,other,false,false,false,false,false,false,false,false,false,symbol_not_4_digit
2025-10-14,00962,台新AI優息動能,listed,10.92,11.02,10.62,10.62,-0.24,-2.2099,1302254,14055204,379,TWSE,other,false,false,false,false,false,false,false,false,false,symbol_not_4_digit
2025-10-14,00963,中信全球高股息,listed,10.6,10.61,10.55,10.57,0.05,0.4753,1625894,17204509,351,TWSE,etf,false,true,false,false,false,false,false,false,false,security_type=etf;symbol_not_4_digit
2025-10-14,00964,中信亞太高股息,listed,10.88,10.92,10.84,10.85,0.19,1.7824,1205040,13109273,167,TWSE,etf,false,true,false,false,false,false,false,false,false,security_type=etf;symbol_not_4_digit
2025-10-14,00965,元大航太防衛科技,listed,22.45,22.46,21.96,22.0,-0.51,-2.2657,15998590,355571118,9915,TWSE,etf,false,true,false,false,false,false,false,false,false,security_type=etf;symbol_not_4_digit
2025-10-14,00971,野村美國研發龍頭,listed,16.16,16.23,16.09,16.11,0.04,0.2489,1821047,29450793,410,TWSE,other,false,false,false,false,false,false,false,false,false,symbol_not_4_digit
2025-10-14,00972,野村日本動能高息,listed,15.91,15.98,15.83,15.88,0.16,1.0178,279684,4454874,58,TWSE,other,false,false,false,false,false,false,false,false,false,symbol_not_4_digit
2025-10-14,009800,中信NASDAQ,listed,10.63,10.63,10.51,10.54,0.01,0.095,3604909,38135929,1003,TWSE,etf,false,true,false,false,false,false,false,false,false,security_type=etf;symbol_not_4_digit
2025-10-14,009801,中信美國創新科技,listed,10.92,10.93,10.81,10.83,0.0,0.0,3419423,37161030,687,TWSE,etf,false,true,false,false,false,false,false,false,false,security_type=etf;symbol_not_4_digit
2025-10-14,009802,富邦旗艦50,listed,10.86,10.89,10.54,10.56,-0.18,-1.676,14854644,159163656,1443,TWSE,etf,false,true,false,false,false,false,false,false,false,security_type=etf;symbol_not_4_digit
2025-10-14,009803,玉山市值動能50,listed,12.39,12.45,12.13,12.13,-0.07,-0.5738,2056361,25284977,495,TWSE,other,false,false,false,false,false,false,false,false,false,symbol_not_4_digit
2025-10-14,009804,聯邦台精彩50,listed,13.86,13.99,13.6,13.62,-0.07,-0.5113,1514672,20827421,552,TWSE,other,false,false,false,false,false,false,false,false,false,symbol_not_4_digit
2025-10-14,009805,台新美國電力基建,listed,12.71,12.73,12.56,12.62,0.16,1.2841,13545646,171483350,3189,TWSE,other,false,false,false,false,false,false,false,false,false,symbol_not_4_digit
2025-10-14,009808,華南永昌優選50,listed,19.01,19.25,18.8,18.81,-0.09,-0.4762,1704889,32521556,123,TWSE,other,false,false,false,false,false,false,false,false,false,symbol_not_4_digit
2025-10-14,009809,富邦淨零ESG50,listed,10.06,10.17,9.98,9.99,0.0,0.0,46159618,466400325,2420,TWSE,etf,false,true,false,false,false,false,false,false,false,security_type=etf;symbol_not_4_digit
2025-10-14,00980A,主動野村臺灣優選,listed,14.08,14.12,13.71,13.71,-0.17,-1.2248,9567212,132841595,2813,TWSE,etf,false,true,true,false,false,false,false,false,false,security_type=etf;symbol_not_4_digit
2025-10-14,009810,玉山全球藍籌100,listed,17.24,17.24,17.13,17.13,-0.04,-0.233,271330,4663261,112,TWSE,other,false,false,false,false,false,false,false,false,false,symbol_not_4_digit
2025-10-14,009811,統一美國50,listed,11.17,11.18,11.08,11.09,-0.01,-0.0901,6958675,77418940,2335,TWSE,etf,false,true,false,false,false,false,false,false,false,security_type=etf;symbol_not_4_digit
2025-10-14,009812,野村日本東證,listed,10.0,10.0,9.87,9.89,-0.03,-0.3024,8107727,80370762,1850,TWSE,other,false,false,false,false,false,false,false,false,false,symbol_not_4_digit
2025-10-14,00981A,主動統一台股增長,listed,14.14,14.2,13.7,13.74,-0.22,-1.5759,66269050,924845526,16494,TWSE,etf,false,true,true,false,false,false,false,false,false,security_type=etf;symbol_not_4_digit
2025-10-14,00981T,平衡凱基雙核收息,listed,10.27,10.29,10.21,10.21,0.04,0.3933,8320729,85264239,515,TWSE,etf,false,true,true,false,false,false,false,false,false,security_type=etf;symbol_not_4_digit
2025-10-14,00982A,主動群益台灣強棒,listed,13.54,13.57,13.07,13.09,-0.24,-1.8005,49664727,661022505,12033,TWSE,etf,false,true,true,false,false,false,false,false,false,security_type=etf;symbol_not_4_digit
2025-10-14,00982D,主動富邦動態入息,listed,10.04,10.05,10.03,10.04,0.07,0.7021,56786017,570020512,2450,TWSE,etf,false,true,true,false,false,false,false,false,false,security_type=etf;symbol_not_4_digit
2025-10-14,00983A,主動中信ARK創新,listed,13.03,13.06,12.82,12.83,-0.29,-2.2104,24889640,322700413,7726,TWSE,etf,false,true,true,false,false,false,false,false,false,security_type=etf;symbol_not_4_digit
2025-10-14,00983D,主動富邦複合收益,listed,10.04,10.05,10.02,10.05,0.08,0.8024,46980000,471490406,2151,TWSE,etf,false,true,true,false,false,false,false,false,false,security_type=etf;symbol_not_4_digit
2025-10-14,00984A,主動安聯台灣高息,listed,10.64,10.78,10.44,10.44,-0.07,-0.666,45698497,483414726,9308,TWSE,etf,false,true,true,false,false,false,false,false,false,security_type=etf;symbol_not_4_digit
2025-10-14,00985A,主動野村台灣50,listed,12.02,12.08,11.69,11.69,-0.16,-1.3502,13401579,159155772,4453,TWSE,etf,false,true,true,false,false,false,false,false,false,security_type=etf;symbol_not_4_digit
2025-10-14,00985B,群益ESG投等債0-5,listed,10.02,10.06,10.01,10.04,0.03,0.2997,75773070,760231965,2470,TWSE,bond_etf,false,true,true,true,false,false,false,false,false,security_type=bond_etf;symbol_not_4_digit
2025-10-14,00986A,主動台新龍頭成長,listed,10.81,10.89,10.79,10.79,0.05,0.4655,1955896,21203778,400,TWSE,etf,false,true,true,false,false,false,false,false,false,security_type=etf;symbol_not_4_digit
2025-10-14,01001T,土銀富邦R1,listed,,,,,0.0,,100,1198,2,TWSE,etf,false,true,true,false,false,false,false,false,false,security_type=etf;symbol_not_4_digit;invalid_close
2025-10-14,01002T,土銀國泰R1,listed,14.84,14.92,14.82,14.92,0.0,0.0,56066,832746,15,TWSE,etf,false,true,true,false,false,false,false,false,false,security_type=etf;symbol_not_4_digit
2025-10-14,01004T,土銀富邦R2,listed,11.23,11.29,11.23,11.28,-0.01,-0.0886,76006,857033,9,TWSE,etf,false,true,true,false,false,false,false,false,false,security_type=etf;symbol_not_4_digit
2025-10-14,01007T,兆豐國泰R2,listed,14.21,14.21,14.2,14.2,0.0,0.0,24000,341000,4,TWSE,etf,false,true,true,false,false,false,false,false,false,security_type=etf;symbol_not_4_digit
2025-10-14,01009T,王道圓滿R1,listed,7.14,7.14,7.01,7.13,-0.01,-0.1401,428000,3044080,20,TWSE,warrant,false,false,true,false,false,false,false,false,false,security_type=warrant;symbol_not_4_digit
2025-10-14,01010T,京城樂富R1,listed,10.0,10.01,10.0,10.01,-0.02,-0.1994,56100,561130,11,TWSE,warrant,false,false,true,false,false,false,false,false,false,security_type=warrant;symbol_not_4_digit
2025-10-14,020000,富邦特選蘋果N,listed,,,,,0.0,,0,0,0,TWSE,etf,false,true,false,false,false,false,false,false,false,security_type=etf;symbol_not_4_digit;invalid_close;invalid_volume;invalid_turnover
2025-10-14,020011,統一微波高息20N,listed,,,,,0.0,,0,0,0,TWSE,etf,false,true,false,false,false,false,false,false,false,security_type=etf;symbol_not_4_digit;invalid_close;invalid_volume;invalid_turnover
2025-10-14,020012,富邦行動通訊N,listed,,,,,0.0,,0,0,0,TWSE,etf,false,true,false,false,false,false,false,false,false,security_type=etf;symbol_not_4_digit;invalid_close;invalid_volume;invalid_turnover
2025-10-14,02001L,富邦蘋果正二N,listed,44.26,45.74,41.9,41.9,-2.44,-5.5029,134000,5865740,102,TWSE,etf,false,true,true,false,false,false,false,false,false,security_type=etf;symbol_not_4_digit
2025-10-14,02001R,富邦蘋果反一N,listed,0.94,0.97,0.94,0.97,0.02,2.1053,10000,9580,4,TWSE,etf,false,true,true,false,false,false,false,false,false,security_type=etf;symbol_not_4_digit
2025-10-14,02001S,策元大加權策略N,listed,,,,,0.0,,0,0,0,TWSE,etf,false,true,true,false,false,false,false,false,false,security_type=etf;symbol_not_4_digit;invalid_close;invalid_volume;invalid_turnover
2025-10-14,020020,元大台股領航N,listed,15.06,15.06,14.82,14.82,0.02,0.1351,5000,74670,4,TWSE,etf,false,true,false,false,false,false,false,false,false,security_type=etf;symbol_not_4_digit
2025-10-14,020028,元大特選電動車N,listed,13.06,13.07,12.46,12.46,-0.35,-2.7322,60000,757820,20,TWSE,etf,false,true,false,false,false,false,false,false,false,security_type=etf;symbol_not_4_digit
2025-10-14,020029,元大ESG高股息N,listed,9.56,9.58,9.45,9.45,0.04,0.4251,10000,95360,4,TWSE,etf,false,true,false,false,false,false,false,false,false,security_type=etf;symbol_not_4_digit
2025-10-14,020030,統一智慧電動車N,listed,8.06,8.09,7.94,7.95,-0.17,-2.0936,54000,434370,46,TWSE,etf,false,true,false,false,false,false,false,false,false,security_type=etf;symbol_not_4_digit
2025-10-14,020031,統一IC設計臺灣N,listed,6.33,6.33,6.1,6.1,-0.12,-1.9293,43000,269970,9,TWSE,etf,false,true,false,false,false,false,false,false,false,security_type=etf;symbol_not_4_digit
2025-10-14,020032,元大綠能N,listed,7.68,7.7,7.67,7.67,0.01,0.1305,11000,84450,3,TWSE,etf,false,true,false,false,false,false,false,false,false,security_type=etf;symbol_not_4_digit
2025-10-14,020034,元大IC設計N,listed,7.58,7.58,7.35,7.35,-0.07,-0.9434,15000,112700,4,TWSE,etf,false,true,false,false,false,false,false,false,false,security_type=etf;symbol_not_4_digit
2025-10-14,020036,元大金融配息N,listed,7.37,7.37,7.37,7.37,0.0,0.0,10000,73700,2,TWSE,etf,false,true,false,false,false,false,false,false,false,security_type=etf;symbol_not_4_digit
2025-10-14,020037,元大金融高股息N,listed,7.85,7.85,7.8,7.8,0.06,0.7752,41000,321350,3,TWSE,etf,false,true,false,false,false,false,false,false,false,security_type=etf;symbol_not_4_digit
2025-10-14,020038,元大ESG配息N,listed,7.9,7.93,7.82,7.83,0.05,0.6427,23000,181220,4,TWSE,etf,false,true,false,false,false,false,false,false,false,security_type=etf;symbol_not_4_digit
2025-10-14,020039,元大加權N,listed,8.62,8.64,8.44,8.44,-0.05,-0.5889,50000,427200,5,TWSE,etf,false,true,false,false,false,false,false,false,false,security_type=etf;symbol_not_4_digit
2025-10-14,1101,台泥,listed,23.1,23.3,22.8,22.9,-0.1,-0.4348,25371337,584351078,9476,TWSE,common_stock,true,false,false,false,false,false,false,false,true,
2025-10-14,1101B,台泥乙特,listed,45.3,45.6,45.3,45.6,0.0,0.0,4097,186530,6,TWSE,warrant,false,false,true,false,false,false,false,false,false,security_type=warrant;symbol_not_4_digit
2025-10-14,1102,亞泥,listed,36.75,37.25,36.75,36.85,-0.1,-0.2706,5140240,190299584,2539,TWSE,common_stock,true,false,false,false,false,false,false,false,true,
2025-10-14,1103,嘉泥,listed,13.0,13.1,13.0,13.05,0.05,0.3846,293371,3833593,252,TWSE,common_stock,true,false,false,false,false,false,false,false,true,
2025-10-14,1104,環泥,listed,30.55,30.9,30.3,30.4,0.45,1.5025,1999160,61163620,1186,TWSE,common_stock,true,false,false,false,false,false,false,false,true,
2025-10-14,1108,幸福,listed,15.0,15.1,14.95,14.95,-0.05,-0.3333,211223,3170434,118,TWSE,common_stock,true,false,false,false,false,false,false,false,true,
2025-10-14,1109,信大,listed,15.5,15.55,15.45,15.5,0.0,0.0,114334,1770831,123,TWSE,common_stock,true,false,false,false,false,false,false,false,true,
2025-10-14,1110,東泥,listed,16.9,17.0,16.6,16.9,0.05,0.2967,314411,5290897,184,TWSE,common_stock,true,false,false,false,false,false,false,false,true,
2025-10-14,1201,味全,listed,15.2,15.25,15.05,15.15,0.1,0.6645,258903,3917393,247,TWSE,common_stock,true,false,false,false,false,false,false,false,true,
2025-10-14,1203,味王,listed,39.3,39.9,39.3,39.35,0.05,0.1272,13233,523734,33,TWSE,common_stock,true,false,false,false,false,false,false,false,true,
2025-10-14,1210,大成,listed,51.4,52.1,51.4,51.6,0.2,0.3891,2581730,133661452,1829,TWSE,common_stock,true,false,false,false,false,false,false,false,true,
2025-10-14,1213,大飲,listed,12.8,12.8,11.8,11.8,-0.25,-2.0747,10676,128182,10,TWSE,common_stock,true,false,false,false,false,false,false,false,true,
2025-10-14,1215,卜蜂,listed,139.5,141.0,138.5,140.0,0.0,0.0,732800,102337934,2064,TWSE,common_stock,true,false,false,false,false,false,false,false,true,
2025-10-14,1216,統一,listed,77.5,78.6,77.5,78.0,0.4,0.5155,10418858,814887033,4289,TWSE,etf,false,true,false,false,false,false,false,false,false,security_type=etf
2025-10-14,1217,愛之味,listed,10.35,10.45,10.3,10.35,-0.05,-0.4808,809522,8396030,526,TWSE,common_stock,true,false,false,false,false,false,false,false,true,
2025-10-14,1218,泰山,listed,19.6,19.65,19.1,19.1,-0.4,-2.0513,1244607,24166201,903,TWSE,common_stock,true,false,false,false,false,false,false,false,true,
2025-10-14,1219,福壽,listed,13.55,13.65,13.45,13.5,0.0,0.0,448744,6076918,185,TWSE,common_stock,true,false,false,false,false,false,false,false,true,
2025-10-14,1220,台榮,listed,13.1,13.1,13.0,13.05,-0.05,-0.3817,46362,604833,58,TWSE,common_stock,true,false,false,false,false,false,false,false,true,
2025-10-14,1225,福懋油,listed,29.95,30.4,29.45,29.45,-0.5,-1.6694,191624,5710792,268,TWSE,common_stock,true,false,false,false,false,false,false,false,true,
2025-10-14,1227,佳格,listed,32.05,32.05,31.2,31.55,-0.5,-1.5601,1384355,43908278,2173,TWSE,common_stock,true,false,false,false,false,false,false,false,true,
2025-10-14,1229,聯華,listed,50.6,51.2,49.8,50.1,-0.3,-0.5952,3092524,156172530,7610,TWSE,common_stock,true,false,false,false,false,false,false,false,true,
2025-10-14,1231,聯華食,listed,115.5,116.0,114.0,114.0,-1.5,-1.2987,565051,64945562,1797,TWSE,common_stock,true,false,false,false,false,false,false,false,true,
2025-10-14,1232,大統益,listed,146.0,146.0,145.5,146.0,0.0,0.0,85069,12395017,182,TWSE,common_stock,true,false,false,false,false,false,false,false,true,
2025-10-14,1233,天仁,listed,30.85,30.85,30.8,30.8,0.05,0.1626,6455,198861,42,TWSE,common_stock,true,false,false,false,false,false,false,false,true,
2025-10-14,1234,黑松,listed,37.9,37.95,37.7,37.7,-0.2,-0.5277,276040,10439917,250,TWSE,common_stock,true,false,false,false,false,false,false,false,true,
2025-10-14,1235,興泰,listed,49.55,49.85,46.55,46.55,-2.95,-5.9596,50394,2440591,72,TWSE,common_stock,true,false,false,false,false,false,false,false,true,
2025-10-14,1236,宏亞,listed,25.15,25.15,24.95,25.05,-0.05,-0.1992,177131,4438527,200,TWSE,common_stock,true,false,false,false,false,false,false,false,true,
2025-10-14,1256,鮮活果汁-KY,listed,159.5,161.0,153.5,153.5,-11.5,-6.9697,169633,26844237,2011,TWSE,common_stock,true,false,false,false,false,false,false,false,true,
2025-10-14,1301,台塑,listed,38.3,38.65,37.35,37.35,-0.85,-2.2251,17304140,654531376,9216,TWSE,common_stock,true,false,false,false,false,false,false,false,true,
2025-10-14,1303,南亞,listed,42.3,42.6,40.15,40.2,-1.7,-4.0573,58573742,2400398868,47340,TWSE,common_stock,true,false,false,false,false,false,false,false,true,
2025-10-14,1304,台聚,listed,11.2,11.25,10.6,10.65,-0.4,-3.6199,4188363,45352541,1778,TWSE,common_stock,true,false,false,false,false,false,false,false,true,
2025-10-14,1305,華夏,listed,11.7,11.85,11.45,11.5,-0.2,-1.7094,861924,9988251,527,TWSE,common_stock,true,false,false,false,false,false,false,false,true,
2025-10-14,1307,三芳,listed,30.55,30.95,29.9,30.0,-0.35,-1.1532,1043542,31687255,609,TWSE,common_stock,true,false,false,false,false,false,false,false,true,
2025-10-14,1308,亞聚,listed,13.7,13.7,13.05,13.2,-0.45,-3.2967,5734585,76774428,2622,TWSE,common_stock,true,false,false,false,false,false,false,false,true,
2025-10-14,1309,台達化,listed,11.6,11.6,11.05,11.1,-0.3,-2.6316,1309185,14699203,626,TWSE,common_stock,true,false,false,false,false,false,false,false,true,
2025-10-14,1310,台苯,listed,8.89,8.98,8.7,8.71,-0.13,-1.4706,834364,7352702,521,TWSE,common_stock,true,false,false,false,false,false,false,false,true,
2025-10-14,1312,國喬,listed,10.2,10.3,9.94,10.0,0.05,0.5025,5567406,56159999,1802,TWSE,common_stock,true,false,false,false,false,false,false,false,true,
2025-10-14,1312A,國喬特,listed,21.15,21.15,21.1,21.15,0.05,0.237,15000,317150,8,TWSE,warrant,false,false,true,false,false,false,false,false,false,security_type=warrant;symbol_not_4_digit
2025-10-14,1313,聯成,listed,10.95,11.0,10.45,10.5,-0.3,-2.7778,3288967,35041365,1009,TWSE,common_stock,true,false,false,false,false,false,false,false,true,
2025-10-14,1314,中石化,listed,7.39,7.44,7.27,7.29,-0.04,-0.5457,11864759,87197219,2643,TWSE,common_stock,true,false,false,false,false,false,false,false,true,
2025-10-14,1315,達新,listed,64.8,64.9,64.4,64.5,-0.3,-0.463,8528,551867,86,TWSE,common_stock,true,false,false,false,false,false,false,false,true,
2025-10-14,1316,上曜,listed,16.2,17.15,15.9,16.2,0.6,3.8462,28292374,466067381,10133,TWSE,common_stock,true,false,false,false,false,false,false,false,true,
2025-10-14,1319,東陽,listed,92.2,93.4,90.8,91.1,-0.4,-0.4372,2152129,197476574,2580,TWSE,common_stock,true,false,false,false,false,false,false,false,true,
2025-10-14,1321,大洋,listed,36.05,36.1,35.65,35.9,-0.1,-0.2778,332993,11926968,208,TWSE,common_stock,true,false,false,false,false,false,false,false,true,
2025-10-14,1323,永裕,listed,19.75,19.75,19.7,19.75,0.0,0.0,39432,777876,27,TWSE,common_stock,true,false,false,false,false,false,false,false,true,
2025-10-14,1324,地球,listed,11.05,11.4,10.9,11.1,0.05,0.4525,98689,1092261,153,TWSE,common_stock,true,false,false,false,false,false,false,false,true,
2025-10-14,1325,恆大,listed,30.4,30.8,29.55,29.7,-0.7,-2.3026,460905,13883334,520,TWSE,common_stock,true,false,false,false,false,false,false,false,true,
2025-10-14,1326,台化,listed,29.35,29.75,28.5,28.55,-0.65,-2.226,12345485,355724049,5911,TWSE,common_stock,true,false,false,false,false,false,false,false,true,
2025-10-14,1337,再生-KY,listed,5.09,5.15,5.06,5.07,0.03,0.5952,322721,1644362,224,TWSE,common_stock,true,false,false,false,false,false,false,false,true,
2025-10-14,1338,廣華-KY,listed,22.15,22.35,21.85,21.85,-0.15,-0.6818,80330,1778552,77,TWSE,common_stock,true,false,false,false,false,false,false,false,true,
2025-10-14,1339,昭輝,listed,42.4,42.45,41.0,41.9,-0.4,-0.9456,39375,1644872,250,TWSE,common_stock,true,false,false,false,false,false,false,false,true,
2025-10-14,1340,勝悅-KY,listed,6.96,7.21,6.96,7.17,0.06,0.8439,191532,1362445,162,TWSE,common_stock,true,false,false,false,false,false,false,false,true,
2025-10-14,1341,富林-KY,listed,57.7,58.5,57.7,58.1,-1.1,-1.8581,9202,534159,21,TWSE,common_stock,true,false,false,false,false,false,false,false,true,
2025-10-14,1342,八貫,listed,86.7,86.7,85.0,85.0,-1.3,-1.5064,113143,9692386,544,TWSE,common_stock,true,false,false,false,false,false,false,false,true,
2025-10-14,1402,遠東新,listed,27.2,27.7,27.2,27.4,0.2,0.7353,8967441,246845754,3897,TWSE,common_stock,true,false,false,false,false,false,false,false,true,
2025-10-14,1409,新纖,listed,13.85,14.0,13.35,13.35,-0.45,-3.2609,8241014,112201548,3093,TWSE,common_stock,true,false,false,false,false,false,false,false,true,
2025-10-14,1410,南染,listed,34.8,35.4,34.25,34.25,-0.75,-2.1429,16101,557722,21,TWSE,common_stock,true,false,false,false,false,false,false,false,true,
2025-10-14,1413,宏洲,listed,10.45,10.45,10.35,10.35,-0.15,-1.4286,66001,686060,26,TWSE,common_stock,true,false,false,false,false,false,false,false,true,
2025-10-14,1414,東和,listed,17.05,17.5,16.8,16.85,-0.15,-0.8824,587039,9985053,352,TWSE,common_stock,true,false,false,false,false,false,false,false,true,
2025-10-14,1416,廣豐,listed,11.4,11.45,11.3,11.35,-0.05,-0.4386,105224,1193825,73,TWSE,common_stock,true,false,false,false,false,false,false,false,true,
2025-10-14,1417,嘉裕,listed,8.32,8.32,8.21,8.26,-0.02,-0.2415,164063,1354087,100,TWSE,common_stock,true,false,false,false,false,false,false,false,true,
2025-10-14,1418,東華,listed,20.65,20.65,20.5,20.5,-0.15,-0.7264,17364,357168,23,TWSE,common_stock,true,false,false,false,false,false,false,false,true,
2025-10-14,1419,新紡,listed,57.7,59.5,56.3,57.0,-0.6,-1.0417,2668569,154034840,2304,TWSE,common_stock,true,false,false,false,false,false,false,false,true,
2025-10-14,1423,利華,listed,39.0,39.0,38.1,38.7,0.65,1.7083,114831,4414768,48,TWSE,common_stock,true,false,false,false,false,false,false,false,true,
2025-10-14,1432,大魯閣,listed,17.45,17.6,17.4,17.4,-0.2,-1.1364,148928,2602168,256,TWSE,common_stock,true,false,false,false,false,false,false,false,true,
2025-10-14,1434,福懋,listed,15.2,15.3,15.1,15.1,0.0,0.0,943320,14330214,621,TWSE,common_stock,true,false,false,false,false,false,false,false,true,
2025-10-14,1435,中福,listed,27.75,28.3,27.75,28.25,-1.75,-5.8333,6277,176523,30,TWSE,common_stock,true,false,false,false,false,false,false,false,true,
2025-10-14,1436,華友聯,listed,65.3,66.3,64.7,65.0,0.1,0.1541,588059,38485169,955,TWSE,common_stock,true,false,false,false,false,false,false,false,true,
2025-10-14,1437,勤益控,listed,30.4,30.45,30.25,30.3,-0.1,-0.3289,67224,2037641,57,TWSE,common_stock,true,false,false,false,false,false,false,false,true,
2025-10-14,1438,三地開發,listed,36.7,37.05,36.55,36.6,-0.1,-0.2725,75409,2775060,47,TWSE,common_stock,true,false,false,false,false,false,false,false,true,
2025-10-14,1439,雋揚,listed,28.15,28.75,28.1,28.3,0.05,0.177,19000,537850,12,TWSE,common_stock,true,false,false,false,false,false,false,false,true,
2025-10-14,1440,南紡,listed,13.15,13.2,12.9,13.0,-0.05,-0.3831,1261177,16407886,556,TWSE,common_stock,true,false,false,false,false,false,false,false,true,
2025-10-14,1441,大東,listed,11.15,11.15,11.1,11.15,0.0,0.0,9506,105877,74,TWSE,common_stock,true,false,false,false,false,false,false,false,true,
2025-10-14,1442,名軒,listed,36.85,37.3,36.35,36.9,0.15,0.4082,1399377,51488741,1138,TWSE,common_stock,true,false,false,false,false,false,false,false,true,
2025-10-14,1443,立益物流,listed,27.4,27.8,27.35,27.65,-0.15,-0.5396,5126,141359,8,TWSE,common_stock,true,false,false,false,false,false,false,false,true,
2025-10-14,1444,力麗,listed,6.38,6.51,6.36,6.36,-0.01,-0.157,1215847,7821366,452,TWSE,common_stock,true,false,false,false,false,false,false,false,true,
2025-10-14,1445,大宇,listed,14.55,14.8,14.55,14.6,-0.1,-0.6803,22386,328600,18,TWSE,common_stock,true,false,false,false,false,false,false,false,true,
2025-10-14,1446,宏和,listed,19.1,19.1,18.45,18.5,-0.3,-1.5957,487589,9127574,264,TWSE,common_stock,true,false,false,false,false,false,false,false,true,
2025-10-14,1447,力鵬,listed,5.73,5.77,5.69,5.71,0.0,0.0,638279,3653475,296,TWSE,common_stock,true,false,false,false,false,false,false,false,true,
2025-10-14,1449,佳和,listed,12.15,12.2,11.75,11.75,-0.4,-3.2922,1021510,12215243,450,TWSE,common_stock,true,false,false,false,false,false,false,false,true,
2025-10-14,1451,年興,listed,17.65,17.65,17.5,17.5,-0.1,-0.5682,179883,3159901,130,TWSE,common_stock,true,false,false,false,false,false,false,false,true,
2025-10-14,1452,宏益,listed,12.5,12.5,12.0,12.1,-0.4,-3.2,171297,2101122,228,TWSE,common_stock,true,false,false,false,false,false,false,false,true,
2025-10-14,1453,大將,listed,13.3,13.55,13.2,13.2,-0.05,-0.3774,404769,5387488,164,TWSE,common_stock,true,false,false,false,false,false,false,false,true,
2025-10-14,1454,台富,listed,13.95,14.25,13.6,13.65,-0.05,-0.365,164964,2295738,274,TWSE,common_stock,true,false,false,false,false,false,false,false,true,
2025-10-14,1455,集盛,listed,8.35,8.39,8.26,8.26,-0.09,-1.0778,599373,4979789,366,TWSE,common_stock,true,false,false,false,false,false,false,false,true,
2025-10-14,1456,怡華,listed,12.55,13.05,12.55,12.95,0.1,0.7782,56785,729173,73,TWSE,common_stock,true,false,false,false,false,false,false,false,true,
2025-10-14,1457,宜進,listed,16.45,16.45,16.35,16.35,0.0,0.0,99853,1636423,110,TWSE,common_stock,true,false,false,false,false,false,false,false,true,
2025-10-14,1459,聯發,listed,11.75,11.85,11.75,11.75,-0.15,-1.2605,91625,1079196,43,TWSE,common_stock,true,false,false,false,false,false,false,false,true,
2025-10-14,1460,宏遠,listed,5.74,5.75,5.72,5.75,0.0,0.0,374488,2148999,181,TWSE,common_stock,true,false,false,false,false,false,false,false,true,
2025-10-14,1463,強盛新,listed,21.8,21.8,21.5,21.65,0.1,0.464,787604,17064268,473,TWSE,common_stock,true,false,false,false,false,false,false,false,true,
2025-10-14,1464,得力,listed,11.2,11.5,11.15,11.15,-0.05,-0.4464,457112,5141668,328,TWSE,common_stock,true,false,false,false,false,false,false,false,true,
2025-10-14,1465,偉全,listed,13.2,13.2,12.85,13.1,0.0,0.0,113859,1481009,119,TWSE,common_stock,true,false,false,false,false,false,false,false,true,
2025-10-14,1466,聚隆,listed,18.3,18.55,17.45,17.45,-0.8,-4.3836,927112,16661655,538,TWSE,common_stock,true,false,false,false,false,false,false,false,true,
2025-10-14,1467,南緯,listed,7.52,7.52,7.4,7.42,-0.07,-0.9346,68229,507177,92,TWSE,common_stock,true,false,false,false,false,false,false,false,true,
2025-10-14,1468,昶和,listed,12.45,12.45,12.2,12.25,0.0,0.0,45050,555557,31,TWSE,common_stock,true,false,false,false,false,false,false,false,true,
2025-10-14,1470,大統新創,listed,23.0,23.0,23.0,23.0,0.9,4.0724,2000,46000,2,TWSE,common_stock,true,false,false,false,false,false,false,false,true,
2025-10-14,1471,首利,listed,9.3,9.34,8.98,9.01,-0.19,-2.0652,400107,3636745,267,TWSE,common_stock,true,false,false,false,false,false,false,false,true,
2025-10-14,1472,三洋實業,listed,91.9,91.9,89.2,89.6,-0.4,-0.4444,29206,2629287,26,TWSE,common_stock,true,false,false,false,false,false,false,false,true,
2025-10-14,1473,台南,listed,29.95,32.5,29.95,31.8,2.15,7.2513,1792895,56218850,1894,TWSE,common_stock,true,false,false,false,false,false,false,false,true,
2025-10-14,1474,弘裕,listed,11.85,11.85,11.55,11.55,-0.25,-2.1186,121830,1427435,211,TWSE,common_stock,true,false,false,false,false,false,false,false,true,
2025-10-14,1475,業旺,listed,34.0,37.15,34.0,37.15,3.35,9.9112,196568,7205584,299,TWSE,common_stock,true,false,false,false,false,false,false,false,true,
2025-10-14,1476,儒鴻,listed,441.0,446.0,435.0,436.0,-7.5,-1.6911,638397,281033923,922,TWSE,common_stock,true,false,false,false,false,false,false,false,true,
2025-10-14,1477,聚陽,listed,279.5,281.5,274.0,274.5,-4.0,-1.4363,695203,192135801,1615,TWSE,common_stock,true,false,false,false,false,false,false,false,true,
2025-10-14,1503,士電,listed,177.0,181.0,174.0,174.5,-2.5,-1.4124,1938632,344287258,2155,TWSE,common_stock,true,false,false,false,false,false,false,false,true,
2025-10-14,1504,東元,listed,115.0,115.0,103.5,104.0,-8.5,-7.5556,75251718,8230247410,47416,TWSE,common_stock,true,false,false,false,false,false,false,false,true,
2025-10-14,1506,正道,listed,13.3,13.3,12.95,13.0,-0.2,-1.5152,145666,1902058,91,TWSE,common_stock,true,false,false,false,false,false,false,false,true,
2025-10-14,1512,瑞利,listed,8.2,8.2,8.08,8.14,0.07,0.8674,50720,412233,47,TWSE,common_stock,true,false,false,false,false,false,false,false,true,
2025-10-14,1513,中興電,listed,156.5,159.5,154.5,155.0,-0.5,-0.3215,3950786,620874295,3964,TWSE,common_stock,true,false,false,false,false,false,false,false,true,
2025-10-14,1514,亞力,listed,101.5,103.5,99.9,99.9,-1.6,-1.5764,1936805,197393701,3177,TWSE,common_stock,true,false,false,false,false,false,false,false,true,
2025-10-14,1515,力山,listed,28.6,28.6,27.5,27.55,-0.4,-1.4311,269198,7516195,270,TWSE,common_stock,true,false,false,false,false,false,false,false,true,
2025-10-14,1516,川飛,listed,17.65,18.0,17.6,18.0,0.45,2.5641,141132,2517656,152,TWSE,common_stock,true,false,false,false,false,false,false,false,true,
2025-10-14,1517,利奇,listed,13.85,15.05,13.75,14.25,0.5,3.6364,10499353,151361796,5576,TWSE,common_stock,true,false,false,false,false,false,false,false,true,
2025-10-14,1519,華城,listed,561.0,570.0,551.0,551.0,-4.0,-0.7207,1736501,976178196,4012,TWSE,common_stock,true,false,false,false,false,false,false,false,true,
2025-10-14,1521,大億,listed,24.4,24.7,24.4,24.65,-0.05,-0.2024,19661,483105,29,TWSE,common_stock,true,false,false,false,false,false,false,false,true,
2025-10-14,1522,堤維西,listed,43.5,43.7,42.3,42.75,-0.1,-0.2334,2169997,93720035,2288,TWSE,common_stock,true,false,false,false,false,false,false,false,true,
2025-10-14,1522A,堤維西甲特,listed,48.8,48.9,48.8,48.9,0.0,0.0,3000,146550,3,TWSE,warrant,false,false,true,false,false,false,false,false,false,security_type=warrant;symbol_not_4_digit
2025-10-14,1524,耿鼎,listed,27.7,28.0,26.9,26.9,-0.7,-2.5362,974741,26700063,686,TWSE,common_stock,true,false,false,false,false,false,false,false,true,
2025-10-14,1525,江申,listed,67.8,67.8,66.7,66.8,-0.5,-0.7429,15124,1015817,17,TWSE,common_stock,true,false,false,false,false,false,false,false,true,
2025-10-14,1526,日馳,listed,18.65,19.55,18.65,19.55,1.75,9.8315,2117141,40848121,2332,TWSE,common_stock,true,false,false,false,false,false,false,false,true,
2025-10-14,1527,鑽全,listed,32.95,33.2,32.65,32.65,-0.15,-0.4573,224514,7389863,311,TWSE,common_stock,true,false,false,false,false,false,false,false,true,
2025-10-14,1528,恩德,listed,15.35,15.85,15.0,15.05,-0.15,-0.9868,2265004,34955504,1220,TWSE,common_stock,true,false,false,false,false,false,false,false,true,
2025-10-14,1529,樂事綠能,listed,21.8,22.25,21.35,21.4,-0.4,-1.8349,1162416,25507923,487,TWSE,common_stock,true,false,false,false,false,false,false,false,true,
2025-10-14,1530,亞崴,listed,27.2,27.2,26.8,27.15,-0.05,-0.1838,28848,780169,233,TWSE,common_stock,true,false,false,false,false,false,false,false,true,
2025-10-14,1531,高林股,listed,11.75,12.05,11.75,12.0,0.15,1.2658,190957,2269163,109,TWSE,common_stock,true,false,false,false,false,false,false,false,true,
2025-10-14,1532,勤美,listed,27.05,27.5,27.0,27.0,0.1,0.3717,785603,21415786,506,TWSE,common_stock,true,false,false,false,false,false,false,false,true,
2025-10-14,1533,車王電,listed,31.5,31.95,31.4,31.5,0.0,0.0,52530,1659448,177,TWSE,common_stock,true,false,false,false,false,false,false,false,true,
2025-10-14,1535,中宇,listed,55.5,55.8,55.5,55.6,0.0,0.0,33044,1839851,100,TWSE,common_stock,true,false,false,false,false,false,false,false,true,
2025-10-14,1536,和大,listed,61.5,62.3,59.7,59.7,-0.8,-1.3223,2006525,122110027,1774,TWSE,common_stock,true,false,false,false,false,false,false,false,true,
2025-10-14,1537,廣隆,listed,128.5,129.0,127.0,128.5,0.0,0.0,150595,19282129,194,TWSE,common_stock,true,false,false,false,false,false,false,false,true,
2025-10-14,1538,正峰,listed,24.05,26.5,24.05,25.85,-0.35,-1.3359,3787,95683,6,TWSE,common_stock,true,false,false,false,false,false,false,false,true,
2025-10-14,1539,巨庭,listed,17.5,17.5,17.1,17.3,-0.15,-0.8596,70880,1225931,70,TWSE,common_stock,true,false,false,false,false,false,false,false,true,
2025-10-14,1540,喬福,listed,23.6,23.85,23.0,23.0,-0.5,-2.1277,242361,5667667,247,TWSE,common_stock,true,false,false,false,false,false,false,false,true,
2025-10-14,1541,錩泰,listed,,,,,0.0,,20,500,1,TWSE,other,false,false,false,false,false,false,false,false,false,invalid_close
2025-10-14,1558,伸興,listed,89.2,89.4,88.7,89.4,0.3,0.3367,124316,11084112,136,TWSE,common_stock,true,false,false,false,false,false,false,false,true,
2025-10-14,1560,中砂,listed,326.0,332.5,313.0,314.0,-8.5,-2.6357,3033590,977318017,4785,TWSE,common_stock,true,false,false,false,false,false,false,false,true,
2025-10-14,1563,巧新,listed,46.4,46.95,45.8,46.0,0.15,0.3272,484951,22448355,436,TWSE,common_stock,true,false,false,false,false,false,false,false,true,
2025-10-14,1568,倉佑,listed,23.1,23.1,22.35,22.55,-0.35,-1.5284,87142,1981805,152,TWSE,common_stock,true,false,false,false,false,false,false,false,true,
2025-10-14,1582,信錦,listed,67.6,68.3,66.6,66.8,-0.7,-1.037,654056,44121359,661,TWSE,common_stock,true,false,false,false,false,false,false,false,true,
2025-10-14,1583,程泰,listed,49.5,49.5,48.8,48.8,-0.45,-0.9137,16353,804374,29,TWSE,common_stock,true,false,false,false,false,false,false,false,true,
2025-10-14,1587,吉茂,listed,38.9,40.7,38.9,39.15,0.75,1.9531,729541,29028512,721,TWSE,common_stock,true,false,false,false,false,false,false,false,true,
2025-10-14,1589,永冠-KY,listed,23.15,23.6,22.65,22.65,-0.4,-1.7354,1512891,34654855,1024,TWSE,common_stock,true,false,false,false,false,false,false,false,true,
2025-10-14,1590,亞德客-KY,listed,867.0,885.0,862.0,871.0,10.0,1.1614,1570439,1373541027,2909,TWSE,common_stock,true,false,false,false,false,false,false,false,true,
2025-10-14,1597,直得,listed,78.8,80.5,77.5,77.7,-1.0,-1.2706,412990,32589816,983,TWSE,common_stock,true,false,false,false,false,false,false,false,true,
2025-10-14,1598,岱宇,listed,22.5,22.65,22.1,22.1,-0.45,-1.9956,524402,11681656,282,TWSE,common_stock,true,false,false,false,false,false,false,false,true,
2025-10-14,1603,華電,listed,39.55,39.6,38.2,38.35,-0.9,-2.293,986395,38199266,814,TWSE,common_stock,true,false,false,false,false,false,false,false,true,
2025-10-14,1604,聲寶,listed,24.9,25.1,24.8,24.85,-0.05,-0.2008,242092,6037904,233,TWSE,common_stock,true,false,false,false,false,false,false,false,true,
2025-10-14,1605,華新,listed,31.5,32.2,27.85,27.9,-3.0,-9.7087,233555188,6856613010,86722,TWSE,common_stock,true,false,false,false,false,false,false,false,true,
2025-10-14,1608,華榮,listed,32.0,32.3,29.7,29.95,-1.65,-5.2215,9328092,285135770,4807,TWSE,common_stock,true,false,false,false,false,false,false,false,true,
2025-10-14,1609,大亞,listed,42.8,42.85,41.05,41.1,-0.9,-2.1429,10541054,442688037,10047,TWSE,common_stock,true,false,false,false,false,false,false,false,true,
2025-10-14,1611,中電,listed,13.0,13.1,12.8,12.8,-0.2,-1.5385,485168,6282408,318,TWSE,common_stock,true,false,false,false,false,false,false,false,true,
2025-10-14,1612,宏泰,listed,39.4,39.45,38.3,38.45,-0.3,-0.7742,1793839,69610919,1339,TWSE,common_stock,true,false,false,false,false,false,false,false,true,
2025-10-14,1614,三洋電,listed,36.4,36.65,35.7,36.15,-0.35,-0.9589,177920,6462090,116,TWSE,common_stock,true,false,false,false,false,false,false,false,true,
2025-10-14,1615,大山,listed,47.05,47.05,46.25,46.4,-0.65,-1.3815,162567,7582442,211,TWSE,common_stock,true,false,false,false,false,false,false,false,true,
2025-10-14,1616,億泰,listed,37.45,37.6,35.85,36.05,-0.9,-2.4357,2286260,83650722,2068,TWSE,common_stock,true,false,false,false,false,false,false,false,true,
2025-10-14,1617,榮星,listed,15.6,15.6,15.25,15.25,-0.25,-1.6129,209183,3226639,196,TWSE,common_stock,true,false,false,false,false,false,false,false,true,
2025-10-14,1618,合機,listed,46.1,46.1,44.0,44.1,-1.25,-2.7563,1683009,75259771,1238,TWSE,common_stock,true,false,false,false,false,false,false,false,true,
2025-10-14,1626,艾美特-KY,listed,11.9,12.0,11.7,11.7,-0.3,-2.5,171436,2037752,159,TWSE,common_stock,true,false,false,false,false,false,false,false,true,
2025-10-14,1702,南僑,listed,39.05,39.25,39.0,39.25,0.2,0.5122,539009,21063433,536,TWSE,common_stock,true,false,false,false,false,false,false,false,true,
2025-10-14,1707,葡萄王,listed,124.0,124.5,123.0,123.0,-1.0,-0.8065,320274,39601128,794,TWSE,common_stock,true,false,false,false,false,false,false,false,true,
2025-10-14,1708,東鹼,listed,30.65,31.6,30.65,31.0,0.55,1.8062,2995667,93658616,1919,TWSE,common_stock,true,false,false,false,false,false,false,false,true,
2025-10-14,1709,和益,listed,16.75,16.95,16.65,16.75,0.0,0.0,585058,9837412,476,TWSE,common_stock,true,false,false,false,false,false,false,false,true,
2025-10-14,1710,東聯,listed,12.75,12.75,12.3,12.35,-0.45,-3.5156,2046664,25498618,1068,TWSE,common_stock,true,false,false,false,false,false,false,false,true,
2025-10-14,1711,永光,listed,19.65,19.8,18.8,18.9,-0.7,-3.5714,6172365,118294059,3132,TWSE,common_stock,true,false,false,false,false,false,false,false,true,
2025-10-14,1712,興農,listed,43.4,43.5,43.3,43.35,-0.05,-0.1152,488382,21210833,505,TWSE,common_stock,true,false,false,false,false,false,false,false,true,
2025-10-14,1713,國化,listed,48.85,49.2,48.55,48.65,-0.2,-0.4094,115930,5656392,84,TWSE,common_stock,true,false,false,false,false,false,false,false,true,
2025-10-14,1714,和桐,listed,8.3,8.42,8.18,8.22,0.01,0.1218,5284115,43940414,2446,TWSE,common_stock,true,false,false,false,false,false,false,false,true,
2025-10-14,1717,長興,listed,41.6,42.0,39.5,39.95,-1.35,-3.2688,10681132,431821648,7190,TWSE,common_stock,true,false,false,false,false,false,false,false,true,
2025-10-14,1718,中纖,listed,6.52,6.6,6.41,6.43,-0.07,-1.0769,3991675,25864194,1272,TWSE,common_stock,true,false,false,false,false,false,false,false,true,
2025-10-14,1720,生達,listed,54.4,54.7,54.1,54.7,0.6,1.1091,398623,21724164,381,TWSE,common_stock,true,false,false,false,false,false,false,false,true,
2025-10-14,1721,三晃,listed,13.05,13.2,12.7,12.75,-0.35,-2.6718,590891,7648756,445,TWSE,common_stock,true,false,false,false,false,false,false,false,true,
2025-10-14,1722,台肥,listed,48.85,49.2,48.45,48.5,-0.35,-0.7165,1166039,56921769,1066,TWSE,common_stock,true,false,false,false,false,false,false,false,true,
2025-10-14,1723,中碳,listed,87.6,87.6,84.8,85.0,-2.3,-2.6346,903292,77833399,3296,TWSE,common_stock,true,false,false,false,false,false,false,false,true,
2025-10-14,1725,元禎,listed,26.4,26.85,26.0,26.2,-0.25,-0.9452,42151,1111178,45,TWSE,common_stock,true,false,false,false,false,false,false,false,true,
2025-10-14,1726,永記,listed,75.1,75.2,74.9,75.0,0.0,0.0,36188,2713724,75,TWSE,common_stock,true,false,false,false,false,false,false,false,true,
2025-10-14,1727,中華化,listed,40.05,40.4,37.7,37.8,-1.9,-4.7859,3986925,153703655,3221,TWSE,common_stock,true,false,false,false,false,false,false,false,true,
2025-10-14,1730,花仙子,listed,52.4,52.4,52.3,52.3,-0.1,-0.1908,25851,1354004,45,TWSE,common_stock,true,false,false,false,false,false,false,false,true,
2025-10-14,1731,美吾華,listed,21.9,22.0,21.85,21.85,0.0,0.0,69455,1522085,42,TWSE,common_stock,true,false,false,false,false,false,false,false,true,
2025-10-14,1732,毛寶,listed,28.8,29.1,28.3,28.3,-0.55,-1.9064,150515,4306712,203,TWSE,common_stock,true,false,false,false,false,false,false,false,true,
2025-10-14,1733,五鼎,listed,35.6,36.15,35.2,35.25,-0.3,-0.8439,660611,23497431,517,TWSE,common_stock,true,false,false,false,false,false,false,false,true,
2025-10-14,1734,杏輝,listed,30.85,31.95,30.85,31.5,0.65,2.107,791153,25010056,844,TWSE,common_stock,true,false,false,false,false,false,false,false,true,
2025-10-14,1735,日勝化,listed,15.1,15.35,14.95,15.0,-0.15,-0.9901,26151,397065,72,TWSE,common_stock,true,false,false,false,false,false,false,false,true,
2025-10-14,1736,喬山,listed,174.0,175.0,163.5,165.5,-5.5,-3.2164,1543744,259001559,1425,TWSE,common_stock,true,false,false,false,false,false,false,false,true,
2025-10-14,1737,臺鹽,listed,32.0,33.0,31.95,31.95,0.0,0.0,97851,3144873,153,TWSE,common_stock,true,false,false,false,false,false,false,false,true,
2025-10-14,1752,南光,listed,36.85,37.5,36.85,37.5,0.7,1.9022,174772,6535682,145,TWSE,common_stock,true,false,false,false,false,false,false,false,true,
2025-10-14,1760,寶齡富錦,listed,67.5,67.9,65.3,65.3,-1.4,-2.099,275918,18332523,312,TWSE,common_stock,true,false,false,false,false,false,false,false,true,
2025-10-14,1762,中化生,listed,25.55,25.65,25.3,25.35,-0.2,-0.7828,157871,4023639,718,TWSE,common_stock,true,false,false,false,false,false,false,false,true,
2025-10-14,1773,勝一,listed,146.0,148.5,144.0,144.0,-1.0,-0.6897,1191435,173964955,2060,TWSE,common_stock,true,false,false,false,false,false,false,false,true,
2025-10-14,1776,展宇,listed,16.2,16.2,15.6,15.7,-0.35,-2.1807,103829,1632109,75,TWSE,common_stock,true,false,false,false,false,false,false,false,true,
2025-10-14,1783,和康生,listed,44.6,45.6,43.5,43.7,-0.65,-1.4656,153830,6781799,176,TWSE,common_stock,true,false,false,false,false,false,false,false,true,
2025-10-14,1786,科妍,listed,102.0,104.0,93.0,93.5,-7.0,-6.9652,3067894,295632785,2532,TWSE,common_stock,true,false,false,false,false,false,false,false,true,
2025-10-14,1789,神隆,listed,19.05,19.35,18.45,18.5,-0.55,-2.8871,1585563,29927595,936,TWSE,common_stock,true,false,false,false,false,false,false,false,true,
2025-10-14,1795,美時,listed,289.5,289.5,277.5,277.5,-7.0,-2.4605,2513540,708983300,3421,TWSE,common_stock,true,false,false,false,false,false,false,false,true,
2025-10-14,1802,台玻,listed,31.0,31.3,28.15,28.55,-2.0,-6.5466,111548270,3263416663,46060,TWSE,common_stock,true,false,false,false,false,false,false,false,true,
2025-10-14,1805,寶徠,listed,10.5,10.65,10.45,10.55,0.0,0.0,57106,602491,33,TWSE,common_stock,true,false,false,false,false,false,false,false,true,
2025-10-14,1806,冠軍,listed,9.26,9.38,9.12,9.12,-0.14,-1.5119,451840,4174065,387,TWSE,common_stock,true,false,false,false,false,false,false,false,true,
2025-10-14,1808,潤隆,listed,28.05,28.85,28.0,28.1,-0.05,-0.1776,1899346,54087499,1054,TWSE,common_stock,true,false,false,false,false,false,false,false,true,
2025-10-14,1809,中釉,listed,20.25,20.3,18.85,18.85,-1.95,-9.375,4418737,87088245,2727,TWSE,common_stock,true,false,false,false,false,false,false,false,true,
2025-10-14,1810,和成,listed,20.25,20.55,19.7,19.75,0.1,0.5089,6851618,137809354,3646,TWSE,common_stock,true,false,false,false,false,false,false,false,true,
2025-10-14,1817,凱撒衛,listed,38.8,39.0,38.5,38.65,-0.15,-0.3866,78342,3029864,76,TWSE,common_stock,true,false,false,false,false,false,false,false,true,
2025-10-14,1903,士紙,listed,55.2,56.6,54.5,54.6,-1.5,-2.6738,1166093,64429555,1152,TWSE,common_stock,true,false,false,false,false,false,false,false,true,
2025-10-14,1904,正隆,listed,17.5,17.7,17.5,17.6,0.1,0.5714,1023261,18039219,683,TWSE,common_stock,true,false,false,false,false,false,false,false,true,
2025-10-14,1905,華紙,listed,11.6,11.8,11.6,11.65,0.15,1.3043,905131,10570473,543,TWSE,common_stock,true,false,false,false,false,false,false,false,true,
2025-10-14,1906,寶隆,listed,13.2,13.45,13.15,13.2,0.0,0.0,217951,2890446,113,TWSE,common_stock,true,false,false,false,false,false,false,false,true,
2025-10-14,1907,永豐餘,listed,25.35,25.65,25.2,25.55,0.4,1.5905,1297299,32969845,740,TWSE,etf,false,true,false,false,false,false,false,false,false,security_type=etf
2025-10-14,1909,榮成,listed,9.92,10.05,9.91,9.93,0.02,0.2018,1116706,11134998,582,TWSE,common_stock,true,false,false,false,false,false,false,false,true,
2025-10-14,2002,中鋼,listed,19.0,19.05,18.85,18.85,-0.15,-0.7895,35961529,680503628,13145,TWSE,common_stock,true,false,false,false,false,false,false,false,true,
2025-10-14,2002A,中鋼特,listed,39.25,39.3,39.1,39.3,0.1,0.2551,6273,245729,12,TWSE,warrant,false,false,true,false,false,false,false,false,false,security_type=warrant;symbol_not_4_digit
2025-10-14,2006,東和鋼鐵,listed,61.3,62.8,61.3,62.1,1.0,1.6367,2439616,151661383,2222,TWSE,common_stock,true,false,false,false,false,false,false,false,true,
2025-10-14,2007,燁興,listed,7.7,7.78,7.65,7.65,-0.02,-0.2608,226542,1745866,148,TWSE,common_stock,true,false,false,false,false,false,false,false,true,
2025-10-14,2008,高興昌,listed,27.05,27.25,27.05,27.1,0.1,0.3704,11278,306050,17,TWSE,common_stock,true,false,false,false,false,false,false,false,true,
2025-10-14,2009,第一銅,listed,44.0,44.2,41.45,42.25,-1.1,-2.5375,10563008,450312724,11654,TWSE,common_stock,true,false,false,false,false,false,false,false,true,
2025-10-14,2010,春源,listed,20.1,20.15,19.75,19.75,-0.55,-2.7094,4105392,81900480,1455,TWSE,common_stock,true,false,false,false,false,false,false,false,true,
2025-10-14,2012,春雨,listed,16.4,16.5,16.4,16.45,0.05,0.3049,75416,1242225,83,TWSE,common_stock,true,false,false,false,false,false,false,false,true,
2025-10-14,2013,中鋼構,listed,41.15,41.75,41.1,41.3,0.25,0.609,69677,2881097,147,TWSE,common_stock,true,false,false,false,false,false,false,false,true,
2025-10-14,2014,中鴻,listed,15.65,16.35,15.65,15.85,0.15,0.9554,11872203,190790290,4230,TWSE,common_stock,true,false,false,false,false,false,false,false,true,
2025-10-14,2015,豐興,listed,64.0,65.7,64.0,65.1,1.1,1.7188,257574,16772926,223,TWSE,common_stock,true,false,false,false,false,false,false,false,true,
2025-10-14,2017,官田鋼,listed,9.16,9.31,9.16,9.25,0.05,0.5435,548551,5074509,352,TWSE,common_stock,true,false,false,false,false,false,false,false,true,
2025-10-14,2020,美亞,listed,23.4,23.8,23.2,23.5,0.25,1.0753,542868,12760609,404,TWSE,common_stock,true,false,false,false,false,false,false,false,true,
2025-10-14,2022,聚亨,listed,7.96,8.04,7.8,7.89,-0.07,-0.8794,680332,5371492,515,TWSE,common_stock,true,false,false,false,false,false,false,false,true,
2025-10-14,2023,燁輝,listed,14.9,15.0,14.8,14.85,0.05,0.3378,1425875,21257606,937,TWSE,common_stock,true,false,false,false,false,false,false,false,true,
2025-10-14,2024,志聯,listed,17.8,17.8,17.75,17.75,0.0,0.0,4155,73837,27,TWSE,common_stock,true,false,false,false,false,false,false,false,true,
2025-10-14,2025,千興,listed,10.7,11.0,10.6,10.7,0.0,0.0,202667,2178493,139,TWSE,common_stock,true,false,false,false,false,false,false,false,true,
2025-10-14,2027,大成鋼,listed,39.0,40.3,38.75,39.6,0.8,2.0619,35106132,1384251798,17018,TWSE,common_stock,true,false,false,false,false,false,false,false,true,
2025-10-14,2028,威致,listed,16.45,17.1,16.45,16.7,0.15,0.9063,125713,2100139,95,TWSE,common_stock,true,false,false,false,false,false,false,false,true,
2025-10-14,2029,盛餘,listed,21.9,22.1,21.85,21.95,0.05,0.2283,160526,3521674,101,TWSE,common_stock,true,false,false,false,false,false,false,false,true,
2025-10-14,2030,彰源,listed,14.0,14.15,13.95,14.1,0.0,0.0,213559,3001784,162,TWSE,common_stock,true,false,false,false,false,false,false,false,true,
2025-10-14,2031,新光鋼,listed,40.0,40.85,40.0,40.25,0.3,0.7509,909994,36720750,767,TWSE,common_stock,true,false,false,false,false,false,false,false,true,
2025-10-14,2032,新鋼,listed,14.75,15.1,14.6,14.8,0.2,1.3699,251655,3737006,190,TWSE,common_stock,true,false,false,false,false,false,false,false,true,
2025-10-14,2033,佳大,listed,17.9,18.2,17.35,17.35,-0.6,-3.3426,150879,2650225,155,TWSE,common_stock,true,false,false,false,false,false,false,false,true,
2025-10-14,2034,允強,listed,19.8,21.5,19.7,20.45,0.8,4.0712,5638755,115980787,2716,TWSE,common_stock,true,false,false,false,false,false,false,false,true,
2025-10-14,2038,海光,listed,15.0,16.0,14.9,15.45,0.55,3.6913,1036758,16068802,679,TWSE,common_stock,true,false,false,false,false,false,false,false,true,
2025-10-14,2049,上銀,listed,217.0,219.0,208.5,208.5,-7.0,-3.2483,4574047,974465230,5539,TWSE,common_stock,true,false,false,false,false,false,false,false,true,
2025-10-14,2059,川湖,listed,3810.0,3945.0,3785.0,3795.0,75.0,2.0161,1177574,4581507430,3852,TWSE,common_stock,true,false,false,false,false,false,false,false,true,
2025-10-14,2062,橋椿,listed,21.7,22.1,21.4,21.4,0.0,0.0,387873,8447370,277,TWSE,common_stock,true,false,false,false,false,false,false,false,true,
2025-10-14,2069,運錩,listed,15.1,15.3,15.0,15.3,0.25,1.6611,300334,4552327,153,TWSE,common_stock,true,false,false,false,false,false,false,false,true,
2025-10-14,2101,南港,listed,37.2,37.65,36.6,37.0,-0.5,-1.3333,2364619,87711464,2217,TWSE,common_stock,true,false,false,false,false,false,false,false,true,
2025-10-14,2102,泰豐,listed,19.0,19.6,19.0,19.5,0.45,2.3622,969964,18771474,425,TWSE,common_stock,true,false,false,false,false,false,false,false,true,
2025-10-14,2103,台橡,listed,15.35,15.4,15.15,15.15,-0.1,-0.6557,1410672,21557948,812,TWSE,common_stock,true,false,false,false,false,false,false,false,true,
2025-10-14,2104,國際中橡,listed,10.9,11.0,10.8,10.85,-0.1,-0.9132,1273925,13870380,534,TWSE,common_stock,true,false,false,false,false,false,false,false,true,
2025-10-14,2105,正新,listed,35.9,36.4,35.9,36.0,0.05,0.1391,5504947,198804834,3484,TWSE,common_stock,true,false,false,false,false,false,false,false,true,
2025-10-14,2106,建大,listed,20.0,20.05,19.9,20.05,0.15,0.7538,512372,10236324,442,TWSE,common_stock,true,false,false,false,false,false,false,false,true,
2025-10-14,2107,厚生,listed,23.9,24.1,23.9,24.0,0.0,0.0,187285,4494159,138,TWSE,common_stock,true,false,false,false,false,false,false,false,true,
2025-10-14,2108,南帝,listed,23.4,24.25,23.4,23.45,0.05,0.2137,1020778,24256097,692,TWSE,common_stock,true,false,false,false,false,false,false,false,true,
2025-10-14,2109,華豐,listed,15.1,15.55,15.1,15.1,0.05,0.3322,584651,8979812,218,TWSE,common_stock,true,false,false,false,false,false,false,false,true,
2025-10-14,2114,鑫永銓,listed,89.6,89.7,89.4,89.5,0.1,0.1119,9625,862088,77,TWSE,common_stock,true,false,false,false,false,false,false,false,true,
2025-10-14,2115,六暉-KY,listed,26.55,26.6,26.45,26.45,-0.05,-0.1887,31199,827028,23,TWSE,common_stock,true,false,false,false,false,false,false,false,true,
2025-10-14,2201,裕隆,listed,33.1,33.45,32.25,32.35,-0.7,-2.118,2643826,86550900,1878,TWSE,common_stock,true,false,false,false,false,false,false,false,true,
2025-10-14,2204,中華,listed,60.7,61.0,59.3,59.3,-0.9,-1.495,920321,55126651,1040,TWSE,common_stock,true,false,false,false,false,false,false,false,true,
2025-10-14,2206,三陽工業,listed,60.8,61.1,60.4,60.4,-0.4,-0.6579,959828,58222921,907,TWSE,common_stock,true,false,false,false,false,false,false,false,true,
2025-10-14,2207,和泰車,listed,572.0,579.0,570.0,574.0,-1.0,-0.1739,227203,130425624,498,TWSE,common_stock,true,false,false,false,false,false,false,false,true,
2025-10-14,2208,台船,listed,23.7,23.7,22.2,22.25,-1.3,-5.5202,17996860,411126103,10791,TWSE,common_stock,true,false,false,false,false,false,false,false,true,
2025-10-14,2211,長榮鋼,listed,107.5,111.5,105.0,109.5,5.5,5.2885,4603051,502242936,4726,TWSE,common_stock,true,false,false,false,false,false,false,false,true,
2025-10-14,2227,裕日車,listed,54.7,54.7,54.5,54.6,-0.1,-0.1828,25146,1374149,69,TWSE,common_stock,true,false,false,false,false,false,false,false,true,
2025-10-14,2228,劍麟,listed,97.2,99.3,95.0,95.2,-1.3,-1.3472,967563,93345450,1112,TWSE,common_stock,true,false,false,false,false,false,false,false,true,
2025-10-14,2231,為升,listed,120.0,120.5,113.5,114.5,-4.5,-3.7815,1732981,201251666,1418,TWSE,common_stock,true,false,false,false,false,false,false,false,true,
2025-10-14,2233,宇隆,listed,205.0,207.0,194.0,195.0,-7.0,-3.4653,769745,153292377,843,TWSE,common_stock,true,false,false,false,false,false,false,false,true,
2025-10-14,2236,百達-KY,listed,106.0,107.5,99.2,99.2,-8.8,-8.1481,880010,91010857,753,TWSE,common_stock,true,false,false,false,false,false,false,false,true,
2025-10-14,2239,英利-KY,listed,34.55,34.55,32.6,32.6,-1.25,-3.6928,65181,2169967,80,TWSE,common_stock,true,false,false,false,false,false,false,false,true,
2025-10-14,2241,艾姆勒,listed,36.2,36.2,33.4,33.7,-1.1,-3.1609,1677153,58256707,2087,TWSE,common_stock,true,false,false,false,false,false,false,false,true,
2025-10-14,2243,宏旭-KY,listed,13.0,13.75,12.9,13.0,0.05,0.3861,1024693,13570605,641,TWSE,common_stock,true,false,false,false,false,false,false,false,true,
2025-10-14,2247,汎德永業,listed,292.0,293.0,290.0,290.5,-1.5,-0.5137,180655,52578766,587,TWSE,common_stock,true,false,false,false,false,false,false,false,true,
2025-10-14,2248,華勝-KY,listed,51.6,52.0,49.0,49.0,1.5,3.1579,331638,16628182,190,TWSE,common_stock,true,false,false,false,false,false,false,false,true,
2025-10-14,2250,IKKA-KY,listed,85.6,88.5,83.3,83.3,-1.5,-1.7689,284049,24192162,325,TWSE,common_stock,true,false,false,false,false,false,false,false,true,
2025-10-14,2254,巨鎧精密-創,listed,59.3,60.2,59.3,59.5,-0.7,-1.1628,9005,538001,7,TWSE,common_stock,true,false,false,false,false,false,false,false,true,
2025-10-14,2258,鴻華先進-創,listed,38.75,39.0,37.4,37.55,-1.1,-2.8461,1488357,56911354,877,TWSE,common_stock,true,false,false,false,false,false,false,false,true,
2025-10-14,2301,光寶科,listed,170.5,171.5,160.0,160.0,-8.0,-4.7619,29250489,4797796204,25742,TWSE,common_stock,true,false,false,false,false,false,false,false,true,
2025-10-14,2302,麗正,listed,17.55,18.15,17.35,17.35,0.05,0.289,1154577,20530397,675,TWSE,common_stock,true,false,false,false,false,false,false,false,true,
2025-10-14,2303,聯電,listed,46.0,46.35,44.85,44.85,-0.6,-1.3201,46680706,2125938933,29668,TWSE,common_stock,true,false,false,false,false,false,false,false,true,
2025-10-14,2305,全友,listed,11.1,11.3,10.9,10.95,0.05,0.4587,985154,10951908,346,TWSE,common_stock,true,false,false,false,false,false,false,false,true,
2025-10-14,2308,台達電,listed,1050.0,1060.0,990.0,992.0,-38.0,-3.6893,21048517,21396134104,58543,TWSE,common_stock,true,false,false,false,false,false,false,false,true,
2025-10-14,2312,金寶,listed,22.5,23.7,21.2,21.8,-0.25,-1.1338,162802268,3671007024,59659,TWSE,common_stock,true,false,false,false,false,false,false,false,true,
2025-10-14,2313,華通,listed,89.2,90.5,83.7,84.0,-4.1,-4.6538,56872389,4903282196,58030,TWSE,common_stock,true,false,false,false,false,false,false,false,true,
2025-10-14,2316,楠梓電,listed,98.1,102.5,94.8,94.9,-2.1,-2.1649,10923350,1070945096,8486,TWSE,common_stock,true,false,false,false,false,false,false,false,true,
2025-10-14,2317,鴻海,listed,216.0,217.5,205.0,206.0,-7.0,-3.2864,108702039,22810488993,128309,TWSE,common_stock,true,false,false,false,false,false,false,false,true,
2025-10-14,2321,東訊,listed,18.25,18.4,18.15,18.35,-0.95,-4.9223,14277,261672,14,TWSE,common_stock,true,false,false,false,false,false,false,false,true,
2025-10-14,2323,中環,listed,9.31,9.44,9.15,9.2,-0.05,-0.5405,3402400,31601994,1526,TWSE,common_stock,true,false,false,false,false,false,false,false,true,
2025-10-14,2324,仁寶,listed,31.95,32.55,31.0,31.0,-0.5,-1.5873,36075876,1145912872,17462,TWSE,common_stock,true,false,false,false,false,false,false,false,true,
2025-10-14,2327,國巨*,listed,180.5,181.0,171.5,172.0,-6.0,-3.3708,46992361,8225094177,42875,TWSE,common_stock,true,false,false,false,false,false,false,false,true,
2025-10-14,2328,廣宇,listed,54.5,54.8,50.4,50.9,-3.3,-6.0886,16097664,841220284,10917,TWSE,common_stock,true,false,false,false,false,false,false,false,true,
2025-10-14,2329,華泰,listed,50.1,50.5,45.25,45.35,-4.25,-8.5685,30060140,1428494656,17658,TWSE,common_stock,true,false,false,false,false,false,false,false,true,
2025-10-14,2330,台積電,listed,1455.0,1460.0,1420.0,1425.0,10.0,0.7067,44821332,64625249986,95057,TWSE,common_stock,true,false,false,false,false,false,false,false,true,
2025-10-14,2331,精英,listed,20.5,20.95,20.15,20.2,-0.1,-0.4926,2494355,51304757,1234,TWSE,common_stock,true,false,false,false,false,false,false,false,true,
2025-10-14,2332,友訊,listed,17.65,18.05,17.1,17.15,-0.5,-2.8329,5655500,99369736,2353,TWSE,common_stock,true,false,false,false,false,false,false,false,true,
2025-10-14,2337,旺宏,listed,27.35,28.0,25.7,25.7,-1.05,-3.9252,76490727,2040758692,29029,TWSE,common_stock,true,false,false,false,false,false,false,false,true,
2025-10-14,2338,光罩,listed,40.0,40.65,38.8,39.25,-0.35,-0.8838,2320047,92077995,1470,TWSE,common_stock,true,false,false,false,false,false,false,false,true,
2025-10-14,2340,台亞,listed,25.6,25.95,25.1,25.15,-0.5,-1.9493,3352705,85515940,1957,TWSE,common_stock,true,false,false,false,false,false,false,false,true,
2025-10-14,2342,茂矽,listed,31.0,31.75,28.4,28.7,-2.15,-6.9692,6016840,179297214,4143,TWSE,common_stock,true,false,false,false,false,false,false,false,true,
2025-10-14,2344,華邦電,listed,44.9,45.55,40.15,40.7,-2.3,-5.3488,598421210,25505773372,245917,TWSE,common_stock,true,false,false,false,false,false,false,false,true,
2025-10-14,2345,智邦,listed,1050.0,1055.0,1000.0,1000.0,-35.0,-3.3816,5082279,5202073160,7357,TWSE,common_stock,true,false,false,false,false,false,false,false,true,
2025-10-14,2347,聯強,listed,59.6,60.5,59.1,59.1,0.2,0.3396,4913695,292777513,3414,TWSE,common_stock,true,false,false,false,false,false,false,false,true,
2025-10-14,2348,海悅,listed,88.4,89.9,86.4,86.9,-0.9,-1.0251,702896,62018650,1649,TWSE,common_stock,true,false,false,false,false,false,false,false,true,
2025-10-14,2348A,海悅甲特,listed,36.6,36.6,36.5,36.5,-0.15,-0.4093,3058,111717,4,TWSE,warrant,false,false,true,false,false,false,false,false,false,security_type=warrant;symbol_not_4_digit
2025-10-14,2349,錸德,listed,10.05,10.15,9.79,9.8,-0.2,-2.0,3575001,35559639,1473,TWSE,common_stock,true,false,false,false,false,false,false,false,true,
2025-10-14,2351,順德,listed,81.2,83.8,79.0,79.6,-1.6,-1.9704,1394952,113255749,1626,TWSE,common_stock,true,false,false,false,false,false,false,false,true,
2025-10-14,2352,佳世達,listed,31.6,32.1,30.9,30.95,-0.65,-2.057,5099247,160863938,5063,TWSE,common_stock,true,false,false,false,false,false,false,false,true,
2025-10-14,2353,宏碁,listed,30.35,30.7,29.75,29.8,-0.4,-1.3245,16278665,491435586,8365,TWSE,common_stock,true,false,false,false,false,false,false,false,true,
2025-10-14,2354,鴻準,listed,68.0,68.4,65.1,65.3,-2.3,-3.4024,18147482,1206885927,14485,TWSE,common_stock,true,false,false,false,false,false,false,false,true,
2025-10-14,2355,敬鵬,listed,34.8,35.1,33.4,33.5,-0.85,-2.4745,2365346,80354190,1861,TWSE,common_stock,true,false,false,false,false,false,false,false,true,
2025-10-14,2356,英業達,listed,45.25,45.4,43.0,43.05,-2.2,-4.8619,26352976,1161327467,17349,TWSE,common_stock,true,false,false,false,false,false,false,false,true,
2025-10-14,2357,華碩,listed,717.0,719.0,686.0,687.0,-10.0,-1.4347,4449546,3111216117,6794,TWSE,common_stock,true,false,false,false,false,false,false,false,true,
2025-10-14,2359,所羅門,listed,136.0,136.5,130.5,131.0,-4.0,-2.963,1995703,266069533,2943,TWSE,common_stock,true,false,false,false,false,false,false,false,true,
2025-10-14,2360,致茂,listed,654.0,708.0,654.0,663.0,19.0,2.9503,10067357,6883879028,10849,TWSE,common_stock,true,false,false,false,false,false,false,false,true,
2025-10-14,2362,藍天,listed,39.6,40.4,39.2,39.3,-0.2,-0.5063,541529,21556496,525,TWSE,common_stock,true,false,false,false,false,false,false,false,true,
2025-10-14,2363,矽統,listed,58.2,60.1,56.4,56.8,-1.0,-1.7301,10640378,620301306,6796,TWSE,common_stock,true,false,false,false,false,false,false,false,true,
2025-10-14,2364,倫飛,listed,71.9,71.9,70.0,70.0,-1.1,-1.5471,176205,12499754,251,TWSE,common_stock,true,false,false,false,false,false,false,false,true,
2025-10-14,2365,昆盈,listed,40.5,40.6,38.55,38.65,-1.2,-3.0113,2424069,95498871,2046,TWSE,common_stock,true,false,false,false,false,false,false,false,true,
2025-10-14,2367,燿華,listed,26.9,27.0,25.75,25.8,-0.85,-3.1895,6976245,182821805,3872,TWSE,common_stock,true,false,false,false,false,false,false,false,true,
2025-10-14,2368,金像電,listed,431.0,434.0,410.0,411.5,-14.0,-3.2902,6242950,2617880656,8745,TWSE,common_stock,true,false,false,false,false,false,false,false,true,
2025-10-14,2369,菱生,listed,20.6,21.1,19.35,19.5,-1.1,-5.3398,9506739,191397350,4689,TWSE,common_stock,true,false,false,false,false,false,false,false,true,
2025-10-14,2371,大同,listed,38.9,39.5,37.5,37.55,-0.95,-2.4675,13106476,501190936,74852,TWSE,common_stock,true,false,false,false,false,false,false,false,true,
2025-10-14,2373,震旦行,listed,57.0,57.9,56.7,57.5,0.5,0.8772,22486,1284885,87,TWSE,common_stock,true,false,false,false,false,false,false,false,true,
2025-10-14,2374,佳能,listed,84.3,85.0,80.0,80.5,-3.3,-3.9379,13039970,1070053384,11440,TWSE,common_stock,true,false,false,false,false,false,false,false,true,
2025-10-14,2375,凱美,listed,78.2,78.8,74.5,74.8,-2.6,-3.3592,5070866,385736751,3888,TWSE,common_stock,true,false,false,false,false,false,false,false,true,
2025-10-14,2376,技嘉,listed,293.0,296.0,280.0,280.0,-9.0,-3.1142,7697613,2202406769,8850,TWSE,common_stock,true,false,false,false,false,false,false,false,true,
2025-10-14,2377,微星,listed,115.0,115.5,108.5,108.5,-5.0,-4.4053,10705103,1190266330,9430,TWSE,common_stock,true,false,false,false,false,false,false,false,true,
2025-10-14,2379,瑞昱,listed,557.0,563.0,541.0,541.0,-3.0,-0.5515,2447876,1345780000,3364,TWSE,common_stock,true,false,false,false,false,false,false,false,true,
2025-10-14,2380,虹光,listed,7.2,7.2,6.66,6.66,-0.14,-2.0588,948671,6613815,388,TWSE,common_stock,true,false,false,false,false,false,false,false,true,
2025-10-14,2382,廣達,listed,299.0,299.0,284.0,284.0,-10.5,-3.5654,31282060,9065931250,39438,TWSE,common_stock,true,false,false,false,false,false,false,false,true,
2025-10-14,2383,台光電,listed,1220.0,1230.0,1165.0,1170.0,-30.0,-2.5,2742412,3267915345,7763,TWSE,common_stock,true,false,false,false,false,false,false,false,true,
2025-10-14,2385,群光,listed,132.5,133.0,130.0,130.0,-0.5,-0.3831,2200542,288988847,2047,TWSE,common_stock,true,false,false,false,false,false,false,false,true,
2025-10-14,2387,精元,listed,42.2,44.45,41.25,41.3,0.15,0.3645,4051264,172959317,2898,TWSE,common_stock,true,false,false,false,false,false,false,false,true,
2025-10-14,2388,威盛,listed,55.2,57.3,53.6,53.9,-1.0,-1.8215,3623032,200966814,2582,TWSE,common_stock,true,false,false,false,false,false,false,false,true,
2025-10-14,2390,云辰,listed,10.2,10.3,9.91,9.92,-0.18,-1.7822,534381,5373223,439,TWSE,common_stock,true,false,false,false,false,false,false,false,true,
2025-10-14,2392,正崴,listed,48.75,49.0,47.2,47.5,-1.55,-3.16,5352404,257740916,4594,TWSE,common_stock,true,false,false,false,false,false,false,false,true,
2025-10-14,2393,億光,listed,62.5,63.2,62.0,62.1,-0.4,-0.64,1074849,67191694,902,TWSE,common_stock,true,false,false,false,false,false,false,false,true,
2025-10-14,2395,研華,listed,323.0,331.0,318.5,318.5,-2.0,-0.624,2138251,694362062,2530,TWSE,common_stock,true,false,false,false,false,false,false,false,true,
2025-10-14,2397,友通,listed,69.6,70.4,67.9,67.9,-1.5,-2.1614,271431,18714407,272,TWSE,common_stock,true,false,false,false,false,false,false,false,true,
2025-10-14,2399,映泰,listed,21.75,22.6,20.75,21.35,-0.45,-2.0642,11778205,254570447,6012,TWSE,common_stock,true,false,false,false,false,false,false,false,true,
2025-10-14,2401,凌陽,listed,22.55,23.1,22.25,22.3,-0.15,-0.6682,3502205,79289178,1714,TWSE,common_stock,true,false,false,false,false,false,false,false,true,
2025-10-14,2402,毅嘉,listed,50.5,50.8,48.2,48.4,-1.7,-3.3932,6132555,302836194,3852,TWSE,common_stock,true,false,false,false,false,false,false,false,true,
2025-10-14,2404,漢唐,listed,890.0,895.0,840.0,841.0,-10.0,-1.1751,2984697,2576189963,7401,TWSE,common_stock,true,false,false,false,false,false,false,false,true,
2025-10-14,2405,輔信,listed,19.1,19.45,18.7,18.7,-0.3,-1.5789,2746200,52478804,1333,TWSE,common_stock,true,false,false,false,false,false,false,false,true,
2025-10-14,2406,國碩,listed,19.65,20.6,19.35,19.5,0.1,0.5155,5060041,101424182,2729,TWSE,common_stock,true,false,false,false,false,false,false,false,true,
2025-10-14,2408,南亞科,listed,98.1,101.0,87.1,89.1,-6.5,-6.7992,371601393,34957584262,213742,TWSE,common_stock,true,false,false,false,false,false,false,false,true,
2025-10-14,2409,友達,listed,13.7,13.85,13.2,13.2,-0.35,-2.583,68063874,910929242,13122,TWSE,common_stock,true,false,false,false,false,false,false,false,true,
2025-10-14,2412,中華電,listed,132.0,133.0,132.0,132.5,0.0,0.0,6655304,880982473,4812,TWSE,common_stock,true,false,false,false,false,false,false,false,true,
2025-10-14,2413,環科,listed,21.6,21.9,20.75,21.15,-0.2,-0.9368,1171558,24984490,802,TWSE,common_stock,true,false,false,false,false,false,false,false,true,
2025-10-14,2414,精技,listed,42.7,43.0,42.2,42.35,-0.35,-0.8197,227918,9698741,212,TWSE,common_stock,true,false,false,false,false,false,false,false,true,
2025-10-14,2415,錩新,listed,24.1,24.15,24.05,24.1,0.0,0.0,54401,1310954,52,TWSE,common_stock,true,false,false,false,false,false,false,false,true,
2025-10-14,2417,圓剛,listed,40.2,40.9,39.0,39.6,-0.6,-1.4925,539338,21523331,562,TWSE,common_stock,true,false,false,false,false,false,false,false,true,
2025-10-14,2419,仲琦,listed,23.35,24.0,22.75,22.8,-0.45,-1.9355,1189894,27791526,666,TWSE,common_stock,true,false,false,false,false,false,false,false,true,
2025-10-14,2420,新巨,listed,51.1,51.7,50.6,50.6,-0.3,-0.5894,297129,15208021,260,TWSE,common_stock,true,false,false,false,false,false,false,false,true,
2025-10-14,2421,建準,listed,132.5,138.5,131.0,135.0,4.0,3.0534,13652547,1853831928,10887,TWSE,common_stock,true,false,false,false,false,false,false,false,true,
2025-10-14,2423,固緯,listed,56.0,56.7,54.8,54.8,-1.2,-2.1429,472979,26195839,678,TWSE,common_stock,true,false,false,false,false,false,false,false,true,
2025-10-14,2424,隴華,listed,49.5,55.0,49.1,51.1,1.1,2.2,71598,3776894,80,TWSE,common_stock,true,false,false,false,false,false,false,false,true,
2025-10-14,2425,承啟,listed,31.5,31.75,30.35,30.45,-0.75,-2.4038,536524,16468804,420,TWSE,common_stock,true,false,false,false,false,false,false,false,true,
2025-10-14,2426,鼎元,listed,17.6,18.0,17.35,17.45,-0.15,-0.8523,527177,9327121,391,TWSE,common_stock,true,false,false,false,false,false,false,false,true,
2025-10-14,2427,三商電,listed,25.9,26.1,25.3,25.4,-0.4,-1.5504,1123118,28884959,707,TWSE,common_stock,true,false,false,false,false,false,false,false,true,
2025-10-14,2428,興勤,listed,170.0,170.0,164.0,164.5,-3.5,-2.0833,1119201,186681998,1218,TWSE,common_stock,true,false,false,false,false,false,false,false,true,
2025-10-14,2429,銘旺科,listed,123.0,123.0,111.0,111.0,-11.0,-9.0164,2337977,268733915,2274,TWSE,common_stock,true,false,false,false,false,false,false,false,true,
2025-10-14,2430,燦坤,listed,24.25,24.65,24.25,24.45,0.25,1.0331,75096,1839744,89,TWSE,common_stock,true,false,false,false,false,false,false,false,true,
2025-10-14,2431,聯昌,listed,13.05,13.25,12.5,12.7,-0.25,-1.9305,1153350,14788760,545,TWSE,common_stock,true,false,false,false,false,false,false,false,true,
2025-10-14,2432,倚天酷碁-創,listed,27.8,27.9,27.7,27.75,-0.05,-0.1799,29000,805600,18,TWSE,common_stock,true,false,false,false,false,false,false,false,true,
2025-10-14,2433,互盛電,listed,48.85,48.9,48.85,48.9,0.05,0.1024,8201,400728,13,TWSE,common_stock,true,false,false,false,false,false,false,false,true,
2025-10-14,2434,統懋,listed,29.2,29.55,29.2,29.45,0.35,1.2027,11281,331879,17,TWSE,common_stock,true,false,false,false,false,false,false,false,true,
2025-10-14,2436,偉詮電,listed,52.4,52.4,49.8,49.8,-1.7,-3.301,2127881,107727322,2051,TWSE,common_stock,true,false,false,false,false,false,false,false,true,
2025-10-14,2438,翔耀,listed,23.8,24.0,23.1,23.2,-0.6,-2.521,112561,2658681,87,TWSE,common_stock,true,false,false,false,false,false,false,false,true,
2025-10-14,2439,美律,listed,102.5,103.0,99.7,99.8,-1.7,-1.6749,1958985,198446065,1600,TWSE,common_stock,true,false,false,false,false,false,false,false,true,
2025-10-14,2440,太空梭,listed,12.15,12.3,12.1,12.1,-0.25,-2.0243,117206,1425356,56,TWSE,common_stock,true,false,false,false,false,false,false,false,true,
2025-10-14,2441,超豐,listed,65.0,65.6,60.9,63.3,-1.4,-2.1638,1475749,94522913,2787,TWSE,common_stock,true,false,false,false,false,false,false,false,true,
2025-10-14,2442,新美齊,listed,25.05,25.95,25.05,25.45,0.4,1.5968,803950,20540923,797,TWSE,common_stock,true,false,false,false,false,false,false,false,true,
2025-10-14,2444,兆勁,listed,11.7,11.8,11.5,11.5,-0.2,-1.7094,316138,3684562,150,TWSE,common_stock,true,false,false,false,false,false,false,false,true,
2025-10-14,2449,京元電子,listed,172.0,173.5,161.5,161.5,-8.5,-5.0,28081441,4698039936,20709,TWSE,common_stock,true,false,false,false,false,false,false,false,true,
2025-10-14,2450,神腦,listed,28.8,28.9,28.55,28.8,0.1,0.3484,178811,5148365,192,TWSE,common_stock,true,false,false,false,false,false,false,false,true,
2025-10-14,2451,創見,listed,126.0,130.0,122.0,123.5,1.5,1.2295,7658915,963201530,6126,TWSE,common_stock,true,false,false,false,false,false,false,false,true,
2025-10-14,2453,凌群,listed,60.0,60.5,57.4,57.5,-2.0,-3.3613,1324824,77860230,1025,TWSE,common_stock,true,false,false,false,false,false,false,false,true,
2025-10-14,2454,聯發科,listed,1330.0,1340.0,1300.0,1305.0,-10.0,-0.7605,5948388,7835373085,22047,TWSE,common_stock,true,false,false,false,false,false,false,false,true,
2025-10-14,2455,全新,listed,154.0,155.0,148.0,148.0,-4.0,-2.6316,4423288,667218877,3231,TWSE,common_stock,true,false,false,false,false,false,false,false,true,
2025-10-14,2457,飛宏,listed,24.5,26.15,24.5,25.1,0.65,2.6585,9160928,233985559,4852,TWSE,common_stock,true,false,false,false,false,false,false,false,true,
2025-10-14,2458,義隆,listed,130.5,131.5,126.5,127.0,-2.5,-1.9305,1804454,232515369,1715,TWSE,common_stock,true,false,false,false,false,false,false,false,true,
2025-10-14,2459,敦吉,listed,62.7,63.2,62.4,62.5,-0.1,-0.1597,82794,5207288,68,TWSE,common_stock,true,false,false,false,false,false,false,false,true,
2025-10-14,2460,建通,listed,17.9,18.4,17.7,17.9,0.15,0.8451,142936,2568157,118,TWSE,common_stock,true,false,false,false,false,false,false,false,true,
2025-10-14,2461,光群雷,listed,15.55,15.6,15.2,15.25,-0.25,-1.6129,337623,5197342,289,TWSE,common_stock,true,false,false,false,false,false,false,false,true,
2025-10-14,2462,良得電,listed,23.6,24.85,23.3,23.3,-0.1,-0.4274,562165,13476522,400,TWSE,common_stock,true,false,false,false,false,false,false,false,true,
2025-10-14,2464,盟立,listed,64.6,65.0,62.4,62.5,-1.3,-2.0376,1605612,102310303,1480,TWSE,common_stock,true,false,false,false,false,false,false,false,true,
2025-10-14,2465,麗臺,listed,72.5,73.7,66.6,67.2,-3.8,-5.3521,2007958,139526028,2150,TWSE,common_stock,true,false,false,false,false,false,false,false,true,
2025-10-14,2466,冠西電,listed,56.3,59.5,56.3,56.7,0.4,0.7105,342157,19754115,317,TWSE,common_stock,true,false,false,false,false,false,false,false,true,
2025-10-14,2467,志聖,listed,183.5,188.0,178.0,178.0,-3.5,-1.9284,1197476,218917298,1504,TWSE,common_stock,true,false,false,false,false,false,false,false,true,
2025-10-14,2468,華經,listed,49.35,49.75,46.0,46.4,-2.7,-5.499,1000411,47622456,1172,TWSE,common_stock,true,false,false,false,false,false,false,false,true,
2025-10-14,2471,資通,listed,50.8,50.8,49.0,49.2,-0.9,-1.7964,363131,18106337,283,TWSE,common_stock,true,false,false,false,false,false,false,false,true,
2025-10-14,2472,立隆電,listed,86.2,87.0,82.9,82.9,-2.8,-3.2672,2265153,192096580,2146,TWSE,common_stock,true,false,false,false,false,false,false,false,true,
2025-10-14,2474,可成,listed,180.0,181.0,178.0,179.0,-0.5,-0.2786,2618292,468871639,2743,TWSE,common_stock,true,false,false,false,false,false,false,false,true,
2025-10-14,2476,鉅祥,listed,102.5,103.5,96.9,97.8,-3.7,-3.6453,5219996,516349048,3712,TWSE,common_stock,true,false,false,false,false,false,false,false,true,
2025-10-14,2477,美隆電,listed,23.7,23.75,23.4,23.4,0.0,0.0,200249,4712289,112,TWSE,common_stock,true,false,false,false,false,false,false,false,true,
2025-10-14,2478,大毅,listed,52.4,52.9,49.8,49.85,-2.15,-4.1346,1185231,60316368,2114,TWSE,common_stock,true,false,false,false,false,false,false,false,true,
2025-10-14,2480,敦陽科,listed,170.0,171.5,166.0,166.0,-4.5,-2.6393,626926,105255882,1275,TWSE,common_stock,true,false,false,false,false,false,false,false,true,
2025-10-14,2481,強茂,listed,75.0,80.4,74.8,77.1,3.7,5.0409,48230794,3759124978,35140,TWSE,common_stock,true,false,false,false,false,false,false,false,true,
2025-10-14,2482,連宇,listed,18.35,18.7,18.05,18.15,-0.2,-1.0899,142999,2629425,143,TWSE,common_stock,true,false,false,false,false,false,false,false,true,
2025-10-14,2483,百容,listed,20.1,20.4,19.95,20.0,-0.1,-0.4975,105372,2120645,62,TWSE,common_stock,true,false,false,false,false,false,false,false,true,
2025-10-14,2484,希華,listed,22.0,22.0,21.25,21.3,-0.35,-1.6166,298101,6402055,242,TWSE,common_stock,true,false,false,false,false,false,false,false,true,
2025-10-14,2485,兆赫,listed,14.6,14.9,14.05,14.05,-0.1,-0.7067,5431131,78915792,2492,TWSE,common_stock,true,false,false,false,false,false,false,false,true,
2025-10-14,2486,一詮,listed,83.5,84.6,80.8,80.8,-2.1,-2.5332,7503626,617820567,5604,TWSE,common_stock,true,false,false,false,false,false,false,false,true,
2025-10-14,2488,漢平,listed,45.35,45.4,44.65,44.7,0.1,0.2242,256496,11560683,322,TWSE,common_stock,true,false,false,false,false,false,false,false,true,
2025-10-14,2489,瑞軒,listed,16.35,16.5,15.15,15.25,-0.95,-5.8642,8912189,139939503,8760,TWSE,common_stock,true,false,false,false,false,false,false,false,true,
2025-10-14,2491,吉祥全,listed,12.65,12.85,12.5,12.55,-0.05,-0.3968,33160,416951,33,TWSE,common_stock,true,false,false,false,false,false,false,false,true,
2025-10-14,2492,華新科,listed,100.0,101.0,94.1,94.7,-4.6,-4.6324,12155987,1175683262,10173,TWSE,common_stock,true,false,false,false,false,false,false,false,true,
2025-10-14,2493,揚博,listed,94.1,94.9,89.7,90.5,-2.3,-2.4784,1702866,155785397,2119,TWSE,common_stock,true,false,false,false,false,false,false,false,true,
2025-10-14,2495,普安,listed,22.6,23.6,22.25,22.35,0.1,0.4494,4964355,113344225,2812,TWSE,common_stock,true,false,false,false,false,false,false,false,true,
2025-10-14,2496,卓越,listed,66.9,67.2,66.9,67.0,0.2,0.2994,25646,1719324,32,TWSE,common_stock,true,false,false,false,false,false,false,false,true,
2025-10-14,2497,怡利電,listed,46.05,46.4,44.5,44.6,-1.0,-2.193,240867,10912140,306,TWSE,common_stock,true,false,false,false,false,false,false,false,true,
2025-10-14,2498,宏達電,listed,54.9,55.2,51.7,52.0,-2.6,-4.7619,25670505,1359376866,14302,TWSE,common_stock,true,false,false,false,false,false,false,false,true,
2025-10-14,2501,國建,listed,24.05,24.25,23.7,23.75,-0.2,-0.8351,4045733,97242292,1873,TWSE,common_stock,true,false,false,false,false,false,false,false,true,
2025-10-14,2504,國產,listed,34.35,34.65,33.75,33.8,-0.55,-1.6012,3973585,135749646,2390,TWSE,common_stock,true,false,false,false,false,false,false,false,true,
2025-10-14,2505,國揚,listed,18.55,18.7,18.25,18.5,-0.05,-0.2695,343975,6358927,231,TWSE,common_stock,true,false,false,false,false,false,false,false,true,
2025-10-14,2506,太設,listed,9.52,9.53,9.5,9.5,-0.01,-0.1052,94009,893995,103,TWSE,common_stock,true,false,false,false,false,false,false,false,true,
2025-10-14,2509,全坤建,listed,15.3,15.3,14.7,14.9,0.0,0.0,140668,2096008,140,TWSE,common_stock,true,false,false,false,false,false,false,false,true,
2025-10-14,2511,太子,listed,9.07,9.14,9.02,9.07,0.02,0.221,772431,7014569,358,TWSE,common_stock,true,false,false,false,false,false,false,false,true,
2025-10-14,2514,龍邦,listed,14.65,14.8,14.6,14.75,0.1,0.6826,93197,1365871,124,TWSE,common_stock,true,false,false,false,false,false,false,false,true,
2025-10-14,2515,中工,listed,10.9,11.0,10.8,10.8,-0.05,-0.4608,4723265,51534672,1454,TWSE,common_stock,true,false,false,false,false,false,false,false,true,
2025-10-14,2516,新建,listed,14.45,15.25,14.45,14.9,-0.15,-0.9967,314225,4684449,222,TWSE,common_stock,true,false,false,false,false,false,false,false,true,
2025-10-14,2520,冠德,listed,33.6,34.15,33.2,33.25,-0.2,-0.5979,3512713,117892689,2915,TWSE,common_stock,true,false,false,false,false,false,false,false,true,
2025-10-14,2524,京城,listed,44.35,45.6,43.6,43.9,-0.9,-2.0089,256244,11373378,481,TWSE,common_stock,true,false,false,false,false,false,false,false,true,
2025-10-14,2527,宏璟,listed,23.6,23.7,22.95,23.05,-0.45,-1.9149,435731,10104574,413,TWSE,common_stock,true,false,false,false,false,false,false,false,true,
2025-10-14,2528,皇普,listed,30.0,30.75,30.0,30.25,0.35,1.1706,1489684,45355053,1064,TWSE,common_stock,true,false,false,false,false,false,false,false,true,
2025-10-14,2530,華建,listed,30.95,31.25,30.6,31.0,-0.25,-0.8,943898,29215950,777,TWSE,common_stock,true,false,false,false,false,false,false,false,true,
2025-10-14,2534,宏盛,listed,22.15,22.55,21.95,22.2,0.05,0.2257,1343280,29859560,673,TWSE,common_stock,true,false,false,false,false,false,false,false,true,
2025-10-14,2535,達欣工,listed,58.3,59.6,58.3,59.1,1.2,2.0725,971961,57330491,809,TWSE,common_stock,true,false,false,false,false,false,false,false,true,
2025-10-14,2536,宏普,listed,26.65,26.75,26.45,26.5,-0.1,-0.3759,299508,7960234,137,TWSE,common_stock,true,false,false,false,false,false,false,false,true,
2025-10-14,2537,聯上發,listed,11.3,11.6,11.05,11.05,-0.25,-2.2124,1351876,15293507,618,TWSE,common_stock,true,false,false,false,false,false,false,false,true,
2025-10-14,2538,基泰,listed,10.6,10.85,10.6,10.65,0.05,0.4717,447152,4797372,192,TWSE,common_stock,true,false,false,false,false,false,false,false,true,
2025-10-14,2539,櫻花建,listed,48.7,50.3,48.7,48.95,0.05,0.1022,1574212,78139403,1439,TWSE,common_stock,true,false,false,false,false,false,false,false,true,
2025-10-14,2540,愛山林,listed,50.5,51.4,50.2,51.2,0.3,0.5894,1330624,67429227,1173,TWSE,common_stock,true,false,false,false,false,false,false,false,true,
2025-10-14,2542,興富發,listed,38.95,39.55,38.7,38.7,-0.25,-0.6418,6559783,255926590,4881,TWSE,common_stock,true,false,false,false,false,false,false,false,true,
2025-10-14,2543,皇昌,listed,74.5,77.7,72.5,72.5,-1.5,-2.027,7176199,539494294,14856,TWSE,common_stock,true,false,false,false,false,false,false,false,true,
2025-10-14,2545,皇翔,listed,43.6,43.7,42.25,42.4,-1.85,-4.1808,1862176,79971481,3416,TWSE,common_stock,true,false,false,false,false,false,false,false,true,
2025-10-14,2546,根基,listed,85.4,89.0,85.4,85.8,0.0,0.0,259854,22565960,931,TWSE,common_stock,true,false,false,false,false,false,false,false,true,
2025-10-14,2547,日勝生,listed,10.85,10.95,10.6,10.6,-0.25,-2.3041,1780845,19114247,862,TWSE,common_stock,true,false,false,false,false,false,false,false,true,
2025-10-14,2548,華固,listed,100.0,104.0,99.9,101.5,2.5,2.5253,2877767,294941341,2540,TWSE,common_stock,true,false,false,false,false,false,false,false,true,
2025-10-14,2597,潤弘,listed,158.0,166.5,158.0,164.5,7.0,4.4444,1409168,230947904,2272,TWSE,common_stock,true,false,false,false,false,false,false,false,true,
2025-10-14,2601,益航,listed,5.8,6.25,5.8,6.07,0.3,5.1993,6182821,37737161,2086,TWSE,common_stock,true,false,false,false,false,false,false,false,true,
2025-10-14,2603,長榮,listed,180.0,194.0,180.0,189.0,10.0,5.5866,55505101,10529028850,47263,TWSE,common_stock,true,false,false,false,false,false,false,false,true,
2025-10-14,2605,新興,listed,23.35,24.8,23.35,24.8,2.25,9.9778,14451067,354839300,5392,TWSE,common_stock,true,false,false,false,false,false,false,false,true,
2025-10-14,2606,裕民,listed,56.7,60.2,56.6,59.0,4.2,7.6642,36132035,2149976591,18764,TWSE,common_stock,true,false,false,false,false,false,false,false,true,
2025-10-14,2607,榮運,listed,57.3,60.8,57.3,58.6,2.2,3.9007,2931551,174918132,3842,TWSE,common_stock,true,false,false,false,false,false,false,false,true,
2025-10-14,2608,嘉里大榮,listed,33.7,33.8,33.45,33.45,-0.15,-0.4464,264571,8890209,323,TWSE,common_stock,true,false,false,false,false,false,false,false,true,
2025-10-14,2609,陽明,listed,52.0,56.7,51.9,56.7,5.1,9.8837,94171725,5244868535,50189,TWSE,common_stock,true,false,false,false,false,false,false,false,true,
2025-10-14,2610,華航,listed,20.4,21.0,20.4,20.45,0.15,0.7389,35102672,726848114,8872,TWSE,common_stock,true,false,false,false,false,false,false,false,true,
2025-10-14,2611,志信,listed,15.1,16.25,15.1,16.0,1.05,7.0234,1991404,31743608,1500,TWSE,common_stock,true,false,false,false,false,false,false,false,true,
2025-10-14,2612,中航,listed,52.8,55.2,52.8,55.2,5.0,9.9602,4697974,257895171,2591,TWSE,common_stock,true,false,false,false,false,false,false,false,true,
2025-10-14,2613,中櫃,listed,25.3,27.3,25.2,27.3,2.45,9.8592,3179901,86000379,1014,TWSE,common_stock,true,false,false,false,false,false,false,false,true,
2025-10-14,2614,東森,listed,20.9,21.65,20.85,20.9,0.0,0.0,1315030,27924699,1008,TWSE,common_stock,true,false,false,false,false,false,false,false,true,
2025-10-14,2615,萬海,listed,76.3,83.8,76.3,83.8,7.6,9.9738,45963816,3789276972,26762,TWSE,common_stock,true,false,false,false,false,false,false,false,true,
2025-10-14,2616,山隆,listed,14.4,14.4,14.15,14.2,0.0,0.0,49830,708816,227,TWSE,common_stock,true,false,false,false,false,false,false,false,true,
2025-10-14,2617,台航,listed,27.3,29.4,27.3,28.05,0.95,3.5055,5949648,169875628,3572,TWSE,common_stock,true,false,false,false,false,false,false,false,true,
2025-10-14,2618,長榮航,listed,37.3,38.4,37.3,37.55,0.25,0.6702,33688660,1276468905,12790,TWSE,common_stock,true,false,false,false,false,false,false,false,true,
2025-10-14,2630,亞航,listed,61.2,61.8,56.0,56.1,-4.7,-7.7303,29342927,1719888989,18672,TWSE,common_stock,true,false,false,false,false,false,false,false,true,
2025-10-14,2633,台灣高鐵,listed,27.0,27.45,27.0,27.15,0.15,0.5556,3449763,93949260,2009,TWSE,common_stock,true,false,false,false,false,false,false,false,true,
2025-10-14,2634,漢翔,listed,58.7,59.1,55.4,55.5,-2.7,-4.6392,25278363,1437044433,16813,TWSE,common_stock,true,false,false,false,false,false,false,false,true,
2025-10-14,2636,台驊控股,listed,67.6,72.3,67.6,70.0,2.6,3.8576,1986375,140497254,1852,TWSE,common_stock,true,false,false,false,false,false,false,false,true,
2025-10-14,2637,慧洋-KY,listed,63.0,68.2,63.0,66.6,4.3,6.9021,38830802,2583656663,27354,TWSE,common_stock,true,false,false,false,false,false,false,false,true,
2025-10-14,2642,宅配通,listed,29.65,30.45,29.3,29.4,-0.2,-0.6757,135762,4024059,167,TWSE,common_stock,true,false,false,false,false,false,false,false,true,
2025-10-14,2645,長榮航太,listed,162.5,163.0,152.0,152.0,-10.5,-6.4615,4237728,661998762,5722,TWSE,common_stock,true,false,false,false,false,false,false,false,true,
2025-10-14,2646,星宇航空,listed,24.55,24.85,24.45,24.55,0.0,0.0,6861724,168969657,3953,TWSE,common_stock,true,false,false,false,false,false,false,false,true,
2025-10-14,2701,萬企,listed,11.3,11.3,11.05,11.1,0.0,0.0,117240,1307999,69,TWSE,common_stock,true,false,false,false,false,false,false,false,true,
2025-10-14,2702,華園,listed,11.85,11.9,11.7,11.75,0.0,0.0,82042,966309,115,TWSE,common_stock,true,false,false,false,false,false,false,false,true,
2025-10-14,2704,國賓,listed,41.9,42.35,41.0,41.5,-0.35,-0.8363,310165,12950532,261,TWSE,common_stock,true,false,false,false,false,false,false,false,true,
2025-10-14,2705,六福,listed,16.9,17.0,16.8,16.8,-0.05,-0.2967,154934,2619162,197,TWSE,common_stock,true,false,false,false,false,false,false,false,true,
2025-10-14,2706,第一店,listed,13.05,13.1,12.95,13.0,-0.05,-0.3831,382855,4993028,202,TWSE,common_stock,true,false,false,false,false,false,false,false,true,
2025-10-14,2707,晶華,listed,193.0,193.5,191.0,191.0,-0.5,-0.2611,230980,44289843,384,TWSE,common_stock,true,false,false,false,false,false,false,false,true,
2025-10-14,2712,遠雄來,listed,19.55,19.55,19.25,19.3,0.05,0.2597,12827,248449,17,TWSE,common_stock,true,false,false,false,false,false,false,false,true,
2025-10-14,2722,夏都,listed,26.9,26.9,26.05,26.05,-0.15,-0.5725,57018,1492814,105,TWSE,common_stock,true,false,false,false,false,false,false,false,true,
2025-10-14,2723,美食-KY,listed,72.0,72.3,70.6,70.9,-0.5,-0.7003,382968,27262075,437,TWSE,common_stock,true,false,false,false,false,false,false,false,true,
2025-10-14,2727,王品,listed,224.0,225.0,221.0,222.0,-1.5,-0.6711,769179,171132907,1365,TWSE,common_stock,true,false,false,false,false,false,false,false,true,
2025-10-14,2731,雄獅,listed,158.0,160.0,156.5,157.0,-0.5,-0.3175,546856,86591916,598,TWSE,common_stock,true,false,false,false,false,false,false,false,true,
2025-10-14,2739,寒舍,listed,37.55,37.75,37.25,37.35,-0.15,-0.4,110975,4165936,76,TWSE,common_stock,true,false,false,false,false,false,false,false,true,
2025-10-14,2748,雲品,listed,44.8,45.1,44.15,44.15,-0.6,-1.3408,242759,10814533,230,TWSE,common_stock,true,false,false,false,false,false,false,false,true,
2025-10-14,2753,八方雲集,listed,188.5,191.5,188.0,188.5,0.0,0.0,368190,69845377,602,TWSE,common_stock,true,false,false,false,false,false,false,false,true,
2025-10-14,2762,世界健身-KY,listed,82.8,82.8,81.0,81.5,-1.1,-1.3317,95784,7847576,423,TWSE,common_stock,true,false,false,false,false,false,false,false,true,
2025-10-14,2801,彰銀,listed,20.2,20.45,20.15,20.2,0.0,0.0,21775631,441752712,4900,TWSE,common_stock,true,false,false,false,false,false,false,false,true,
2025-10-14,2812,台中銀,listed,22.0,22.3,21.95,22.0,0.05,0.2278,7943885,175743871,3611,TWSE,common_stock,true,false,false,false,false,false,false,false,true,
2025-10-14,2816,旺旺保,listed,26.6,26.95,26.55,26.65,0.05,0.188,107185,2864574,60,TWSE,common_stock,true,false,false,false,false,false,false,false,true,
2025-10-14,2820,華票,listed,16.6,16.7,16.5,16.65,0.1,0.6042,1562473,25996691,567,TWSE,common_stock,true,false,false,false,false,false,false,false,true,
2025-10-14,2832,台產,listed,35.75,36.35,35.6,35.7,-0.15,-0.4184,790468,28424258,779,TWSE,common_stock,true,false,false,false,false,false,false,false,true,
2025-10-14,2834,臺企銀,listed,15.45,15.65,15.45,15.45,0.0,0.0,20106693,312131822,4404,TWSE,common_stock,true,false,false,false,false,false,false,false,true,
2025-10-14,2836,高雄銀,listed,11.95,12.2,11.95,12.05,0.1,0.8368,2106497,25458008,644,TWSE,common_stock,true,false,false,false,false,false,false,false,true,
2025-10-14,2836A,高雄銀甲特,listed,,,,,0.0,,61,1406,1,TWSE,warrant,false,false,true,false,false,false,false,false,false,security_type=warrant;symbol_not_4_digit;invalid_close
2025-10-14,2838,聯邦銀,listed,19.5,19.95,19.45,19.55,0.55,2.8947,5094074,100254258,2012,TWSE,common_stock,true,false,false,false,false,false,false,false,true,
2025-10-14,2838A,聯邦銀甲特,listed,54.3,54.5,54.3,54.5,0.0,0.0,12099,657770,13,TWSE,warrant,false,false,true,false,false,false,false,false,false,security_type=warrant;symbol_not_4_digit
2025-10-14,2845,遠東銀,listed,12.3,12.45,12.3,12.35,0.05,0.4065,14678412,181931274,3201,TWSE,common_stock,true,false,false,false,false,false,false,false,true,
2025-10-14,2849,安泰銀,listed,13.15,13.2,13.1,13.15,0.0,0.0,90486,1190890,334,TWSE,common_stock,true,false,false,false,false,false,false,false,true,
2025-10-14,2850,新產,listed,116.0,117.5,115.0,115.0,-1.0,-0.8621,234597,27225963,369,TWSE,common_stock,true,false,false,false,false,false,false,false,true,
2025-10-14,2851,中再保,listed,23.75,23.95,23.65,23.7,-0.05,-0.2105,1143723,27253702,620,TWSE,common_stock,true,false,false,false,false,false,false,false,true,
2025-10-14,2852,第一保,listed,26.1,26.3,26.05,26.1,0.05,0.1919,282696,7403793,175,TWSE,common_stock,true,false,false,false,false,false,false,false,true,
2025-10-14,2855,統一證,listed,23.9,24.1,23.45,23.5,-0.3,-1.2605,3281490,77991991,2761,TWSE,etf,false,true,false,false,false,false,false,false,false,security_type=etf
2025-10-14,2867,三商壽,listed,6.17,6.26,6.12,6.12,0.01,0.1637,19315971,119510003,3342,TWSE,common_stock,true,false,false,false,false,false,false,false,true,
2025-10-14,2880,華南金,listed,29.45,29.6,29.25,29.5,0.25,0.8547,19779016,583581056,5653,TWSE,common_stock,true,false,false,false,false,false,false,false,true,
2025-10-14,2881,富邦金,listed,88.8,90.2,88.2,88.2,0.4,0.4556,25886313,2308712651,11568,TWSE,etf,false,true,false,false,false,false,false,false,false,security_type=etf
2025-10-14,2881A,富邦特,listed,63.3,63.4,63.2,63.3,-0.1,-0.1577,18408,1165279,15,TWSE,etf,false,true,true,false,false,false,false,false,false,security_type=etf;symbol_not_4_digit
2025-10-14,2881B,富邦金乙特,listed,62.0,62.2,62.0,62.2,0.1,0.161,101218,6281716,25,TWSE,etf,false,true,true,false,false,false,false,false,false,security_type=etf;symbol_not_4_digit
2025-10-14,2881C,富邦金丙特,listed,54.0,54.0,53.9,53.9,-0.1,-0.1852,19126,1032070,34,TWSE,etf,false,true,true,false,false,false,false,false,false,security_type=etf;symbol_not_4_digit
2025-10-14,2882,國泰金,listed,65.4,66.9,65.4,65.5,0.2,0.3063,25653861,1697201999,9257,TWSE,etf,false,true,false,false,false,false,false,false,false,security_type=etf
2025-10-14,2882A,國泰特,listed,60.9,60.9,60.8,60.9,0.0,0.0,7014,427050,6,TWSE,etf,false,true,true,false,false,false,false,false,false,security_type=etf;symbol_not_4_digit
2025-10-14,2882B,國泰金乙特,listed,60.0,60.2,60.0,60.2,0.0,0.0,25367,1522616,44,TWSE,etf,false,true,true,false,false,false,false,false,false,security_type=etf;symbol_not_4_digit
2025-10-14,2883,凱基金,listed,15.2,15.6,15.2,15.3,0.2,1.3245,103916024,1602986365,15165,TWSE,etf,false,true,false,false,false,false,false,false,false,security_type=etf
2025-10-14,2883B,凱基金乙特,listed,7.68,7.72,7.68,7.68,0.0,0.0,1717196,13211678,216,TWSE,etf,false,true,true,false,false,false,false,false,false,security_type=etf;symbol_not_4_digit
2025-10-14,2884,玉山金,listed,32.5,33.1,32.5,32.8,0.3,0.9231,31252464,1027441659,8329,TWSE,common_stock,true,false,false,false,false,false,false,false,true,
2025-10-14,2885,元大金,listed,34.2,34.95,34.2,34.5,0.1,0.2907,24404615,846390517,8991,TWSE,etf,false,true,false,false,false,false,false,false,false,security_type=etf
2025-10-14,2886,兆豐金,listed,41.5,42.25,41.5,42.1,0.45,1.0804,17168431,722142462,6417,TWSE,etf,false,true,false,false,false,false,false,false,false,security_type=etf
2025-10-14,2887,台新新光金,listed,18.85,19.25,18.8,19.0,0.45,2.4259,171866059,3280772339,31088,TWSE,common_stock,true,false,false,false,false,false,false,false,true,
2025-10-14,2887E,台新新光戊特一,listed,48.7,48.75,48.7,48.7,0.05,0.1028,44916,2188372,30,TWSE,warrant,false,false,true,false,false,false,false,false,false,security_type=warrant;symbol_not_4_digit
2025-10-14,2887F,台新新光戊特二,listed,44.3,44.3,44.25,44.25,0.1,0.2265,16585,733898,22,TWSE,warrant,false,false,true,false,false,false,false,false,false,security_type=warrant;symbol_not_4_digit
2025-10-14,2887G,台新新光庚特一,listed,36.8,36.85,36.7,36.85,0.05,0.1359,9319,342600,15,TWSE,warrant,false,false,true,false,false,false,false,false,false,security_type=warrant;symbol_not_4_digit
2025-10-14,2887H,台新新光庚特二,listed,36.7,36.75,36.65,36.7,0.0,0.0,170236,6248019,85,TWSE,warrant,false,false,true,false,false,false,false,false,false,security_type=warrant;symbol_not_4_digit
2025-10-14,2887I,台新新光辛特,listed,9.22,9.24,9.22,9.23,0.01,0.1085,17542225,161880113,1076,TWSE,warrant,false,false,true,false,false,false,false,false,false,security_type=warrant;symbol_not_4_digit
2025-10-14,2887Z1,台新新光己特,listed,16.25,16.35,16.2,16.25,0.0,0.0,866872,14104216,113,TWSE,warrant,false,false,true,false,false,false,false,false,false,security_type=warrant;symbol_not_4_digit
2025-10-14,2889,國票金,listed,15.3,15.5,15.15,15.3,-0.1,-0.6494,3451508,53018379,1876,TWSE,common_stock,true,false,false,false,false,false,false,false,true,
2025-10-14,2890,永豐金,listed,26.05,26.5,26.05,26.25,0.1,0.3824,40911180,1077632708,10646,TWSE,etf,false,true,false,false,false,false,false,false,false,security_type=etf
2025-10-14,2891,中信金,listed,42.2,43.0,42.2,42.35,0.2,0.4745,36178151,1541935222,11425,TWSE,etf,false,true,false,false,false,false,false,false,false,security_type=etf
2025-10-14,2891B,中信金乙特,listed,63.3,63.5,63.3,63.5,-0.1,-0.1572,9952,629932,15,TWSE,etf,false,true,true,false,false,false,false,false,false,security_type=etf;symbol_not_4_digit
2025-10-14,2891C,中信金丙特,listed,60.0,60.3,59.7,60.3,0.0,0.0,16433,986489,24,TWSE,etf,false,true,true,false,false,false,false,false,false,security_type=etf;symbol_not_4_digit
2025-10-14,2892,第一金,listed,29.0,29.5,29.0,29.35,0.3,1.0327,16594977,486428913,4545,TWSE,common_stock,true,false,false,false,false,false,false,false,true,
2025-10-14,2897,王道銀行,listed,8.99,9.02,8.96,8.96,-0.03,-0.3337,5727219,51492845,1570,TWSE,common_stock,true,false,false,false,false,false,false,false,true,
2025-10-14,2897B,王道銀乙特,listed,11.9,11.9,11.9,11.9,-0.05,-0.4184,29180,347251,7,TWSE,warrant,false,false,true,false,false,false,false,false,false,security_type=warrant;symbol_not_4_digit
2025-10-14,2901,欣欣,listed,25.3,25.5,25.3,25.5,0.2,0.7905,5986,151765,35,TWSE,common_stock,true,false,false,false,false,false,false,false,true,
2025-10-14,2903,遠百,listed,22.2,22.35,21.75,21.8,-0.45,-2.0225,3014058,66368720,1455,TWSE,common_stock,true,false,false,false,false,false,false,false,true,
2025-10-14,2904,匯僑,listed,17.0,17.1,17.0,17.05,-0.05,-0.2924,67137,1143250,53,TWSE,common_stock,true,false,false,false,false,false,false,false,true,
2025-10-14,2905,三商,listed,12.25,12.55,12.15,12.15,0.15,1.25,947914,11705107,494,TWSE,common_stock,true,false,false,false,false,false,false,false,true,
2025-10-14,2906,高林,listed,14.0,14.1,13.9,14.0,0.1,0.7194,54557,761793,113,TWSE,common_stock,true,false,false,false,false,false,false,false,true,
2025-10-14,2908,特力,listed,19.9,19.95,19.75,19.75,-0.15,-0.7538,228196,4532129,147,TWSE,common_stock,true,false,false,false,false,false,false,false,true,
2025-10-14,2910,統領,listed,21.4,21.4,21.3,21.3,-0.05,-0.2342,16000,341100,8,TWSE,common_stock,true,false,false,false,false,false,false,false,true,
2025-10-14,2911,麗嬰房,listed,5.1,5.14,4.88,5.0,-0.1,-1.9608,36816,185625,50,TWSE,common_stock,true,false,false,false,false,false,false,false,true,
2025-10-14,2912,統一超,listed,245.0,245.0,243.0,243.0,-1.5,-0.6135,2467179,601119404,5149,TWSE,etf,false,true,false,false,false,false,false,false,false,security_type=etf
2025-10-14,2913,農林,listed,14.1,14.35,14.05,14.1,0.05,0.3559,1495479,21287967,822,TWSE,common_stock,true,false,false,false,false,false,false,false,true,
2025-10-14,2915,潤泰全,listed,51.7,52.7,51.6,51.6,-0.1,-0.1934,2341866,122291863,1901,TWSE,common_stock,true,false,false,false,false,false,false,false,true,
2025-10-14,2923,鼎固-KY,listed,20.0,21.0,20.0,20.35,-0.15,-0.7317,38232,773680,194,TWSE,common_stock,true,false,false,false,false,false,false,false,true,
2025-10-14,2929,淘帝-KY,listed,8.95,9.05,8.76,8.79,-0.17,-1.8973,370820,3301946,276,TWSE,common_stock,true,false,false,false,false,false,false,false,true,
2025-10-14,2939,永邑-KY,listed,26.45,26.45,26.45,26.45,0.9,3.5225,2000,52900,2,TWSE,common_stock,true,false,false,false,false,false,false,false,true,
2025-10-14,2945,三商家購,listed,37.0,37.1,37.0,37.0,0.1,0.271,8149,301682,11,TWSE,warrant,false,false,true,false,false,false,false,false,false,security_type=warrant
2025-10-14,3002,歐格,listed,20.9,20.95,19.1,19.3,0.25,1.3123,4812633,98112879,2205,TWSE,common_stock,true,false,false,false,false,false,false,false,true,
2025-10-14,3003,健和興,listed,50.8,53.4,50.4,50.5,0.3,0.5976,661593,34118431,503,TWSE,common_stock,true,false,false,false,false,false,false,false,true,
2025-10-14,3004,豐達科,listed,134.0,135.0,125.0,126.0,-6.5,-4.9057,1273608,163982364,1500,TWSE,common_stock,true,false,false,false,false,false,false,false,true,
2025-10-14,3005,神基,listed,146.5,147.0,138.5,138.5,-8.0,-5.4608,4008919,568545693,3889,TWSE,common_stock,true,false,false,false,false,false,false,false,true,
2025-10-14,3006,晶豪科,listed,83.8,84.2,77.0,77.5,-4.2,-5.1408,22422843,1788994811,16651,TWSE,common_stock,true,false,false,false,false,false,false,false,true,
2025-10-14,3008,大立光,listed,2335.0,2335.0,2240.0,2240.0,-80.0,-3.4483,1592992,3625463985,14214,TWSE,common_stock,true,false,false,false,false,false,false,false,true,
2025-10-14,3010,華立,listed,92.3,93.8,91.3,91.4,-0.6,-0.6522,518903,48036960,697,TWSE,common_stock,true,false,false,false,false,false,false,false,true,
2025-10-14,3011,今皓,listed,14.6,14.6,14.1,14.1,-0.15,-1.0526,381919,5456215,242,TWSE,common_stock,true,false,false,false,false,false,false,false,true,
2025-10-14,3013,晟銘電,listed,119.5,120.0,112.5,113.5,-4.0,-3.4043,3119896,359393464,2537,TWSE,common_stock,true,false,false,false,false,false,false,false,true,
2025-10-14,3014,聯陽,listed,131.0,133.0,128.5,128.5,-2.0,-1.5326,799872,104308131,825,TWSE,common_stock,true,false,false,false,false,false,false,false,true,
2025-10-14,3015,全漢,listed,54.0,55.8,53.5,53.6,-0.3,-0.5566,338604,18512910,464,TWSE,common_stock,true,false,false,false,false,false,false,false,true,
2025-10-14,3016,嘉晶,listed,52.9,53.4,50.7,50.8,-1.4,-2.682,3371076,174435577,2503,TWSE,common_stock,true,false,false,false,false,false,false,false,true,
2025-10-14,3017,奇鋐,listed,1180.0,1230.0,1155.0,1155.0,-5.0,-0.431,13218749,15731062705,22312,TWSE,common_stock,true,false,false,false,false,false,false,false,true,
2025-10-14,3018,隆銘綠能,listed,13.45,13.6,13.45,13.6,0.15,1.1152,72571,978635,362,TWSE,common_stock,true,false,false,false,false,false,false,false,true,
2025-10-14,3019,亞光,listed,156.0,156.5,144.0,144.5,-9.5,-6.1688,8993511,1340233180,10967,TWSE,common_stock,true,false,false,false,false,false,false,false,true,
2025-10-14,3021,鴻名,listed,17.55,17.6,17.2,17.2,-0.35,-1.9943,111432,1944278,69,TWSE,common_stock,true,false,false,false,false,false,false,false,true,
2025-10-14,3022,威強電,listed,67.5,68.3,66.2,66.5,-0.6,-0.8942,653726,43855960,583,TWSE,common_stock,true,false,false,false,false,false,false,false,true,
2025-10-14,3023,信邦,listed,221.0,223.0,216.0,216.5,-3.5,-1.5909,1155346,253724521,1712,TWSE,common_stock,true,false,false,false,false,false,false,false,true,
2025-10-14,3024,憶聲,listed,12.85,12.85,11.95,11.95,-1.0,-7.722,4984421,61530072,2013,TWSE,common_stock,true,false,false,false,false,false,false,false,true,
2025-10-14,3025,星通,listed,46.55,46.65,44.5,44.5,-1.65,-3.5753,351294,15914331,347,TWSE,common_stock,true,false,false,false,false,false,false,false,true,
2025-10-14,3026,禾伸堂,listed,103.0,103.5,99.5,100.5,-1.5,-1.4706,3309736,334211319,9903,TWSE,common_stock,true,false,false,false,false,false,false,false,true,
2025-10-14,3027,盛達,listed,24.2,24.6,24.05,24.2,0.0,0.0,276995,6738007,161,TWSE,common_stock,true,false,false,false,false,false,false,false,true,
2025-10-14,3028,增你強,listed,33.2,34.1,32.8,33.5,0.95,2.9186,1981430,66365635,1865,TWSE,common_stock,true,false,false,false,false,false,false,false,true,
2025-10-14,3029,零壹,listed,114.5,116.0,112.0,112.0,-2.0,-1.7544,1534133,174895284,2286,TWSE,common_stock,true,false,false,false,false,false,false,false,true,
2025-10-14,3030,德律,listed,155.0,156.0,149.0,149.0,-4.5,-2.9316,2448994,372944143,2240,TWSE,common_stock,true,false,false,false,false,false,false,false,true,
2025-10-14,3031,佰鴻,listed,21.85,21.9,21.0,21.2,-0.3,-1.3953,1329101,28630978,917,TWSE,common_stock,true,false,false,false,false,false,false,false,true,
2025-10-14,3032,偉訓,listed,92.3,93.2,89.2,89.6,-2.1,-2.2901,1214272,110540297,1426,TWSE,common_stock,true,false,false,false,false,false,false,false,true,
2025-10-14,3033,威健,listed,29.2,29.45,28.7,29.2,0.2,0.6897,3510510,101978016,1844,TWSE,common_stock,true,false,false,false,false,false,false,false,true,
2025-10-14,3034,聯詠,listed,418.0,421.5,407.5,407.5,-6.5,-1.57,3458011,1425691784,7852,TWSE,common_stock,true,false,false,false,false,false,false,false,true,
2025-10-14,3035,智原,listed,166.0,168.5,157.0,157.0,-7.0,-4.2683,4836771,783474937,5472,TWSE,common_stock,true,false,false,false,false,false,false,false,true,
2025-10-14,3036,文曄,listed,140.5,144.0,140.0,140.0,1.0,0.7194,8316572,1180566601,4409,TWSE,common_stock,true,false,false,false,false,false,false,false,true,
2025-10-14,3036A,文曄甲特,listed,51.0,51.1,50.8,50.8,0.0,0.0,808204,41160777,385,TWSE,warrant,false,false,true,false,false,false,false,false,false,security_type=warrant;symbol_not_4_digit
2025-10-14,3037,欣興,listed,155.5,157.5,146.0,146.0,-7.5,-4.886,24470429,3678576049,21927,TWSE,common_stock,true,false,false,false,false,false,false,false,true,
2025-10-14,3038,全台,listed,20.65,21.0,20.4,20.4,-0.2,-0.9709,310052,6409220,293,TWSE,common_stock,true,false,false,false,false,false,false,false,true,
2025-10-14,3040,遠見,listed,65.0,67.0,62.6,62.7,-2.3,-3.5385,1025038,65661190,938,TWSE,common_stock,true,false,false,false,false,false,false,false,true,
2025-10-14,3041,揚智,listed,30.25,30.25,30.25,30.25,2.75,10.0,2336610,70682398,1124,TWSE,common_stock,true,false,false,false,false,false,false,false,true,
2025-10-14,3042,晶技,listed,90.0,91.7,89.0,89.0,0.1,0.1125,1882854,170528956,1756,TWSE,common_stock,true,false,false,false,false,false,false,false,true,
2025-10-14,3043,科風,listed,23.25,23.7,22.65,23.0,-0.25,-1.0753,109964,2535226,148,TWSE,common_stock,true,false,false,false,false,false,false,false,true,
2025-10-14,3044,健鼎,listed,316.0,323.5,305.5,305.5,-5.5,-1.7685,6002904,1886095131,9384,TWSE,common_stock,true,false,false,false,false,false,false,false,true,
2025-10-14,3045,台灣大,listed,110.0,111.5,110.0,110.5,0.0,0.0,6953267,770020719,2445,TWSE,common_stock,true,false,false,false,false,false,false,false,true,
2025-10-14,3046,建碁,listed,48.0,48.3,46.1,46.1,-1.3,-2.7426,421608,19887927,445,TWSE,common_stock,true,false,false,false,false,false,false,false,true,
2025-10-14,3047,訊舟,listed,18.6,18.75,17.85,17.85,-0.6,-3.252,2012928,36613684,1168,TWSE,common_stock,true,false,false,false,false,false,false,false,true,
2025-10-14,3048,益登,listed,37.6,38.2,35.65,35.95,-1.1,-2.969,3981281,146414252,2692,TWSE,common_stock,true,false,false,false,false,false,false,false,true,
2025-10-14,3049,精金,listed,6.8,6.92,6.59,6.7,-0.08,-1.1799,2278268,15292040,1005,TWSE,common_stock,true,false,false,false,false,false,false,false,true,
2025-10-14,3050,鈺德,listed,12.3,12.45,12.0,12.2,-0.1,-0.813,1015270,12423120,315,TWSE,common_stock,true,false,false,false,false,false,false,false,true,
2025-10-14,3051,力特,listed,21.25,21.55,20.65,20.65,-0.35,-1.6667,432826,9086268,388,TWSE,common_stock,true,false,false,false,false,false,false,false,true,
2025-10-14,3052,夆典,listed,11.15,11.25,11.0,11.1,-0.05,-0.4484,1316587,14645304,253,TWSE,common_stock,true,false,false,false,false,false,false,false,true,
2025-10-14,3054,立萬利,listed,24.4,24.4,23.4,24.0,-0.2,-0.8264,5147,123379,17,TWSE,common_stock,true,false,false,false,false,false,false,false,true,
2025-10-14,3055,蔚華科,listed,59.5,60.6,57.7,57.8,-1.2,-2.0339,381288,22563625,430,TWSE,common_stock,true,false,false,false,false,false,false,false,true,
2025-10-14,3056,富華新,listed,20.5,20.55,19.95,20.05,-0.3,-1.4742,2845188,57599849,2222,TWSE,common_stock,true,false,false,false,false,false,false,false,true,
2025-10-14,3057,喬鼎,listed,12.8,12.85,12.3,12.4,-0.25,-1.9763,117911,1482794,388,TWSE,common_stock,true,false,false,false,false,false,false,false,true,
2025-10-14,3058,立德,listed,11.3,11.4,10.9,11.1,0.0,0.0,589756,6574070,306,TWSE,common_stock,true,false,false,false,false,false,false,false,true,
2025-10-14,3059,華晶科,listed,50.5,51.0,48.0,48.0,-1.9,-3.8076,5405532,265958319,4263,TWSE,common_stock,true,false,false,false,false,false,false,false,true,
2025-10-14,3060,銘異,listed,23.7,24.2,22.9,22.95,-0.35,-1.5021,2699550,63502437,1907,TWSE,common_stock,true,false,false,false,false,false,false,false,true,
2025-10-14,3062,建漢,listed,24.6,25.05,23.9,23.9,-0.35,-1.4433,3812947,93622641,2137,TWSE,common_stock,true,false,false,false,false,false,false,false,true,
2025-10-14,3090,日電貿,listed,76.5,76.5,73.5,73.7,-2.2,-2.8986,1740595,130102648,5810,TWSE,common_stock,true,false,false,false,false,false,false,false,true,
2025-10-14,3092,鴻碩,listed,15.05,15.2,14.75,14.8,-0.2,-1.3333,159555,2385499,156,TWSE,common_stock,true,false,false,false,false,false,false,false,true,
2025-10-14,3094,聯傑,listed,25.85,26.5,25.0,25.2,-0.35,-1.3699,443828,11309390,346,TWSE,common_stock,true,false,false,false,false,false,false,false,true,
2025-10-14,3130,一零四,listed,223.5,224.0,223.5,223.5,0.0,0.0,21725,4858946,195,TWSE,common_stock,true,false,false,false,false,false,false,false,true,
2025-10-14,3135,凌航,listed,49.5,49.8,44.1,44.1,-2.85,-6.0703,6560452,310416105,5084,TWSE,common_stock,true,false,false,false,false,false,false,false,true,
2025-10-14,3138,耀登,listed,96.0,96.0,92.0,92.5,-1.5,-1.5957,142625,13313021,974,TWSE,common_stock,true,false,false,false,false,false,false,false,true,
2025-10-14,3149,正達,listed,44.0,44.6,40.8,40.8,-1.75,-4.1128,11739152,501685976,7690,TWSE,common_stock,true,false,false,false,false,false,false,false,true,
2025-10-14,3150,鈺寶-創,listed,21.45,21.75,20.0,21.5,0.4,1.8957,156004,3240637,78,TWSE,common_stock,true,false,false,false,false,false,false,false,true,
2025-10-14,3164,景岳,listed,19.05,19.05,18.75,18.8,-0.15,-0.7916,46338,875235,101,TWSE,common_stock,true,false,false,false,false,false,false,false,true,
2025-10-14,3167,大量,listed,187.0,187.0,168.5,169.0,-14.0,-7.6503,6951716,1223145905,18800,TWSE,common_stock,true,false,false,false,false,false,false,false,true,
2025-10-14,3168,眾福科,listed,44.2,45.7,44.2,45.2,0.25,0.5562,15157,682217,12,TWSE,common_stock,true,false,false,false,false,false,false,false,true,
2025-10-14,3189,景碩,listed,137.5,138.5,122.5,122.5,-11.0,-8.2397,46539665,5992332682,28271,TWSE,common_stock,true,false,false,false,false,false,false,false,true,
2025-10-14,3209,全科,listed,31.15,31.45,30.7,30.9,-0.25,-0.8026,653838,20283402,503,TWSE,common_stock,true,false,false,false,false,false,false,false,true,
2025-10-14,3229,晟鈦,listed,15.6,15.6,14.5,14.7,0.2,1.3793,91681,1357648,95,TWSE,common_stock,true,false,false,false,false,false,false,false,true,
2025-10-14,3231,緯創,listed,148.5,149.5,137.5,138.0,-7.5,-5.1546,77131366,10976311509,58209,TWSE,common_stock,true,false,false,false,false,false,false,false,true,
2025-10-14,3257,虹冠電,listed,67.1,68.6,65.3,65.3,-1.0,-1.5083,906582,60600529,909,TWSE,common_stock,true,false,false,false,false,false,false,false,true,
2025-10-14,3266,昇陽,listed,13.8,13.95,13.65,13.7,-0.1,-0.7246,60948,838788,40,TWSE,common_stock,true,false,false,false,false,false,false,false,true,
2025-10-14,3296,勝德,listed,20.65,21.1,20.1,20.1,-0.3,-1.4706,173671,3567092,208,TWSE,common_stock,true,false,false,false,false,false,false,false,true,
2025-10-14,3305,昇貿,listed,108.0,110.5,101.5,102.0,-7.5,-6.8493,11384996,1197730017,9134,TWSE,common_stock,true,false,false,false,false,false,false,false,true,
2025-10-14,3308,聯德,listed,16.45,16.45,15.8,15.8,-0.45,-2.7692,83265,1339663,161,TWSE,common_stock,true,false,false,false,false,false,false,false,true,
2025-10-14,3311,閎暉,listed,39.2,40.1,35.2,35.5,-1.6,-4.3127,20466795,784550057,11278,TWSE,common_stock,true,false,false,false,false,false,false,false,true,
2025-10-14,3312,弘憶股,listed,40.1,41.0,39.6,39.9,-0.1,-0.25,577538,23261253,606,TWSE,common_stock,true,false,false,false,false,false,false,false,true,
2025-10-14,3321,同泰,listed,16.9,16.9,15.4,15.4,-0.95,-5.8104,69578,1106861,97,TWSE,common_stock,true,false,false,false,false,false,false,false,true,
2025-10-14,3338,泰碩,listed,56.0,56.8,54.1,55.2,-0.3,-0.5405,412108,22962892,398,TWSE,common_stock,true,false,false,false,false,false,false,false,true,
2025-10-14,3346,麗清,listed,22.35,22.5,22.0,22.0,-0.15,-0.6772,321331,7147504,225,TWSE,common_stock,true,false,false,false,false,false,false,false,true,
2025-10-14,3356,奇偶,listed,44.6,45.1,43.5,43.55,-0.75,-1.693,551144,24463521,975,TWSE,common_stock,true,false,false,false,false,false,false,false,true,
2025-10-14,3376,新日興,listed,228.0,229.0,221.0,221.5,-5.5,-2.4229,7488561,1685532770,7984,TWSE,common_stock,true,false,false,false,false,false,false,false,true,
2025-10-14,3380,明泰,listed,32.25,35.0,31.4,31.4,-0.85,-2.6357,9156995,300614545,5974,TWSE,common_stock,true,false,false,false,false,false,false,false,true,
2025-10-14,3406,玉晶光,listed,418.0,419.5,406.0,406.0,-6.5,-1.5758,997351,409542861,1936,TWSE,common_stock,true,false,false,false,false,false,false,false,true,
2025-10-14,3413,京鼎,listed,326.0,326.0,308.0,308.5,-12.0,-3.7441,2443522,771248261,4729,TWSE,common_stock,true,false,false,false,false,false,false,false,true,
2025-10-14,3416,融程電,listed,170.5,172.5,163.5,164.5,-6.0,-3.5191,661422,110229690,999,TWSE,common_stock,true,false,false,false,false,false,false,false,true,
2025-10-14,3419,譁裕,listed,13.85,14.05,13.75,13.95,-0.05,-0.3571,173926,2412821,121,TWSE,common_stock,true,false,false,false,false,false,false,false,true,
2025-10-14,3432,台端,listed,14.5,14.5,14.35,14.45,-0.15,-1.0274,12655,182894,16,TWSE,common_stock,true,false,false,false,false,false,false,false,true,
2025-10-14,3437,榮創,listed,15.8,16.0,15.15,15.2,-0.4,-2.5641,340006,5265663,273,TWSE,common_stock,true,false,false,false,false,false,false,false,true,
2025-10-14,3443,創意,listed,1550.0,1560.0,1435.0,1445.0,-55.0,-3.6667,5808227,8646789845,15068,TWSE,common_stock,true,false,false,false,false,false,false,false,true,
2025-10-14,3447,展達,listed,61.3,61.7,57.7,58.2,-2.8,-4.5902,893669,53170959,986,TWSE,common_stock,true,false,false,false,false,false,false,false,true,
2025-10-14,3450,聯鈞,listed,266.0,268.0,240.0,241.0,-21.5,-8.1905,18005226,4522630414,17071,TWSE,common_stock,true,false,false,false,false,false,false,false,true,
2025-10-14,3454,晶睿,listed,85.9,87.5,84.0,84.0,-1.2,-1.4085,131171,11266598,191,TWSE,common_stock,true,false,false,false,false,false,false,false,true,
2025-10-14,3481,群創,listed,15.45,15.6,14.65,14.7,-0.55,-3.6066,120650787,1809946286,23059,TWSE,common_stock,true,false,false,false,false,false,false,false,true,
2025-10-14,3494,誠研,listed,10.95,10.95,10.4,10.75,-0.05,-0.463,139710,1481843,116,TWSE,common_stock,true,false,false,false,false,false,false,false,true,
2025-10-14,3501,維熹,listed,51.4,52.0,50.8,50.8,-0.4,-0.7813,298417,15362926,242,TWSE,common_stock,true,false,false,false,false,false,false,false,true,
2025-10-14,3504,揚明光,listed,57.9,60.6,56.2,56.4,-1.1,-1.913,641518,37312826,599,TWSE,common_stock,true,false,false,false,false,false,false,false,true,
2025-10-14,3515,華擎,listed,300.5,303.0,283.5,284.0,-14.5,-4.8576,1828576,532083203,5553,TWSE,common_stock,true,false,false,false,false,false,false,false,true,
2025-10-14,3518,柏騰,listed,21.1,21.4,20.35,20.45,-0.55,-2.619,415816,8664771,286,TWSE,common_stock,true,false,false,false,false,false,false,false,true,
2025-10-14,3528,安馳,listed,78.2,81.7,76.9,77.1,0.3,0.3906,2306852,182401204,4868,TWSE,common_stock,true,false,false,false,false,false,false,false,true,
2025-10-14,3530,晶相光,listed,61.5,62.4,59.5,59.5,-1.8,-2.9364,176653,10675591,345,TWSE,common_stock,true,false,false,false,false,false,false,false,true,
2025-10-14,3532,台勝科,listed,107.5,110.0,99.5,99.8,-5.2,-4.9524,7305112,761774005,4103,TWSE,common_stock,true,false,false,false,false,false,false,false,true,
2025-10-14,3533,嘉澤,listed,1480.0,1485.0,1425.0,1425.0,-35.0,-2.3973,1657597,2404049627,2620,TWSE,common_stock,true,false,false,false,false,false,false,false,true,
2025-10-14,3535,晶彩科,listed,82.1,84.5,77.7,78.3,-2.6,-3.2138,10093091,817774166,10728,TWSE,common_stock,true,false,false,false,false,false,false,false,true,
2025-10-14,3543,州巧,listed,35.85,36.1,34.7,34.7,-0.75,-2.1157,933744,32918179,813,TWSE,common_stock,true,false,false,false,false,false,false,false,true,
2025-10-14,3545,敦泰,listed,63.1,63.7,61.1,61.2,-0.7,-1.1309,1301256,80810433,1205,TWSE,common_stock,true,false,false,false,false,false,false,false,true,
2025-10-14,3550,聯穎,listed,14.55,14.65,14.15,14.25,-0.15,-1.0417,352294,5044734,234,TWSE,common_stock,true,false,false,false,false,false,false,false,true,
2025-10-14,3557,嘉威,listed,38.95,39.1,38.15,38.2,-0.7,-1.7995,97608,3755483,145,TWSE,common_stock,true,false,false,false,false,false,false,false,true,
2025-10-14,3563,牧德,listed,515.0,533.0,505.0,505.0,-2.0,-0.3945,950707,494296204,1656,TWSE,common_stock,true,false,false,false,false,false,false,false,true,
2025-10-14,3576,聯合再生,listed,6.36,6.43,6.24,6.26,-0.1,-1.5723,3702068,23416361,1733,TWSE,common_stock,true,false,false,false,false,false,false,false,true,
2025-10-14,3583,辛耘,listed,384.0,390.0,365.0,365.0,-12.0,-3.183,1582266,594883162,2755,TWSE,common_stock,true,false,false,false,false,false,false,false,true,
2025-10-14,3588,通嘉,listed,49.7,50.3,48.25,48.4,-0.45,-0.9212,323632,15885318,351,TWSE,common_stock,true,false,false,false,false,false,false,false,true,
2025-10-14,3591,艾笛森,listed,18.1,18.3,17.6,17.6,-0.5,-2.7624,663320,11951672,298,TWSE,common_stock,true,false,false,false,false,false,false,false,true,
2025-10-14,3592,瑞鼎,listed,268.0,271.0,258.5,258.5,-7.0,-2.6365,358896,94900091,751,TWSE,common_stock,true,false,false,false,false,false,false,false,true,
2025-10-14,3593,力銘,listed,6.72,7.19,6.72,6.8,-0.45,-6.2069,31993,217798,22,TWSE,common_stock,true,false,false,false,false,false,false,false,true,
2025-10-14,3596,智易,listed,210.0,213.5,202.5,202.5,-7.5,-3.5714,1053264,217806856,1277,TWSE,common_stock,true,false,false,false,false,false,false,false,true,
2025-10-14,3605,宏致,listed,68.6,70.5,66.9,67.1,-0.8,-1.1782,3125719,214304196,3052,TWSE,common_stock,true,false,false,false,false,false,false,false,true,
2025-10-14,3607,谷崧,listed,13.5,13.6,13.35,13.35,-0.05,-0.3731,193032,2589443,132,TWSE,common_stock,true,false,false,false,false,false,false,false,true,
2025-10-14,3617,碩天,listed,239.5,240.0,230.5,230.5,-8.5,-3.5565,470479,110677795,822,TWSE,common_stock,true,false,false,false,false,false,false,false,true,
2025-10-14,3622,洋華,listed,54.7,56.5,54.7,54.9,0.3,0.5495,477616,26554599,571,TWSE,common_stock,true,false,false,false,false,false,false,false,true,
2025-10-14,3645,達邁,listed,62.3,63.9,60.2,60.5,-1.3,-2.1036,2251978,139364548,2173,TWSE,common_stock,true,false,false,false,false,false,false,false,true,
2025-10-14,3652,精聯,listed,30.25,30.25,29.8,30.0,-0.35,-1.1532,34128,1021990,45,TWSE,common_stock,true,false,false,false,false,false,false,false,true,
2025-10-14,3653,健策,listed,2240.0,2305.0,2180.0,2195.0,-30.0,-1.3483,1303836,2913436560,3519,TWSE,common_stock,true,false,false,false,false,false,false,false,true,
2025-10-14,3661,世芯-KY,listed,3145.0,3295.0,3035.0,3075.0,-295.0,-8.7537,5571573,17499578780,38382,TWSE,common_stock,true,false,false,false,false,false,false,false,true,
2025-10-14,3665,貿聯-KY,listed,1155.0,1200.0,1115.0,1125.0,30.0,2.7397,6050203,7050931570,8517,TWSE,common_stock,true,false,false,false,false,false,false,false,true,
2025-10-14,3669,圓展,listed,29.95,30.15,29.3,29.3,-0.65,-2.1703,77644,2312948,99,TWSE,common_stock,true,false,false,false,false,false,false,false,true,
2025-10-14,3673,TPK-KY,listed,38.35,38.7,36.75,36.75,-1.55,-4.047,2227714,83413439,1510,TWSE,common_stock,true,false,false,false,false,false,false,false,true,
2025-10-14,3679,新至陞,listed,115.0,120.0,115.0,118.0,3.0,2.6087,123716,14607903,182,TWSE,common_stock,true,false,false,false,false,false,false,false,true,
2025-10-14,3686,達能,listed,18.25,18.6,17.85,17.85,-0.4,-2.1918,393585,7153272,206,TWSE,common_stock,true,false,false,false,false,false,false,false,true,
2025-10-14,3694,海華,listed,75.6,76.3,73.5,73.5,-1.5,-2.0,1527486,114418904,1778,TWSE,common_stock,true,false,false,false,false,false,false,false,true,
2025-10-14,3701,大眾控,listed,37.8,38.4,36.5,36.6,-1.4,-3.6842,701083,26186637,644,TWSE,common_stock,true,false,false,false,false,false,false,false,true,
2025-10-14,3702,大聯大,listed,61.6,62.2,60.7,60.9,-0.6,-0.9756,7349530,450744552,4242,TWSE,common_stock,true,false,false,false,false,false,false,false,true,
2025-10-14,3703,欣陸,listed,21.85,22.0,21.25,21.3,-0.55,-2.5172,2371438,51291200,1780,TWSE,common_stock,true,false,false,false,false,false,false,false,true,
2025-10-14,3704,合勤控,listed,33.1,33.3,31.0,31.3,-1.55,-4.7184,3935104,125500998,2331,TWSE,common_stock,true,false,false,false,false,false,false,false,true,
2025-10-14,3705,永信,listed,59.3,59.6,58.9,59.0,-0.4,-0.6734,898246,53158050,722,TWSE,common_stock,true,false,false,false,false,false,false,false,true,
2025-10-14,3706,神達,listed,98.0,100.5,90.0,91.2,-5.2,-5.3942,157059830,14935469214,119343,TWSE,common_stock,true,false,false,false,false,false,false,false,true,
2025-10-14,3708,上緯投控,listed,117.5,119.0,112.0,113.0,-3.0,-2.5862,3628893,419363407,2919,TWSE,common_stock,true,false,false,false,false,false,false,false,true,
2025-10-14,3711,日月光投控,listed,175.0,176.5,168.5,169.5,-3.5,-2.0231,26312905,4544215029,13426,TWSE,common_stock,true,false,false,false,false,false,false,false,true,
2025-10-14,3712,永崴投控,listed,37.75,39.5,37.25,38.35,1.15,3.0914,10990572,420326861,7218,TWSE,common_stock,true,false,false,false,false,false,false,false,true,
2025-10-14,3714,富采,listed,37.6,38.2,36.4,36.5,-0.85,-2.2758,2503254,92930706,1666,TWSE,common_stock,true,false,false,false,false,false,false,false,true,
2025-10-14,3715,定穎投控,listed,103.0,105.0,92.6,93.8,-7.7,-7.5862,56647075,5491992228,40971,TWSE,common_stock,true,false,false,false,false,false,false,false,true,
2025-10-14,3716,中化控股,listed,33.3,33.7,33.3,33.5,0.2,0.6006,143221,4799263,216,TWSE,common_stock,true,false,false,false,false,false,false,false,true,
2025-10-14,3717,聯嘉投控,listed,21.05,21.3,20.25,20.25,-0.65,-3.11,551978,11402051,439,TWSE,common_stock,true,false,false,false,false,false,false,false,true,
2025-10-14,4104,佳醫,listed,85.1,85.1,84.7,85.0,-0.1,-0.1175,258929,21984624,358,TWSE,common_stock,true,false,false,false,false,false,false,false,true,
2025-10-14,4106,雃博,listed,21.75,21.9,21.4,21.7,0.0,0.0,144078,3114374,196,TWSE,common_stock,true,false,false,false,false,false,false,false,true,
2025-10-14,4108,懷特,listed,14.95,14.95,14.5,14.5,-0.3,-2.027,149922,2198897,211,TWSE,common_stock,true,false,false,false,false,false,false,false,true,
2025-10-14,4119,旭富,listed,59.8,59.8,58.3,58.3,-0.6,-1.0187,82267,4830775,217,TWSE,common_stock,true,false,false,false,false,false,false,false,true,
2025-10-14,4133,亞諾法,listed,26.0,26.0,25.5,25.5,-0.5,-1.9231,42629,1097677,137,TWSE,common_stock,true,false,false,false,false,false,false,false,true,
2025-10-14,4137,麗豐-KY,listed,99.9,102.0,99.9,100.0,1.8,1.833,241302,24334355,275,TWSE,common_stock,true,false,false,false,false,false,false,false,true,
2025-10-14,4142,國光生,listed,18.3,18.55,18.05,18.15,-0.2,-1.0899,1709300,31277923,914,TWSE,common_stock,true,false,false,false,false,false,false,false,true,
2025-10-14,4148,全宇生技-KY,listed,40.25,40.7,40.0,40.0,-0.6,-1.4778,21278,857518,35,TWSE,common_stock,true,false,false,false,false,false,false,false,true,
2025-10-14,4155,訊映,listed,14.7,14.75,14.45,14.7,0.05,0.3413,352517,5158342,577,TWSE,common_stock,true,false,false,false,false,false,false,false,true,
2025-10-14,4164,承業醫,listed,46.9,47.15,44.25,44.45,-2.1,-4.5113,2786058,126152515,2068,TWSE,common_stock,true,false,false,false,false,false,false,false,true,
2025-10-14,4190,佐登-KY,listed,33.55,33.65,33.3,33.45,0.2,0.6015,28891,966084,78,TWSE,common_stock,true,false,false,false,false,false,false,false,true,
2025-10-14,4306,炎洲,listed,13.6,13.65,13.3,13.35,-0.2,-1.476,1316356,17738725,1349,TWSE,common_stock,true,false,false,false,false,false,false,false,true,
2025-10-14,4414,如興,listed,11.3,11.35,10.65,10.75,-0.45,-4.0179,645982,7088690,427,TWSE,common_stock,true,false,false,false,false,false,false,false,true,
2025-10-14,4426,利勤,listed,10.4,10.4,10.2,10.2,0.05,0.4926,36898,378346,35,TWSE,common_stock,true,false,false,false,false,false,false,false,true,
2025-10-14,4438,廣越,listed,65.7,66.2,64.5,64.5,-1.3,-1.9757,241125,15761527,262,TWSE,common_stock,true,false,false,false,false,false,false,false,true,
2025-10-14,4439,冠星-KY,listed,93.3,93.3,90.5,91.1,0.0,0.0,14016,1275155,23,TWSE,common_stock,true,false,false,false,false,false,false,false,true,
2025-10-14,4440,宜新實業,listed,20.75,21.0,19.7,19.95,0.0,0.0,746026,15227763,440,TWSE,common_stock,true,false,false,false,false,false,false,false,true,
2025-10-14,4441,振大環球,listed,268.0,269.5,256.0,256.0,-10.5,-3.94,163629,42918623,218,TWSE,common_stock,true,false,false,false,false,false,false,false,true,
2025-10-14,4526,東台,listed,33.7,34.5,32.75,32.95,-0.35,-1.0511,2445437,82042885,1637,TWSE,common_stock,true,false,false,false,false,false,false,false,true,
2025-10-14,4532,瑞智,listed,24.7,24.9,24.05,24.1,-0.4,-1.6327,2540539,62064673,1463,TWSE,common_stock,true,false,false,false,false,false,false,false,true,
2025-10-14,4536,拓凱,listed,188.0,191.0,184.0,185.5,-2.5,-1.3298,418376,78264658,462,TWSE,common_stock,true,false,false,false,false,false,false,false,true,
2025-10-14,4540,全球傳動,listed,40.55,41.5,39.85,39.95,-0.15,-0.3741,1230250,50081643,918,TWSE,common_stock,true,false,false,false,false,false,false,false,true,
2025-10-14,4545,銘鈺,listed,33.35,33.7,32.15,32.75,-0.3,-0.9077,147974,4894435,144,TWSE,common_stock,true,false,false,false,false,false,false,false,true,
2025-10-14,4551,智伸科,listed,152.0,158.0,148.0,148.0,-0.5,-0.3367,1955124,298473098,1923,TWSE,common_stock,true,false,false,false,false,false,false,false,true,
2025-10-14,4552,力達-KY,listed,22.55,22.85,22.55,22.55,-0.05,-0.2212,63920,1448593,66,TWSE,common_stock,true,false,false,false,false,false,false,false,true,
2025-10-14,4555,氣立,listed,46.95,47.9,45.9,46.7,0.3,0.6466,951931,44678547,939,TWSE,common_stock,true,false,false,false,false,false,false,false,true,
2025-10-14,4557,永新-KY,listed,70.4,71.5,69.5,69.7,-0.2,-0.2861,296821,20872185,301,TWSE,common_stock,true,false,false,false,false,false,false,false,true,
2025-10-14,4560,強信-KY,listed,32.6,32.6,31.6,31.8,-0.15,-0.4695,261623,8372122,171,TWSE,common_stock,true,false,false,false,false,false,false,false,true,
2025-10-14,4562,穎漢,listed,41.8,43.3,41.65,41.7,0.05,0.12,631156,26821749,522,TWSE,common_stock,true,false,false,false,false,false,false,false,true,
2025-10-14,4564,元翎,listed,19.4,19.9,18.95,19.15,-0.05,-0.2604,1277113,24547355,794,TWSE,common_stock,true,false,false,false,false,false,false,false,true,
2025-10-14,4566,時碩工業,listed,55.7,58.5,55.7,56.7,1.4,2.5316,1329757,75911492,1225,TWSE,common_stock,true,false,false,false,false,false,false,false,true,
2025-10-14,4569,六方科-KY,listed,158.5,159.0,152.0,154.0,-2.0,-1.2821,51672,7984117,73,TWSE,common_stock,true,false,false,false,false,false,false,false,true,
2025-10-14,4571,鈞興-KY,listed,167.0,170.5,160.5,162.0,-3.0,-1.8182,678921,112116751,781,TWSE,common_stock,true,false,false,false,false,false,false,false,true,
2025-10-14,4572,駐龍,listed,172.0,173.0,164.5,165.0,-6.0,-3.5088,231471,38911053,255,TWSE,common_stock,true,false,false,false,false,false,false,false,true,
2025-10-14,4576,大銀微系統,listed,116.0,116.5,108.5,109.0,-5.0,-4.386,917005,102219749,1141,TWSE,common_stock,true,false,false,false,false,false,false,false,true,
2025-10-14,4581,光隆精密-KY,listed,53.6,53.6,53.1,53.2,-1.0,-1.845,29000,1545700,25,TWSE,common_stock,true,false,false,false,false,false,false,false,true,
2025-10-14,4583,台灣精銳,listed,629.0,635.0,595.0,595.0,-28.0,-4.4944,260622,159215756,1464,TWSE,common_stock,true,false,false,false,false,false,false,false,true,
2025-10-14,4585,達明,listed,417.0,417.0,393.0,393.5,-20.5,-4.9517,970815,391577789,4348,TWSE,common_stock,true,false,false,false,false,false,false,false,true,
2025-10-14,4588,玖鼎電力,listed,59.9,61.0,59.8,60.0,0.2,0.3344,46561,2795027,71,TWSE,common_stock,true,false,false,false,false,false,false,false,true,
2025-10-14,4720,德淵,listed,15.25,15.4,14.75,15.0,-0.2,-1.3158,410742,6187722,186,TWSE,common_stock,true,false,false,false,false,false,false,false,true,
2025-10-14,4722,國精化,listed,207.5,207.5,191.0,192.0,-12.0,-5.8824,1509314,296452267,1252,TWSE,common_stock,true,false,false,false,false,false,false,false,true,
2025-10-14,4736,泰博,listed,118.0,118.5,116.0,116.5,-0.5,-0.4274,230861,27026950,368,TWSE,common_stock,true,false,false,false,false,false,false,false,true,
2025-10-14,4737,華廣,listed,65.0,65.4,61.0,64.0,-1.0,-1.5385,138012,8677773,86,TWSE,common_stock,true,false,false,false,false,false,false,false,true,
2025-10-14,4739,康普,listed,70.3,75.1,67.6,67.6,-2.5,-3.5663,5869229,415468721,7282,TWSE,common_stock,true,false,false,false,false,false,false,false,true,
2025-10-14,4746,台耀,listed,63.4,64.2,62.9,62.9,-0.4,-0.6319,458674,29139967,415,TWSE,common_stock,true,false,false,false,false,false,false,false,true,
2025-10-14,4755,三福化,listed,121.0,123.5,117.0,118.0,-1.5,-1.2552,220549,26336846,2244,TWSE,common_stock,true,false,false,false,false,false,false,false,true,
2025-10-14,4763,材料*-KY,listed,60.9,61.5,59.4,59.5,-1.2,-1.9769,7285391,439972753,5897,TWSE,common_stock,true,false,false,false,false,false,false,false,true,
2025-10-14,4764,雙鍵,listed,42.0,42.0,40.75,41.0,-0.4,-0.9662,24128,991991,25,TWSE,common_stock,true,false,false,false,false,false,false,false,true,
2025-10-14,4766,南寶,listed,385.5,388.0,364.5,365.0,-13.0,-3.4392,1135750,423849713,2055,TWSE,common_stock,true,false,false,false,false,false,false,false,true,
2025-10-14,4770,上品,listed,277.0,278.0,260.0,260.5,-12.0,-4.4037,1345284,360180915,2090,TWSE,common_stock,true,false,false,false,false,false,false,false,true,
2025-10-14,4771,望隼,listed,180.0,180.0,174.0,175.0,-3.0,-1.6854,130554,23043072,143,TWSE,common_stock,true,false,false,false,false,false,false,false,true,
2025-10-14,4807,日成-KY,listed,18.55,19.35,18.1,18.1,0.5,2.8409,203114,3843189,246,TWSE,common_stock,true,false,false,false,false,false,false,false,true,
2025-10-14,4904,遠傳,listed,91.1,92.7,91.0,91.6,0.4,0.4386,9685580,891657928,5312,TWSE,common_stock,true,false,false,false,false,false,false,false,true,
2025-10-14,4906,正文,listed,25.75,26.15,24.85,24.85,-0.9,-3.4951,3662394,93150313,2095,TWSE,common_stock,true,false,false,false,false,false,false,false,true,
2025-10-14,4912,聯德控股-KY,listed,81.1,82.7,79.5,79.5,-0.4,-0.5006,337652,27310700,549,TWSE,common_stock,true,false,false,false,false,false,false,false,true,
2025-10-14,4915,致伸,listed,77.0,77.6,74.6,74.7,-1.4,-1.8397,3981048,302785746,2584,TWSE,common_stock,true,false,false,false,false,false,false,false,true,
2025-10-14,4916,事欣科,listed,59.8,60.9,54.5,55.8,-2.8,-4.7782,8471798,489698362,5897,TWSE,common_stock,true,false,false,false,false,false,false,false,true,
2025-10-14,4919,新唐,listed,61.5,62.8,59.8,60.2,-0.9,-1.473,1944836,118985466,2184,TWSE,common_stock,true,false,false,false,false,false,false,false,true,
2025-10-14,4927,泰鼎-KY,listed,24.2,24.6,22.65,22.65,-1.2,-5.0314,10024857,234998146,4597,TWSE,common_stock,true,false,false,false,false,false,false,false,true,
2025-10-14,4930,燦星網,listed,22.9,22.9,22.75,22.75,-0.1,-0.4376,28582,652591,183,TWSE,common_stock,true,false,false,false,false,false,false,false,true,
2025-10-14,4934,太極,listed,14.5,15.5,14.45,14.65,0.0,0.0,1484714,21986430,837,TWSE,common_stock,true,false,false,false,false,false,false,false,true,
2025-10-14,4935,茂林-KY,listed,43.7,43.7,43.25,43.25,0.0,0.0,39048,1698983,32,TWSE,common_stock,true,false,false,false,false,false,false,false,true,
2025-10-14,4938,和碩,listed,71.8,73.0,70.8,70.8,-1.0,-1.3928,8915445,638925305,4870,TWSE,common_stock,true,false,false,false,false,false,false,false,true,
2025-10-14,4942,嘉彰,listed,36.55,36.55,35.95,35.95,-0.15,-0.4155,74455,2689242,75,TWSE,common_stock,true,false,false,false,false,false,false,false,true,
2025-10-14,4943,康控-KY,listed,10.2,10.85,10.2,10.85,0.98,9.9291,177950,1912955,124,TWSE,common_stock,true,false,false,false,false,false,false,false,true,
2025-10-14,4949,有成精密,listed,39.05,40.2,38.15,38.3,-0.2,-0.5195,455226,17778642,349,TWSE,common_stock,true,false,false,false,false,false,false,false,true,
2025-10-14,4952,凌通,listed,39.7,39.7,38.65,38.65,-0.35,-0.8974,177805,6961224,199,TWSE,common_stock,true,false,false,false,false,false,false,false,true,
2025-10-14,4956,光鋐,listed,19.6,20.15,19.3,19.4,-0.15,-0.7673,578874,11407052,427,TWSE,common_stock,true,false,false,false,false,false,false,false,true,
2025-10-14,4958,臻鼎-KY,listed,160.0,160.5,144.5,145.5,-14.0,-8.7774,29003225,4348226702,21703,TWSE,common_stock,true,false,false,false,false,false,false,false,true,
2025-10-14,4960,誠美材,listed,14.3,14.4,14.0,14.0,-0.2,-1.4085,1210068,17092177,577,TWSE,common_stock,true,false,false,false,false,false,false,false,true,
2025-10-14,4961,天鈺,listed,162.0,166.0,159.0,161.0,0.0,0.0,458998,74365973,727,TWSE,common_stock,true,false,false,false,false,false,false,false,true,
2025-10-14,4967,十銓,listed,132.0,136.0,120.0,121.0,-4.0,-3.2,65301791,8453094862,40693,TWSE,common_stock,true,false,false,false,false,false,false,false,true,
2025-10-14,4968,立積,listed,158.5,160.5,150.0,150.5,-5.0,-3.2154,3646963,562768671,3754,TWSE,common_stock,true,false,false,false,false,false,false,false,true,
2025-10-14,4976,佳凌,listed,36.55,36.95,35.1,35.2,-1.3,-3.5616,1571522,56259275,1034,TWSE,common_stock,true,false,false,false,false,false,false,false,true,
2025-10-14,4977,眾達-KY,listed,117.0,119.5,106.5,107.5,-4.5,-4.0179,5301795,598451476,4416,TWSE,common_stock,true,false,false,false,false,false,false,false,true,
2025-10-14,4989,榮科,listed,41.05,41.05,37.5,37.5,-4.15,-9.964,11450273,441849886,7160,TWSE,common_stock,true,false,false,false,false,false,false,false,true,
2025-10-14,4994,傳奇,listed,98.0,99.8,98.0,98.7,0.7,0.7143,17499,1726612,28,TWSE,common_stock,true,false,false,false,false,false,false,false,true,
2025-10-14,4999,鑫禾,listed,25.5,25.95,24.8,25.25,-0.45,-1.751,99574,2525551,193,TWSE,common_stock,true,false,false,false,false,false,false,false,true,
2025-10-14,5007,三星,listed,50.7,51.5,50.7,51.2,0.3,0.5894,60091,3071921,48,TWSE,common_stock,true,false,false,false,false,false,false,false,true,
2025-10-14,5203,訊連,listed,95.4,96.6,93.5,93.7,-1.4,-1.4721,257097,24327239,284,TWSE,common_stock,true,false,false,false,false,false,false,false,true,
2025-10-14,5215,科嘉-KY,listed,34.3,34.4,34.2,34.4,0.3,0.8798,22020,754088,18,TWSE,common_stock,true,false,false,false,false,false,false,false,true,
2025-10-14,5222,全訊,listed,158.0,163.0,150.0,150.5,-4.5,-2.9032,6669151,1044263951,11055,TWSE,common_stock,true,false,false,false,false,false,false,false,true,
2025-10-14,5225,東科-KY,listed,109.5,109.5,105.0,105.5,-2.5,-2.3148,837917,89759396,747,TWSE,common_stock,true,false,false,false,false,false,false,false,true,
2025-10-14,5234,達興材料,listed,378.0,395.0,369.0,370.5,-4.5,-1.2,1810436,693422944,2512,TWSE,common_stock,true,false,false,false,false,false,false,false,true,
2025-10-14,5243,乙盛-KY,listed,73.5,74.1,69.4,70.0,-2.6,-3.5813,1842545,130951886,1648,TWSE,common_stock,true,false,false,false,false,false,false,false,true,
2025-10-14,5244,弘凱,listed,41.4,41.9,40.5,40.5,-0.7,-1.699,322090,13234433,260,TWSE,common_stock,true,false,false,false,false,false,false,false,true,
2025-10-14,5258,虹堡,listed,75.8,76.9,73.2,73.2,-2.6,-3.4301,301426,22638107,1152,TWSE,common_stock,true,false,false,false,false,false,false,false,true,
2025-10-14,5269,祥碩,listed,1500.0,1540.0,1435.0,1440.0,-35.0,-2.3729,887727,1324605800,2994,TWSE,common_stock,true,false,false,false,false,false,false,false,true,
2025-10-14,5283,禾聯碩,listed,66.4,66.4,63.5,63.8,-2.7,-4.0602,355619,23018805,524,TWSE,common_stock,true,false,false,false,false,false,false,false,true,
2025-10-14,5284,jpp-KY,listed,291.0,293.5,275.0,277.0,-11.0,-3.8194,1927309,543340989,2799,TWSE,common_stock,true,false,false,false,false,false,false,false,true,
2025-10-14,5285,界霖,listed,53.7,53.7,49.85,49.85,-3.25,-6.1205,511796,26402010,507,TWSE,common_stock,true,false,false,false,false,false,false,false,true,
2025-10-14,5288,豐祥-KY,listed,115.5,116.5,114.5,114.5,0.0,0.0,65824,7595079,91,TWSE,common_stock,true,false,false,false,false,false,false,false,true,
2025-10-14,5292,華懋,listed,151.5,153.0,148.0,149.5,-1.5,-0.9934,174735,26217458,276,TWSE,common_stock,true,false,false,false,false,false,false,false,true,
2025-10-14,5306,桂盟,listed,91.5,93.5,91.5,93.0,1.5,1.6393,429671,39891288,682,TWSE,common_stock,true,false,false,false,false,false,false,false,true,
2025-10-14,5388,中磊,listed,99.1,100.5,96.0,96.4,-2.0,-2.0325,1317553,128689414,1637,TWSE,common_stock,true,false,false,false,false,false,false,false,true,
2025-10-14,5434,崇越,listed,319.5,332.0,315.5,315.5,0.0,0.0,1704220,551613646,4587,TWSE,common_stock,true,false,false,false,false,false,false,false,true,
2025-10-14,5469,瀚宇博,listed,89.0,92.3,86.5,86.7,-2.1,-2.3649,9208407,817998721,7211,TWSE,common_stock,true,false,false,false,false,false,false,false,true,
2025-10-14,5471,松翰,listed,36.65,37.2,36.1,36.1,-0.15,-0.4138,334583,12256940,319,TWSE,common_stock,true,false,false,false,false,false,false,false,true,
2025-10-14,5484,慧友,listed,40.05,40.9,39.65,39.8,-0.15,-0.3755,270133,10880738,327,TWSE,common_stock,true,false,false,false,false,false,false,false,true,
2025-10-14,5515,建國,listed,25.1,25.8,25.0,25.15,0.0,0.0,720683,18226718,526,TWSE,common_stock,true,false,false,false,false,false,false,false,true,
2025-10-14,5519,隆大,listed,28.05,28.4,27.8,27.85,-0.25,-0.8897,377944,10614761,396,TWSE,common_stock,true,false,false,false,false,false,false,false,true,
2025-10-14,5521,工信,listed,11.75,11.95,11.6,11.7,-0.05,-0.4255,1225759,14446527,547,TWSE,common_stock,true,false,false,false,false,false,false,false,true,
2025-10-14,5522,遠雄,listed,58.8,59.3,57.5,57.5,-1.3,-2.2109,1180523,69020131,1247,TWSE,common_stock,true,false,false,false,false,false,false,false,true,
2025-10-14,5525,順天,listed,28.1,28.55,28.0,28.35,-0.05,-0.1761,61040,1728284,42,TWSE,common_stock,true,false,false,false,false,false,false,false,true,
2025-10-14,5531,鄉林,listed,9.08,9.11,9.03,9.07,-0.01,-0.1101,432375,3919540,182,TWSE,common_stock,true,false,false,false,false,false,false,false,true,
2025-10-14,5533,皇鼎,listed,14.6,14.6,14.55,14.55,0.0,0.0,375523,5479801,141,TWSE,common_stock,true,false,false,false,false,false,false,false,true,
2025-10-14,5534,長虹,listed,77.5,79.0,77.2,77.6,0.3,0.3881,795508,62159400,1249,TWSE,common_stock,true,false,false,false,false,false,false,false,true,
2025-10-14,5538,東明-KY,listed,29.4,29.45,29.25,29.25,-0.2,-0.6791,40000,1177250,15,TWSE,common_stock,true,false,false,false,false,false,false,false,true,
2025-10-14,5546,永固-KY,listed,24.25,24.8,23.95,24.75,0.15,0.6098,19066,466033,12,TWSE,common_stock,true,false,false,false,false,false,false,false,true,
2025-10-14,5607,遠雄港,listed,50.4,51.5,49.7,49.7,0.05,0.1007,421208,21212366,1169,TWSE,common_stock,true,false,false,false,false,false,false,false,true,
2025-10-14,5608,四維航,listed,17.85,18.95,17.85,18.95,1.7,9.8551,21322812,399725116,9427,TWSE,common_stock,true,false,false,false,false,false,false,false,true,
2025-10-14,5706,鳳凰,listed,52.5,52.5,51.5,51.6,-0.3,-0.578,145074,7542300,257,TWSE,common_stock,true,false,false,false,false,false,false,false,true,
2025-10-14,5871,中租-KY,listed,106.5,110.5,105.5,106.5,1.0,0.9479,7061206,762413819,5463,TWSE,common_stock,true,false,false,false,false,false,false,false,true,
2025-10-14,5871A,中租-KY甲特,listed,102.0,102.0,101.5,101.5,-0.5,-0.4902,105686,10740035,47,TWSE,warrant,false,false,true,false,false,false,false,false,false,security_type=warrant;symbol_not_4_digit
2025-10-14,5876,上海商銀,listed,41.1,41.7,41.1,41.4,0.25,0.6075,4761323,197387650,2455,TWSE,common_stock,true,false,false,false,false,false,false,false,true,
2025-10-14,5880,合庫金,listed,23.85,24.15,23.85,23.95,0.1,0.4193,12399162,297843103,4246,TWSE,common_stock,true,false,false,false,false,false,false,false,true,
2025-10-14,5906,台南-KY,listed,49.1,52.0,49.1,52.0,2.2,4.4177,3387,171695,8,TWSE,common_stock,true,false,false,false,false,false,false,false,true,
2025-10-14,5907,大洋-KY,listed,5.94,5.95,5.88,5.88,-0.02,-0.339,122510,724817,67,TWSE,common_stock,true,false,false,false,false,false,false,false,true,
2025-10-14,6005,群益證,listed,25.0,25.25,24.45,24.5,-0.4,-1.6064,7483173,185456026,3487,TWSE,etf,false,true,false,false,false,false,false,false,false,security_type=etf
2025-10-14,6024,群益期,listed,48.75,49.0,48.55,48.6,-0.1,-0.2053,232762,11360743,249,TWSE,etf,false,true,false,false,false,false,false,false,false,security_type=etf
2025-10-14,6108,競國,listed,15.2,15.3,14.75,14.95,-0.15,-0.9934,381105,5720082,247,TWSE,common_stock,true,false,false,false,false,false,false,false,true,
2025-10-14,6112,邁達特,listed,51.7,51.7,49.75,49.85,-1.05,-2.0629,1015540,51323910,933,TWSE,common_stock,true,false,false,false,false,false,false,false,true,
2025-10-14,6115,鎰勝,listed,47.45,47.5,46.95,47.2,-0.1,-0.2114,86314,4073358,90,TWSE,common_stock,true,false,false,false,false,false,false,false,true,
2025-10-14,6116,彩晶,listed,8.01,8.18,7.75,7.75,-0.23,-2.8822,10934821,86302059,3260,TWSE,common_stock,true,false,false,false,false,false,false,false,true,
2025-10-14,6117,迎廣,listed,81.0,82.1,79.2,79.5,-0.9,-1.1194,549272,44269771,527,TWSE,common_stock,true,false,false,false,false,false,false,false,true,
2025-10-14,6120,達運,listed,12.1,12.2,11.55,11.6,-0.45,-3.7344,1327508,15641193,1230,TWSE,common_stock,true,false,false,false,false,false,false,false,true,
2025-10-14,6128,上福,listed,28.15,28.3,28.0,28.05,-0.05,-0.1779,68544,1930308,55,TWSE,common_stock,true,false,false,false,false,false,false,false,true,
2025-10-14,6133,金橋,listed,16.75,17.05,16.5,16.6,0.0,0.0,350074,5875667,239,TWSE,common_stock,true,false,false,false,false,false,false,false,true,
2025-10-14,6136,富爾特,listed,23.95,24.0,23.4,23.4,-0.5,-2.0921,154659,3671196,181,TWSE,common_stock,true,false,false,false,false,false,false,false,true,
2025-10-14,6139,亞翔,listed,437.0,444.0,410.0,410.0,-14.0,-3.3019,12126699,5150442424,13710,TWSE,common_stock,true,false,false,false,false,false,false,false,true,
2025-10-14,6141,柏承,listed,12.05,12.1,11.65,11.65,-0.35,-2.9167,304951,3600640,188,TWSE,common_stock,true,false,false,false,false,false,false,false,true,
2025-10-14,6142,友勁,listed,9.92,9.99,9.58,9.65,-0.2,-2.0305,402287,3919862,292,TWSE,common_stock,true,false,false,false,false,false,false,false,true,
2025-10-14,6152,百一,listed,9.17,9.17,8.9,8.9,-0.25,-2.7322,561974,5065013,327,TWSE,common_stock,true,false,false,false,false,false,false,false,true,
2025-10-14,6153,嘉聯益,listed,14.7,14.85,14.0,14.0,-0.45,-3.1142,3987057,57251065,1756,TWSE,common_stock,true,false,false,false,false,false,false,false,true,
2025-10-14,6155,鈞寶,listed,23.9,24.0,23.2,23.2,-0.8,-3.3333,271611,6392037,234,TWSE,common_stock,true,false,false,false,false,false,false,false,true,
2025-10-14,6164,華興,listed,10.05,10.05,9.92,9.92,-0.03,-0.3015,119014,1187486,206,TWSE,common_stock,true,false,false,false,false,false,false,false,true,
2025-10-14,6165,浪凡,listed,54.8,55.0,53.0,53.1,-0.7,-1.3011,535490,28944951,590,TWSE,common_stock,true,false,false,false,false,false,false,false,true,
2025-10-14,6166,凌華,listed,60.7,61.4,59.0,59.2,0.2,0.339,706427,42656492,628,TWSE,common_stock,true,false,false,false,false,false,false,false,true,
2025-10-14,6168,宏齊,listed,20.9,21.15,20.1,20.15,-0.55,-2.657,676582,13956450,432,TWSE,common_stock,true,false,false,false,false,false,false,false,true,
2025-10-14,6176,瑞儀,listed,136.5,137.5,134.0,134.0,-2.0,-1.4706,1411411,191263066,1849,TWSE,common_stock,true,false,false,false,false,false,false,false,true,
2025-10-14,6177,達麗,listed,47.35,47.8,46.25,46.3,-0.95,-2.0106,1756273,82240642,4286,TWSE,common_stock,true,false,false,false,false,false,false,false,true,
2025-10-14,6183,關貿,listed,98.0,99.0,97.9,98.4,-0.4,-0.4049,33640,3313965,75,TWSE,common_stock,true,false,false,false,false,false,false,false,true,
2025-10-14,6184,大豐電,listed,49.0,49.0,48.7,48.75,-0.1,-0.2047,231278,11282649,189,TWSE,common_stock,true,false,false,false,false,false,false,false,true,
2025-10-14,6189,豐藝,listed,47.8,49.0,47.8,48.1,0.7,1.4768,561778,27247620,815,TWSE,common_stock,true,false,false,false,false,false,false,false,true,
2025-10-14,6191,精成科,listed,115.0,115.5,106.0,107.0,-5.5,-4.8889,17445090,1914716638,11163,TWSE,common_stock,true,false,false,false,false,false,false,false,true,
2025-10-14,6192,巨路,listed,101.5,102.0,99.3,99.3,-1.2,-1.194,219932,22082270,705,TWSE,common_stock,true,false,false,false,false,false,false,false,true,
2025-10-14,6196,帆宣,listed,248.0,257.5,240.5,240.5,-3.0,-1.232,2446898,612771307,2586,TWSE,common_stock,true,false,false,false,false,false,false,false,true,
2025-10-14,6197,佳必琪,listed,163.0,168.5,160.0,160.5,-0.5,-0.3106,1957875,321693196,2646,TWSE,common_stock,true,false,false,false,false,false,false,false,true,
2025-10-14,6201,亞弘電,listed,56.4,56.7,56.4,56.5,0.1,0.1773,16220,918330,17,TWSE,common_stock,true,false,false,false,false,false,false,false,true,
2025-10-14,6202,盛群,listed,40.5,41.1,39.1,39.2,-0.6,-1.5075,766837,30666429,745,TWSE,common_stock,true,false,false,false,false,false,false,false,true,
2025-10-14,6205,詮欣,listed,41.45,41.45,40.1,40.1,-0.65,-1.5951,176584,7171265,133,TWSE,common_stock,true,false,false,false,false,false,false,false,true,
2025-10-14,6206,飛捷,listed,107.5,109.0,104.0,104.5,-2.5,-2.3364,1067599,113075121,1077,TWSE,common_stock,true,false,false,false,false,false,false,false,true,
2025-10-14,6209,今國光,listed,46.35,46.8,42.9,43.15,-1.1,-2.4859,9225820,409310751,7202,TWSE,common_stock,true,false,false,false,false,false,false,false,true,
2025-10-14,6213,聯茂,listed,103.0,103.5,97.0,97.0,-5.0,-4.902,8662799,859294823,6995,TWSE,common_stock,true,false,false,false,false,false,false,false,true,
2025-10-14,6214,精誠,listed,137.5,137.5,125.0,127.5,-8.0,-5.9041,4985055,653247991,5014,TWSE,common_stock,true,false,false,false,false,false,false,false,true,
2025-10-14,6215,和椿,listed,119.0,121.5,115.0,115.0,-2.5,-2.1277,2815845,333653306,2875,TWSE,common_stock,true,false,false,false,false,false,false,false,true,
2025-10-14,6216,居易,listed,27.35,27.35,26.85,27.05,-0.15,-0.5515,207028,5603272,282,TWSE,common_stock,true,false,false,false,false,false,false,false,true,
2025-10-14,6224,聚鼎,listed,43.25,43.6,42.65,42.7,-0.35,-0.813,216376,9321597,224,TWSE,common_stock,true,false,false,false,false,false,false,false,true,
2025-10-14,6225,天瀚,listed,15.6,15.6,15.2,15.2,-0.1,-0.6536,40334,618321,14,TWSE,common_stock,true,false,false,false,false,false,false,false,true,
2025-10-14,6226,光鼎,listed,6.9,6.9,6.71,6.84,0.01,0.1464,161232,1101076,84,TWSE,common_stock,true,false,false,false,false,false,false,false,true,
2025-10-14,6230,尼得科超眾,listed,138.0,140.5,133.5,133.5,-3.0,-2.1978,193642,26587426,289,TWSE,common_stock,true,false,false,false,false,false,false,false,true,
2025-10-14,6235,華孚,listed,74.6,75.3,70.2,70.5,-3.3,-4.4715,7049568,508474827,6229,TWSE,common_stock,true,false,false,false,false,false,false,false,true,
2025-10-14,6239,力成,listed,155.5,156.5,147.0,147.5,-6.0,-3.9088,10016800,1513326813,7949,TWSE,common_stock,true,false,false,false,false,false,false,false,true,
2025-10-14,6243,迅杰,listed,34.25,34.45,33.0,33.0,-0.7,-2.0772,164307,5523985,203,TWSE,common_stock,true,false,false,false,false,false,false,false,true,
2025-10-14,6257,矽格,listed,89.1,91.3,87.6,87.8,-0.4,-0.4535,3602864,322010516,3861,TWSE,common_stock,true,false,false,false,false,false,false,false,true,
2025-10-14,6269,台郡,listed,66.6,67.4,62.7,62.7,-3.4,-5.1437,2903344,187157599,3586,TWSE,common_stock,true,false,false,false,false,false,false,false,true,
2025-10-14,6271,同欣電,listed,112.0,113.0,107.5,108.0,-2.5,-2.2624,2189034,240257319,1733,TWSE,common_stock,true,false,false,false,false,false,false,false,true,
2025-10-14,6277,宏正,listed,61.6,61.7,61.1,61.1,-0.1,-0.1634,115504,7096809,110,TWSE,common_stock,true,false,false,false,false,false,false,false,true,
2025-10-14,6278,台表科,listed,109.0,109.0,104.5,104.5,-3.0,-2.7907,1791587,190548894,1643,TWSE,common_stock,true,false,false,false,false,false,false,false,true,
2025-10-14,6281,全國電,listed,68.0,68.5,68.0,68.2,-0.1,-0.1464,49110,3356526,77,TWSE,common_stock,true,false,false,false,false,false,false,false,true,
2025-10-14,6282,康舒,listed,33.95,36.1,33.8,36.1,3.25,9.8935,41072390,1465905581,16781,TWSE,common_stock,true,false,false,false,false,false,false,false,true,
2025-10-14,6283,淳安,listed,26.4,26.95,25.55,25.55,-0.4,-1.5414,615984,16243581,441,TWSE,common_stock,true,false,false,false,false,false,false,false,true,
2025-10-14,6285,啟碁,listed,121.0,121.5,116.5,116.5,-3.5,-2.9167,2952973,350452228,2407,TWSE,common_stock,true,false,false,false,false,false,false,false,true,
2025-10-14,6405,悅城,listed,26.4,27.4,26.2,26.45,0.05,0.1894,167587,4488806,129,TWSE,common_stock,true,false,false,false,false,false,false,false,true,
2025-10-14,6409,旭隼,listed,1070.0,1070.0,995.0,995.0,-35.0,-3.3981,1138877,1155298981,2059,TWSE,common_stock,true,false,false,false,false,false,false,false,true,
2025-10-14,6412,群電,listed,98.6,101.5,98.1,98.1,-0.4,-0.4061,507333,50494788,1096,TWSE,common_stock,true,false,false,false,false,false,false,false,true,
2025-10-14,6414,樺漢,listed,292.0,297.5,284.0,284.0,-6.0,-2.069,717902,207641530,1163,TWSE,common_stock,true,false,false,false,false,false,false,false,true,
2025-10-14,6415,矽力*-KY,listed,241.0,245.0,232.0,234.5,-4.5,-1.8828,2697117,642631659,4176,TWSE,common_stock,true,false,false,false,false,false,false,false,true,
2025-10-14,6416,瑞祺電通,listed,82.6,85.5,81.2,81.5,-0.1,-0.1225,259713,21579921,258,TWSE,common_stock,true,false,false,false,false,false,false,false,true,
2025-10-14,6423,億而得-創,listed,76.5,76.5,76.0,76.0,-0.5,-0.6536,16355,1249360,24,TWSE,common_stock,true,false,false,false,false,false,false,false,true,
2025-10-14,6426,統新,listed,71.9,72.5,69.9,70.0,-1.2,-1.6854,131004,9332675,193,TWSE,common_stock,true,false,false,false,false,false,false,false,true,
2025-10-14,6431,光麗-KY,listed,16.0,16.0,15.55,15.8,0.0,0.0,19304,304524,18,TWSE,common_stock,true,false,false,false,false,false,false,false,true,
2025-10-14,6438,迅得,listed,164.5,166.0,157.5,158.0,-5.0,-3.0675,1560017,250990450,1810,TWSE,common_stock,true,false,false,false,false,false,false,false,true,
2025-10-14,6442,光聖,listed,904.0,915.0,797.0,797.0,-88.0,-9.9435,6712463,5664892734,17871,TWSE,common_stock,true,false,false,false,false,false,false,false,true,
2025-10-14,6443,元晶,listed,14.55,14.8,14.35,14.4,-0.05,-0.346,2644116,38564430,1264,TWSE,common_stock,true,false,false,false,false,false,false,false,true,
2025-10-14,6446,藥華藥,listed,525.0,533.0,514.0,515.0,-8.0,-1.5296,2036164,1063450103,6223,TWSE,common_stock,true,false,false,false,false,false,false,false,true,
2025-10-14,6449,鈺邦,listed,211.0,214.0,199.5,203.5,-2.0,-0.9732,3710601,768804393,3585,TWSE,common_stock,true,false,false,false,false,false,false,false,true,
2025-10-14,6451,訊芯-KY,listed,145.0,148.5,136.5,137.0,-4.0,-2.8369,1631712,231935597,1759,TWSE,common_stock,true,false,false,false,false,false,false,false,true,
2025-10-14,6456,GIS-KY,listed,56.1,56.5,52.8,52.8,-2.9,-5.2065,2289895,124222282,1881,TWSE,common_stock,true,false,false,false,false,false,false,false,true,
2025-10-14,6464,台數科,listed,77.1,77.8,77.1,77.5,0.1,0.1292,23015,1784661,18,TWSE,common_stock,true,false,false,false,false,false,false,false,true,
2025-10-14,6472,保瑞,listed,657.0,667.0,640.0,640.0,-9.0,-1.3867,1061290,692875140,4354,TWSE,common_stock,true,false,false,false,false,false,false,false,true,
2025-10-14,6477,安集,listed,40.2,40.8,38.85,39.15,-1.05,-2.6119,926035,36751819,1211,TWSE,common_stock,true,false,false,false,false,false,false,false,true,
2025-10-14,6491,晶碩,listed,307.0,309.5,301.0,302.0,-4.0,-1.3072,205001,62591595,462,TWSE,common_stock,true,false,false,false,false,false,false,false,true,
2025-10-14,6504,南六,listed,45.4,48.9,45.4,48.25,2.85,6.2775,307567,14605965,259,TWSE,common_stock,true,false,false,false,false,false,false,false,true,
2025-10-14,6505,台塑化,listed,41.2,41.8,40.3,40.8,0.0,0.0,6567086,268465341,6074,TWSE,common_stock,true,false,false,false,false,false,false,false,true,
2025-10-14,6515,穎崴,listed,2325.0,2450.0,2260.0,2275.0,5.0,0.2203,1911075,4505956370,4076,TWSE,common_stock,true,false,false,false,false,false,false,false,true,
2025-10-14,6525,捷敏-KY,listed,78.8,79.7,76.4,76.7,-2.6,-3.2787,525860,40972443,1209,TWSE,common_stock,true,false,false,false,false,false,false,false,true,
2025-10-14,6526,達發,listed,527.0,546.0,513.0,515.0,-5.0,-0.9615,776320,413217181,1543,TWSE,common_stock,true,false,false,false,false,false,false,false,true,
2025-10-14,6531,愛普*,listed,368.0,369.0,341.0,342.5,-18.0,-4.9931,5227972,1846427939,6470,TWSE,common_stock,true,false,false,false,false,false,false,false,true,
2025-10-14,6533,晶心科,listed,292.0,306.0,283.0,284.5,2.5,0.8865,1418773,420520848,2363,TWSE,common_stock,true,false,false,false,false,false,false,false,true,
2025-10-14,6534,正瀚-創,listed,109.0,109.5,104.5,104.5,-4.5,-4.1284,83360,8857891,83,TWSE,common_stock,true,false,false,false,false,false,false,false,true,
2025-10-14,6541,泰福-KY,listed,67.0,68.0,64.0,65.3,1.5,2.3511,7156149,475134095,5774,TWSE,common_stock,true,false,false,false,false,false,false,false,true,
2025-10-14,6550,北極星藥業-KY,listed,37.5,38.4,36.55,36.6,-0.1,-0.2725,844284,31695088,680,TWSE,common_stock,true,false,false,false,false,false,false,false,true,
2025-10-14,6552,易華電,listed,29.2,29.2,27.75,28.35,0.1,0.354,53485,1501324,68,TWSE,common_stock,true,false,false,false,false,false,false,false,true,
2025-10-14,6558,興能高,listed,44.0,44.0,41.8,41.8,-1.55,-3.5755,1066953,45642705,1269,TWSE,common_stock,true,false,false,false,false,false,false,false,true,
2025-10-14,6573,虹揚-KY,listed,10.2,10.2,9.85,10.0,0.04,0.4016,83859,838052,69,TWSE,common_stock,true,false,false,false,false,false,false,false,true,
2025-10-14,6579,研揚,listed,128.5,130.0,125.0,126.0,-1.5,-1.1765,389964,49620372,600,TWSE,common_stock,true,false,false,false,false,false,false,false,true,
2025-10-14,6581,鋼聯,listed,110.0,112.0,110.0,111.0,0.5,0.4525,6630,736125,45,TWSE,common_stock,true,false,false,false,false,false,false,false,true,
2025-10-14,6582,申豐,listed,35.8,38.5,34.7,37.2,2.2,6.2857,1256291,47037762,1437,TWSE,common_stock,true,false,false,false,false,false,false,false,true,
2025-10-14,6585,鼎基,listed,96.0,96.0,92.3,93.1,-1.3,-1.3771,93990,8839533,154,TWSE,common_stock,true,false,false,false,false,false,false,false,true,
2025-10-14,6589,台康生技,listed,72.3,76.0,72.2,74.8,2.4,3.3149,2759471,205275825,3432,TWSE,common_stock,true,false,false,false,false,false,false,false,true,
2025-10-14,6591,動力-KY,listed,80.2,81.2,77.2,77.7,-1.7,-2.1411,1052305,83093843,1490,TWSE,common_stock,true,false,false,false,false,false,false,false,true,
2025-10-14,6592,和潤企業,listed,64.5,65.4,64.3,64.5,0.0,0.0,497989,32267754,504,TWSE,common_stock,true,false,false,false,false,false,false,false,true,
2025-10-14,6592A,和潤企業甲特,listed,98.2,98.2,98.2,98.2,0.0,0.0,5180,508584,8,TWSE,warrant,false,false,true,false,false,false,false,false,false,security_type=warrant;symbol_not_4_digit
2025-10-14,6592B,和潤企業乙特,listed,98.1,98.2,98.1,98.2,0.0,0.0,58107,5705516,25,TWSE,warrant,false,false,true,false,false,false,false,false,false,security_type=warrant;symbol_not_4_digit
2025-10-14,6598,ABC-KY,listed,22.7,23.0,22.7,22.75,-0.25,-1.087,57041,1298990,110,TWSE,common_stock,true,false,false,false,false,false,false,false,true,
2025-10-14,6605,帝寶,listed,135.0,135.5,129.0,130.0,-2.5,-1.8868,794427,105277697,875,TWSE,common_stock,true,false,false,false,false,false,false,false,true,
2025-10-14,6606,建德工業,listed,25.45,25.55,25.15,25.15,-0.2,-0.789,66777,1694570,50,TWSE,common_stock,true,false,false,false,false,false,false,false,true,
2025-10-14,6625,必應,listed,81.6,83.1,80.1,80.2,-1.4,-1.7157,191452,15542140,424,TWSE,common_stock,true,false,false,false,false,false,false,false,true,
2025-10-14,6641,基士德-KY,listed,19.3,19.6,19.3,19.45,-0.15,-0.7653,15090,293714,16,TWSE,common_stock,true,false,false,false,false,false,false,false,true,
2025-10-14,6645,金萬林-創,listed,22.8,22.8,21.5,21.5,-0.9,-4.0179,82702,1801279,62,TWSE,common_stock,true,false,false,false,false,false,false,false,true,
2025-10-14,6655,科定,listed,112.5,114.5,112.5,114.5,-0.5,-0.4348,3059,348230,10,TWSE,common_stock,true,false,false,false,false,false,false,false,true,
2025-10-14,6657,華安,listed,50.4,51.6,50.4,50.4,0.1,0.1988,209756,10720186,170,TWSE,common_stock,true,false,false,false,false,false,false,false,true,
2025-10-14,6658,聯策,listed,60.7,60.7,57.8,58.0,-1.7,-2.8476,299843,17646395,284,TWSE,common_stock,true,false,false,false,false,false,false,false,true,
2025-10-14,6666,羅麗芬-KY,listed,50.9,52.1,49.9,49.9,-0.4,-0.7952,43533,2216925,56,TWSE,common_stock,true,false,false,false,false,false,false,false,true,
2025-10-14,6668,中揚光,listed,41.6,42.15,40.0,40.05,-1.3,-3.1439,447690,18378439,327,TWSE,common_stock,true,false,false,false,false,false,false,false,true,
2025-10-14,6669,緯穎,listed,3525.0,3615.0,3470.0,3510.0,80.0,2.3324,3170864,11237043160,13185,TWSE,common_stock,true,false,false,false,false,false,false,false,true,
2025-10-14,6670,復盛應用,listed,256.0,257.5,253.0,253.0,-2.5,-0.9785,410570,104914924,540,TWSE,common_stock,true,false,false,false,false,false,false,false,true,
2025-10-14,6671,三能-KY,listed,36.6,36.6,35.9,36.2,-0.7,-1.897,325143,11771112,50,TWSE,common_stock,true,false,false,false,false,false,false,false,true,
2025-10-14,6672,騰輝電子-KY,listed,90.7,91.5,87.0,87.1,-2.7,-3.0067,941087,83188429,1188,TWSE,common_stock,true,false,false,false,false,false,false,false,true,
2025-10-14,6674,鋐寶科技,listed,21.55,21.55,20.7,20.7,-0.6,-2.8169,16250,341686,21,TWSE,common_stock,true,false,false,false,false,false,false,false,true,
2025-10-14,6689,伊雲谷,listed,74.2,74.2,70.1,70.2,-2.0,-2.7701,232857,16663823,423,TWSE,common_stock,true,false,false,false,false,false,false,false,true,
2025-10-14,6691,洋基工程,listed,461.5,463.0,446.0,446.0,-5.0,-1.1086,753606,341462178,1426,TWSE,common_stock,true,false,false,false,false,false,false,false,true,
2025-10-14,6695,芯鼎,listed,51.5,52.9,49.35,49.75,-0.95,-1.8738,1721807,87337669,1389,TWSE,common_stock,true,false,false,false,false,false,false,false,true,
2025-10-14,6698,旭暉應材,listed,34.55,36.0,34.35,34.45,-0.05,-0.1449,349091,12269057,531,TWSE,common_stock,true,false,false,false,false,false,false,false,true,
2025-10-14,6706,惠特,listed,72.5,73.0,69.5,70.0,-2.3,-3.1812,2231944,158523923,2843,TWSE,common_stock,true,false,false,false,false,false,false,false,true,
2025-10-14,6715,嘉基,listed,99.8,102.0,98.6,99.7,-0.1,-0.1002,68361,6836966,149,TWSE,common_stock,true,false,false,false,false,false,false,false,true,
2025-10-14,6719,力智,listed,198.0,200.5,189.5,190.5,-7.0,-3.5443,432655,84128325,3718,TWSE,common_stock,true,false,false,false,false,false,false,false,true,
2025-10-14,6742,澤米,listed,49.55,50.7,48.45,48.45,-1.0,-2.0222,542128,26774302,433,TWSE,common_stock,true,false,false,false,false,false,false,false,true,
2025-10-14,6743,安普新,listed,30.35,30.6,29.95,30.0,-0.25,-0.8264,263220,7946737,174,TWSE,common_stock,true,false,false,false,false,false,false,false,true,
2025-10-14,6753,龍德造船,listed,143.0,145.0,136.0,136.0,-7.0,-4.8951,2344456,325776155,3037,TWSE,common_stock,true,false,false,false,false,false,false,false,true,
2025-10-14,6754,匯僑設計,listed,48.5,48.8,47.9,48.3,0.25,0.5203,28084,1355735,33,TWSE,common_stock,true,false,false,false,false,false,false,false,true,
2025-10-14,6756,威鋒電子,listed,88.0,91.3,86.3,86.4,-1.0,-1.1442,194166,17158842,257,TWSE,common_stock,true,false,false,false,false,false,false,false,true,
2025-10-14,6757,台灣虎航,listed,75.3,77.6,75.3,75.4,0.1,0.1328,3413057,261505315,2915,TWSE,common_stock,true,false,false,false,false,false,false,false,true,
2025-10-14,6768,志強-KY,listed,119.0,120.5,116.0,116.0,-2.0,-1.6949,1485165,174676434,1473,TWSE,common_stock,true,false,false,false,false,false,false,false,true,
2025-10-14,6770,力積電,listed,30.6,31.0,27.3,27.3,-1.95,-6.6667,294354305,8467231829,102496,TWSE,common_stock,true,false,false,false,false,false,false,false,true,
2025-10-14,6771,平和環保-創,listed,50.6,50.6,50.0,50.3,-0.2,-0.396,57245,2876076,43,TWSE,common_stock,true,false,false,false,false,false,false,false,true,
2025-10-14,6776,展碁國際,listed,52.5,53.2,51.6,51.6,-0.7,-1.3384,225879,11793867,187,TWSE,common_stock,true,false,false,false,false,false,false,false,true,
2025-10-14,6781,AES-KY,listed,1150.0,1170.0,1090.0,1090.0,-35.0,-3.1111,1752634,1973410845,3852,TWSE,common_stock,true,false,false,false,false,false,false,false,true,
2025-10-14,6782,視陽,listed,196.0,199.0,191.0,191.0,-6.0,-3.0457,218536,42544364,667,TWSE,common_stock,true,false,false,false,false,false,false,false,true,
2025-10-14,6789,采鈺,listed,258.5,263.0,246.0,248.5,-7.0,-2.7397,2318488,588021408,3935,TWSE,common_stock,true,false,false,false,false,false,false,false,true,
2025-10-14,6790,永豐實,listed,38.65,39.0,38.55,38.65,0.0,0.0,169337,6567989,114,TWSE,etf,false,true,false,false,false,false,false,false,false,security_type=etf
2025-10-14,6792,詠業,listed,56.3,56.5,54.4,54.4,-1.9,-3.3748,86500,4796998,85,TWSE,common_stock,true,false,false,false,false,false,false,false,true,
2025-10-14,6794,向榮生技,listed,80.4,81.7,77.0,77.8,-2.2,-2.75,38089,2996862,40,TWSE,common_stock,true,false,false,false,false,false,false,false,true,
2025-10-14,6796,晉弘,listed,88.0,88.0,82.6,82.9,-2.6,-3.0409,97640,8302931,530,TWSE,common_stock,true,false,false,false,false,false,false,false,true,
2025-10-14,6799,來頡,listed,81.4,83.3,78.8,79.3,-2.4,-2.9376,602436,48681160,634,TWSE,common_stock,true,false,false,false,false,false,false,false,true,
2025-10-14,6805,富世達,listed,1180.0,1225.0,1155.0,1165.0,10.0,0.8658,4825747,5720009095,8258,TWSE,common_stock,true,false,false,false,false,false,false,false,true,
2025-10-14,6806,森崴能源,listed,62.6,64.1,61.1,61.1,0.5,0.8251,9121280,571324315,8026,TWSE,common_stock,true,false,false,false,false,false,false,false,true,
2025-10-14,6807,峰源-KY,listed,50.8,50.8,49.0,49.75,-0.45,-0.8964,24500,1215600,23,TWSE,common_stock,true,false,false,false,false,false,false,false,true,
2025-10-14,6830,汎銓,listed,163.0,167.0,160.0,161.0,-0.5,-0.3096,494569,80692794,684,TWSE,common_stock,true,false,false,false,false,false,false,false,true,
2025-10-14,6834,天二科技,listed,28.85,28.85,28.05,28.1,-0.7,-2.4306,199079,5654070,250,TWSE,common_stock,true,false,false,false,false,false,false,false,true,
2025-10-14,6835,圓裕,listed,40.95,40.95,39.1,39.35,-0.75,-1.8703,194483,7698230,121,TWSE,common_stock,true,false,false,false,false,false,false,false,true,
2025-10-14,6838,台新藥,listed,29.5,30.2,29.0,29.0,-0.5,-1.6949,249641,7372718,219,TWSE,common_stock,true,false,false,false,false,false,false,false,true,
2025-10-14,6854,錼創科技-KY創,listed,148.5,148.5,141.5,143.0,-1.0,-0.6944,343684,49871472,342,TWSE,common_stock,true,false,false,false,false,false,false,false,true,
2025-10-14,6861,睿生光電,listed,64.7,67.7,64.7,66.4,1.7,2.6275,335888,22276088,503,TWSE,common_stock,true,false,false,false,false,false,false,false,true,
2025-10-14,6862,三集瑞-KY,listed,165.0,166.0,153.5,155.0,-9.0,-5.4878,537699,85049145,574,TWSE,common_stock,true,false,false,false,false,false,false,false,true,
2025-10-14,6863,永道-KY,listed,139.5,140.0,131.0,132.5,-5.0,-3.6364,269165,36170750,564,TWSE,common_stock,true,false,false,false,false,false,false,false,true,
2025-10-14,6869,雲豹能源,listed,121.0,125.5,120.0,121.0,3.0,2.5424,1871926,229231960,2818,TWSE,common_stock,true,false,false,false,false,false,false,false,true,
2025-10-14,6873,泓德能源,listed,128.0,132.0,126.0,128.0,4.0,3.2258,1913795,246103474,2548,TWSE,common_stock,true,false,false,false,false,false,false,false,true,
2025-10-14,6885,全福生技,listed,31.25,32.75,31.25,31.8,0.65,2.0867,580007,18614480,393,TWSE,common_stock,true,false,false,false,false,false,false,false,true,
2025-10-14,6887,寶綠特-KY,listed,68.2,68.9,67.6,67.6,-0.4,-0.5882,22000,1499200,20,TWSE,common_stock,true,false,false,false,false,false,false,false,true,
2025-10-14,6890,來億-KY,listed,246.5,247.0,236.0,236.0,-10.5,-4.2596,1332148,320921133,1912,TWSE,common_stock,true,false,false,false,false,false,false,false,true,
2025-10-14,6901,鑽石投資,listed,18.35,18.55,18.0,18.0,-0.35,-1.9074,553909,10144241,371,TWSE,common_stock,true,false,false,false,false,false,false,false,true,
2025-10-14,6902,GOGOLOOK,listed,82.4,83.0,79.2,80.4,-0.1,-0.1242,51432,4149483,127,TWSE,common_stock,true,false,false,false,false,false,false,false,true,
2025-10-14,6906,現觀科,listed,106.0,107.0,100.5,101.0,-6.0,-5.6075,183788,18844158,218,TWSE,common_stock,true,false,false,false,false,false,false,false,true,
2025-10-14,6909,創控,listed,39.3,39.7,38.1,38.15,-1.1,-2.8025,158314,6161372,159,TWSE,common_stock,true,false,false,false,false,false,false,false,true,
2025-10-14,6914,阜爾運通,listed,154.0,154.5,149.5,150.5,4.0,2.7304,400229,60921094,858,TWSE,common_stock,true,false,false,false,false,false,false,false,true,
2025-10-14,6916,華凌,listed,17.35,17.4,17.15,17.35,0.05,0.289,38289,662100,40,TWSE,common_stock,true,false,false,false,false,false,false,false,true,
2025-10-14,6918,愛派司,listed,88.7,88.7,86.8,86.9,-1.8,-2.0293,70357,6170146,89,TWSE,common_stock,true,false,false,false,false,false,false,false,true,
2025-10-14,6919,康霈*,listed,168.0,173.0,158.0,158.5,-5.5,-3.3537,28512759,4713358721,32315,TWSE,common_stock,true,false,false,false,false,false,false,false,true,
2025-10-14,6923,中台,listed,115.0,119.5,114.0,115.0,-2.5,-2.1277,971505,112674446,836,TWSE,common_stock,true,false,false,false,false,false,false,false,true,
2025-10-14,6924,榮惠-KY創,listed,52.2,53.5,51.8,52.9,-0.6,-1.1215,20011,1050316,17,TWSE,common_stock,true,false,false,false,false,false,false,false,true,
2025-10-14,6928,攸泰科技,listed,61.1,62.0,57.8,57.9,-2.7,-4.4554,402490,23908008,405,TWSE,common_stock,true,false,false,false,false,false,false,false,true,
2025-10-14,6931,青松健康,listed,52.0,53.3,51.5,51.7,0.0,0.0,139145,7301413,79,TWSE,common_stock,true,false,false,false,false,false,false,false,true,
2025-10-14,6933,AMAX-KY,listed,177.5,178.5,162.0,163.0,-12.0,-6.8571,557297,93666089,728,TWSE,common_stock,true,false,false,false,false,false,false,false,true,
2025-10-14,6936,永鴻生技,listed,35.0,35.15,34.8,34.85,-0.1,-0.2861,34450,1204520,42,TWSE,common_stock,true,false,false,false,false,false,false,false,true,
2025-10-14,6937,天虹,listed,290.0,292.0,270.0,270.0,-12.0,-4.2553,3049956,857667695,4781,TWSE,common_stock,true,false,false,false,false,false,false,false,true,
2025-10-14,6944,兆聯實業,listed,580.0,595.0,554.0,555.0,-15.0,-2.6316,1210510,697223939,6704,TWSE,common_stock,true,false,false,false,false,false,false,false,true,
2025-10-14,6949,沛爾生醫-創,listed,381.5,386.5,372.0,372.0,-17.0,-4.3702,150171,56787520,199,TWSE,common_stock,true,false,false,false,false,false,false,false,true,
2025-10-14,6951,青新-創,listed,74.8,74.8,73.9,74.3,-0.3,-0.4021,51435,3818137,95,TWSE,common_stock,true,false,false,false,false,false,false,false,true,
2025-10-14,6952,大武山,listed,45.8,45.8,45.05,45.65,-0.15,-0.3275,21000,955481,30,TWSE,common_stock,true,false,false,false,false,false,false,false,true,
2025-10-14,6955,邦睿生技-創,listed,165.5,168.0,164.5,164.5,-0.5,-0.303,14842,2463630,19,TWSE,common_stock,true,false,false,false,false,false,false,false,true,
2025-10-14,6957,裕慶-KY,listed,181.5,187.0,179.5,181.5,2.5,1.3966,327532,60432897,1279,TWSE,common_stock,true,false,false,false,false,false,false,false,true,
2025-10-14,6958,日盛台駿,listed,18.0,18.1,17.95,18.0,-0.1,-0.5525,47021,846586,55,TWSE,common_stock,true,false,false,false,false,false,false,false,true,
2025-10-14,6962,奕力-KY,listed,43.4,45.2,42.75,42.9,-0.15,-0.3484,5503806,243079524,3867,TWSE,common_stock,true,false,false,false,false,false,false,false,true,
2025-10-14,6965,中傑-KY,listed,97.1,97.5,94.1,96.0,-0.6,-0.6211,285408,27319503,318,TWSE,common_stock,true,false,false,false,false,false,false,false,true,
2025-10-14,6969,成信實業*-創,listed,37.55,37.55,37.5,37.5,0.2,0.5362,16000,600350,9,TWSE,common_stock,true,false,false,false,false,false,false,false,true,
2025-10-14,6988,威力暘-創,listed,16.7,17.05,16.05,16.1,-0.6,-3.5928,30000,497900,17,TWSE,common_stock,true,false,false,false,false,false,false,false,true,
2025-10-14,6994,富威電力,listed,101.5,102.0,96.6,96.6,-3.1,-3.1093,413120,40800221,1672,TWSE,common_stock,true,false,false,false,false,false,false,false,true,
2025-10-14,7610,聯友金屬-創,listed,109.5,117.5,109.0,117.5,10.5,9.8131,1986627,226122527,2915,TWSE,common_stock,true,false,false,false,false,false,false,false,true,
2025-10-14,7631,聚賢研發-創,listed,131.0,131.0,130.0,130.0,-2.5,-1.8868,16589,2161733,52,TWSE,common_stock,true,false,false,false,false,false,false,false,true,
2025-10-14,7705,三商餐飲,listed,41.1,41.1,40.2,40.35,-0.5,-1.224,106553,4306614,225,TWSE,common_stock,true,false,false,false,false,false,false,false,true,
2025-10-14,7721,微程式,listed,63.6,63.7,61.9,61.9,-1.5,-2.3659,171655,10759779,263,TWSE,common_stock,true,false,false,false,false,false,false,false,true,
2025-10-14,7722,LINEPAY,listed,588.0,594.0,576.0,576.0,-10.0,-1.7065,145303,84716301,1186,TWSE,common_stock,true,false,false,false,false,false,false,false,true,
2025-10-14,7732,金興精密,listed,36.45,36.45,35.3,35.4,-0.9,-2.4793,15000,531700,9,TWSE,common_stock,true,false,false,false,false,false,false,false,true,
2025-10-14,7736,虎山,listed,96.8,100.0,95.9,97.4,-0.1,-0.1026,43040,4227458,31,TWSE,common_stock,true,false,false,false,false,false,false,false,true,
2025-10-14,7740,熙特爾-創,listed,233.0,240.5,218.5,221.0,-10.0,-4.329,274157,62825794,287,TWSE,common_stock,true,false,false,false,false,false,false,false,true,
2025-10-14,7749,意騰-KY,listed,533.0,539.0,502.0,503.0,-21.0,-4.0076,360269,185188587,1223,TWSE,common_stock,true,false,false,false,false,false,false,false,true,
2025-10-14,7750,新代,listed,865.0,865.0,836.0,840.0,-12.0,-1.4085,304361,258514474,765,TWSE,common_stock,true,false,false,false,false,false,false,false,true,
2025-10-14,7765,中華資安,listed,303.0,303.0,296.0,296.5,-3.5,-1.1667,66115,19781053,230,TWSE,common_stock,true,false,false,false,false,false,false,false,true,
2025-10-14,7780,大研生醫*,listed,184.5,192.5,184.0,184.0,-0.5,-0.271,453045,85235189,640,TWSE,common_stock,true,false,false,false,false,false,false,false,true,
2025-10-14,7799,禾榮科,listed,615.0,659.0,615.0,627.0,17.0,2.7869,704951,448341074,1451,TWSE,common_stock,true,false,false,false,false,false,false,false,true,
2025-10-14,8011,台通,listed,21.95,22.25,21.6,21.6,-0.35,-1.5945,1203745,26514661,616,TWSE,common_stock,true,false,false,false,false,false,false,false,true,
2025-10-14,8016,矽創,listed,209.0,212.0,207.0,207.0,-2.0,-0.9569,562812,117612902,673,TWSE,common_stock,true,false,false,false,false,false,false,false,true,
2025-10-14,8021,尖點,listed,113.5,114.5,103.5,104.5,-7.5,-6.6964,26063551,2795193729,17655,TWSE,common_stock,true,false,false,false,false,false,false,false,true,
2025-10-14,8028,昇陽半導體,listed,172.0,174.0,163.0,163.0,-5.0,-2.9762,7735780,1295096412,7487,TWSE,common_stock,true,false,false,false,false,false,false,false,true,
2025-10-14,8033,雷虎,listed,146.0,146.0,136.0,136.0,-12.0,-8.1081,15519977,2182587815,14467,TWSE,common_stock,true,false,false,false,false,false,false,false,true,
2025-10-14,8039,台虹,listed,66.4,66.8,62.0,62.0,-3.7,-5.6317,12919612,825357169,10961,TWSE,common_stock,true,false,false,false,false,false,false,false,true,
2025-10-14,8045,達運光電,listed,88.7,89.9,87.1,87.3,-1.2,-1.3559,246141,21731962,415,TWSE,common_stock,true,false,false,false,false,false,false,false,true,
2025-10-14,8046,南電,listed,275.0,279.0,254.5,256.0,-11.5,-4.2991,43651088,11576003636,45719,TWSE,common_stock,true,false,false,false,false,false,false,false,true,
2025-10-14,8070,長華*,listed,45.9,45.95,42.9,42.9,-2.55,-5.6106,11960586,529666720,7872,TWSE,common_stock,true,false,false,false,false,false,false,false,true,
2025-10-14,8072,陞泰,listed,34.0,35.05,33.05,33.05,-0.2,-0.6015,649578,22070706,543,TWSE,common_stock,true,false,false,false,false,false,false,false,true,
2025-10-14,8081,致新,listed,222.0,225.0,218.0,219.0,-2.5,-1.1287,410529,90941012,651,TWSE,common_stock,true,false,false,false,false,false,false,false,true,
2025-10-14,8101,華冠,listed,17.6,17.75,17.6,17.7,-0.7,-3.8043,5092,89942,21,TWSE,common_stock,true,false,false,false,false,false,false,false,true,
2025-10-14,8103,瀚荃,listed,54.4,54.9,52.2,52.3,-1.4,-2.6071,950537,50779930,936,TWSE,common_stock,true,false,false,false,false,false,false,false,true,
2025-10-14,8104,錸寶,listed,35.25,35.6,34.2,34.2,-0.9,-2.5641,817449,28562868,929,TWSE,common_stock,true,false,false,false,false,false,false,false,true,
2025-10-14,8105,凌巨,listed,12.9,13.05,12.5,12.5,-0.25,-1.9608,1423805,18218517,693,TWSE,common_stock,true,false,false,false,false,false,false,false,true,
2025-10-14,8110,華東,listed,24.5,24.8,22.0,22.5,-0.95,-4.0512,43430124,1003691827,18237,TWSE,common_stock,true,false,false,false,false,false,false,false,true,
2025-10-14,8112,至上,listed,46.75,50.2,46.65,48.5,2.8,6.1269,40729225,2010813463,24693,TWSE,common_stock,true,false,false,false,false,false,false,false,true,
2025-10-14,8112A,至上甲特,listed,43.25,43.3,43.25,43.3,0.05,0.1156,5929,256367,19,TWSE,warrant,false,false,true,false,false,false,false,false,false,security_type=warrant;symbol_not_4_digit
2025-10-14,8114,振樺電,listed,213.0,216.0,205.5,205.5,-6.5,-3.066,412450,86184838,718,TWSE,common_stock,true,false,false,false,false,false,false,false,true,
2025-10-14,8131,福懋科,listed,34.4,35.35,32.65,32.65,-0.55,-1.6566,3893543,132120035,2158,TWSE,common_stock,true,false,false,false,false,false,false,false,true,
2025-10-14,8150,南茂,listed,31.0,31.2,30.0,30.05,-0.35,-1.1513,4532469,138665016,2764,TWSE,common_stock,true,false,false,false,false,false,false,false,true,
2025-10-14,8162,微矽電子-創,listed,39.15,40.05,38.1,38.25,-0.9,-2.2989,231545,8971876,164,TWSE,common_stock,true,false,false,false,false,false,false,false,true,
2025-10-14,8163,達方,listed,36.15,37.0,35.9,36.05,-0.2,-0.5517,812747,29536209,746,TWSE,common_stock,true,false,false,false,false,false,false,false,true,
2025-10-14,8201,無敵,listed,15.75,15.8,15.3,15.3,-0.35,-2.2364,156021,2426097,105,TWSE,common_stock,true,false,false,false,false,false,false,false,true,
2025-10-14,8210,勤誠,listed,616.0,629.0,597.0,599.0,-16.0,-2.6016,1414401,866065942,2684,TWSE,common_stock,true,false,false,false,false,false,false,false,true,
2025-10-14,8213,志超,listed,33.4,34.2,33.25,33.6,0.2,0.5988,863800,29126792,573,TWSE,common_stock,true,false,false,false,false,false,false,false,true,
2025-10-14,8215,明基材,listed,22.05,22.25,21.8,21.85,-0.1,-0.4556,656662,14445368,480,TWSE,common_stock,true,false,false,false,false,false,false,false,true,
2025-10-14,8222,寶一,listed,50.1,50.1,47.3,47.35,-2.3,-4.6324,950523,46111549,1017,TWSE,common_stock,true,false,false,false,false,false,false,false,true,
2025-10-14,8249,菱光,listed,57.5,58.4,54.6,55.0,-2.0,-3.5088,1810189,101982199,1838,TWSE,common_stock,true,false,false,false,false,false,false,false,true,
2025-10-14,8261,富鼎,listed,92.5,92.9,89.0,89.4,-2.3,-2.5082,920600,83343131,2552,TWSE,common_stock,true,false,false,false,false,false,false,false,true,
2025-10-14,8271,宇瞻,listed,95.3,100.5,92.5,93.6,1.1,1.1892,49085872,4723081268,33367,TWSE,common_stock,true,false,false,false,false,false,false,false,true,
2025-10-14,8341,日友,listed,76.3,76.8,75.7,75.8,-0.5,-0.6553,325569,24795297,700,TWSE,common_stock,true,false,false,false,false,false,false,false,true,
2025-10-14,8367,建新國際,listed,44.1,45.1,44.1,44.1,0.0,0.0,82301,3670773,51,TWSE,common_stock,true,false,false,false,false,false,false,false,true,
2025-10-14,8374,羅昇,listed,93.7,94.4,90.0,90.0,-3.0,-3.2258,448276,41156150,553,TWSE,common_stock,true,false,false,false,false,false,false,false,true,
2025-10-14,8404,百和興業-KY,listed,25.2,25.5,24.4,24.6,-0.4,-1.6,1737505,43189559,977,TWSE,common_stock,true,false,false,false,false,false,false,false,true,
2025-10-14,8411,福貞-KY,listed,12.7,12.75,12.6,12.75,0.05,0.3937,78614,994612,81,TWSE,common_stock,true,false,false,false,false,false,false,false,true,
2025-10-14,8422,可寧衛*,listed,203.5,207.5,203.0,204.5,0.5,0.2451,657041,135258671,781,TWSE,common_stock,true,false,false,false,false,false,false,false,true,
2025-10-14,8429,金麗-KY,listed,8.16,8.17,8.0,8.0,-0.15,-1.8405,224384,1813674,212,TWSE,common_stock,true,false,false,false,false,false,false,false,true,
2025-10-14,8438,昶昕,listed,30.8,32.0,30.8,31.8,1.0,3.2468,246863,7769886,222,TWSE,common_stock,true,false,false,false,false,false,false,false,true,
2025-10-14,8442,威宏-KY,listed,68.9,69.9,67.1,67.8,-0.8,-1.1662,92980,6382466,106,TWSE,common_stock,true,false,false,false,false,false,false,false,true,
2025-10-14,8443,阿瘦,listed,11.9,11.9,11.75,11.75,-0.2,-1.6736,51762,613070,87,TWSE,common_stock,true,false,false,false,false,false,false,false,true,
2025-10-14,8454,富邦媒,listed,250.0,252.0,244.5,244.5,-4.0,-1.6097,360306,89000223,1514,TWSE,etf,false,true,false,false,false,false,false,false,false,security_type=etf
2025-10-14,8462,柏文,listed,160.0,162.5,159.0,160.5,2.5,1.5823,126262,20300194,369,TWSE,common_stock,true,false,false,false,false,false,false,false,true,
2025-10-14,8463,潤泰材,listed,25.0,25.4,25.0,25.0,-0.2,-0.7937,72273,1809991,33,TWSE,common_stock,true,false,false,false,false,false,false,false,true,
2025-10-14,8464,億豐,listed,403.0,417.0,403.0,406.0,3.0,0.7444,820136,336563768,951,TWSE,common_stock,true,false,false,false,false,false,false,false,true,
2025-10-14,8466,美吉吉-KY,listed,23.6,24.35,23.2,23.4,-0.2,-0.8475,67484,1594193,72,TWSE,common_stock,true,false,false,false,false,false,false,false,true,
2025-10-14,8467,波力-KY,listed,160.0,163.5,154.0,154.0,-5.0,-3.1447,98975,15579901,149,TWSE,common_stock,true,false,false,false,false,false,false,false,true,
2025-10-14,8473,山林水,listed,43.5,43.5,41.2,41.8,0.95,2.3256,4950116,208661915,5893,TWSE,common_stock,true,false,false,false,false,false,false,false,true,
2025-10-14,8476,台境*,listed,18.8,18.85,18.0,18.5,-0.3,-1.5957,162602,3000354,93,TWSE,common_stock,true,false,false,false,false,false,false,false,true,
2025-10-14,8478,東哥遊艇,listed,204.5,212.0,202.0,202.5,0.0,0.0,468376,96866928,710,TWSE,common_stock,true,false,false,false,false,false,false,false,true,
2025-10-14,8481,政伸,listed,43.2,44.15,43.1,43.15,-0.25,-0.576,26224,1141917,31,TWSE,common_stock,true,false,false,false,false,false,false,false,true,
2025-10-14,8482,商億-KY,listed,52.3,52.3,51.6,51.6,-0.6,-1.1494,24468,1273022,72,TWSE,common_stock,true,false,false,false,false,false,false,false,true,
2025-10-14,8487,愛爾達-創,listed,80.0,80.3,79.9,79.9,-0.1,-0.125,13032,1043278,25,TWSE,common_stock,true,false,false,false,false,false,false,false,true,
2025-10-14,8488,吉源-KY,listed,10.4,10.4,10.4,10.4,0.0,0.0,1000,10400,1,TWSE,common_stock,true,false,false,false,false,false,false,false,true,
2025-10-14,8499,鼎炫-KY,listed,277.5,296.5,277.5,280.0,7.5,2.7523,687805,197185097,1207,TWSE,common_stock,true,false,false,false,false,false,false,false,true,
2025-10-14,8926,台汽電,listed,48.45,49.0,48.2,48.75,0.25,0.5155,2560603,124889360,2036,TWSE,common_stock,true,false,false,false,false,false,false,false,true,
2025-10-14,8940,新天地,listed,20.2,20.5,20.15,20.15,0.05,0.2488,62435,1271213,57,TWSE,common_stock,true,false,false,false,false,false,false,false,true,
2025-10-14,8996,高力,listed,460.5,460.5,460.5,460.5,41.5,9.9045,3065289,1411565260,3656,TWSE,common_stock,true,false,false,false,false,false,false,false,true,
2025-10-14,9103,美德醫療-DR,listed,4.83,4.86,4.81,4.82,0.0,0.0,363115,1752396,103,TWSE,dr,false,false,false,false,false,false,false,true,false,security_type=dr
2025-10-14,910322,康師傅-DR,listed,20.65,20.85,20.5,20.85,0.4,1.956,32848,676578,26,TWSE,dr,false,false,false,false,false,false,false,true,false,security_type=dr;symbol_not_4_digit
2025-10-14,9105,泰金寶-DR,listed,6.57,7.12,6.45,6.45,-0.04,-0.6163,116031436,784009461,21033,TWSE,dr,false,false,false,false,false,false,false,true,false,security_type=dr
2025-10-14,910861,神州-DR,listed,6.06,6.06,5.95,5.98,-0.11,-1.8062,28100,168513,24,TWSE,dr,false,false,false,false,false,false,false,true,false,security_type=dr;symbol_not_4_digit
2025-10-14,9110,越南控-DR,listed,4.5,4.5,4.2,4.5,-0.1,-2.1739,22000,96300,12,TWSE,dr,false,false,false,false,false,false,false,true,false,security_type=dr
2025-10-14,911608,明輝-DR,listed,3.18,3.18,2.87,2.87,-0.07,-2.381,118193,348697,54,TWSE,dr,false,false,false,false,false,false,false,true,false,security_type=dr;symbol_not_4_digit
2025-10-14,911622,泰聚亨-DR,listed,3.79,3.85,3.79,3.83,-0.02,-0.5195,124000,471960,24,TWSE,dr,false,false,false,false,false,false,false,true,false,security_type=dr;symbol_not_4_digit
2025-10-14,911868,同方友友-DR,listed,1.29,1.3,1.27,1.3,0.01,0.7752,432000,554070,75,TWSE,dr,false,false,false,false,false,false,false,true,false,security_type=dr;symbol_not_4_digit
2025-10-14,912000,晨訊科-DR,listed,2.9,2.98,2.84,2.84,-0.02,-0.6993,978367,2822485,284,TWSE,dr,false,false,false,false,false,false,false,true,false,security_type=dr;symbol_not_4_digit
2025-10-14,9136,巨騰-DR,listed,7.19,7.9,7.19,7.61,0.22,2.977,1581020,12007256,488,TWSE,dr,false,false,false,false,false,false,false,true,false,security_type=dr
2025-10-14,9802,鈺齊-KY,listed,103.0,104.5,101.5,101.5,-1.5,-1.4563,1059723,108757754,814,TWSE,common_stock,true,false,false,false,false,false,false,false,true,
2025-10-14,9902,台火,listed,16.4,16.6,15.8,15.8,-0.7,-4.2424,2405286,38810806,1553,TWSE,common_stock,true,false,false,false,false,false,false,false,true,
2025-10-14,9904,寶成,listed,29.05,29.25,28.55,28.55,-0.45,-1.5517,15426774,445457079,6423,TWSE,common_stock,true,false,false,false,false,false,false,false,true,
2025-10-14,9905,大華,listed,20.55,20.55,20.4,20.45,-0.1,-0.4866,248217,5077719,243,TWSE,common_stock,true,false,false,false,false,false,false,false,true,
2025-10-14,9906,欣巴巴,listed,53.9,54.8,52.6,52.7,-0.8,-1.4953,150893,8087313,171,TWSE,common_stock,true,false,false,false,false,false,false,false,true,
2025-10-14,9907,統一實,listed,18.0,18.35,17.95,17.95,0.0,0.0,4138513,75183976,1637,TWSE,etf,false,true,false,false,false,false,false,false,false,security_type=etf
2025-10-14,9908,大台北,listed,29.9,30.0,29.9,30.0,0.1,0.3344,78576,2354998,62,TWSE,common_stock,true,false,false,false,false,false,false,false,true,
2025-10-14,9910,豐泰,listed,131.0,133.0,129.5,131.0,0.0,0.0,966360,126629689,1173,TWSE,common_stock,true,false,false,false,false,false,false,false,true,
2025-10-14,9911,櫻花,listed,85.1,85.1,84.5,84.5,-0.4,-0.4711,328648,27883852,606,TWSE,common_stock,true,false,false,false,false,false,false,false,true,
2025-10-14,9912,偉聯,listed,11.9,12.0,11.75,11.85,0.0,0.0,60179,715683,75,TWSE,common_stock,true,false,false,false,false,false,false,false,true,
2025-10-14,9914,美利達,listed,100.5,102.5,100.0,101.0,1.2,1.2024,924621,93557339,1379,TWSE,common_stock,true,false,false,false,false,false,false,false,true,
2025-10-14,9917,中保科,listed,109.0,109.5,108.0,108.5,-0.5,-0.4587,780891,84843348,1473,TWSE,common_stock,true,false,false,false,false,false,false,false,true,
2025-10-14,9918,欣天然,listed,39.7,39.7,39.5,39.5,-0.2,-0.5038,2537,100547,37,TWSE,common_stock,true,false,false,false,false,false,false,false,true,
2025-10-14,9919,康那香,listed,17.05,17.2,16.9,16.9,-0.05,-0.295,369207,6289066,254,TWSE,common_stock,true,false,false,false,false,false,false,false,true,
2025-10-14,9921,巨大,listed,96.5,100.0,96.4,98.0,1.6,1.6598,1967291,193016663,2585,TWSE,common_stock,true,false,false,false,false,false,false,false,true,
2025-10-14,9924,福興,listed,52.5,52.8,51.9,52.1,0.0,0.0,394176,20658556,394,TWSE,common_stock,true,false,false,false,false,false,false,false,true,
2025-10-14,9925,新保,listed,40.6,40.85,40.6,40.8,0.25,0.6165,157286,6407310,190,TWSE,common_stock,true,false,false,false,false,false,false,false,true,
2025-10-14,9926,新海,listed,49.85,49.95,49.85,49.95,0.15,0.3012,3094,154394,8,TWSE,common_stock,true,false,false,false,false,false,false,false,true,
2025-10-14,9927,泰銘,listed,53.9,54.4,53.3,53.4,0.0,0.0,293684,15779402,377,TWSE,common_stock,true,false,false,false,false,false,false,false,true,
2025-10-14,9928,中視,listed,17.0,17.35,17.0,17.3,0.0,0.0,41346,712551,42,TWSE,common_stock,true,false,false,false,false,false,false,false,true,
2025-10-14,9929,秋雨,listed,12.0,12.15,11.95,12.0,-0.35,-2.834,30160,362876,28,TWSE,common_stock,true,false,false,false,false,false,false,false,true,
2025-10-14,9930,中聯資源,listed,68.5,68.8,68.1,68.6,0.1,0.146,147961,10124553,203,TWSE,common_stock,true,false,false,false,false,false,false,false,true,
2025-10-14,9931,欣高,listed,33.8,33.85,33.8,33.8,0.0,0.0,15175,513182,16,TWSE,common_stock,true,false,false,false,false,false,false,false,true,
2025-10-14,9933,中鼎,listed,30.55,30.75,30.3,30.3,-0.25,-0.8183,2741797,83760429,2034,TWSE,common_stock,true,false,false,false,false,false,false,false,true,
2025-10-14,9934,成霖,listed,10.1,10.2,10.0,10.0,-0.05,-0.4975,818266,8278162,217,TWSE,common_stock,true,false,false,false,false,false,false,false,true,
2025-10-14,9935,慶豐富,listed,19.25,19.35,18.9,19.05,-0.1,-0.5222,395071,7538560,263,TWSE,common_stock,true,false,false,false,false,false,false,false,true,
2025-10-14,9937,全國,listed,61.5,61.6,61.0,61.0,-0.5,-0.813,29294,1794998,69,TWSE,common_stock,true,false,false,false,false,false,false,false,true,
2025-10-14,9938,百和,listed,57.0,57.5,55.9,56.2,-0.5,-0.8818,1482280,84135404,1125,TWSE,common_stock,true,false,false,false,false,false,false,false,true,
2025-10-14,9939,宏全,listed,125.0,127.0,124.5,124.5,0.0,0.0,742525,93378911,1085,TWSE,common_stock,true,false,false,false,false,false,false,false,true,
2025-10-14,9940,信義,listed,23.55,23.75,23.5,23.75,0.2,0.8493,331043,7812107,331,TWSE,common_stock,true,false,false,false,false,false,false,false,true,
2025-10-14,9941,裕融,listed,98.2,98.4,96.8,96.9,-1.0,-1.0215,1159077,112948226,2584,TWSE,common_stock,true,false,false,false,false,false,false,false,true,
2025-10-14,9941A,裕融甲特,listed,50.5,50.5,50.4,50.5,0.0,0.0,50257,2536052,17,TWSE,warrant,false,false,true,false,false,false,false,false,false,security_type=warrant;symbol_not_4_digit
2025-10-14,9942,茂順,listed,106.0,106.5,105.5,106.0,0.0,0.0,136097,14414167,169,TWSE,common_stock,true,false,false,false,false,false,false,false,true,
2025-10-14,9943,好樂迪,listed,65.1,65.1,64.5,64.8,-0.3,-0.4608,139767,9053247,239,TWSE,common_stock,true,false,false,false,false,false,false,false,true,
2025-10-14,9944,新麗,listed,16.95,16.95,16.75,16.9,0.05,0.2967,11088,187126,76,TWSE,common_stock,true,false,false,false,false,false,false,false,true,
2025-10-14,9945,潤泰新,listed,29.15,29.75,29.15,29.35,0.25,0.8591,6503904,191853882,3049,TWSE,common_stock,true,false,false,false,false,false,false,false,true,
2025-10-14,9946,三發地產,listed,19.1,19.15,18.25,18.25,-0.6,-3.183,748597,14059987,377,TWSE,common_stock,true,false,false,false,false,false,false,false,true,
2025-10-14,9955,佳龍,listed,30.55,31.25,30.2,30.2,0.05,0.1658,1930459,59254018,1487,TWSE,common_stock,true,false,false,false,false,false,false,false,true,
2025-10-14,9958,世紀鋼,listed,171.0,174.0,168.0,168.0,-2.0,-1.1765,1412495,241661619,1519,TWSE,common_stock,true,false,false,false,false,false,false,false,true,
