date,symbol,name,market,open,high,low,close,change,change_pct,volume,turnover,transactions,source,security_type,is_common_stock,is_etf,is_warrant,is_bond_etf,is_leveraged_inverse,is_etn,is_preferred_stock,is_dr,scan_eligible,exclude_reason
2025-10-30,0050,元大台灣50,listed,64.6,64.8,64.0,64.4,0.0,0.0,95106510,6125525659,77635,TWSE,etf,false,true,false,false,false,false,false,false,false,security_type=etf
2025-10-30,0051,元大中型100,listed,91.85,91.85,90.3,90.65,-0.65,-0.7119,66514,6045162,373,TWSE,etf,false,true,false,false,false,false,false,false,false,security_type=etf
2025-10-30,0052,富邦科技,listed,260.55,261.85,258.15,260.0,0.0,0.0,3320621,863194489,7179,TWSE,etf,false,true,false,false,false,false,false,false,false,security_type=etf
2025-10-30,0053,元大電子,listed,142.3,142.75,141.1,141.35,-0.95,-0.6676,38801,5508629,178,TWSE,etf,false,true,false,false,false,false,false,false,false,security_type=etf
2025-10-30,0055,元大MSCI金融,listed,30.59,30.66,30.5,30.54,-0.1,-0.3264,148248,4526579,331,TWSE,etf,false,true,false,false,false,false,false,false,false,security_type=etf
2025-10-30,0056,元大高股息,listed,37.47,37.57,37.2,37.4,-0.07,-0.1868,57733947,2157444477,27653,TWSE,etf,false,true,false,false,false,false,false,false,false,security_type=etf
2025-10-30,0057,富邦摩台,listed,188.05,188.05,186.9,187.65,-0.25,-0.133,35495,6668547,99,TWSE,etf,false,true,false,false,false,false,false,false,false,security_type=etf
2025-10-30,0061,元大寶滬深,listed,22.61,22.83,22.57,22.63,0.1,0.4439,1046284,23751604,325,TWSE,etf,false,true,false,false,false,false,false,false,false,security_type=etf
2025-10-30,006203,元大MSCI台灣,listed,116.7,116.7,116.1,116.1,-0.65,-0.5567,4311,501687,113,TWSE,etf,false,true,false,false,false,false,false,false,false,security_type=etf;symbol_not_4_digit
2025-10-30,006204,永豐臺灣加權,listed,142.0,142.2,142.0,142.2,0.2,0.1408,5787,821976,114,TWSE,etf,false,true,false,false,false,false,false,false,false,security_type=etf;symbol_not_4_digit
2025-10-30,006205,富邦上証,listed,38.85,39.13,38.85,38.92,0.31,0.8029,502283,19587323,373,TWSE,etf,false,true,false,false,false,false,false,false,false,security_type=etf;symbol_not_4_digit
2025-10-30,006206,元大上證50,listed,35.72,35.86,35.5,35.62,0.18,0.5079,268369,9589988,191,TWSE,etf,false,true,false,false,false,false,false,false,false,security_type=etf;symbol_not_4_digit
2025-10-30,006207,復華滬深,listed,30.1,30.25,30.0,30.11,0.32,1.0742,380072,11462923,159,TWSE,etf,false,true,false,false,false,false,false,false,false,security_type=etf;symbol_not_4_digit
2025-10-30,006208,富邦台50,listed,151.0,151.65,150.05,150.9,-0.05,-0.0331,4419463,666990420,9395,TWSE,etf,false,true,false,false,false,false,false,false,false,security_type=etf;symbol_not_4_digit
2025-10-30,00625K,富邦上証+R,listed,,,,,0.0,,0,0,0,TWSE,etf,false,true,true,false,false,false,false,false,false,security_type=etf;symbol_not_4_digit;invalid_close;invalid_volume;invalid_turnover
2025-10-30,00631L,元大台灣50正2,listed,353.45,356.05,347.0,352.35,-0.15,-0.0426,3424415,1203612428,6091,TWSE,leveraged_inverse,false,true,true,false,true,false,false,false,false,security_type=leveraged_inverse;symbol_not_4_digit
2025-10-30,00632R,元大台灣50反1,listed,16.85,17.0,16.79,16.89,0.03,0.1779,40302618,681038753,5660,TWSE,leveraged_inverse,false,true,true,false,true,false,false,false,false,security_type=leveraged_inverse;symbol_not_4_digit
2025-10-30,00633L,富邦上証正2,listed,51.9,52.1,50.85,51.35,0.0,0.0,5026523,259042237,830,TWSE,leveraged_inverse,false,true,true,false,true,false,false,false,false,security_type=leveraged_inverse;symbol_not_4_digit
2025-10-30,00634R,富邦上証反1,listed,3.16,3.18,3.16,3.18,0.0,0.0,36302,114814,17,TWSE,leveraged_inverse,false,true,true,false,true,false,false,false,false,security_type=leveraged_inverse;symbol_not_4_digit
2025-10-30,00635U,期元大S&P黃金,listed,42.75,43.0,42.3,42.7,-0.07,-0.1637,7656786,326573770,5905,TWSE,etf,false,true,true,false,false,false,false,false,false,security_type=etf;symbol_not_4_digit
2025-10-30,00636,國泰中國A50,listed,26.48,26.66,26.36,26.47,0.03,0.1135,1283323,34036382,421,TWSE,etf,false,true,false,false,false,false,false,false,false,security_type=etf;symbol_not_4_digit
2025-10-30,00636K,國泰中國A50+U,listed,8.71,8.71,8.71,8.71,0.03,0.3456,200,1742,2,TWSE,etf,false,true,true,false,false,false,false,false,false,security_type=etf;symbol_not_4_digit
2025-10-30,00637L,元大滬深300正2,listed,21.06,21.14,20.63,20.87,0.04,0.192,41976305,878641803,5571,TWSE,leveraged_inverse,false,true,true,false,true,false,false,false,false,security_type=leveraged_inverse;symbol_not_4_digit
2025-10-30,00638R,元大滬深300反1,listed,6.64,6.71,6.64,6.71,0.05,0.7508,375171,2502291,56,TWSE,leveraged_inverse,false,true,true,false,true,false,false,false,false,security_type=leveraged_inverse;symbol_not_4_digit
2025-10-30,00639,富邦深100,listed,15.13,15.22,15.01,15.1,0.11,0.7338,1760771,26695563,529,TWSE,etf,false,true,false,false,false,false,false,false,false,security_type=etf;symbol_not_4_digit
2025-10-30,00640L,富邦日本正2,listed,72.6,73.15,72.3,73.0,0.75,1.0381,757780,55049666,198,TWSE,leveraged_inverse,false,true,true,false,true,false,false,false,false,security_type=leveraged_inverse;symbol_not_4_digit
2025-10-30,00641R,富邦日本反1,listed,4.77,4.79,4.75,4.77,0.0,0.0,268379,1279006,38,TWSE,leveraged_inverse,false,true,true,false,true,false,false,false,false,security_type=leveraged_inverse;symbol_not_4_digit
2025-10-30,00642U,期元大S&P石油,listed,15.66,15.66,15.56,15.61,0.04,0.2569,3216681,50220594,516,TWSE,etf,false,true,true,false,false,false,false,false,false,security_type=etf;symbol_not_4_digit
2025-10-30,00643,群益深証中小,listed,16.65,16.75,16.51,16.64,0.13,0.7874,4079464,68020521,258,TWSE,etf,false,true,false,false,false,false,false,false,false,security_type=etf;symbol_not_4_digit
2025-10-30,00643K,群益深証中小+R,listed,,,,,0.0,,0,0,0,TWSE,etf,false,true,true,false,false,false,false,false,false,security_type=etf;symbol_not_4_digit;invalid_close;invalid_volume;invalid_turnover
2025-10-30,00645,富邦日本,listed,45.95,46.18,45.9,46.12,0.21,0.4574,260639,11989816,333,TWSE,etf,false,true,false,false,false,false,false,false,false,security_type=etf;symbol_not_4_digit
2025-10-30,00646,元大S&P500,listed,66.15,66.5,66.0,66.2,0.25,0.3791,4114028,272242205,1823,TWSE,etf,false,true,false,false,false,false,false,false,false,security_type=etf;symbol_not_4_digit
2025-10-30,00647L,元大S&P500正2,listed,117.8,118.5,117.45,117.8,-0.05,-0.0424,84915,10013617,165,TWSE,leveraged_inverse,false,true,true,false,true,false,false,false,false,security_type=leveraged_inverse;symbol_not_4_digit
2025-10-30,00648R,元大S&P500反1,listed,4.3,4.31,4.28,4.31,0.03,0.7009,511583,2193598,58,TWSE,leveraged_inverse,false,true,true,false,true,false,false,false,false,security_type=leveraged_inverse;symbol_not_4_digit
2025-10-30,00650L,復華香港正2,listed,18.62,18.77,18.1,18.31,-0.17,-0.9199,14979779,277420231,1605,TWSE,leveraged_inverse,false,true,true,false,true,false,false,false,false,security_type=leveraged_inverse;symbol_not_4_digit
2025-10-30,00651R,復華香港反1,listed,5.15,5.25,5.15,5.23,0.06,1.1605,655941,3427963,46,TWSE,leveraged_inverse,false,true,true,false,true,false,false,false,false,security_type=leveraged_inverse;symbol_not_4_digit
2025-10-30,00652,富邦印度,listed,37.48,37.48,37.17,37.18,-0.21,-0.5616,249285,9297458,337,TWSE,etf,false,true,false,false,false,false,false,false,false,security_type=etf;symbol_not_4_digit
2025-10-30,00653L,富邦印度正2,listed,59.1,59.2,58.3,58.35,-0.85,-1.4358,462152,27157515,131,TWSE,leveraged_inverse,false,true,true,false,true,false,false,false,false,security_type=leveraged_inverse;symbol_not_4_digit
2025-10-30,00654R,富邦印度反1,listed,6.14,6.19,6.14,6.19,0.05,0.8143,449001,2757416,14,TWSE,leveraged_inverse,false,true,true,false,true,false,false,false,false,security_type=leveraged_inverse;symbol_not_4_digit
2025-10-30,00655L,國泰中國A50正2,listed,36.05,36.2,35.35,35.75,0.07,0.1962,6603943,236813063,531,TWSE,leveraged_inverse,false,true,true,false,true,false,false,false,false,security_type=leveraged_inverse;symbol_not_4_digit
2025-10-30,00656R,國泰中國A50反1,listed,5.87,5.95,5.87,5.93,0.02,0.3384,734051,4342629,30,TWSE,leveraged_inverse,false,true,true,false,true,false,false,false,false,security_type=leveraged_inverse;symbol_not_4_digit
2025-10-30,00657,國泰日經225,listed,60.3,60.7,60.0,60.1,-0.3,-0.4967,272955,16437608,132,TWSE,etf,false,true,false,false,false,false,false,false,false,security_type=etf;symbol_not_4_digit
2025-10-30,00657K,國泰日經225+U,listed,19.69,19.69,19.69,19.69,-0.04,-0.2027,200,3938,2,TWSE,etf,false,true,true,false,false,false,false,false,false,security_type=etf;symbol_not_4_digit
2025-10-30,00660,元大歐洲50,listed,40.77,41.03,40.77,40.83,0.19,0.4675,45467,1857870,135,TWSE,etf,false,true,false,false,false,false,false,false,false,security_type=etf;symbol_not_4_digit
2025-10-30,00661,元大日經225,listed,65.8,66.4,65.65,65.9,-0.25,-0.3779,646991,42632465,377,TWSE,etf,false,true,false,false,false,false,false,false,false,security_type=etf;symbol_not_4_digit
2025-10-30,00662,富邦NASDAQ,listed,103.0,103.45,102.45,102.95,0.45,0.439,7530639,775894609,3009,TWSE,etf,false,true,false,false,false,false,false,false,false,security_type=etf;symbol_not_4_digit
2025-10-30,00663L,國泰臺灣加權正2,listed,46.03,46.37,45.25,45.92,0.0,0.0,8709396,398735118,4532,TWSE,leveraged_inverse,false,true,true,false,true,false,false,false,false,security_type=leveraged_inverse;symbol_not_4_digit
2025-10-30,00664R,國泰臺灣加權反1,listed,2.73,2.75,2.71,2.74,0.01,0.3663,11699537,31977522,544,TWSE,leveraged_inverse,false,true,true,false,true,false,false,false,false,security_type=leveraged_inverse;symbol_not_4_digit
2025-10-30,00665L,富邦恒生國企正2,listed,12.03,12.11,11.66,11.81,-0.14,-1.1715,40978101,488804705,3713,TWSE,leveraged_inverse,false,true,true,false,true,false,false,false,false,security_type=leveraged_inverse;symbol_not_4_digit
2025-10-30,00666R,富邦恒生國企反1,listed,8.43,8.54,8.42,8.47,0.02,0.2367,101091,854896,21,TWSE,leveraged_inverse,false,true,true,false,true,false,false,false,false,security_type=leveraged_inverse;symbol_not_4_digit
2025-10-30,00668,國泰美國道瓊,listed,53.2,53.4,53.15,53.15,0.05,0.0942,228055,12148452,107,TWSE,etf,false,true,false,false,false,false,false,false,false,security_type=etf;symbol_not_4_digit
2025-10-30,00668K,國泰美國道瓊+U,listed,17.38,17.38,17.38,17.38,-0.03,-0.1723,200,3476,2,TWSE,etf,false,true,true,false,false,false,false,false,false,security_type=etf;symbol_not_4_digit
2025-10-30,00669R,國泰美國道瓊反1,listed,5.7,5.73,5.69,5.72,0.03,0.5272,2303775,13150599,100,TWSE,leveraged_inverse,false,true,true,false,true,false,false,false,false,security_type=leveraged_inverse;symbol_not_4_digit
2025-10-30,00670L,富邦NASDAQ正2,listed,175.75,177.15,174.0,175.55,0.2,0.1141,1435466,251997808,1671,TWSE,leveraged_inverse,false,true,true,false,true,false,false,false,false,security_type=leveraged_inverse;symbol_not_4_digit
2025-10-30,00671R,富邦NASDAQ反1,listed,2.76,2.79,2.75,2.77,-0.01,-0.3597,15895168,43994075,5326,TWSE,leveraged_inverse,false,true,true,false,true,false,false,false,false,security_type=leveraged_inverse;symbol_not_4_digit
2025-10-30,00673R,期元大S&P原油反1,listed,27.34,27.51,27.33,27.43,-0.03,-0.1092,1794603,49210887,224,TWSE,leveraged_inverse,false,true,true,false,true,false,false,false,false,security_type=leveraged_inverse;symbol_not_4_digit
2025-10-30,00674R,期元大S&P黃金反1,listed,6.41,6.48,6.37,6.41,0.01,0.1562,3697157,23717381,354,TWSE,leveraged_inverse,false,true,true,false,true,false,false,false,false,security_type=leveraged_inverse;symbol_not_4_digit
2025-10-30,00675L,富邦臺灣加權正2,listed,140.45,141.4,137.8,140.0,0.1,0.0715,2975219,414962729,2549,TWSE,leveraged_inverse,false,true,true,false,true,false,false,false,false,security_type=leveraged_inverse;symbol_not_4_digit
2025-10-30,00676R,富邦臺灣加權反1,listed,9.26,9.33,9.22,9.27,0.01,0.108,2723431,25277021,270,TWSE,leveraged_inverse,false,true,true,false,true,false,false,false,false,security_type=leveraged_inverse;symbol_not_4_digit
2025-10-30,00678,群益那斯達克生技,listed,31.2,31.36,31.2,31.32,0.17,0.5457,490390,15353987,113,TWSE,etf,false,true,false,false,false,false,false,false,false,security_type=etf;symbol_not_4_digit
2025-10-30,00680L,元大美債20正2,listed,7.7,7.73,7.68,7.7,-0.19,-2.4081,48306897,371931397,2856,TWSE,bond_etf,false,true,true,true,true,false,false,false,false,security_type=bond_etf;symbol_not_4_digit
2025-10-30,00681R,元大美債20反1,listed,20.06,20.07,20.04,20.07,0.0,0.0,86000,1724870,5,TWSE,bond_etf,false,true,true,true,true,false,false,false,false,security_type=bond_etf;symbol_not_4_digit
2025-10-30,00682U,期元大美元指數,listed,,,,,0.0,,395,8000,7,TWSE,etf,false,true,true,false,false,false,false,false,false,security_type=etf;symbol_not_4_digit;invalid_close
2025-10-30,00683L,期元大美元指正2,listed,21.0,21.0,20.93,20.93,0.03,0.1435,136114,2854002,35,TWSE,leveraged_inverse,false,true,true,false,true,false,false,false,false,security_type=leveraged_inverse;symbol_not_4_digit
2025-10-30,00684R,期元大美元指反1,listed,15.54,15.55,15.53,15.55,-0.03,-0.1926,9001,139855,8,TWSE,leveraged_inverse,false,true,true,false,true,false,false,false,false,security_type=leveraged_inverse;symbol_not_4_digit
2025-10-30,00685L,群益臺灣加權正2,listed,126.0,127.1,123.9,125.65,-0.35,-0.2778,895828,112341984,788,TWSE,leveraged_inverse,false,true,true,false,true,false,false,false,false,security_type=leveraged_inverse;symbol_not_4_digit
2025-10-30,00686R,群益臺灣加權反1,listed,1.66,1.68,1.66,1.67,0.01,0.6024,1805208,3008835,131,TWSE,leveraged_inverse,false,true,true,false,true,false,false,false,false,security_type=leveraged_inverse;symbol_not_4_digit
2025-10-30,00688L,國泰20年美債正2,listed,7.68,7.7,7.66,7.67,-0.21,-2.665,26664353,204661182,1552,TWSE,bond_etf,false,true,true,true,true,false,false,false,false,security_type=bond_etf;symbol_not_4_digit
2025-10-30,00689R,國泰20年美債反1,listed,20.76,20.79,20.75,20.77,0.28,1.3665,79201,1645343,11,TWSE,bond_etf,false,true,true,true,true,false,false,false,false,security_type=bond_etf;symbol_not_4_digit
2025-10-30,00690,兆豐藍籌30,listed,44.45,44.69,44.05,44.31,-0.14,-0.315,645939,28619427,368,TWSE,etf,false,true,false,false,false,false,false,false,false,security_type=etf;symbol_not_4_digit
2025-10-30,00692,富邦公司治理,listed,58.1,58.25,57.6,57.9,-0.1,-0.1724,1122549,65046466,1220,TWSE,etf,false,true,false,false,false,false,false,false,false,security_type=etf;symbol_not_4_digit
2025-10-30,00693U,期街口S&P黃豆,listed,21.17,21.27,20.61,20.78,-0.19,-0.9061,12821795,268659382,1857,TWSE,warrant,false,false,true,false,false,false,false,false,false,security_type=warrant;symbol_not_4_digit
2025-10-30,00700,富邦恒生國企,listed,18.71,18.87,18.55,18.64,-0.04,-0.2141,851252,15961463,307,TWSE,etf,false,true,false,false,false,false,false,false,false,security_type=etf;symbol_not_4_digit
2025-10-30,00701,國泰股利精選30,listed,27.52,27.52,27.37,27.52,-0.05,-0.1814,1860739,51057059,1588,TWSE,etf,false,true,false,false,false,false,false,false,false,security_type=etf;symbol_not_4_digit
2025-10-30,00702,國泰標普低波高息,listed,22.36,22.36,22.28,22.31,-0.33,-1.4576,133466,2977799,108,TWSE,etf,false,true,false,false,false,false,false,false,false,security_type=etf;symbol_not_4_digit
2025-10-30,00703,台新MSCI中國,listed,22.55,22.57,22.24,22.24,-0.31,-1.3747,180706,4062378,103,TWSE,other,false,false,false,false,false,false,false,false,false,symbol_not_4_digit
2025-10-30,00706L,期元大S&P日圓正2,listed,21.87,21.97,21.74,21.78,-0.15,-0.684,2619356,57181018,541,TWSE,leveraged_inverse,false,true,true,false,true,false,false,false,false,security_type=leveraged_inverse;symbol_not_4_digit
2025-10-30,00707R,期元大S&P日圓反1,listed,,,,,0.0,,33,994,1,TWSE,leveraged_inverse,false,true,true,false,true,false,false,false,false,security_type=leveraged_inverse;symbol_not_4_digit;invalid_close
2025-10-30,00708L,期元大S&P黃金正2,listed,76.75,77.9,75.25,76.7,-0.25,-0.3249,8708276,667999876,4458,TWSE,leveraged_inverse,false,true,true,false,true,false,false,false,false,security_type=leveraged_inverse;symbol_not_4_digit
2025-10-30,00709,富邦歐洲,listed,34.65,34.75,34.65,34.69,0.08,0.2311,39653,1376153,160,TWSE,etf,false,true,false,false,false,false,false,false,false,security_type=etf;symbol_not_4_digit
2025-10-30,00710B,復華彭博非投等債,listed,18.65,18.67,18.64,18.67,0.03,0.1609,219602,4096223,74,TWSE,bond_etf,false,true,true,true,false,false,false,false,false,security_type=bond_etf;symbol_not_4_digit
2025-10-30,00711B,復華彭博新興債,listed,16.35,16.37,16.33,16.36,0.01,0.0612,223231,3649595,15,TWSE,bond_etf,false,true,true,true,false,false,false,false,false,security_type=bond_etf;symbol_not_4_digit
2025-10-30,00712,復華富時不動產,listed,8.75,8.75,8.73,8.75,-0.03,-0.3417,18744847,163870485,4607,TWSE,etf,false,true,false,false,false,false,false,false,false,security_type=etf;symbol_not_4_digit
2025-10-30,00713,元大台灣高息低波,listed,51.45,51.5,51.15,51.35,-0.15,-0.2913,13364723,685497927,11726,TWSE,etf,false,true,false,false,false,false,false,false,false,security_type=etf;symbol_not_4_digit
2025-10-30,00714,群益道瓊美國地產,listed,19.67,19.73,19.45,19.57,-0.32,-1.6088,251589,4925536,194,TWSE,etf,false,true,false,false,false,false,false,false,false,security_type=etf;symbol_not_4_digit
2025-10-30,00715L,期街口布蘭特正2,listed,10.56,10.58,10.47,10.51,0.12,1.155,40545252,427108509,3444,TWSE,leveraged_inverse,false,true,true,false,true,false,false,false,false,security_type=leveraged_inverse;symbol_not_4_digit
2025-10-30,00717,富邦美國特別股,listed,14.8,14.82,14.79,14.81,0.01,0.0676,118910,1760339,33,TWSE,preferred_stock,false,true,false,false,false,false,true,false,false,security_type=preferred_stock;symbol_not_4_digit
2025-10-30,00728,第一金工業30,listed,36.61,36.75,36.37,36.55,0.16,0.4397,136997,5007849,335,TWSE,other,false,false,false,false,false,false,false,false,false,symbol_not_4_digit
2025-10-30,00730,富邦臺灣優質高息,listed,23.56,23.56,23.34,23.4,-0.08,-0.3407,211581,4965423,338,TWSE,etf,false,true,false,false,false,false,false,false,false,security_type=etf;symbol_not_4_digit
2025-10-30,00731,復華富時高息低波,listed,67.95,67.95,67.4,67.75,-0.1,-0.1474,147004,9939115,314,TWSE,etf,false,true,false,false,false,false,false,false,false,security_type=etf;symbol_not_4_digit
2025-10-30,00733,富邦臺灣中小,listed,48.19,48.3,47.45,47.74,-0.45,-0.9338,1095050,52366410,1330,TWSE,etf,false,true,false,false,false,false,false,false,false,security_type=etf;symbol_not_4_digit
2025-10-30,00735,國泰臺韓科技,listed,50.5,51.0,49.93,51.0,1.69,3.4273,392843,19812340,300,TWSE,etf,false,true,false,false,false,false,false,false,false,security_type=etf;symbol_not_4_digit
2025-10-30,00736,國泰新興市場,listed,28.07,28.07,27.55,27.63,-0.05,-0.1806,118304,3276330,32,TWSE,etf,false,true,false,false,false,false,false,false,false,security_type=etf;symbol_not_4_digit
2025-10-30,00737,國泰AI機器人,listed,37.37,37.54,37.33,37.42,0.08,0.2142,941760,35264709,220,TWSE,etf,false,true,false,false,false,false,false,false,false,security_type=etf;symbol_not_4_digit
2025-10-30,00738U,期元大道瓊白銀,listed,39.55,39.7,39.12,39.35,-0.11,-0.2788,4067861,160547615,1785,TWSE,etf,false,true,true,false,false,false,false,false,false,security_type=etf;symbol_not_4_digit
2025-10-30,00739,元大MSCI A股,listed,25.77,26.13,25.77,26.0,0.23,0.8925,245893,6403777,136,TWSE,etf,false,true,false,false,false,false,false,false,false,security_type=etf;symbol_not_4_digit
2025-10-30,00752,中信中國50,listed,27.5,27.65,27.13,27.32,-0.03,-0.1097,4254634,116879727,1202,TWSE,etf,false,true,false,false,false,false,false,false,false,security_type=etf;symbol_not_4_digit
2025-10-30,00753L,中信中國50正2,listed,13.93,14.05,13.54,13.74,-0.01,-0.0727,42090520,583444224,5074,TWSE,leveraged_inverse,false,true,true,false,true,false,false,false,false,security_type=leveraged_inverse;symbol_not_4_digit
2025-10-30,00757,統一FANG+,listed,125.2,126.0,124.55,125.15,0.7,0.5625,3440340,431433646,5135,TWSE,etf,false,true,false,false,false,false,false,false,false,security_type=etf;symbol_not_4_digit
2025-10-30,00762,元大全球AI,listed,89.65,90.05,89.25,89.7,0.7,0.7865,435940,39089140,1402,TWSE,etf,false,true,false,false,false,false,false,false,false,security_type=etf;symbol_not_4_digit
2025-10-30,00763U,期街口道瓊銅,listed,28.92,28.92,28.56,28.57,-0.06,-0.2096,1586537,45638351,506,TWSE,warrant,false,false,true,false,false,false,false,false,false,security_type=warrant;symbol_not_4_digit
2025-10-30,00770,國泰北美科技,listed,58.9,59.25,58.7,59.0,0.65,1.114,546580,32235928,1388,TWSE,etf,false,true,false,false,false,false,false,false,false,security_type=etf;symbol_not_4_digit
2025-10-30,00771,元大US高息特別股,listed,16.1,16.14,16.09,16.14,0.04,0.2484,69780,1123102,76,TWSE,preferred_stock,false,true,false,false,false,false,true,false,false,security_type=preferred_stock;symbol_not_4_digit
2025-10-30,00775B,台新投等債15+,listed,32.99,32.99,32.99,32.99,0.0,0.0,1000,32990,1,TWSE,bond_etf,false,true,true,true,false,false,false,false,false,security_type=bond_etf;symbol_not_4_digit
2025-10-30,00783,富邦中証500,listed,24.8,24.8,24.53,24.6,0.05,0.2037,199760,4917212,143,TWSE,etf,false,true,false,false,false,false,false,false,false,security_type=etf;symbol_not_4_digit
2025-10-30,00830,國泰費城半導體,listed,58.05,58.55,57.8,58.15,0.65,1.1304,19401385,1129439927,5855,TWSE,etf,false,true,false,false,false,false,false,false,false,security_type=etf;symbol_not_4_digit
2025-10-30,00850,元大臺灣ESG永續,listed,55.4,55.6,55.05,55.3,-0.05,-0.0903,699338,38702659,1013,TWSE,etf,false,true,false,false,false,false,false,false,false,security_type=etf;symbol_not_4_digit
2025-10-30,00851,台新全球AI,listed,56.7,56.75,56.55,56.65,0.15,0.2655,31267,1771199,106,TWSE,other,false,false,false,false,false,false,false,false,false,symbol_not_4_digit
2025-10-30,00852L,國泰美國道瓊正2,listed,29.85,29.98,29.71,29.92,0.07,0.2345,3242119,96801943,106,TWSE,leveraged_inverse,false,true,true,false,true,false,false,false,false,security_type=leveraged_inverse;symbol_not_4_digit
2025-10-30,00861,元大全球未來通訊,listed,53.55,54.2,53.55,53.75,0.2,0.3735,726384,39306744,194,TWSE,etf,false,true,false,false,false,false,false,false,false,security_type=etf;symbol_not_4_digit
2025-10-30,00865B,國泰US短期公債,listed,45.63,45.74,45.63,45.74,0.15,0.329,1959373,89560594,420,TWSE,bond_etf,false,true,true,true,false,false,false,false,false,security_type=bond_etf;symbol_not_4_digit
2025-10-30,00875,國泰網路資安,listed,39.56,39.76,39.49,39.56,-0.55,-1.3712,305291,12088376,251,TWSE,etf,false,true,false,false,false,false,false,false,false,security_type=etf;symbol_not_4_digit
2025-10-30,00876,元大全球5G,listed,49.1,49.75,49.1,49.52,0.32,0.6504,356937,17674747,739,TWSE,etf,false,true,false,false,false,false,false,false,false,security_type=etf;symbol_not_4_digit
2025-10-30,00878,國泰永續高股息,listed,21.74,21.76,21.61,21.75,-0.01,-0.046,51446681,1115494600,27016,TWSE,etf,false,true,false,false,false,false,false,false,false,security_type=etf;symbol_not_4_digit
2025-10-30,00881,國泰台灣科技龍頭,listed,32.32,32.46,31.88,32.17,-0.04,-0.1242,23107055,742492701,8773,TWSE,etf,false,true,false,false,false,false,false,false,false,security_type=etf;symbol_not_4_digit
2025-10-30,00882,中信中國高股息,listed,14.83,14.92,14.75,14.82,0.05,0.3385,11154945,165837277,2046,TWSE,etf,false,true,false,false,false,false,false,false,false,security_type=etf;symbol_not_4_digit
2025-10-30,00885,富邦越南,listed,16.66,16.66,16.39,16.46,-0.21,-1.2597,4362242,72006029,1933,TWSE,etf,false,true,false,false,false,false,false,false,false,security_type=etf;symbol_not_4_digit
2025-10-30,00891,中信關鍵半導體,listed,19.43,19.51,19.27,19.38,-0.05,-0.2573,7596254,147243403,3051,TWSE,etf,false,true,false,false,false,false,false,false,false,security_type=etf;symbol_not_4_digit
2025-10-30,00892,富邦台灣半導體,listed,20.95,21.02,20.66,20.78,-0.17,-0.8115,696036,14469065,451,TWSE,etf,false,true,false,false,false,false,false,false,false,security_type=etf;symbol_not_4_digit
2025-10-30,00893,國泰智能電動車,listed,34.02,34.3,34.0,34.13,0.25,0.7379,2963599,101230069,1402,TWSE,etf,false,true,false,false,false,false,false,false,false,security_type=etf;symbol_not_4_digit
2025-10-30,00894,中信小資高價30,listed,27.23,27.34,26.86,27.05,-0.03,-0.1108,2467060,66766294,1437,TWSE,etf,false,true,false,false,false,false,false,false,false,security_type=etf;symbol_not_4_digit
2025-10-30,00895,富邦未來車,listed,39.71,40.06,39.67,39.84,0.24,0.6061,1918629,76619514,1232,TWSE,etf,false,true,false,false,false,false,false,false,false,security_type=etf;symbol_not_4_digit
2025-10-30,00896,中信綠能及電動車,listed,20.16,20.2,19.81,19.99,-0.15,-0.7448,2197770,43953607,1102,TWSE,etf,false,true,false,false,false,false,false,false,false,security_type=etf;symbol_not_4_digit
2025-10-30,00897,富邦基因免疫生技,listed,8.12,8.14,8.09,8.12,-0.02,-0.2457,1160747,9417986,220,TWSE,etf,false,true,false,false,false,false,false,false,false,security_type=etf;symbol_not_4_digit
2025-10-30,00898,國泰基因免疫革命,listed,7.11,7.11,7.06,7.11,-0.06,-0.8368,1329010,9413087,213,TWSE,etf,false,true,false,false,false,false,false,false,false,security_type=etf;symbol_not_4_digit
2025-10-30,00899,FT潔淨能源,listed,20.14,20.36,20.14,20.29,-0.04,-0.1968,341300,6932431,255,TWSE,other,false,false,false,false,false,false,false,false,false,symbol_not_4_digit
2025-10-30,00900,富邦特選高股息30,listed,13.65,13.68,13.58,13.66,0.03,0.2201,15417013,209974995,3595,TWSE,etf,false,true,false,false,false,false,false,false,false,security_type=etf;symbol_not_4_digit
2025-10-30,00901,永豐智能車供應鏈,listed,27.85,28.01,27.59,27.8,0.01,0.036,304651,8467056,234,TWSE,etf,false,true,false,false,false,false,false,false,false,security_type=etf;symbol_not_4_digit
2025-10-30,00902,中信電池及儲能,listed,13.48,13.73,13.45,13.58,0.25,1.8755,7905205,107465098,2304,TWSE,etf,false,true,false,false,false,false,false,false,false,security_type=etf;symbol_not_4_digit
2025-10-30,00903,富邦元宇宙,listed,18.47,18.6,18.42,18.54,0.03,0.1621,1366845,25305175,294,TWSE,etf,false,true,false,false,false,false,false,false,false,security_type=etf;symbol_not_4_digit
2025-10-30,00904,台新臺灣半導體30,listed,21.55,21.62,21.28,21.46,0.03,0.14,3950567,84766636,998,TWSE,other,false,false,false,false,false,false,false,false,false,symbol_not_4_digit
2025-10-30,00905,FT臺灣Smart,listed,17.12,17.2,16.98,17.09,0.0,0.0,1789421,30566803,1021,TWSE,other,false,false,false,false,false,false,false,false,false,symbol_not_4_digit
2025-10-30,00907,永豐優息存股,listed,15.46,15.5,15.39,15.5,0.12,0.7802,1380202,21307248,262,TWSE,etf,false,true,false,false,false,false,false,false,false,security_type=etf;symbol_not_4_digit
2025-10-30,00908,富邦入息REITs+,listed,13.42,13.42,13.37,13.39,-0.06,-0.4461,481247,6441201,118,TWSE,etf,false,true,false,false,false,false,false,false,false,security_type=etf;symbol_not_4_digit
2025-10-30,00909,國泰數位支付服務,listed,49.53,49.53,48.81,49.12,-0.88,-1.76,7795051,383464763,9805,TWSE,etf,false,true,false,false,false,false,false,false,false,security_type=etf;symbol_not_4_digit
2025-10-30,00910,第一金太空衛星,listed,41.9,41.9,41.59,41.75,-0.16,-0.3818,2401135,100317836,6727,TWSE,other,false,false,false,false,false,false,false,false,false,symbol_not_4_digit
2025-10-30,00911,兆豐洲際半導體,listed,32.79,32.92,32.64,32.84,0.37,1.1395,517751,16997639,834,TWSE,etf,false,true,false,false,false,false,false,false,false,security_type=etf;symbol_not_4_digit
2025-10-30,00912,中信臺灣智慧50,listed,21.21,21.28,21.09,21.21,0.04,0.1889,854730,18131267,239,TWSE,etf,false,true,false,false,false,false,false,false,false,security_type=etf;symbol_not_4_digit
2025-10-30,00913,兆豐台灣晶圓製造,listed,23.78,23.78,23.48,23.55,0.0,0.0,143783,3405003,33,TWSE,etf,false,true,false,false,false,false,false,false,false,security_type=etf;symbol_not_4_digit
2025-10-30,00915,凱基優選高股息30,listed,22.53,22.53,22.37,22.5,-0.03,-0.1332,6003995,134806537,2618,TWSE,etf,false,true,false,false,false,false,false,false,false,security_type=etf;symbol_not_4_digit
2025-10-30,00916,國泰全球品牌50,listed,27.05,27.08,26.91,27.0,-0.08,-0.2954,663478,17910274,427,TWSE,etf,false,true,false,false,false,false,false,false,false,security_type=etf;symbol_not_4_digit
2025-10-30,00917,中信特選金融,listed,23.43,23.43,23.21,23.25,-0.18,-0.7682,180333,4197467,180,TWSE,etf,false,true,false,false,false,false,false,false,false,security_type=etf;symbol_not_4_digit
2025-10-30,00918,大華優利高填息30,listed,23.0,23.03,22.86,23.02,0.04,0.1741,17778836,408267031,5207,TWSE,other,false,false,false,false,false,false,false,false,false,symbol_not_4_digit
2025-10-30,00919,群益台灣精選高息,listed,21.67,21.69,21.55,21.68,0.13,0.6032,101547968,2197272278,25950,TWSE,etf,false,true,false,false,false,false,false,false,false,security_type=etf;symbol_not_4_digit
2025-10-30,00920,富邦ESG綠色電力,listed,18.51,18.51,18.29,18.35,0.09,0.4929,190728,3502796,166,TWSE,etf,false,true,false,false,false,false,false,false,false,security_type=etf;symbol_not_4_digit
2025-10-30,00921,兆豐龍頭等權重,listed,17.21,17.27,17.14,17.23,0.07,0.4079,525560,9037027,270,TWSE,etf,false,true,false,false,false,false,false,false,false,security_type=etf;symbol_not_4_digit
2025-10-30,00922,國泰台灣領袖50,listed,25.55,25.65,25.34,25.53,0.01,0.0392,15698706,400246559,6681,TWSE,etf,false,true,false,false,false,false,false,false,false,security_type=etf;symbol_not_4_digit
2025-10-30,00923,群益台ESG低碳50,listed,25.75,25.88,25.53,25.73,0.01,0.0389,3564430,91585997,1539,TWSE,etf,false,true,false,false,false,false,false,false,false,security_type=etf;symbol_not_4_digit
2025-10-30,00924,復華S&P500成長,listed,29.02,29.21,28.98,29.07,0.18,0.6231,3586088,104350103,1931,TWSE,etf,false,true,false,false,false,false,false,false,false,security_type=etf;symbol_not_4_digit
2025-10-30,00926,凱基全球菁英55,listed,24.23,24.42,24.23,24.35,0.32,1.3317,3187654,77546090,611,TWSE,etf,false,true,false,false,false,false,false,false,false,security_type=etf;symbol_not_4_digit
2025-10-30,00927,群益半導體收益,listed,21.22,21.3,21.02,21.2,0.08,0.3788,4939406,104610397,1565,TWSE,etf,false,true,false,false,false,false,false,false,false,security_type=etf;symbol_not_4_digit
2025-10-30,00929,復華台灣科技優息,listed,18.97,18.99,18.7,18.89,-0.12,-0.6312,34263404,645803277,7489,TWSE,etf,false,true,false,false,false,false,false,false,false,security_type=etf;symbol_not_4_digit
2025-10-30,00930,永豐ESG低碳高息,listed,17.7,17.72,17.53,17.64,-0.04,-0.2262,2974439,52408188,402,TWSE,etf,false,true,false,false,false,false,false,false,false,security_type=etf;symbol_not_4_digit
2025-10-30,00932,兆豐永續高息等權,listed,14.82,14.86,14.67,14.73,-0.07,-0.473,398362,5874564,328,TWSE,etf,false,true,false,false,false,false,false,false,false,security_type=etf;symbol_not_4_digit
2025-10-30,00934,中信成長高股息,listed,21.31,21.44,21.1,21.34,0.14,0.6604,6548137,139436518,1250,TWSE,etf,false,true,false,false,false,false,false,false,false,security_type=etf;symbol_not_4_digit
2025-10-30,00935,野村臺灣新科技50,listed,29.16,29.33,28.82,29.02,-0.09,-0.3092,6507349,188742375,2357,TWSE,other,false,false,false,false,false,false,false,false,false,symbol_not_4_digit
2025-10-30,00936,台新永續高息中小,listed,16.01,16.05,15.85,16.02,0.06,0.3759,3504889,56045342,1014,TWSE,other,false,false,false,false,false,false,false,false,false,symbol_not_4_digit
2025-10-30,00938,凱基優選30,listed,16.93,16.93,16.78,16.86,-0.02,-0.1185,1200826,20221653,243,TWSE,etf,false,true,false,false,false,false,false,false,false,security_type=etf;symbol_not_4_digit
2025-10-30,00939,統一台灣高息動能,listed,14.52,14.55,14.45,14.54,0.05,0.3451,15532619,225649534,3254,TWSE,etf,false,true,false,false,false,false,false,false,false,security_type=etf;symbol_not_4_digit
2025-10-30,00940,元大台灣價值高息,listed,9.69,9.78,9.69,9.77,0.09,0.9298,154039097,1500241457,19208,TWSE,etf,false,true,false,false,false,false,false,false,false,security_type=etf;symbol_not_4_digit
2025-10-30,00941,中信上游半導體,listed,16.72,16.85,16.7,16.76,0.1,0.6002,12394393,208060547,3758,TWSE,etf,false,true,false,false,false,false,false,false,false,security_type=etf;symbol_not_4_digit
2025-10-30,00943,兆豐電子高息等權,listed,15.11,15.13,14.9,14.95,-0.16,-1.0589,511222,7668621,160,TWSE,etf,false,true,false,false,false,false,false,false,false,security_type=etf;symbol_not_4_digit
2025-10-30,00944,野村趨勢動能高息,listed,14.25,14.28,14.17,14.22,-0.03,-0.2105,660563,9387238,300,TWSE,other,false,false,false,false,false,false,false,false,false,symbol_not_4_digit
2025-10-30,00945B,凱基美國非投等債,listed,14.16,14.18,14.16,14.17,0.02,0.1413,6245963,88513273,492,TWSE,bond_etf,false,true,true,true,false,false,false,false,false,security_type=bond_etf;symbol_not_4_digit
2025-10-30,00946,群益科技高息成長,listed,10.61,10.65,10.5,10.56,0.0,0.0,4626379,48902092,1067,TWSE,etf,false,true,false,false,false,false,false,false,false,security_type=etf;symbol_not_4_digit
2025-10-30,00947,台新臺灣IC設計,listed,17.07,17.11,16.61,16.83,-0.05,-0.2962,2250598,37856097,827,TWSE,other,false,false,false,false,false,false,false,false,false,symbol_not_4_digit
2025-10-30,00949,復華日本龍頭,listed,17.96,18.02,17.93,17.99,0.07,0.3906,2555783,45938003,416,TWSE,etf,false,true,false,false,false,false,false,false,false,security_type=etf;symbol_not_4_digit
2025-10-30,00951,台新日本半導體,listed,11.67,11.84,11.6,11.68,0.09,0.7765,6064923,71130596,1029,TWSE,other,false,false,false,false,false,false,false,false,false,symbol_not_4_digit
2025-10-30,00952,凱基台灣AI50,listed,11.99,12.02,11.82,11.93,0.0,0.0,3075186,36630673,908,TWSE,etf,false,true,false,false,false,false,false,false,false,security_type=etf;symbol_not_4_digit
2025-10-30,00953B,群益優選非投等債,listed,9.54,9.57,9.54,9.57,0.03,0.3145,20680024,197601318,3305,TWSE,bond_etf,false,true,true,true,false,false,false,false,false,security_type=bond_etf;symbol_not_4_digit
2025-10-30,00954,中信日本半導體,listed,12.51,12.55,12.28,12.3,0.01,0.0814,3298799,40996914,1115,TWSE,etf,false,true,false,false,false,false,false,false,false,security_type=etf;symbol_not_4_digit
2025-10-30,00956,中信日經高股息,listed,10.3,10.34,10.3,10.34,0.05,0.4859,194440,2008536,156,TWSE,etf,false,true,false,false,false,false,false,false,false,security_type=etf;symbol_not_4_digit
2025-10-30,00960,野村全球航運龍頭,listed,13.9,14.28,13.9,14.21,0.32,2.3038,2982220,42197755,1074,TWSE,other,false,false,false,false,false,false,false,false,false,symbol_not_4_digit
2025-10-30,00961,FT臺灣永續高息,listed,9.87,9.91,9.8,9.9,0.12,1.227,5675626,56025827,898,TWSE,other,false,false,false,false,false,false,false,false,false,symbol_not_4_digit
2025-10-30,00962,台新AI優息動能,listed,11.54,11.58,11.4,11.51,0.0,0.0,509993,5858046,307,TWSE,other,false,false,false,false,false,false,false,false,false,symbol_not_4_digit
2025-10-30,00963,中信全球高股息,listed,10.66,10.71,10.65,10.67,0.0,0.0,1474637,15745746,295,TWSE,etf,false,true,false,false,false,false,false,false,false,security_type=etf;symbol_not_4_digit
2025-10-30,00964,中信亞太高股息,listed,11.24,11.35,11.24,11.29,0.11,0.9839,1200294,13577961,126,TWSE,etf,false,true,false,false,false,false,false,false,false,security_type=etf;symbol_not_4_digit
2025-10-30,00965,元大航太防衛科技,listed,23.67,23.8,23.54,23.59,0.32,1.3752,12149100,287546041,4593,TWSE,etf,false,true,false,false,false,false,false,false,false,security_type=etf;symbol_not_4_digit
2025-10-30,00971,野村美國研發龍頭,listed,17.05,17.23,17.05,17.17,0.17,1.0,1353999,23242534,440,TWSE,other,false,false,false,false,false,false,false,false,false,symbol_not_4_digit
2025-10-30,00972,野村日本動能高息,listed,15.96,16.0,15.95,16.0,0.08,0.5025,124933,1995478,37,TWSE,other,false,false,false,false,false,false,false,false,false,symbol_not_4_digit
2025-10-30,009800,中信NASDAQ,listed,11.15,11.21,11.11,11.17,0.07,0.6306,4156605,46403184,1076,TWSE,etf,false,true,false,false,false,false,false,false,false,security_type=etf;symbol_not_4_digit
2025-10-30,009801,中信美國創新科技,listed,11.49,11.58,11.47,11.53,0.07,0.6108,5010568,57744964,770,TWSE,etf,false,true,false,false,false,false,false,false,false,security_type=etf;symbol_not_4_digit
2025-10-30,009802,富邦旗艦50,listed,11.32,11.32,11.12,11.24,-0.03,-0.2662,6221145,69791434,987,TWSE,etf,false,true,false,false,false,false,false,false,false,security_type=etf;symbol_not_4_digit
2025-10-30,009803,玉山市值動能50,listed,13.16,13.2,13.06,13.15,0.05,0.3817,3011751,39549408,522,TWSE,other,false,false,false,false,false,false,false,false,false,symbol_not_4_digit
2025-10-30,009804,聯邦台精彩50,listed,14.47,14.54,14.35,14.46,0.02,0.1385,849479,12273355,389,TWSE,other,false,false,false,false,false,false,false,false,false,symbol_not_4_digit
2025-10-30,009805,台新美國電力基建,listed,12.86,12.95,12.85,12.89,0.22,1.7364,16050671,206976144,3521,TWSE,other,false,false,false,false,false,false,false,false,false,symbol_not_4_digit
2025-10-30,009808,華南永昌優選50,listed,19.95,20.01,19.8,19.92,0.0,0.0,1062172,21132628,132,TWSE,other,false,false,false,false,false,false,false,false,false,symbol_not_4_digit
2025-10-30,009809,富邦淨零ESG50,listed,10.49,10.53,10.42,10.49,0.0,0.0,1724633,18067228,269,TWSE,etf,false,true,false,false,false,false,false,false,false,security_type=etf;symbol_not_4_digit
2025-10-30,00980A,主動野村臺灣優選,listed,14.65,14.76,14.53,14.68,0.07,0.4791,10834574,158644851,2134,TWSE,etf,false,true,true,false,false,false,false,false,false,security_type=etf;symbol_not_4_digit
2025-10-30,009810,玉山全球藍籌100,listed,18.1,18.22,18.1,18.13,0.18,1.0028,1632854,29652696,239,TWSE,other,false,false,false,false,false,false,false,false,false,symbol_not_4_digit
2025-10-30,009811,統一美國50,listed,11.72,11.78,11.69,11.75,0.1,0.8584,9722224,114111519,2997,TWSE,etf,false,true,false,false,false,false,false,false,false,security_type=etf;symbol_not_4_digit
2025-10-30,009812,野村日本東證,listed,10.31,10.33,10.28,10.29,0.02,0.1947,3073897,31681123,355,TWSE,other,false,false,false,false,false,false,false,false,false,symbol_not_4_digit
2025-10-30,009813,貝萊德標普卓越50,listed,10.55,10.63,10.54,10.56,0.08,0.7634,45425331,480371353,8566,TWSE,other,false,false,false,false,false,false,false,false,false,symbol_not_4_digit
2025-10-30,00981A,主動統一台股增長,listed,15.41,15.55,15.22,15.45,0.13,0.8486,82045169,1261478675,19073,TWSE,etf,false,true,true,false,false,false,false,false,false,security_type=etf;symbol_not_4_digit
2025-10-30,00981T,平衡凱基雙核收息,listed,10.44,10.45,10.41,10.44,-0.01,-0.0957,3467292,36169562,479,TWSE,etf,false,true,true,false,false,false,false,false,false,security_type=etf;symbol_not_4_digit
2025-10-30,00982A,主動群益台灣強棒,listed,14.45,14.6,14.28,14.43,0.05,0.3477,50486272,727869800,10410,TWSE,etf,false,true,true,false,false,false,false,false,false,security_type=etf;symbol_not_4_digit
2025-10-30,00982D,主動富邦動態入息,listed,10.09,10.12,10.08,10.12,-0.02,-0.1972,3454990,34889600,300,TWSE,etf,false,true,true,false,false,false,false,false,false,security_type=etf;symbol_not_4_digit
2025-10-30,00983A,主動中信ARK創新,listed,13.27,13.33,13.18,13.29,0.02,0.1507,10671114,141454390,1938,TWSE,etf,false,true,true,false,false,false,false,false,false,security_type=etf;symbol_not_4_digit
2025-10-30,00983D,主動富邦複合收益,listed,10.06,10.11,10.06,10.11,-0.01,-0.0988,4141194,41814143,233,TWSE,etf,false,true,true,false,false,false,false,false,false,security_type=etf;symbol_not_4_digit
2025-10-30,00984A,主動安聯台灣高息,listed,10.63,10.66,10.53,10.6,-0.01,-0.0943,7299165,77315238,1901,TWSE,etf,false,true,true,false,false,false,false,false,false,security_type=etf;symbol_not_4_digit
2025-10-30,00985A,主動野村台灣50,listed,12.78,12.85,12.6,12.73,0.01,0.0786,16346536,207751844,4277,TWSE,etf,false,true,true,false,false,false,false,false,false,security_type=etf;symbol_not_4_digit
2025-10-30,00985B,群益ESG投等債0-5,listed,10.04,10.09,10.04,10.09,0.03,0.2982,16410707,165361828,808,TWSE,bond_etf,false,true,true,true,false,false,false,false,false,security_type=bond_etf;symbol_not_4_digit
2025-10-30,00986A,主動台新龍頭成長,listed,11.47,11.56,11.46,11.52,0.18,1.5873,2645592,30457219,628,TWSE,etf,false,true,true,false,false,false,false,false,false,security_type=etf;symbol_not_4_digit
2025-10-30,00989A,主動摩根美國科技,listed,15.93,15.98,15.84,15.91,0.04,0.252,8172959,130141016,1955,TWSE,etf,false,true,true,false,false,false,false,false,false,security_type=etf;symbol_not_4_digit
2025-10-30,01001T,土銀富邦R1,listed,12.39,12.39,12.39,12.39,-0.01,-0.0806,2040,25274,3,TWSE,etf,false,true,true,false,false,false,false,false,false,security_type=etf;symbol_not_4_digit
2025-10-30,01002T,土銀國泰R1,listed,14.6,14.6,14.6,14.6,0.04,0.2747,3000,43800,2,TWSE,etf,false,true,true,false,false,false,false,false,false,security_type=etf;symbol_not_4_digit
2025-10-30,01004T,土銀富邦R2,listed,11.2,11.2,11.11,11.12,-0.1,-0.8913,98140,1093350,20,TWSE,etf,false,true,true,false,false,false,false,false,false,security_type=etf;symbol_not_4_digit
2025-10-30,01007T,兆豐國泰R2,listed,14.12,14.12,14.12,14.12,-0.02,-0.1414,1000,14120,1,TWSE,etf,false,true,true,false,false,false,false,false,false,security_type=etf;symbol_not_4_digit
2025-10-30,01009T,王道圓滿R1,listed,7.05,7.2,7.02,7.2,0.12,1.6949,34091,239809,9,TWSE,warrant,false,false,true,false,false,false,false,false,false,security_type=warrant;symbol_not_4_digit
2025-10-30,01010T,京城樂富R1,listed,10.01,10.01,10.01,10.01,0.0,0.0,50279,503293,3,TWSE,warrant,false,false,true,false,false,false,false,false,false,security_type=warrant;symbol_not_4_digit
2025-10-30,020000,富邦特選蘋果N,listed,,,,,0.0,,0,0,0,TWSE,etf,false,true,false,false,false,false,false,false,false,security_type=etf;symbol_not_4_digit;invalid_close;invalid_volume;invalid_turnover
2025-10-30,020011,統一微波高息20N,listed,,,,,0.0,,0,0,0,TWSE,etf,false,true,false,false,false,false,false,false,false,security_type=etf;symbol_not_4_digit;invalid_close;invalid_volume;invalid_turnover
2025-10-30,020012,富邦行動通訊N,listed,,,,,0.0,,0,0,0,TWSE,etf,false,true,false,false,false,false,false,false,false,security_type=etf;symbol_not_4_digit;invalid_close;invalid_volume;invalid_turnover
2025-10-30,02001L,富邦蘋果正二N,listed,55.6,55.6,53.0,54.3,-1.2,-2.1622,94000,5065950,50,TWSE,etf,false,true,true,false,false,false,false,false,false,security_type=etf;symbol_not_4_digit
2025-10-30,02001R,富邦蘋果反一N,listed,0.84,0.86,0.84,0.85,0.01,1.1905,48000,40810,6,TWSE,etf,false,true,true,false,false,false,false,false,false,security_type=etf;symbol_not_4_digit
2025-10-30,02001S,策元大加權策略N,listed,,,,,0.0,,0,0,0,TWSE,etf,false,true,true,false,false,false,false,false,false,security_type=etf;symbol_not_4_digit;invalid_close;invalid_volume;invalid_turnover
2025-10-30,020020,元大台股領航N,listed,15.62,15.64,15.55,15.55,-0.12,-0.7658,12000,187200,7,TWSE,etf,false,true,false,false,false,false,false,false,false,security_type=etf;symbol_not_4_digit
2025-10-30,020028,元大特選電動車N,listed,13.67,13.67,13.47,13.6,-0.25,-1.8051,110000,1496770,16,TWSE,etf,false,true,false,false,false,false,false,false,false,security_type=etf;symbol_not_4_digit
2025-10-30,020029,元大ESG高股息N,listed,9.65,9.65,9.6,9.65,0.05,0.5208,73000,703780,9,TWSE,etf,false,true,false,false,false,false,false,false,false,security_type=etf;symbol_not_4_digit
2025-10-30,020030,統一智慧電動車N,listed,8.5,8.5,8.45,8.47,0.01,0.1182,64000,542870,5,TWSE,etf,false,true,false,false,false,false,false,false,false,security_type=etf;symbol_not_4_digit
2025-10-30,020031,統一IC設計臺灣N,listed,6.15,6.15,6.15,6.15,0.0,0.0,13000,79950,3,TWSE,etf,false,true,false,false,false,false,false,false,false,security_type=etf;symbol_not_4_digit
2025-10-30,020032,元大綠能N,listed,7.9,7.92,7.9,7.92,-0.06,-0.7519,9000,71120,2,TWSE,etf,false,true,false,false,false,false,false,false,false,security_type=etf;symbol_not_4_digit
2025-10-30,020034,元大IC設計N,listed,7.25,7.25,7.18,7.18,-0.13,-1.7784,55000,397150,11,TWSE,etf,false,true,false,false,false,false,false,false,false,security_type=etf;symbol_not_4_digit
2025-10-30,020036,元大金融配息N,listed,7.23,7.23,7.16,7.16,-0.05,-0.6935,8000,57530,6,TWSE,etf,false,true,false,false,false,false,false,false,false,security_type=etf;symbol_not_4_digit
2025-10-30,020037,元大金融高股息N,listed,7.67,7.67,7.64,7.64,-0.05,-0.6502,9000,68820,3,TWSE,etf,false,true,false,false,false,false,false,false,false,security_type=etf;symbol_not_4_digit
2025-10-30,020038,元大ESG配息N,listed,7.95,7.98,7.95,7.98,0.03,0.3774,28000,223360,6,TWSE,etf,false,true,false,false,false,false,false,false,false,security_type=etf;symbol_not_4_digit
2025-10-30,020039,元大加權N,listed,8.98,8.98,8.91,8.91,0.0,0.0,8000,71370,3,TWSE,etf,false,true,false,false,false,false,false,false,false,security_type=etf;symbol_not_4_digit
2025-10-30,1101,台泥,listed,22.55,22.65,22.25,22.3,-0.25,-1.1086,26494384,592095240,11878,TWSE,common_stock,true,false,false,false,false,false,false,false,true,
2025-10-30,1101B,台泥乙特,listed,45.55,45.55,45.45,45.55,0.0,0.0,8430,383178,17,TWSE,warrant,false,false,true,false,false,false,false,false,false,security_type=warrant;symbol_not_4_digit
2025-10-30,1102,亞泥,listed,36.2,36.5,35.95,36.45,0.25,0.6906,6553095,236874979,3297,TWSE,common_stock,true,false,false,false,false,false,false,false,true,
2025-10-30,1103,嘉泥,listed,13.05,13.1,13.0,13.0,-0.05,-0.3831,266505,3474548,220,TWSE,common_stock,true,false,false,false,false,false,false,false,true,
2025-10-30,1104,環泥,listed,31.6,31.7,31.2,31.3,-0.25,-0.7924,513748,16142545,884,TWSE,common_stock,true,false,false,false,false,false,false,false,true,
2025-10-30,1108,幸福,listed,14.95,15.0,14.95,14.95,0.0,0.0,139713,2091589,77,TWSE,common_stock,true,false,false,false,false,false,false,false,true,
2025-10-30,1109,信大,listed,15.6,15.7,15.55,15.6,-0.05,-0.3195,99520,1556515,70,TWSE,common_stock,true,false,false,false,false,false,false,false,true,
2025-10-30,1110,東泥,listed,16.5,16.6,16.3,16.55,0.05,0.303,129363,2130752,118,TWSE,common_stock,true,false,false,false,false,false,false,false,true,
2025-10-30,1201,味全,listed,15.15,15.15,15.0,15.1,-0.05,-0.33,241491,3639371,228,TWSE,common_stock,true,false,false,false,false,false,false,false,true,
2025-10-30,1203,味王,listed,39.65,40.0,39.3,39.3,-0.35,-0.8827,20437,808458,44,TWSE,common_stock,true,false,false,false,false,false,false,false,true,
2025-10-30,1210,大成,listed,52.2,52.3,51.6,52.0,-0.2,-0.3831,2841327,147525107,2191,TWSE,common_stock,true,false,false,false,false,false,false,false,true,
2025-10-30,1213,大飲,listed,10.8,11.0,10.8,10.85,-0.2,-1.81,12764,139191,13,TWSE,common_stock,true,false,false,false,false,false,false,false,true,
2025-10-30,1215,卜蜂,listed,137.5,138.0,136.0,137.0,-0.5,-0.3636,938163,128553522,1044,TWSE,common_stock,true,false,false,false,false,false,false,false,true,
2025-10-30,1216,統一,listed,78.4,79.6,78.4,79.6,0.8,1.0152,6289153,497481780,4298,TWSE,etf,false,true,false,false,false,false,false,false,false,security_type=etf
2025-10-30,1217,愛之味,listed,10.3,10.35,10.25,10.35,0.0,0.0,487410,5024452,343,TWSE,common_stock,true,false,false,false,false,false,false,false,true,
2025-10-30,1218,泰山,listed,18.55,18.55,18.3,18.5,-0.05,-0.2695,989179,18189076,673,TWSE,common_stock,true,false,false,false,false,false,false,false,true,
2025-10-30,1219,福壽,listed,13.7,13.7,13.55,13.65,-0.05,-0.365,410627,5587116,259,TWSE,common_stock,true,false,false,false,false,false,false,false,true,
2025-10-30,1220,台榮,listed,13.1,13.1,12.95,13.0,0.0,0.0,92208,1199558,69,TWSE,common_stock,true,false,false,false,false,false,false,false,true,
2025-10-30,1225,福懋油,listed,30.6,30.6,30.1,30.1,-0.55,-1.7945,83020,2516553,168,TWSE,common_stock,true,false,false,false,false,false,false,false,true,
2025-10-30,1227,佳格,listed,31.15,31.4,31.1,31.15,0.0,0.0,467580,14601118,426,TWSE,common_stock,true,false,false,false,false,false,false,false,true,
2025-10-30,1229,聯華,listed,48.35,48.75,48.1,48.35,0.0,0.0,1361759,65998085,1688,TWSE,common_stock,true,false,false,false,false,false,false,false,true,
2025-10-30,1231,聯華食,listed,112.5,112.5,110.5,111.0,-2.0,-1.7699,387787,43109234,1545,TWSE,common_stock,true,false,false,false,false,false,false,false,true,
2025-10-30,1232,大統益,listed,145.0,145.0,144.0,144.0,-2.0,-1.3699,121187,17524458,489,TWSE,common_stock,true,false,false,false,false,false,false,false,true,
2025-10-30,1233,天仁,listed,30.85,30.85,30.7,30.7,-0.1,-0.3247,7048,217020,9,TWSE,common_stock,true,false,false,false,false,false,false,false,true,
2025-10-30,1234,黑松,listed,37.45,37.5,37.3,37.35,-0.15,-0.4,175829,6572097,154,TWSE,common_stock,true,false,false,false,false,false,false,false,true,
2025-10-30,1235,興泰,listed,53.0,53.0,50.0,51.0,-2.5,-4.6729,42040,2166418,57,TWSE,common_stock,true,false,false,false,false,false,false,false,true,
2025-10-30,1236,宏亞,listed,26.4,26.45,26.25,26.4,-0.1,-0.3774,37514,989699,70,TWSE,common_stock,true,false,false,false,false,false,false,false,true,
2025-10-30,1256,鮮活果汁-KY,listed,148.0,148.0,145.0,145.5,-2.5,-1.6892,114202,16684732,752,TWSE,common_stock,true,false,false,false,false,false,false,false,true,
2025-10-30,1301,台塑,listed,39.5,39.65,38.7,39.2,0.05,0.1277,10955854,427444460,6046,TWSE,common_stock,true,false,false,false,false,false,false,false,true,
2025-10-30,1303,南亞,listed,42.3,42.6,41.4,41.95,0.0,0.0,21420066,897703279,10444,TWSE,common_stock,true,false,false,false,false,false,false,false,true,
2025-10-30,1304,台聚,listed,10.95,11.05,10.55,10.65,-0.25,-2.2936,2368125,25300327,1212,TWSE,common_stock,true,false,false,false,false,false,false,false,true,
2025-10-30,1305,華夏,listed,11.3,11.35,11.05,11.1,-0.2,-1.7699,917076,10220195,491,TWSE,common_stock,true,false,false,false,false,false,false,false,true,
2025-10-30,1307,三芳,listed,31.05,31.25,30.5,30.5,-0.7,-2.2436,1199268,36933513,926,TWSE,common_stock,true,false,false,false,false,false,false,false,true,
2025-10-30,1308,亞聚,listed,13.15,13.3,12.7,12.85,-0.1,-0.7722,1828069,23548076,932,TWSE,common_stock,true,false,false,false,false,false,false,false,true,
2025-10-30,1309,台達化,listed,11.25,11.25,11.05,11.15,-0.1,-0.8889,497526,5538249,288,TWSE,common_stock,true,false,false,false,false,false,false,false,true,
2025-10-30,1310,台苯,listed,8.75,8.83,8.63,8.64,-0.11,-1.2571,668248,5794974,412,TWSE,common_stock,true,false,false,false,false,false,false,false,true,
2025-10-30,1312,國喬,listed,10.55,10.65,10.45,10.5,-0.05,-0.4739,1919224,20168576,715,TWSE,common_stock,true,false,false,false,false,false,false,false,true,
2025-10-30,1312A,國喬特,listed,,,,,0.0,,0,0,0,TWSE,warrant,false,false,true,false,false,false,false,false,false,security_type=warrant;symbol_not_4_digit;invalid_close;invalid_volume;invalid_turnover
2025-10-30,1313,聯成,listed,10.3,10.4,10.2,10.3,0.05,0.4878,1243643,12779173,502,TWSE,common_stock,true,false,false,false,false,false,false,false,true,
2025-10-30,1314,中石化,listed,7.72,7.75,7.6,7.64,-0.04,-0.5208,15929292,122049627,4111,TWSE,common_stock,true,false,false,false,false,false,false,false,true,
2025-10-30,1315,達新,listed,64.4,64.5,64.1,64.5,0.0,0.0,8656,555982,15,TWSE,common_stock,true,false,false,false,false,false,false,false,true,
2025-10-30,1316,上曜,listed,15.9,15.9,15.55,15.7,-0.2,-1.2579,3097165,48555303,1258,TWSE,common_stock,true,false,false,false,false,false,false,false,true,
2025-10-30,1319,東陽,listed,97.1,97.1,95.4,96.7,0.0,0.0,1871310,179765285,1785,TWSE,common_stock,true,false,false,false,false,false,false,false,true,
2025-10-30,1321,大洋,listed,36.05,36.05,35.65,35.75,-0.15,-0.4178,101026,3615582,49,TWSE,common_stock,true,false,false,false,false,false,false,false,true,
2025-10-30,1323,永裕,listed,19.7,19.7,19.65,19.7,0.0,0.0,9035,177789,10,TWSE,common_stock,true,false,false,false,false,false,false,false,true,
2025-10-30,1324,地球,listed,11.85,11.85,11.1,11.1,-0.6,-5.1282,225879,2561106,240,TWSE,common_stock,true,false,false,false,false,false,false,false,true,
2025-10-30,1325,恆大,listed,30.7,30.7,30.2,30.45,0.0,0.0,219005,6648747,225,TWSE,common_stock,true,false,false,false,false,false,false,false,true,
2025-10-30,1326,台化,listed,30.4,30.8,29.85,30.2,-0.15,-0.4942,7307376,219859003,3841,TWSE,common_stock,true,false,false,false,false,false,false,false,true,
2025-10-30,1337,再生-KY,listed,5.04,5.1,4.99,5.01,-0.03,-0.5952,631869,3162633,289,TWSE,common_stock,true,false,false,false,false,false,false,false,true,
2025-10-30,1338,廣華-KY,listed,21.65,21.65,21.35,21.5,-0.05,-0.232,37218,799491,53,TWSE,common_stock,true,false,false,false,false,false,false,false,true,
2025-10-30,1339,昭輝,listed,44.8,44.85,43.25,44.4,-0.4,-0.8929,37208,1635575,83,TWSE,common_stock,true,false,false,false,false,false,false,false,true,
2025-10-30,1340,勝悅-KY,listed,6.67,6.78,6.47,6.5,-0.17,-2.5487,229751,1513194,178,TWSE,common_stock,true,false,false,false,false,false,false,false,true,
2025-10-30,1341,富林-KY,listed,60.0,60.0,58.3,58.3,-1.7,-2.8333,2004,118532,6,TWSE,common_stock,true,false,false,false,false,false,false,false,true,
2025-10-30,1342,八貫,listed,81.7,82.0,80.7,81.1,-0.5,-0.6127,155688,12637984,235,TWSE,common_stock,true,false,false,false,false,false,false,false,true,
2025-10-30,1402,遠東新,listed,27.0,27.1,26.8,26.95,-0.1,-0.3697,10865266,292559122,4981,TWSE,common_stock,true,false,false,false,false,false,false,false,true,
2025-10-30,1409,新纖,listed,13.95,14.05,13.55,13.6,-0.3,-2.1583,6800358,93225691,2049,TWSE,common_stock,true,false,false,false,false,false,false,false,true,
2025-10-30,1410,南染,listed,34.3,34.9,34.25,34.25,-0.2,-0.5806,6000,206750,6,TWSE,common_stock,true,false,false,false,false,false,false,false,true,
2025-10-30,1413,宏洲,listed,10.35,10.35,10.3,10.35,0.0,0.0,26000,267900,9,TWSE,common_stock,true,false,false,false,false,false,false,false,true,
2025-10-30,1414,東和,listed,17.7,17.8,17.3,17.75,0.1,0.5666,200596,3536545,154,TWSE,common_stock,true,false,false,false,false,false,false,false,true,
2025-10-30,1416,廣豐,listed,11.25,11.3,11.2,11.2,-0.05,-0.4444,132672,1492616,78,TWSE,common_stock,true,false,false,false,false,false,false,false,true,
2025-10-30,1417,嘉裕,listed,8.02,8.11,8.02,8.04,0.02,0.2494,73029,588785,93,TWSE,common_stock,true,false,false,false,false,false,false,false,true,
2025-10-30,1418,東華,listed,20.1,20.2,20.05,20.1,-0.2,-0.9852,33011,664070,24,TWSE,common_stock,true,false,false,false,false,false,false,false,true,
2025-10-30,1419,新紡,listed,62.2,63.6,58.8,59.5,1.6,2.7634,3335286,204618704,2306,TWSE,common_stock,true,false,false,false,false,false,false,false,true,
2025-10-30,1423,利華,listed,38.0,38.0,37.9,37.9,-0.1,-0.2632,47058,1785819,23,TWSE,common_stock,true,false,false,false,false,false,false,false,true,
2025-10-30,1432,大魯閣,listed,17.55,17.55,17.35,17.35,-0.15,-0.8571,87857,1530407,201,TWSE,common_stock,true,false,false,false,false,false,false,false,true,
2025-10-30,1434,福懋,listed,15.2,15.25,15.0,15.05,-0.2,-1.3115,1423951,21475466,933,TWSE,common_stock,true,false,false,false,false,false,false,false,true,
2025-10-30,1435,中福,listed,25.9,25.9,25.85,25.85,-0.25,-0.9579,3007,77777,6,TWSE,common_stock,true,false,false,false,false,false,false,false,true,
2025-10-30,1436,華友聯,listed,62.7,63.1,62.0,62.5,0.0,0.0,138065,8614846,323,TWSE,common_stock,true,false,false,false,false,false,false,false,true,
2025-10-30,1437,勤益控,listed,30.1,30.25,30.05,30.25,0.1,0.3317,119185,3593126,63,TWSE,common_stock,true,false,false,false,false,false,false,false,true,
2025-10-30,1438,三地開發,listed,36.8,37.45,36.7,37.45,0.65,1.7663,21955,809212,28,TWSE,common_stock,true,false,false,false,false,false,false,false,true,
2025-10-30,1439,雋揚,listed,28.4,28.4,27.9,27.95,-0.2,-0.7105,20040,561770,11,TWSE,common_stock,true,false,false,false,false,false,false,false,true,
2025-10-30,1440,南紡,listed,12.7,12.85,12.65,12.7,0.0,0.0,489325,6216834,340,TWSE,common_stock,true,false,false,false,false,false,false,false,true,
2025-10-30,1441,大東,listed,11.0,11.0,10.95,10.95,-0.05,-0.4545,23278,256206,96,TWSE,common_stock,true,false,false,false,false,false,false,false,true,
2025-10-30,1442,名軒,listed,35.6,36.3,35.4,35.8,0.2,0.5618,585599,20904613,450,TWSE,common_stock,true,false,false,false,false,false,false,false,true,
2025-10-30,1443,立益物流,listed,27.45,27.45,26.65,26.65,-0.65,-2.381,6002,162654,8,TWSE,common_stock,true,false,false,false,false,false,false,false,true,
2025-10-30,1444,力麗,listed,6.57,6.61,6.5,6.54,-0.03,-0.4566,827980,5407124,389,TWSE,common_stock,true,false,false,false,false,false,false,false,true,
2025-10-30,1445,大宇,listed,14.3,14.8,14.3,14.45,0.15,1.049,53323,779211,43,TWSE,common_stock,true,false,false,false,false,false,false,false,true,
2025-10-30,1446,宏和,listed,18.7,18.7,18.2,18.25,-0.2,-1.084,95461,1745120,84,TWSE,common_stock,true,false,false,false,false,false,false,false,true,
2025-10-30,1447,力鵬,listed,5.61,5.65,5.53,5.59,-0.02,-0.3565,597851,3328836,524,TWSE,common_stock,true,false,false,false,false,false,false,false,true,
2025-10-30,1449,佳和,listed,11.6,11.7,11.4,11.4,-0.1,-0.8696,530855,6118267,294,TWSE,common_stock,true,false,false,false,false,false,false,false,true,
2025-10-30,1451,年興,listed,16.95,17.0,16.7,16.8,-0.15,-0.885,371962,6247021,359,TWSE,common_stock,true,false,false,false,false,false,false,false,true,
2025-10-30,1452,宏益,listed,11.6,11.65,11.5,11.55,-0.15,-1.2821,136747,1584143,84,TWSE,common_stock,true,false,false,false,false,false,false,false,true,
2025-10-30,1453,大將,listed,13.1,13.1,12.95,13.0,-0.1,-0.7634,45576,592551,113,TWSE,common_stock,true,false,false,false,false,false,false,false,true,
2025-10-30,1454,台富,listed,13.15,13.3,13.15,13.15,-0.1,-0.7547,14535,192257,60,TWSE,common_stock,true,false,false,false,false,false,false,false,true,
2025-10-30,1455,集盛,listed,7.91,7.91,7.83,7.83,-0.08,-1.0114,570341,4488782,343,TWSE,common_stock,true,false,false,false,false,false,false,false,true,
2025-10-30,1456,怡華,listed,12.15,12.6,12.15,12.6,0.25,2.0243,20679,256095,29,TWSE,common_stock,true,false,false,false,false,false,false,false,true,
2025-10-30,1457,宜進,listed,16.3,16.4,16.3,16.3,-0.05,-0.3058,38357,626460,49,TWSE,common_stock,true,false,false,false,false,false,false,false,true,
2025-10-30,1459,聯發,listed,12.0,12.0,11.85,11.85,0.0,0.0,239890,2862998,118,TWSE,common_stock,true,false,false,false,false,false,false,false,true,
2025-10-30,1460,宏遠,listed,5.73,5.74,5.7,5.74,0.01,0.1745,232007,1326133,154,TWSE,common_stock,true,false,false,false,false,false,false,false,true,
2025-10-30,1463,強盛新,listed,16.95,17.05,16.8,17.0,-0.05,-0.2933,132897,2250636,294,TWSE,common_stock,true,false,false,false,false,false,false,false,true,
2025-10-30,1464,得力,listed,11.1,11.15,10.95,11.0,-0.1,-0.9009,977313,10775355,425,TWSE,common_stock,true,false,false,false,false,false,false,false,true,
2025-10-30,1465,偉全,listed,12.9,13.3,12.85,13.15,0.1,0.7663,90815,1191447,96,TWSE,common_stock,true,false,false,false,false,false,false,false,true,
2025-10-30,1466,聚隆,listed,16.4,16.4,15.55,15.7,-0.7,-4.2683,405212,6415760,260,TWSE,common_stock,true,false,false,false,false,false,false,false,true,
2025-10-30,1467,南緯,listed,7.27,7.27,7.21,7.25,-0.02,-0.2751,122405,886298,128,TWSE,common_stock,true,false,false,false,false,false,false,false,true,
2025-10-30,1468,昶和,listed,11.75,11.85,11.6,11.7,-0.05,-0.4255,40038,470029,36,TWSE,common_stock,true,false,false,false,false,false,false,false,true,
2025-10-30,1470,大統新創,listed,22.1,22.1,22.1,22.1,-0.55,-2.4283,2000,44200,2,TWSE,common_stock,true,false,false,false,false,false,false,false,true,
2025-10-30,1471,首利,listed,9.15,9.15,9.0,9.03,-0.12,-1.3115,235154,2130451,158,TWSE,common_stock,true,false,false,false,false,false,false,false,true,
2025-10-30,1472,三洋實業,listed,90.7,91.3,90.5,90.5,-0.2,-0.2205,37291,3393092,24,TWSE,common_stock,true,false,false,false,false,false,false,false,true,
2025-10-30,1473,台南,listed,28.0,28.0,27.4,27.45,-0.35,-1.259,238979,6604585,206,TWSE,common_stock,true,false,false,false,false,false,false,false,true,
2025-10-30,1474,弘裕,listed,11.25,11.25,11.05,11.1,0.0,0.0,41615,464504,57,TWSE,common_stock,true,false,false,false,false,false,false,false,true,
2025-10-30,1475,業旺,listed,39.0,39.0,37.45,37.55,-1.45,-3.7179,29473,1116278,38,TWSE,common_stock,true,false,false,false,false,false,false,false,true,
2025-10-30,1476,儒鴻,listed,426.5,426.5,410.0,413.0,-11.0,-2.5943,574923,238529699,1174,TWSE,common_stock,true,false,false,false,false,false,false,false,true,
2025-10-30,1477,聚陽,listed,276.5,278.5,270.0,271.5,-4.5,-1.6304,1060139,288074750,1220,TWSE,common_stock,true,false,false,false,false,false,false,false,true,
2025-10-30,1503,士電,listed,177.0,184.0,176.5,181.5,6.5,3.7143,6861238,1243782046,5935,TWSE,common_stock,true,false,false,false,false,false,false,false,true,
2025-10-30,1504,東元,listed,116.0,118.0,114.5,116.5,2.0,1.7467,47827870,5563721039,29199,TWSE,common_stock,true,false,false,false,false,false,false,false,true,
2025-10-30,1506,正道,listed,12.1,12.1,11.85,12.0,-0.2,-1.6393,227838,2716345,130,TWSE,common_stock,true,false,false,false,false,false,false,false,true,
2025-10-30,1512,瑞利,listed,7.64,7.78,7.61,7.77,-0.01,-0.1285,33113,253407,39,TWSE,common_stock,true,false,false,false,false,false,false,false,true,
2025-10-30,1513,中興電,listed,149.5,152.0,148.0,151.0,3.0,2.027,6037955,909992670,4390,TWSE,common_stock,true,false,false,false,false,false,false,false,true,
2025-10-30,1514,亞力,listed,98.2,102.0,98.2,100.5,2.6,2.6558,3351445,337422735,3300,TWSE,common_stock,true,false,false,false,false,false,false,false,true,
2025-10-30,1515,力山,listed,27.95,28.0,27.7,27.75,-0.15,-0.5376,175796,4894430,145,TWSE,common_stock,true,false,false,false,false,false,false,false,true,
2025-10-30,1516,川飛,listed,16.6,17.1,16.0,16.4,-0.3,-1.7964,114260,1875692,95,TWSE,common_stock,true,false,false,false,false,false,false,false,true,
2025-10-30,1517,利奇,listed,11.9,12.15,11.85,12.15,0.15,1.25,412761,4952269,255,TWSE,common_stock,true,false,false,false,false,false,false,false,true,
2025-10-30,1519,華城,listed,609.0,658.0,608.0,650.0,46.0,7.6159,11475978,7332589695,20046,TWSE,common_stock,true,false,false,false,false,false,false,false,true,
2025-10-30,1521,大億,listed,25.2,25.25,25.05,25.1,-0.05,-0.1988,22512,565995,32,TWSE,common_stock,true,false,false,false,false,false,false,false,true,
2025-10-30,1522,堤維西,listed,49.15,49.15,47.1,47.3,-2.35,-4.7331,4454066,213251739,3978,TWSE,common_stock,true,false,false,false,false,false,false,false,true,
2025-10-30,1522A,堤維西甲特,listed,49.05,49.05,49.05,49.05,0.0,0.0,1000,49050,1,TWSE,warrant,false,false,true,false,false,false,false,false,false,security_type=warrant;symbol_not_4_digit
2025-10-30,1524,耿鼎,listed,33.1,33.1,31.4,31.55,-1.65,-4.9699,4040664,129072478,3176,TWSE,common_stock,true,false,false,false,false,false,false,false,true,
2025-10-30,1525,江申,listed,62.1,62.1,61.8,61.9,-0.2,-0.3221,16467,1019502,46,TWSE,common_stock,true,false,false,false,false,false,false,false,true,
2025-10-30,1526,日馳,listed,18.5,18.6,18.05,18.05,-0.2,-1.0959,94953,1730612,79,TWSE,common_stock,true,false,false,false,false,false,false,false,true,
2025-10-30,1527,鑽全,listed,33.05,33.2,32.95,33.1,0.05,0.1513,142045,4696621,141,TWSE,common_stock,true,false,false,false,false,false,false,false,true,
2025-10-30,1528,恩德,listed,14.65,14.8,14.35,14.4,-0.25,-1.7065,1572843,22796404,791,TWSE,common_stock,true,false,false,false,false,false,false,false,true,
2025-10-30,1529,樂事綠能,listed,20.5,20.8,20.45,20.65,0.3,1.4742,706898,14546337,398,TWSE,common_stock,true,false,false,false,false,false,false,false,true,
2025-10-30,1530,亞崴,listed,27.0,27.0,26.85,26.85,-0.15,-0.5556,15054,405913,116,TWSE,common_stock,true,false,false,false,false,false,false,false,true,
2025-10-30,1531,高林股,listed,11.95,11.95,11.8,11.8,-0.15,-1.2552,24185,285993,46,TWSE,common_stock,true,false,false,false,false,false,false,false,true,
2025-10-30,1532,勤美,listed,26.85,27.0,26.45,26.45,-0.4,-1.4898,523563,13933673,381,TWSE,common_stock,true,false,false,false,false,false,false,false,true,
2025-10-30,1533,車王電,listed,31.0,31.0,30.05,30.25,-0.2,-0.6568,48805,1480584,66,TWSE,common_stock,true,false,false,false,false,false,false,false,true,
2025-10-30,1535,中宇,listed,55.4,55.4,55.0,55.0,-0.4,-0.722,69737,3843752,94,TWSE,common_stock,true,false,false,false,false,false,false,false,true,
2025-10-30,1536,和大,listed,62.0,62.6,60.9,61.4,-0.6,-0.9677,1729125,106670323,1250,TWSE,common_stock,true,false,false,false,false,false,false,false,true,
2025-10-30,1537,廣隆,listed,122.5,123.0,122.0,123.0,0.5,0.4082,84808,10398278,158,TWSE,common_stock,true,false,false,false,false,false,false,false,true,
2025-10-30,1538,正峰,listed,25.6,26.5,25.55,25.55,0.0,0.0,3166,81916,4,TWSE,common_stock,true,false,false,false,false,false,false,false,true,
2025-10-30,1539,巨庭,listed,17.25,17.25,17.05,17.2,-0.05,-0.2899,89150,1527343,57,TWSE,common_stock,true,false,false,false,false,false,false,false,true,
2025-10-30,1540,喬福,listed,23.15,23.3,22.8,22.85,-0.1,-0.4357,226329,5189046,150,TWSE,common_stock,true,false,false,false,false,false,false,false,true,
2025-10-30,1541,錩泰,listed,24.9,24.9,24.5,24.8,-0.2,-0.8,21614,533072,35,TWSE,common_stock,true,false,false,false,false,false,false,false,true,
2025-10-30,1558,伸興,listed,91.0,91.0,90.0,90.5,-0.4,-0.44,75049,6785784,197,TWSE,common_stock,true,false,false,false,false,false,false,false,true,
2025-10-30,1560,中砂,listed,309.5,315.0,307.0,309.0,-0.5,-0.1616,1842588,572697568,2727,TWSE,common_stock,true,false,false,false,false,false,false,false,true,
2025-10-30,1563,巧新,listed,48.3,48.65,47.5,47.75,0.05,0.1048,164352,7852435,293,TWSE,common_stock,true,false,false,false,false,false,false,false,true,
2025-10-30,1568,倉佑,listed,22.95,22.95,22.7,22.7,-0.25,-1.0893,70410,1601247,77,TWSE,common_stock,true,false,false,false,false,false,false,false,true,
2025-10-30,1582,信錦,listed,70.2,70.2,69.5,69.7,-0.6,-0.8535,408813,28573708,490,TWSE,common_stock,true,false,false,false,false,false,false,false,true,
2025-10-30,1583,程泰,listed,47.5,47.5,47.2,47.2,-0.55,-1.1518,10281,486501,53,TWSE,common_stock,true,false,false,false,false,false,false,false,true,
2025-10-30,1587,吉茂,listed,41.2,41.8,39.8,40.1,-1.0,-2.4331,537989,21738351,712,TWSE,common_stock,true,false,false,false,false,false,false,false,true,
2025-10-30,1589,永冠-KY,listed,20.0,20.15,19.85,20.0,0.0,0.0,1031787,20638516,551,TWSE,common_stock,true,false,false,false,false,false,false,false,true,
2025-10-30,1590,亞德客-KY,listed,892.0,911.0,892.0,904.0,4.0,0.4444,624477,564032976,904,TWSE,common_stock,true,false,false,false,false,false,false,false,true,
2025-10-30,1597,直得,listed,77.2,77.2,75.0,75.5,-0.6,-0.7884,286755,21703626,509,TWSE,common_stock,true,false,false,false,false,false,false,false,true,
2025-10-30,1598,岱宇,listed,23.4,23.4,22.95,22.95,-0.45,-1.9231,392640,9044860,219,TWSE,common_stock,true,false,false,false,false,false,false,false,true,
2025-10-30,1603,華電,listed,38.65,39.25,38.35,38.4,-0.15,-0.3891,328041,12697236,608,TWSE,common_stock,true,false,false,false,false,false,false,false,true,
2025-10-30,1604,聲寶,listed,24.75,24.75,24.55,24.7,-0.05,-0.202,317120,7817518,223,TWSE,common_stock,true,false,false,false,false,false,false,false,true,
2025-10-30,1605,華新,listed,30.7,31.45,30.2,30.6,0.2,0.6579,98812423,3044910305,36280,TWSE,common_stock,true,false,false,false,false,false,false,false,true,
2025-10-30,1608,華榮,listed,31.95,32.8,31.9,32.25,0.45,1.4151,9059575,293258192,4587,TWSE,common_stock,true,false,false,false,false,false,false,false,true,
2025-10-30,1609,大亞,listed,41.0,42.0,41.0,41.4,0.7,1.7199,6987304,290642973,4173,TWSE,common_stock,true,false,false,false,false,false,false,false,true,
2025-10-30,1611,中電,listed,12.8,12.85,12.6,12.75,-0.05,-0.3906,523178,6666586,298,TWSE,common_stock,true,false,false,false,false,false,false,false,true,
2025-10-30,1612,宏泰,listed,39.0,39.75,39.0,39.25,0.4,1.0296,2861113,112919514,1662,TWSE,common_stock,true,false,false,false,false,false,false,false,true,
2025-10-30,1614,三洋電,listed,35.5,35.55,35.3,35.5,0.0,0.0,72122,2556109,40,TWSE,common_stock,true,false,false,false,false,false,false,false,true,
2025-10-30,1615,大山,listed,46.0,46.0,45.2,45.5,-0.2,-0.4376,80105,3642036,113,TWSE,common_stock,true,false,false,false,false,false,false,false,true,
2025-10-30,1616,億泰,listed,34.65,35.45,34.5,34.5,0.05,0.1451,1627823,56709370,1100,TWSE,common_stock,true,false,false,false,false,false,false,false,true,
2025-10-30,1617,榮星,listed,15.65,15.65,15.2,15.2,-0.2,-1.2987,115049,1758785,130,TWSE,common_stock,true,false,false,false,false,false,false,false,true,
2025-10-30,1618,合機,listed,44.15,45.1,44.15,44.3,0.3,0.6818,1081932,48324186,837,TWSE,common_stock,true,false,false,false,false,false,false,false,true,
2025-10-30,1626,艾美特-KY,listed,12.25,13.0,12.2,12.65,0.4,3.2653,861820,10914264,377,TWSE,common_stock,true,false,false,false,false,false,false,false,true,
2025-10-30,1702,南僑,listed,38.75,39.15,38.6,39.1,0.5,1.2953,544739,21224323,521,TWSE,common_stock,true,false,false,false,false,false,false,false,true,
2025-10-30,1707,葡萄王,listed,125.0,125.5,124.0,124.5,0.5,0.4032,99436,12393962,169,TWSE,common_stock,true,false,false,false,false,false,false,false,true,
2025-10-30,1708,東鹼,listed,30.2,30.85,30.05,30.6,0.4,1.3245,1660270,50678892,1076,TWSE,common_stock,true,false,false,false,false,false,false,false,true,
2025-10-30,1709,和益,listed,16.8,16.8,16.6,16.8,0.0,0.0,209991,3503756,178,TWSE,common_stock,true,false,false,false,false,false,false,false,true,
2025-10-30,1710,東聯,listed,12.15,12.2,11.8,11.95,-0.25,-2.0492,1829798,21982425,653,TWSE,common_stock,true,false,false,false,false,false,false,false,true,
2025-10-30,1711,永光,listed,19.2,19.2,18.7,18.85,-0.35,-1.8229,3926668,74113822,1958,TWSE,common_stock,true,false,false,false,false,false,false,false,true,
2025-10-30,1712,興農,listed,43.3,43.3,43.0,43.05,-0.25,-0.5774,278481,11998320,263,TWSE,common_stock,true,false,false,false,false,false,false,false,true,
2025-10-30,1713,國化,listed,45.0,45.7,44.15,45.7,0.7,1.5556,207844,9292853,299,TWSE,common_stock,true,false,false,false,false,false,false,false,true,
2025-10-30,1714,和桐,listed,8.31,8.31,8.2,8.25,-0.05,-0.6024,1035908,8552767,491,TWSE,common_stock,true,false,false,false,false,false,false,false,true,
2025-10-30,1717,長興,listed,42.5,42.55,40.4,40.55,-1.95,-4.5882,17942980,739392711,11439,TWSE,common_stock,true,false,false,false,false,false,false,false,true,
2025-10-30,1718,中纖,listed,6.34,6.4,6.27,6.3,-0.02,-0.3165,2794019,17629795,793,TWSE,common_stock,true,false,false,false,false,false,false,false,true,
2025-10-30,1720,生達,listed,55.9,55.9,55.5,55.5,-0.4,-0.7156,163429,9096966,167,TWSE,common_stock,true,false,false,false,false,false,false,false,true,
2025-10-30,1721,三晃,listed,12.15,12.25,11.95,12.05,-0.1,-0.823,556007,6692511,411,TWSE,common_stock,true,false,false,false,false,false,false,false,true,
2025-10-30,1722,台肥,listed,48.4,48.9,48.2,48.5,0.1,0.2066,864365,41855016,686,TWSE,common_stock,true,false,false,false,false,false,false,false,true,
2025-10-30,1723,中碳,listed,82.5,82.7,81.9,82.0,-0.3,-0.3645,236095,19398052,366,TWSE,common_stock,true,false,false,false,false,false,false,false,true,
2025-10-30,1725,元禎,listed,26.9,26.9,26.3,26.55,-0.15,-0.5618,27310,723712,24,TWSE,common_stock,true,false,false,false,false,false,false,false,true,
2025-10-30,1726,永記,listed,75.5,75.5,75.3,75.4,0.2,0.266,8863,667781,49,TWSE,common_stock,true,false,false,false,false,false,false,false,true,
2025-10-30,1727,中華化,listed,36.45,36.45,35.0,35.5,-1.0,-2.7397,1857239,65954460,1578,TWSE,common_stock,true,false,false,false,false,false,false,false,true,
2025-10-30,1730,花仙子,listed,52.2,52.4,52.1,52.2,0.0,0.0,23973,1252719,35,TWSE,common_stock,true,false,false,false,false,false,false,false,true,
2025-10-30,1731,美吾華,listed,21.85,22.0,21.85,21.9,0.1,0.4587,114416,2511633,61,TWSE,common_stock,true,false,false,false,false,false,false,false,true,
2025-10-30,1732,毛寶,listed,28.65,28.75,28.5,28.55,-0.1,-0.349,144930,4144542,114,TWSE,common_stock,true,false,false,false,false,false,false,false,true,
2025-10-30,1733,五鼎,listed,34.2,34.3,32.95,33.1,-1.15,-3.3577,649965,21819765,474,TWSE,common_stock,true,false,false,false,false,false,false,false,true,
2025-10-30,1734,杏輝,listed,31.1,31.15,31.0,31.15,0.05,0.1608,198043,6152834,215,TWSE,common_stock,true,false,false,false,false,false,false,false,true,
2025-10-30,1735,日勝化,listed,14.7,14.9,14.7,14.75,0.0,0.0,12932,191035,27,TWSE,common_stock,true,false,false,false,false,false,false,false,true,
2025-10-30,1736,喬山,listed,150.0,157.0,150.0,154.5,4.0,2.6578,655365,100515278,721,TWSE,common_stock,true,false,false,false,false,false,false,false,true,
2025-10-30,1737,臺鹽,listed,31.95,31.95,31.85,31.95,0.0,0.0,120921,3856380,119,TWSE,common_stock,true,false,false,false,false,false,false,false,true,
2025-10-30,1752,南光,listed,38.5,38.8,38.5,38.65,-0.35,-0.8974,49008,1893263,110,TWSE,common_stock,true,false,false,false,false,false,false,false,true,
2025-10-30,1760,寶齡富錦,listed,65.5,65.8,65.3,65.4,-0.4,-0.6079,94844,6212264,166,TWSE,common_stock,true,false,false,false,false,false,false,false,true,
2025-10-30,1762,中化生,listed,25.8,25.8,25.55,25.6,-0.25,-0.9671,51038,1308442,105,TWSE,common_stock,true,false,false,false,false,false,false,false,true,
2025-10-30,1773,勝一,listed,141.5,143.5,141.5,142.0,1.0,0.7092,543505,77601408,615,TWSE,common_stock,true,false,false,false,false,false,false,false,true,
2025-10-30,1776,展宇,listed,15.15,15.2,15.15,15.2,-0.1,-0.6536,10170,154551,9,TWSE,common_stock,true,false,false,false,false,false,false,false,true,
2025-10-30,1783,和康生,listed,42.7,43.2,42.3,42.4,-0.35,-0.8187,90699,3858449,338,TWSE,common_stock,true,false,false,false,false,false,false,false,true,
2025-10-30,1786,科妍,listed,90.0,91.1,89.5,89.7,0.3,0.3356,463000,41673172,1187,TWSE,common_stock,true,false,false,false,false,false,false,false,true,
2025-10-30,1789,神隆,listed,17.8,17.85,17.55,17.6,-0.25,-1.4006,743000,13118381,496,TWSE,common_stock,true,false,false,false,false,false,false,false,true,
2025-10-30,1795,美時,listed,286.5,290.5,282.0,288.5,2.5,0.8741,3544450,1015978169,4347,TWSE,common_stock,true,false,false,false,false,false,false,false,true,
2025-10-30,1802,台玻,listed,28.35,28.35,27.15,28.0,-0.15,-0.5329,35005006,967399339,14935,TWSE,common_stock,true,false,false,false,false,false,false,false,true,
2025-10-30,1805,寶徠,listed,10.05,10.1,9.99,10.1,-0.05,-0.4926,68893,691170,67,TWSE,common_stock,true,false,false,false,false,false,false,false,true,
2025-10-30,1806,冠軍,listed,9.1,9.1,9.03,9.04,-0.04,-0.4405,230860,2092291,214,TWSE,common_stock,true,false,false,false,false,false,false,false,true,
2025-10-30,1808,潤隆,listed,37.0,37.5,36.7,37.2,0.2,0.5405,2789472,103777240,1332,TWSE,common_stock,true,false,false,false,false,false,false,false,true,
2025-10-30,1809,中釉,listed,18.8,18.9,18.25,18.35,-0.45,-2.3936,1267697,23319900,698,TWSE,common_stock,true,false,false,false,false,false,false,false,true,
2025-10-30,1810,和成,listed,18.1,18.15,17.95,18.05,-0.05,-0.2762,649820,11708862,393,TWSE,common_stock,true,false,false,false,false,false,false,false,true,
2025-10-30,1817,凱撒衛,listed,38.25,38.25,38.1,38.15,-0.1,-0.2614,47462,1811834,63,TWSE,common_stock,true,false,false,false,false,false,false,false,true,
2025-10-30,1903,士紙,listed,59.5,61.0,55.7,56.1,0.6,1.0811,3362036,196944411,2321,TWSE,common_stock,true,false,false,false,false,false,false,false,true,
2025-10-30,1904,正隆,listed,17.25,17.3,17.15,17.25,-0.05,-0.289,565594,9726757,565,TWSE,common_stock,true,false,false,false,false,false,false,false,true,
2025-10-30,1905,華紙,listed,12.7,12.9,12.6,12.75,0.05,0.3937,1975055,25124532,869,TWSE,common_stock,true,false,false,false,false,false,false,false,true,
2025-10-30,1906,寶隆,listed,12.25,12.25,12.2,12.2,-0.15,-1.2146,22976,281125,83,TWSE,common_stock,true,false,false,false,false,false,false,false,true,
2025-10-30,1907,永豐餘,listed,25.8,25.85,25.25,25.35,-0.5,-1.9342,979236,24924699,978,TWSE,etf,false,true,false,false,false,false,false,false,false,security_type=etf
2025-10-30,1909,榮成,listed,9.68,9.76,9.46,9.49,-0.17,-1.7598,2537755,24274486,851,TWSE,common_stock,true,false,false,false,false,false,false,false,true,
2025-10-30,2002,中鋼,listed,18.85,18.9,18.7,18.75,0.0,0.0,16995678,318835763,7275,TWSE,common_stock,true,false,false,false,false,false,false,false,true,
2025-10-30,2002A,中鋼特,listed,39.1,39.3,39.1,39.3,0.15,0.3831,5211,204002,8,TWSE,warrant,false,false,true,false,false,false,false,false,false,security_type=warrant;symbol_not_4_digit
2025-10-30,2006,東和鋼鐵,listed,62.7,63.4,62.5,63.4,0.9,1.44,1596062,100750145,1389,TWSE,common_stock,true,false,false,false,false,false,false,false,true,
2025-10-30,2007,燁興,listed,7.33,7.33,7.29,7.31,-0.05,-0.6793,103780,758140,162,TWSE,common_stock,true,false,false,false,false,false,false,false,true,
2025-10-30,2008,高興昌,listed,27.45,27.45,27.4,27.45,0.05,0.1825,30863,846464,29,TWSE,common_stock,true,false,false,false,false,false,false,false,true,
2025-10-30,2009,第一銅,listed,43.2,45.35,42.4,42.8,1.1,2.6379,15072762,659881531,8782,TWSE,common_stock,true,false,false,false,false,false,false,false,true,
2025-10-30,2010,春源,listed,19.2,19.35,19.1,19.15,-0.05,-0.2604,774053,14857221,460,TWSE,common_stock,true,false,false,false,false,false,false,false,true,
2025-10-30,2012,春雨,listed,15.9,16.0,15.7,16.0,0.0,0.0,59191,936544,74,TWSE,common_stock,true,false,false,false,false,false,false,false,true,
2025-10-30,2013,中鋼構,listed,41.55,41.6,41.4,41.4,-0.15,-0.361,54472,2257627,101,TWSE,common_stock,true,false,false,false,false,false,false,false,true,
2025-10-30,2014,中鴻,listed,15.15,15.3,15.05,15.1,-0.05,-0.33,4477807,67798543,1537,TWSE,common_stock,true,false,false,false,false,false,false,false,true,
2025-10-30,2015,豐興,listed,64.0,64.0,63.3,63.3,-0.4,-0.6279,167931,10662518,200,TWSE,common_stock,true,false,false,false,false,false,false,false,true,
2025-10-30,2017,官田鋼,listed,8.84,8.88,8.71,8.76,-0.08,-0.905,601663,5272747,310,TWSE,common_stock,true,false,false,false,false,false,false,false,true,
2025-10-30,2020,美亞,listed,23.7,23.8,23.6,23.75,0.05,0.211,231349,5481189,198,TWSE,common_stock,true,false,false,false,false,false,false,false,true,
2025-10-30,2022,聚亨,listed,7.82,7.87,7.81,7.87,0.05,0.6394,371886,2913383,232,TWSE,common_stock,true,false,false,false,false,false,false,false,true,
2025-10-30,2023,燁輝,listed,14.8,14.85,14.7,14.8,0.0,0.0,1151474,17006937,551,TWSE,common_stock,true,false,false,false,false,false,false,false,true,
2025-10-30,2024,志聯,listed,16.0,16.05,16.0,16.05,-0.1,-0.6192,5118,81938,28,TWSE,common_stock,true,false,false,false,false,false,false,false,true,
2025-10-30,2025,千興,listed,9.97,10.0,9.85,9.85,-0.14,-1.4014,211108,2096159,179,TWSE,common_stock,true,false,false,false,false,false,false,false,true,
2025-10-30,2027,大成鋼,listed,36.8,37.25,36.6,36.95,0.1,0.2714,9005771,332543907,3961,TWSE,common_stock,true,false,false,false,false,false,false,false,true,
2025-10-30,2028,威致,listed,15.8,15.8,15.7,15.75,-0.05,-0.3165,68450,1077104,55,TWSE,common_stock,true,false,false,false,false,false,false,false,true,
2025-10-30,2029,盛餘,listed,21.35,21.35,21.15,21.3,0.05,0.2353,79901,1695884,77,TWSE,common_stock,true,false,false,false,false,false,false,false,true,
2025-10-30,2030,彰源,listed,13.9,13.9,13.75,13.9,0.0,0.0,259078,3583722,143,TWSE,common_stock,true,false,false,false,false,false,false,false,true,
2025-10-30,2031,新光鋼,listed,40.0,40.15,39.75,39.75,-0.15,-0.3759,559896,22319961,485,TWSE,common_stock,true,false,false,false,false,false,false,false,true,
2025-10-30,2032,新鋼,listed,14.3,14.3,14.15,14.15,-0.1,-0.7018,78625,1115754,63,TWSE,common_stock,true,false,false,false,false,false,false,false,true,
2025-10-30,2033,佳大,listed,15.9,16.0,15.9,15.9,-0.1,-0.625,72213,1153143,51,TWSE,common_stock,true,false,false,false,false,false,false,false,true,
2025-10-30,2034,允強,listed,19.7,19.7,19.45,19.45,-0.25,-1.269,1030729,20126203,610,TWSE,common_stock,true,false,false,false,false,false,false,false,true,
2025-10-30,2038,海光,listed,14.85,14.85,14.6,14.6,-0.3,-2.0134,235695,3464037,209,TWSE,common_stock,true,false,false,false,false,false,false,false,true,
2025-10-30,2049,上銀,listed,221.5,225.0,219.5,220.5,1.0,0.4556,2980664,659712588,5236,TWSE,common_stock,true,false,false,false,false,false,false,false,true,
2025-10-30,2059,川湖,listed,4000.0,4095.0,3950.0,4095.0,175.0,4.4643,752907,3043254880,3133,TWSE,common_stock,true,false,false,false,false,false,false,false,true,
2025-10-30,2062,橋椿,listed,22.25,22.55,22.1,22.2,-0.2,-0.8929,219938,4897710,170,TWSE,common_stock,true,false,false,false,false,false,false,false,true,
2025-10-30,2069,運錩,listed,15.25,15.4,15.25,15.4,0.05,0.3257,110004,1689611,70,TWSE,common_stock,true,false,false,false,false,false,false,false,true,
2025-10-30,2101,南港,listed,37.0,37.3,36.2,36.55,-0.05,-0.1366,1729393,63282046,2633,TWSE,common_stock,true,false,false,false,false,false,false,false,true,
2025-10-30,2102,泰豐,listed,19.95,20.1,19.85,19.9,-0.05,-0.2506,438048,8745807,202,TWSE,common_stock,true,false,false,false,false,false,false,false,true,
2025-10-30,2103,台橡,listed,15.25,15.25,15.1,15.15,-0.1,-0.6557,759197,11519470,395,TWSE,common_stock,true,false,false,false,false,false,false,false,true,
2025-10-30,2104,國際中橡,listed,10.6,10.65,10.4,10.45,-0.15,-1.4151,2047434,21413296,786,TWSE,common_stock,true,false,false,false,false,false,false,false,true,
2025-10-30,2105,正新,listed,32.25,32.95,32.25,32.45,0.2,0.6202,6188584,201611357,3502,TWSE,common_stock,true,false,false,false,false,false,false,false,true,
2025-10-30,2106,建大,listed,20.45,20.45,20.2,20.2,-0.2,-0.9804,247086,5005381,293,TWSE,common_stock,true,false,false,false,false,false,false,false,true,
2025-10-30,2107,厚生,listed,23.95,24.2,23.9,23.9,-0.1,-0.4167,91291,2190985,114,TWSE,common_stock,true,false,false,false,false,false,false,false,true,
2025-10-30,2108,南帝,listed,22.85,23.0,22.35,22.45,-0.35,-1.5351,798037,18030271,592,TWSE,common_stock,true,false,false,false,false,false,false,false,true,
2025-10-30,2109,華豐,listed,15.2,15.25,15.0,15.05,-0.15,-0.9868,170277,2562588,219,TWSE,common_stock,true,false,false,false,false,false,false,false,true,
2025-10-30,2114,鑫永銓,listed,90.9,91.0,90.3,90.3,-0.5,-0.5507,29176,2644100,34,TWSE,common_stock,true,false,false,false,false,false,false,false,true,
2025-10-30,2115,六暉-KY,listed,26.8,26.8,26.2,26.2,0.0,0.0,26974,712819,107,TWSE,common_stock,true,false,false,false,false,false,false,false,true,
2025-10-30,2201,裕隆,listed,32.55,32.95,32.3,32.75,0.1,0.3063,980476,31939510,841,TWSE,common_stock,true,false,false,false,false,false,false,false,true,
2025-10-30,2204,中華,listed,59.5,59.7,58.4,58.7,-0.8,-1.3445,1088013,63917960,1186,TWSE,common_stock,true,false,false,false,false,false,false,false,true,
2025-10-30,2206,三陽工業,listed,60.5,60.9,60.3,60.5,0.0,0.0,488031,29523586,479,TWSE,common_stock,true,false,false,false,false,false,false,false,true,
2025-10-30,2207,和泰車,listed,584.0,585.0,567.0,567.0,-9.0,-1.5625,402338,229867182,585,TWSE,common_stock,true,false,false,false,false,false,false,false,true,
2025-10-30,2208,台船,listed,20.0,20.4,19.9,20.15,0.15,0.75,5057276,101627683,2607,TWSE,common_stock,true,false,false,false,false,false,false,false,true,
2025-10-30,2211,長榮鋼,listed,108.5,108.5,106.0,106.5,-2.0,-1.8433,1154717,123355068,1540,TWSE,common_stock,true,false,false,false,false,false,false,false,true,
2025-10-30,2227,裕日車,listed,54.3,54.3,54.0,54.1,-0.5,-0.9158,44722,2419556,69,TWSE,common_stock,true,false,false,false,false,false,false,false,true,
2025-10-30,2228,劍麟,listed,99.5,99.5,95.5,96.0,-2.8,-2.834,579948,55889061,717,TWSE,common_stock,true,false,false,false,false,false,false,false,true,
2025-10-30,2231,為升,listed,105.0,106.0,101.5,101.5,-2.5,-2.4038,648553,67004377,906,TWSE,common_stock,true,false,false,false,false,false,false,false,true,
2025-10-30,2233,宇隆,listed,201.0,203.0,195.0,196.0,-6.0,-2.9703,1472186,290106598,1820,TWSE,common_stock,true,false,false,false,false,false,false,false,true,
2025-10-30,2236,百達-KY,listed,90.7,91.8,90.1,91.5,0.6,0.6601,863735,78637373,529,TWSE,common_stock,true,false,false,false,false,false,false,false,true,
2025-10-30,2239,英利-KY,listed,31.15,31.15,30.2,30.6,-0.15,-0.4878,46109,1406571,50,TWSE,common_stock,true,false,false,false,false,false,false,false,true,
2025-10-30,2241,艾姆勒,listed,38.3,38.3,36.6,36.85,-1.05,-2.7704,1212809,45075682,1716,TWSE,common_stock,true,false,false,false,false,false,false,false,true,
2025-10-30,2243,宏旭-KY,listed,12.25,12.25,12.0,12.1,0.05,0.4149,125262,1514171,119,TWSE,common_stock,true,false,false,false,false,false,false,false,true,
2025-10-30,2247,汎德永業,listed,292.5,292.5,290.5,292.5,1.0,0.3431,77718,22658196,187,TWSE,common_stock,true,false,false,false,false,false,false,false,true,
2025-10-30,2248,華勝-KY,listed,49.8,49.95,48.5,49.5,-0.15,-0.3021,22400,1105270,21,TWSE,common_stock,true,false,false,false,false,false,false,false,true,
2025-10-30,2250,IKKA-KY,listed,85.0,85.0,84.0,84.2,-0.7,-0.8245,96578,8127307,371,TWSE,common_stock,true,false,false,false,false,false,false,false,true,
2025-10-30,2254,巨鎧精密-創,listed,59.3,60.0,57.9,60.0,0.8,1.3514,43000,2536300,35,TWSE,common_stock,true,false,false,false,false,false,false,false,true,
2025-10-30,2258,鴻華先進-創,listed,40.15,41.7,39.85,41.1,1.0,2.4938,1703984,69667747,1201,TWSE,common_stock,true,false,false,false,false,false,false,false,true,
2025-10-30,2301,光寶科,listed,185.0,186.0,175.5,181.0,-14.0,-7.1795,106013672,18962263591,95285,TWSE,common_stock,true,false,false,false,false,false,false,false,true,
2025-10-30,2302,麗正,listed,20.0,20.3,19.25,19.65,-0.2,-1.0076,2345654,46199951,1419,TWSE,common_stock,true,false,false,false,false,false,false,false,true,
2025-10-30,2303,聯電,listed,45.6,46.2,44.8,45.85,0.25,0.5482,55850723,2556503651,18926,TWSE,common_stock,true,false,false,false,false,false,false,false,true,
2025-10-30,2305,全友,listed,11.25,11.3,10.95,10.95,-0.2,-1.7937,593324,6558252,265,TWSE,common_stock,true,false,false,false,false,false,false,false,true,
2025-10-30,2308,台達電,listed,1070.0,1070.0,1005.0,1010.0,-50.0,-4.717,23687176,24174076445,69420,TWSE,common_stock,true,false,false,false,false,false,false,false,true,
2025-10-30,2312,金寶,listed,23.6,23.7,22.8,23.1,-0.55,-2.3256,34718244,801703195,14259,TWSE,common_stock,true,false,false,false,false,false,false,false,true,
2025-10-30,2313,華通,listed,87.6,87.6,85.3,87.0,0.4,0.4619,11416691,986232569,15702,TWSE,common_stock,true,false,false,false,false,false,false,false,true,
2025-10-30,2314,台揚,listed,23.4,23.4,22.85,22.85,-0.55,-2.3504,262566,6016266,273,TWSE,common_stock,true,false,false,false,false,false,false,false,true,
2025-10-30,2316,楠梓電,listed,108.5,109.0,102.0,103.0,-7.0,-6.3636,18091208,1894452992,10918,TWSE,common_stock,true,false,false,false,false,false,false,false,true,
2025-10-30,2317,鴻海,listed,262.5,265.0,256.5,262.0,2.0,0.7692,108445874,28366663326,120853,TWSE,common_stock,true,false,false,false,false,false,false,false,true,
2025-10-30,2321,東訊,listed,18.0,18.1,17.7,18.1,-0.25,-1.3624,13250,237700,10,TWSE,common_stock,true,false,false,false,false,false,false,false,true,
2025-10-30,2323,中環,listed,9.4,9.45,9.25,9.26,-0.09,-0.9626,4189072,38979953,1202,TWSE,common_stock,true,false,false,false,false,false,false,false,true,
2025-10-30,2324,仁寶,listed,34.3,34.45,33.45,33.85,-0.7,-2.026,53204812,1800572487,24890,TWSE,common_stock,true,false,false,false,false,false,false,false,true,
2025-10-30,2327,國巨*,listed,248.5,259.0,243.0,249.0,1.5,0.6061,84014804,20992242640,91090,TWSE,common_stock,true,false,false,false,false,false,false,false,true,
2025-10-30,2328,廣宇,listed,58.7,59.2,56.2,57.2,-1.3,-2.2222,37330191,2159528964,26885,TWSE,common_stock,true,false,false,false,false,false,false,false,true,
2025-10-30,2329,華泰,listed,48.5,49.8,47.75,48.2,0.2,0.4167,9215124,447800012,6039,TWSE,common_stock,true,false,false,false,false,false,false,false,true,
2025-10-30,2330,台積電,listed,1515.0,1520.0,1500.0,1505.0,0.0,0.0,30058497,45379071459,62893,TWSE,common_stock,true,false,false,false,false,false,false,false,true,
2025-10-30,2331,精英,listed,21.25,21.45,20.8,21.0,-0.2,-0.9434,1620992,34159858,772,TWSE,common_stock,true,false,false,false,false,false,false,false,true,
2025-10-30,2332,友訊,listed,17.35,17.9,16.9,17.4,0.25,1.4577,11996482,210150375,5061,TWSE,common_stock,true,false,false,false,false,false,false,false,true,
2025-10-30,2337,旺宏,listed,35.9,36.1,34.65,34.65,-3.85,-10.0,239789434,8412971396,84368,TWSE,common_stock,true,false,false,false,false,false,false,false,true,
2025-10-30,2338,光罩,listed,39.15,39.35,37.6,38.0,-0.95,-2.439,2250255,85716731,1840,TWSE,common_stock,true,false,false,false,false,false,false,false,true,
2025-10-30,2340,台亞,listed,25.9,26.05,24.85,24.85,-0.9,-3.4951,3893314,98166992,2173,TWSE,common_stock,true,false,false,false,false,false,false,false,true,
2025-10-30,2342,茂矽,listed,37.0,37.0,34.0,35.4,-1.6,-4.3243,8131916,286353440,5480,TWSE,common_stock,true,false,false,false,false,false,false,false,true,
2025-10-30,2344,華邦電,listed,55.7,57.0,53.4,55.2,1.2,2.2222,74032183,4096659139,38697,TWSE,common_stock,true,false,false,false,false,false,false,false,true,
2025-10-30,2345,智邦,listed,987.0,1030.0,983.0,1020.0,47.0,4.8304,7378885,7434452652,13951,TWSE,common_stock,true,false,false,false,false,false,false,false,true,
2025-10-30,2347,聯強,listed,57.8,58.2,57.5,58.2,0.0,0.0,4213931,243837282,3160,TWSE,common_stock,true,false,false,false,false,false,false,false,true,
2025-10-30,2348,海悅,listed,84.2,84.8,83.6,83.6,-0.4,-0.4762,593558,49830293,727,TWSE,common_stock,true,false,false,false,false,false,false,false,true,
2025-10-30,2348A,海悅甲特,listed,36.45,36.75,36.3,36.55,-0.15,-0.4087,13393,487366,16,TWSE,warrant,false,false,true,false,false,false,false,false,false,security_type=warrant;symbol_not_4_digit
2025-10-30,2349,錸德,listed,10.0,10.05,9.94,9.94,-0.01,-0.1005,1425000,14222285,643,TWSE,common_stock,true,false,false,false,false,false,false,false,true,
2025-10-30,2351,順德,listed,89.9,90.5,87.0,87.1,-2.9,-3.2222,3894527,343957088,4536,TWSE,common_stock,true,false,false,false,false,false,false,false,true,
2025-10-30,2352,佳世達,listed,32.9,32.9,31.65,31.75,-1.25,-3.7879,5092361,163295034,13420,TWSE,common_stock,true,false,false,false,false,false,false,false,true,
2025-10-30,2353,宏碁,listed,30.4,30.6,30.1,30.55,0.25,0.8251,12707352,385877983,5769,TWSE,common_stock,true,false,false,false,false,false,false,false,true,
2025-10-30,2354,鴻準,listed,74.0,75.4,71.4,72.2,-1.0,-1.3661,52961952,3893373377,53056,TWSE,common_stock,true,false,false,false,false,false,false,false,true,
2025-10-30,2355,敬鵬,listed,33.75,34.15,33.15,33.25,-0.3,-0.8942,1705241,57105573,1414,TWSE,common_stock,true,false,false,false,false,false,false,false,true,
2025-10-30,2356,英業達,listed,47.4,47.75,46.15,46.7,-0.85,-1.7876,18161314,851368608,16024,TWSE,common_stock,true,false,false,false,false,false,false,false,true,
2025-10-30,2357,華碩,listed,709.0,714.0,702.0,709.0,0.0,0.0,2369204,1677607131,3370,TWSE,common_stock,true,false,false,false,false,false,false,false,true,
2025-10-30,2359,所羅門,listed,133.5,134.0,130.5,131.5,-1.0,-0.7547,1236537,162686545,1390,TWSE,common_stock,true,false,false,false,false,false,false,false,true,
2025-10-30,2360,致茂,listed,796.0,829.0,783.0,804.0,16.0,2.0305,6308026,5057786530,7378,TWSE,common_stock,true,false,false,false,false,false,false,false,true,
2025-10-30,2362,藍天,listed,41.0,41.35,40.15,40.3,-0.7,-1.7073,322208,13052131,642,TWSE,common_stock,true,false,false,false,false,false,false,false,true,
2025-10-30,2363,矽統,listed,56.9,57.2,55.3,55.3,-1.3,-2.2968,7685345,429590369,5505,TWSE,common_stock,true,false,false,false,false,false,false,false,true,
2025-10-30,2364,倫飛,listed,69.4,69.5,68.7,69.3,-0.1,-0.1441,126803,8759229,259,TWSE,common_stock,true,false,false,false,false,false,false,false,true,
2025-10-30,2365,昆盈,listed,39.4,40.15,38.25,38.35,-0.65,-1.6667,2128515,82654116,1792,TWSE,common_stock,true,false,false,false,false,false,false,false,true,
2025-10-30,2367,燿華,listed,27.4,27.4,26.45,26.6,-0.6,-2.2059,4229030,113207009,2395,TWSE,common_stock,true,false,false,false,false,false,false,false,true,
2025-10-30,2368,金像電,listed,416.0,430.0,410.0,423.5,7.5,1.8029,7188447,3027465531,8345,TWSE,common_stock,true,false,false,false,false,false,false,false,true,
2025-10-30,2369,菱生,listed,20.7,20.75,20.3,20.4,-0.3,-1.4493,3917357,80061821,2128,TWSE,common_stock,true,false,false,false,false,false,false,false,true,
2025-10-30,2371,大同,listed,35.35,36.75,35.2,36.3,0.95,2.6874,24452563,877648836,11398,TWSE,common_stock,true,false,false,false,false,false,false,false,true,
2025-10-30,2373,震旦行,listed,57.1,57.4,57.0,57.0,-0.3,-0.5236,26054,1488798,46,TWSE,common_stock,true,false,false,false,false,false,false,false,true,
2025-10-30,2374,佳能,listed,85.6,86.2,82.6,83.0,-2.8,-3.2634,11689752,981125146,12772,TWSE,common_stock,true,false,false,false,false,false,false,false,true,
2025-10-30,2375,凱美,listed,97.3,99.8,94.0,96.4,-0.9,-0.925,11932214,1156322552,8894,TWSE,common_stock,true,false,false,false,false,false,false,false,true,
2025-10-30,2376,技嘉,listed,285.0,285.5,280.0,281.5,-3.0,-1.0545,3268944,922670640,5059,TWSE,common_stock,true,false,false,false,false,false,false,false,true,
2025-10-30,2377,微星,listed,112.0,112.5,109.5,109.5,-2.5,-2.2321,8347513,921650710,6275,TWSE,common_stock,true,false,false,false,false,false,false,false,true,
2025-10-30,2379,瑞昱,listed,516.0,516.0,509.0,512.0,-4.0,-0.7752,1997636,1022982422,4127,TWSE,common_stock,true,false,false,false,false,false,false,false,true,
2025-10-30,2380,虹光,listed,6.15,6.35,6.15,6.17,0.0,0.0,181591,1136078,101,TWSE,common_stock,true,false,false,false,false,false,false,false,true,
2025-10-30,2382,廣達,listed,308.0,310.0,303.0,306.0,-2.0,-0.6494,21037837,6441208490,35471,TWSE,common_stock,true,false,false,false,false,false,false,false,true,
2025-10-30,2383,台光電,listed,1265.0,1295.0,1250.0,1275.0,25.0,2.0,3703785,4717684975,7579,TWSE,common_stock,true,false,false,false,false,false,false,false,true,
2025-10-30,2385,群光,listed,130.5,131.0,129.0,130.0,0.0,0.0,2174517,282221797,2257,TWSE,common_stock,true,false,false,false,false,false,false,false,true,
2025-10-30,2387,精元,listed,42.0,42.05,41.7,41.8,-0.05,-0.1195,393146,16436376,308,TWSE,common_stock,true,false,false,false,false,false,false,false,true,
2025-10-30,2388,威盛,listed,53.7,54.2,52.3,52.7,-0.9,-1.6791,2637014,139037339,2404,TWSE,common_stock,true,false,false,false,false,false,false,false,true,
2025-10-30,2390,云辰,listed,9.97,9.99,9.82,9.86,-0.11,-1.1033,557509,5515026,839,TWSE,common_stock,true,false,false,false,false,false,false,false,true,
2025-10-30,2392,正崴,listed,51.0,51.1,49.85,50.3,-0.7,-1.3725,2443505,123019680,1793,TWSE,common_stock,true,false,false,false,false,false,false,false,true,
2025-10-30,2393,億光,listed,59.9,60.2,58.7,59.3,-0.6,-1.0017,1618940,96197015,1379,TWSE,common_stock,true,false,false,false,false,false,false,false,true,
2025-10-30,2395,研華,listed,331.5,334.5,323.5,325.0,-5.5,-1.6641,1586210,519678469,2670,TWSE,common_stock,true,false,false,false,false,false,false,false,true,
2025-10-30,2397,友通,listed,69.6,69.6,68.2,68.5,-1.0,-1.4388,150322,10340854,225,TWSE,common_stock,true,false,false,false,false,false,false,false,true,
2025-10-30,2399,映泰,listed,25.0,25.15,23.75,23.8,-1.35,-5.3678,6310964,152517033,3414,TWSE,common_stock,true,false,false,false,false,false,false,false,true,
2025-10-30,2401,凌陽,listed,22.35,22.45,21.7,22.0,-0.35,-1.566,3518412,77390376,2077,TWSE,common_stock,true,false,false,false,false,false,false,false,true,
2025-10-30,2402,毅嘉,listed,53.2,53.4,50.0,50.4,-3.6,-6.6667,12636396,651141846,8994,TWSE,common_stock,true,false,false,false,false,false,false,false,true,
2025-10-30,2404,漢唐,listed,865.0,878.0,858.0,869.0,11.0,1.2821,1965538,1702349429,4019,TWSE,common_stock,true,false,false,false,false,false,false,false,true,
2025-10-30,2405,輔信,listed,19.3,19.55,19.0,19.35,0.1,0.5195,2076120,40031449,1087,TWSE,common_stock,true,false,false,false,false,false,false,false,true,
2025-10-30,2406,國碩,listed,19.75,19.85,19.2,19.25,-0.4,-2.0356,2476069,48112181,1462,TWSE,common_stock,true,false,false,false,false,false,false,false,true,
2025-10-30,2408,南亞科,listed,134.5,139.0,130.5,134.5,1.5,1.1278,174638893,23501288418,100437,TWSE,common_stock,true,false,false,false,false,false,false,false,true,
2025-10-30,2409,友達,listed,13.15,13.25,12.8,12.8,-0.25,-1.9157,53771932,695511476,10862,TWSE,common_stock,true,false,false,false,false,false,false,false,true,
2025-10-30,2412,中華電,listed,132.5,132.5,130.5,131.5,-0.5,-0.3788,15289270,2008439172,9907,TWSE,common_stock,true,false,false,false,false,false,false,false,true,
2025-10-30,2413,環科,listed,21.65,22.0,21.05,21.1,-0.4,-1.8605,282818,6041461,226,TWSE,common_stock,true,false,false,false,false,false,false,false,true,
2025-10-30,2414,精技,listed,41.8,41.9,41.6,41.65,-0.15,-0.3589,126973,5298465,153,TWSE,common_stock,true,false,false,false,false,false,false,false,true,
2025-10-30,2415,錩新,listed,23.8,24.15,23.75,24.05,0.25,1.0504,93540,2238499,115,TWSE,common_stock,true,false,false,false,false,false,false,false,true,
2025-10-30,2417,圓剛,listed,40.3,40.3,39.3,39.45,-0.5,-1.2516,355185,14062098,719,TWSE,common_stock,true,false,false,false,false,false,false,false,true,
2025-10-30,2419,仲琦,listed,25.2,27.15,24.75,26.15,1.45,5.8704,23307963,616493220,11513,TWSE,common_stock,true,false,false,false,false,false,false,false,true,
2025-10-30,2420,新巨,listed,52.2,52.6,52.0,52.3,0.2,0.3839,211936,11075159,290,TWSE,common_stock,true,false,false,false,false,false,false,false,true,
2025-10-30,2421,建準,listed,152.0,153.5,145.0,148.0,-2.5,-1.6611,8409567,1249289519,10477,TWSE,common_stock,true,false,false,false,false,false,false,false,true,
2025-10-30,2423,固緯,listed,55.6,55.9,55.0,55.7,0.1,0.1799,204174,11312940,156,TWSE,common_stock,true,false,false,false,false,false,false,false,true,
2025-10-30,2424,隴華,listed,48.1,48.1,48.1,48.1,-0.5,-1.0288,2374,114175,32,TWSE,common_stock,true,false,false,false,false,false,false,false,true,
2025-10-30,2425,承啟,listed,29.95,30.15,29.7,29.8,-0.15,-0.5008,354807,10617957,223,TWSE,common_stock,true,false,false,false,false,false,false,false,true,
2025-10-30,2426,鼎元,listed,18.0,18.1,17.65,17.8,-0.2,-1.1111,526218,9406596,438,TWSE,common_stock,true,false,false,false,false,false,false,false,true,
2025-10-30,2427,三商電,listed,25.75,25.95,25.65,25.7,-0.05,-0.1942,418795,10764733,284,TWSE,common_stock,true,false,false,false,false,false,false,false,true,
2025-10-30,2428,興勤,listed,196.0,197.5,189.0,192.0,-3.0,-1.5385,2179583,418619069,4052,TWSE,common_stock,true,false,false,false,false,false,false,false,true,
2025-10-30,2429,銘旺科,listed,90.5,97.5,90.0,96.2,6.4,7.1269,2283933,214780204,1989,TWSE,common_stock,true,false,false,false,false,false,false,false,true,
2025-10-30,2430,燦坤,listed,24.4,24.5,24.4,24.45,0.05,0.2049,18210,444712,70,TWSE,common_stock,true,false,false,false,false,false,false,false,true,
2025-10-30,2431,聯昌,listed,12.5,12.5,12.2,12.25,-0.15,-1.2097,305031,3752760,186,TWSE,common_stock,true,false,false,false,false,false,false,false,true,
2025-10-30,2432,倚天酷碁-創,listed,28.25,28.3,28.15,28.15,-0.05,-0.1773,44450,1253781,43,TWSE,common_stock,true,false,false,false,false,false,false,false,true,
2025-10-30,2433,互盛電,listed,48.5,48.6,48.45,48.45,-0.05,-0.1031,24085,1168235,20,TWSE,common_stock,true,false,false,false,false,false,false,false,true,
2025-10-30,2434,統懋,listed,29.7,30.95,29.6,30.05,0.45,1.5203,27578,830481,34,TWSE,common_stock,true,false,false,false,false,false,false,false,true,
2025-10-30,2436,偉詮電,listed,49.5,49.75,48.25,48.65,-0.7,-1.4184,1417813,69258399,1506,TWSE,common_stock,true,false,false,false,false,false,false,false,true,
2025-10-30,2438,翔耀,listed,22.3,22.6,22.2,22.45,-0.6,-2.603,78316,1761080,101,TWSE,common_stock,true,false,false,false,false,false,false,false,true,
2025-10-30,2439,美律,listed,100.5,103.0,100.5,103.0,3.0,3.0,2256105,230451501,1736,TWSE,common_stock,true,false,false,false,false,false,false,false,true,
2025-10-30,2440,太空梭,listed,13.6,13.6,13.05,13.5,0.0,0.0,656597,8758880,224,TWSE,common_stock,true,false,false,false,false,false,false,false,true,
2025-10-30,2441,超豐,listed,72.0,72.7,70.0,70.7,-1.2,-1.669,2019037,143464540,6243,TWSE,common_stock,true,false,false,false,false,false,false,false,true,
2025-10-30,2442,新美齊,listed,26.15,26.4,25.65,25.8,-0.35,-1.3384,736689,19073812,840,TWSE,common_stock,true,false,false,false,false,false,false,false,true,
2025-10-30,2444,兆勁,listed,11.35,11.95,11.2,11.8,0.6,5.3571,359902,4199656,242,TWSE,common_stock,true,false,false,false,false,false,false,false,true,
2025-10-30,2449,京元電子,listed,207.0,207.5,198.0,203.0,-4.0,-1.9324,47925991,9722511184,43486,TWSE,common_stock,true,false,false,false,false,false,false,false,true,
2025-10-30,2450,神腦,listed,29.2,29.2,29.05,29.1,-0.1,-0.3425,36264,1055915,113,TWSE,common_stock,true,false,false,false,false,false,false,false,true,
2025-10-30,2451,創見,listed,137.5,138.0,132.5,134.0,-0.5,-0.3717,3414778,462230250,3719,TWSE,common_stock,true,false,false,false,false,false,false,false,true,
2025-10-30,2453,凌群,listed,56.8,57.4,56.6,56.6,-0.2,-0.3521,540800,30793866,445,TWSE,common_stock,true,false,false,false,false,false,false,false,true,
2025-10-30,2454,聯發科,listed,1305.0,1325.0,1300.0,1310.0,10.0,0.7692,5817287,7633136613,12687,TWSE,common_stock,true,false,false,false,false,false,false,false,true,
2025-10-30,2455,全新,listed,145.5,145.5,141.5,142.0,-2.0,-1.3889,3027042,432388150,2589,TWSE,common_stock,true,false,false,false,false,false,false,false,true,
2025-10-30,2457,飛宏,listed,31.25,31.3,30.15,30.35,-1.05,-3.3439,12381350,377909458,7183,TWSE,common_stock,true,false,false,false,false,false,false,false,true,
2025-10-30,2458,義隆,listed,128.0,128.5,125.0,128.0,0.0,0.0,2048094,259737838,1803,TWSE,common_stock,true,false,false,false,false,false,false,false,true,
2025-10-30,2459,敦吉,listed,65.0,65.0,64.5,65.0,0.0,0.0,23651,1530581,32,TWSE,common_stock,true,false,false,false,false,false,false,false,true,
2025-10-30,2460,建通,listed,17.4,17.4,17.0,17.1,-0.3,-1.7241,137346,2349550,165,TWSE,common_stock,true,false,false,false,false,false,false,false,true,
2025-10-30,2461,光群雷,listed,15.45,15.65,15.35,15.55,0.1,0.6472,174925,2711913,101,TWSE,common_stock,true,false,false,false,false,false,false,false,true,
2025-10-30,2462,良得電,listed,24.0,24.3,23.9,23.9,-0.1,-0.4167,285161,6873579,185,TWSE,common_stock,true,false,false,false,false,false,false,false,true,
2025-10-30,2464,盟立,listed,65.0,65.4,63.2,63.2,-1.8,-2.7692,1485599,95084643,1469,TWSE,common_stock,true,false,false,false,false,false,false,false,true,
2025-10-30,2465,麗臺,listed,67.8,67.9,65.1,66.1,-1.4,-2.0741,643836,42635097,686,TWSE,common_stock,true,false,false,false,false,false,false,false,true,
2025-10-30,2466,冠西電,listed,49.9,51.6,49.5,51.2,1.3,2.6052,905389,45873637,320,TWSE,common_stock,true,false,false,false,false,false,false,false,true,
2025-10-30,2467,志聖,listed,182.0,182.0,174.0,176.0,-5.0,-2.7624,829341,146284407,3236,TWSE,common_stock,true,false,false,false,false,false,false,false,true,
2025-10-30,2468,華經,listed,45.75,46.2,43.0,43.55,-2.15,-4.7046,956622,42286277,936,TWSE,common_stock,true,false,false,false,false,false,false,false,true,
2025-10-30,2471,資通,listed,51.1,51.1,50.3,50.5,-0.8,-1.5595,113884,5772900,393,TWSE,common_stock,true,false,false,false,false,false,false,false,true,
2025-10-30,2472,立隆電,listed,113.5,115.0,107.0,110.5,-3.0,-2.6432,10690986,1179199940,8362,TWSE,common_stock,true,false,false,false,false,false,false,false,true,
2025-10-30,2474,可成,listed,197.5,199.5,197.5,199.0,-0.5,-0.2506,2536862,503414414,2306,TWSE,common_stock,true,false,false,false,false,false,false,false,true,
2025-10-30,2476,鉅祥,listed,94.8,95.4,92.5,93.0,-1.5,-1.5873,2022294,189449803,1903,TWSE,common_stock,true,false,false,false,false,false,false,false,true,
2025-10-30,2477,美隆電,listed,24.0,24.0,23.5,23.65,-0.3,-1.2526,241067,5695463,189,TWSE,common_stock,true,false,false,false,false,false,false,false,true,
2025-10-30,2478,大毅,listed,60.1,62.2,60.1,62.1,1.9,3.1561,3803776,233058240,3318,TWSE,common_stock,true,false,false,false,false,false,false,false,true,
2025-10-30,2480,敦陽科,listed,165.0,165.0,161.0,161.0,-4.0,-2.4242,379794,61523863,674,TWSE,common_stock,true,false,false,false,false,false,false,false,true,
2025-10-30,2481,強茂,listed,85.1,85.6,82.8,83.9,-1.2,-1.4101,25280754,2128302390,25805,TWSE,common_stock,true,false,false,false,false,false,false,false,true,
2025-10-30,2482,連宇,listed,19.0,19.2,18.6,18.75,-0.35,-1.8325,165445,3114929,164,TWSE,common_stock,true,false,false,false,false,false,false,false,true,
2025-10-30,2483,百容,listed,20.3,20.3,20.2,20.3,0.05,0.2469,36274,735608,28,TWSE,common_stock,true,false,false,false,false,false,false,false,true,
2025-10-30,2484,希華,listed,23.2,23.2,22.65,22.9,-0.3,-1.2931,410671,9373129,307,TWSE,common_stock,true,false,false,false,false,false,false,false,true,
2025-10-30,2485,兆赫,listed,13.75,15.1,13.75,15.1,1.35,9.8182,6084027,90443444,2443,TWSE,common_stock,true,false,false,false,false,false,false,false,true,
2025-10-30,2486,一詮,listed,75.5,75.7,73.5,73.5,-1.5,-2.0,3064030,227698918,2460,TWSE,common_stock,true,false,false,false,false,false,false,false,true,
2025-10-30,2488,漢平,listed,46.25,46.6,46.05,46.1,-0.1,-0.2165,91010,4209725,123,TWSE,common_stock,true,false,false,false,false,false,false,false,true,
2025-10-30,2489,瑞軒,listed,14.5,14.5,14.15,14.2,-0.3,-2.069,3042944,43491320,1624,TWSE,common_stock,true,false,false,false,false,false,false,false,true,
2025-10-30,2491,吉祥全,listed,12.9,13.7,12.85,13.1,0.1,0.7692,91794,1197910,69,TWSE,common_stock,true,false,false,false,false,false,false,false,true,
2025-10-30,2492,華新科,listed,131.0,134.5,125.5,128.0,-3.5,-2.6616,27380640,3533170789,20790,TWSE,common_stock,true,false,false,false,false,false,false,false,true,
2025-10-30,2493,揚博,listed,92.7,93.4,89.6,90.7,-1.8,-1.9459,863722,78592916,2030,TWSE,common_stock,true,false,false,false,false,false,false,false,true,
2025-10-30,2495,普安,listed,24.0,24.0,23.05,23.25,-0.5,-2.1053,1951145,45488523,1304,TWSE,common_stock,true,false,false,false,false,false,false,false,true,
2025-10-30,2496,卓越,listed,65.7,65.7,64.8,65.2,-0.8,-1.2121,65657,4270130,92,TWSE,common_stock,true,false,false,false,false,false,false,false,true,
2025-10-30,2497,怡利電,listed,45.85,45.85,44.0,44.2,-1.2,-2.6432,344020,15363815,355,TWSE,common_stock,true,false,false,false,false,false,false,false,true,
2025-10-30,2498,宏達電,listed,51.3,51.8,50.1,50.4,-0.9,-1.7544,10270614,518692006,6428,TWSE,common_stock,true,false,false,false,false,false,false,false,true,
2025-10-30,2501,國建,listed,23.35,23.45,22.8,22.95,-0.4,-1.7131,1909027,44013058,1182,TWSE,common_stock,true,false,false,false,false,false,false,false,true,
2025-10-30,2504,國產,listed,36.1,36.4,36.05,36.1,0.0,0.0,1673481,60525357,1467,TWSE,common_stock,true,false,false,false,false,false,false,false,true,
2025-10-30,2505,國揚,listed,18.9,19.0,18.8,18.9,0.05,0.2653,148565,2803877,88,TWSE,common_stock,true,false,false,false,false,false,false,false,true,
2025-10-30,2506,太設,listed,9.63,9.7,9.6,9.64,-0.02,-0.207,46255,445522,57,TWSE,common_stock,true,false,false,false,false,false,false,false,true,
2025-10-30,2509,全坤建,listed,14.8,15.0,14.8,14.95,0.15,1.0135,115400,1722284,100,TWSE,common_stock,true,false,false,false,false,false,false,false,true,
2025-10-30,2511,太子,listed,9.01,9.06,9.0,9.0,-0.01,-0.111,907968,8179238,410,TWSE,common_stock,true,false,false,false,false,false,false,false,true,
2025-10-30,2514,龍邦,listed,14.7,14.7,14.5,14.55,-0.05,-0.3425,95150,1386557,169,TWSE,common_stock,true,false,false,false,false,false,false,false,true,
2025-10-30,2515,中工,listed,14.75,15.55,14.6,15.25,0.5,3.3898,91090076,1373318899,25069,TWSE,common_stock,true,false,false,false,false,false,false,false,true,
2025-10-30,2516,新建,listed,14.7,15.2,14.65,14.9,0.2,1.3605,666135,9883451,271,TWSE,common_stock,true,false,false,false,false,false,false,false,true,
2025-10-30,2520,冠德,listed,33.45,33.9,33.3,33.8,0.4,1.1976,1105791,37209133,982,TWSE,common_stock,true,false,false,false,false,false,false,false,true,
2025-10-30,2524,京城,listed,42.4,43.35,42.2,42.2,-0.15,-0.3542,134227,5689320,128,TWSE,common_stock,true,false,false,false,false,false,false,false,true,
2025-10-30,2527,宏璟,listed,25.15,25.25,25.0,25.2,0.2,0.8,252476,6358228,200,TWSE,common_stock,true,false,false,false,false,false,false,false,true,
2025-10-30,2528,皇普,listed,31.45,32.1,30.9,31.0,-0.35,-1.1164,924454,29029013,758,TWSE,common_stock,true,false,false,false,false,false,false,false,true,
2025-10-30,2530,華建,listed,29.6,29.6,29.0,29.0,-0.35,-1.1925,336704,9824545,290,TWSE,common_stock,true,false,false,false,false,false,false,false,true,
2025-10-30,2534,宏盛,listed,21.45,21.45,21.35,21.4,0.0,0.0,898284,20624956,117,TWSE,common_stock,true,false,false,false,false,false,false,false,true,
2025-10-30,2535,達欣工,listed,65.0,65.0,64.3,64.7,-0.2,-0.3082,292215,18857632,360,TWSE,common_stock,true,false,false,false,false,false,false,false,true,
2025-10-30,2536,宏普,listed,26.1,26.4,26.05,26.1,-0.05,-0.1912,155113,4064425,94,TWSE,common_stock,true,false,false,false,false,false,false,false,true,
2025-10-30,2537,聯上發,listed,11.85,12.15,11.4,11.45,0.25,2.2321,2542568,29786630,1154,TWSE,common_stock,true,false,false,false,false,false,false,false,true,
2025-10-30,2538,基泰,listed,10.7,10.8,10.6,10.65,-0.05,-0.4673,373678,3979349,199,TWSE,common_stock,true,false,false,false,false,false,false,false,true,
2025-10-30,2539,櫻花建,listed,48.9,49.1,48.6,48.65,-0.25,-0.5112,528899,25789758,520,TWSE,common_stock,true,false,false,false,false,false,false,false,true,
2025-10-30,2540,愛山林,listed,52.8,53.8,52.3,52.3,-0.7,-1.3208,516960,27299724,602,TWSE,common_stock,true,false,false,false,false,false,false,false,true,
2025-10-30,2542,興富發,listed,39.3,39.55,39.15,39.2,-0.05,-0.1274,3395059,133531648,2132,TWSE,common_stock,true,false,false,false,false,false,false,false,true,
2025-10-30,2543,皇昌,listed,69.8,72.0,68.2,70.9,1.4,2.0144,4808606,338068183,3718,TWSE,common_stock,true,false,false,false,false,false,false,false,true,
2025-10-30,2545,皇翔,listed,41.55,42.0,41.5,41.6,0.05,0.1203,327731,13649536,262,TWSE,common_stock,true,false,false,false,false,false,false,false,true,
2025-10-30,2546,根基,listed,85.5,87.7,85.5,87.0,1.0,1.1628,114300,9907825,853,TWSE,common_stock,true,false,false,false,false,false,false,false,true,
2025-10-30,2547,日勝生,listed,10.7,10.8,10.65,10.7,0.1,0.9434,1255262,13452788,559,TWSE,common_stock,true,false,false,false,false,false,false,false,true,
2025-10-30,2548,華固,listed,106.5,108.0,104.5,105.0,0.0,0.0,807454,85653280,1658,TWSE,common_stock,true,false,false,false,false,false,false,false,true,
2025-10-30,2597,潤弘,listed,168.0,169.0,166.5,166.5,-1.5,-0.8929,202099,33877916,369,TWSE,common_stock,true,false,false,false,false,false,false,false,true,
2025-10-30,2601,益航,listed,5.8,5.93,5.74,5.9,0.13,2.253,2288080,13426196,789,TWSE,common_stock,true,false,false,false,false,false,false,false,true,
2025-10-30,2603,長榮,listed,192.0,201.0,192.0,196.0,6.0,3.1579,50006871,9836100630,40411,TWSE,common_stock,true,false,false,false,false,false,false,false,true,
2025-10-30,2605,新興,listed,24.65,25.5,24.5,25.1,0.65,2.6585,10803929,271100688,5601,TWSE,common_stock,true,false,false,false,false,false,false,false,true,
2025-10-30,2606,裕民,listed,55.6,57.8,55.6,57.2,2.1,3.8113,10793957,614205460,6832,TWSE,common_stock,true,false,false,false,false,false,false,false,true,
2025-10-30,2607,榮運,listed,58.4,60.2,58.2,58.6,0.2,0.3425,1796798,106481452,1485,TWSE,common_stock,true,false,false,false,false,false,false,false,true,
2025-10-30,2608,嘉里大榮,listed,33.95,34.0,33.75,33.9,-0.05,-0.1473,197760,6689757,155,TWSE,common_stock,true,false,false,false,false,false,false,false,true,
2025-10-30,2609,陽明,listed,57.0,61.3,57.0,60.0,3.5,6.1947,119154156,7074290692,67107,TWSE,common_stock,true,false,false,false,false,false,false,false,true,
2025-10-30,2610,華航,listed,20.05,20.3,20.0,20.15,0.1,0.4988,21805652,439100262,7247,TWSE,common_stock,true,false,false,false,false,false,false,false,true,
2025-10-30,2611,志信,listed,14.75,15.7,14.75,15.35,0.65,4.4218,1051176,16043913,738,TWSE,common_stock,true,false,false,false,false,false,false,false,true,
2025-10-30,2612,中航,listed,55.6,60.8,55.6,60.8,5.5,9.9458,9570555,573695395,9191,TWSE,common_stock,true,false,false,false,false,false,false,false,true,
2025-10-30,2613,中櫃,listed,25.35,27.45,25.35,26.4,1.35,5.3892,5978063,159128866,4899,TWSE,common_stock,true,false,false,false,false,false,false,false,true,
2025-10-30,2614,東森,listed,21.2,21.25,20.55,20.65,-0.5,-2.3641,1264939,26282679,1294,TWSE,common_stock,true,false,false,false,false,false,false,false,true,
2025-10-30,2615,萬海,listed,80.5,87.4,80.5,87.4,7.9,9.9371,63516127,5406851026,38471,TWSE,common_stock,true,false,false,false,false,false,false,false,true,
2025-10-30,2616,山隆,listed,14.15,14.25,14.1,14.25,0.05,0.3521,79244,1121637,208,TWSE,common_stock,true,false,false,false,false,false,false,false,true,
2025-10-30,2617,台航,listed,28.9,30.15,28.9,29.85,0.95,3.2872,3659128,108450731,2119,TWSE,common_stock,true,false,false,false,false,false,false,false,true,
2025-10-30,2618,長榮航,listed,36.3,36.9,36.3,36.8,0.55,1.5172,23063729,845927277,9224,TWSE,common_stock,true,false,false,false,false,false,false,false,true,
2025-10-30,2630,亞航,listed,51.6,52.3,50.9,51.3,-0.5,-0.9653,2011768,103537532,1892,TWSE,common_stock,true,false,false,false,false,false,false,false,true,
2025-10-30,2633,台灣高鐵,listed,27.35,27.7,27.3,27.65,0.15,0.5455,3728329,102546871,1541,TWSE,common_stock,true,false,false,false,false,false,false,false,true,
2025-10-30,2634,漢翔,listed,53.2,53.4,52.4,52.6,-0.6,-1.1278,6926637,365592258,5002,TWSE,common_stock,true,false,false,false,false,false,false,false,true,
2025-10-30,2636,台驊控股,listed,69.6,71.5,69.6,70.6,1.3,1.8759,1129547,79931925,1182,TWSE,common_stock,true,false,false,false,false,false,false,false,true,
2025-10-30,2637,慧洋-KY,listed,63.2,65.8,63.2,65.4,2.0,3.1546,10016589,650422842,7299,TWSE,common_stock,true,false,false,false,false,false,false,false,true,
2025-10-30,2642,宅配通,listed,30.75,31.5,30.25,30.45,-0.3,-0.9756,131745,4024002,328,TWSE,common_stock,true,false,false,false,false,false,false,false,true,
2025-10-30,2645,長榮航太,listed,148.0,149.0,145.0,147.0,-1.0,-0.6757,1166958,171520642,1605,TWSE,common_stock,true,false,false,false,false,false,false,false,true,
2025-10-30,2646,星宇航空,listed,24.0,24.35,24.0,24.0,0.0,0.0,4571575,110317573,3042,TWSE,common_stock,true,false,false,false,false,false,false,false,true,
2025-10-30,2701,萬企,listed,11.1,11.1,11.05,11.1,-0.05,-0.4484,152642,1690780,85,TWSE,common_stock,true,false,false,false,false,false,false,false,true,
2025-10-30,2702,華園,listed,12.05,12.05,11.7,11.75,0.0,0.0,48291,569166,71,TWSE,common_stock,true,false,false,false,false,false,false,false,true,
2025-10-30,2704,國賓,listed,42.3,42.8,42.3,42.4,0.1,0.2364,60002,2550234,44,TWSE,common_stock,true,false,false,false,false,false,false,false,true,
2025-10-30,2705,六福,listed,17.0,17.0,16.85,16.85,0.0,0.0,91506,1548520,125,TWSE,common_stock,true,false,false,false,false,false,false,false,true,
2025-10-30,2706,第一店,listed,13.0,13.05,12.9,12.95,-0.05,-0.3846,225241,2918735,170,TWSE,common_stock,true,false,false,false,false,false,false,false,true,
2025-10-30,2707,晶華,listed,191.5,192.0,190.5,190.5,-1.0,-0.5222,106386,20330641,221,TWSE,common_stock,true,false,false,false,false,false,false,false,true,
2025-10-30,2712,遠雄來,listed,18.8,18.8,18.3,18.3,-0.6,-3.1746,41179,759280,37,TWSE,common_stock,true,false,false,false,false,false,false,false,true,
2025-10-30,2722,夏都,listed,27.8,27.8,26.5,27.35,-0.15,-0.5455,106952,2891932,158,TWSE,common_stock,true,false,false,false,false,false,false,false,true,
2025-10-30,2723,美食-KY,listed,70.9,71.3,70.1,70.1,-0.6,-0.8487,187360,13232735,189,TWSE,common_stock,true,false,false,false,false,false,false,false,true,
2025-10-30,2727,王品,listed,214.5,216.5,214.5,216.5,2.0,0.9324,260873,56288871,711,TWSE,common_stock,true,false,false,false,false,false,false,false,true,
2025-10-30,2731,雄獅,listed,157.0,157.5,155.5,156.0,-1.0,-0.6369,362335,56740752,479,TWSE,common_stock,true,false,false,false,false,false,false,false,true,
2025-10-30,2739,寒舍,listed,36.95,37.0,36.7,36.85,-0.1,-0.2706,99707,3672070,82,TWSE,common_stock,true,false,false,false,false,false,false,false,true,
2025-10-30,2748,雲品,listed,44.3,44.4,44.2,44.25,-0.15,-0.3378,84177,3729912,83,TWSE,common_stock,true,false,false,false,false,false,false,false,true,
2025-10-30,2753,八方雲集,listed,189.5,192.5,189.5,191.0,3.0,1.5957,500449,95633370,766,TWSE,common_stock,true,false,false,false,false,false,false,false,true,
2025-10-30,2762,世界健身-KY,listed,81.0,81.5,80.5,80.5,-1.3,-1.5892,39209,3176322,309,TWSE,common_stock,true,false,false,false,false,false,false,false,true,
2025-10-30,2801,彰銀,listed,19.95,20.05,19.9,20.0,0.05,0.2506,19245502,384206548,5076,TWSE,common_stock,true,false,false,false,false,false,false,false,true,
2025-10-30,2812,台中銀,listed,21.7,21.75,21.5,21.6,-0.15,-0.6897,8124919,175058670,5812,TWSE,common_stock,true,false,false,false,false,false,false,false,true,
2025-10-30,2816,旺旺保,listed,26.4,26.7,26.3,26.7,0.25,0.9452,182294,4826967,101,TWSE,common_stock,true,false,false,false,false,false,false,false,true,
2025-10-30,2820,華票,listed,16.7,16.75,16.65,16.75,0.15,0.9036,474663,7931057,267,TWSE,common_stock,true,false,false,false,false,false,false,false,true,
2025-10-30,2834,臺企銀,listed,15.45,15.5,15.4,15.5,0.05,0.3236,7978284,123380847,2818,TWSE,common_stock,true,false,false,false,false,false,false,false,true,
2025-10-30,2836,高雄銀,listed,12.4,12.4,12.25,12.25,-0.1,-0.8097,775416,9524538,385,TWSE,common_stock,true,false,false,false,false,false,false,false,true,
2025-10-30,2836A,高雄銀甲特,listed,23.1,23.1,23.1,23.1,0.05,0.2169,4516,104269,11,TWSE,warrant,false,false,true,false,false,false,false,false,false,security_type=warrant;symbol_not_4_digit
2025-10-30,2838,聯邦銀,listed,19.05,19.05,18.7,18.75,-0.35,-1.8325,2810608,52898412,2640,TWSE,common_stock,true,false,false,false,false,false,false,false,true,
2025-10-30,2838A,聯邦銀甲特,listed,54.3,54.3,54.3,54.3,-0.1,-0.1838,5000,271500,4,TWSE,warrant,false,false,true,false,false,false,false,false,false,security_type=warrant;symbol_not_4_digit
2025-10-30,2845,遠東銀,listed,12.75,12.75,12.65,12.75,0.0,0.0,4483028,57045272,1923,TWSE,common_stock,true,false,false,false,false,false,false,false,true,
2025-10-30,2849,安泰銀,listed,13.15,13.25,13.05,13.25,0.1,0.7605,126013,1657375,196,TWSE,common_stock,true,false,false,false,false,false,false,false,true,
2025-10-30,2850,新產,listed,114.5,115.0,113.0,113.0,-1.0,-0.8772,186409,21200340,307,TWSE,common_stock,true,false,false,false,false,false,false,false,true,
2025-10-30,2851,中再保,listed,24.65,24.65,24.45,24.55,-0.1,-0.4057,622038,15267511,430,TWSE,common_stock,true,false,false,false,false,false,false,false,true,
2025-10-30,2852,第一保,listed,26.3,26.3,26.15,26.25,-0.05,-0.1901,219233,5748460,124,TWSE,common_stock,true,false,false,false,false,false,false,false,true,
2025-10-30,2855,統一證,listed,24.3,24.3,23.7,23.85,-0.4,-1.6495,3175997,75936480,2793,TWSE,etf,false,true,false,false,false,false,false,false,false,security_type=etf
2025-10-30,2867,三商壽,listed,7.2,7.2,6.99,7.02,-0.15,-2.0921,47579741,335818277,8945,TWSE,common_stock,true,false,false,false,false,false,false,false,true,
2025-10-30,2880,華南金,listed,29.7,29.7,29.2,29.3,-0.25,-0.846,15501289,455606771,5306,TWSE,common_stock,true,false,false,false,false,false,false,false,true,
2025-10-30,2881,富邦金,listed,92.8,92.8,91.1,92.4,0.6,0.6536,13071299,1200878293,9958,TWSE,etf,false,true,false,false,false,false,false,false,false,security_type=etf
2025-10-30,2881A,富邦特,listed,63.4,63.6,63.4,63.4,0.0,0.0,73277,4650789,25,TWSE,etf,false,true,true,false,false,false,false,false,false,security_type=etf;symbol_not_4_digit
2025-10-30,2881B,富邦金乙特,listed,62.2,62.3,62.1,62.3,0.0,0.0,43742,2719814,18,TWSE,etf,false,true,true,false,false,false,false,false,false,security_type=etf;symbol_not_4_digit
2025-10-30,2881C,富邦金丙特,listed,54.0,54.0,54.0,54.0,0.0,0.0,5175,279121,25,TWSE,etf,false,true,true,false,false,false,false,false,false,security_type=etf;symbol_not_4_digit
2025-10-30,2882,國泰金,listed,64.8,65.1,64.1,64.6,-0.2,-0.3086,18428494,1189199082,6778,TWSE,etf,false,true,false,false,false,false,false,false,false,security_type=etf
2025-10-30,2882A,國泰特,listed,60.8,61.0,60.8,61.0,0.1,0.1642,46334,2821599,20,TWSE,etf,false,true,true,false,false,false,false,false,false,security_type=etf;symbol_not_4_digit
2025-10-30,2882B,國泰金乙特,listed,60.0,60.2,60.0,60.2,0.0,0.0,45128,2711018,48,TWSE,etf,false,true,true,false,false,false,false,false,false,security_type=etf;symbol_not_4_digit
2025-10-30,2883,凱基金,listed,16.0,16.05,15.85,15.95,-0.05,-0.3125,38601827,615182940,7440,TWSE,etf,false,true,false,false,false,false,false,false,false,security_type=etf
2025-10-30,2883B,凱基金乙特,listed,7.69,7.71,7.63,7.67,-0.01,-0.1302,3972208,30462682,461,TWSE,etf,false,true,true,false,false,false,false,false,false,security_type=etf;symbol_not_4_digit
2025-10-30,2884,玉山金,listed,30.2,30.2,29.8,29.8,-0.4,-1.3245,106585922,3191918305,51997,TWSE,common_stock,true,false,false,false,false,false,false,false,true,
2025-10-30,2885,元大金,listed,34.1,34.45,34.05,34.25,-0.05,-0.1458,13114973,448857386,5769,TWSE,etf,false,true,false,false,false,false,false,false,false,security_type=etf
2025-10-30,2886,兆豐金,listed,40.65,40.95,40.45,40.95,0.25,0.6143,23321529,948279020,10549,TWSE,etf,false,true,false,false,false,false,false,false,false,security_type=etf
2025-10-30,2887,台新新光金,listed,19.0,19.0,18.8,18.9,-0.1,-0.5263,57823314,1091903321,13145,TWSE,common_stock,true,false,false,false,false,false,false,false,true,
2025-10-30,2887E,台新新光戊特一,listed,48.8,48.85,48.75,48.75,-0.05,-0.1025,59957,2923552,49,TWSE,warrant,false,false,true,false,false,false,false,false,false,security_type=warrant;symbol_not_4_digit
2025-10-30,2887F,台新新光戊特二,listed,,,,,0.0,,189,8499,4,TWSE,warrant,false,false,true,false,false,false,false,false,false,security_type=warrant;symbol_not_4_digit;invalid_close
2025-10-30,2887G,台新新光庚特一,listed,36.9,36.9,36.8,36.9,0.0,0.0,18541,683341,19,TWSE,warrant,false,false,true,false,false,false,false,false,false,security_type=warrant;symbol_not_4_digit
2025-10-30,2887H,台新新光庚特二,listed,36.8,36.8,36.75,36.8,-0.1,-0.271,89652,3297682,75,TWSE,warrant,false,false,true,false,false,false,false,false,false,security_type=warrant;symbol_not_4_digit
2025-10-30,2887I,台新新光辛特,listed,9.23,9.25,9.23,9.23,0.0,0.0,2631202,24290542,684,TWSE,warrant,false,false,true,false,false,false,false,false,false,security_type=warrant;symbol_not_4_digit
2025-10-30,2887Z1,台新新光己特,listed,16.2,16.25,16.15,16.15,0.0,0.0,280778,4550392,102,TWSE,warrant,false,false,true,false,false,false,false,false,false,security_type=warrant;symbol_not_4_digit
2025-10-30,2889,國票金,listed,15.3,15.3,15.05,15.25,0.0,0.0,3562829,54079282,1900,TWSE,common_stock,true,false,false,false,false,false,false,false,true,
2025-10-30,2890,永豐金,listed,26.0,26.1,25.7,25.9,-0.1,-0.3846,29053283,750891782,11282,TWSE,etf,false,true,false,false,false,false,false,false,false,security_type=etf
2025-10-30,2891,中信金,listed,42.0,42.15,41.75,41.95,-0.05,-0.119,29270044,1226804779,15118,TWSE,etf,false,true,false,false,false,false,false,false,false,security_type=etf
2025-10-30,2891B,中信金乙特,listed,63.4,63.9,63.4,63.9,0.0,0.0,11735,746513,29,TWSE,etf,false,true,true,false,false,false,false,false,false,security_type=etf;symbol_not_4_digit
2025-10-30,2891C,中信金丙特,listed,60.1,60.3,59.9,60.2,0.0,0.0,22264,1338000,52,TWSE,etf,false,true,true,false,false,false,false,false,false,security_type=etf;symbol_not_4_digit
2025-10-30,2892,第一金,listed,28.6,28.8,28.5,28.65,0.0,0.0,15303871,437754045,6065,TWSE,common_stock,true,false,false,false,false,false,false,false,true,
2025-10-30,2897,王道銀行,listed,9.06,9.08,9.06,9.07,0.0,0.0,1579901,14330137,473,TWSE,common_stock,true,false,false,false,false,false,false,false,true,
2025-10-30,2897B,王道銀乙特,listed,11.95,11.95,11.9,11.9,0.0,0.0,82931,988627,23,TWSE,warrant,false,false,true,false,false,false,false,false,false,security_type=warrant;symbol_not_4_digit
2025-10-30,2901,欣欣,listed,24.85,24.85,24.55,24.85,0.0,0.0,57146,1409114,99,TWSE,common_stock,true,false,false,false,false,false,false,false,true,
2025-10-30,2903,遠百,listed,22.0,22.0,21.75,21.85,-0.15,-0.6818,1271099,27791197,748,TWSE,common_stock,true,false,false,false,false,false,false,false,true,
2025-10-30,2904,匯僑,listed,17.1,17.25,17.1,17.2,0.1,0.5848,15526,266733,44,TWSE,common_stock,true,false,false,false,false,false,false,false,true,
2025-10-30,2905,三商,listed,14.6,14.7,14.1,14.1,-0.65,-4.4068,1880759,26895415,1071,TWSE,common_stock,true,false,false,false,false,false,false,false,true,
2025-10-30,2906,高林,listed,13.65,13.65,13.55,13.55,-0.15,-1.0949,96764,1314894,147,TWSE,common_stock,true,false,false,false,false,false,false,false,true,
2025-10-30,2908,特力,listed,20.5,20.5,20.2,20.3,-0.2,-0.9756,288860,5876577,106,TWSE,common_stock,true,false,false,false,false,false,false,false,true,
2025-10-30,2910,統領,listed,20.7,20.8,20.7,20.8,0.1,0.4831,10000,207200,10,TWSE,common_stock,true,false,false,false,false,false,false,false,true,
2025-10-30,2911,麗嬰房,listed,4.87,5.06,4.87,5.06,0.09,1.8109,25831,127195,65,TWSE,common_stock,true,false,false,false,false,false,false,false,true,
2025-10-30,2912,統一超,listed,242.5,243.0,240.0,241.0,-2.5,-1.0267,2028696,489488000,3699,TWSE,etf,false,true,false,false,false,false,false,false,false,security_type=etf
2025-10-30,2913,農林,listed,14.0,14.2,14.0,14.0,0.0,0.0,697702,9798123,399,TWSE,common_stock,true,false,false,false,false,false,false,false,true,
2025-10-30,2915,潤泰全,listed,53.8,54.1,53.6,53.9,0.1,0.1859,2594203,139868421,950,TWSE,common_stock,true,false,false,false,false,false,false,false,true,
2025-10-30,2923,鼎固-KY,listed,21.0,21.0,19.9,19.95,-1.1,-5.2257,53623,1082734,83,TWSE,common_stock,true,false,false,false,false,false,false,false,true,
2025-10-30,2929,淘帝-KY,listed,8.53,8.73,8.28,8.73,0.21,2.4648,751141,6341404,407,TWSE,common_stock,true,false,false,false,false,false,false,false,true,
2025-10-30,2939,永邑-KY,listed,25.85,26.25,25.75,26.25,0.25,0.9615,21000,544600,21,TWSE,common_stock,true,false,false,false,false,false,false,false,true,
2025-10-30,2945,三商家購,listed,38.6,38.6,37.8,37.95,-0.8,-2.0645,21447,816988,30,TWSE,warrant,false,false,true,false,false,false,false,false,false,security_type=warrant
2025-10-30,3002,歐格,listed,22.0,22.0,21.0,21.1,-0.9,-4.0909,1574733,33599988,1092,TWSE,common_stock,true,false,false,false,false,false,false,false,true,
2025-10-30,3003,健和興,listed,51.5,51.6,50.0,50.4,-0.7,-1.3699,261812,13213975,403,TWSE,common_stock,true,false,false,false,false,false,false,false,true,
2025-10-30,3004,豐達科,listed,115.0,117.5,114.0,117.5,3.5,3.0702,571401,66573343,542,TWSE,common_stock,true,false,false,false,false,false,false,false,true,
2025-10-30,3005,神基,listed,142.5,142.5,139.0,139.0,-3.5,-2.4561,2473794,346907777,2155,TWSE,common_stock,true,false,false,false,false,false,false,false,true,
2025-10-30,3006,晶豪科,listed,88.0,96.3,88.0,96.3,8.7,9.9315,46680089,4458361334,25004,TWSE,common_stock,true,false,false,false,false,false,false,false,true,
2025-10-30,3008,大立光,listed,2230.0,2250.0,2195.0,2210.0,-10.0,-0.4505,555096,1228343055,5101,TWSE,common_stock,true,false,false,false,false,false,false,false,true,
2025-10-30,3010,華立,listed,90.8,92.0,90.1,90.1,-0.7,-0.7709,524768,47489962,724,TWSE,common_stock,true,false,false,false,false,false,false,false,true,
2025-10-30,3011,今皓,listed,14.15,14.15,13.45,13.45,-0.45,-3.2374,925068,12666515,388,TWSE,common_stock,true,false,false,false,false,false,false,false,true,
2025-10-30,3013,晟銘電,listed,130.5,132.5,124.5,125.0,-4.5,-3.4749,6836329,872489161,7114,TWSE,common_stock,true,false,false,false,false,false,false,false,true,
2025-10-30,3014,聯陽,listed,133.0,133.0,130.5,131.5,-0.5,-0.3788,391358,51534642,1497,TWSE,common_stock,true,false,false,false,false,false,false,false,true,
2025-10-30,3015,全漢,listed,62.0,62.8,60.6,61.5,1.0,1.6529,2987901,183870666,2991,TWSE,common_stock,true,false,false,false,false,false,false,false,true,
2025-10-30,3016,嘉晶,listed,59.0,59.6,57.1,57.5,-1.3,-2.2109,3215621,185658988,2941,TWSE,common_stock,true,false,false,false,false,false,false,false,true,
2025-10-30,3017,奇鋐,listed,1370.0,1425.0,1360.0,1410.0,80.0,6.015,11618364,16233953960,18756,TWSE,common_stock,true,false,false,false,false,false,false,false,true,
2025-10-30,3018,隆銘綠能,listed,12.8,12.8,12.8,12.8,0.0,0.0,16413,210535,111,TWSE,common_stock,true,false,false,false,false,false,false,false,true,
2025-10-30,3019,亞光,listed,153.5,153.5,149.0,150.0,-2.0,-1.3158,2599629,391131209,2707,TWSE,common_stock,true,false,false,false,false,false,false,false,true,
2025-10-30,3021,鴻名,listed,17.55,17.6,17.35,17.6,0.1,0.5714,66536,1161377,59,TWSE,common_stock,true,false,false,false,false,false,false,false,true,
2025-10-30,3022,威強電,listed,68.6,68.8,66.9,68.8,0.6,0.8798,578369,39223503,573,TWSE,common_stock,true,false,false,false,false,false,false,false,true,
2025-10-30,3023,信邦,listed,218.0,218.0,210.5,211.0,-6.5,-2.9885,2153968,457255204,3028,TWSE,common_stock,true,false,false,false,false,false,false,false,true,
2025-10-30,3024,憶聲,listed,11.4,11.45,11.25,11.3,-0.1,-0.8772,523506,5908632,281,TWSE,common_stock,true,false,false,false,false,false,false,false,true,
2025-10-30,3025,星通,listed,46.85,46.95,46.2,46.35,-0.25,-0.5365,242100,11275582,233,TWSE,common_stock,true,false,false,false,false,false,false,false,true,
2025-10-30,3026,禾伸堂,listed,115.5,117.5,112.5,114.5,-1.0,-0.8658,3897939,446013808,3111,TWSE,common_stock,true,false,false,false,false,false,false,false,true,
2025-10-30,3027,盛達,listed,23.95,24.4,23.75,24.3,0.3,1.25,172836,4173300,126,TWSE,common_stock,true,false,false,false,false,false,false,false,true,
2025-10-30,3028,增你強,listed,35.5,35.5,34.45,34.85,-0.2,-0.5706,1842670,64257306,1718,TWSE,common_stock,true,false,false,false,false,false,false,false,true,
2025-10-30,3029,零壹,listed,113.0,113.0,110.5,111.0,-1.5,-1.3333,952332,106094055,1422,TWSE,common_stock,true,false,false,false,false,false,false,false,true,
2025-10-30,3030,德律,listed,158.0,159.0,155.5,156.5,-1.0,-0.6349,1294330,203219769,1227,TWSE,common_stock,true,false,false,false,false,false,false,false,true,
2025-10-30,3031,佰鴻,listed,21.0,21.05,20.65,20.75,-0.3,-1.4252,324458,6758959,245,TWSE,common_stock,true,false,false,false,false,false,false,false,true,
2025-10-30,3032,偉訓,listed,97.5,98.2,93.1,94.1,-2.7,-2.7893,3030587,288907844,2165,TWSE,common_stock,true,false,false,false,false,false,false,false,true,
2025-10-30,3033,威健,listed,29.95,30.0,29.4,29.4,-0.55,-1.8364,1332001,39455025,1071,TWSE,common_stock,true,false,false,false,false,false,false,false,true,
2025-10-30,3034,聯詠,listed,403.0,405.0,398.0,401.5,-1.5,-0.3722,2516463,1008851650,7613,TWSE,common_stock,true,false,false,false,false,false,false,false,true,
2025-10-30,3035,智原,listed,189.0,191.5,175.0,176.5,-8.0,-4.336,30848758,5651951077,30218,TWSE,common_stock,true,false,false,false,false,false,false,false,true,
2025-10-30,3036,文曄,listed,142.5,150.5,142.5,145.0,3.5,2.4735,12539235,1826611474,9787,TWSE,common_stock,true,false,false,false,false,false,false,false,true,
2025-10-30,3036A,文曄甲特,listed,51.0,51.0,50.9,51.0,0.0,0.0,168000,8567900,48,TWSE,warrant,false,false,true,false,false,false,false,false,false,security_type=warrant;symbol_not_4_digit
2025-10-30,3037,欣興,listed,168.0,169.0,159.0,160.0,-6.0,-3.6145,23973575,3906371967,33058,TWSE,common_stock,true,false,false,false,false,false,false,false,true,
2025-10-30,3038,全台,listed,20.8,21.05,20.8,20.9,-0.15,-0.7126,224195,4688163,179,TWSE,common_stock,true,false,false,false,false,false,false,false,true,
2025-10-30,3040,遠見,listed,63.0,64.2,61.5,61.5,-1.8,-2.8436,378832,23729832,462,TWSE,common_stock,true,false,false,false,false,false,false,false,true,
2025-10-30,3041,揚智,listed,29.7,29.7,28.5,28.7,-0.95,-3.204,1116116,32301871,1377,TWSE,common_stock,true,false,false,false,false,false,false,false,true,
2025-10-30,3042,晶技,listed,91.7,91.7,89.5,89.6,-2.1,-2.2901,2420463,218064478,2517,TWSE,common_stock,true,false,false,false,false,false,false,false,true,
2025-10-30,3043,科風,listed,22.9,23.05,22.75,22.95,0.0,0.0,66118,1512750,95,TWSE,common_stock,true,false,false,false,false,false,false,false,true,
2025-10-30,3044,健鼎,listed,333.0,342.0,324.0,340.0,10.5,3.1866,4707037,1580427644,6449,TWSE,common_stock,true,false,false,false,false,false,false,false,true,
2025-10-30,3045,台灣大,listed,111.0,111.0,109.0,110.0,-1.0,-0.9009,8850628,973028942,3703,TWSE,common_stock,true,false,false,false,false,false,false,false,true,
2025-10-30,3046,建碁,listed,48.0,48.0,47.35,47.8,0.25,0.5258,107034,5096372,190,TWSE,common_stock,true,false,false,false,false,false,false,false,true,
2025-10-30,3047,訊舟,listed,20.4,21.35,20.2,21.35,1.9,9.7686,34199909,721115324,13770,TWSE,common_stock,true,false,false,false,false,false,false,false,true,
2025-10-30,3048,益登,listed,39.05,39.75,38.1,38.45,-0.75,-1.9133,3806291,147455525,2996,TWSE,common_stock,true,false,false,false,false,false,false,false,true,
2025-10-30,3049,精金,listed,6.61,6.72,6.55,6.59,-0.03,-0.4532,1132993,7492444,607,TWSE,common_stock,true,false,false,false,false,false,false,false,true,
2025-10-30,3050,鈺德,listed,12.15,12.3,12.05,12.3,0.15,1.2346,209977,2560084,137,TWSE,common_stock,true,false,false,false,false,false,false,false,true,
2025-10-30,3051,力特,listed,20.2,20.45,20.2,20.35,0.15,0.7426,319201,6472774,231,TWSE,common_stock,true,false,false,false,false,false,false,false,true,
2025-10-30,3052,夆典,listed,11.1,11.15,11.0,11.05,0.0,0.0,1267295,14040766,200,TWSE,common_stock,true,false,false,false,false,false,false,false,true,
2025-10-30,3054,立萬利,listed,24.0,24.65,23.85,24.25,0.4,1.6771,28588,698525,59,TWSE,common_stock,true,false,false,false,false,false,false,false,true,
2025-10-30,3055,蔚華科,listed,62.8,62.8,59.1,59.1,-4.2,-6.6351,999115,60654226,2605,TWSE,common_stock,true,false,false,false,false,false,false,false,true,
2025-10-30,3056,富華新,listed,19.65,19.75,19.5,19.55,-0.15,-0.7614,1360245,26633717,1139,TWSE,common_stock,true,false,false,false,false,false,false,false,true,
2025-10-30,3057,喬鼎,listed,12.55,12.6,12.45,12.55,0.0,0.0,84717,1061371,138,TWSE,common_stock,true,false,false,false,false,false,false,false,true,
2025-10-30,3058,立德,listed,11.75,11.75,11.35,11.45,-0.3,-2.5532,685554,7911954,436,TWSE,common_stock,true,false,false,false,false,false,false,false,true,
2025-10-30,3059,華晶科,listed,49.8,50.6,49.05,49.4,-0.8,-1.5936,3854005,191145338,3034,TWSE,common_stock,true,false,false,false,false,false,false,false,true,
2025-10-30,3060,銘異,listed,22.7,24.0,22.6,22.7,0.35,1.566,2752723,63478183,1805,TWSE,common_stock,true,false,false,false,false,false,false,false,true,
2025-10-30,3062,建漢,listed,28.45,29.4,27.85,29.4,2.65,9.9065,79269730,2315539976,23326,TWSE,common_stock,true,false,false,false,false,false,false,false,true,
2025-10-30,3090,日電貿,listed,93.0,95.5,90.3,92.0,-1.5,-1.6043,9556242,885511262,11828,TWSE,common_stock,true,false,false,false,false,false,false,false,true,
2025-10-30,3092,鴻碩,listed,14.85,14.9,14.7,14.75,-0.15,-1.0067,111644,1650719,111,TWSE,common_stock,true,false,false,false,false,false,false,false,true,
2025-10-30,3094,聯傑,listed,24.75,25.6,24.75,25.4,0.6,2.4194,220538,5520578,175,TWSE,common_stock,true,false,false,false,false,false,false,false,true,
2025-10-30,3130,一零四,listed,224.0,226.0,224.0,224.0,-0.5,-0.2227,22859,5127829,103,TWSE,common_stock,true,false,false,false,false,false,false,false,true,
2025-10-30,3135,凌航,listed,48.2,49.25,46.8,46.9,-1.5,-3.0992,1885291,90150266,1701,TWSE,common_stock,true,false,false,false,false,false,false,false,true,
2025-10-30,3138,耀登,listed,97.1,98.6,96.5,97.5,0.8,0.8273,115780,11278487,147,TWSE,common_stock,true,false,false,false,false,false,false,false,true,
2025-10-30,3149,正達,listed,38.1,38.45,36.65,36.85,-1.05,-2.7704,2860304,106485272,3162,TWSE,common_stock,true,false,false,false,false,false,false,false,true,
2025-10-30,3150,鈺寶-創,listed,20.7,20.7,20.35,20.35,-0.85,-4.0094,91005,1865003,45,TWSE,common_stock,true,false,false,false,false,false,false,false,true,
2025-10-30,3164,景岳,listed,18.8,18.8,18.6,18.7,-0.1,-0.5319,48161,901922,80,TWSE,common_stock,true,false,false,false,false,false,false,false,true,
2025-10-30,3167,大量,listed,164.0,166.5,158.5,161.0,-3.5,-2.1277,2406726,387034349,2509,TWSE,common_stock,true,false,false,false,false,false,false,false,true,
2025-10-30,3168,眾福科,listed,44.1,44.15,43.25,43.25,-0.85,-1.9274,21349,934934,25,TWSE,common_stock,true,false,false,false,false,false,false,false,true,
2025-10-30,3189,景碩,listed,139.0,141.5,135.0,137.5,-1.5,-1.0791,11010943,1521711998,8306,TWSE,common_stock,true,false,false,false,false,false,false,false,true,
2025-10-30,3209,全科,listed,31.3,32.05,31.3,31.7,0.15,0.4754,698184,22232537,481,TWSE,common_stock,true,false,false,false,false,false,false,false,true,
2025-10-30,3229,晟鈦,listed,14.25,14.3,14.1,14.25,-0.05,-0.3497,42674,606298,43,TWSE,common_stock,true,false,false,false,false,false,false,false,true,
2025-10-30,3231,緯創,listed,154.0,156.5,151.0,155.0,2.5,1.6393,76208641,11737435457,52121,TWSE,common_stock,true,false,false,false,false,false,false,false,true,
2025-10-30,3257,虹冠電,listed,74.4,74.8,72.5,73.7,-1.1,-1.4706,1819822,133440146,2604,TWSE,common_stock,true,false,false,false,false,false,false,false,true,
2025-10-30,3266,昇陽,listed,13.7,13.7,13.55,13.55,-0.25,-1.8116,25440,346389,34,TWSE,common_stock,true,false,false,false,false,false,false,false,true,
2025-10-30,3296,勝德,listed,22.0,22.3,21.5,22.05,0.0,0.0,63808,1405493,68,TWSE,common_stock,true,false,false,false,false,false,false,false,true,
2025-10-30,3305,昇貿,listed,102.0,102.0,97.7,98.0,-3.0,-2.9703,3394003,336487811,3386,TWSE,common_stock,true,false,false,false,false,false,false,false,true,
2025-10-30,3308,聯德,listed,15.65,15.65,15.4,15.4,-0.3,-1.9108,56087,870667,129,TWSE,common_stock,true,false,false,false,false,false,false,false,true,
2025-10-30,3311,閎暉,listed,34.3,34.85,33.75,34.75,0.85,2.5074,762264,26097494,532,TWSE,common_stock,true,false,false,false,false,false,false,false,true,
2025-10-30,3312,弘憶股,listed,40.0,40.05,39.3,39.55,-0.35,-0.8772,603651,23861677,789,TWSE,common_stock,true,false,false,false,false,false,false,false,true,
2025-10-30,3321,同泰,listed,15.2,15.2,14.9,15.0,-0.2,-1.3158,55274,827283,52,TWSE,common_stock,true,false,false,false,false,false,false,false,true,
2025-10-30,3338,泰碩,listed,55.1,55.9,54.7,54.7,-0.8,-1.4414,329276,18167642,451,TWSE,common_stock,true,false,false,false,false,false,false,false,true,
2025-10-30,3346,麗清,listed,21.35,21.45,21.0,21.0,-0.35,-1.6393,319474,6758249,234,TWSE,common_stock,true,false,false,false,false,false,false,false,true,
2025-10-30,3356,奇偶,listed,47.85,47.85,46.25,46.5,-1.1,-2.3109,504804,23671044,1649,TWSE,common_stock,true,false,false,false,false,false,false,false,true,
2025-10-30,3376,新日興,listed,209.0,214.0,209.0,212.5,3.5,1.6746,2109447,445930304,2219,TWSE,common_stock,true,false,false,false,false,false,false,false,true,
2025-10-30,3380,明泰,listed,33.2,35.95,32.95,34.1,1.15,3.4901,19644924,683170931,12271,TWSE,common_stock,true,false,false,false,false,false,false,false,true,
2025-10-30,3406,玉晶光,listed,425.5,429.0,416.5,419.0,-5.5,-1.2956,752237,316819230,1222,TWSE,common_stock,true,false,false,false,false,false,false,false,true,
2025-10-30,3413,京鼎,listed,344.5,372.5,344.0,364.0,25.0,7.3746,10134823,3658809982,13619,TWSE,common_stock,true,false,false,false,false,false,false,false,true,
2025-10-30,3416,融程電,listed,167.5,167.5,163.0,164.5,-1.5,-0.9036,381183,62649936,528,TWSE,common_stock,true,false,false,false,false,false,false,false,true,
2025-10-30,3419,譁裕,listed,13.65,14.95,13.65,14.6,1.0,7.3529,1379888,20028030,1304,TWSE,common_stock,true,false,false,false,false,false,false,false,true,
2025-10-30,3432,台端,listed,14.6,14.6,14.2,14.5,-0.1,-0.6849,17786,255258,22,TWSE,common_stock,true,false,false,false,false,false,false,false,true,
2025-10-30,3437,榮創,listed,15.85,16.75,15.85,15.9,0.05,0.3155,1421919,23150814,907,TWSE,common_stock,true,false,false,false,false,false,false,false,true,
2025-10-30,3443,創意,listed,1480.0,1480.0,1415.0,1440.0,-30.0,-2.0408,3036144,4365615995,12148,TWSE,common_stock,true,false,false,false,false,false,false,false,true,
2025-10-30,3447,展達,listed,60.8,64.0,58.6,58.6,-1.8,-2.9801,1405492,86355338,1428,TWSE,common_stock,true,false,false,false,false,false,false,false,true,
2025-10-30,3450,聯鈞,listed,278.5,282.5,265.0,266.0,-10.5,-3.7975,12709709,3438261195,11502,TWSE,common_stock,true,false,false,false,false,false,false,false,true,
2025-10-30,3454,晶睿,listed,85.0,87.6,83.3,83.3,-1.4,-1.6529,240107,20358775,432,TWSE,common_stock,true,false,false,false,false,false,false,false,true,
2025-10-30,3481,群創,listed,13.85,14.0,13.55,13.65,-0.1,-0.7273,39075283,535392702,10092,TWSE,common_stock,true,false,false,false,false,false,false,false,true,
2025-10-30,3494,誠研,listed,10.05,10.25,9.95,10.1,0.1,1.0,27440,275606,68,TWSE,common_stock,true,false,false,false,false,false,false,false,true,
2025-10-30,3501,維熹,listed,53.0,53.6,52.3,52.5,-0.7,-1.3158,171318,9085633,248,TWSE,common_stock,true,false,false,false,false,false,false,false,true,
2025-10-30,3504,揚明光,listed,56.1,56.5,54.3,54.5,-1.2,-2.1544,384459,21159234,464,TWSE,common_stock,true,false,false,false,false,false,false,false,true,
2025-10-30,3515,華擎,listed,335.5,354.5,327.5,329.5,-8.0,-2.3704,3001073,1019338070,3928,TWSE,common_stock,true,false,false,false,false,false,false,false,true,
2025-10-30,3518,柏騰,listed,21.4,22.0,21.0,21.5,0.0,0.0,291010,6195978,211,TWSE,common_stock,true,false,false,false,false,false,false,false,true,
2025-10-30,3528,安馳,listed,77.1,77.5,75.3,75.9,-0.5,-0.6545,323610,24618721,367,TWSE,common_stock,true,false,false,false,false,false,false,false,true,
2025-10-30,3530,晶相光,listed,61.4,61.4,60.0,60.0,-1.4,-2.2801,152661,9206734,203,TWSE,common_stock,true,false,false,false,false,false,false,false,true,
2025-10-30,3532,台勝科,listed,104.5,105.0,100.0,100.5,-3.5,-3.3654,2356099,238849322,2130,TWSE,common_stock,true,false,false,false,false,false,false,false,true,
2025-10-30,3533,嘉澤,listed,1375.0,1400.0,1360.0,1380.0,5.0,0.3636,631966,871542020,1394,TWSE,common_stock,true,false,false,false,false,false,false,false,true,
2025-10-30,3535,晶彩科,listed,75.0,76.1,74.1,75.0,0.5,0.6711,1827088,136823853,1674,TWSE,common_stock,true,false,false,false,false,false,false,false,true,
2025-10-30,3543,州巧,listed,48.0,49.6,48.0,49.6,4.5,9.9778,6781123,332180278,3007,TWSE,common_stock,true,false,false,false,false,false,false,false,true,
2025-10-30,3545,敦泰,listed,60.8,61.2,59.4,59.6,-0.8,-1.3245,1546200,92733378,1398,TWSE,common_stock,true,false,false,false,false,false,false,false,true,
2025-10-30,3550,聯穎,listed,14.15,14.15,13.7,13.85,-0.2,-1.4235,329388,4556706,218,TWSE,common_stock,true,false,false,false,false,false,false,false,true,
2025-10-30,3557,嘉威,listed,40.6,41.45,40.0,40.4,0.3,0.7481,135376,5508710,207,TWSE,common_stock,true,false,false,false,false,false,false,false,true,
2025-10-30,3563,牧德,listed,523.0,541.0,513.0,533.0,10.0,1.912,1250896,661758390,1930,TWSE,common_stock,true,false,false,false,false,false,false,false,true,
2025-10-30,3576,聯合再生,listed,7.0,7.09,6.8,6.84,-0.15,-2.1459,9072108,63211179,2851,TWSE,common_stock,true,false,false,false,false,false,false,false,true,
2025-10-30,3583,辛耘,listed,352.5,357.5,349.5,351.5,-1.0,-0.2837,515326,181954623,993,TWSE,common_stock,true,false,false,false,false,false,false,false,true,
2025-10-30,3588,通嘉,listed,49.6,49.6,47.85,48.05,-0.5,-1.0299,246667,11919654,203,TWSE,common_stock,true,false,false,false,false,false,false,false,true,
2025-10-30,3591,艾笛森,listed,18.2,18.45,17.8,18.2,-0.05,-0.274,250933,4543767,215,TWSE,common_stock,true,false,false,false,false,false,false,false,true,
2025-10-30,3592,瑞鼎,listed,244.5,250.0,244.5,249.5,7.0,2.8866,601346,149404487,904,TWSE,common_stock,true,false,false,false,false,false,false,false,true,
2025-10-30,3593,力銘,listed,7.13,7.23,7.04,7.2,0.07,0.9818,21069,150609,30,TWSE,common_stock,true,false,false,false,false,false,false,false,true,
2025-10-30,3596,智易,listed,217.0,218.0,207.0,207.0,-5.0,-2.3585,1655180,348271502,2437,TWSE,common_stock,true,false,false,false,false,false,false,false,true,
2025-10-30,3605,宏致,listed,69.2,69.9,67.7,68.4,-0.7,-1.013,2364551,162553672,1896,TWSE,common_stock,true,false,false,false,false,false,false,false,true,
2025-10-30,3607,谷崧,listed,13.35,13.4,13.15,13.2,-0.15,-1.1236,384882,5097236,186,TWSE,common_stock,true,false,false,false,false,false,false,false,true,
2025-10-30,3617,碩天,listed,243.0,252.5,242.0,245.0,4.0,1.6598,668484,164870400,1032,TWSE,common_stock,true,false,false,false,false,false,false,false,true,
2025-10-30,3622,洋華,listed,55.1,55.8,54.6,54.7,-0.4,-0.726,109825,6027577,262,TWSE,common_stock,true,false,false,false,false,false,false,false,true,
2025-10-30,3645,達邁,listed,60.5,60.8,59.3,59.4,-1.1,-1.8182,1408003,84163556,1581,TWSE,common_stock,true,false,false,false,false,false,false,false,true,
2025-10-30,3652,精聯,listed,29.45,29.45,29.3,29.3,-0.15,-0.5093,45040,1323972,34,TWSE,common_stock,true,false,false,false,false,false,false,false,true,
2025-10-30,3653,健策,listed,2125.0,2160.0,2070.0,2145.0,30.0,1.4184,1538282,3258012755,3966,TWSE,common_stock,true,false,false,false,false,false,false,false,true,
2025-10-30,3661,世芯-KY,listed,3315.0,3380.0,3195.0,3355.0,105.0,3.2308,2715126,8998524740,12483,TWSE,common_stock,true,false,false,false,false,false,false,false,true,
2025-10-30,3665,貿聯-KY,listed,1445.0,1455.0,1385.0,1400.0,-60.0,-4.1096,3056106,4299174135,6781,TWSE,common_stock,true,false,false,false,false,false,false,false,true,
2025-10-30,3669,圓展,listed,30.0,30.0,29.75,29.95,-0.05,-0.1667,17016,507526,18,TWSE,common_stock,true,false,false,false,false,false,false,false,true,
2025-10-30,3673,TPK-KY,listed,37.5,37.75,36.5,36.6,-0.9,-2.4,1399698,51579363,1121,TWSE,common_stock,true,false,false,false,false,false,false,false,true,
2025-10-30,3679,新至陞,listed,124.5,125.5,123.5,124.5,0.5,0.4032,67077,8344777,770,TWSE,common_stock,true,false,false,false,false,false,false,false,true,
2025-10-30,3686,達能,listed,21.95,22.0,20.6,21.0,-0.3,-1.4085,1275396,27043617,984,TWSE,common_stock,true,false,false,false,false,false,false,false,true,
2025-10-30,3694,海華,listed,76.1,77.6,72.9,73.4,-3.1,-4.0523,3266897,244707370,3572,TWSE,common_stock,true,false,false,false,false,false,false,false,true,
2025-10-30,3701,大眾控,listed,36.7,37.0,36.0,36.05,-0.65,-1.7711,288019,10473584,332,TWSE,common_stock,true,false,false,false,false,false,false,false,true,
2025-10-30,3702,大聯大,listed,61.5,62.0,61.1,61.4,-0.1,-0.1626,5752891,353525049,3911,TWSE,common_stock,true,false,false,false,false,false,false,false,true,
2025-10-30,3703,欣陸,listed,21.95,22.1,21.9,22.05,0.15,0.6849,613984,13505843,430,TWSE,common_stock,true,false,false,false,false,false,false,false,true,
2025-10-30,3704,合勤控,listed,36.55,37.8,35.75,36.0,-0.05,-0.1387,17024757,624499678,10940,TWSE,common_stock,true,false,false,false,false,false,false,false,true,
2025-10-30,3705,永信,listed,56.8,56.8,56.2,56.2,-0.6,-1.0563,203237,11462355,231,TWSE,common_stock,true,false,false,false,false,false,false,false,true,
2025-10-30,3706,神達,listed,97.2,100.5,94.8,98.5,3.3,3.4664,148501579,14545539948,119172,TWSE,common_stock,true,false,false,false,false,false,false,false,true,
2025-10-30,3708,上緯投控,listed,122.0,123.0,117.5,121.5,3.0,2.5316,1714934,206836111,1552,TWSE,common_stock,true,false,false,false,false,false,false,false,true,
2025-10-30,3711,日月光投控,listed,220.0,227.5,219.0,225.0,4.0,1.81,46443915,10386573530,49882,TWSE,common_stock,true,false,false,false,false,false,false,false,true,
2025-10-30,3712,永崴投控,listed,37.15,37.45,36.7,36.8,-0.3,-0.8086,735713,27208526,585,TWSE,common_stock,true,false,false,false,false,false,false,false,true,
2025-10-30,3714,富采,listed,35.45,35.6,34.8,35.05,-0.4,-1.1283,1789614,62775498,1569,TWSE,common_stock,true,false,false,false,false,false,false,false,true,
2025-10-30,3715,定穎投控,listed,95.6,95.9,89.0,89.9,-5.3,-5.5672,26674809,2437646556,23100,TWSE,common_stock,true,false,false,false,false,false,false,false,true,
2025-10-30,3716,中化控股,listed,33.75,33.9,33.6,33.9,0.15,0.4444,88764,2991734,123,TWSE,common_stock,true,false,false,false,false,false,false,false,true,
2025-10-30,3717,聯嘉投控,listed,19.05,19.25,18.9,19.05,0.05,0.2632,369368,7023323,232,TWSE,common_stock,true,false,false,false,false,false,false,false,true,
2025-10-30,4104,佳醫,listed,84.9,85.2,84.9,84.9,0.0,0.0,128382,10912581,274,TWSE,common_stock,true,false,false,false,false,false,false,false,true,
2025-10-30,4106,雃博,listed,21.3,21.45,21.25,21.45,0.05,0.2336,75975,1619977,145,TWSE,common_stock,true,false,false,false,false,false,false,false,true,
2025-10-30,4108,懷特,listed,14.05,14.1,13.85,13.9,-0.15,-1.0676,304831,4248990,219,TWSE,common_stock,true,false,false,false,false,false,false,false,true,
2025-10-30,4119,旭富,listed,58.1,58.1,57.6,57.7,-0.7,-1.1986,91412,5278940,121,TWSE,common_stock,true,false,false,false,false,false,false,false,true,
2025-10-30,4133,亞諾法,listed,25.3,25.7,25.05,25.3,0.0,0.0,71253,1802851,127,TWSE,common_stock,true,false,false,false,false,false,false,false,true,
2025-10-30,4137,麗豐-KY,listed,101.0,101.0,100.0,100.5,0.0,0.0,154207,15480604,133,TWSE,common_stock,true,false,false,false,false,false,false,false,true,
2025-10-30,4142,國光生,listed,19.45,19.6,18.95,18.95,0.0,0.0,3201571,61324637,1419,TWSE,common_stock,true,false,false,false,false,false,false,false,true,
2025-10-30,4148,全宇生技-KY,listed,39.5,39.5,38.75,38.9,-0.6,-1.519,13308,519009,30,TWSE,common_stock,true,false,false,false,false,false,false,false,true,
2025-10-30,4155,訊映,listed,14.3,14.3,14.1,14.25,-0.05,-0.3497,122228,1737866,157,TWSE,common_stock,true,false,false,false,false,false,false,false,true,
2025-10-30,4164,承業醫,listed,42.4,42.7,42.25,42.35,0.1,0.2367,2047883,87706749,510,TWSE,common_stock,true,false,false,false,false,false,false,false,true,
2025-10-30,4190,佐登-KY,listed,33.15,33.15,33.0,33.0,-0.15,-0.4525,20782,687824,186,TWSE,common_stock,true,false,false,false,false,false,false,false,true,
2025-10-30,4306,炎洲,listed,13.5,13.55,13.15,13.25,-0.2,-1.487,1443017,19187896,1032,TWSE,common_stock,true,false,false,false,false,false,false,false,true,
2025-10-30,4414,如興,listed,10.75,10.75,10.45,10.45,-0.3,-2.7907,191412,2014920,136,TWSE,common_stock,true,false,false,false,false,false,false,false,true,
2025-10-30,4426,利勤,listed,10.1,10.2,10.05,10.1,0.0,0.0,54459,550245,44,TWSE,common_stock,true,false,false,false,false,false,false,false,true,
2025-10-30,4438,廣越,listed,82.0,83.5,78.1,81.7,0.3,0.3686,937344,75691495,2432,TWSE,common_stock,true,false,false,false,false,false,false,false,true,
2025-10-30,4439,冠星-KY,listed,89.6,90.0,88.4,90.0,0.8,0.8969,8470,753943,19,TWSE,common_stock,true,false,false,false,false,false,false,false,true,
2025-10-30,4440,宜新實業,listed,19.8,19.8,18.8,19.0,-0.8,-4.0404,264967,5077063,239,TWSE,common_stock,true,false,false,false,false,false,false,false,true,
2025-10-30,4441,振大環球,listed,280.0,286.5,280.0,282.5,-1.0,-0.3527,120389,34077988,672,TWSE,common_stock,true,false,false,false,false,false,false,false,true,
2025-10-30,4526,東台,listed,32.7,32.9,32.0,32.0,-0.6,-1.8405,1664639,53811120,1339,TWSE,common_stock,true,false,false,false,false,false,false,false,true,
2025-10-30,4532,瑞智,listed,23.35,23.4,23.1,23.1,-0.2,-0.8584,1312978,30473226,670,TWSE,common_stock,true,false,false,false,false,false,false,false,true,
2025-10-30,4536,拓凱,listed,188.5,188.5,186.0,186.5,-2.0,-1.061,136355,25521342,355,TWSE,common_stock,true,false,false,false,false,false,false,false,true,
2025-10-30,4540,全球傳動,listed,39.15,39.45,38.85,38.85,-0.2,-0.5122,569280,22255318,540,TWSE,common_stock,true,false,false,false,false,false,false,false,true,
2025-10-30,4545,銘鈺,listed,32.2,34.95,32.2,32.7,0.55,1.7107,273488,9053710,194,TWSE,common_stock,true,false,false,false,false,false,false,false,true,
2025-10-30,4551,智伸科,listed,150.5,150.5,141.5,143.0,-6.0,-4.0268,1021499,148136306,1422,TWSE,common_stock,true,false,false,false,false,false,false,false,true,
2025-10-30,4552,力達-KY,listed,21.7,21.7,21.35,21.35,-0.4,-1.8391,79616,1710437,108,TWSE,common_stock,true,false,false,false,false,false,false,false,true,
2025-10-30,4555,氣立,listed,43.6,43.8,43.0,43.0,-0.7,-1.6018,217738,9472894,187,TWSE,common_stock,true,false,false,false,false,false,false,false,true,
2025-10-30,4557,永新-KY,listed,69.0,70.1,68.8,69.5,0.2,0.2886,104797,7247519,152,TWSE,common_stock,true,false,false,false,false,false,false,false,true,
2025-10-30,4560,強信-KY,listed,31.3,31.7,30.95,31.7,0.4,1.278,118000,3687200,87,TWSE,common_stock,true,false,false,false,false,false,false,false,true,
2025-10-30,4562,穎漢,listed,41.05,41.65,40.15,40.15,-0.7,-1.7136,260937,10591455,284,TWSE,common_stock,true,false,false,false,false,false,false,false,true,
2025-10-30,4564,元翎,listed,17.7,17.7,16.95,17.0,-0.45,-2.5788,907330,15564605,685,TWSE,common_stock,true,false,false,false,false,false,false,false,true,
2025-10-30,4566,時碩工業,listed,56.6,56.9,56.3,56.8,0.2,0.3534,204720,11587161,300,TWSE,common_stock,true,false,false,false,false,false,false,false,true,
2025-10-30,4569,六方科-KY,listed,167.0,167.5,162.5,164.5,-2.5,-1.497,52644,8625498,791,TWSE,common_stock,true,false,false,false,false,false,false,false,true,
2025-10-30,4571,鈞興-KY,listed,172.0,174.0,171.0,172.0,1.0,0.5848,316746,54596379,867,TWSE,common_stock,true,false,false,false,false,false,false,false,true,
2025-10-30,4572,駐龍,listed,163.5,164.5,160.0,160.0,-4.5,-2.7356,183821,29679124,240,TWSE,common_stock,true,false,false,false,false,false,false,false,true,
2025-10-30,4576,大銀微系統,listed,113.5,115.0,111.0,111.0,-2.0,-1.7699,384623,43234786,641,TWSE,common_stock,true,false,false,false,false,false,false,false,true,
2025-10-30,4581,光隆精密-KY,listed,52.8,53.0,52.7,53.0,0.2,0.3788,11015,581399,10,TWSE,common_stock,true,false,false,false,false,false,false,false,true,
2025-10-30,4583,台灣精銳,listed,680.0,681.0,647.0,651.0,-13.0,-1.9578,381778,253608166,1146,TWSE,common_stock,true,false,false,false,false,false,false,false,true,
2025-10-30,4585,達明,listed,412.5,422.5,410.5,412.0,2.0,0.4878,328774,136644359,1251,TWSE,common_stock,true,false,false,false,false,false,false,false,true,
2025-10-30,4588,玖鼎電力,listed,59.3,59.5,59.1,59.4,0.2,0.3378,48325,2863077,61,TWSE,common_stock,true,false,false,false,false,false,false,false,true,
2025-10-30,4720,德淵,listed,14.95,15.0,14.3,14.35,-0.6,-4.0134,1674158,24325069,535,TWSE,common_stock,true,false,false,false,false,false,false,false,true,
2025-10-30,4722,國精化,listed,181.0,183.5,174.5,174.5,-6.0,-3.3241,2841320,506630515,5283,TWSE,common_stock,true,false,false,false,false,false,false,false,true,
2025-10-30,4736,泰博,listed,120.0,121.5,120.0,121.0,0.5,0.4149,77683,9382747,114,TWSE,common_stock,true,false,false,false,false,false,false,false,true,
2025-10-30,4737,華廣,listed,63.5,63.5,62.0,62.5,-0.8,-1.2638,30608,1921055,158,TWSE,common_stock,true,false,false,false,false,false,false,false,true,
2025-10-30,4739,康普,listed,65.0,65.7,63.8,63.8,-1.6,-2.4465,485408,31305281,581,TWSE,common_stock,true,false,false,false,false,false,false,false,true,
2025-10-30,4746,台耀,listed,61.8,61.8,60.3,61.0,0.2,0.3289,539908,32933618,774,TWSE,common_stock,true,false,false,false,false,false,false,false,true,
2025-10-30,4755,三福化,listed,111.0,111.0,108.0,108.0,-3.0,-2.7027,161107,17533630,241,TWSE,common_stock,true,false,false,false,false,false,false,false,true,
2025-10-30,4763,材料*-KY,listed,61.9,62.2,59.6,60.6,-0.6,-0.9804,8244276,498665413,8599,TWSE,common_stock,true,false,false,false,false,false,false,false,true,
2025-10-30,4764,雙鍵,listed,75.5,75.5,71.5,71.5,-4.5,-5.9211,347618,25501859,279,TWSE,common_stock,true,false,false,false,false,false,false,false,true,
2025-10-30,4766,南寶,listed,369.0,369.0,361.0,361.5,-6.0,-1.6327,476855,173354193,920,TWSE,common_stock,true,false,false,false,false,false,false,false,true,
2025-10-30,4770,上品,listed,248.0,248.5,242.0,242.5,-6.0,-2.4145,359135,87891130,676,TWSE,common_stock,true,false,false,false,false,false,false,false,true,
2025-10-30,4771,望隼,listed,175.0,181.0,174.5,177.5,3.0,1.7192,188992,33595939,171,TWSE,common_stock,true,false,false,false,false,false,false,false,true,
2025-10-30,4807,日成-KY,listed,18.1,18.15,17.9,17.9,0.05,0.2801,12578,226267,33,TWSE,common_stock,true,false,false,false,false,false,false,false,true,
2025-10-30,4904,遠傳,listed,92.3,92.7,91.6,92.1,-0.4,-0.4324,6314799,581702104,3440,TWSE,common_stock,true,false,false,false,false,false,false,false,true,
2025-10-30,4906,正文,listed,26.8,28.05,26.5,27.4,0.6,2.2388,16386844,449063833,8193,TWSE,common_stock,true,false,false,false,false,false,false,false,true,
2025-10-30,4912,聯德控股-KY,listed,80.5,81.7,80.0,80.3,-0.2,-0.2484,218522,17617733,177,TWSE,common_stock,true,false,false,false,false,false,false,false,true,
2025-10-30,4915,致伸,listed,83.7,84.0,81.1,81.7,-2.0,-2.3895,4492341,369519048,10517,TWSE,common_stock,true,false,false,false,false,false,false,false,true,
2025-10-30,4916,事欣科,listed,53.2,53.5,51.4,51.6,-1.6,-3.0075,2321940,121085738,2271,TWSE,common_stock,true,false,false,false,false,false,false,false,true,
2025-10-30,4919,新唐,listed,64.2,64.4,62.4,62.9,-1.3,-2.0249,1324110,83619735,1487,TWSE,common_stock,true,false,false,false,false,false,false,false,true,
2025-10-30,4927,泰鼎-KY,listed,21.55,21.6,21.0,21.0,-0.35,-1.6393,2636809,55833620,1346,TWSE,common_stock,true,false,false,false,false,false,false,false,true,
2025-10-30,4930,燦星網,listed,22.85,23.0,22.85,22.85,-0.1,-0.4357,15960,366160,147,TWSE,common_stock,true,false,false,false,false,false,false,false,true,
2025-10-30,4934,太極,listed,15.2,15.2,14.75,14.95,-0.05,-0.3333,928275,13833106,513,TWSE,common_stock,true,false,false,false,false,false,false,false,true,
2025-10-30,4935,茂林-KY,listed,44.55,45.2,41.65,42.35,-2.5,-5.5741,370348,15964957,262,TWSE,common_stock,true,false,false,false,false,false,false,false,true,
2025-10-30,4938,和碩,listed,76.9,76.9,75.5,76.1,-0.8,-1.0403,8882022,675870551,8783,TWSE,common_stock,true,false,false,false,false,false,false,false,true,
2025-10-30,4942,嘉彰,listed,40.15,43.25,39.25,40.8,0.55,1.3665,2179745,89912588,1541,TWSE,common_stock,true,false,false,false,false,false,false,false,true,
2025-10-30,4943,康控-KY,listed,11.25,11.25,10.65,10.7,-0.15,-1.3825,50668,540382,27,TWSE,common_stock,true,false,false,false,false,false,false,false,true,
2025-10-30,4949,有成精密,listed,36.85,37.25,36.7,37.0,0.15,0.4071,268233,9922295,245,TWSE,common_stock,true,false,false,false,false,false,false,false,true,
2025-10-30,4952,凌通,listed,39.75,40.05,38.9,39.05,-1.0,-2.4969,121151,4743299,189,TWSE,common_stock,true,false,false,false,false,false,false,false,true,
2025-10-30,4956,光鋐,listed,19.5,19.8,19.2,19.4,0.1,0.5181,672723,13104658,335,TWSE,common_stock,true,false,false,false,false,false,false,false,true,
2025-10-30,4958,臻鼎-KY,listed,169.0,169.0,163.5,166.0,-3.0,-1.7751,8566706,1421681305,7374,TWSE,common_stock,true,false,false,false,false,false,false,false,true,
2025-10-30,4960,誠美材,listed,13.8,14.1,13.8,14.0,0.2,1.4493,1041007,14522965,385,TWSE,common_stock,true,false,false,false,false,false,false,false,true,
2025-10-30,4961,天鈺,listed,157.0,158.5,155.0,155.5,-0.5,-0.3205,375198,58683493,876,TWSE,common_stock,true,false,false,false,false,false,false,false,true,
2025-10-30,4967,十銓,listed,128.0,131.0,127.0,128.0,2.0,1.5873,2366794,305071884,2220,TWSE,common_stock,true,false,false,false,false,false,false,false,true,
2025-10-30,4968,立積,listed,152.0,164.5,152.0,160.0,9.0,5.9603,10505018,1686909972,9134,TWSE,common_stock,true,false,false,false,false,false,false,false,true,
2025-10-30,4976,佳凌,listed,34.4,34.45,33.4,33.5,-0.9,-2.6163,746136,25205888,678,TWSE,common_stock,true,false,false,false,false,false,false,false,true,
2025-10-30,4977,眾達-KY,listed,124.5,126.5,118.5,122.0,-1.0,-0.813,6108071,743912944,5006,TWSE,common_stock,true,false,false,false,false,false,false,false,true,
2025-10-30,4989,榮科,listed,46.65,46.65,38.65,39.7,-2.75,-6.4782,49396423,2103205097,29295,TWSE,common_stock,true,false,false,false,false,false,false,false,true,
2025-10-30,4994,傳奇,listed,96.9,99.9,94.0,95.2,0.7,0.7407,21181,2050349,30,TWSE,common_stock,true,false,false,false,false,false,false,false,true,
2025-10-30,4999,鑫禾,listed,25.6,25.85,25.5,25.5,-0.35,-1.354,37419,958803,74,TWSE,common_stock,true,false,false,false,false,false,false,false,true,
2025-10-30,5007,三星,listed,51.2,51.3,51.1,51.1,-0.3,-0.5837,21110,1081612,20,TWSE,common_stock,true,false,false,false,false,false,false,false,true,
2025-10-30,5203,訊連,listed,99.8,100.0,94.1,94.5,-4.1,-4.1582,742281,71206230,1734,TWSE,common_stock,true,false,false,false,false,false,false,false,true,
2025-10-30,5215,科嘉-KY,listed,34.0,34.55,34.0,34.35,0.35,1.0294,78301,2694581,95,TWSE,common_stock,true,false,false,false,false,false,false,false,true,
2025-10-30,5222,全訊,listed,138.5,139.5,135.0,135.5,-3.0,-2.1661,727665,99340888,982,TWSE,common_stock,true,false,false,false,false,false,false,false,true,
2025-10-30,5225,東科-KY,listed,109.0,109.5,108.0,108.0,-1.0,-0.9174,374823,40661778,294,TWSE,common_stock,true,false,false,false,false,false,false,false,true,
2025-10-30,5234,達興材料,listed,375.5,378.0,366.5,368.5,-6.5,-1.7333,749541,278933480,1342,TWSE,common_stock,true,false,false,false,false,false,false,false,true,
2025-10-30,5243,乙盛-KY,listed,92.0,95.2,84.1,85.0,-2.0,-2.2989,27880684,2489312613,21048,TWSE,common_stock,true,false,false,false,false,false,false,false,true,
2025-10-30,5244,弘凱,listed,42.55,42.6,41.4,41.55,-0.4,-0.9535,238104,9934737,195,TWSE,common_stock,true,false,false,false,false,false,false,false,true,
2025-10-30,5258,虹堡,listed,72.5,72.6,70.3,70.7,-1.8,-2.4828,341291,24252850,1539,TWSE,common_stock,true,false,false,false,false,false,false,false,true,
2025-10-30,5269,祥碩,listed,1460.0,1460.0,1420.0,1425.0,-25.0,-1.7241,561617,803208885,2673,TWSE,common_stock,true,false,false,false,false,false,false,false,true,
2025-10-30,5283,禾聯碩,listed,73.4,74.7,72.8,73.9,0.9,1.2329,438488,32421134,508,TWSE,common_stock,true,false,false,false,false,false,false,false,true,
2025-10-30,5284,jpp-KY,listed,292.5,302.0,290.5,295.0,4.5,1.5491,3073732,909608997,13074,TWSE,common_stock,true,false,false,false,false,false,false,false,true,
2025-10-30,5285,界霖,listed,53.0,53.0,51.4,52.7,-0.3,-0.566,296123,15417208,307,TWSE,common_stock,true,false,false,false,false,false,false,false,true,
2025-10-30,5288,豐祥-KY,listed,123.0,124.5,122.0,122.5,-0.5,-0.4065,82404,10119993,110,TWSE,common_stock,true,false,false,false,false,false,false,false,true,
2025-10-30,5292,華懋,listed,149.0,149.0,147.0,147.5,-1.5,-1.0067,40246,5948327,144,TWSE,common_stock,true,false,false,false,false,false,false,false,true,
2025-10-30,5306,桂盟,listed,90.6,90.6,90.0,90.3,-0.1,-0.1106,87272,7878237,754,TWSE,common_stock,true,false,false,false,false,false,false,false,true,
2025-10-30,5388,中磊,listed,98.6,100.5,98.4,98.9,0.3,0.3043,1473810,146427637,1852,TWSE,common_stock,true,false,false,false,false,false,false,false,true,
2025-10-30,5434,崇越,listed,322.0,323.5,319.5,319.5,-3.0,-0.9302,349104,112030609,1867,TWSE,common_stock,true,false,false,false,false,false,false,false,true,
2025-10-30,5469,瀚宇博,listed,94.7,98.2,90.7,91.5,-0.5,-0.5435,17259656,1615073283,15260,TWSE,common_stock,true,false,false,false,false,false,false,false,true,
2025-10-30,5471,松翰,listed,36.2,36.2,35.1,35.2,-0.5,-1.4006,281554,9968662,364,TWSE,common_stock,true,false,false,false,false,false,false,false,true,
2025-10-30,5484,慧友,listed,39.7,39.7,38.8,39.0,-0.7,-1.7632,265428,10395819,245,TWSE,common_stock,true,false,false,false,false,false,false,false,true,
2025-10-30,5515,建國,listed,26.1,26.35,25.9,25.95,-0.2,-0.7648,221286,5765518,287,TWSE,common_stock,true,false,false,false,false,false,false,false,true,
2025-10-30,5519,隆大,listed,28.6,28.85,28.2,28.3,-0.2,-0.7018,205948,5846625,162,TWSE,common_stock,true,false,false,false,false,false,false,false,true,
2025-10-30,5521,工信,listed,11.85,11.85,11.55,11.6,-0.25,-2.1097,1067695,12406577,423,TWSE,common_stock,true,false,false,false,false,false,false,false,true,
2025-10-30,5522,遠雄,listed,53.9,54.4,53.5,54.0,-0.1,-0.1848,860083,46399973,837,TWSE,common_stock,true,false,false,false,false,false,false,false,true,
2025-10-30,5525,順天,listed,28.1,28.35,28.05,28.2,0.1,0.3559,34540,973556,43,TWSE,common_stock,true,false,false,false,false,false,false,false,true,
2025-10-30,5531,鄉林,listed,9.06,9.11,9.06,9.08,0.02,0.2208,213732,1939746,167,TWSE,common_stock,true,false,false,false,false,false,false,false,true,
2025-10-30,5533,皇鼎,listed,14.9,14.95,14.85,14.9,0.05,0.3367,149082,2222425,82,TWSE,common_stock,true,false,false,false,false,false,false,false,true,
2025-10-30,5534,長虹,listed,79.3,80.5,79.3,79.6,0.7,0.8872,471274,37565799,778,TWSE,common_stock,true,false,false,false,false,false,false,false,true,
2025-10-30,5538,東明-KY,listed,28.4,28.4,28.35,28.35,-0.15,-0.5263,5125,145359,10,TWSE,common_stock,true,false,false,false,false,false,false,false,true,
2025-10-30,5546,永固-KY,listed,24.45,25.2,24.4,24.4,-0.05,-0.2045,7000,172450,7,TWSE,common_stock,true,false,false,false,false,false,false,false,true,
2025-10-30,5607,遠雄港,listed,48.1,49.45,47.9,48.25,0.4,0.8359,455034,22057423,767,TWSE,common_stock,true,false,false,false,false,false,false,false,true,
2025-10-30,5608,四維航,listed,17.4,18.4,17.35,18.25,0.95,5.4913,7546790,135955752,3732,TWSE,common_stock,true,false,false,false,false,false,false,false,true,
2025-10-30,5706,鳳凰,listed,51.8,51.9,51.6,51.6,-0.2,-0.3861,168129,8700463,262,TWSE,common_stock,true,false,false,false,false,false,false,false,true,
2025-10-30,5871,中租-KY,listed,104.0,105.0,103.0,104.5,0.0,0.0,5369794,558029768,5376,TWSE,common_stock,true,false,false,false,false,false,false,false,true,
2025-10-30,5871A,中租-KY甲特,listed,101.5,101.5,101.5,101.5,0.0,0.0,188596,19142491,31,TWSE,warrant,false,false,true,false,false,false,false,false,false,security_type=warrant;symbol_not_4_digit
2025-10-30,5876,上海商銀,listed,39.95,40.0,39.8,39.8,-0.2,-0.5,5673017,226095679,3323,TWSE,common_stock,true,false,false,false,false,false,false,false,true,
2025-10-30,5880,合庫金,listed,23.95,24.0,23.8,24.0,0.15,0.6289,11419868,273000626,4660,TWSE,common_stock,true,false,false,false,false,false,false,false,true,
2025-10-30,5906,台南-KY,listed,52.1,53.0,51.0,52.6,-1.0,-1.8657,10161,526625,30,TWSE,common_stock,true,false,false,false,false,false,false,false,true,
2025-10-30,5907,大洋-KY,listed,5.83,5.89,5.81,5.82,-0.02,-0.3425,173050,1008252,63,TWSE,common_stock,true,false,false,false,false,false,false,false,true,
2025-10-30,6005,群益證,listed,25.05,25.15,24.4,24.65,-0.45,-1.7928,8556644,210884842,4250,TWSE,etf,false,true,false,false,false,false,false,false,false,security_type=etf
2025-10-30,6024,群益期,listed,49.7,49.8,49.4,49.4,-0.15,-0.3027,134072,6642601,140,TWSE,etf,false,true,false,false,false,false,false,false,false,security_type=etf
2025-10-30,6108,競國,listed,14.7,14.7,14.55,14.6,-0.1,-0.6803,69045,1007864,87,TWSE,common_stock,true,false,false,false,false,false,false,false,true,
2025-10-30,6112,邁達特,listed,51.4,52.8,51.4,52.1,0.7,1.3619,1576733,82221820,1274,TWSE,common_stock,true,false,false,false,false,false,false,false,true,
2025-10-30,6115,鎰勝,listed,46.1,46.5,46.1,46.35,-0.05,-0.1078,66071,3059599,66,TWSE,common_stock,true,false,false,false,false,false,false,false,true,
2025-10-30,6116,彩晶,listed,7.5,7.6,7.32,7.32,-0.13,-1.745,7651169,56611681,2471,TWSE,common_stock,true,false,false,false,false,false,false,false,true,
2025-10-30,6117,迎廣,listed,82.6,83.6,81.5,81.9,-0.1,-0.122,447693,36862723,551,TWSE,common_stock,true,false,false,false,false,false,false,false,true,
2025-10-30,6120,達運,listed,11.7,11.75,11.3,11.35,-0.35,-2.9915,1883526,21532458,892,TWSE,common_stock,true,false,false,false,false,false,false,false,true,
2025-10-30,6128,上福,listed,28.0,28.1,27.95,28.0,0.0,0.0,43229,1212012,48,TWSE,common_stock,true,false,false,false,false,false,false,false,true,
2025-10-30,6133,金橋,listed,16.55,16.55,16.3,16.35,-0.2,-1.2085,350842,5756596,219,TWSE,common_stock,true,false,false,false,false,false,false,false,true,
2025-10-30,6136,富爾特,listed,23.85,23.85,23.45,23.65,0.15,0.6383,102658,2421574,82,TWSE,common_stock,true,false,false,false,false,false,false,false,true,
2025-10-30,6139,亞翔,listed,458.5,473.0,455.0,463.0,6.5,1.4239,7140495,3320109682,9224,TWSE,common_stock,true,false,false,false,false,false,false,false,true,
2025-10-30,6141,柏承,listed,11.6,11.7,11.35,11.4,-0.2,-1.7241,208625,2389850,165,TWSE,common_stock,true,false,false,false,false,false,false,false,true,
2025-10-30,6142,友勁,listed,9.85,10.35,9.79,10.2,0.33,3.3435,1218041,12309342,524,TWSE,common_stock,true,false,false,false,false,false,false,false,true,
2025-10-30,6152,百一,listed,8.8,9.68,8.76,9.68,0.88,10.0,3622658,34396250,3887,TWSE,common_stock,true,false,false,false,false,false,false,false,true,
2025-10-30,6153,嘉聯益,listed,15.85,15.85,15.05,15.25,-0.5,-3.1746,4154613,63784226,1918,TWSE,common_stock,true,false,false,false,false,false,false,false,true,
2025-10-30,6155,鈞寶,listed,29.25,29.75,28.2,28.4,-0.6,-2.069,1377895,39713655,1292,TWSE,common_stock,true,false,false,false,false,false,false,false,true,
2025-10-30,6164,華興,listed,9.99,10.05,9.93,9.93,-0.06,-0.6006,220756,2205020,292,TWSE,common_stock,true,false,false,false,false,false,false,false,true,
2025-10-30,6165,浪凡,listed,52.8,53.4,52.6,53.3,0.5,0.947,347236,18406925,318,TWSE,common_stock,true,false,false,false,false,false,false,false,true,
2025-10-30,6166,凌華,listed,61.0,61.0,59.5,59.9,-0.9,-1.4803,300363,18069903,630,TWSE,common_stock,true,false,false,false,false,false,false,false,true,
2025-10-30,6168,宏齊,listed,20.55,20.6,20.25,20.55,0.25,1.2315,490682,10023364,346,TWSE,common_stock,true,false,false,false,false,false,false,false,true,
2025-10-30,6176,瑞儀,listed,131.5,132.0,129.0,129.5,-1.5,-1.145,1783873,230973100,2088,TWSE,common_stock,true,false,false,false,false,false,false,false,true,
2025-10-30,6177,達麗,listed,49.95,50.7,49.9,50.0,0.3,0.6036,1256348,63232898,1288,TWSE,common_stock,true,false,false,false,false,false,false,false,true,
2025-10-30,6183,關貿,listed,97.1,97.1,96.6,96.7,-0.4,-0.4119,26498,2564561,180,TWSE,common_stock,true,false,false,false,false,false,false,false,true,
2025-10-30,6184,大豐電,listed,49.0,49.0,48.9,49.0,0.0,0.0,68623,3360924,61,TWSE,common_stock,true,false,false,false,false,false,false,false,true,
2025-10-30,6189,豐藝,listed,48.9,49.2,48.55,48.8,-0.15,-0.3064,293748,14325000,814,TWSE,common_stock,true,false,false,false,false,false,false,false,true,
2025-10-30,6191,精成科,listed,112.0,113.0,107.0,112.5,0.5,0.4464,19725382,2190384880,11519,TWSE,common_stock,true,false,false,false,false,false,false,false,true,
2025-10-30,6192,巨路,listed,99.5,101.0,99.5,100.0,0.7,0.7049,201893,20215503,217,TWSE,common_stock,true,false,false,false,false,false,false,false,true,
2025-10-30,6196,帆宣,listed,236.5,239.5,236.5,238.0,2.0,0.8475,859056,204398568,1733,TWSE,common_stock,true,false,false,false,false,false,false,false,true,
2025-10-30,6197,佳必琪,listed,170.5,170.5,165.5,166.5,-2.5,-1.4793,1176406,197297167,3317,TWSE,common_stock,true,false,false,false,false,false,false,false,true,
2025-10-30,6201,亞弘電,listed,55.9,56.7,55.8,56.0,-0.3,-0.5329,32198,1804782,54,TWSE,common_stock,true,false,false,false,false,false,false,false,true,
2025-10-30,6202,盛群,listed,41.95,41.95,40.6,41.2,-0.8,-1.9048,1237632,50963033,1225,TWSE,common_stock,true,false,false,false,false,false,false,false,true,
2025-10-30,6205,詮欣,listed,40.4,40.5,40.15,40.15,-0.25,-0.6188,227144,9131417,124,TWSE,common_stock,true,false,false,false,false,false,false,false,true,
2025-10-30,6206,飛捷,listed,109.0,109.5,106.5,106.5,-2.0,-1.8433,596984,64075975,668,TWSE,common_stock,true,false,false,false,false,false,false,false,true,
2025-10-30,6209,今國光,listed,44.0,44.75,42.2,43.0,-0.6,-1.3761,3665791,157465352,2815,TWSE,common_stock,true,false,false,false,false,false,false,false,true,
2025-10-30,6213,聯茂,listed,117.0,120.5,114.5,118.0,3.5,3.0568,35431357,4168886489,25869,TWSE,common_stock,true,false,false,false,false,false,false,false,true,
2025-10-30,6214,精誠,listed,130.0,130.0,127.5,128.5,-1.5,-1.1538,1327061,169960612,1528,TWSE,common_stock,true,false,false,false,false,false,false,false,true,
2025-10-30,6215,和椿,listed,120.0,120.5,115.5,115.5,-3.5,-2.9412,1395099,163298743,1559,TWSE,common_stock,true,false,false,false,false,false,false,false,true,
2025-10-30,6216,居易,listed,27.4,29.35,27.2,27.75,0.55,2.0221,913101,25912352,664,TWSE,common_stock,true,false,false,false,false,false,false,false,true,
2025-10-30,6224,聚鼎,listed,47.2,47.95,46.15,46.15,-0.85,-1.8085,321184,14998574,681,TWSE,common_stock,true,false,false,false,false,false,false,false,true,
2025-10-30,6225,天瀚,listed,18.65,18.65,17.7,17.7,-0.9,-4.8387,11268,206957,14,TWSE,common_stock,true,false,false,false,false,false,false,false,true,
2025-10-30,6226,光鼎,listed,6.67,6.7,6.58,6.66,0.02,0.3012,199967,1327082,77,TWSE,common_stock,true,false,false,false,false,false,false,false,true,
2025-10-30,6230,尼得科超眾,listed,139.5,142.0,137.5,137.5,-1.5,-1.0791,110816,15507573,427,TWSE,common_stock,true,false,false,false,false,false,false,false,true,
2025-10-30,6235,華孚,listed,71.1,71.4,69.2,69.8,-1.2,-1.6901,2694097,188930221,2953,TWSE,common_stock,true,false,false,false,false,false,false,false,true,
2025-10-30,6239,力成,listed,183.0,185.0,175.0,177.0,-5.0,-2.7473,17060603,3051059467,17789,TWSE,common_stock,true,false,false,false,false,false,false,false,true,
2025-10-30,6243,迅杰,listed,33.9,33.95,33.05,33.1,-0.15,-0.4511,72797,2429639,143,TWSE,common_stock,true,false,false,false,false,false,false,false,true,
2025-10-30,6257,矽格,listed,99.5,99.7,96.7,97.5,-2.0,-2.0101,4505686,441257507,6838,TWSE,common_stock,true,false,false,false,false,false,false,false,true,
2025-10-30,6269,台郡,listed,64.9,65.7,63.1,63.3,-1.9,-2.9141,1212607,77576594,1626,TWSE,common_stock,true,false,false,false,false,false,false,false,true,
2025-10-30,6271,同欣電,listed,120.5,124.5,118.5,119.0,0.0,0.0,4505235,545558742,3307,TWSE,common_stock,true,false,false,false,false,false,false,false,true,
2025-10-30,6277,宏正,listed,61.1,61.6,60.9,61.0,-0.1,-0.1637,70523,4308968,107,TWSE,common_stock,true,false,false,false,false,false,false,false,true,
2025-10-30,6278,台表科,listed,110.0,110.5,108.0,108.5,-1.0,-0.9132,1613758,175968043,1293,TWSE,common_stock,true,false,false,false,false,false,false,false,true,
2025-10-30,6281,全國電,listed,66.6,66.6,66.2,66.2,-0.4,-0.6006,116040,7705378,192,TWSE,common_stock,true,false,false,false,false,false,false,false,true,
2025-10-30,6282,康舒,listed,46.9,47.55,45.1,46.3,-0.55,-1.174,82915884,3836175947,46008,TWSE,common_stock,true,false,false,false,false,false,false,false,true,
2025-10-30,6283,淳安,listed,25.45,25.7,25.15,25.45,0.0,0.0,166679,4221157,126,TWSE,common_stock,true,false,false,false,false,false,false,false,true,
2025-10-30,6285,啟碁,listed,125.0,128.5,124.5,126.0,1.5,1.2048,5832027,737352363,5476,TWSE,common_stock,true,false,false,false,false,false,false,false,true,
2025-10-30,6405,悅城,listed,29.95,30.15,28.6,28.95,-0.9,-3.0151,517101,14967477,534,TWSE,common_stock,true,false,false,false,false,false,false,false,true,
2025-10-30,6409,旭隼,listed,1230.0,1250.0,1190.0,1230.0,15.0,1.2346,1268137,1543318285,3430,TWSE,common_stock,true,false,false,false,false,false,false,false,true,
2025-10-30,6412,群電,listed,94.3,94.8,91.9,93.2,-0.4,-0.4274,1141463,106203607,1228,TWSE,common_stock,true,false,false,false,false,false,false,false,true,
2025-10-30,6414,樺漢,listed,296.5,298.0,291.0,291.5,-4.5,-1.5203,549367,161376296,1237,TWSE,common_stock,true,false,false,false,false,false,false,false,true,
2025-10-30,6415,矽力*-KY,listed,232.5,235.0,228.0,229.0,-1.0,-0.4348,2277919,525514673,3209,TWSE,common_stock,true,false,false,false,false,false,false,false,true,
2025-10-30,6416,瑞祺電通,listed,85.9,86.9,85.4,85.5,0.2,0.2345,322732,27781954,665,TWSE,common_stock,true,false,false,false,false,false,false,false,true,
2025-10-30,6423,億而得-創,listed,74.9,76.0,74.7,74.7,-1.0,-1.321,13440,1009060,22,TWSE,common_stock,true,false,false,false,false,false,false,false,true,
2025-10-30,6426,統新,listed,74.7,76.1,73.5,75.0,0.5,0.6711,729119,54559952,793,TWSE,common_stock,true,false,false,false,false,false,false,false,true,
2025-10-30,6431,光麗-KY,listed,16.1,16.2,16.05,16.2,0.1,0.6211,76197,1227148,42,TWSE,common_stock,true,false,false,false,false,false,false,false,true,
2025-10-30,6438,迅得,listed,160.0,160.0,155.5,156.0,-3.0,-1.8868,811360,127329533,1036,TWSE,common_stock,true,false,false,false,false,false,false,false,true,
2025-10-30,6442,光聖,listed,995.0,1005.0,920.0,943.0,-38.0,-3.8736,8261327,7867922561,14735,TWSE,common_stock,true,false,false,false,false,false,false,false,true,
2025-10-30,6443,元晶,listed,14.8,14.8,14.2,14.3,-0.35,-2.3891,6526147,94751577,2833,TWSE,common_stock,true,false,false,false,false,false,false,false,true,
2025-10-30,6446,藥華藥,listed,496.0,499.0,492.0,492.0,-4.0,-0.8065,1423766,703439253,3482,TWSE,common_stock,true,false,false,false,false,false,false,false,true,
2025-10-30,6449,鈺邦,listed,189.0,193.5,184.0,185.5,-2.5,-1.3298,1509509,283824785,2553,TWSE,common_stock,true,false,false,false,false,false,false,false,true,
2025-10-30,6451,訊芯-KY,listed,148.0,149.5,141.0,141.5,-5.5,-3.7415,827545,119051401,1027,TWSE,common_stock,true,false,false,false,false,false,false,false,true,
2025-10-30,6456,GIS-KY,listed,51.2,51.4,50.2,50.2,-1.0,-1.9531,723050,36561870,625,TWSE,common_stock,true,false,false,false,false,false,false,false,true,
2025-10-30,6464,台數科,listed,77.7,77.7,77.3,77.7,0.0,0.0,5050,391185,6,TWSE,common_stock,true,false,false,false,false,false,false,false,true,
2025-10-30,6472,保瑞,listed,629.0,634.0,613.0,618.0,-11.0,-1.7488,1130016,699420073,5234,TWSE,common_stock,true,false,false,false,false,false,false,false,true,
2025-10-30,6477,安集,listed,38.3,38.85,37.5,37.5,-0.2,-0.5305,542593,20596954,440,TWSE,common_stock,true,false,false,false,false,false,false,false,true,
2025-10-30,6491,晶碩,listed,324.0,334.5,324.0,330.0,8.5,2.6439,1176214,389603989,2843,TWSE,common_stock,true,false,false,false,false,false,false,false,true,
2025-10-30,6504,南六,listed,46.0,46.2,45.0,45.0,-0.9,-1.9608,20194,918428,51,TWSE,common_stock,true,false,false,false,false,false,false,false,true,
2025-10-30,6505,台塑化,listed,45.7,45.85,44.7,45.55,0.3,0.663,5450274,246780205,3956,TWSE,common_stock,true,false,false,false,false,false,false,false,true,
2025-10-30,6515,穎崴,listed,2645.0,2655.0,2405.0,2540.0,-90.0,-3.4221,1640068,4156958350,4060,TWSE,common_stock,true,false,false,false,false,false,false,false,true,
2025-10-30,6525,捷敏-KY,listed,81.0,81.2,78.6,79.3,-1.7,-2.0988,304704,24284511,476,TWSE,common_stock,true,false,false,false,false,false,false,false,true,
2025-10-30,6526,達發,listed,502.0,513.0,496.0,499.0,2.0,0.4024,435219,219519474,1094,TWSE,common_stock,true,false,false,false,false,false,false,false,true,
2025-10-30,6531,愛普*,listed,382.5,391.5,376.0,387.5,7.5,1.9737,4957499,1908030430,4437,TWSE,common_stock,true,false,false,false,false,false,false,false,true,
2025-10-30,6533,晶心科,listed,269.5,269.5,263.5,264.0,-4.0,-1.4925,581126,154058649,1559,TWSE,common_stock,true,false,false,false,false,false,false,false,true,
2025-10-30,6534,正瀚-創,listed,104.5,106.5,104.0,105.0,0.0,0.0,74610,7816065,57,TWSE,common_stock,true,false,false,false,false,false,false,false,true,
2025-10-30,6541,泰福-KY,listed,58.0,58.9,55.6,55.9,-2.1,-3.6207,900128,50926422,950,TWSE,common_stock,true,false,false,false,false,false,false,false,true,
2025-10-30,6550,北極星藥業-KY,listed,35.55,35.6,35.2,35.25,-0.35,-0.9831,542950,19193570,372,TWSE,common_stock,true,false,false,false,false,false,false,false,true,
2025-10-30,6552,易華電,listed,25.65,25.65,25.3,25.5,-0.15,-0.5848,100872,2572818,99,TWSE,common_stock,true,false,false,false,false,false,false,false,true,
2025-10-30,6558,興能高,listed,41.45,41.45,39.9,40.1,-0.85,-2.0757,885992,35692788,866,TWSE,common_stock,true,false,false,false,false,false,false,false,true,
2025-10-30,6573,虹揚-KY,listed,16.2,16.2,15.5,16.2,1.45,9.8305,2409777,38828159,1530,TWSE,common_stock,true,false,false,false,false,false,false,false,true,
2025-10-30,6579,研揚,listed,133.5,134.0,131.5,133.5,0.0,0.0,157080,20871791,187,TWSE,common_stock,true,false,false,false,false,false,false,false,true,
2025-10-30,6581,鋼聯,listed,110.5,110.5,110.0,110.0,-0.5,-0.4525,5169,570590,10,TWSE,common_stock,true,false,false,false,false,false,false,false,true,
2025-10-30,6582,申豐,listed,33.55,34.0,33.5,33.65,-0.1,-0.2963,74000,2502966,199,TWSE,common_stock,true,false,false,false,false,false,false,false,true,
2025-10-30,6585,鼎基,listed,96.3,99.7,96.3,97.6,1.3,1.3499,168338,16519796,293,TWSE,common_stock,true,false,false,false,false,false,false,false,true,
2025-10-30,6589,台康生技,listed,66.1,66.7,65.5,65.8,-0.3,-0.4539,553896,36481716,576,TWSE,common_stock,true,false,false,false,false,false,false,false,true,
2025-10-30,6591,動力-KY,listed,79.7,80.4,78.6,78.7,-0.9,-1.1307,587021,46399958,1032,TWSE,common_stock,true,false,false,false,false,false,false,false,true,
2025-10-30,6592,和潤企業,listed,63.6,63.7,62.1,62.5,-1.1,-1.7296,877902,54853798,1138,TWSE,common_stock,true,false,false,false,false,false,false,false,true,
2025-10-30,6592A,和潤企業甲特,listed,98.0,98.5,98.0,98.5,-0.1,-0.1014,6360,623639,13,TWSE,warrant,false,false,true,false,false,false,false,false,false,security_type=warrant;symbol_not_4_digit
2025-10-30,6592B,和潤企業乙特,listed,98.0,98.0,97.5,98.0,-0.6,-0.6085,63406,6195275,46,TWSE,warrant,false,false,true,false,false,false,false,false,false,security_type=warrant;symbol_not_4_digit
2025-10-30,6598,ABC-KY,listed,22.65,23.05,22.65,23.0,0.45,1.9956,81800,1873043,85,TWSE,common_stock,true,false,false,false,false,false,false,false,true,
2025-10-30,6605,帝寶,listed,141.0,141.0,136.5,138.0,-2.5,-1.7794,808553,111506255,1076,TWSE,common_stock,true,false,false,false,false,false,false,false,true,
2025-10-30,6606,建德工業,listed,25.1,25.1,25.0,25.0,-0.05,-0.1996,27099,678526,44,TWSE,common_stock,true,false,false,false,false,false,false,false,true,
2025-10-30,6625,必應,listed,79.7,79.7,76.9,77.6,-1.9,-2.3899,400652,31200903,720,TWSE,common_stock,true,false,false,false,false,false,false,false,true,
2025-10-30,6641,基士德-KY,listed,21.45,21.9,21.2,21.65,0.2,0.9324,10660,229040,11,TWSE,common_stock,true,false,false,false,false,false,false,false,true,
2025-10-30,6645,金萬林-創,listed,22.9,22.95,21.15,21.7,-0.7,-3.125,100725,2231621,74,TWSE,common_stock,true,false,false,false,false,false,false,false,true,
2025-10-30,6655,科定,listed,112.0,114.0,110.5,111.0,-1.0,-0.8929,39069,4387653,19,TWSE,common_stock,true,false,false,false,false,false,false,false,true,
2025-10-30,6657,華安,listed,46.25,46.8,44.3,44.65,-1.7,-3.6677,854744,38660616,695,TWSE,common_stock,true,false,false,false,false,false,false,false,true,
2025-10-30,6658,聯策,listed,59.2,59.5,56.9,57.2,-0.5,-0.8666,218076,12522807,178,TWSE,common_stock,true,false,false,false,false,false,false,false,true,
2025-10-30,6666,羅麗芬-KY,listed,49.35,50.0,49.05,49.05,-0.3,-0.6079,24006,1186746,22,TWSE,common_stock,true,false,false,false,false,false,false,false,true,
2025-10-30,6668,中揚光,listed,44.8,46.0,42.9,43.5,0.65,1.5169,2037476,88920210,1652,TWSE,common_stock,true,false,false,false,false,false,false,false,true,
2025-10-30,6669,緯穎,listed,4150.0,4330.0,4150.0,4300.0,190.0,4.6229,2392100,10181332495,10272,TWSE,common_stock,true,false,false,false,false,false,false,false,true,
2025-10-30,6670,復盛應用,listed,241.5,245.5,241.5,244.5,3.5,1.4523,374197,91163136,498,TWSE,common_stock,true,false,false,false,false,false,false,false,true,
2025-10-30,6671,三能-KY,listed,36.5,36.5,36.35,36.35,-0.45,-1.2228,7104,258812,10,TWSE,common_stock,true,false,false,false,false,false,false,false,true,
2025-10-30,6672,騰輝電子-KY,listed,90.1,90.5,87.9,88.4,-1.5,-1.6685,520586,46251747,828,TWSE,common_stock,true,false,false,false,false,false,false,false,true,
2025-10-30,6674,鋐寶科技,listed,20.65,21.6,20.5,21.25,1.05,5.198,115470,2415618,96,TWSE,common_stock,true,false,false,false,false,false,false,false,true,
2025-10-30,6689,伊雲谷,listed,70.4,71.1,69.8,70.2,-0.2,-0.2841,211792,14904821,216,TWSE,common_stock,true,false,false,false,false,false,false,false,true,
2025-10-30,6691,洋基工程,listed,458.5,464.0,455.0,459.0,4.0,0.8791,742210,341429572,1252,TWSE,common_stock,true,false,false,false,false,false,false,false,true,
2025-10-30,6695,芯鼎,listed,50.3,50.7,49.75,50.0,-0.2,-0.3984,722857,36231426,598,TWSE,common_stock,true,false,false,false,false,false,false,false,true,
2025-10-30,6698,旭暉應材,listed,34.75,34.85,34.35,34.8,0.1,0.2882,122106,4218938,189,TWSE,common_stock,true,false,false,false,false,false,false,false,true,
2025-10-30,6706,惠特,listed,70.6,70.6,68.3,68.5,-1.4,-2.0029,914599,63223893,1133,TWSE,common_stock,true,false,false,false,false,false,false,false,true,
2025-10-30,6715,嘉基,listed,93.6,93.7,91.0,91.4,-2.9,-3.0753,138690,12752855,239,TWSE,common_stock,true,false,false,false,false,false,false,false,true,
2025-10-30,6719,力智,listed,192.5,194.5,187.5,188.5,-3.0,-1.5666,313599,59500567,536,TWSE,common_stock,true,false,false,false,false,false,false,false,true,
2025-10-30,6742,澤米,listed,47.8,47.95,47.0,47.1,-0.7,-1.4644,384067,18146270,277,TWSE,common_stock,true,false,false,false,false,false,false,false,true,
2025-10-30,6743,安普新,listed,30.0,30.0,29.6,29.75,0.0,0.0,90757,2696832,98,TWSE,common_stock,true,false,false,false,false,false,false,false,true,
2025-10-30,6753,龍德造船,listed,122.5,123.0,120.0,121.0,-1.0,-0.8197,1166272,141649606,1437,TWSE,common_stock,true,false,false,false,false,false,false,false,true,
2025-10-30,6754,匯僑設計,listed,46.65,46.65,45.95,46.15,-0.5,-1.0718,42591,1967332,42,TWSE,common_stock,true,false,false,false,false,false,false,false,true,
2025-10-30,6756,威鋒電子,listed,85.0,85.5,82.9,82.9,-1.8,-2.1251,204497,17138167,305,TWSE,common_stock,true,false,false,false,false,false,false,false,true,
2025-10-30,6757,台灣虎航,listed,66.4,68.5,66.4,67.8,1.4,2.1084,2465927,166350950,2451,TWSE,common_stock,true,false,false,false,false,false,false,false,true,
2025-10-30,6768,志強-KY,listed,113.0,114.5,112.5,113.5,-1.0,-0.8734,646116,73371323,708,TWSE,common_stock,true,false,false,false,false,false,false,false,true,
2025-10-30,6770,力積電,listed,32.9,34.1,32.4,33.05,0.8,2.4806,407145447,13568371451,150176,TWSE,common_stock,true,false,false,false,false,false,false,false,true,
2025-10-30,6771,平和環保-創,listed,49.5,49.7,49.4,49.5,-0.2,-0.4024,9271,459299,18,TWSE,common_stock,true,false,false,false,false,false,false,false,true,
2025-10-30,6776,展碁國際,listed,52.8,52.8,51.9,52.0,-0.3,-0.5736,77218,4034207,58,TWSE,common_stock,true,false,false,false,false,false,false,false,true,
2025-10-30,6781,AES-KY,listed,1130.0,1140.0,1085.0,1125.0,0.0,0.0,1468830,1639808540,2778,TWSE,common_stock,true,false,false,false,false,false,false,false,true,
2025-10-30,6782,視陽,listed,193.5,198.0,191.0,197.0,7.0,3.6842,267945,52499955,481,TWSE,common_stock,true,false,false,false,false,false,false,false,true,
2025-10-30,6789,采鈺,listed,251.0,251.0,244.5,246.5,-3.0,-1.2024,1007010,249430519,1303,TWSE,common_stock,true,false,false,false,false,false,false,false,true,
2025-10-30,6790,永豐實,listed,38.45,38.6,38.35,38.4,-0.05,-0.13,70354,2704616,76,TWSE,etf,false,true,false,false,false,false,false,false,false,security_type=etf
2025-10-30,6792,詠業,listed,54.7,55.5,54.7,55.1,-0.2,-0.3617,24415,1347224,32,TWSE,common_stock,true,false,false,false,false,false,false,false,true,
2025-10-30,6794,向榮生技,listed,67.8,69.1,67.3,68.0,0.2,0.295,70160,4793055,54,TWSE,common_stock,true,false,false,false,false,false,false,false,true,
2025-10-30,6796,晉弘,listed,99.9,99.9,92.0,92.6,0.8,0.8715,109229,10418190,779,TWSE,common_stock,true,false,false,false,false,false,false,false,true,
2025-10-30,6799,來頡,listed,80.1,81.2,79.5,79.7,-0.5,-0.6234,165591,13260375,220,TWSE,common_stock,true,false,false,false,false,false,false,false,true,
2025-10-30,6805,富世達,listed,1430.0,1450.0,1400.0,1425.0,0.0,0.0,2088535,2966431540,3564,TWSE,common_stock,true,false,false,false,false,false,false,false,true,
2025-10-30,6806,森崴能源,listed,60.2,61.2,59.4,60.1,0.1,0.1667,1320675,79423856,1651,TWSE,common_stock,true,false,false,false,false,false,false,false,true,
2025-10-30,6807,峰源-KY,listed,47.8,48.05,47.65,48.05,-0.1,-0.2077,10049,481804,15,TWSE,common_stock,true,false,false,false,false,false,false,false,true,
2025-10-30,6830,汎銓,listed,167.5,169.0,166.0,167.0,0.0,0.0,175938,29422005,209,TWSE,common_stock,true,false,false,false,false,false,false,false,true,
2025-10-30,6834,天二科技,listed,29.55,29.9,28.6,28.65,-1.2,-4.0201,335732,9737697,220,TWSE,common_stock,true,false,false,false,false,false,false,false,true,
2025-10-30,6835,圓裕,listed,39.5,39.6,39.05,39.05,-0.45,-1.1392,56074,2200620,51,TWSE,common_stock,true,false,false,false,false,false,false,false,true,
2025-10-30,6838,台新藥,listed,28.6,28.6,28.0,28.05,-0.55,-1.9231,355405,10008122,233,TWSE,common_stock,true,false,false,false,false,false,false,false,true,
2025-10-30,6854,錼創科技-KY創,listed,158.0,158.0,153.0,153.5,0.0,0.0,250031,38535938,305,TWSE,common_stock,true,false,false,false,false,false,false,false,true,
2025-10-30,6861,睿生光電,listed,61.2,61.9,58.8,59.3,-1.9,-3.1046,232397,13952589,331,TWSE,common_stock,true,false,false,false,false,false,false,false,true,
2025-10-30,6862,三集瑞-KY,listed,202.5,207.0,192.5,194.0,-7.5,-3.7221,1187198,235244291,2138,TWSE,common_stock,true,false,false,false,false,false,false,false,true,
2025-10-30,6863,永道-KY,listed,143.0,145.5,142.5,144.0,2.0,1.4085,140919,20291465,264,TWSE,common_stock,true,false,false,false,false,false,false,false,true,
2025-10-30,6869,雲豹能源,listed,120.5,121.5,118.0,118.0,-2.5,-2.0747,416695,49703755,1502,TWSE,common_stock,true,false,false,false,false,false,false,false,true,
2025-10-30,6873,泓德能源,listed,130.0,130.5,125.0,125.0,-5.5,-4.2146,1022266,129405109,2952,TWSE,common_stock,true,false,false,false,false,false,false,false,true,
2025-10-30,6885,全福生技,listed,30.05,30.7,30.05,30.5,0.45,1.4975,220068,6712532,152,TWSE,common_stock,true,false,false,false,false,false,false,false,true,
2025-10-30,6887,寶綠特-KY,listed,64.8,64.8,63.4,64.3,-0.4,-0.6182,34237,2195241,45,TWSE,common_stock,true,false,false,false,false,false,false,false,true,
2025-10-30,6890,來億-KY,listed,222.0,223.5,220.0,222.5,-0.5,-0.2242,240341,53282570,360,TWSE,common_stock,true,false,false,false,false,false,false,false,true,
2025-10-30,6901,鑽石投資,listed,18.25,18.35,18.15,18.25,0.05,0.2747,359568,6560754,250,TWSE,common_stock,true,false,false,false,false,false,false,false,true,
2025-10-30,6902,GOGOLOOK,listed,77.1,77.1,74.2,75.8,-2.3,-2.9449,72688,5498593,97,TWSE,common_stock,true,false,false,false,false,false,false,false,true,
2025-10-30,6906,現觀科,listed,103.5,105.0,101.0,105.0,2.0,1.9417,99824,10276109,153,TWSE,common_stock,true,false,false,false,false,false,false,false,true,
2025-10-30,6909,創控,listed,37.15,38.45,36.4,37.85,1.65,4.558,187000,7023202,141,TWSE,common_stock,true,false,false,false,false,false,false,false,true,
2025-10-30,6914,阜爾運通,listed,150.5,152.0,149.5,150.0,-0.5,-0.3322,37660,5661642,146,TWSE,common_stock,true,false,false,false,false,false,false,false,true,
2025-10-30,6916,華凌,listed,18.6,18.65,18.35,18.6,0.1,0.5405,46060,852604,28,TWSE,common_stock,true,false,false,false,false,false,false,false,true,
2025-10-30,6918,愛派司,listed,85.0,85.0,83.3,83.3,-1.2,-1.4201,61661,5182484,98,TWSE,common_stock,true,false,false,false,false,false,false,false,true,
2025-10-30,6919,康霈*,listed,151.5,153.0,144.0,146.0,-5.0,-3.3113,12168902,1786902137,11137,TWSE,common_stock,true,false,false,false,false,false,false,false,true,
2025-10-30,6923,中台,listed,101.0,102.0,98.4,99.2,-1.8,-1.7822,568313,56860534,1231,TWSE,common_stock,true,false,false,false,false,false,false,false,true,
2025-10-30,6924,榮惠-KY創,listed,53.0,53.0,50.1,50.1,-3.3,-6.1798,8000,412600,6,TWSE,common_stock,true,false,false,false,false,false,false,false,true,
2025-10-30,6928,攸泰科技,listed,55.5,56.1,54.9,55.0,0.0,0.0,138966,7672571,141,TWSE,common_stock,true,false,false,false,false,false,false,false,true,
2025-10-30,6931,青松健康,listed,50.0,55.0,49.9,55.0,5.0,10.0,1159005,63163950,2031,TWSE,common_stock,true,false,false,false,false,false,false,false,true,
2025-10-30,6933,AMAX-KY,listed,184.5,201.0,184.5,201.0,18.0,9.8361,1257792,249652569,2068,TWSE,common_stock,true,false,false,false,false,false,false,false,true,
2025-10-30,6936,永鴻生技,listed,35.35,35.45,35.05,35.15,0.1,0.2853,162802,5729131,157,TWSE,common_stock,true,false,false,false,false,false,false,false,true,
2025-10-30,6937,天虹,listed,268.0,269.0,257.0,257.0,-12.0,-4.461,806554,210420720,1842,TWSE,common_stock,true,false,false,false,false,false,false,false,true,
2025-10-30,6944,兆聯實業,listed,586.0,586.0,568.0,580.0,1.0,0.1727,694343,399996322,3441,TWSE,common_stock,true,false,false,false,false,false,false,false,true,
2025-10-30,6949,沛爾生醫-創,listed,367.0,368.0,360.0,361.0,-13.0,-3.4759,54239,19657174,69,TWSE,common_stock,true,false,false,false,false,false,false,false,true,
2025-10-30,6951,青新-創,listed,74.9,74.9,74.1,74.7,0.2,0.2685,39582,2946872,56,TWSE,common_stock,true,false,false,false,false,false,false,false,true,
2025-10-30,6952,大武山,listed,44.85,45.0,44.8,44.8,-0.1,-0.2227,19870,891866,28,TWSE,common_stock,true,false,false,false,false,false,false,false,true,
2025-10-30,6955,邦睿生技-創,listed,168.0,168.0,166.0,166.0,0.0,0.0,3266,544288,23,TWSE,common_stock,true,false,false,false,false,false,false,false,true,
2025-10-30,6957,裕慶-KY,listed,187.5,195.0,187.5,192.0,5.0,2.6738,186089,35928811,205,TWSE,common_stock,true,false,false,false,false,false,false,false,true,
2025-10-30,6958,日盛台駿,listed,17.85,17.85,17.55,17.7,-0.05,-0.2817,75099,1325404,94,TWSE,common_stock,true,false,false,false,false,false,false,false,true,
2025-10-30,6962,奕力-KY,listed,44.55,44.85,43.55,43.65,-0.75,-1.6892,2536036,111626857,1651,TWSE,common_stock,true,false,false,false,false,false,false,false,true,
2025-10-30,6965,中傑-KY,listed,87.5,87.5,86.0,86.0,-2.1,-2.3837,139964,12144685,225,TWSE,common_stock,true,false,false,false,false,false,false,false,true,
2025-10-30,6969,成信實業*-創,listed,36.0,36.95,35.95,36.4,-0.9,-2.4129,22632,823864,32,TWSE,common_stock,true,false,false,false,false,false,false,false,true,
2025-10-30,6988,威力暘-創,listed,15.55,15.55,14.75,14.85,-0.7,-4.5016,67200,1021710,27,TWSE,common_stock,true,false,false,false,false,false,false,false,true,
2025-10-30,6994,富威電力,listed,91.7,93.6,91.7,93.0,1.7,1.862,225443,20945134,245,TWSE,common_stock,true,false,false,false,false,false,false,false,true,
2025-10-30,7610,聯友金屬-創,listed,108.5,116.0,105.5,114.0,5.5,5.0691,658369,72636950,733,TWSE,common_stock,true,false,false,false,false,false,false,false,true,
2025-10-30,7631,聚賢研發-創,listed,130.5,133.5,124.5,133.5,2.0,1.5209,23050,2980575,20,TWSE,common_stock,true,false,false,false,false,false,false,false,true,
2025-10-30,7705,三商餐飲,listed,40.5,40.8,40.3,40.7,0.2,0.4938,57497,2327773,78,TWSE,common_stock,true,false,false,false,false,false,false,false,true,
2025-10-30,7721,微程式,listed,59.5,60.5,59.0,59.3,-0.2,-0.3361,50137,2989327,70,TWSE,common_stock,true,false,false,false,false,false,false,false,true,
2025-10-30,7722,LINEPAY,listed,562.0,571.0,554.0,560.0,-1.0,-0.1783,78728,43847780,745,TWSE,common_stock,true,false,false,false,false,false,false,false,true,
2025-10-30,7732,金興精密,listed,34.75,35.9,34.45,35.5,0.3,0.8523,38149,1350781,30,TWSE,common_stock,true,false,false,false,false,false,false,false,true,
2025-10-30,7736,虎山,listed,95.5,96.0,94.5,94.5,-1.5,-1.5625,25230,2401033,24,TWSE,common_stock,true,false,false,false,false,false,false,false,true,
2025-10-30,7740,熙特爾-創,listed,205.0,207.0,199.0,205.0,3.0,1.4851,76556,15475810,617,TWSE,common_stock,true,false,false,false,false,false,false,false,true,
2025-10-30,7749,意騰-KY,listed,490.5,491.5,482.5,482.5,-7.0,-1.43,184146,89528156,666,TWSE,common_stock,true,false,false,false,false,false,false,false,true,
2025-10-30,7750,新代,listed,857.0,875.0,823.0,838.0,-19.0,-2.217,255483,216006215,3777,TWSE,common_stock,true,false,false,false,false,false,false,false,true,
2025-10-30,7765,中華資安,listed,288.0,288.5,286.5,286.5,-4.5,-1.5464,54709,15721875,858,TWSE,common_stock,true,false,false,false,false,false,false,false,true,
2025-10-30,7780,大研生醫*,listed,165.0,167.0,163.0,165.5,-2.0,-1.194,197796,32650683,686,TWSE,common_stock,true,false,false,false,false,false,false,false,true,
2025-10-30,7788,松川精密,listed,124.0,125.0,114.5,116.5,-7.0,-5.668,551660,65097457,713,TWSE,common_stock,true,false,false,false,false,false,false,false,true,
2025-10-30,7791,皇家可口,listed,82.4,82.4,80.1,80.2,-1.9,-2.3143,689116,55908015,660,TWSE,common_stock,true,false,false,false,false,false,false,false,true,
2025-10-30,7799,禾榮科,listed,646.0,650.0,625.0,650.0,0.0,0.0,440305,279602181,1504,TWSE,common_stock,true,false,false,false,false,false,false,false,true,
2025-10-30,8011,台通,listed,24.4,25.4,23.8,24.95,0.85,3.527,16130629,400023661,8169,TWSE,common_stock,true,false,false,false,false,false,false,false,true,
2025-10-30,8016,矽創,listed,204.5,206.0,201.5,202.5,-1.0,-0.4914,559204,113412921,805,TWSE,common_stock,true,false,false,false,false,false,false,false,true,
2025-10-30,8021,尖點,listed,115.5,119.5,113.0,113.5,-0.5,-0.4386,34359380,3981326940,20885,TWSE,common_stock,true,false,false,false,false,false,false,false,true,
2025-10-30,8028,昇陽半導體,listed,171.5,173.0,168.5,170.0,-1.0,-0.5848,3649674,622292798,3888,TWSE,common_stock,true,false,false,false,false,false,false,false,true,
2025-10-30,8033,雷虎,listed,123.5,124.0,117.5,120.5,-5.0,-3.9841,7089235,852824291,6794,TWSE,common_stock,true,false,false,false,false,false,false,false,true,
2025-10-30,8039,台虹,listed,62.0,63.9,61.7,62.3,0.9,1.4658,9117017,571639511,5444,TWSE,common_stock,true,false,false,false,false,false,false,false,true,
2025-10-30,8045,達運光電,listed,83.4,83.4,80.5,82.0,-1.1,-1.3237,320732,26177819,511,TWSE,common_stock,true,false,false,false,false,false,false,false,true,
2025-10-30,8046,南電,listed,293.5,298.0,279.0,282.0,-8.5,-2.926,29541099,8506937169,35358,TWSE,common_stock,true,false,false,false,false,false,false,false,true,
2025-10-30,8070,長華*,listed,46.4,46.6,44.1,44.45,-1.55,-3.3696,8554503,385699598,6923,TWSE,common_stock,true,false,false,false,false,false,false,false,true,
2025-10-30,8072,陞泰,listed,32.35,32.35,31.55,31.8,-0.45,-1.3953,325705,10365983,381,TWSE,common_stock,true,false,false,false,false,false,false,false,true,
2025-10-30,8081,致新,listed,228.0,234.5,228.0,231.0,3.0,1.3158,519861,120621275,614,TWSE,common_stock,true,false,false,false,false,false,false,false,true,
2025-10-30,8101,華冠,listed,18.4,18.45,17.45,17.45,-0.8,-4.3836,9622,176040,25,TWSE,common_stock,true,false,false,false,false,false,false,false,true,
2025-10-30,8103,瀚荃,listed,77.2,79.5,77.2,77.3,-0.7,-0.8974,997750,77952042,864,TWSE,common_stock,true,false,false,false,false,false,false,false,true,
2025-10-30,8104,錸寶,listed,33.55,33.7,32.95,33.0,-0.35,-1.0495,477907,15885269,443,TWSE,common_stock,true,false,false,false,false,false,false,false,true,
2025-10-30,8105,凌巨,listed,12.15,12.2,11.9,12.0,-0.1,-0.8264,921501,11065934,457,TWSE,common_stock,true,false,false,false,false,false,false,false,true,
2025-10-30,8110,華東,listed,23.8,24.4,23.1,24.2,0.65,2.7601,23822011,566854427,10883,TWSE,common_stock,true,false,false,false,false,false,false,false,true,
2025-10-30,8112,至上,listed,69.6,70.5,66.7,67.5,-1.9,-2.7378,31368996,2134912000,33967,TWSE,common_stock,true,false,false,false,false,false,false,false,true,
2025-10-30,8112A,至上甲特,listed,43.3,43.35,43.3,43.3,-0.1,-0.2304,13307,576232,15,TWSE,warrant,false,false,true,false,false,false,false,false,false,security_type=warrant;symbol_not_4_digit
2025-10-30,8114,振樺電,listed,217.0,227.0,216.0,219.5,10.5,5.0239,1047704,230593792,1366,TWSE,common_stock,true,false,false,false,false,false,false,false,true,
2025-10-30,8131,福懋科,listed,38.2,39.0,36.85,37.1,-0.8,-2.1108,3908055,147765597,2690,TWSE,common_stock,true,false,false,false,false,false,false,false,true,
2025-10-30,8150,南茂,listed,34.2,34.5,33.0,33.25,-0.85,-2.4927,9322649,313155913,5655,TWSE,common_stock,true,false,false,false,false,false,false,false,true,
2025-10-30,8162,微矽電子-創,listed,36.85,37.0,36.75,37.0,0.2,0.5435,52848,1948126,83,TWSE,common_stock,true,false,false,false,false,false,false,false,true,
2025-10-30,8163,達方,listed,36.95,37.1,36.15,36.25,-0.7,-1.8945,724273,26372802,790,TWSE,common_stock,true,false,false,false,false,false,false,false,true,
2025-10-30,8201,無敵,listed,14.95,14.95,14.55,14.7,-0.25,-1.6722,154886,2278195,135,TWSE,common_stock,true,false,false,false,false,false,false,false,true,
2025-10-30,8210,勤誠,listed,930.0,937.0,883.0,918.0,0.0,0.0,3904136,3560622378,8685,TWSE,common_stock,true,false,false,false,false,false,false,false,true,
2025-10-30,8213,志超,listed,35.3,36.0,35.3,35.85,0.55,1.5581,656819,23496817,666,TWSE,common_stock,true,false,false,false,false,false,false,false,true,
2025-10-30,8215,明基材,listed,22.5,22.6,21.3,21.5,-1.3,-5.7018,2147758,46587385,1348,TWSE,common_stock,true,false,false,false,false,false,false,false,true,
2025-10-30,8222,寶一,listed,44.1,44.25,43.55,43.55,-0.5,-1.1351,675337,29610039,507,TWSE,common_stock,true,false,false,false,false,false,false,false,true,
2025-10-30,8249,菱光,listed,54.3,54.6,52.9,53.2,-0.8,-1.4815,984984,52772530,838,TWSE,common_stock,true,false,false,false,false,false,false,false,true,
2025-10-30,8261,富鼎,listed,99.1,99.8,96.6,97.2,-1.9,-1.9173,3283103,321047844,3384,TWSE,common_stock,true,false,false,false,false,false,false,false,true,
2025-10-30,8271,宇瞻,listed,105.0,107.5,103.5,104.5,0.0,0.0,1656535,174544819,1700,TWSE,common_stock,true,false,false,false,false,false,false,false,true,
2025-10-30,8341,日友,listed,84.0,84.8,83.0,83.0,-1.0,-1.1905,191769,16010368,837,TWSE,common_stock,true,false,false,false,false,false,false,false,true,
2025-10-30,8367,建新國際,listed,43.2,43.2,42.95,43.0,-0.15,-0.3476,64375,2770207,48,TWSE,common_stock,true,false,false,false,false,false,false,false,true,
2025-10-30,8374,羅昇,listed,90.8,90.8,88.1,88.5,-1.8,-1.9934,326876,29133728,404,TWSE,common_stock,true,false,false,false,false,false,false,false,true,
2025-10-30,8404,百和興業-KY,listed,25.75,25.8,25.05,25.05,-0.55,-2.1484,1631742,41178625,1059,TWSE,common_stock,true,false,false,false,false,false,false,false,true,
2025-10-30,8411,福貞-KY,listed,12.6,12.7,12.4,12.7,0.05,0.3953,153569,1921665,147,TWSE,common_stock,true,false,false,false,false,false,false,false,true,
2025-10-30,8422,可寧衛*,listed,240.0,244.5,239.5,241.5,1.5,0.625,1315921,317175118,1478,TWSE,common_stock,true,false,false,false,false,false,false,false,true,
2025-10-30,8429,金麗-KY,listed,7.8,7.83,7.74,7.77,-0.03,-0.3846,306791,2384377,186,TWSE,common_stock,true,false,false,false,false,false,false,false,true,
2025-10-30,8438,昶昕,listed,31.55,31.55,30.95,31.1,-0.5,-1.5823,68020,2118470,62,TWSE,common_stock,true,false,false,false,false,false,false,false,true,
2025-10-30,8442,威宏-KY,listed,69.0,70.3,68.1,69.5,0.3,0.4335,30869,2145576,38,TWSE,common_stock,true,false,false,false,false,false,false,false,true,
2025-10-30,8443,阿瘦,listed,11.75,11.8,11.75,11.75,-0.05,-0.4237,28580,336128,56,TWSE,common_stock,true,false,false,false,false,false,false,false,true,
2025-10-30,8454,富邦媒,listed,232.0,232.0,227.0,230.0,0.0,0.0,380609,87059942,1604,TWSE,etf,false,true,false,false,false,false,false,false,false,security_type=etf
2025-10-30,8462,柏文,listed,161.0,165.0,161.0,163.0,2.5,1.5576,182759,29948760,243,TWSE,common_stock,true,false,false,false,false,false,false,false,true,
2025-10-30,8463,潤泰材,listed,25.1,25.1,24.65,24.7,0.05,0.2028,41006,1017501,37,TWSE,common_stock,true,false,false,false,false,false,false,false,true,
2025-10-30,8464,億豐,listed,371.5,378.5,367.5,374.5,0.5,0.1337,913102,340247361,937,TWSE,common_stock,true,false,false,false,false,false,false,false,true,
2025-10-30,8466,美吉吉-KY,listed,24.15,24.95,23.5,24.4,-0.1,-0.4082,207339,5009155,153,TWSE,common_stock,true,false,false,false,false,false,false,false,true,
2025-10-30,8467,波力-KY,listed,156.0,156.0,154.0,154.0,-4.0,-2.5316,20666,3206052,49,TWSE,common_stock,true,false,false,false,false,false,false,false,true,
2025-10-30,8473,山林水,listed,41.9,41.9,40.9,41.05,-0.45,-1.0843,510171,21049358,978,TWSE,common_stock,true,false,false,false,false,false,false,false,true,
2025-10-30,8476,台境*,listed,19.5,19.5,19.0,19.35,-0.3,-1.5267,153883,2954739,108,TWSE,common_stock,true,false,false,false,false,false,false,false,true,
2025-10-30,8478,東哥遊艇,listed,193.0,195.0,191.5,192.5,0.0,0.0,154341,29778535,339,TWSE,common_stock,true,false,false,false,false,false,false,false,true,
2025-10-30,8481,政伸,listed,41.9,41.9,41.55,41.7,-0.3,-0.7143,29095,1214841,49,TWSE,common_stock,true,false,false,false,false,false,false,false,true,
2025-10-30,8482,商億-KY,listed,51.3,51.3,49.25,49.25,-0.55,-1.1044,31048,1539498,30,TWSE,common_stock,true,false,false,false,false,false,false,false,true,
2025-10-30,8487,愛爾達-創,listed,75.9,75.9,75.7,75.7,-0.2,-0.2635,13984,1060937,50,TWSE,common_stock,true,false,false,false,false,false,false,false,true,
2025-10-30,8488,吉源-KY,listed,10.5,10.5,10.2,10.3,-0.1,-0.9615,9058,94197,9,TWSE,common_stock,true,false,false,false,false,false,false,false,true,
2025-10-30,8499,鼎炫-KY,listed,293.0,293.0,278.0,279.0,-14.0,-4.7782,284747,80557833,2055,TWSE,common_stock,true,false,false,false,false,false,false,false,true,
2025-10-30,8926,台汽電,listed,48.15,48.55,47.85,47.9,-0.25,-0.5192,1090350,52389197,1316,TWSE,common_stock,true,false,false,false,false,false,false,false,true,
2025-10-30,8940,新天地,listed,21.2,21.8,21.0,21.2,0.0,0.0,74236,1573643,91,TWSE,common_stock,true,false,false,false,false,false,false,false,true,
2025-10-30,8996,高力,listed,616.0,620.0,594.0,610.0,7.0,1.1609,3111899,1884820472,4742,TWSE,common_stock,true,false,false,false,false,false,false,false,true,
2025-10-30,9103,美德醫療-DR,listed,4.79,4.79,4.71,4.71,-0.08,-1.6701,584310,2773707,229,TWSE,dr,false,false,false,false,false,false,false,true,false,security_type=dr
2025-10-30,910322,康師傅-DR,listed,21.5,21.5,21.35,21.35,-0.1,-0.4662,13005,279007,9,TWSE,dr,false,false,false,false,false,false,false,true,false,security_type=dr;symbol_not_4_digit
2025-10-30,9105,泰金寶-DR,listed,6.49,6.49,6.28,6.37,-0.06,-0.9331,20115427,127806426,4383,TWSE,dr,false,false,false,false,false,false,false,true,false,security_type=dr
2025-10-30,910861,神州-DR,listed,5.8,6.33,5.8,6.09,0.32,5.5459,199402,1204623,123,TWSE,dr,false,false,false,false,false,false,false,true,false,security_type=dr;symbol_not_4_digit
2025-10-30,9110,越南控-DR,listed,3.25,3.28,3.12,3.24,-0.21,-6.087,62000,197370,22,TWSE,dr,false,false,false,false,false,false,false,true,false,security_type=dr
2025-10-30,911608,明輝-DR,listed,2.95,2.96,2.9,2.9,-0.05,-1.6949,53000,154880,13,TWSE,dr,false,false,false,false,false,false,false,true,false,security_type=dr;symbol_not_4_digit
2025-10-30,911622,泰聚亨-DR,listed,3.81,3.85,3.79,3.85,0.0,0.0,27000,102750,13,TWSE,dr,false,false,false,false,false,false,false,true,false,security_type=dr;symbol_not_4_digit
2025-10-30,911868,同方友友-DR,listed,1.27,1.28,1.25,1.27,-0.01,-0.7812,1859000,2346290,186,TWSE,dr,false,false,false,false,false,false,false,true,false,security_type=dr;symbol_not_4_digit
2025-10-30,912000,晨訊科-DR,listed,2.88,2.91,2.86,2.89,0.01,0.3472,657201,1893654,120,TWSE,dr,false,false,false,false,false,false,false,true,false,security_type=dr;symbol_not_4_digit
2025-10-30,9136,巨騰-DR,listed,7.36,7.37,7.2,7.2,-0.17,-2.3066,341330,2480461,87,TWSE,dr,false,false,false,false,false,false,false,true,false,security_type=dr
2025-10-30,9802,鈺齊-KY,listed,98.1,98.1,95.0,95.0,-3.6,-3.6511,2818508,270859847,2757,TWSE,common_stock,true,false,false,false,false,false,false,false,true,
2025-10-30,9902,台火,listed,18.05,18.05,17.05,17.1,0.65,3.9514,4695015,83313751,2738,TWSE,common_stock,true,false,false,false,false,false,false,false,true,
2025-10-30,9904,寶成,listed,29.25,29.35,28.9,29.05,-0.2,-0.6838,9688035,280949706,4409,TWSE,common_stock,true,false,false,false,false,false,false,false,true,
2025-10-30,9905,大華,listed,20.05,20.15,20.05,20.15,0.1,0.4988,57325,1152063,44,TWSE,common_stock,true,false,false,false,false,false,false,false,true,
2025-10-30,9906,欣巴巴,listed,53.1,53.1,49.7,49.95,-4.85,-8.8504,639222,32356496,760,TWSE,common_stock,true,false,false,false,false,false,false,false,true,
2025-10-30,9907,統一實,listed,18.15,18.15,18.0,18.1,-0.05,-0.2755,1240315,22423801,551,TWSE,etf,false,true,false,false,false,false,false,false,false,security_type=etf
2025-10-30,9908,大台北,listed,29.95,30.0,29.9,29.95,0.0,0.0,101135,3028574,64,TWSE,common_stock,true,false,false,false,false,false,false,false,true,
2025-10-30,9910,豐泰,listed,121.5,123.5,120.5,123.5,2.0,1.6461,1296623,158435110,1006,TWSE,common_stock,true,false,false,false,false,false,false,false,true,
2025-10-30,9911,櫻花,listed,85.1,85.6,85.1,85.2,-0.4,-0.4673,119943,10227709,271,TWSE,common_stock,true,false,false,false,false,false,false,false,true,
2025-10-30,9912,偉聯,listed,12.3,12.3,11.8,11.95,0.05,0.4202,33860,404339,52,TWSE,common_stock,true,false,false,false,false,false,false,false,true,
2025-10-30,9914,美利達,listed,103.0,104.0,101.5,102.0,-1.5,-1.4493,488694,50043254,574,TWSE,common_stock,true,false,false,false,false,false,false,false,true,
2025-10-30,9917,中保科,listed,108.5,109.5,108.0,108.5,-0.5,-0.4587,480714,52151806,627,TWSE,common_stock,true,false,false,false,false,false,false,false,true,
2025-10-30,9918,欣天然,listed,39.3,39.55,39.3,39.55,0.0,0.0,7967,313308,17,TWSE,common_stock,true,false,false,false,false,false,false,false,true,
2025-10-30,9919,康那香,listed,17.0,17.0,16.9,17.0,0.1,0.5917,147515,2500092,140,TWSE,common_stock,true,false,false,false,false,false,false,false,true,
2025-10-30,9921,巨大,listed,103.5,105.5,103.0,105.0,1.0,0.9615,878032,91584040,883,TWSE,common_stock,true,false,false,false,false,false,false,false,true,
2025-10-30,9924,福興,listed,51.6,51.6,51.1,51.4,-0.2,-0.3876,211728,10872189,1218,TWSE,common_stock,true,false,false,false,false,false,false,false,true,
2025-10-30,9925,新保,listed,40.8,40.8,40.65,40.7,-0.1,-0.2451,63079,2567537,98,TWSE,common_stock,true,false,false,false,false,false,false,false,true,
2025-10-30,9926,新海,listed,49.95,49.95,49.65,49.65,-0.15,-0.3012,7138,355322,10,TWSE,common_stock,true,false,false,false,false,false,false,false,true,
2025-10-30,9927,泰銘,listed,54.5,54.6,54.0,54.6,0.1,0.1835,223530,12147458,267,TWSE,common_stock,true,false,false,false,false,false,false,false,true,
2025-10-30,9928,中視,listed,18.05,18.05,17.5,17.5,-0.45,-2.507,77170,1369159,81,TWSE,common_stock,true,false,false,false,false,false,false,false,true,
2025-10-30,9929,秋雨,listed,11.65,11.65,10.55,10.8,-0.65,-5.6769,47500,516855,34,TWSE,common_stock,true,false,false,false,false,false,false,false,true,
2025-10-30,9930,中聯資源,listed,69.6,70.5,69.5,69.5,-0.1,-0.1437,255681,17859114,201,TWSE,common_stock,true,false,false,false,false,false,false,false,true,
2025-10-30,9931,欣高,listed,33.45,33.45,33.4,33.4,0.05,0.1499,3005,100417,4,TWSE,common_stock,true,false,false,false,false,false,false,false,true,
2025-10-30,9933,中鼎,listed,31.2,31.45,30.9,31.05,-0.15,-0.4808,1743241,54195903,1529,TWSE,common_stock,true,false,false,false,false,false,false,false,true,
2025-10-30,9934,成霖,listed,10.4,10.45,10.3,10.35,-0.05,-0.4808,539350,5581921,189,TWSE,common_stock,true,false,false,false,false,false,false,false,true,
2025-10-30,9935,慶豐富,listed,19.35,19.35,19.1,19.2,-0.1,-0.5181,156132,2996494,126,TWSE,common_stock,true,false,false,false,false,false,false,false,true,
2025-10-30,9937,全國,listed,57.8,58.0,57.1,57.8,0.0,0.0,35080,2024115,48,TWSE,common_stock,true,false,false,false,false,false,false,false,true,
2025-10-30,9938,百和,listed,57.6,57.9,56.9,57.2,-0.7,-1.209,1303060,74535063,1159,TWSE,common_stock,true,false,false,false,false,false,false,false,true,
2025-10-30,9939,宏全,listed,130.5,130.5,129.0,130.0,0.0,0.0,646767,83912616,794,TWSE,common_stock,true,false,false,false,false,false,false,false,true,
2025-10-30,9940,信義,listed,22.65,22.75,22.5,22.5,-0.1,-0.4425,317158,7156969,307,TWSE,common_stock,true,false,false,false,false,false,false,false,true,
2025-10-30,9941,裕融,listed,100.5,100.5,97.5,97.5,-2.5,-2.5,1307808,128296789,22404,TWSE,common_stock,true,false,false,false,false,false,false,false,true,
2025-10-30,9941A,裕融甲特,listed,50.1,50.2,50.1,50.1,-0.1,-0.1992,25100,1257920,21,TWSE,warrant,false,false,true,false,false,false,false,false,false,security_type=warrant;symbol_not_4_digit
2025-10-30,9942,茂順,listed,107.0,107.5,106.5,107.0,0.0,0.0,64240,6868673,108,TWSE,common_stock,true,false,false,false,false,false,false,false,true,
2025-10-30,9943,好樂迪,listed,61.0,61.0,60.3,60.5,-0.5,-0.8197,71297,4316931,122,TWSE,common_stock,true,false,false,false,false,false,false,false,true,
2025-10-30,9944,新麗,listed,16.85,16.85,16.65,16.85,0.0,0.0,12458,209337,51,TWSE,common_stock,true,false,false,false,false,false,false,false,true,
2025-10-30,9945,潤泰新,listed,30.0,30.35,29.95,30.2,0.2,0.6667,3737177,112487445,1873,TWSE,common_stock,true,false,false,false,false,false,false,false,true,
2025-10-30,9946,三發地產,listed,17.65,17.75,17.4,17.4,-0.1,-0.5714,94082,1643148,75,TWSE,common_stock,true,false,false,false,false,false,false,false,true,
2025-10-30,9955,佳龍,listed,28.85,28.85,28.3,28.3,-0.25,-0.8757,468649,13296538,460,TWSE,common_stock,true,false,false,false,false,false,false,false,true,
2025-10-30,9958,世紀鋼,listed,156.0,157.5,153.0,154.5,-1.0,-0.6431,1831845,282724411,1875,TWSE,common_stock,true,false,false,false,false,false,false,false,true,
