date,symbol,name,market,open,high,low,close,change,change_pct,volume,turnover,transactions,source,security_type,is_common_stock,is_etf,is_warrant,is_bond_etf,is_leveraged_inverse,is_etn,is_preferred_stock,is_dr,scan_eligible,exclude_reason
2026-01-09,0050,元大台灣50,listed,69.8,70.25,68.9,69.85,-0.25,-0.3566,113278257,7882596065,117481,TWSE,etf,false,true,false,false,false,false,false,false,false,security_type=etf
2026-01-09,0051,元大中型100,listed,95.45,95.55,93.9,95.2,-0.25,-0.2619,63441,6025307,380,TWSE,etf,false,true,false,false,false,false,false,false,false,security_type=etf
2026-01-09,0052,富邦科技,listed,40.45,40.94,40.02,40.66,-0.18,-0.4407,62671248,2539780166,34106,TWSE,etf,false,true,false,false,false,false,false,false,false,security_type=etf
2026-01-09,0053,元大電子,listed,149.8,151.35,147.5,150.5,0.5,0.3333,45489,6839668,173,TWSE,etf,false,true,false,false,false,false,false,false,false,security_type=etf
2026-01-09,0055,元大MSCI金融,listed,32.04,32.04,31.8,31.94,-0.05,-0.1563,70723,2258476,303,TWSE,etf,false,true,false,false,false,false,false,false,false,security_type=etf
2026-01-09,0056,元大高股息,listed,37.41,37.55,37.17,37.4,-0.01,-0.0267,38775491,1449101310,22268,TWSE,etf,false,true,false,false,false,false,false,false,false,security_type=etf
2026-01-09,0057,富邦摩台,listed,202.05,203.95,201.0,203.3,-1.1,-0.5382,34146,6922584,119,TWSE,etf,false,true,false,false,false,false,false,false,false,security_type=etf
2026-01-09,0061,元大寶滬深,listed,23.69,23.97,23.69,23.82,0.13,0.5488,357772,8532763,191,TWSE,etf,false,true,false,false,false,false,false,false,false,security_type=etf
2026-01-09,006203,元大MSCI台灣,listed,125.1,126.65,125.1,126.0,-0.6,-0.4739,10484,1321214,118,TWSE,etf,false,true,false,false,false,false,false,false,false,security_type=etf;symbol_not_4_digit
2026-01-09,006204,永豐臺灣加權,listed,154.7,154.8,154.1,154.5,-0.45,-0.2904,9045,1394906,118,TWSE,etf,false,true,false,false,false,false,false,false,false,security_type=etf;symbol_not_4_digit
2026-01-09,006205,富邦上証,listed,41.0,41.36,40.85,41.17,0.18,0.4391,463101,19031947,282,TWSE,etf,false,true,false,false,false,false,false,false,false,security_type=etf;symbol_not_4_digit
2026-01-09,006206,元大上證50,listed,38.42,38.7,38.41,38.53,0.09,0.2341,121687,4692156,172,TWSE,etf,false,true,false,false,false,false,false,false,false,security_type=etf;symbol_not_4_digit
2026-01-09,006207,復華滬深,listed,31.59,31.79,31.59,31.72,0.12,0.3797,336075,10649001,90,TWSE,etf,false,true,false,false,false,false,false,false,false,security_type=etf;symbol_not_4_digit
2026-01-09,006208,富邦台50,listed,158.85,160.1,157.15,159.15,-0.4,-0.2507,9370615,1489939562,10870,TWSE,etf,false,true,false,false,false,false,false,false,false,security_type=etf;symbol_not_4_digit
2026-01-09,00625K,富邦上証+R,listed,,,,,0.0,,0,0,0,TWSE,etf,false,true,true,false,false,false,false,false,false,security_type=etf;symbol_not_4_digit;invalid_close;invalid_volume;invalid_turnover
2026-01-09,00631L,元大台灣50正2,listed,396.8,403.0,388.0,399.65,-1.05,-0.262,5110934,2025625149,8630,TWSE,leveraged_inverse,false,true,true,false,true,false,false,false,false,security_type=leveraged_inverse;symbol_not_4_digit
2026-01-09,00632R,元大台灣50反1,listed,15.69,15.87,15.6,15.66,0.03,0.1919,52091332,819904261,7462,TWSE,leveraged_inverse,false,true,true,false,true,false,false,false,false,security_type=leveraged_inverse;symbol_not_4_digit
2026-01-09,00633L,富邦上証正2,listed,51.3,51.6,50.7,51.4,0.35,0.6856,1989186,101976868,508,TWSE,leveraged_inverse,false,true,true,false,true,false,false,false,false,security_type=leveraged_inverse;symbol_not_4_digit
2026-01-09,00634R,富邦上証反1,listed,3.17,3.17,3.16,3.17,0.0,0.0,106090,335411,9,TWSE,leveraged_inverse,false,true,true,false,true,false,false,false,false,security_type=leveraged_inverse;symbol_not_4_digit
2026-01-09,00635U,期元大S&P黃金,listed,47.62,47.9,47.62,47.76,0.41,0.8659,3375753,161191819,2053,TWSE,etf,false,true,true,false,false,false,false,false,false,security_type=etf;symbol_not_4_digit
2026-01-09,00636,國泰中國A50,listed,27.52,27.66,27.44,27.62,0.1,0.3634,751674,20702197,260,TWSE,etf,false,true,false,false,false,false,false,false,false,security_type=etf;symbol_not_4_digit
2026-01-09,00636K,國泰中國A50+U,listed,8.75,8.75,8.75,8.75,-0.01,-0.1142,200,1750,2,TWSE,etf,false,true,true,false,false,false,false,false,false,security_type=etf;symbol_not_4_digit
2026-01-09,00637L,元大滬深300正2,listed,21.1,21.27,20.9,21.16,0.15,0.7139,43082211,909326955,2997,TWSE,leveraged_inverse,false,true,true,false,true,false,false,false,false,security_type=leveraged_inverse;symbol_not_4_digit
2026-01-09,00638R,元大滬深300反1,listed,6.79,6.82,6.77,6.79,0.0,0.0,162100,1102259,30,TWSE,leveraged_inverse,false,true,true,false,true,false,false,false,false,security_type=leveraged_inverse;symbol_not_4_digit
2026-01-09,00639,富邦深100,listed,15.55,15.63,15.41,15.59,0.06,0.3863,747586,11604266,263,TWSE,etf,false,true,false,false,false,false,false,false,false,security_type=etf;symbol_not_4_digit
2026-01-09,00640L,富邦日本正2,listed,81.25,82.35,81.25,82.35,0.85,1.0429,104674,8551387,75,TWSE,leveraged_inverse,false,true,true,false,true,false,false,false,false,security_type=leveraged_inverse;symbol_not_4_digit
2026-01-09,00641R,富邦日本反1,listed,4.46,4.46,4.43,4.43,-0.03,-0.6726,1840337,8158166,80,TWSE,leveraged_inverse,false,true,true,false,true,false,false,false,false,security_type=leveraged_inverse;symbol_not_4_digit
2026-01-09,00642U,期元大S&P石油,listed,15.25,15.28,15.21,15.25,0.42,2.8321,20660655,314953205,3102,TWSE,etf,false,true,true,false,false,false,false,false,false,security_type=etf;symbol_not_4_digit
2026-01-09,00643,群益深証中小,listed,17.84,18.05,17.75,17.99,0.15,0.8408,3475938,62384964,278,TWSE,etf,false,true,false,false,false,false,false,false,false,security_type=etf;symbol_not_4_digit
2026-01-09,00643K,群益深証中小+R,listed,,,,,0.0,,0,0,0,TWSE,etf,false,true,true,false,false,false,false,false,false,security_type=etf;symbol_not_4_digit;invalid_close;invalid_volume;invalid_turnover
2026-01-09,00645,富邦日本,listed,48.96,49.21,48.95,49.21,0.25,0.5106,172830,8474726,243,TWSE,etf,false,true,false,false,false,false,false,false,false,security_type=etf;symbol_not_4_digit
2026-01-09,00646,元大S&P500,listed,68.65,68.7,68.6,68.65,0.0,0.0,11397046,782251364,2589,TWSE,etf,false,true,false,false,false,false,false,false,false,security_type=etf;symbol_not_4_digit
2026-01-09,00647L,元大S&P500正2,listed,118.7,119.05,118.65,119.0,0.5,0.4219,43201,5136008,109,TWSE,leveraged_inverse,false,true,true,false,true,false,false,false,false,security_type=leveraged_inverse;symbol_not_4_digit
2026-01-09,00648R,元大S&P500反1,listed,4.33,4.34,4.33,4.34,0.01,0.2309,149000,646100,20,TWSE,leveraged_inverse,false,true,true,false,true,false,false,false,false,security_type=leveraged_inverse;symbol_not_4_digit
2026-01-09,00650L,復華香港正2,listed,18.45,18.52,18.24,18.31,0.08,0.4388,5949482,109145681,678,TWSE,leveraged_inverse,false,true,true,false,true,false,false,false,false,security_type=leveraged_inverse;symbol_not_4_digit
2026-01-09,00651R,復華香港反1,listed,5.22,5.22,5.2,5.21,-0.01,-0.1916,578799,3013424,25,TWSE,leveraged_inverse,false,true,true,false,true,false,false,false,false,security_type=leveraged_inverse;symbol_not_4_digit
2026-01-09,00652,富邦印度,listed,37.5,37.5,37.32,37.35,-0.16,-0.4266,143716,5375621,293,TWSE,etf,false,true,false,false,false,false,false,false,false,security_type=etf;symbol_not_4_digit
2026-01-09,00653L,富邦印度正2,listed,57.75,57.75,57.1,57.1,-0.7,-1.2111,307317,17584859,193,TWSE,leveraged_inverse,false,true,true,false,true,false,false,false,false,security_type=leveraged_inverse;symbol_not_4_digit
2026-01-09,00654R,富邦印度反1,listed,6.29,6.33,6.29,6.33,0.04,0.6359,54000,340710,11,TWSE,leveraged_inverse,false,true,true,false,true,false,false,false,false,security_type=leveraged_inverse;symbol_not_4_digit
2026-01-09,00655L,國泰中國A50正2,listed,35.75,35.9,35.25,35.79,0.27,0.7601,1605827,57191682,308,TWSE,leveraged_inverse,false,true,true,false,true,false,false,false,false,security_type=leveraged_inverse;symbol_not_4_digit
2026-01-09,00656R,國泰中國A50反1,listed,6.03,6.03,6.0,6.0,-0.01,-0.1664,27150,163450,6,TWSE,leveraged_inverse,false,true,true,false,true,false,false,false,false,security_type=leveraged_inverse;symbol_not_4_digit
2026-01-09,00657,國泰日經225,listed,60.55,61.05,60.55,61.05,0.65,1.0762,194033,11791301,100,TWSE,etf,false,true,false,false,false,false,false,false,false,security_type=etf;symbol_not_4_digit
2026-01-09,00657K,國泰日經225+U,listed,19.29,19.29,19.29,19.29,0.14,0.7311,200,3858,2,TWSE,etf,false,true,true,false,false,false,false,false,false,security_type=etf;symbol_not_4_digit
2026-01-09,00660,元大歐洲50,listed,42.99,42.99,42.9,42.97,-0.03,-0.0698,20480,879131,123,TWSE,etf,false,true,false,false,false,false,false,false,false,security_type=etf;symbol_not_4_digit
2026-01-09,00661,元大日經225,listed,66.15,66.8,66.1,66.75,0.65,0.9834,218121,14470689,228,TWSE,etf,false,true,false,false,false,false,false,false,false,security_type=etf;symbol_not_4_digit
2026-01-09,00662,富邦NASDAQ,listed,103.65,103.9,103.45,103.8,-0.1,-0.0962,3748031,388984008,2219,TWSE,etf,false,true,false,false,false,false,false,false,false,security_type=etf;symbol_not_4_digit
2026-01-09,00663L,國泰臺灣加權正2,listed,51.9,52.6,50.65,52.2,-0.15,-0.2865,7099587,366503576,4016,TWSE,leveraged_inverse,false,true,true,false,true,false,false,false,false,security_type=leveraged_inverse;symbol_not_4_digit
2026-01-09,00664R,國泰臺灣加權反1,listed,2.54,2.57,2.52,2.53,0.0,0.0,14816521,37631543,838,TWSE,leveraged_inverse,false,true,true,false,true,false,false,false,false,security_type=leveraged_inverse;symbol_not_4_digit
2026-01-09,00665L,富邦恒生國企正2,listed,11.16,11.21,11.04,11.07,0.03,0.2717,18427666,204843128,1783,TWSE,leveraged_inverse,false,true,true,false,true,false,false,false,false,security_type=leveraged_inverse;symbol_not_4_digit
2026-01-09,00666R,富邦恒生國企反1,listed,8.66,8.76,8.66,8.76,0.01,0.1143,582000,5073440,17,TWSE,leveraged_inverse,false,true,true,false,true,false,false,false,false,security_type=leveraged_inverse;symbol_not_4_digit
2026-01-09,00668,國泰美國道瓊,listed,56.9,56.95,56.75,56.9,0.5,0.8865,89787,5102625,113,TWSE,etf,false,true,false,false,false,false,false,false,false,security_type=etf;symbol_not_4_digit
2026-01-09,00668K,國泰美國道瓊+U,listed,17.96,17.96,17.96,17.96,0.08,0.4474,200,3592,2,TWSE,etf,false,true,true,false,false,false,false,false,false,security_type=etf;symbol_not_4_digit
2026-01-09,00669R,國泰美國道瓊反1,listed,5.61,5.61,5.6,5.61,-0.04,-0.708,647842,3633319,99,TWSE,leveraged_inverse,false,true,true,false,true,false,false,false,false,security_type=leveraged_inverse;symbol_not_4_digit
2026-01-09,00670L,富邦NASDAQ正2,listed,163.85,163.9,163.0,163.6,-1.1,-0.6679,883739,144451218,1086,TWSE,leveraged_inverse,false,true,true,false,true,false,false,false,false,security_type=leveraged_inverse;symbol_not_4_digit
2026-01-09,00671R,富邦NASDAQ反1,listed,2.85,2.85,2.83,2.84,0.01,0.3534,3112100,8838796,132,TWSE,leveraged_inverse,false,true,true,false,true,false,false,false,false,security_type=leveraged_inverse;symbol_not_4_digit
2026-01-09,00673R,期元大S&P原油反1,listed,28.25,28.26,28.16,28.2,-0.88,-3.0261,16755218,472472512,2550,TWSE,leveraged_inverse,false,true,true,false,true,false,false,false,false,security_type=leveraged_inverse;symbol_not_4_digit
2026-01-09,00674R,期元大S&P黃金反1,listed,5.72,5.73,5.69,5.71,-0.06,-1.0399,1000647,5706545,122,TWSE,leveraged_inverse,false,true,true,false,true,false,false,false,false,security_type=leveraged_inverse;symbol_not_4_digit
2026-01-09,00675L,富邦臺灣加權正2,listed,157.7,159.9,154.0,158.6,-0.5,-0.3143,4329757,680103383,3061,TWSE,leveraged_inverse,false,true,true,false,true,false,false,false,false,security_type=leveraged_inverse;symbol_not_4_digit
2026-01-09,00676R,富邦臺灣加權反1,listed,8.6,8.73,8.58,8.6,0.0,0.0,2990840,25847565,385,TWSE,leveraged_inverse,false,true,true,false,true,false,false,false,false,security_type=leveraged_inverse;symbol_not_4_digit
2026-01-09,00678,群益那斯達克生技,listed,35.58,35.76,35.58,35.72,-0.42,-1.1621,340489,12154768,372,TWSE,etf,false,true,false,false,false,false,false,false,false,security_type=etf;symbol_not_4_digit
2026-01-09,00680L,元大美債20正2,listed,7.24,7.25,7.22,7.22,-0.06,-0.8242,11079044,80087776,772,TWSE,bond_etf,false,true,true,true,true,false,false,false,false,security_type=bond_etf;symbol_not_4_digit
2026-01-09,00681R,元大美債20反1,listed,20.82,20.84,20.82,20.84,0.06,0.2887,6050,126067,3,TWSE,bond_etf,false,true,true,true,true,false,false,false,false,security_type=bond_etf;symbol_not_4_digit
2026-01-09,00682U,期元大美元指數,listed,20.3,20.3,20.3,20.3,0.04,0.1974,2001,40620,2,TWSE,etf,false,true,true,false,false,false,false,false,false,security_type=etf;symbol_not_4_digit
2026-01-09,00683L,期元大美元指正2,listed,20.98,21.04,20.97,21.04,0.16,0.7663,32196,676325,19,TWSE,leveraged_inverse,false,true,true,false,true,false,false,false,false,security_type=leveraged_inverse;symbol_not_4_digit
2026-01-09,00684R,期元大美元指反1,listed,15.49,15.53,15.49,15.53,0.04,0.2582,207000,3211390,11,TWSE,leveraged_inverse,false,true,true,false,true,false,false,false,false,security_type=leveraged_inverse;symbol_not_4_digit
2026-01-09,00685L,群益臺灣加權正2,listed,141.7,143.55,138.3,142.6,-0.2,-0.1401,1336568,188541894,838,TWSE,leveraged_inverse,false,true,true,false,true,false,false,false,false,security_type=leveraged_inverse;symbol_not_4_digit
2026-01-09,00686R,群益臺灣加權反1,listed,1.55,1.57,1.53,1.55,0.0,0.0,6785883,10500535,157,TWSE,leveraged_inverse,false,true,true,false,true,false,false,false,false,security_type=leveraged_inverse;symbol_not_4_digit
2026-01-09,00688L,國泰20年美債正2,listed,7.22,7.23,7.2,7.22,-0.03,-0.4138,4007266,28908643,303,TWSE,bond_etf,false,true,true,true,true,false,false,false,false,security_type=bond_etf;symbol_not_4_digit
2026-01-09,00689R,國泰20年美債反1,listed,21.69,21.72,21.66,21.72,0.09,0.4161,7000,151950,3,TWSE,bond_etf,false,true,true,true,true,false,false,false,false,security_type=bond_etf;symbol_not_4_digit
2026-01-09,00690,兆豐藍籌30,listed,46.6,46.88,46.19,46.63,-0.04,-0.0857,249390,11610528,322,TWSE,etf,false,true,false,false,false,false,false,false,false,security_type=etf;symbol_not_4_digit
2026-01-09,00692,富邦公司治理,listed,60.8,61.25,60.1,60.9,-0.2,-0.3273,2418496,147002246,1733,TWSE,etf,false,true,false,false,false,false,false,false,false,security_type=etf;symbol_not_4_digit
2026-01-09,00693U,期街口S&P黃豆,listed,20.29,20.39,20.29,20.39,0.08,0.3939,1525214,31000476,162,TWSE,warrant,false,false,true,false,false,false,false,false,false,security_type=warrant;symbol_not_4_digit
2026-01-09,00700,富邦恒生國企,listed,18.47,18.66,18.47,18.55,0.01,0.0539,508846,9457283,221,TWSE,etf,false,true,false,false,false,false,false,false,false,security_type=etf;symbol_not_4_digit
2026-01-09,00701,國泰股利精選30,listed,29.4,29.47,29.25,29.31,0.02,0.0683,1549683,45496640,754,TWSE,etf,false,true,false,false,false,false,false,false,false,security_type=etf;symbol_not_4_digit
2026-01-09,00702,國泰標普低波高息,listed,23.41,23.45,23.41,23.45,0.15,0.6438,25069,587227,84,TWSE,etf,false,true,false,false,false,false,false,false,false,security_type=etf;symbol_not_4_digit
2026-01-09,00703,台新MSCI中國,listed,22.15,22.3,22.15,22.17,0.08,0.3622,22938,509005,62,TWSE,other,false,false,false,false,false,false,false,false,false,symbol_not_4_digit
2026-01-09,00706L,期元大S&P日圓正2,listed,20.4,20.4,20.31,20.33,-0.12,-0.5868,2108822,42894634,562,TWSE,leveraged_inverse,false,true,true,false,true,false,false,false,false,security_type=leveraged_inverse;symbol_not_4_digit
2026-01-09,00707R,期元大S&P日圓反1,listed,,,,,0.0,,7,219,1,TWSE,leveraged_inverse,false,true,true,false,true,false,false,false,false,security_type=leveraged_inverse;symbol_not_4_digit;invalid_close
2026-01-09,00708L,期元大S&P黃金正2,listed,95.55,96.3,95.3,95.9,1.8,1.9129,3168947,303388082,1502,TWSE,leveraged_inverse,false,true,true,false,true,false,false,false,false,security_type=leveraged_inverse;symbol_not_4_digit
2026-01-09,00709,富邦歐洲,listed,37.91,37.91,37.8,37.85,0.05,0.1323,39171,1484144,160,TWSE,etf,false,true,false,false,false,false,false,false,false,security_type=etf;symbol_not_4_digit
2026-01-09,00710B,復華彭博非投等債,listed,19.09,19.14,19.09,19.13,0.04,0.2095,208334,3982442,46,TWSE,bond_etf,false,true,true,true,false,false,false,false,false,security_type=bond_etf;symbol_not_4_digit
2026-01-09,00711B,復華彭博新興債,listed,16.37,16.38,16.37,16.37,0.02,0.1223,113744,1861422,89,TWSE,bond_etf,false,true,true,true,false,false,false,false,false,security_type=bond_etf;symbol_not_4_digit
2026-01-09,00712,復華富時不動產,listed,9.42,9.5,9.36,9.5,0.24,2.5918,84076074,794081945,8666,TWSE,etf,false,true,false,false,false,false,false,false,false,security_type=etf;symbol_not_4_digit
2026-01-09,00713,元大台灣高息低波,listed,50.95,51.1,50.75,51.0,0.15,0.295,12456073,634902248,5467,TWSE,etf,false,true,false,false,false,false,false,false,false,security_type=etf;symbol_not_4_digit
2026-01-09,00714,群益道瓊美國地產,listed,20.0,20.23,20.0,20.2,0.2,1.0,159787,3228440,46,TWSE,etf,false,true,false,false,false,false,false,false,false,security_type=etf;symbol_not_4_digit
2026-01-09,00715L,期街口布蘭特正2,listed,20.06,20.51,20.05,20.44,1.28,6.6806,132906804,2712428684,13384,TWSE,leveraged_inverse,false,true,true,false,true,false,false,false,false,security_type=leveraged_inverse;symbol_not_4_digit
2026-01-09,00717,富邦美國特別股,listed,15.34,15.36,15.34,15.35,0.01,0.0652,75326,1156665,160,TWSE,preferred_stock,false,true,false,false,false,false,true,false,false,security_type=preferred_stock;symbol_not_4_digit
2026-01-09,00728,第一金工業30,listed,39.1,39.51,38.78,39.3,0.45,1.1583,193520,7585417,329,TWSE,other,false,false,false,false,false,false,false,false,false,symbol_not_4_digit
2026-01-09,00730,富邦臺灣優質高息,listed,23.64,23.74,23.4,23.46,-0.09,-0.3822,120566,2832478,257,TWSE,etf,false,true,false,false,false,false,false,false,false,security_type=etf;symbol_not_4_digit
2026-01-09,00731,復華富時高息低波,listed,70.0,70.35,69.7,69.85,0.1,0.1434,589558,41238334,245,TWSE,etf,false,true,false,false,false,false,false,false,false,security_type=etf;symbol_not_4_digit
2026-01-09,00733,富邦臺灣中小,listed,48.3,48.31,47.29,48.14,-0.12,-0.2487,1153071,55366058,1141,TWSE,etf,false,true,false,false,false,false,false,false,false,security_type=etf;symbol_not_4_digit
2026-01-09,00735,國泰臺韓科技,listed,57.45,57.9,56.5,57.5,-0.75,-1.2876,1013889,57898231,613,TWSE,etf,false,true,false,false,false,false,false,false,false,security_type=etf;symbol_not_4_digit
2026-01-09,00736,國泰新興市場,listed,28.77,28.84,28.77,28.79,-0.08,-0.2771,107323,3090227,109,TWSE,etf,false,true,false,false,false,false,false,false,false,security_type=etf;symbol_not_4_digit
2026-01-09,00737,國泰AI機器人,listed,37.73,37.81,37.63,37.74,0.01,0.0265,556182,20996335,196,TWSE,etf,false,true,false,false,false,false,false,false,false,security_type=etf;symbol_not_4_digit
2026-01-09,00738U,期元大道瓊白銀,listed,62.55,63.75,61.9,62.9,-0.25,-0.3959,14234712,893260653,7017,TWSE,etf,false,true,true,false,false,false,false,false,false,security_type=etf;symbol_not_4_digit
2026-01-09,00739,元大MSCI A股,listed,27.3,27.55,27.21,27.44,0.08,0.2924,149381,4101726,174,TWSE,etf,false,true,false,false,false,false,false,false,false,security_type=etf;symbol_not_4_digit
2026-01-09,00752,中信中國50,listed,27.0,27.02,26.59,26.61,-0.07,-0.2624,9415059,251007921,837,TWSE,etf,false,true,false,false,false,false,false,false,false,security_type=etf;symbol_not_4_digit
2026-01-09,00753L,中信中國50正2,listed,12.95,13.22,12.83,12.87,0.07,0.5469,22088045,286510488,2288,TWSE,leveraged_inverse,false,true,true,false,true,false,false,false,false,security_type=leveraged_inverse;symbol_not_4_digit
2026-01-09,00757,統一FANG+,listed,117.5,117.65,117.3,117.6,-0.95,-0.8013,1658151,194876715,4180,TWSE,etf,false,true,false,false,false,false,false,false,false,security_type=etf;symbol_not_4_digit
2026-01-09,00762,元大全球AI,listed,84.2,84.25,83.85,84.15,-1.05,-1.2324,786107,66075005,850,TWSE,etf,false,true,false,false,false,false,false,false,false,security_type=etf;symbol_not_4_digit
2026-01-09,00763U,期街口道瓊銅,listed,31.91,32.26,31.64,32.1,-0.16,-0.496,2581146,82441365,1429,TWSE,warrant,false,false,true,false,false,false,false,false,false,security_type=warrant;symbol_not_4_digit
2026-01-09,00770,國泰北美科技,listed,58.5,58.5,58.1,58.35,-0.4,-0.6809,674679,39295317,1184,TWSE,etf,false,true,false,false,false,false,false,false,false,security_type=etf;symbol_not_4_digit
2026-01-09,00771,元大US高息特別股,listed,16.23,16.24,16.23,16.23,0.0,0.0,15644,253827,70,TWSE,preferred_stock,false,true,false,false,false,false,true,false,false,security_type=preferred_stock;symbol_not_4_digit
2026-01-09,00775B,台新投等債15+,listed,32.77,32.78,32.77,32.78,-0.1,-0.3041,81000,2654380,9,TWSE,bond_etf,false,true,true,true,false,false,false,false,false,security_type=bond_etf;symbol_not_4_digit
2026-01-09,00783,富邦中証500,listed,27.06,27.64,27.05,27.5,0.3,1.1029,199985,5480542,101,TWSE,etf,false,true,false,false,false,false,false,false,false,security_type=etf;symbol_not_4_digit
2026-01-09,00830,國泰費城半導體,listed,61.0,61.1,60.7,61.0,-0.75,-1.2146,20406444,1243205800,17220,TWSE,etf,false,true,false,false,false,false,false,false,false,security_type=etf;symbol_not_4_digit
2026-01-09,00850,元大臺灣ESG永續,listed,57.55,57.85,56.9,57.5,-0.05,-0.0869,1816877,104509222,1351,TWSE,etf,false,true,false,false,false,false,false,false,false,security_type=etf;symbol_not_4_digit
2026-01-09,00851,台新全球AI,listed,58.2,58.2,57.4,57.4,-0.9,-1.5437,16720,962234,115,TWSE,other,false,false,false,false,false,false,false,false,false,symbol_not_4_digit
2026-01-09,00852L,國泰美國道瓊正2,listed,31.94,32.0,31.94,31.97,0.42,1.3312,92797,2966360,57,TWSE,leveraged_inverse,false,true,true,false,true,false,false,false,false,security_type=leveraged_inverse;symbol_not_4_digit
2026-01-09,00861,元大全球未來通訊,listed,58.1,58.1,57.6,57.95,-0.25,-0.4296,58120,3364786,684,TWSE,etf,false,true,false,false,false,false,false,false,false,security_type=etf;symbol_not_4_digit
2026-01-09,00865B,國泰US短期公債,listed,47.41,47.57,47.41,47.56,0.05,0.1052,1436540,68297263,360,TWSE,bond_etf,false,true,true,true,false,false,false,false,false,security_type=bond_etf;symbol_not_4_digit
2026-01-09,00875,國泰網路資安,listed,38.96,38.99,38.85,38.98,-0.27,-0.6879,41324,1610900,145,TWSE,etf,false,true,false,false,false,false,false,false,false,security_type=etf;symbol_not_4_digit
2026-01-09,00876,元大全球5G,listed,54.2,54.55,54.1,54.5,-0.5,-0.9091,455873,24800722,1054,TWSE,etf,false,true,false,false,false,false,false,false,false,security_type=etf;symbol_not_4_digit
2026-01-09,00878,國泰永續高股息,listed,22.12,22.19,21.96,22.1,-0.02,-0.0904,47819737,1056410511,17771,TWSE,etf,false,true,false,false,false,false,false,false,false,security_type=etf;symbol_not_4_digit
2026-01-09,00881,國泰台灣科技龍頭,listed,34.33,34.62,34.05,34.44,-0.01,-0.029,30987178,1064943110,12641,TWSE,etf,false,true,false,false,false,false,false,false,false,security_type=etf;symbol_not_4_digit
2026-01-09,00882,中信中國高股息,listed,15.42,15.51,15.4,15.46,0.04,0.2594,7264058,112328548,1706,TWSE,etf,false,true,false,false,false,false,false,false,false,security_type=etf;symbol_not_4_digit
2026-01-09,00885,富邦越南,listed,18.95,19.03,18.84,18.86,-0.28,-1.4629,6021264,113846790,2235,TWSE,etf,false,true,false,false,false,false,false,false,false,security_type=etf;symbol_not_4_digit
2026-01-09,00891,中信關鍵半導體,listed,21.14,21.29,20.87,21.22,0.05,0.2362,11231872,237566888,3129,TWSE,etf,false,true,false,false,false,false,false,false,false,security_type=etf;symbol_not_4_digit
2026-01-09,00892,富邦台灣半導體,listed,22.95,23.1,22.61,23.1,0.0,0.0,753387,17267304,480,TWSE,etf,false,true,false,false,false,false,false,false,false,security_type=etf;symbol_not_4_digit
2026-01-09,00893,國泰智能電動車,listed,33.0,33.0,32.76,32.91,-0.11,-0.3331,940216,30913796,720,TWSE,etf,false,true,false,false,false,false,false,false,false,security_type=etf;symbol_not_4_digit
2026-01-09,00894,中信小資高價30,listed,28.69,28.9,28.29,28.73,-0.01,-0.0348,1859567,53226995,1203,TWSE,etf,false,true,false,false,false,false,false,false,false,security_type=etf;symbol_not_4_digit
2026-01-09,00895,富邦未來車,listed,39.91,40.18,39.87,40.15,0.12,0.2998,658848,26389509,593,TWSE,etf,false,true,false,false,false,false,false,false,false,security_type=etf;symbol_not_4_digit
2026-01-09,00896,中信綠能及電動車,listed,19.66,19.75,19.41,19.66,0.0,0.0,4094143,80351261,1153,TWSE,etf,false,true,false,false,false,false,false,false,false,security_type=etf;symbol_not_4_digit
2026-01-09,00897,富邦基因免疫生技,listed,9.24,9.33,9.24,9.3,-0.01,-0.1074,800630,7445330,292,TWSE,etf,false,true,false,false,false,false,false,false,false,security_type=etf;symbol_not_4_digit
2026-01-09,00898,國泰基因免疫革命,listed,8.3,8.3,8.19,8.27,-0.1,-1.1947,708632,5850953,304,TWSE,etf,false,true,false,false,false,false,false,false,false,security_type=etf;symbol_not_4_digit
2026-01-09,00899,FT潔淨能源,listed,21.14,21.26,21.11,21.24,0.1,0.473,428125,9081954,198,TWSE,other,false,false,false,false,false,false,false,false,false,symbol_not_4_digit
2026-01-09,00900,富邦特選高股息30,listed,14.17,14.17,13.99,14.14,-0.03,-0.2117,18916110,266836223,3447,TWSE,etf,false,true,false,false,false,false,false,false,false,security_type=etf;symbol_not_4_digit
2026-01-09,00901,永豐智能車供應鏈,listed,26.2,26.35,25.85,26.2,-0.07,-0.2665,897639,23538694,277,TWSE,etf,false,true,false,false,false,false,false,false,false,security_type=etf;symbol_not_4_digit
2026-01-09,00902,中信電池及儲能,listed,13.41,13.46,13.26,13.4,0.0,0.0,1092153,14615752,485,TWSE,etf,false,true,false,false,false,false,false,false,false,security_type=etf;symbol_not_4_digit
2026-01-09,00903,富邦元宇宙,listed,17.81,17.87,17.81,17.87,0.0,0.0,146227,2610299,150,TWSE,etf,false,true,false,false,false,false,false,false,false,security_type=etf;symbol_not_4_digit
2026-01-09,00904,台新臺灣半導體30,listed,25.53,25.72,25.0,25.45,-0.16,-0.6248,8403217,213379109,2494,TWSE,other,false,false,false,false,false,false,false,false,false,symbol_not_4_digit
2026-01-09,00905,FT臺灣Smart,listed,18.04,18.15,17.88,18.08,0.02,0.1107,1460208,26366057,936,TWSE,other,false,false,false,false,false,false,false,false,false,symbol_not_4_digit
2026-01-09,00907,永豐優息存股,listed,15.45,15.52,15.35,15.39,0.0,0.0,838233,12921578,280,TWSE,etf,false,true,false,false,false,false,false,false,false,security_type=etf;symbol_not_4_digit
2026-01-09,00908,富邦入息REITs+,listed,14.09,14.21,14.09,14.2,0.11,0.7807,258752,3667654,97,TWSE,etf,false,true,false,false,false,false,false,false,false,security_type=etf;symbol_not_4_digit
2026-01-09,00909,國泰數位支付服務,listed,41.6,41.95,41.6,41.9,0.48,1.1589,2772481,115995380,2116,TWSE,etf,false,true,false,false,false,false,false,false,false,security_type=etf;symbol_not_4_digit
2026-01-09,00910,第一金太空衛星,listed,49.7,50.2,49.63,50.1,1.02,2.0782,2875147,143558979,3258,TWSE,other,false,false,false,false,false,false,false,false,false,symbol_not_4_digit
2026-01-09,00911,兆豐洲際半導體,listed,35.2,35.25,34.97,35.21,-0.41,-1.151,367459,12934147,1294,TWSE,etf,false,true,false,false,false,false,false,false,false,security_type=etf;symbol_not_4_digit
2026-01-09,00912,中信臺灣智慧50,listed,22.51,22.6,22.28,22.53,0.0,0.0,725619,16280582,374,TWSE,etf,false,true,false,false,false,false,false,false,false,security_type=etf;symbol_not_4_digit
2026-01-09,00913,兆豐台灣晶圓製造,listed,26.84,26.97,26.42,26.84,0.0,0.0,458153,12241348,80,TWSE,etf,false,true,false,false,false,false,false,false,false,security_type=etf;symbol_not_4_digit
2026-01-09,00915,凱基優選高股息30,listed,23.18,23.25,23.01,23.14,0.07,0.3034,4938298,114251644,1531,TWSE,etf,false,true,false,false,false,false,false,false,false,security_type=etf;symbol_not_4_digit
2026-01-09,00916,國泰全球品牌50,listed,27.33,27.5,27.33,27.49,0.16,0.5854,132591,3638658,260,TWSE,etf,false,true,false,false,false,false,false,false,false,security_type=etf;symbol_not_4_digit
2026-01-09,00917,中信特選金融,listed,27.43,28.0,27.36,27.71,0.5,1.8376,3285651,91043128,1336,TWSE,etf,false,true,false,false,false,false,false,false,false,security_type=etf;symbol_not_4_digit
2026-01-09,00918,大華優利高填息30,listed,22.7,22.81,22.55,22.67,-0.01,-0.0441,15135559,343380323,4126,TWSE,other,false,false,false,false,false,false,false,false,false,symbol_not_4_digit
2026-01-09,00919,群益台灣精選高息,listed,22.99,23.05,22.79,22.94,0.01,0.0436,66500218,1526132191,16285,TWSE,etf,false,true,false,false,false,false,false,false,false,security_type=etf;symbol_not_4_digit
2026-01-09,00920,富邦ESG綠色電力,listed,18.62,18.65,18.6,18.6,-0.03,-0.161,36145,673255,106,TWSE,etf,false,true,false,false,false,false,false,false,false,security_type=etf;symbol_not_4_digit
2026-01-09,00921,兆豐龍頭等權重,listed,17.77,17.9,17.75,17.81,0.03,0.1687,641263,11432595,310,TWSE,etf,false,true,false,false,false,false,false,false,false,security_type=etf;symbol_not_4_digit
2026-01-09,00922,國泰台灣領袖50,listed,27.1,27.26,26.85,27.15,-0.1,-0.367,11258328,304443484,4904,TWSE,etf,false,true,false,false,false,false,false,false,false,security_type=etf;symbol_not_4_digit
2026-01-09,00923,群益台ESG低碳50,listed,27.21,27.38,26.91,27.26,-0.04,-0.1465,2895067,78570269,1470,TWSE,etf,false,true,false,false,false,false,false,false,false,security_type=etf;symbol_not_4_digit
2026-01-09,00924,復華S&P500成長,listed,29.46,29.5,29.39,29.47,-0.1,-0.3382,1928288,56791938,1579,TWSE,etf,false,true,false,false,false,false,false,false,false,security_type=etf;symbol_not_4_digit
2026-01-09,00926,凱基全球菁英55,listed,23.61,23.61,23.52,23.56,-0.05,-0.2118,435003,10244866,358,TWSE,etf,false,true,false,false,false,false,false,false,false,security_type=etf;symbol_not_4_digit
2026-01-09,00927,群益半導體收益,listed,23.41,23.47,22.95,23.3,-0.07,-0.2995,29899566,695670769,7030,TWSE,etf,false,true,false,false,false,false,false,false,false,security_type=etf;symbol_not_4_digit
2026-01-09,00929,復華台灣科技優息,listed,18.54,18.61,18.24,18.54,0.0,0.0,26561277,491323794,6605,TWSE,etf,false,true,false,false,false,false,false,false,false,security_type=etf;symbol_not_4_digit
2026-01-09,00930,永豐ESG低碳高息,listed,17.73,17.83,17.58,17.71,0.03,0.1697,1201003,21267115,343,TWSE,etf,false,true,false,false,false,false,false,false,false,security_type=etf;symbol_not_4_digit
2026-01-09,00932,兆豐永續高息等權,listed,14.57,14.65,14.4,14.55,0.0,0.0,562263,8173336,248,TWSE,etf,false,true,false,false,false,false,false,false,false,security_type=etf;symbol_not_4_digit
2026-01-09,00934,中信成長高股息,listed,21.44,21.61,21.23,21.47,0.01,0.0466,5756615,123623589,1086,TWSE,etf,false,true,false,false,false,false,false,false,false,security_type=etf;symbol_not_4_digit
2026-01-09,00935,野村臺灣新科技50,listed,31.86,32.15,31.57,31.96,0.05,0.1567,6136620,195774139,1591,TWSE,other,false,false,false,false,false,false,false,false,false,symbol_not_4_digit
2026-01-09,00936,台新永續高息中小,listed,16.83,16.9,16.64,16.83,0.08,0.4776,8006953,134532137,1345,TWSE,other,false,false,false,false,false,false,false,false,false,symbol_not_4_digit
2026-01-09,00938,凱基優選30,listed,18.08,18.08,17.9,18.02,-0.06,-0.3319,660251,11860424,177,TWSE,etf,false,true,false,false,false,false,false,false,false,security_type=etf;symbol_not_4_digit
2026-01-09,00939,統一台灣高息動能,listed,15.03,15.05,14.85,15.03,0.01,0.0666,16392868,245998580,2220,TWSE,etf,false,true,false,false,false,false,false,false,false,security_type=etf;symbol_not_4_digit
2026-01-09,00940,元大台灣價值高息,listed,9.34,9.4,9.3,9.35,0.02,0.2144,48169744,450457908,4711,TWSE,etf,false,true,false,false,false,false,false,false,false,security_type=etf;symbol_not_4_digit
2026-01-09,00941,中信上游半導體,listed,18.65,18.65,18.46,18.61,-0.1,-0.5345,2675866,49576043,902,TWSE,etf,false,true,false,false,false,false,false,false,false,security_type=etf;symbol_not_4_digit
2026-01-09,00943,兆豐電子高息等權,listed,14.47,14.47,14.28,14.46,0.0,0.0,319263,4599070,113,TWSE,etf,false,true,false,false,false,false,false,false,false,security_type=etf;symbol_not_4_digit
2026-01-09,00944,野村趨勢動能高息,listed,14.84,14.92,14.69,14.89,0.07,0.4723,544445,8092310,306,TWSE,other,false,false,false,false,false,false,false,false,false,symbol_not_4_digit
2026-01-09,00945B,凱基美國非投等債,listed,14.64,14.69,14.63,14.68,0.04,0.2732,4008476,58807898,780,TWSE,bond_etf,false,true,true,true,false,false,false,false,false,security_type=bond_etf;symbol_not_4_digit
2026-01-09,00946,群益科技高息成長,listed,9.87,9.88,9.74,9.82,0.0,0.0,6524187,64126082,1105,TWSE,etf,false,true,false,false,false,false,false,false,false,security_type=etf;symbol_not_4_digit
2026-01-09,00947,台新臺灣IC設計,listed,21.07,21.11,20.35,20.57,-0.72,-3.3819,8615086,178249910,2334,TWSE,other,false,false,false,false,false,false,false,false,false,symbol_not_4_digit
2026-01-09,00949,復華日本龍頭,listed,18.6,18.74,18.6,18.74,0.13,0.6985,931578,17386379,428,TWSE,etf,false,true,false,false,false,false,false,false,false,security_type=etf;symbol_not_4_digit
2026-01-09,00951,台新日本半導體,listed,11.94,12.1,11.84,12.1,0.05,0.4149,2922001,34882245,563,TWSE,other,false,false,false,false,false,false,false,false,false,symbol_not_4_digit
2026-01-09,00952,凱基台灣AI50,listed,12.24,12.25,12.03,12.18,0.0,0.0,3635157,44296361,492,TWSE,etf,false,true,false,false,false,false,false,false,false,security_type=etf;symbol_not_4_digit
2026-01-09,00953B,群益優選非投等債,listed,9.77,9.79,9.76,9.79,0.03,0.3074,20959562,204940622,4002,TWSE,bond_etf,false,true,true,true,false,false,false,false,false,security_type=bond_etf;symbol_not_4_digit
2026-01-09,00954,中信日本半導體,listed,12.76,12.97,12.66,12.96,0.05,0.3873,1208200,15402589,521,TWSE,etf,false,true,false,false,false,false,false,false,false,security_type=etf;symbol_not_4_digit
2026-01-09,00956,中信日經高股息,listed,11.86,11.91,11.83,11.91,0.1,0.8467,79618,946818,129,TWSE,etf,false,true,false,false,false,false,false,false,false,security_type=etf;symbol_not_4_digit
2026-01-09,00960,野村全球航運龍頭,listed,15.02,15.12,15.02,15.1,0.08,0.5326,2277349,34371044,843,TWSE,other,false,false,false,false,false,false,false,false,false,symbol_not_4_digit
2026-01-09,00961,FT臺灣永續高息,listed,9.77,9.85,9.69,9.76,0.0,0.0,3093978,30203709,314,TWSE,other,false,false,false,false,false,false,false,false,false,symbol_not_4_digit
2026-01-09,00962,台新AI優息動能,listed,10.91,11.0,10.8,10.94,0.04,0.367,396161,4325838,155,TWSE,other,false,false,false,false,false,false,false,false,false,symbol_not_4_digit
2026-01-09,00963,中信全球高股息,listed,11.66,11.75,11.64,11.75,0.15,1.2931,1234878,14476582,319,TWSE,etf,false,true,false,false,false,false,false,false,false,security_type=etf;symbol_not_4_digit
2026-01-09,00964,中信亞太高股息,listed,12.0,12.17,11.9,12.02,0.03,0.2502,2372299,28448357,254,TWSE,etf,false,true,false,false,false,false,false,false,false,security_type=etf;symbol_not_4_digit
2026-01-09,00965,元大航太防衛科技,listed,24.84,24.87,24.58,24.81,0.14,0.5675,12551947,311153148,5221,TWSE,etf,false,true,false,false,false,false,false,false,false,security_type=etf;symbol_not_4_digit
2026-01-09,00971,野村美國研發龍頭,listed,16.25,16.25,16.11,16.18,-0.07,-0.4308,626012,10118575,359,TWSE,other,false,false,false,false,false,false,false,false,false,symbol_not_4_digit
2026-01-09,00972,野村日本動能高息,listed,18.61,18.76,18.61,18.72,0.12,0.6452,244244,4573933,69,TWSE,other,false,false,false,false,false,false,false,false,false,symbol_not_4_digit
2026-01-09,009800,中信NASDAQ,listed,11.2,11.24,11.19,11.23,-0.03,-0.2664,1898426,21296196,795,TWSE,etf,false,true,false,false,false,false,false,false,false,security_type=etf;symbol_not_4_digit
2026-01-09,009801,中信美國創新科技,listed,11.19,11.19,11.14,11.18,-0.03,-0.2676,885828,9885067,336,TWSE,etf,false,true,false,false,false,false,false,false,false,security_type=etf;symbol_not_4_digit
2026-01-09,009802,富邦旗艦50,listed,11.59,11.6,11.46,11.52,-0.07,-0.604,3005803,34670190,685,TWSE,etf,false,true,false,false,false,false,false,false,false,security_type=etf;symbol_not_4_digit
2026-01-09,009803,玉山市值動能50,listed,13.56,13.68,13.42,13.63,0.03,0.2206,1894217,25775681,500,TWSE,other,false,false,false,false,false,false,false,false,false,symbol_not_4_digit
2026-01-09,009804,聯邦台精彩50,listed,15.25,15.29,15.08,15.23,-0.04,-0.262,693980,10553250,274,TWSE,other,false,false,false,false,false,false,false,false,false,symbol_not_4_digit
2026-01-09,009805,台新美國電力基建,listed,12.55,12.55,12.47,12.51,-0.11,-0.8716,6898431,86195251,2332,TWSE,other,false,false,false,false,false,false,false,false,false,symbol_not_4_digit
2026-01-09,009808,華南永昌優選50,listed,20.64,20.65,20.38,20.6,-0.05,-0.2421,706833,14518406,88,TWSE,other,false,false,false,false,false,false,false,false,false,symbol_not_4_digit
2026-01-09,009809,富邦淨零ESG50,listed,11.13,11.19,11.01,11.15,0.02,0.1797,495809,5516349,63,TWSE,etf,false,true,false,false,false,false,false,false,false,security_type=etf;symbol_not_4_digit
2026-01-09,00980A,主動野村臺灣優選,listed,15.36,15.44,15.21,15.36,-0.03,-0.1949,8418784,129247684,2466,TWSE,etf,false,true,true,false,false,false,false,false,false,security_type=etf;symbol_not_4_digit
2026-01-09,009810,玉山全球藍籌100,listed,18.84,18.86,18.81,18.86,0.01,0.0531,61495,1159019,50,TWSE,other,false,false,false,false,false,false,false,false,false,symbol_not_4_digit
2026-01-09,009811,統一美國50,listed,11.82,11.83,11.79,11.82,0.01,0.0847,3517942,41565664,1003,TWSE,etf,false,true,false,false,false,false,false,false,false,security_type=etf;symbol_not_4_digit
2026-01-09,009812,野村日本東證,listed,11.0,11.03,10.96,11.02,0.02,0.1818,972610,10703383,258,TWSE,other,false,false,false,false,false,false,false,false,false,symbol_not_4_digit
2026-01-09,009813,貝萊德標普卓越50,listed,10.64,10.66,10.6,10.65,0.01,0.094,12402050,131938344,1394,TWSE,other,false,false,false,false,false,false,false,false,false,symbol_not_4_digit
2026-01-09,00981A,主動統一台股增長,listed,16.74,16.83,16.52,16.69,-0.08,-0.477,96715105,1614555283,26880,TWSE,etf,false,true,true,false,false,false,false,false,false,security_type=etf;symbol_not_4_digit
2026-01-09,00981T,平衡凱基雙核收息,listed,10.89,10.92,10.85,10.89,-0.01,-0.0917,3769081,41090762,311,TWSE,etf,false,true,true,false,false,false,false,false,false,security_type=etf;symbol_not_4_digit
2026-01-09,00982A,主動群益台灣強棒,listed,14.72,14.8,14.49,14.71,-0.07,-0.4736,36568722,536270256,9035,TWSE,etf,false,true,true,false,false,false,false,false,false,security_type=etf;symbol_not_4_digit
2026-01-09,00982D,主動富邦動態入息,listed,10.2,10.21,10.2,10.2,0.0,0.0,822149,8388637,196,TWSE,etf,false,true,true,false,false,false,false,false,false,security_type=etf;symbol_not_4_digit
2026-01-09,00982T,平衡兆豐台美動能,listed,10.55,10.63,10.46,10.57,-0.03,-0.283,8504968,89847762,564,TWSE,etf,false,true,true,false,false,false,false,false,false,security_type=etf;symbol_not_4_digit
2026-01-09,00983A,主動中信ARK創新,listed,12.3,12.33,12.23,12.28,-0.05,-0.4055,2834568,34787204,809,TWSE,etf,false,true,true,false,false,false,false,false,false,security_type=etf;symbol_not_4_digit
2026-01-09,00983D,主動富邦複合收益,listed,10.3,10.35,10.3,10.33,-0.01,-0.0967,637324,6587029,222,TWSE,etf,false,true,true,false,false,false,false,false,false,security_type=etf;symbol_not_4_digit
2026-01-09,00984A,主動安聯台灣高息,listed,11.6,11.6,11.37,11.54,-0.04,-0.3454,6674083,76838549,2371,TWSE,etf,false,true,true,false,false,false,false,false,false,security_type=etf;symbol_not_4_digit
2026-01-09,00985A,主動野村台灣50,listed,14.04,14.15,13.87,14.05,-0.03,-0.2131,8061000,113102057,2548,TWSE,etf,false,true,true,false,false,false,false,false,false,security_type=etf;symbol_not_4_digit
2026-01-09,00985B,群益ESG投等債0-5,listed,10.33,10.36,10.33,10.35,0.01,0.0967,10123075,104757806,417,TWSE,bond_etf,false,true,true,true,false,false,false,false,false,security_type=bond_etf;symbol_not_4_digit
2026-01-09,00986A,主動台新龍頭成長,listed,11.9,11.9,11.71,11.77,-0.18,-1.5063,782248,9199947,343,TWSE,etf,false,true,true,false,false,false,false,false,false,security_type=etf;symbol_not_4_digit
2026-01-09,00987A,主動台新優勢成長,listed,9.91,9.94,9.77,9.87,-0.05,-0.504,10606715,104619147,2612,TWSE,etf,false,true,true,false,false,false,false,false,false,security_type=etf;symbol_not_4_digit
2026-01-09,00988A,主動統一全球創新,listed,10.55,10.55,10.44,10.49,-0.2,-1.8709,13648043,143174990,2993,TWSE,etf,false,true,true,false,false,false,false,false,false,security_type=etf;symbol_not_4_digit
2026-01-09,00989A,主動摩根美國科技,listed,15.5,15.5,15.39,15.44,-0.16,-1.0256,1160781,17916204,416,TWSE,etf,false,true,true,false,false,false,false,false,false,security_type=etf;symbol_not_4_digit
2026-01-09,00990A,主動元大AI新經濟,listed,10.36,10.36,10.26,10.33,-0.16,-1.5253,33341744,343660394,6905,TWSE,etf,false,true,true,false,false,false,false,false,false,security_type=etf;symbol_not_4_digit
2026-01-09,00991A,主動復華未來50,listed,10.5,10.52,10.26,10.42,-0.12,-1.1385,63153841,657875736,12088,TWSE,etf,false,true,true,false,false,false,false,false,false,security_type=etf;symbol_not_4_digit
2026-01-09,00992A,主動群益科技創新,listed,10.46,10.55,10.3,10.48,0.01,0.0955,34431443,359400687,5808,TWSE,etf,false,true,true,false,false,false,false,false,false,security_type=etf;symbol_not_4_digit
2026-01-09,00994A,主動第一金台股優,listed,10.0,10.02,9.89,9.98,-0.02,-0.2,7074046,70419727,1360,TWSE,etf,false,true,true,false,false,false,false,false,false,security_type=etf;symbol_not_4_digit
2026-01-09,01001T,土銀富邦R1,listed,11.66,11.69,11.66,11.66,-0.01,-0.0857,21000,245160,4,TWSE,etf,false,true,true,false,false,false,false,false,false,security_type=etf;symbol_not_4_digit
2026-01-09,01002T,土銀國泰R1,listed,14.3,14.4,14.3,14.4,-0.05,-0.346,37000,531200,7,TWSE,etf,false,true,true,false,false,false,false,false,false,security_type=etf;symbol_not_4_digit
2026-01-09,01004T,土銀富邦R2,listed,10.85,10.85,10.85,10.85,0.0,0.0,1287,13978,2,TWSE,etf,false,true,true,false,false,false,false,false,false,security_type=etf;symbol_not_4_digit
2026-01-09,01007T,兆豐國泰R2,listed,13.5,13.5,13.5,13.5,0.0,0.0,5000,67500,2,TWSE,etf,false,true,true,false,false,false,false,false,false,security_type=etf;symbol_not_4_digit
2026-01-09,01009T,王道圓滿R1,listed,6.9,6.9,6.76,6.84,0.07,1.034,12000,81930,4,TWSE,warrant,false,false,true,false,false,false,false,false,false,security_type=warrant;symbol_not_4_digit
2026-01-09,01010T,京城樂富R1,listed,10.04,10.05,10.03,10.03,0.0,0.0,187300,1881463,14,TWSE,warrant,false,false,true,false,false,false,false,false,false,security_type=warrant;symbol_not_4_digit
2026-01-09,020000,富邦特選蘋果N,listed,,,,,0.0,,0,0,0,TWSE,etf,false,true,false,false,false,false,false,false,false,security_type=etf;symbol_not_4_digit;invalid_close;invalid_volume;invalid_turnover
2026-01-09,020011,統一微波高息20N,listed,,,,,0.0,,0,0,0,TWSE,etf,false,true,false,false,false,false,false,false,false,security_type=etf;symbol_not_4_digit;invalid_close;invalid_volume;invalid_turnover
2026-01-09,020012,富邦行動通訊N,listed,,,,,0.0,,0,0,0,TWSE,etf,false,true,false,false,false,false,false,false,false,security_type=etf;symbol_not_4_digit;invalid_close;invalid_volume;invalid_turnover
2026-01-09,02001L,富邦蘋果正二N,listed,52.55,54.0,51.65,53.7,0.45,0.8451,14000,736300,12,TWSE,etf,false,true,true,false,false,false,false,false,false,security_type=etf;symbol_not_4_digit
2026-01-09,02001R,富邦蘋果反一N,listed,,,,,0.0,,0,0,0,TWSE,etf,false,true,true,false,false,false,false,false,false,security_type=etf;symbol_not_4_digit;invalid_close;invalid_volume;invalid_turnover
2026-01-09,020020,元大台股領航N,listed,16.07,16.16,16.05,16.16,-0.09,-0.5538,18000,289080,5,TWSE,etf,false,true,false,false,false,false,false,false,false,security_type=etf;symbol_not_4_digit
2026-01-09,020028,元大特選電動車N,listed,13.32,13.39,13.32,13.39,0.07,0.5255,13000,173800,12,TWSE,etf,false,true,false,false,false,false,false,false,false,security_type=etf;symbol_not_4_digit
2026-01-09,020029,元大ESG高股息N,listed,9.88,9.88,9.86,9.86,-0.16,-1.5968,23000,227100,12,TWSE,etf,false,true,false,false,false,false,false,false,false,security_type=etf;symbol_not_4_digit
2026-01-09,020030,統一智慧電動車N,listed,8.91,8.91,8.91,8.91,0.08,0.906,10000,89100,1,TWSE,etf,false,true,false,false,false,false,false,false,false,security_type=etf;symbol_not_4_digit
2026-01-09,020031,統一IC設計臺灣N,listed,6.32,6.32,6.32,6.32,0.02,0.3175,40000,252800,1,TWSE,etf,false,true,false,false,false,false,false,false,false,security_type=etf;symbol_not_4_digit
2026-01-09,020032,元大綠能N,listed,,,,,0.0,,0,0,0,TWSE,etf,false,true,false,false,false,false,false,false,false,security_type=etf;symbol_not_4_digit;invalid_close;invalid_volume;invalid_turnover
2026-01-09,020034,元大IC設計N,listed,7.72,7.78,7.71,7.78,0.0,0.0,150000,1165780,12,TWSE,etf,false,true,false,false,false,false,false,false,false,security_type=etf;symbol_not_4_digit
2026-01-09,020036,元大金融配息N,listed,,,,,0.0,,0,0,0,TWSE,etf,false,true,false,false,false,false,false,false,false,security_type=etf;symbol_not_4_digit;invalid_close;invalid_volume;invalid_turnover
2026-01-09,020037,元大金融高股息N,listed,8.4,8.4,8.36,8.36,0.0,0.0,21000,175640,5,TWSE,etf,false,true,false,false,false,false,false,false,false,security_type=etf;symbol_not_4_digit
2026-01-09,020038,元大ESG配息N,listed,7.65,7.67,7.65,7.67,0.04,0.5242,21000,161050,3,TWSE,etf,false,true,false,false,false,false,false,false,false,security_type=etf;symbol_not_4_digit
2026-01-09,020039,元大加權N,listed,9.56,9.62,9.46,9.57,-0.04,-0.4162,30000,285830,13,TWSE,etf,false,true,false,false,false,false,false,false,false,security_type=etf;symbol_not_4_digit
2026-01-09,1101,台泥,listed,23.5,23.65,23.35,23.65,0.2,0.8529,31771801,747523530,7163,TWSE,common_stock,true,false,false,false,false,false,false,false,true,
2026-01-09,1101B,台泥乙特,listed,45.3,45.35,45.3,45.35,0.0,0.0,2032,92100,4,TWSE,warrant,false,false,true,false,false,false,false,false,false,security_type=warrant;symbol_not_4_digit
2026-01-09,1102,亞泥,listed,37.1,37.15,36.75,37.1,0.0,0.0,4590785,169756628,2391,TWSE,common_stock,true,false,false,false,false,false,false,false,true,
2026-01-09,1103,嘉泥,listed,13.8,14.0,13.8,13.95,0.15,1.087,289462,4027654,181,TWSE,common_stock,true,false,false,false,false,false,false,false,true,
2026-01-09,1104,環泥,listed,29.9,30.1,29.8,29.9,0.25,0.8432,357127,10669055,219,TWSE,common_stock,true,false,false,false,false,false,false,false,true,
2026-01-09,1108,幸福,listed,14.9,14.95,14.85,14.9,0.0,0.0,115137,1714843,59,TWSE,common_stock,true,false,false,false,false,false,false,false,true,
2026-01-09,1109,信大,listed,15.45,15.45,15.35,15.4,0.0,0.0,48116,741011,56,TWSE,common_stock,true,false,false,false,false,false,false,false,true,
2026-01-09,1110,東泥,listed,16.3,16.45,16.25,16.45,0.15,0.9202,308767,5043766,89,TWSE,common_stock,true,false,false,false,false,false,false,false,true,
2026-01-09,1201,味全,listed,14.6,14.65,14.4,14.45,-0.15,-1.0274,231006,3337970,265,TWSE,common_stock,true,false,false,false,false,false,false,false,true,
2026-01-09,1203,味王,listed,39.55,39.65,39.55,39.65,-0.05,-0.1259,4440,175930,44,TWSE,common_stock,true,false,false,false,false,false,false,false,true,
2026-01-09,1210,大成,listed,51.3,51.7,51.2,51.2,-0.1,-0.1949,830110,42672739,800,TWSE,common_stock,true,false,false,false,false,false,false,false,true,
2026-01-09,1213,大飲,listed,10.0,10.0,10.0,10.0,0.0,0.0,1500,14955,8,TWSE,common_stock,true,false,false,false,false,false,false,false,true,
2026-01-09,1215,卜蜂,listed,138.0,139.5,137.0,138.5,2.0,1.4652,1258458,174118719,1397,TWSE,common_stock,true,false,false,false,false,false,false,false,true,
2026-01-09,1216,統一,listed,75.8,76.4,75.1,75.3,-0.3,-0.3968,21452176,1617527716,5929,TWSE,etf,false,true,false,false,false,false,false,false,false,security_type=etf
2026-01-09,1217,愛之味,listed,10.5,10.5,10.4,10.45,0.0,0.0,419529,4385680,283,TWSE,common_stock,true,false,false,false,false,false,false,false,true,
2026-01-09,1218,泰山,listed,18.1,18.3,18.1,18.25,0.15,0.8287,543034,9883805,313,TWSE,common_stock,true,false,false,false,false,false,false,false,true,
2026-01-09,1219,福壽,listed,13.5,13.5,13.35,13.5,0.15,1.1236,145421,1953534,153,TWSE,common_stock,true,false,false,false,false,false,false,false,true,
2026-01-09,1220,台榮,listed,12.55,12.55,12.4,12.55,0.0,0.0,80605,1006489,88,TWSE,common_stock,true,false,false,false,false,false,false,false,true,
2026-01-09,1225,福懋油,listed,28.3,28.3,27.85,27.9,-0.4,-1.4134,113267,3169761,211,TWSE,common_stock,true,false,false,false,false,false,false,false,true,
2026-01-09,1227,佳格,listed,29.65,29.8,29.5,29.7,0.05,0.1686,575032,17039379,518,TWSE,common_stock,true,false,false,false,false,false,false,false,true,
2026-01-09,1229,聯華,listed,46.3,46.8,46.05,46.8,0.55,1.1892,1410732,65519847,1380,TWSE,common_stock,true,false,false,false,false,false,false,false,true,
2026-01-09,1231,聯華食,listed,94.8,95.5,94.2,95.5,0.9,0.9514,199298,18957067,382,TWSE,common_stock,true,false,false,false,false,false,false,false,true,
2026-01-09,1232,大統益,listed,144.5,145.0,144.5,144.5,0.0,0.0,47964,6944193,120,TWSE,common_stock,true,false,false,false,false,false,false,false,true,
2026-01-09,1233,天仁,listed,31.95,32.15,31.95,32.15,0.2,0.626,31368,1007360,22,TWSE,common_stock,true,false,false,false,false,false,false,false,true,
2026-01-09,1234,黑松,listed,37.65,37.65,37.15,37.45,0.0,0.0,176001,6569707,201,TWSE,common_stock,true,false,false,false,false,false,false,false,true,
2026-01-09,1235,興泰,listed,45.5,45.5,45.0,45.0,-0.7,-1.5317,13979,632018,256,TWSE,common_stock,true,false,false,false,false,false,false,false,true,
2026-01-09,1236,宏亞,listed,25.4,25.6,24.95,25.45,0.15,0.5929,70201,1777277,90,TWSE,common_stock,true,false,false,false,false,false,false,false,true,
2026-01-09,1256,鮮活果汁-KY,listed,153.5,159.0,151.0,158.5,6.5,4.2763,122256,19065547,379,TWSE,common_stock,true,false,false,false,false,false,false,false,true,
2026-01-09,1301,台塑,listed,42.55,43.7,40.5,41.0,-0.7,-1.6787,48332377,2029803817,25283,TWSE,common_stock,true,false,false,false,false,false,false,false,true,
2026-01-09,1303,南亞,listed,68.5,70.0,61.5,61.9,-5.1,-7.6119,182653667,11804253718,126019,TWSE,common_stock,true,false,false,false,false,false,false,false,true,
2026-01-09,1304,台聚,listed,11.5,11.65,11.05,11.1,-0.15,-1.3333,5260248,59197729,1701,TWSE,common_stock,true,false,false,false,false,false,false,false,true,
2026-01-09,1305,華夏,listed,11.4,11.55,11.05,11.15,-0.2,-1.7621,1703089,19072467,885,TWSE,common_stock,true,false,false,false,false,false,false,false,true,
2026-01-09,1307,三芳,listed,31.9,32.1,31.55,31.95,0.15,0.4717,568010,18110069,419,TWSE,common_stock,true,false,false,false,false,false,false,false,true,
2026-01-09,1308,亞聚,listed,13.55,13.7,12.9,12.95,-0.4,-2.9963,2108176,27674256,1292,TWSE,common_stock,true,false,false,false,false,false,false,false,true,
2026-01-09,1309,台達化,listed,11.55,11.7,11.25,11.45,0.1,0.8811,1003926,11470255,530,TWSE,common_stock,true,false,false,false,false,false,false,false,true,
2026-01-09,1310,台苯,listed,8.95,8.97,8.63,8.64,-0.19,-2.1518,2337918,20396879,1052,TWSE,common_stock,true,false,false,false,false,false,false,false,true,
2026-01-09,1312,國喬,listed,12.3,12.65,12.0,12.4,0.45,3.7657,18805780,232355641,5238,TWSE,common_stock,true,false,false,false,false,false,false,false,true,
2026-01-09,1312A,國喬特,listed,23.0,23.0,23.0,23.0,0.0,0.0,1000,23000,1,TWSE,warrant,false,false,true,false,false,false,false,false,false,security_type=warrant;symbol_not_4_digit
2026-01-09,1313,聯成,listed,10.3,10.45,10.0,10.05,-0.15,-1.4706,2748336,27837570,955,TWSE,common_stock,true,false,false,false,false,false,false,false,true,
2026-01-09,1314,中石化,listed,8.07,8.16,7.86,7.89,-0.13,-1.6209,21240904,168799802,5545,TWSE,common_stock,true,false,false,false,false,false,false,false,true,
2026-01-09,1315,達新,listed,64.1,64.1,63.8,63.9,-0.2,-0.312,70137,4481567,17,TWSE,common_stock,true,false,false,false,false,false,false,false,true,
2026-01-09,1316,上曜,listed,14.95,15.15,14.2,14.6,-0.25,-1.6835,5204028,75557636,2135,TWSE,common_stock,true,false,false,false,false,false,false,false,true,
2026-01-09,1319,東陽,listed,95.4,95.4,94.1,94.7,-0.5,-0.5252,1221315,115434731,3342,TWSE,common_stock,true,false,false,false,false,false,false,false,true,
2026-01-09,1321,大洋,listed,35.05,35.05,34.7,35.0,0.0,0.0,103080,3591550,53,TWSE,common_stock,true,false,false,false,false,false,false,false,true,
2026-01-09,1323,永裕,listed,19.5,19.5,19.35,19.45,-0.05,-0.2564,20385,395720,24,TWSE,common_stock,true,false,false,false,false,false,false,false,true,
2026-01-09,1324,地球,listed,11.1,11.4,11.1,11.35,0.0,0.0,79736,894519,116,TWSE,common_stock,true,false,false,false,false,false,false,false,true,
2026-01-09,1325,恆大,listed,30.4,31.1,30.4,30.65,0.6,1.9967,623925,19172784,381,TWSE,common_stock,true,false,false,false,false,false,false,false,true,
2026-01-09,1326,台化,listed,32.8,33.45,31.6,31.9,-0.7,-2.1472,19046213,613958525,10085,TWSE,common_stock,true,false,false,false,false,false,false,false,true,
2026-01-09,1337,再生-KY,listed,4.83,4.9,4.81,4.85,-0.01,-0.2058,214403,1037958,182,TWSE,common_stock,true,false,false,false,false,false,false,false,true,
2026-01-09,1338,廣華-KY,listed,20.1,20.3,19.95,20.3,0.3,1.5,85046,1713535,93,TWSE,common_stock,true,false,false,false,false,false,false,false,true,
2026-01-09,1339,昭輝,listed,42.3,42.3,41.75,42.05,0.05,0.119,21649,909095,37,TWSE,common_stock,true,false,false,false,false,false,false,false,true,
2026-01-09,1340,勝悅-KY,listed,6.88,6.88,6.66,6.71,-0.16,-2.329,233588,1570310,249,TWSE,common_stock,true,false,false,false,false,false,false,false,true,
2026-01-09,1341,富林-KY,listed,58.7,58.7,58.4,58.4,0.5,0.8636,4052,237083,7,TWSE,common_stock,true,false,false,false,false,false,false,false,true,
2026-01-09,1342,八貫,listed,93.0,93.8,92.0,92.3,-0.5,-0.5388,138266,12776686,306,TWSE,common_stock,true,false,false,false,false,false,false,false,true,
2026-01-09,1402,遠東新,listed,28.3,28.5,28.1,28.35,0.1,0.354,6293078,177770760,2764,TWSE,common_stock,true,false,false,false,false,false,false,false,true,
2026-01-09,1409,新纖,listed,14.95,15.15,14.75,14.85,0.0,0.0,3992962,59547409,1268,TWSE,common_stock,true,false,false,false,false,false,false,false,true,
2026-01-09,1410,南染,listed,34.05,34.5,34.05,34.15,0.05,0.1466,6033,206176,7,TWSE,common_stock,true,false,false,false,false,false,false,false,true,
2026-01-09,1413,宏洲,listed,9.98,10.0,9.77,9.98,0.01,0.1003,10673,106208,15,TWSE,common_stock,true,false,false,false,false,false,false,false,true,
2026-01-09,1416,廣豐,listed,11.8,11.8,11.65,11.8,0.1,0.8547,215881,2530302,130,TWSE,common_stock,true,false,false,false,false,false,false,false,true,
2026-01-09,1417,嘉裕,listed,8.83,8.87,8.74,8.8,0.03,0.3421,133478,1172886,128,TWSE,common_stock,true,false,false,false,false,false,false,false,true,
2026-01-09,1418,東華,listed,19.9,19.9,19.6,19.8,-0.1,-0.5025,8023,158808,20,TWSE,common_stock,true,false,false,false,false,false,false,false,true,
2026-01-09,1419,新紡,listed,72.4,73.6,71.3,72.8,0.2,0.2755,355993,25912262,351,TWSE,common_stock,true,false,false,false,false,false,false,false,true,
2026-01-09,1423,利華,listed,38.3,38.6,38.0,38.0,-0.2,-0.5236,47107,1797737,98,TWSE,common_stock,true,false,false,false,false,false,false,false,true,
2026-01-09,1432,大魯閣,listed,17.8,18.1,17.8,17.95,0.15,0.8427,160567,2872627,240,TWSE,common_stock,true,false,false,false,false,false,false,false,true,
2026-01-09,1434,福懋,listed,16.15,16.35,15.85,15.9,-0.2,-1.2422,4500053,72147354,1745,TWSE,common_stock,true,false,false,false,false,false,false,false,true,
2026-01-09,1435,中福,listed,21.35,21.35,21.35,21.35,0.0,0.0,1115,23926,14,TWSE,common_stock,true,false,false,false,false,false,false,false,true,
2026-01-09,1436,華友聯,listed,62.4,63.0,61.4,61.7,-0.5,-0.8039,241865,14928683,343,TWSE,common_stock,true,false,false,false,false,false,false,false,true,
2026-01-09,1437,勤益控,listed,33.1,33.1,32.8,32.9,-0.25,-0.7541,85257,2803735,307,TWSE,common_stock,true,false,false,false,false,false,false,false,true,
2026-01-09,1438,三地開發,listed,33.05,33.05,32.75,32.95,-0.25,-0.753,23006,756996,21,TWSE,common_stock,true,false,false,false,false,false,false,false,true,
2026-01-09,1439,雋揚,listed,30.2,30.5,29.85,29.95,0.65,2.2184,106239,3204986,75,TWSE,common_stock,true,false,false,false,false,false,false,false,true,
2026-01-09,1440,南紡,listed,13.25,13.4,13.15,13.35,0.15,1.1364,1074368,14274859,556,TWSE,common_stock,true,false,false,false,false,false,false,false,true,
2026-01-09,1441,大東,listed,10.4,10.4,10.3,10.35,-0.05,-0.4808,20438,211853,98,TWSE,common_stock,true,false,false,false,false,false,false,false,true,
2026-01-09,1442,名軒,listed,30.1,30.45,29.55,30.0,0.15,0.5025,1272527,37980616,574,TWSE,common_stock,true,false,false,false,false,false,false,false,true,
2026-01-09,1443,立益物流,listed,26.9,26.95,26.5,26.95,0.1,0.3724,7420,198551,13,TWSE,common_stock,true,false,false,false,false,false,false,false,true,
2026-01-09,1444,力麗,listed,6.29,6.31,6.09,6.21,-0.01,-0.1608,1294992,7984275,630,TWSE,common_stock,true,false,false,false,false,false,false,false,true,
2026-01-09,1445,大宇,listed,12.4,12.5,12.25,12.45,-0.05,-0.4,32507,402871,24,TWSE,common_stock,true,false,false,false,false,false,false,false,true,
2026-01-09,1446,宏和,listed,18.25,18.25,18.05,18.15,0.1,0.554,65513,1186913,61,TWSE,common_stock,true,false,false,false,false,false,false,false,true,
2026-01-09,1447,力鵬,listed,5.34,5.34,5.23,5.27,0.04,0.7648,586277,3092367,280,TWSE,common_stock,true,false,false,false,false,false,false,false,true,
2026-01-09,1449,佳和,listed,11.3,11.5,10.95,11.3,0.1,0.8929,864097,9708497,505,TWSE,common_stock,true,false,false,false,false,false,false,false,true,
2026-01-09,1451,年興,listed,17.3,17.4,17.2,17.2,-0.15,-0.8646,160133,2764430,108,TWSE,common_stock,true,false,false,false,false,false,false,false,true,
2026-01-09,1452,宏益,listed,11.75,11.75,11.7,11.75,0.0,0.0,121117,1422616,38,TWSE,common_stock,true,false,false,false,false,false,false,false,true,
2026-01-09,1453,大將,listed,12.25,12.4,12.15,12.15,-0.05,-0.4098,54884,674594,94,TWSE,common_stock,true,false,false,false,false,false,false,false,true,
2026-01-09,1454,台富,listed,12.6,13.25,12.5,12.9,0.4,3.2,272018,3530884,148,TWSE,common_stock,true,false,false,false,false,false,false,false,true,
2026-01-09,1455,集盛,listed,7.83,7.84,7.74,7.74,-0.03,-0.3861,270698,2104436,206,TWSE,common_stock,true,false,false,false,false,false,false,false,true,
2026-01-09,1456,怡華,listed,13.15,13.5,13.1,13.5,0.35,2.6616,103557,1386943,66,TWSE,common_stock,true,false,false,false,false,false,false,false,true,
2026-01-09,1457,宜進,listed,15.5,15.6,15.45,15.6,0.1,0.6452,84621,1313894,60,TWSE,common_stock,true,false,false,false,false,false,false,false,true,
2026-01-09,1459,聯發,listed,11.8,11.85,11.75,11.8,-0.05,-0.4219,110709,1303593,107,TWSE,common_stock,true,false,false,false,false,false,false,false,true,
2026-01-09,1460,宏遠,listed,6.4,6.4,6.35,6.4,0.01,0.1565,569806,3637406,187,TWSE,common_stock,true,false,false,false,false,false,false,false,true,
2026-01-09,1463,強盛新,listed,17.75,17.75,17.55,17.55,-0.1,-0.5666,63950,1125751,161,TWSE,common_stock,true,false,false,false,false,false,false,false,true,
2026-01-09,1464,得力,listed,11.15,11.2,11.05,11.15,0.0,0.0,261140,2904940,207,TWSE,common_stock,true,false,false,false,false,false,false,false,true,
2026-01-09,1465,偉全,listed,12.6,12.7,12.4,12.55,-0.05,-0.3968,177496,2224707,222,TWSE,common_stock,true,false,false,false,false,false,false,false,true,
2026-01-09,1466,聚隆,listed,13.85,14.1,13.75,14.0,0.05,0.3584,65061,902704,40,TWSE,common_stock,true,false,false,false,false,false,false,false,true,
2026-01-09,1467,南緯,listed,8.15,8.27,8.05,8.2,0.2,2.5,1297594,10609078,534,TWSE,common_stock,true,false,false,false,false,false,false,false,true,
2026-01-09,1468,昶和,listed,11.9,11.9,11.7,11.7,-0.2,-1.6807,39000,460650,31,TWSE,common_stock,true,false,false,false,false,false,false,false,true,
2026-01-09,1470,大統新創,listed,,,,,0.0,,0,0,0,TWSE,other,false,false,false,false,false,false,false,false,false,invalid_close;invalid_volume;invalid_turnover
2026-01-09,1471,首利,listed,10.1,10.1,9.71,9.78,-0.27,-2.6866,933386,9185832,449,TWSE,common_stock,true,false,false,false,false,false,false,false,true,
2026-01-09,1472,三洋實業,listed,90.0,90.8,88.6,90.1,0.9,1.009,139278,12540106,77,TWSE,common_stock,true,false,false,false,false,false,false,false,true,
2026-01-09,1473,台南,listed,24.1,24.3,23.85,24.15,0.0,0.0,135415,3244538,106,TWSE,common_stock,true,false,false,false,false,false,false,false,true,
2026-01-09,1474,弘裕,listed,10.45,10.5,10.35,10.35,0.0,0.0,56868,589955,94,TWSE,common_stock,true,false,false,false,false,false,false,false,true,
2026-01-09,1475,業旺,listed,31.7,31.75,31.0,31.7,0.65,2.0934,30141,950445,29,TWSE,common_stock,true,false,false,false,false,false,false,false,true,
2026-01-09,1476,儒鴻,listed,408.5,419.0,401.0,405.5,1.5,0.3713,1996049,811210589,2187,TWSE,common_stock,true,false,false,false,false,false,false,false,true,
2026-01-09,1477,聚陽,listed,314.0,324.5,313.0,317.5,8.0,2.5848,2920678,933596635,3942,TWSE,common_stock,true,false,false,false,false,false,false,false,true,
2026-01-09,1503,士電,listed,173.5,174.5,170.5,174.0,2.0,1.1628,1869079,323943231,2292,TWSE,common_stock,true,false,false,false,false,false,false,false,true,
2026-01-09,1504,東元,listed,82.9,84.0,82.0,83.4,1.8,2.2059,17693945,1475104376,11585,TWSE,common_stock,true,false,false,false,false,false,false,false,true,
2026-01-09,1506,正道,listed,11.7,12.0,11.55,12.0,0.3,2.5641,239706,2832371,142,TWSE,common_stock,true,false,false,false,false,false,false,false,true,
2026-01-09,1512,瑞利,listed,7.23,7.38,7.23,7.36,-0.03,-0.406,38630,280541,37,TWSE,common_stock,true,false,false,false,false,false,false,false,true,
2026-01-09,1513,中興電,listed,146.5,148.0,145.0,146.5,1.5,1.0345,2656088,388973787,2674,TWSE,common_stock,true,false,false,false,false,false,false,false,true,
2026-01-09,1514,亞力,listed,96.8,98.8,96.1,97.8,1.2,1.2422,2081272,203562833,2066,TWSE,common_stock,true,false,false,false,false,false,false,false,true,
2026-01-09,1515,力山,listed,27.25,27.25,26.65,27.0,0.0,0.0,195578,5253728,145,TWSE,common_stock,true,false,false,false,false,false,false,false,true,
2026-01-09,1516,川飛,listed,22.4,22.55,21.2,21.25,-1.15,-5.1339,22192,484190,51,TWSE,common_stock,true,false,false,false,false,false,false,false,true,
2026-01-09,1517,利奇,listed,11.0,11.0,10.65,10.85,-0.15,-1.3636,213499,2299562,210,TWSE,common_stock,true,false,false,false,false,false,false,false,true,
2026-01-09,1519,華城,listed,737.0,791.0,731.0,786.0,51.0,6.9388,7990320,6160766997,15803,TWSE,common_stock,true,false,false,false,false,false,false,false,true,
2026-01-09,1521,大億,listed,23.3,24.2,23.3,23.8,0.5,2.1459,64218,1535774,67,TWSE,common_stock,true,false,false,false,false,false,false,false,true,
2026-01-09,1522,堤維西,listed,44.65,45.55,44.4,45.45,1.05,2.3649,618584,27885172,540,TWSE,common_stock,true,false,false,false,false,false,false,false,true,
2026-01-09,1522A,堤維西甲特,listed,,,,,0.0,,0,0,0,TWSE,warrant,false,false,true,false,false,false,false,false,false,security_type=warrant;symbol_not_4_digit;invalid_close;invalid_volume;invalid_turnover
2026-01-09,1524,耿鼎,listed,30.55,30.55,29.5,30.05,-0.25,-0.8251,2084672,62495027,1561,TWSE,common_stock,true,false,false,false,false,false,false,false,true,
2026-01-09,1525,江申,listed,63.4,63.7,62.8,63.7,0.2,0.315,26211,1661498,27,TWSE,common_stock,true,false,false,false,false,false,false,false,true,
2026-01-09,1526,日馳,listed,16.8,17.1,16.65,16.9,0.1,0.5952,54659,922182,74,TWSE,common_stock,true,false,false,false,false,false,false,false,true,
2026-01-09,1527,鑽全,listed,32.6,33.2,32.3,32.95,0.3,0.9188,164535,5370425,159,TWSE,common_stock,true,false,false,false,false,false,false,false,true,
2026-01-09,1528,恩德,listed,21.15,22.15,20.9,21.95,0.95,4.5238,2968560,64267868,1889,TWSE,common_stock,true,false,false,false,false,false,false,false,true,
2026-01-09,1529,樂事綠能,listed,19.0,20.45,18.75,19.4,0.5,2.6455,2992755,59465348,2153,TWSE,common_stock,true,false,false,false,false,false,false,false,true,
2026-01-09,1530,亞崴,listed,27.2,27.5,27.2,27.5,0.35,1.2891,6426,176125,36,TWSE,common_stock,true,false,false,false,false,false,false,false,true,
2026-01-09,1531,高林股,listed,12.05,12.05,11.95,11.95,-0.1,-0.8299,15835,189802,63,TWSE,common_stock,true,false,false,false,false,false,false,false,true,
2026-01-09,1532,勤美,listed,25.75,25.8,25.55,25.6,-0.15,-0.5825,379901,9737026,289,TWSE,common_stock,true,false,false,false,false,false,false,false,true,
2026-01-09,1533,車王電,listed,31.7,32.05,31.35,31.7,-0.3,-0.9375,162546,5146462,181,TWSE,common_stock,true,false,false,false,false,false,false,false,true,
2026-01-09,1535,中宇,listed,52.5,53.3,52.5,53.1,-0.1,-0.188,34589,1837652,39,TWSE,common_stock,true,false,false,false,false,false,false,false,true,
2026-01-09,1536,和大,listed,54.6,54.6,53.6,54.0,-0.8,-1.4599,2807770,151819753,2244,TWSE,common_stock,true,false,false,false,false,false,false,false,true,
2026-01-09,1537,廣隆,listed,123.0,124.0,122.5,123.0,0.0,0.0,65367,8040413,86,TWSE,common_stock,true,false,false,false,false,false,false,false,true,
2026-01-09,1538,正峰,listed,25.5,27.5,25.5,26.3,0.45,1.7408,7199,192033,8,TWSE,common_stock,true,false,false,false,false,false,false,false,true,
2026-01-09,1539,巨庭,listed,16.85,17.05,16.8,17.05,0.05,0.2941,92371,1567964,48,TWSE,common_stock,true,false,false,false,false,false,false,false,true,
2026-01-09,1540,喬福,listed,22.75,22.9,22.6,22.8,0.1,0.4405,210419,4793560,131,TWSE,common_stock,true,false,false,false,false,false,false,false,true,
2026-01-09,1541,錩泰,listed,23.2,23.2,22.9,23.0,-0.1,-0.4329,33280,763853,15,TWSE,common_stock,true,false,false,false,false,false,false,false,true,
2026-01-09,1558,伸興,listed,104.0,104.0,103.5,103.5,0.0,0.0,15605,1618032,33,TWSE,common_stock,true,false,false,false,false,false,false,false,true,
2026-01-09,1560,中砂,listed,411.0,414.5,405.0,409.5,-3.0,-0.7273,1816278,743730434,3554,TWSE,common_stock,true,false,false,false,false,false,false,false,true,
2026-01-09,1563,巧新,listed,47.4,47.85,46.65,47.7,-0.7,-1.4463,1272008,60282510,746,TWSE,common_stock,true,false,false,false,false,false,false,false,true,
2026-01-09,1568,倉佑,listed,23.5,24.6,23.5,23.6,1.2,5.3571,1198535,28822686,870,TWSE,common_stock,true,false,false,false,false,false,false,false,true,
2026-01-09,1582,信錦,listed,63.8,63.8,62.3,63.3,-0.8,-1.248,773617,48809633,908,TWSE,common_stock,true,false,false,false,false,false,false,false,true,
2026-01-09,1583,程泰,listed,44.4,44.4,44.4,44.4,0.4,0.9091,1081,47971,5,TWSE,common_stock,true,false,false,false,false,false,false,false,true,
2026-01-09,1587,吉茂,listed,51.2,53.2,51.0,53.2,2.7,5.3465,3258513,170634289,2634,TWSE,common_stock,true,false,false,false,false,false,false,false,true,
2026-01-09,1589,永冠-KY,listed,16.75,16.85,16.2,16.35,-0.3,-1.8018,923823,15088471,878,TWSE,common_stock,true,false,false,false,false,false,false,false,true,
2026-01-09,1590,亞德客-KY,listed,982.0,1010.0,982.0,1000.0,18.0,1.833,838769,836933795,1303,TWSE,common_stock,true,false,false,false,false,false,false,false,true,
2026-01-09,1597,直得,listed,72.8,73.6,72.0,72.8,0.3,0.4138,149692,10896845,160,TWSE,common_stock,true,false,false,false,false,false,false,false,true,
2026-01-09,1598,岱宇,listed,20.15,20.15,19.5,19.6,-0.4,-2.0,427159,8400842,388,TWSE,common_stock,true,false,false,false,false,false,false,false,true,
2026-01-09,1603,華電,listed,38.7,39.0,37.9,38.35,0.95,2.5401,980763,37753725,1143,TWSE,common_stock,true,false,false,false,false,false,false,false,true,
2026-01-09,1604,聲寶,listed,23.95,24.0,23.9,24.0,0.1,0.4184,130475,3125405,165,TWSE,common_stock,true,false,false,false,false,false,false,false,true,
2026-01-09,1605,華新,listed,38.45,38.5,34.95,37.6,-0.7,-1.8277,153666727,5673303694,64569,TWSE,common_stock,true,false,false,false,false,false,false,false,true,
2026-01-09,1608,華榮,listed,37.0,37.7,36.5,37.3,-0.55,-1.4531,6858974,254126463,4100,TWSE,common_stock,true,false,false,false,false,false,false,false,true,
2026-01-09,1609,大亞,listed,38.3,38.3,37.55,38.1,-0.2,-0.5222,3066486,116374589,2407,TWSE,common_stock,true,false,false,false,false,false,false,false,true,
2026-01-09,1611,中電,listed,12.95,13.1,12.75,13.05,0.1,0.7722,746447,9665396,409,TWSE,common_stock,true,false,false,false,false,false,false,false,true,
2026-01-09,1612,宏泰,listed,34.3,34.3,33.8,34.1,-0.15,-0.438,556651,18967428,439,TWSE,common_stock,true,false,false,false,false,false,false,false,true,
2026-01-09,1614,三洋電,listed,34.3,34.3,33.9,34.15,0.15,0.4412,41172,1399088,43,TWSE,common_stock,true,false,false,false,false,false,false,false,true,
2026-01-09,1615,大山,listed,48.85,48.85,48.1,48.3,-0.55,-1.1259,135715,6566308,152,TWSE,common_stock,true,false,false,false,false,false,false,false,true,
2026-01-09,1616,億泰,listed,27.0,27.4,26.75,27.35,0.35,1.2963,778090,21138405,533,TWSE,common_stock,true,false,false,false,false,false,false,false,true,
2026-01-09,1617,榮星,listed,14.4,14.5,14.3,14.45,0.05,0.3472,89779,1292979,112,TWSE,common_stock,true,false,false,false,false,false,false,false,true,
2026-01-09,1618,合機,listed,41.0,42.0,40.4,41.0,0.05,0.1221,747426,30560304,540,TWSE,common_stock,true,false,false,false,false,false,false,false,true,
2026-01-09,1626,艾美特-KY,listed,11.15,11.15,10.95,11.0,-0.15,-1.3453,34220,377958,134,TWSE,common_stock,true,false,false,false,false,false,false,false,true,
2026-01-09,1702,南僑,listed,38.8,39.0,38.75,38.85,0.1,0.2581,290505,11285743,149,TWSE,common_stock,true,false,false,false,false,false,false,false,true,
2026-01-09,1707,葡萄王,listed,125.0,125.0,124.0,124.0,-0.5,-0.4016,134456,16714770,277,TWSE,common_stock,true,false,false,false,false,false,false,false,true,
2026-01-09,1708,東鹼,listed,33.2,33.35,32.6,32.7,-0.4,-1.2085,841650,27691653,787,TWSE,common_stock,true,false,false,false,false,false,false,false,true,
2026-01-09,1709,和益,listed,17.1,17.1,16.8,16.9,0.0,0.0,229153,3882119,171,TWSE,common_stock,true,false,false,false,false,false,false,false,true,
2026-01-09,1710,東聯,listed,12.8,12.9,12.45,12.55,-0.15,-1.1811,1594008,20038211,746,TWSE,common_stock,true,false,false,false,false,false,false,false,true,
2026-01-09,1711,永光,listed,20.5,21.4,19.85,21.05,0.5,2.4331,10560094,218746768,4827,TWSE,common_stock,true,false,false,false,false,false,false,false,true,
2026-01-09,1712,興農,listed,45.0,45.0,44.7,45.0,0.15,0.3344,459419,20631844,380,TWSE,common_stock,true,false,false,false,false,false,false,false,true,
2026-01-09,1713,國化,listed,47.55,48.5,46.3,47.3,-0.9,-1.8672,677468,31881177,996,TWSE,common_stock,true,false,false,false,false,false,false,false,true,
2026-01-09,1714,和桐,listed,9.28,9.57,8.9,8.95,-0.02,-0.223,39571713,366096453,10865,TWSE,common_stock,true,false,false,false,false,false,false,false,true,
2026-01-09,1717,長興,listed,51.5,51.7,48.2,51.4,-0.4,-0.7722,54020548,2695829339,29130,TWSE,common_stock,true,false,false,false,false,false,false,false,true,
2026-01-09,1718,中纖,listed,7.14,7.17,6.91,6.92,-0.13,-1.844,4109445,28798789,1584,TWSE,common_stock,true,false,false,false,false,false,false,false,true,
2026-01-09,1720,生達,listed,60.3,60.4,59.6,60.1,0.0,0.0,126315,7562598,163,TWSE,common_stock,true,false,false,false,false,false,false,false,true,
2026-01-09,1721,三晃,listed,15.85,15.85,14.85,15.35,0.2,1.3201,2376251,36576699,1447,TWSE,common_stock,true,false,false,false,false,false,false,false,true,
2026-01-09,1722,台肥,listed,46.5,46.75,46.1,46.4,-0.1,-0.2151,2968491,137287230,1838,TWSE,common_stock,true,false,false,false,false,false,false,false,true,
2026-01-09,1723,中碳,listed,69.4,70.3,69.4,69.4,0.1,0.1443,520602,36375938,1734,TWSE,common_stock,true,false,false,false,false,false,false,false,true,
2026-01-09,1725,元禎,listed,29.1,29.1,27.6,28.15,-0.95,-3.2646,104277,2942225,100,TWSE,common_stock,true,false,false,false,false,false,false,false,true,
2026-01-09,1726,永記,listed,75.8,76.0,75.7,75.8,0.0,0.0,31067,2354938,27,TWSE,common_stock,true,false,false,false,false,false,false,false,true,
2026-01-09,1727,中華化,listed,46.35,46.65,43.4,45.6,-1.2,-2.5641,8658737,390034386,6291,TWSE,common_stock,true,false,false,false,false,false,false,false,true,
2026-01-09,1730,花仙子,listed,52.8,53.1,52.5,52.5,-0.1,-0.1901,27123,1429564,49,TWSE,common_stock,true,false,false,false,false,false,false,false,true,
2026-01-09,1731,美吾華,listed,21.95,21.95,21.8,21.9,0.05,0.2288,103120,2257483,52,TWSE,common_stock,true,false,false,false,false,false,false,false,true,
2026-01-09,1732,毛寶,listed,27.95,28.2,27.65,27.85,0.2,0.7233,174194,4868682,139,TWSE,common_stock,true,false,false,false,false,false,false,false,true,
2026-01-09,1733,五鼎,listed,30.3,30.3,29.8,29.9,-0.4,-1.3201,171329,5135396,210,TWSE,common_stock,true,false,false,false,false,false,false,false,true,
2026-01-09,1734,杏輝,listed,30.4,30.7,30.4,30.55,0.2,0.659,195727,5980420,230,TWSE,common_stock,true,false,false,false,false,false,false,false,true,
2026-01-09,1735,日勝化,listed,17.2,17.2,16.55,16.75,0.05,0.2994,137415,2309467,155,TWSE,common_stock,true,false,false,false,false,false,false,false,true,
2026-01-09,1736,喬山,listed,150.0,153.0,146.5,151.0,2.0,1.3423,1154777,172920700,951,TWSE,common_stock,true,false,false,false,false,false,false,false,true,
2026-01-09,1737,臺鹽,listed,31.7,31.7,31.45,31.55,0.0,0.0,26220,827064,82,TWSE,common_stock,true,false,false,false,false,false,false,false,true,
2026-01-09,1752,南光,listed,37.4,37.4,37.05,37.1,-0.35,-0.9346,42241,1570816,39,TWSE,common_stock,true,false,false,false,false,false,false,false,true,
2026-01-09,1760,寶齡富錦,listed,63.8,64.1,62.8,64.1,0.2,0.313,74288,4730159,138,TWSE,common_stock,true,false,false,false,false,false,false,false,true,
2026-01-09,1762,中化生,listed,25.1,25.1,24.8,24.95,0.0,0.0,63489,1586340,171,TWSE,common_stock,true,false,false,false,false,false,false,false,true,
2026-01-09,1773,勝一,listed,163.0,168.0,154.0,166.5,2.5,1.5244,3019528,489067378,3769,TWSE,common_stock,true,false,false,false,false,false,false,false,true,
2026-01-09,1776,展宇,listed,15.6,15.6,15.4,15.45,-0.05,-0.3226,21001,324014,12,TWSE,common_stock,true,false,false,false,false,false,false,false,true,
2026-01-09,1783,和康生,listed,44.5,45.2,44.5,44.85,0.35,0.7865,145901,6531954,121,TWSE,common_stock,true,false,false,false,false,false,false,false,true,
2026-01-09,1786,科妍,listed,76.3,76.6,74.7,75.6,0.1,0.1325,232068,17573008,624,TWSE,common_stock,true,false,false,false,false,false,false,false,true,
2026-01-09,1789,神隆,listed,24.0,24.55,22.7,23.4,0.7,3.0837,18357704,434742429,7885,TWSE,common_stock,true,false,false,false,false,false,false,false,true,
2026-01-09,1795,美時,listed,289.0,293.0,284.0,292.5,5.5,1.9164,2994066,864884329,9394,TWSE,common_stock,true,false,false,false,false,false,false,false,true,
2026-01-09,1802,台玻,listed,35.05,35.95,34.05,35.0,-0.2,-0.5682,50470838,1755087679,25432,TWSE,common_stock,true,false,false,false,false,false,false,false,true,
2026-01-09,1805,寶徠,listed,12.2,12.25,12.0,12.0,-0.2,-1.6393,68038,819151,49,TWSE,common_stock,true,false,false,false,false,false,false,false,true,
2026-01-09,1806,冠軍,listed,8.98,8.98,8.82,8.89,-0.01,-0.1124,383238,3403720,222,TWSE,common_stock,true,false,false,false,false,false,false,false,true,
2026-01-09,1808,潤隆,listed,35.4,36.05,34.95,35.95,1.05,3.0086,2340525,83275513,2101,TWSE,common_stock,true,false,false,false,false,false,false,false,true,
2026-01-09,1809,中釉,listed,18.5,19.45,18.5,18.75,0.25,1.3514,1316761,24882261,909,TWSE,common_stock,true,false,false,false,false,false,false,false,true,
2026-01-09,1810,和成,listed,18.5,20.35,18.5,20.35,1.85,10.0,8308828,166656994,3231,TWSE,common_stock,true,false,false,false,false,false,false,false,true,
2026-01-09,1817,凱撒衛,listed,38.2,38.3,38.2,38.3,0.0,0.0,17702,677451,33,TWSE,common_stock,true,false,false,false,false,false,false,false,true,
2026-01-09,1903,士紙,listed,56.5,56.8,55.3,55.4,-0.6,-1.0714,203368,11333127,216,TWSE,common_stock,true,false,false,false,false,false,false,false,true,
2026-01-09,1904,正隆,listed,17.45,17.75,17.45,17.7,0.25,1.4327,1191800,21047497,803,TWSE,common_stock,true,false,false,false,false,false,false,false,true,
2026-01-09,1905,華紙,listed,12.0,12.05,11.8,11.95,0.2,1.7021,2250131,26882121,877,TWSE,common_stock,true,false,false,false,false,false,false,false,true,
2026-01-09,1906,寶隆,listed,11.9,12.15,11.8,12.1,0.15,1.2552,109978,1321773,83,TWSE,common_stock,true,false,false,false,false,false,false,false,true,
2026-01-09,1907,永豐餘,listed,25.7,25.8,25.25,25.3,-0.35,-1.3645,1125640,28609885,826,TWSE,etf,false,true,false,false,false,false,false,false,false,security_type=etf
2026-01-09,1909,榮成,listed,9.83,9.92,9.78,9.82,0.06,0.6148,1648432,16242499,581,TWSE,common_stock,true,false,false,false,false,false,false,false,true,
2026-01-09,2002,中鋼,listed,19.15,19.2,18.9,19.0,-0.15,-0.7833,37821812,718146869,12609,TWSE,common_stock,true,false,false,false,false,false,false,false,true,
2026-01-09,2002A,中鋼特,listed,39.0,39.0,38.85,39.0,0.0,0.0,5000,194850,4,TWSE,warrant,false,false,true,false,false,false,false,false,false,security_type=warrant;symbol_not_4_digit
2026-01-09,2006,東和鋼鐵,listed,67.6,68.1,67.3,67.8,0.2,0.2959,2128598,144346737,1650,TWSE,common_stock,true,false,false,false,false,false,false,false,true,
2026-01-09,2007,燁興,listed,8.27,8.27,8.02,8.04,-0.19,-2.3086,440265,3577781,252,TWSE,common_stock,true,false,false,false,false,false,false,false,true,
2026-01-09,2008,高興昌,listed,29.3,29.5,29.15,29.5,0.1,0.3401,15140,443372,21,TWSE,common_stock,true,false,false,false,false,false,false,false,true,
2026-01-09,2009,第一銅,listed,48.0,48.1,46.6,47.7,-0.45,-0.9346,6304285,298761885,4912,TWSE,common_stock,true,false,false,false,false,false,false,false,true,
2026-01-09,2010,春源,listed,21.1,21.1,20.9,21.05,0.15,0.7177,1260756,26470982,462,TWSE,common_stock,true,false,false,false,false,false,false,false,true,
2026-01-09,2012,春雨,listed,17.0,17.05,16.95,17.0,-0.05,-0.2933,36213,615322,59,TWSE,common_stock,true,false,false,false,false,false,false,false,true,
2026-01-09,2013,中鋼構,listed,42.55,42.6,42.35,42.55,0.05,0.1176,97264,4130051,201,TWSE,common_stock,true,false,false,false,false,false,false,false,true,
2026-01-09,2014,中鴻,listed,16.65,16.75,16.05,16.35,-0.2,-1.2085,7879575,128583183,3026,TWSE,common_stock,true,false,false,false,false,false,false,false,true,
2026-01-09,2015,豐興,listed,62.2,62.6,61.9,62.6,0.2,0.3205,220945,13783212,228,TWSE,common_stock,true,false,false,false,false,false,false,false,true,
2026-01-09,2017,官田鋼,listed,8.96,8.96,8.78,8.84,-0.16,-1.7778,873107,7715627,430,TWSE,common_stock,true,false,false,false,false,false,false,false,true,
2026-01-09,2020,美亞,listed,24.0,24.0,23.25,23.45,-0.3,-1.2632,281053,6599536,216,TWSE,common_stock,true,false,false,false,false,false,false,false,true,
2026-01-09,2022,聚亨,listed,8.52,8.54,8.2,8.4,-0.12,-1.4085,805027,6680560,539,TWSE,common_stock,true,false,false,false,false,false,false,false,true,
2026-01-09,2023,燁輝,listed,14.85,14.9,14.65,14.8,-0.05,-0.3367,3341253,49211275,1161,TWSE,common_stock,true,false,false,false,false,false,false,false,true,
2026-01-09,2024,志聯,listed,16.0,16.1,15.75,16.1,0.05,0.3115,20623,327861,61,TWSE,common_stock,true,false,false,false,false,false,false,false,true,
2026-01-09,2025,千興,listed,13.15,13.15,11.75,11.8,-1.15,-8.8803,1068132,13012826,615,TWSE,common_stock,true,false,false,false,false,false,false,false,true,
2026-01-09,2027,大成鋼,listed,36.15,36.25,35.3,35.65,-0.15,-0.419,14843458,528229023,6941,TWSE,common_stock,true,false,false,false,false,false,false,false,true,
2026-01-09,2028,威致,listed,17.8,18.0,17.5,17.85,0.05,0.2809,140758,2498376,82,TWSE,common_stock,true,false,false,false,false,false,false,false,true,
2026-01-09,2029,盛餘,listed,21.2,21.25,21.05,21.25,-0.15,-0.7009,81257,1718922,61,TWSE,common_stock,true,false,false,false,false,false,false,false,true,
2026-01-09,2030,彰源,listed,15.5,15.5,15.1,15.25,-0.5,-3.1746,872353,13343371,501,TWSE,common_stock,true,false,false,false,false,false,false,false,true,
2026-01-09,2031,新光鋼,listed,38.8,38.9,37.85,38.55,0.05,0.1299,617344,23654164,581,TWSE,common_stock,true,false,false,false,false,false,false,false,true,
2026-01-09,2032,新鋼,listed,16.4,16.4,15.9,16.25,-0.35,-2.1084,972244,15728611,437,TWSE,common_stock,true,false,false,false,false,false,false,false,true,
2026-01-09,2033,佳大,listed,16.3,16.3,16.0,16.1,-0.05,-0.3096,154642,2498811,116,TWSE,common_stock,true,false,false,false,false,false,false,false,true,
2026-01-09,2034,允強,listed,21.0,21.15,20.35,20.75,-0.05,-0.2404,2104628,43508729,1016,TWSE,common_stock,true,false,false,false,false,false,false,false,true,
2026-01-09,2038,海光,listed,15.0,15.1,14.45,14.7,-0.2,-1.3423,485897,7149561,337,TWSE,common_stock,true,false,false,false,false,false,false,false,true,
2026-01-09,2049,上銀,listed,197.0,199.0,194.5,197.0,3.0,1.5464,2336197,460849107,2547,TWSE,common_stock,true,false,false,false,false,false,false,false,true,
2026-01-09,2059,川湖,listed,3190.0,3325.0,3170.0,3315.0,160.0,5.0713,1112273,3637947770,4995,TWSE,common_stock,true,false,false,false,false,false,false,false,true,
2026-01-09,2062,橋椿,listed,21.1,21.2,20.75,20.85,0.0,0.0,195190,4084014,139,TWSE,common_stock,true,false,false,false,false,false,false,false,true,
2026-01-09,2069,運錩,listed,18.5,18.75,18.25,18.55,0.0,0.0,228725,4236059,123,TWSE,common_stock,true,false,false,false,false,false,false,false,true,
2026-01-09,2101,南港,listed,37.45,37.5,36.9,37.3,0.1,0.2688,814306,30286957,892,TWSE,common_stock,true,false,false,false,false,false,false,false,true,
2026-01-09,2102,泰豐,listed,19.65,19.85,19.65,19.75,0.0,0.0,143093,2818874,115,TWSE,common_stock,true,false,false,false,false,false,false,false,true,
2026-01-09,2103,台橡,listed,15.15,15.3,14.85,15.05,-0.05,-0.3311,1646833,24698368,841,TWSE,common_stock,true,false,false,false,false,false,false,false,true,
2026-01-09,2104,國際中橡,listed,11.35,11.35,10.9,10.95,-0.2,-1.7937,2307517,25506182,963,TWSE,common_stock,true,false,false,false,false,false,false,false,true,
2026-01-09,2105,正新,listed,30.5,30.7,29.85,30.15,-0.25,-0.8224,13094713,395056718,5626,TWSE,common_stock,true,false,false,false,false,false,false,false,true,
2026-01-09,2106,建大,listed,19.45,19.45,19.15,19.35,0.05,0.2591,298981,5762703,316,TWSE,common_stock,true,false,false,false,false,false,false,false,true,
2026-01-09,2107,厚生,listed,24.65,24.75,24.55,24.6,-0.1,-0.4049,200552,4940921,255,TWSE,common_stock,true,false,false,false,false,false,false,false,true,
2026-01-09,2108,南帝,listed,24.0,24.05,23.55,23.65,-0.3,-1.2526,392440,9291353,347,TWSE,common_stock,true,false,false,false,false,false,false,false,true,
2026-01-09,2109,華豐,listed,15.0,15.0,14.9,14.95,0.0,0.0,80061,1197402,62,TWSE,common_stock,true,false,false,false,false,false,false,false,true,
2026-01-09,2114,鑫永銓,listed,90.0,90.0,89.7,89.9,0.1,0.1114,19303,1735358,27,TWSE,common_stock,true,false,false,false,false,false,false,false,true,
2026-01-09,2115,六暉-KY,listed,24.3,24.4,24.3,24.35,0.05,0.2058,66597,1620970,60,TWSE,common_stock,true,false,false,false,false,false,false,false,true,
2026-01-09,2201,裕隆,listed,32.25,32.3,31.35,31.45,-0.5,-1.5649,9115423,287834669,3762,TWSE,common_stock,true,false,false,false,false,false,false,false,true,
2026-01-09,2204,中華,listed,58.4,58.6,57.5,57.8,-0.3,-0.5164,814007,47047119,1023,TWSE,common_stock,true,false,false,false,false,false,false,false,true,
2026-01-09,2206,三陽工業,listed,60.3,61.0,60.2,60.9,0.7,1.1628,763263,46341383,737,TWSE,common_stock,true,false,false,false,false,false,false,false,true,
2026-01-09,2207,和泰車,listed,544.0,544.0,537.0,544.0,5.0,0.9276,260507,140732700,699,TWSE,common_stock,true,false,false,false,false,false,false,false,true,
2026-01-09,2208,台船,listed,20.45,20.6,19.95,20.1,0.0,0.0,3218956,64964314,2183,TWSE,common_stock,true,false,false,false,false,false,false,false,true,
2026-01-09,2211,長榮鋼,listed,102.5,102.5,101.0,102.0,0.5,0.4926,769374,78276094,686,TWSE,common_stock,true,false,false,false,false,false,false,false,true,
2026-01-09,2227,裕日車,listed,54.4,54.6,54.4,54.6,0.1,0.1835,16775,915292,77,TWSE,common_stock,true,false,false,false,false,false,false,false,true,
2026-01-09,2228,劍麟,listed,110.5,111.5,108.0,109.5,1.0,0.9217,2062164,226828991,1773,TWSE,common_stock,true,false,false,false,false,false,false,false,true,
2026-01-09,2231,為升,listed,97.1,98.6,94.2,96.9,1.5,1.5723,694178,66911479,1126,TWSE,common_stock,true,false,false,false,false,false,false,false,true,
2026-01-09,2233,宇隆,listed,212.0,213.5,204.5,209.0,1.0,0.4808,622610,130094292,6770,TWSE,common_stock,true,false,false,false,false,false,false,false,true,
2026-01-09,2236,百達-KY,listed,113.5,115.0,112.5,112.5,-0.5,-0.4425,202308,22944423,1267,TWSE,common_stock,true,false,false,false,false,false,false,false,true,
2026-01-09,2239,英利-KY,listed,35.25,35.5,33.45,33.45,-1.65,-4.7009,343449,11777402,371,TWSE,common_stock,true,false,false,false,false,false,false,false,true,
2026-01-09,2241,艾姆勒,listed,34.55,34.8,34.25,34.7,0.2,0.5797,252246,8721325,246,TWSE,common_stock,true,false,false,false,false,false,false,false,true,
2026-01-09,2243,宏旭-KY,listed,11.5,11.5,11.2,11.45,0.05,0.4386,161720,1828743,94,TWSE,common_stock,true,false,false,false,false,false,false,false,true,
2026-01-09,2247,汎德永業,listed,274.5,274.5,270.5,271.5,-3.0,-1.0929,101408,27568658,499,TWSE,common_stock,true,false,false,false,false,false,false,false,true,
2026-01-09,2248,華勝-KY,listed,49.0,49.5,48.8,49.25,-0.25,-0.5051,15501,762421,79,TWSE,common_stock,true,false,false,false,false,false,false,false,true,
2026-01-09,2250,IKKA-KY,listed,72.6,72.6,70.0,70.8,0.3,0.4255,46044,3264269,229,TWSE,common_stock,true,false,false,false,false,false,false,false,true,
2026-01-09,2254,巨鎧精密-創,listed,59.8,59.9,59.1,59.9,0.2,0.335,73670,4417244,20,TWSE,common_stock,true,false,false,false,false,false,false,false,true,
2026-01-09,2258,鴻華先進-創,listed,40.25,40.8,39.9,40.55,0.35,0.8706,358172,14464057,262,TWSE,common_stock,true,false,false,false,false,false,false,false,true,
2026-01-09,2301,光寶科,listed,161.0,162.0,157.5,160.0,-1.5,-0.9288,13640375,2179916773,10273,TWSE,common_stock,true,false,false,false,false,false,false,false,true,
2026-01-09,2302,麗正,listed,17.9,17.9,17.45,17.7,0.0,0.0,340153,6004382,209,TWSE,common_stock,true,false,false,false,false,false,false,false,true,
2026-01-09,2303,聯電,listed,54.4,56.5,53.6,55.1,2.3,4.3561,308464457,17026843751,129782,TWSE,common_stock,true,false,false,false,false,false,false,false,true,
2026-01-09,2305,全友,listed,11.6,11.65,11.25,11.3,-0.2,-1.7391,878360,9975694,409,TWSE,common_stock,true,false,false,false,false,false,false,false,true,
2026-01-09,2308,台達電,listed,1000.0,1030.0,995.0,1015.0,5.0,0.495,7818509,7907905565,15447,TWSE,common_stock,true,false,false,false,false,false,false,false,true,
2026-01-09,2312,金寶,listed,22.7,23.15,22.3,22.8,0.15,0.6623,16788646,382081430,6361,TWSE,common_stock,true,false,false,false,false,false,false,false,true,
2026-01-09,2313,華通,listed,107.0,115.5,106.5,115.5,10.5,10.0,104483578,11790082126,52749,TWSE,common_stock,true,false,false,false,false,false,false,false,true,
2026-01-09,2314,台揚,listed,20.65,21.3,20.55,21.3,0.6,2.8986,131350,2711930,193,TWSE,common_stock,true,false,false,false,false,false,false,false,true,
2026-01-09,2316,楠梓電,listed,96.1,100.5,96.1,97.7,1.7,1.7708,4391260,431439629,3912,TWSE,common_stock,true,false,false,false,false,false,false,false,true,
2026-01-09,2317,鴻海,listed,230.0,232.0,227.0,230.5,1.0,0.4357,37370013,8591804743,35498,TWSE,common_stock,true,false,false,false,false,false,false,false,true,
2026-01-09,2321,東訊,listed,17.65,18.9,17.05,18.8,1.15,6.5156,50632,930373,49,TWSE,common_stock,true,false,false,false,false,false,false,false,true,
2026-01-09,2323,中環,listed,10.9,10.9,10.55,10.8,-0.1,-0.9174,10055139,107831195,2674,TWSE,common_stock,true,false,false,false,false,false,false,false,true,
2026-01-09,2324,仁寶,listed,29.95,30.15,29.55,29.55,-0.5,-1.6639,25331554,752293677,12308,TWSE,common_stock,true,false,false,false,false,false,false,false,true,
2026-01-09,2327,國巨*,listed,238.5,244.5,234.5,241.5,4.0,1.6842,38572406,9278825317,26068,TWSE,common_stock,true,false,false,false,false,false,false,false,true,
2026-01-09,2328,廣宇,listed,48.25,48.35,47.05,47.5,-0.4,-0.8351,2394917,114204674,2009,TWSE,common_stock,true,false,false,false,false,false,false,false,true,
2026-01-09,2329,華泰,listed,55.9,57.3,52.6,57.3,0.8,1.4159,27170978,1508682663,16916,TWSE,common_stock,true,false,false,false,false,false,false,false,true,
2026-01-09,2330,台積電,listed,1665.0,1700.0,1655.0,1680.0,-5.0,-0.2967,42191307,70809011639,89313,TWSE,common_stock,true,false,false,false,false,false,false,false,true,
2026-01-09,2331,精英,listed,23.6,23.65,22.65,23.0,-0.3,-1.2876,3533938,81961038,1914,TWSE,common_stock,true,false,false,false,false,false,false,false,true,
2026-01-09,2332,友訊,listed,15.15,15.2,14.7,14.8,-0.35,-2.3102,3470393,51527613,1797,TWSE,common_stock,true,false,false,false,false,false,false,false,true,
2026-01-09,2337,旺宏,listed,63.3,64.0,57.0,58.3,-5.0,-7.8989,737787038,44499738368,276489,TWSE,common_stock,true,false,false,false,false,false,false,false,true,
2026-01-09,2338,光罩,listed,37.15,37.2,35.55,36.95,-0.2,-0.5384,1461648,53425948,1130,TWSE,common_stock,true,false,false,false,false,false,false,false,true,
2026-01-09,2340,台亞,listed,29.25,29.65,27.85,28.0,-0.05,-0.1783,10358005,297726195,5542,TWSE,common_stock,true,false,false,false,false,false,false,false,true,
2026-01-09,2342,茂矽,listed,33.55,33.6,31.25,32.4,-1.3,-3.8576,4873490,158418786,3361,TWSE,common_stock,true,false,false,false,false,false,false,false,true,
2026-01-09,2344,華邦電,listed,103.5,103.5,97.7,97.8,-10.7,-9.8618,83406112,8303634228,78828,TWSE,common_stock,true,false,false,false,false,false,false,false,true,
2026-01-09,2345,智邦,listed,1250.0,1320.0,1210.0,1215.0,-50.0,-3.9526,9091786,11380652640,14157,TWSE,common_stock,true,false,false,false,false,false,false,false,true,
2026-01-09,2347,聯強,listed,64.2,64.4,62.5,63.9,0.8,1.2678,11050625,702206870,7437,TWSE,common_stock,true,false,false,false,false,false,false,false,true,
2026-01-09,2348,海悅,listed,81.6,82.1,80.0,81.3,0.0,0.0,187044,15105230,1332,TWSE,common_stock,true,false,false,false,false,false,false,false,true,
2026-01-09,2348A,海悅甲特,listed,36.6,36.6,36.55,36.55,-0.1,-0.2729,6000,219350,4,TWSE,warrant,false,false,true,false,false,false,false,false,false,security_type=warrant;symbol_not_4_digit
2026-01-09,2349,錸德,listed,14.8,15.95,14.5,15.55,0.55,3.6667,21260529,322494782,6776,TWSE,common_stock,true,false,false,false,false,false,false,false,true,
2026-01-09,2351,順德,listed,74.6,74.6,72.1,73.7,-0.2,-0.2706,912744,66973692,912,TWSE,common_stock,true,false,false,false,false,false,false,false,true,
2026-01-09,2352,佳世達,listed,24.25,24.55,23.85,24.1,0.0,0.0,4537787,109534443,3746,TWSE,common_stock,true,false,false,false,false,false,false,false,true,
2026-01-09,2353,宏碁,listed,26.5,26.55,25.85,26.25,-0.1,-0.3795,22075674,579918548,11240,TWSE,common_stock,true,false,false,false,false,false,false,false,true,
2026-01-09,2354,鴻準,listed,59.1,59.4,58.3,58.9,-0.3,-0.5068,5563594,327316463,4382,TWSE,common_stock,true,false,false,false,false,false,false,false,true,
2026-01-09,2355,敬鵬,listed,31.15,32.1,31.15,31.7,0.5,1.6026,1780940,56464077,1226,TWSE,common_stock,true,false,false,false,false,false,false,false,true,
2026-01-09,2356,英業達,listed,43.15,43.15,42.3,42.9,0.0,0.0,9118066,390086883,5457,TWSE,common_stock,true,false,false,false,false,false,false,false,true,
2026-01-09,2357,華碩,listed,526.0,532.0,517.0,529.0,-1.0,-0.1887,7926302,4168644274,11363,TWSE,common_stock,true,false,false,false,false,false,false,false,true,
2026-01-09,2359,所羅門,listed,130.0,131.5,129.0,130.0,-2.0,-1.5152,1020623,132792268,1403,TWSE,common_stock,true,false,false,false,false,false,false,false,true,
2026-01-09,2360,致茂,listed,920.0,936.0,914.0,923.0,-2.0,-0.2162,2277613,2102507752,3538,TWSE,common_stock,true,false,false,false,false,false,false,false,true,
2026-01-09,2362,藍天,listed,37.85,38.25,37.5,37.7,-0.15,-0.3963,517258,19538795,552,TWSE,common_stock,true,false,false,false,false,false,false,false,true,
2026-01-09,2363,矽統,listed,49.0,49.75,47.95,48.8,0.6,1.2448,6401714,312319495,5611,TWSE,common_stock,true,false,false,false,false,false,false,false,true,
2026-01-09,2364,倫飛,listed,67.2,67.5,66.4,67.4,0.7,1.0495,151175,10133201,215,TWSE,common_stock,true,false,false,false,false,false,false,false,true,
2026-01-09,2365,昆盈,listed,35.0,35.35,34.2,34.85,0.05,0.1437,1316936,45695998,948,TWSE,common_stock,true,false,false,false,false,false,false,false,true,
2026-01-09,2367,燿華,listed,29.25,31.6,29.25,30.6,1.0,3.3784,68856807,2115420800,34112,TWSE,common_stock,true,false,false,false,false,false,false,false,true,
2026-01-09,2368,金像電,listed,631.0,653.0,628.0,637.0,5.0,0.7911,9211573,5897868855,11601,TWSE,common_stock,true,false,false,false,false,false,false,false,true,
2026-01-09,2369,菱生,listed,24.95,25.4,23.25,25.0,0.3,1.2146,22259122,543962254,11050,TWSE,common_stock,true,false,false,false,false,false,false,false,true,
2026-01-09,2371,大同,listed,30.8,31.7,30.1,31.2,0.7,2.2951,18591248,574149389,8491,TWSE,common_stock,true,false,false,false,false,false,false,false,true,
2026-01-09,2373,震旦行,listed,56.4,56.4,56.0,56.2,0.0,0.0,14394,808679,29,TWSE,common_stock,true,false,false,false,false,false,false,false,true,
2026-01-09,2374,佳能,listed,79.0,80.5,77.7,78.4,1.0,1.292,5644366,445311624,4397,TWSE,common_stock,true,false,false,false,false,false,false,false,true,
2026-01-09,2375,凱美,listed,88.4,91.8,88.0,90.6,1.8,2.027,3013689,272269895,2417,TWSE,common_stock,true,false,false,false,false,false,false,false,true,
2026-01-09,2376,技嘉,listed,247.0,248.0,240.0,240.0,-5.0,-2.0408,6285648,1523352182,7222,TWSE,common_stock,true,false,false,false,false,false,false,false,true,
2026-01-09,2377,微星,listed,97.0,98.4,94.7,97.4,0.9,0.9326,14850691,1440375395,12062,TWSE,common_stock,true,false,false,false,false,false,false,false,true,
2026-01-09,2379,瑞昱,listed,525.0,525.0,507.0,510.0,-19.0,-3.5917,2961614,1516064679,5401,TWSE,common_stock,true,false,false,false,false,false,false,false,true,
2026-01-09,2380,虹光,listed,5.97,5.97,5.53,5.63,0.1,1.8083,963880,5607512,302,TWSE,common_stock,true,false,false,false,false,false,false,false,true,
2026-01-09,2382,廣達,listed,278.0,287.5,277.0,283.0,10.0,3.663,50339272,14224574403,39195,TWSE,common_stock,true,false,false,false,false,false,false,false,true,
2026-01-09,2383,台光電,listed,1560.0,1600.0,1540.0,1565.0,20.0,1.2945,3184351,5001999700,7856,TWSE,common_stock,true,false,false,false,false,false,false,false,true,
2026-01-09,2385,群光,listed,116.5,117.0,115.0,116.0,0.0,0.0,3536090,410177424,2267,TWSE,common_stock,true,false,false,false,false,false,false,false,true,
2026-01-09,2387,精元,listed,38.35,38.5,38.0,38.3,-0.1,-0.2604,314251,12004090,301,TWSE,common_stock,true,false,false,false,false,false,false,false,true,
2026-01-09,2388,威盛,listed,51.0,51.2,49.6,50.0,-0.6,-1.1858,2863485,143360710,2299,TWSE,common_stock,true,false,false,false,false,false,false,false,true,
2026-01-09,2390,云辰,listed,10.05,10.05,9.92,9.96,-0.09,-0.8955,274120,2734565,257,TWSE,common_stock,true,false,false,false,false,false,false,false,true,
2026-01-09,2392,正崴,listed,36.75,37.2,36.1,37.2,0.6,1.6393,1599240,58712642,1500,TWSE,common_stock,true,false,false,false,false,false,false,false,true,
2026-01-09,2393,億光,listed,55.5,56.4,54.5,56.1,0.8,1.4467,3190208,177179300,2279,TWSE,common_stock,true,false,false,false,false,false,false,false,true,
2026-01-09,2395,研華,listed,286.5,291.0,285.0,288.5,3.0,1.0508,1812392,522699489,2159,TWSE,common_stock,true,false,false,false,false,false,false,false,true,
2026-01-09,2397,友通,listed,60.5,60.9,59.3,60.5,0.2,0.3317,236158,14258222,220,TWSE,common_stock,true,false,false,false,false,false,false,false,true,
2026-01-09,2399,映泰,listed,24.9,25.25,24.55,24.8,0.2,0.813,2006455,49994740,1197,TWSE,common_stock,true,false,false,false,false,false,false,false,true,
2026-01-09,2401,凌陽,listed,20.5,20.65,19.95,20.25,-0.2,-0.978,1870957,37848406,1167,TWSE,common_stock,true,false,false,false,false,false,false,false,true,
2026-01-09,2402,毅嘉,listed,56.5,57.7,55.0,57.0,0.7,1.2433,6701060,379185577,4535,TWSE,common_stock,true,false,false,false,false,false,false,false,true,
2026-01-09,2404,漢唐,listed,1010.0,1040.0,991.0,994.0,-16.0,-1.5842,2885010,2895953748,6346,TWSE,common_stock,true,false,false,false,false,false,false,false,true,
2026-01-09,2405,輔信,listed,17.4,17.5,17.0,17.25,-0.2,-1.1461,1758232,30283799,865,TWSE,common_stock,true,false,false,false,false,false,false,false,true,
2026-01-09,2406,國碩,listed,25.0,25.85,24.25,25.5,0.7,2.8226,13660677,346076315,7398,TWSE,common_stock,true,false,false,false,false,false,false,false,true,
2026-01-09,2408,南亞科,listed,233.0,233.0,217.5,217.5,-24.0,-9.9379,21095873,4673757350,18973,TWSE,common_stock,true,false,false,false,false,false,false,false,true,
2026-01-09,2409,友達,listed,15.3,15.8,14.4,14.5,-1.15,-7.3482,463145002,6862175682,106158,TWSE,common_stock,true,false,false,false,false,false,false,false,true,
2026-01-09,2412,中華電,listed,133.0,134.0,132.5,133.5,0.0,0.0,7532788,1004852519,3446,TWSE,common_stock,true,false,false,false,false,false,false,false,true,
2026-01-09,2413,環科,listed,42.65,43.35,41.2,43.0,0.65,1.5348,1404425,59898665,1014,TWSE,common_stock,true,false,false,false,false,false,false,false,true,
2026-01-09,2414,精技,listed,40.55,41.0,40.45,40.8,0.25,0.6165,82256,3353501,64,TWSE,common_stock,true,false,false,false,false,false,false,false,true,
2026-01-09,2415,錩新,listed,26.55,27.1,26.25,26.75,0.55,2.0992,208273,5543841,242,TWSE,common_stock,true,false,false,false,false,false,false,false,true,
2026-01-09,2417,圓剛,listed,39.75,40.2,38.55,38.95,-0.3,-0.7643,742502,29170002,828,TWSE,common_stock,true,false,false,false,false,false,false,false,true,
2026-01-09,2419,仲琦,listed,26.65,26.65,25.25,25.6,-1.05,-3.94,4016183,103665418,3222,TWSE,common_stock,true,false,false,false,false,false,false,false,true,
2026-01-09,2420,新巨,listed,50.3,50.3,49.55,50.0,-0.1,-0.1996,203930,10177986,221,TWSE,common_stock,true,false,false,false,false,false,false,false,true,
2026-01-09,2421,建準,listed,157.0,160.0,154.5,156.5,2.5,1.6234,3348039,526910171,3162,TWSE,common_stock,true,false,false,false,false,false,false,false,true,
2026-01-09,2423,固緯,listed,53.8,54.8,53.8,54.5,0.4,0.7394,126459,6864486,197,TWSE,common_stock,true,false,false,false,false,false,false,false,true,
2026-01-09,2424,隴華,listed,32.2,32.3,30.65,31.55,-0.85,-2.6235,67736,2112761,90,TWSE,common_stock,true,false,false,false,false,false,false,false,true,
2026-01-09,2425,承啟,listed,29.8,30.05,29.1,30.05,0.4,1.3491,147227,4384034,208,TWSE,common_stock,true,false,false,false,false,false,false,false,true,
2026-01-09,2426,鼎元,listed,16.8,16.8,16.15,16.5,-0.2,-1.1976,732844,12071229,535,TWSE,common_stock,true,false,false,false,false,false,false,false,true,
2026-01-09,2427,三商電,listed,26.7,26.75,26.25,26.4,-0.05,-0.189,421469,11128809,396,TWSE,common_stock,true,false,false,false,false,false,false,false,true,
2026-01-09,2428,興勤,listed,171.0,173.0,168.5,172.0,1.0,0.5848,445828,76390317,688,TWSE,common_stock,true,false,false,false,false,false,false,false,true,
2026-01-09,2429,銘旺科,listed,76.2,77.4,75.0,76.0,-0.1,-0.1314,389045,29617954,556,TWSE,common_stock,true,false,false,false,false,false,false,false,true,
2026-01-09,2430,燦坤,listed,22.65,22.7,22.65,22.7,0.1,0.4425,16511,374445,35,TWSE,common_stock,true,false,false,false,false,false,false,false,true,
2026-01-09,2431,聯昌,listed,11.9,12.0,11.65,11.8,-0.1,-0.8403,388789,4612646,223,TWSE,common_stock,true,false,false,false,false,false,false,false,true,
2026-01-09,2432,倚天酷碁-創,listed,25.1,25.1,24.6,24.75,0.1,0.4057,51033,1266066,34,TWSE,common_stock,true,false,false,false,false,false,false,false,true,
2026-01-09,2433,互盛電,listed,47.0,47.0,46.95,47.0,0.0,0.0,26165,1229336,25,TWSE,common_stock,true,false,false,false,false,false,false,false,true,
2026-01-09,2434,統懋,listed,31.2,31.2,30.75,30.9,0.1,0.3247,26309,811964,30,TWSE,common_stock,true,false,false,false,false,false,false,false,true,
2026-01-09,2436,偉詮電,listed,47.55,48.55,46.35,48.35,0.8,1.6824,1913698,91238701,1580,TWSE,common_stock,true,false,false,false,false,false,false,false,true,
2026-01-09,2438,翔耀,listed,21.95,22.9,21.65,21.65,-0.15,-0.6881,36353,796189,53,TWSE,common_stock,true,false,false,false,false,false,false,false,true,
2026-01-09,2439,美律,listed,101.0,101.0,98.6,100.0,-1.0,-0.9901,2528924,252050166,4151,TWSE,common_stock,true,false,false,false,false,false,false,false,true,
2026-01-09,2440,太空梭,listed,14.4,14.45,14.1,14.4,-0.05,-0.346,176179,2527551,121,TWSE,common_stock,true,false,false,false,false,false,false,false,true,
2026-01-09,2441,超豐,listed,87.6,93.8,86.2,91.5,3.9,4.4521,19901848,1812509435,16607,TWSE,common_stock,true,false,false,false,false,false,false,false,true,
2026-01-09,2442,新美齊,listed,23.45,23.5,23.05,23.4,-0.05,-0.2132,779448,18122553,477,TWSE,common_stock,true,false,false,false,false,false,false,false,true,
2026-01-09,2444,兆勁,listed,11.25,11.3,11.05,11.1,-0.15,-1.3333,224433,2503717,120,TWSE,common_stock,true,false,false,false,false,false,false,false,true,
2026-01-09,2449,京元電子,listed,259.5,266.0,252.0,263.5,0.5,0.1901,20399595,5291164468,20842,TWSE,common_stock,true,false,false,false,false,false,false,false,true,
2026-01-09,2450,神腦,listed,28.95,28.95,28.65,28.75,0.05,0.1742,90600,2601056,106,TWSE,common_stock,true,false,false,false,false,false,false,false,true,
2026-01-09,2451,創見,listed,255.0,255.0,232.0,241.5,-16.0,-6.2136,25719891,6249902275,22984,TWSE,common_stock,true,false,false,false,false,false,false,false,true,
2026-01-09,2453,凌群,listed,53.3,53.5,53.0,53.2,-0.1,-0.1876,334173,17797743,241,TWSE,common_stock,true,false,false,false,false,false,false,false,true,
2026-01-09,2454,聯發科,listed,1455.0,1460.0,1415.0,1420.0,-25.0,-1.7301,8606613,12327291180,31171,TWSE,common_stock,true,false,false,false,false,false,false,false,true,
2026-01-09,2455,全新,listed,149.5,151.5,142.0,147.5,-2.5,-1.6667,11975948,1751730375,9413,TWSE,common_stock,true,false,false,false,false,false,false,false,true,
2026-01-09,2457,飛宏,listed,28.5,29.15,27.65,28.0,-0.4,-1.4085,2914341,82493126,2229,TWSE,common_stock,true,false,false,false,false,false,false,false,true,
2026-01-09,2458,義隆,listed,118.0,120.5,117.5,119.5,1.5,1.2712,2180555,260559679,1620,TWSE,common_stock,true,false,false,false,false,false,false,false,true,
2026-01-09,2459,敦吉,listed,66.0,66.0,65.6,66.0,-0.1,-0.1513,29484,1941081,258,TWSE,common_stock,true,false,false,false,false,false,false,false,true,
2026-01-09,2460,建通,listed,24.4,24.8,23.35,23.45,-0.85,-3.4979,617852,14792298,508,TWSE,common_stock,true,false,false,false,false,false,false,false,true,
2026-01-09,2461,光群雷,listed,16.3,16.95,16.3,16.35,0.1,0.6154,386105,6386907,284,TWSE,common_stock,true,false,false,false,false,false,false,false,true,
2026-01-09,2462,良得電,listed,23.5,23.8,22.7,23.5,0.1,0.4274,474569,11097474,428,TWSE,common_stock,true,false,false,false,false,false,false,false,true,
2026-01-09,2464,盟立,listed,65.5,66.0,64.0,65.4,-0.2,-0.3049,1781962,116167803,1659,TWSE,common_stock,true,false,false,false,false,false,false,false,true,
2026-01-09,2465,麗臺,listed,59.0,59.0,57.9,58.4,-0.4,-0.6803,175654,10236601,193,TWSE,common_stock,true,false,false,false,false,false,false,false,true,
2026-01-09,2466,冠西電,listed,66.8,70.0,66.8,68.0,0.7,1.0401,3191618,219332330,1785,TWSE,common_stock,true,false,false,false,false,false,false,false,true,
2026-01-09,2467,志聖,listed,261.5,271.5,251.0,259.0,-2.0,-0.7663,4193732,1097162731,13807,TWSE,common_stock,true,false,false,false,false,false,false,false,true,
2026-01-09,2468,華經,listed,40.8,41.25,40.0,40.4,-0.3,-0.7371,234151,9477861,276,TWSE,common_stock,true,false,false,false,false,false,false,false,true,
2026-01-09,2471,資通,listed,49.4,50.0,49.4,49.8,-0.15,-0.3003,45114,2242535,53,TWSE,common_stock,true,false,false,false,false,false,false,false,true,
2026-01-09,2472,立隆電,listed,107.0,111.5,105.0,110.0,3.5,3.2864,3466945,376819647,2994,TWSE,common_stock,true,false,false,false,false,false,false,false,true,
2026-01-09,2474,可成,listed,203.5,205.0,200.5,204.0,-1.5,-0.7299,5174864,1049992882,7419,TWSE,common_stock,true,false,false,false,false,false,false,false,true,
2026-01-09,2476,鉅祥,listed,90.0,93.3,88.8,92.0,1.2,1.3216,2118796,193607402,2984,TWSE,common_stock,true,false,false,false,false,false,false,false,true,
2026-01-09,2477,美隆電,listed,25.2,25.5,24.6,25.0,-0.05,-0.1996,327741,8209237,294,TWSE,common_stock,true,false,false,false,false,false,false,false,true,
2026-01-09,2478,大毅,listed,61.0,63.7,60.5,62.2,0.8,1.3029,1950323,121607317,2017,TWSE,common_stock,true,false,false,false,false,false,false,false,true,
2026-01-09,2480,敦陽科,listed,150.0,151.5,149.0,151.5,2.0,1.3378,156940,23603262,192,TWSE,common_stock,true,false,false,false,false,false,false,false,true,
2026-01-09,2481,強茂,listed,80.4,80.4,78.1,79.4,-0.1,-0.1258,3183454,252759967,3909,TWSE,common_stock,true,false,false,false,false,false,false,false,true,
2026-01-09,2482,連宇,listed,17.15,17.2,16.85,17.15,0.15,0.8824,147195,2509811,153,TWSE,common_stock,true,false,false,false,false,false,false,false,true,
2026-01-09,2483,百容,listed,19.35,19.35,18.6,18.9,0.15,0.8,57030,1075220,45,TWSE,common_stock,true,false,false,false,false,false,false,false,true,
2026-01-09,2484,希華,listed,20.6,20.6,20.3,20.55,-0.05,-0.2427,250053,5108221,188,TWSE,common_stock,true,false,false,false,false,false,false,false,true,
2026-01-09,2485,兆赫,listed,25.55,25.75,24.65,25.0,-0.45,-1.7682,9373307,235784774,5256,TWSE,common_stock,true,false,false,false,false,false,false,false,true,
2026-01-09,2486,一詮,listed,92.0,94.7,91.1,91.1,-0.7,-0.7625,8177096,755951179,5732,TWSE,common_stock,true,false,false,false,false,false,false,false,true,
2026-01-09,2488,漢平,listed,46.0,46.0,45.75,45.85,-0.25,-0.5423,52520,2410163,192,TWSE,common_stock,true,false,false,false,false,false,false,false,true,
2026-01-09,2489,瑞軒,listed,15.8,16.05,15.3,15.65,-0.15,-0.9494,5254055,81940189,2937,TWSE,common_stock,true,false,false,false,false,false,false,false,true,
2026-01-09,2491,吉祥全,listed,18.5,18.85,18.0,18.65,0.15,0.8108,388769,7198664,300,TWSE,common_stock,true,false,false,false,false,false,false,false,true,
2026-01-09,2492,華新科,listed,123.5,126.0,120.0,124.0,1.5,1.2245,9011470,1108524896,6264,TWSE,common_stock,true,false,false,false,false,false,false,false,true,
2026-01-09,2493,揚博,listed,126.5,133.5,122.5,124.0,-3.5,-2.7451,4632695,591899070,5478,TWSE,common_stock,true,false,false,false,false,false,false,false,true,
2026-01-09,2495,普安,listed,33.05,33.45,31.6,32.0,-1.0,-3.0303,7467424,241027845,5108,TWSE,common_stock,true,false,false,false,false,false,false,false,true,
2026-01-09,2496,卓越,listed,68.3,68.3,67.8,67.9,0.2,0.2954,13393,912770,43,TWSE,common_stock,true,false,false,false,false,false,false,false,true,
2026-01-09,2497,怡利電,listed,53.0,53.3,52.0,53.0,0.2,0.3788,369253,19488783,371,TWSE,common_stock,true,false,false,false,false,false,false,false,true,
2026-01-09,2498,宏達電,listed,46.2,46.85,45.75,45.95,-0.35,-0.7559,6917584,319592200,4696,TWSE,common_stock,true,false,false,false,false,false,false,false,true,
2026-01-09,2501,國建,listed,24.3,24.55,23.85,24.05,-0.2,-0.8247,2003424,48229837,1193,TWSE,common_stock,true,false,false,false,false,false,false,false,true,
2026-01-09,2504,國產,listed,37.1,37.4,36.9,37.35,0.5,1.3569,1492275,55540549,881,TWSE,common_stock,true,false,false,false,false,false,false,false,true,
2026-01-09,2505,國揚,listed,19.5,19.5,19.35,19.45,-0.05,-0.2564,118280,2299754,91,TWSE,common_stock,true,false,false,false,false,false,false,false,true,
2026-01-09,2506,太設,listed,9.08,9.11,9.06,9.07,-0.01,-0.1101,199032,1807589,181,TWSE,common_stock,true,false,false,false,false,false,false,false,true,
2026-01-09,2509,全坤建,listed,15.55,15.65,15.4,15.6,0.25,1.6287,134733,2093721,91,TWSE,common_stock,true,false,false,false,false,false,false,false,true,
2026-01-09,2511,太子,listed,8.61,8.66,8.5,8.53,-0.02,-0.2339,1530415,13092278,561,TWSE,common_stock,true,false,false,false,false,false,false,false,true,
2026-01-09,2514,龍邦,listed,14.75,14.95,14.7,14.75,0.0,0.0,377540,5567985,116,TWSE,common_stock,true,false,false,false,false,false,false,false,true,
2026-01-09,2515,中工,listed,12.95,13.35,12.75,13.25,0.3,2.3166,9722345,126851302,3253,TWSE,common_stock,true,false,false,false,false,false,false,false,true,
2026-01-09,2516,新建,listed,14.45,14.5,14.3,14.3,-0.1,-0.6944,155091,2228272,129,TWSE,common_stock,true,false,false,false,false,false,false,false,true,
2026-01-09,2520,冠德,listed,32.8,33.35,32.45,32.75,0.15,0.4601,2012329,66066713,1417,TWSE,common_stock,true,false,false,false,false,false,false,false,true,
2026-01-09,2524,京城,listed,41.7,41.7,41.2,41.65,0.35,0.8475,75474,3126819,217,TWSE,common_stock,true,false,false,false,false,false,false,false,true,
2026-01-09,2527,宏璟,listed,29.0,29.4,28.85,29.3,0.2,0.6873,257598,7534453,183,TWSE,common_stock,true,false,false,false,false,false,false,false,true,
2026-01-09,2528,皇普,listed,30.25,31.2,30.1,31.0,1.05,3.5058,1068816,32747329,598,TWSE,common_stock,true,false,false,false,false,false,false,false,true,
2026-01-09,2530,華建,listed,29.2,30.2,29.05,30.2,1.0,3.4247,1598319,47513882,963,TWSE,common_stock,true,false,false,false,false,false,false,false,true,
2026-01-09,2534,宏盛,listed,20.4,20.45,20.2,20.45,0.0,0.0,718871,14621969,282,TWSE,common_stock,true,false,false,false,false,false,false,false,true,
2026-01-09,2535,達欣工,listed,64.4,65.6,63.9,65.4,1.3,2.0281,385687,24989425,495,TWSE,common_stock,true,false,false,false,false,false,false,false,true,
2026-01-09,2536,宏普,listed,25.65,25.65,25.2,25.35,0.0,0.0,345653,8774818,146,TWSE,common_stock,true,false,false,false,false,false,false,false,true,
2026-01-09,2537,聯上發,listed,12.0,12.2,11.7,11.7,-0.2,-1.6807,1826197,21731715,821,TWSE,common_stock,true,false,false,false,false,false,false,false,true,
2026-01-09,2538,基泰,listed,11.1,11.15,10.95,11.1,0.0,0.0,257769,2849721,140,TWSE,common_stock,true,false,false,false,false,false,false,false,true,
2026-01-09,2539,櫻花建,listed,47.9,48.3,47.75,48.2,0.5,1.0482,522056,25085742,597,TWSE,common_stock,true,false,false,false,false,false,false,false,true,
2026-01-09,2540,愛山林,listed,46.5,46.65,45.45,45.75,-0.7,-1.507,642481,29423512,860,TWSE,common_stock,true,false,false,false,false,false,false,false,true,
2026-01-09,2542,興富發,listed,39.5,40.2,39.5,39.9,0.55,1.3977,4476173,178341664,2795,TWSE,common_stock,true,false,false,false,false,false,false,false,true,
2026-01-09,2543,皇昌,listed,62.7,63.8,61.8,63.4,0.9,1.44,1640332,102867532,1813,TWSE,common_stock,true,false,false,false,false,false,false,false,true,
2026-01-09,2545,皇翔,listed,39.1,39.7,39.1,39.7,0.75,1.9255,504686,19957755,473,TWSE,common_stock,true,false,false,false,false,false,false,false,true,
2026-01-09,2546,根基,listed,87.1,89.4,87.1,89.3,1.9,2.1739,176587,15618024,306,TWSE,common_stock,true,false,false,false,false,false,false,false,true,
2026-01-09,2547,日勝生,listed,10.8,10.9,10.75,10.8,0.05,0.4651,886320,9592962,394,TWSE,common_stock,true,false,false,false,false,false,false,false,true,
2026-01-09,2548,華固,listed,115.0,117.0,114.5,115.5,1.0,0.8734,700301,80895409,652,TWSE,common_stock,true,false,false,false,false,false,false,false,true,
2026-01-09,2597,潤弘,listed,180.0,184.0,178.0,179.5,2.0,1.1268,666976,120236162,3328,TWSE,common_stock,true,false,false,false,false,false,false,false,true,
2026-01-09,2601,益航,listed,5.55,5.55,5.45,5.52,-0.01,-0.1808,854002,4694239,315,TWSE,common_stock,true,false,false,false,false,false,false,false,true,
2026-01-09,2603,長榮,listed,195.0,195.5,193.5,193.5,0.0,0.0,10682328,2073047561,7805,TWSE,common_stock,true,false,false,false,false,false,false,false,true,
2026-01-09,2605,新興,listed,27.25,27.75,26.65,27.75,0.8,2.9685,15684289,429537107,6857,TWSE,common_stock,true,false,false,false,false,false,false,false,true,
2026-01-09,2606,裕民,listed,61.7,62.9,61.3,62.2,0.8,1.3029,8528475,529571968,5314,TWSE,common_stock,true,false,false,false,false,false,false,false,true,
2026-01-09,2607,榮運,listed,57.4,58.0,57.3,57.6,0.2,0.3484,414986,23887192,341,TWSE,common_stock,true,false,false,false,false,false,false,false,true,
2026-01-09,2608,嘉里大榮,listed,33.3,33.3,33.0,33.0,-0.05,-0.1513,216380,7148772,247,TWSE,common_stock,true,false,false,false,false,false,false,false,true,
2026-01-09,2609,陽明,listed,56.6,57.2,55.8,56.2,-0.1,-0.1776,13044688,733283679,10236,TWSE,common_stock,true,false,false,false,false,false,false,false,true,
2026-01-09,2610,華航,listed,20.5,20.65,20.35,20.45,0.05,0.2451,17031135,348419991,4861,TWSE,common_stock,true,false,false,false,false,false,false,false,true,
2026-01-09,2611,志信,listed,14.95,14.95,14.7,14.8,0.0,0.0,298103,4426758,217,TWSE,common_stock,true,false,false,false,false,false,false,false,true,
2026-01-09,2612,中航,listed,61.0,62.4,60.3,60.8,0.1,0.1647,1722892,105296538,1473,TWSE,common_stock,true,false,false,false,false,false,false,false,true,
2026-01-09,2613,中櫃,listed,24.3,24.4,23.8,24.0,0.0,0.0,289241,6929656,246,TWSE,common_stock,true,false,false,false,false,false,false,false,true,
2026-01-09,2614,東森,listed,22.6,22.75,22.15,22.25,-0.05,-0.2242,621786,13884946,481,TWSE,common_stock,true,false,false,false,false,false,false,false,true,
2026-01-09,2615,萬海,listed,79.8,80.2,78.9,79.2,0.0,0.0,4575543,363254811,3302,TWSE,common_stock,true,false,false,false,false,false,false,false,true,
2026-01-09,2616,山隆,listed,13.45,13.45,13.3,13.35,0.0,0.0,70776,946826,225,TWSE,common_stock,true,false,false,false,false,false,false,false,true,
2026-01-09,2617,台航,listed,31.0,31.45,31.0,31.4,0.4,1.2903,1174601,36731830,673,TWSE,common_stock,true,false,false,false,false,false,false,false,true,
2026-01-09,2618,長榮航,listed,36.75,37.15,36.5,36.55,0.1,0.2743,28223889,1036893670,10693,TWSE,common_stock,true,false,false,false,false,false,false,false,true,
2026-01-09,2630,亞航,listed,54.5,55.5,52.7,53.4,0.8,1.5209,8565177,459727965,5931,TWSE,common_stock,true,false,false,false,false,false,false,false,true,
2026-01-09,2633,台灣高鐵,listed,27.9,28.0,27.55,28.0,0.1,0.3584,4233754,117677575,1664,TWSE,common_stock,true,false,false,false,false,false,false,false,true,
2026-01-09,2634,漢翔,listed,55.6,56.4,52.8,53.1,-1.8,-3.2787,32216781,1746929240,26219,TWSE,common_stock,true,false,false,false,false,false,false,false,true,
2026-01-09,2636,台驊控股,listed,67.7,67.9,66.8,67.1,-0.3,-0.4451,123598,8294668,505,TWSE,common_stock,true,false,false,false,false,false,false,false,true,
2026-01-09,2637,慧洋-KY,listed,70.0,72.3,69.7,71.3,1.8,2.5899,10846582,772480463,7694,TWSE,common_stock,true,false,false,false,false,false,false,false,true,
2026-01-09,2642,宅配通,listed,25.7,25.95,25.5,25.75,0.05,0.1946,29735,764357,64,TWSE,common_stock,true,false,false,false,false,false,false,false,true,
2026-01-09,2645,長榮航太,listed,153.0,153.5,144.0,145.0,-6.0,-3.9735,4959231,731662123,5287,TWSE,common_stock,true,false,false,false,false,false,false,false,true,
2026-01-09,2646,星宇航空,listed,23.2,23.45,23.15,23.35,0.15,0.6466,2802575,65274851,1909,TWSE,common_stock,true,false,false,false,false,false,false,false,true,
2026-01-09,2701,萬企,listed,11.0,11.0,10.95,11.0,0.05,0.4566,70081,769412,50,TWSE,common_stock,true,false,false,false,false,false,false,false,true,
2026-01-09,2702,華園,listed,11.8,11.95,11.75,11.9,0.1,0.8475,48269,571510,57,TWSE,common_stock,true,false,false,false,false,false,false,false,true,
2026-01-09,2704,國賓,listed,42.4,42.6,41.85,42.4,-0.15,-0.3525,126510,5358158,75,TWSE,common_stock,true,false,false,false,false,false,false,false,true,
2026-01-09,2705,六福,listed,16.6,16.6,16.45,16.5,0.05,0.304,68806,1136680,65,TWSE,common_stock,true,false,false,false,false,false,false,false,true,
2026-01-09,2706,第一店,listed,12.9,12.9,12.8,12.85,0.0,0.0,97634,1254150,84,TWSE,common_stock,true,false,false,false,false,false,false,false,true,
2026-01-09,2707,晶華,listed,190.0,191.0,190.0,191.0,1.5,0.7916,80826,15403154,161,TWSE,common_stock,true,false,false,false,false,false,false,false,true,
2026-01-09,2712,遠雄來,listed,17.75,17.95,17.7,17.95,0.0,0.0,11010,195980,9,TWSE,common_stock,true,false,false,false,false,false,false,false,true,
2026-01-09,2722,夏都,listed,25.15,25.4,24.8,25.2,0.3,1.2048,34313,862817,59,TWSE,common_stock,true,false,false,false,false,false,false,false,true,
2026-01-09,2723,美食-KY,listed,71.0,71.3,70.0,70.1,-0.6,-0.8487,218252,15388057,287,TWSE,common_stock,true,false,false,false,false,false,false,false,true,
2026-01-09,2727,王品,listed,218.0,220.0,216.5,217.5,1.5,0.6944,458559,100125378,1172,TWSE,common_stock,true,false,false,false,false,false,false,false,true,
2026-01-09,2731,雄獅,listed,168.0,172.0,167.5,171.0,4.0,2.3952,1042697,177383181,1627,TWSE,common_stock,true,false,false,false,false,false,false,false,true,
2026-01-09,2739,寒舍,listed,35.05,35.5,35.0,35.2,-0.1,-0.2833,54566,1917436,80,TWSE,common_stock,true,false,false,false,false,false,false,false,true,
2026-01-09,2748,雲品,listed,42.3,42.4,42.0,42.4,-0.1,-0.2353,130162,5487638,142,TWSE,common_stock,true,false,false,false,false,false,false,false,true,
2026-01-09,2753,八方雲集,listed,192.0,192.5,190.5,192.5,1.5,0.7853,155886,29824933,229,TWSE,common_stock,true,false,false,false,false,false,false,false,true,
2026-01-09,2762,世界健身-KY,listed,76.0,76.3,75.6,75.8,0.1,0.1321,23260,1765083,41,TWSE,common_stock,true,false,false,false,false,false,false,false,true,
2026-01-09,2801,彰銀,listed,20.55,20.6,20.4,20.5,0.0,0.0,16023894,328079316,4004,TWSE,common_stock,true,false,false,false,false,false,false,false,true,
2026-01-09,2812,台中銀,listed,20.9,21.1,20.7,20.8,0.0,0.0,7998495,166656118,3973,TWSE,common_stock,true,false,false,false,false,false,false,false,true,
2026-01-09,2816,旺旺保,listed,28.85,29.3,28.85,28.85,0.0,0.0,95862,2782076,88,TWSE,common_stock,true,false,false,false,false,false,false,false,true,
2026-01-09,2820,華票,listed,16.4,16.5,16.4,16.4,0.0,0.0,620889,10199277,324,TWSE,common_stock,true,false,false,false,false,false,false,false,true,
2026-01-09,2832,台產,listed,50.1,50.4,49.65,50.1,0.1,0.2,115394,5768280,360,TWSE,common_stock,true,false,false,false,false,false,false,false,true,
2026-01-09,2834,臺企銀,listed,16.15,16.2,16.05,16.15,0.0,0.0,13335116,214967958,3581,TWSE,common_stock,true,false,false,false,false,false,false,false,true,
2026-01-09,2836,高雄銀,listed,12.25,12.25,12.2,12.25,0.1,0.823,873666,10693566,417,TWSE,common_stock,true,false,false,false,false,false,false,false,true,
2026-01-09,2836A,高雄銀甲特,listed,23.8,23.8,23.7,23.75,-0.05,-0.2101,23000,546150,10,TWSE,warrant,false,false,true,false,false,false,false,false,false,security_type=warrant;symbol_not_4_digit
2026-01-09,2838,聯邦銀,listed,19.0,19.1,18.9,18.9,-0.1,-0.5263,1742184,33018343,999,TWSE,common_stock,true,false,false,false,false,false,false,false,true,
2026-01-09,2838A,聯邦銀甲特,listed,54.6,54.6,54.5,54.6,0.1,0.1835,10000,545200,5,TWSE,warrant,false,false,true,false,false,false,false,false,false,security_type=warrant;symbol_not_4_digit
2026-01-09,2845,遠東銀,listed,12.85,12.85,12.8,12.85,0.05,0.3906,2813539,36070961,1091,TWSE,common_stock,true,false,false,false,false,false,false,false,true,
2026-01-09,2849,安泰銀,listed,13.45,13.45,13.35,13.35,-0.1,-0.7435,41439,555672,35,TWSE,common_stock,true,false,false,false,false,false,false,false,true,
2026-01-09,2850,新產,listed,116.5,117.0,115.5,117.0,1.0,0.8621,232475,27034434,329,TWSE,common_stock,true,false,false,false,false,false,false,false,true,
2026-01-09,2851,中再保,listed,26.65,26.9,26.55,26.6,0.0,0.0,1093791,29207916,521,TWSE,common_stock,true,false,false,false,false,false,false,false,true,
2026-01-09,2852,第一保,listed,27.8,27.8,27.6,27.7,0.0,0.0,155551,4308304,118,TWSE,common_stock,true,false,false,false,false,false,false,false,true,
2026-01-09,2855,統一證,listed,27.05,27.05,26.0,26.5,-0.3,-1.1194,10479628,277099254,4937,TWSE,etf,false,true,false,false,false,false,false,false,false,security_type=etf
2026-01-09,2867,三商壽,listed,7.79,7.83,7.77,7.79,-0.01,-0.1282,8298365,64680288,1910,TWSE,common_stock,true,false,false,false,false,false,false,false,true,
2026-01-09,2880,華南金,listed,31.6,31.95,31.6,31.85,0.35,1.1111,5298243,168500438,2557,TWSE,common_stock,true,false,false,false,false,false,false,false,true,
2026-01-09,2881,富邦金,listed,97.0,97.0,95.2,95.5,-1.5,-1.5464,16348577,1571291955,19154,TWSE,etf,false,true,false,false,false,false,false,false,false,security_type=etf
2026-01-09,2881A,富邦特,listed,63.3,63.3,63.2,63.3,-0.1,-0.1577,33436,2115434,19,TWSE,etf,false,true,true,false,false,false,false,false,false,security_type=etf;symbol_not_4_digit
2026-01-09,2881B,富邦金乙特,listed,61.8,61.9,61.8,61.9,-0.1,-0.1613,2630,162661,7,TWSE,etf,false,true,true,false,false,false,false,false,false,security_type=etf;symbol_not_4_digit
2026-01-09,2881C,富邦金丙特,listed,53.3,53.4,53.3,53.3,0.0,0.0,8931,474950,67,TWSE,etf,false,true,true,false,false,false,false,false,false,security_type=etf;symbol_not_4_digit
2026-01-09,2882,國泰金,listed,76.5,76.6,75.2,75.9,-0.5,-0.6545,15269795,1156756450,8738,TWSE,etf,false,true,false,false,false,false,false,false,false,security_type=etf
2026-01-09,2882A,國泰特,listed,60.8,60.9,60.8,60.9,0.0,0.0,51729,3146463,26,TWSE,etf,false,true,true,false,false,false,false,false,false,security_type=etf;symbol_not_4_digit
2026-01-09,2882B,國泰金乙特,listed,60.0,60.2,60.0,60.2,-0.1,-0.1658,6237,374935,10,TWSE,etf,false,true,true,false,false,false,false,false,false,security_type=etf;symbol_not_4_digit
2026-01-09,2883,凱基金,listed,17.6,17.7,17.35,17.45,-0.15,-0.8523,25916262,452066856,6092,TWSE,etf,false,true,false,false,false,false,false,false,false,security_type=etf
2026-01-09,2883B,凱基金乙特,listed,7.84,7.87,7.84,7.87,0.01,0.1272,551088,4327072,178,TWSE,etf,false,true,true,false,false,false,false,false,false,security_type=etf;symbol_not_4_digit
2026-01-09,2884,玉山金,listed,32.85,33.05,32.65,32.85,0.05,0.1524,22936877,751896517,11522,TWSE,common_stock,true,false,false,false,false,false,false,false,true,
2026-01-09,2885,元大金,listed,41.2,41.2,40.5,40.8,-0.3,-0.7299,11702383,477024253,10967,TWSE,etf,false,true,false,false,false,false,false,false,false,security_type=etf
2026-01-09,2886,兆豐金,listed,40.5,40.95,40.4,40.65,0.2,0.4944,13684490,555999878,6232,TWSE,etf,false,true,false,false,false,false,false,false,false,security_type=etf
2026-01-09,2887,台新新光金,listed,20.75,20.95,20.55,20.85,0.1,0.4819,32154456,667810415,7017,TWSE,common_stock,true,false,false,false,false,false,false,false,true,
2026-01-09,2887E,台新新光戊特一,listed,50.0,50.2,49.85,50.0,-0.1,-0.1996,172187,8616626,42,TWSE,warrant,false,false,true,false,false,false,false,false,false,security_type=warrant;symbol_not_4_digit
2026-01-09,2887F,台新新光戊特二,listed,47.1,47.25,47.1,47.25,-0.05,-0.1057,6139,289354,9,TWSE,warrant,false,false,true,false,false,false,false,false,false,security_type=warrant;symbol_not_4_digit
2026-01-09,2887G,台新新光庚特一,listed,39.5,39.6,39.45,39.5,0.0,0.0,16524,653244,17,TWSE,warrant,false,false,true,false,false,false,false,false,false,security_type=warrant;symbol_not_4_digit
2026-01-09,2887H,台新新光庚特二,listed,39.3,39.45,39.0,39.25,0.05,0.1276,338681,13291978,88,TWSE,warrant,false,false,true,false,false,false,false,false,false,security_type=warrant;symbol_not_4_digit
2026-01-09,2887I,台新新光辛特,listed,9.33,9.34,9.32,9.32,0.0,0.0,4383678,40894422,554,TWSE,warrant,false,false,true,false,false,false,false,false,false,security_type=warrant;symbol_not_4_digit
2026-01-09,2887Z1,台新新光己特,listed,16.6,16.6,16.6,16.6,0.05,0.3021,1285,21309,4,TWSE,warrant,false,false,true,false,false,false,false,false,false,security_type=warrant;symbol_not_4_digit
2026-01-09,2889,國票金,listed,16.75,16.85,16.7,16.75,0.05,0.2994,4410580,74441640,1250,TWSE,common_stock,true,false,false,false,false,false,false,false,true,
2026-01-09,2890,永豐金,listed,29.2,29.45,29.0,29.2,0.0,0.0,18824696,548986158,7023,TWSE,etf,false,true,false,false,false,false,false,false,false,security_type=etf
2026-01-09,2891,中信金,listed,49.4,49.7,49.3,49.7,0.35,0.7092,18284802,896599424,4842,TWSE,etf,false,true,false,false,false,false,false,false,false,security_type=etf
2026-01-09,2891B,中信金乙特,listed,63.4,63.8,63.4,63.6,-0.2,-0.3135,3302,209950,10,TWSE,etf,false,true,true,false,false,false,false,false,false,security_type=etf;symbol_not_4_digit
2026-01-09,2891C,中信金丙特,listed,,,,,0.0,,68,4071,4,TWSE,etf,false,true,true,false,false,false,false,false,false,security_type=etf;symbol_not_4_digit;invalid_close
2026-01-09,2892,第一金,listed,29.6,29.8,29.45,29.7,0.05,0.1686,12936860,383330878,5046,TWSE,common_stock,true,false,false,false,false,false,false,false,true,
2026-01-09,2897,王道銀行,listed,9.15,9.17,9.15,9.16,0.0,0.0,1610203,14743103,430,TWSE,common_stock,true,false,false,false,false,false,false,false,true,
2026-01-09,2897B,王道銀乙特,listed,11.8,11.8,11.8,11.8,-0.05,-0.4219,131396,1550472,43,TWSE,warrant,false,false,true,false,false,false,false,false,false,security_type=warrant;symbol_not_4_digit
2026-01-09,2901,欣欣,listed,24.75,25.0,24.75,25.0,0.25,1.0101,13648,339480,35,TWSE,common_stock,true,false,false,false,false,false,false,false,true,
2026-01-09,2903,遠百,listed,22.3,22.45,22.15,22.4,0.15,0.6742,2498351,55741383,1078,TWSE,common_stock,true,false,false,false,false,false,false,false,true,
2026-01-09,2904,匯僑,listed,17.0,17.05,17.0,17.05,0.0,0.0,33105,563243,23,TWSE,common_stock,true,false,false,false,false,false,false,false,true,
2026-01-09,2905,三商,listed,15.75,15.95,15.65,15.7,0.0,0.0,327688,5152940,222,TWSE,common_stock,true,false,false,false,false,false,false,false,true,
2026-01-09,2906,高林,listed,12.5,12.6,12.35,12.4,-0.1,-0.8,134667,1673663,283,TWSE,common_stock,true,false,false,false,false,false,false,false,true,
2026-01-09,2908,特力,listed,20.2,20.2,20.0,20.2,0.0,0.0,104950,2110456,62,TWSE,common_stock,true,false,false,false,false,false,false,false,true,
2026-01-09,2910,統領,listed,20.55,20.75,20.55,20.75,-0.05,-0.2404,5779,119538,11,TWSE,common_stock,true,false,false,false,false,false,false,false,true,
2026-01-09,2911,麗嬰房,listed,5.11,5.25,5.01,5.06,-0.23,-4.3478,36338,184988,82,TWSE,common_stock,true,false,false,false,false,false,false,false,true,
2026-01-09,2912,統一超,listed,218.5,221.0,218.5,221.0,2.5,1.1442,798306,176008112,1374,TWSE,etf,false,true,false,false,false,false,false,false,false,security_type=etf
2026-01-09,2913,農林,listed,13.4,13.5,13.2,13.25,-0.1,-0.7491,1129988,15038670,480,TWSE,common_stock,true,false,false,false,false,false,false,false,true,
2026-01-09,2915,潤泰全,listed,52.9,53.0,52.0,52.2,-0.3,-0.5714,3049471,159428232,1666,TWSE,common_stock,true,false,false,false,false,false,false,false,true,
2026-01-09,2923,鼎固-KY,listed,19.7,20.25,19.7,19.85,-0.15,-0.75,14237,283213,52,TWSE,common_stock,true,false,false,false,false,false,false,false,true,
2026-01-09,2929,淘帝-KY,listed,7.75,7.75,7.63,7.74,-0.01,-0.129,158393,1220272,108,TWSE,common_stock,true,false,false,false,false,false,false,false,true,
2026-01-09,2939,永邑-KY,listed,23.55,23.7,23.45,23.7,-0.35,-1.4553,17243,407495,38,TWSE,common_stock,true,false,false,false,false,false,false,false,true,
2026-01-09,2945,三商家購,listed,37.35,37.7,37.3,37.3,-0.2,-0.5333,11225,420435,16,TWSE,warrant,false,false,true,false,false,false,false,false,false,security_type=warrant
2026-01-09,3002,歐格,listed,23.7,23.7,23.1,23.3,-0.4,-1.6878,857962,20056075,664,TWSE,common_stock,true,false,false,false,false,false,false,false,true,
2026-01-09,3003,健和興,listed,46.7,46.9,45.3,46.1,-0.2,-0.432,308491,14155028,298,TWSE,common_stock,true,false,false,false,false,false,false,false,true,
2026-01-09,3004,豐達科,listed,111.5,114.5,110.0,111.0,0.5,0.4525,561972,62748507,1053,TWSE,common_stock,true,false,false,false,false,false,false,false,true,
2026-01-09,3005,神基,listed,116.0,117.0,114.0,116.5,2.0,1.7467,2417275,280720081,1833,TWSE,common_stock,true,false,false,false,false,false,false,false,true,
2026-01-09,3006,晶豪科,listed,142.0,142.0,132.5,136.0,-10.5,-7.1672,5138833,697754889,3571,TWSE,common_stock,true,false,false,false,false,false,false,false,true,
2026-01-09,3008,大立光,listed,2370.0,2560.0,2360.0,2530.0,55.0,2.2222,2450796,6017029645,9676,TWSE,common_stock,true,false,false,false,false,false,false,false,true,
2026-01-09,3010,華立,listed,108.5,109.5,106.0,109.0,0.5,0.4608,928064,100210665,1019,TWSE,common_stock,true,false,false,false,false,false,false,false,true,
2026-01-09,3011,今皓,listed,14.45,14.45,13.8,14.1,-0.1,-0.7042,983686,13758455,484,TWSE,common_stock,true,false,false,false,false,false,false,false,true,
2026-01-09,3013,晟銘電,listed,126.5,128.5,123.0,123.5,0.5,0.4065,4876371,609891502,3877,TWSE,common_stock,true,false,false,false,false,false,false,false,true,
2026-01-09,3014,聯陽,listed,116.0,116.5,113.5,115.0,-1.5,-1.2876,966056,110622503,1079,TWSE,common_stock,true,false,false,false,false,false,false,false,true,
2026-01-09,3015,全漢,listed,51.1,51.6,50.6,50.8,-0.3,-0.5871,323089,16466022,325,TWSE,common_stock,true,false,false,false,false,false,false,false,true,
2026-01-09,3016,嘉晶,listed,59.2,59.3,55.1,56.6,-3.4,-5.6667,4284073,244341043,5356,TWSE,common_stock,true,false,false,false,false,false,false,false,true,
2026-01-09,3017,奇鋐,listed,1370.0,1415.0,1360.0,1375.0,20.0,1.476,6867721,9535800465,16110,TWSE,common_stock,true,false,false,false,false,false,false,false,true,
2026-01-09,3018,隆銘綠能,listed,,,,,0.0,,1845,21217,43,TWSE,other,false,false,false,false,false,false,false,false,false,invalid_close
2026-01-09,3019,亞光,listed,142.5,143.5,139.5,140.5,-2.0,-1.4035,2627547,370689283,3088,TWSE,common_stock,true,false,false,false,false,false,false,false,true,
2026-01-09,3021,鴻名,listed,17.9,17.9,17.7,17.75,-0.1,-0.5602,50100,891579,37,TWSE,common_stock,true,false,false,false,false,false,false,false,true,
2026-01-09,3022,威強電,listed,65.2,66.5,64.7,65.1,0.6,0.9302,1673191,109607797,1145,TWSE,common_stock,true,false,false,false,false,false,false,false,true,
2026-01-09,3023,信邦,listed,189.0,193.0,189.0,193.0,4.5,2.3873,923324,176991754,1038,TWSE,common_stock,true,false,false,false,false,false,false,false,true,
2026-01-09,3024,憶聲,listed,11.4,11.45,11.0,11.1,-0.3,-2.6316,738894,8251603,518,TWSE,common_stock,true,false,false,false,false,false,false,false,true,
2026-01-09,3025,星通,listed,71.5,73.3,69.6,70.9,0.1,0.1412,3383009,241377171,4918,TWSE,common_stock,true,false,false,false,false,false,false,false,true,
2026-01-09,3026,禾伸堂,listed,104.5,104.5,102.0,104.0,-0.5,-0.4785,981706,101512504,1036,TWSE,common_stock,true,false,false,false,false,false,false,false,true,
2026-01-09,3027,盛達,listed,25.9,25.9,24.5,24.95,-0.95,-3.668,3471656,86911352,2285,TWSE,common_stock,true,false,false,false,false,false,false,false,true,
2026-01-09,3028,增你強,listed,39.5,39.6,38.5,38.85,-0.95,-2.3869,3397605,132663428,2786,TWSE,common_stock,true,false,false,false,false,false,false,false,true,
2026-01-09,3029,零壹,listed,112.0,113.5,111.0,112.5,0.0,0.0,620487,69705367,634,TWSE,common_stock,true,false,false,false,false,false,false,false,true,
2026-01-09,3030,德律,listed,172.5,176.5,169.5,173.0,3.5,2.0649,2724381,472587554,2947,TWSE,common_stock,true,false,false,false,false,false,false,false,true,
2026-01-09,3031,佰鴻,listed,19.5,19.5,19.0,19.4,-0.1,-0.5128,383001,7377233,223,TWSE,common_stock,true,false,false,false,false,false,false,false,true,
2026-01-09,3032,偉訓,listed,74.9,75.7,73.5,74.4,-0.2,-0.2681,359467,26819631,381,TWSE,common_stock,true,false,false,false,false,false,false,false,true,
2026-01-09,3033,威健,listed,31.35,31.35,30.6,31.05,-0.45,-1.4286,2708935,83727564,1942,TWSE,common_stock,true,false,false,false,false,false,false,false,true,
2026-01-09,3034,聯詠,listed,384.5,389.0,379.0,380.0,-5.0,-1.2987,3978274,1524355599,6787,TWSE,common_stock,true,false,false,false,false,false,false,false,true,
2026-01-09,3035,智原,listed,170.5,170.5,165.5,167.5,-3.0,-1.7595,4358975,730908202,5042,TWSE,common_stock,true,false,false,false,false,false,false,false,true,
2026-01-09,3036,文曄,listed,146.5,147.0,143.0,146.5,1.0,0.6873,2579851,375693866,1980,TWSE,common_stock,true,false,false,false,false,false,false,false,true,
2026-01-09,3036A,文曄甲特,listed,51.5,51.5,51.4,51.4,-0.1,-0.1942,418274,21512308,206,TWSE,warrant,false,false,true,false,false,false,false,false,false,security_type=warrant;symbol_not_4_digit
2026-01-09,3037,欣興,listed,229.0,229.5,221.5,225.5,-2.0,-0.8791,19385893,4371176729,16455,TWSE,common_stock,true,false,false,false,false,false,false,false,true,
2026-01-09,3038,全台,listed,23.3,23.4,23.0,23.2,-0.2,-0.8547,233123,5411148,266,TWSE,common_stock,true,false,false,false,false,false,false,false,true,
2026-01-09,3040,遠見,listed,53.4,54.9,52.5,52.8,-1.7,-3.1193,598556,32031993,688,TWSE,common_stock,true,false,false,false,false,false,false,false,true,
2026-01-09,3041,揚智,listed,25.1,25.1,24.3,24.75,-0.05,-0.2016,536107,13212600,512,TWSE,common_stock,true,false,false,false,false,false,false,false,true,
2026-01-09,3042,晶技,listed,80.1,81.2,80.1,80.4,0.7,0.8783,1902972,153374823,1767,TWSE,common_stock,true,false,false,false,false,false,false,false,true,
2026-01-09,3043,科風,listed,21.4,21.4,20.75,21.05,-0.45,-2.093,112125,2361551,119,TWSE,common_stock,true,false,false,false,false,false,false,false,true,
2026-01-09,3044,健鼎,listed,316.5,320.5,314.0,318.5,1.5,0.4732,2031511,646486885,3062,TWSE,common_stock,true,false,false,false,false,false,false,false,true,
2026-01-09,3045,台灣大,listed,107.0,108.0,107.0,107.5,0.5,0.4673,6826300,733520678,3052,TWSE,common_stock,true,false,false,false,false,false,false,false,true,
2026-01-09,3046,建碁,listed,54.5,54.6,53.1,53.6,-0.9,-1.6514,730878,39429875,777,TWSE,common_stock,true,false,false,false,false,false,false,false,true,
2026-01-09,3047,訊舟,listed,17.8,18.0,17.6,17.9,0.05,0.2801,901221,16068401,591,TWSE,common_stock,true,false,false,false,false,false,false,false,true,
2026-01-09,3048,益登,listed,41.6,42.8,41.2,41.95,0.4,0.9627,4574425,191987860,3525,TWSE,common_stock,true,false,false,false,false,false,false,false,true,
2026-01-09,3049,精金,listed,7.01,7.08,6.6,6.96,-0.09,-1.2766,6906690,47488089,2354,TWSE,common_stock,true,false,false,false,false,false,false,false,true,
2026-01-09,3050,鈺德,listed,13.7,13.75,13.05,13.2,-0.4,-2.9412,1032415,13720883,530,TWSE,common_stock,true,false,false,false,false,false,false,false,true,
2026-01-09,3051,力特,listed,20.65,20.75,19.3,19.5,-1.35,-6.4748,1945413,38602034,1347,TWSE,common_stock,true,false,false,false,false,false,false,false,true,
2026-01-09,3052,夆典,listed,11.95,11.95,11.8,11.85,0.0,0.0,498636,5901472,219,TWSE,common_stock,true,false,false,false,false,false,false,false,true,
2026-01-09,3054,立萬利,listed,30.55,31.3,30.55,30.65,-1.0,-3.1596,44991,1381437,47,TWSE,common_stock,true,false,false,false,false,false,false,false,true,
2026-01-09,3055,蔚華科,listed,72.0,74.0,71.1,72.1,2.1,3.0,636804,46052122,1010,TWSE,common_stock,true,false,false,false,false,false,false,false,true,
2026-01-09,3056,富華新,listed,17.85,18.1,17.75,18.1,0.25,1.4006,1125856,20261887,772,TWSE,common_stock,true,false,false,false,false,false,false,false,true,
2026-01-09,3057,喬鼎,listed,22.65,22.65,20.4,21.25,-1.4,-6.181,1201502,25552922,1516,TWSE,common_stock,true,false,false,false,false,false,false,false,true,
2026-01-09,3058,立德,listed,9.66,9.66,9.21,9.49,-0.12,-1.2487,1405728,13339917,775,TWSE,common_stock,true,false,false,false,false,false,false,false,true,
2026-01-09,3059,華晶科,listed,40.2,40.65,39.6,40.45,0.25,0.6219,1999202,80417907,1660,TWSE,common_stock,true,false,false,false,false,false,false,false,true,
2026-01-09,3060,銘異,listed,36.0,36.0,32.95,33.15,-3.4,-9.3023,21218106,722762719,12562,TWSE,common_stock,true,false,false,false,false,false,false,false,true,
2026-01-09,3062,建漢,listed,23.35,23.4,22.85,23.25,0.0,0.0,1896687,43840093,999,TWSE,common_stock,true,false,false,false,false,false,false,false,true,
2026-01-09,3090,日電貿,listed,100.5,104.0,98.3,101.0,1.3,1.3039,7648369,773779127,5769,TWSE,common_stock,true,false,false,false,false,false,false,false,true,
2026-01-09,3092,鴻碩,listed,29.4,29.4,26.0,27.6,-0.9,-3.1579,999264,27582080,737,TWSE,common_stock,true,false,false,false,false,false,false,false,true,
2026-01-09,3094,聯傑,listed,25.0,25.15,24.25,24.8,-0.2,-0.8,261645,6484311,226,TWSE,common_stock,true,false,false,false,false,false,false,false,true,
2026-01-09,3130,一零四,listed,223.0,223.5,222.5,223.0,0.0,0.0,26099,5816116,1094,TWSE,common_stock,true,false,false,false,false,false,false,false,true,
2026-01-09,3135,凌航,listed,92.5,95.8,86.6,94.5,1.9,2.0518,4905205,446281142,5263,TWSE,common_stock,true,false,false,false,false,false,false,false,true,
2026-01-09,3138,耀登,listed,117.0,124.5,117.0,124.5,11.0,9.6916,4029780,494284650,3169,TWSE,common_stock,true,false,false,false,false,false,false,false,true,
2026-01-09,3149,正達,listed,41.45,43.0,39.55,41.4,0.7,1.7199,12558484,516052054,9910,TWSE,common_stock,true,false,false,false,false,false,false,false,true,
2026-01-09,3150,鈺寶-創,listed,21.65,21.65,20.35,20.65,-0.5,-2.3641,73689,1530619,47,TWSE,common_stock,true,false,false,false,false,false,false,false,true,
2026-01-09,3164,景岳,listed,18.55,18.55,18.05,18.25,-0.2,-1.084,83150,1513211,120,TWSE,common_stock,true,false,false,false,false,false,false,false,true,
2026-01-09,3167,大量,listed,215.5,223.0,214.5,220.5,6.5,3.0374,6513852,1429593653,6250,TWSE,common_stock,true,false,false,false,false,false,false,false,true,
2026-01-09,3168,眾福科,listed,40.65,40.65,40.35,40.35,-0.7,-1.7052,16504,669115,30,TWSE,common_stock,true,false,false,false,false,false,false,false,true,
2026-01-09,3189,景碩,listed,166.0,177.0,164.5,168.5,2.5,1.506,31041101,5318983421,27696,TWSE,common_stock,true,false,false,false,false,false,false,false,true,
2026-01-09,3209,全科,listed,31.85,32.15,31.7,32.1,0.25,0.7849,438176,13994412,334,TWSE,common_stock,true,false,false,false,false,false,false,false,true,
2026-01-09,3229,晟鈦,listed,22.95,23.5,22.25,22.7,-0.7,-2.9915,295584,6755139,275,TWSE,common_stock,true,false,false,false,false,false,false,false,true,
2026-01-09,3231,緯創,listed,150.5,153.0,148.0,149.0,-2.0,-1.3245,52832497,7903760959,36114,TWSE,common_stock,true,false,false,false,false,false,false,false,true,
2026-01-09,3257,虹冠電,listed,64.1,64.7,63.0,64.3,-2.8,-4.1729,1128919,72330219,1037,TWSE,common_stock,true,false,false,false,false,false,false,false,true,
2026-01-09,3266,昇陽,listed,14.3,14.3,14.0,14.2,0.05,0.3534,48050,676825,37,TWSE,common_stock,true,false,false,false,false,false,false,false,true,
2026-01-09,3296,勝德,listed,24.0,24.0,23.4,23.5,0.0,0.0,28159,663695,71,TWSE,common_stock,true,false,false,false,false,false,false,false,true,
2026-01-09,3305,昇貿,listed,108.0,114.0,108.0,110.5,2.0,1.8433,11026245,1226845249,9190,TWSE,common_stock,true,false,false,false,false,false,false,false,true,
2026-01-09,3308,聯德,listed,21.4,21.4,21.0,21.05,-0.4,-1.8648,144769,3062570,144,TWSE,common_stock,true,false,false,false,false,false,false,false,true,
2026-01-09,3311,閎暉,listed,31.45,31.7,30.95,31.45,0.0,0.0,166949,5229802,146,TWSE,common_stock,true,false,false,false,false,false,false,false,true,
2026-01-09,3312,弘憶股,listed,42.0,43.0,41.2,41.9,-0.25,-0.5931,6594669,279800695,4582,TWSE,common_stock,true,false,false,false,false,false,false,false,true,
2026-01-09,3321,同泰,listed,19.35,19.55,18.5,19.0,-0.35,-1.8088,802949,15347619,732,TWSE,common_stock,true,false,false,false,false,false,false,false,true,
2026-01-09,3338,泰碩,listed,49.35,49.5,48.1,48.55,-0.65,-1.3211,245805,11999241,270,TWSE,common_stock,true,false,false,false,false,false,false,false,true,
2026-01-09,3346,麗清,listed,18.7,19.5,18.65,18.9,0.05,0.2653,153328,2907337,182,TWSE,common_stock,true,false,false,false,false,false,false,false,true,
2026-01-09,3356,奇偶,listed,46.65,47.0,45.95,46.55,-0.15,-0.3212,176978,8233903,458,TWSE,common_stock,true,false,false,false,false,false,false,false,true,
2026-01-09,3376,新日興,listed,224.0,239.5,215.5,228.5,5.5,2.4664,12272909,2809911684,23823,TWSE,common_stock,true,false,false,false,false,false,false,false,true,
2026-01-09,3380,明泰,listed,31.8,32.15,31.1,31.65,-0.1,-0.315,1417464,44790443,1244,TWSE,common_stock,true,false,false,false,false,false,false,false,true,
2026-01-09,3406,玉晶光,listed,436.0,459.5,436.0,456.0,27.5,6.4177,2662360,1202671305,3943,TWSE,common_stock,true,false,false,false,false,false,false,false,true,
2026-01-09,3413,京鼎,listed,279.0,279.5,272.5,277.0,-2.5,-0.8945,1600311,440322677,2664,TWSE,common_stock,true,false,false,false,false,false,false,false,true,
2026-01-09,3416,融程電,listed,150.0,152.5,146.5,148.5,1.0,0.678,323563,48069344,364,TWSE,common_stock,true,false,false,false,false,false,false,false,true,
2026-01-09,3419,譁裕,listed,13.7,13.8,13.4,13.8,0.1,0.7299,477661,6518424,244,TWSE,common_stock,true,false,false,false,false,false,false,false,true,
2026-01-09,3432,台端,listed,14.05,14.1,14.0,14.0,-0.05,-0.3559,15423,216435,14,TWSE,common_stock,true,false,false,false,false,false,false,false,true,
2026-01-09,3437,榮創,listed,15.7,15.85,14.9,15.15,-0.3,-1.9417,1311664,20130809,796,TWSE,common_stock,true,false,false,false,false,false,false,false,true,
2026-01-09,3443,創意,listed,2420.0,2420.0,2315.0,2365.0,-85.0,-3.4694,2612546,6159619135,9764,TWSE,common_stock,true,false,false,false,false,false,false,false,true,
2026-01-09,3447,展達,listed,48.1,48.85,47.3,48.0,0.0,0.0,236336,11396759,246,TWSE,common_stock,true,false,false,false,false,false,false,false,true,
2026-01-09,3450,聯鈞,listed,259.5,266.0,252.0,260.5,1.0,0.3854,6949631,1802317104,10078,TWSE,common_stock,true,false,false,false,false,false,false,false,true,
2026-01-09,3454,晶睿,listed,98.8,98.9,98.7,98.8,0.0,0.0,209411,20685134,213,TWSE,common_stock,true,false,false,false,false,false,false,false,true,
2026-01-09,3481,群創,listed,21.0,21.1,19.6,20.0,-0.75,-3.6145,171731636,3463658027,63654,TWSE,common_stock,true,false,false,false,false,false,false,false,true,
2026-01-09,3494,誠研,listed,8.63,8.63,8.0,8.49,-0.01,-0.1176,5486189,45693672,201,TWSE,common_stock,true,false,false,false,false,false,false,false,true,
2026-01-09,3501,維熹,listed,48.25,48.25,47.85,48.25,0.0,0.0,69057,3316747,100,TWSE,common_stock,true,false,false,false,false,false,false,false,true,
2026-01-09,3504,揚明光,listed,51.0,51.4,50.1,51.1,0.6,1.1881,94484,4786946,90,TWSE,common_stock,true,false,false,false,false,false,false,false,true,
2026-01-09,3515,華擎,listed,242.0,247.0,239.5,246.0,4.0,1.6529,712838,173629123,1093,TWSE,common_stock,true,false,false,false,false,false,false,false,true,
2026-01-09,3518,柏騰,listed,21.6,21.7,21.4,21.7,0.15,0.6961,179476,3870619,128,TWSE,common_stock,true,false,false,false,false,false,false,false,true,
2026-01-09,3528,安馳,listed,66.4,68.2,66.1,67.3,1.7,2.5915,335211,22602558,674,TWSE,common_stock,true,false,false,false,false,false,false,false,true,
2026-01-09,3530,晶相光,listed,75.4,76.5,74.3,76.3,0.9,1.1936,431046,32639034,965,TWSE,common_stock,true,false,false,false,false,false,false,false,true,
2026-01-09,3532,台勝科,listed,113.0,115.0,105.0,110.5,-3.0,-2.6432,5727041,630270589,4774,TWSE,common_stock,true,false,false,false,false,false,false,false,true,
2026-01-09,3533,嘉澤,listed,1440.0,1460.0,1380.0,1410.0,5.0,0.3559,2887843,4093505210,5751,TWSE,common_stock,true,false,false,false,false,false,false,false,true,
2026-01-09,3535,晶彩科,listed,94.0,97.2,91.4,94.5,0.4,0.4251,6085010,578366501,8604,TWSE,common_stock,true,false,false,false,false,false,false,false,true,
2026-01-09,3543,州巧,listed,42.65,46.75,42.65,46.75,4.25,10.0,7695221,354072440,6033,TWSE,common_stock,true,false,false,false,false,false,false,false,true,
2026-01-09,3545,敦泰,listed,53.1,53.6,51.7,52.8,0.2,0.3802,992618,52392991,831,TWSE,common_stock,true,false,false,false,false,false,false,false,true,
2026-01-09,3550,聯穎,listed,15.0,15.35,14.45,15.15,0.25,1.6779,1093148,16380212,623,TWSE,common_stock,true,false,false,false,false,false,false,false,true,
2026-01-09,3557,嘉威,listed,36.25,36.3,35.5,35.6,-0.3,-0.8357,72637,2601380,162,TWSE,common_stock,true,false,false,false,false,false,false,false,true,
2026-01-09,3563,牧德,listed,504.0,515.0,495.5,509.0,6.0,1.1928,584965,295343098,1152,TWSE,common_stock,true,false,false,false,false,false,false,false,true,
2026-01-09,3576,聯合再生,listed,9.33,9.43,8.8,9.07,-0.36,-3.8176,17768114,161426308,6580,TWSE,common_stock,true,false,false,false,false,false,false,false,true,
2026-01-09,3583,辛耘,listed,341.0,345.5,335.5,344.0,2.5,0.7321,498635,170478561,1036,TWSE,common_stock,true,false,false,false,false,false,false,false,true,
2026-01-09,3588,通嘉,listed,54.5,56.2,51.2,52.0,-2.2,-4.059,5601524,302728602,5996,TWSE,common_stock,true,false,false,false,false,false,false,false,true,
2026-01-09,3591,艾笛森,listed,18.2,18.3,17.85,18.3,-0.05,-0.2725,192159,3477315,186,TWSE,common_stock,true,false,false,false,false,false,false,false,true,
2026-01-09,3592,瑞鼎,listed,222.0,222.0,216.0,220.5,-1.5,-0.6757,589041,129224102,1493,TWSE,common_stock,true,false,false,false,false,false,false,false,true,
2026-01-09,3593,力銘,listed,13.0,13.0,13.0,13.0,0.1,0.7752,43032,559420,51,TWSE,common_stock,true,false,false,false,false,false,false,false,true,
2026-01-09,3596,智易,listed,173.0,175.0,172.5,173.0,1.0,0.5814,492233,85516404,522,TWSE,common_stock,true,false,false,false,false,false,false,false,true,
2026-01-09,3605,宏致,listed,61.0,61.2,59.4,59.9,-1.0,-1.642,1398425,84048369,1290,TWSE,common_stock,true,false,false,false,false,false,false,false,true,
2026-01-09,3607,谷崧,listed,14.25,14.45,14.0,14.2,-0.05,-0.3509,307610,4390007,195,TWSE,common_stock,true,false,false,false,false,false,false,false,true,
2026-01-09,3617,碩天,listed,193.5,193.5,183.0,190.5,-2.5,-1.2953,1102515,206508891,1439,TWSE,common_stock,true,false,false,false,false,false,false,false,true,
2026-01-09,3622,洋華,listed,65.3,69.6,64.5,68.4,5.1,8.0569,4404537,300844294,3886,TWSE,common_stock,true,false,false,false,false,false,false,false,true,
2026-01-09,3645,達邁,listed,52.5,54.6,52.5,53.0,0.9,1.7274,1898137,101638333,1445,TWSE,common_stock,true,false,false,false,false,false,false,false,true,
2026-01-09,3652,精聯,listed,28.55,28.9,28.5,28.85,-0.05,-0.173,25027,718830,25,TWSE,common_stock,true,false,false,false,false,false,false,false,true,
2026-01-09,3653,健策,listed,2460.0,2575.0,2450.0,2565.0,120.0,4.908,2076984,5264504720,6385,TWSE,common_stock,true,false,false,false,false,false,false,false,true,
2026-01-09,3661,世芯-KY,listed,3635.0,3655.0,3545.0,3570.0,-30.0,-0.8333,1157003,4147860270,8686,TWSE,common_stock,true,false,false,false,false,false,false,false,true,
2026-01-09,3665,貿聯-KY,listed,1410.0,1475.0,1410.0,1425.0,15.0,1.0638,3161947,4552067660,5155,TWSE,common_stock,true,false,false,false,false,false,false,false,true,
2026-01-09,3669,圓展,listed,39.05,39.8,37.55,39.8,0.3,0.7595,335357,13009977,372,TWSE,common_stock,true,false,false,false,false,false,false,false,true,
2026-01-09,3673,TPK-KY,listed,41.65,41.95,40.75,41.1,-0.05,-0.1215,1277951,52561937,1158,TWSE,common_stock,true,false,false,false,false,false,false,false,true,
2026-01-09,3679,新至陞,listed,116.0,116.0,114.0,114.5,-1.5,-1.2931,23704,2721935,311,TWSE,common_stock,true,false,false,false,false,false,false,false,true,
2026-01-09,3686,達能,listed,18.75,18.75,17.8,18.0,-0.2,-1.0989,206215,3715964,205,TWSE,common_stock,true,false,false,false,false,false,false,false,true,
2026-01-09,3694,海華,listed,58.2,59.3,57.6,58.5,0.4,0.6885,579094,33839924,537,TWSE,common_stock,true,false,false,false,false,false,false,false,true,
2026-01-09,3701,大眾控,listed,51.1,51.2,49.05,51.0,0.4,0.7905,1076836,54121702,874,TWSE,common_stock,true,false,false,false,false,false,false,false,true,
2026-01-09,3702,大聯大,listed,63.4,64.3,62.6,64.2,0.7,1.1024,11285267,718183177,6934,TWSE,common_stock,true,false,false,false,false,false,false,false,true,
2026-01-09,3703,欣陸,listed,22.35,23.1,22.3,23.05,0.7,3.132,1603182,36588019,717,TWSE,common_stock,true,false,false,false,false,false,false,false,true,
2026-01-09,3704,合勤控,listed,33.15,33.45,32.35,32.5,-0.45,-1.3657,1383887,45235389,1358,TWSE,common_stock,true,false,false,false,false,false,false,false,true,
2026-01-09,3705,永信,listed,57.3,57.6,56.9,57.4,0.1,0.1745,218487,12529611,282,TWSE,common_stock,true,false,false,false,false,false,false,false,true,
2026-01-09,3706,神達,listed,90.0,90.1,86.0,88.8,-3.2,-3.4783,53262160,4716733797,81843,TWSE,common_stock,true,false,false,false,false,false,false,false,true,
2026-01-09,3708,上緯投控,listed,108.0,110.5,106.0,110.5,1.5,1.3761,856283,92718442,840,TWSE,common_stock,true,false,false,false,false,false,false,false,true,
2026-01-09,3711,日月光投控,listed,273.0,274.0,261.5,272.0,-1.5,-0.5484,17928197,4831620413,23528,TWSE,common_stock,true,false,false,false,false,false,false,false,true,
2026-01-09,3712,永崴投控,listed,24.65,24.9,23.9,24.9,0.6,2.4691,850217,20871451,532,TWSE,common_stock,true,false,false,false,false,false,false,false,true,
2026-01-09,3714,富采,listed,35.5,35.55,34.3,34.95,-0.4,-1.1315,3162454,109992312,2300,TWSE,common_stock,true,false,false,false,false,false,false,false,true,
2026-01-09,3715,定穎投控,listed,135.0,139.5,135.0,139.5,12.5,9.8425,65434188,9067983112,26280,TWSE,common_stock,true,false,false,false,false,false,false,false,true,
2026-01-09,3716,中化控股,listed,33.5,33.7,33.3,33.6,0.15,0.4484,126523,4247406,104,TWSE,common_stock,true,false,false,false,false,false,false,false,true,
2026-01-09,3717,聯嘉投控,listed,17.0,17.25,16.85,17.15,0.0,0.0,473738,8085469,251,TWSE,common_stock,true,false,false,false,false,false,false,false,true,
2026-01-09,4104,佳醫,listed,79.1,79.3,78.6,79.2,0.1,0.1264,204968,16184107,486,TWSE,common_stock,true,false,false,false,false,false,false,false,true,
2026-01-09,4106,雃博,listed,22.15,22.3,22.1,22.2,0.05,0.2257,88230,1956879,83,TWSE,common_stock,true,false,false,false,false,false,false,false,true,
2026-01-09,4108,懷特,listed,13.75,14.15,13.65,14.0,0.25,1.8182,117986,1635373,166,TWSE,common_stock,true,false,false,false,false,false,false,false,true,
2026-01-09,4119,旭富,listed,50.1,53.0,50.0,51.2,2.05,4.1709,885080,45205465,895,TWSE,common_stock,true,false,false,false,false,false,false,false,true,
2026-01-09,4133,亞諾法,listed,22.7,23.45,22.7,23.25,0.6,2.649,114991,2666760,181,TWSE,common_stock,true,false,false,false,false,false,false,false,true,
2026-01-09,4137,麗豐-KY,listed,103.5,103.5,101.5,102.5,-0.5,-0.4854,227719,23338759,208,TWSE,common_stock,true,false,false,false,false,false,false,false,true,
2026-01-09,4142,國光生,listed,19.9,20.0,19.6,19.95,0.35,1.7857,2276285,45282686,1196,TWSE,common_stock,true,false,false,false,false,false,false,false,true,
2026-01-09,4148,全宇生技-KY,listed,37.9,37.9,37.75,37.75,-0.15,-0.3958,7333,277819,76,TWSE,common_stock,true,false,false,false,false,false,false,false,true,
2026-01-09,4155,訊映,listed,14.4,14.7,14.3,14.65,0.2,1.3841,236984,3441037,172,TWSE,common_stock,true,false,false,false,false,false,false,false,true,
2026-01-09,4164,承業醫,listed,37.35,37.35,35.8,36.3,-0.75,-2.0243,1360933,49516905,1201,TWSE,common_stock,true,false,false,false,false,false,false,false,true,
2026-01-09,4190,佐登-KY,listed,29.85,29.85,29.7,29.8,-0.05,-0.1675,13716,408425,138,TWSE,common_stock,true,false,false,false,false,false,false,false,true,
2026-01-09,4306,炎洲,listed,14.4,14.45,14.1,14.25,-0.05,-0.3497,834259,11863415,556,TWSE,common_stock,true,false,false,false,false,false,false,false,true,
2026-01-09,4414,如興,listed,10.9,11.0,10.8,10.9,-0.05,-0.4566,153051,1668076,123,TWSE,common_stock,true,false,false,false,false,false,false,false,true,
2026-01-09,4426,利勤,listed,9.14,9.18,9.11,9.16,0.02,0.2188,94284,861841,59,TWSE,common_stock,true,false,false,false,false,false,false,false,true,
2026-01-09,4438,廣越,listed,73.0,73.4,72.2,73.4,0.4,0.5479,96265,7010446,124,TWSE,common_stock,true,false,false,false,false,false,false,false,true,
2026-01-09,4439,冠星-KY,listed,101.5,103.0,101.5,103.0,2.0,1.9802,22205,2269492,62,TWSE,common_stock,true,false,false,false,false,false,false,false,true,
2026-01-09,4440,宜新實業,listed,17.25,17.25,17.05,17.2,-0.05,-0.2899,64015,1097758,35,TWSE,common_stock,true,false,false,false,false,false,false,false,true,
2026-01-09,4441,振大環球,listed,244.0,245.0,238.5,245.0,1.5,0.616,66815,16199577,74,TWSE,common_stock,true,false,false,false,false,false,false,false,true,
2026-01-09,4526,東台,listed,31.1,31.2,30.1,31.2,0.45,1.4634,922903,28458539,846,TWSE,common_stock,true,false,false,false,false,false,false,false,true,
2026-01-09,4532,瑞智,listed,24.6,25.1,24.45,24.75,0.25,1.0204,2313698,57296093,1106,TWSE,common_stock,true,false,false,false,false,false,false,false,true,
2026-01-09,4536,拓凱,listed,163.5,164.0,161.5,162.0,-1.5,-0.9174,171963,27939180,277,TWSE,common_stock,true,false,false,false,false,false,false,false,true,
2026-01-09,4540,全球傳動,listed,36.95,38.0,35.65,35.85,-1.05,-2.8455,990959,35921292,1040,TWSE,common_stock,true,false,false,false,false,false,false,false,true,
2026-01-09,4545,銘鈺,listed,39.1,39.75,37.4,37.95,-1.35,-3.4351,552911,21052433,503,TWSE,common_stock,true,false,false,false,false,false,false,false,true,
2026-01-09,4551,智伸科,listed,118.5,120.0,116.0,117.5,3.5,3.0702,701442,82509060,594,TWSE,common_stock,true,false,false,false,false,false,false,false,true,
2026-01-09,4552,力達-KY,listed,23.55,23.7,23.3,23.7,0.0,0.0,51738,1217283,48,TWSE,common_stock,true,false,false,false,false,false,false,false,true,
2026-01-09,4555,氣立,listed,39.85,39.85,38.5,39.1,-0.75,-1.8821,72267,2832231,70,TWSE,common_stock,true,false,false,false,false,false,false,false,true,
2026-01-09,4557,永新-KY,listed,78.0,79.3,78.0,78.8,1.3,1.6774,92050,7255589,97,TWSE,common_stock,true,false,false,false,false,false,false,false,true,
2026-01-09,4560,強信-KY,listed,32.4,32.45,32.05,32.45,0.0,0.0,236610,7629496,135,TWSE,common_stock,true,false,false,false,false,false,false,false,true,
2026-01-09,4562,穎漢,listed,37.0,37.75,36.3,36.6,-0.9,-2.4,475126,17497755,453,TWSE,common_stock,true,false,false,false,false,false,false,false,true,
2026-01-09,4564,元翎,listed,17.25,17.4,16.95,17.2,0.0,0.0,366749,6297611,268,TWSE,common_stock,true,false,false,false,false,false,false,false,true,
2026-01-09,4566,時碩工業,listed,55.9,56.1,55.1,56.0,0.1,0.1789,161346,8992436,266,TWSE,common_stock,true,false,false,false,false,false,false,false,true,
2026-01-09,4569,六方科-KY,listed,146.5,151.5,146.5,147.0,0.5,0.3413,15529,2301481,72,TWSE,common_stock,true,false,false,false,false,false,false,false,true,
2026-01-09,4571,鈞興-KY,listed,167.0,168.0,163.0,164.5,-1.0,-0.6042,112228,18538006,245,TWSE,common_stock,true,false,false,false,false,false,false,false,true,
2026-01-09,4572,駐龍,listed,152.0,152.0,148.5,151.0,1.0,0.6667,27482,4122879,140,TWSE,common_stock,true,false,false,false,false,false,false,false,true,
2026-01-09,4576,大銀微系統,listed,108.0,112.0,105.5,109.0,6.0,5.8252,1982567,215855378,1940,TWSE,common_stock,true,false,false,false,false,false,false,false,true,
2026-01-09,4581,光隆精密-KY,listed,,,,,0.0,,0,0,0,TWSE,other,false,false,false,false,false,false,false,false,false,invalid_close;invalid_volume;invalid_turnover
2026-01-09,4583,台灣精銳,listed,698.0,702.0,669.0,692.0,-10.0,-1.4245,504485,346598667,1022,TWSE,common_stock,true,false,false,false,false,false,false,false,true,
2026-01-09,4585,達明,listed,340.0,340.0,331.5,336.0,1.5,0.4484,182395,61079681,679,TWSE,common_stock,true,false,false,false,false,false,false,false,true,
2026-01-09,4588,玖鼎電力,listed,59.8,60.2,59.6,60.2,-0.1,-0.1658,41595,2490400,132,TWSE,common_stock,true,false,false,false,false,false,false,false,true,
2026-01-09,4720,德淵,listed,18.05,18.2,17.1,17.6,-1.0,-5.3763,2997720,52896050,1617,TWSE,common_stock,true,false,false,false,false,false,false,false,true,
2026-01-09,4722,國精化,listed,168.5,169.0,165.0,168.0,1.0,0.5988,1430404,239119658,2911,TWSE,common_stock,true,false,false,false,false,false,false,false,true,
2026-01-09,4736,泰博,listed,123.5,124.0,122.0,123.5,0.5,0.4065,198470,24458743,206,TWSE,common_stock,true,false,false,false,false,false,false,false,true,
2026-01-09,4737,華廣,listed,53.6,55.2,53.5,55.2,-0.1,-0.1808,141527,7678357,102,TWSE,common_stock,true,false,false,false,false,false,false,false,true,
2026-01-09,4739,康普,listed,67.5,69.5,67.5,68.1,0.6,0.8889,740285,50631704,627,TWSE,common_stock,true,false,false,false,false,false,false,false,true,
2026-01-09,4746,台耀,listed,60.0,60.5,59.1,59.6,-0.2,-0.3344,333027,19876495,732,TWSE,common_stock,true,false,false,false,false,false,false,false,true,
2026-01-09,4755,三福化,listed,111.0,112.5,109.0,112.0,1.5,1.3575,201151,22380875,210,TWSE,common_stock,true,false,false,false,false,false,false,false,true,
2026-01-09,4763,材料*-KY,listed,51.8,52.6,51.7,52.4,0.6,1.1583,4103800,214281347,2305,TWSE,common_stock,true,false,false,false,false,false,false,false,true,
2026-01-09,4764,雙鍵,listed,123.0,131.5,120.0,131.0,8.5,6.9388,3687118,467635538,3754,TWSE,common_stock,true,false,false,false,false,false,false,false,true,
2026-01-09,4766,南寶,listed,324.0,324.5,318.5,324.0,2.5,0.7776,366896,118405655,844,TWSE,common_stock,true,false,false,false,false,false,false,false,true,
2026-01-09,4770,上品,listed,238.0,244.5,235.0,244.5,7.5,3.1646,661517,159895722,719,TWSE,common_stock,true,false,false,false,false,false,false,false,true,
2026-01-09,4771,望隼,listed,178.5,180.5,175.5,178.0,1.0,0.565,183767,32751228,859,TWSE,common_stock,true,false,false,false,false,false,false,false,true,
2026-01-09,4807,日成-KY,listed,18.1,18.45,18.1,18.45,0.35,1.9337,9321,170808,14,TWSE,common_stock,true,false,false,false,false,false,false,false,true,
2026-01-09,4904,遠傳,listed,89.2,89.8,89.0,89.6,0.5,0.5612,2429158,217066058,1635,TWSE,common_stock,true,false,false,false,false,false,false,false,true,
2026-01-09,4906,正文,listed,26.35,26.75,26.1,26.3,0.0,0.0,1870159,49221408,1293,TWSE,common_stock,true,false,false,false,false,false,false,false,true,
2026-01-09,4912,聯德控股-KY,listed,96.3,97.2,91.1,91.6,-7.8,-7.8471,744565,69601031,1794,TWSE,common_stock,true,false,false,false,false,false,false,false,true,
2026-01-09,4915,致伸,listed,79.0,80.0,78.0,79.4,2.3,2.9831,3540247,280835762,2751,TWSE,common_stock,true,false,false,false,false,false,false,false,true,
2026-01-09,4916,事欣科,listed,60.5,61.4,57.6,58.2,-0.4,-0.6826,10627935,629300703,8913,TWSE,common_stock,true,false,false,false,false,false,false,false,true,
2026-01-09,4919,新唐,listed,55.2,55.3,52.2,53.0,-2.5,-4.5045,5632480,299277994,4922,TWSE,common_stock,true,false,false,false,false,false,false,false,true,
2026-01-09,4927,泰鼎-KY,listed,38.05,40.5,37.3,38.5,0.4,1.0499,43235906,1684023096,21333,TWSE,common_stock,true,false,false,false,false,false,false,false,true,
2026-01-09,4930,燦星網,listed,22.1,22.2,22.0,22.0,-0.2,-0.9009,23712,523506,111,TWSE,common_stock,true,false,false,false,false,false,false,false,true,
2026-01-09,4934,太極,listed,14.2,14.45,13.75,14.05,-0.15,-1.0563,694330,9789720,483,TWSE,common_stock,true,false,false,false,false,false,false,false,true,
2026-01-09,4935,茂林-KY,listed,40.5,40.5,40.0,40.3,-0.2,-0.4938,67204,2708878,34,TWSE,common_stock,true,false,false,false,false,false,false,false,true,
2026-01-09,4938,和碩,listed,70.5,70.5,69.1,69.4,-1.1,-1.5603,8215073,570804455,4873,TWSE,common_stock,true,false,false,false,false,false,false,false,true,
2026-01-09,4942,嘉彰,listed,39.3,39.7,39.3,39.7,0.0,0.0,34749,1376791,56,TWSE,common_stock,true,false,false,false,false,false,false,false,true,
2026-01-09,4943,康控-KY,listed,13.15,13.15,12.3,12.35,-0.1,-0.8032,20483,257051,28,TWSE,common_stock,true,false,false,false,false,false,false,false,true,
2026-01-09,4949,有成精密,listed,37.05,37.25,36.3,36.85,-0.2,-0.5398,249135,9149394,229,TWSE,common_stock,true,false,false,false,false,false,false,false,true,
2026-01-09,4952,凌通,listed,36.9,36.9,35.85,36.15,-0.7,-1.8996,77002,2784663,78,TWSE,common_stock,true,false,false,false,false,false,false,false,true,
2026-01-09,4956,光鋐,listed,20.45,20.45,20.0,20.15,-0.25,-1.2255,544266,11014385,372,TWSE,common_stock,true,false,false,false,false,false,false,false,true,
2026-01-09,4958,臻鼎-KY,listed,143.5,145.5,140.5,144.5,1.5,1.049,5323242,764084271,3477,TWSE,common_stock,true,false,false,false,false,false,false,false,true,
2026-01-09,4960,誠美材,listed,13.45,13.55,13.2,13.3,-0.15,-1.1152,1076047,14358757,614,TWSE,common_stock,true,false,false,false,false,false,false,false,true,
2026-01-09,4961,天鈺,listed,148.0,149.0,144.5,147.0,-1.0,-0.6757,1268244,186121155,1368,TWSE,common_stock,true,false,false,false,false,false,false,false,true,
2026-01-09,4967,十銓,listed,210.0,210.0,191.5,201.5,-8.5,-4.0476,27252506,5436549640,22700,TWSE,common_stock,true,false,false,false,false,false,false,false,true,
2026-01-09,4968,立積,listed,124.5,124.5,121.0,124.0,0.0,0.0,827392,102052295,849,TWSE,common_stock,true,false,false,false,false,false,false,false,true,
2026-01-09,4976,佳凌,listed,30.05,30.15,29.3,29.9,-0.25,-0.8292,538762,16062472,579,TWSE,common_stock,true,false,false,false,false,false,false,false,true,
2026-01-09,4977,眾達-KY,listed,128.5,130.5,126.0,127.5,-1.5,-1.1628,2629495,336344863,2590,TWSE,common_stock,true,false,false,false,false,false,false,false,true,
2026-01-09,4989,榮科,listed,49.5,50.8,47.75,50.3,0.5,1.004,8785647,434241313,6420,TWSE,common_stock,true,false,false,false,false,false,false,false,true,
2026-01-09,4994,傳奇,listed,101.5,102.5,101.0,101.5,0.0,0.0,22774,2318174,32,TWSE,common_stock,true,false,false,false,false,false,false,false,true,
2026-01-09,4999,鑫禾,listed,24.6,24.6,23.8,24.0,0.5,2.1277,95380,2295697,150,TWSE,common_stock,true,false,false,false,false,false,false,false,true,
2026-01-09,5007,三星,listed,56.0,56.0,55.4,55.8,0.9,1.6393,19608,1092568,44,TWSE,common_stock,true,false,false,false,false,false,false,false,true,
2026-01-09,5203,訊連,listed,88.0,88.6,86.8,88.2,0.2,0.2273,137348,12062056,240,TWSE,common_stock,true,false,false,false,false,false,false,false,true,
2026-01-09,5215,科嘉-KY,listed,35.25,35.25,34.55,34.9,-0.1,-0.2857,17005,590474,15,TWSE,common_stock,true,false,false,false,false,false,false,false,true,
2026-01-09,5222,全訊,listed,131.0,133.0,128.5,129.0,-2.0,-1.5267,525124,68335918,1369,TWSE,common_stock,true,false,false,false,false,false,false,false,true,
2026-01-09,5225,東科-KY,listed,100.0,101.5,99.2,100.5,0.6,0.6006,319794,32089236,657,TWSE,common_stock,true,false,false,false,false,false,false,false,true,
2026-01-09,5234,達興材料,listed,370.5,378.0,362.0,365.0,-4.5,-1.2179,1291137,473931390,1990,TWSE,common_stock,true,false,false,false,false,false,false,false,true,
2026-01-09,5243,乙盛-KY,listed,77.2,79.8,76.5,78.9,1.5,1.938,1357386,106279277,1252,TWSE,common_stock,true,false,false,false,false,false,false,false,true,
2026-01-09,5244,弘凱,listed,38.5,38.5,37.8,38.35,0.2,0.5242,125335,4790688,114,TWSE,common_stock,true,false,false,false,false,false,false,false,true,
2026-01-09,5258,虹堡,listed,62.5,62.9,61.8,62.9,0.6,0.9631,201458,12548118,234,TWSE,common_stock,true,false,false,false,false,false,false,false,true,
2026-01-09,5269,祥碩,listed,1315.0,1400.0,1310.0,1400.0,125.0,9.8039,3847719,5327497430,10042,TWSE,common_stock,true,false,false,false,false,false,false,false,true,
2026-01-09,5283,禾聯碩,listed,59.0,59.1,58.5,58.9,-0.2,-0.3384,51654,3042262,123,TWSE,common_stock,true,false,false,false,false,false,false,false,true,
2026-01-09,5284,jpp-KY,listed,281.5,287.0,274.0,274.5,-4.0,-1.4363,1301536,364289820,2730,TWSE,common_stock,true,false,false,false,false,false,false,false,true,
2026-01-09,5285,界霖,listed,49.75,49.75,47.8,49.7,0.0,0.0,179271,8796668,253,TWSE,common_stock,true,false,false,false,false,false,false,false,true,
2026-01-09,5288,豐祥-KY,listed,147.5,147.5,144.0,146.0,-1.0,-0.6803,190304,27742670,197,TWSE,common_stock,true,false,false,false,false,false,false,false,true,
2026-01-09,5292,華懋,listed,172.0,176.0,169.5,174.0,2.5,1.4577,147468,25648910,213,TWSE,common_stock,true,false,false,false,false,false,false,false,true,
2026-01-09,5306,桂盟,listed,88.7,89.2,88.5,88.9,-0.6,-0.6704,32935,2923322,117,TWSE,common_stock,true,false,false,false,false,false,false,false,true,
2026-01-09,5388,中磊,listed,78.2,78.7,77.4,78.5,-0.3,-0.3807,2827754,220834117,2037,TWSE,common_stock,true,false,false,false,false,false,false,false,true,
2026-01-09,5434,崇越,listed,302.0,303.0,298.0,302.5,1.0,0.3317,382918,115279021,1222,TWSE,common_stock,true,false,false,false,false,false,false,false,true,
2026-01-09,5469,瀚宇博,listed,91.7,95.9,91.7,95.4,4.3,4.7201,13227684,1251411566,12611,TWSE,common_stock,true,false,false,false,false,false,false,false,true,
2026-01-09,5471,松翰,listed,34.0,34.0,32.95,33.0,-0.7,-2.0772,283224,9417857,357,TWSE,common_stock,true,false,false,false,false,false,false,false,true,
2026-01-09,5484,慧友,listed,40.8,42.0,39.5,40.2,1.45,3.7419,510466,20676629,393,TWSE,common_stock,true,false,false,false,false,false,false,false,true,
2026-01-09,5515,建國,listed,38.2,39.8,38.2,39.8,1.2,3.1088,1223111,48039016,1596,TWSE,common_stock,true,false,false,false,false,false,false,false,true,
2026-01-09,5519,隆大,listed,33.05,33.75,33.0,33.35,0.4,1.214,415193,13844656,334,TWSE,common_stock,true,false,false,false,false,false,false,false,true,
2026-01-09,5521,工信,listed,22.3,24.25,21.4,24.25,2.2,9.9773,26754805,627429433,9018,TWSE,common_stock,true,false,false,false,false,false,false,false,true,
2026-01-09,5522,遠雄,listed,75.0,76.7,74.0,75.3,0.8,1.0738,1761592,132997566,2689,TWSE,common_stock,true,false,false,false,false,false,false,false,true,
2026-01-09,5525,順天,listed,28.0,28.0,27.75,27.95,-0.05,-0.1786,26886,749345,38,TWSE,common_stock,true,false,false,false,false,false,false,false,true,
2026-01-09,5531,鄉林,listed,9.04,9.1,9.02,9.04,-0.01,-0.1105,330068,2984297,125,TWSE,common_stock,true,false,false,false,false,false,false,false,true,
2026-01-09,5533,皇鼎,listed,14.2,14.3,14.2,14.25,0.05,0.3521,100030,1423671,58,TWSE,common_stock,true,false,false,false,false,false,false,false,true,
2026-01-09,5534,長虹,listed,85.1,87.8,85.1,86.0,0.6,0.7026,1187321,102667806,3657,TWSE,common_stock,true,false,false,false,false,false,false,false,true,
2026-01-09,5538,東明-KY,listed,32.45,33.1,32.45,32.9,0.15,0.458,29731,975159,46,TWSE,common_stock,true,false,false,false,false,false,false,false,true,
2026-01-09,5546,永固-KY,listed,21.7,23.85,21.7,23.0,1.3,5.9908,124705,2923493,110,TWSE,common_stock,true,false,false,false,false,false,false,false,true,
2026-01-09,5607,遠雄港,listed,49.0,49.3,48.4,48.7,0.05,0.1028,165849,8076094,222,TWSE,common_stock,true,false,false,false,false,false,false,false,true,
2026-01-09,5608,四維航,listed,17.8,18.1,17.7,17.9,0.15,0.8451,1491600,26741724,891,TWSE,common_stock,true,false,false,false,false,false,false,false,true,
2026-01-09,5706,鳳凰,listed,50.5,51.2,50.5,50.8,0.3,0.5941,154596,7866603,247,TWSE,common_stock,true,false,false,false,false,false,false,false,true,
2026-01-09,5871,中租-KY,listed,106.0,107.0,104.0,105.0,-1.0,-0.9434,8426010,885269849,3867,TWSE,common_stock,true,false,false,false,false,false,false,false,true,
2026-01-09,5871A,中租-KY甲特,listed,101.0,101.0,101.0,101.0,0.0,0.0,34050,3438822,21,TWSE,warrant,false,false,true,false,false,false,false,false,false,security_type=warrant;symbol_not_4_digit
2026-01-09,5876,上海商銀,listed,40.6,40.75,40.3,40.6,0.0,0.0,5338672,216278845,2424,TWSE,common_stock,true,false,false,false,false,false,false,false,true,
2026-01-09,5880,合庫金,listed,24.05,24.15,23.95,24.1,0.1,0.4167,10405283,249905578,5539,TWSE,common_stock,true,false,false,false,false,false,false,false,true,
2026-01-09,5906,台南-KY,listed,51.1,51.5,51.1,51.5,0.0,0.0,2000,102600,2,TWSE,common_stock,true,false,false,false,false,false,false,false,true,
2026-01-09,5907,大洋-KY,listed,5.51,5.65,5.48,5.55,0.03,0.5435,182008,1010148,88,TWSE,common_stock,true,false,false,false,false,false,false,false,true,
2026-01-09,6005,群益證,listed,27.15,27.2,26.05,26.8,-0.3,-1.107,16408873,436667801,10161,TWSE,etf,false,true,false,false,false,false,false,false,false,security_type=etf
2026-01-09,6024,群益期,listed,52.6,52.7,50.7,52.2,0.1,0.1919,466145,24201803,452,TWSE,etf,false,true,false,false,false,false,false,false,false,security_type=etf
2026-01-09,6108,競國,listed,14.4,14.4,14.2,14.35,-0.05,-0.3472,142573,2039179,118,TWSE,common_stock,true,false,false,false,false,false,false,false,true,
2026-01-09,6112,邁達特,listed,47.5,47.8,46.8,46.8,-0.7,-1.4737,303098,14250376,559,TWSE,common_stock,true,false,false,false,false,false,false,false,true,
2026-01-09,6115,鎰勝,listed,46.7,46.75,46.65,46.75,0.05,0.1071,61940,2894058,51,TWSE,common_stock,true,false,false,false,false,false,false,false,true,
2026-01-09,6116,彩晶,listed,11.65,11.65,10.5,10.5,-1.15,-9.8712,150379887,1638264121,34770,TWSE,common_stock,true,false,false,false,false,false,false,false,true,
2026-01-09,6117,迎廣,listed,82.0,83.4,80.9,82.2,1.5,1.8587,523058,42961598,662,TWSE,common_stock,true,false,false,false,false,false,false,false,true,
2026-01-09,6120,達運,listed,12.95,13.2,12.1,12.45,-0.3,-2.3529,4413133,55217135,1839,TWSE,common_stock,true,false,false,false,false,false,false,false,true,
2026-01-09,6128,上福,listed,22.4,22.4,22.0,22.05,-0.35,-1.5625,112629,2486540,93,TWSE,common_stock,true,false,false,false,false,false,false,false,true,
2026-01-09,6133,金橋,listed,20.05,20.4,19.6,20.3,0.3,1.5,1121580,22500959,670,TWSE,common_stock,true,false,false,false,false,false,false,false,true,
2026-01-09,6136,富爾特,listed,23.85,24.0,23.8,24.0,0.15,0.6289,106380,2540785,95,TWSE,common_stock,true,false,false,false,false,false,false,false,true,
2026-01-09,6139,亞翔,listed,595.0,602.0,578.0,601.0,11.0,1.8644,3934438,2333990646,5907,TWSE,common_stock,true,false,false,false,false,false,false,false,true,
2026-01-09,6141,柏承,listed,11.75,12.25,11.5,12.1,0.35,2.9787,1755394,20853045,821,TWSE,common_stock,true,false,false,false,false,false,false,false,true,
2026-01-09,6142,友勁,listed,9.17,9.17,9.0,9.05,-0.06,-0.6586,403725,3652647,212,TWSE,common_stock,true,false,false,false,false,false,false,false,true,
2026-01-09,6152,百一,listed,10.35,10.5,10.15,10.25,-0.35,-3.3019,1052948,10795912,593,TWSE,common_stock,true,false,false,false,false,false,false,false,true,
2026-01-09,6153,嘉聯益,listed,15.15,15.25,14.75,15.1,0.0,0.0,3371413,50700008,1417,TWSE,common_stock,true,false,false,false,false,false,false,false,true,
2026-01-09,6155,鈞寶,listed,46.85,49.45,45.7,48.0,2.5,5.4945,10504008,503277836,7304,TWSE,common_stock,true,false,false,false,false,false,false,false,true,
2026-01-09,6164,華興,listed,12.2,12.55,11.65,11.85,-0.35,-2.8689,822333,9768688,571,TWSE,common_stock,true,false,false,false,false,false,false,false,true,
2026-01-09,6165,浪凡,listed,48.2,48.2,46.45,46.75,-1.3,-2.7055,405501,19034731,340,TWSE,common_stock,true,false,false,false,false,false,false,false,true,
2026-01-09,6166,凌華,listed,60.7,61.3,59.5,60.5,-0.2,-0.3295,965201,58265333,1435,TWSE,common_stock,true,false,false,false,false,false,false,false,true,
2026-01-09,6168,宏齊,listed,20.15,20.2,19.5,19.8,-0.45,-2.2222,688192,13647594,392,TWSE,common_stock,true,false,false,false,false,false,false,false,true,
2026-01-09,6176,瑞儀,listed,122.5,123.5,121.0,123.0,0.5,0.4082,1919798,235068059,1438,TWSE,common_stock,true,false,false,false,false,false,false,false,true,
2026-01-09,6177,達麗,listed,55.7,56.6,53.8,54.2,-1.4,-2.518,3053010,167348188,6386,TWSE,common_stock,true,false,false,false,false,false,false,false,true,
2026-01-09,6183,關貿,listed,94.8,95.3,94.7,95.2,0.6,0.6342,37158,3529441,31,TWSE,common_stock,true,false,false,false,false,false,false,false,true,
2026-01-09,6184,大豐電,listed,47.0,47.35,47.0,47.3,-0.05,-0.1056,47330,2237956,151,TWSE,common_stock,true,false,false,false,false,false,false,false,true,
2026-01-09,6189,豐藝,listed,45.0,45.0,43.75,44.35,-0.6,-1.3348,753275,33275415,2447,TWSE,common_stock,true,false,false,false,false,false,false,false,true,
2026-01-09,6191,精成科,listed,111.0,116.5,111.0,114.0,5.5,5.0691,23431789,2679814839,16315,TWSE,common_stock,true,false,false,false,false,false,false,false,true,
2026-01-09,6192,巨路,listed,109.0,110.5,108.0,110.5,2.5,2.3148,237198,25971205,191,TWSE,common_stock,true,false,false,false,false,false,false,false,true,
2026-01-09,6196,帆宣,listed,287.0,287.0,276.0,276.0,-11.0,-3.8328,2204076,616666762,6525,TWSE,common_stock,true,false,false,false,false,false,false,false,true,
2026-01-09,6197,佳必琪,listed,150.0,150.0,146.5,148.5,0.5,0.3378,1094146,162675655,1243,TWSE,common_stock,true,false,false,false,false,false,false,false,true,
2026-01-09,6201,亞弘電,listed,54.8,55.4,54.5,55.4,0.1,0.1808,19277,1058971,51,TWSE,common_stock,true,false,false,false,false,false,false,false,true,
2026-01-09,6202,盛群,listed,39.2,39.2,37.9,38.4,-0.8,-2.0408,900787,34514756,854,TWSE,common_stock,true,false,false,false,false,false,false,false,true,
2026-01-09,6205,詮欣,listed,61.0,61.0,58.5,60.2,0.1,0.1664,528301,31478302,449,TWSE,common_stock,true,false,false,false,false,false,false,false,true,
2026-01-09,6206,飛捷,listed,90.9,91.5,90.2,91.3,0.7,0.7726,327420,29770060,703,TWSE,common_stock,true,false,false,false,false,false,false,false,true,
2026-01-09,6209,今國光,listed,60.5,61.3,58.8,59.0,-1.0,-1.6667,5783921,344414559,4840,TWSE,common_stock,true,false,false,false,false,false,false,false,true,
2026-01-09,6213,聯茂,listed,113.0,116.0,111.5,114.5,1.5,1.3274,6055754,690597494,4743,TWSE,common_stock,true,false,false,false,false,false,false,false,true,
2026-01-09,6214,精誠,listed,116.5,116.5,115.0,116.5,0.5,0.431,434562,50384376,481,TWSE,common_stock,true,false,false,false,false,false,false,false,true,
2026-01-09,6215,和椿,listed,104.5,106.0,103.5,104.0,0.0,0.0,648551,67912996,637,TWSE,common_stock,true,false,false,false,false,false,false,false,true,
2026-01-09,6216,居易,listed,26.4,26.4,26.15,26.3,-0.1,-0.3788,58589,1538839,83,TWSE,common_stock,true,false,false,false,false,false,false,false,true,
2026-01-09,6224,聚鼎,listed,43.5,43.5,42.2,42.95,-0.05,-0.1163,88133,3760879,184,TWSE,common_stock,true,false,false,false,false,false,false,false,true,
2026-01-09,6225,天瀚,listed,17.6,17.6,16.45,16.45,-0.75,-4.3605,7542,126853,12,TWSE,common_stock,true,false,false,false,false,false,false,false,true,
2026-01-09,6226,光鼎,listed,7.5,7.6,7.2,7.45,-0.02,-0.2677,292196,2142934,189,TWSE,common_stock,true,false,false,false,false,false,false,false,true,
2026-01-09,6230,尼得科超眾,listed,112.0,112.5,109.0,112.5,0.5,0.4464,56660,6294107,231,TWSE,common_stock,true,false,false,false,false,false,false,false,true,
2026-01-09,6235,華孚,listed,62.0,62.9,60.5,62.6,1.2,1.9544,852814,52942216,723,TWSE,common_stock,true,false,false,false,false,false,false,false,true,
2026-01-09,6239,力成,listed,203.0,203.0,190.5,200.0,-3.0,-1.4778,19559759,3853419327,16642,TWSE,common_stock,true,false,false,false,false,false,false,false,true,
2026-01-09,6243,迅杰,listed,34.85,35.45,34.0,35.2,0.55,1.5873,140295,4894351,233,TWSE,common_stock,true,false,false,false,false,false,false,false,true,
2026-01-09,6257,矽格,listed,115.0,117.5,112.0,117.5,2.5,2.1739,6811495,785129996,4946,TWSE,common_stock,true,false,false,false,false,false,false,false,true,
2026-01-09,6269,台郡,listed,55.8,57.2,55.1,56.6,0.8,1.4337,807154,45497949,699,TWSE,common_stock,true,false,false,false,false,false,false,false,true,
2026-01-09,6271,同欣電,listed,123.0,124.0,120.5,123.0,0.0,0.0,1678928,205649349,1817,TWSE,common_stock,true,false,false,false,false,false,false,false,true,
2026-01-09,6272,驊陞,listed,42.75,43.25,41.25,41.5,-1.5,-3.4884,1135014,47561043,867,TWSE,common_stock,true,false,false,false,false,false,false,false,true,
2026-01-09,6277,宏正,listed,60.6,61.2,60.1,60.8,0.8,1.3333,100563,6109954,83,TWSE,common_stock,true,false,false,false,false,false,false,false,true,
2026-01-09,6278,台表科,listed,96.6,96.6,95.2,96.0,0.0,0.0,900026,86315241,789,TWSE,common_stock,true,false,false,false,false,false,false,false,true,
2026-01-09,6281,全國電,listed,62.1,62.8,62.1,62.6,0.4,0.6431,39688,2481120,59,TWSE,common_stock,true,false,false,false,false,false,false,false,true,
2026-01-09,6282,康舒,listed,43.5,46.45,43.5,45.55,3.2,7.5561,122382749,5540090276,61397,TWSE,common_stock,true,false,false,false,false,false,false,false,true,
2026-01-09,6283,淳安,listed,25.05,25.05,24.3,24.5,-0.55,-2.1956,205000,5040079,160,TWSE,common_stock,true,false,false,false,false,false,false,false,true,
2026-01-09,6285,啟碁,listed,103.0,104.5,101.5,103.5,1.0,0.9756,4635548,478650710,3741,TWSE,common_stock,true,false,false,false,false,false,false,false,true,
2026-01-09,6405,悅城,listed,29.8,31.2,29.35,29.85,0.25,0.8446,672084,20316425,485,TWSE,common_stock,true,false,false,false,false,false,false,false,true,
2026-01-09,6409,旭隼,listed,996.0,1045.0,986.0,1025.0,30.0,3.0151,755818,768596733,1790,TWSE,common_stock,true,false,false,false,false,false,false,false,true,
2026-01-09,6412,群電,listed,84.1,84.1,80.7,81.2,-2.6,-3.1026,2534302,206477018,2797,TWSE,common_stock,true,false,false,false,false,false,false,false,true,
2026-01-09,6414,樺漢,listed,293.0,293.0,288.0,288.0,-3.0,-1.0309,627461,181835004,4950,TWSE,common_stock,true,false,false,false,false,false,false,false,true,
2026-01-09,6415,矽力*-KY,listed,225.0,241.5,222.5,236.5,15.5,7.0136,19419205,4496317400,17786,TWSE,common_stock,true,false,false,false,false,false,false,false,true,
2026-01-09,6416,瑞祺電通,listed,89.6,89.6,86.8,87.2,-2.3,-2.5698,310664,27242196,1387,TWSE,common_stock,true,false,false,false,false,false,false,false,true,
2026-01-09,6423,億而得-創,listed,82.2,82.2,80.5,80.7,-1.5,-1.8248,70525,5713036,81,TWSE,common_stock,true,false,false,false,false,false,false,false,true,
2026-01-09,6426,統新,listed,89.6,91.3,88.9,89.1,0.3,0.3378,741978,66742745,897,TWSE,common_stock,true,false,false,false,false,false,false,false,true,
2026-01-09,6431,光麗-KY,listed,27.3,27.8,26.5,27.5,0.35,1.2891,372150,10159424,196,TWSE,common_stock,true,false,false,false,false,false,false,false,true,
2026-01-09,6438,迅得,listed,134.5,137.5,134.0,137.0,2.5,1.8587,524677,71544741,600,TWSE,common_stock,true,false,false,false,false,false,false,false,true,
2026-01-09,6442,光聖,listed,1335.0,1405.0,1300.0,1400.0,70.0,5.2632,3972875,5384021870,8098,TWSE,common_stock,true,false,false,false,false,false,false,false,true,
2026-01-09,6443,元晶,listed,32.3,33.6,28.25,31.65,0.45,1.4423,276161636,8817662241,110232,TWSE,common_stock,true,false,false,false,false,false,false,false,true,
2026-01-09,6446,藥華藥,listed,518.0,521.0,511.0,512.0,-6.0,-1.1583,1361419,700320853,2296,TWSE,common_stock,true,false,false,false,false,false,false,false,true,
2026-01-09,6449,鈺邦,listed,165.5,170.0,160.5,168.5,4.0,2.4316,481869,79900082,626,TWSE,common_stock,true,false,false,false,false,false,false,false,true,
2026-01-09,6451,訊芯-KY,listed,153.5,153.5,149.5,153.0,-1.5,-0.9709,832360,126058264,983,TWSE,common_stock,true,false,false,false,false,false,false,false,true,
2026-01-09,6456,GIS-KY,listed,42.15,42.2,40.9,41.85,0.0,0.0,936238,38915390,900,TWSE,common_stock,true,false,false,false,false,false,false,false,true,
2026-01-09,6464,台數科,listed,76.6,77.0,76.1,77.0,0.4,0.5222,10168,777812,10,TWSE,common_stock,true,false,false,false,false,false,false,false,true,
2026-01-09,6472,保瑞,listed,534.0,534.0,512.0,517.0,-25.0,-4.6125,1463168,761709872,3947,TWSE,common_stock,true,false,false,false,false,false,false,false,true,
2026-01-09,6477,安集,listed,34.55,35.8,34.55,35.0,0.4,1.1561,2942569,103810517,1960,TWSE,common_stock,true,false,false,false,false,false,false,false,true,
2026-01-09,6491,晶碩,listed,289.0,291.0,285.5,288.0,-2.0,-0.6897,180862,52032091,968,TWSE,common_stock,true,false,false,false,false,false,false,false,true,
2026-01-09,6504,南六,listed,42.9,42.9,41.65,41.65,-1.25,-2.9138,48151,2026091,172,TWSE,common_stock,true,false,false,false,false,false,false,false,true,
2026-01-09,6505,台塑化,listed,48.3,49.15,47.1,47.6,0.0,0.0,5994042,287225273,3416,TWSE,common_stock,true,false,false,false,false,false,false,false,true,
2026-01-09,6515,穎崴,listed,3270.0,3490.0,3225.0,3490.0,315.0,9.9213,1779639,5993909920,6313,TWSE,common_stock,true,false,false,false,false,false,false,false,true,
2026-01-09,6525,捷敏-KY,listed,75.0,75.5,73.8,75.5,0.5,0.6667,167256,12499907,150,TWSE,common_stock,true,false,false,false,false,false,false,false,true,
2026-01-09,6526,達發,listed,443.0,443.0,434.0,436.5,-4.5,-1.0204,225106,98311602,715,TWSE,common_stock,true,false,false,false,false,false,false,false,true,
2026-01-09,6531,愛普*,listed,459.5,485.0,455.5,480.0,25.0,5.4945,8209506,3877907349,9462,TWSE,common_stock,true,false,false,false,false,false,false,false,true,
2026-01-09,6533,晶心科,listed,257.0,257.0,246.5,247.0,-7.5,-2.947,424936,105720414,763,TWSE,common_stock,true,false,false,false,false,false,false,false,true,
2026-01-09,6534,正瀚-創,listed,92.0,92.0,89.1,90.0,-0.3,-0.3322,48308,4342273,40,TWSE,common_stock,true,false,false,false,false,false,false,false,true,
2026-01-09,6541,泰福-KY,listed,54.1,54.1,52.5,52.7,-1.3,-2.4074,572957,30358816,760,TWSE,common_stock,true,false,false,false,false,false,false,false,true,
2026-01-09,6550,北極星藥業-KY,listed,30.25,30.4,29.7,30.4,0.2,0.6623,698259,20999595,436,TWSE,common_stock,true,false,false,false,false,false,false,false,true,
2026-01-09,6552,易華電,listed,25.5,25.8,25.0,25.6,0.2,0.7874,52655,1343004,52,TWSE,common_stock,true,false,false,false,false,false,false,false,true,
2026-01-09,6558,興能高,listed,36.6,37.85,36.2,36.4,0.25,0.6916,1163829,42961144,1025,TWSE,common_stock,true,false,false,false,false,false,false,false,true,
2026-01-09,6573,虹揚-KY,listed,15.35,15.4,14.7,14.9,-0.1,-0.6667,252671,3810035,137,TWSE,common_stock,true,false,false,false,false,false,false,false,true,
2026-01-09,6579,研揚,listed,111.0,112.0,110.0,111.5,0.5,0.4505,49302,5471560,82,TWSE,common_stock,true,false,false,false,false,false,false,false,true,
2026-01-09,6581,鋼聯,listed,105.0,106.0,105.0,105.0,1.5,1.4493,9860,1038175,48,TWSE,common_stock,true,false,false,false,false,false,false,false,true,
2026-01-09,6582,申豐,listed,32.0,32.25,31.65,31.75,-0.15,-0.4702,45678,1458182,133,TWSE,common_stock,true,false,false,false,false,false,false,false,true,
2026-01-09,6585,鼎基,listed,88.6,89.8,86.2,88.4,2.1,2.4334,113843,9995399,183,TWSE,common_stock,true,false,false,false,false,false,false,false,true,
2026-01-09,6589,台康生技,listed,63.4,63.8,62.4,63.1,-0.3,-0.4732,302663,19076087,531,TWSE,common_stock,true,false,false,false,false,false,false,false,true,
2026-01-09,6591,動力-KY,listed,73.6,73.7,71.9,73.7,0.3,0.4087,363688,26528912,540,TWSE,common_stock,true,false,false,false,false,false,false,false,true,
2026-01-09,6592,和潤企業,listed,61.0,61.4,60.2,60.9,-0.1,-0.1639,887768,53872335,778,TWSE,common_stock,true,false,false,false,false,false,false,false,true,
2026-01-09,6592A,和潤企業甲特,listed,,,,,0.0,,232,22317,4,TWSE,warrant,false,false,true,false,false,false,false,false,false,security_type=warrant;symbol_not_4_digit;invalid_close
2026-01-09,6592B,和潤企業乙特,listed,,,,,0.0,,145,14136,6,TWSE,warrant,false,false,true,false,false,false,false,false,false,security_type=warrant;symbol_not_4_digit;invalid_close
2026-01-09,6598,ABC-KY,listed,23.05,23.6,23.05,23.15,0.1,0.4338,378248,8824120,197,TWSE,common_stock,true,false,false,false,false,false,false,false,true,
2026-01-09,6605,帝寶,listed,138.0,142.0,138.0,141.0,3.5,2.5455,787616,110940289,757,TWSE,common_stock,true,false,false,false,false,false,false,false,true,
2026-01-09,6606,建德工業,listed,25.3,25.3,25.15,25.2,-0.1,-0.3953,32574,821430,96,TWSE,common_stock,true,false,false,false,false,false,false,false,true,
2026-01-09,6614,資拓宏宇,listed,50.3,50.3,49.2,49.35,-0.95,-1.8887,51808,2561050,68,TWSE,common_stock,true,false,false,false,false,false,false,false,true,
2026-01-09,6625,必應,listed,82.2,82.2,81.0,81.8,0.1,0.1224,211797,17307460,557,TWSE,common_stock,true,false,false,false,false,false,false,false,true,
2026-01-09,6641,基士德-KY,listed,19.1,19.75,19.1,19.45,0.35,1.8325,55599,1071829,47,TWSE,common_stock,true,false,false,false,false,false,false,false,true,
2026-01-09,6645,金萬林-創,listed,18.0,18.35,17.5,18.35,0.95,5.4598,37401,667297,29,TWSE,common_stock,true,false,false,false,false,false,false,false,true,
2026-01-09,6655,科定,listed,113.5,120.0,113.5,118.0,-3.5,-2.8807,26000,3047000,23,TWSE,common_stock,true,false,false,false,false,false,false,false,true,
2026-01-09,6657,華安,listed,41.85,42.75,41.35,41.85,0.75,1.8248,212453,8901630,177,TWSE,common_stock,true,false,false,false,false,false,false,false,true,
2026-01-09,6658,聯策,listed,57.3,57.3,55.0,55.6,-1.9,-3.3043,580716,32373766,738,TWSE,common_stock,true,false,false,false,false,false,false,false,true,
2026-01-09,6666,羅麗芬-KY,listed,45.2,45.95,45.15,45.3,-0.4,-0.8753,17118,776551,13,TWSE,common_stock,true,false,false,false,false,false,false,false,true,
2026-01-09,6668,中揚光,listed,36.3,39.05,36.3,39.05,3.55,10.0,1136458,43622005,769,TWSE,common_stock,true,false,false,false,false,false,false,false,true,
2026-01-09,6669,緯穎,listed,4240.0,4310.0,4185.0,4240.0,-410.0,-8.8172,5290714,22427856610,43084,TWSE,common_stock,true,false,false,false,false,false,false,false,true,
2026-01-09,6670,復盛應用,listed,263.0,265.5,261.5,263.0,0.5,0.1905,366901,96687630,1190,TWSE,common_stock,true,false,false,false,false,false,false,false,true,
2026-01-09,6671,三能-KY,listed,37.0,37.0,36.5,36.75,0.3,0.823,33523,1233915,33,TWSE,common_stock,true,false,false,false,false,false,false,false,true,
2026-01-09,6672,騰輝電子-KY,listed,90.8,92.6,88.9,91.0,2.7,3.0578,1129843,102941508,1503,TWSE,common_stock,true,false,false,false,false,false,false,false,true,
2026-01-09,6674,鋐寶科技,listed,19.7,20.0,19.65,19.95,0.0,0.0,27000,535400,20,TWSE,common_stock,true,false,false,false,false,false,false,false,true,
2026-01-09,6689,伊雲谷,listed,59.8,60.5,59.2,60.3,-0.1,-0.1656,121574,7285080,281,TWSE,common_stock,true,false,false,false,false,false,false,false,true,
2026-01-09,6691,洋基工程,listed,587.0,594.0,572.0,583.0,-2.0,-0.3419,1036098,601837546,1914,TWSE,common_stock,true,false,false,false,false,false,false,false,true,
2026-01-09,6695,芯鼎,listed,43.95,44.0,42.9,43.85,0.25,0.5734,174279,7597210,249,TWSE,common_stock,true,false,false,false,false,false,false,false,true,
2026-01-09,6698,旭暉應材,listed,32.4,33.75,32.0,33.6,1.3,4.0248,292290,9661875,314,TWSE,common_stock,true,false,false,false,false,false,false,false,true,
2026-01-09,6706,惠特,listed,126.0,126.0,119.0,120.5,-5.0,-3.9841,5221326,633991497,4094,TWSE,common_stock,true,false,false,false,false,false,false,false,true,
2026-01-09,6715,嘉基,listed,101.0,109.5,101.0,105.5,4.5,4.4554,151866,15956573,382,TWSE,common_stock,true,false,false,false,false,false,false,false,true,
2026-01-09,6719,力智,listed,183.0,183.0,180.0,181.5,-0.5,-0.2747,258035,46743289,395,TWSE,common_stock,true,false,false,false,false,false,false,false,true,
2026-01-09,6742,澤米,listed,44.35,45.8,44.0,45.55,1.4,3.171,280122,12661038,277,TWSE,common_stock,true,false,false,false,false,false,false,false,true,
2026-01-09,6743,安普新,listed,28.1,28.5,27.35,27.45,-0.5,-1.7889,163091,4539522,143,TWSE,common_stock,true,false,false,false,false,false,false,false,true,
2026-01-09,6753,龍德造船,listed,138.0,139.5,132.0,134.0,-1.0,-0.7407,2417475,327172495,2152,TWSE,common_stock,true,false,false,false,false,false,false,false,true,
2026-01-09,6754,匯僑設計,listed,47.8,47.8,47.6,47.65,-0.15,-0.3138,6235,297083,12,TWSE,common_stock,true,false,false,false,false,false,false,false,true,
2026-01-09,6756,威鋒電子,listed,80.6,81.2,78.2,80.7,-0.3,-0.3704,216107,17312090,394,TWSE,common_stock,true,false,false,false,false,false,false,false,true,
2026-01-09,6757,台灣虎航,listed,67.1,67.8,66.0,66.7,0.0,0.0,1629416,108675846,1376,TWSE,common_stock,true,false,false,false,false,false,false,false,true,
2026-01-09,6768,志強-KY,listed,104.5,107.0,103.5,104.0,0.0,0.0,1507232,157962034,1419,TWSE,common_stock,true,false,false,false,false,false,false,false,true,
2026-01-09,6770,力積電,listed,48.0,49.45,44.7,47.5,-2.15,-4.3303,101242544,4797409139,48802,TWSE,common_stock,true,false,false,false,false,false,false,false,true,
2026-01-09,6771,平和環保-創,listed,43.6,44.2,43.6,43.8,-0.2,-0.4545,16442,719471,31,TWSE,common_stock,true,false,false,false,false,false,false,false,true,
2026-01-09,6776,展碁國際,listed,58.2,62.5,57.9,59.5,2.5,4.386,6995369,416465512,6971,TWSE,common_stock,true,false,false,false,false,false,false,false,true,
2026-01-09,6781,AES-KY,listed,1265.0,1295.0,1250.0,1270.0,10.0,0.7937,940631,1198274075,2614,TWSE,common_stock,true,false,false,false,false,false,false,false,true,
2026-01-09,6782,視陽,listed,177.0,179.5,175.0,178.0,-3.0,-1.6575,208198,36980223,744,TWSE,common_stock,true,false,false,false,false,false,false,false,true,
2026-01-09,6789,采鈺,listed,278.0,280.0,271.5,277.0,-1.0,-0.3597,1134349,312385001,4593,TWSE,common_stock,true,false,false,false,false,false,false,false,true,
2026-01-09,6790,永豐實,listed,38.1,38.55,37.95,38.35,0.25,0.6562,101039,3860737,76,TWSE,etf,false,true,false,false,false,false,false,false,false,security_type=etf
2026-01-09,6792,詠業,listed,50.3,50.4,50.1,50.4,0.1,0.1988,35073,1763893,29,TWSE,common_stock,true,false,false,false,false,false,false,false,true,
2026-01-09,6794,向榮生技,listed,85.0,87.3,83.8,86.0,-0.6,-0.6928,56355,4793496,172,TWSE,common_stock,true,false,false,false,false,false,false,false,true,
2026-01-09,6796,晉弘,listed,91.7,91.9,90.0,91.3,-0.4,-0.4362,117553,10677893,152,TWSE,common_stock,true,false,false,false,false,false,false,false,true,
2026-01-09,6799,來頡,listed,82.5,84.5,82.0,83.8,1.3,1.5758,185308,15457732,251,TWSE,common_stock,true,false,false,false,false,false,false,false,true,
2026-01-09,6805,富世達,listed,1370.0,1420.0,1360.0,1365.0,0.0,0.0,2130779,2947786555,5442,TWSE,common_stock,true,false,false,false,false,false,false,false,true,
2026-01-09,6806,森崴能源,listed,38.05,39.35,36.8,38.85,1.2,3.1873,1753316,66596280,1436,TWSE,common_stock,true,false,false,false,false,false,false,false,true,
2026-01-09,6807,峰源-KY,listed,45.5,46.0,45.2,45.35,0.05,0.1104,16491,748659,19,TWSE,common_stock,true,false,false,false,false,false,false,false,true,
2026-01-09,6830,汎銓,listed,184.5,186.0,178.0,184.5,1.5,0.8197,1438196,263544156,4133,TWSE,common_stock,true,false,false,false,false,false,false,false,true,
2026-01-09,6831,邁科,listed,270.0,278.0,269.0,272.5,2.5,0.9259,693191,189392518,2087,TWSE,common_stock,true,false,false,false,false,false,false,false,true,
2026-01-09,6834,天二科技,listed,27.5,29.85,27.05,29.85,2.7,9.9448,2071957,60206984,1522,TWSE,common_stock,true,false,false,false,false,false,false,false,true,
2026-01-09,6835,圓裕,listed,38.8,40.0,38.65,38.95,0.1,0.2574,173152,6780755,100,TWSE,common_stock,true,false,false,false,false,false,false,false,true,
2026-01-09,6838,台新藥,listed,27.1,27.4,26.7,27.15,0.1,0.3697,240692,6514924,176,TWSE,common_stock,true,false,false,false,false,false,false,false,true,
2026-01-09,6854,錼創科技-KY創,listed,131.0,131.0,124.0,126.0,-6.0,-4.5455,599763,75969573,620,TWSE,common_stock,true,false,false,false,false,false,false,false,true,
2026-01-09,6861,睿生光電,listed,66.0,66.6,64.1,65.4,-0.6,-0.9091,214910,14005233,227,TWSE,common_stock,true,false,false,false,false,false,false,false,true,
2026-01-09,6862,三集瑞-KY,listed,166.0,169.5,163.0,165.5,-4.5,-2.6471,376663,62381559,768,TWSE,common_stock,true,false,false,false,false,false,false,false,true,
2026-01-09,6863,永道-KY,listed,119.5,120.0,117.5,118.5,1.0,0.8511,37114,4383641,73,TWSE,common_stock,true,false,false,false,false,false,false,false,true,
2026-01-09,6869,雲豹能源,listed,91.0,91.9,89.5,91.4,0.7,0.7718,686189,62230458,793,TWSE,common_stock,true,false,false,false,false,false,false,false,true,
2026-01-09,6873,泓德能源,listed,95.5,97.4,93.0,96.4,1.0,1.0482,585040,55806175,719,TWSE,common_stock,true,false,false,false,false,false,false,false,true,
2026-01-09,6885,全福生技,listed,28.2,28.35,27.85,28.25,-0.1,-0.3527,397620,11140476,246,TWSE,common_stock,true,false,false,false,false,false,false,false,true,
2026-01-09,6887,寶綠特-KY,listed,58.3,58.3,57.6,57.8,-1.1,-1.8676,12000,695100,11,TWSE,common_stock,true,false,false,false,false,false,false,false,true,
2026-01-09,6890,來億-KY,listed,243.0,253.5,243.0,250.5,9.5,3.9419,810529,202092740,1043,TWSE,common_stock,true,false,false,false,false,false,false,false,true,
2026-01-09,6901,鑽石投資,listed,16.55,17.75,16.55,16.95,0.2,1.194,2053640,35376462,1229,TWSE,common_stock,true,false,false,false,false,false,false,false,true,
2026-01-09,6902,GOGOLOOK,listed,75.1,77.6,73.3,73.5,-1.5,-2.0,47592,3523624,67,TWSE,common_stock,true,false,false,false,false,false,false,false,true,
2026-01-09,6906,現觀科,listed,75.4,76.8,70.2,73.2,-2.2,-2.9178,243545,17770508,529,TWSE,common_stock,true,false,false,false,false,false,false,false,true,
2026-01-09,6909,創控,listed,44.65,44.65,42.4,43.25,-1.35,-3.0269,569417,24535926,549,TWSE,common_stock,true,false,false,false,false,false,false,false,true,
2026-01-09,6914,阜爾運通,listed,144.0,146.0,143.5,146.0,2.5,1.7422,97954,14173360,126,TWSE,common_stock,true,false,false,false,false,false,false,false,true,
2026-01-09,6916,華凌,listed,18.4,18.4,18.15,18.15,-0.1,-0.5479,59189,1078206,58,TWSE,common_stock,true,false,false,false,false,false,false,false,true,
2026-01-09,6918,愛派司,listed,84.8,84.8,82.9,83.9,-0.9,-1.0613,78990,6611335,83,TWSE,common_stock,true,false,false,false,false,false,false,false,true,
2026-01-09,6919,康霈*,listed,142.5,150.0,142.5,147.5,5.5,3.8732,6112863,901495485,5106,TWSE,common_stock,true,false,false,false,false,false,false,false,true,
2026-01-09,6921,嘉雨思-創,listed,65.0,65.0,63.0,63.5,-1.5,-2.3077,52312,3323292,43,TWSE,common_stock,true,false,false,false,false,false,false,false,true,
2026-01-09,6923,中台,listed,101.0,102.0,99.7,101.0,0.0,0.0,305293,30743158,288,TWSE,common_stock,true,false,false,false,false,false,false,false,true,
2026-01-09,6924,榮惠-KY創,listed,80.0,80.0,75.0,77.0,-3.0,-3.75,17002,1311258,15,TWSE,common_stock,true,false,false,false,false,false,false,false,true,
2026-01-09,6928,攸泰科技,listed,51.8,52.8,50.4,50.9,0.1,0.1969,98592,5071186,152,TWSE,common_stock,true,false,false,false,false,false,false,false,true,
2026-01-09,6931,青松健康,listed,61.0,62.6,60.3,60.3,-0.5,-0.8224,351642,21515925,252,TWSE,common_stock,true,false,false,false,false,false,false,false,true,
2026-01-09,6933,AMAX-KY,listed,147.5,150.0,145.5,149.0,1.5,1.0169,82313,12181341,140,TWSE,common_stock,true,false,false,false,false,false,false,false,true,
2026-01-09,6936,永鴻生技,listed,35.8,35.9,35.75,35.8,-0.1,-0.2786,32216,1153442,24,TWSE,common_stock,true,false,false,false,false,false,false,false,true,
2026-01-09,6937,天虹,listed,238.0,246.0,228.0,246.0,10.0,4.2373,443564,105236215,986,TWSE,common_stock,true,false,false,false,false,false,false,false,true,
2026-01-09,6944,兆聯實業,listed,738.0,742.0,724.0,726.0,-7.0,-0.955,612176,447786682,1952,TWSE,common_stock,true,false,false,false,false,false,false,false,true,
2026-01-09,6949,沛爾生醫-創,listed,336.0,341.5,330.0,333.5,-3.0,-0.8915,73310,24584740,99,TWSE,common_stock,true,false,false,false,false,false,false,false,true,
2026-01-09,6951,青新-創,listed,74.0,74.3,73.5,73.9,0.9,1.2329,40174,2968180,58,TWSE,common_stock,true,false,false,false,false,false,false,false,true,
2026-01-09,6952,大武山,listed,43.75,43.75,42.75,43.0,0.3,0.7026,15205,654035,21,TWSE,common_stock,true,false,false,false,false,false,false,false,true,
2026-01-09,6955,邦睿生技-創,listed,159.0,163.0,159.0,163.0,5.5,3.4921,26383,4248386,25,TWSE,common_stock,true,false,false,false,false,false,false,false,true,
2026-01-09,6957,裕慶-KY,listed,199.0,199.0,193.0,194.0,-3.0,-1.5228,79077,15424224,284,TWSE,common_stock,true,false,false,false,false,false,false,false,true,
2026-01-09,6958,日盛台駿,listed,15.4,15.45,15.15,15.45,0.05,0.3247,34651,529241,39,TWSE,common_stock,true,false,false,false,false,false,false,false,true,
2026-01-09,6958A,日盛台駿甲特,listed,20.2,20.2,20.05,20.1,-0.4,-1.9512,132509,2665457,112,TWSE,warrant,false,false,true,false,false,false,false,false,false,security_type=warrant;symbol_not_4_digit
2026-01-09,6962,奕力-KY,listed,38.0,38.15,37.15,37.5,-0.5,-1.3158,2179771,81728159,1472,TWSE,common_stock,true,false,false,false,false,false,false,false,true,
2026-01-09,6965,中傑-KY,listed,88.0,88.1,87.1,87.4,-0.6,-0.6818,17177,1505504,33,TWSE,common_stock,true,false,false,false,false,false,false,false,true,
2026-01-09,6969,成信實業*-創,listed,29.5,29.75,29.5,29.75,0.25,0.8475,19000,563100,10,TWSE,common_stock,true,false,false,false,false,false,false,false,true,
2026-01-09,6988,威力暘-創,listed,13.8,15.45,13.7,15.45,1.4,9.9644,29000,420150,19,TWSE,common_stock,true,false,false,false,false,false,false,false,true,
2026-01-09,6994,富威電力,listed,93.2,94.5,91.7,94.3,1.5,1.6164,127088,11862593,139,TWSE,common_stock,true,false,false,false,false,false,false,false,true,
2026-01-09,7610,聯友金屬-創,listed,154.5,168.0,150.0,167.0,14.0,9.1503,1771065,284555217,3289,TWSE,common_stock,true,false,false,false,false,false,false,false,true,
2026-01-09,7631,聚賢研發-創,listed,149.5,149.5,149.5,149.5,13.5,9.9265,589359,88109167,167,TWSE,common_stock,true,false,false,false,false,false,false,false,true,
2026-01-09,7705,三商餐飲,listed,39.4,39.4,39.25,39.25,-0.2,-0.507,30602,1202777,74,TWSE,common_stock,true,false,false,false,false,false,false,false,true,
2026-01-09,7711,永擎,listed,265.5,266.0,258.5,264.0,1.0,0.3802,220130,57895417,314,TWSE,common_stock,true,false,false,false,false,false,false,false,true,
2026-01-09,7721,微程式,listed,47.9,47.9,46.9,47.9,0.0,0.0,50910,2413591,64,TWSE,common_stock,true,false,false,false,false,false,false,false,true,
2026-01-09,7722,LINEPAY,listed,556.0,561.0,547.0,551.0,2.0,0.3643,162266,89902602,593,TWSE,common_stock,true,false,false,false,false,false,false,false,true,
2026-01-09,7730,暉盛-創,listed,98.5,98.5,96.4,96.4,-2.6,-2.6263,12200,1187780,12,TWSE,common_stock,true,false,false,false,false,false,false,false,true,
2026-01-09,7732,金興精密,listed,40.0,40.2,40.0,40.0,0.0,0.0,28099,1124984,11,TWSE,common_stock,true,false,false,false,false,false,false,false,true,
2026-01-09,7736,虎山,listed,86.1,87.5,86.1,86.3,-0.8,-0.9185,79191,6880762,60,TWSE,common_stock,true,false,false,false,false,false,false,false,true,
2026-01-09,7740,熙特爾-創,listed,152.5,154.0,150.0,153.5,0.5,0.3268,82988,12623667,169,TWSE,common_stock,true,false,false,false,false,false,false,false,true,
2026-01-09,7749,意騰-KY,listed,459.0,465.5,454.5,455.0,0.0,0.0,129509,59499589,261,TWSE,common_stock,true,false,false,false,false,false,false,false,true,
2026-01-09,7750,新代,listed,860.0,860.0,835.0,855.0,-5.0,-0.5814,71920,61005136,852,TWSE,common_stock,true,false,false,false,false,false,false,false,true,
2026-01-09,7765,中華資安,listed,280.5,281.0,278.5,278.5,-3.0,-1.0657,30875,8640973,155,TWSE,common_stock,true,false,false,false,false,false,false,false,true,
2026-01-09,7769,鴻勁,listed,3120.0,3295.0,3060.0,3295.0,165.0,5.2716,1429111,4566341800,5106,TWSE,common_stock,true,false,false,false,false,false,false,false,true,
2026-01-09,7786,東方風能,listed,169.5,173.0,165.5,171.0,1.5,0.885,1111047,188226333,2518,TWSE,common_stock,true,false,false,false,false,false,false,false,true,
2026-01-09,7788,松川精密,listed,131.5,135.0,129.5,135.0,3.5,2.6616,225985,29824245,236,TWSE,common_stock,true,false,false,false,false,false,false,false,true,
2026-01-09,7791,皇家可口,listed,71.5,72.5,71.5,72.0,0.6,0.8403,25682,1848380,38,TWSE,common_stock,true,false,false,false,false,false,false,false,true,
2026-01-09,7799,禾榮科,listed,391.5,394.0,378.0,381.5,-9.5,-2.4297,385627,148036629,1465,TWSE,common_stock,true,false,false,false,false,false,false,false,true,
2026-01-09,8011,台通,listed,21.45,21.75,21.0,21.55,0.15,0.7009,1179064,25288572,546,TWSE,common_stock,true,false,false,false,false,false,false,false,true,
2026-01-09,8016,矽創,listed,188.0,189.5,185.0,187.5,1.5,0.8065,1104932,206788249,1493,TWSE,common_stock,true,false,false,false,false,false,false,false,true,
2026-01-09,8021,尖點,listed,200.0,215.5,198.5,215.5,19.5,9.949,35726089,7464777332,28173,TWSE,common_stock,true,false,false,false,false,false,false,false,true,
2026-01-09,8028,昇陽半導體,listed,193.5,195.0,187.5,189.5,-2.5,-1.3021,7110195,1357361904,8113,TWSE,common_stock,true,false,false,false,false,false,false,false,true,
2026-01-09,8033,雷虎,listed,161.5,166.0,151.0,151.0,-7.5,-4.7319,36995826,5839365794,24771,TWSE,common_stock,true,false,false,false,false,false,false,false,true,
2026-01-09,8039,台虹,listed,83.2,85.7,83.0,84.7,1.5,1.8029,8126717,688035894,7256,TWSE,common_stock,true,false,false,false,false,false,false,false,true,
2026-01-09,8045,達運光電,listed,73.5,74.6,72.0,72.1,-1.4,-1.9048,147423,10789899,196,TWSE,common_stock,true,false,false,false,false,false,false,false,true,
2026-01-09,8046,南電,listed,237.5,242.0,235.5,240.5,3.5,1.4768,4534504,1086382044,5668,TWSE,common_stock,true,false,false,false,false,false,false,false,true,
2026-01-09,8070,長華*,listed,45.6,46.15,44.3,45.55,0.35,0.7743,3575901,162933906,2693,TWSE,common_stock,true,false,false,false,false,false,false,false,true,
2026-01-09,8072,陞泰,listed,30.45,30.8,30.2,30.3,-0.2,-0.6557,152596,4636352,166,TWSE,common_stock,true,false,false,false,false,false,false,false,true,
2026-01-09,8081,致新,listed,215.0,216.0,211.0,215.0,2.0,0.939,872332,186424243,804,TWSE,common_stock,true,false,false,false,false,false,false,false,true,
2026-01-09,8101,華冠,listed,16.5,16.5,16.2,16.2,-0.55,-3.2836,18397,303088,16,TWSE,common_stock,true,false,false,false,false,false,false,false,true,
2026-01-09,8103,瀚荃,listed,97.9,99.8,93.8,95.1,-1.7,-1.7562,6266093,605326321,14468,TWSE,common_stock,true,false,false,false,false,false,false,false,true,
2026-01-09,8104,錸寶,listed,31.7,32.05,31.35,31.45,-0.55,-1.7188,442988,14022103,370,TWSE,common_stock,true,false,false,false,false,false,false,false,true,
2026-01-09,8105,凌巨,listed,15.1,15.4,13.8,14.55,0.55,3.9286,27825176,404158844,9356,TWSE,common_stock,true,false,false,false,false,false,false,false,true,
2026-01-09,8110,華東,listed,72.8,73.8,66.0,71.4,-1.2,-1.6529,91126468,6420873482,51472,TWSE,common_stock,true,false,false,false,false,false,false,false,true,
2026-01-09,8112,至上,listed,82.0,83.2,73.9,78.0,-3.5,-4.2945,67508640,5253433519,53359,TWSE,common_stock,true,false,false,false,false,false,false,false,true,
2026-01-09,8112A,至上甲特,listed,44.4,44.6,44.35,44.6,0.0,0.0,4000,177700,3,TWSE,warrant,false,false,true,false,false,false,false,false,false,security_type=warrant;symbol_not_4_digit
2026-01-09,8114,振樺電,listed,183.0,185.5,179.5,183.5,5.0,2.8011,1569308,286336012,1595,TWSE,common_stock,true,false,false,false,false,false,false,false,true,
2026-01-09,8131,福懋科,listed,67.3,67.3,61.9,65.1,-2.2,-3.2689,16801739,1083557911,11023,TWSE,common_stock,true,false,false,false,false,false,false,false,true,
2026-01-09,8150,南茂,listed,52.5,58.3,48.7,58.3,5.3,10.0,77206852,4256535462,37701,TWSE,common_stock,true,false,false,false,false,false,false,false,true,
2026-01-09,8162,微矽電子-創,listed,38.0,38.0,37.5,37.5,0.05,0.1335,30790,1164504,33,TWSE,common_stock,true,false,false,false,false,false,false,false,true,
2026-01-09,8163,達方,listed,30.6,30.6,30.0,30.05,-0.25,-0.8251,497200,15008360,498,TWSE,common_stock,true,false,false,false,false,false,false,false,true,
2026-01-09,8201,無敵,listed,14.45,14.45,13.95,14.2,-0.75,-5.0167,494656,7030965,312,TWSE,common_stock,true,false,false,false,false,false,false,false,true,
2026-01-09,8210,勤誠,listed,927.0,940.0,905.0,910.0,-11.0,-1.1944,2187432,2003101356,5511,TWSE,common_stock,true,false,false,false,false,false,false,false,true,
2026-01-09,8213,志超,listed,33.85,34.0,33.1,33.45,-0.05,-0.1493,429937,14402470,419,TWSE,common_stock,true,false,false,false,false,false,false,false,true,
2026-01-09,8215,明基材,listed,20.9,20.9,19.9,20.65,-0.35,-1.6667,1795623,36428936,1117,TWSE,common_stock,true,false,false,false,false,false,false,false,true,
2026-01-09,8222,寶一,listed,42.45,44.0,42.05,42.8,2.15,5.2891,4783704,205655106,3646,TWSE,common_stock,true,false,false,false,false,false,false,false,true,
2026-01-09,8249,菱光,listed,51.8,53.6,50.9,53.3,3.35,6.7067,3799717,200291561,2862,TWSE,common_stock,true,false,false,false,false,false,false,false,true,
2026-01-09,8261,富鼎,listed,88.7,89.4,87.1,88.8,0.2,0.2257,611311,54181317,516,TWSE,common_stock,true,false,false,false,false,false,false,false,true,
2026-01-09,8271,宇瞻,listed,130.0,133.5,116.0,128.5,1.5,1.1811,54434445,6882045017,37874,TWSE,common_stock,true,false,false,false,false,false,false,false,true,
2026-01-09,8341,日友,listed,77.2,77.7,76.0,77.4,0.2,0.2591,191438,14673869,577,TWSE,common_stock,true,false,false,false,false,false,false,false,true,
2026-01-09,8367,建新國際,listed,42.75,42.75,42.55,42.65,0.15,0.3529,41962,1788309,30,TWSE,common_stock,true,false,false,false,false,false,false,false,true,
2026-01-09,8374,羅昇,listed,85.1,87.0,83.0,84.4,-0.7,-0.8226,579837,49200885,722,TWSE,common_stock,true,false,false,false,false,false,false,false,true,
2026-01-09,8404,百和興業-KY,listed,23.8,24.15,23.7,23.9,0.3,1.2712,536285,12859866,356,TWSE,common_stock,true,false,false,false,false,false,false,false,true,
2026-01-09,8411,福貞-KY,listed,12.3,12.3,12.0,12.2,-0.05,-0.4082,147125,1779945,198,TWSE,common_stock,true,false,false,false,false,false,false,false,true,
2026-01-09,8422,可寧衛*,listed,35.85,39.05,34.8,39.05,3.55,10.0,265412712,9971360120,109101,TWSE,common_stock,true,false,false,false,false,false,false,false,true,
2026-01-09,8429,金麗-KY,listed,7.6,7.61,7.53,7.56,-0.04,-0.5263,173209,1311209,143,TWSE,common_stock,true,false,false,false,false,false,false,false,true,
2026-01-09,8438,昶昕,listed,51.5,51.5,50.5,50.8,-1.1,-2.1195,417917,21164537,322,TWSE,common_stock,true,false,false,false,false,false,false,false,true,
2026-01-09,8442,威宏-KY,listed,69.8,72.8,69.8,72.3,2.5,3.5817,115792,8298666,139,TWSE,common_stock,true,false,false,false,false,false,false,false,true,
2026-01-09,8443,阿瘦,listed,11.1,11.15,11.05,11.15,0.05,0.4505,18981,210344,40,TWSE,common_stock,true,false,false,false,false,false,false,false,true,
2026-01-09,8454,富邦媒,listed,205.5,206.0,201.5,205.5,1.0,0.489,382792,78149026,4737,TWSE,etf,false,true,false,false,false,false,false,false,false,security_type=etf
2026-01-09,8462,柏文,listed,158.5,161.0,158.5,158.5,0.5,0.3165,248023,39653711,624,TWSE,common_stock,true,false,false,false,false,false,false,false,true,
2026-01-09,8463,潤泰材,listed,26.8,26.9,26.55,26.8,0.4,1.5152,39000,1041200,31,TWSE,common_stock,true,false,false,false,false,false,false,false,true,
2026-01-09,8464,億豐,listed,379.0,380.0,373.0,377.0,-2.0,-0.5277,529678,199606044,595,TWSE,common_stock,true,false,false,false,false,false,false,false,true,
2026-01-09,8466,美吉吉-KY,listed,21.85,21.85,21.45,21.5,0.05,0.2331,39023,842351,31,TWSE,common_stock,true,false,false,false,false,false,false,false,true,
2026-01-09,8467,波力-KY,listed,170.0,170.0,165.0,166.0,-3.5,-2.0649,69785,11624169,143,TWSE,common_stock,true,false,false,false,false,false,false,false,true,
2026-01-09,8473,山林水,listed,36.2,36.75,35.65,36.7,0.75,2.0862,323308,11746826,333,TWSE,common_stock,true,false,false,false,false,false,false,false,true,
2026-01-09,8476,台境*,listed,16.95,17.65,16.95,17.1,0.4,2.3952,369820,6336335,228,TWSE,common_stock,true,false,false,false,false,false,false,false,true,
2026-01-09,8478,東哥遊艇,listed,192.5,192.5,189.5,190.0,-1.0,-0.5236,73974,14074059,1259,TWSE,common_stock,true,false,false,false,false,false,false,false,true,
2026-01-09,8481,政伸,listed,40.6,40.8,40.5,40.5,0.0,0.0,8566,347751,17,TWSE,common_stock,true,false,false,false,false,false,false,false,true,
2026-01-09,8482,商億-KY,listed,50.5,50.5,49.5,49.5,-0.35,-0.7021,4000,200000,4,TWSE,common_stock,true,false,false,false,false,false,false,false,true,
2026-01-09,8487,愛爾達-創,listed,80.2,80.2,79.7,79.9,-0.3,-0.3741,9234,738208,21,TWSE,common_stock,true,false,false,false,false,false,false,false,true,
2026-01-09,8488,吉源-KY,listed,10.05,10.3,9.82,9.87,-0.04,-0.4036,253058,2549192,37,TWSE,common_stock,true,false,false,false,false,false,false,false,true,
2026-01-09,8499,鼎炫-KY,listed,321.0,333.0,319.0,325.0,8.0,2.5237,241072,78571946,470,TWSE,common_stock,true,false,false,false,false,false,false,false,true,
2026-01-09,8926,台汽電,listed,40.95,41.05,40.7,40.9,0.0,0.0,619148,25338151,672,TWSE,common_stock,true,false,false,false,false,false,false,false,true,
2026-01-09,8940,新天地,listed,21.25,21.25,20.35,20.35,-0.55,-2.6316,114148,2348040,190,TWSE,common_stock,true,false,false,false,false,false,false,false,true,
2026-01-09,8996,高力,listed,600.0,635.0,599.0,635.0,57.0,9.8616,9488418,5931481577,10881,TWSE,common_stock,true,false,false,false,false,false,false,false,true,
2026-01-09,9103,美德醫療-DR,listed,4.53,4.59,4.49,4.58,0.1,2.2321,816600,3712863,216,TWSE,dr,false,false,false,false,false,false,false,true,false,security_type=dr
2026-01-09,910322,康師傅-DR,listed,23.55,23.8,23.5,23.75,0.6,2.5918,46853,1111158,41,TWSE,dr,false,false,false,false,false,false,false,true,false,security_type=dr;symbol_not_4_digit
2026-01-09,9105,泰金寶-DR,listed,5.79,5.83,5.68,5.75,-0.02,-0.3466,10485551,60094428,2180,TWSE,dr,false,false,false,false,false,false,false,true,false,security_type=dr
2026-01-09,910861,神州-DR,listed,5.4,5.58,5.4,5.44,0.1,1.8727,173705,949511,77,TWSE,dr,false,false,false,false,false,false,false,true,false,security_type=dr;symbol_not_4_digit
2026-01-09,9110,越南控-DR,listed,3.25,3.25,2.9,3.05,0.03,0.9934,18000,53960,4,TWSE,dr,false,false,false,false,false,false,false,true,false,security_type=dr
2026-01-09,911608,明輝-DR,listed,2.81,2.81,2.69,2.8,0.0,0.0,53000,144050,31,TWSE,dr,false,false,false,false,false,false,false,true,false,security_type=dr;symbol_not_4_digit
2026-01-09,911622,泰聚亨-DR,listed,3.92,3.92,3.79,3.88,-0.05,-1.2723,37003,142501,19,TWSE,dr,false,false,false,false,false,false,false,true,false,security_type=dr;symbol_not_4_digit
2026-01-09,911868,同方友友-DR,listed,1.32,1.33,1.31,1.32,0.0,0.0,222000,291820,33,TWSE,dr,false,false,false,false,false,false,false,true,false,security_type=dr;symbol_not_4_digit
2026-01-09,912000,晨訊科-DR,listed,2.73,2.75,2.72,2.73,0.0,0.0,250863,686073,95,TWSE,dr,false,false,false,false,false,false,false,true,false,security_type=dr;symbol_not_4_digit
2026-01-09,9136,巨騰-DR,listed,8.0,8.1,7.95,8.05,0.05,0.625,691394,5561899,111,TWSE,dr,false,false,false,false,false,false,false,true,false,security_type=dr
2026-01-09,9802,鈺齊-KY,listed,101.0,104.0,101.0,103.0,3.0,3.0,1082262,111414355,1031,TWSE,common_stock,true,false,false,false,false,false,false,false,true,
2026-01-09,9902,台火,listed,17.1,17.15,16.6,17.0,-0.05,-0.2933,217000,3671237,170,TWSE,common_stock,true,false,false,false,false,false,false,false,true,
2026-01-09,9904,寶成,listed,31.0,31.5,30.95,31.25,0.45,1.461,8204532,256437431,4181,TWSE,common_stock,true,false,false,false,false,false,false,false,true,
2026-01-09,9905,大華,listed,20.0,20.05,20.0,20.05,0.1,0.5013,114211,2286259,61,TWSE,common_stock,true,false,false,false,false,false,false,false,true,
2026-01-09,9906,欣巴巴,listed,50.1,50.7,49.5,49.55,-0.55,-1.0978,90610,4504500,144,TWSE,common_stock,true,false,false,false,false,false,false,false,true,
2026-01-09,9907,統一實,listed,18.7,18.8,18.45,18.6,0.2,1.087,5175514,96320083,1994,TWSE,etf,false,true,false,false,false,false,false,false,false,security_type=etf
2026-01-09,9908,大台北,listed,29.85,29.9,29.85,29.85,0.0,0.0,223639,6677356,83,TWSE,common_stock,true,false,false,false,false,false,false,false,true,
2026-01-09,9910,豐泰,listed,107.0,107.5,106.0,107.0,-4.5,-4.0359,2573970,274900940,1834,TWSE,common_stock,true,false,false,false,false,false,false,false,true,
2026-01-09,9911,櫻花,listed,82.5,83.1,82.5,82.9,0.4,0.4848,127528,10561254,223,TWSE,common_stock,true,false,false,false,false,false,false,false,true,
2026-01-09,9912,偉聯,listed,12.1,12.1,11.9,11.95,-0.25,-2.0492,38812,464690,72,TWSE,common_stock,true,false,false,false,false,false,false,false,true,
2026-01-09,9914,美利達,listed,81.1,81.8,79.7,81.0,0.0,0.0,1065228,85765043,1431,TWSE,common_stock,true,false,false,false,false,false,false,false,true,
2026-01-09,9917,中保科,listed,110.0,110.5,110.0,110.0,0.0,0.0,425991,46936259,491,TWSE,common_stock,true,false,false,false,false,false,false,false,true,
2026-01-09,9918,欣天然,listed,39.7,39.7,39.7,39.7,0.0,0.0,7327,290856,18,TWSE,common_stock,true,false,false,false,false,false,false,false,true,
2026-01-09,9919,康那香,listed,16.35,16.75,16.35,16.5,0.15,0.9174,496902,8219181,269,TWSE,common_stock,true,false,false,false,false,false,false,false,true,
2026-01-09,9921,巨大,listed,89.6,90.4,87.5,89.0,-0.5,-0.5587,1722024,152149737,2550,TWSE,common_stock,true,false,false,false,false,false,false,false,true,
2026-01-09,9924,福興,listed,50.4,50.5,50.0,50.2,-0.2,-0.3968,60110,3021434,603,TWSE,common_stock,true,false,false,false,false,false,false,false,true,
2026-01-09,9925,新保,listed,40.8,40.8,40.65,40.8,0.15,0.369,190640,7768187,179,TWSE,common_stock,true,false,false,false,false,false,false,false,true,
2026-01-09,9926,新海,listed,49.5,49.5,49.5,49.5,0.0,0.0,1298,64259,11,TWSE,common_stock,true,false,false,false,false,false,false,false,true,
2026-01-09,9927,泰銘,listed,67.7,67.9,67.4,67.9,0.3,0.4438,53183,3593063,183,TWSE,common_stock,true,false,false,false,false,false,false,false,true,
2026-01-09,9928,中視,listed,18.6,18.6,17.95,17.95,-0.1,-0.554,100945,1824189,101,TWSE,common_stock,true,false,false,false,false,false,false,false,true,
2026-01-09,9929,秋雨,listed,10.45,10.45,10.45,10.45,0.0,0.0,1335,13849,3,TWSE,common_stock,true,false,false,false,false,false,false,false,true,
2026-01-09,9930,中聯資源,listed,70.1,70.5,70.0,70.2,0.0,0.0,42636,2997086,50,TWSE,common_stock,true,false,false,false,false,false,false,false,true,
2026-01-09,9931,欣高,listed,33.6,33.75,33.6,33.75,0.15,0.4464,7000,235650,5,TWSE,common_stock,true,false,false,false,false,false,false,false,true,
2026-01-09,9933,中鼎,listed,32.0,32.4,31.4,31.6,0.1,0.3175,2719341,86262422,2103,TWSE,common_stock,true,false,false,false,false,false,false,false,true,
2026-01-09,9934,成霖,listed,10.0,10.05,9.92,9.98,0.03,0.3015,117752,1173976,116,TWSE,common_stock,true,false,false,false,false,false,false,false,true,
2026-01-09,9935,慶豐富,listed,19.9,20.15,19.85,20.1,0.3,1.5152,220233,4411457,154,TWSE,common_stock,true,false,false,false,false,false,false,false,true,
2026-01-09,9937,全國,listed,58.0,58.0,57.0,57.3,-0.7,-1.2069,97128,5576969,95,TWSE,common_stock,true,false,false,false,false,false,false,false,true,
2026-01-09,9938,百和,listed,52.2,53.4,52.1,52.7,0.6,1.1516,1828310,96305451,1263,TWSE,common_stock,true,false,false,false,false,false,false,false,true,
2026-01-09,9939,宏全,listed,119.5,120.0,119.0,120.0,1.0,0.8403,615067,73569974,624,TWSE,common_stock,true,false,false,false,false,false,false,false,true,
2026-01-09,9940,信義,listed,22.65,22.75,22.5,22.7,0.15,0.6652,370466,8388770,193,TWSE,common_stock,true,false,false,false,false,false,false,false,true,
2026-01-09,9941,裕融,listed,81.6,82.3,81.0,82.3,0.9,1.1057,1677617,136972014,1776,TWSE,common_stock,true,false,false,false,false,false,false,false,true,
2026-01-09,9941A,裕融甲特,listed,50.3,50.3,50.3,50.3,0.0,0.0,1020,51308,2,TWSE,warrant,false,false,true,false,false,false,false,false,false,security_type=warrant;symbol_not_4_digit
2026-01-09,9942,茂順,listed,106.5,107.0,106.0,106.0,-0.5,-0.4695,83193,8854049,127,TWSE,common_stock,true,false,false,false,false,false,false,false,true,
2026-01-09,9943,好樂迪,listed,60.0,60.2,60.0,60.1,0.1,0.1667,39653,2383372,47,TWSE,common_stock,true,false,false,false,false,false,false,false,true,
2026-01-09,9944,新麗,listed,16.9,16.95,16.7,16.95,0.05,0.2959,19950,336738,46,TWSE,common_stock,true,false,false,false,false,false,false,false,true,
2026-01-09,9945,潤泰新,listed,29.4,29.6,29.15,29.35,0.05,0.1706,5347718,156518077,2718,TWSE,common_stock,true,false,false,false,false,false,false,false,true,
2026-01-09,9946,三發地產,listed,19.5,19.5,18.95,19.05,-0.1,-0.5222,233060,4441007,151,TWSE,common_stock,true,false,false,false,false,false,false,false,true,
2026-01-09,9955,佳龍,listed,30.5,30.7,30.05,30.5,0.05,0.1642,375288,11422245,328,TWSE,common_stock,true,false,false,false,false,false,false,false,true,
2026-01-09,9958,世紀鋼,listed,136.0,136.0,132.5,132.5,-3.0,-2.214,1092471,145706434,1414,TWSE,common_stock,true,false,false,false,false,false,false,false,true,
