date,symbol,name,market,open,high,low,close,change,change_pct,volume,turnover,transactions,source,security_type,is_common_stock,is_etf,is_warrant,is_bond_etf,is_leveraged_inverse,is_etn,is_preferred_stock,is_dr,scan_eligible,exclude_reason
2026-02-24,0050,元大台灣50,listed,77.95,79.65,77.85,79.4,2.0,2.584,150367766,11848589798,117830,TWSE,etf,false,true,false,false,false,false,false,false,false,security_type=etf
2026-02-24,0051,元大中型100,listed,108.6,110.7,108.6,110.5,2.2,2.0314,84626,9293582,542,TWSE,etf,false,true,false,false,false,false,false,false,false,security_type=etf
2026-02-24,0052,富邦科技,listed,46.16,47.44,46.13,47.28,1.48,3.2314,53868898,2527124502,26597,TWSE,etf,false,true,false,false,false,false,false,false,false,security_type=etf
2026-02-24,0053,元大電子,listed,170.55,176.0,170.55,175.35,4.85,2.8446,36518,6344412,239,TWSE,etf,false,true,false,false,false,false,false,false,false,security_type=etf
2026-02-24,0055,元大MSCI金融,listed,34.2,34.27,33.99,34.19,-0.01,-0.0292,940180,32056343,593,TWSE,etf,false,true,false,false,false,false,false,false,false,security_type=etf
2026-02-24,0056,元大高股息,listed,39.27,39.76,39.23,39.72,0.59,1.5078,89853506,3558375346,42418,TWSE,etf,false,true,false,false,false,false,false,false,false,security_type=etf
2026-02-24,0057,富邦摩台,listed,230.95,234.15,230.05,234.05,4.75,2.0715,63555,14809606,147,TWSE,etf,false,true,false,false,false,false,false,false,false,security_type=etf
2026-02-24,0061,元大寶滬深,listed,23.74,23.97,23.74,23.75,0.01,0.0421,212381,5066011,182,TWSE,etf,false,true,false,false,false,false,false,false,false,security_type=etf
2026-02-24,006203,元大MSCI台灣,listed,141.7,143.85,141.7,143.85,3.65,2.6034,14790,2107597,109,TWSE,etf,false,true,false,false,false,false,false,false,false,security_type=etf;symbol_not_4_digit
2026-02-24,006204,永豐臺灣加權,listed,174.25,177.7,174.25,177.7,4.25,2.4503,35916,6291563,85,TWSE,etf,false,true,false,false,false,false,false,false,false,security_type=etf;symbol_not_4_digit
2026-02-24,006205,富邦上証,listed,41.49,41.69,41.12,41.22,-0.01,-0.0243,1091572,45185080,310,TWSE,etf,false,true,false,false,false,false,false,false,false,security_type=etf;symbol_not_4_digit
2026-02-24,006206,元大上證50,listed,38.16,38.29,37.81,37.81,-0.36,-0.9431,73473,2788504,193,TWSE,etf,false,true,false,false,false,false,false,false,false,security_type=etf;symbol_not_4_digit
2026-02-24,006207,復華滬深,listed,31.75,31.99,31.1,31.75,-0.04,-0.1258,592792,18839911,106,TWSE,etf,false,true,false,false,false,false,false,false,false,security_type=etf;symbol_not_4_digit
2026-02-24,006208,富邦台50,listed,179.9,184.55,179.9,184.0,4.95,2.7646,5890390,1075756241,12206,TWSE,etf,false,true,false,false,false,false,false,false,false,security_type=etf;symbol_not_4_digit
2026-02-24,00625K,富邦上証+R,listed,9.19,9.2,9.19,9.2,0.0,0.0,2000,18390,2,TWSE,etf,false,true,true,false,false,false,false,false,false,security_type=etf;symbol_not_4_digit
2026-02-24,00631L,元大台灣50正2,listed,494.95,517.0,494.95,514.3,27.6,5.6708,4468456,2269622625,11604,TWSE,leveraged_inverse,false,true,true,false,true,false,false,false,false,security_type=leveraged_inverse;symbol_not_4_digit
2026-02-24,00632R,元大台灣50反1,listed,14.0,14.0,13.67,13.68,-0.44,-3.1161,160189303,2211492515,23476,TWSE,leveraged_inverse,false,true,true,false,true,false,false,false,false,security_type=leveraged_inverse;symbol_not_4_digit
2026-02-24,00633L,富邦上証正2,listed,47.5,47.86,46.61,46.8,-0.77,-1.6187,5361299,252785525,1230,TWSE,leveraged_inverse,false,true,true,false,true,false,false,false,false,security_type=leveraged_inverse;symbol_not_4_digit
2026-02-24,00634R,富邦上証反1,listed,3.26,3.29,3.26,3.28,0.02,0.6135,153000,500820,13,TWSE,leveraged_inverse,false,true,true,false,true,false,false,false,false,security_type=leveraged_inverse;symbol_not_4_digit
2026-02-24,00635U,期元大S&P黃金,listed,55.35,55.35,54.55,54.9,0.1,0.1825,9165185,503560649,6680,TWSE,etf,false,true,true,false,false,false,false,false,false,security_type=etf;symbol_not_4_digit
2026-02-24,00636,國泰中國A50,listed,26.63,26.82,26.52,26.57,-0.06,-0.2253,1235196,32940546,337,TWSE,etf,false,true,false,false,false,false,false,false,false,security_type=etf;symbol_not_4_digit
2026-02-24,00636K,國泰中國A50+U,listed,8.5,8.5,8.5,8.5,-0.05,-0.5848,200,1700,2,TWSE,etf,false,true,true,false,false,false,false,false,false,security_type=etf;symbol_not_4_digit
2026-02-24,00637L,元大滬深300正2,listed,19.55,19.66,19.12,19.21,-0.29,-1.4872,32584367,629815014,5360,TWSE,leveraged_inverse,false,true,true,false,true,false,false,false,false,security_type=leveraged_inverse;symbol_not_4_digit
2026-02-24,00638R,元大滬深300反1,listed,7.0,7.07,7.0,7.06,0.07,1.0014,209000,1471610,45,TWSE,leveraged_inverse,false,true,true,false,true,false,false,false,false,security_type=leveraged_inverse;symbol_not_4_digit
2026-02-24,00639,富邦深100,listed,15.46,15.63,15.46,15.56,0.1,0.6468,1138843,17734695,308,TWSE,etf,false,true,false,false,false,false,false,false,false,security_type=etf;symbol_not_4_digit
2026-02-24,00640L,富邦日本正2,listed,96.4,96.65,95.75,96.55,0.15,0.1556,836420,80546400,357,TWSE,leveraged_inverse,false,true,true,false,true,false,false,false,false,security_type=leveraged_inverse;symbol_not_4_digit
2026-02-24,00641R,富邦日本反1,listed,4.04,4.06,4.04,4.05,-0.01,-0.2463,2896624,11737966,100,TWSE,leveraged_inverse,false,true,true,false,true,false,false,false,false,security_type=leveraged_inverse;symbol_not_4_digit
2026-02-24,00642U,期元大S&P石油,listed,17.49,17.67,17.46,17.63,0.28,1.6138,3830730,67328471,1240,TWSE,etf,false,true,true,false,false,false,false,false,false,security_type=etf;symbol_not_4_digit
2026-02-24,00643,群益深証中小,listed,18.04,18.28,18.04,18.18,0.0,0.0,3133284,57035633,263,TWSE,etf,false,true,false,false,false,false,false,false,false,security_type=etf;symbol_not_4_digit
2026-02-24,00643K,群益深証中小+R,listed,,,,,0.0,,0,0,0,TWSE,etf,false,true,true,false,false,false,false,false,false,security_type=etf;symbol_not_4_digit;invalid_close;invalid_volume;invalid_turnover
2026-02-24,00645,富邦日本,listed,54.0,54.1,53.9,54.0,0.0,0.0,798100,43086270,501,TWSE,etf,false,true,false,false,false,false,false,false,false,security_type=etf;symbol_not_4_digit
2026-02-24,00646,元大S&P500,listed,67.8,67.9,67.7,67.85,-0.1,-0.1472,3567251,241984675,5744,TWSE,etf,false,true,false,false,false,false,false,false,false,security_type=etf;symbol_not_4_digit
2026-02-24,00647L,元大S&P500正2,listed,115.0,115.2,114.9,115.1,0.05,0.0435,118459,13622384,152,TWSE,leveraged_inverse,false,true,true,false,true,false,false,false,false,security_type=leveraged_inverse;symbol_not_4_digit
2026-02-24,00648R,元大S&P500反1,listed,4.37,4.37,4.35,4.35,-0.02,-0.4577,1681230,7329960,70,TWSE,leveraged_inverse,false,true,true,false,true,false,false,false,false,security_type=leveraged_inverse;symbol_not_4_digit
2026-02-24,00650L,復華香港正2,listed,18.99,18.99,18.34,18.38,-0.7,-3.6688,12351672,229892106,2423,TWSE,leveraged_inverse,false,true,true,false,true,false,false,false,false,security_type=leveraged_inverse;symbol_not_4_digit
2026-02-24,00651R,復華香港反1,listed,5.07,5.14,5.07,5.14,0.09,1.7822,908135,4636736,69,TWSE,leveraged_inverse,false,true,true,false,true,false,false,false,false,security_type=leveraged_inverse;symbol_not_4_digit
2026-02-24,00652,富邦印度,listed,36.71,36.71,36.42,36.42,-0.29,-0.79,493248,18045265,577,TWSE,etf,false,true,false,false,false,false,false,false,false,security_type=etf;symbol_not_4_digit
2026-02-24,00653L,富邦印度正2,listed,55.05,55.05,54.2,54.35,-0.9,-1.629,367699,20094004,199,TWSE,leveraged_inverse,false,true,true,false,true,false,false,false,false,security_type=leveraged_inverse;symbol_not_4_digit
2026-02-24,00654R,富邦印度反1,listed,6.4,6.43,6.38,6.43,0.05,0.7837,39420,252431,11,TWSE,leveraged_inverse,false,true,true,false,true,false,false,false,false,security_type=leveraged_inverse;symbol_not_4_digit
2026-02-24,00655L,國泰中國A50正2,listed,32.8,33.1,32.14,32.27,-0.59,-1.7955,2073954,67441213,586,TWSE,leveraged_inverse,false,true,true,false,true,false,false,false,false,security_type=leveraged_inverse;symbol_not_4_digit
2026-02-24,00656R,國泰中國A50反1,listed,6.2,6.26,6.2,6.24,0.04,0.6452,85500,531169,10,TWSE,leveraged_inverse,false,true,true,false,true,false,false,false,false,security_type=leveraged_inverse;symbol_not_4_digit
2026-02-24,00657,國泰日經225,listed,67.75,67.85,67.5,67.8,0.75,1.1186,246518,16692937,113,TWSE,etf,false,true,false,false,false,false,false,false,false,security_type=etf;symbol_not_4_digit
2026-02-24,00657K,國泰日經225+U,listed,21.56,21.56,21.56,21.56,0.21,0.9836,200,4312,2,TWSE,etf,false,true,true,false,false,false,false,false,false,security_type=etf;symbol_not_4_digit
2026-02-24,00660,元大歐洲50,listed,44.64,44.66,44.49,44.6,0.41,0.9278,19642,875867,104,TWSE,etf,false,true,false,false,false,false,false,false,false,security_type=etf;symbol_not_4_digit
2026-02-24,00661,元大日經225,listed,74.2,74.45,74.15,74.25,0.05,0.0674,149412,11094788,247,TWSE,etf,false,true,false,false,false,false,false,false,false,security_type=etf;symbol_not_4_digit
2026-02-24,00662,富邦NASDAQ,listed,100.25,100.4,99.95,100.35,0.1,0.0998,3712678,372377453,4372,TWSE,etf,false,true,false,false,false,false,false,false,false,security_type=etf;symbol_not_4_digit
2026-02-24,00663L,國泰臺灣加權正2,listed,64.75,67.6,64.75,67.15,3.6,5.6648,8852236,586701040,4455,TWSE,leveraged_inverse,false,true,true,false,true,false,false,false,false,security_type=leveraged_inverse;symbol_not_4_digit
2026-02-24,00664R,國泰臺灣加權反1,listed,2.27,2.27,2.22,2.23,-0.06,-2.6201,28936724,64686328,1703,TWSE,leveraged_inverse,false,true,true,false,true,false,false,false,false,security_type=leveraged_inverse;symbol_not_4_digit
2026-02-24,00665L,富邦恒生國企正2,listed,11.08,11.13,10.74,10.76,-0.4,-3.5842,44561378,484479405,5875,TWSE,leveraged_inverse,false,true,true,false,true,false,false,false,false,security_type=leveraged_inverse;symbol_not_4_digit
2026-02-24,00666R,富邦恒生國企反1,listed,8.59,8.78,8.59,8.77,0.14,1.6222,76800,671128,28,TWSE,leveraged_inverse,false,true,true,false,true,false,false,false,false,security_type=leveraged_inverse;symbol_not_4_digit
2026-02-24,00668,國泰美國道瓊,listed,55.15,56.1,55.15,56.05,-0.55,-0.9717,152635,8510433,210,TWSE,etf,false,true,false,false,false,false,false,false,false,security_type=etf;symbol_not_4_digit
2026-02-24,00668K,國泰美國道瓊+U,listed,17.82,17.82,17.82,17.82,-0.29,-1.6013,200,3564,2,TWSE,etf,false,true,true,false,false,false,false,false,false,security_type=etf;symbol_not_4_digit
2026-02-24,00669R,國泰美國道瓊反1,listed,5.65,5.65,5.61,5.62,0.03,0.5367,3074034,17284187,195,TWSE,leveraged_inverse,false,true,true,false,true,false,false,false,false,security_type=leveraged_inverse;symbol_not_4_digit
2026-02-24,00670L,富邦NASDAQ正2,listed,151.95,152.9,151.4,152.75,0.75,0.4934,1354176,206435354,1458,TWSE,leveraged_inverse,false,true,true,false,true,false,false,false,false,security_type=leveraged_inverse;symbol_not_4_digit
2026-02-24,00671R,富邦NASDAQ反1,listed,2.93,2.93,2.9,2.92,0.0,0.0,6528900,19026498,236,TWSE,leveraged_inverse,false,true,true,false,true,false,false,false,false,security_type=leveraged_inverse;symbol_not_4_digit
2026-02-24,00673R,期元大S&P原油反1,listed,24.28,24.33,24.03,24.11,-0.43,-1.7522,13518113,326638743,2830,TWSE,leveraged_inverse,false,true,true,false,true,false,false,false,false,security_type=leveraged_inverse;symbol_not_4_digit
2026-02-24,00674R,期元大S&P黃金反1,listed,4.77,4.83,4.76,4.8,-0.02,-0.4149,7974938,38225506,279,TWSE,leveraged_inverse,false,true,true,false,true,false,false,false,false,security_type=leveraged_inverse;symbol_not_4_digit
2026-02-24,00675L,富邦臺灣加權正2,listed,196.3,204.85,196.25,203.5,10.8,5.6046,2811366,565976853,3081,TWSE,leveraged_inverse,false,true,true,false,true,false,false,false,false,security_type=leveraged_inverse;symbol_not_4_digit
2026-02-24,00676R,富邦臺灣加權反1,listed,7.66,7.75,7.52,7.55,-0.21,-2.7062,10349431,78599548,1159,TWSE,leveraged_inverse,false,true,true,false,true,false,false,false,false,security_type=leveraged_inverse;symbol_not_4_digit
2026-02-24,00678,群益那斯達克生技,listed,36.34,36.46,36.31,36.4,0.54,1.5059,291032,10603006,199,TWSE,etf,false,true,false,false,false,false,false,false,false,security_type=etf;symbol_not_4_digit
2026-02-24,00680L,元大美債20正2,listed,7.56,7.56,7.51,7.52,0.02,0.2667,45305912,341053529,1375,TWSE,bond_etf,false,true,true,true,true,false,false,false,false,security_type=bond_etf;symbol_not_4_digit
2026-02-24,00681R,元大美債20反1,listed,20.2,20.32,20.2,20.31,-0.02,-0.0984,425100,8612793,10,TWSE,bond_etf,false,true,true,true,true,false,false,false,false,security_type=bond_etf;symbol_not_4_digit
2026-02-24,00682U,期元大美元指數,listed,20.16,20.16,20.12,20.12,0.1,0.4995,6103,122821,6,TWSE,etf,false,true,true,false,false,false,false,false,false,security_type=etf;symbol_not_4_digit
2026-02-24,00683L,期元大美元指正2,listed,20.56,20.58,20.5,20.56,0.13,0.6363,746012,15302880,70,TWSE,leveraged_inverse,false,true,true,false,true,false,false,false,false,security_type=leveraged_inverse;symbol_not_4_digit
2026-02-24,00684R,期元大美元指反1,listed,15.56,15.57,15.56,15.57,-0.07,-0.4476,15200,236646,8,TWSE,leveraged_inverse,false,true,true,false,true,false,false,false,false,security_type=leveraged_inverse;symbol_not_4_digit
2026-02-24,00685L,群益臺灣加權正2,listed,176.45,184.0,176.3,183.15,10.05,5.8059,868964,157637814,892,TWSE,leveraged_inverse,false,true,true,false,true,false,false,false,false,security_type=leveraged_inverse;symbol_not_4_digit
2026-02-24,00686R,群益臺灣加權反1,listed,1.39,1.39,1.35,1.36,-0.04,-2.8571,7986082,10900910,337,TWSE,leveraged_inverse,false,true,true,false,true,false,false,false,false,security_type=leveraged_inverse;symbol_not_4_digit
2026-02-24,00688L,國泰20年美債正2,listed,7.53,7.54,7.5,7.51,0.02,0.267,16220807,121952539,668,TWSE,bond_etf,false,true,true,true,true,false,false,false,false,security_type=bond_etf;symbol_not_4_digit
2026-02-24,00689R,國泰20年美債反1,listed,21.1,21.1,21.1,21.1,-0.05,-0.2364,2000,42200,1,TWSE,bond_etf,false,true,true,true,true,false,false,false,false,security_type=bond_etf;symbol_not_4_digit
2026-02-24,00690,兆豐藍籌30,listed,53.7,54.8,53.7,54.7,1.6,3.0132,874626,47425860,535,TWSE,etf,false,true,false,false,false,false,false,false,false,security_type=etf;symbol_not_4_digit
2026-02-24,00692,富邦公司治理,listed,68.25,69.95,68.25,69.6,1.55,2.2777,4634872,320807502,2001,TWSE,etf,false,true,false,false,false,false,false,false,false,security_type=etf;symbol_not_4_digit
2026-02-24,00693U,期街口S&P黃豆,listed,21.6,21.66,21.51,21.54,0.03,0.1395,1699260,36623485,331,TWSE,warrant,false,false,true,false,false,false,false,false,false,security_type=warrant;symbol_not_4_digit
2026-02-24,00700,富邦恒生國企,listed,18.65,18.65,18.2,18.21,-0.38,-2.0441,576086,10545221,458,TWSE,etf,false,true,false,false,false,false,false,false,false,security_type=etf;symbol_not_4_digit
2026-02-24,00701,國泰股利精選30,listed,30.24,30.38,30.22,30.32,0.09,0.2977,1323565,40136575,958,TWSE,etf,false,true,false,false,false,false,false,false,false,security_type=etf;symbol_not_4_digit
2026-02-24,00702,國泰標普低波高息,listed,24.56,24.56,24.53,24.54,0.02,0.0816,118028,2896128,98,TWSE,etf,false,true,false,false,false,false,false,false,false,security_type=etf;symbol_not_4_digit
2026-02-24,00703,台新MSCI中國,listed,21.7,21.7,21.23,21.23,-0.47,-2.1659,228597,4889028,137,TWSE,other,false,false,false,false,false,false,false,false,false,symbol_not_4_digit
2026-02-24,00706L,期元大S&P日圓正2,listed,20.74,20.74,20.6,20.6,-0.21,-1.0091,1469634,30371635,410,TWSE,leveraged_inverse,false,true,true,false,true,false,false,false,false,security_type=leveraged_inverse;symbol_not_4_digit
2026-02-24,00707R,期元大S&P日圓反1,listed,31.06,31.06,31.06,31.06,0.22,0.7134,1000,31060,1,TWSE,leveraged_inverse,false,true,true,false,true,false,false,false,false,security_type=leveraged_inverse;symbol_not_4_digit
2026-02-24,00708L,期元大S&P黃金正2,listed,124.75,124.75,121.5,122.55,0.5,0.4097,6741359,829414034,3833,TWSE,leveraged_inverse,false,true,true,false,true,false,false,false,false,security_type=leveraged_inverse;symbol_not_4_digit
2026-02-24,00709,富邦歐洲,listed,39.7,39.7,39.66,39.67,-0.03,-0.0756,55551,2205730,261,TWSE,etf,false,true,false,false,false,false,false,false,false,security_type=etf;symbol_not_4_digit
2026-02-24,00710B,復華彭博非投等債,listed,19.01,19.04,18.99,19.01,-0.01,-0.0526,260372,4950557,52,TWSE,bond_etf,false,true,true,true,false,false,false,false,false,security_type=bond_etf;symbol_not_4_digit
2026-02-24,00711B,復華彭博新興債,listed,16.55,16.64,16.55,16.64,0.09,0.5438,138481,2302398,95,TWSE,bond_etf,false,true,true,true,false,false,false,false,false,security_type=bond_etf;symbol_not_4_digit
2026-02-24,00712,復華富時不動產,listed,9.24,9.26,9.2,9.23,-0.08,-0.8593,50747701,468806733,11581,TWSE,etf,false,true,false,false,false,false,false,false,false,security_type=etf;symbol_not_4_digit
2026-02-24,00713,元大台灣高息低波,listed,53.4,53.65,53.4,53.65,0.25,0.4682,18342578,982375023,9259,TWSE,etf,false,true,false,false,false,false,false,false,false,security_type=etf;symbol_not_4_digit
2026-02-24,00714,群益道瓊美國地產,listed,21.25,21.3,21.25,21.27,0.05,0.2356,176601,3754597,147,TWSE,etf,false,true,false,false,false,false,false,false,false,security_type=etf;symbol_not_4_digit
2026-02-24,00715L,期街口布蘭特正2,listed,27.1,27.69,27.03,27.51,0.69,2.5727,11904008,325764944,2202,TWSE,leveraged_inverse,false,true,true,false,true,false,false,false,false,security_type=leveraged_inverse;symbol_not_4_digit
2026-02-24,00717,富邦美國特別股,listed,15.18,15.2,15.18,15.19,-0.01,-0.0658,243887,3704246,353,TWSE,preferred_stock,false,true,false,false,false,false,true,false,false,security_type=preferred_stock;symbol_not_4_digit
2026-02-24,00728,第一金工業30,listed,43.25,44.35,43.25,44.25,1.19,2.7636,533683,23598400,437,TWSE,other,false,false,false,false,false,false,false,false,false,symbol_not_4_digit
2026-02-24,00730,富邦臺灣優質高息,listed,23.11,23.37,23.07,23.26,0.15,0.6491,545018,12668172,445,TWSE,etf,false,true,false,false,false,false,false,false,false,security_type=etf;symbol_not_4_digit
2026-02-24,00731,復華富時高息低波,listed,74.7,75.35,74.7,75.25,0.65,0.8713,918262,69015227,600,TWSE,etf,false,true,false,false,false,false,false,false,false,security_type=etf;symbol_not_4_digit
2026-02-24,00733,富邦臺灣中小,listed,52.4,54.65,52.4,54.55,2.3,4.4019,3308330,178045739,3031,TWSE,etf,false,true,false,false,false,false,false,false,false,security_type=etf;symbol_not_4_digit
2026-02-24,00735,國泰臺韓科技,listed,69.9,71.95,69.4,71.8,-1.7,-2.3129,7768427,552966717,4373,TWSE,etf,false,true,false,false,false,false,false,false,false,security_type=etf;symbol_not_4_digit
2026-02-24,00736,國泰新興市場,listed,29.87,30.0,29.86,29.89,-0.05,-0.167,121834,3646005,81,TWSE,etf,false,true,false,false,false,false,false,false,false,security_type=etf;symbol_not_4_digit
2026-02-24,00737,國泰AI機器人,listed,34.81,34.81,34.25,34.39,-0.46,-1.3199,418582,14401387,435,TWSE,etf,false,true,false,false,false,false,false,false,false,security_type=etf;symbol_not_4_digit
2026-02-24,00738U,期元大道瓊白銀,listed,71.2,71.4,69.0,71.0,0.15,0.2117,17575877,1242759854,8575,TWSE,etf,false,true,true,false,false,false,false,false,false,security_type=etf;symbol_not_4_digit
2026-02-24,00739,元大MSCI A股,listed,27.35,27.71,27.25,27.51,0.0,0.0,57739,1586521,122,TWSE,etf,false,true,false,false,false,false,false,false,false,security_type=etf;symbol_not_4_digit
2026-02-24,00752,中信中國50,listed,26.12,26.15,25.61,25.66,-0.45,-1.7235,7218879,186015031,2661,TWSE,etf,false,true,false,false,false,false,false,false,false,security_type=etf;symbol_not_4_digit
2026-02-24,00753L,中信中國50正2,listed,12.28,12.31,11.9,11.91,-0.44,-3.5628,54792442,658188250,7562,TWSE,leveraged_inverse,false,true,true,false,true,false,false,false,false,security_type=leveraged_inverse;symbol_not_4_digit
2026-02-24,00757,統一FANG+,listed,105.0,105.4,105.0,105.25,-1.15,-1.0808,4167768,438518230,10941,TWSE,etf,false,true,false,false,false,false,false,false,false,security_type=etf;symbol_not_4_digit
2026-02-24,00762,元大全球AI,listed,82.05,82.05,81.65,82.0,-0.05,-0.0609,335052,27465364,802,TWSE,etf,false,true,false,false,false,false,false,false,false,security_type=etf;symbol_not_4_digit
2026-02-24,00763U,期街口道瓊銅,listed,31.94,32.38,31.94,32.27,0.34,1.0648,2445748,78750524,873,TWSE,warrant,false,false,true,false,false,false,false,false,false,security_type=warrant;symbol_not_4_digit
2026-02-24,00770,國泰北美科技,listed,51.5,51.5,51.15,51.4,-0.2,-0.3876,853709,43838003,1569,TWSE,etf,false,true,false,false,false,false,false,false,false,security_type=etf;symbol_not_4_digit
2026-02-24,00771,元大US高息特別股,listed,16.48,16.48,16.44,16.44,-0.01,-0.0608,57932,953233,75,TWSE,preferred_stock,false,true,false,false,false,false,true,false,false,security_type=preferred_stock;symbol_not_4_digit
2026-02-24,00775B,台新投等債15+,listed,33.4,33.41,33.4,33.41,-0.16,-0.4766,82063,2740640,95,TWSE,bond_etf,false,true,true,true,false,false,false,false,false,security_type=bond_etf;symbol_not_4_digit
2026-02-24,00783,富邦中証500,listed,29.09,29.13,28.82,28.99,0.01,0.0345,240002,6952712,118,TWSE,etf,false,true,false,false,false,false,false,false,false,security_type=etf;symbol_not_4_digit
2026-02-24,00830,國泰費城半導體,listed,56.75,57.75,56.75,57.6,0.8,1.4085,15353124,881703567,11308,TWSE,etf,false,true,false,false,false,false,false,false,false,security_type=etf;symbol_not_4_digit
2026-02-24,00850,元大臺灣ESG永續,listed,64.35,65.7,64.35,65.6,1.4,2.1807,1578410,103048513,1793,TWSE,etf,false,true,false,false,false,false,false,false,false,security_type=etf;symbol_not_4_digit
2026-02-24,00851,台新全球AI,listed,55.25,55.25,54.85,55.1,-0.4,-0.7207,29809,1641549,116,TWSE,other,false,false,false,false,false,false,false,false,false,symbol_not_4_digit
2026-02-24,00852L,國泰美國道瓊正2,listed,32.02,32.02,31.03,31.14,-0.48,-1.518,2849903,90353384,410,TWSE,leveraged_inverse,false,true,true,false,true,false,false,false,false,security_type=leveraged_inverse;symbol_not_4_digit
2026-02-24,00861,元大全球未來通訊,listed,65.25,66.9,65.25,66.75,1.55,2.3773,287090,19096945,928,TWSE,etf,false,true,false,false,false,false,false,false,false,security_type=etf;symbol_not_4_digit
2026-02-24,00865B,國泰US短期公債,listed,47.36,47.54,47.36,47.4,0.04,0.0845,990559,46978642,483,TWSE,bond_etf,false,true,true,true,false,false,false,false,false,security_type=bond_etf;symbol_not_4_digit
2026-02-24,00875,國泰網路資安,listed,35.21,35.21,34.79,34.96,-1.26,-3.4787,1000152,34981033,382,TWSE,etf,false,true,false,false,false,false,false,false,false,security_type=etf;symbol_not_4_digit
2026-02-24,00876,元大全球5G,listed,65.15,65.75,64.65,65.55,1.45,2.2621,615839,40259443,1478,TWSE,etf,false,true,false,false,false,false,false,false,false,security_type=etf;symbol_not_4_digit
2026-02-24,00878,國泰永續高股息,listed,23.7,23.96,23.7,23.93,0.28,1.1839,121165506,2893102250,37281,TWSE,etf,false,true,false,false,false,false,false,false,false,security_type=etf;symbol_not_4_digit
2026-02-24,00881,國泰台灣科技龍頭,listed,36.27,37.23,36.27,37.09,1.12,3.1137,30428552,1122946544,13842,TWSE,etf,false,true,false,false,false,false,false,false,false,security_type=etf;symbol_not_4_digit
2026-02-24,00882,中信中國高股息,listed,16.28,16.32,16.16,16.18,-0.14,-0.8578,7761482,125946324,2917,TWSE,etf,false,true,false,false,false,false,false,false,false,security_type=etf;symbol_not_4_digit
2026-02-24,00885,富邦越南,listed,18.75,18.84,18.58,18.8,0.11,0.5886,9204329,172688447,2291,TWSE,etf,false,true,false,false,false,false,false,false,false,security_type=etf;symbol_not_4_digit
2026-02-24,00891,中信關鍵半導體,listed,24.85,25.47,24.85,25.42,0.72,2.915,34561955,872535431,9627,TWSE,etf,false,true,false,false,false,false,false,false,false,security_type=etf;symbol_not_4_digit
2026-02-24,00892,富邦台灣半導體,listed,26.91,27.51,26.91,27.49,0.74,2.7664,1173676,32021724,732,TWSE,etf,false,true,false,false,false,false,false,false,false,security_type=etf;symbol_not_4_digit
2026-02-24,00893,國泰智能電動車,listed,34.1,34.4,34.1,34.37,0.27,0.7918,1015505,34881000,781,TWSE,etf,false,true,false,false,false,false,false,false,false,security_type=etf;symbol_not_4_digit
2026-02-24,00894,中信小資高價30,listed,32.32,33.35,32.32,33.29,1.02,3.1608,1411706,46641129,1168,TWSE,etf,false,true,false,false,false,false,false,false,false,security_type=etf;symbol_not_4_digit
2026-02-24,00895,富邦未來車,listed,41.89,41.92,41.58,41.91,0.32,0.7694,1019414,42643454,600,TWSE,etf,false,true,false,false,false,false,false,false,false,security_type=etf;symbol_not_4_digit
2026-02-24,00896,中信綠能及電動車,listed,21.59,22.17,21.59,22.14,0.55,2.5475,3199116,70517034,1381,TWSE,etf,false,true,false,false,false,false,false,false,false,security_type=etf;symbol_not_4_digit
2026-02-24,00897,富邦基因免疫生技,listed,9.93,10.13,9.93,10.1,0.35,3.5897,2331191,23520751,606,TWSE,etf,false,true,false,false,false,false,false,false,false,security_type=etf;symbol_not_4_digit
2026-02-24,00898,國泰基因免疫革命,listed,8.19,8.26,8.19,8.23,0.08,0.9816,595697,4907020,251,TWSE,etf,false,true,false,false,false,false,false,false,false,security_type=etf;symbol_not_4_digit
2026-02-24,00899,FT潔淨能源,listed,23.45,23.48,23.33,23.46,0.01,0.0426,359280,8410975,1305,TWSE,other,false,false,false,false,false,false,false,false,false,symbol_not_4_digit
2026-02-24,00900,富邦特選高股息30,listed,14.78,14.95,14.78,14.93,0.16,1.0833,22283940,331689088,5172,TWSE,etf,false,true,false,false,false,false,false,false,false,security_type=etf;symbol_not_4_digit
2026-02-24,00901,永豐智能車供應鏈,listed,29.8,30.78,29.8,30.72,0.98,3.2952,926989,28374615,362,TWSE,etf,false,true,false,false,false,false,false,false,false,security_type=etf;symbol_not_4_digit
2026-02-24,00902,中信電池及儲能,listed,14.73,14.85,14.73,14.76,0.2,1.3736,3885516,57506059,1368,TWSE,etf,false,true,false,false,false,false,false,false,false,security_type=etf;symbol_not_4_digit
2026-02-24,00903,富邦元宇宙,listed,16.02,16.02,15.96,15.97,-0.05,-0.3121,265608,4242740,278,TWSE,etf,false,true,false,false,false,false,false,false,false,security_type=etf;symbol_not_4_digit
2026-02-24,00904,台新臺灣半導體30,listed,28.73,29.72,28.73,29.71,1.14,3.9902,7144885,210637986,1852,TWSE,other,false,false,false,false,false,false,false,false,false,symbol_not_4_digit
2026-02-24,00905,FT臺灣Smart,listed,19.85,20.19,19.85,20.17,0.48,2.4378,2338721,46897249,1440,TWSE,other,false,false,false,false,false,false,false,false,false,symbol_not_4_digit
2026-02-24,00907,永豐優息存股,listed,15.88,15.92,15.86,15.88,0.0,0.0,1600485,25428064,505,TWSE,etf,false,true,false,false,false,false,false,false,false,security_type=etf;symbol_not_4_digit
2026-02-24,00908,富邦入息REITs+,listed,14.39,14.39,14.3,14.31,-0.08,-0.5559,218814,3130847,149,TWSE,etf,false,true,false,false,false,false,false,false,false,security_type=etf;symbol_not_4_digit
2026-02-24,00909,國泰數位支付服務,listed,36.84,37.1,36.78,36.9,-0.07,-0.1893,3400790,125566587,3485,TWSE,etf,false,true,false,false,false,false,false,false,false,security_type=etf;symbol_not_4_digit
2026-02-24,00910,第一金太空衛星,listed,54.3,54.5,54.15,54.45,0.35,0.647,2286688,124056327,5173,TWSE,other,false,false,false,false,false,false,false,false,false,symbol_not_4_digit
2026-02-24,00911,兆豐洲際半導體,listed,38.15,38.21,38.1,38.2,0.06,0.1573,258129,9854246,1033,TWSE,etf,false,true,false,false,false,false,false,false,false,security_type=etf;symbol_not_4_digit
2026-02-24,00912,中信臺灣智慧50,listed,24.56,25.19,24.56,25.15,0.61,2.4857,651571,16275876,316,TWSE,etf,false,true,false,false,false,false,false,false,false,security_type=etf;symbol_not_4_digit
2026-02-24,00913,兆豐台灣晶圓製造,listed,31.09,31.86,31.09,31.81,0.95,3.0784,2674048,84637530,967,TWSE,etf,false,true,false,false,false,false,false,false,false,security_type=etf;symbol_not_4_digit
2026-02-24,00915,凱基優選高股息30,listed,24.6,24.78,24.6,24.72,0.15,0.6105,13022848,322145115,3714,TWSE,etf,false,true,false,false,false,false,false,false,false,security_type=etf;symbol_not_4_digit
2026-02-24,00916,國泰全球品牌50,listed,26.03,26.03,25.77,25.81,-0.25,-0.9593,517094,13347595,684,TWSE,etf,false,true,false,false,false,false,false,false,false,security_type=etf;symbol_not_4_digit
2026-02-24,00917,中信特選金融,listed,21.1,21.13,20.97,21.08,-0.42,-1.9535,3374658,70931569,2176,TWSE,etf,false,true,false,false,false,false,false,false,false,security_type=etf;symbol_not_4_digit
2026-02-24,00918,大華優利高填息30,listed,23.5,23.69,23.5,23.62,0.15,0.6391,28736905,678870930,6663,TWSE,other,false,false,false,false,false,false,false,false,false,symbol_not_4_digit
2026-02-24,00919,群益台灣精選高息,listed,24.15,24.35,24.15,24.3,0.18,0.7463,128558309,3124265431,29941,TWSE,etf,false,true,false,false,false,false,false,false,false,security_type=etf;symbol_not_4_digit
2026-02-24,00920,富邦ESG綠色電力,listed,21.19,21.46,21.19,21.46,0.32,1.5137,1050470,22479504,1168,TWSE,etf,false,true,false,false,false,false,false,false,false,security_type=etf;symbol_not_4_digit
2026-02-24,00921,兆豐龍頭等權重,listed,18.81,19.03,18.81,19.01,0.2,1.0633,1814084,34438823,754,TWSE,etf,false,true,false,false,false,false,false,false,false,security_type=etf;symbol_not_4_digit
2026-02-24,00922,國泰台灣領袖50,listed,30.46,31.18,30.46,31.13,0.83,2.7393,10115039,312605019,4767,TWSE,etf,false,true,false,false,false,false,false,false,false,security_type=etf;symbol_not_4_digit
2026-02-24,00923,群益台ESG低碳50,listed,31.05,31.69,31.04,31.66,0.87,2.8256,32379446,1017540967,9039,TWSE,etf,false,true,false,false,false,false,false,false,false,security_type=etf;symbol_not_4_digit
2026-02-24,00924,復華S&P500成長,listed,28.35,28.35,28.28,28.34,-0.02,-0.0705,3208933,90881414,3624,TWSE,etf,false,true,false,false,false,false,false,false,false,security_type=etf;symbol_not_4_digit
2026-02-24,00926,凱基全球菁英55,listed,23.41,23.55,23.41,23.5,0.09,0.3845,552083,12973169,416,TWSE,etf,false,true,false,false,false,false,false,false,false,security_type=etf;symbol_not_4_digit
2026-02-24,00927,群益半導體收益,listed,25.02,25.73,25.02,25.69,0.9,3.6305,20123798,512900607,4657,TWSE,etf,false,true,false,false,false,false,false,false,false,security_type=etf;symbol_not_4_digit
2026-02-24,00929,復華台灣科技優息,listed,19.48,19.87,19.48,19.84,0.49,2.5323,85476246,1691482932,17593,TWSE,etf,false,true,false,false,false,false,false,false,false,security_type=etf;symbol_not_4_digit
2026-02-24,00930,永豐ESG低碳高息,listed,18.27,18.45,18.27,18.34,0.08,0.4381,3577428,65850372,806,TWSE,etf,false,true,false,false,false,false,false,false,false,security_type=etf;symbol_not_4_digit
2026-02-24,00932,兆豐永續高息等權,listed,15.1,15.25,15.1,15.22,0.17,1.1296,2374701,36102743,640,TWSE,etf,false,true,false,false,false,false,false,false,false,security_type=etf;symbol_not_4_digit
2026-02-24,00934,中信成長高股息,listed,22.34,22.7,22.34,22.68,0.42,1.8868,5091425,115216585,1363,TWSE,etf,false,true,false,false,false,false,false,false,false,security_type=etf;symbol_not_4_digit
2026-02-24,00935,野村臺灣新科技50,listed,37.9,38.89,37.87,38.85,1.32,3.5172,7485406,288834629,3912,TWSE,other,false,false,false,false,false,false,false,false,false,symbol_not_4_digit
2026-02-24,00936,台新永續高息中小,listed,17.7,18.0,17.66,17.94,0.3,1.7007,13193024,236525895,2704,TWSE,other,false,false,false,false,false,false,false,false,false,symbol_not_4_digit
2026-02-24,00938,凱基優選30,listed,19.36,19.59,19.36,19.58,0.26,1.3458,780808,15203312,185,TWSE,etf,false,true,false,false,false,false,false,false,false,security_type=etf;symbol_not_4_digit
2026-02-24,00939,統一台灣高息動能,listed,16.13,16.36,16.13,16.3,0.22,1.3682,22612768,368552203,3929,TWSE,etf,false,true,false,false,false,false,false,false,false,security_type=etf;symbol_not_4_digit
2026-02-24,00940,元大台灣價值高息,listed,9.82,9.89,9.82,9.87,0.07,0.7143,129415983,1277171013,14943,TWSE,etf,false,true,false,false,false,false,false,false,false,security_type=etf;symbol_not_4_digit
2026-02-24,00941,中信上游半導體,listed,22.35,22.57,22.35,22.54,0.21,0.9404,2362119,53228899,1568,TWSE,etf,false,true,false,false,false,false,false,false,false,security_type=etf;symbol_not_4_digit
2026-02-24,00943,兆豐電子高息等權,listed,15.11,15.31,15.11,15.26,0.2,1.328,956052,14575468,201,TWSE,etf,false,true,false,false,false,false,false,false,false,security_type=etf;symbol_not_4_digit
2026-02-24,00944,野村趨勢動能高息,listed,15.22,15.44,15.22,15.42,0.2,1.3141,1976484,30422608,566,TWSE,other,false,false,false,false,false,false,false,false,false,symbol_not_4_digit
2026-02-24,00945B,凱基美國非投等債,listed,14.55,14.57,14.53,14.56,0.01,0.0687,8072575,117410858,1096,TWSE,bond_etf,false,true,true,true,false,false,false,false,false,security_type=bond_etf;symbol_not_4_digit
2026-02-24,00946,群益科技高息成長,listed,10.1,10.37,10.1,10.35,0.25,2.4752,12672556,130777573,2244,TWSE,etf,false,true,false,false,false,false,false,false,false,security_type=etf;symbol_not_4_digit
2026-02-24,00947,台新臺灣IC設計,listed,23.87,24.66,23.83,24.64,0.82,3.4425,8690947,211953836,2996,TWSE,other,false,false,false,false,false,false,false,false,false,symbol_not_4_digit
2026-02-24,00949,復華日本龍頭,listed,20.5,20.6,20.02,20.06,-0.42,-2.0508,3803726,76675944,1921,TWSE,etf,false,true,false,false,false,false,false,false,false,security_type=etf;symbol_not_4_digit
2026-02-24,00951,台新日本半導體,listed,14.91,15.0,14.81,14.89,-0.02,-0.1341,6247042,93006576,1655,TWSE,other,false,false,false,false,false,false,false,false,false,symbol_not_4_digit
2026-02-24,00952,凱基台灣AI50,listed,12.64,12.93,12.64,12.9,0.34,2.707,8085682,103914531,762,TWSE,etf,false,true,false,false,false,false,false,false,false,security_type=etf;symbol_not_4_digit
2026-02-24,00953B,群益優選非投等債,listed,9.68,9.69,9.67,9.68,0.0,0.0,44845927,434049832,8126,TWSE,bond_etf,false,true,true,true,false,false,false,false,false,security_type=bond_etf;symbol_not_4_digit
2026-02-24,00954,中信日本半導體,listed,16.09,16.17,15.95,15.99,-0.1,-0.6215,5146809,82569579,1579,TWSE,etf,false,true,false,false,false,false,false,false,false,security_type=etf;symbol_not_4_digit
2026-02-24,00956,中信日經高股息,listed,13.13,13.13,13.04,13.05,-0.07,-0.5335,516687,6748570,439,TWSE,etf,false,true,false,false,false,false,false,false,false,security_type=etf;symbol_not_4_digit
2026-02-24,00960,野村全球航運龍頭,listed,16.6,16.69,16.53,16.68,0.14,0.8464,3697432,61600608,925,TWSE,other,false,false,false,false,false,false,false,false,false,symbol_not_4_digit
2026-02-24,00961,FT臺灣永續高息,listed,10.22,10.35,10.22,10.34,0.14,1.3725,2771438,28559620,534,TWSE,other,false,false,false,false,false,false,false,false,false,symbol_not_4_digit
2026-02-24,00962,台新AI優息動能,listed,11.2,11.41,11.2,11.4,0.21,1.8767,554921,6307975,271,TWSE,other,false,false,false,false,false,false,false,false,false,symbol_not_4_digit
2026-02-24,00963,中信全球高股息,listed,12.45,12.48,12.45,12.48,0.03,0.241,841381,10493628,308,TWSE,etf,false,true,false,false,false,false,false,false,false,security_type=etf;symbol_not_4_digit
2026-02-24,00964,中信亞太高股息,listed,13.82,13.91,13.77,13.89,0.07,0.5065,1865909,25814491,379,TWSE,etf,false,true,false,false,false,false,false,false,false,security_type=etf;symbol_not_4_digit
2026-02-24,00965,元大航太防衛科技,listed,26.13,26.13,25.9,25.99,-0.3,-1.1411,5715612,148451640,3591,TWSE,etf,false,true,false,false,false,false,false,false,false,security_type=etf;symbol_not_4_digit
2026-02-24,00971,野村美國研發龍頭,listed,15.15,15.15,15.09,15.14,-0.01,-0.066,826001,12491221,582,TWSE,other,false,false,false,false,false,false,false,false,false,symbol_not_4_digit
2026-02-24,00972,野村日本動能高息,listed,20.7,20.72,20.68,20.69,-0.01,-0.0483,104473,2162445,106,TWSE,other,false,false,false,false,false,false,false,false,false,symbol_not_4_digit
2026-02-24,009800,中信NASDAQ,listed,10.85,10.9,10.85,10.89,0.01,0.0919,2374100,25821950,1099,TWSE,etf,false,true,false,false,false,false,false,false,false,security_type=etf;symbol_not_4_digit
2026-02-24,009801,中信美國創新科技,listed,10.43,10.48,10.42,10.46,-0.02,-0.1908,3261159,34098551,1079,TWSE,etf,false,true,false,false,false,false,false,false,false,security_type=etf;symbol_not_4_digit
2026-02-24,009802,富邦旗艦50,listed,13.14,13.44,13.14,13.43,0.36,2.7544,5063222,67529686,1018,TWSE,etf,false,true,false,false,false,false,false,false,false,security_type=etf;symbol_not_4_digit
2026-02-24,009803,玉山市值動能50,listed,15.61,15.96,15.61,15.93,0.43,2.7742,1867057,29539430,445,TWSE,other,false,false,false,false,false,false,false,false,false,symbol_not_4_digit
2026-02-24,009804,聯邦台精彩50,listed,17.07,17.45,17.07,17.4,0.48,2.8369,867797,15055821,300,TWSE,other,false,false,false,false,false,false,false,false,false,symbol_not_4_digit
2026-02-24,009805,台新美國電力基建,listed,14.66,14.89,14.65,14.85,0.18,1.227,20393574,302432482,4457,TWSE,other,false,false,false,false,false,false,false,false,false,symbol_not_4_digit
2026-02-24,009808,華南永昌優選50,listed,23.17,23.56,23.13,23.48,0.52,2.2648,1660535,38754516,182,TWSE,other,false,false,false,false,false,false,false,false,false,symbol_not_4_digit
2026-02-24,009809,富邦淨零ESG50,listed,12.5,12.79,12.5,12.78,0.4,3.231,859785,10965739,134,TWSE,etf,false,true,false,false,false,false,false,false,false,security_type=etf;symbol_not_4_digit
2026-02-24,00980A,主動野村臺灣優選,listed,17.25,17.48,17.22,17.45,0.29,1.69,19533577,339480234,4834,TWSE,etf,false,true,true,false,false,false,false,false,false,security_type=etf;symbol_not_4_digit
2026-02-24,009810,玉山全球藍籌100,listed,18.83,18.83,18.65,18.68,0.09,0.4841,171018,3196623,75,TWSE,other,false,false,false,false,false,false,false,false,false,symbol_not_4_digit
2026-02-24,009811,統一美國50,listed,11.34,11.4,11.34,11.4,0.01,0.0878,4606248,52436253,2013,TWSE,etf,false,true,false,false,false,false,false,false,false,security_type=etf;symbol_not_4_digit
2026-02-24,009812,野村日本東證,listed,12.22,12.24,12.17,12.23,0.01,0.0818,4759114,58090001,728,TWSE,other,false,false,false,false,false,false,false,false,false,symbol_not_4_digit
2026-02-24,009813,貝萊德標普卓越50,listed,10.21,10.21,10.18,10.2,-0.01,-0.0979,7640264,77928997,2722,TWSE,other,false,false,false,false,false,false,false,false,false,symbol_not_4_digit
2026-02-24,009816,凱基台灣TOP50,listed,11.0,11.21,10.95,11.18,0.28,2.5688,430998377,4790257637,90643,TWSE,etf,false,true,false,false,false,false,false,false,false,security_type=etf;symbol_not_4_digit
2026-02-24,009817,國泰日本不動產,listed,10.03,10.09,10.03,10.05,0.02,0.1994,11935156,120008246,1223,TWSE,etf,false,true,false,false,false,false,false,false,false,security_type=etf;symbol_not_4_digit
2026-02-24,00981A,主動統一台股增長,listed,19.05,19.39,19.02,19.34,0.35,1.8431,78388909,1510498840,19117,TWSE,etf,false,true,true,false,false,false,false,false,false,security_type=etf;symbol_not_4_digit
2026-02-24,00981T,平衡凱基雙核收息,listed,11.42,11.51,11.42,11.5,0.08,0.7005,6362226,73057518,576,TWSE,etf,false,true,true,false,false,false,false,false,false,security_type=etf;symbol_not_4_digit
2026-02-24,00982A,主動群益台灣強棒,listed,16.08,16.42,16.08,16.42,0.44,2.7534,54585311,890471052,12171,TWSE,etf,false,true,true,false,false,false,false,false,false,security_type=etf;symbol_not_4_digit
2026-02-24,00982D,主動富邦動態入息,listed,10.24,10.28,10.24,10.27,0.03,0.293,2922852,29993660,309,TWSE,etf,false,true,true,false,false,false,false,false,false,security_type=etf;symbol_not_4_digit
2026-02-24,00982T,平衡兆豐台美動能,listed,11.5,11.83,11.5,11.82,0.34,2.9617,2656738,31265421,236,TWSE,etf,false,true,true,false,false,false,false,false,false,security_type=etf;symbol_not_4_digit
2026-02-24,00983A,主動中信ARK創新,listed,10.69,10.7,10.64,10.69,-0.04,-0.3728,3670656,39193126,1623,TWSE,etf,false,true,true,false,false,false,false,false,false,security_type=etf;symbol_not_4_digit
2026-02-24,00983D,主動富邦複合收益,listed,10.35,10.37,10.34,10.34,0.01,0.0968,2730772,28265303,303,TWSE,etf,false,true,true,false,false,false,false,false,false,security_type=etf;symbol_not_4_digit
2026-02-24,00984A,主動安聯台灣高息,listed,12.28,12.6,12.28,12.57,0.33,2.6961,8772251,109852867,2279,TWSE,etf,false,true,true,false,false,false,false,false,false,security_type=etf;symbol_not_4_digit
2026-02-24,00984D,主動聯博全球非投,listed,9.98,9.99,9.97,9.97,-0.03,-0.3,3069249,30616897,546,TWSE,etf,false,true,true,false,false,false,false,false,false,security_type=etf;symbol_not_4_digit
2026-02-24,00985A,主動野村台灣50,listed,15.76,16.04,15.76,16.02,0.39,2.4952,9751737,155285657,2239,TWSE,etf,false,true,true,false,false,false,false,false,false,security_type=etf;symbol_not_4_digit
2026-02-24,00985B,群益ESG投等債0-5,listed,10.33,10.33,10.31,10.32,0.01,0.097,7130351,73571979,522,TWSE,bond_etf,false,true,true,true,false,false,false,false,false,security_type=bond_etf;symbol_not_4_digit
2026-02-24,00986A,主動台新龍頭成長,listed,12.13,12.21,12.13,12.19,0.06,0.4946,930717,11351197,249,TWSE,etf,false,true,true,false,false,false,false,false,false,security_type=etf;symbol_not_4_digit
2026-02-24,00987A,主動台新優勢成長,listed,10.86,11.35,10.86,11.31,0.51,4.7222,7600149,85023119,1014,TWSE,etf,false,true,true,false,false,false,false,false,false,security_type=etf;symbol_not_4_digit
2026-02-24,00988A,主動統一全球創新,listed,12.72,13.03,12.72,13.02,0.47,3.745,37081028,480108984,7220,TWSE,etf,false,true,true,false,false,false,false,false,false,security_type=etf;symbol_not_4_digit
2026-02-24,00989A,主動摩根美國科技,listed,14.12,14.12,14.0,14.04,-0.08,-0.5666,4301031,60388725,1016,TWSE,etf,false,true,true,false,false,false,false,false,false,security_type=etf;symbol_not_4_digit
2026-02-24,00990A,主動元大AI新經濟,listed,12.2,12.46,12.19,12.45,0.3,2.4691,30252436,374618056,5792,TWSE,etf,false,true,true,false,false,false,false,false,false,security_type=etf;symbol_not_4_digit
2026-02-24,00991A,主動復華未來50,listed,12.29,12.77,12.28,12.75,0.52,4.2518,68454464,863271053,13029,TWSE,etf,false,true,true,false,false,false,false,false,false,security_type=etf;symbol_not_4_digit
2026-02-24,00992A,主動群益科技創新,listed,12.12,12.43,12.11,12.43,0.41,3.411,27599878,340219123,4206,TWSE,etf,false,true,true,false,false,false,false,false,false,security_type=etf;symbol_not_4_digit
2026-02-24,00993A,主動安聯台灣,listed,10.25,10.6,10.24,10.6,0.4,3.9216,67901938,711320964,7321,TWSE,etf,false,true,true,false,false,false,false,false,false,security_type=etf;symbol_not_4_digit
2026-02-24,00994A,主動第一金台股優,listed,11.42,11.75,11.42,11.75,0.41,3.6155,3568973,41522109,614,TWSE,etf,false,true,true,false,false,false,false,false,false,security_type=etf;symbol_not_4_digit
2026-02-24,00995A,主動中信台灣卓越,listed,10.91,11.2,10.91,11.19,0.28,2.5665,16882728,187430426,1777,TWSE,etf,false,true,true,false,false,false,false,false,false,security_type=etf;symbol_not_4_digit
2026-02-24,01001T,土銀富邦R1,listed,11.91,11.91,11.9,11.9,0.0,0.0,73000,869170,11,TWSE,etf,false,true,true,false,false,false,false,false,false,security_type=etf;symbol_not_4_digit
2026-02-24,01002T,土銀國泰R1,listed,14.55,14.64,14.55,14.6,-0.04,-0.2732,56001,817313,18,TWSE,etf,false,true,true,false,false,false,false,false,false,security_type=etf;symbol_not_4_digit
2026-02-24,01004T,土銀富邦R2,listed,10.9,10.91,10.9,10.91,0.01,0.0917,30085,327945,8,TWSE,etf,false,true,true,false,false,false,false,false,false,security_type=etf;symbol_not_4_digit
2026-02-24,01007T,兆豐國泰R2,listed,13.59,13.75,13.55,13.75,0.15,1.1029,146000,1981200,37,TWSE,etf,false,true,true,false,false,false,false,false,false,security_type=etf;symbol_not_4_digit
2026-02-24,01009T,王道圓滿R1,listed,5.83,5.83,5.62,5.77,-0.06,-1.0292,953001,5380925,86,TWSE,warrant,false,false,true,false,false,false,false,false,false,security_type=warrant;symbol_not_4_digit
2026-02-24,01010T,京城樂富R1,listed,10.04,10.05,10.0,10.05,-0.01,-0.0994,175200,1756893,13,TWSE,warrant,false,false,true,false,false,false,false,false,false,security_type=warrant;symbol_not_4_digit
2026-02-24,020000,富邦特選蘋果N,listed,20.83,21.06,20.83,21.06,0.0,0.0,2000,41890,2,TWSE,etf,false,true,false,false,false,false,false,false,false,security_type=etf;symbol_not_4_digit
2026-02-24,020011,統一微波高息20N,listed,,,,,0.0,,0,0,0,TWSE,etf,false,true,false,false,false,false,false,false,false,security_type=etf;symbol_not_4_digit;invalid_close;invalid_volume;invalid_turnover
2026-02-24,020012,富邦行動通訊N,listed,,,,,0.0,,0,0,0,TWSE,etf,false,true,false,false,false,false,false,false,false,security_type=etf;symbol_not_4_digit;invalid_close;invalid_volume;invalid_turnover
2026-02-24,02001L,富邦蘋果正二N,listed,68.95,73.0,68.9,73.0,6.3,9.4453,36000,2562550,22,TWSE,etf,false,true,true,false,false,false,false,false,false,security_type=etf;symbol_not_4_digit
2026-02-24,02001R,富邦蘋果反一N,listed,0.71,0.71,0.7,0.7,-0.02,-2.7778,37000,25970,4,TWSE,etf,false,true,true,false,false,false,false,false,false,security_type=etf;symbol_not_4_digit
2026-02-24,020020,元大台股領航N,listed,18.14,18.43,18.14,18.43,0.32,1.767,19000,348040,8,TWSE,etf,false,true,false,false,false,false,false,false,false,security_type=etf;symbol_not_4_digit
2026-02-24,020028,元大特選電動車N,listed,14.34,14.75,14.34,14.75,0.26,1.7943,30000,439540,15,TWSE,etf,false,true,false,false,false,false,false,false,false,security_type=etf;symbol_not_4_digit
2026-02-24,020029,元大ESG高股息N,listed,10.81,10.84,10.81,10.84,0.14,1.3084,8000,86610,5,TWSE,etf,false,true,false,false,false,false,false,false,false,security_type=etf;symbol_not_4_digit
2026-02-24,020030,統一智慧電動車N,listed,10.74,10.75,10.7,10.75,0.29,2.7725,96000,1027830,7,TWSE,etf,false,true,false,false,false,false,false,false,false,security_type=etf;symbol_not_4_digit
2026-02-24,020031,統一IC設計臺灣N,listed,6.8,6.81,6.78,6.8,0.07,1.0401,51000,346840,8,TWSE,etf,false,true,false,false,false,false,false,false,false,security_type=etf;symbol_not_4_digit
2026-02-24,020032,元大綠能N,listed,8.69,8.72,8.69,8.72,0.03,0.3452,5000,43510,4,TWSE,etf,false,true,false,false,false,false,false,false,false,security_type=etf;symbol_not_4_digit
2026-02-24,020034,元大IC設計N,listed,8.61,8.65,8.58,8.65,0.11,1.2881,60000,517210,10,TWSE,etf,false,true,false,false,false,false,false,false,false,security_type=etf;symbol_not_4_digit
2026-02-24,020036,元大金融配息N,listed,,,,,0.0,,0,0,0,TWSE,etf,false,true,false,false,false,false,false,false,false,security_type=etf;symbol_not_4_digit;invalid_close;invalid_volume;invalid_turnover
2026-02-24,020037,元大金融高股息N,listed,,,,,0.0,,0,0,0,TWSE,etf,false,true,false,false,false,false,false,false,false,security_type=etf;symbol_not_4_digit;invalid_close;invalid_volume;invalid_turnover
2026-02-24,020038,元大ESG配息N,listed,8.28,8.37,8.28,8.37,0.09,1.087,37000,309270,14,TWSE,etf,false,true,false,false,false,false,false,false,false,security_type=etf;symbol_not_4_digit
2026-02-24,020039,元大加權N,listed,10.94,11.0,10.94,11.0,0.31,2.8999,7000,76860,5,TWSE,etf,false,true,false,false,false,false,false,false,false,security_type=etf;symbol_not_4_digit
2026-02-24,1101,台泥,listed,26.1,26.5,26.1,26.45,0.35,1.341,27392898,721641935,9658,TWSE,common_stock,true,false,false,false,false,false,false,false,true,
2026-02-24,1101B,台泥乙特,listed,45.6,45.6,45.6,45.6,0.25,0.5513,1106,50403,8,TWSE,warrant,false,false,true,false,false,false,false,false,false,security_type=warrant;symbol_not_4_digit
2026-02-24,1102,亞泥,listed,35.5,35.7,35.4,35.7,0.2,0.5634,9956099,354135683,3684,TWSE,common_stock,true,false,false,false,false,false,false,false,true,
2026-02-24,1103,嘉泥,listed,14.15,14.2,14.05,14.1,-0.05,-0.3534,259997,3676587,308,TWSE,common_stock,true,false,false,false,false,false,false,false,true,
2026-02-24,1104,環泥,listed,29.95,30.2,29.9,29.95,0.0,0.0,450516,13517881,483,TWSE,common_stock,true,false,false,false,false,false,false,false,true,
2026-02-24,1108,幸福,listed,15.2,15.25,15.15,15.25,0.05,0.3289,182127,2770112,121,TWSE,common_stock,true,false,false,false,false,false,false,false,true,
2026-02-24,1109,信大,listed,15.6,15.9,15.6,15.75,0.1,0.639,225993,3563470,189,TWSE,common_stock,true,false,false,false,false,false,false,false,true,
2026-02-24,1110,東泥,listed,16.55,16.7,16.35,16.6,0.05,0.3021,221052,3652214,125,TWSE,common_stock,true,false,false,false,false,false,false,false,true,
2026-02-24,1201,味全,listed,14.6,14.75,14.55,14.65,0.05,0.3425,598144,8765787,496,TWSE,common_stock,true,false,false,false,false,false,false,false,true,
2026-02-24,1203,味王,listed,41.3,41.45,40.05,40.4,-1.0,-2.4155,37522,1537728,162,TWSE,common_stock,true,false,false,false,false,false,false,false,true,
2026-02-24,1210,大成,listed,51.9,51.9,51.3,51.3,-0.3,-0.5814,1587604,81740493,1674,TWSE,common_stock,true,false,false,false,false,false,false,false,true,
2026-02-24,1213,大飲,listed,9.65,9.75,9.65,9.74,-0.26,-2.6,6249,60772,9,TWSE,common_stock,true,false,false,false,false,false,false,false,true,
2026-02-24,1215,卜蜂,listed,148.5,150.5,147.5,150.5,2.0,1.3468,798901,119212670,1127,TWSE,common_stock,true,false,false,false,false,false,false,false,true,
2026-02-24,1216,統一,listed,75.0,75.1,74.0,74.0,-1.1,-1.4647,13714367,1018832955,7901,TWSE,etf,false,true,false,false,false,false,false,false,false,security_type=etf
2026-02-24,1217,愛之味,listed,10.7,10.7,10.55,10.65,-0.05,-0.4673,731142,7759733,603,TWSE,common_stock,true,false,false,false,false,false,false,false,true,
2026-02-24,1218,泰山,listed,18.35,18.4,18.3,18.4,0.05,0.2725,576666,10584865,415,TWSE,common_stock,true,false,false,false,false,false,false,false,true,
2026-02-24,1219,福壽,listed,13.65,13.75,13.5,13.65,0.0,0.0,220835,3008173,302,TWSE,common_stock,true,false,false,false,false,false,false,false,true,
2026-02-24,1220,台榮,listed,13.15,13.25,13.0,13.05,-0.1,-0.7605,169027,2209797,373,TWSE,common_stock,true,false,false,false,false,false,false,false,true,
2026-02-24,1225,福懋油,listed,29.2,29.2,29.0,29.15,0.15,0.5172,103805,3016419,243,TWSE,common_stock,true,false,false,false,false,false,false,false,true,
2026-02-24,1227,佳格,listed,30.15,30.35,30.0,30.15,-0.1,-0.3306,1359719,41037366,1363,TWSE,common_stock,true,false,false,false,false,false,false,false,true,
2026-02-24,1229,聯華,listed,45.0,45.3,44.9,44.9,-0.1,-0.2222,1917913,86299530,2198,TWSE,common_stock,true,false,false,false,false,false,false,false,true,
2026-02-24,1231,聯華食,listed,92.1,92.6,90.1,90.4,-1.4,-1.5251,826094,74898692,2692,TWSE,common_stock,true,false,false,false,false,false,false,false,true,
2026-02-24,1232,大統益,listed,151.0,151.5,150.5,151.5,0.5,0.3311,71860,10854803,162,TWSE,common_stock,true,false,false,false,false,false,false,false,true,
2026-02-24,1233,天仁,listed,32.6,32.85,32.4,32.6,0.3,0.9288,105119,3437503,60,TWSE,common_stock,true,false,false,false,false,false,false,false,true,
2026-02-24,1234,黑松,listed,37.75,37.75,37.2,37.3,-0.1,-0.2674,107236,4008008,324,TWSE,common_stock,true,false,false,false,false,false,false,false,true,
2026-02-24,1235,興泰,listed,42.5,44.15,42.2,42.35,-2.0,-4.5096,41780,1786774,77,TWSE,common_stock,true,false,false,false,false,false,false,false,true,
2026-02-24,1236,宏亞,listed,26.1,26.25,26.1,26.2,0.0,0.0,21684,567327,39,TWSE,common_stock,true,false,false,false,false,false,false,false,true,
2026-02-24,1256,鮮活果汁-KY,listed,159.0,160.0,155.0,157.0,-2.0,-1.2579,56394,8871263,588,TWSE,common_stock,true,false,false,false,false,false,false,false,true,
2026-02-24,1301,台塑,listed,47.65,48.95,46.9,48.6,1.55,3.2944,34160318,1649418313,17598,TWSE,common_stock,true,false,false,false,false,false,false,false,true,
2026-02-24,1303,南亞,listed,85.7,91.4,84.7,90.8,7.2,8.6124,166077385,14721072451,98076,TWSE,common_stock,true,false,false,false,false,false,false,false,true,
2026-02-24,1304,台聚,listed,11.95,12.45,11.9,12.3,0.35,2.9289,6312250,77665983,2158,TWSE,common_stock,true,false,false,false,false,false,false,false,true,
2026-02-24,1305,華夏,listed,12.0,12.3,11.9,12.05,0.2,1.6878,2772612,33516624,1139,TWSE,common_stock,true,false,false,false,false,false,false,false,true,
2026-02-24,1307,三芳,listed,33.95,34.55,33.9,33.95,-0.05,-0.1471,1508878,51510666,995,TWSE,common_stock,true,false,false,false,false,false,false,false,true,
2026-02-24,1308,亞聚,listed,13.8,14.25,13.8,14.0,0.2,1.4493,1893042,26568240,948,TWSE,common_stock,true,false,false,false,false,false,false,false,true,
2026-02-24,1309,台達化,listed,12.25,12.5,12.15,12.25,0.05,0.4098,2130704,26274645,877,TWSE,common_stock,true,false,false,false,false,false,false,false,true,
2026-02-24,1310,台苯,listed,9.03,9.25,9.0,9.05,0.02,0.2215,3064606,27822873,1299,TWSE,common_stock,true,false,false,false,false,false,false,false,true,
2026-02-24,1312,國喬,listed,13.05,13.65,12.9,13.6,0.7,5.4264,10711094,143958185,3586,TWSE,common_stock,true,false,false,false,false,false,false,false,true,
2026-02-24,1312A,國喬特,listed,22.8,22.85,22.8,22.8,0.1,0.4405,24000,547300,8,TWSE,warrant,false,false,true,false,false,false,false,false,false,security_type=warrant;symbol_not_4_digit
2026-02-24,1313,聯成,listed,10.8,11.15,10.8,11.0,0.2,1.8519,3756468,41358377,1299,TWSE,common_stock,true,false,false,false,false,false,false,false,true,
2026-02-24,1314,中石化,listed,8.29,8.55,8.28,8.46,0.25,3.0451,54047596,456824231,10621,TWSE,common_stock,true,false,false,false,false,false,false,false,true,
2026-02-24,1315,達新,listed,65.0,65.8,64.9,65.4,0.0,0.0,53890,3511358,109,TWSE,common_stock,true,false,false,false,false,false,false,false,true,
2026-02-24,1316,上曜,listed,14.0,14.25,13.95,14.0,-0.05,-0.3559,1953781,27404173,924,TWSE,common_stock,true,false,false,false,false,false,false,false,true,
2026-02-24,1319,東陽,listed,103.5,105.5,101.5,102.0,-0.5,-0.4878,1845926,189912159,1723,TWSE,common_stock,true,false,false,false,false,false,false,false,true,
2026-02-24,1321,大洋,listed,33.5,33.65,33.35,33.65,0.25,0.7485,184368,6174271,124,TWSE,common_stock,true,false,false,false,false,false,false,false,true,
2026-02-24,1323,永裕,listed,18.75,18.75,18.45,18.7,-0.05,-0.2667,44800,833013,57,TWSE,common_stock,true,false,false,false,false,false,false,false,true,
2026-02-24,1324,地球,listed,10.8,10.8,10.5,10.7,-0.1,-0.9259,62610,668577,148,TWSE,common_stock,true,false,false,false,false,false,false,false,true,
2026-02-24,1325,恆大,listed,29.5,29.5,29.05,29.05,-0.45,-1.5254,658763,19239302,480,TWSE,common_stock,true,false,false,false,false,false,false,false,true,
2026-02-24,1326,台化,listed,43.25,45.3,42.8,44.75,1.5,3.4682,47662091,2099450136,25969,TWSE,common_stock,true,false,false,false,false,false,false,false,true,
2026-02-24,1337,再生-KY,listed,5.24,5.32,5.23,5.27,0.0,0.0,407490,2147260,371,TWSE,common_stock,true,false,false,false,false,false,false,false,true,
2026-02-24,1338,廣華-KY,listed,19.1,19.15,18.9,18.95,-0.25,-1.3021,207783,3948504,268,TWSE,common_stock,true,false,false,false,false,false,false,false,true,
2026-02-24,1339,昭輝,listed,44.5,44.75,43.65,44.05,0.2,0.4561,86169,3811938,119,TWSE,common_stock,true,false,false,false,false,false,false,false,true,
2026-02-24,1340,勝悅-KY,listed,7.05,7.23,7.05,7.1,-0.01,-0.1406,189002,1344988,316,TWSE,common_stock,true,false,false,false,false,false,false,false,true,
2026-02-24,1341,富林-KY,listed,61.9,61.9,61.6,61.9,0.0,0.0,8035,496404,10,TWSE,common_stock,true,false,false,false,false,false,false,false,true,
2026-02-24,1342,八貫,listed,102.0,104.5,102.0,103.0,1.0,0.9804,713101,73508926,805,TWSE,common_stock,true,false,false,false,false,false,false,false,true,
2026-02-24,1402,遠東新,listed,28.3,28.55,28.1,28.2,0.0,0.0,11399965,321841554,5097,TWSE,common_stock,true,false,false,false,false,false,false,false,true,
2026-02-24,1409,新纖,listed,15.5,15.75,15.45,15.55,-0.05,-0.3205,3464853,53963853,1426,TWSE,common_stock,true,false,false,false,false,false,false,false,true,
2026-02-24,1410,南染,listed,33.8,34.0,33.2,33.35,-0.45,-1.3314,62780,2106251,89,TWSE,common_stock,true,false,false,false,false,false,false,false,true,
2026-02-24,1413,宏洲,listed,10.05,10.05,9.82,9.97,-0.13,-1.2871,30526,302240,31,TWSE,common_stock,true,false,false,false,false,false,false,false,true,
2026-02-24,1414,東和,listed,19.85,19.95,19.6,19.9,0.05,0.2519,207322,4108198,450,TWSE,common_stock,true,false,false,false,false,false,false,false,true,
2026-02-24,1416,廣豐,listed,11.75,11.8,11.65,11.7,-0.05,-0.4255,337326,3949753,287,TWSE,common_stock,true,false,false,false,false,false,false,false,true,
2026-02-24,1417,嘉裕,listed,8.82,8.87,8.75,8.81,-0.01,-0.1134,57496,506966,142,TWSE,common_stock,true,false,false,false,false,false,false,false,true,
2026-02-24,1418,東華,listed,19.75,19.8,19.2,19.3,-0.45,-2.2785,79195,1540662,111,TWSE,common_stock,true,false,false,false,false,false,false,false,true,
2026-02-24,1419,新紡,listed,69.0,69.9,67.3,68.2,-0.9,-1.3025,326048,22140722,358,TWSE,common_stock,true,false,false,false,false,false,false,false,true,
2026-02-24,1423,利華,listed,38.65,38.65,37.9,38.25,-0.05,-0.1305,39545,1503490,56,TWSE,common_stock,true,false,false,false,false,false,false,false,true,
2026-02-24,1432,大魯閣,listed,19.4,19.45,18.2,18.5,-0.85,-4.3928,1388606,25803045,2022,TWSE,common_stock,true,false,false,false,false,false,false,false,true,
2026-02-24,1434,福懋,listed,17.7,17.9,17.55,17.9,0.2,1.1299,2371642,42169755,1317,TWSE,common_stock,true,false,false,false,false,false,false,false,true,
2026-02-24,1435,中福,listed,23.4,24.5,22.9,23.0,0.0,0.0,16612,388244,67,TWSE,common_stock,true,false,false,false,false,false,false,false,true,
2026-02-24,1436,華友聯,listed,58.2,59.1,58.2,59.1,0.2,0.3396,176328,10388381,228,TWSE,common_stock,true,false,false,false,false,false,false,false,true,
2026-02-24,1437,勤益控,listed,32.65,32.9,32.55,32.75,0.05,0.1529,69291,2271160,73,TWSE,common_stock,true,false,false,false,false,false,false,false,true,
2026-02-24,1438,三地開發,listed,34.55,35.0,33.4,35.0,0.4,1.1561,95774,3294817,118,TWSE,common_stock,true,false,false,false,false,false,false,false,true,
2026-02-24,1439,雋揚,listed,29.55,30.0,29.2,29.55,-0.9,-2.9557,102102,3030258,52,TWSE,common_stock,true,false,false,false,false,false,false,false,true,
2026-02-24,1440,南紡,listed,13.4,13.55,13.3,13.4,0.0,0.0,1766933,23640227,799,TWSE,common_stock,true,false,false,false,false,false,false,false,true,
2026-02-24,1441,大東,listed,10.15,10.15,10.1,10.15,0.0,0.0,16455,166824,94,TWSE,common_stock,true,false,false,false,false,false,false,false,true,
2026-02-24,1442,名軒,listed,29.6,29.7,28.9,28.9,-0.7,-2.3649,856629,24933480,742,TWSE,common_stock,true,false,false,false,false,false,false,false,true,
2026-02-24,1443,立益物流,listed,28.0,28.0,27.05,27.5,-0.5,-1.7857,19222,529250,44,TWSE,common_stock,true,false,false,false,false,false,false,false,true,
2026-02-24,1444,力麗,listed,6.34,6.44,6.34,6.38,0.03,0.4724,731501,4657055,417,TWSE,common_stock,true,false,false,false,false,false,false,false,true,
2026-02-24,1445,大宇,listed,15.0,15.45,14.85,14.9,-0.1,-0.6667,152274,2282205,46,TWSE,common_stock,true,false,false,false,false,false,false,false,true,
2026-02-24,1446,宏和,listed,16.6,16.65,16.45,16.5,-0.1,-0.6024,112657,1862261,86,TWSE,common_stock,true,false,false,false,false,false,false,false,true,
2026-02-24,1447,力鵬,listed,5.38,5.55,5.36,5.5,0.03,0.5484,821720,4478472,432,TWSE,common_stock,true,false,false,false,false,false,false,false,true,
2026-02-24,1449,佳和,listed,11.0,11.1,10.85,10.9,0.0,0.0,557288,6086699,348,TWSE,common_stock,true,false,false,false,false,false,false,false,true,
2026-02-24,1451,年興,listed,18.1,18.45,18.0,18.3,0.25,1.385,424387,7723246,256,TWSE,common_stock,true,false,false,false,false,false,false,false,true,
2026-02-24,1452,宏益,listed,11.85,11.85,11.55,11.6,-0.2,-1.6949,168464,1959574,164,TWSE,common_stock,true,false,false,false,false,false,false,false,true,
2026-02-24,1453,大將,listed,13.2,13.25,13.1,13.1,-0.15,-1.1321,97466,1280709,184,TWSE,common_stock,true,false,false,false,false,false,false,false,true,
2026-02-24,1454,台富,listed,13.9,14.2,13.7,14.15,0.05,0.3546,127220,1769600,329,TWSE,common_stock,true,false,false,false,false,false,false,false,true,
2026-02-24,1455,集盛,listed,8.5,8.61,8.46,8.49,-0.07,-0.8178,725973,6183987,403,TWSE,common_stock,true,false,false,false,false,false,false,false,true,
2026-02-24,1456,怡華,listed,13.15,13.3,12.95,13.0,-0.25,-1.8868,51802,677326,50,TWSE,common_stock,true,false,false,false,false,false,false,false,true,
2026-02-24,1457,宜進,listed,15.35,15.9,15.35,15.85,0.5,3.2573,308243,4847381,191,TWSE,common_stock,true,false,false,false,false,false,false,false,true,
2026-02-24,1459,聯發,listed,12.05,12.1,11.9,11.95,-0.05,-0.4167,117817,1414176,86,TWSE,common_stock,true,false,false,false,false,false,false,false,true,
2026-02-24,1460,宏遠,listed,6.85,6.87,6.81,6.86,0.03,0.4392,683443,4673832,285,TWSE,common_stock,true,false,false,false,false,false,false,false,true,
2026-02-24,1463,強盛新,listed,18.15,18.4,17.95,18.4,0.2,1.0989,127332,2320743,253,TWSE,common_stock,true,false,false,false,false,false,false,false,true,
2026-02-24,1464,得力,listed,11.15,11.2,11.05,11.05,-0.1,-0.8969,474927,5275333,404,TWSE,common_stock,true,false,false,false,false,false,false,false,true,
2026-02-24,1465,偉全,listed,12.4,12.5,12.35,12.5,0.0,0.0,22533,280493,76,TWSE,common_stock,true,false,false,false,false,false,false,false,true,
2026-02-24,1466,聚隆,listed,17.9,18.05,17.5,17.75,-0.05,-0.2809,932336,16555751,341,TWSE,common_stock,true,false,false,false,false,false,false,false,true,
2026-02-24,1467,南緯,listed,7.43,7.55,7.41,7.45,-0.05,-0.6667,128430,960363,167,TWSE,common_stock,true,false,false,false,false,false,false,false,true,
2026-02-24,1468,昶和,listed,13.35,13.5,13.05,13.35,0.0,0.0,44000,588500,31,TWSE,common_stock,true,false,false,false,false,false,false,false,true,
2026-02-24,1470,大統新創,listed,24.6,24.6,23.4,23.7,0.4,1.7167,38025,895082,30,TWSE,common_stock,true,false,false,false,false,false,false,false,true,
2026-02-24,1471,首利,listed,11.15,11.5,10.8,11.3,0.15,1.3453,1229467,13786772,665,TWSE,common_stock,true,false,false,false,false,false,false,false,true,
2026-02-24,1472,三洋實業,listed,91.0,91.8,90.1,90.1,-0.5,-0.5519,16256,1475606,29,TWSE,common_stock,true,false,false,false,false,false,false,false,true,
2026-02-24,1473,台南,listed,25.9,25.9,25.25,25.65,-0.3,-1.1561,143360,3647496,386,TWSE,common_stock,true,false,false,false,false,false,false,false,true,
2026-02-24,1474,弘裕,listed,10.3,10.4,10.25,10.3,0.0,0.0,117665,1212592,147,TWSE,common_stock,true,false,false,false,false,false,false,false,true,
2026-02-24,1475,業旺,listed,31.25,31.45,30.6,30.65,-0.6,-1.92,42707,1323074,46,TWSE,common_stock,true,false,false,false,false,false,false,false,true,
2026-02-24,1476,儒鴻,listed,434.5,434.5,419.5,432.0,-5.5,-1.2571,1489487,637683471,1981,TWSE,common_stock,true,false,false,false,false,false,false,false,true,
2026-02-24,1477,聚陽,listed,322.0,323.0,313.5,318.5,-3.5,-1.087,1947212,620692298,4294,TWSE,common_stock,true,false,false,false,false,false,false,false,true,
2026-02-24,1503,士電,listed,223.0,224.5,220.0,224.0,0.5,0.2237,3160624,703017732,4122,TWSE,common_stock,true,false,false,false,false,false,false,false,true,
2026-02-24,1504,東元,listed,82.8,82.8,81.1,81.7,-0.3,-0.3659,10120526,825651564,11063,TWSE,common_stock,true,false,false,false,false,false,false,false,true,
2026-02-24,1506,正道,listed,11.75,11.9,11.55,11.8,-0.1,-0.8403,255256,2985389,139,TWSE,common_stock,true,false,false,false,false,false,false,false,true,
2026-02-24,1512,瑞利,listed,7.98,7.98,7.81,7.98,0.0,0.0,103028,813497,95,TWSE,common_stock,true,false,false,false,false,false,false,false,true,
2026-02-24,1513,中興電,listed,169.5,170.0,166.5,168.0,0.0,0.0,5149599,866569850,5307,TWSE,common_stock,true,false,false,false,false,false,false,false,true,
2026-02-24,1514,亞力,listed,125.0,125.0,122.5,123.0,-1.5,-1.2048,2999765,369926820,3450,TWSE,common_stock,true,false,false,false,false,false,false,false,true,
2026-02-24,1515,力山,listed,26.7,27.0,26.2,26.65,-0.1,-0.3738,280366,7424226,356,TWSE,common_stock,true,false,false,false,false,false,false,false,true,
2026-02-24,1516,川飛,listed,21.05,21.2,20.85,20.85,-0.2,-0.9501,56086,1174480,158,TWSE,common_stock,true,false,false,false,false,false,false,false,true,
2026-02-24,1517,利奇,listed,12.15,12.2,11.9,11.9,-0.15,-1.2448,207761,2498985,229,TWSE,common_stock,true,false,false,false,false,false,false,false,true,
2026-02-24,1519,華城,listed,975.0,980.0,951.0,956.0,-10.0,-1.0352,3385304,3251687526,11668,TWSE,common_stock,true,false,false,false,false,false,false,false,true,
2026-02-24,1521,大億,listed,28.05,28.05,26.85,27.05,-0.45,-1.6364,41895,1140795,92,TWSE,common_stock,true,false,false,false,false,false,false,false,true,
2026-02-24,1522,堤維西,listed,44.15,44.5,43.6,44.0,0.0,0.0,1154266,50733216,1183,TWSE,common_stock,true,false,false,false,false,false,false,false,true,
2026-02-24,1522A,堤維西甲特,listed,50.0,50.0,49.9,50.0,0.0,0.0,8099,404640,8,TWSE,warrant,false,false,true,false,false,false,false,false,false,security_type=warrant;symbol_not_4_digit
2026-02-24,1524,耿鼎,listed,31.1,31.6,31.05,31.1,0.1,0.3226,780423,24347657,627,TWSE,common_stock,true,false,false,false,false,false,false,false,true,
2026-02-24,1525,江申,listed,64.2,64.9,63.8,63.8,-0.4,-0.6231,19261,1240957,36,TWSE,common_stock,true,false,false,false,false,false,false,false,true,
2026-02-24,1526,日馳,listed,19.95,20.3,19.7,19.7,-0.15,-0.7557,145564,2890375,195,TWSE,common_stock,true,false,false,false,false,false,false,false,true,
2026-02-24,1527,鑽全,listed,34.55,34.55,33.85,34.3,-0.2,-0.5797,337294,11516403,472,TWSE,common_stock,true,false,false,false,false,false,false,false,true,
2026-02-24,1528,恩德,listed,22.8,25.3,22.65,25.15,2.15,9.3478,11937353,289801305,9580,TWSE,common_stock,true,false,false,false,false,false,false,false,true,
2026-02-24,1529,樂事綠能,listed,24.5,25.05,24.5,24.7,0.1,0.4065,1224745,30258532,818,TWSE,common_stock,true,false,false,false,false,false,false,false,true,
2026-02-24,1530,亞崴,listed,29.45,29.5,28.95,28.95,-0.45,-1.5306,32179,942954,99,TWSE,common_stock,true,false,false,false,false,false,false,false,true,
2026-02-24,1531,高林股,listed,12.6,12.85,12.5,12.6,0.05,0.3984,120272,1518795,166,TWSE,common_stock,true,false,false,false,false,false,false,false,true,
2026-02-24,1532,勤美,listed,24.3,24.5,24.15,24.3,0.05,0.2062,724867,17591146,317,TWSE,common_stock,true,false,false,false,false,false,false,false,true,
2026-02-24,1533,車王電,listed,31.2,31.35,30.75,30.75,-0.45,-1.4423,105607,3266218,162,TWSE,common_stock,true,false,false,false,false,false,false,false,true,
2026-02-24,1535,中宇,listed,48.45,48.6,48.0,48.6,0.45,0.9346,132699,6426291,137,TWSE,common_stock,true,false,false,false,false,false,false,false,true,
2026-02-24,1536,和大,listed,63.2,63.9,62.4,62.7,0.1,0.1597,2237813,141213021,2356,TWSE,common_stock,true,false,false,false,false,false,false,false,true,
2026-02-24,1537,廣隆,listed,124.0,125.5,124.0,125.0,0.0,0.0,87176,10873664,241,TWSE,common_stock,true,false,false,false,false,false,false,false,true,
2026-02-24,1538,正峰,listed,25.4,26.75,25.4,25.45,0.25,0.9921,15339,398843,21,TWSE,common_stock,true,false,false,false,false,false,false,false,true,
2026-02-24,1539,巨庭,listed,18.2,18.55,18.2,18.25,-0.05,-0.2732,114363,2104802,90,TWSE,common_stock,true,false,false,false,false,false,false,false,true,
2026-02-24,1540,喬福,listed,24.7,24.8,24.15,24.55,-0.15,-0.6073,368203,9029813,320,TWSE,common_stock,true,false,false,false,false,false,false,false,true,
2026-02-24,1541,錩泰,listed,25.05,25.7,25.05,25.25,-0.55,-2.1318,34522,874712,53,TWSE,common_stock,true,false,false,false,false,false,false,false,true,
2026-02-24,1558,伸興,listed,100.0,101.5,99.2,99.9,-1.1,-1.0891,70329,7011394,118,TWSE,common_stock,true,false,false,false,false,false,false,false,true,
2026-02-24,1560,中砂,listed,465.0,504.0,451.5,498.0,30.5,6.5241,7144396,3466164929,8873,TWSE,common_stock,true,false,false,false,false,false,false,false,true,
2026-02-24,1563,巧新,listed,46.25,46.5,44.8,44.9,-1.35,-2.9189,622624,28209866,646,TWSE,common_stock,true,false,false,false,false,false,false,false,true,
2026-02-24,1568,倉佑,listed,23.0,23.0,22.7,22.8,0.05,0.2198,133737,3049644,158,TWSE,common_stock,true,false,false,false,false,false,false,false,true,
2026-02-24,1582,信錦,listed,70.0,70.5,69.6,69.9,-0.1,-0.1429,691434,48348804,1189,TWSE,common_stock,true,false,false,false,false,false,false,false,true,
2026-02-24,1583,程泰,listed,50.0,50.0,49.05,49.4,-0.25,-0.5035,32731,1615479,147,TWSE,common_stock,true,false,false,false,false,false,false,false,true,
2026-02-24,1587,吉茂,listed,46.7,46.7,45.0,45.1,-1.25,-2.6969,847406,38733912,885,TWSE,common_stock,true,false,false,false,false,false,false,false,true,
2026-02-24,1589,永冠-KY,listed,15.25,15.25,15.25,15.25,-1.65,-9.7633,211629,3227232,406,TWSE,common_stock,true,false,false,false,false,false,false,false,true,
2026-02-24,1590,亞德客-KY,listed,1180.0,1190.0,1160.0,1185.0,10.0,0.8511,879829,1036839650,1027,TWSE,common_stock,true,false,false,false,false,false,false,false,true,
2026-02-24,1597,直得,listed,81.7,82.0,80.0,80.3,-1.1,-1.3514,427037,34538102,779,TWSE,common_stock,true,false,false,false,false,false,false,false,true,
2026-02-24,1598,岱宇,listed,19.4,19.55,19.15,19.3,-0.05,-0.2584,296941,5718067,265,TWSE,common_stock,true,false,false,false,false,false,false,false,true,
2026-02-24,1603,華電,listed,38.2,38.55,38.15,38.3,0.05,0.1307,464571,17802181,322,TWSE,common_stock,true,false,false,false,false,false,false,false,true,
2026-02-24,1604,聲寶,listed,24.4,24.4,24.15,24.4,0.1,0.4115,374870,9105457,389,TWSE,common_stock,true,false,false,false,false,false,false,false,true,
2026-02-24,1605,華新,listed,35.5,37.05,35.1,36.8,1.65,4.6942,60522320,2199344599,28006,TWSE,common_stock,true,false,false,false,false,false,false,false,true,
2026-02-24,1608,華榮,listed,35.85,36.9,35.45,36.6,0.75,2.0921,6385656,232003709,3332,TWSE,common_stock,true,false,false,false,false,false,false,false,true,
2026-02-24,1609,大亞,listed,40.2,41.1,40.0,40.65,0.15,0.3704,4750410,192932489,4252,TWSE,common_stock,true,false,false,false,false,false,false,false,true,
2026-02-24,1611,中電,listed,13.35,13.5,13.2,13.3,-0.15,-1.1152,536243,7137080,598,TWSE,common_stock,true,false,false,false,false,false,false,false,true,
2026-02-24,1612,宏泰,listed,36.4,36.4,35.95,36.1,-0.1,-0.2762,911334,32897684,662,TWSE,common_stock,true,false,false,false,false,false,false,false,true,
2026-02-24,1614,三洋電,listed,34.75,34.8,34.5,34.7,-0.05,-0.1439,54319,1883873,65,TWSE,common_stock,true,false,false,false,false,false,false,false,true,
2026-02-24,1615,大山,listed,48.85,49.05,48.2,48.3,-0.55,-1.1259,105037,5087020,552,TWSE,common_stock,true,false,false,false,false,false,false,false,true,
2026-02-24,1616,億泰,listed,29.4,29.4,28.8,29.0,-0.35,-1.1925,911260,26438743,823,TWSE,common_stock,true,false,false,false,false,false,false,false,true,
2026-02-24,1617,榮星,listed,16.3,16.3,15.95,16.0,-0.3,-1.8405,141299,2272944,225,TWSE,common_stock,true,false,false,false,false,false,false,false,true,
2026-02-24,1618,合機,listed,45.65,46.2,45.1,45.3,-0.1,-0.2203,1096969,49981627,1493,TWSE,common_stock,true,false,false,false,false,false,false,false,true,
2026-02-24,1623,大東電,listed,219.5,224.0,216.0,219.0,-1.0,-0.4545,243159,53206409,467,TWSE,common_stock,true,false,false,false,false,false,false,false,true,
2026-02-24,1626,艾美特-KY,listed,11.0,11.15,10.95,11.15,0.15,1.3636,201035,2219741,123,TWSE,common_stock,true,false,false,false,false,false,false,false,true,
2026-02-24,1702,南僑,listed,38.0,38.3,38.0,38.2,0.4,1.0582,466057,17766997,559,TWSE,common_stock,true,false,false,false,false,false,false,false,true,
2026-02-24,1707,葡萄王,listed,123.0,124.0,122.0,123.5,0.5,0.4065,235338,28955723,321,TWSE,common_stock,true,false,false,false,false,false,false,false,true,
2026-02-24,1708,東鹼,listed,35.5,36.1,35.4,35.6,0.0,0.0,1650457,58964952,1233,TWSE,common_stock,true,false,false,false,false,false,false,false,true,
2026-02-24,1709,和益,listed,16.7,16.85,16.7,16.75,0.1,0.6006,581568,9737216,339,TWSE,common_stock,true,false,false,false,false,false,false,false,true,
2026-02-24,1710,東聯,listed,13.3,13.75,13.3,13.55,0.35,2.6515,4207862,57087764,1352,TWSE,common_stock,true,false,false,false,false,false,false,false,true,
2026-02-24,1711,永光,listed,26.0,27.8,25.7,27.8,2.5,9.8814,60648643,1630949009,24639,TWSE,common_stock,true,false,false,false,false,false,false,false,true,
2026-02-24,1712,興農,listed,45.7,45.8,45.4,45.75,0.25,0.5495,618204,28166713,574,TWSE,common_stock,true,false,false,false,false,false,false,false,true,
2026-02-24,1713,國化,listed,47.5,48.4,47.5,47.5,-0.15,-0.3148,223011,10648769,555,TWSE,common_stock,true,false,false,false,false,false,false,false,true,
2026-02-24,1714,和桐,listed,9.33,9.47,9.32,9.45,0.14,1.5038,5297386,49857357,1752,TWSE,common_stock,true,false,false,false,false,false,false,false,true,
2026-02-24,1717,長興,listed,59.5,63.9,59.3,63.1,3.9,6.5878,35801126,2222286992,20475,TWSE,common_stock,true,false,false,false,false,false,false,false,true,
2026-02-24,1718,中纖,listed,7.12,7.22,7.1,7.13,0.05,0.7062,5613789,40145591,1689,TWSE,common_stock,true,false,false,false,false,false,false,false,true,
2026-02-24,1720,生達,listed,61.0,61.5,60.8,61.4,0.5,0.821,299627,18321552,303,TWSE,common_stock,true,false,false,false,false,false,false,false,true,
2026-02-24,1721,三晃,listed,17.8,19.3,17.6,19.25,1.45,8.1461,3149236,58404773,2049,TWSE,common_stock,true,false,false,false,false,false,false,false,true,
2026-02-24,1722,台肥,listed,46.8,47.1,46.7,47.05,0.25,0.5342,1340236,62945763,992,TWSE,common_stock,true,false,false,false,false,false,false,false,true,
2026-02-24,1723,中碳,listed,72.7,73.3,72.6,73.2,0.5,0.6878,411828,30032529,786,TWSE,common_stock,true,false,false,false,false,false,false,false,true,
2026-02-24,1725,元禎,listed,27.5,28.45,27.5,27.9,-0.45,-1.5873,59009,1660647,89,TWSE,common_stock,true,false,false,false,false,false,false,false,true,
2026-02-24,1726,永記,listed,77.4,77.7,76.8,77.2,-0.2,-0.2584,24747,1916423,44,TWSE,common_stock,true,false,false,false,false,false,false,false,true,
2026-02-24,1727,中華化,listed,45.8,48.2,45.5,47.75,1.4,3.0205,8080368,384235357,5588,TWSE,common_stock,true,false,false,false,false,false,false,false,true,
2026-02-24,1730,花仙子,listed,53.4,54.0,53.4,53.5,0.1,0.1873,97022,5200568,105,TWSE,common_stock,true,false,false,false,false,false,false,false,true,
2026-02-24,1731,美吾華,listed,22.0,22.15,21.85,22.0,0.0,0.0,120450,2653520,125,TWSE,common_stock,true,false,false,false,false,false,false,false,true,
2026-02-24,1732,毛寶,listed,27.6,27.6,27.25,27.35,-0.25,-0.9058,510590,13999479,342,TWSE,common_stock,true,false,false,false,false,false,false,false,true,
2026-02-24,1733,五鼎,listed,30.8,30.85,30.4,30.5,-0.3,-0.974,136782,4184644,251,TWSE,common_stock,true,false,false,false,false,false,false,false,true,
2026-02-24,1734,杏輝,listed,31.05,31.05,30.75,30.85,-0.05,-0.1618,234647,7235400,391,TWSE,common_stock,true,false,false,false,false,false,false,false,true,
2026-02-24,1735,日勝化,listed,17.4,17.8,17.2,17.45,0.0,0.0,300128,5250856,280,TWSE,common_stock,true,false,false,false,false,false,false,false,true,
2026-02-24,1736,喬山,listed,140.0,141.0,138.5,139.0,-1.0,-0.7143,325437,45348962,398,TWSE,common_stock,true,false,false,false,false,false,false,false,true,
2026-02-24,1737,臺鹽,listed,31.75,31.75,31.6,31.75,0.0,0.0,131731,4176100,295,TWSE,common_stock,true,false,false,false,false,false,false,false,true,
2026-02-24,1752,南光,listed,37.2,37.25,36.9,37.0,-0.2,-0.5376,50769,1878714,94,TWSE,common_stock,true,false,false,false,false,false,false,false,true,
2026-02-24,1760,寶齡富錦,listed,63.7,63.9,62.8,62.9,-0.3,-0.4747,154351,9772486,255,TWSE,common_stock,true,false,false,false,false,false,false,false,true,
2026-02-24,1762,中化生,listed,27.45,27.6,27.0,27.05,-0.45,-1.6364,102169,2785247,388,TWSE,common_stock,true,false,false,false,false,false,false,false,true,
2026-02-24,1773,勝一,listed,153.5,158.0,152.5,156.0,3.5,2.2951,2637423,410879230,2483,TWSE,common_stock,true,false,false,false,false,false,false,false,true,
2026-02-24,1776,展宇,listed,15.45,15.45,15.15,15.2,-0.15,-0.9772,22787,346777,28,TWSE,common_stock,true,false,false,false,false,false,false,false,true,
2026-02-24,1783,和康生,listed,45.25,45.4,44.7,44.75,-0.4,-0.8859,91297,4099908,233,TWSE,common_stock,true,false,false,false,false,false,false,false,true,
2026-02-24,1786,科妍,listed,74.8,74.8,74.0,74.1,-1.4,-1.8543,260852,19397836,338,TWSE,common_stock,true,false,false,false,false,false,false,false,true,
2026-02-24,1789,神隆,listed,21.9,22.2,21.45,21.5,-0.4,-1.8265,1370681,29693398,1058,TWSE,common_stock,true,false,false,false,false,false,false,false,true,
2026-02-24,1795,美時,listed,287.0,288.0,280.0,287.5,1.0,0.349,8414301,2385589016,10411,TWSE,common_stock,true,false,false,false,false,false,false,false,true,
2026-02-24,1802,台玻,listed,54.6,56.8,53.2,56.8,5.1,9.8646,243535585,13406012715,106944,TWSE,common_stock,true,false,false,false,false,false,false,false,true,
2026-02-24,1805,寶徠,listed,12.0,12.0,11.5,11.5,-0.45,-3.7657,125683,1458612,131,TWSE,common_stock,true,false,false,false,false,false,false,false,true,
2026-02-24,1806,冠軍,listed,9.0,9.02,8.93,8.94,-0.05,-0.5562,343018,3075215,298,TWSE,common_stock,true,false,false,false,false,false,false,false,true,
2026-02-24,1808,潤隆,listed,31.65,31.95,30.85,31.0,-0.65,-2.0537,1865429,58571935,3227,TWSE,common_stock,true,false,false,false,false,false,false,false,true,
2026-02-24,1809,中釉,listed,24.65,25.15,24.4,24.75,0.1,0.4057,2385308,58945498,1609,TWSE,common_stock,true,false,false,false,false,false,false,false,true,
2026-02-24,1810,和成,listed,19.35,19.5,19.25,19.5,0.15,0.7752,1429221,27741257,758,TWSE,common_stock,true,false,false,false,false,false,false,false,true,
2026-02-24,1817,凱撒衛,listed,39.1,39.15,38.9,38.9,-0.2,-0.5115,48564,1896186,63,TWSE,common_stock,true,false,false,false,false,false,false,false,true,
2026-02-24,1903,士紙,listed,53.9,55.3,53.6,54.1,0.1,0.1852,328589,17857945,346,TWSE,common_stock,true,false,false,false,false,false,false,false,true,
2026-02-24,1904,正隆,listed,18.35,19.45,18.35,18.8,0.45,2.4523,2381670,44873034,2204,TWSE,common_stock,true,false,false,false,false,false,false,false,true,
2026-02-24,1905,華紙,listed,12.75,13.25,12.6,12.7,0.65,5.3942,17579701,228106488,4769,TWSE,common_stock,true,false,false,false,false,false,false,false,true,
2026-02-24,1906,寶隆,listed,11.9,12.3,11.9,12.0,0.1,0.8403,192450,2318011,143,TWSE,common_stock,true,false,false,false,false,false,false,false,true,
2026-02-24,1907,永豐餘,listed,26.75,27.45,26.15,26.45,0.55,2.1236,2617829,69862828,1496,TWSE,etf,false,true,false,false,false,false,false,false,false,security_type=etf
2026-02-24,1909,榮成,listed,10.05,10.4,10.0,10.0,0.14,1.4199,6193743,62843182,1822,TWSE,common_stock,true,false,false,false,false,false,false,false,true,
2026-02-24,2002,中鋼,listed,20.6,20.75,20.45,20.7,0.25,1.2225,59288807,1220937979,15741,TWSE,common_stock,true,false,false,false,false,false,false,false,true,
2026-02-24,2002A,中鋼特,listed,38.8,38.8,38.7,38.8,0.0,0.0,25580,991365,20,TWSE,warrant,false,false,true,false,false,false,false,false,false,security_type=warrant;symbol_not_4_digit
2026-02-24,2006,東和鋼鐵,listed,72.3,73.2,72.1,72.7,0.7,0.9722,1752019,127104342,2021,TWSE,common_stock,true,false,false,false,false,false,false,false,true,
2026-02-24,2007,燁興,listed,8.36,8.45,8.3,8.35,-0.05,-0.5952,320340,2680530,202,TWSE,common_stock,true,false,false,false,false,false,false,false,true,
2026-02-24,2008,高興昌,listed,30.0,30.0,29.5,29.7,-0.3,-1.0,11385,340189,18,TWSE,common_stock,true,false,false,false,false,false,false,false,true,
2026-02-24,2009,第一銅,listed,46.0,47.0,46.0,46.55,0.55,1.1957,3730519,173655189,2786,TWSE,common_stock,true,false,false,false,false,false,false,false,true,
2026-02-24,2010,春源,listed,22.6,22.9,22.6,22.75,0.15,0.6637,1669667,38028275,828,TWSE,common_stock,true,false,false,false,false,false,false,false,true,
2026-02-24,2012,春雨,listed,17.2,17.4,17.0,17.2,-0.05,-0.2899,62512,1070332,182,TWSE,common_stock,true,false,false,false,false,false,false,false,true,
2026-02-24,2013,中鋼構,listed,42.1,42.6,42.1,42.35,0.15,0.3555,82009,3470709,338,TWSE,common_stock,true,false,false,false,false,false,false,false,true,
2026-02-24,2014,中鴻,listed,18.0,18.2,17.85,18.0,-0.05,-0.277,6522625,117315973,2978,TWSE,common_stock,true,false,false,false,false,false,false,false,true,
2026-02-24,2015,豐興,listed,68.3,68.6,68.0,68.1,0.0,0.0,407370,27807462,517,TWSE,common_stock,true,false,false,false,false,false,false,false,true,
2026-02-24,2017,官田鋼,listed,8.83,8.88,8.77,8.83,-0.01,-0.1131,841259,7417276,448,TWSE,common_stock,true,false,false,false,false,false,false,false,true,
2026-02-24,2020,美亞,listed,24.3,24.45,24.1,24.2,-0.1,-0.4115,317631,7717380,366,TWSE,common_stock,true,false,false,false,false,false,false,false,true,
2026-02-24,2022,聚亨,listed,9.16,9.17,9.06,9.15,-0.01,-0.1092,685936,6251416,523,TWSE,common_stock,true,false,false,false,false,false,false,false,true,
2026-02-24,2023,燁輝,listed,14.7,14.75,14.65,14.75,0.0,0.0,2812156,41342458,1034,TWSE,common_stock,true,false,false,false,false,false,false,false,true,
2026-02-24,2024,志聯,listed,16.7,16.7,16.4,16.4,-0.3,-1.7964,12124,199759,113,TWSE,common_stock,true,false,false,false,false,false,false,false,true,
2026-02-24,2025,千興,listed,12.1,12.65,12.0,12.1,0.0,0.0,242754,2948490,168,TWSE,common_stock,true,false,false,false,false,false,false,false,true,
2026-02-24,2027,大成鋼,listed,37.3,37.45,36.9,37.2,0.15,0.4049,10563153,392242013,4584,TWSE,common_stock,true,false,false,false,false,false,false,false,true,
2026-02-24,2028,威致,listed,19.0,19.25,18.95,19.25,0.25,1.3158,124293,2371467,140,TWSE,common_stock,true,false,false,false,false,false,false,false,true,
2026-02-24,2029,盛餘,listed,21.65,21.8,21.6,21.6,-0.05,-0.2309,202681,4388662,150,TWSE,common_stock,true,false,false,false,false,false,false,false,true,
2026-02-24,2030,彰源,listed,16.05,16.25,15.95,16.05,-0.05,-0.3106,922986,14818667,498,TWSE,common_stock,true,false,false,false,false,false,false,false,true,
2026-02-24,2031,新光鋼,listed,39.45,39.8,39.3,39.45,-0.1,-0.2528,847241,33458452,585,TWSE,common_stock,true,false,false,false,false,false,false,false,true,
2026-02-24,2032,新鋼,listed,16.3,16.55,16.05,16.1,-0.2,-1.227,615645,9963336,305,TWSE,common_stock,true,false,false,false,false,false,false,false,true,
2026-02-24,2033,佳大,listed,16.45,16.75,16.4,16.45,-0.1,-0.6042,273063,4512689,108,TWSE,common_stock,true,false,false,false,false,false,false,false,true,
2026-02-24,2034,允強,listed,20.8,20.95,20.5,20.65,-0.2,-0.9592,2919468,60399877,1353,TWSE,common_stock,true,false,false,false,false,false,false,false,true,
2026-02-24,2038,海光,listed,15.15,15.3,15.0,15.05,-0.1,-0.6601,562469,8493642,397,TWSE,common_stock,true,false,false,false,false,false,false,false,true,
2026-02-24,2049,上銀,listed,229.0,237.0,226.0,233.5,3.5,1.5217,4375850,1017480195,5121,TWSE,common_stock,true,false,false,false,false,false,false,false,true,
2026-02-24,2059,川湖,listed,3080.0,3130.0,3015.0,3125.0,95.0,3.1353,794879,2445140290,4905,TWSE,common_stock,true,false,false,false,false,false,false,false,true,
2026-02-24,2062,橋椿,listed,21.65,21.85,21.65,21.75,0.1,0.4619,250389,5440036,195,TWSE,common_stock,true,false,false,false,false,false,false,false,true,
2026-02-24,2069,運錩,listed,19.1,19.3,18.85,19.05,0.0,0.0,458087,8727017,230,TWSE,common_stock,true,false,false,false,false,false,false,false,true,
2026-02-24,2101,南港,listed,35.6,36.05,35.45,35.75,0.2,0.5626,1311522,46902270,1441,TWSE,common_stock,true,false,false,false,false,false,false,false,true,
2026-02-24,2102,泰豐,listed,19.95,20.35,19.95,20.2,0.25,1.2531,1006424,20269568,495,TWSE,common_stock,true,false,false,false,false,false,false,false,true,
2026-02-24,2103,台橡,listed,19.6,19.6,19.3,19.6,1.75,9.8039,11160606,218725878,1969,TWSE,common_stock,true,false,false,false,false,false,false,false,true,
2026-02-24,2104,國際中橡,listed,12.9,13.55,12.7,13.55,1.2,9.7166,17615318,236361383,3525,TWSE,common_stock,true,false,false,false,false,false,false,false,true,
2026-02-24,2105,正新,listed,30.75,31.05,30.3,30.8,-0.15,-0.4847,20297034,621177635,9251,TWSE,common_stock,true,false,false,false,false,false,false,false,true,
2026-02-24,2106,建大,listed,20.4,20.7,20.3,20.35,0.0,0.0,1383878,28367383,723,TWSE,common_stock,true,false,false,false,false,false,false,false,true,
2026-02-24,2107,厚生,listed,25.55,25.65,25.35,25.6,0.05,0.1957,283093,7237006,244,TWSE,common_stock,true,false,false,false,false,false,false,false,true,
2026-02-24,2108,南帝,listed,26.65,27.7,26.45,27.35,0.95,3.5985,5749502,156085204,3850,TWSE,common_stock,true,false,false,false,false,false,false,false,true,
2026-02-24,2109,華豐,listed,15.1,15.25,15.05,15.1,0.05,0.3322,185512,2813699,179,TWSE,common_stock,true,false,false,false,false,false,false,false,true,
2026-02-24,2114,鑫永銓,listed,89.5,89.8,89.1,89.4,-0.1,-0.1117,64464,5766799,60,TWSE,common_stock,true,false,false,false,false,false,false,false,true,
2026-02-24,2115,六暉-KY,listed,24.4,24.5,24.0,24.3,-0.15,-0.6135,160880,3913777,212,TWSE,common_stock,true,false,false,false,false,false,false,false,true,
2026-02-24,2201,裕隆,listed,30.6,30.6,30.05,30.3,-0.3,-0.9804,5847675,176941080,4311,TWSE,common_stock,true,false,false,false,false,false,false,false,true,
2026-02-24,2204,中華,listed,58.6,59.5,58.4,59.3,0.2,0.3384,1302728,76833538,1377,TWSE,common_stock,true,false,false,false,false,false,false,false,true,
2026-02-24,2206,三陽工業,listed,62.0,62.0,60.5,61.3,-0.2,-0.3252,1615362,98853675,1766,TWSE,common_stock,true,false,false,false,false,false,false,false,true,
2026-02-24,2207,和泰車,listed,555.0,562.0,551.0,559.0,10.0,1.8215,575020,321005801,1051,TWSE,common_stock,true,false,false,false,false,false,false,false,true,
2026-02-24,2208,台船,listed,23.9,24.8,23.5,24.3,0.35,1.4614,13498077,327286758,5847,TWSE,common_stock,true,false,false,false,false,false,false,false,true,
2026-02-24,2211,長榮鋼,listed,102.0,104.0,101.5,104.0,2.0,1.9608,1034205,106364185,731,TWSE,common_stock,true,false,false,false,false,false,false,false,true,
2026-02-24,2227,裕日車,listed,55.2,55.8,55.0,55.5,-0.6,-1.0695,71066,3938592,261,TWSE,common_stock,true,false,false,false,false,false,false,false,true,
2026-02-24,2228,劍麟,listed,96.0,97.2,95.2,95.3,-0.7,-0.7292,210546,20167721,356,TWSE,common_stock,true,false,false,false,false,false,false,false,true,
2026-02-24,2231,為升,listed,93.9,95.6,93.9,94.9,1.0,1.065,347378,32955208,456,TWSE,common_stock,true,false,false,false,false,false,false,false,true,
2026-02-24,2233,宇隆,listed,237.0,239.0,232.0,234.0,-1.5,-0.6369,1201242,282421878,2881,TWSE,common_stock,true,false,false,false,false,false,false,false,true,
2026-02-24,2236,百達-KY,listed,115.0,118.5,114.0,116.0,2.0,1.7544,493633,57666886,442,TWSE,common_stock,true,false,false,false,false,false,false,false,true,
2026-02-24,2239,英利-KY,listed,27.55,27.7,27.25,27.4,-0.15,-0.5445,52151,1429035,60,TWSE,common_stock,true,false,false,false,false,false,false,false,true,
2026-02-24,2241,艾姆勒,listed,29.5,29.9,29.5,29.75,0.3,1.0187,212751,6322338,337,TWSE,common_stock,true,false,false,false,false,false,false,false,true,
2026-02-24,2243,宏旭-KY,listed,12.2,12.2,12.05,12.15,-0.05,-0.4098,335359,4061301,152,TWSE,common_stock,true,false,false,false,false,false,false,false,true,
2026-02-24,2247,汎德永業,listed,273.5,274.0,270.0,273.5,-0.5,-0.1825,247778,67364389,656,TWSE,common_stock,true,false,false,false,false,false,false,false,true,
2026-02-24,2248,華勝-KY,listed,49.55,49.55,47.8,49.3,1.1,2.2822,15021,734943,19,TWSE,common_stock,true,false,false,false,false,false,false,false,true,
2026-02-24,2250,IKKA-KY,listed,71.5,73.0,71.0,71.0,-0.5,-0.6993,113504,8129796,207,TWSE,common_stock,true,false,false,false,false,false,false,false,true,
2026-02-24,2254,巨鎧精密-創,listed,60.3,60.4,60.0,60.3,0.5,0.8361,54548,3283668,21,TWSE,common_stock,true,false,false,false,false,false,false,false,true,
2026-02-24,2258,鴻華先進-創,listed,39.45,39.9,39.05,39.3,-0.15,-0.3802,692637,27382799,805,TWSE,common_stock,true,false,false,false,false,false,false,false,true,
2026-02-24,2301,光寶科,listed,186.5,194.0,183.5,193.5,9.0,4.878,38376937,7308286609,45135,TWSE,common_stock,true,false,false,false,false,false,false,false,true,
2026-02-24,2302,麗正,listed,18.4,18.85,18.4,18.6,0.25,1.3624,456263,8509797,334,TWSE,common_stock,true,false,false,false,false,false,false,false,true,
2026-02-24,2303,聯電,listed,64.3,69.5,64.0,67.5,3.6,5.6338,183387861,12415709096,80628,TWSE,common_stock,true,false,false,false,false,false,false,false,true,
2026-02-24,2305,全友,listed,13.2,13.55,13.15,13.25,0.05,0.3788,704160,9371776,390,TWSE,common_stock,true,false,false,false,false,false,false,false,true,
2026-02-24,2308,台達電,listed,1355.0,1385.0,1335.0,1385.0,80.0,6.1303,14083155,19251273775,30980,TWSE,common_stock,true,false,false,false,false,false,false,false,true,
2026-02-24,2312,金寶,listed,24.65,25.95,24.45,25.5,1.0,4.0816,36303440,924397573,16270,TWSE,common_stock,true,false,false,false,false,false,false,false,true,
2026-02-24,2313,華通,listed,209.0,225.5,205.0,225.5,20.5,10.0,114661258,24600083939,76850,TWSE,common_stock,true,false,false,false,false,false,false,false,true,
2026-02-24,2314,台揚,listed,20.3,20.4,20.3,20.4,0.1,0.4926,296454,6034207,432,TWSE,common_stock,true,false,false,false,false,false,false,false,true,
2026-02-24,2316,楠梓電,listed,98.0,99.4,97.1,98.3,1.4,1.4448,3018021,297281998,2885,TWSE,common_stock,true,false,false,false,false,false,false,false,true,
2026-02-24,2317,鴻海,listed,229.5,232.5,228.0,232.0,3.5,1.5317,68380419,15807760926,52089,TWSE,common_stock,true,false,false,false,false,false,false,false,true,
2026-02-24,2321,東訊,listed,15.6,15.8,15.25,15.6,-1.1,-6.5868,11458,177791,17,TWSE,common_stock,true,false,false,false,false,false,false,false,true,
2026-02-24,2323,中環,listed,10.65,11.1,10.6,11.05,0.4,3.7559,12647448,137645160,3060,TWSE,common_stock,true,false,false,false,false,false,false,false,true,
2026-02-24,2324,仁寶,listed,29.7,29.95,29.5,29.65,0.15,0.5085,39573300,1173416215,19009,TWSE,common_stock,true,false,false,false,false,false,false,false,true,
2026-02-24,2327,國巨*,listed,287.0,304.0,285.5,301.0,19.5,6.9272,82390067,24600361856,70958,TWSE,common_stock,true,false,false,false,false,false,false,false,true,
2026-02-24,2328,廣宇,listed,50.5,52.8,50.5,52.2,2.7,5.4545,11149025,579714920,7995,TWSE,common_stock,true,false,false,false,false,false,false,false,true,
2026-02-24,2329,華泰,listed,52.0,54.9,51.2,54.8,3.2,6.2016,12871098,692514313,8701,TWSE,common_stock,true,false,false,false,false,false,false,false,true,
2026-02-24,2330,台積電,listed,1915.0,1975.0,1915.0,1965.0,65.0,3.4211,44316733,86410656276,99586,TWSE,common_stock,true,false,false,false,false,false,false,false,true,
2026-02-24,2331,精英,listed,27.0,28.35,26.95,28.15,1.45,5.4307,16078078,447887153,8970,TWSE,common_stock,true,false,false,false,false,false,false,false,true,
2026-02-24,2332,友訊,listed,15.75,16.1,15.65,15.7,-0.05,-0.3175,1899349,30098722,1107,TWSE,common_stock,true,false,false,false,false,false,false,false,true,
2026-02-24,2337,旺宏,listed,103.0,113.5,101.5,113.5,10.0,9.6618,122522520,13358597686,62789,TWSE,common_stock,true,false,false,false,false,false,false,false,true,
2026-02-24,2338,光罩,listed,40.55,40.7,40.45,40.7,3.7,10.0,2490964,101288572,1176,TWSE,common_stock,true,false,false,false,false,false,false,false,true,
2026-02-24,2340,台亞,listed,26.5,27.6,26.3,27.5,1.25,4.7619,3916873,106830602,2561,TWSE,common_stock,true,false,false,false,false,false,false,false,true,
2026-02-24,2342,茂矽,listed,31.3,32.7,31.25,32.4,1.2,3.8462,1772325,56979037,1367,TWSE,common_stock,true,false,false,false,false,false,false,false,true,
2026-02-24,2344,華邦電,listed,115.0,123.5,113.0,122.0,7.0,6.087,249188364,29659415675,126145,TWSE,common_stock,true,false,false,false,false,false,false,false,true,
2026-02-24,2345,智邦,listed,1405.0,1440.0,1385.0,1405.0,5.0,0.3571,3441769,4862593915,6754,TWSE,common_stock,true,false,false,false,false,false,false,false,true,
2026-02-24,2347,聯強,listed,68.9,69.8,68.5,69.8,1.2,1.7493,4981916,345831859,3980,TWSE,common_stock,true,false,false,false,false,false,false,false,true,
2026-02-24,2348,海悅,listed,74.4,75.2,73.6,73.7,-0.8,-1.0738,482881,35881585,820,TWSE,common_stock,true,false,false,false,false,false,false,false,true,
2026-02-24,2348A,海悅甲特,listed,37.55,37.7,37.55,37.65,0.2,0.534,12123,455918,10,TWSE,warrant,false,false,true,false,false,false,false,false,false,security_type=warrant;symbol_not_4_digit
2026-02-24,2349,錸德,listed,13.9,14.3,13.8,14.2,0.45,3.2727,7155457,100827040,2753,TWSE,common_stock,true,false,false,false,false,false,false,false,true,
2026-02-24,2351,順德,listed,87.9,88.5,86.5,87.9,0.4,0.4571,1201998,105285483,1082,TWSE,common_stock,true,false,false,false,false,false,false,false,true,
2026-02-24,2352,佳世達,listed,25.85,26.4,25.85,26.3,0.45,1.7408,6093462,159707257,3824,TWSE,common_stock,true,false,false,false,false,false,false,false,true,
2026-02-24,2353,宏碁,listed,26.5,27.15,26.5,27.05,0.5,1.8832,28893205,776931591,10843,TWSE,common_stock,true,false,false,false,false,false,false,false,true,
2026-02-24,2354,鴻準,listed,58.7,59.5,58.7,58.9,0.2,0.3407,4485952,264771004,3028,TWSE,common_stock,true,false,false,false,false,false,false,false,true,
2026-02-24,2355,敬鵬,listed,39.8,42.3,39.3,41.95,1.8,4.4832,19226588,796468558,12257,TWSE,common_stock,true,false,false,false,false,false,false,false,true,
2026-02-24,2356,英業達,listed,44.75,45.3,44.6,44.95,0.1,0.223,12489000,560888222,7805,TWSE,common_stock,true,false,false,false,false,false,false,false,true,
2026-02-24,2357,華碩,listed,509.0,520.0,507.0,515.0,6.0,1.1788,5031474,2580383693,5748,TWSE,common_stock,true,false,false,false,false,false,false,false,true,
2026-02-24,2359,所羅門,listed,130.0,130.5,129.0,130.0,1.0,0.7752,1339417,173971570,1519,TWSE,common_stock,true,false,false,false,false,false,false,false,true,
2026-02-24,2360,致茂,listed,1210.0,1270.0,1195.0,1225.0,70.0,6.0606,5073679,6243970050,6378,TWSE,common_stock,true,false,false,false,false,false,false,false,true,
2026-02-24,2362,藍天,listed,39.25,39.6,39.2,39.5,0.15,0.3812,537846,21210416,489,TWSE,common_stock,true,false,false,false,false,false,false,false,true,
2026-02-24,2363,矽統,listed,54.5,57.0,54.4,55.9,1.0,1.8215,11270407,632162505,7659,TWSE,common_stock,true,false,false,false,false,false,false,false,true,
2026-02-24,2364,倫飛,listed,62.5,63.1,62.0,62.3,-0.2,-0.32,114720,7145405,322,TWSE,common_stock,true,false,false,false,false,false,false,false,true,
2026-02-24,2365,昆盈,listed,36.8,37.6,36.6,37.0,0.15,0.4071,3555722,132280189,2602,TWSE,common_stock,true,false,false,false,false,false,false,false,true,
2026-02-24,2367,燿華,listed,55.7,61.2,54.4,61.2,5.5,9.8743,103651485,6133959504,48029,TWSE,common_stock,true,false,false,false,false,false,false,false,true,
2026-02-24,2368,金像電,listed,820.0,840.0,819.0,833.0,15.0,1.8337,6121104,5081505467,9513,TWSE,common_stock,true,false,false,false,false,false,false,false,true,
2026-02-24,2369,菱生,listed,27.1,28.45,26.75,27.75,0.55,2.0221,16877031,468529885,9243,TWSE,common_stock,true,false,false,false,false,false,false,false,true,
2026-02-24,2371,大同,listed,37.45,37.6,36.95,37.2,-0.2,-0.5348,14809106,550544072,9575,TWSE,common_stock,true,false,false,false,false,false,false,false,true,
2026-02-24,2373,震旦行,listed,56.4,56.5,56.3,56.5,0.3,0.5338,41882,2363774,79,TWSE,common_stock,true,false,false,false,false,false,false,false,true,
2026-02-24,2374,佳能,listed,81.6,83.5,80.5,82.2,1.5,1.8587,8496041,696551649,6695,TWSE,common_stock,true,false,false,false,false,false,false,false,true,
2026-02-24,2375,凱美,listed,92.0,96.6,91.8,95.6,4.1,4.4809,4308692,409253010,3714,TWSE,common_stock,true,false,false,false,false,false,false,false,true,
2026-02-24,2376,技嘉,listed,226.5,229.5,226.0,228.0,1.0,0.4405,2897568,660113879,3621,TWSE,common_stock,true,false,false,false,false,false,false,false,true,
2026-02-24,2377,微星,listed,93.0,93.9,91.6,91.6,-1.0,-1.0799,8163392,753746066,7432,TWSE,common_stock,true,false,false,false,false,false,false,false,true,
2026-02-24,2379,瑞昱,listed,475.0,480.0,473.0,475.0,-1.0,-0.2101,3208382,1528617068,4540,TWSE,common_stock,true,false,false,false,false,false,false,false,true,
2026-02-24,2380,虹光,listed,4.99,5.0,4.9,4.9,-0.09,-1.8036,54555,271320,86,TWSE,common_stock,true,false,false,false,false,false,false,false,true,
2026-02-24,2382,廣達,listed,286.5,286.5,282.0,284.0,0.5,0.1764,13613344,3860242168,17085,TWSE,common_stock,true,false,false,false,false,false,false,false,true,
2026-02-24,2383,台光電,listed,2210.0,2330.0,2155.0,2310.0,135.0,6.2069,3773757,8571942645,9074,TWSE,common_stock,true,false,false,false,false,false,false,false,true,
2026-02-24,2385,群光,listed,123.5,126.0,123.5,123.5,1.0,0.8163,3770315,468843157,3231,TWSE,common_stock,true,false,false,false,false,false,false,false,true,
2026-02-24,2387,精元,listed,39.5,39.8,39.2,39.4,-0.1,-0.2532,283925,11210320,317,TWSE,common_stock,true,false,false,false,false,false,false,false,true,
2026-02-24,2388,威盛,listed,50.6,52.0,50.4,50.9,0.3,0.5929,2114627,108253939,1830,TWSE,common_stock,true,false,false,false,false,false,false,false,true,
2026-02-24,2390,云辰,listed,10.25,10.35,10.1,10.15,-0.15,-1.4563,968591,9879753,716,TWSE,common_stock,true,false,false,false,false,false,false,false,true,
2026-02-24,2392,正崴,listed,40.0,40.65,39.5,39.6,-0.5,-1.2469,1425053,56749104,1663,TWSE,common_stock,true,false,false,false,false,false,false,false,true,
2026-02-24,2393,億光,listed,59.9,61.1,59.3,59.9,0.3,0.5034,4732342,283950222,4536,TWSE,common_stock,true,false,false,false,false,false,false,false,true,
2026-02-24,2395,研華,listed,314.0,324.5,311.5,324.0,9.0,2.8571,4866239,1555906508,7677,TWSE,common_stock,true,false,false,false,false,false,false,false,true,
2026-02-24,2397,友通,listed,61.5,62.0,61.3,61.5,-0.1,-0.1623,130248,8030808,135,TWSE,common_stock,true,false,false,false,false,false,false,false,true,
2026-02-24,2399,映泰,listed,22.8,23.55,22.7,23.4,0.5,2.1834,1399328,32546462,1076,TWSE,common_stock,true,false,false,false,false,false,false,false,true,
2026-02-24,2401,凌陽,listed,22.75,24.15,22.75,23.65,0.75,3.2751,9485275,224742348,5068,TWSE,common_stock,true,false,false,false,false,false,false,false,true,
2026-02-24,2402,毅嘉,listed,54.1,55.5,53.7,55.3,1.2,2.2181,4777305,263265626,3968,TWSE,common_stock,true,false,false,false,false,false,false,false,true,
2026-02-24,2404,漢唐,listed,964.0,994.0,960.0,980.0,17.0,1.7653,2455874,2406844347,6811,TWSE,common_stock,true,false,false,false,false,false,false,false,true,
2026-02-24,2405,輔信,listed,16.15,16.35,16.05,16.15,0.0,0.0,1469179,23756925,826,TWSE,common_stock,true,false,false,false,false,false,false,false,true,
2026-02-24,2406,國碩,listed,29.65,31.7,29.35,30.45,1.0,3.3956,35205811,1079432272,17444,TWSE,common_stock,true,false,false,false,false,false,false,false,true,
2026-02-24,2408,南亞科,listed,292.0,303.0,286.0,298.0,9.0,3.1142,94108231,27773122221,81299,TWSE,common_stock,true,false,false,false,false,false,false,false,true,
2026-02-24,2409,友達,listed,15.95,16.4,15.8,16.35,0.4,2.5078,253048735,4074472469,48985,TWSE,common_stock,true,false,false,false,false,false,false,false,true,
2026-02-24,2412,中華電,listed,134.5,135.5,134.5,135.5,0.5,0.3704,13698888,1848742221,5596,TWSE,common_stock,true,false,false,false,false,false,false,false,true,
2026-02-24,2413,環科,listed,48.3,50.2,48.3,50.2,4.55,9.9671,11658853,580100408,4300,TWSE,common_stock,true,false,false,false,false,false,false,false,true,
2026-02-24,2414,精技,listed,42.25,42.6,42.25,42.55,0.35,0.8294,179261,7622723,169,TWSE,common_stock,true,false,false,false,false,false,false,false,true,
2026-02-24,2415,錩新,listed,27.95,27.95,27.6,27.8,-0.25,-0.8913,113356,3139375,104,TWSE,common_stock,true,false,false,false,false,false,false,false,true,
2026-02-24,2417,圓剛,listed,37.1,38.0,36.95,37.1,-0.1,-0.2688,901651,33582941,904,TWSE,common_stock,true,false,false,false,false,false,false,false,true,
2026-02-24,2419,仲琦,listed,29.8,31.4,29.7,30.9,0.95,3.172,6236011,192319717,3766,TWSE,common_stock,true,false,false,false,false,false,false,false,true,
2026-02-24,2420,新巨,listed,52.2,52.5,51.8,51.8,-0.3,-0.5758,193954,10084653,457,TWSE,common_stock,true,false,false,false,false,false,false,false,true,
2026-02-24,2421,建準,listed,146.0,147.5,144.5,145.0,0.0,0.0,1842651,267996700,1987,TWSE,common_stock,true,false,false,false,false,false,false,false,true,
2026-02-24,2423,固緯,listed,49.4,50.1,49.05,49.75,0.5,1.0152,109728,5443465,102,TWSE,common_stock,true,false,false,false,false,false,false,false,true,
2026-02-24,2424,隴華,listed,33.55,33.6,32.9,33.0,-0.55,-1.6393,41042,1360555,50,TWSE,common_stock,true,false,false,false,false,false,false,false,true,
2026-02-24,2425,承啟,listed,28.4,28.65,28.1,28.1,0.0,0.0,166593,4707739,269,TWSE,common_stock,true,false,false,false,false,false,false,false,true,
2026-02-24,2426,鼎元,listed,19.7,20.05,19.5,19.7,0.0,0.0,1672088,33066352,1065,TWSE,common_stock,true,false,false,false,false,false,false,false,true,
2026-02-24,2427,三商電,listed,27.25,27.35,26.95,27.1,-0.2,-0.7326,1656753,44874019,981,TWSE,common_stock,true,false,false,false,false,false,false,false,true,
2026-02-24,2428,興勤,listed,179.0,187.5,179.0,187.0,7.0,3.8889,1749336,322467618,1871,TWSE,common_stock,true,false,false,false,false,false,false,false,true,
2026-02-24,2429,銘旺科,listed,60.1,62.8,58.8,59.5,-1.6,-2.6187,930692,56253235,1028,TWSE,common_stock,true,false,false,false,false,false,false,false,true,
2026-02-24,2430,燦坤,listed,22.85,22.95,22.8,22.9,0.1,0.4386,86820,1986402,136,TWSE,common_stock,true,false,false,false,false,false,false,false,true,
2026-02-24,2431,聯昌,listed,15.35,15.75,15.1,15.35,0.15,0.9868,1692949,25947544,991,TWSE,common_stock,true,false,false,false,false,false,false,false,true,
2026-02-24,2432,倚天酷碁-創,listed,24.05,24.2,23.95,24.05,-0.15,-0.6198,75000,1800050,41,TWSE,common_stock,true,false,false,false,false,false,false,false,true,
2026-02-24,2433,互盛電,listed,47.1,47.5,47.05,47.05,-0.05,-0.1062,26985,1273297,286,TWSE,common_stock,true,false,false,false,false,false,false,false,true,
2026-02-24,2434,統懋,listed,29.9,30.1,29.9,30.1,0.4,1.3468,17353,519326,24,TWSE,common_stock,true,false,false,false,false,false,false,false,true,
2026-02-24,2436,偉詮電,listed,60.8,61.9,60.2,60.2,-1.0,-1.634,5482736,333375338,5136,TWSE,common_stock,true,false,false,false,false,false,false,false,true,
2026-02-24,2438,翔耀,listed,22.8,22.9,22.05,22.55,-0.25,-1.0965,244064,5476110,326,TWSE,common_stock,true,false,false,false,false,false,false,false,true,
2026-02-24,2439,美律,listed,99.9,101.0,98.7,99.0,-0.4,-0.4024,1687366,167720935,1950,TWSE,common_stock,true,false,false,false,false,false,false,false,true,
2026-02-24,2440,太空梭,listed,15.1,15.45,15.1,15.45,0.1,0.6515,210687,3224829,135,TWSE,common_stock,true,false,false,false,false,false,false,false,true,
2026-02-24,2441,超豐,listed,90.9,93.3,90.4,93.3,2.4,2.6403,4907582,453451983,5220,TWSE,common_stock,true,false,false,false,false,false,false,false,true,
2026-02-24,2442,新美齊,listed,20.4,20.55,19.9,19.95,-0.45,-2.2059,2356800,47313040,1306,TWSE,common_stock,true,false,false,false,false,false,false,false,true,
2026-02-24,2444,兆勁,listed,12.6,13.0,12.5,12.9,0.3,2.381,602943,7652453,363,TWSE,common_stock,true,false,false,false,false,false,false,false,true,
2026-02-24,2449,京元電子,listed,317.0,329.5,315.0,326.0,9.5,3.0016,19845357,6420373807,27831,TWSE,common_stock,true,false,false,false,false,false,false,false,true,
2026-02-24,2450,神腦,listed,30.0,30.15,29.75,29.8,-0.2,-0.6667,425624,12716057,650,TWSE,common_stock,true,false,false,false,false,false,false,false,true,
2026-02-24,2451,創見,listed,221.0,230.0,216.5,227.5,8.5,3.8813,4608727,1039441425,5833,TWSE,common_stock,true,false,false,false,false,false,false,false,true,
2026-02-24,2453,凌群,listed,53.0,53.2,52.8,53.0,0.1,0.189,390677,20704987,396,TWSE,common_stock,true,false,false,false,false,false,false,false,true,
2026-02-24,2454,聯發科,listed,1810.0,1825.0,1795.0,1825.0,30.0,1.6713,7063638,12818189860,18921,TWSE,common_stock,true,false,false,false,false,false,false,false,true,
2026-02-24,2455,全新,listed,187.5,203.0,185.5,200.0,13.0,6.9519,41199916,8036952387,51175,TWSE,common_stock,true,false,false,false,false,false,false,false,true,
2026-02-24,2457,飛宏,listed,30.05,31.1,29.8,30.7,0.7,2.3333,8176231,250360625,4718,TWSE,common_stock,true,false,false,false,false,false,false,false,true,
2026-02-24,2458,義隆,listed,119.5,121.0,119.0,119.0,0.5,0.4219,1923197,229917410,1605,TWSE,common_stock,true,false,false,false,false,false,false,false,true,
2026-02-24,2459,敦吉,listed,67.9,67.9,67.2,67.8,0.4,0.5935,129744,8770718,194,TWSE,common_stock,true,false,false,false,false,false,false,false,true,
2026-02-24,2460,建通,listed,25.5,29.0,25.3,29.0,2.6,9.8485,2253775,63338546,3052,TWSE,common_stock,true,false,false,false,false,false,false,false,true,
2026-02-24,2461,光群雷,listed,16.8,16.85,16.65,16.75,-0.05,-0.2976,683489,11466331,280,TWSE,common_stock,true,false,false,false,false,false,false,false,true,
2026-02-24,2462,良得電,listed,25.5,25.8,25.25,25.65,0.3,1.1834,567460,14525821,452,TWSE,common_stock,true,false,false,false,false,false,false,false,true,
2026-02-24,2464,盟立,listed,73.1,74.4,72.4,73.1,0.3,0.4121,8157452,598332568,6304,TWSE,common_stock,true,false,false,false,false,false,false,false,true,
2026-02-24,2465,麗臺,listed,53.0,53.5,52.2,52.8,-0.1,-0.189,319959,16835112,898,TWSE,common_stock,true,false,false,false,false,false,false,false,true,
2026-02-24,2466,冠西電,listed,56.5,57.6,54.2,54.7,-2.0,-3.5273,983660,55265286,579,TWSE,common_stock,true,false,false,false,false,false,false,false,true,
2026-02-24,2467,志聖,listed,280.0,286.0,272.5,280.5,0.0,0.0,3488610,976889355,4133,TWSE,common_stock,true,false,false,false,false,false,false,false,true,
2026-02-24,2468,華經,listed,35.65,36.2,35.45,35.7,0.05,0.1403,226454,8078260,275,TWSE,common_stock,true,false,false,false,false,false,false,false,true,
2026-02-24,2471,資通,listed,49.8,50.0,49.4,49.55,-0.55,-1.0978,474820,23564040,487,TWSE,common_stock,true,false,false,false,false,false,false,false,true,
2026-02-24,2472,立隆電,listed,114.5,123.5,114.0,119.5,5.5,4.8246,6725098,806079789,5325,TWSE,common_stock,true,false,false,false,false,false,false,false,true,
2026-02-24,2474,可成,listed,192.0,194.0,190.0,192.5,0.5,0.2604,3304121,634416844,2756,TWSE,common_stock,true,false,false,false,false,false,false,false,true,
2026-02-24,2476,鉅祥,listed,85.0,85.9,84.8,85.0,0.0,0.0,992078,84592456,1502,TWSE,common_stock,true,false,false,false,false,false,false,false,true,
2026-02-24,2477,美隆電,listed,24.25,24.4,24.05,24.1,0.0,0.0,271593,6553652,208,TWSE,common_stock,true,false,false,false,false,false,false,false,true,
2026-02-24,2478,大毅,listed,63.9,69.9,63.7,69.2,4.9,7.6205,3551991,240750190,3076,TWSE,common_stock,true,false,false,false,false,false,false,false,true,
2026-02-24,2480,敦陽科,listed,148.0,148.5,145.0,147.0,-1.0,-0.6757,427139,62572947,612,TWSE,common_stock,true,false,false,false,false,false,false,false,true,
2026-02-24,2481,強茂,listed,87.1,88.5,86.7,87.5,0.4,0.4592,6150182,538226957,6350,TWSE,common_stock,true,false,false,false,false,false,false,false,true,
2026-02-24,2482,連宇,listed,18.3,18.4,17.95,17.95,-0.25,-1.3736,157961,2860507,146,TWSE,common_stock,true,false,false,false,false,false,false,false,true,
2026-02-24,2483,百容,listed,20.75,21.35,20.6,21.15,0.7,3.423,518303,10869598,286,TWSE,common_stock,true,false,false,false,false,false,false,false,true,
2026-02-24,2484,希華,listed,27.95,30.45,27.95,30.3,2.0,7.0671,6730287,200044208,3177,TWSE,common_stock,true,false,false,false,false,false,false,false,true,
2026-02-24,2485,兆赫,listed,40.4,43.4,39.5,42.9,2.5,6.1881,58950353,2484109603,37490,TWSE,common_stock,true,false,false,false,false,false,false,false,true,
2026-02-24,2486,一詮,listed,156.0,157.0,142.0,143.0,-14.5,-9.2063,26727378,3913154288,29482,TWSE,common_stock,true,false,false,false,false,false,false,false,true,
2026-02-24,2488,漢平,listed,48.3,48.3,47.7,47.9,0.0,0.0,197051,9457143,223,TWSE,common_stock,true,false,false,false,false,false,false,false,true,
2026-02-24,2489,瑞軒,listed,32.75,32.75,32.75,32.75,2.95,9.8993,9685038,317183336,7574,TWSE,common_stock,true,false,false,false,false,false,false,false,true,
2026-02-24,2491,吉祥全,listed,16.7,17.1,16.55,16.9,0.35,2.1148,183133,3077274,161,TWSE,common_stock,true,false,false,false,false,false,false,false,true,
2026-02-24,2492,華新科,listed,139.0,149.0,138.0,149.0,13.5,9.9631,19827616,2907998038,11227,TWSE,common_stock,true,false,false,false,false,false,false,false,true,
2026-02-24,2493,揚博,listed,106.5,109.5,106.0,107.5,-1.0,-0.9217,507407,54520766,806,TWSE,common_stock,true,false,false,false,false,false,false,false,true,
2026-02-24,2495,普安,listed,32.5,33.1,32.1,32.75,0.25,0.7692,2930479,95859659,1827,TWSE,common_stock,true,false,false,false,false,false,false,false,true,
2026-02-24,2496,卓越,listed,69.4,69.5,69.2,69.2,-0.1,-0.1443,26265,1822232,40,TWSE,common_stock,true,false,false,false,false,false,false,false,true,
2026-02-24,2497,怡利電,listed,46.35,46.7,45.85,45.95,-0.45,-0.9698,332507,15329232,315,TWSE,common_stock,true,false,false,false,false,false,false,false,true,
2026-02-24,2498,宏達電,listed,45.1,45.8,44.9,45.25,0.15,0.3326,4238114,192316734,2974,TWSE,common_stock,true,false,false,false,false,false,false,false,true,
2026-02-24,2501,國建,listed,22.7,22.8,22.45,22.55,-0.15,-0.6608,1342807,30319969,978,TWSE,common_stock,true,false,false,false,false,false,false,false,true,
2026-02-24,2504,國產,listed,36.8,37.15,36.65,36.8,0.0,0.0,1485269,54709400,1152,TWSE,common_stock,true,false,false,false,false,false,false,false,true,
2026-02-24,2505,國揚,listed,19.0,19.1,18.8,18.95,-0.05,-0.2632,191023,3617164,166,TWSE,common_stock,true,false,false,false,false,false,false,false,true,
2026-02-24,2506,太設,listed,8.95,9.12,8.95,9.01,-0.04,-0.442,143820,1301442,199,TWSE,common_stock,true,false,false,false,false,false,false,false,true,
2026-02-24,2509,全坤建,listed,14.7,14.95,14.65,14.7,0.0,0.0,192074,2836148,155,TWSE,common_stock,true,false,false,false,false,false,false,false,true,
2026-02-24,2511,太子,listed,8.29,8.32,8.24,8.26,0.01,0.1212,969989,8019838,524,TWSE,common_stock,true,false,false,false,false,false,false,false,true,
2026-02-24,2514,龍邦,listed,14.95,15.0,14.8,14.9,-0.05,-0.3344,73924,1101139,126,TWSE,common_stock,true,false,false,false,false,false,false,false,true,
2026-02-24,2515,中工,listed,18.0,18.65,17.75,18.3,0.95,5.4755,85805541,1561526490,23890,TWSE,common_stock,true,false,false,false,false,false,false,false,true,
2026-02-24,2516,新建,listed,14.65,14.75,14.45,14.7,-0.05,-0.339,226790,3316116,150,TWSE,common_stock,true,false,false,false,false,false,false,false,true,
2026-02-24,2520,冠德,listed,31.8,32.0,31.5,31.5,-0.3,-0.9434,1562178,49434076,1439,TWSE,common_stock,true,false,false,false,false,false,false,false,true,
2026-02-24,2524,京城,listed,42.5,43.9,42.05,43.1,1.1,2.619,382108,16554809,300,TWSE,common_stock,true,false,false,false,false,false,false,false,true,
2026-02-24,2527,宏璟,listed,29.9,31.1,29.8,30.85,0.95,3.1773,703055,21485312,424,TWSE,common_stock,true,false,false,false,false,false,false,false,true,
2026-02-24,2528,皇普,listed,28.55,28.55,27.65,27.7,-0.35,-1.2478,994883,27735751,686,TWSE,common_stock,true,false,false,false,false,false,false,false,true,
2026-02-24,2530,華建,listed,26.0,26.15,25.6,25.95,-0.05,-0.1923,766546,19810020,468,TWSE,common_stock,true,false,false,false,false,false,false,false,true,
2026-02-24,2534,宏盛,listed,20.0,20.1,19.75,19.85,-0.15,-0.75,609142,12116156,537,TWSE,common_stock,true,false,false,false,false,false,false,false,true,
2026-02-24,2535,達欣工,listed,72.1,75.0,71.1,74.6,2.8,3.8997,899527,65855813,969,TWSE,common_stock,true,false,false,false,false,false,false,false,true,
2026-02-24,2536,宏普,listed,22.95,23.1,22.8,22.85,-0.1,-0.4357,311610,7132734,175,TWSE,common_stock,true,false,false,false,false,false,false,false,true,
2026-02-24,2537,聯上發,listed,10.65,10.8,10.55,10.65,-0.05,-0.4673,763218,8107777,449,TWSE,common_stock,true,false,false,false,false,false,false,false,true,
2026-02-24,2538,基泰,listed,10.75,10.8,10.6,10.8,0.05,0.4651,384484,4107090,191,TWSE,common_stock,true,false,false,false,false,false,false,false,true,
2026-02-24,2539,櫻花建,listed,49.55,49.7,48.9,49.5,-0.05,-0.1009,1177226,58064159,1412,TWSE,common_stock,true,false,false,false,false,false,false,false,true,
2026-02-24,2540,愛山林,listed,47.55,48.05,47.1,47.1,-0.45,-0.9464,430309,20407320,714,TWSE,common_stock,true,false,false,false,false,false,false,false,true,
2026-02-24,2542,興富發,listed,38.35,38.5,37.75,37.8,-0.6,-1.5625,5882748,223124036,4680,TWSE,common_stock,true,false,false,false,false,false,false,false,true,
2026-02-24,2543,皇昌,listed,63.5,63.7,61.8,62.1,-1.1,-1.7405,1689535,105750391,1978,TWSE,common_stock,true,false,false,false,false,false,false,false,true,
2026-02-24,2545,皇翔,listed,37.65,37.95,37.5,37.6,0.1,0.2667,191775,7231859,226,TWSE,common_stock,true,false,false,false,false,false,false,false,true,
2026-02-24,2546,根基,listed,86.4,87.2,86.4,87.0,0.6,0.6944,83193,7226599,386,TWSE,common_stock,true,false,false,false,false,false,false,false,true,
2026-02-24,2547,日勝生,listed,11.1,11.25,11.0,11.1,0.0,0.0,2189868,24347673,704,TWSE,common_stock,true,false,false,false,false,false,false,false,true,
2026-02-24,2548,華固,listed,109.0,111.5,109.0,111.0,1.5,1.3699,1196601,131742782,1115,TWSE,common_stock,true,false,false,false,false,false,false,false,true,
2026-02-24,2597,潤弘,listed,179.0,179.0,172.0,174.0,-4.0,-2.2472,553211,96098785,2890,TWSE,common_stock,true,false,false,false,false,false,false,false,true,
2026-02-24,2601,益航,listed,5.4,5.47,5.39,5.41,0.01,0.1852,1157493,6261031,556,TWSE,common_stock,true,false,false,false,false,false,false,false,true,
2026-02-24,2603,長榮,listed,190.0,192.0,190.0,190.5,2.0,1.061,9706103,1849832257,8376,TWSE,common_stock,true,false,false,false,false,false,false,false,true,
2026-02-24,2605,新興,listed,30.15,31.15,30.05,30.9,1.3,4.3919,15655809,479717775,7396,TWSE,common_stock,true,false,false,false,false,false,false,false,true,
2026-02-24,2606,裕民,listed,63.5,65.0,63.5,64.0,1.1,1.7488,6078463,390615127,3718,TWSE,common_stock,true,false,false,false,false,false,false,false,true,
2026-02-24,2607,榮運,listed,55.3,55.7,55.1,55.5,0.2,0.3617,758344,41974976,850,TWSE,common_stock,true,false,false,false,false,false,false,false,true,
2026-02-24,2608,嘉里大榮,listed,32.15,32.15,31.9,32.0,-0.15,-0.4666,560325,17925906,712,TWSE,common_stock,true,false,false,false,false,false,false,false,true,
2026-02-24,2609,陽明,listed,55.7,56.1,55.5,55.9,0.4,0.7207,13868548,773478770,8249,TWSE,common_stock,true,false,false,false,false,false,false,false,true,
2026-02-24,2610,華航,listed,21.8,21.8,21.2,21.3,-0.65,-2.9613,71241497,1523872188,19459,TWSE,common_stock,true,false,false,false,false,false,false,false,true,
2026-02-24,2611,志信,listed,14.55,14.7,14.4,14.45,-0.1,-0.6873,423085,6141739,456,TWSE,common_stock,true,false,false,false,false,false,false,false,true,
2026-02-24,2612,中航,listed,62.1,62.8,61.8,61.9,0.6,0.9788,1016125,63242706,895,TWSE,common_stock,true,false,false,false,false,false,false,false,true,
2026-02-24,2613,中櫃,listed,24.75,24.9,24.55,24.6,-0.1,-0.4049,248224,6123404,328,TWSE,common_stock,true,false,false,false,false,false,false,false,true,
2026-02-24,2614,東森,listed,21.0,21.25,20.75,20.85,-0.25,-1.1848,843683,17701329,884,TWSE,common_stock,true,false,false,false,false,false,false,false,true,
2026-02-24,2615,萬海,listed,76.3,77.0,75.7,75.7,-0.6,-0.7864,5545336,422405157,5152,TWSE,common_stock,true,false,false,false,false,false,false,false,true,
2026-02-24,2616,山隆,listed,13.85,13.9,13.5,13.55,-0.2,-1.4545,317024,4312465,699,TWSE,common_stock,true,false,false,false,false,false,false,false,true,
2026-02-24,2617,台航,listed,30.4,30.6,30.25,30.5,0.3,0.9934,509811,15504262,382,TWSE,common_stock,true,false,false,false,false,false,false,false,true,
2026-02-24,2618,長榮航,listed,38.05,38.1,37.8,38.0,0.0,0.0,34562509,1311578760,12948,TWSE,common_stock,true,false,false,false,false,false,false,false,true,
2026-02-24,2630,亞航,listed,53.0,54.2,52.3,53.8,1.0,1.8939,3067402,164208204,2075,TWSE,common_stock,true,false,false,false,false,false,false,false,true,
2026-02-24,2633,台灣高鐵,listed,27.35,27.4,27.1,27.3,-0.05,-0.1828,6647206,180928991,2646,TWSE,common_stock,true,false,false,false,false,false,false,false,true,
2026-02-24,2634,漢翔,listed,56.3,57.2,55.6,56.5,0.2,0.3552,11255481,635470904,6975,TWSE,common_stock,true,false,false,false,false,false,false,false,true,
2026-02-24,2636,台驊控股,listed,64.9,65.3,64.6,64.8,0.0,0.0,329316,21350052,426,TWSE,common_stock,true,false,false,false,false,false,false,false,true,
2026-02-24,2637,慧洋-KY,listed,71.2,72.7,71.2,72.4,1.5,2.1157,3339762,240992292,2436,TWSE,common_stock,true,false,false,false,false,false,false,false,true,
2026-02-24,2642,宅配通,listed,24.5,25.35,24.5,24.6,0.1,0.4082,64034,1581189,232,TWSE,common_stock,true,false,false,false,false,false,false,false,true,
2026-02-24,2645,長榮航太,listed,172.0,174.0,169.0,174.0,2.0,1.1628,2587785,445599565,10973,TWSE,common_stock,true,false,false,false,false,false,false,false,true,
2026-02-24,2646,星宇航空,listed,22.9,22.9,22.75,22.8,-0.1,-0.4367,5800581,132353023,3941,TWSE,common_stock,true,false,false,false,false,false,false,false,true,
2026-02-24,2701,萬企,listed,11.1,11.15,11.05,11.05,-0.05,-0.4505,97250,1077500,71,TWSE,common_stock,true,false,false,false,false,false,false,false,true,
2026-02-24,2702,華園,listed,12.0,12.0,11.85,11.95,-0.05,-0.4167,37368,445313,76,TWSE,common_stock,true,false,false,false,false,false,false,false,true,
2026-02-24,2704,國賓,listed,43.45,43.45,42.9,43.25,0.35,0.8159,82041,3538810,101,TWSE,common_stock,true,false,false,false,false,false,false,false,true,
2026-02-24,2705,六福,listed,16.3,16.35,16.15,16.2,-0.05,-0.3077,303571,4918239,293,TWSE,common_stock,true,false,false,false,false,false,false,false,true,
2026-02-24,2706,第一店,listed,12.95,13.0,12.85,12.9,-0.05,-0.3861,105335,1361807,134,TWSE,common_stock,true,false,false,false,false,false,false,false,true,
2026-02-24,2707,晶華,listed,190.0,190.0,188.5,188.5,-1.5,-0.7895,97841,18496522,1019,TWSE,common_stock,true,false,false,false,false,false,false,false,true,
2026-02-24,2712,遠雄來,listed,17.6,17.75,16.9,17.3,-0.2,-1.1429,78800,1364343,60,TWSE,common_stock,true,false,false,false,false,false,false,false,true,
2026-02-24,2722,夏都,listed,25.55,25.95,25.45,25.45,-0.25,-0.9728,42558,1091824,53,TWSE,common_stock,true,false,false,false,false,false,false,false,true,
2026-02-24,2723,美食-KY,listed,74.7,74.8,72.3,72.6,-2.0,-2.681,497696,36379218,692,TWSE,common_stock,true,false,false,false,false,false,false,false,true,
2026-02-24,2727,王品,listed,221.0,221.0,217.5,218.5,-2.5,-1.1312,454359,99213123,2474,TWSE,common_stock,true,false,false,false,false,false,false,false,true,
2026-02-24,2731,雄獅,listed,176.0,178.5,174.5,176.5,-1.5,-0.8427,969604,171066933,3422,TWSE,common_stock,true,false,false,false,false,false,false,false,true,
2026-02-24,2739,寒舍,listed,34.0,34.05,33.7,33.75,-0.25,-0.7353,103095,3491284,90,TWSE,common_stock,true,false,false,false,false,false,false,false,true,
2026-02-24,2748,雲品,listed,41.65,41.65,40.8,41.1,0.05,0.1218,84550,3474115,183,TWSE,common_stock,true,false,false,false,false,false,false,false,true,
2026-02-24,2753,八方雲集,listed,185.5,186.0,184.5,184.5,-1.0,-0.5391,202570,37497448,558,TWSE,common_stock,true,false,false,false,false,false,false,false,true,
2026-02-24,2762,世界健身-KY,listed,75.8,79.8,75.8,78.5,2.6,3.4256,280699,21850329,274,TWSE,common_stock,true,false,false,false,false,false,false,false,true,
2026-02-24,2801,彰銀,listed,21.8,21.95,21.55,21.9,0.25,1.1547,33322118,727157334,8247,TWSE,common_stock,true,false,false,false,false,false,false,false,true,
2026-02-24,2812,台中銀,listed,20.7,20.95,20.7,20.85,0.1,0.4819,16588134,345345334,5550,TWSE,common_stock,true,false,false,false,false,false,false,false,true,
2026-02-24,2816,旺旺保,listed,30.25,30.55,29.5,30.25,0.0,0.0,235502,7115730,335,TWSE,common_stock,true,false,false,false,false,false,false,false,true,
2026-02-24,2820,華票,listed,17.25,17.4,17.25,17.35,-0.1,-0.5731,1552060,26897073,651,TWSE,common_stock,true,false,false,false,false,false,false,false,true,
2026-02-24,2832,台產,listed,49.75,50.2,49.4,49.65,0.45,0.9146,191386,9517055,386,TWSE,common_stock,true,false,false,false,false,false,false,false,true,
2026-02-24,2834,臺企銀,listed,16.1,16.2,16.0,16.2,0.1,0.6211,25731333,415114671,6555,TWSE,common_stock,true,false,false,false,false,false,false,false,true,
2026-02-24,2836,高雄銀,listed,12.65,12.65,12.55,12.55,-0.1,-0.7905,3266459,41209239,892,TWSE,common_stock,true,false,false,false,false,false,false,false,true,
2026-02-24,2836A,高雄銀甲特,listed,,,,,0.0,,542,12912,10,TWSE,warrant,false,false,true,false,false,false,false,false,false,security_type=warrant;symbol_not_4_digit;invalid_close
2026-02-24,2838,聯邦銀,listed,20.15,20.4,20.0,20.05,-0.35,-1.7157,4737647,98512271,1918,TWSE,common_stock,true,false,false,false,false,false,false,false,true,
2026-02-24,2838A,聯邦銀甲特,listed,54.6,54.6,54.5,54.6,0.0,0.0,26177,1429046,18,TWSE,warrant,false,false,true,false,false,false,false,false,false,security_type=warrant;symbol_not_4_digit
2026-02-24,2845,遠東銀,listed,12.75,12.85,12.7,12.8,0.05,0.3922,7390254,94402691,1897,TWSE,common_stock,true,false,false,false,false,false,false,false,true,
2026-02-24,2849,安泰銀,listed,13.5,13.85,13.5,13.85,0.35,2.5926,209851,2889794,181,TWSE,common_stock,true,false,false,false,false,false,false,false,true,
2026-02-24,2850,新產,listed,114.5,116.0,114.5,115.5,1.5,1.3158,420886,48540854,497,TWSE,common_stock,true,false,false,false,false,false,false,false,true,
2026-02-24,2851,中再保,listed,27.9,28.05,27.75,27.8,0.15,0.5425,1255252,34994901,949,TWSE,common_stock,true,false,false,false,false,false,false,false,true,
2026-02-24,2852,第一保,listed,27.25,27.45,27.25,27.3,0.05,0.1835,420611,11490088,249,TWSE,common_stock,true,false,false,false,false,false,false,false,true,
2026-02-24,2855,統一證,listed,30.15,30.8,29.75,30.75,0.45,1.4851,10596273,321118066,4517,TWSE,etf,false,true,false,false,false,false,false,false,false,security_type=etf
2026-02-24,2867,三商壽,listed,8.14,8.16,8.07,8.15,0.01,0.1229,13390524,108777614,3206,TWSE,common_stock,true,false,false,false,false,false,false,false,true,
2026-02-24,2880,華南金,listed,37.55,37.55,36.35,37.35,0.65,1.7711,29571817,1092493787,17816,TWSE,common_stock,true,false,false,false,false,false,false,false,true,
2026-02-24,2881,富邦金,listed,95.8,96.2,94.1,94.1,-1.6,-1.6719,22590358,2135002690,77645,TWSE,etf,false,true,false,false,false,false,false,false,false,security_type=etf
2026-02-24,2881A,富邦特,listed,63.3,63.7,63.3,63.5,0.1,0.1577,79381,5045327,48,TWSE,etf,false,true,true,false,false,false,false,false,false,security_type=etf;symbol_not_4_digit
2026-02-24,2881B,富邦金乙特,listed,61.6,61.7,61.6,61.7,0.0,0.0,98390,6066228,30,TWSE,etf,false,true,true,false,false,false,false,false,false,security_type=etf;symbol_not_4_digit
2026-02-24,2881C,富邦金丙特,listed,51.9,52.2,51.9,52.1,0.0,0.0,50303,2620925,96,TWSE,etf,false,true,true,false,false,false,false,false,false,security_type=etf;symbol_not_4_digit
2026-02-24,2882,國泰金,listed,79.2,80.4,78.2,78.2,-1.4,-1.7588,25575014,2010367134,53397,TWSE,etf,false,true,false,false,false,false,false,false,false,security_type=etf
2026-02-24,2882A,國泰特,listed,60.7,60.8,60.7,60.8,0.0,0.0,134502,8170321,27,TWSE,etf,false,true,true,false,false,false,false,false,false,security_type=etf;symbol_not_4_digit
2026-02-24,2882B,國泰金乙特,listed,60.1,60.1,60.0,60.0,-0.1,-0.1664,18961,1138906,21,TWSE,etf,false,true,true,false,false,false,false,false,false,security_type=etf;symbol_not_4_digit
2026-02-24,2883,凱基金,listed,20.4,20.85,20.4,20.85,0.3,1.4599,98860153,2046620366,20350,TWSE,etf,false,true,false,false,false,false,false,false,false,security_type=etf
2026-02-24,2883B,凱基金乙特,listed,8.01,8.03,8.0,8.02,0.01,0.1248,844197,6766684,348,TWSE,etf,false,true,true,false,false,false,false,false,false,security_type=etf;symbol_not_4_digit
2026-02-24,2884,玉山金,listed,34.9,34.9,34.25,34.7,-0.15,-0.4304,32997584,1140360434,21098,TWSE,common_stock,true,false,false,false,false,false,false,false,true,
2026-02-24,2885,元大金,listed,46.55,47.8,46.45,47.45,0.9,1.9334,30185986,1430322688,14976,TWSE,etf,false,true,false,false,false,false,false,false,false,security_type=etf
2026-02-24,2886,兆豐金,listed,40.95,40.95,40.55,40.8,-0.15,-0.3663,22432478,914910857,8640,TWSE,etf,false,true,false,false,false,false,false,false,false,security_type=etf
2026-02-24,2887,台新新光金,listed,25.5,25.5,24.75,25.3,0.0,0.0,94610080,2381924402,27878,TWSE,common_stock,true,false,false,false,false,false,false,false,true,
2026-02-24,2887E,台新新光戊特一,listed,50.1,50.5,50.0,50.2,0.1,0.1996,211559,10633269,57,TWSE,warrant,false,false,true,false,false,false,false,false,false,security_type=warrant;symbol_not_4_digit
2026-02-24,2887F,台新新光戊特二,listed,47.95,47.95,47.5,47.7,-0.25,-0.5214,12551,598875,30,TWSE,warrant,false,false,true,false,false,false,false,false,false,security_type=warrant;symbol_not_4_digit
2026-02-24,2887G,台新新光庚特一,listed,41.1,41.15,41.0,41.05,-0.05,-0.1217,190921,7836875,82,TWSE,warrant,false,false,true,false,false,false,false,false,false,security_type=warrant;symbol_not_4_digit
2026-02-24,2887H,台新新光庚特二,listed,40.25,40.25,40.0,40.1,-0.15,-0.3727,84525,3387831,53,TWSE,warrant,false,false,true,false,false,false,false,false,false,security_type=warrant;symbol_not_4_digit
2026-02-24,2887I,台新新光辛特,listed,9.29,9.29,9.27,9.28,-0.01,-0.1076,5001853,46414803,949,TWSE,warrant,false,false,true,false,false,false,false,false,false,security_type=warrant;symbol_not_4_digit
2026-02-24,2887Z1,台新新光己特,listed,17.1,17.25,17.05,17.25,0.2,1.173,93570,1607730,70,TWSE,warrant,false,false,true,false,false,false,false,false,false,security_type=warrant;symbol_not_4_digit
2026-02-24,2889,國票金,listed,17.6,17.65,17.25,17.4,-0.2,-1.1364,5716900,99528037,2015,TWSE,common_stock,true,false,false,false,false,false,false,false,true,
2026-02-24,2890,永豐金,listed,32.6,32.7,32.05,32.65,0.05,0.1534,31303756,1018969352,12210,TWSE,etf,false,true,false,false,false,false,false,false,false,security_type=etf
2026-02-24,2891,中信金,listed,54.1,54.2,53.2,53.8,-0.1,-0.1855,36735788,1976542147,13899,TWSE,etf,false,true,false,false,false,false,false,false,false,security_type=etf
2026-02-24,2891B,中信金乙特,listed,63.7,63.7,63.6,63.6,-0.1,-0.157,5010,318807,27,TWSE,etf,false,true,true,false,false,false,false,false,false,security_type=etf;symbol_not_4_digit
2026-02-24,2891C,中信金丙特,listed,60.0,60.0,60.0,60.0,-0.1,-0.1664,7367,441993,40,TWSE,etf,false,true,true,false,false,false,false,false,false,security_type=etf;symbol_not_4_digit
2026-02-24,2892,第一金,listed,29.95,30.0,29.7,30.0,0.1,0.3344,34846791,1041466061,9433,TWSE,common_stock,true,false,false,false,false,false,false,false,true,
2026-02-24,2897,王道銀行,listed,9.8,9.83,9.69,9.69,-0.09,-0.9202,6771143,65985358,2109,TWSE,common_stock,true,false,false,false,false,false,false,false,true,
2026-02-24,2897B,王道銀乙特,listed,11.8,11.8,11.8,11.8,0.0,0.0,31463,371262,13,TWSE,warrant,false,false,true,false,false,false,false,false,false,security_type=warrant;symbol_not_4_digit
2026-02-24,2901,欣欣,listed,24.2,24.4,24.1,24.15,0.05,0.2075,24188,585340,89,TWSE,common_stock,true,false,false,false,false,false,false,false,true,
2026-02-24,2903,遠百,listed,22.8,23.05,22.7,22.85,0.0,0.0,2902750,66344787,1428,TWSE,common_stock,true,false,false,false,false,false,false,false,true,
2026-02-24,2904,匯僑,listed,17.1,17.2,17.05,17.05,0.05,0.2941,47746,817569,65,TWSE,common_stock,true,false,false,false,false,false,false,false,true,
2026-02-24,2905,三商,listed,15.85,16.05,15.85,16.0,0.05,0.3135,1074813,17153105,466,TWSE,common_stock,true,false,false,false,false,false,false,false,true,
2026-02-24,2906,高林,listed,12.55,12.6,12.5,12.55,0.05,0.4,208343,2612629,210,TWSE,common_stock,true,false,false,false,false,false,false,false,true,
2026-02-24,2908,特力,listed,20.85,20.95,20.65,20.8,-0.05,-0.2398,92088,1916280,69,TWSE,common_stock,true,false,false,false,false,false,false,false,true,
2026-02-24,2910,統領,listed,22.2,24.1,22.2,22.85,0.85,3.8636,67211,1553141,49,TWSE,common_stock,true,false,false,false,false,false,false,false,true,
2026-02-24,2911,麗嬰房,listed,5.22,5.27,5.09,5.19,-0.03,-0.5747,38150,195371,100,TWSE,common_stock,true,false,false,false,false,false,false,false,true,
2026-02-24,2912,統一超,listed,223.0,223.5,220.5,222.0,-1.0,-0.4484,2707923,599908720,3520,TWSE,etf,false,true,false,false,false,false,false,false,false,security_type=etf
2026-02-24,2913,農林,listed,13.0,13.4,13.0,13.2,0.2,1.5385,1951264,25829140,822,TWSE,common_stock,true,false,false,false,false,false,false,false,true,
2026-02-24,2915,潤泰全,listed,53.0,53.7,52.9,53.4,0.0,0.0,1985671,105888825,1043,TWSE,common_stock,true,false,false,false,false,false,false,false,true,
2026-02-24,2923,鼎固-KY,listed,25.95,26.0,24.85,25.3,0.4,1.6064,203918,5239999,305,TWSE,common_stock,true,false,false,false,false,false,false,false,true,
2026-02-24,2929,淘帝-KY,listed,7.65,7.65,7.58,7.62,-0.03,-0.3922,343923,2622073,216,TWSE,common_stock,true,false,false,false,false,false,false,false,true,
2026-02-24,2939,永邑-KY,listed,24.5,24.5,24.0,24.35,-0.15,-0.6122,20101,485960,27,TWSE,common_stock,true,false,false,false,false,false,false,false,true,
2026-02-24,2945,三商家購,listed,43.0,43.2,42.65,42.75,-0.25,-0.5814,50567,2173166,147,TWSE,warrant,false,false,true,false,false,false,false,false,false,security_type=warrant
2026-02-24,3002,歐格,listed,21.95,22.35,21.85,22.05,0.1,0.4556,476437,10514757,341,TWSE,common_stock,true,false,false,false,false,false,false,false,true,
2026-02-24,3003,健和興,listed,49.5,50.6,49.5,50.5,1.2,2.4341,766327,38403155,1034,TWSE,common_stock,true,false,false,false,false,false,false,false,true,
2026-02-24,3004,豐達科,listed,115.5,117.5,114.0,117.0,1.0,0.8621,466504,54188394,665,TWSE,common_stock,true,false,false,false,false,false,false,false,true,
2026-02-24,3005,神基,listed,110.5,112.0,110.0,111.5,1.0,0.905,2509264,279401116,1647,TWSE,common_stock,true,false,false,false,false,false,false,false,true,
2026-02-24,3006,晶豪科,listed,155.0,169.0,152.0,167.0,12.0,7.7419,17851643,2896439872,13849,TWSE,common_stock,true,false,false,false,false,false,false,false,true,
2026-02-24,3008,大立光,listed,2375.0,2430.0,2360.0,2430.0,60.0,2.5316,979619,2361465205,4717,TWSE,common_stock,true,false,false,false,false,false,false,false,true,
2026-02-24,3010,華立,listed,123.0,125.5,122.5,125.0,3.0,2.459,1759505,218819442,1759,TWSE,common_stock,true,false,false,false,false,false,false,false,true,
2026-02-24,3011,今皓,listed,13.4,13.55,13.1,13.25,0.0,0.0,526125,6965503,355,TWSE,common_stock,true,false,false,false,false,false,false,false,true,
2026-02-24,3013,晟銘電,listed,110.0,112.0,109.5,111.0,1.0,0.9091,1492398,164845491,1558,TWSE,common_stock,true,false,false,false,false,false,false,false,true,
2026-02-24,3014,聯陽,listed,120.0,122.0,120.0,121.5,0.0,0.0,661749,80242094,687,TWSE,common_stock,true,false,false,false,false,false,false,false,true,
2026-02-24,3015,全漢,listed,56.0,56.3,55.0,55.5,-0.5,-0.8929,461093,25686216,654,TWSE,common_stock,true,false,false,false,false,false,false,false,true,
2026-02-24,3016,嘉晶,listed,58.5,60.6,58.5,60.5,1.6,2.7165,2243749,134473674,2150,TWSE,common_stock,true,false,false,false,false,false,false,false,true,
2026-02-24,3017,奇鋐,listed,1535.0,1560.0,1510.0,1550.0,30.0,1.9737,4176128,6414465095,12284,TWSE,common_stock,true,false,false,false,false,false,false,false,true,
2026-02-24,3018,隆銘綠能,listed,13.15,13.7,13.1,13.3,0.0,0.0,26492,358241,120,TWSE,common_stock,true,false,false,false,false,false,false,false,true,
2026-02-24,3019,亞光,listed,150.0,152.0,148.5,151.5,2.0,1.3378,5801302,873845731,5193,TWSE,common_stock,true,false,false,false,false,false,false,false,true,
2026-02-24,3021,鴻名,listed,17.15,17.5,17.15,17.2,0.05,0.2915,137575,2379380,192,TWSE,common_stock,true,false,false,false,false,false,false,false,true,
2026-02-24,3022,威強電,listed,60.4,60.9,59.4,59.8,-0.7,-1.157,889446,53239181,827,TWSE,common_stock,true,false,false,false,false,false,false,false,true,
2026-02-24,3023,信邦,listed,243.0,243.5,236.5,240.5,1.0,0.4175,1893632,453286351,4707,TWSE,common_stock,true,false,false,false,false,false,false,false,true,
2026-02-24,3024,憶聲,listed,10.5,10.75,10.45,10.55,-0.05,-0.4717,743502,7844428,654,TWSE,common_stock,true,false,false,false,false,false,false,false,true,
2026-02-24,3025,星通,listed,55.0,56.6,54.8,56.0,1.0,1.8182,968747,53903224,1129,TWSE,common_stock,true,false,false,false,false,false,false,false,true,
2026-02-24,3026,禾伸堂,listed,114.5,119.5,114.0,118.0,3.5,3.0568,6475987,759325557,6174,TWSE,common_stock,true,false,false,false,false,false,false,false,true,
2026-02-24,3027,盛達,listed,23.55,23.9,23.55,23.6,0.05,0.2123,295151,6997353,343,TWSE,common_stock,true,false,false,false,false,false,false,false,true,
2026-02-24,3028,增你強,listed,48.8,50.3,48.8,49.85,0.3,0.6054,10823822,537575863,7432,TWSE,common_stock,true,false,false,false,false,false,false,false,true,
2026-02-24,3029,零壹,listed,114.5,115.0,112.5,114.5,0.5,0.4386,1476645,168116877,1562,TWSE,common_stock,true,false,false,false,false,false,false,false,true,
2026-02-24,3030,德律,listed,200.0,204.0,196.0,203.0,6.5,3.3079,4962816,994399125,10712,TWSE,common_stock,true,false,false,false,false,false,false,false,true,
2026-02-24,3031,佰鴻,listed,20.2,20.65,20.05,20.3,0.1,0.495,352003,7143685,258,TWSE,common_stock,true,false,false,false,false,false,false,false,true,
2026-02-24,3032,偉訓,listed,72.2,75.8,72.2,75.3,2.3,3.1507,917919,68545190,832,TWSE,common_stock,true,false,false,false,false,false,false,false,true,
2026-02-24,3033,威健,listed,31.85,32.0,31.35,31.9,0.0,0.0,3124446,99185942,1990,TWSE,common_stock,true,false,false,false,false,false,false,false,true,
2026-02-24,3034,聯詠,listed,378.0,385.0,375.5,385.0,7.0,1.8519,3362404,1287934634,4756,TWSE,common_stock,true,false,false,false,false,false,false,false,true,
2026-02-24,3035,智原,listed,165.5,167.5,164.5,166.5,0.0,0.0,2939833,489094728,3623,TWSE,common_stock,true,false,false,false,false,false,false,false,true,
2026-02-24,3036,文曄,listed,177.0,181.0,173.0,180.5,3.0,1.6901,6834086,1224279962,5360,TWSE,common_stock,true,false,false,false,false,false,false,false,true,
2026-02-24,3037,欣興,listed,410.5,446.0,408.0,446.0,40.5,9.9877,85969566,37149068836,77643,TWSE,common_stock,true,false,false,false,false,false,false,false,true,
2026-02-24,3038,全台,listed,22.75,22.9,22.55,22.75,0.0,0.0,440775,10011079,282,TWSE,common_stock,true,false,false,false,false,false,false,false,true,
2026-02-24,3040,遠見,listed,41.25,42.2,41.1,41.4,0.1,0.2421,158498,6577787,150,TWSE,common_stock,true,false,false,false,false,false,false,false,true,
2026-02-24,3041,揚智,listed,25.2,25.75,25.15,25.25,0.2,0.7984,704569,17892022,637,TWSE,common_stock,true,false,false,false,false,false,false,false,true,
2026-02-24,3042,晶技,listed,90.4,91.8,90.4,91.6,1.3,1.4396,2152063,196388623,1894,TWSE,common_stock,true,false,false,false,false,false,false,false,true,
2026-02-24,3043,科風,listed,22.05,22.3,21.8,22.3,0.25,1.1338,60621,1332926,172,TWSE,common_stock,true,false,false,false,false,false,false,false,true,
2026-02-24,3044,健鼎,listed,385.5,392.0,385.5,392.0,6.5,1.6861,2303869,899163822,2555,TWSE,common_stock,true,false,false,false,false,false,false,false,true,
2026-02-24,3045,台灣大,listed,107.5,108.0,107.5,108.0,0.5,0.4651,8055045,867982551,4024,TWSE,common_stock,true,false,false,false,false,false,false,false,true,
2026-02-24,3046,建碁,listed,49.05,49.35,48.5,48.6,-0.35,-0.715,334035,16271136,345,TWSE,common_stock,true,false,false,false,false,false,false,false,true,
2026-02-24,3047,訊舟,listed,18.1,18.3,17.8,17.95,-0.15,-0.8287,1284790,23046568,873,TWSE,common_stock,true,false,false,false,false,false,false,false,true,
2026-02-24,3048,益登,listed,39.45,40.1,39.2,39.85,0.45,1.1421,1788461,71142139,1465,TWSE,common_stock,true,false,false,false,false,false,false,false,true,
2026-02-24,3049,精金,listed,9.58,9.61,9.4,9.54,-0.06,-0.625,4338978,41134966,2039,TWSE,common_stock,true,false,false,false,false,false,false,false,true,
2026-02-24,3050,鈺德,listed,13.3,13.5,13.2,13.5,0.2,1.5038,851989,11401637,542,TWSE,common_stock,true,false,false,false,false,false,false,false,true,
2026-02-24,3051,力特,listed,22.75,23.3,22.75,23.15,0.45,1.9824,636248,14643024,616,TWSE,common_stock,true,false,false,false,false,false,false,false,true,
2026-02-24,3052,夆典,listed,11.65,11.75,11.6,11.65,0.0,0.0,553208,6457770,241,TWSE,common_stock,true,false,false,false,false,false,false,false,true,
2026-02-24,3054,立萬利,listed,31.9,31.9,31.0,31.4,-0.05,-0.159,79460,2497963,77,TWSE,common_stock,true,false,false,false,false,false,false,false,true,
2026-02-24,3055,蔚華科,listed,67.4,68.7,66.6,66.8,-0.7,-1.037,565770,38112945,616,TWSE,common_stock,true,false,false,false,false,false,false,false,true,
2026-02-24,3056,富華新,listed,17.1,17.15,16.95,17.1,0.0,0.0,2469471,39837329,1096,TWSE,common_stock,true,false,false,false,false,false,false,false,true,
2026-02-24,3057,喬鼎,listed,16.6,17.0,16.6,16.7,0.4,2.454,140939,2357921,377,TWSE,common_stock,true,false,false,false,false,false,false,false,true,
2026-02-24,3058,立德,listed,10.35,10.7,10.1,10.1,-0.15,-1.4634,1224015,12628524,550,TWSE,common_stock,true,false,false,false,false,false,false,false,true,
2026-02-24,3059,華晶科,listed,39.75,40.65,39.2,40.4,0.3,0.7481,3998710,160644522,2570,TWSE,common_stock,true,false,false,false,false,false,false,false,true,
2026-02-24,3060,銘異,listed,32.05,34.5,31.8,33.9,1.9,5.9375,6188815,206704488,4250,TWSE,common_stock,true,false,false,false,false,false,false,false,true,
2026-02-24,3062,建漢,listed,26.5,27.2,26.35,26.9,0.15,0.5607,6329754,170428860,3523,TWSE,common_stock,true,false,false,false,false,false,false,false,true,
2026-02-24,3090,日電貿,listed,98.5,102.0,98.0,101.0,2.9,2.9562,8130620,817283974,5700,TWSE,common_stock,true,false,false,false,false,false,false,false,true,
2026-02-24,3092,鴻碩,listed,26.8,27.4,25.7,26.6,1.15,4.5187,3306343,88217776,2038,TWSE,common_stock,true,false,false,false,false,false,false,false,true,
2026-02-24,3094,聯傑,listed,24.85,25.9,24.85,25.6,0.5,1.992,356782,9123176,303,TWSE,common_stock,true,false,false,false,false,false,false,false,true,
2026-02-24,3130,一零四,listed,225.0,225.5,224.5,225.0,1.0,0.4464,33249,7479414,108,TWSE,common_stock,true,false,false,false,false,false,false,false,true,
2026-02-24,3135,凌航,listed,113.0,124.5,111.5,124.5,11.0,9.6916,5315885,643848407,3822,TWSE,common_stock,true,false,false,false,false,false,false,false,true,
2026-02-24,3138,耀登,listed,168.0,183.5,166.0,179.5,9.5,5.5882,7621339,1351161141,11588,TWSE,common_stock,true,false,false,false,false,false,false,false,true,
2026-02-24,3149,正達,listed,52.4,53.3,51.2,52.6,-0.2,-0.3788,6582219,344104738,4879,TWSE,common_stock,true,false,false,false,false,false,false,false,true,
2026-02-24,3150,鈺寶-創,listed,17.85,18.0,17.75,17.75,-0.2,-1.1142,26435,472255,27,TWSE,common_stock,true,false,false,false,false,false,false,false,true,
2026-02-24,3164,景岳,listed,17.95,18.2,17.8,18.15,0.2,1.1142,29372,529822,89,TWSE,common_stock,true,false,false,false,false,false,false,false,true,
2026-02-24,3167,大量,listed,274.5,299.0,274.5,292.0,14.0,5.036,2736914,783746834,3152,TWSE,common_stock,true,false,false,false,false,false,false,false,true,
2026-02-24,3168,眾福科,listed,41.15,41.85,40.15,40.2,-0.95,-2.3086,31070,1263140,32,TWSE,common_stock,true,false,false,false,false,false,false,false,true,
2026-02-24,3189,景碩,listed,302.0,321.0,301.0,321.0,29.0,9.9315,34019528,10609943332,22896,TWSE,common_stock,true,false,false,false,false,false,false,false,true,
2026-02-24,3209,全科,listed,37.25,37.4,36.65,36.85,-0.4,-1.0738,1380699,51025403,1120,TWSE,common_stock,true,false,false,false,false,false,false,false,true,
2026-02-24,3229,晟鈦,listed,21.8,22.0,21.25,21.85,0.05,0.2294,148995,3244068,124,TWSE,common_stock,true,false,false,false,false,false,false,false,true,
2026-02-24,3231,緯創,listed,130.0,131.5,129.0,131.0,1.5,1.1583,26170768,3409728845,18425,TWSE,common_stock,true,false,false,false,false,false,false,false,true,
2026-02-24,3257,虹冠電,listed,61.0,61.7,60.3,60.4,-0.2,-0.33,419923,25519575,496,TWSE,common_stock,true,false,false,false,false,false,false,false,true,
2026-02-24,3266,昇陽,listed,14.15,14.35,14.0,14.15,0.0,0.0,72478,1026010,73,TWSE,common_stock,true,false,false,false,false,false,false,false,true,
2026-02-24,3296,勝德,listed,23.9,24.15,23.65,23.65,-0.3,-1.2526,112503,2684594,156,TWSE,common_stock,true,false,false,false,false,false,false,false,true,
2026-02-24,3305,昇貿,listed,110.0,113.0,109.5,112.5,1.5,1.3514,3244112,362789624,2937,TWSE,common_stock,true,false,false,false,false,false,false,false,true,
2026-02-24,3308,聯德,listed,21.5,23.4,21.5,23.4,2.1,9.8592,412039,9484992,370,TWSE,common_stock,true,false,false,false,false,false,false,false,true,
2026-02-24,3311,閎暉,listed,31.8,32.4,31.75,32.1,0.4,1.2618,277729,8893501,245,TWSE,common_stock,true,false,false,false,false,false,false,false,true,
2026-02-24,3312,弘憶股,listed,38.25,38.45,38.0,38.15,0.2,0.527,418766,15980504,761,TWSE,common_stock,true,false,false,false,false,false,false,false,true,
2026-02-24,3321,同泰,listed,18.75,19.2,18.75,19.1,0.3,1.5957,703451,13368418,533,TWSE,common_stock,true,false,false,false,false,false,false,false,true,
2026-02-24,3338,泰碩,listed,52.6,54.8,52.6,54.2,0.9,1.6886,836139,45082353,766,TWSE,common_stock,true,false,false,false,false,false,false,false,true,
2026-02-24,3346,麗清,listed,21.25,21.7,21.1,21.1,-0.15,-0.7059,234361,4995254,249,TWSE,common_stock,true,false,false,false,false,false,false,false,true,
2026-02-24,3356,奇偶,listed,46.65,47.25,46.65,47.15,0.45,0.9636,237938,11191477,374,TWSE,common_stock,true,false,false,false,false,false,false,false,true,
2026-02-24,3376,新日興,listed,201.0,203.0,198.5,201.5,1.5,0.75,2848947,570332319,3711,TWSE,common_stock,true,false,false,false,false,false,false,false,true,
2026-02-24,3380,明泰,listed,32.35,33.35,32.3,33.0,0.7,2.1672,3156938,104065170,2271,TWSE,common_stock,true,false,false,false,false,false,false,false,true,
2026-02-24,3406,玉晶光,listed,438.0,439.0,434.0,438.5,2.5,0.5734,556944,243442283,889,TWSE,common_stock,true,false,false,false,false,false,false,false,true,
2026-02-24,3413,京鼎,listed,312.5,312.5,307.0,310.5,-2.0,-0.64,2159757,668203036,2960,TWSE,common_stock,true,false,false,false,false,false,false,false,true,
2026-02-24,3416,融程電,listed,145.0,146.5,144.5,145.0,0.0,0.0,198845,28890003,231,TWSE,common_stock,true,false,false,false,false,false,false,false,true,
2026-02-24,3419,譁裕,listed,15.5,15.6,15.25,15.6,0.1,0.6452,854455,13177356,307,TWSE,common_stock,true,false,false,false,false,false,false,false,true,
2026-02-24,3432,台端,listed,17.85,17.85,17.25,17.6,-0.25,-1.4006,104185,1825622,86,TWSE,common_stock,true,false,false,false,false,false,false,false,true,
2026-02-24,3437,榮創,listed,15.9,16.6,15.6,15.85,-0.05,-0.3145,1249847,20019224,875,TWSE,common_stock,true,false,false,false,false,false,false,false,true,
2026-02-24,3443,創意,listed,2385.0,2515.0,2360.0,2500.0,130.0,5.4852,2407115,5916265275,7408,TWSE,common_stock,true,false,false,false,false,false,false,false,true,
2026-02-24,3447,展達,listed,41.35,42.8,41.05,41.4,0.05,0.1209,251575,10439695,249,TWSE,common_stock,true,false,false,false,false,false,false,false,true,
2026-02-24,3450,聯鈞,listed,268.0,284.0,265.0,280.0,16.5,6.2619,29640339,8241012797,33002,TWSE,common_stock,true,false,false,false,false,false,false,false,true,
2026-02-24,3454,晶睿,listed,99.6,99.7,99.3,99.4,0.0,0.0,443268,44077151,796,TWSE,common_stock,true,false,false,false,false,false,false,false,true,
2026-02-24,3481,群創,listed,23.6,24.85,22.9,24.85,1.5,6.424,531318022,12660361185,146734,TWSE,common_stock,true,false,false,false,false,false,false,false,true,
2026-02-24,3494,誠研,listed,8.53,8.54,8.28,8.47,-0.06,-0.7034,355821,2986324,233,TWSE,common_stock,true,false,false,false,false,false,false,false,true,
2026-02-24,3501,維熹,listed,51.6,52.3,51.3,51.6,0.0,0.0,233394,12071379,235,TWSE,common_stock,true,false,false,false,false,false,false,false,true,
2026-02-24,3504,揚明光,listed,55.8,60.7,55.5,60.7,5.5,9.9638,1972986,117141755,1494,TWSE,common_stock,true,false,false,false,false,false,false,false,true,
2026-02-24,3515,華擎,listed,222.5,224.5,220.0,222.5,1.5,0.6787,329326,73106469,507,TWSE,common_stock,true,false,false,false,false,false,false,false,true,
2026-02-24,3518,柏騰,listed,21.5,21.7,21.0,21.2,-0.15,-0.7026,286589,6101521,231,TWSE,common_stock,true,false,false,false,false,false,false,false,true,
2026-02-24,3528,安馳,listed,72.1,72.9,71.1,72.7,0.7,0.9722,349791,25187424,736,TWSE,common_stock,true,false,false,false,false,false,false,false,true,
2026-02-24,3530,晶相光,listed,61.2,63.1,61.2,61.7,0.5,0.817,223502,13899049,267,TWSE,common_stock,true,false,false,false,false,false,false,false,true,
2026-02-24,3532,台勝科,listed,141.5,143.5,138.0,139.0,-4.5,-3.1359,5465609,767162610,4924,TWSE,common_stock,true,false,false,false,false,false,false,false,true,
2026-02-24,3533,嘉澤,listed,1635.0,1660.0,1610.0,1635.0,10.0,0.6154,830246,1354971940,2168,TWSE,common_stock,true,false,false,false,false,false,false,false,true,
2026-02-24,3535,晶彩科,listed,102.5,105.5,102.5,105.5,1.0,0.9569,2689387,280529386,2174,TWSE,common_stock,true,false,false,false,false,false,false,false,true,
2026-02-24,3543,州巧,listed,46.7,50.6,46.4,50.1,3.4,7.2805,5758598,284183455,3794,TWSE,common_stock,true,false,false,false,false,false,false,false,true,
2026-02-24,3545,敦泰,listed,52.3,53.8,51.7,51.8,-0.2,-0.3846,1315805,68969258,1609,TWSE,common_stock,true,false,false,false,false,false,false,false,true,
2026-02-24,3550,聯穎,listed,18.75,19.8,18.5,19.15,0.2,1.0554,3931271,75626302,2541,TWSE,common_stock,true,false,false,false,false,false,false,false,true,
2026-02-24,3557,嘉威,listed,35.15,35.15,34.6,34.75,-0.2,-0.5722,71375,2482567,104,TWSE,common_stock,true,false,false,false,false,false,false,false,true,
2026-02-24,3563,牧德,listed,511.0,511.0,495.0,506.0,2.0,0.3968,734133,368686541,1425,TWSE,common_stock,true,false,false,false,false,false,false,false,true,
2026-02-24,3576,聯合再生,listed,17.45,18.3,17.0,18.3,1.65,9.9099,40959761,741764858,9611,TWSE,common_stock,true,false,false,false,false,false,false,false,true,
2026-02-24,3583,辛耘,listed,348.0,368.0,339.5,359.0,13.5,3.9074,3382637,1213734866,4617,TWSE,common_stock,true,false,false,false,false,false,false,false,true,
2026-02-24,3588,通嘉,listed,52.5,54.5,52.5,53.4,1.1,2.1033,334554,17932263,651,TWSE,common_stock,true,false,false,false,false,false,false,false,true,
2026-02-24,3591,艾笛森,listed,19.65,19.8,19.3,19.45,-0.1,-0.5115,264240,5146425,299,TWSE,common_stock,true,false,false,false,false,false,false,false,true,
2026-02-24,3592,瑞鼎,listed,228.5,236.5,228.0,233.5,6.0,2.6374,558558,130459069,840,TWSE,common_stock,true,false,false,false,false,false,false,false,true,
2026-02-24,3593,力銘,listed,11.2,12.0,11.2,12.0,0.05,0.4184,23406,279963,213,TWSE,common_stock,true,false,false,false,false,false,false,false,true,
2026-02-24,3596,智易,listed,189.0,190.5,186.5,189.0,0.0,0.0,1608921,303481208,2556,TWSE,common_stock,true,false,false,false,false,false,false,false,true,
2026-02-24,3605,宏致,listed,63.8,66.3,63.6,66.3,2.3,3.5937,2369295,154945899,1888,TWSE,common_stock,true,false,false,false,false,false,false,false,true,
2026-02-24,3607,谷崧,listed,13.95,14.05,13.8,13.85,0.1,0.7273,237695,3306675,280,TWSE,common_stock,true,false,false,false,false,false,false,false,true,
2026-02-24,3617,碩天,listed,195.0,196.0,194.0,195.5,0.0,0.0,193907,37841663,1009,TWSE,common_stock,true,false,false,false,false,false,false,false,true,
2026-02-24,3622,洋華,listed,59.1,60.0,59.0,59.7,0.5,0.8446,230627,13748877,288,TWSE,common_stock,true,false,false,false,false,false,false,false,true,
2026-02-24,3645,達邁,listed,57.8,61.0,57.2,59.8,2.6,4.5455,3488811,207609635,2781,TWSE,common_stock,true,false,false,false,false,false,false,false,true,
2026-02-24,3652,精聯,listed,28.4,28.75,28.0,28.45,-0.25,-0.8711,53620,1521905,57,TWSE,common_stock,true,false,false,false,false,false,false,false,true,
2026-02-24,3653,健策,listed,3125.0,3125.0,2910.0,2940.0,-140.0,-4.5455,2150844,6408301775,14513,TWSE,common_stock,true,false,false,false,false,false,false,false,true,
2026-02-24,3661,世芯-KY,listed,3360.0,3495.0,3340.0,3430.0,100.0,3.003,2196705,7565886610,11062,TWSE,common_stock,true,false,false,false,false,false,false,false,true,
2026-02-24,3665,貿聯-KY,listed,1290.0,1315.0,1285.0,1295.0,5.0,0.3876,3935045,5099279625,6782,TWSE,common_stock,true,false,false,false,false,false,false,false,true,
2026-02-24,3669,圓展,listed,33.45,33.9,33.2,33.45,0.0,0.0,78367,2621490,94,TWSE,common_stock,true,false,false,false,false,false,false,false,true,
2026-02-24,3673,TPK-KY,listed,40.4,42.25,40.1,42.1,1.7,4.2079,3532929,146868570,2073,TWSE,common_stock,true,false,false,false,false,false,false,false,true,
2026-02-24,3679,新至陞,listed,117.0,120.0,117.0,119.0,0.5,0.4219,95089,11226709,242,TWSE,common_stock,true,false,false,false,false,false,false,false,true,
2026-02-24,3686,達能,listed,19.25,20.5,19.25,19.7,0.2,1.0256,663452,13204642,585,TWSE,common_stock,true,false,false,false,false,false,false,false,true,
2026-02-24,3694,海華,listed,61.9,62.0,61.2,61.6,-0.3,-0.4847,1017707,62655867,1160,TWSE,common_stock,true,false,false,false,false,false,false,false,true,
2026-02-24,3701,大眾控,listed,52.5,57.0,52.5,57.0,5.1,9.8266,9337114,522188511,6302,TWSE,common_stock,true,false,false,false,false,false,false,false,true,
2026-02-24,3702,大聯大,listed,65.2,66.9,65.0,66.6,1.4,2.1472,8979737,594438020,6044,TWSE,common_stock,true,false,false,false,false,false,false,false,true,
2026-02-24,3703,欣陸,listed,22.6,22.8,22.35,22.4,-0.2,-0.885,1468499,32992721,877,TWSE,common_stock,true,false,false,false,false,false,false,false,true,
2026-02-24,3704,合勤控,listed,33.6,33.75,33.0,33.5,-0.1,-0.2976,2974814,99339464,2112,TWSE,common_stock,true,false,false,false,false,false,false,false,true,
2026-02-24,3705,永信,listed,55.5,55.7,55.0,55.4,0.0,0.0,434520,24033519,369,TWSE,common_stock,true,false,false,false,false,false,false,false,true,
2026-02-24,3706,神達,listed,80.9,81.1,80.1,80.6,0.7,0.8761,10088150,813631911,8746,TWSE,common_stock,true,false,false,false,false,false,false,false,true,
2026-02-24,3708,上緯投控,listed,113.0,122.5,113.0,119.0,6.0,5.3097,2019043,236643565,2116,TWSE,common_stock,true,false,false,false,false,false,false,false,true,
2026-02-24,3711,日月光投控,listed,360.0,383.0,358.5,381.5,32.5,9.3123,34632289,12927642109,25764,TWSE,common_stock,true,false,false,false,false,false,false,false,true,
2026-02-24,3712,永崴投控,listed,25.15,25.7,25.0,25.0,-0.3,-1.1858,657365,16599564,1027,TWSE,common_stock,true,false,false,false,false,false,false,false,true,
2026-02-24,3714,富采,listed,37.2,38.4,37.2,38.4,1.4,3.7838,9259405,353235260,5036,TWSE,common_stock,true,false,false,false,false,false,false,false,true,
2026-02-24,3715,定穎投控,listed,141.0,145.5,140.5,145.0,4.5,3.2028,24415082,3514772675,18428,TWSE,common_stock,true,false,false,false,false,false,false,false,true,
2026-02-24,3716,中化控股,listed,34.05,34.2,33.95,34.15,-0.05,-0.1462,83884,2858109,171,TWSE,common_stock,true,false,false,false,false,false,false,false,true,
2026-02-24,3717,聯嘉投控,listed,17.8,17.95,17.6,17.6,0.05,0.2849,361947,6430295,286,TWSE,common_stock,true,false,false,false,false,false,false,false,true,
2026-02-24,4104,佳醫,listed,78.3,78.9,78.3,78.9,0.4,0.5096,224934,17701113,1457,TWSE,common_stock,true,false,false,false,false,false,false,false,true,
2026-02-24,4106,雃博,listed,23.2,23.2,22.85,22.85,-0.3,-1.2959,97786,2247706,299,TWSE,common_stock,true,false,false,false,false,false,false,false,true,
2026-02-24,4108,懷特,listed,14.55,14.6,14.35,14.4,-0.15,-1.0309,161359,2332877,304,TWSE,common_stock,true,false,false,false,false,false,false,false,true,
2026-02-24,4119,旭富,listed,52.8,53.8,52.8,53.7,0.9,1.7045,174411,9325777,210,TWSE,common_stock,true,false,false,false,false,false,false,false,true,
2026-02-24,4133,亞諾法,listed,25.55,25.9,25.35,25.4,-0.05,-0.1965,221622,5672920,385,TWSE,common_stock,true,false,false,false,false,false,false,false,true,
2026-02-24,4137,麗豐-KY,listed,109.0,110.0,108.0,109.5,0.0,0.0,180197,19658649,240,TWSE,common_stock,true,false,false,false,false,false,false,false,true,
2026-02-24,4142,國光生,listed,18.0,18.2,17.8,17.95,-0.1,-0.554,2091509,37484828,1229,TWSE,common_stock,true,false,false,false,false,false,false,false,true,
2026-02-24,4148,全宇生技-KY,listed,37.0,37.4,36.6,36.6,-0.4,-1.0811,15927,586700,26,TWSE,common_stock,true,false,false,false,false,false,false,false,true,
2026-02-24,4155,訊映,listed,14.45,14.45,14.2,14.3,-0.05,-0.3484,221994,3171541,287,TWSE,common_stock,true,false,false,false,false,false,false,false,true,
2026-02-24,4164,承業醫,listed,33.65,34.1,33.4,33.45,-0.15,-0.4464,594797,20007542,672,TWSE,common_stock,true,false,false,false,false,false,false,false,true,
2026-02-24,4190,佐登-KY,listed,29.35,29.4,29.1,29.15,-0.2,-0.6814,35697,1043111,343,TWSE,common_stock,true,false,false,false,false,false,false,false,true,
2026-02-24,4306,炎洲,listed,13.6,13.85,13.55,13.75,0.15,1.1029,1212109,16561654,711,TWSE,common_stock,true,false,false,false,false,false,false,false,true,
2026-02-24,4414,如興,listed,10.4,10.45,10.2,10.35,0.1,0.9756,324063,3361062,282,TWSE,common_stock,true,false,false,false,false,false,false,false,true,
2026-02-24,4426,利勤,listed,9.32,9.54,9.32,9.48,-0.03,-0.3155,150019,1419105,97,TWSE,common_stock,true,false,false,false,false,false,false,false,true,
2026-02-24,4438,廣越,listed,69.4,70.0,68.5,68.8,-0.6,-0.8646,83767,5797859,138,TWSE,common_stock,true,false,false,false,false,false,false,false,true,
2026-02-24,4439,冠星-KY,listed,103.5,103.5,102.5,102.5,-0.5,-0.4854,18059,1863559,22,TWSE,common_stock,true,false,false,false,false,false,false,false,true,
2026-02-24,4440,宜新實業,listed,17.5,17.5,17.35,17.35,0.0,0.0,73000,1269200,44,TWSE,common_stock,true,false,false,false,false,false,false,false,true,
2026-02-24,4441,振大環球,listed,252.0,252.0,247.0,249.0,-3.0,-1.1905,61444,15298621,175,TWSE,common_stock,true,false,false,false,false,false,false,false,true,
2026-02-24,4526,東台,listed,35.8,37.35,35.8,36.65,0.85,2.3743,10047480,367729191,5872,TWSE,common_stock,true,false,false,false,false,false,false,false,true,
2026-02-24,4532,瑞智,listed,25.95,26.2,25.85,26.05,0.0,0.0,721065,18741995,602,TWSE,common_stock,true,false,false,false,false,false,false,false,true,
2026-02-24,4536,拓凱,listed,169.0,169.0,165.0,166.5,-1.5,-0.8929,470376,78258483,526,TWSE,common_stock,true,false,false,false,false,false,false,false,true,
2026-02-24,4540,全球傳動,listed,51.2,53.0,50.3,52.4,1.0,1.9455,9722302,502538874,8497,TWSE,common_stock,true,false,false,false,false,false,false,false,true,
2026-02-24,4545,銘鈺,listed,35.0,36.25,35.0,35.85,0.55,1.5581,300982,10783415,291,TWSE,common_stock,true,false,false,false,false,false,false,false,true,
2026-02-24,4551,智伸科,listed,124.5,126.5,123.5,124.0,-1.0,-0.8,224279,27951073,339,TWSE,common_stock,true,false,false,false,false,false,false,false,true,
2026-02-24,4552,力達-KY,listed,23.8,23.85,23.55,23.7,-0.1,-0.4202,89531,2120397,95,TWSE,common_stock,true,false,false,false,false,false,false,false,true,
2026-02-24,4555,氣立,listed,38.35,39.0,38.3,38.35,-0.45,-1.1598,120091,4623987,285,TWSE,common_stock,true,false,false,false,false,false,false,false,true,
2026-02-24,4557,永新-KY,listed,67.7,68.5,67.7,68.1,-0.1,-0.1466,88762,6051801,177,TWSE,common_stock,true,false,false,false,false,false,false,false,true,
2026-02-24,4560,強信-KY,listed,33.0,33.2,32.85,33.2,0.0,0.0,159001,5245831,66,TWSE,common_stock,true,false,false,false,false,false,false,false,true,
2026-02-24,4562,穎漢,listed,37.5,38.2,37.4,37.95,0.05,0.1319,445798,16848368,427,TWSE,common_stock,true,false,false,false,false,false,false,false,true,
2026-02-24,4564,元翎,listed,18.05,19.35,18.05,19.15,1.1,6.0942,4033189,75655721,2199,TWSE,common_stock,true,false,false,false,false,false,false,false,true,
2026-02-24,4566,時碩工業,listed,60.8,61.4,60.2,60.5,-0.3,-0.4934,470043,28506923,483,TWSE,common_stock,true,false,false,false,false,false,false,false,true,
2026-02-24,4569,六方科-KY,listed,150.0,150.0,148.0,150.0,0.0,0.0,16343,2432845,27,TWSE,common_stock,true,false,false,false,false,false,false,false,true,
2026-02-24,4571,鈞興-KY,listed,176.0,177.5,175.5,177.0,0.5,0.2833,294737,52085664,475,TWSE,common_stock,true,false,false,false,false,false,false,false,true,
2026-02-24,4572,駐龍,listed,148.5,150.0,148.0,149.5,0.5,0.3356,66788,9991654,86,TWSE,common_stock,true,false,false,false,false,false,false,false,true,
2026-02-24,4576,大銀微系統,listed,116.0,119.0,115.0,118.0,2.0,1.7241,550626,64603734,705,TWSE,common_stock,true,false,false,false,false,false,false,false,true,
2026-02-24,4581,光隆精密-KY,listed,51.4,51.5,50.9,50.9,-0.2,-0.3914,9035,463406,7,TWSE,common_stock,true,false,false,false,false,false,false,false,true,
2026-02-24,4583,台灣精銳,listed,700.0,709.0,697.0,704.0,2.0,0.2849,145410,102219363,485,TWSE,common_stock,true,false,false,false,false,false,false,false,true,
2026-02-24,4585,達明,listed,345.5,350.0,344.0,345.5,1.0,0.2903,320298,111008388,867,TWSE,common_stock,true,false,false,false,false,false,false,false,true,
2026-02-24,4588,玖鼎電力,listed,66.8,66.8,65.7,65.8,-0.5,-0.7541,59591,3939692,65,TWSE,common_stock,true,false,false,false,false,false,false,false,true,
2026-02-24,4590,富田-創,listed,78.5,78.5,77.1,77.7,-0.8,-1.0191,207251,16083630,324,TWSE,common_stock,true,false,false,false,false,false,false,false,true,
2026-02-24,4720,德淵,listed,16.3,16.9,16.3,16.75,0.45,2.7607,852334,14215687,439,TWSE,common_stock,true,false,false,false,false,false,false,false,true,
2026-02-24,4722,國精化,listed,178.0,192.0,177.5,188.5,9.0,5.0139,5228934,973033507,8365,TWSE,common_stock,true,false,false,false,false,false,false,false,true,
2026-02-24,4736,泰博,listed,123.0,123.0,121.0,121.5,-2.0,-1.6194,699152,85223512,792,TWSE,common_stock,true,false,false,false,false,false,false,false,true,
2026-02-24,4737,華廣,listed,54.3,55.2,54.0,55.0,0.6,1.1029,252927,13798769,238,TWSE,common_stock,true,false,false,false,false,false,false,false,true,
2026-02-24,4739,康普,listed,71.3,74.4,71.3,74.1,3.0,4.2194,1844609,135644408,1802,TWSE,common_stock,true,false,false,false,false,false,false,false,true,
2026-02-24,4746,台耀,listed,57.9,58.8,56.6,56.8,-1.1,-1.8998,706559,40423558,1019,TWSE,common_stock,true,false,false,false,false,false,false,false,true,
2026-02-24,4755,三福化,listed,132.5,143.0,132.0,141.5,7.0,5.2045,1438682,200663627,3061,TWSE,common_stock,true,false,false,false,false,false,false,false,true,
2026-02-24,4763,材料*-KY,listed,48.6,48.9,48.1,48.15,-0.45,-0.9259,6582929,318410287,4948,TWSE,common_stock,true,false,false,false,false,false,false,false,true,
2026-02-24,4764,雙鍵,listed,119.0,123.5,119.0,123.5,11.0,9.7778,1404659,171765374,802,TWSE,common_stock,true,false,false,false,false,false,false,false,true,
2026-02-24,4766,南寶,listed,323.5,328.0,322.5,324.5,2.5,0.7764,329156,106854794,1526,TWSE,common_stock,true,false,false,false,false,false,false,false,true,
2026-02-24,4770,上品,listed,244.5,249.0,244.0,246.0,1.5,0.6135,353753,87132274,531,TWSE,common_stock,true,false,false,false,false,false,false,false,true,
2026-02-24,4771,望隼,listed,181.5,182.5,178.5,180.0,0.0,0.0,96973,17428196,130,TWSE,common_stock,true,false,false,false,false,false,false,false,true,
2026-02-24,4807,日成-KY,listed,17.8,17.9,17.55,17.9,0.1,0.5618,51294,907483,248,TWSE,common_stock,true,false,false,false,false,false,false,false,true,
2026-02-24,4904,遠傳,listed,94.8,95.6,94.1,95.6,0.8,0.8439,9232804,878282233,5333,TWSE,common_stock,true,false,false,false,false,false,false,false,true,
2026-02-24,4906,正文,listed,27.1,28.0,26.85,27.15,0.05,0.1845,3891734,106279110,2318,TWSE,common_stock,true,false,false,false,false,false,false,false,true,
2026-02-24,4912,聯德控股-KY,listed,96.7,102.5,96.7,100.0,3.5,3.6269,1807327,181525762,2122,TWSE,common_stock,true,false,false,false,false,false,false,false,true,
2026-02-24,4915,致伸,listed,81.7,84.0,81.7,84.0,2.4,2.9412,3454255,285904198,2275,TWSE,common_stock,true,false,false,false,false,false,false,false,true,
2026-02-24,4916,事欣科,listed,64.1,65.2,63.0,64.7,1.0,1.5699,5972004,384385915,5457,TWSE,common_stock,true,false,false,false,false,false,false,false,true,
2026-02-24,4919,新唐,listed,68.2,72.9,68.2,72.9,6.6,9.9548,13065389,942371848,7342,TWSE,common_stock,true,false,false,false,false,false,false,false,true,
2026-02-24,4927,泰鼎-KY,listed,38.0,40.25,37.1,40.25,3.65,9.9727,25270281,997535161,11646,TWSE,common_stock,true,false,false,false,false,false,false,false,true,
2026-02-24,4930,燦星網,listed,21.95,22.1,21.85,21.9,-0.25,-1.1287,32644,717142,158,TWSE,common_stock,true,false,false,false,false,false,false,false,true,
2026-02-24,4934,太極,listed,17.4,19.15,17.3,18.2,0.5,2.8249,5469677,101076640,2581,TWSE,common_stock,true,false,false,false,false,false,false,false,true,
2026-02-24,4935,茂林-KY,listed,39.45,40.1,39.0,39.7,0.15,0.3793,122331,4849290,97,TWSE,common_stock,true,false,false,false,false,false,false,false,true,
2026-02-24,4938,和碩,listed,70.9,71.9,70.9,71.9,1.0,1.4104,10074607,721402288,5717,TWSE,common_stock,true,false,false,false,false,false,false,false,true,
2026-02-24,4942,嘉彰,listed,38.2,38.45,37.95,38.3,0.35,0.9223,79730,3051310,65,TWSE,common_stock,true,false,false,false,false,false,false,false,true,
2026-02-24,4943,康控-KY,listed,11.9,11.9,11.1,11.3,-0.5,-4.2373,41227,474410,61,TWSE,common_stock,true,false,false,false,false,false,false,false,true,
2026-02-24,4949,有成精密,listed,46.8,50.9,46.6,49.25,2.65,5.6867,2783170,137338936,2543,TWSE,common_stock,true,false,false,false,false,false,false,false,true,
2026-02-24,4952,凌通,listed,41.95,45.75,41.75,44.15,2.4,5.7485,4229832,187339882,3113,TWSE,common_stock,true,false,false,false,false,false,false,false,true,
2026-02-24,4956,光鋐,listed,28.7,28.85,27.05,27.15,0.55,2.0677,6596419,183219458,4457,TWSE,common_stock,true,false,false,false,false,false,false,false,true,
2026-02-24,4958,臻鼎-KY,listed,200.5,214.0,200.0,211.5,16.0,8.1841,42932499,8979189517,36204,TWSE,common_stock,true,false,false,false,false,false,false,false,true,
2026-02-24,4960,誠美材,listed,14.0,14.35,14.0,14.3,0.2,1.4184,3548328,50405304,1548,TWSE,common_stock,true,false,false,false,false,false,false,false,true,
2026-02-24,4961,天鈺,listed,146.0,154.0,146.0,152.5,6.5,4.4521,1266594,192182580,1383,TWSE,common_stock,true,false,false,false,false,false,false,false,true,
2026-02-24,4967,十銓,listed,209.0,214.0,206.0,214.0,6.0,2.8846,5518091,1158929357,7160,TWSE,common_stock,true,false,false,false,false,false,false,false,true,
2026-02-24,4968,立積,listed,121.5,124.0,121.5,123.0,0.5,0.4082,789939,97148491,799,TWSE,common_stock,true,false,false,false,false,false,false,false,true,
2026-02-24,4976,佳凌,listed,32.0,32.0,31.5,31.9,0.1,0.3145,706539,22439200,607,TWSE,common_stock,true,false,false,false,false,false,false,false,true,
2026-02-24,4977,眾達-KY,listed,135.5,143.5,135.0,143.5,13.0,9.9617,11076902,1571317039,7529,TWSE,common_stock,true,false,false,false,false,false,false,false,true,
2026-02-24,4989,榮科,listed,58.0,60.7,57.8,60.7,5.5,9.9638,19310730,1159127064,8990,TWSE,common_stock,true,false,false,false,false,false,false,false,true,
2026-02-24,4994,傳奇,listed,104.0,105.0,102.0,102.0,-1.0,-0.9709,20827,2168870,26,TWSE,common_stock,true,false,false,false,false,false,false,false,true,
2026-02-24,4999,鑫禾,listed,23.4,23.5,23.15,23.2,-0.2,-0.8547,68774,1600656,239,TWSE,common_stock,true,false,false,false,false,false,false,false,true,
2026-02-24,5007,三星,listed,61.6,62.0,61.4,61.5,0.3,0.4902,154052,9510551,124,TWSE,common_stock,true,false,false,false,false,false,false,false,true,
2026-02-24,5203,訊連,listed,76.0,76.9,75.4,76.6,0.2,0.2618,448509,34108983,510,TWSE,common_stock,true,false,false,false,false,false,false,false,true,
2026-02-24,5215,科嘉-KY,listed,38.8,40.0,38.7,39.65,0.4,1.0191,109371,4319275,95,TWSE,common_stock,true,false,false,false,false,false,false,false,true,
2026-02-24,5222,全訊,listed,139.0,145.0,138.5,143.0,3.5,2.509,1035781,146904609,1593,TWSE,common_stock,true,false,false,false,false,false,false,false,true,
2026-02-24,5225,東科-KY,listed,102.5,102.5,99.3,100.5,-3.0,-2.8986,2033395,203857370,1735,TWSE,common_stock,true,false,false,false,false,false,false,false,true,
2026-02-24,5234,達興材料,listed,405.5,443.5,405.5,441.0,31.5,7.6923,2437712,1053296264,3792,TWSE,common_stock,true,false,false,false,false,false,false,false,true,
2026-02-24,5243,乙盛-KY,listed,84.0,87.7,83.5,86.9,2.9,3.4524,3035694,262155581,2550,TWSE,common_stock,true,false,false,false,false,false,false,false,true,
2026-02-24,5244,弘凱,listed,39.1,40.6,39.1,39.1,1.05,2.7595,487383,19367770,379,TWSE,common_stock,true,false,false,false,false,false,false,false,true,
2026-02-24,5258,虹堡,listed,52.6,53.3,51.9,52.6,0.0,0.0,362923,19034318,486,TWSE,common_stock,true,false,false,false,false,false,false,false,true,
2026-02-24,5269,祥碩,listed,1215.0,1275.0,1215.0,1265.0,60.0,4.9793,1119780,1400834355,3318,TWSE,common_stock,true,false,false,false,false,false,false,false,true,
2026-02-24,5283,禾聯碩,listed,61.3,61.3,59.8,60.2,-0.1,-0.1658,107270,6462821,435,TWSE,common_stock,true,false,false,false,false,false,false,false,true,
2026-02-24,5284,jpp-KY,listed,261.5,270.0,260.0,269.0,8.5,3.263,669263,178716337,3843,TWSE,common_stock,true,false,false,false,false,false,false,false,true,
2026-02-24,5285,界霖,listed,51.6,52.3,50.7,51.1,-0.1,-0.1953,149952,7684592,195,TWSE,common_stock,true,false,false,false,false,false,false,false,true,
2026-02-24,5288,豐祥-KY,listed,146.5,147.5,144.5,146.0,-1.5,-1.0169,142039,20706766,196,TWSE,common_stock,true,false,false,false,false,false,false,false,true,
2026-02-24,5292,華懋,listed,184.5,184.5,180.0,180.5,-4.0,-2.168,176385,32079709,1467,TWSE,common_stock,true,false,false,false,false,false,false,false,true,
2026-02-24,5306,桂盟,listed,93.6,94.6,93.5,94.4,0.9,0.9626,90405,8531958,567,TWSE,common_stock,true,false,false,false,false,false,false,false,true,
2026-02-24,5388,中磊,listed,84.3,84.5,82.9,83.4,-0.4,-0.4773,3158420,264106562,2946,TWSE,common_stock,true,false,false,false,false,false,false,false,true,
2026-02-24,5434,崇越,listed,335.5,346.0,333.0,344.5,8.5,2.5298,998604,341817851,1542,TWSE,common_stock,true,false,false,false,false,false,false,false,true,
2026-02-24,5469,瀚宇博,listed,98.6,102.0,97.9,101.5,2.9,2.9412,5855234,588616291,4348,TWSE,common_stock,true,false,false,false,false,false,false,false,true,
2026-02-24,5471,松翰,listed,41.15,43.5,40.95,42.75,1.6,3.8882,2879915,123476476,2379,TWSE,common_stock,true,false,false,false,false,false,false,false,true,
2026-02-24,5484,慧友,listed,39.5,39.5,38.5,38.9,0.1,0.2577,306422,11862887,338,TWSE,common_stock,true,false,false,false,false,false,false,false,true,
2026-02-24,5515,建國,listed,33.6,33.8,33.15,33.65,0.1,0.2981,483980,16180493,351,TWSE,common_stock,true,false,false,false,false,false,false,false,true,
2026-02-24,5519,隆大,listed,31.3,31.85,31.2,31.8,0.55,1.76,570236,17969988,434,TWSE,common_stock,true,false,false,false,false,false,false,false,true,
2026-02-24,5521,工信,listed,24.05,24.65,22.4,23.75,1.2,5.3215,17778943,420305218,6792,TWSE,common_stock,true,false,false,false,false,false,false,false,true,
2026-02-24,5522,遠雄,listed,68.1,68.6,67.1,67.1,-0.9,-1.3235,753853,50852807,985,TWSE,common_stock,true,false,false,false,false,false,false,false,true,
2026-02-24,5525,順天,listed,26.75,26.75,26.25,26.35,-0.25,-0.9398,65302,1725800,55,TWSE,common_stock,true,false,false,false,false,false,false,false,true,
2026-02-24,5531,鄉林,listed,9.01,9.09,8.99,9.04,0.0,0.0,393977,3555958,218,TWSE,common_stock,true,false,false,false,false,false,false,false,true,
2026-02-24,5533,皇鼎,listed,14.45,14.5,14.35,14.4,0.1,0.6993,191224,2752294,86,TWSE,common_stock,true,false,false,false,false,false,false,false,true,
2026-02-24,5534,長虹,listed,77.6,78.3,76.7,77.0,-0.4,-0.5168,740958,57209768,1122,TWSE,common_stock,true,false,false,false,false,false,false,false,true,
2026-02-24,5538,東明-KY,listed,31.7,32.7,31.65,32.45,0.0,0.0,58040,1873296,47,TWSE,common_stock,true,false,false,false,false,false,false,false,true,
2026-02-24,5546,永固-KY,listed,22.7,22.9,22.35,22.6,-0.05,-0.2208,29209,660267,17,TWSE,common_stock,true,false,false,false,false,false,false,false,true,
2026-02-24,5607,遠雄港,listed,52.2,53.2,51.9,52.2,0.0,0.0,1305577,68601672,1132,TWSE,common_stock,true,false,false,false,false,false,false,false,true,
2026-02-24,5608,四維航,listed,17.7,17.9,17.5,17.6,-0.05,-0.2833,1838968,32489393,1060,TWSE,common_stock,true,false,false,false,false,false,false,false,true,
2026-02-24,5706,鳳凰,listed,50.9,50.9,50.1,50.7,0.2,0.396,474113,23907008,418,TWSE,common_stock,true,false,false,false,false,false,false,false,true,
2026-02-24,5871,中租-KY,listed,109.5,109.5,106.0,106.5,-2.5,-2.2936,5895271,631097813,5781,TWSE,common_stock,true,false,false,false,false,false,false,false,true,
2026-02-24,5871A,中租-KY甲特,listed,100.5,101.0,100.5,101.0,0.5,0.4975,27743,2796165,44,TWSE,warrant,false,false,true,false,false,false,false,false,false,security_type=warrant;symbol_not_4_digit
2026-02-24,5876,上海商銀,listed,40.45,40.6,40.15,40.25,-0.4,-0.984,8160706,328690952,4085,TWSE,common_stock,true,false,false,false,false,false,false,false,true,
2026-02-24,5880,合庫金,listed,24.2,24.25,24.0,24.05,-0.2,-0.8247,22161281,533697885,8022,TWSE,common_stock,true,false,false,false,false,false,false,false,true,
2026-02-24,5906,台南-KY,listed,53.0,53.0,51.6,52.2,-0.2,-0.3817,9010,475220,10,TWSE,common_stock,true,false,false,false,false,false,false,false,true,
2026-02-24,5907,大洋-KY,listed,5.99,6.15,5.91,5.93,-0.05,-0.8361,203300,1220680,116,TWSE,common_stock,true,false,false,false,false,false,false,false,true,
2026-02-24,6005,群益證,listed,30.55,30.95,29.9,30.9,0.35,1.1457,12375130,377117123,5778,TWSE,etf,false,true,false,false,false,false,false,false,false,security_type=etf
2026-02-24,6024,群益期,listed,52.7,52.8,52.4,52.5,-0.2,-0.3795,340887,17915557,432,TWSE,etf,false,true,false,false,false,false,false,false,false,security_type=etf
2026-02-24,6108,競國,listed,14.6,14.85,14.6,14.75,0.25,1.7241,108275,1598013,156,TWSE,common_stock,true,false,false,false,false,false,false,false,true,
2026-02-24,6112,邁達特,listed,44.75,45.1,44.1,44.55,-0.05,-0.1121,371837,16574728,618,TWSE,common_stock,true,false,false,false,false,false,false,false,true,
2026-02-24,6115,鎰勝,listed,47.85,48.25,47.85,48.1,0.3,0.6276,154640,7439151,137,TWSE,common_stock,true,false,false,false,false,false,false,false,true,
2026-02-24,6116,彩晶,listed,8.76,8.99,8.7,8.97,0.24,2.7491,30188651,267609450,7853,TWSE,common_stock,true,false,false,false,false,false,false,false,true,
2026-02-24,6117,迎廣,listed,77.2,78.0,75.6,75.9,-0.9,-1.1719,354138,27086933,497,TWSE,common_stock,true,false,false,false,false,false,false,false,true,
2026-02-24,6120,達運,listed,13.05,13.55,12.9,13.55,0.5,3.8314,3568242,47330877,1967,TWSE,common_stock,true,false,false,false,false,false,false,false,true,
2026-02-24,6128,上福,listed,25.0,25.55,24.7,25.5,0.6,2.4096,193183,4869103,185,TWSE,common_stock,true,false,false,false,false,false,false,false,true,
2026-02-24,6133,金橋,listed,23.6,24.2,23.55,23.75,0.2,0.8493,1455717,34612645,985,TWSE,common_stock,true,false,false,false,false,false,false,false,true,
2026-02-24,6136,富爾特,listed,24.1,24.15,23.95,24.1,0.0,0.0,96637,2323734,160,TWSE,common_stock,true,false,false,false,false,false,false,false,true,
2026-02-24,6139,亞翔,listed,540.0,548.0,533.0,543.0,1.0,0.1845,2392211,1297977587,4860,TWSE,common_stock,true,false,false,false,false,false,false,false,true,
2026-02-24,6141,柏承,listed,11.15,11.3,11.1,11.25,0.1,0.8969,308010,3452947,230,TWSE,common_stock,true,false,false,false,false,false,false,false,true,
2026-02-24,6142,友勁,listed,9.8,9.91,9.68,9.7,-0.1,-1.0204,648932,6329379,366,TWSE,common_stock,true,false,false,false,false,false,false,false,true,
2026-02-24,6152,百一,listed,15.35,15.6,15.05,15.15,-0.2,-1.3029,2906850,44178157,1511,TWSE,common_stock,true,false,false,false,false,false,false,false,true,
2026-02-24,6153,嘉聯益,listed,16.6,17.0,16.45,16.95,0.35,2.1084,4701721,78979087,1955,TWSE,common_stock,true,false,false,false,false,false,false,false,true,
2026-02-24,6155,鈞寶,listed,50.5,53.1,49.3,50.9,1.0,2.004,6161194,318183022,5453,TWSE,common_stock,true,false,false,false,false,false,false,false,true,
2026-02-24,6164,華興,listed,12.5,12.7,12.3,12.35,0.0,0.0,343885,4287289,272,TWSE,common_stock,true,false,false,false,false,false,false,false,true,
2026-02-24,6165,浪凡,listed,43.9,44.1,43.0,43.15,-0.75,-1.7084,334747,14490906,322,TWSE,common_stock,true,false,false,false,false,false,false,false,true,
2026-02-24,6166,凌華,listed,65.7,65.7,63.9,64.4,-0.4,-0.6173,432246,27969685,646,TWSE,common_stock,true,false,false,false,false,false,false,false,true,
2026-02-24,6168,宏齊,listed,20.6,21.25,20.6,20.8,0.2,0.9709,968952,20273608,540,TWSE,common_stock,true,false,false,false,false,false,false,false,true,
2026-02-24,6176,瑞儀,listed,133.5,135.0,132.0,132.5,-1.0,-0.7491,3043529,405962437,2652,TWSE,common_stock,true,false,false,false,false,false,false,false,true,
2026-02-24,6177,達麗,listed,49.4,49.45,48.1,48.65,-0.5,-1.0173,1207256,58728416,1259,TWSE,common_stock,true,false,false,false,false,false,false,false,true,
2026-02-24,6183,關貿,listed,95.5,96.0,95.2,95.2,-0.5,-0.5225,37607,3598001,272,TWSE,common_stock,true,false,false,false,false,false,false,false,true,
2026-02-24,6184,大豐電,listed,48.15,48.3,48.0,48.15,0.05,0.104,37455,1802837,55,TWSE,common_stock,true,false,false,false,false,false,false,false,true,
2026-02-24,6189,豐藝,listed,47.05,47.5,46.4,46.8,-0.2,-0.4255,1458895,68179400,1640,TWSE,common_stock,true,false,false,false,false,false,false,false,true,
2026-02-24,6191,精成科,listed,107.5,110.5,106.5,110.0,2.5,2.3256,5122060,561026553,4013,TWSE,common_stock,true,false,false,false,false,false,false,false,true,
2026-02-24,6192,巨路,listed,124.5,124.5,123.0,124.0,0.0,0.0,262989,32550392,292,TWSE,common_stock,true,false,false,false,false,false,false,false,true,
2026-02-24,6196,帆宣,listed,280.0,292.5,276.0,287.0,8.0,2.8674,2992563,852284983,3313,TWSE,common_stock,true,false,false,false,false,false,false,false,true,
2026-02-24,6197,佳必琪,listed,146.0,148.0,144.5,148.0,2.5,1.7182,976455,143043703,1039,TWSE,common_stock,true,false,false,false,false,false,false,false,true,
2026-02-24,6201,亞弘電,listed,54.4,54.4,53.8,54.0,-0.1,-0.1848,60070,3242113,133,TWSE,common_stock,true,false,false,false,false,false,false,false,true,
2026-02-24,6202,盛群,listed,61.0,65.7,60.5,62.8,0.7,1.1272,19160278,1206466853,12968,TWSE,common_stock,true,false,false,false,false,false,false,false,true,
2026-02-24,6205,詮欣,listed,50.2,51.7,50.2,51.3,1.4,2.8056,375477,19186695,395,TWSE,common_stock,true,false,false,false,false,false,false,false,true,
2026-02-24,6206,飛捷,listed,95.9,96.3,94.1,94.4,-1.2,-1.2552,711200,67620457,2492,TWSE,common_stock,true,false,false,false,false,false,false,false,true,
2026-02-24,6209,今國光,listed,61.0,62.1,59.9,61.9,0.9,1.4754,3950879,242026100,2828,TWSE,common_stock,true,false,false,false,false,false,false,false,true,
2026-02-24,6213,聯茂,listed,122.0,133.5,122.0,133.5,12.0,9.8765,33553486,4368628464,21523,TWSE,common_stock,true,false,false,false,false,false,false,false,true,
2026-02-24,6214,精誠,listed,109.0,110.5,108.0,109.0,-0.5,-0.4566,1436381,156328989,1617,TWSE,common_stock,true,false,false,false,false,false,false,false,true,
2026-02-24,6215,和椿,listed,114.0,114.5,112.5,113.5,1.5,1.3393,901602,102421370,1009,TWSE,common_stock,true,false,false,false,false,false,false,false,true,
2026-02-24,6216,居易,listed,27.6,27.75,27.4,27.45,-0.15,-0.5435,101495,2790205,149,TWSE,common_stock,true,false,false,false,false,false,false,false,true,
2026-02-24,6224,聚鼎,listed,42.5,43.4,42.4,42.9,0.45,1.0601,149896,6413303,228,TWSE,common_stock,true,false,false,false,false,false,false,false,true,
2026-02-24,6225,天瀚,listed,,,,,0.0,,865,15322,2,TWSE,other,false,false,false,false,false,false,false,false,false,invalid_close
2026-02-24,6226,光鼎,listed,8.87,9.05,8.87,8.92,0.05,0.5637,331840,2966321,216,TWSE,common_stock,true,false,false,false,false,false,false,false,true,
2026-02-24,6230,尼得科超眾,listed,126.0,130.0,126.0,130.0,5.5,4.4177,131947,16872433,215,TWSE,common_stock,true,false,false,false,false,false,false,false,true,
2026-02-24,6235,華孚,listed,59.2,60.4,58.0,58.8,-0.3,-0.5076,846170,49739526,1483,TWSE,common_stock,true,false,false,false,false,false,false,false,true,
2026-02-24,6239,力成,listed,250.5,263.0,250.5,257.5,8.5,3.4137,13295771,3429540265,16981,TWSE,common_stock,true,false,false,false,false,false,false,false,true,
2026-02-24,6243,迅杰,listed,34.55,35.6,34.55,35.0,0.45,1.3025,171022,6007043,245,TWSE,common_stock,true,false,false,false,false,false,false,false,true,
2026-02-24,6257,矽格,listed,129.0,131.5,128.0,131.0,2.0,1.5504,5267899,688257425,4474,TWSE,common_stock,true,false,false,false,false,false,false,false,true,
2026-02-24,6269,台郡,listed,63.1,66.5,62.9,65.4,2.3,3.645,4080214,265920449,3831,TWSE,common_stock,true,false,false,false,false,false,false,false,true,
2026-02-24,6271,同欣電,listed,164.0,175.5,162.0,172.0,6.5,3.9275,16336529,2792651178,14187,TWSE,common_stock,true,false,false,false,false,false,false,false,true,
2026-02-24,6272,驊陞,listed,39.55,41.15,39.35,40.65,0.75,1.8797,406659,16540101,322,TWSE,common_stock,true,false,false,false,false,false,false,false,true,
2026-02-24,6277,宏正,listed,59.8,60.1,59.6,60.0,0.4,0.6711,97170,5813105,92,TWSE,common_stock,true,false,false,false,false,false,false,false,true,
2026-02-24,6278,台表科,listed,98.8,100.5,98.8,100.5,1.4,1.4127,1867238,186634133,1910,TWSE,common_stock,true,false,false,false,false,false,false,false,true,
2026-02-24,6281,全國電,listed,60.5,60.6,60.4,60.6,0.1,0.1653,82789,5008349,113,TWSE,common_stock,true,false,false,false,false,false,false,false,true,
2026-02-24,6282,康舒,listed,50.6,52.7,49.65,52.3,1.8,3.5644,34016106,1766462763,20472,TWSE,common_stock,true,false,false,false,false,false,false,false,true,
2026-02-24,6283,淳安,listed,22.3,22.6,21.9,22.0,-0.3,-1.3453,204260,4505514,193,TWSE,common_stock,true,false,false,false,false,false,false,false,true,
2026-02-24,6285,啟碁,listed,182.5,197.5,178.5,188.5,8.0,4.4321,52290065,9889590428,45220,TWSE,common_stock,true,false,false,false,false,false,false,false,true,
2026-02-24,6405,悅城,listed,31.0,32.35,31.0,32.35,1.45,4.6926,747338,23838671,439,TWSE,common_stock,true,false,false,false,false,false,false,false,true,
2026-02-24,6409,旭隼,listed,942.0,945.0,913.0,922.0,-6.0,-0.6466,875775,809526372,3038,TWSE,common_stock,true,false,false,false,false,false,false,false,true,
2026-02-24,6412,群電,listed,91.7,92.5,91.1,92.1,0.4,0.4362,1060736,97333503,1466,TWSE,common_stock,true,false,false,false,false,false,false,false,true,
2026-02-24,6414,樺漢,listed,280.0,285.0,280.0,283.5,4.0,1.4311,962737,272186626,1001,TWSE,common_stock,true,false,false,false,false,false,false,false,true,
2026-02-24,6415,矽力*-KY,listed,284.0,290.5,282.0,285.0,0.5,0.1757,3667615,1049731141,4110,TWSE,common_stock,true,false,false,false,false,false,false,false,true,
2026-02-24,6416,瑞祺電通,listed,82.4,82.9,81.6,82.5,0.1,0.1214,175854,14453898,316,TWSE,common_stock,true,false,false,false,false,false,false,false,true,
2026-02-24,6426,統新,listed,172.5,185.0,172.5,185.0,16.5,9.7923,1216907,219205421,1330,TWSE,common_stock,true,false,false,false,false,false,false,false,true,
2026-02-24,6431,光麗-KY,listed,27.35,27.6,26.2,26.3,-0.9,-3.3088,271700,7241593,192,TWSE,common_stock,true,false,false,false,false,false,false,false,true,
2026-02-24,6438,迅得,listed,153.5,155.0,152.0,153.0,1.0,0.6579,1149050,176880943,1530,TWSE,common_stock,true,false,false,false,false,false,false,false,true,
2026-02-24,6442,光聖,listed,2060.0,2090.0,1985.0,2030.0,-5.0,-0.2457,918090,1875378545,4373,TWSE,common_stock,true,false,false,false,false,false,false,false,true,
2026-02-24,6443,元晶,listed,39.4,42.3,39.0,41.5,2.05,5.1965,78291694,3250461912,40889,TWSE,common_stock,true,false,false,false,false,false,false,false,true,
2026-02-24,6446,藥華藥,listed,710.0,736.0,710.0,731.0,22.0,3.103,1290162,934424593,2755,TWSE,common_stock,true,false,false,false,false,false,false,false,true,
2026-02-24,6449,鈺邦,listed,168.0,174.5,166.0,174.0,7.5,4.5045,853588,147484728,1210,TWSE,common_stock,true,false,false,false,false,false,false,false,true,
2026-02-24,6451,訊芯-KY,listed,182.5,200.5,180.0,200.5,18.0,9.863,6052871,1179232978,5853,TWSE,common_stock,true,false,false,false,false,false,false,false,true,
2026-02-24,6456,GIS-KY,listed,43.4,44.5,43.35,44.3,1.15,2.6651,2278374,100222006,1625,TWSE,common_stock,true,false,false,false,false,false,false,false,true,
2026-02-24,6464,台數科,listed,78.0,79.4,78.0,78.8,0.0,0.0,26558,2089885,41,TWSE,common_stock,true,false,false,false,false,false,false,false,true,
2026-02-24,6472,保瑞,listed,498.0,521.0,498.0,520.0,24.0,4.8387,1133715,582101836,3058,TWSE,common_stock,true,false,false,false,false,false,false,false,true,
2026-02-24,6477,安集,listed,35.1,36.8,35.0,36.35,1.0,2.8289,1765144,63950864,1251,TWSE,common_stock,true,false,false,false,false,false,false,false,true,
2026-02-24,6491,晶碩,listed,295.5,298.0,292.5,294.5,0.0,0.0,222718,65520271,1291,TWSE,common_stock,true,false,false,false,false,false,false,false,true,
2026-02-24,6504,南六,listed,41.75,42.15,41.5,41.5,-0.25,-0.5988,103656,4321654,114,TWSE,common_stock,true,false,false,false,false,false,false,false,true,
2026-02-24,6505,台塑化,listed,52.0,53.0,51.5,52.4,0.7,1.354,5796854,304223499,3979,TWSE,common_stock,true,false,false,false,false,false,false,false,true,
2026-02-24,6515,穎崴,listed,4750.0,4940.0,4700.0,4765.0,70.0,1.4909,569097,2741653470,2795,TWSE,common_stock,true,false,false,false,false,false,false,false,true,
2026-02-24,6525,捷敏-KY,listed,80.9,82.3,80.9,82.2,1.6,1.9851,389522,31901184,425,TWSE,common_stock,true,false,false,false,false,false,false,false,true,
2026-02-24,6526,達發,listed,465.0,467.0,459.5,465.0,2.0,0.432,278195,128954290,742,TWSE,common_stock,true,false,false,false,false,false,false,false,true,
2026-02-24,6531,愛普*,listed,402.5,415.5,399.5,412.0,9.5,2.3602,1850312,758046535,2615,TWSE,common_stock,true,false,false,false,false,false,false,false,true,
2026-02-24,6533,晶心科,listed,226.0,229.5,224.5,225.5,-1.0,-0.4415,299001,67517799,608,TWSE,common_stock,true,false,false,false,false,false,false,false,true,
2026-02-24,6534,正瀚-創,listed,85.0,85.8,81.5,81.9,-2.8,-3.3058,259232,21536021,241,TWSE,common_stock,true,false,false,false,false,false,false,false,true,
2026-02-24,6541,泰福-KY,listed,49.25,50.0,48.7,49.0,-0.25,-0.5076,476912,23448720,533,TWSE,common_stock,true,false,false,false,false,false,false,false,true,
2026-02-24,6550,北極星藥業-KY,listed,32.85,35.95,32.85,35.7,2.85,8.6758,4410300,153460891,3414,TWSE,common_stock,true,false,false,false,false,false,false,false,true,
2026-02-24,6552,易華電,listed,29.4,31.3,29.4,30.9,1.5,5.102,265173,8141167,258,TWSE,common_stock,true,false,false,false,false,false,false,false,true,
2026-02-24,6558,興能高,listed,34.25,34.45,33.6,33.9,-0.3,-0.8772,711823,24187259,702,TWSE,common_stock,true,false,false,false,false,false,false,false,true,
2026-02-24,6573,虹揚-KY,listed,15.2,15.2,14.7,14.9,-0.1,-0.6667,226848,3374605,149,TWSE,common_stock,true,false,false,false,false,false,false,false,true,
2026-02-24,6579,研揚,listed,113.0,114.5,112.5,114.0,1.5,1.3333,109905,12486421,140,TWSE,common_stock,true,false,false,false,false,false,false,false,true,
2026-02-24,6581,鋼聯,listed,112.0,112.0,109.0,110.0,0.5,0.4566,13715,1511661,24,TWSE,common_stock,true,false,false,false,false,false,false,false,true,
2026-02-24,6582,申豐,listed,33.65,34.8,32.95,33.05,-0.55,-1.6369,112282,3758883,305,TWSE,common_stock,true,false,false,false,false,false,false,false,true,
2026-02-24,6585,鼎基,listed,90.7,91.6,88.2,88.6,-1.0,-1.1161,80165,7172007,155,TWSE,common_stock,true,false,false,false,false,false,false,false,true,
2026-02-24,6589,台康生技,listed,61.5,62.1,61.3,61.5,0.2,0.3263,446223,27495812,431,TWSE,common_stock,true,false,false,false,false,false,false,false,true,
2026-02-24,6591,動力-KY,listed,66.5,67.0,65.8,66.5,0.7,1.0638,251537,16685995,480,TWSE,common_stock,true,false,false,false,false,false,false,false,true,
2026-02-24,6592,和潤企業,listed,59.9,60.6,58.8,60.0,0.5,0.8403,2544556,151471620,1613,TWSE,common_stock,true,false,false,false,false,false,false,false,true,
2026-02-24,6592A,和潤企業甲特,listed,,,,,0.0,,233,22554,1,TWSE,warrant,false,false,true,false,false,false,false,false,false,security_type=warrant;symbol_not_4_digit;invalid_close
2026-02-24,6592B,和潤企業乙特,listed,97.4,97.6,97.3,97.4,0.0,0.0,22022,2144969,25,TWSE,warrant,false,false,true,false,false,false,false,false,false,security_type=warrant;symbol_not_4_digit
2026-02-24,6598,ABC-KY,listed,24.7,24.8,24.2,24.35,-0.15,-0.6122,214793,5256080,232,TWSE,common_stock,true,false,false,false,false,false,false,false,true,
2026-02-24,6605,帝寶,listed,144.0,146.0,142.0,144.0,0.0,0.0,477968,68579229,897,TWSE,common_stock,true,false,false,false,false,false,false,false,true,
2026-02-24,6606,建德工業,listed,25.45,25.7,25.05,25.3,-0.25,-0.9785,157443,3986673,120,TWSE,common_stock,true,false,false,false,false,false,false,false,true,
2026-02-24,6614,資拓宏宇,listed,45.5,46.2,45.4,45.6,-0.6,-1.2987,74297,3390502,102,TWSE,common_stock,true,false,false,false,false,false,false,false,true,
2026-02-24,6625,必應,listed,80.8,80.8,80.0,80.3,-0.5,-0.6188,366938,29442483,442,TWSE,common_stock,true,false,false,false,false,false,false,false,true,
2026-02-24,6641,基士德-KY,listed,21.8,23.1,21.45,22.15,0.8,3.7471,111638,2474446,164,TWSE,common_stock,true,false,false,false,false,false,false,false,true,
2026-02-24,6645,金萬林-創,listed,17.45,17.45,17.1,17.35,-0.1,-0.5731,30128,519850,46,TWSE,common_stock,true,false,false,false,false,false,false,false,true,
2026-02-24,6655,科定,listed,129.0,131.0,128.5,130.0,0.5,0.3861,14493,1881235,21,TWSE,common_stock,true,false,false,false,false,false,false,false,true,
2026-02-24,6657,華安,listed,49.15,49.35,48.15,48.5,0.5,1.0417,402463,19568002,626,TWSE,common_stock,true,false,false,false,false,false,false,false,true,
2026-02-24,6658,聯策,listed,56.5,57.5,56.2,57.2,0.8,1.4184,261670,14874577,398,TWSE,common_stock,true,false,false,false,false,false,false,false,true,
2026-02-24,6666,羅麗芬-KY,listed,44.85,44.85,44.1,44.2,-0.65,-1.4493,16076,712496,24,TWSE,common_stock,true,false,false,false,false,false,false,false,true,
2026-02-24,6668,中揚光,listed,36.45,37.5,36.45,36.9,0.0,0.0,249414,9198766,268,TWSE,common_stock,true,false,false,false,false,false,false,false,true,
2026-02-24,6669,緯穎,listed,3835.0,3865.0,3720.0,3835.0,15.0,0.3927,1529762,5824725690,9945,TWSE,common_stock,true,false,false,false,false,false,false,false,true,
2026-02-24,6670,復盛應用,listed,271.5,272.5,269.0,272.0,-1.0,-0.3663,151436,40983325,976,TWSE,common_stock,true,false,false,false,false,false,false,false,true,
2026-02-24,6671,三能-KY,listed,37.4,37.4,36.6,36.65,-0.1,-0.2721,36218,1335831,27,TWSE,common_stock,true,false,false,false,false,false,false,false,true,
2026-02-24,6672,騰輝電子-KY,listed,98.3,102.5,97.9,102.0,3.8,3.8697,2165485,218169651,2471,TWSE,common_stock,true,false,false,false,false,false,false,false,true,
2026-02-24,6674,鋐寶科技,listed,20.1,20.2,19.9,19.95,-0.15,-0.7463,40230,807406,31,TWSE,common_stock,true,false,false,false,false,false,false,false,true,
2026-02-24,6689,伊雲谷,listed,59.2,61.5,58.7,59.2,0.1,0.1692,247953,14860082,295,TWSE,common_stock,true,false,false,false,false,false,false,false,true,
2026-02-24,6691,洋基工程,listed,603.0,623.0,598.0,618.0,15.0,2.4876,1047251,644635825,1682,TWSE,common_stock,true,false,false,false,false,false,false,false,true,
2026-02-24,6695,芯鼎,listed,43.4,44.2,42.3,42.4,-1.0,-2.3041,361285,15510089,948,TWSE,common_stock,true,false,false,false,false,false,false,false,true,
2026-02-24,6698,旭暉應材,listed,33.8,34.25,33.65,33.65,-0.2,-0.5908,211106,7141394,339,TWSE,common_stock,true,false,false,false,false,false,false,false,true,
2026-02-24,6706,惠特,listed,113.5,125.5,113.5,125.5,11.0,9.607,7191452,896135308,5255,TWSE,common_stock,true,false,false,false,false,false,false,false,true,
2026-02-24,6715,嘉基,listed,152.5,166.0,151.0,166.0,15.0,9.9338,656196,106924392,520,TWSE,common_stock,true,false,false,false,false,false,false,false,true,
2026-02-24,6719,力智,listed,188.0,189.5,185.0,186.5,1.0,0.5391,285899,53413731,1071,TWSE,common_stock,true,false,false,false,false,false,false,false,true,
2026-02-24,6722,輝創,listed,42.5,42.5,41.8,42.45,0.35,0.8314,137459,5781976,126,TWSE,common_stock,true,false,false,false,false,false,false,false,true,
2026-02-24,6742,澤米,listed,45.5,46.0,44.0,44.35,-1.05,-2.3128,531129,23805976,636,TWSE,common_stock,true,false,false,false,false,false,false,false,true,
2026-02-24,6743,安普新,listed,27.1,27.7,26.95,27.0,-0.1,-0.369,129381,3511709,169,TWSE,common_stock,true,false,false,false,false,false,false,false,true,
2026-02-24,6753,龍德造船,listed,151.5,158.0,150.5,157.0,5.0,3.2895,3045076,473023574,5329,TWSE,common_stock,true,false,false,false,false,false,false,false,true,
2026-02-24,6754,匯僑設計,listed,43.55,44.8,43.15,44.8,1.25,2.8703,26443,1157050,80,TWSE,common_stock,true,false,false,false,false,false,false,false,true,
2026-02-24,6756,威鋒電子,listed,79.2,82.7,79.2,81.3,2.5,3.1726,306777,25107585,451,TWSE,common_stock,true,false,false,false,false,false,false,false,true,
2026-02-24,6757,台灣虎航,listed,64.6,65.1,63.6,64.2,-0.5,-0.7728,1932546,123624363,2255,TWSE,common_stock,true,false,false,false,false,false,false,false,true,
2026-02-24,6768,志強-KY,listed,104.0,104.0,100.5,100.5,-2.5,-2.4272,690413,69793275,746,TWSE,common_stock,true,false,false,false,false,false,false,false,true,
2026-02-24,6770,力積電,listed,67.9,73.7,66.1,73.7,6.7,10.0,337047858,23977646265,183024,TWSE,common_stock,true,false,false,false,false,false,false,false,true,
2026-02-24,6771,平和環保-創,listed,45.1,45.1,43.75,43.75,-0.45,-1.0181,37246,1639408,34,TWSE,common_stock,true,false,false,false,false,false,false,false,true,
2026-02-24,6776,展碁國際,listed,59.4,59.7,59.1,59.3,-0.1,-0.1684,362331,21489659,505,TWSE,common_stock,true,false,false,false,false,false,false,false,true,
2026-02-24,6781,AES-KY,listed,1200.0,1210.0,1180.0,1195.0,-5.0,-0.4167,1088606,1298896795,3553,TWSE,common_stock,true,false,false,false,false,false,false,false,true,
2026-02-24,6782,視陽,listed,181.5,181.5,176.5,178.5,-1.5,-0.8333,242396,43280673,952,TWSE,common_stock,true,false,false,false,false,false,false,false,true,
2026-02-24,6789,采鈺,listed,288.0,308.0,285.0,303.0,19.0,6.6901,4179449,1256675662,5104,TWSE,common_stock,true,false,false,false,false,false,false,false,true,
2026-02-24,6790,永豐實,listed,38.75,39.8,38.75,39.0,0.45,1.1673,342424,13382453,401,TWSE,etf,false,true,false,false,false,false,false,false,false,security_type=etf
2026-02-24,6792,詠業,listed,58.7,59.5,58.4,58.8,0.1,0.1704,79016,4670041,154,TWSE,common_stock,true,false,false,false,false,false,false,false,true,
2026-02-24,6794,向榮生技,listed,88.9,90.9,88.9,90.7,1.8,2.0247,185321,16679942,215,TWSE,common_stock,true,false,false,false,false,false,false,false,true,
2026-02-24,6796,晉弘,listed,84.4,84.9,83.7,83.8,-0.6,-0.7109,44932,3782743,64,TWSE,common_stock,true,false,false,false,false,false,false,false,true,
2026-02-24,6799,來頡,listed,83.1,85.0,83.1,84.3,1.1,1.3221,223431,18808389,336,TWSE,common_stock,true,false,false,false,false,false,false,false,true,
2026-02-24,6805,富世達,listed,1485.0,1515.0,1460.0,1480.0,0.0,0.0,1752310,2602366230,3628,TWSE,common_stock,true,false,false,false,false,false,false,false,true,
2026-02-24,6806,森崴能源,listed,44.2,44.45,43.4,43.85,0.15,0.3432,1265914,55558861,1231,TWSE,common_stock,true,false,false,false,false,false,false,false,true,
2026-02-24,6807,峰源-KY,listed,45.1,46.8,45.1,45.8,-0.55,-1.1866,10320,478214,13,TWSE,common_stock,true,false,false,false,false,false,false,false,true,
2026-02-24,6830,汎銓,listed,224.5,239.0,221.5,236.0,9.5,4.1943,4814086,1125900636,5474,TWSE,common_stock,true,false,false,false,false,false,false,false,true,
2026-02-24,6831,邁科,listed,300.0,300.0,286.5,297.0,0.5,0.1686,1416782,417639188,13708,TWSE,common_stock,true,false,false,false,false,false,false,false,true,
2026-02-24,6834,天二科技,listed,31.25,32.1,31.25,31.8,0.7,2.2508,538731,17107378,371,TWSE,common_stock,true,false,false,false,false,false,false,false,true,
2026-02-24,6835,圓裕,listed,40.5,40.55,40.0,40.15,-0.35,-0.8642,34131,1375392,48,TWSE,common_stock,true,false,false,false,false,false,false,false,true,
2026-02-24,6838,台新藥,listed,28.8,30.0,28.3,28.45,0.75,2.7076,561985,16287191,560,TWSE,common_stock,true,false,false,false,false,false,false,false,true,
2026-02-24,6854,錼創科技-KY創,listed,131.0,136.5,130.0,132.0,3.0,2.3256,1117391,149173895,993,TWSE,common_stock,true,false,false,false,false,false,false,false,true,
2026-02-24,6861,睿生光電,listed,92.4,94.8,90.0,94.8,8.6,9.9768,3039053,284053674,2430,TWSE,common_stock,true,false,false,false,false,false,false,false,true,
2026-02-24,6862,三集瑞-KY,listed,191.0,205.0,189.5,197.0,10.0,5.3476,1760298,348784457,2081,TWSE,common_stock,true,false,false,false,false,false,false,false,true,
2026-02-24,6863,永道-KY,listed,116.5,118.0,115.5,118.0,1.5,1.2876,120835,14127140,178,TWSE,common_stock,true,false,false,false,false,false,false,false,true,
2026-02-24,6869,雲豹能源,listed,102.5,105.5,102.0,103.5,1.0,0.9756,830889,86136497,867,TWSE,common_stock,true,false,false,false,false,false,false,false,true,
2026-02-24,6873,泓德能源,listed,107.5,111.0,106.5,108.0,1.5,1.4085,422062,45735836,530,TWSE,common_stock,true,false,false,false,false,false,false,false,true,
2026-02-24,6885,全福生技,listed,28.95,28.95,28.25,28.6,-0.4,-1.3793,397192,11304680,437,TWSE,common_stock,true,false,false,false,false,false,false,false,true,
2026-02-24,6887,寶綠特-KY,listed,48.2,49.9,47.85,49.85,0.0,0.0,40413,1965605,52,TWSE,common_stock,true,false,false,false,false,false,false,false,true,
2026-02-24,6890,來億-KY,listed,211.0,211.0,201.5,202.0,-8.0,-3.8095,673507,137361380,1179,TWSE,common_stock,true,false,false,false,false,false,false,false,true,
2026-02-24,6901,鑽石投資,listed,17.35,18.1,17.15,17.5,0.3,1.7442,900775,15948346,655,TWSE,common_stock,true,false,false,false,false,false,false,false,true,
2026-02-24,6902,GOGOLOOK,listed,78.6,78.6,77.4,78.0,-0.6,-0.7634,44777,3482665,184,TWSE,common_stock,true,false,false,false,false,false,false,false,true,
2026-02-24,6906,現觀科,listed,73.0,79.7,72.4,79.7,7.2,9.931,256756,20078450,1333,TWSE,common_stock,true,false,false,false,false,false,false,false,true,
2026-02-24,6909,創控,listed,40.8,42.3,40.8,41.05,0.25,0.6127,266767,11020085,228,TWSE,common_stock,true,false,false,false,false,false,false,false,true,
2026-02-24,6914,阜爾運通,listed,142.0,142.5,141.5,142.5,0.5,0.3521,44892,6378648,86,TWSE,common_stock,true,false,false,false,false,false,false,false,true,
2026-02-24,6916,華凌,listed,18.45,18.55,18.15,18.55,0.1,0.542,85029,1560876,43,TWSE,common_stock,true,false,false,false,false,false,false,false,true,
2026-02-24,6918,愛派司,listed,86.0,86.0,83.5,83.8,-1.6,-1.8735,34968,2966874,186,TWSE,common_stock,true,false,false,false,false,false,false,false,true,
2026-02-24,6919,康霈*,listed,166.0,167.0,163.0,163.5,-0.5,-0.3049,4415758,726217951,5409,TWSE,common_stock,true,false,false,false,false,false,false,false,true,
2026-02-24,6921,嘉雨思-創,listed,74.0,82.7,74.0,80.3,1.8,2.293,117439,9302031,95,TWSE,common_stock,true,false,false,false,false,false,false,false,true,
2026-02-24,6923,中台,listed,94.0,95.5,94.0,95.0,0.7,0.7423,321792,30483109,232,TWSE,common_stock,true,false,false,false,false,false,false,false,true,
2026-02-24,6924,榮惠-KY創,listed,67.3,67.3,64.4,64.9,-1.1,-1.6667,32000,2121800,21,TWSE,common_stock,true,false,false,false,false,false,false,false,true,
2026-02-24,6928,攸泰科技,listed,53.0,54.6,52.7,53.4,0.4,0.7547,275178,14705238,450,TWSE,common_stock,true,false,false,false,false,false,false,false,true,
2026-02-24,6931,青松健康,listed,55.3,55.3,54.5,54.6,-0.6,-1.087,58076,3180495,163,TWSE,common_stock,true,false,false,false,false,false,false,false,true,
2026-02-24,6933,AMAX-KY,listed,138.5,140.0,136.0,139.0,2.0,1.4599,54614,7550095,128,TWSE,common_stock,true,false,false,false,false,false,false,false,true,
2026-02-24,6934,心誠鎂,listed,117.5,123.0,114.0,120.5,3.0,2.5532,313474,36982563,338,TWSE,common_stock,true,false,false,false,false,false,false,false,true,
2026-02-24,6936,永鴻生技,listed,36.35,36.35,35.9,36.0,-0.35,-0.9629,78151,2819476,60,TWSE,common_stock,true,false,false,false,false,false,false,false,true,
2026-02-24,6937,天虹,listed,225.0,227.5,222.5,226.5,1.5,0.6667,243435,54931769,561,TWSE,common_stock,true,false,false,false,false,false,false,false,true,
2026-02-24,6944,兆聯實業,listed,695.0,703.0,687.0,701.0,16.0,2.3358,373645,260979928,1089,TWSE,common_stock,true,false,false,false,false,false,false,false,true,
2026-02-24,6949,沛爾生醫-創,listed,660.0,690.0,655.0,690.0,30.0,4.5455,74873,50891169,152,TWSE,common_stock,true,false,false,false,false,false,false,false,true,
2026-02-24,6951,青新-創,listed,77.5,77.5,75.8,75.9,-1.6,-2.0645,216988,16539978,350,TWSE,common_stock,true,false,false,false,false,false,false,false,true,
2026-02-24,6952,大武山,listed,43.5,43.9,43.5,43.6,-0.2,-0.4566,25142,1097753,23,TWSE,common_stock,true,false,false,false,false,false,false,false,true,
2026-02-24,6955,邦睿生技-創,listed,172.0,172.0,166.0,170.0,-0.5,-0.2933,11814,1998883,22,TWSE,common_stock,true,false,false,false,false,false,false,false,true,
2026-02-24,6957,裕慶-KY,listed,180.5,181.0,177.0,179.0,0.5,0.2801,82215,14714022,745,TWSE,common_stock,true,false,false,false,false,false,false,false,true,
2026-02-24,6958,日盛台駿,listed,18.25,18.4,17.9,18.2,0.75,4.298,359011,6497336,302,TWSE,common_stock,true,false,false,false,false,false,false,false,true,
2026-02-24,6958A,日盛台駿甲特,listed,19.2,19.2,19.05,19.1,-0.1,-0.5208,28118,537365,20,TWSE,warrant,false,false,true,false,false,false,false,false,false,security_type=warrant;symbol_not_4_digit
2026-02-24,6962,奕力-KY,listed,37.15,37.5,36.6,36.8,-0.1,-0.271,2345881,86569699,1558,TWSE,common_stock,true,false,false,false,false,false,false,false,true,
2026-02-24,6965,中傑-KY,listed,85.4,85.4,83.8,84.5,-0.9,-1.0539,63093,5309345,83,TWSE,common_stock,true,false,false,false,false,false,false,false,true,
2026-02-24,6969,成信實業*-創,listed,31.4,31.4,30.5,31.05,0.3,0.9756,48748,1507264,47,TWSE,common_stock,true,false,false,false,false,false,false,false,true,
2026-02-24,6988,威力暘-創,listed,18.35,18.35,17.35,18.15,-0.2,-1.0899,26006,465308,16,TWSE,common_stock,true,false,false,false,false,false,false,false,true,
2026-02-24,6994,富威電力,listed,82.0,82.6,81.0,81.4,0.0,0.0,190959,15549877,239,TWSE,common_stock,true,false,false,false,false,false,false,false,true,
2026-02-24,7610,聯友金屬-創,listed,282.0,289.0,277.0,285.0,-0.5,-0.1751,589800,166938317,1083,TWSE,common_stock,true,false,false,false,false,false,false,false,true,
2026-02-24,7631,聚賢研發-創,listed,118.0,121.5,118.0,120.0,-1.0,-0.8264,36161,4327437,26,TWSE,common_stock,true,false,false,false,false,false,false,false,true,
2026-02-24,7705,三商餐飲,listed,39.55,39.55,38.8,39.1,-0.75,-1.8821,170261,6658057,346,TWSE,common_stock,true,false,false,false,false,false,false,false,true,
2026-02-24,7711,永擎,listed,227.0,234.0,226.5,230.0,3.0,1.3216,332158,76483272,352,TWSE,common_stock,true,false,false,false,false,false,false,false,true,
2026-02-24,7721,微程式,listed,48.4,49.0,48.1,48.2,0.4,0.8368,104057,5034564,106,TWSE,common_stock,true,false,false,false,false,false,false,false,true,
2026-02-24,7722,LINEPAY,listed,428.0,433.0,419.5,420.5,-5.5,-1.2911,234663,99072744,1347,TWSE,common_stock,true,false,false,false,false,false,false,false,true,
2026-02-24,7730,暉盛-創,listed,102.0,102.0,99.0,99.1,-1.9,-1.8812,60361,6026818,60,TWSE,common_stock,true,false,false,false,false,false,false,false,true,
2026-02-24,7732,金興精密,listed,38.95,39.5,38.95,38.95,0.0,0.0,18010,704487,15,TWSE,common_stock,true,false,false,false,false,false,false,false,true,
2026-02-24,7736,虎山,listed,89.5,89.9,88.0,89.9,0.9,1.0112,21672,1927418,42,TWSE,common_stock,true,false,false,false,false,false,false,false,true,
2026-02-24,7740,熙特爾-創,listed,192.0,192.0,177.0,180.5,4.5,2.5568,529882,97263866,663,TWSE,common_stock,true,false,false,false,false,false,false,false,true,
2026-02-24,7749,意騰-KY,listed,430.0,433.0,420.5,424.0,-4.0,-0.9346,169311,72003716,425,TWSE,common_stock,true,false,false,false,false,false,false,false,true,
2026-02-24,7750,新代,listed,1215.0,1255.0,1185.0,1245.0,25.0,2.0492,627365,766335200,1644,TWSE,common_stock,true,false,false,false,false,false,false,false,true,
2026-02-24,7765,中華資安,listed,265.0,265.0,261.0,262.0,-3.0,-1.1321,34708,9122884,1588,TWSE,common_stock,true,false,false,false,false,false,false,false,true,
2026-02-24,7769,鴻勁,listed,4400.0,4645.0,4360.0,4605.0,205.0,4.6591,1228106,5570591125,4497,TWSE,common_stock,true,false,false,false,false,false,false,false,true,
2026-02-24,7780,大研生醫*,listed,24.7,26.3,24.55,25.4,0.95,3.8855,5963901,151237738,3346,TWSE,common_stock,true,false,false,false,false,false,false,false,true,
2026-02-24,7786,東方風能,listed,160.5,160.5,157.0,160.0,-0.5,-0.3115,357772,56784340,648,TWSE,common_stock,true,false,false,false,false,false,false,false,true,
2026-02-24,7788,松川精密,listed,171.0,183.5,169.0,183.5,16.5,9.8802,941770,169718546,788,TWSE,common_stock,true,false,false,false,false,false,false,false,true,
2026-02-24,7791,皇家可口,listed,68.6,69.0,68.5,68.8,0.3,0.438,100669,6924129,113,TWSE,common_stock,true,false,false,false,false,false,false,false,true,
2026-02-24,7795,長廣,listed,385.0,418.0,385.0,415.0,34.0,8.9239,1683438,687710248,2963,TWSE,common_stock,true,false,false,false,false,false,false,false,true,
2026-02-24,7799,禾榮科,listed,496.0,545.0,496.0,545.0,49.0,9.879,1095626,585383745,2522,TWSE,common_stock,true,false,false,false,false,false,false,false,true,
2026-02-24,7823,奧義賽博-KY創,listed,95.2,95.2,90.1,90.2,-6.8,-7.0103,234744,21474658,419,TWSE,common_stock,true,false,false,false,false,false,false,false,true,
2026-02-24,8011,台通,listed,21.05,21.45,21.05,21.35,0.35,1.6667,1594541,33952736,734,TWSE,common_stock,true,false,false,false,false,false,false,false,true,
2026-02-24,8016,矽創,listed,194.0,197.0,194.0,197.0,3.0,1.5464,698221,136765901,867,TWSE,common_stock,true,false,false,false,false,false,false,false,true,
2026-02-24,8021,尖點,listed,227.0,245.0,226.5,245.0,22.0,9.8655,17058613,4084976986,17782,TWSE,common_stock,true,false,false,false,false,false,false,false,true,
2026-02-24,8028,昇陽半導體,listed,175.5,188.0,175.0,179.5,3.5,1.9886,11970228,2178494359,10928,TWSE,common_stock,true,false,false,false,false,false,false,false,true,
2026-02-24,8033,雷虎,listed,156.0,164.0,154.5,162.5,3.5,2.2013,9580096,1532899807,9648,TWSE,common_stock,true,false,false,false,false,false,false,false,true,
2026-02-24,8039,台虹,listed,87.0,89.3,86.0,88.0,1.5,1.7341,6040412,530800460,5041,TWSE,common_stock,true,false,false,false,false,false,false,false,true,
2026-02-24,8045,達運光電,listed,86.1,86.5,84.7,85.1,-0.9,-1.0465,370738,31731997,398,TWSE,common_stock,true,false,false,false,false,false,false,false,true,
2026-02-24,8046,南電,listed,478.0,503.0,477.0,503.0,45.5,9.9454,14641225,7190863813,10425,TWSE,common_stock,true,false,false,false,false,false,false,false,true,
2026-02-24,8070,長華*,listed,43.4,44.3,43.4,43.45,0.1,0.2307,1693524,73926369,1398,TWSE,common_stock,true,false,false,false,false,false,false,false,true,
2026-02-24,8072,陞泰,listed,31.3,31.6,30.85,31.15,-0.15,-0.4792,240987,7511766,471,TWSE,common_stock,true,false,false,false,false,false,false,false,true,
2026-02-24,8081,致新,listed,241.0,250.0,241.0,247.0,3.0,1.2295,1187334,293279501,2828,TWSE,common_stock,true,false,false,false,false,false,false,false,true,
2026-02-24,8101,華冠,listed,16.1,16.2,16.0,16.2,0.1,0.6211,17709,284091,55,TWSE,common_stock,true,false,false,false,false,false,false,false,true,
2026-02-24,8103,瀚荃,listed,98.4,99.7,92.3,93.3,-5.3,-5.3753,7293630,697793263,11697,TWSE,common_stock,true,false,false,false,false,false,false,false,true,
2026-02-24,8104,錸寶,listed,36.2,36.9,36.0,36.5,0.3,0.8287,721467,26416652,726,TWSE,common_stock,true,false,false,false,false,false,false,false,true,
2026-02-24,8105,凌巨,listed,12.4,12.75,12.35,12.7,0.25,2.008,2024528,25443061,1033,TWSE,common_stock,true,false,false,false,false,false,false,false,true,
2026-02-24,8110,華東,listed,61.0,65.0,60.0,64.9,2.7,4.3408,48163018,3043409818,28748,TWSE,common_stock,true,false,false,false,false,false,false,false,true,
2026-02-24,8112,至上,listed,74.6,75.8,73.2,75.2,0.5,0.6693,11048424,825569269,9309,TWSE,common_stock,true,false,false,false,false,false,false,false,true,
2026-02-24,8112A,至上甲特,listed,45.45,45.5,45.45,45.5,0.05,0.11,26039,1183810,44,TWSE,warrant,false,false,true,false,false,false,false,false,false,security_type=warrant;symbol_not_4_digit
2026-02-24,8114,振樺電,listed,176.0,177.0,174.0,174.5,-1.5,-0.8523,503601,88255573,655,TWSE,common_stock,true,false,false,false,false,false,false,false,true,
2026-02-24,8131,福懋科,listed,69.2,71.6,68.7,71.0,1.7,2.4531,8551894,604088945,6506,TWSE,common_stock,true,false,false,false,false,false,false,false,true,
2026-02-24,8150,南茂,listed,56.2,59.4,54.5,59.1,3.7,6.6787,28989921,1671475712,16508,TWSE,common_stock,true,false,false,false,false,false,false,false,true,
2026-02-24,8162,微矽電子-創,listed,37.6,38.0,36.95,37.15,-0.85,-2.2368,102555,3818866,85,TWSE,common_stock,true,false,false,false,false,false,false,false,true,
2026-02-24,8163,達方,listed,31.25,31.65,30.75,30.85,-0.3,-0.9631,793416,24697728,1081,TWSE,common_stock,true,false,false,false,false,false,false,false,true,
2026-02-24,8201,無敵,listed,13.95,14.2,13.95,14.05,-0.1,-0.7067,74352,1044662,60,TWSE,common_stock,true,false,false,false,false,false,false,false,true,
2026-02-24,8210,勤誠,listed,905.0,906.0,861.0,870.0,-20.0,-2.2472,7122676,6225335080,22535,TWSE,common_stock,true,false,false,false,false,false,false,false,true,
2026-02-24,8213,志超,listed,37.0,37.5,36.75,37.4,0.75,2.0464,2282614,85199379,906,TWSE,common_stock,true,false,false,false,false,false,false,false,true,
2026-02-24,8215,明基材,listed,21.25,21.4,20.9,21.15,0.25,1.1962,683765,14460456,542,TWSE,common_stock,true,false,false,false,false,false,false,false,true,
2026-02-24,8222,寶一,listed,40.7,40.95,40.2,40.7,0.15,0.3699,389502,15814558,388,TWSE,common_stock,true,false,false,false,false,false,false,false,true,
2026-02-24,8249,菱光,listed,61.5,62.1,61.0,61.1,-0.5,-0.8117,1775420,108879151,1479,TWSE,common_stock,true,false,false,false,false,false,false,false,true,
2026-02-24,8261,富鼎,listed,94.8,96.4,94.3,95.3,0.4,0.4215,1327410,126466967,2495,TWSE,common_stock,true,false,false,false,false,false,false,false,true,
2026-02-24,8271,宇瞻,listed,119.0,123.0,117.0,122.5,1.5,1.2397,6035838,727841148,5956,TWSE,common_stock,true,false,false,false,false,false,false,false,true,
2026-02-24,8341,日友,listed,77.0,78.2,77.0,77.7,0.7,0.9091,282591,21971740,411,TWSE,common_stock,true,false,false,false,false,false,false,false,true,
2026-02-24,8367,建新國際,listed,43.75,44.5,43.75,44.0,0.25,0.5714,39446,1737660,36,TWSE,common_stock,true,false,false,false,false,false,false,false,true,
2026-02-24,8374,羅昇,listed,87.5,88.9,87.5,87.6,-0.6,-0.6803,345303,30406028,503,TWSE,common_stock,true,false,false,false,false,false,false,false,true,
2026-02-24,8404,百和興業-KY,listed,24.2,24.35,23.65,23.75,-0.4,-1.6563,739622,17723983,605,TWSE,common_stock,true,false,false,false,false,false,false,false,true,
2026-02-24,8411,福貞-KY,listed,12.6,12.6,12.25,12.35,-0.25,-1.9841,80420,995632,125,TWSE,common_stock,true,false,false,false,false,false,false,false,true,
2026-02-24,8422,可寧衛*,listed,33.3,36.55,33.05,35.6,2.35,7.0677,79317183,2831367738,42436,TWSE,common_stock,true,false,false,false,false,false,false,false,true,
2026-02-24,8429,金麗-KY,listed,7.42,7.47,7.39,7.39,-0.03,-0.4043,269100,1995782,283,TWSE,common_stock,true,false,false,false,false,false,false,false,true,
2026-02-24,8438,昶昕,listed,58.9,58.9,57.2,57.4,-1.5,-2.5467,647901,37534590,555,TWSE,common_stock,true,false,false,false,false,false,false,false,true,
2026-02-24,8442,威宏-KY,listed,69.0,69.5,68.1,68.7,0.1,0.1458,43483,2981879,128,TWSE,common_stock,true,false,false,false,false,false,false,false,true,
2026-02-24,8443,阿瘦,listed,11.7,11.7,11.6,11.7,0.0,0.0,17548,204835,109,TWSE,common_stock,true,false,false,false,false,false,false,false,true,
2026-02-24,8454,富邦媒,listed,189.5,193.0,189.5,190.0,0.5,0.2639,391247,74688956,1627,TWSE,etf,false,true,false,false,false,false,false,false,false,security_type=etf
2026-02-24,8462,柏文,listed,146.0,146.0,142.0,142.5,-3.5,-2.3973,229288,32802856,391,TWSE,common_stock,true,false,false,false,false,false,false,false,true,
2026-02-24,8463,潤泰材,listed,27.5,27.5,27.15,27.25,0.0,0.0,63192,1724749,66,TWSE,common_stock,true,false,false,false,false,false,false,false,true,
2026-02-24,8464,億豐,listed,416.0,416.0,408.0,410.5,-1.5,-0.3641,811345,333295504,857,TWSE,common_stock,true,false,false,false,false,false,false,false,true,
2026-02-24,8466,美吉吉-KY,listed,22.8,22.95,22.45,22.8,0.0,0.0,29948,682389,38,TWSE,common_stock,true,false,false,false,false,false,false,false,true,
2026-02-24,8467,波力-KY,listed,174.0,176.5,172.5,173.5,-0.5,-0.2874,35858,6214346,49,TWSE,common_stock,true,false,false,false,false,false,false,false,true,
2026-02-24,8473,山林水,listed,37.6,37.85,37.2,37.5,-0.1,-0.266,405640,15213580,538,TWSE,common_stock,true,false,false,false,false,false,false,false,true,
2026-02-24,8476,台境*,listed,19.45,20.4,19.3,19.95,0.5,2.5707,2245643,44822085,1231,TWSE,common_stock,true,false,false,false,false,false,false,false,true,
2026-02-24,8478,東哥遊艇,listed,170.0,171.5,169.0,171.0,1.0,0.5882,130698,22232666,275,TWSE,common_stock,true,false,false,false,false,false,false,false,true,
2026-02-24,8481,政伸,listed,42.55,42.55,41.5,41.75,-0.8,-1.8801,53290,2237281,100,TWSE,common_stock,true,false,false,false,false,false,false,false,true,
2026-02-24,8482,商億-KY,listed,55.7,55.7,53.0,53.0,-1.1,-2.0333,19275,1046476,30,TWSE,common_stock,true,false,false,false,false,false,false,false,true,
2026-02-24,8487,愛爾達-創,listed,82.0,82.3,81.4,82.1,-0.2,-0.243,19819,1627024,97,TWSE,common_stock,true,false,false,false,false,false,false,false,true,
2026-02-24,8488,吉源-KY,listed,10.25,10.25,9.9,10.05,-0.2,-1.9512,20010,200175,14,TWSE,common_stock,true,false,false,false,false,false,false,false,true,
2026-02-24,8499,鼎炫-KY,listed,288.5,290.0,281.0,284.5,1.5,0.53,95704,27229735,175,TWSE,common_stock,true,false,false,false,false,false,false,false,true,
2026-02-24,8926,台汽電,listed,46.65,46.9,46.1,46.6,-0.1,-0.2141,1678327,78006723,2286,TWSE,common_stock,true,false,false,false,false,false,false,false,true,
2026-02-24,8940,新天地,listed,20.0,20.1,19.4,19.9,-0.1,-0.5,62449,1240403,154,TWSE,common_stock,true,false,false,false,false,false,false,false,true,
2026-02-24,8996,高力,listed,890.0,959.0,886.0,931.0,52.0,5.9158,5135014,4768952632,8342,TWSE,common_stock,true,false,false,false,false,false,false,false,true,
2026-02-24,9103,美德醫療-DR,listed,5.1,5.1,5.02,5.05,-0.02,-0.3945,543152,2737886,310,TWSE,dr,false,false,false,false,false,false,false,true,false,security_type=dr
2026-02-24,910322,康師傅-DR,listed,25.7,25.8,25.7,25.8,-0.2,-0.7692,35802,920608,22,TWSE,dr,false,false,false,false,false,false,false,true,false,security_type=dr;symbol_not_4_digit
2026-02-24,9105,泰金寶-DR,listed,5.99,6.18,5.98,6.11,0.12,2.0033,26357349,160307982,3856,TWSE,dr,false,false,false,false,false,false,false,true,false,security_type=dr
2026-02-24,910861,神州-DR,listed,5.42,5.42,5.27,5.32,-0.1,-1.845,105000,557730,71,TWSE,dr,false,false,false,false,false,false,false,true,false,security_type=dr;symbol_not_4_digit
2026-02-24,9110,越南控-DR,listed,3.15,3.2,3.15,3.2,0.05,1.5873,52000,164310,13,TWSE,dr,false,false,false,false,false,false,false,true,false,security_type=dr
2026-02-24,911608,明輝-DR,listed,2.75,2.78,2.74,2.75,0.0,0.0,63000,173310,16,TWSE,dr,false,false,false,false,false,false,false,true,false,security_type=dr;symbol_not_4_digit
2026-02-24,911622,泰聚亨-DR,listed,3.97,4.09,3.97,4.01,-0.09,-2.1951,37030,150361,16,TWSE,dr,false,false,false,false,false,false,false,true,false,security_type=dr;symbol_not_4_digit
2026-02-24,911868,同方友友-DR,listed,1.28,1.29,1.28,1.29,0.0,0.0,499105,643034,64,TWSE,dr,false,false,false,false,false,false,false,true,false,security_type=dr;symbol_not_4_digit
2026-02-24,912000,晨訊科-DR,listed,2.69,2.71,2.66,2.71,0.01,0.3704,553800,1483378,129,TWSE,dr,false,false,false,false,false,false,false,true,false,security_type=dr;symbol_not_4_digit
2026-02-24,9136,巨騰-DR,listed,7.52,7.55,7.47,7.52,0.0,0.0,163000,1222560,50,TWSE,dr,false,false,false,false,false,false,false,true,false,security_type=dr
2026-02-24,9802,鈺齊-KY,listed,95.7,95.8,93.2,93.9,-1.5,-1.5723,896967,84398815,1149,TWSE,common_stock,true,false,false,false,false,false,false,false,true,
2026-02-24,9902,台火,listed,16.85,16.9,16.6,16.65,-0.1,-0.597,266468,4451575,200,TWSE,common_stock,true,false,false,false,false,false,false,false,true,
2026-02-24,9904,寶成,listed,31.15,31.3,30.9,31.05,-0.1,-0.321,7886078,244587979,3486,TWSE,common_stock,true,false,false,false,false,false,false,false,true,
2026-02-24,9905,大華,listed,20.4,20.55,20.35,20.45,0.05,0.2451,127870,2613929,110,TWSE,common_stock,true,false,false,false,false,false,false,false,true,
2026-02-24,9906,欣巴巴,listed,43.3,44.4,42.65,42.95,-1.0,-2.2753,215922,9386496,523,TWSE,common_stock,true,false,false,false,false,false,false,false,true,
2026-02-24,9907,統一實,listed,19.15,19.25,18.9,19.05,0.1,0.5277,4009244,76366538,1816,TWSE,etf,false,true,false,false,false,false,false,false,false,security_type=etf
2026-02-24,9908,大台北,listed,30.05,30.1,29.9,30.0,0.0,0.0,120991,3630190,126,TWSE,common_stock,true,false,false,false,false,false,false,false,true,
2026-02-24,9910,豐泰,listed,93.5,94.4,93.0,93.3,-0.7,-0.7447,1901536,178396225,1787,TWSE,common_stock,true,false,false,false,false,false,false,false,true,
2026-02-24,9911,櫻花,listed,86.5,87.0,86.3,86.5,-0.4,-0.4603,366681,31753787,931,TWSE,common_stock,true,false,false,false,false,false,false,false,true,
2026-02-24,9912,偉聯,listed,12.25,12.25,11.95,12.1,0.0,0.0,261584,3140745,140,TWSE,common_stock,true,false,false,false,false,false,false,false,true,
2026-02-24,9914,美利達,listed,78.3,78.9,76.2,78.0,0.0,0.0,2843965,220014369,2734,TWSE,common_stock,true,false,false,false,false,false,false,false,true,
2026-02-24,9917,中保科,listed,106.5,106.5,105.0,105.5,-0.5,-0.4717,736643,77801564,1016,TWSE,common_stock,true,false,false,false,false,false,false,false,true,
2026-02-24,9918,欣天然,listed,41.0,41.15,40.4,40.7,0.15,0.3699,28420,1161431,51,TWSE,common_stock,true,false,false,false,false,false,false,false,true,
2026-02-24,9919,康那香,listed,16.6,16.7,16.45,16.5,-0.1,-0.6024,636855,10527757,478,TWSE,common_stock,true,false,false,false,false,false,false,false,true,
2026-02-24,9921,巨大,listed,85.2,85.6,82.8,83.7,-0.9,-1.0638,2582489,215701427,3042,TWSE,common_stock,true,false,false,false,false,false,false,false,true,
2026-02-24,9924,福興,listed,48.05,48.5,47.9,48.4,-0.1,-0.2062,88985,4289547,395,TWSE,common_stock,true,false,false,false,false,false,false,false,true,
2026-02-24,9925,新保,listed,41.0,41.2,40.95,40.95,-0.05,-0.122,223711,9185023,194,TWSE,common_stock,true,false,false,false,false,false,false,false,true,
2026-02-24,9926,新海,listed,50.2,50.3,49.8,49.95,-0.35,-0.6958,14709,735928,24,TWSE,common_stock,true,false,false,false,false,false,false,false,true,
2026-02-24,9927,泰銘,listed,69.8,70.3,69.6,69.7,0.2,0.2878,75447,5266769,180,TWSE,common_stock,true,false,false,false,false,false,false,false,true,
2026-02-24,9928,中視,listed,18.0,18.1,17.95,18.1,-0.1,-0.5495,98284,1772225,40,TWSE,common_stock,true,false,false,false,false,false,false,false,true,
2026-02-24,9929,秋雨,listed,10.6,10.7,10.5,10.6,-0.3,-2.7523,12060,127417,10,TWSE,common_stock,true,false,false,false,false,false,false,false,true,
2026-02-24,9930,中聯資源,listed,71.0,71.0,70.6,70.9,0.2,0.2829,69055,4886779,255,TWSE,common_stock,true,false,false,false,false,false,false,false,true,
2026-02-24,9931,欣高,listed,35.15,35.15,34.75,35.0,0.2,0.5747,28879,1009924,77,TWSE,common_stock,true,false,false,false,false,false,false,false,true,
2026-02-24,9933,中鼎,listed,31.05,31.1,30.15,30.5,-0.4,-1.2945,8668037,263948613,4770,TWSE,common_stock,true,false,false,false,false,false,false,false,true,
2026-02-24,9934,成霖,listed,10.05,10.1,9.9,9.94,-0.11,-1.0945,771592,7675650,398,TWSE,common_stock,true,false,false,false,false,false,false,false,true,
2026-02-24,9935,慶豐富,listed,19.25,19.25,18.95,19.0,-0.25,-1.2987,630027,11997856,657,TWSE,common_stock,true,false,false,false,false,false,false,false,true,
2026-02-24,9937,全國,listed,58.6,58.6,58.1,58.5,0.3,0.5155,45124,2636068,59,TWSE,common_stock,true,false,false,false,false,false,false,false,true,
2026-02-24,9938,百和,listed,52.4,52.5,51.6,52.1,-0.4,-0.7619,1230363,63898252,1070,TWSE,common_stock,true,false,false,false,false,false,false,false,true,
2026-02-24,9939,宏全,listed,123.5,124.0,121.0,122.0,-2.0,-1.6129,1159567,141485211,1385,TWSE,common_stock,true,false,false,false,false,false,false,false,true,
2026-02-24,9940,信義,listed,22.3,22.35,22.0,22.05,-0.25,-1.1211,436813,9671764,401,TWSE,common_stock,true,false,false,false,false,false,false,false,true,
2026-02-24,9941,裕融,listed,75.4,76.1,74.5,74.7,-0.5,-0.6649,2327831,174324217,3084,TWSE,common_stock,true,false,false,false,false,false,false,false,true,
2026-02-24,9941A,裕融甲特,listed,50.3,50.3,50.2,50.3,0.0,0.0,4000,201100,4,TWSE,warrant,false,false,true,false,false,false,false,false,false,security_type=warrant;symbol_not_4_digit
2026-02-24,9942,茂順,listed,118.5,118.5,116.5,116.5,-1.0,-0.8511,172383,20218947,319,TWSE,common_stock,true,false,false,false,false,false,false,false,true,
2026-02-24,9943,好樂迪,listed,59.8,60.3,59.6,59.6,-0.4,-0.6667,65802,3937234,109,TWSE,common_stock,true,false,false,false,false,false,false,false,true,
2026-02-24,9944,新麗,listed,16.7,16.8,16.7,16.8,0.0,0.0,35911,600320,134,TWSE,common_stock,true,false,false,false,false,false,false,false,true,
2026-02-24,9945,潤泰新,listed,29.6,29.85,29.4,29.5,-0.1,-0.3378,4724672,139746477,2756,TWSE,common_stock,true,false,false,false,false,false,false,false,true,
2026-02-24,9946,三發地產,listed,16.95,16.95,16.65,16.75,-0.05,-0.2976,190614,3201786,125,TWSE,common_stock,true,false,false,false,false,false,false,false,true,
2026-02-24,9955,佳龍,listed,34.05,34.7,33.8,33.8,-0.25,-0.7342,884900,30169517,1092,TWSE,common_stock,true,false,false,false,false,false,false,false,true,
2026-02-24,9958,世紀鋼,listed,132.0,133.0,127.5,128.5,-3.5,-2.6515,1615549,208593672,1782,TWSE,common_stock,true,false,false,false,false,false,false,false,true,
