date,symbol,name,market,open,high,low,close,change,change_pct,volume,turnover,transactions,source
2026-03-20,0050,元大台灣50,listed,76.2,76.4,75.5,75.9,-0.1,-0.1316,72638922,5517624557,101109,TWSE
2026-03-20,0051,元大中型100,listed,112.8,113.2,110.9,111.9,-1.4,-1.2357,116481,13077989,1155,TWSE
2026-03-20,0052,富邦科技,listed,45.65,45.74,45.1,45.26,-0.28,-0.6148,29899678,1356032270,24990,TWSE
2026-03-20,0053,元大電子,listed,170.4,172.05,169.15,171.7,0.0,0.0,31694,5422510,218,TWSE
2026-03-20,0055,元大MSCI金融,listed,32.21,32.4,32.15,32.36,0.15,0.4657,89324,2883899,408,TWSE
2026-03-20,0056,元大高股息,listed,38.88,38.98,38.56,38.77,-0.11,-0.2829,37631551,1460272826,25543,TWSE
2026-03-20,0057,富邦摩台,listed,225.7,226.65,225.25,225.3,0.6,0.267,12587,2840863,123,TWSE
2026-03-20,0061,元大寶滬深,listed,23.44,23.56,23.3,23.37,-0.07,-0.2986,411538,9653645,212,TWSE
2026-03-20,006203,元大MSCI台灣,listed,138.7,138.7,137.9,137.9,-0.95,-0.6842,6859,947932,99,TWSE
2026-03-20,006204,永豐臺灣加權,listed,171.0,171.8,171.0,171.05,-1.2,-0.6967,15129,2596494,110,TWSE
2026-03-20,006205,富邦上証,listed,39.89,40.02,39.7,39.81,-0.18,-0.4501,707995,28232379,223,TWSE
2026-03-20,006206,元大上證50,listed,36.7,36.77,36.52,36.66,-0.08,-0.2177,376023,13780305,152,TWSE
2026-03-20,006207,復華滬深,listed,31.56,31.63,31.48,31.52,0.15,0.4782,247011,7798624,79,TWSE
2026-03-20,006208,富邦台50,listed,176.7,177.4,175.65,176.2,-0.4,-0.2265,2316384,408954760,9544,TWSE
2026-03-20,00625K,富邦上証+R,listed,,,,,0.0,,0,0,0,TWSE
2026-03-20,00631L,元大台灣50正2,listed,476.75,478.4,464.7,469.35,-3.15,-0.6667,6111815,2876963750,17589,TWSE
2026-03-20,00632R,元大台灣50反1,listed,14.0,14.19,13.98,14.12,0.04,0.2841,73920862,1042427479,7737,TWSE
2026-03-20,00633L,富邦上証正2,listed,46.62,47.6,46.35,47.0,0.05,0.1065,2070990,97441704,559,TWSE
2026-03-20,00634R,富邦上証反1,listed,3.22,3.29,3.22,3.29,0.0,0.0,325900,1068453,13,TWSE
2026-03-20,00635U,期元大S&P黃金,listed,49.65,50.3,49.31,50.05,-1.4,-2.7211,20105047,998947942,17972,TWSE
2026-03-20,00636,國泰中國A50,listed,26.88,27.18,26.77,27.06,0.15,0.5574,1273783,34511109,286,TWSE
2026-03-20,00636K,國泰中國A50+U,listed,8.58,8.58,8.58,8.58,0.05,0.5862,200,1716,2,TWSE
2026-03-20,00637L,元大滬深300正2,listed,19.34,19.69,19.17,19.49,0.13,0.6715,37626198,732661591,4257,TWSE
2026-03-20,00638R,元大滬深300反1,listed,7.08,7.08,7.02,7.05,-0.03,-0.4237,222542,1566947,18,TWSE
2026-03-20,00639,富邦深100,listed,15.76,16.07,15.67,15.97,0.19,1.2041,2276984,36308556,394,TWSE
2026-03-20,00640L,富邦日本正2,listed,84.7,85.8,84.55,85.35,-0.5,-0.5824,462253,39472015,244,TWSE
2026-03-20,00641R,富邦日本反1,listed,4.29,4.29,4.25,4.28,0.0,0.0,2261600,9683290,95,TWSE
2026-03-20,00642U,期元大S&P石油,listed,25.55,25.55,25.09,25.49,-0.61,-2.3372,26040143,659106471,7206,TWSE
2026-03-20,00643,群益深証中小,listed,18.1,18.21,18.0,18.09,0.01,0.0553,1978260,35940789,147,TWSE
2026-03-20,00643K,群益深証中小+R,listed,3.91,3.91,3.91,3.91,0.0,0.0,1000,3910,1,TWSE
2026-03-20,00645,富邦日本,listed,50.35,50.65,50.25,50.5,-0.15,-0.2962,167133,8439056,310,TWSE
2026-03-20,00646,元大S&P500,listed,66.4,66.6,66.35,66.5,-0.05,-0.0751,1902344,126456391,3770,TWSE
2026-03-20,00647L,元大S&P500正2,listed,107.45,108.05,107.45,107.7,-0.35,-0.3239,110868,11955051,186,TWSE
2026-03-20,00648R,元大S&P500反1,listed,4.53,4.55,4.52,4.55,0.01,0.2203,2363365,10735701,111,TWSE
2026-03-20,00650L,復華香港正2,listed,17.12,17.22,16.93,16.95,-0.29,-1.6821,5826606,99234432,906,TWSE
2026-03-20,00651R,復華香港反1,listed,5.35,5.38,5.35,5.37,0.02,0.3738,264819,1423178,33,TWSE
2026-03-20,00652,富邦印度,listed,33.24,33.24,32.99,33.09,-0.15,-0.4513,377931,12490973,503,TWSE
2026-03-20,00653L,富邦印度正2,listed,44.89,45.25,44.65,45.25,0.1,0.2215,283706,12738365,166,TWSE
2026-03-20,00654R,富邦印度反1,listed,7.11,7.11,7.05,7.07,-0.01,-0.1412,204000,1438970,14,TWSE
2026-03-20,00655L,國泰中國A50正2,listed,32.41,33.08,32.2,32.7,0.12,0.3683,1467752,47959532,253,TWSE
2026-03-20,00656R,國泰中國A50反1,listed,6.29,6.29,6.22,6.22,-0.04,-0.639,61000,383520,3,TWSE
2026-03-20,00657,國泰日經225,listed,62.75,62.9,62.75,62.75,-0.15,-0.2385,246689,15483962,102,TWSE
2026-03-20,00657K,國泰日經225+U,listed,19.67,19.67,19.67,19.67,-0.09,-0.4555,200,3934,2,TWSE
2026-03-20,00660,元大歐洲50,listed,41.53,41.55,41.53,41.55,0.25,0.6053,3558,147863,67,TWSE
2026-03-20,00661,元大日經225,listed,68.8,69.0,68.6,69.0,-0.05,-0.0724,137286,9449170,223,TWSE
2026-03-20,00662,富邦NASDAQ,listed,100.0,100.25,99.9,99.9,-0.25,-0.2496,2719786,272053757,2915,TWSE
2026-03-20,00663L,國泰臺灣加權正2,listed,62.25,62.5,60.7,61.4,-0.35,-0.5668,11149130,685915913,5683,TWSE
2026-03-20,00664R,國泰臺灣加權反1,listed,2.27,2.3,2.26,2.28,0.01,0.4405,12989458,29671066,617,TWSE
2026-03-20,00665L,富邦恒生國企正2,listed,9.96,10.0,9.77,9.78,-0.22,-2.2,23765671,234206450,2478,TWSE
2026-03-20,00666R,富邦恒生國企反1,listed,9.17,9.19,9.13,9.17,0.07,0.7692,46000,421720,17,TWSE
2026-03-20,00668,國泰美國道瓊,listed,53.7,53.9,53.7,53.85,-0.1,-0.1854,23347,1256800,127,TWSE
2026-03-20,00668K,國泰美國道瓊+U,listed,16.82,16.82,16.82,16.82,-0.06,-0.3555,200,3364,2,TWSE
2026-03-20,00669R,國泰美國道瓊反1,listed,5.98,6.0,5.97,6.0,0.03,0.5025,2910550,17400201,189,TWSE
2026-03-20,00670L,富邦NASDAQ正2,listed,146.5,146.85,145.9,146.2,-0.5,-0.3408,1324029,193840722,1725,TWSE
2026-03-20,00671R,富邦NASDAQ反1,listed,2.96,2.97,2.95,2.97,0.01,0.3378,8924764,26382532,259,TWSE
2026-03-20,00673R,期元大S&P原油反1,listed,19.47,19.47,18.92,19.02,0.02,0.1053,9475180,182300414,2103,TWSE
2026-03-20,00674R,期元大S&P黃金反1,listed,5.33,5.34,5.26,5.26,0.13,2.5341,3268262,17324174,259,TWSE
2026-03-20,00675L,富邦臺灣加權正2,listed,188.5,189.35,183.8,186.0,-0.9,-0.4815,3042214,566760472,2701,TWSE
2026-03-20,00676R,富邦臺灣加權反1,listed,7.72,7.81,7.7,7.76,0.01,0.129,4027371,31252885,332,TWSE
2026-03-20,00678,群益那斯達克生技,listed,35.05,35.09,34.97,35.04,0.2,0.5741,218638,7646791,117,TWSE
2026-03-20,00680L,元大美債20正2,listed,7.25,7.27,7.22,7.23,0.08,1.1189,19704993,142753696,869,TWSE
2026-03-20,00681R,元大美債20反1,listed,20.77,20.84,20.77,20.84,-0.09,-0.43,54030,1124694,8,TWSE
2026-03-20,00682U,期元大美元指數,listed,20.6,20.6,20.5,20.5,-0.16,-0.7744,3946,80906,11,TWSE
2026-03-20,00683L,期元大美元指正2,listed,21.5,21.5,21.03,21.35,-0.36,-1.6582,633608,13474120,62,TWSE
2026-03-20,00684R,期元大美元指反1,listed,15.3,15.35,15.29,15.34,0.12,0.7884,377024,5780128,20,TWSE
2026-03-20,00685L,群益臺灣加權正2,listed,169.85,170.4,165.6,167.5,-0.85,-0.5049,1409875,235877032,1029,TWSE
2026-03-20,00686R,群益臺灣加權反1,listed,1.38,1.41,1.38,1.39,0.0,0.0,5556500,7748280,129,TWSE
2026-03-20,00688L,國泰20年美債正2,listed,7.23,7.25,7.2,7.2,0.05,0.6993,11451497,82704407,398,TWSE
2026-03-20,00689R,國泰20年美債反1,listed,21.73,21.73,21.71,21.71,-0.12,-0.5497,55050,1196136,4,TWSE
2026-03-20,00690,兆豐藍籌30,listed,53.0,53.35,52.45,53.0,0.05,0.0944,291411,15426738,349,TWSE
2026-03-20,00692,富邦公司治理,listed,66.9,67.25,66.45,66.75,-0.15,-0.2242,893813,59649662,1230,TWSE
2026-03-20,00693U,期街口S&P黃豆,listed,22.09,22.17,21.95,22.17,0.3,1.3717,1419861,31315919,379,TWSE
2026-03-20,00700,富邦恒生國企,listed,17.74,17.74,17.5,17.51,-0.23,-1.2965,586645,10293459,211,TWSE
2026-03-20,00701,國泰股利精選30,listed,28.54,28.72,28.54,28.68,0.02,0.0698,504948,14458371,526,TWSE
2026-03-20,00702,國泰標普低波高息,listed,23.68,23.7,23.62,23.64,-0.1,-0.4212,117598,2782205,117,TWSE
2026-03-20,00703,台新MSCI中國,listed,20.5,20.64,20.35,20.64,-0.02,-0.0968,7638,156480,62,TWSE
2026-03-20,00706L,期元大S&P日圓正2,listed,19.89,19.9,19.73,19.73,0.26,1.3354,5654122,112012483,611,TWSE
2026-03-20,00707R,期元大S&P日圓反1,listed,,,,,0.0,,0,0,0,TWSE
2026-03-20,00708L,期元大S&P黃金正2,listed,99.15,102.15,98.3,101.45,-5.8,-5.4079,14657416,1461706431,10433,TWSE
2026-03-20,00709,富邦歐洲,listed,36.92,36.92,36.65,36.65,0.02,0.0546,37812,1389934,163,TWSE
2026-03-20,00710B,復華彭博非投等債,listed,18.78,18.83,18.78,18.83,0.03,0.1596,227117,4271672,42,TWSE
2026-03-20,00711B,復華彭博新興債,listed,16.06,16.06,16.02,16.06,-0.01,-0.0622,54113,868827,94,TWSE
2026-03-20,00712,復華富時不動產,listed,8.7,8.72,8.68,8.71,0.0,0.0,44702029,389045044,11398,TWSE
2026-03-20,00713,元大台灣高息低波,listed,51.9,51.9,51.55,51.7,0.0,0.0,6890451,356351464,6773,TWSE
2026-03-20,00714,群益道瓊美國地產,listed,20.21,20.92,20.21,20.92,0.13,0.6253,295955,6159510,92,TWSE
2026-03-20,00715L,期街口布蘭特正2,listed,57.1,57.65,54.75,57.35,-4.25,-6.8994,32779400,1842011541,9598,TWSE
2026-03-20,00717,富邦美國特別股,listed,14.94,14.94,14.9,14.9,-0.04,-0.2677,32391,483346,131,TWSE
2026-03-20,00728,第一金工業30,listed,45.1,45.34,44.48,44.87,-0.08,-0.178,236769,10633841,354,TWSE
2026-03-20,00730,富邦臺灣優質高息,listed,22.87,23.11,22.71,23.05,0.3,1.3187,162820,3743019,357,TWSE
2026-03-20,00731,復華富時高息低波,listed,70.9,71.05,70.5,70.85,0.0,0.0,650795,46119280,245,TWSE
2026-03-20,00733,富邦臺灣中小,listed,58.6,58.85,56.55,57.05,-0.5,-0.8688,1165703,66933724,949,TWSE
2026-03-20,00735,國泰臺韓科技,listed,70.0,70.3,69.1,69.25,-0.75,-1.0714,1979105,137753490,1737,TWSE
2026-03-20,00736,國泰新興市場,listed,28.5,28.5,28.16,28.36,-0.29,-1.0122,263273,7464633,22,TWSE
2026-03-20,00737,國泰AI機器人,listed,33.7,33.78,33.65,33.7,-0.1,-0.2959,73575,2481499,134,TWSE
2026-03-20,00738U,期元大道瓊白銀,listed,59.7,60.8,59.5,60.25,-1.6,-2.5869,14902347,896491227,10202,TWSE
2026-03-20,00739,元大MSCI A股,listed,27.0,27.28,27.0,27.15,0.0,0.0,31932,867806,116,TWSE
2026-03-20,00752,中信中國50,listed,24.68,24.68,24.29,24.29,-0.43,-1.7395,1836637,44790527,1006,TWSE
2026-03-20,00753L,中信中國50正2,listed,10.77,10.78,10.57,10.59,-0.25,-2.3063,20133230,214513269,2865,TWSE
2026-03-20,00757,統一FANG+,listed,109.6,109.6,109.25,109.25,-0.65,-0.5914,1162586,127180119,3982,TWSE
2026-03-20,00762,元大全球AI,listed,83.85,84.1,83.6,83.8,0.75,0.9031,263115,22068904,404,TWSE
2026-03-20,00763U,期街口道瓊銅,listed,29.97,30.25,29.94,30.15,0.18,0.6006,1377439,41438565,530,TWSE
2026-03-20,00770,國泰北美科技,listed,51.65,51.9,51.65,51.75,0.25,0.4854,186942,9678070,409,TWSE
2026-03-20,00771,元大US高息特別股,listed,16.1,16.17,16.08,16.08,-0.1,-0.618,45218,727820,91,TWSE
2026-03-20,00775B,新光投等債15+,listed,32.53,32.53,32.52,32.52,0.3,0.9311,81065,2636238,7,TWSE
2026-03-20,00783,富邦中証500,listed,27.72,27.93,27.59,27.74,-0.01,-0.036,463225,12877287,132,TWSE
2026-03-20,00830,國泰費城半導體,listed,55.65,55.85,55.6,55.6,0.5,0.9074,7633040,425209385,4449,TWSE
2026-03-20,00850,元大臺灣ESG永續,listed,63.45,63.65,62.7,63.2,-0.2,-0.3155,690543,43677855,1065,TWSE
2026-03-20,00851,台新全球AI,listed,56.5,56.8,56.5,56.8,0.05,0.0881,4164,235722,77,TWSE
2026-03-20,00852L,國泰美國道瓊正2,listed,27.77,27.91,27.74,27.83,-0.1,-0.358,392648,10921060,146,TWSE
2026-03-20,00861,元大全球未來通訊,listed,66.2,66.2,65.25,65.4,0.15,0.2299,85102,5578478,1675,TWSE
2026-03-20,00865B,國泰US短期公債,listed,48.2,48.3,48.18,48.27,0.04,0.0829,1316600,63535231,586,TWSE
2026-03-20,00875,國泰網路資安,listed,38.83,38.89,38.82,38.85,-0.01,-0.0257,182770,7104664,152,TWSE
2026-03-20,00876,元大全球5G,listed,63.6,63.6,62.95,63.25,0.55,0.8772,76549,4853397,1313,TWSE
2026-03-20,00878,國泰永續高股息,listed,22.49,22.54,22.29,22.47,0.0,0.0,40976293,919944577,20097,TWSE
2026-03-20,00881,國泰台灣科技龍頭,listed,37.32,37.5,36.75,37.18,-0.13,-0.3484,11670650,433564454,5821,TWSE
2026-03-20,00882,中信中國高股息,listed,15.9,15.92,15.81,15.87,-0.03,-0.1887,5708847,90578464,1727,TWSE
2026-03-20,00885,富邦越南,listed,17.43,17.43,17.19,17.2,-0.23,-1.3196,4241571,73189978,2025,TWSE
2026-03-20,00891,中信關鍵半導體,listed,24.69,24.81,24.4,24.57,-0.04,-0.1625,7756464,191204707,3012,TWSE
2026-03-20,00892,富邦台灣半導體,listed,29.51,29.9,29.19,29.6,0.35,1.1966,1705061,50502667,677,TWSE
2026-03-20,00893,國泰智能電動車,listed,33.42,33.6,33.29,33.45,0.03,0.0898,1653396,55387370,512,TWSE
2026-03-20,00894,中信小資高價30,listed,34.5,34.77,34.0,34.66,0.21,0.6096,1119213,38586382,909,TWSE
2026-03-20,00895,富邦未來車,listed,40.0,40.0,39.6,39.6,-0.42,-1.0495,583640,23163763,738,TWSE
2026-03-20,00896,中信綠能及電動車,listed,21.25,21.38,20.97,21.2,-0.01,-0.0471,1999351,42359266,891,TWSE
2026-03-20,00897,富邦基因免疫生技,listed,9.7,9.74,9.7,9.72,0.01,0.103,721277,7014720,188,TWSE
2026-03-20,00898,國泰基因免疫革命,listed,7.89,7.98,7.89,7.93,0.04,0.507,486049,3854785,203,TWSE
2026-03-20,00899,FT潔淨能源,listed,23.83,24.0,23.8,23.99,0.22,0.9255,173115,4144140,858,TWSE
2026-03-20,00900,富邦特選高股息30,listed,14.4,14.43,14.24,14.35,0.03,0.2095,8782622,126051260,2417,TWSE
2026-03-20,00901,永豐智能車供應鏈,listed,30.28,30.3,29.77,30.01,-0.2,-0.662,127310,3839831,192,TWSE
2026-03-20,00902,中信電池及儲能,listed,13.99,14.3,13.93,14.26,0.27,1.9299,2332060,33059731,655,TWSE
2026-03-20,00903,富邦元宇宙,listed,15.98,15.98,15.91,15.93,-0.07,-0.4375,61951,987873,142,TWSE
2026-03-20,00904,新光臺灣半導體30,listed,30.05,30.22,29.39,29.66,-0.18,-0.6032,3588395,106830789,1694,TWSE
2026-03-20,00905,FT臺灣Smart,listed,19.82,19.92,19.6,19.77,-0.03,-0.1515,742133,14678133,837,TWSE
2026-03-20,00907,永豐優息存股,listed,14.93,14.96,14.85,14.86,-0.04,-0.2685,1330408,19794974,549,TWSE
2026-03-20,00908,富邦入息REITs+,listed,13.86,13.91,13.86,13.9,-0.1,-0.7143,321214,4459956,88,TWSE
2026-03-20,00909,國泰數位支付服務,listed,39.55,39.92,39.55,39.81,-0.04,-0.1004,1289658,51331834,1136,TWSE
2026-03-20,00910,第一金太空衛星,listed,57.5,57.6,57.1,57.25,0.5,0.8811,1486264,85125588,2996,TWSE
2026-03-20,00911,兆豐洲際半導體,listed,37.0,37.0,36.67,36.8,0.28,0.7667,268036,9866735,1966,TWSE
2026-03-20,00912,中信臺灣智慧50,listed,24.83,24.9,24.53,24.71,-0.13,-0.5233,310013,7660646,293,TWSE
2026-03-20,00913,兆豐台灣晶圓製造,listed,30.8,31.07,30.42,30.84,0.08,0.2601,450026,13898585,229,TWSE
2026-03-20,00915,凱基優選高股息30,listed,23.2,23.27,23.06,23.25,0.08,0.3453,4198431,97367198,1095,TWSE
2026-03-20,00916,國泰全球品牌50,listed,25.41,25.41,25.31,25.32,-0.11,-0.4326,92103,2334809,357,TWSE
2026-03-20,00917,中信特選金融,listed,20.3,20.3,20.22,20.26,-0.02,-0.0986,1681192,34049271,705,TWSE
2026-03-20,00918,大華優利高填息30,listed,22.68,22.73,22.49,22.58,-0.08,-0.353,25438564,574745076,12100,TWSE
2026-03-20,00919,群益台灣精選高息,listed,23.02,23.09,22.82,22.97,-0.03,-0.1304,128068834,2938375402,58348,TWSE
2026-03-20,00920,富邦ESG綠色電力,listed,21.53,21.56,21.39,21.48,0.23,1.0824,298868,6418722,997,TWSE
2026-03-20,00921,兆豐龍頭等權重,listed,18.96,18.97,18.71,18.81,-0.15,-0.7911,219760,4137759,266,TWSE
2026-03-20,00922,國泰台灣領袖50,listed,28.3,28.4,28.0,28.18,-0.08,-0.2831,15646886,441054529,11235,TWSE
2026-03-20,00923,群益台ESG低碳50,listed,29.17,29.2,28.72,28.93,-0.1,-0.3445,2968456,86022201,1932,TWSE
2026-03-20,00924,復華S&P500成長,listed,27.9,27.97,27.88,27.93,-0.07,-0.25,2562114,71564941,2363,TWSE
2026-03-20,00926,凱基全球菁英55,listed,22.84,22.85,22.8,22.8,-0.13,-0.5669,370941,8466075,404,TWSE
2026-03-20,00927,群益半導體收益,listed,25.3,25.4,24.8,25.06,-0.14,-0.5556,5854759,146683735,2642,TWSE
2026-03-20,00929,復華台灣科技優息,listed,19.99,20.06,19.65,19.83,-0.06,-0.3017,25227099,500516569,5561,TWSE
2026-03-20,00930,永豐ESG低碳高息,listed,17.73,17.77,17.59,17.77,0.06,0.3388,1079985,19107811,425,TWSE
2026-03-20,00932,兆豐永續高息等權,listed,15.07,15.13,14.87,14.91,-0.11,-0.7324,590597,8842418,378,TWSE
2026-03-20,00934,中信成長高股息,listed,22.06,22.18,21.7,21.9,-0.08,-0.364,1913568,41922440,857,TWSE
2026-03-20,00935,野村臺灣新科技50,listed,38.3,38.56,37.53,38.13,0.02,0.0525,7643728,291267014,2851,TWSE
2026-03-20,00936,台新永續高息中小,listed,17.93,17.98,17.7,17.85,-0.08,-0.4462,1045727,18630933,549,TWSE
2026-03-20,00938,凱基優選30,listed,18.52,18.52,18.37,18.45,0.03,0.1629,1140175,21043372,195,TWSE
2026-03-20,00939,統一台灣高息動能,listed,15.87,15.88,15.66,15.78,-0.09,-0.5671,4062494,64088650,1026,TWSE
2026-03-20,00940,元大台灣價值高息,listed,9.74,9.79,9.69,9.75,0.01,0.1027,27401415,266927348,3199,TWSE
2026-03-20,00941,中信上游半導體,listed,21.76,21.8,21.72,21.76,0.0,0.0,2144994,46686783,2089,TWSE
2026-03-20,00943,兆豐電子高息等權,listed,15.43,15.5,15.23,15.29,-0.01,-0.0654,405371,6259989,123,TWSE
2026-03-20,00944,野村趨勢動能高息,listed,15.52,15.55,15.34,15.4,-0.1,-0.6452,857570,13212418,245,TWSE
2026-03-20,00945B,凱基美國非投等債,listed,14.43,14.46,14.41,14.46,0.02,0.1385,6722613,97025020,554,TWSE
2026-03-20,00946,群益科技高息成長,listed,10.19,10.23,10.08,10.17,0.0,0.0,3353867,34086506,680,TWSE
2026-03-20,00947,台新臺灣IC設計,listed,26.0,26.12,25.0,25.32,-0.42,-1.6317,5805215,148112800,2722,TWSE
2026-03-20,00949,復華日本龍頭,listed,19.48,19.5,19.38,19.43,0.03,0.1546,400185,7780629,337,TWSE
2026-03-20,00951,台新日本半導體,listed,13.64,13.75,13.63,13.65,0.07,0.5155,1728170,23615376,506,TWSE
2026-03-20,00952,凱基台灣AI50,listed,13.63,13.65,13.28,13.36,-0.08,-0.5952,2339894,31537992,541,TWSE
2026-03-20,00953B,群益優選非投等債,listed,9.64,9.66,9.63,9.65,0.0,0.0,31088549,299844444,5202,TWSE
2026-03-20,00954,中信日本半導體,listed,14.6,14.67,14.58,14.6,0.09,0.6203,1262649,18465148,503,TWSE
2026-03-20,00956,中信日經高股息,listed,12.18,12.29,12.18,12.24,0.02,0.1637,240322,2944543,172,TWSE
2026-03-20,00960,野村全球航運龍頭,listed,17.88,17.92,16.87,17.82,0.02,0.1124,5319917,93396305,742,TWSE
2026-03-20,00961,FT臺灣永續高息,listed,10.18,10.21,10.08,10.14,-0.05,-0.4907,3408036,34524911,1298,TWSE
2026-03-20,00962,台新AI優息動能,listed,10.99,11.04,10.86,10.98,0.03,0.274,248714,2726025,195,TWSE
2026-03-20,00963,中信全球高股息,listed,12.34,12.35,12.28,12.32,-0.06,-0.4847,1100283,13549464,178,TWSE
2026-03-20,00964,中信亞太高股息,listed,14.05,14.21,13.98,14.03,-0.02,-0.1423,1760456,24662647,312,TWSE
2026-03-20,00965,元大航太防衛科技,listed,25.52,25.52,25.27,25.28,-0.32,-1.25,6605509,167360004,2964,TWSE
2026-03-20,00971,野村美國研發龍頭,listed,15.07,15.07,15.0,15.01,-0.07,-0.4642,504682,7576482,374,TWSE
2026-03-20,00972,野村日本動能高息,listed,18.81,18.88,18.8,18.83,0.13,0.6952,40157,756130,43,TWSE
2026-03-20,009800,中信NASDAQ,listed,10.85,10.86,10.82,10.83,-0.03,-0.2762,1326985,14383436,748,TWSE
2026-03-20,009801,中信美國創新科技,listed,10.4,10.43,10.4,10.4,-0.03,-0.2876,446521,4648805,307,TWSE
2026-03-20,009802,富邦旗艦50,listed,12.84,12.96,12.65,12.87,0.04,0.3118,3464927,44488190,575,TWSE
2026-03-20,009803,玉山市值動能50,listed,15.59,15.68,15.4,15.57,-0.01,-0.0642,1189369,18519790,503,TWSE
2026-03-20,009804,聯邦台精彩50,listed,16.94,17.02,16.79,16.92,-0.02,-0.1181,381862,6464494,191,TWSE
2026-03-20,009805,新光美國電力基建,listed,15.1,15.16,15.07,15.11,0.1,0.6662,7517765,113630707,2242,TWSE
2026-03-20,009808,華南永昌優選50,listed,22.28,22.28,22.0,22.14,0.01,0.0452,154082,3410985,90,TWSE
2026-03-20,009809,富邦淨零ESG50,listed,12.3,12.36,12.25,12.26,-0.04,-0.3252,382720,4701720,96,TWSE
2026-03-20,00980A,主動野村臺灣優選,listed,17.86,17.89,17.51,17.78,0.02,0.1126,10122030,179585364,2506,TWSE
2026-03-20,009810,玉山全球藍籌100,listed,18.37,18.37,18.14,18.14,-0.09,-0.4937,189027,3435882,113,TWSE
2026-03-20,009811,統一美國50,listed,11.14,11.18,11.13,11.16,-0.04,-0.3571,2457326,27427997,1206,TWSE
2026-03-20,009812,野村日本東證,listed,11.39,11.45,11.34,11.4,0.09,0.7958,941876,10708365,185,TWSE
2026-03-20,009813,貝萊德標普卓越50,listed,10.01,10.03,10.0,10.02,-0.01,-0.0997,4198370,42025304,1717,TWSE
2026-03-20,009816,凱基台灣TOP50,listed,10.82,10.87,10.7,10.78,-0.04,-0.3697,146806347,1582844515,37940,TWSE
2026-03-20,009817,國泰日本不動產,listed,9.7,9.78,9.7,9.76,0.03,0.3083,4085702,39853681,333,TWSE
2026-03-20,00981A,主動統一台股增長,listed,21.24,21.26,20.53,21.02,-0.02,-0.0951,235344019,4937416604,62567,TWSE
2026-03-20,00981T,平衡凱基雙核收息,listed,11.07,11.09,11.05,11.06,0.0,0.0,2753656,30482093,289,TWSE
2026-03-20,00982A,主動群益台灣強棒,listed,16.93,17.0,16.57,16.88,0.04,0.2375,32787987,552029996,7861,TWSE
2026-03-20,00982D,主動富邦動態入息,listed,10.04,10.07,10.04,10.05,0.0,0.0,6134985,61656475,203,TWSE
2026-03-20,00982T,平衡兆豐台美動能,listed,11.3,11.31,11.2,11.24,-0.07,-0.6189,2185320,24553796,75,TWSE
2026-03-20,00983A,主動中信ARK創新,listed,10.86,10.88,10.83,10.86,0.0,0.0,1376471,14947710,503,TWSE
2026-03-20,00983D,主動富邦複合收益,listed,10.23,10.24,10.21,10.23,0.03,0.2941,1487521,15208205,283,TWSE
2026-03-20,00984A,主動安聯台灣高息,listed,12.87,12.91,12.65,12.78,-0.07,-0.5447,6332806,80872305,1699,TWSE
2026-03-20,00984D,主動聯博全球非投,listed,9.96,9.96,9.94,9.96,-0.01,-0.1003,1938238,19297567,91,TWSE
2026-03-20,00985A,主動野村台灣50,listed,16.63,16.71,16.37,16.57,-0.01,-0.0603,7418258,122904223,2115,TWSE
2026-03-20,00985B,群益ESG投等債0-5,listed,10.32,10.33,10.29,10.32,-0.01,-0.0968,12746542,131369417,468,TWSE
2026-03-20,00986A,主動台新龍頭成長,listed,12.07,12.17,12.07,12.12,0.05,0.4143,1167681,14173220,234,TWSE
2026-03-20,00987A,主動台新優勢成長,listed,12.81,12.81,12.28,12.62,-0.05,-0.3946,10208852,128689311,1645,TWSE
2026-03-20,00988A,主動統一全球創新,listed,13.33,13.48,13.26,13.41,0.21,1.5909,27711706,371627650,5624,TWSE
2026-03-20,00989A,主動摩根美國科技,listed,14.16,14.24,14.16,14.22,0.07,0.4947,676205,9620363,246,TWSE
2026-03-20,00990A,主動元大AI新經濟,listed,12.57,12.66,12.36,12.6,0.23,1.8593,33546079,421359337,4939,TWSE
2026-03-20,00991A,主動復華未來50,listed,13.37,13.39,12.8,13.12,-0.18,-1.3534,103451492,1352925567,21738,TWSE
2026-03-20,00992A,主動群益科技創新,listed,13.95,13.97,13.42,13.67,-0.1,-0.7262,99476373,1364491024,17365,TWSE
2026-03-20,00993A,主動安聯台灣,listed,10.99,11.04,10.73,10.84,-0.11,-1.0046,33977337,369783210,5274,TWSE
2026-03-20,00994A,主動第一金台股優,listed,12.84,12.87,12.4,12.67,-0.07,-0.5495,24728642,314169128,2314,TWSE
2026-03-20,00995A,主動中信台灣卓越,listed,12.4,12.48,12.06,12.3,-0.01,-0.0812,11646669,143435010,2032,TWSE
2026-03-20,01001T,土銀富邦R1,listed,11.9,11.95,11.9,11.95,0.05,0.4202,56000,668880,27,TWSE
2026-03-20,01002T,土銀國泰R1,listed,14.35,14.38,14.22,14.22,-0.13,-0.9059,30000,427290,10,TWSE
2026-03-20,01004T,土銀富邦R2,listed,11.05,11.05,11.04,11.05,0.0,0.0,67000,740180,26,TWSE
2026-03-20,01007T,兆豐國泰R2,listed,13.29,13.29,13.29,13.29,0.0,0.0,104000,1382160,31,TWSE
2026-03-20,01009T,王道圓滿R1,listed,5.8,5.88,5.79,5.88,0.02,0.3413,45000,262950,14,TWSE
2026-03-20,01010T,京城樂富R1,listed,10.0,10.0,10.0,10.0,0.0,0.0,3252,32521,6,TWSE
2026-03-20,020000,富邦特選蘋果N,listed,20.34,20.58,20.34,20.58,0.0,0.0,15000,306300,2,TWSE
2026-03-20,020011,統一微波高息20N,listed,,,,,0.0,,0,0,0,TWSE
2026-03-20,020012,富邦行動通訊N,listed,,,,,0.0,,0,0,0,TWSE
2026-03-20,02001L,富邦蘋果正二N,listed,65.6,66.0,65.5,65.5,-0.7,-1.0574,7000,459900,4,TWSE
2026-03-20,02001R,富邦蘋果反一N,listed,0.72,0.72,0.72,0.72,0.0,0.0,93000,66960,1,TWSE
2026-03-20,020020,元大台股領航N,listed,17.73,17.87,17.73,17.87,0.14,0.7896,3000,53330,2,TWSE
2026-03-20,020028,元大特選電動車N,listed,15.0,15.04,15.0,15.04,-0.09,-0.5948,3000,45080,3,TWSE
2026-03-20,020029,元大ESG高股息N,listed,10.35,10.35,10.35,10.35,-0.04,-0.385,3000,31050,2,TWSE
2026-03-20,020030,統一智慧電動車N,listed,11.5,11.7,11.48,11.7,0.0,0.0,25000,289570,6,TWSE
2026-03-20,020031,統一IC設計臺灣N,listed,7.01,7.01,7.01,7.01,0.08,1.1544,5000,35050,1,TWSE
2026-03-20,020032,元大綠能N,listed,8.94,9.0,8.94,9.0,0.12,1.3514,3000,26930,3,TWSE
2026-03-20,020034,元大IC設計N,listed,9.25,9.25,9.25,9.25,0.09,0.9825,1000,9250,1,TWSE
2026-03-20,020036,元大金融配息N,listed,7.51,7.51,7.51,7.51,0.0,0.0,1000,7510,1,TWSE
2026-03-20,020037,元大金融高股息N,listed,8.34,8.42,8.34,8.42,0.06,0.7177,6000,50300,3,TWSE
2026-03-20,020038,元大ESG配息N,listed,,,,,0.0,,0,0,0,TWSE
2026-03-20,020039,元大加權N,listed,10.61,10.67,10.58,10.58,0.0,0.0,25000,264790,8,TWSE
2026-03-20,1101,台泥,listed,23.9,24.2,23.3,23.55,-0.35,-1.4644,54198777,1278859458,14736,TWSE
2026-03-20,1101B,台泥乙特,listed,45.45,45.45,45.45,45.45,0.0,0.0,32355,1470632,9,TWSE
2026-03-20,1102,亞泥,listed,34.0,34.8,33.9,34.8,0.7,2.0528,10335221,354602097,4788,TWSE
2026-03-20,1103,嘉泥,listed,13.5,13.65,13.5,13.65,0.1,0.738,192599,2619976,448,TWSE
2026-03-20,1104,環泥,listed,29.1,29.45,29.1,29.2,0.0,0.0,418383,12251572,531,TWSE
2026-03-20,1108,幸福,listed,14.85,15.0,14.85,14.9,0.0,0.0,236248,3526939,118,TWSE
2026-03-20,1109,信大,listed,15.3,15.35,15.25,15.3,-0.05,-0.3257,210811,3228591,142,TWSE
2026-03-20,1110,東泥,listed,15.55,15.55,15.05,15.1,-0.5,-3.2051,373360,5724808,219,TWSE
2026-03-20,1201,味全,listed,13.65,13.8,13.6,13.65,-0.1,-0.7273,568200,7763916,682,TWSE
2026-03-20,1203,味王,listed,38.45,38.6,38.45,38.55,-0.2,-0.5161,5273,203132,85,TWSE
2026-03-20,1210,大成,listed,53.1,53.9,53.1,53.8,0.7,1.3183,1857067,99465342,1744,TWSE
2026-03-20,1213,大飲,listed,9.89,9.98,9.89,9.98,0.21,2.1494,6000,59710,6,TWSE
2026-03-20,1215,卜蜂,listed,149.0,150.0,147.5,150.0,1.0,0.6711,646542,96135609,1331,TWSE
2026-03-20,1216,統一,listed,70.4,71.2,70.2,70.2,-0.2,-0.2841,15345802,1080724540,5720,TWSE
2026-03-20,1217,愛之味,listed,10.25,10.25,10.2,10.2,0.0,0.0,637811,6518983,557,TWSE
2026-03-20,1218,泰山,listed,19.1,19.2,19.05,19.05,-0.05,-0.2618,668454,12782444,499,TWSE
2026-03-20,1219,福壽,listed,13.55,13.65,13.5,13.6,0.05,0.369,236056,3199798,248,TWSE
2026-03-20,1220,台榮,listed,12.65,12.7,12.65,12.65,0.0,0.0,175154,2217842,381,TWSE
2026-03-20,1225,福懋油,listed,31.05,32.05,31.05,31.95,0.9,2.8986,303926,9640133,448,TWSE
2026-03-20,1227,佳格,listed,29.85,30.75,29.85,30.75,0.75,2.5,4343836,133177409,749,TWSE
2026-03-20,1229,聯華,listed,44.5,45.05,43.85,43.85,-0.75,-1.6816,2453932,108775550,3146,TWSE
2026-03-20,1231,聯華食,listed,90.5,91.8,89.4,89.8,-1.2,-1.3187,330579,29987590,1853,TWSE
2026-03-20,1232,大統益,listed,149.0,150.5,149.0,149.5,0.0,0.0,72392,10831676,129,TWSE
2026-03-20,1233,天仁,listed,30.05,30.15,30.05,30.1,0.0,0.0,15164,456826,69,TWSE
2026-03-20,1234,黑松,listed,35.95,36.15,35.95,36.0,0.0,0.0,96694,3486506,112,TWSE
2026-03-20,1235,興泰,listed,36.0,39.75,35.9,39.75,3.6,9.9585,51638,2013871,108,TWSE
2026-03-20,1236,宏亞,listed,26.95,27.25,26.8,27.1,-0.1,-0.3676,87958,2373806,77,TWSE
2026-03-20,1256,鮮活果汁-KY,listed,155.5,156.5,154.0,154.0,-2.0,-1.2821,40454,6274944,493,TWSE
2026-03-20,1301,台塑,listed,49.0,49.7,47.35,47.6,-1.0,-2.0576,44047194,2118391208,21000,TWSE
2026-03-20,1303,南亞,listed,84.2,84.7,78.1,78.4,-5.8,-6.8884,79109988,6344330277,50593,TWSE
2026-03-20,1304,台聚,listed,15.2,15.55,14.9,15.05,0.9,6.3604,65272864,998018534,20186,TWSE
2026-03-20,1305,華夏,listed,16.9,16.95,16.15,16.8,1.35,8.7379,45892603,770269634,13711,TWSE
2026-03-20,1307,三芳,listed,34.8,35.5,34.2,34.25,-0.55,-1.5805,1541048,53518295,1108,TWSE
2026-03-20,1308,亞聚,listed,16.7,17.6,16.2,16.5,0.45,2.8037,30365301,517557994,10638,TWSE
2026-03-20,1309,台達化,listed,18.85,18.85,18.0,18.1,0.95,5.5394,46510634,865952461,12613,TWSE
2026-03-20,1310,台苯,listed,11.85,12.8,11.8,12.25,0.4,3.3755,28108968,349066770,8321,TWSE
2026-03-20,1312,國喬,listed,14.75,15.25,14.15,14.3,-0.1,-0.6944,45133580,663853905,12556,TWSE
2026-03-20,1312A,國喬特,listed,23.05,23.45,22.9,23.45,0.05,0.2137,14002,324248,8,TWSE
2026-03-20,1313,聯成,listed,13.1,13.6,12.9,12.95,-0.15,-1.145,16244769,214939159,5803,TWSE
2026-03-20,1314,中石化,listed,8.67,8.88,8.49,8.49,-0.16,-1.8497,59161552,512899885,14933,TWSE
2026-03-20,1315,達新,listed,63.9,64.0,63.8,63.8,-0.1,-0.1565,11790,753077,39,TWSE
2026-03-20,1316,上曜,listed,13.0,13.15,12.7,12.7,0.05,0.3953,1939767,24989860,993,TWSE
2026-03-20,1319,東陽,listed,82.9,83.3,81.3,83.1,1.1,1.3415,1942845,160521843,1790,TWSE
2026-03-20,1321,大洋,listed,33.0,33.5,32.95,33.25,0.3,0.9105,84157,2794303,77,TWSE
2026-03-20,1323,永裕,listed,19.05,19.1,18.9,19.1,-0.1,-0.5208,34770,661213,145,TWSE
2026-03-20,1324,地球,listed,10.6,10.65,10.45,10.55,0.1,0.9569,96486,1017873,120,TWSE
2026-03-20,1325,恆大,listed,27.25,27.35,26.85,27.25,0.55,2.0599,306120,8307480,292,TWSE
2026-03-20,1326,台化,listed,46.35,47.55,45.15,45.85,-0.75,-1.6094,52035565,2388075655,24600,TWSE
2026-03-20,1337,再生-KY,listed,6.28,6.44,6.17,6.25,-0.03,-0.4777,1518946,9473772,909,TWSE
2026-03-20,1338,廣華-KY,listed,15.5,15.65,15.35,15.35,-0.2,-1.2862,269841,4181853,574,TWSE
2026-03-20,1339,昭輝,listed,42.5,42.5,41.25,41.35,-0.25,-0.601,49601,2057825,168,TWSE
2026-03-20,1340,勝悅-KY,listed,7.0,7.08,6.96,7.0,-0.03,-0.4267,133944,938574,552,TWSE
2026-03-20,1341,富林-KY,listed,59.6,59.6,59.3,59.5,0.2,0.3373,7016,417142,22,TWSE
2026-03-20,1342,八貫,listed,86.8,87.1,86.0,86.0,-0.7,-0.8074,301750,26085330,309,TWSE
2026-03-20,1402,遠東新,listed,26.65,26.95,26.35,26.4,-0.3,-1.1236,29518019,782082542,11694,TWSE
2026-03-20,1409,新纖,listed,16.65,16.8,16.2,16.3,-0.4,-2.3952,8209815,135427517,3246,TWSE
2026-03-20,1410,南染,listed,31.9,31.95,30.9,31.05,-0.65,-2.0505,108064,3391663,68,TWSE
2026-03-20,1413,宏洲,listed,9.98,9.98,9.68,9.72,0.11,1.1446,9370,91066,10,TWSE
2026-03-20,1414,東和,listed,18.85,18.85,18.25,18.25,-0.55,-2.9255,217868,4028846,584,TWSE
2026-03-20,1416,廣豐,listed,11.7,11.7,11.6,11.7,0.05,0.4292,130306,1515923,303,TWSE
2026-03-20,1417,嘉裕,listed,9.03,9.03,8.91,9.0,0.05,0.5587,238087,2131779,476,TWSE
2026-03-20,1418,東華,listed,20.0,20.0,18.65,18.65,0.2,1.084,23674,463370,109,TWSE
2026-03-20,1419,新紡,listed,60.9,61.7,60.3,60.3,-1.0,-1.6313,203701,12392371,229,TWSE
2026-03-20,1423,利華,listed,39.95,40.0,39.7,40.0,0.2,0.5025,32394,1289887,39,TWSE
2026-03-20,1432,大魯閣,listed,18.1,18.15,17.9,18.0,-0.1,-0.5525,679043,12242233,3304,TWSE
2026-03-20,1434,福懋,listed,16.75,16.95,16.4,16.4,-0.35,-2.0896,2096407,34828610,1308,TWSE
2026-03-20,1435,中福,listed,18.55,18.55,18.55,18.55,0.0,0.0,1949,35706,51,TWSE
2026-03-20,1436,華友聯,listed,55.6,58.5,55.6,56.4,2.2,4.059,450462,25428749,433,TWSE
2026-03-20,1437,勤益控,listed,30.5,30.75,30.4,30.65,-0.05,-0.1629,74729,2286606,126,TWSE
2026-03-20,1438,三地開發,listed,30.4,30.4,29.5,29.85,0.3,1.0152,13850,411650,29,TWSE
2026-03-20,1439,雋揚,listed,28.15,28.2,27.75,28.05,0.35,1.2635,14847,414805,17,TWSE
2026-03-20,1440,南紡,listed,13.35,13.45,13.1,13.1,-0.3,-2.2388,1737235,23098744,926,TWSE
2026-03-20,1441,大東,listed,9.92,9.92,9.9,9.92,-0.01,-0.1007,37155,368429,74,TWSE
2026-03-20,1442,名軒,listed,27.5,28.8,27.5,28.0,0.95,3.512,1324967,37311562,731,TWSE
2026-03-20,1443,立益物流,listed,24.45,24.5,24.35,24.45,0.1,0.4107,17231,421226,35,TWSE
2026-03-20,1444,力麗,listed,6.48,6.56,6.41,6.41,-0.07,-1.0802,1893934,12233513,605,TWSE
2026-03-20,1445,大宇,listed,12.55,13.05,12.55,13.0,0.15,1.1673,15068,195418,33,TWSE
2026-03-20,1446,宏和,listed,17.2,17.45,17.2,17.3,0.05,0.2899,279616,4830779,134,TWSE
2026-03-20,1447,力鵬,listed,5.59,5.68,5.32,5.32,-0.29,-5.1693,9472439,50646898,876,TWSE
2026-03-20,1449,佳和,listed,13.95,14.3,13.35,13.5,0.45,3.4483,15040326,208080068,7351,TWSE
2026-03-20,1451,年興,listed,18.05,18.1,17.95,17.95,-0.05,-0.2778,84295,1518734,92,TWSE
2026-03-20,1452,宏益,listed,11.2,11.3,11.15,11.2,0.0,0.0,92201,1032648,172,TWSE
2026-03-20,1453,大將,listed,12.6,12.7,12.4,12.4,0.1,0.813,331565,4137190,140,TWSE
2026-03-20,1454,台富,listed,12.85,12.9,12.8,12.9,0.1,0.7812,12183,156721,51,TWSE
2026-03-20,1455,集盛,listed,9.39,9.45,9.19,9.22,-0.2,-2.1231,901894,8373175,555,TWSE
2026-03-20,1456,怡華,listed,13.35,14.45,13.35,14.45,1.3,9.8859,215348,3072109,163,TWSE
2026-03-20,1457,宜進,listed,16.05,16.15,15.95,16.0,-0.1,-0.6211,125055,2009376,208,TWSE
2026-03-20,1459,聯發,listed,11.85,11.85,11.65,11.7,0.0,0.0,105555,1237667,136,TWSE
2026-03-20,1460,宏遠,listed,6.91,7.05,6.88,7.03,0.11,1.5896,910794,6379306,309,TWSE
2026-03-20,1463,強盛新,listed,17.4,18.05,17.4,17.95,0.35,1.9886,137049,2420941,188,TWSE
2026-03-20,1464,得力,listed,10.6,10.65,10.45,10.5,-0.1,-0.9434,617930,6520207,2248,TWSE
2026-03-20,1465,偉全,listed,12.1,12.15,12.0,12.1,-0.05,-0.4115,315767,3807710,911,TWSE
2026-03-20,1466,聚隆,listed,18.15,18.15,17.7,17.9,0.1,0.5618,248177,4441769,123,TWSE
2026-03-20,1467,南緯,listed,7.1,7.19,7.09,7.1,0.01,0.141,116955,834225,121,TWSE
2026-03-20,1468,昶和,listed,12.0,12.1,11.8,12.0,-0.15,-1.2346,37000,442700,32,TWSE
2026-03-20,1470,大統新創,listed,23.35,23.35,23.35,23.35,0.6,2.6374,1016,23701,17,TWSE
2026-03-20,1471,首利,listed,12.8,13.95,12.75,13.95,1.25,9.8425,4005021,54849686,1497,TWSE
2026-03-20,1472,三洋實業,listed,95.5,97.3,95.5,96.2,-0.5,-0.5171,145246,13988170,74,TWSE
2026-03-20,1473,台南,listed,23.8,24.0,23.5,23.95,0.45,1.9149,73861,1753550,125,TWSE
2026-03-20,1474,弘裕,listed,10.05,10.1,9.98,10.1,0.1,1.0,149362,1498207,124,TWSE
2026-03-20,1475,業旺,listed,28.6,28.65,28.15,28.55,-0.3,-1.0399,26179,745749,36,TWSE
2026-03-20,1476,儒鴻,listed,371.0,371.5,364.0,367.5,-5.0,-1.3423,1353110,496820522,2318,TWSE
2026-03-20,1477,聚陽,listed,292.0,293.0,275.5,285.0,-8.0,-2.7304,3523454,997269959,4590,TWSE
2026-03-20,1503,士電,listed,203.0,205.5,200.0,203.0,0.0,0.0,1794597,363726053,2089,TWSE
2026-03-20,1504,東元,listed,68.4,68.5,66.6,67.2,-1.1,-1.6105,10386282,698672623,8738,TWSE
2026-03-20,1506,正道,listed,11.45,11.45,11.3,11.45,0.0,0.0,95396,1085675,72,TWSE
2026-03-20,1512,瑞利,listed,7.65,7.78,7.6,7.7,0.04,0.5222,122573,943535,109,TWSE
2026-03-20,1513,中興電,listed,161.0,161.0,156.0,157.5,-2.0,-1.2539,3217660,507336519,4651,TWSE
2026-03-20,1514,亞力,listed,118.5,118.5,113.5,115.0,-2.5,-2.1277,2525675,291416527,2741,TWSE
2026-03-20,1515,力山,listed,24.55,24.95,24.4,24.95,0.3,1.217,241334,5937475,245,TWSE
2026-03-20,1516,川飛,listed,22.2,22.75,21.5,22.25,-0.05,-0.2242,260162,5782318,215,TWSE
2026-03-20,1517,利奇,listed,11.35,11.55,11.35,11.4,0.05,0.4405,193934,2222604,165,TWSE
2026-03-20,1519,華城,listed,927.0,937.0,906.0,916.0,-6.0,-0.6508,2182941,2004725446,6570,TWSE
2026-03-20,1521,大億,listed,25.25,25.25,25.0,25.15,-0.1,-0.396,25620,642231,53,TWSE
2026-03-20,1522,堤維西,listed,33.85,33.9,33.35,33.65,-0.2,-0.5908,896721,30170301,843,TWSE
2026-03-20,1522A,堤維西甲特,listed,50.1,50.1,50.1,50.1,0.0,0.0,3000,150300,2,TWSE
2026-03-20,1524,耿鼎,listed,28.55,28.95,28.5,28.7,-0.1,-0.3472,493423,14163139,537,TWSE
2026-03-20,1525,江申,listed,61.2,61.6,60.7,61.6,0.3,0.4894,13322,815880,66,TWSE
2026-03-20,1526,日馳,listed,17.65,19.0,17.5,17.85,0.2,1.1331,497011,9068751,529,TWSE
2026-03-20,1527,鑽全,listed,32.6,32.6,32.25,32.4,-0.1,-0.3077,528414,17115573,465,TWSE
2026-03-20,1528,恩德,listed,23.2,23.4,22.3,22.6,-0.5,-2.1645,4229320,96107418,2692,TWSE
2026-03-20,1529,樂事綠能,listed,28.2,28.2,26.5,26.55,-1.1,-3.9783,2735212,73824581,1788,TWSE
2026-03-20,1530,亞崴,listed,26.3,26.55,26.25,26.25,-0.05,-0.1901,22001,579329,93,TWSE
2026-03-20,1531,高林股,listed,12.9,13.0,12.8,12.9,-0.05,-0.3861,160315,2069862,76,TWSE
2026-03-20,1532,勤美,listed,22.55,23.15,22.55,22.8,0.2,0.885,626882,14328816,379,TWSE
2026-03-20,1533,車王電,listed,30.9,31.05,30.65,30.75,-0.25,-0.8065,72365,2234122,59,TWSE
2026-03-20,1535,中宇,listed,52.6,53.2,52.4,52.9,0.2,0.3795,107847,5693662,107,TWSE
2026-03-20,1536,和大,listed,51.4,51.8,50.2,50.7,-0.5,-0.9766,2086819,106232912,2149,TWSE
2026-03-20,1537,廣隆,listed,123.5,124.5,123.0,123.0,-1.0,-0.8065,99241,12233675,103,TWSE
2026-03-20,1538,正峰,listed,17.0,17.0,16.7,16.85,-0.15,-0.8824,11216,189218,34,TWSE
2026-03-20,1539,巨庭,listed,16.9,17.05,16.9,17.0,-0.1,-0.5848,29062,492646,32,TWSE
2026-03-20,1540,喬福,listed,22.1,22.4,22.0,22.15,0.05,0.2262,262175,5820287,279,TWSE
2026-03-20,1541,錩泰,listed,25.25,25.65,25.0,25.3,0.05,0.198,29031,730990,30,TWSE
2026-03-20,1558,伸興,listed,93.4,94.7,93.1,93.2,-0.6,-0.6397,75206,7037686,744,TWSE
2026-03-20,1560,中砂,listed,473.0,476.5,461.0,474.0,7.0,1.4989,1962391,926015143,3172,TWSE
2026-03-20,1563,巧新,listed,40.35,41.0,40.1,40.25,-0.1,-0.2478,476535,19308037,606,TWSE
2026-03-20,1568,倉佑,listed,22.75,22.9,22.4,22.6,0.15,0.6682,91805,2073682,89,TWSE
2026-03-20,1582,信錦,listed,93.6,93.8,88.2,88.2,-4.5,-4.8544,4744233,426934351,4544,TWSE
2026-03-20,1583,程泰,listed,44.85,45.5,44.55,44.95,1.3,2.9782,28203,1272798,36,TWSE
2026-03-20,1587,吉茂,listed,36.0,36.35,35.4,35.5,0.0,0.0,483801,17294592,417,TWSE
2026-03-20,1589,永冠-KY,listed,8.17,8.17,7.71,7.71,-0.69,-8.2143,996954,7857882,638,TWSE
2026-03-20,1590,亞德客-KY,listed,974.0,984.0,966.0,981.0,3.0,0.3067,732992,717398546,1079,TWSE
2026-03-20,1597,直得,listed,79.1,81.5,77.9,80.3,1.2,1.5171,501175,40188840,466,TWSE
2026-03-20,1598,岱宇,listed,19.8,20.2,19.75,19.9,-0.15,-0.7481,249254,4988316,159,TWSE
2026-03-20,1603,華電,listed,33.85,34.05,33.65,33.85,0.05,0.1479,245621,8317802,210,TWSE
2026-03-20,1604,聲寶,listed,25.1,25.25,25.05,25.05,-0.15,-0.5952,244279,6139396,584,TWSE
2026-03-20,1605,華新,listed,32.8,32.8,31.35,31.85,-0.35,-1.087,30103378,960431928,13145,TWSE
2026-03-20,1608,華榮,listed,33.35,33.6,32.8,33.25,0.0,0.0,2795341,93025493,1396,TWSE
2026-03-20,1609,大亞,listed,34.3,34.6,33.8,33.8,-0.5,-1.4577,4737230,161076443,4059,TWSE
2026-03-20,1611,中電,listed,13.7,13.75,13.45,13.5,-0.2,-1.4599,767505,10407502,1129,TWSE
2026-03-20,1612,宏泰,listed,35.6,36.1,35.2,35.6,-0.05,-0.1403,480100,17104531,367,TWSE
2026-03-20,1614,三洋電,listed,32.15,32.35,32.1,32.1,-0.2,-0.6192,55216,1777401,49,TWSE
2026-03-20,1615,大山,listed,46.35,46.75,46.35,46.35,0.0,0.0,52738,2452737,78,TWSE
2026-03-20,1616,億泰,listed,24.25,24.45,23.95,23.95,-0.3,-1.2371,1090638,26307477,541,TWSE
2026-03-20,1617,榮星,listed,15.2,15.25,14.9,14.9,-0.25,-1.6502,142822,2146865,169,TWSE
2026-03-20,1618,合機,listed,41.3,41.5,40.8,40.8,-0.4,-0.9709,763482,31347230,636,TWSE
2026-03-20,1623,大東電,listed,201.0,203.0,200.0,200.0,-1.0,-0.4975,166749,33499903,333,TWSE
2026-03-20,1626,艾美特-KY,listed,10.3,10.3,10.15,10.15,-0.05,-0.4902,58129,594450,178,TWSE
2026-03-20,1702,南僑,listed,35.55,35.7,35.5,35.6,-0.05,-0.1403,384441,13663742,629,TWSE
2026-03-20,1707,葡萄王,listed,119.5,120.0,119.0,119.5,0.0,0.0,117076,13989609,569,TWSE
2026-03-20,1708,東鹼,listed,46.45,47.25,44.7,44.75,-1.7,-3.6598,15863089,726675033,8980,TWSE
2026-03-20,1709,和益,listed,18.7,18.7,18.05,18.2,-0.55,-2.9333,1795726,32928822,1262,TWSE
2026-03-20,1710,東聯,listed,15.85,16.3,15.25,15.35,0.5,3.367,49936266,794345900,13839,TWSE
2026-03-20,1711,永光,listed,44.45,45.85,41.0,41.8,-1.45,-3.3526,28205599,1238262889,17322,TWSE
2026-03-20,1712,興農,listed,44.3,44.85,43.9,44.55,0.8,1.8286,1074811,47862476,1210,TWSE
2026-03-20,1713,國化,listed,47.85,48.35,47.5,47.6,-0.4,-0.8333,320810,15351852,272,TWSE
2026-03-20,1714,和桐,listed,10.0,10.15,9.68,9.68,-0.21,-2.1234,7341235,72622432,2489,TWSE
2026-03-20,1717,長興,listed,64.5,68.9,63.3,66.7,4.0,6.3796,101345906,6819921227,50533,TWSE
2026-03-20,1718,中纖,listed,7.68,8.06,7.65,7.71,0.05,0.6527,26709838,209430593,6922,TWSE
2026-03-20,1720,生達,listed,62.6,63.0,62.1,62.3,-0.6,-0.9539,385642,24100870,352,TWSE
2026-03-20,1721,三晃,listed,19.6,20.0,18.8,19.0,-0.75,-3.7975,3349378,64288791,1983,TWSE
2026-03-20,1722,台肥,listed,47.9,48.1,46.7,47.05,-0.15,-0.3178,9469481,449057420,5073,TWSE
2026-03-20,1723,中碳,listed,77.0,77.1,74.0,74.0,-2.6,-3.3943,1236082,92520623,2133,TWSE
2026-03-20,1725,元禎,listed,35.65,36.85,33.0,33.1,-2.35,-6.6291,1620505,56834434,1131,TWSE
2026-03-20,1726,永記,listed,75.3,75.7,75.3,75.4,-0.1,-0.1325,15825,1195309,30,TWSE
2026-03-20,1727,中華化,listed,55.1,56.4,53.2,53.4,-1.3,-2.3766,6821500,371655674,5118,TWSE
2026-03-20,1730,花仙子,listed,53.0,53.0,52.8,52.8,0.0,0.0,17197,909887,22,TWSE
2026-03-20,1731,美吾華,listed,21.85,21.85,21.8,21.85,0.0,0.0,95894,2093604,80,TWSE
2026-03-20,1732,毛寶,listed,26.05,26.3,26.0,26.0,-0.05,-0.1919,196421,5114939,331,TWSE
2026-03-20,1733,五鼎,listed,29.4,29.55,29.05,29.1,-0.3,-1.0204,176415,5165437,642,TWSE
2026-03-20,1734,杏輝,listed,30.7,31.1,30.7,31.0,0.3,0.9772,219973,6801036,306,TWSE
2026-03-20,1735,日勝化,listed,31.85,31.85,28.9,28.95,-2.75,-8.6751,1386755,41371060,1396,TWSE
2026-03-20,1736,喬山,listed,125.0,127.0,122.5,123.0,-3.0,-2.381,685085,85006200,792,TWSE
2026-03-20,1737,臺鹽,listed,31.45,31.55,31.25,31.5,-0.1,-0.3165,183699,5768716,256,TWSE
2026-03-20,1752,南光,listed,36.4,36.4,36.2,36.25,-0.15,-0.4121,53857,1956056,54,TWSE
2026-03-20,1760,寶齡富錦,listed,62.3,62.3,61.2,62.0,0.6,0.9772,155755,9623145,440,TWSE
2026-03-20,1762,中化生,listed,29.15,29.2,28.8,29.05,-0.1,-0.3431,124266,3601849,531,TWSE
2026-03-20,1773,勝一,listed,149.0,152.0,148.0,150.0,1.0,0.6711,676089,101432069,770,TWSE
2026-03-20,1776,展宇,listed,16.45,16.45,16.0,16.0,-0.35,-2.1407,114211,1849950,97,TWSE
2026-03-20,1783,和康生,listed,43.55,44.35,43.55,44.35,0.8,1.837,68288,2998396,127,TWSE
2026-03-20,1786,科妍,listed,65.4,65.4,64.2,64.2,-0.7,-1.0786,233061,15112960,421,TWSE
2026-03-20,1789,神隆,listed,22.1,22.2,21.1,21.25,-0.9,-4.0632,1556869,33619427,1055,TWSE
2026-03-20,1795,美時,listed,222.0,222.5,208.5,214.0,-9.5,-4.2506,7831338,1667486636,10467,TWSE
2026-03-20,1802,台玻,listed,62.1,62.5,56.1,57.6,-3.5,-5.7283,94836914,5555559138,56270,TWSE
2026-03-20,1805,寶徠,listed,10.65,11.7,10.6,11.7,1.05,9.8592,1045209,12167539,160,TWSE
2026-03-20,1806,冠軍,listed,8.57,8.69,8.57,8.61,0.01,0.1163,277489,2392377,202,TWSE
2026-03-20,1808,潤隆,listed,31.95,32.25,30.6,30.7,0.35,1.1532,1331284,41648439,1144,TWSE
2026-03-20,1809,中釉,listed,35.75,35.75,32.2,32.45,-0.05,-0.1538,42656380,1443648450,25232,TWSE
2026-03-20,1810,和成,listed,17.75,18.15,17.7,17.9,0.0,0.0,708407,12722851,348,TWSE
2026-03-20,1817,凱撒衛,listed,38.85,38.9,38.75,38.75,0.0,0.0,24118,935993,20,TWSE
2026-03-20,1903,士紙,listed,49.2,49.6,49.15,49.35,-0.05,-0.1012,119186,5882331,132,TWSE
2026-03-20,1904,正隆,listed,17.5,18.1,17.45,17.55,0.05,0.2857,1989951,35129835,1148,TWSE
2026-03-20,1905,華紙,listed,11.6,12.0,11.6,11.7,0.05,0.4292,2894140,34211712,953,TWSE
2026-03-20,1906,寶隆,listed,11.3,11.35,11.0,11.2,-0.1,-0.885,149992,1680964,405,TWSE
2026-03-20,1907,永豐餘,listed,23.9,24.25,23.9,24.0,0.1,0.4184,758284,18239573,499,TWSE
2026-03-20,1909,榮成,listed,9.15,9.34,9.14,9.2,0.05,0.5464,1275303,11767403,746,TWSE
2026-03-20,2002,中鋼,listed,19.1,19.8,19.05,19.45,0.65,3.4574,103794732,2023444632,24407,TWSE
2026-03-20,2002A,中鋼特,listed,38.85,38.9,38.8,38.9,0.1,0.2577,14273,554302,15,TWSE
2026-03-20,2006,東和鋼鐵,listed,70.1,71.5,69.3,70.5,0.0,0.0,12229232,860445707,7154,TWSE
2026-03-20,2007,燁興,listed,7.95,8.63,7.93,8.63,0.78,9.9363,2918395,24860920,1534,TWSE
2026-03-20,2008,高興昌,listed,27.75,27.85,27.75,27.85,0.1,0.3604,9310,258703,10,TWSE
2026-03-20,2009,第一銅,listed,42.0,42.4,41.5,41.85,0.3,0.722,1908858,79875323,1386,TWSE
2026-03-20,2010,春源,listed,24.65,25.75,24.65,25.45,0.7,2.8283,4930594,125155406,2114,TWSE
2026-03-20,2012,春雨,listed,16.2,16.9,16.15,16.45,0.25,1.5432,162347,2687636,335,TWSE
2026-03-20,2013,中鋼構,listed,43.6,45.5,43.6,44.45,0.7,1.6,592468,26700799,619,TWSE
2026-03-20,2014,中鴻,listed,18.85,19.6,18.5,19.6,1.75,9.8039,24831023,482307859,6976,TWSE
2026-03-20,2015,豐興,listed,67.4,69.3,67.3,68.8,1.1,1.6248,390250,26746769,319,TWSE
2026-03-20,2017,官田鋼,listed,10.2,10.9,10.15,10.85,0.94,9.4854,8616788,91428301,3493,TWSE
2026-03-20,2020,美亞,listed,24.25,24.65,24.1,24.2,0.3,1.2552,856489,20897751,575,TWSE
2026-03-20,2022,聚亨,listed,9.13,9.95,9.11,9.82,0.77,8.5083,5577358,54330246,2795,TWSE
2026-03-20,2023,燁輝,listed,14.5,14.85,14.45,14.55,0.1,0.692,3022583,44190294,1521,TWSE
2026-03-20,2024,志聯,listed,14.7,15.5,14.7,15.5,0.95,6.5292,22795,346599,152,TWSE
2026-03-20,2025,千興,listed,10.6,11.6,10.6,11.6,1.05,9.9526,545520,6253506,355,TWSE
2026-03-20,2027,大成鋼,listed,37.1,38.9,36.95,37.5,0.0,0.0,40195930,1531342007,15780,TWSE
2026-03-20,2028,威致,listed,18.05,19.5,18.05,19.25,1.5,8.4507,1712825,32530014,989,TWSE
2026-03-20,2029,盛餘,listed,20.55,21.25,20.55,20.7,0.3,1.4706,430306,8994764,252,TWSE
2026-03-20,2030,彰源,listed,15.45,16.8,15.45,16.55,1.25,8.1699,4522318,74737678,4445,TWSE
2026-03-20,2031,新光鋼,listed,39.95,41.3,39.95,40.25,0.7,1.7699,3059959,124726693,1886,TWSE
2026-03-20,2032,新鋼,listed,15.85,16.9,15.85,16.9,1.5,9.7403,2819859,47057153,1038,TWSE
2026-03-20,2033,佳大,listed,15.75,16.3,15.6,15.6,-0.05,-0.3195,615303,9788891,336,TWSE
2026-03-20,2034,允強,listed,20.15,20.85,20.15,20.5,0.45,2.2444,2772387,57206330,1182,TWSE
2026-03-20,2038,海光,listed,15.5,16.25,15.45,16.25,1.45,9.7973,4020701,64796551,1785,TWSE
2026-03-20,2049,上銀,listed,232.0,232.0,222.0,223.5,-6.0,-2.6144,3362021,757607937,3999,TWSE
2026-03-20,2059,川湖,listed,3575.0,3575.0,3405.0,3405.0,-170.0,-4.7552,1099519,3813853265,5781,TWSE
2026-03-20,2062,橋椿,listed,20.5,20.5,20.15,20.2,-0.2,-0.9804,277326,5622983,193,TWSE
2026-03-20,2069,運錩,listed,18.55,19.25,18.5,18.85,0.35,1.8919,637998,12146363,388,TWSE
2026-03-20,2101,南港,listed,33.9,36.65,33.7,35.35,1.75,5.2083,5621397,199697680,2997,TWSE
2026-03-20,2102,泰豐,listed,18.95,19.6,18.85,19.15,0.2,1.0554,515743,9928993,451,TWSE
2026-03-20,2103,台橡,listed,21.7,22.15,20.6,20.65,-1.3,-5.9226,13549470,286592082,6163,TWSE
2026-03-20,2104,國際中橡,listed,12.8,13.3,12.5,12.65,-0.05,-0.3937,8013387,102885676,3017,TWSE
2026-03-20,2105,正新,listed,29.7,30.3,29.7,30.3,0.75,2.5381,12592261,378963012,4403,TWSE
2026-03-20,2106,建大,listed,18.0,18.25,17.85,17.85,-0.15,-0.8333,1957637,35100282,794,TWSE
2026-03-20,2107,厚生,listed,25.0,25.2,25.0,25.15,0.05,0.1992,114622,2880353,129,TWSE
2026-03-20,2108,南帝,listed,27.05,27.3,25.2,25.35,-2.25,-8.1522,4996261,129387164,2711,TWSE
2026-03-20,2109,華豐,listed,15.1,15.15,15.0,15.15,0.05,0.3311,131645,1984482,178,TWSE
2026-03-20,2114,鑫永銓,listed,88.6,88.8,88.6,88.8,0.1,0.1127,11224,995840,19,TWSE
2026-03-20,2115,六暉-KY,listed,21.65,21.65,21.25,21.35,-0.1,-0.4662,184454,3939017,105,TWSE
2026-03-20,2201,裕隆,listed,27.6,28.0,27.35,28.0,0.45,1.6334,3639209,101100196,2381,TWSE
2026-03-20,2204,中華,listed,55.6,55.9,54.8,54.9,-0.8,-1.4363,4794808,263513603,1353,TWSE
2026-03-20,2206,三陽工業,listed,58.2,58.4,57.5,58.2,-0.2,-0.3425,1670968,96724435,1244,TWSE
2026-03-20,2207,和泰車,listed,483.5,496.0,480.5,496.0,10.5,2.1627,702312,343519760,1265,TWSE
2026-03-20,2208,台船,listed,21.5,22.1,21.4,21.6,0.1,0.4651,3728596,80788113,1713,TWSE
2026-03-20,2211,長榮鋼,listed,100.0,102.5,100.0,100.5,0.5,0.5,878435,88687659,618,TWSE
2026-03-20,2227,裕日車,listed,49.6,50.1,49.6,49.95,0.15,0.3012,32205,1605237,77,TWSE
2026-03-20,2228,劍麟,listed,89.3,89.8,88.0,88.0,-1.3,-1.4558,274348,24332670,341,TWSE
2026-03-20,2231,為升,listed,81.0,82.7,80.7,82.2,1.4,1.7327,274713,22421780,289,TWSE
2026-03-20,2233,宇隆,listed,232.0,244.0,230.5,235.0,3.5,1.5119,1173756,277567724,1357,TWSE
2026-03-20,2236,百達-KY,listed,107.5,109.5,105.5,108.0,0.0,0.0,170015,18201898,143,TWSE
2026-03-20,2239,英利-KY,listed,22.95,23.25,22.5,22.7,-0.65,-2.7837,195955,4471275,163,TWSE
2026-03-20,2241,艾姆勒,listed,32.3,32.9,30.85,31.85,0.35,1.1111,1425473,45643094,1349,TWSE
2026-03-20,2243,宏旭-KY,listed,19.8,20.4,19.35,19.5,-0.2,-1.0152,894905,17752084,524,TWSE
2026-03-20,2247,汎德永業,listed,236.0,239.0,236.0,236.0,-1.0,-0.4219,64719,15327525,219,TWSE
2026-03-20,2248,華勝-KY,listed,49.75,50.4,49.75,49.8,0.05,0.1005,29100,1453750,42,TWSE
2026-03-20,2250,IKKA-KY,listed,65.0,65.0,63.6,63.7,-1.1,-1.6975,152358,9767496,186,TWSE
2026-03-20,2254,巨鎧精密-創,listed,69.5,70.3,69.5,70.1,0.9,1.3006,20000,1394800,13,TWSE
2026-03-20,2258,鴻華先進-創,listed,30.45,31.35,30.25,30.9,0.2,0.6515,875867,26973600,514,TWSE
2026-03-20,2301,光寶科,listed,161.0,162.5,158.5,160.0,-0.5,-0.3115,13701865,2189382410,10019,TWSE
2026-03-20,2302,麗正,listed,19.15,19.55,18.8,18.85,-0.3,-1.5666,615992,11739321,387,TWSE
2026-03-20,2303,聯電,listed,58.5,59.0,57.7,57.8,-0.9,-1.5332,81415502,4728214455,29535,TWSE
2026-03-20,2305,全友,listed,14.9,15.2,14.5,14.85,0.05,0.3378,1734597,25736727,857,TWSE
2026-03-20,2308,台達電,listed,1450.0,1530.0,1410.0,1475.0,20.0,1.3746,15939579,23433815550,27406,TWSE
2026-03-20,2312,金寶,listed,24.3,24.95,23.65,23.65,-0.25,-1.046,27099804,659153973,11412,TWSE
2026-03-20,2313,華通,listed,230.0,233.0,216.0,222.0,-1.5,-0.6711,60465249,13545203701,58634,TWSE
2026-03-20,2314,台揚,listed,20.0,20.0,18.95,18.95,-1.05,-5.25,368242,7013428,391,TWSE
2026-03-20,2316,楠梓電,listed,110.5,118.5,110.5,113.0,5.0,4.6296,21876293,2531542086,15528,TWSE
2026-03-20,2317,鴻海,listed,203.5,205.0,200.5,203.0,-2.0,-0.9756,92925929,18814966145,93930,TWSE
2026-03-20,2321,東訊,listed,14.65,14.65,14.65,14.65,0.0,0.0,2035,30405,8,TWSE
2026-03-20,2323,中環,listed,13.1,13.1,13.1,13.1,1.15,9.6234,35236236,461594480,4616,TWSE
2026-03-20,2324,仁寶,listed,32.85,33.2,32.25,33.0,0.4,1.227,32583585,1068812695,12143,TWSE
2026-03-20,2327,國巨*,listed,280.0,287.0,266.5,271.0,-4.0,-1.4545,31157729,8528109160,27530,TWSE
2026-03-20,2328,廣宇,listed,46.5,47.0,45.3,45.3,-0.95,-2.0541,2784833,127838842,2166,TWSE
2026-03-20,2329,華泰,listed,62.6,66.3,60.2,62.1,1.8,2.9851,98679396,6276463793,52719,TWSE
2026-03-20,2330,台積電,listed,1860.0,1870.0,1840.0,1840.0,-10.0,-0.5405,53705722,99109745990,208042,TWSE
2026-03-20,2331,精英,listed,23.45,23.95,23.4,23.5,0.05,0.2132,2025688,47920383,1278,TWSE
2026-03-20,2332,友訊,listed,15.5,15.7,15.3,15.35,-0.15,-0.9677,2356432,36501563,1377,TWSE
2026-03-20,2337,旺宏,listed,170.0,170.0,145.0,160.0,3.0,1.9108,70710999,11247168147,68286,TWSE
2026-03-20,2338,光罩,listed,53.5,56.9,50.0,50.6,-2.9,-5.4206,15722932,820569464,11597,TWSE
2026-03-20,2340,台亞,listed,29.2,29.7,28.5,28.85,0.3,1.0508,3739440,108210196,2088,TWSE
2026-03-20,2342,茂矽,listed,33.45,33.75,32.0,32.3,-0.7,-2.1212,1541785,50374115,1575,TWSE
2026-03-20,2344,華邦電,listed,124.0,124.5,110.0,110.0,-12.0,-9.8361,338024724,38511029603,174059,TWSE
2026-03-20,2345,智邦,listed,1610.0,1675.0,1580.0,1610.0,20.0,1.2579,5787071,9414436075,8270,TWSE
2026-03-20,2347,聯強,listed,78.2,79.1,77.3,77.3,-1.1,-1.4031,7246902,562750759,3808,TWSE
2026-03-20,2348,海悅,listed,87.5,89.5,81.7,81.9,-1.0,-1.2063,2552947,216182085,2525,TWSE
2026-03-20,2348A,海悅甲特,listed,38.0,38.2,37.9,37.9,-0.05,-0.1318,86008,3268303,18,TWSE
2026-03-20,2349,錸德,listed,15.8,15.8,15.8,15.8,1.4,9.7222,20069681,317100832,4245,TWSE
2026-03-20,2351,順德,listed,94.3,95.9,90.3,91.9,-2.3,-2.4416,2087970,192930820,4246,TWSE
2026-03-20,2352,佳世達,listed,24.3,24.7,24.2,24.3,0.0,0.0,4107990,100359521,4023,TWSE
2026-03-20,2353,宏碁,listed,28.65,28.75,27.8,27.8,-0.55,-1.94,35041022,984631195,12762,TWSE
2026-03-20,2354,鴻準,listed,53.2,53.6,52.7,53.1,-0.1,-0.188,4748564,251712570,3193,TWSE
2026-03-20,2355,敬鵬,listed,47.5,48.8,45.5,45.5,-1.55,-3.2944,16259993,760658850,9724,TWSE
2026-03-20,2356,英業達,listed,43.45,43.7,42.65,42.8,-0.65,-1.496,15986663,686794026,8503,TWSE
2026-03-20,2357,華碩,listed,582.0,590.0,574.0,582.0,4.0,0.692,4989313,2901863730,6204,TWSE
2026-03-20,2359,所羅門,listed,117.0,118.0,114.0,114.0,-2.5,-2.1459,912142,105305220,2539,TWSE
2026-03-20,2360,致茂,listed,1590.0,1650.0,1525.0,1585.0,-10.0,-0.627,5103520,8104632120,6284,TWSE
2026-03-20,2362,藍天,listed,38.55,39.15,38.35,38.35,-0.2,-0.5188,387621,14981893,363,TWSE
2026-03-20,2363,矽統,listed,51.1,52.7,50.4,50.6,-0.4,-0.7843,4202180,216649654,3365,TWSE
2026-03-20,2364,倫飛,listed,64.5,64.5,62.9,62.9,-0.8,-1.2559,90259,5728485,464,TWSE
2026-03-20,2365,昆盈,listed,35.05,35.25,33.9,33.95,-1.0,-2.8612,1737820,59827264,1568,TWSE
2026-03-20,2367,燿華,listed,74.5,76.5,71.5,73.0,0.9,1.2483,98119539,7234028782,63300,TWSE
2026-03-20,2368,金像電,listed,1030.0,1040.0,934.0,988.0,-17.0,-1.6915,25449507,25100965419,26866,TWSE
2026-03-20,2369,菱生,listed,34.0,35.75,32.65,35.75,3.25,10.0,104183985,3630541188,42168,TWSE
2026-03-20,2371,大同,listed,31.15,31.5,30.65,30.8,-0.4,-1.2821,18428059,571400879,7788,TWSE
2026-03-20,2373,震旦行,listed,55.7,56.8,55.5,55.9,0.0,0.0,17733,995961,49,TWSE
2026-03-20,2374,佳能,listed,71.0,71.6,69.8,70.3,-0.7,-0.9859,2825630,199240316,2956,TWSE
2026-03-20,2375,凱美,listed,83.1,85.3,80.8,80.8,-1.8,-2.1792,846278,69574010,1433,TWSE
2026-03-20,2376,技嘉,listed,248.0,251.0,243.5,248.5,1.0,0.404,6731914,1669448748,5194,TWSE
2026-03-20,2377,微星,listed,95.1,95.2,92.6,93.5,-0.8,-0.8484,6821561,638274318,4847,TWSE
2026-03-20,2379,瑞昱,listed,473.5,481.5,472.5,479.5,3.0,0.6296,14309205,6856392032,3714,TWSE
2026-03-20,2380,虹光,listed,7.2,7.33,7.0,7.0,0.33,4.9475,3740898,27050386,1461,TWSE
2026-03-20,2382,廣達,listed,286.0,288.0,281.0,283.5,-3.0,-1.0471,13350676,3789273361,11388,TWSE
2026-03-20,2383,台光電,listed,2905.0,2915.0,2720.0,2810.0,-80.0,-2.7682,4588550,12932826435,13202,TWSE
2026-03-20,2385,群光,listed,120.5,124.5,118.5,124.5,4.0,3.3195,15234334,1869421773,4340,TWSE
2026-03-20,2387,精元,listed,45.2,47.0,45.2,46.25,1.2,2.6637,2718323,125655632,1928,TWSE
2026-03-20,2388,威盛,listed,50.6,55.3,49.95,55.3,5.0,9.9404,9330172,503441917,4924,TWSE
2026-03-20,2390,云辰,listed,11.4,11.4,10.7,10.8,-0.45,-4.0,2118118,23283560,1377,TWSE
2026-03-20,2392,正崴,listed,36.7,37.35,36.65,36.7,0.1,0.2732,1106776,40982424,794,TWSE
2026-03-20,2393,億光,listed,69.0,69.3,67.7,69.3,0.7,1.0204,13830960,955953848,3759,TWSE
2026-03-20,2395,研華,listed,340.5,345.5,338.0,344.0,2.0,0.5848,4204405,1440726148,3533,TWSE
2026-03-20,2397,友通,listed,54.3,55.4,54.3,54.7,-0.1,-0.1825,133169,7309330,118,TWSE
2026-03-20,2399,映泰,listed,37.2,37.2,34.4,37.2,3.35,9.8966,52430514,1922830799,21834,TWSE
2026-03-20,2401,凌陽,listed,20.95,21.7,20.7,21.2,0.3,1.4354,3749806,79963956,2062,TWSE
2026-03-20,2402,毅嘉,listed,52.3,53.7,50.7,51.0,-0.6,-1.1628,6139713,319515671,3973,TWSE
2026-03-20,2404,漢唐,listed,920.0,947.0,908.0,930.0,15.0,1.6393,6586510,6123901236,10147,TWSE
2026-03-20,2405,輔信,listed,15.2,16.6,14.95,16.55,1.45,9.6026,10412005,168458829,4318,TWSE
2026-03-20,2406,國碩,listed,36.75,37.8,35.3,37.05,0.6,1.6461,41618330,1519913184,15042,TWSE
2026-03-20,2408,南亞科,listed,264.5,264.5,234.0,234.0,-26.0,-10.0,159686881,38541047423,155620,TWSE
2026-03-20,2409,友達,listed,15.9,15.95,15.4,15.6,-0.15,-0.9524,90992642,1418355847,21027,TWSE
2026-03-20,2412,中華電,listed,136.0,136.5,134.0,134.0,-1.5,-1.107,23873382,3214434303,6951,TWSE
2026-03-20,2413,環科,listed,59.0,59.9,56.1,56.9,-1.1,-1.8966,5088410,292781549,4133,TWSE
2026-03-20,2414,精技,listed,44.1,44.2,43.8,43.95,-0.15,-0.3401,144736,6370990,464,TWSE
2026-03-20,2415,錩新,listed,29.6,29.85,29.05,29.7,0.65,2.2375,421238,12437250,268,TWSE
2026-03-20,2417,圓剛,listed,35.75,36.25,35.4,35.55,-0.25,-0.6983,376874,13520377,623,TWSE
2026-03-20,2419,仲琦,listed,32.3,33.0,30.75,30.95,-0.75,-2.3659,4008361,126170852,2418,TWSE
2026-03-20,2420,新巨,listed,52.0,53.0,52.0,52.7,0.7,1.3462,287792,15106127,518,TWSE
2026-03-20,2421,建準,listed,145.5,147.0,142.0,143.5,-1.0,-0.692,5225532,751767055,5927,TWSE
2026-03-20,2423,固緯,listed,48.25,49.2,48.25,49.1,0.75,1.5512,117082,5719695,194,TWSE
2026-03-20,2424,隴華,listed,28.2,28.8,27.3,27.3,-0.85,-3.0195,143200,4007328,97,TWSE
2026-03-20,2425,承啟,listed,31.0,31.75,30.5,30.65,-0.35,-1.129,485445,15083503,537,TWSE
2026-03-20,2426,鼎元,listed,35.0,36.0,35.0,35.0,0.3,0.8646,3660398,130133459,2042,TWSE
2026-03-20,2427,三商電,listed,24.15,24.15,23.8,23.8,-0.15,-0.6263,722705,17286460,410,TWSE
2026-03-20,2428,興勤,listed,162.5,165.0,160.5,161.0,-1.0,-0.6173,307473,49747265,356,TWSE
2026-03-20,2429,銘旺科,listed,49.5,49.55,47.35,47.6,-1.25,-2.5589,293128,14044776,800,TWSE
2026-03-20,2430,燦坤,listed,22.15,22.25,22.1,22.25,0.05,0.2252,88161,1951933,184,TWSE
2026-03-20,2431,聯昌,listed,12.8,13.4,12.8,12.95,0.1,0.7782,1020323,13324591,575,TWSE
2026-03-20,2432,倚天酷碁-創,listed,27.85,28.5,27.75,28.3,0.45,1.6158,70312,1974572,33,TWSE
2026-03-20,2433,互盛電,listed,46.0,46.2,46.0,46.1,0.0,0.0,43703,2015086,63,TWSE
2026-03-20,2434,統懋,listed,29.45,29.5,29.0,29.35,-0.1,-0.3396,10001,293478,10,TWSE
2026-03-20,2436,偉詮電,listed,66.7,67.9,63.5,65.8,-0.3,-0.4539,7752274,510166689,5347,TWSE
2026-03-20,2438,翔耀,listed,24.6,24.6,23.0,23.0,-0.2,-0.8621,385193,9063125,404,TWSE
2026-03-20,2439,美律,listed,83.8,85.5,83.4,85.5,1.7,2.0286,2386418,202978721,1453,TWSE
2026-03-20,2440,太空梭,listed,14.9,15.0,14.6,14.6,-0.3,-2.0134,198940,2939999,83,TWSE
2026-03-20,2441,超豐,listed,95.9,100.5,92.2,95.2,-0.1,-0.1049,16006146,1541962545,13415,TWSE
2026-03-20,2442,新美齊,listed,21.45,21.95,20.35,20.7,0.25,1.2225,3754356,78415420,1961,TWSE
2026-03-20,2444,兆勁,listed,14.1,14.75,13.95,14.05,0.05,0.3571,996987,14151140,618,TWSE
2026-03-20,2449,京元電子,listed,318.0,318.0,298.5,308.0,-8.0,-2.5316,48134842,14752395227,33677,TWSE
2026-03-20,2450,神腦,listed,29.5,29.55,29.3,29.35,-0.15,-0.5085,89695,2636463,179,TWSE
2026-03-20,2451,創見,listed,335.0,335.0,292.0,302.0,-7.0,-2.2654,23651631,7261702035,20231,TWSE
2026-03-20,2453,凌群,listed,55.5,56.0,54.9,55.0,-0.1,-0.1815,577117,31961599,627,TWSE
2026-03-20,2454,聯發科,listed,1685.0,1715.0,1655.0,1700.0,20.0,1.1905,8267553,14001969440,15985,TWSE
2026-03-20,2455,全新,listed,238.5,244.0,227.0,230.0,3.0,1.3216,25939961,6080347991,22817,TWSE
2026-03-20,2457,飛宏,listed,28.1,28.4,27.5,27.5,-0.45,-1.61,2588698,71961456,1960,TWSE
2026-03-20,2458,義隆,listed,137.0,138.0,134.5,136.0,-0.5,-0.3663,3524698,481404203,3315,TWSE
2026-03-20,2459,敦吉,listed,65.7,65.9,65.5,65.6,-0.1,-0.1522,29154,1915877,46,TWSE
2026-03-20,2460,建通,listed,25.5,26.1,25.25,25.85,0.65,2.5794,234766,6014169,303,TWSE
2026-03-20,2461,光群雷,listed,16.5,16.75,16.45,16.75,0.15,0.9036,689632,11452968,785,TWSE
2026-03-20,2462,良得電,listed,22.85,23.0,22.55,22.65,-0.2,-0.8753,264521,6033286,269,TWSE
2026-03-20,2464,盟立,listed,77.7,78.0,74.5,74.5,-2.5,-3.2468,5289593,400276277,5384,TWSE
2026-03-20,2465,麗臺,listed,65.7,65.7,61.5,62.8,-3.0,-4.5593,1983552,125304374,3436,TWSE
2026-03-20,2466,冠西電,listed,54.4,54.9,51.7,52.2,0.2,0.3846,411309,21727690,361,TWSE
2026-03-20,2467,志聖,listed,382.0,399.0,365.0,367.5,-4.0,-1.0767,2451417,929224095,4127,TWSE
2026-03-20,2468,華經,listed,41.1,42.5,39.3,40.0,-0.85,-2.0808,1528905,62550383,1378,TWSE
2026-03-20,2471,資通,listed,53.4,53.9,52.9,53.6,1.4,2.682,344914,18440699,369,TWSE
2026-03-20,2472,立隆電,listed,129.5,133.0,127.5,129.0,1.0,0.7812,5616915,728582877,5064,TWSE
2026-03-20,2474,可成,listed,187.5,188.0,186.0,186.0,-2.0,-1.0638,5192790,967906425,1945,TWSE
2026-03-20,2476,鉅祥,listed,85.6,87.0,83.9,84.0,-2.0,-2.3256,2267950,193006023,2085,TWSE
2026-03-20,2477,美隆電,listed,24.4,24.65,24.35,24.5,0.0,0.0,125577,3072919,90,TWSE
2026-03-20,2478,大毅,listed,75.0,75.0,68.3,68.3,-3.6,-5.007,3998085,282051084,3372,TWSE
2026-03-20,2480,敦陽科,listed,143.0,143.5,142.0,142.0,-1.0,-0.6993,125862,17940670,427,TWSE
2026-03-20,2481,強茂,listed,101.5,103.5,94.6,94.8,-6.2,-6.1386,24770049,2411166375,18556,TWSE
2026-03-20,2482,連宇,listed,16.15,16.3,15.9,16.0,-0.15,-0.9288,128086,2053244,481,TWSE
2026-03-20,2483,百容,listed,21.8,21.8,21.1,21.15,-0.4,-1.8561,154850,3290345,141,TWSE
2026-03-20,2484,希華,listed,28.1,29.05,27.65,28.3,0.4,1.4337,1815985,51703907,1484,TWSE
2026-03-20,2485,兆赫,listed,80.1,80.3,72.5,73.9,-6.2,-7.7403,19930396,1494566207,19605,TWSE
2026-03-20,2486,一詮,listed,159.0,159.0,150.0,155.0,-6.0,-3.7267,2771776,432828637,1814,TWSE
2026-03-20,2488,漢平,listed,48.35,48.35,48.1,48.15,-0.2,-0.4137,105395,5079339,244,TWSE
2026-03-20,2489,瑞軒,listed,47.15,47.15,38.65,38.65,-4.25,-9.9068,145087207,5895354667,100387,TWSE
2026-03-20,2491,吉祥全,listed,17.3,18.35,16.8,16.9,0.2,1.1976,763303,13214435,475,TWSE
2026-03-20,2492,華新科,listed,139.0,142.5,130.5,131.5,-5.5,-4.0146,10699040,1439549478,9072,TWSE
2026-03-20,2493,揚博,listed,116.5,122.5,115.0,116.0,-0.5,-0.4292,2023477,239296218,2299,TWSE
2026-03-20,2495,普安,listed,41.6,42.8,38.0,39.3,-0.2,-0.5063,50220164,2008482746,28571,TWSE
2026-03-20,2496,卓越,listed,68.6,68.9,68.5,68.6,0.1,0.146,28278,1940549,34,TWSE
2026-03-20,2497,怡利電,listed,41.95,43.35,41.65,43.3,1.5,3.5885,363689,15555700,328,TWSE
2026-03-20,2498,宏達電,listed,41.45,42.35,40.6,41.7,0.5,1.2136,6663128,277526647,3973,TWSE
2026-03-20,2501,國建,listed,23.65,24.3,23.6,23.85,0.6,2.5806,5543955,132619470,2041,TWSE
2026-03-20,2504,國產,listed,37.9,38.2,37.6,38.2,0.25,0.6588,3004358,114201092,1814,TWSE
2026-03-20,2505,國揚,listed,19.65,19.9,19.3,19.5,0.2,1.0363,601636,11753561,348,TWSE
2026-03-20,2506,太設,listed,8.81,9.07,8.74,9.05,0.32,3.6655,332195,2964361,240,TWSE
2026-03-20,2509,全坤建,listed,14.2,14.7,14.2,14.6,0.6,4.2857,228137,3305626,142,TWSE
2026-03-20,2511,太子,listed,8.14,8.28,8.14,8.16,0.04,0.4926,1064782,8737673,405,TWSE
2026-03-20,2514,龍邦,listed,13.6,13.8,13.55,13.65,0.1,0.738,145823,1995155,173,TWSE
2026-03-20,2515,中工,listed,14.45,14.6,14.2,14.25,0.1,0.7067,13744129,196677855,2702,TWSE
2026-03-20,2516,新建,listed,13.95,14.05,13.85,14.05,0.1,0.7168,123019,1718015,130,TWSE
2026-03-20,2520,冠德,listed,32.95,33.4,32.05,33.05,1.35,4.2587,10416363,343023415,2395,TWSE
2026-03-20,2524,京城,listed,41.0,41.5,39.15,39.2,0.3,0.7712,302330,12176624,246,TWSE
2026-03-20,2527,宏璟,listed,29.95,30.4,29.8,29.8,0.0,0.0,225593,6764626,195,TWSE
2026-03-20,2528,皇普,listed,27.6,27.7,27.1,27.15,0.3,1.1173,569339,15540076,398,TWSE
2026-03-20,2530,華建,listed,24.8,25.8,24.8,24.9,0.1,0.4032,636067,16021316,434,TWSE
2026-03-20,2534,宏盛,listed,20.0,20.15,19.85,19.9,-0.1,-0.5,642427,12841686,881,TWSE
2026-03-20,2535,達欣工,listed,72.2,74.5,72.2,73.6,1.3,1.7981,351317,25801707,812,TWSE
2026-03-20,2536,宏普,listed,22.5,22.9,22.45,22.55,0.2,0.8949,374002,8461545,208,TWSE
2026-03-20,2537,聯上發,listed,10.5,10.7,10.3,10.4,0.3,2.9703,1803114,18802879,824,TWSE
2026-03-20,2538,基泰,listed,10.2,10.25,10.2,10.2,0.05,0.4926,317063,3240371,143,TWSE
2026-03-20,2539,櫻花建,listed,48.55,49.65,48.1,48.15,-0.1,-0.2073,663887,32315037,673,TWSE
2026-03-20,2540,愛山林,listed,48.55,48.75,46.5,47.2,0.0,0.0,1619092,76514106,1585,TWSE
2026-03-20,2542,興富發,listed,36.75,37.2,35.9,36.5,0.65,1.8131,6287989,228830378,3328,TWSE
2026-03-20,2543,皇昌,listed,70.5,70.6,65.1,65.4,-4.2,-6.0345,8626536,576305227,5563,TWSE
2026-03-20,2545,皇翔,listed,36.85,37.45,36.5,36.65,0.15,0.411,391992,14472173,412,TWSE
2026-03-20,2546,根基,listed,83.4,84.1,83.4,83.8,0.4,0.4796,69785,5841746,584,TWSE
2026-03-20,2547,日勝生,listed,11.05,11.1,10.9,10.95,0.05,0.4587,2101962,23138479,649,TWSE
2026-03-20,2548,華固,listed,119.5,123.0,118.0,120.5,4.0,3.4335,4040405,485105206,2932,TWSE
2026-03-20,2597,潤弘,listed,152.0,156.5,152.0,156.5,4.5,2.9605,2903374,452678354,902,TWSE
2026-03-20,2601,益航,listed,6.13,6.26,6.12,6.14,0.02,0.3268,2383494,14713244,1086,TWSE
2026-03-20,2603,長榮,listed,218.0,218.0,212.5,214.0,-3.5,-1.6092,23761787,5089845755,13293,TWSE
2026-03-20,2605,新興,listed,46.25,46.25,39.55,39.8,-3.55,-8.1892,56962373,2392239584,31317,TWSE
2026-03-20,2606,裕民,listed,61.2,61.6,58.9,59.0,-1.5,-2.4793,5639953,336217288,3801,TWSE
2026-03-20,2607,榮運,listed,52.7,53.0,52.1,52.3,-0.6,-1.1342,644293,33820872,1635,TWSE
2026-03-20,2608,嘉里大榮,listed,30.95,31.1,30.8,30.8,-0.25,-0.8052,596832,18454668,484,TWSE
2026-03-20,2609,陽明,listed,56.5,56.6,55.1,56.1,-0.4,-0.708,51512121,2880013739,17141,TWSE
2026-03-20,2610,華航,listed,18.7,18.85,18.6,18.85,0.15,0.8021,25163356,471424186,6813,TWSE
2026-03-20,2611,志信,listed,14.7,14.85,14.6,14.75,0.05,0.3401,210571,3110022,324,TWSE
2026-03-20,2612,中航,listed,58.7,59.2,56.5,56.5,-1.6,-2.7539,1099835,63067802,1069,TWSE
2026-03-20,2613,中櫃,listed,24.6,24.6,23.95,23.95,-0.45,-1.8443,640041,15506695,433,TWSE
2026-03-20,2614,東森,listed,20.35,20.5,20.2,20.25,-0.1,-0.4914,725594,14748458,589,TWSE
2026-03-20,2615,萬海,listed,78.6,79.2,77.8,79.0,0.5,0.6369,40807970,3219041189,6253,TWSE
2026-03-20,2616,山隆,listed,18.0,18.25,18.0,18.05,0.7,4.0346,1917399,34674137,1829,TWSE
2026-03-20,2617,台航,listed,31.85,31.9,31.25,31.25,-0.7,-2.1909,866207,27288010,677,TWSE
2026-03-20,2618,長榮航,listed,34.55,34.95,34.3,34.8,0.15,0.4329,35403476,1226409961,8343,TWSE
2026-03-20,2630,亞航,listed,50.3,50.6,49.05,49.05,0.0,0.0,1308527,64793792,1321,TWSE
2026-03-20,2633,台灣高鐵,listed,26.05,26.35,26.05,26.35,0.2,0.7648,7201679,189114098,2168,TWSE
2026-03-20,2634,漢翔,listed,50.3,50.5,49.55,49.7,-0.5,-0.996,4373929,218066129,3837,TWSE
2026-03-20,2636,台驊控股,listed,70.4,70.8,69.1,69.1,-1.5,-2.1246,398289,27753556,909,TWSE
2026-03-20,2637,慧洋-KY,listed,71.7,72.0,69.5,70.3,-1.4,-1.9526,6511205,457806635,2083,TWSE
2026-03-20,2642,宅配通,listed,23.6,23.75,23.55,23.6,-0.05,-0.2114,48159,1138922,135,TWSE
2026-03-20,2645,長榮航太,listed,155.0,155.0,151.0,153.0,-2.0,-1.2903,1290608,197270231,2050,TWSE
2026-03-20,2646,星宇航空,listed,21.45,21.5,21.35,21.4,-0.05,-0.2331,3682313,78785472,2429,TWSE
2026-03-20,2701,萬企,listed,10.7,10.75,10.65,10.75,0.05,0.4673,77593,830456,44,TWSE
2026-03-20,2702,華園,listed,11.2,11.3,11.2,11.2,0.0,0.0,141428,1585079,115,TWSE
2026-03-20,2704,國賓,listed,42.15,42.5,42.15,42.5,0.25,0.5917,67280,2846410,89,TWSE
2026-03-20,2705,六福,listed,16.3,16.45,16.3,16.35,0.05,0.3067,158832,2595164,503,TWSE
2026-03-20,2706,第一店,listed,12.4,12.45,12.4,12.4,0.0,0.0,134068,1666242,139,TWSE
2026-03-20,2707,晶華,listed,184.0,185.5,184.0,185.0,1.0,0.5435,73479,13594862,161,TWSE
2026-03-20,2712,遠雄來,listed,15.5,15.5,15.0,15.35,-0.15,-0.9677,47612,724759,50,TWSE
2026-03-20,2722,夏都,listed,23.6,23.6,23.1,23.3,0.2,0.8658,45135,1049527,34,TWSE
2026-03-20,2723,美食-KY,listed,70.9,72.0,70.5,70.5,-0.3,-0.4237,482251,34292057,468,TWSE
2026-03-20,2727,王品,listed,223.0,226.0,223.0,226.0,2.5,1.1186,163744,36828137,1093,TWSE
2026-03-20,2731,雄獅,listed,170.0,170.0,168.0,169.0,1.0,0.5952,205496,34742242,538,TWSE
2026-03-20,2739,寒舍,listed,34.0,34.05,33.85,34.05,0.1,0.2946,43410,1474061,52,TWSE
2026-03-20,2748,雲品,listed,39.6,39.75,39.1,39.55,-0.05,-0.1263,60218,2382935,79,TWSE
2026-03-20,2753,八方雲集,listed,183.5,184.0,181.0,181.5,-2.0,-1.0899,305923,55843822,516,TWSE
2026-03-20,2762,世界健身-KY,listed,73.2,73.5,73.0,73.0,-0.5,-0.6803,35628,2612843,208,TWSE
2026-03-20,2801,彰銀,listed,20.6,20.7,20.5,20.5,-0.1,-0.4854,19562646,402106386,4416,TWSE
2026-03-20,2812,台中銀,listed,20.4,20.65,20.4,20.5,0.1,0.4902,8321572,170704281,2522,TWSE
2026-03-20,2816,旺旺保,listed,30.5,31.1,30.5,30.95,0.1,0.3241,48869,1510604,60,TWSE
2026-03-20,2820,華票,listed,16.75,16.8,16.7,16.75,-0.05,-0.2976,782268,13101400,452,TWSE
2026-03-20,2832,台產,listed,47.4,47.8,47.2,47.45,0.05,0.1055,148899,7056139,303,TWSE
2026-03-20,2834,臺企銀,listed,15.0,15.1,15.0,15.0,-0.05,-0.3322,30992833,466046073,6798,TWSE
2026-03-20,2836,高雄銀,listed,12.1,12.3,12.1,12.15,0.05,0.4132,1889430,23056541,470,TWSE
2026-03-20,2836A,高雄銀甲特,listed,24.25,24.3,24.25,24.3,0.05,0.2062,13100,318300,9,TWSE
2026-03-20,2838,聯邦銀,listed,20.05,20.25,20.05,20.15,0.0,0.0,1176375,23706882,699,TWSE
2026-03-20,2838A,聯邦銀甲特,listed,54.5,54.8,54.3,54.5,0.0,0.0,95004,5199618,29,TWSE
2026-03-20,2845,遠東銀,listed,12.3,12.45,12.3,12.3,-0.05,-0.4049,7345935,90637636,2077,TWSE
2026-03-20,2849,安泰銀,listed,12.95,13.0,12.9,12.9,-0.05,-0.3861,95665,1237587,120,TWSE
2026-03-20,2850,新產,listed,115.5,118.0,115.5,117.5,1.5,1.2931,298361,34968719,317,TWSE
2026-03-20,2851,中再保,listed,30.2,30.65,30.15,30.5,0.15,0.4942,1383705,42171914,1152,TWSE
2026-03-20,2852,第一保,listed,25.8,25.85,25.7,25.75,-0.1,-0.3868,458155,11812716,340,TWSE
2026-03-20,2855,統一證,listed,33.1,33.25,32.2,32.35,-0.55,-1.6717,4796820,156591048,2837,TWSE
2026-03-20,2867,三商壽,listed,7.58,7.63,7.54,7.54,-0.04,-0.5277,8400413,63523776,1505,TWSE
2026-03-20,2880,華南金,listed,33.0,33.6,33.0,33.55,0.25,0.7508,18923188,633019337,5250,TWSE
2026-03-20,2881,富邦金,listed,87.5,89.4,87.2,88.6,0.4,0.4535,35481530,3133543788,18366,TWSE
2026-03-20,2881A,富邦特,listed,63.9,64.0,63.9,64.0,0.0,0.0,41204,2635056,20,TWSE
2026-03-20,2881B,富邦金乙特,listed,62.3,62.4,62.3,62.4,0.0,0.0,120202,7496577,24,TWSE
2026-03-20,2881C,富邦金丙特,listed,51.9,51.9,51.7,51.7,0.0,0.0,12271,635603,31,TWSE
2026-03-20,2882,國泰金,listed,71.3,72.7,71.3,72.0,0.4,0.5587,25743394,1854773077,8286,TWSE
2026-03-20,2882A,國泰特,listed,61.6,61.8,61.6,61.8,0.1,0.1621,169330,10450084,23,TWSE
2026-03-20,2882B,國泰金乙特,listed,60.4,60.5,60.3,60.5,0.0,0.0,4444,268471,8,TWSE
2026-03-20,2883,凱基金,listed,19.95,20.2,19.9,20.1,0.15,0.7519,46655340,937116210,7871,TWSE
2026-03-20,2883B,凱基金乙特,listed,8.07,8.09,8.04,8.04,-0.05,-0.618,2062267,16629315,420,TWSE
2026-03-20,2884,玉山金,listed,31.95,31.95,31.3,31.8,0.1,0.3155,53882734,1704134473,17128,TWSE
2026-03-20,2885,元大金,listed,44.0,44.7,43.9,44.2,-0.05,-0.113,26624305,1177857646,6372,TWSE
2026-03-20,2886,兆豐金,listed,39.15,39.15,38.7,38.75,-0.2,-0.5135,30667665,1189978020,8079,TWSE
2026-03-20,2887,台新新光金,listed,24.45,24.8,24.35,24.65,0.2,0.818,124785778,3076243760,9057,TWSE
2026-03-20,2887E,台新新光戊特一,listed,50.2,50.2,50.1,50.2,0.0,0.0,43206,2166019,31,TWSE
2026-03-20,2887F,台新新光戊特二,listed,47.0,47.0,47.0,47.0,0.0,0.0,39551,1858908,16,TWSE
2026-03-20,2887G,台新新光庚特一,listed,41.1,41.25,41.1,41.2,0.05,0.1215,47719,1966666,25,TWSE
2026-03-20,2887H,台新新光庚特二,listed,40.0,40.25,40.0,40.0,0.0,0.0,129931,5202502,54,TWSE
2026-03-20,2887I,台新新光辛特,listed,9.33,9.34,9.32,9.34,0.02,0.2146,10368029,96729288,688,TWSE
2026-03-20,2887Z1,台新新光己特,listed,,,,,0.0,,1281,22022,16,TWSE
2026-03-20,2889,國票金,listed,16.05,16.55,16.0,16.55,0.5,3.1153,4233518,69220593,1724,TWSE
2026-03-20,2890,永豐金,listed,32.0,32.45,31.75,32.15,0.45,1.4196,75110765,2419021355,12282,TWSE
2026-03-20,2891,中信金,listed,51.4,52.2,51.4,52.1,0.5,0.969,37046334,1926440981,8332,TWSE
2026-03-20,2891B,中信金乙特,listed,63.8,64.3,63.8,64.3,0.0,0.0,6721,431224,17,TWSE
2026-03-20,2891C,中信金丙特,listed,60.3,60.6,60.3,60.6,0.1,0.1653,105413,6377362,18,TWSE
2026-03-20,2892,第一金,listed,28.5,28.75,28.45,28.75,0.15,0.5245,27126115,776720199,7463,TWSE
2026-03-20,2897,王道銀行,listed,9.84,9.92,9.84,9.86,-0.04,-0.404,2954850,29227766,672,TWSE
2026-03-20,2897B,王道銀乙特,listed,11.85,11.85,11.85,11.85,0.0,0.0,58330,691210,9,TWSE
2026-03-20,2901,欣欣,listed,23.5,23.6,23.3,23.4,-0.05,-0.2132,43297,1015058,139,TWSE
2026-03-20,2903,遠百,listed,23.15,23.3,23.15,23.25,0.0,0.0,1494368,34685705,514,TWSE
2026-03-20,2904,匯僑,listed,16.65,16.75,16.6,16.65,-0.05,-0.2994,57587,959489,54,TWSE
2026-03-20,2905,三商,listed,14.15,14.3,14.1,14.15,-0.05,-0.3521,841510,11943784,484,TWSE
2026-03-20,2906,高林,listed,13.15,13.2,13.1,13.2,0.1,0.7634,122477,1612867,137,TWSE
2026-03-20,2908,特力,listed,19.95,20.0,19.9,20.0,0.0,0.0,87654,1749429,44,TWSE
2026-03-20,2910,統領,listed,20.85,21.3,20.85,21.2,0.3,1.4354,6001,126621,6,TWSE
2026-03-20,2911,麗嬰房,listed,5.07,5.16,5.07,5.1,-0.08,-1.5444,34975,178150,245,TWSE
2026-03-20,2912,統一超,listed,215.0,217.0,211.5,217.0,2.5,1.1655,18126015,3919218419,5674,TWSE
2026-03-20,2913,農林,listed,12.3,12.7,12.3,12.45,0.25,2.0492,2285107,28625655,1223,TWSE
2026-03-20,2915,潤泰全,listed,48.95,49.0,48.2,48.55,-0.45,-0.9184,3349547,162245667,2143,TWSE
2026-03-20,2923,鼎固-KY,listed,17.4,18.5,17.4,18.4,0.6,3.3708,83224,1491724,120,TWSE
2026-03-20,2929,淘帝-KY,listed,6.52,6.55,6.48,6.5,-0.02,-0.3067,165532,1077769,270,TWSE
2026-03-20,2939,永邑-KY,listed,25.6,26.45,25.5,26.45,0.45,1.7308,23152,601712,65,TWSE
2026-03-20,2945,三商家購,listed,41.0,41.1,40.75,41.05,-0.25,-0.6053,17145,703505,28,TWSE
2026-03-20,3002,歐格,listed,20.3,20.4,19.95,20.15,-0.1,-0.4938,329689,6678380,157,TWSE
2026-03-20,3003,健和興,listed,49.75,52.5,49.75,50.7,0.75,1.5015,827827,42679589,762,TWSE
2026-03-20,3004,豐達科,listed,104.5,105.5,103.0,103.5,-1.0,-0.9569,142746,14843044,435,TWSE
2026-03-20,3005,神基,listed,131.5,132.5,127.0,128.5,-3.0,-2.2814,7641662,993271998,4636,TWSE
2026-03-20,3006,晶豪科,listed,219.0,219.0,195.5,195.5,-21.5,-9.9078,12293122,2479840199,13597,TWSE
2026-03-20,3008,大立光,listed,2340.0,2390.0,2335.0,2355.0,35.0,1.5086,841670,1985450455,2555,TWSE
2026-03-20,3010,華立,listed,135.0,137.5,129.5,130.0,-5.5,-4.059,1665044,219657343,2630,TWSE
2026-03-20,3011,今皓,listed,12.9,13.2,12.7,13.15,0.4,3.1373,1177777,15332571,635,TWSE
2026-03-20,3013,晟銘電,listed,98.1,100.5,96.6,99.9,2.0,2.0429,1773606,175490741,1982,TWSE
2026-03-20,3014,聯陽,listed,118.0,119.5,117.5,117.5,0.0,0.0,833292,98356923,940,TWSE
2026-03-20,3015,全漢,listed,51.1,51.8,50.9,51.1,0.0,0.0,579600,29762640,272,TWSE
2026-03-20,3016,嘉晶,listed,65.0,66.4,61.6,62.5,-1.7,-2.648,2490060,157761773,2057,TWSE
2026-03-20,3017,奇鋐,listed,2010.0,2060.0,1945.0,2050.0,35.0,1.737,6991270,14028231360,15320,TWSE
2026-03-20,3018,隆銘綠能,listed,12.3,12.3,12.25,12.25,-0.05,-0.4065,7179,88121,83,TWSE
2026-03-20,3019,亞光,listed,133.5,135.0,130.5,130.5,-2.0,-1.5094,1898702,251171542,2506,TWSE
2026-03-20,3021,鴻名,listed,16.5,16.6,16.4,16.45,-0.15,-0.9036,66161,1088906,60,TWSE
2026-03-20,3022,威強電,listed,72.5,72.6,68.5,68.5,0.0,0.0,6834939,480914287,4620,TWSE
2026-03-20,3023,信邦,listed,254.0,270.0,254.0,270.0,24.5,9.9796,3709988,992960638,3438,TWSE
2026-03-20,3024,憶聲,listed,10.7,10.8,10.5,10.7,-0.05,-0.4651,642632,6866158,489,TWSE
2026-03-20,3025,星通,listed,64.6,65.8,61.6,61.9,-2.7,-4.1796,1545102,97802561,1480,TWSE
2026-03-20,3026,禾伸堂,listed,123.5,125.0,118.0,119.0,-2.5,-2.0576,4324643,523651752,4083,TWSE
2026-03-20,3027,盛達,listed,20.7,20.7,20.25,20.25,-0.35,-1.699,494892,10145168,444,TWSE
2026-03-20,3028,增你強,listed,58.0,58.7,53.7,54.2,-2.3,-4.0708,8122823,452937678,5901,TWSE
2026-03-20,3029,零壹,listed,110.0,111.0,107.0,107.0,-4.5,-4.0359,1802376,195348627,2675,TWSE
2026-03-20,3030,德律,listed,268.5,271.0,255.0,255.5,-8.0,-3.0361,5299426,1391966588,6000,TWSE
2026-03-20,3031,佰鴻,listed,23.5,23.8,22.3,22.6,-0.8,-3.4188,2670899,61298009,1664,TWSE
2026-03-20,3032,偉訓,listed,66.0,67.0,64.5,65.2,0.7,1.0853,675020,44343766,609,TWSE
2026-03-20,3033,威健,listed,38.45,38.45,35.4,35.75,0.55,1.5625,47704772,1758899037,24995,TWSE
2026-03-20,3034,聯詠,listed,373.5,385.0,370.0,385.0,11.5,3.079,18421203,7064678703,5519,TWSE
2026-03-20,3035,智原,listed,160.5,163.5,157.5,157.5,-3.0,-1.8692,2319552,371093127,2975,TWSE
2026-03-20,3036,文曄,listed,251.0,256.5,247.0,254.0,4.0,1.6,18474632,4681357077,5766,TWSE
2026-03-20,3037,欣興,listed,577.0,577.0,533.0,554.0,-27.0,-4.6472,9060263,4982862056,15539,TWSE
2026-03-20,3038,全台,listed,21.85,22.05,21.65,21.65,-0.35,-1.5909,239060,5198916,339,TWSE
2026-03-20,3040,遠見,listed,48.3,49.5,48.05,48.9,0.4,0.8247,216514,10580665,171,TWSE
2026-03-20,3041,揚智,listed,24.3,24.6,23.45,23.45,-0.5,-2.0877,4461973,105013360,892,TWSE
2026-03-20,3042,晶技,listed,94.2,94.5,92.9,93.0,-0.4,-0.4283,1971071,184603031,2591,TWSE
2026-03-20,3043,科風,listed,21.3,21.4,21.0,21.1,-0.05,-0.2364,72907,1541775,207,TWSE
2026-03-20,3044,健鼎,listed,366.0,371.5,363.0,363.0,-3.0,-0.8197,9018685,3285505147,3634,TWSE
2026-03-20,3045,台灣大,listed,109.0,109.5,108.5,109.0,-0.5,-0.4566,5753047,626936811,1727,TWSE
2026-03-20,3046,建碁,listed,48.4,48.65,48.15,48.35,0.05,0.1035,83429,4040256,78,TWSE
2026-03-20,3047,訊舟,listed,16.6,16.85,16.4,16.65,0.05,0.3012,823444,13736791,569,TWSE
2026-03-20,3048,益登,listed,42.7,42.95,39.8,40.2,-2.35,-5.5229,9129622,376556840,6244,TWSE
2026-03-20,3049,精金,listed,18.0,18.0,17.85,18.0,1.6,9.7561,46850599,843161332,9442,TWSE
2026-03-20,3050,鈺德,listed,14.2,14.5,14.2,14.5,1.3,9.8485,2393025,34570001,768,TWSE
2026-03-20,3051,力特,listed,20.85,22.05,20.8,21.35,0.55,2.6442,1121102,24015185,930,TWSE
2026-03-20,3052,夆典,listed,11.1,11.25,11.05,11.05,0.05,0.4545,1028664,11466933,647,TWSE
2026-03-20,3054,立萬利,listed,90.0,90.0,77.7,79.2,-6.8,-7.907,246238,20213958,527,TWSE
2026-03-20,3055,蔚華科,listed,60.0,60.9,58.8,59.9,0.5,0.8418,192513,11548183,206,TWSE
2026-03-20,3056,富華新,listed,14.75,15.2,14.75,15.1,0.6,4.1379,2929728,43881934,1674,TWSE
2026-03-20,3057,喬鼎,listed,20.1,20.1,18.5,19.0,0.7,3.8251,2209753,43154303,1736,TWSE
2026-03-20,3058,立德,listed,10.5,10.55,10.15,10.2,-0.3,-2.8571,1828213,18877867,971,TWSE
2026-03-20,3059,華晶科,listed,38.2,38.45,37.7,37.95,0.1,0.2642,1162461,44320159,1184,TWSE
2026-03-20,3060,銘異,listed,33.65,36.35,33.15,34.8,1.45,4.3478,21339924,745396002,13821,TWSE
2026-03-20,3062,建漢,listed,24.35,24.55,23.75,23.75,-0.4,-1.6563,2091195,50186924,1472,TWSE
2026-03-20,3090,日電貿,listed,100.5,102.0,95.3,95.3,-4.1,-4.1247,4695109,454745044,4864,TWSE
2026-03-20,3092,鴻碩,listed,33.5,34.3,32.2,32.3,-1.05,-3.1484,1423553,46990033,1181,TWSE
2026-03-20,3094,聯傑,listed,23.8,24.2,23.7,23.75,-0.1,-0.4193,299110,7154462,345,TWSE
2026-03-20,3130,一零四,listed,224.5,224.5,223.0,223.0,0.0,0.0,19927,4450755,109,TWSE
2026-03-20,3135,凌航,listed,157.0,157.0,157.0,157.0,14.0,9.7902,3465967,544156819,1525,TWSE
2026-03-20,3138,耀登,listed,186.5,188.0,174.5,177.0,-8.5,-4.5822,3943785,709387265,6786,TWSE
2026-03-20,3149,正達,listed,45.4,47.2,45.0,45.75,1.25,2.809,5864244,271030395,3516,TWSE
2026-03-20,3150,鈺寶-創,listed,15.95,16.25,15.85,15.95,0.0,0.0,72145,1161040,74,TWSE
2026-03-20,3164,景岳,listed,18.5,18.5,18.25,18.25,-0.25,-1.3514,49506,910556,187,TWSE
2026-03-20,3167,大量,listed,369.0,369.0,343.0,345.0,-12.0,-3.3613,651737,229721388,984,TWSE
2026-03-20,3168,眾福科,listed,41.5,41.95,41.05,41.05,0.05,0.122,19118,792109,16,TWSE
2026-03-20,3189,景碩,listed,388.5,388.5,356.0,380.0,-3.5,-0.9126,9781675,3603606918,19989,TWSE
2026-03-20,3209,全科,listed,43.6,45.0,42.6,42.8,-0.45,-1.0405,5295320,232039495,5800,TWSE
2026-03-20,3229,晟鈦,listed,17.8,19.5,17.7,19.5,1.75,9.8592,318508,6092558,254,TWSE
2026-03-20,3231,緯創,listed,128.5,133.5,126.5,130.0,2.5,1.9608,65186260,8517267617,26798,TWSE
2026-03-20,3257,虹冠電,listed,56.4,57.0,55.3,55.7,-0.9,-1.5901,285229,15984525,638,TWSE
2026-03-20,3266,昇陽,listed,13.25,13.5,13.25,13.4,0.15,1.1321,22180,296828,35,TWSE
2026-03-20,3296,勝德,listed,21.9,22.05,21.6,21.6,-0.15,-0.6897,52108,1136883,184,TWSE
2026-03-20,3305,昇貿,listed,110.0,110.0,104.0,104.0,-4.5,-4.1475,2547767,270016042,2957,TWSE
2026-03-20,3308,聯德,listed,21.7,22.65,21.5,22.05,0.45,2.0833,284215,6300022,260,TWSE
2026-03-20,3311,閎暉,listed,33.0,33.15,32.55,32.7,0.0,0.0,183057,5995639,302,TWSE
2026-03-20,3312,弘憶股,listed,38.5,38.5,36.7,37.2,0.25,0.6766,1056151,39762996,983,TWSE
2026-03-20,3321,同泰,listed,16.95,16.95,16.95,16.95,1.5,9.7087,226547,3839942,148,TWSE
2026-03-20,3338,泰碩,listed,67.5,67.5,63.6,64.0,-2.1,-3.177,3218092,209926646,3689,TWSE
2026-03-20,3346,麗清,listed,20.15,20.2,19.8,19.9,-0.15,-0.7481,169475,3387909,202,TWSE
2026-03-20,3356,奇偶,listed,51.2,51.8,50.1,50.6,-0.1,-0.1972,537411,27281147,976,TWSE
2026-03-20,3376,新日興,listed,232.0,233.0,220.5,223.5,-7.0,-3.0369,10506355,2383024120,10810,TWSE
2026-03-20,3380,明泰,listed,36.65,37.35,35.95,36.15,-0.5,-1.3643,4816212,175522018,3717,TWSE
2026-03-20,3406,玉晶光,listed,453.0,455.5,442.5,445.0,-3.5,-0.7804,738697,330143387,1174,TWSE
2026-03-20,3413,京鼎,listed,307.0,307.5,298.0,301.0,-4.0,-1.3115,1172847,354288295,4107,TWSE
2026-03-20,3416,融程電,listed,150.0,151.5,149.0,150.5,0.0,0.0,177194,26630100,318,TWSE
2026-03-20,3419,譁裕,listed,16.35,16.8,15.85,16.2,-0.1,-0.6135,471490,7634086,248,TWSE
2026-03-20,3432,台端,listed,16.15,16.25,16.05,16.2,-0.05,-0.3077,89009,1436930,71,TWSE
2026-03-20,3437,榮創,listed,26.2,26.7,24.0,24.0,-0.75,-3.0303,3446421,86467876,2452,TWSE
2026-03-20,3443,創意,listed,2660.0,2735.0,2635.0,2645.0,35.0,1.341,3539579,9473145845,9581,TWSE
2026-03-20,3447,展達,listed,41.55,41.8,40.35,40.8,-0.65,-1.5682,156201,6416904,296,TWSE
2026-03-20,3450,聯鈞,listed,288.0,304.0,285.5,285.5,6.5,2.3297,38008318,11167871649,33599,TWSE
2026-03-20,3481,群創,listed,27.8,28.0,26.1,26.25,-1.05,-3.8462,501309223,13368818826,152053,TWSE
2026-03-20,3494,誠研,listed,8.76,8.76,8.24,8.43,0.19,2.3058,133050,1120197,98,TWSE
2026-03-20,3501,維熹,listed,48.65,48.8,48.5,48.55,-0.2,-0.4103,176813,8592981,261,TWSE
2026-03-20,3504,揚明光,listed,59.9,60.5,58.0,58.3,-1.3,-2.1812,473378,28091589,398,TWSE
2026-03-20,3515,華擎,listed,221.5,224.0,216.5,216.5,-3.5,-1.5909,635257,139344019,906,TWSE
2026-03-20,3518,柏騰,listed,22.7,23.2,22.1,22.9,0.35,1.5521,694946,15784762,536,TWSE
2026-03-20,3528,安馳,listed,63.6,64.1,62.1,62.4,-0.6,-0.9524,145647,9167478,149,TWSE
2026-03-20,3530,晶相光,listed,61.4,63.1,60.5,61.5,-0.4,-0.6462,239183,14847071,299,TWSE
2026-03-20,3532,台勝科,listed,155.5,157.0,141.0,143.5,-9.5,-6.2092,5439689,802540456,5684,TWSE
2026-03-20,3533,嘉澤,listed,2020.0,2190.0,1965.0,2065.0,35.0,1.7241,2482870,5169684200,5443,TWSE
2026-03-20,3535,晶彩科,listed,125.0,131.0,122.5,124.0,-0.5,-0.4016,7875457,998101216,6961,TWSE
2026-03-20,3543,州巧,listed,52.1,55.0,50.5,50.9,-1.0,-1.9268,4610752,241814872,3127,TWSE
2026-03-20,3545,敦泰,listed,43.6,44.05,43.05,43.5,-0.05,-0.1148,1156096,50313899,1231,TWSE
2026-03-20,3550,聯穎,listed,19.85,20.05,18.9,18.95,-0.6,-3.0691,3564656,69359897,2275,TWSE
2026-03-20,3557,嘉威,listed,30.5,31.0,30.5,30.6,0.1,0.3279,27925,856799,124,TWSE
2026-03-20,3563,牧德,listed,747.0,775.0,722.0,724.0,-11.0,-1.4966,2902361,2173398829,5474,TWSE
2026-03-20,3576,聯合再生,listed,24.8,24.8,22.7,23.1,-1.15,-4.7423,70777948,1655744879,22678,TWSE
2026-03-20,3583,辛耘,listed,421.0,443.5,420.0,430.0,13.5,3.2413,5801543,2520278134,7913,TWSE
2026-03-20,3588,通嘉,listed,50.0,51.9,49.1,50.9,1.3,2.621,248005,12574232,647,TWSE
2026-03-20,3591,艾笛森,listed,22.5,22.5,21.05,21.3,-0.7,-3.1818,13642963,297204296,6660,TWSE
2026-03-20,3592,瑞鼎,listed,215.0,216.0,212.5,214.0,-1.0,-0.4651,326536,70089225,753,TWSE
2026-03-20,3593,力銘,listed,12.9,12.9,12.55,12.55,-0.35,-2.7132,13458,171286,184,TWSE
2026-03-20,3596,智易,listed,197.0,201.5,192.0,192.0,-5.0,-2.5381,1520071,298568378,1722,TWSE
2026-03-20,3605,宏致,listed,61.9,62.6,60.8,60.8,-1.3,-2.0934,1225850,75391989,963,TWSE
2026-03-20,3607,谷崧,listed,14.55,14.6,14.4,14.55,0.1,0.692,238443,3461260,233,TWSE
2026-03-20,3617,碩天,listed,174.5,176.5,173.0,175.0,0.5,0.2865,192218,33657264,273,TWSE
2026-03-20,3622,洋華,listed,59.7,60.6,59.2,59.5,-0.2,-0.335,214793,12842758,207,TWSE
2026-03-20,3645,達邁,listed,81.5,83.8,77.4,78.4,-2.5,-3.0902,12667982,1009203824,8762,TWSE
2026-03-20,3652,精聯,listed,27.75,27.75,27.4,27.4,0.0,0.0,39347,1080792,28,TWSE
2026-03-20,3653,健策,listed,3910.0,3920.0,3810.0,3850.0,-50.0,-1.2821,1149545,4445444140,4872,TWSE
2026-03-20,3661,世芯-KY,listed,3240.0,3515.0,3235.0,3375.0,155.0,4.8137,4114317,14060259130,21016,TWSE
2026-03-20,3665,貿聯-KY,listed,1760.0,1835.0,1720.0,1825.0,105.0,6.1047,9965833,18030409290,12006,TWSE
2026-03-20,3669,圓展,listed,35.85,35.85,34.0,34.45,-0.85,-2.4079,71652,2495246,142,TWSE
2026-03-20,3673,TPK-KY,listed,45.15,47.5,44.35,46.0,0.85,1.8826,14900818,687480935,9277,TWSE
2026-03-20,3679,新至陞,listed,120.5,122.5,120.5,121.0,1.0,0.8333,50858,6147071,117,TWSE
2026-03-20,3686,達能,listed,19.6,19.85,19.0,19.15,-0.9,-4.4888,967600,18665233,1181,TWSE
2026-03-20,3694,海華,listed,57.3,57.8,56.4,56.6,-0.4,-0.7018,532446,30365095,465,TWSE
2026-03-20,3701,大眾控,listed,67.0,68.8,65.1,65.8,-0.2,-0.303,16894119,1133515286,11525,TWSE
2026-03-20,3702,大聯大,listed,94.9,94.9,89.3,91.4,-1.6,-1.7204,26934605,2455949177,13224,TWSE
2026-03-20,3703,欣陸,listed,22.55,23.0,22.55,22.65,0.1,0.4435,1243690,28355706,545,TWSE
2026-03-20,3704,合勤控,listed,34.3,34.7,33.25,33.25,-0.8,-2.3495,2673436,90287991,1402,TWSE
2026-03-20,3705,永信,listed,53.3,53.5,52.4,52.4,-1.1,-2.0561,571444,30063345,267,TWSE
2026-03-20,3706,神達,listed,82.8,83.3,81.0,81.0,-1.1,-1.3398,9173262,750343193,7531,TWSE
2026-03-20,3708,上緯投控,listed,119.5,124.0,117.5,122.0,3.0,2.521,1446827,175123952,1536,TWSE
2026-03-20,3711,日月光投控,listed,348.0,352.0,340.5,344.0,-3.0,-0.8646,22723737,7838784228,14115,TWSE
2026-03-20,3712,永崴投控,listed,23.05,23.9,23.05,23.55,0.5,2.1692,479629,11285402,354,TWSE
2026-03-20,3714,富采,listed,49.45,51.2,47.45,48.1,-0.4,-0.8247,21922341,1073411713,13564,TWSE
2026-03-20,3715,定穎投控,listed,193.0,194.5,176.0,178.5,-12.0,-6.2992,65724571,12001776113,46589,TWSE
2026-03-20,3716,中化控股,listed,33.3,33.35,33.2,33.25,-0.05,-0.1502,117597,3915778,684,TWSE
2026-03-20,3717,聯嘉投控,listed,18.75,20.4,18.65,20.05,1.3,6.9333,3055135,60317517,1853,TWSE
2026-03-20,4104,佳醫,listed,75.5,76.6,75.5,76.3,0.8,1.0596,249028,18959221,374,TWSE
2026-03-20,4106,雃博,listed,22.3,22.4,22.3,22.4,-0.15,-0.6652,42601,951003,94,TWSE
2026-03-20,4108,懷特,listed,13.45,13.45,13.25,13.4,0.05,0.3745,145775,1946622,243,TWSE
2026-03-20,4119,旭富,listed,52.6,52.9,52.2,52.3,-0.5,-0.947,92540,4853920,692,TWSE
2026-03-20,4133,亞諾法,listed,23.05,23.35,23.05,23.15,0.1,0.4338,117366,2725733,479,TWSE
2026-03-20,4137,麗豐-KY,listed,108.5,110.0,108.0,108.5,-0.5,-0.4587,226295,24585296,180,TWSE
2026-03-20,4142,國光生,listed,18.0,18.4,18.0,18.15,0.1,0.554,1369071,24925160,976,TWSE
2026-03-20,4148,全宇生技-KY,listed,42.65,42.65,40.6,40.85,-1.3,-3.0842,87087,3592246,158,TWSE
2026-03-20,4155,訊映,listed,13.35,13.55,13.35,13.45,0.0,0.0,185050,2486684,248,TWSE
2026-03-20,4164,承業醫,listed,31.0,31.2,30.8,30.85,0.0,0.0,1042243,32226747,720,TWSE
2026-03-20,4190,佐登-KY,listed,28.2,28.35,28.15,28.2,-0.15,-0.5291,26268,742603,160,TWSE
2026-03-20,4306,炎洲,listed,13.6,13.65,13.4,13.4,0.0,0.0,1408457,19039844,797,TWSE
2026-03-20,4414,如興,listed,11.8,12.05,11.7,11.75,0.05,0.4274,687282,8160062,345,TWSE
2026-03-20,4426,利勤,listed,9.06,9.06,9.0,9.04,-0.01,-0.1105,262153,2367141,113,TWSE
2026-03-20,4438,廣越,listed,57.2,57.8,57.2,57.8,0.4,0.6969,29194,1675895,82,TWSE
2026-03-20,4439,冠星-KY,listed,85.0,85.0,85.0,85.0,0.8,0.9501,3002,255171,4,TWSE
2026-03-20,4440,宜新實業,listed,16.85,17.4,16.8,17.3,0.1,0.5814,84730,1453630,61,TWSE
2026-03-20,4441,振大環球,listed,211.0,211.5,206.0,206.0,-5.0,-2.3697,58353,12116038,77,TWSE
2026-03-20,4526,東台,listed,32.95,33.25,32.1,32.1,-0.5,-1.5337,1317028,42793960,1037,TWSE
2026-03-20,4532,瑞智,listed,26.7,26.75,26.2,26.5,-0.15,-0.5629,1404672,37156754,924,TWSE
2026-03-20,4536,拓凱,listed,153.0,153.5,152.0,152.0,-1.5,-0.9772,314255,47966898,474,TWSE
2026-03-20,4540,全球傳動,listed,46.5,46.5,44.0,44.3,-1.55,-3.3806,1110126,49759545,1215,TWSE
2026-03-20,4545,銘鈺,listed,33.0,34.1,31.75,33.0,0.6,1.8519,341629,11300580,327,TWSE
2026-03-20,4551,智伸科,listed,128.0,128.5,125.5,127.5,1.0,0.7905,372527,47411400,476,TWSE
2026-03-20,4552,力達-KY,listed,21.35,21.5,21.3,21.35,0.1,0.4706,152945,3274063,152,TWSE
2026-03-20,4555,氣立,listed,36.45,37.8,36.35,36.65,0.15,0.411,168766,6230204,152,TWSE
2026-03-20,4557,永新-KY,listed,61.2,62.0,60.8,60.8,-0.5,-0.8157,97239,5968590,222,TWSE
2026-03-20,4560,強信-KY,listed,32.7,33.65,32.7,32.7,-0.2,-0.6079,351020,11640124,86,TWSE
2026-03-20,4562,穎漢,listed,33.0,34.4,32.6,32.6,0.1,0.3077,299056,9938404,218,TWSE
2026-03-20,4564,元翎,listed,20.1,20.75,19.85,20.2,0.25,1.2531,1266327,25695523,874,TWSE
2026-03-20,4566,時碩工業,listed,61.3,62.2,59.9,60.8,-0.3,-0.491,476642,29062540,791,TWSE
2026-03-20,4569,六方科-KY,listed,150.0,153.0,143.0,152.0,1.0,0.6623,453258,68097333,637,TWSE
2026-03-20,4571,鈞興-KY,listed,164.0,164.5,162.0,162.5,-0.5,-0.3067,218369,35687120,233,TWSE
2026-03-20,4572,駐龍,listed,142.0,143.0,141.5,143.0,-1.0,-0.6944,33035,4700674,95,TWSE
2026-03-20,4576,大銀微系統,listed,120.0,121.0,115.5,118.5,-0.5,-0.4202,553056,65254674,585,TWSE
2026-03-20,4581,光隆精密-KY,listed,49.3,49.35,49.3,49.3,0.1,0.2033,3302,162753,13,TWSE
2026-03-20,4583,台灣精銳,listed,640.0,655.0,628.0,642.0,2.0,0.3125,125861,80994491,351,TWSE
2026-03-20,4585,達明,listed,309.0,311.5,304.0,304.0,-4.0,-1.2987,187079,57278094,690,TWSE
2026-03-20,4588,玖鼎電力,listed,60.7,60.7,59.0,59.1,-0.7,-1.1706,124011,7382955,99,TWSE
2026-03-20,4590,富田-創,listed,74.4,74.5,72.6,72.9,-1.4,-1.8843,79022,5828521,159,TWSE
2026-03-20,4720,德淵,listed,17.0,17.25,16.75,16.75,-0.2,-1.1799,901620,15262346,453,TWSE
2026-03-20,4722,國精化,listed,189.0,190.0,175.0,177.5,-9.0,-4.8257,1845214,337209429,2014,TWSE
2026-03-20,4736,泰博,listed,124.0,125.0,123.0,124.5,0.5,0.4032,162803,20194016,207,TWSE
2026-03-20,4737,華廣,listed,63.4,64.3,62.0,63.0,0.4,0.639,180139,11400839,358,TWSE
2026-03-20,4739,康普,listed,87.2,89.5,81.0,82.8,-0.4,-0.4808,5231107,440105360,6119,TWSE
2026-03-20,4746,台耀,listed,53.7,55.3,53.7,54.5,0.9,1.6791,841046,45980976,746,TWSE
2026-03-20,4755,三福化,listed,152.0,152.0,144.0,145.5,-4.5,-3.0,1167192,172074333,1326,TWSE
2026-03-20,4763,材料*-KY,listed,46.9,47.4,45.8,45.8,-1.1,-2.3454,4744980,220363192,3497,TWSE
2026-03-20,4764,雙鍵,listed,162.0,162.0,142.0,143.5,-14.0,-8.8889,5566351,821409387,5097,TWSE
2026-03-20,4766,南寶,listed,335.0,350.0,333.0,349.5,22.0,6.7176,1343386,461667755,2145,TWSE
2026-03-20,4770,上品,listed,231.0,234.0,226.0,226.5,-5.5,-2.3707,645377,147450804,1014,TWSE
2026-03-20,4771,望隼,listed,192.0,201.0,192.0,196.0,6.0,3.1579,692887,136498029,2057,TWSE
2026-03-20,4807,日成-KY,listed,16.15,16.15,16.0,16.05,-0.1,-0.6192,42055,676526,229,TWSE
2026-03-20,4904,遠傳,listed,92.5,94.3,92.5,94.1,1.4,1.5102,7866506,737590503,3124,TWSE
2026-03-20,4906,正文,listed,33.45,36.25,32.8,34.75,1.1,3.2689,37835151,1317239308,18552,TWSE
2026-03-20,4912,聯德控股-KY,listed,91.1,95.5,90.7,90.9,0.5,0.5531,558040,51763992,832,TWSE
2026-03-20,4915,致伸,listed,72.2,74.2,72.2,73.4,1.4,1.9444,3562006,261639475,2287,TWSE
2026-03-20,4916,事欣科,listed,64.1,64.9,61.3,61.5,-2.4,-3.7559,5630138,353015784,4954,TWSE
2026-03-20,4919,新唐,listed,109.0,109.0,102.0,109.0,9.6,9.6579,36291487,3900521758,22604,TWSE
2026-03-20,4927,泰鼎-KY,listed,46.45,47.2,45.0,46.0,-0.1,-0.2169,10762696,496522255,6750,TWSE
2026-03-20,4930,燦星網,listed,20.15,20.2,20.05,20.15,0.0,0.0,75134,1511776,326,TWSE
2026-03-20,4934,太極,listed,20.25,20.5,18.7,18.9,-1.1,-5.5,3504092,67472357,2106,TWSE
2026-03-20,4935,茂林-KY,listed,36.05,36.65,35.95,36.15,0.2,0.5563,76015,2756987,67,TWSE
2026-03-20,4938,和碩,listed,77.1,77.9,76.3,77.0,-0.3,-0.3881,11675038,899260214,5505,TWSE
2026-03-20,4942,嘉彰,listed,37.85,38.2,37.85,38.1,0.25,0.6605,101210,3848433,73,TWSE
2026-03-20,4943,康控-KY,listed,11.4,11.5,11.3,11.3,0.0,0.0,21950,249332,71,TWSE
2026-03-20,4949,有成精密,listed,74.2,75.6,66.0,66.0,-6.1,-8.4605,5739582,400996997,4296,TWSE
2026-03-20,4952,凌通,listed,43.4,44.1,42.0,43.3,0.25,0.5807,482354,20829046,467,TWSE
2026-03-20,4956,光鋐,listed,36.65,38.0,33.75,34.0,-0.9,-2.5788,25678737,907487384,14481,TWSE
2026-03-20,4958,臻鼎-KY,listed,216.0,218.0,203.5,209.5,0.0,0.0,31568001,6628903073,24568,TWSE
2026-03-20,4960,誠美材,listed,26.55,26.8,24.0,25.2,-0.7,-2.7027,12744292,321109562,7687,TWSE
2026-03-20,4961,天鈺,listed,141.5,145.0,139.5,145.0,4.0,2.8369,2264374,326310651,1051,TWSE
2026-03-20,4967,十銓,listed,287.5,288.5,245.5,261.5,-9.5,-3.5055,36745938,9598338158,29474,TWSE
2026-03-20,4968,立積,listed,105.5,115.5,105.5,113.0,8.0,7.619,3604107,406300807,5250,TWSE
2026-03-20,4976,佳凌,listed,29.95,30.4,29.3,29.65,-0.05,-0.1684,474588,14173866,504,TWSE
2026-03-20,4977,眾達-KY,listed,199.5,211.0,199.0,200.5,8.5,4.4271,28335902,5851700100,21085,TWSE
2026-03-20,4989,榮科,listed,75.0,77.0,72.3,74.4,0.5,0.6766,43232196,3227447238,26563,TWSE
2026-03-20,4994,傳奇,listed,91.1,93.3,91.1,91.6,0.1,0.1093,14238,1306847,27,TWSE
2026-03-20,4999,鑫禾,listed,22.25,22.25,22.1,22.2,-0.15,-0.6711,80827,1794784,390,TWSE
2026-03-20,5007,三星,listed,56.3,56.7,56.1,56.6,0.1,0.177,21113,1190440,23,TWSE
2026-03-20,5203,訊連,listed,63.0,64.4,62.9,63.3,0.4,0.6359,174783,11104273,248,TWSE
2026-03-20,5215,科嘉-KY,listed,38.6,38.6,38.0,38.1,-0.5,-1.2953,28214,1077903,26,TWSE
2026-03-20,5222,全訊,listed,133.5,137.5,133.0,135.5,2.5,1.8797,728093,98422652,817,TWSE
2026-03-20,5225,東科-KY,listed,92.3,93.7,91.5,92.0,-0.3,-0.325,306884,28279292,349,TWSE
2026-03-20,5234,達興材料,listed,387.5,392.0,375.5,378.5,0.0,0.0,2378278,902935294,1815,TWSE
2026-03-20,5243,乙盛-KY,listed,72.6,73.4,71.0,71.0,-1.1,-1.5257,1396223,100417966,1073,TWSE
2026-03-20,5244,弘凱,listed,38.35,40.0,36.85,39.55,1.2,3.1291,2000654,77804929,1494,TWSE
2026-03-20,5258,虹堡,listed,44.75,45.9,44.55,45.55,0.65,1.4477,334570,15197989,638,TWSE
2026-03-20,5269,祥碩,listed,1190.0,1220.0,1180.0,1200.0,-5.0,-0.4149,1053783,1261078785,3797,TWSE
2026-03-20,5283,禾聯碩,listed,56.6,57.1,56.3,56.8,0.2,0.3534,76189,4321634,215,TWSE
2026-03-20,5284,jpp-KY,listed,275.5,292.0,271.0,289.0,16.0,5.8608,2545429,727901999,3208,TWSE
2026-03-20,5285,界霖,listed,47.5,48.05,47.15,47.4,-0.05,-0.1054,126330,6009728,107,TWSE
2026-03-20,5288,豐祥-KY,listed,137.5,142.0,137.5,142.0,5.0,3.6496,190978,26759508,182,TWSE
2026-03-20,5292,華懋,listed,195.0,199.5,194.0,194.0,-1.0,-0.5128,169598,33339376,1822,TWSE
2026-03-20,5306,桂盟,listed,88.1,88.6,87.7,87.7,-0.4,-0.454,117291,10322108,115,TWSE
2026-03-20,5388,中磊,listed,79.2,81.1,79.1,79.1,-0.4,-0.5031,2288850,183194339,1839,TWSE
2026-03-20,5434,崇越,listed,329.0,331.0,323.5,326.5,-3.0,-0.9105,523391,171337354,815,TWSE
2026-03-20,5469,瀚宇博,listed,88.6,89.0,85.1,86.0,-1.3,-1.4891,2467327,213375844,2319,TWSE
2026-03-20,5471,松翰,listed,41.6,42.8,41.1,42.8,1.3,3.1325,1164650,49158173,815,TWSE
2026-03-20,5484,慧友,listed,41.65,41.65,40.0,40.25,-0.85,-2.0681,501170,20344523,724,TWSE
2026-03-20,5515,建國,listed,37.7,39.0,37.5,38.3,1.1,2.957,1558465,59233184,1149,TWSE
2026-03-20,5519,隆大,listed,34.5,34.85,34.15,34.2,0.45,1.3333,1019012,35046699,721,TWSE
2026-03-20,5521,工信,listed,13.8,13.8,12.5,13.75,0.0,0.0,3873747,51279610,2025,TWSE
2026-03-20,5522,遠雄,listed,71.9,73.2,69.8,71.0,2.2,3.1977,2031844,145446912,1611,TWSE
2026-03-20,5525,順天,listed,25.6,26.8,25.6,25.9,0.45,1.7682,100797,2624512,111,TWSE
2026-03-20,5531,鄉林,listed,9.01,9.1,8.9,8.97,-0.03,-0.3333,403001,3614892,159,TWSE
2026-03-20,5533,皇鼎,listed,14.3,14.5,14.25,14.45,0.25,1.7606,190625,2744597,88,TWSE
2026-03-20,5534,長虹,listed,79.2,79.8,77.0,77.0,0.2,0.2604,1218033,95169531,1031,TWSE
2026-03-20,5538,東明-KY,listed,29.9,30.9,29.9,29.95,-0.1,-0.3328,30586,919705,30,TWSE
2026-03-20,5546,永固-KY,listed,16.6,17.1,16.6,16.65,-0.65,-3.7572,40364,678164,45,TWSE
2026-03-20,5607,遠雄港,listed,46.9,47.25,46.6,47.0,0.0,0.0,548714,25770576,1811,TWSE
2026-03-20,5608,四維航,listed,17.5,17.65,17.0,17.0,-0.5,-2.8571,2124121,36547893,1471,TWSE
2026-03-20,5706,鳳凰,listed,51.5,52.4,51.5,52.1,0.6,1.165,380339,19851990,378,TWSE
2026-03-20,5871,中租-KY,listed,105.5,106.5,105.0,106.5,0.5,0.4717,5377058,570801192,2460,TWSE
2026-03-20,5871A,中租-KY甲特,listed,101.5,101.5,101.5,101.5,0.0,0.0,64197,6515995,14,TWSE
2026-03-20,5876,上海商銀,listed,39.2,39.5,39.05,39.05,-0.2,-0.5096,7276546,284736151,2537,TWSE
2026-03-20,5880,合庫金,listed,22.9,23.1,22.9,22.95,0.0,0.0,18598726,427169509,5839,TWSE
2026-03-20,5906,台南-KY,listed,46.0,46.9,45.8,46.9,0.4,0.8602,11002,506495,8,TWSE
2026-03-20,5907,大洋-KY,listed,5.8,6.02,5.8,5.93,0.09,1.5411,315392,1871932,179,TWSE
2026-03-20,6005,群益證,listed,28.1,28.25,27.85,27.85,-0.1,-0.3578,6426194,179936153,2496,TWSE
2026-03-20,6024,群益期,listed,54.9,55.6,54.9,55.4,0.4,0.7273,332770,18407633,274,TWSE
2026-03-20,6108,競國,listed,17.1,17.25,16.55,16.95,0.1,0.5935,514599,8714244,563,TWSE
2026-03-20,6112,邁達特,listed,50.5,50.6,47.95,48.0,-1.25,-2.5381,2536206,125216615,1987,TWSE
2026-03-20,6115,鎰勝,listed,46.5,47.5,46.5,47.1,0.3,0.641,114524,5393419,99,TWSE
2026-03-20,6116,彩晶,listed,8.82,8.96,8.68,8.89,0.13,1.484,15850472,139974377,4640,TWSE
2026-03-20,6117,迎廣,listed,73.2,75.3,72.1,74.5,1.9,2.6171,508690,37716410,375,TWSE
2026-03-20,6120,達運,listed,13.55,14.15,13.4,13.95,0.6,4.4944,9541132,131881140,3107,TWSE
2026-03-20,6128,上福,listed,22.2,22.25,21.9,22.0,-0.2,-0.9009,279777,6155494,226,TWSE
2026-03-20,6133,金橋,listed,25.5,25.95,24.3,24.3,-1.05,-4.142,2781876,69450095,1856,TWSE
2026-03-20,6136,富爾特,listed,24.1,24.1,23.9,24.05,0.05,0.2083,92671,2222866,192,TWSE
2026-03-20,6139,亞翔,listed,592.0,610.0,578.0,593.0,6.0,1.0221,5813608,3468606798,8645,TWSE
2026-03-20,6141,柏承,listed,27.0,27.0,25.5,25.95,-2.35,-8.3039,1988125,52225876,1216,TWSE
2026-03-20,6142,友勁,listed,10.0,10.5,10.0,10.3,0.31,3.1031,1539739,15855404,766,TWSE
2026-03-20,6152,百一,listed,21.45,21.45,19.0,19.05,-1.3,-6.3882,8725008,170586705,3380,TWSE
2026-03-20,6153,嘉聯益,listed,17.15,17.6,16.95,17.05,-0.05,-0.2924,5992374,103650096,2408,TWSE
2026-03-20,6155,鈞寶,listed,50.0,52.2,48.25,48.5,-0.85,-1.7224,2153135,107327690,1839,TWSE
2026-03-20,6164,華興,listed,13.2,13.75,13.05,13.05,0.0,0.0,2328129,31059146,1448,TWSE
2026-03-20,6165,浪凡,listed,48.2,48.8,48.0,48.2,0.15,0.3122,559263,27001696,473,TWSE
2026-03-20,6166,凌華,listed,60.2,62.3,60.2,61.0,0.5,0.8264,360464,22123396,341,TWSE
2026-03-20,6168,宏齊,listed,26.1,26.1,23.2,23.3,-0.45,-1.8947,35481832,897185575,13309,TWSE
2026-03-20,6176,瑞儀,listed,92.6,95.7,92.6,93.7,0.7,0.7527,7146106,671487141,3121,TWSE
2026-03-20,6177,達麗,listed,48.75,50.2,48.25,48.35,1.3,2.763,3410270,167592932,2425,TWSE
2026-03-20,6183,關貿,listed,92.5,93.3,92.3,92.5,-0.4,-0.4306,27327,2530850,644,TWSE
2026-03-20,6184,大豐電,listed,47.55,47.8,47.55,47.75,0.2,0.4206,100350,4785402,161,TWSE
2026-03-20,6189,豐藝,listed,46.85,47.6,46.75,46.9,0.05,0.1067,650938,30717834,1300,TWSE
2026-03-20,6191,精成科,listed,98.9,99.5,96.1,96.2,-1.4,-1.4344,3044883,296514569,3047,TWSE
2026-03-20,6192,巨路,listed,119.0,120.5,118.0,118.5,-0.5,-0.4202,132824,15808581,161,TWSE
2026-03-20,6196,帆宣,listed,284.5,292.0,279.0,288.0,7.5,2.6738,2635464,757641906,2666,TWSE
2026-03-20,6197,佳必琪,listed,198.0,201.0,192.0,195.5,-0.5,-0.2551,4942963,968952193,9709,TWSE
2026-03-20,6201,亞弘電,listed,51.2,51.4,51.0,51.2,-0.3,-0.5825,29393,1504110,54,TWSE
2026-03-20,6202,盛群,listed,57.5,58.0,54.6,56.2,-0.1,-0.1776,3490458,196322193,3021,TWSE
2026-03-20,6205,詮欣,listed,58.0,63.0,57.3,59.1,1.7,2.9617,2714180,163136615,2235,TWSE
2026-03-20,6206,飛捷,listed,103.0,104.0,101.0,101.0,-0.5,-0.4926,1043095,106696624,875,TWSE
2026-03-20,6209,今國光,listed,60.6,61.0,58.1,59.4,-0.8,-1.3289,4840043,288676716,3330,TWSE
2026-03-20,6213,聯茂,listed,153.0,153.5,141.0,143.5,-8.0,-5.2805,18847137,2744713076,14570,TWSE
2026-03-20,6214,精誠,listed,112.5,114.0,112.0,114.0,2.0,1.7857,1886666,214408161,986,TWSE
2026-03-20,6215,和椿,listed,109.0,109.5,103.5,103.5,-4.5,-4.1667,1229715,129662680,1490,TWSE
2026-03-20,6216,居易,listed,26.15,26.25,25.7,25.9,0.15,0.5825,134702,3515286,214,TWSE
2026-03-20,6224,聚鼎,listed,40.5,41.0,40.0,40.05,-0.45,-1.1111,260020,10466558,337,TWSE
2026-03-20,6225,天瀚,listed,22.5,23.95,22.5,22.6,0.55,2.4943,17954,416109,22,TWSE
2026-03-20,6226,光鼎,listed,14.9,15.7,14.8,14.85,0.2,1.3652,11115177,168068808,6966,TWSE
2026-03-20,6230,尼得科超眾,listed,182.0,185.0,175.0,176.0,-4.0,-2.2222,205848,36877081,304,TWSE
2026-03-20,6235,華孚,listed,48.0,49.15,47.6,47.95,0.0,0.0,731307,35288797,1451,TWSE
2026-03-20,6239,力成,listed,208.5,210.0,197.5,201.5,-4.0,-1.9465,10319300,2081679654,9764,TWSE
2026-03-20,6243,迅杰,listed,30.95,31.95,30.75,31.55,0.65,2.1036,184111,5786850,728,TWSE
2026-03-20,6257,矽格,listed,137.0,137.0,131.0,132.5,-2.0,-1.487,4740792,632827381,4785,TWSE
2026-03-20,6269,台郡,listed,57.8,61.5,57.8,60.3,3.0,5.2356,4067934,244025563,3559,TWSE
2026-03-20,6271,同欣電,listed,159.0,159.0,151.0,154.5,-2.5,-1.5924,3975000,615338920,4587,TWSE
2026-03-20,6272,驊陞,listed,34.5,34.5,33.65,33.8,-0.4,-1.1696,428489,14592062,360,TWSE
2026-03-20,6277,宏正,listed,59.3,59.8,59.3,59.5,0.2,0.3373,39034,2319850,52,TWSE
2026-03-20,6278,台表科,listed,99.3,101.5,99.1,99.1,0.1,0.101,1414668,141391190,1083,TWSE
2026-03-20,6281,全國電,listed,60.8,61.1,60.7,60.7,-0.1,-0.1645,81640,4969670,122,TWSE
2026-03-20,6282,康舒,listed,50.8,51.8,49.0,49.15,-0.85,-1.7,24108852,1210215203,15427,TWSE
2026-03-20,6283,淳安,listed,20.65,20.75,20.2,20.5,-0.15,-0.7264,230483,4711939,138,TWSE
2026-03-20,6285,啟碁,listed,177.5,183.0,170.5,173.5,0.5,0.289,28519210,5047353101,21485,TWSE
2026-03-20,6405,悅城,listed,30.45,31.35,30.25,30.25,-0.25,-0.8197,253587,7772370,185,TWSE
2026-03-20,6409,旭隼,listed,747.0,762.0,743.0,752.0,12.0,1.6216,938373,706150435,1573,TWSE
2026-03-20,6412,群電,listed,78.6,79.3,78.2,78.2,-0.6,-0.7614,922737,72455127,1191,TWSE
2026-03-20,6414,樺漢,listed,272.5,273.0,267.0,270.0,-1.5,-0.5525,554161,149487244,1013,TWSE
2026-03-20,6415,矽力*-KY,listed,285.0,300.5,282.5,286.0,5.5,1.9608,9928703,2893814197,9508,TWSE
2026-03-20,6416,瑞祺電通,listed,81.8,83.4,81.2,82.5,0.4,0.4872,103104,8488331,507,TWSE
2026-03-20,6426,統新,listed,176.5,186.5,167.0,169.0,-5.0,-2.8736,13716672,2432882395,11628,TWSE
2026-03-20,6431,光麗-KY,listed,21.7,22.6,21.5,21.9,0.3,1.3889,192547,4209450,88,TWSE
2026-03-20,6438,迅得,listed,163.0,173.0,157.0,173.0,15.5,9.8413,10547288,1767512032,11040,TWSE
2026-03-20,6442,光聖,listed,2005.0,2045.0,2005.0,2045.0,115.0,5.9585,804032,1626550235,3987,TWSE
2026-03-20,6443,元晶,listed,49.65,50.5,47.5,47.5,-1.9,-3.8462,44072444,2147018894,28585,TWSE
2026-03-20,6446,藥華藥,listed,647.0,654.0,640.0,640.0,-6.0,-0.9288,1506980,970859923,3094,TWSE
2026-03-20,6449,鈺邦,listed,163.5,167.0,159.5,160.0,-2.0,-1.2346,451982,73048892,616,TWSE
2026-03-20,6451,訊芯-KY,listed,280.0,287.0,269.0,274.5,2.5,0.9191,2272137,629919642,2530,TWSE
2026-03-20,6456,GIS-KY,listed,66.0,67.2,62.4,63.6,-1.1,-1.7002,17146578,1106839877,11668,TWSE
2026-03-20,6464,台數科,listed,76.4,77.8,76.4,76.9,0.5,0.6545,36272,2780338,27,TWSE
2026-03-20,6472,保瑞,listed,485.0,490.5,481.0,483.5,0.5,0.1035,641453,310913668,1445,TWSE
2026-03-20,6477,安集,listed,37.85,38.4,37.0,37.2,-0.4,-1.0638,788580,29550549,704,TWSE
2026-03-20,6491,晶碩,listed,274.5,283.0,273.5,281.0,6.5,2.3679,566835,157933536,591,TWSE
2026-03-20,6504,南六,listed,39.15,39.3,39.1,39.25,0.15,0.3836,25972,1018935,41,TWSE
2026-03-20,6505,台塑化,listed,57.2,58.0,55.5,56.2,-1.2,-2.0906,22125288,1248613739,13124,TWSE
2026-03-20,6515,穎崴,listed,7480.0,7930.0,7440.0,7930.0,720.0,9.9861,443941,3444088825,5247,TWSE
2026-03-20,6525,捷敏-KY,listed,85.0,85.5,83.7,83.7,-1.3,-1.5294,184703,15589037,877,TWSE
2026-03-20,6526,達發,listed,504.0,518.0,502.0,502.0,0.0,0.0,463173,235727817,948,TWSE
2026-03-20,6531,愛普*,listed,568.0,582.0,550.0,553.0,2.0,0.363,6813090,3844569581,8898,TWSE
2026-03-20,6533,晶心科,listed,173.0,191.0,172.5,191.0,17.0,9.7701,1458688,269162099,1874,TWSE
2026-03-20,6534,正瀚-創,listed,85.4,88.8,85.4,88.3,3.1,3.6385,430785,37853750,318,TWSE
2026-03-20,6541,泰福-KY,listed,42.55,44.0,42.1,42.6,1.35,3.2727,741823,31870528,582,TWSE
2026-03-20,6550,北極星藥業-KY,listed,20.75,21.6,19.9,19.9,-1.1,-5.2381,3640942,74267532,1676,TWSE
2026-03-20,6552,易華電,listed,27.5,28.45,27.4,27.4,-0.1,-0.3636,163255,4552621,172,TWSE
2026-03-20,6558,興能高,listed,29.5,30.25,28.75,29.3,-0.1,-0.3401,533256,15783093,703,TWSE
2026-03-20,6573,虹揚-KY,listed,13.7,13.9,13.55,13.55,-0.2,-1.4545,191952,2624359,104,TWSE
2026-03-20,6579,研揚,listed,115.0,116.5,115.0,116.0,1.0,0.8696,163814,18964296,162,TWSE
2026-03-20,6581,鋼聯,listed,109.5,111.5,109.5,111.0,0.0,0.0,8807,973281,48,TWSE
2026-03-20,6582,申豐,listed,32.6,32.6,31.95,31.95,-0.65,-1.9939,76864,2480490,176,TWSE
2026-03-20,6585,鼎基,listed,82.7,84.0,82.2,82.3,-0.8,-0.9627,6674070,516275177,74,TWSE
2026-03-20,6589,台康生技,listed,56.3,57.0,56.1,56.5,-0.3,-0.5282,472886,26744093,465,TWSE
2026-03-20,6591,動力-KY,listed,63.2,64.6,62.5,64.0,1.0,1.5873,258128,16432383,691,TWSE
2026-03-20,6592,和潤企業,listed,65.0,65.9,63.2,63.7,-0.2,-0.313,3647537,234436655,1006,TWSE
2026-03-20,6592A,和潤企業甲特,listed,,,,,0.0,,0,0,0,TWSE
2026-03-20,6592B,和潤企業乙特,listed,97.6,98.0,97.6,97.7,0.1,0.1025,11800,1154878,15,TWSE
2026-03-20,6598,ABC-KY,listed,25.1,25.3,24.95,24.95,-0.05,-0.2,111644,2791920,289,TWSE
2026-03-20,6605,帝寶,listed,135.0,136.5,135.0,135.0,-0.5,-0.369,188506,25537857,274,TWSE
2026-03-20,6606,建德工業,listed,24.3,24.7,24.3,24.4,0.0,0.0,91266,2227529,48,TWSE
2026-03-20,6614,資拓宏宇,listed,43.3,43.4,43.0,43.3,0.0,0.0,63797,2752982,110,TWSE
2026-03-20,6625,必應,listed,78.0,78.3,77.5,77.5,-0.5,-0.641,191636,14913743,338,TWSE
2026-03-20,6641,基士德-KY,listed,18.7,19.0,18.7,18.95,-0.05,-0.2632,22012,415455,31,TWSE
2026-03-20,6645,金萬林-創,listed,14.25,14.25,13.75,13.95,-0.1,-0.7117,52344,728156,55,TWSE
2026-03-20,6655,科定,listed,129.5,129.5,127.5,129.5,-0.5,-0.3846,6444,828953,11,TWSE
2026-03-20,6657,華安,listed,45.9,47.25,45.5,45.65,-0.05,-0.1094,181309,8375418,822,TWSE
2026-03-20,6658,聯策,listed,69.7,70.4,67.2,68.7,1.9,2.8443,1027985,70953604,1279,TWSE
2026-03-20,6666,羅麗芬-KY,listed,41.75,42.45,41.3,41.3,0.1,0.2427,20664,862800,23,TWSE
2026-03-20,6668,中揚光,listed,34.45,34.45,33.5,33.55,-0.5,-1.4684,220249,7483766,173,TWSE
2026-03-20,6669,緯穎,listed,3775.0,3840.0,3755.0,3805.0,40.0,1.0624,1312793,4985108545,10244,TWSE
2026-03-20,6670,復盛應用,listed,271.5,281.0,271.5,281.0,9.5,3.4991,565980,157951935,435,TWSE
2026-03-20,6671,三能-KY,listed,31.4,33.15,30.2,30.45,-0.5,-1.6155,148210,4659753,103,TWSE
2026-03-20,6672,騰輝電子-KY,listed,123.0,123.0,118.5,123.0,11.0,9.8214,10291076,1257761053,7738,TWSE
2026-03-20,6674,鋐寶科技,listed,19.2,19.2,18.85,19.15,0.1,0.5249,9000,172050,6,TWSE
2026-03-20,6689,伊雲谷,listed,84.4,86.5,82.0,83.8,1.2,1.4528,4261711,359193244,4012,TWSE
2026-03-20,6691,洋基工程,listed,618.0,624.0,604.0,611.0,-4.0,-0.6504,484677,297669644,1300,TWSE
2026-03-20,6695,芯鼎,listed,41.35,42.9,41.15,41.65,0.55,1.3382,381637,16103825,531,TWSE
2026-03-20,6698,旭暉應材,listed,33.2,33.2,31.85,32.8,-0.4,-1.2048,474786,15391891,603,TWSE
2026-03-20,6706,惠特,listed,124.0,126.5,119.5,121.0,-0.5,-0.4115,4188510,514711564,3578,TWSE
2026-03-20,6715,嘉基,listed,367.5,367.5,340.0,341.5,-15.5,-4.3417,306116,105141402,461,TWSE
2026-03-20,6719,力智,listed,169.0,170.5,166.5,167.5,-1.0,-0.5935,235512,39698759,330,TWSE
2026-03-20,6722,輝創,listed,39.6,40.0,38.7,39.4,-0.6,-1.5,71616,2809337,67,TWSE
2026-03-20,6742,澤米,listed,42.6,43.35,42.0,42.1,0.5,1.2019,224452,9547864,325,TWSE
2026-03-20,6743,安普新,listed,26.25,26.45,24.75,24.8,-0.8,-3.125,308846,7807571,284,TWSE
2026-03-20,6753,龍德造船,listed,131.5,132.0,129.0,130.5,-0.5,-0.3817,481918,62815868,633,TWSE
2026-03-20,6754,匯僑設計,listed,45.55,45.55,44.55,44.55,-1.0,-2.1954,18335,823393,60,TWSE
2026-03-20,6756,威鋒電子,listed,75.4,78.1,74.4,77.1,1.9,2.5266,212642,16238338,248,TWSE
2026-03-20,6757,台灣虎航,listed,52.5,53.1,52.3,52.9,0.4,0.7619,562731,29738919,3840,TWSE
2026-03-20,6768,志強-KY,listed,93.7,95.8,93.3,95.0,1.3,1.3874,506582,47897216,463,TWSE
2026-03-20,6770,力積電,listed,77.1,78.0,71.7,75.5,0.5,0.6667,529033042,39714524139,257730,TWSE
2026-03-20,6771,平和環保-創,listed,44.55,44.55,44.0,44.3,0.3,0.6818,7177,317096,16,TWSE
2026-03-20,6776,展碁國際,listed,73.6,75.1,66.9,67.9,-5.6,-7.619,4013356,280862264,3546,TWSE
2026-03-20,6781,AES-KY,listed,1010.0,1100.0,993.0,1100.0,100.0,10.0,1617158,1725459261,4003,TWSE
2026-03-20,6782,視陽,listed,210.0,211.5,207.0,210.0,2.5,1.2048,299996,62775572,721,TWSE
2026-03-20,6789,采鈺,listed,350.0,365.5,343.5,348.0,4.0,1.1628,7378061,2619668315,8370,TWSE
2026-03-20,6790,永豐實,listed,39.55,39.85,39.55,39.6,0.05,0.1264,102861,4081155,88,TWSE
2026-03-20,6792,詠業,listed,56.0,59.1,55.8,59.1,3.3,5.914,140722,8184121,135,TWSE
2026-03-20,6794,向榮生技,listed,82.4,82.4,79.6,79.6,-1.9,-2.3313,28000,2255100,19,TWSE
2026-03-20,6796,晉弘,listed,73.6,74.2,73.0,73.1,-0.7,-0.9485,145840,10721050,114,TWSE
2026-03-20,6799,來頡,listed,81.1,81.1,79.0,79.0,-1.8,-2.2277,135702,10830517,1017,TWSE
2026-03-20,6805,富世達,listed,1980.0,2015.0,1920.0,2000.0,25.0,1.2658,1518822,3001544565,4014,TWSE
2026-03-20,6806,森崴能源,listed,41.15,41.8,40.65,40.65,-0.4,-0.9744,838861,34467235,641,TWSE
2026-03-20,6807,峰源-KY,listed,43.3,43.45,43.2,43.45,0.15,0.3464,4100,177450,5,TWSE
2026-03-20,6830,汎銓,listed,450.0,450.0,420.0,450.0,31.0,7.3986,550995,242151859,1271,TWSE
2026-03-20,6831,邁科,listed,336.0,366.0,330.5,365.0,32.0,9.6096,2050148,725961946,4308,TWSE
2026-03-20,6834,天二科技,listed,32.25,32.65,31.25,31.3,-0.2,-0.6349,375514,11916635,285,TWSE
2026-03-20,6835,圓裕,listed,38.0,38.55,37.7,37.8,-0.25,-0.657,311171,11835365,150,TWSE
2026-03-20,6838,台新藥,listed,26.05,26.25,25.95,26.0,-0.2,-0.7634,98923,2580649,74,TWSE
2026-03-20,6854,錼創科技-KY創,listed,137.0,148.5,136.0,143.5,8.5,6.2963,1995375,289571705,2286,TWSE
2026-03-20,6861,睿生光電,listed,178.5,178.5,148.0,156.0,-6.5,-4.0,2521036,400856657,2996,TWSE
2026-03-20,6862,三集瑞-KY,listed,202.0,206.0,192.5,194.0,-6.5,-3.2419,621534,122769340,859,TWSE
2026-03-20,6863,永道-KY,listed,89.8,93.2,89.8,90.1,0.3,0.3341,79265,7271981,144,TWSE
2026-03-20,6869,雲豹能源,listed,97.3,99.9,97.0,97.3,0.4,0.4128,695479,68527161,814,TWSE
2026-03-20,6873,泓德能源,listed,97.2,103.0,97.2,99.0,2.6,2.6971,1401733,140188761,1195,TWSE
2026-03-20,6885,全福生技,listed,24.25,24.5,23.85,23.95,-0.35,-1.4403,337142,8139342,255,TWSE
2026-03-20,6887,寶綠特-KY,listed,42.2,42.6,42.2,42.6,0.4,0.9479,2300,97649,5,TWSE
2026-03-20,6890,來億-KY,listed,170.5,175.0,169.0,172.5,1.0,0.5831,1069434,184633017,822,TWSE
2026-03-20,6901,鑽石投資,listed,14.1,14.2,14.05,14.1,-0.1,-0.7042,472078,6666458,423,TWSE
2026-03-20,6902,GOGOLOOK,listed,76.4,77.2,76.2,76.8,-0.1,-0.13,27242,2089089,249,TWSE
2026-03-20,6906,現觀科,listed,70.0,70.1,68.4,68.7,-0.6,-0.8658,46784,3229735,58,TWSE
2026-03-20,6909,創控,listed,48.0,48.75,45.75,45.85,-1.15,-2.4468,1106321,52009974,1374,TWSE
2026-03-20,6914,阜爾運通,listed,151.0,151.0,149.5,150.0,0.0,0.0,87171,13112572,151,TWSE
2026-03-20,6916,華凌,listed,17.7,18.25,17.7,17.85,0.05,0.2809,28380,507507,30,TWSE
2026-03-20,6918,愛派司,listed,83.8,84.8,83.8,83.8,-0.7,-0.8284,33542,2817002,181,TWSE
2026-03-20,6919,康霈*,listed,106.0,109.0,101.0,101.5,-3.5,-3.3333,12057002,1252253772,10309,TWSE
2026-03-20,6921,嘉雨思-創,listed,70.6,74.5,70.6,73.2,1.8,2.521,50050,3636524,42,TWSE
2026-03-20,6923,中台,listed,81.7,82.3,80.3,81.5,-0.6,-0.7308,356088,28874139,300,TWSE
2026-03-20,6924,榮惠-KY創,listed,78.4,78.4,77.9,78.0,-0.3,-0.3831,12124,946116,14,TWSE
2026-03-20,6928,攸泰科技,listed,47.1,47.85,46.6,47.0,-0.05,-0.1063,104952,4963249,119,TWSE
2026-03-20,6931,青松健康,listed,52.1,52.1,50.7,52.0,0.9,1.7613,129789,6668076,129,TWSE
2026-03-20,6933,AMAX-KY,listed,132.5,132.5,128.5,129.0,1.0,0.7812,86674,11265734,115,TWSE
2026-03-20,6934,心誠鎂,listed,79.0,83.4,78.0,80.0,1.0,1.2658,209667,16781594,195,TWSE
2026-03-20,6936,永鴻生技,listed,34.2,34.3,34.2,34.3,0.0,0.0,22640,774713,52,TWSE
2026-03-20,6937,天虹,listed,283.0,287.5,265.0,267.0,-8.0,-2.9091,929683,255516592,4744,TWSE
2026-03-20,6944,兆聯實業,listed,850.0,858.0,820.0,826.0,-13.0,-1.5495,2505716,2080049006,4412,TWSE
2026-03-20,6949,沛爾生醫-創,listed,581.0,584.0,557.0,569.0,-14.0,-2.4014,224449,126857488,497,TWSE
2026-03-20,6951,青新-創,listed,78.7,80.1,78.5,79.2,0.3,0.3802,69656,5507897,86,TWSE
2026-03-20,6952,大武山,listed,40.0,40.0,39.8,39.8,-0.1,-0.2506,13152,524992,36,TWSE
2026-03-20,6955,邦睿生技-創,listed,,,,,0.0,,0,0,0,TWSE
2026-03-20,6957,裕慶-KY,listed,160.5,162.0,158.0,162.0,2.0,1.25,54202,8664487,71,TWSE
2026-03-20,6958,日盛台駿,listed,16.85,17.6,16.85,17.6,0.55,3.2258,95156,1650970,70,TWSE
2026-03-20,6958A,日盛台駿甲特,listed,18.6,18.6,18.55,18.55,0.0,0.0,6000,111450,6,TWSE
2026-03-20,6962,奕力-KY,listed,30.8,31.8,30.8,31.15,0.4,1.3008,1979703,62052472,1319,TWSE
2026-03-20,6965,中傑-KY,listed,82.9,83.5,82.9,83.1,0.1,0.1205,36550,3039057,30,TWSE
2026-03-20,6969,成信實業*-創,listed,28.35,28.45,28.0,28.1,-0.2,-0.7067,124360,3508505,71,TWSE
2026-03-20,6988,威力暘-創,listed,14.2,14.95,14.2,14.3,0.5,3.6232,49043,718034,33,TWSE
2026-03-20,6994,富威電力,listed,78.6,78.6,77.2,77.2,-0.2,-0.2584,376313,29274188,426,TWSE
2026-03-20,7610,聯友金屬-創,listed,317.0,337.0,311.0,320.0,0.0,0.0,1110561,358643518,1948,TWSE
2026-03-20,7631,聚賢研發-創,listed,116.0,116.0,115.0,116.0,-1.0,-0.8547,12000,1391000,12,TWSE
2026-03-20,7705,三商餐飲,listed,35.95,35.95,35.4,35.4,-0.05,-0.141,41453,1471017,63,TWSE
2026-03-20,7711,永擎,listed,269.0,270.5,252.0,262.5,-7.0,-2.5974,1665554,438524696,2572,TWSE
2026-03-20,7721,微程式,listed,48.25,48.6,48.0,48.2,-0.4,-0.823,47735,2298908,54,TWSE
2026-03-20,7722,LINEPAY,listed,328.0,329.5,319.5,323.5,-6.5,-1.9697,216731,70100042,1196,TWSE
2026-03-20,7730,暉盛-創,listed,143.0,144.5,142.0,143.0,0.5,0.3509,40242,5752336,62,TWSE
2026-03-20,7732,金興精密,listed,36.15,36.5,36.15,36.4,0.25,0.6916,11090,402985,13,TWSE
2026-03-20,7736,虎山,listed,83.0,85.5,83.0,83.0,0.1,0.1206,2355892,211753228,30,TWSE
2026-03-20,7740,熙特爾-創,listed,198.5,198.5,185.0,192.0,-2.0,-1.0309,467634,89548525,388,TWSE
2026-03-20,7749,意騰-KY,listed,428.5,441.5,417.0,422.5,-5.5,-1.285,232143,99627141,509,TWSE
2026-03-20,7750,新代,listed,1430.0,1430.0,1340.0,1340.0,-100.0,-6.9444,1030886,1393923345,1699,TWSE
2026-03-20,7765,中華資安,listed,228.0,229.0,227.5,227.5,-0.5,-0.2193,51619,11772685,288,TWSE
2026-03-20,7769,鴻勁,listed,4160.0,4240.0,4010.0,4105.0,-55.0,-1.3221,2546981,10475384225,6710,TWSE
2026-03-20,7780,大研生醫*,listed,19.3,19.35,19.05,19.1,-0.15,-0.7792,2694811,51739956,1688,TWSE
2026-03-20,7786,東方風能,listed,139.0,139.0,136.5,136.5,-3.0,-2.1505,240260,33069038,333,TWSE
2026-03-20,7788,松川精密,listed,152.0,155.0,149.0,150.5,-2.0,-1.3115,324829,49093139,363,TWSE
2026-03-20,7791,皇家可口,listed,67.1,67.5,67.1,67.5,-0.2,-0.2954,45041,3030847,82,TWSE
2026-03-20,7795,長廣,listed,395.0,435.0,393.0,435.0,39.5,9.9874,2488144,1062377872,7073,TWSE
2026-03-20,7799,禾榮科,listed,408.0,414.5,400.0,410.5,2.5,0.6127,1545820,632548601,911,TWSE
2026-03-20,7823,奧義賽博-KY創,listed,80.2,81.0,80.0,81.0,0.0,0.0,16689,1338499,29,TWSE
2026-03-20,8011,台通,listed,20.4,20.95,20.25,20.5,0.1,0.4902,807295,16697281,923,TWSE
2026-03-20,8016,矽創,listed,199.0,201.0,195.5,201.0,2.0,1.005,1399554,280144801,1016,TWSE
2026-03-20,8021,尖點,listed,268.0,277.5,253.5,264.5,4.5,1.7308,37226547,9926758327,29573,TWSE
2026-03-20,8028,昇陽半導體,listed,192.5,195.0,183.5,185.0,-3.0,-1.5957,8065669,1511655473,8003,TWSE
2026-03-20,8033,雷虎,listed,152.0,154.0,146.5,152.0,1.0,0.6623,7227607,1090064061,3890,TWSE
2026-03-20,8039,台虹,listed,120.5,124.5,116.5,117.5,0.0,0.0,21925013,2624740927,13887,TWSE
2026-03-20,8045,達運光電,listed,77.7,79.8,75.7,78.0,1.7,2.228,237165,18446072,216,TWSE
2026-03-20,8046,南電,listed,563.0,571.0,525.0,541.0,-20.0,-3.5651,20161280,10929898691,25263,TWSE
2026-03-20,8070,長華*,listed,43.7,44.6,43.0,43.3,-0.35,-0.8018,2455186,107136236,1481,TWSE
2026-03-20,8072,陞泰,listed,28.35,28.45,27.9,27.95,-0.05,-0.1786,91639,2580601,132,TWSE
2026-03-20,8081,致新,listed,238.5,241.5,236.0,236.0,-2.0,-0.8403,461869,109857040,509,TWSE
2026-03-20,8101,華冠,listed,14.25,14.25,14.0,14.15,-0.1,-0.7018,13430,189758,46,TWSE
2026-03-20,8103,瀚荃,listed,86.0,87.4,83.3,85.3,0.3,0.3529,1187071,101482052,1256,TWSE
2026-03-20,8104,錸寶,listed,35.1,36.35,34.55,35.15,0.8,2.329,3700217,131863332,2543,TWSE
2026-03-20,8105,凌巨,listed,13.9,13.95,13.45,13.55,-0.15,-1.0949,2258727,30874631,1010,TWSE
2026-03-20,8110,華東,listed,61.4,65.1,59.0,63.2,4.0,6.7568,86561172,5462262945,45575,TWSE
2026-03-20,8112,至上,listed,93.5,97.9,86.0,88.3,-3.4,-3.7077,45520591,4091667747,30669,TWSE
2026-03-20,8112A,至上甲特,listed,45.8,45.85,45.8,45.85,0.1,0.2186,19100,874971,25,TWSE
2026-03-20,8114,振樺電,listed,183.0,187.0,182.0,183.0,2.5,1.385,686200,126593420,794,TWSE
2026-03-20,8131,福懋科,listed,67.6,68.7,64.3,66.4,-0.7,-1.0432,7983952,532214470,5957,TWSE
2026-03-20,8150,南茂,listed,64.0,65.0,61.1,62.5,-0.9,-1.4196,15994211,1009605360,10969,TWSE
2026-03-20,8162,微矽電子-創,listed,38.1,40.05,38.1,39.15,1.2,3.1621,386019,15122713,263,TWSE
2026-03-20,8163,達方,listed,28.3,28.65,28.2,28.2,-0.05,-0.177,716145,20310875,835,TWSE
2026-03-20,8201,無敵,listed,13.5,13.55,13.3,13.4,0.1,0.7519,75596,1015985,101,TWSE
2026-03-20,8210,勤誠,listed,900.0,912.0,885.0,912.0,20.0,2.2422,2786017,2510976275,5096,TWSE
2026-03-20,8213,志超,listed,33.8,34.0,33.05,33.05,-0.75,-2.2189,1394834,46458735,1876,TWSE
2026-03-20,8215,明基材,listed,26.75,26.85,26.35,26.85,2.4,9.816,8911962,239148922,2874,TWSE
2026-03-20,8222,寶一,listed,38.05,38.05,37.5,37.5,-0.35,-0.9247,212391,8005143,314,TWSE
2026-03-20,8249,菱光,listed,51.4,52.0,50.8,50.9,-0.2,-0.3914,510988,26169639,618,TWSE
2026-03-20,8261,富鼎,listed,113.0,114.5,107.0,107.5,-5.0,-4.4444,5483506,604382779,4470,TWSE
2026-03-20,8271,宇瞻,listed,210.0,210.0,188.0,188.0,-20.5,-9.8321,2242636,425983530,2886,TWSE
2026-03-20,8341,日友,listed,76.4,77.4,76.2,77.4,1.0,1.3089,261212,20070370,254,TWSE
2026-03-20,8367,建新國際,listed,45.9,46.0,45.85,45.85,-0.05,-0.1089,31224,1433908,33,TWSE
2026-03-20,8374,羅昇,listed,73.0,74.0,70.2,70.6,-2.0,-2.7548,286900,20477221,287,TWSE
2026-03-20,8404,百和興業-KY,listed,19.45,19.55,19.1,19.35,-0.1,-0.5141,817910,15834833,413,TWSE
2026-03-20,8411,福貞-KY,listed,12.35,12.5,12.2,12.25,-0.2,-1.6064,109143,1335279,130,TWSE
2026-03-20,8422,可寧衛*,listed,30.0,30.0,28.9,29.15,-0.8,-2.6711,23322988,681324731,15602,TWSE
2026-03-20,8429,金麗-KY,listed,7.05,7.09,7.02,7.05,0.0,0.0,160537,1131789,238,TWSE
2026-03-20,8438,昶昕,listed,59.5,65.0,58.4,65.0,5.9,9.9831,2427588,151854316,2022,TWSE
2026-03-20,8442,威宏-KY,listed,55.2,55.3,53.1,54.1,-1.5,-2.6978,139117,7552834,137,TWSE
2026-03-20,8443,阿瘦,listed,11.8,11.9,11.8,11.8,0.0,0.0,34876,412103,232,TWSE
2026-03-20,8454,富邦媒,listed,176.0,178.0,175.5,178.0,1.0,0.565,585579,103533232,945,TWSE
2026-03-20,8462,柏文,listed,143.0,144.0,140.5,143.0,0.0,0.0,325068,46376370,312,TWSE
2026-03-20,8463,潤泰材,listed,24.0,24.15,23.75,24.0,0.05,0.2088,72868,1745290,66,TWSE
2026-03-20,8464,億豐,listed,383.5,385.5,376.0,384.0,0.5,0.1304,776521,296156737,895,TWSE
2026-03-20,8466,美吉吉-KY,listed,19.2,19.2,18.85,18.95,-0.2,-1.0444,35721,679099,101,TWSE
2026-03-20,8467,波力-KY,listed,152.5,155.0,152.0,153.5,-1.0,-0.6472,17817,2731546,185,TWSE
2026-03-20,8473,山林水,listed,39.8,40.4,39.35,39.75,0.35,0.8883,1255043,50125471,1174,TWSE
2026-03-20,8476,台境*,listed,19.4,19.9,19.3,19.55,0.15,0.7732,430500,8409475,245,TWSE
2026-03-20,8478,東哥遊艇,listed,161.0,164.0,160.5,163.0,1.5,0.9288,109133,17699336,190,TWSE
2026-03-20,8481,政伸,listed,41.85,42.05,41.85,41.9,0.1,0.2392,12373,518074,19,TWSE
2026-03-20,8482,商億-KY,listed,47.65,47.65,47.05,47.45,-0.45,-0.9395,7034,333618,10,TWSE
2026-03-20,8487,愛爾達-創,listed,79.6,79.9,79.2,79.9,0.3,0.3769,8801,700122,210,TWSE
2026-03-20,8488,吉源-KY,listed,,,,,0.0,,1,10,1,TWSE
2026-03-20,8499,鼎炫-KY,listed,268.0,273.0,261.0,269.5,5.5,2.0833,145108,39020867,206,TWSE
2026-03-20,8926,台汽電,listed,47.3,47.3,46.1,46.1,-1.05,-2.2269,1728456,80441141,2890,TWSE
2026-03-20,8940,新天地,listed,19.0,19.0,18.7,18.7,-0.2,-1.0582,52320,984630,105,TWSE
2026-03-20,8996,高力,listed,970.0,1005.0,909.0,911.0,-40.0,-4.2061,5996854,5633288555,8024,TWSE
2026-03-20,9103,美德醫療-DR,listed,5.23,5.42,5.15,5.28,0.1,1.9305,1825728,9695728,664,TWSE
2026-03-20,910322,康師傅-DR,listed,25.3,25.6,25.3,25.6,-0.2,-0.7752,12512,317939,31,TWSE
2026-03-20,9105,泰金寶-DR,listed,5.8,5.86,5.68,5.68,-0.07,-1.2174,9276387,53444653,2051,TWSE
2026-03-20,910861,神州-DR,listed,5.11,5.11,5.08,5.08,-0.09,-1.7408,439000,2238870,17,TWSE
2026-03-20,9110,越南控-DR,listed,3.0,3.13,3.0,3.13,0.08,2.623,37000,112250,9,TWSE
2026-03-20,911608,明輝-DR,listed,3.0,3.04,2.98,2.98,-0.02,-0.6667,59001,177353,21,TWSE
2026-03-20,911622,泰聚亨-DR,listed,4.0,4.2,4.0,4.09,0.1,2.5063,68000,273240,28,TWSE
2026-03-20,911868,同方友友-DR,listed,1.27,1.27,1.25,1.27,0.0,0.0,577001,726901,53,TWSE
2026-03-20,912000,晨訊科-DR,listed,2.55,2.55,2.52,2.54,-0.01,-0.3922,332100,838424,91,TWSE
2026-03-20,9136,巨騰-DR,listed,10.2,11.0,10.2,10.9,0.85,8.4577,5208504,55574746,1311,TWSE
2026-03-20,9802,鈺齊-KY,listed,80.5,81.4,79.1,80.8,0.1,0.1239,1126917,90354593,1042,TWSE
2026-03-20,9902,台火,listed,14.75,15.0,14.5,14.55,-0.1,-0.6826,215793,3159044,272,TWSE
2026-03-20,9904,寶成,listed,28.6,28.75,28.3,28.6,0.0,0.0,13310981,380733766,4851,TWSE
2026-03-20,9905,大華,listed,20.9,21.0,20.9,21.0,0.0,0.0,38608,808451,53,TWSE
2026-03-20,9906,欣巴巴,listed,42.95,43.45,39.8,39.95,-0.75,-1.8428,506913,20986937,470,TWSE
2026-03-20,9907,統一實,listed,18.0,18.1,17.9,17.9,-0.1,-0.5556,4358286,78371803,1711,TWSE
2026-03-20,9908,大台北,listed,30.15,30.45,30.05,30.1,-0.3,-0.9868,1072573,32330200,830,TWSE
2026-03-20,9910,豐泰,listed,79.6,81.4,79.3,81.3,1.4,1.7522,1575879,127333480,1194,TWSE
2026-03-20,9911,櫻花,listed,90.5,91.5,90.5,90.8,0.5,0.5537,298917,27181418,442,TWSE
2026-03-20,9912,偉聯,listed,12.45,12.6,12.45,12.6,0.05,0.3984,45608,570254,155,TWSE
2026-03-20,9914,美利達,listed,67.0,68.8,66.9,68.1,1.0,1.4903,1085596,73939780,1027,TWSE
2026-03-20,9917,中保科,listed,112.5,113.5,111.5,113.5,0.5,0.4425,905544,102030436,1557,TWSE
2026-03-20,9918,欣天然,listed,51.7,53.3,46.45,46.7,-2.05,-4.2051,3250209,165061020,2891,TWSE
2026-03-20,9919,康那香,listed,15.45,15.55,15.25,15.4,-0.05,-0.3236,370468,5711453,558,TWSE
2026-03-20,9921,巨大,listed,69.8,71.0,69.2,71.0,0.9,1.2839,2544770,178831051,1811,TWSE
2026-03-20,9924,福興,listed,45.15,45.55,45.15,45.15,-0.15,-0.3311,67177,3041341,168,TWSE
2026-03-20,9925,新保,listed,40.65,40.8,40.65,40.8,0.15,0.369,179024,7287988,164,TWSE
2026-03-20,9926,新海,listed,50.6,50.6,49.9,49.95,-0.65,-1.2846,336930,16867332,304,TWSE
2026-03-20,9927,泰銘,listed,68.3,68.3,67.7,67.7,-0.3,-0.4412,130407,8859633,138,TWSE
2026-03-20,9928,中視,listed,17.75,17.9,17.7,17.9,0.05,0.2801,15088,268909,30,TWSE
2026-03-20,9929,秋雨,listed,13.05,15.0,12.75,15.0,1.35,9.8901,419604,6031178,1083,TWSE
2026-03-20,9930,中聯資源,listed,69.9,70.3,69.9,70.0,-0.1,-0.1427,99820,6993446,90,TWSE
2026-03-20,9931,欣高,listed,42.3,43.8,38.9,39.2,-2.6,-6.2201,2877436,120603622,2013,TWSE
2026-03-20,9933,中鼎,listed,35.0,35.15,34.1,34.25,-0.65,-1.8625,5695247,196944040,5343,TWSE
2026-03-20,9934,成霖,listed,9.56,9.66,9.5,9.6,0.04,0.4184,565590,5424748,216,TWSE
2026-03-20,9935,慶豐富,listed,19.8,19.95,19.65,19.7,-0.1,-0.5051,196230,3878119,541,TWSE
2026-03-20,9937,全國,listed,56.6,57.2,56.3,56.7,-0.1,-0.1761,63821,3613561,111,TWSE
2026-03-20,9938,百和,listed,48.25,48.3,47.7,47.75,-0.5,-1.0363,1596089,76511651,1620,TWSE
2026-03-20,9939,宏全,listed,118.5,118.5,116.5,117.0,-1.5,-1.2658,1641053,192608686,1963,TWSE
2026-03-20,9940,信義,listed,20.85,21.0,20.2,20.2,0.15,0.7481,534545,10937765,405,TWSE
2026-03-20,9941,裕融,listed,76.2,79.0,75.0,79.0,2.8,3.6745,5047393,389293577,2706,TWSE
2026-03-20,9941A,裕融甲特,listed,50.2,50.3,50.2,50.3,0.1,0.1992,3000,150700,2,TWSE
2026-03-20,9942,茂順,listed,115.5,116.0,115.0,115.5,0.0,0.0,55631,6426784,121,TWSE
2026-03-20,9943,好樂迪,listed,58.3,58.9,58.3,58.9,0.4,0.6838,91795,5383201,160,TWSE
2026-03-20,9944,新麗,listed,16.4,16.6,16.3,16.3,0.05,0.3077,57080,938060,70,TWSE
2026-03-20,9945,潤泰新,listed,26.5,26.7,25.95,25.95,-0.35,-1.3308,11863894,309859334,4389,TWSE
2026-03-20,9946,三發地產,listed,18.3,18.8,18.3,18.45,0.25,1.3736,452529,8396099,273,TWSE
2026-03-20,9955,佳龍,listed,33.85,34.0,33.2,33.3,-0.8,-2.346,432272,14521773,582,TWSE
2026-03-20,9958,世紀鋼,listed,126.0,129.0,125.5,127.0,1.0,0.7937,1043201,132599136,1723,TWSE
