date,symbol,name,market,open,high,low,close,change,change_pct,volume,turnover,transactions,source
2026-06-09,00400A,主動國泰動能高息,listed,14.27,14.65,14.17,14.63,0.55,3.9062,39839738,575784984,6308,TWSE
2026-06-09,00401A,主動摩根台灣鑫收,listed,13.4,13.73,13.37,13.73,0.48,3.6226,3589282,48654457,793,TWSE
2026-06-09,00402A,主動安聯美國科技,listed,10.0,10.02,9.83,10.01,0.53,5.5907,110315846,1103476387,19991,TWSE
2026-06-09,00403A,主動統一升級50,listed,10.26,10.42,10.15,10.41,0.28,2.7641,424730303,4380041766,60749,TWSE
2026-06-09,00404A,主動聯博動能50,listed,9.83,9.97,9.73,9.96,0.33,3.4268,38457972,379320240,6409,TWSE
2026-06-09,00405A,主動富邦台灣龍耀,listed,9.47,9.48,9.23,9.48,0.37,4.0615,484277791,4538991176,67551,TWSE
2026-06-09,0050,元大台灣50,listed,102.1,103.6,101.35,103.5,2.55,2.526,246039378,25054932573,121189,TWSE
2026-06-09,0051,元大中型100,listed,138.8,141.85,137.7,141.85,4.6,3.3515,67340,9420404,536,TWSE
2026-06-09,0052,富邦科技,listed,59.5,60.3,59.05,60.15,1.3,2.209,20249672,1210563496,18510,TWSE
2026-06-09,0053,元大電子,listed,233.9,237.95,233.75,237.95,7.05,3.0533,83600,19669450,2306,TWSE
2026-06-09,0055,元大MSCI金融,listed,38.49,40.41,38.49,40.3,2.15,5.6356,1327094,52954215,1000,TWSE
2026-06-09,0056,元大高股息,listed,49.87,51.3,49.72,51.25,1.8,3.64,58646039,2968784035,29383,TWSE
2026-06-09,0057,富邦摩台,listed,302.4,306.55,302.25,306.55,8.15,2.7312,49977,15196040,151,TWSE
2026-06-09,0061,元大寶滬深,listed,24.3,24.35,24.22,24.33,0.08,0.3299,107798,2617361,165,TWSE
2026-06-09,006203,元大MSCI台灣,listed,185.85,188.15,185.85,188.15,4.8,2.6179,12565,2344853,112,TWSE
2026-06-09,006204,永豐臺灣加權,listed,219.25,223.65,218.75,223.65,6.95,3.2072,22479,4929389,106,TWSE
2026-06-09,006205,富邦上証,listed,39.18,39.6,39.18,39.6,0.18,0.4566,650674,25633071,258,TWSE
2026-06-09,006206,元大上證50,listed,35.81,35.92,35.49,35.56,-0.16,-0.4479,66346,2362067,131,TWSE
2026-06-09,006207,復華滬深,listed,32.48,32.69,32.44,32.69,0.16,0.4919,418551,13613296,96,TWSE
2026-06-09,006208,富邦台50,listed,236.6,239.75,234.7,239.55,5.7,2.4375,2690452,639473728,9374,TWSE
2026-06-09,00625K,富邦上証+R,listed,,,,,0.0,,0,0,0,TWSE
2026-06-09,00631L,元大台灣50正2,listed,34.52,35.56,34.12,35.44,1.64,4.8521,252529320,8804438758,76295,TWSE
2026-06-09,00632R,元大台灣50反1,listed,10.66,10.74,10.47,10.49,-0.28,-2.5998,183724736,1944022336,18815,TWSE
2026-06-09,00633L,富邦上証正2,listed,50.1,50.15,49.35,49.84,-0.06,-0.1202,5163381,257326687,682,TWSE
2026-06-09,00634R,富邦上証反1,listed,3.12,3.15,3.12,3.14,0.01,0.3195,141000,442000,19,TWSE
2026-06-09,00635U,期元大S&P黃金,listed,45.06,45.32,45.06,45.26,0.23,0.5108,3447234,155864991,2158,TWSE
2026-06-09,00636,國泰中國A50,listed,28.07,28.16,27.96,28.13,0.08,0.2852,1162924,32642366,304,TWSE
2026-06-09,00636K,國泰中國A50+U,listed,8.98,8.98,8.98,8.98,-0.03,-0.333,200,1796,2,TWSE
2026-06-09,00637L,元大滬深300正2,listed,20.84,20.84,20.46,20.63,-0.02,-0.0969,22382651,461514172,2557,TWSE
2026-06-09,00638R,元大滬深300反1,listed,6.67,6.72,6.67,6.68,0.01,0.1499,155150,1036915,17,TWSE
2026-06-09,00639,富邦深100,listed,17.65,17.84,17.62,17.77,0.12,0.6799,1988232,35294518,293,TWSE
2026-06-09,00640L,富邦日本正2,listed,96.95,99.4,96.95,99.2,3.15,3.2795,154811,15192182,113,TWSE
2026-06-09,00641R,富邦日本反1,listed,3.93,3.93,3.89,3.9,-0.04,-1.0152,1005924,3933155,79,TWSE
2026-06-09,00642U,期元大S&P石油,listed,29.06,29.07,28.74,28.8,-1.09,-3.6467,5767779,166760754,1640,TWSE
2026-06-09,00643,群益深証中小,listed,19.01,19.25,18.97,19.23,0.26,1.3706,3403475,65082687,200,TWSE
2026-06-09,00643K,群益深証中小+R,listed,,,,,0.0,,0,0,0,TWSE
2026-06-09,00645,富邦日本,listed,54.1,54.95,54.1,54.8,0.75,1.3876,137961,7535224,336,TWSE
2026-06-09,00646,元大S&P500,listed,73.35,73.8,73.35,73.7,0.35,0.4772,3408610,250746723,3850,TWSE
2026-06-09,00647L,元大S&P500正2,listed,130.5,131.9,130.35,131.45,0.9,0.6894,39841,5234380,86,TWSE
2026-06-09,00648R,元大S&P500反1,listed,4.04,4.05,4.02,4.03,-0.02,-0.4938,371500,1498335,76,TWSE
2026-06-09,00650L,復華香港正2,listed,15.98,16.05,15.79,15.95,-0.05,-0.3125,5195318,82736418,740,TWSE
2026-06-09,00651R,復華香港反1,listed,5.41,5.44,5.41,5.42,0.01,0.1848,206799,1121404,19,TWSE
2026-06-09,00652,富邦印度,listed,31.57,31.57,31.21,31.35,-0.22,-0.6969,303547,9521587,440,TWSE
2026-06-09,00653L,富邦印度正2,listed,43.2,43.26,42.8,43.11,-0.25,-0.5766,240981,10351907,80,TWSE
2026-06-09,00654R,富邦印度反1,listed,7.06,7.06,7.01,7.05,0.03,0.4274,72000,506900,17,TWSE
2026-06-09,00655L,國泰中國A50正2,listed,34.94,34.99,34.42,34.76,-0.11,-0.3155,2607160,90472084,378,TWSE
2026-06-09,00656R,國泰中國A50反1,listed,5.9,5.93,5.9,5.91,0.0,0.0,756999,4480234,16,TWSE
2026-06-09,00657,國泰日經225,listed,75.3,76.45,75.25,76.3,1.8,2.4161,88203,6673604,70,TWSE
2026-06-09,00657K,國泰日經225+U,listed,24.2,24.2,24.2,24.2,0.46,1.9377,200,4840,2,TWSE
2026-06-09,00660,元大歐洲50,listed,44.44,44.44,44.18,44.4,0.9,2.069,7071,312830,70,TWSE
2026-06-09,00661,元大日經225,listed,82.6,84.25,82.6,84.2,2.15,2.6204,234220,19561168,213,TWSE
2026-06-09,00662,富邦NASDAQ,listed,119.15,120.1,119.0,119.8,1.65,1.3965,5301950,634975084,3716,TWSE
2026-06-09,00663L,國泰臺灣加權正2,listed,99.55,103.85,98.95,103.2,5.55,5.6836,13146122,1334325366,5760,TWSE
2026-06-09,00664R,國泰臺灣加權反1,listed,1.71,1.74,1.69,1.69,-0.05,-2.8736,52196664,89217208,1334,TWSE
2026-06-09,00665L,富邦恒生國企正2,listed,9.16,9.23,9.06,9.17,0.01,0.1092,13811736,126167817,1272,TWSE
2026-06-09,00666R,富邦恒生國企反1,listed,9.32,9.32,9.26,9.27,-0.03,-0.3226,18000,166980,6,TWSE
2026-06-09,00668,國泰美國道瓊,listed,58.45,58.65,58.4,58.6,0.1,0.1709,211564,12396818,98,TWSE
2026-06-09,00668K,國泰美國道瓊+U,listed,18.57,18.57,18.57,18.57,-0.04,-0.2149,200,3714,2,TWSE
2026-06-09,00669R,國泰美國道瓊反1,listed,5.42,5.42,5.39,5.4,-0.01,-0.1848,234380,1266059,61,TWSE
2026-06-09,00670L,富邦NASDAQ正2,listed,204.6,208.95,204.55,208.15,6.75,3.3515,1024218,211859887,896,TWSE
2026-06-09,00671R,富邦NASDAQ反1,listed,2.44,2.46,2.42,2.44,-0.04,-1.6129,7739502,18891448,292,TWSE
2026-06-09,00673R,期元大S&P原油反1,listed,12.57,12.71,12.55,12.69,0.54,4.4444,24697880,311663089,2240,TWSE
2026-06-09,00674R,期元大S&P黃金反1,listed,28.59,28.59,28.45,28.51,-0.16,-0.5581,115714,3297642,63,TWSE
2026-06-09,00675L,富邦臺灣加權正2,listed,302.6,314.5,300.0,312.55,17.1,5.7878,2941688,904638277,2577,TWSE
2026-06-09,00676R,富邦臺灣加權反1,listed,5.9,5.9,5.76,5.77,-0.16,-2.6981,16087856,93803033,1054,TWSE
2026-06-09,00678,群益那斯達克生技,listed,35.37,35.4,35.0,35.4,-0.19,-0.5339,1012783,35793186,140,TWSE
2026-06-09,00680L,元大美債20正2,listed,6.78,6.8,6.76,6.79,-0.01,-0.1471,12532615,84904314,529,TWSE
2026-06-09,00681R,元大美債20反1,listed,21.23,21.23,21.2,21.2,0.0,0.0,3000,63630,2,TWSE
2026-06-09,00682U,期元大美元指數,listed,20.37,20.37,20.36,20.36,-0.19,-0.9246,6118,124614,6,TWSE
2026-06-09,00683L,期元大美元指正2,listed,21.63,21.63,21.52,21.52,-0.05,-0.2318,140040,3021775,20,TWSE
2026-06-09,00684R,期元大美元指反1,listed,15.1,15.11,15.1,15.11,0.06,0.3987,2000,30210,2,TWSE
2026-06-09,00685L,群益臺灣加權正2,listed,273.0,283.9,270.85,282.3,15.45,5.7898,4725184,1314352482,7869,TWSE
2026-06-09,00686R,群益臺灣加權反1,listed,1.05,1.06,1.03,1.03,-0.04,-3.7383,9482970,9886545,293,TWSE
2026-06-09,00688L,國泰20年美債正2,listed,6.75,6.77,6.74,6.77,-0.01,-0.1475,4186988,28278161,174,TWSE
2026-06-09,00689R,國泰20年美債反1,listed,22.21,22.26,22.15,22.15,0.01,0.0452,48000,1065790,6,TWSE
2026-06-09,00690,兆豐藍籌30,listed,78.45,80.0,77.05,79.9,3.35,4.3762,448470,35538342,548,TWSE
2026-06-09,00692,富邦公司治理,listed,88.3,90.15,88.15,89.9,2.2,2.5086,1596090,142674305,1172,TWSE
2026-06-09,00693U,期街口S&P黃豆,listed,20.7,20.7,20.63,20.65,-0.05,-0.2415,497043,10267737,311,TWSE
2026-06-09,00700,富邦恒生國企,listed,16.75,16.77,16.67,16.74,-0.01,-0.0597,278639,4661337,185,TWSE
2026-06-09,00701,國泰股利精選30,listed,34.9,36.78,34.9,36.73,1.86,5.3341,2144666,77510092,905,TWSE
2026-06-09,00702,國泰標普低波高息,listed,23.92,23.95,23.9,23.94,0.04,0.1674,132985,3182833,72,TWSE
2026-06-09,00703,台新MSCI中國,listed,19.52,19.52,19.09,19.11,0.0,0.0,149658,2865068,76,TWSE
2026-06-09,00706L,期元大S&P日圓正2,listed,18.98,19.0,18.96,19.0,0.02,0.1054,1038960,19719659,205,TWSE
2026-06-09,00707R,期元大S&P日圓反1,listed,,,,,0.0,,0,0,0,TWSE
2026-06-09,00708L,期元大S&P黃金正2,listed,81.3,82.3,81.3,82.0,0.8,0.9852,1653567,135404519,1218,TWSE
2026-06-09,00709,富邦歐洲,listed,38.02,38.51,38.02,38.42,0.36,0.9459,23596,904488,129,TWSE
2026-06-09,00710B,復華彭博非投等債,listed,18.95,18.97,18.93,18.93,-0.04,-0.2109,170293,3227054,61,TWSE
2026-06-09,00711B,復華彭博新興債,listed,16.01,16.01,16.0,16.0,-0.03,-0.1871,121931,1950935,90,TWSE
2026-06-09,00712,復華富時不動產,listed,8.65,8.65,8.62,8.64,-0.05,-0.5754,59215419,511339755,12053,TWSE
2026-06-09,00713,元大台灣高息低波,listed,57.95,59.65,57.95,59.5,1.85,3.209,7319966,431574151,4470,TWSE
2026-06-09,00714,群益道瓊美國地產,listed,21.32,21.42,21.32,21.34,-0.13,-0.6055,213834,4566446,23,TWSE
2026-06-09,00715L,期街口布蘭特正2,listed,53.7,53.8,52.85,53.05,-4.05,-7.0928,10114991,539521236,3610,TWSE
2026-06-09,00717,富邦美國特別股,listed,14.9,14.94,14.9,14.93,-0.01,-0.0669,66583,993938,189,TWSE
2026-06-09,00728,第一金工業30,listed,61.15,62.0,60.85,61.75,1.5,2.4896,100027,6160226,297,TWSE
2026-06-09,00730,富邦臺灣優質高息,listed,28.12,28.81,28.12,28.74,0.68,2.4234,233385,6625458,296,TWSE
2026-06-09,00731,復華富時高息低波,listed,82.65,86.0,82.65,85.6,3.65,4.4539,337300,28581806,355,TWSE
2026-06-09,00733,富邦臺灣中小,listed,70.25,72.5,70.0,72.5,2.75,3.9427,719783,51429966,727,TWSE
2026-06-09,00735,國泰臺韓科技,listed,106.4,110.5,105.1,109.75,5.1,4.8734,3696885,398763299,4454,TWSE
2026-06-09,00736,國泰新興市場,listed,29.96,30.05,29.94,30.05,0.06,0.2001,111452,3343994,70,TWSE
2026-06-09,00737,國泰AI機器人,listed,38.44,39.0,38.44,38.98,0.58,1.5104,138915,5393644,221,TWSE
2026-06-09,00738U,期元大道瓊白銀,listed,54.35,55.0,54.35,54.75,0.25,0.4587,5112727,279553608,2163,TWSE
2026-06-09,00739,元大MSCI A股,listed,27.86,28.49,27.75,28.09,0.22,0.7894,208534,5812603,105,TWSE
2026-06-09,00752,中信中國50,listed,22.77,22.81,22.57,22.66,0.0,0.0,1530254,34716041,646,TWSE
2026-06-09,00753L,中信中國50正2,listed,9.31,9.45,9.26,9.38,0.03,0.3209,13125094,122839955,1467,TWSE
2026-06-09,00757,統一FANG+,listed,127.8,129.25,127.8,129.2,2.1,1.6522,1922943,248008947,1978,TWSE
2026-06-09,00762,元大全球AI,listed,112.3,114.65,112.3,114.65,2.9,2.5951,165902,18830008,496,TWSE
2026-06-09,00763U,期街口道瓊銅,listed,33.71,33.96,33.71,33.9,0.36,1.0733,465506,15761151,247,TWSE
2026-06-09,00770,國泰北美科技,listed,66.55,67.35,66.55,67.3,1.55,2.3574,321342,21539132,481,TWSE
2026-06-09,00771,元大US高息特別股,listed,15.79,15.79,15.76,15.79,0.0,0.0,39942,630254,78,TWSE
2026-06-09,00775B,新光投等債15+,listed,32.09,32.09,32.0,32.0,-0.1,-0.3115,82266,2632092,78,TWSE
2026-06-09,00783,富邦中証500,listed,28.21,28.39,28.12,28.39,0.33,1.1761,285663,8059362,93,TWSE
2026-06-09,00830,國泰費城半導體,listed,90.1,91.75,90.1,91.75,3.85,4.38,6546724,594515867,9418,TWSE
2026-06-09,00850,元大臺灣ESG永續,listed,86.6,89.55,86.6,89.5,3.1,3.588,717403,63380616,1066,TWSE
2026-06-09,00851,台新全球AI,listed,69.15,70.45,69.15,69.7,0.25,0.36,11529,803159,82,TWSE
2026-06-09,00852L,國泰美國道瓊正2,listed,32.69,32.94,32.68,32.94,0.17,0.5188,133737,4385464,33,TWSE
2026-06-09,00861,元大全球未來通訊,listed,89.8,90.8,89.1,90.8,2.5,2.8313,398083,35906547,2307,TWSE
2026-06-09,00865B,國泰US短期公債,listed,48.05,48.07,47.93,47.94,-0.11,-0.2289,2692433,129183705,792,TWSE
2026-06-09,00875,國泰網路資安,listed,47.87,47.88,47.5,47.79,-0.22,-0.4582,35527,1694975,196,TWSE
2026-06-09,00876,元大全球5G,listed,90.1,93.0,90.05,92.85,4.15,4.6787,202660,18572844,1805,TWSE
2026-06-09,00878,國泰永續高股息,listed,31.37,32.39,31.37,32.31,1.2,3.8573,85554155,2729561510,23165,TWSE
2026-06-09,00881,國泰台灣科技龍頭,listed,52.9,54.35,52.7,54.35,1.95,3.7214,9146716,490045567,5675,TWSE
2026-06-09,00882,中信中國高股息,listed,15.69,15.83,15.63,15.81,0.15,0.9579,12652752,199408384,1468,TWSE
2026-06-09,00885,富邦越南,listed,18.21,18.26,18.1,18.17,-0.04,-0.2197,2948214,53605530,1462,TWSE
2026-06-09,00891,中信關鍵半導體,listed,34.34,35.0,33.9,34.95,1.19,3.5249,20436051,707656295,6276,TWSE
2026-06-09,00892,富邦台灣半導體,listed,42.5,43.08,41.75,43.06,1.19,2.8421,2460463,104979699,1364,TWSE
2026-06-09,00893,國泰智能電動車,listed,45.1,45.76,45.1,45.75,1.32,2.971,919572,41916525,637,TWSE
2026-06-09,00894,中信小資高價30,listed,47.7,49.06,47.4,49.0,1.78,3.7696,1531689,74426488,1137,TWSE
2026-06-09,00895,富邦未來車,listed,51.0,51.0,50.2,50.9,1.03,2.0654,575908,29132877,499,TWSE
2026-06-09,00896,中信綠能及電動車,listed,28.18,28.74,27.94,28.69,0.92,3.3129,10027959,284773115,3578,TWSE
2026-06-09,00897,富邦基因免疫生技,listed,9.56,9.65,9.56,9.64,-0.1,-1.0267,468739,4514457,244,TWSE
2026-06-09,00898,國泰基因免疫革命,listed,8.21,8.21,8.13,8.14,-0.09,-1.0936,151234,1234760,211,TWSE
2026-06-09,00899,FT潔淨能源,listed,27.67,27.67,27.43,27.56,-0.19,-0.6847,133975,3686755,257,TWSE
2026-06-09,00900,富邦特選高股息30,listed,18.86,19.5,18.78,19.42,0.72,3.8503,7907915,152028808,2360,TWSE
2026-06-09,00901,永豐智能車供應鏈,listed,44.79,46.19,44.7,46.15,1.77,3.9883,450699,20753922,273,TWSE
2026-06-09,00902,中信電池及儲能,listed,14.84,15.0,14.77,14.95,0.07,0.4704,2107658,31276473,818,TWSE
2026-06-09,00903,富邦元宇宙,listed,21.62,21.88,21.62,21.88,0.28,1.2963,269736,5873630,162,TWSE
2026-06-09,00904,新光臺灣半導體30,listed,40.01,40.63,39.49,40.62,1.13,2.8615,1429429,57453275,926,TWSE
2026-06-09,00905,FT臺灣Smart,listed,26.56,27.29,26.52,27.28,1.05,4.003,1336361,35965479,973,TWSE
2026-06-09,00907,永豐優息存股,listed,15.74,16.27,15.74,16.23,0.5,3.1786,2337352,37716877,516,TWSE
2026-06-09,00908,富邦入息REITs+,listed,14.56,14.65,14.56,14.63,0.07,0.4808,737061,10761935,101,TWSE
2026-06-09,00909,國泰數位支付服務,listed,48.57,49.2,48.5,49.18,1.86,3.9307,1013355,49617262,1123,TWSE
2026-06-09,00910,第一金太空衛星,listed,70.7,70.9,70.0,70.8,0.2,0.2833,5536423,390273667,10227,TWSE
2026-06-09,00911,兆豐洲際半導體,listed,61.45,61.9,61.25,61.8,1.9,3.172,256076,15780328,1635,TWSE
2026-06-09,00912,中信臺灣智慧50,listed,32.12,32.99,32.12,32.98,0.93,2.9017,982161,32056548,426,TWSE
2026-06-09,00913,兆豐台灣晶圓製造,listed,48.2,48.67,46.75,48.56,1.86,3.9829,1999189,96503918,531,TWSE
2026-06-09,00915,凱基優選高股息30,listed,29.33,30.77,29.33,30.62,1.34,4.5765,7313346,221757647,1800,TWSE
2026-06-09,00916,國泰全球品牌50,listed,30.0,30.3,29.0,29.0,-1.0,-3.3333,14842558,439351614,7898,TWSE
2026-06-09,00917,中信特選金融,listed,21.83,21.97,21.79,21.81,0.0,0.0,774955,16900679,391,TWSE
2026-06-09,00918,大華優利高填息30,listed,30.16,30.96,30.01,30.88,1.27,4.2891,56843287,1734636920,15696,TWSE
2026-06-09,00919,群益台灣精選高息,listed,29.9,30.84,29.71,30.72,1.24,4.2062,143900855,4366304746,45837,TWSE
2026-06-09,00920,富邦ESG綠色電力,listed,25.84,26.16,25.74,26.16,0.32,1.2384,256305,6637080,480,TWSE
2026-06-09,00921,兆豐龍頭等權重,listed,22.85,22.87,22.55,22.83,0.49,2.1934,197723,4494407,288,TWSE
2026-06-09,00922,國泰台灣領袖50,listed,38.93,39.7,38.65,39.65,1.18,3.0673,8531015,334097934,4074,TWSE
2026-06-09,00923,群益台ESG低碳50,listed,40.95,41.95,40.81,41.92,1.39,3.4296,5557992,231169373,1644,TWSE
2026-06-09,00924,復華S&P500成長,listed,31.96,32.15,31.95,32.13,0.24,0.7526,1857468,59621944,1268,TWSE
2026-06-09,00926,凱基全球菁英55,listed,24.66,24.75,24.56,24.71,-0.05,-0.2019,956860,23632355,393,TWSE
2026-06-09,00927,群益半導體收益,listed,37.41,38.5,36.95,38.46,1.56,4.2276,14170277,536202501,4929,TWSE
2026-06-09,00929,復華台灣科技優息,listed,28.53,29.46,28.21,29.43,1.35,4.8077,35270400,1019942198,8826,TWSE
2026-06-09,00930,永豐ESG低碳高息,listed,23.87,24.72,23.84,24.67,1.02,4.3129,1762298,42750882,276,TWSE
2026-06-09,00932,兆豐永續高息等權,listed,17.29,17.7,17.29,17.65,0.35,2.0231,1348679,23773460,314,TWSE
2026-06-09,00934,中信成長高股息,listed,27.5,28.3,27.4,28.23,1.07,3.9396,3038208,84653297,991,TWSE
2026-06-09,00935,野村臺灣新科技50,listed,58.3,60.3,57.8,60.2,2.7,4.6957,18218058,1080059000,7975,TWSE
2026-06-09,00936,台新永續高息中小,listed,20.35,20.97,20.35,20.92,0.62,3.0542,1683897,34996985,489,TWSE
2026-06-09,00938,凱基優選30,listed,22.75,23.48,22.75,23.4,0.95,4.2316,1461321,33844511,204,TWSE
2026-06-09,00939,統一台灣高息動能,listed,20.31,21.05,20.31,21.04,0.9,4.4687,6827546,142083122,1572,TWSE
2026-06-09,00940,元大台灣價值高息,listed,11.99,12.39,11.99,12.36,0.0,0.0,25058344,305854791,4628,TWSE
2026-06-09,00941,中信上游半導體,listed,25.24,25.76,25.24,25.72,0.66,2.6337,1481277,37964479,750,TWSE
2026-06-09,00943,兆豐電子高息等權,listed,21.17,21.61,21.07,21.57,0.72,3.4532,134452,2871657,127,TWSE
2026-06-09,00944,野村趨勢動能高息,listed,20.42,21.1,20.4,21.03,0.93,4.6269,504595,10592071,298,TWSE
2026-06-09,00945B,凱基美國非投等債,listed,14.43,14.44,14.41,14.42,-0.01,-0.0693,7602998,109699920,862,TWSE
2026-06-09,00946,群益科技高息成長,listed,14.59,15.02,14.56,14.97,0.45,3.0992,5170301,76658460,838,TWSE
2026-06-09,00947,台新臺灣IC設計,listed,37.33,37.45,36.0,37.37,1.54,4.2981,8232215,303287648,4115,TWSE
2026-06-09,00949,復華日本龍頭,listed,20.11,20.45,20.11,20.45,0.29,1.4385,768326,15561749,408,TWSE
2026-06-09,00951,台新日本半導體,listed,17.01,17.54,16.83,17.44,0.76,4.5564,3567009,61423854,833,TWSE
2026-06-09,00952,凱基台灣AI50,listed,18.42,18.7,18.13,18.64,0.49,2.6997,4651811,86224128,972,TWSE
2026-06-09,00953B,群益優選非投等債,listed,9.56,9.56,9.54,9.55,0.0,0.0,36998132,353267043,3483,TWSE
2026-06-09,00954,中信日本半導體,listed,18.15,18.68,17.97,18.59,0.81,4.5557,6829372,125586829,783,TWSE
2026-06-09,00956,中信日經高股息,listed,12.2,12.23,12.16,12.17,0.09,0.745,558898,6823985,132,TWSE
2026-06-09,00960,野村全球航運龍頭,listed,17.62,17.75,17.62,17.68,0.13,0.7407,558544,9899017,288,TWSE
2026-06-09,00961,FT臺灣永續高息,listed,12.77,13.06,12.77,13.01,0.35,2.7646,6246160,80863784,1389,TWSE
2026-06-09,00962,台新AI優息動能,listed,14.74,15.15,14.68,15.15,0.47,3.2016,1002323,14917918,399,TWSE
2026-06-09,00963,中信全球高股息,listed,12.55,12.55,12.46,12.48,-0.03,-0.2398,1593564,19891041,363,TWSE
2026-06-09,00964,中信亞太高股息,listed,14.28,14.41,14.25,14.38,0.23,1.6254,2351991,33719220,319,TWSE
2026-06-09,00965,元大航太防衛科技,listed,24.33,24.33,24.08,24.2,0.04,0.1656,1950632,47183142,1346,TWSE
2026-06-09,00971,野村美國研發龍頭,listed,16.62,16.73,16.58,16.72,0.1,0.6017,482178,8035436,289,TWSE
2026-06-09,00972,野村日本動能高息,listed,19.07,19.4,19.07,19.3,0.23,1.2061,38349,742062,23,TWSE
2026-06-09,009800,中信NASDAQ,listed,12.82,12.97,12.82,12.97,0.21,1.6458,1581998,20446520,577,TWSE
2026-06-09,009801,中信美國創新科技,listed,12.1,12.25,12.1,12.25,0.18,1.4913,834787,10188725,275,TWSE
2026-06-09,009802,富邦旗艦50,listed,19.66,20.33,19.36,20.33,1.19,6.2173,11967982,239477123,2121,TWSE
2026-06-09,009803,玉山市值動能50,listed,21.75,22.01,21.5,21.99,0.21,0.9642,7633589,166275246,2702,TWSE
2026-06-09,009804,聯邦台精彩50,listed,22.8,23.53,22.77,23.48,0.94,4.1704,1373956,31893147,322,TWSE
2026-06-09,009805,新光美國電力基建,listed,16.18,16.19,16.03,16.19,-0.07,-0.4305,10404256,167955334,4033,TWSE
2026-06-09,009808,華南永昌優選50,listed,29.68,30.65,29.68,30.62,1.0,3.3761,989618,29944450,94,TWSE
2026-06-09,009809,富邦淨零ESG50,listed,16.79,17.1,16.65,17.01,0.54,3.2787,531149,8883933,88,TWSE
2026-06-09,00980A,主動野村臺灣優選,listed,23.82,24.48,23.76,24.47,0.83,3.511,11644164,281119563,2673,TWSE
2026-06-09,009810,玉山全球藍籌100,listed,20.43,20.5,20.33,20.42,-0.01,-0.0489,146026,2979924,92,TWSE
2026-06-09,009811,統一美國50,listed,12.75,12.82,12.74,12.81,0.07,0.5495,1442682,18462393,619,TWSE
2026-06-09,009812,野村日本東證,listed,11.89,12.04,11.89,12.03,0.14,1.1775,630359,7560185,159,TWSE
2026-06-09,009813,貝萊德標普卓越50,listed,11.15,11.16,11.1,11.15,0.0,0.0,2231263,24856042,831,TWSE
2026-06-09,009816,凱基台灣TOP50,listed,14.89,15.2,14.78,15.16,0.48,3.2698,131245937,1971702252,35812,TWSE
2026-06-09,009817,國泰日本不動產,listed,8.61,8.65,8.61,8.63,0.03,0.3488,1703699,14701149,237,TWSE
2026-06-09,009818,華南永昌NASDAQxT,listed,19.13,19.42,19.13,19.39,0.41,2.1602,140408,2711901,61,TWSE
2026-06-09,009819,中信數據及電力,listed,10.45,10.46,10.39,10.45,0.12,1.1617,11796256,123046586,3189,TWSE
2026-06-09,00981A,主動統一台股增長,listed,30.42,31.23,30.02,31.23,1.34,4.4831,233150473,7161188791,64780,TWSE
2026-06-09,00981T,平衡凱基雙核收息,listed,12.01,12.08,12.01,12.07,0.05,0.416,2384905,28741158,261,TWSE
2026-06-09,009820,元大納斯達克精選,listed,10.12,10.22,10.09,10.2,0.11,1.0902,15719648,160083033,1672,TWSE
2026-06-09,00982A,主動群益台灣強棒,listed,22.94,23.48,22.75,23.48,0.89,3.9398,31775450,737108264,7780,TWSE
2026-06-09,00982D,主動富邦動態入息,listed,9.91,9.92,9.9,9.91,0.0,0.0,999567,9905761,170,TWSE
2026-06-09,00982T,平衡兆豐台美動能,listed,15.13,15.4,15.13,15.37,0.28,1.8555,137792,2107514,58,TWSE
2026-06-09,00983A,主動中信ARK創新,listed,11.35,11.5,11.35,11.49,0.14,1.2335,2071519,23761204,467,TWSE
2026-06-09,00983D,主動富邦複合收益,listed,10.08,10.08,10.06,10.07,-0.01,-0.0992,684164,6891853,256,TWSE
2026-06-09,00984A,主動安聯台灣高息,listed,15.73,16.11,15.65,16.08,0.44,2.8133,5954474,94713192,1905,TWSE
2026-06-09,00984D,主動聯博全球非投,listed,10.02,10.02,10.01,10.01,0.01,0.1,6066864,60757659,541,TWSE
2026-06-09,00985A,主動野村台灣50,listed,21.49,21.98,21.47,21.97,0.6,2.8077,4055202,88318957,1566,TWSE
2026-06-09,00985B,群益ESG投等債0-5,listed,10.15,10.15,10.12,10.13,-0.02,-0.197,7700374,78025155,1004,TWSE
2026-06-09,00986A,主動台新龍頭成長,listed,14.77,14.86,14.7,14.85,0.27,1.8519,759370,11238647,216,TWSE
2026-06-09,00987A,主動台新優勢成長,listed,16.95,17.34,16.77,17.34,0.56,3.3373,5558208,95194737,1320,TWSE
2026-06-09,00988A,主動統一全球創新,listed,20.52,20.92,20.3,20.9,0.65,3.2099,57018078,1176705163,18956,TWSE
2026-06-09,00989A,主動摩根美國科技,listed,17.26,17.54,17.26,17.52,0.3,1.7422,1866200,32681967,265,TWSE
2026-06-09,00990A,主動元大AI新經濟,listed,19.22,19.5,19.03,19.5,0.6,3.1746,38612018,743745925,9009,TWSE
2026-06-09,00991A,主動復華未來50,listed,18.98,19.6,18.8,19.6,0.91,4.8689,67112263,1291383225,15997,TWSE
2026-06-09,00992A,主動群益科技創新,listed,17.72,18.29,17.65,18.29,0.77,4.395,73035647,1318537401,12761,TWSE
2026-06-09,00993A,主動安聯台灣,listed,13.07,13.5,12.99,13.5,0.58,4.4892,11608418,154714561,2071,TWSE
2026-06-09,00994A,主動第一金台股優,listed,17.67,17.94,17.47,17.94,0.51,2.926,8545806,151781723,1972,TWSE
2026-06-09,00995A,主動中信台灣卓越,listed,17.52,17.88,17.25,17.8,0.71,4.1545,11968930,210554018,1618,TWSE
2026-06-09,00996A,主動兆豐台灣豐收,listed,14.66,15.18,14.58,15.18,0.74,5.1247,9106213,135773926,1535,TWSE
2026-06-09,00997A,主動群益美國增長,listed,12.87,13.09,12.8,13.08,0.46,3.645,13787546,178537044,3074,TWSE
2026-06-09,00999A,主動野村臺灣高息,listed,11.03,11.21,10.93,11.2,0.3,2.7523,36972315,409967074,5101,TWSE
2026-06-09,01001T,土銀富邦R1,listed,11.62,11.62,11.6,11.6,-0.02,-0.1721,5000,58080,5,TWSE
2026-06-09,01002T,土銀國泰R1,listed,14.08,14.08,14.08,14.08,-0.01,-0.071,19998,283410,7,TWSE
2026-06-09,01004T,土銀富邦R2,listed,10.45,10.46,10.44,10.45,0.01,0.0958,73000,763150,43,TWSE
2026-06-09,01007T,兆豐國泰R2,listed,12.63,12.63,12.62,12.63,0.01,0.0792,55051,695046,37,TWSE
2026-06-09,01009T,王道圓滿R1,listed,5.74,5.74,5.74,5.74,0.07,1.2346,4000,22960,2,TWSE
2026-06-09,01010T,京城樂富R1,listed,10.0,10.0,9.97,10.0,0.0,0.0,50000,499880,5,TWSE
2026-06-09,020000,富邦特選蘋果N,listed,33.26,33.28,33.26,33.28,2.69,8.7937,2000,66540,2,TWSE
2026-06-09,020011,統一微波高息20N,listed,,,,,0.0,,0,0,0,TWSE
2026-06-09,020012,富邦行動通訊N,listed,24.94,24.94,24.94,24.94,0.0,0.0,1000,24940,1,TWSE
2026-06-09,02001L,富邦蘋果正二N,listed,160.65,169.95,159.05,169.6,13.75,8.8226,170000,28148150,99,TWSE
2026-06-09,020020,元大台股領航N,listed,27.7,28.9,27.7,28.9,1.73,6.3673,4000,113200,4,TWSE
2026-06-09,020028,元大特選電動車N,listed,20.76,20.82,20.76,20.82,0.52,2.5616,6000,124780,3,TWSE
2026-06-09,020029,元大ESG高股息N,listed,17.01,18.0,17.01,18.0,1.2,7.1429,51000,912800,11,TWSE
2026-06-09,020030,統一智慧電動車N,listed,18.15,18.69,18.15,18.69,1.05,5.9524,48000,892100,7,TWSE
2026-06-09,020031,統一IC設計臺灣N,listed,10.1,10.46,10.1,10.46,0.54,5.4435,255000,2654920,11,TWSE
2026-06-09,020032,元大綠能N,listed,10.97,11.0,10.97,11.0,0.0,0.0,12000,131940,3,TWSE
2026-06-09,020034,元大IC設計N,listed,13.59,13.93,13.59,13.93,0.73,5.5303,81000,1121160,12,TWSE
2026-06-09,020036,元大金融配息N,listed,8.91,8.91,8.91,8.91,0.12,1.3652,1000,8910,1,TWSE
2026-06-09,020037,元大金融高股息N,listed,9.97,9.97,9.97,9.97,0.28,2.8896,3000,29910,1,TWSE
2026-06-09,020038,元大ESG配息N,listed,13.2,13.2,13.2,13.2,0.17,1.3047,2000,26400,1,TWSE
2026-06-09,020039,元大加權N,listed,13.89,14.12,13.89,14.12,0.34,2.4673,127000,1789100,7,TWSE
2026-06-09,1101,台泥,listed,23.9,24.15,23.85,23.95,0.1,0.4193,27355323,656489725,9215,TWSE
2026-06-09,1101B,台泥乙特,listed,45.25,45.25,45.2,45.25,0.0,0.0,33095,1497488,20,TWSE
2026-06-09,1102,亞泥,listed,33.65,34.15,33.65,33.9,0.15,0.4444,13168150,446907385,4410,TWSE
2026-06-09,1103,嘉泥,listed,13.2,13.45,13.2,13.4,0.2,1.5152,557526,7417705,321,TWSE
2026-06-09,1104,環泥,listed,28.9,29.6,28.9,29.05,0.15,0.519,825580,24134837,577,TWSE
2026-06-09,1108,幸福,listed,13.6,13.75,13.6,13.75,0.15,1.1029,462594,6337312,226,TWSE
2026-06-09,1109,信大,listed,14.45,14.85,14.45,14.65,0.05,0.3425,160876,2345327,152,TWSE
2026-06-09,1110,東泥,listed,15.25,15.5,15.2,15.4,0.0,0.0,236602,3622418,178,TWSE
2026-06-09,1201,味全,listed,12.25,12.45,12.2,12.25,-0.05,-0.4065,567124,6993843,402,TWSE
2026-06-09,1203,味王,listed,41.7,42.5,41.55,42.0,-0.35,-0.8264,33031,1388204,51,TWSE
2026-06-09,1210,大成,listed,53.8,55.1,53.8,54.5,0.5,0.9259,8754503,479654889,3909,TWSE
2026-06-09,1213,大飲,listed,8.41,8.41,8.41,8.41,-0.02,-0.2372,14100,118570,8,TWSE
2026-06-09,1215,卜蜂,listed,115.0,117.0,115.0,115.0,0.0,0.0,3248233,375883527,2784,TWSE
2026-06-09,1216,統一,listed,73.0,75.0,73.0,74.1,1.2,1.6461,14802022,1099244964,7694,TWSE
2026-06-09,1217,愛之味,listed,9.83,9.92,9.83,9.84,-0.02,-0.2028,575098,5679352,452,TWSE
2026-06-09,1218,泰山,listed,19.35,19.65,19.35,19.4,0.0,0.0,1714786,33353402,861,TWSE
2026-06-09,1219,福壽,listed,12.3,12.6,12.3,12.5,0.05,0.4016,599541,7476627,315,TWSE
2026-06-09,1220,台榮,listed,11.65,11.8,11.65,11.7,-0.05,-0.4255,184681,2161713,290,TWSE
2026-06-09,1225,福懋油,listed,30.25,31.5,29.9,30.1,-0.25,-0.8237,381421,11626993,338,TWSE
2026-06-09,1227,佳格,listed,28.25,28.8,28.25,28.6,0.3,1.0601,1376142,39444202,955,TWSE
2026-06-09,1229,聯華,listed,40.8,41.9,40.8,41.55,0.6,1.4652,2429037,100751547,1936,TWSE
2026-06-09,1231,聯華食,listed,86.7,88.8,86.7,87.2,0.5,0.5767,323685,28411251,541,TWSE
2026-06-09,1232,大統益,listed,148.0,149.5,148.0,148.5,0.5,0.3378,120393,17922992,263,TWSE
2026-06-09,1233,天仁,listed,27.8,28.0,27.5,28.0,0.6,2.1898,48463,1349018,78,TWSE
2026-06-09,1234,黑松,listed,34.5,34.75,34.5,34.75,0.25,0.7246,173754,6011980,209,TWSE
2026-06-09,1235,興泰,listed,36.2,38.5,36.2,37.15,-0.45,-1.1968,40337,1506067,51,TWSE
2026-06-09,1236,宏亞,listed,26.0,26.0,25.6,25.6,0.0,0.0,50960,1316978,63,TWSE
2026-06-09,1256,鮮活果汁-KY,listed,176.0,182.0,176.0,182.0,5.5,3.1161,71101,12795376,1184,TWSE
2026-06-09,1301,台塑,listed,45.5,45.95,45.15,45.55,-0.3,-0.6543,24879279,1131234070,12487,TWSE
2026-06-09,1303,南亞,listed,100.0,101.0,96.9,99.2,1.7,1.7436,68161804,6760829249,37204,TWSE
2026-06-09,1304,台聚,listed,12.8,12.85,12.55,12.75,-0.05,-0.3906,4478971,56777782,1904,TWSE
2026-06-09,1305,華夏,listed,12.5,12.75,12.3,12.55,-0.05,-0.3968,2881457,36035093,1985,TWSE
2026-06-09,1307,三芳,listed,34.55,35.75,34.55,34.6,0.05,0.1447,2278923,79754926,1793,TWSE
2026-06-09,1308,亞聚,listed,13.4,13.65,13.25,13.4,0.0,0.0,1824386,24350979,782,TWSE
2026-06-09,1309,台達化,listed,15.25,15.55,15.0,15.2,-0.05,-0.3279,4112356,62470720,1844,TWSE
2026-06-09,1310,台苯,listed,8.78,8.9,8.66,8.71,-0.03,-0.3432,2792066,24425496,1203,TWSE
2026-06-09,1312,國喬,listed,13.65,14.4,13.65,13.75,0.1,0.7326,14125248,196190048,4537,TWSE
2026-06-09,1312A,國喬特,listed,21.85,22.4,21.85,22.4,0.0,0.0,9000,198200,4,TWSE
2026-06-09,1313,聯成,listed,10.9,11.05,10.75,10.8,-0.1,-0.9174,3918500,42542684,1162,TWSE
2026-06-09,1314,中石化,listed,8.01,8.09,7.73,7.78,-0.16,-2.0151,37476300,294202411,8967,TWSE
2026-06-09,1315,達新,listed,60.6,61.5,60.6,61.5,0.3,0.4902,30601,1869522,60,TWSE
2026-06-09,1316,上曜,listed,10.45,10.65,10.35,10.45,0.0,0.0,1254746,13119919,596,TWSE
2026-06-09,1319,東陽,listed,98.3,105.0,97.2,105.0,7.2,7.362,10912887,1102771900,7807,TWSE
2026-06-09,1321,大洋,listed,28.75,29.75,28.75,29.45,0.45,1.5517,350879,10344897,180,TWSE
2026-06-09,1323,永裕,listed,20.0,20.1,19.55,19.7,-0.15,-0.7557,119778,2361221,143,TWSE
2026-06-09,1324,地球,listed,10.45,10.6,10.4,10.6,0.2,1.9231,65919,689797,88,TWSE
2026-06-09,1325,恆大,listed,26.4,26.65,26.3,26.35,0.0,0.0,335889,8866137,178,TWSE
2026-06-09,1326,台化,listed,48.6,49.35,48.1,48.25,-0.5,-1.0256,24440661,1185375823,13967,TWSE
2026-06-09,1337,再生-KY,listed,5.02,5.11,4.98,4.98,-0.04,-0.7968,673336,3388790,331,TWSE
2026-06-09,1338,廣華-KY,listed,16.65,16.8,16.65,16.8,0.25,1.5106,135691,2269904,111,TWSE
2026-06-09,1339,昭輝,listed,43.05,44.1,42.9,43.6,0.9,2.1077,133793,5797700,125,TWSE
2026-06-09,1340,勝悅-KY,listed,5.56,5.67,5.43,5.49,-0.07,-1.259,236554,1297372,268,TWSE
2026-06-09,1341,富林-KY,listed,60.8,62.9,60.8,62.9,0.2,0.319,15025,938066,16,TWSE
2026-06-09,1342,八貫,listed,108.0,111.5,106.0,111.5,-0.5,-0.4464,2507720,274133945,2775,TWSE
2026-06-09,1402,遠東新,listed,26.75,27.9,26.75,27.7,0.95,3.5514,59386230,1640802852,12694,TWSE
2026-06-09,1409,新纖,listed,26.0,26.0,24.5,24.9,0.1,0.4032,13880682,351660338,8205,TWSE
2026-06-09,1410,南染,listed,25.45,25.65,25.2,25.3,-0.45,-1.7476,49766,1263452,67,TWSE
2026-06-09,1413,宏洲,listed,9.4,9.49,9.4,9.49,0.1,1.065,11701,110090,14,TWSE
2026-06-09,1414,東和,listed,17.4,17.95,17.25,17.5,0.15,0.8646,554706,9770351,723,TWSE
2026-06-09,1416,廣豐,listed,11.2,11.2,10.95,10.95,0.0,0.0,558230,6175542,407,TWSE
2026-06-09,1417,嘉裕,listed,8.58,8.58,8.42,8.42,-0.03,-0.355,255321,2161730,197,TWSE
2026-06-09,1418,東華,listed,18.85,18.85,18.8,18.8,-0.05,-0.2653,19451,366096,32,TWSE
2026-06-09,1419,新紡,listed,64.3,65.6,64.3,65.0,-0.1,-0.1536,166103,10782630,317,TWSE
2026-06-09,1423,利華,listed,43.65,44.45,43.65,43.9,0.25,0.5727,792206,34775098,553,TWSE
2026-06-09,1432,大魯閣,listed,17.35,17.55,17.2,17.4,0.25,1.4577,604764,10514334,634,TWSE
2026-06-09,1434,福懋,listed,16.05,16.65,16.05,16.35,0.2,1.2384,2551563,41853376,1114,TWSE
2026-06-09,1436,華友聯,listed,45.05,46.1,44.65,45.05,0.05,0.1111,293480,13236009,316,TWSE
2026-06-09,1437,勤益控,listed,28.35,28.7,28.35,28.7,0.15,0.5254,82724,2366349,71,TWSE
2026-06-09,1438,三地開發,listed,19.75,20.55,19.75,19.95,-0.1,-0.4988,63367,1274735,61,TWSE
2026-06-09,1439,雋揚,listed,24.8,25.0,24.2,24.7,-0.1,-0.4032,31004,766749,24,TWSE
2026-06-09,1440,南紡,listed,13.45,13.6,13.2,13.25,-0.15,-1.1194,4709168,62798756,2034,TWSE
2026-06-09,1441,大東,listed,9.14,9.18,9.13,9.14,-0.04,-0.4357,53243,486934,140,TWSE
2026-06-09,1442,名軒,listed,26.65,27.05,26.45,26.5,-0.15,-0.5629,284598,7576092,239,TWSE
2026-06-09,1443,立益物流,listed,25.55,26.65,25.55,26.35,-0.1,-0.3781,64688,1684291,75,TWSE
2026-06-09,1444,力麗,listed,7.07,7.13,6.9,6.93,-0.17,-2.3944,2239386,15686474,1038,TWSE
2026-06-09,1445,大宇,listed,11.3,11.45,11.25,11.35,0.0,0.0,69514,788657,53,TWSE
2026-06-09,1446,宏和,listed,16.35,16.65,16.35,16.5,0.2,1.227,220954,3643253,122,TWSE
2026-06-09,1447,力鵬,listed,6.75,6.85,6.56,6.61,-0.14,-2.0741,2928106,19509233,1145,TWSE
2026-06-09,1449,佳和,listed,16.35,16.35,16.3,16.35,1.45,9.7315,3306677,54061999,1351,TWSE
2026-06-09,1451,年興,listed,16.6,16.7,16.5,16.55,0.05,0.303,236691,3930257,211,TWSE
2026-06-09,1452,宏益,listed,10.9,11.05,10.8,10.85,-0.2,-1.81,83356,908095,118,TWSE
2026-06-09,1453,大將,listed,11.1,11.2,11.05,11.15,0.0,0.0,30964,345716,98,TWSE
2026-06-09,1454,台富,listed,12.75,13.0,12.75,13.0,0.25,1.9608,34687,447941,89,TWSE
2026-06-09,1455,集盛,listed,10.05,10.2,9.61,9.96,-0.04,-0.4,6371667,63110668,2804,TWSE
2026-06-09,1456,怡華,listed,14.15,14.15,13.65,14.0,-0.05,-0.3559,70003,971689,55,TWSE
2026-06-09,1457,宜進,listed,14.6,14.95,14.6,14.65,-0.25,-1.6779,344737,5087856,168,TWSE
2026-06-09,1459,聯發,listed,11.6,11.8,11.6,11.65,0.05,0.431,145380,1695528,120,TWSE
2026-06-09,1460,宏遠,listed,7.06,7.16,6.9,6.95,-0.09,-1.2784,950641,6620849,436,TWSE
2026-06-09,1463,強盛新,listed,17.6,17.65,17.5,17.65,0.0,0.0,31032,544639,56,TWSE
2026-06-09,1464,得力,listed,10.4,10.6,10.3,10.35,-0.05,-0.4808,588477,6143696,385,TWSE
2026-06-09,1465,偉全,listed,12.4,12.55,12.3,12.4,0.0,0.0,184963,2287591,178,TWSE
2026-06-09,1466,聚隆,listed,14.4,14.55,13.9,14.15,-0.25,-1.7361,699766,9830630,325,TWSE
2026-06-09,1467,南緯,listed,7.9,8.0,7.71,7.78,-0.16,-2.0151,392810,3064645,356,TWSE
2026-06-09,1468,昶和,listed,11.7,11.85,11.55,11.85,0.0,0.0,57207,669824,53,TWSE
2026-06-09,1470,大統新創,listed,22.15,22.65,22.15,22.65,0.05,0.2212,11316,252568,33,TWSE
2026-06-09,1471,首利,listed,11.05,11.2,11.0,11.1,0.05,0.4525,672762,7454392,324,TWSE
2026-06-09,1472,三洋實業,listed,87.8,89.1,87.8,88.5,-0.6,-0.6734,13160,1163651,18,TWSE
2026-06-09,1473,台南,listed,20.65,20.9,20.35,20.9,-0.1,-0.4762,199375,4119027,236,TWSE
2026-06-09,1474,弘裕,listed,10.35,10.35,10.15,10.2,-0.1,-0.9709,75385,771775,67,TWSE
2026-06-09,1475,業旺,listed,25.5,27.7,25.5,27.15,1.65,6.4706,109439,2941280,83,TWSE
2026-06-09,1476,儒鴻,listed,337.0,348.5,337.0,348.5,11.0,3.2593,1109015,382845475,1475,TWSE
2026-06-09,1477,聚陽,listed,225.5,228.0,224.0,226.0,1.0,0.4444,1647347,372784445,1986,TWSE
2026-06-09,1503,士電,listed,232.0,233.0,225.5,229.5,-0.5,-0.2174,6872007,1573753787,9183,TWSE
2026-06-09,1504,東元,listed,72.5,73.4,71.1,73.1,1.5,2.095,21656002,1568006443,14608,TWSE
2026-06-09,1506,正道,listed,10.05,10.3,10.05,10.15,0.1,0.995,372207,3782001,140,TWSE
2026-06-09,1512,瑞利,listed,6.81,6.93,6.71,6.93,0.12,1.7621,112470,764490,67,TWSE
2026-06-09,1513,中興電,listed,171.0,171.0,167.0,169.5,0.0,0.0,10947365,1853287677,10765,TWSE
2026-06-09,1514,亞力,listed,124.5,126.5,121.0,125.5,0.5,0.4,10069463,1249643217,8252,TWSE
2026-06-09,1515,力山,listed,24.3,24.75,23.6,23.85,0.0,0.0,1317740,31514726,897,TWSE
2026-06-09,1516,川飛,listed,20.35,20.8,20.35,20.6,0.0,0.0,27038,556121,38,TWSE
2026-06-09,1517,利奇,listed,10.3,10.35,10.15,10.15,-0.1,-0.9756,198118,2030701,207,TWSE
2026-06-09,1519,華城,listed,820.0,844.0,803.0,843.0,28.0,3.4356,2828393,2337349237,7078,TWSE
2026-06-09,1521,大億,listed,26.1,27.0,26.0,26.15,-0.3,-1.1342,127408,3333381,97,TWSE
2026-06-09,1522,堤維西,listed,30.35,31.3,30.35,31.1,0.75,2.4712,919144,28374984,733,TWSE
2026-06-09,1522A,堤維西甲特,listed,,,,,0.0,,131,6489,6,TWSE
2026-06-09,1524,耿鼎,listed,30.5,31.15,30.05,30.95,0.9,2.995,982185,29998673,1128,TWSE
2026-06-09,1525,江申,listed,65.0,67.7,65.0,67.3,0.8,1.203,36024,2388202,33,TWSE
2026-06-09,1526,日馳,listed,14.9,14.9,14.5,14.6,0.05,0.3436,92187,1342473,88,TWSE
2026-06-09,1527,鑽全,listed,32.85,33.7,32.85,33.2,0.15,0.4539,145296,4842156,165,TWSE
2026-06-09,1528,恩德,listed,26.15,26.5,25.6,26.15,0.15,0.5769,4777099,124108300,3033,TWSE
2026-06-09,1529,樂事綠能,listed,22.3,22.7,22.2,22.6,0.5,2.2624,560548,12604748,469,TWSE
2026-06-09,1530,亞崴,listed,31.65,32.35,31.5,31.7,-0.3,-0.9375,129914,4157212,164,TWSE
2026-06-09,1531,高林股,listed,13.05,13.05,12.8,12.9,0.0,0.0,127985,1647845,130,TWSE
2026-06-09,1532,勤美,listed,21.95,22.35,21.95,22.15,0.15,0.6818,708185,15694019,518,TWSE
2026-06-09,1533,車王電,listed,39.4,40.0,38.1,38.5,0.7,1.8519,371222,14432223,392,TWSE
2026-06-09,1535,中宇,listed,49.55,50.4,49.45,49.65,0.1,0.2018,105533,5251300,104,TWSE
2026-06-09,1536,和大,listed,48.8,50.1,48.4,49.5,0.85,1.7472,1371325,67741393,1155,TWSE
2026-06-09,1537,廣隆,listed,126.0,127.0,126.0,126.5,0.5,0.3968,47779,6052909,118,TWSE
2026-06-09,1538,正峰,listed,11.9,11.9,11.6,11.6,0.45,4.0359,10708,126243,11,TWSE
2026-06-09,1539,巨庭,listed,16.0,16.55,15.85,15.9,0.0,0.0,86270,1382457,61,TWSE
2026-06-09,1540,喬福,listed,22.35,22.5,22.0,22.2,0.25,1.139,204914,4547193,182,TWSE
2026-06-09,1541,錩泰,listed,21.1,21.55,21.05,21.05,0.05,0.2381,34789,737132,63,TWSE
2026-06-09,1558,伸興,listed,90.1,90.8,90.0,90.2,0.2,0.2222,67559,6094178,123,TWSE
2026-06-09,1560,中砂,listed,655.0,674.0,655.0,665.0,16.0,2.4653,1385999,918175435,2798,TWSE
2026-06-09,1563,巧新,listed,63.3,64.5,60.5,62.0,1.5,2.4793,1863153,115344219,1457,TWSE
2026-06-09,1568,倉佑,listed,41.5,42.0,39.45,41.6,2.15,5.4499,766304,31591165,445,TWSE
2026-06-09,1582,信錦,listed,96.0,96.0,92.0,93.9,-4.8,-4.8632,5900306,553555957,5975,TWSE
2026-06-09,1583,程泰,listed,51.3,52.8,51.1,52.0,0.0,0.0,74358,3855186,86,TWSE
2026-06-09,1587,吉茂,listed,28.6,29.2,28.6,28.85,0.35,1.2281,390347,11268374,314,TWSE
2026-06-09,1590,亞德客-KY,listed,1325.0,1335.0,1275.0,1305.0,25.0,1.9531,541719,706918109,931,TWSE
2026-06-09,1597,直得,listed,155.5,160.0,153.0,160.0,4.5,2.8939,2008591,316942898,2164,TWSE
2026-06-09,1598,岱宇,listed,21.1,21.65,21.0,21.25,0.25,1.1905,473482,10115153,356,TWSE
2026-06-09,1603,華電,listed,31.55,32.15,31.35,31.9,0.45,1.4308,215000,6844764,204,TWSE
2026-06-09,1604,聲寶,listed,23.2,23.55,23.2,23.25,-0.2,-0.8529,409773,9577652,384,TWSE
2026-06-09,1605,華新,listed,36.35,36.7,35.5,36.5,0.7,1.9553,45361586,1641364775,18183,TWSE
2026-06-09,1608,華榮,listed,34.0,34.4,33.4,34.3,0.6,1.7804,5525978,187347483,2843,TWSE
2026-06-09,1609,大亞,listed,37.0,37.9,36.5,37.75,0.8,2.1651,8410601,313131367,5648,TWSE
2026-06-09,1611,中電,listed,13.75,13.85,13.35,13.75,0.25,1.8519,1978746,27037950,1063,TWSE
2026-06-09,1612,宏泰,listed,38.0,38.4,37.75,38.15,0.4,1.0596,1748514,66658175,1159,TWSE
2026-06-09,1614,三洋電,listed,31.55,31.8,31.5,31.75,0.0,0.0,66379,2102521,61,TWSE
2026-06-09,1615,大山,listed,44.5,45.3,44.5,44.9,0.2,0.4474,172259,7742381,171,TWSE
2026-06-09,1616,億泰,listed,22.55,23.6,22.4,22.65,0.25,1.1161,910461,20712152,668,TWSE
2026-06-09,1617,榮星,listed,16.5,16.7,16.1,16.55,0.45,2.795,195320,3207455,210,TWSE
2026-06-09,1618,合機,listed,42.95,44.9,42.75,44.9,4.05,9.9143,3282539,146103492,1245,TWSE
2026-06-09,1623,大東電,listed,220.5,225.5,219.5,222.0,1.5,0.6803,173684,38588832,251,TWSE
2026-06-09,1626,艾美特-KY,listed,10.05,10.15,10.0,10.05,0.0,0.0,89000,895872,88,TWSE
2026-06-09,1702,南僑,listed,30.8,31.45,30.8,31.15,0.3,0.9724,323890,10125206,363,TWSE
2026-06-09,1707,葡萄王,listed,100.0,103.0,100.0,102.0,1.5,1.4925,314116,32038977,426,TWSE
2026-06-09,1708,東鹼,listed,44.9,45.65,44.1,45.35,1.15,2.6018,14174060,637892754,8698,TWSE
2026-06-09,1709,和益,listed,20.15,20.5,20.1,20.25,0.25,1.25,1132333,23003096,733,TWSE
2026-06-09,1710,東聯,listed,14.8,15.05,14.45,14.65,-0.05,-0.3401,8954446,131809431,2585,TWSE
2026-06-09,1711,永光,listed,44.85,45.3,43.5,44.6,0.15,0.3375,7359732,327431814,4757,TWSE
2026-06-09,1712,興農,listed,39.0,39.7,39.0,39.1,-0.2,-0.5089,978433,38485720,847,TWSE
2026-06-09,1713,國化,listed,48.35,49.4,48.35,48.8,0.15,0.3083,96206,4706078,86,TWSE
2026-06-09,1714,和桐,listed,13.9,13.9,13.9,13.9,1.25,9.8814,14826814,206092576,2560,TWSE
2026-06-09,1717,長興,listed,71.9,72.3,70.7,72.3,1.0,1.4025,12692886,909978540,9120,TWSE
2026-06-09,1718,中纖,listed,10.25,10.75,9.21,9.41,-0.59,-5.9,39528263,401098899,18780,TWSE
2026-06-09,1720,生達,listed,62.6,64.1,62.6,63.4,0.5,0.7949,245065,15550884,261,TWSE
2026-06-09,1721,三晃,listed,25.15,25.8,24.65,25.15,0.0,0.0,1905240,47863232,1318,TWSE
2026-06-09,1722,台肥,listed,47.2,47.75,47.2,47.6,-0.1,-0.2096,2552558,121439268,1682,TWSE
2026-06-09,1723,中碳,listed,84.7,85.9,83.4,83.8,-0.5,-0.5931,806173,67994724,874,TWSE
2026-06-09,1725,元禎,listed,31.6,32.2,31.1,31.15,-0.6,-1.8898,235712,7439096,162,TWSE
2026-06-09,1726,永記,listed,78.0,78.5,77.9,78.2,0.2,0.2564,130955,10230140,136,TWSE
2026-06-09,1727,中華化,listed,93.0,94.8,92.0,92.9,0.1,0.1078,5574898,518735555,4828,TWSE
2026-06-09,1730,花仙子,listed,52.8,53.2,52.5,52.9,0.4,0.7619,102572,5427247,96,TWSE
2026-06-09,1731,美吾華,listed,21.45,21.6,21.45,21.45,0.0,0.0,135901,2923063,123,TWSE
2026-06-09,1732,毛寶,listed,26.0,26.45,26.0,26.4,0.2,0.7634,120403,3167640,127,TWSE
2026-06-09,1733,五鼎,listed,28.7,29.1,28.65,28.65,0.0,0.0,363856,10478407,263,TWSE
2026-06-09,1734,杏輝,listed,31.2,31.7,31.2,31.25,-0.1,-0.319,486671,15281839,335,TWSE
2026-06-09,1735,日勝化,listed,24.2,24.55,23.9,24.05,0.15,0.6276,241997,5843063,186,TWSE
2026-06-09,1736,喬山,listed,107.0,108.5,105.0,108.0,-0.5,-0.4608,726624,77562889,736,TWSE
2026-06-09,1737,臺鹽,listed,31.5,31.75,31.5,31.55,-0.05,-0.1582,190483,6016678,214,TWSE
2026-06-09,1752,南光,listed,33.1,33.15,32.7,33.0,0.3,0.9174,102042,3360390,60,TWSE
2026-06-09,1760,寶齡富錦,listed,61.1,61.5,60.7,61.5,0.7,1.1513,159726,9766759,214,TWSE
2026-06-09,1762,中化生,listed,40.35,40.8,39.4,40.3,0.0,0.0,582916,23402103,536,TWSE
2026-06-09,1773,勝一,listed,172.5,175.5,171.5,173.0,1.0,0.5814,541935,93871617,766,TWSE
2026-06-09,1776,展宇,listed,18.15,19.1,18.15,18.45,0.3,1.6529,231429,4339680,158,TWSE
2026-06-09,1783,和康生,listed,38.75,39.55,38.75,38.95,-0.05,-0.1282,80996,3164464,92,TWSE
2026-06-09,1786,科妍,listed,58.3,61.5,56.5,60.8,0.2,0.33,987644,59061254,916,TWSE
2026-06-09,1789,神隆,listed,20.25,21.4,20.25,20.75,0.5,2.4691,1629720,33817707,1009,TWSE
2026-06-09,1795,美時,listed,196.5,203.5,196.5,201.0,5.5,2.8133,1806850,363528873,2296,TWSE
2026-06-09,1802,台玻,listed,63.0,64.2,62.4,63.0,1.0,1.6129,42296251,2671229676,27360,TWSE
2026-06-09,1805,寶徠,listed,10.25,10.6,10.2,10.45,0.25,2.451,166957,1724618,118,TWSE
2026-06-09,1806,冠軍,listed,8.07,8.16,8.07,8.1,0.03,0.3717,149447,1212366,186,TWSE
2026-06-09,1808,潤隆,listed,30.7,31.9,30.6,30.95,0.3,0.9788,2048205,63790634,1999,TWSE
2026-06-09,1809,中釉,listed,53.0,59.0,51.0,56.3,2.6,4.8417,24586840,1390767512,14767,TWSE
2026-06-09,1810,和成,listed,22.7,23.0,21.2,21.5,-0.5,-2.2727,8314271,181592962,3968,TWSE
2026-06-09,1817,凱撒衛,listed,39.2,39.7,39.2,39.5,0.35,0.894,40883,1617265,42,TWSE
2026-06-09,1903,士紙,listed,47.35,48.25,47.35,47.7,-0.1,-0.2092,334023,15954890,259,TWSE
2026-06-09,1904,正隆,listed,22.05,23.45,21.85,22.6,0.9,4.1475,10071814,228740666,6129,TWSE
2026-06-09,1905,華紙,listed,12.75,13.25,12.35,12.8,0.1,0.7874,8536471,109105294,2794,TWSE
2026-06-09,1906,寶隆,listed,11.55,11.65,11.0,11.15,-0.4,-3.4632,1257592,14068920,804,TWSE
2026-06-09,1907,永豐餘,listed,25.25,26.2,25.15,25.55,0.2,0.789,1604024,41038574,1074,TWSE
2026-06-09,1909,榮成,listed,9.5,9.76,9.5,9.64,0.08,0.8368,3733021,35910576,1367,TWSE
2026-06-09,2002,中鋼,listed,18.75,18.85,18.6,18.75,0.1,0.5362,55158381,1031859560,17747,TWSE
2026-06-09,2002A,中鋼特,listed,38.6,38.6,38.3,38.3,-0.15,-0.3901,23335,894625,21,TWSE
2026-06-09,2006,東和鋼鐵,listed,65.2,67.0,65.2,66.8,1.4,2.1407,2704554,179444668,2124,TWSE
2026-06-09,2007,燁興,listed,7.25,7.52,7.25,7.52,0.1,1.3477,372447,2748896,168,TWSE
2026-06-09,2008,高興昌,listed,29.0,30.05,29.0,29.75,0.7,2.4096,45300,1327501,42,TWSE
2026-06-09,2009,第一銅,listed,39.7,41.0,39.3,40.55,0.95,2.399,3198019,127930033,1986,TWSE
2026-06-09,2010,春源,listed,23.7,24.0,23.7,24.0,0.3,1.2658,1119714,26768937,641,TWSE
2026-06-09,2012,春雨,listed,13.9,14.4,13.9,14.2,0.0,0.0,94934,1345259,133,TWSE
2026-06-09,2013,中鋼構,listed,42.1,42.85,42.1,42.75,0.4,0.9445,124330,5289041,180,TWSE
2026-06-09,2014,中鴻,listed,17.65,18.0,17.55,17.7,0.05,0.2833,7002590,123581082,2714,TWSE
2026-06-09,2015,豐興,listed,60.6,62.1,60.6,61.9,1.0,1.642,391778,24136461,370,TWSE
2026-06-09,2017,官田鋼,listed,9.26,9.45,9.15,9.22,-0.08,-0.8602,581410,5374748,350,TWSE
2026-06-09,2020,美亞,listed,21.65,21.85,21.55,21.55,-0.05,-0.2315,735655,15963652,319,TWSE
2026-06-09,2022,聚亨,listed,7.91,7.99,7.82,7.89,0.04,0.5096,524375,4135782,420,TWSE
2026-06-09,2023,燁輝,listed,13.75,13.85,13.65,13.65,-0.1,-0.7273,2039993,27948160,859,TWSE
2026-06-09,2024,志聯,listed,14.1,14.25,14.0,14.0,-0.3,-2.0979,14611,206749,36,TWSE
2026-06-09,2025,千興,listed,14.0,15.85,13.55,15.3,0.6,4.0816,3035311,44460007,1573,TWSE
2026-06-09,2027,大成鋼,listed,41.85,43.4,41.85,42.9,1.1,2.6316,26474849,1129219339,9953,TWSE
2026-06-09,2028,威致,listed,16.6,16.85,16.55,16.6,0.0,0.0,178738,2975350,130,TWSE
2026-06-09,2029,盛餘,listed,20.3,20.65,20.3,20.55,0.2,0.9828,188164,3857408,148,TWSE
2026-06-09,2030,彰源,listed,18.8,19.45,18.6,19.2,0.4,2.1277,3675794,70380230,1798,TWSE
2026-06-09,2031,新光鋼,listed,41.6,42.6,41.35,41.9,0.45,1.0856,1826831,76892744,1243,TWSE
2026-06-09,2032,新鋼,listed,17.75,18.45,17.7,17.8,-0.1,-0.5587,920300,16425286,471,TWSE
2026-06-09,2033,佳大,listed,15.55,15.85,15.55,15.65,-0.3,-1.8809,154973,2428039,82,TWSE
2026-06-09,2034,允強,listed,20.0,20.35,20.0,20.05,0.0,0.0,1255206,25195076,538,TWSE
2026-06-09,2038,海光,listed,13.65,13.9,13.55,13.75,0.15,1.1029,340819,4664631,267,TWSE
2026-06-09,2049,上銀,listed,333.5,345.0,330.0,345.0,15.5,4.7041,4040484,1370407264,5775,TWSE
2026-06-09,2059,川湖,listed,6500.0,6795.0,6285.0,6795.0,615.0,9.9515,2110796,14080438795,7939,TWSE
2026-06-09,2062,橋椿,listed,19.0,19.3,18.85,18.85,-0.1,-0.5277,351964,6682679,219,TWSE
2026-06-09,2069,運錩,listed,20.15,20.5,20.05,20.05,0.05,0.25,363797,7344408,184,TWSE
2026-06-09,2072,世紀風電,listed,189.5,189.5,182.0,183.0,-6.0,-3.1746,635196,116983201,1022,TWSE
2026-06-09,2101,南港,listed,31.6,32.6,31.55,32.45,0.85,2.6899,2295359,74051411,1156,TWSE
2026-06-09,2102,泰豐,listed,17.7,18.1,17.7,18.05,0.15,0.838,285560,5136013,264,TWSE
2026-06-09,2103,台橡,listed,21.3,21.65,20.9,21.05,-0.1,-0.4728,3930446,83147083,1816,TWSE
2026-06-09,2104,國際中橡,listed,10.5,10.65,10.45,10.6,0.05,0.4739,2107393,22298422,867,TWSE
2026-06-09,2105,正新,listed,33.25,34.75,33.2,34.2,0.7,2.0896,31351712,1073037131,10269,TWSE
2026-06-09,2106,建大,listed,17.5,17.9,17.5,17.75,0.25,1.4286,658679,11691250,528,TWSE
2026-06-09,2107,厚生,listed,25.5,25.8,25.5,25.7,0.2,0.7843,468346,12022243,291,TWSE
2026-06-09,2108,南帝,listed,29.4,29.4,28.4,29.2,-0.1,-0.3413,2861639,82516589,1860,TWSE
2026-06-09,2109,華豐,listed,14.2,14.4,14.2,14.3,0.1,0.7042,106094,1516682,79,TWSE
2026-06-09,2114,鑫永銓,listed,88.4,89.5,88.4,89.0,0.0,0.0,147925,13177220,222,TWSE
2026-06-09,2115,六暉-KY,listed,21.85,22.45,21.8,21.95,0.2,0.9195,151355,3322209,89,TWSE
2026-06-09,2201,裕隆,listed,27.5,27.95,27.3,27.75,0.35,1.2774,2317125,64227364,1373,TWSE
2026-06-09,2204,中華,listed,54.7,56.0,54.6,55.3,0.5,0.9124,1269756,70429858,749,TWSE
2026-06-09,2206,三陽工業,listed,62.1,63.1,60.4,61.2,-2.1,-3.3175,2164629,133138189,4334,TWSE
2026-06-09,2207,和泰車,listed,470.5,488.0,470.5,483.0,10.0,2.1142,1078330,518484316,1381,TWSE
2026-06-09,2208,台船,listed,17.8,17.95,17.55,17.75,0.25,1.4286,3358502,59724141,1812,TWSE
2026-06-09,2211,長榮鋼,listed,92.6,94.2,92.5,92.6,0.1,0.1081,529963,49289393,528,TWSE
2026-06-09,2227,裕日車,listed,48.4,49.2,48.4,49.0,0.0,0.0,55940,2734777,96,TWSE
2026-06-09,2228,劍麟,listed,83.3,85.9,83.3,85.3,1.3,1.5476,116920,9959408,124,TWSE
2026-06-09,2231,為升,listed,95.1,97.0,94.0,95.4,0.3,0.3155,323583,30947267,311,TWSE
2026-06-09,2233,宇隆,listed,297.5,317.5,297.0,305.5,10.5,3.5593,1387488,426087922,1619,TWSE
2026-06-09,2236,百達-KY,listed,136.5,136.5,133.0,134.0,-1.0,-0.7407,233901,31474416,181,TWSE
2026-06-09,2239,英利-KY,listed,23.0,23.5,22.8,23.1,-0.05,-0.216,128900,2985123,108,TWSE
2026-06-09,2241,艾姆勒,listed,39.1,42.5,38.9,39.7,0.8,2.0566,10781559,437204481,6239,TWSE
2026-06-09,2243,宏旭-KY,listed,27.85,28.5,27.5,28.5,0.75,2.7027,992978,27837518,558,TWSE
2026-06-09,2247,汎德永業,listed,224.0,229.0,223.5,226.5,-1.5,-0.6579,106995,24164245,205,TWSE
2026-06-09,2248,華勝-KY,listed,55.5,56.9,55.1,56.4,0.9,1.6216,71500,4008450,69,TWSE
2026-06-09,2250,IKKA-KY,listed,60.9,62.5,60.8,61.3,0.0,0.0,111532,6837564,147,TWSE
2026-06-09,2254,巨鎧精密-創,listed,62.7,65.5,62.4,63.4,-0.4,-0.627,49014,3112660,36,TWSE
2026-06-09,2258,鴻華先進-創,listed,30.2,30.7,30.0,30.45,0.15,0.495,870959,26433113,501,TWSE
2026-06-09,2301,光寶科,listed,220.5,225.0,215.5,224.0,5.5,2.5172,31123783,6901086263,23709,TWSE
2026-06-09,2302,麗正,listed,32.1,33.95,31.7,33.95,2.35,7.4367,949306,31360031,738,TWSE
2026-06-09,2303,聯電,listed,124.5,131.5,118.5,127.5,6.5,5.3719,374359529,47185933360,154862,TWSE
2026-06-09,2305,全友,listed,22.5,23.3,22.1,23.0,0.4,1.7699,2619457,59576364,1799,TWSE
2026-06-09,2308,台達電,listed,2265.0,2435.0,2215.0,2415.0,160.0,7.0953,15579800,36818971525,46526,TWSE
2026-06-09,2312,金寶,listed,35.75,37.35,34.05,37.2,1.8,5.0847,79212567,2829256063,37184,TWSE
2026-06-09,2313,華通,listed,258.0,277.0,253.0,276.0,24.0,9.5238,72882082,19672196994,69497,TWSE
2026-06-09,2314,台揚,listed,15.9,15.9,15.55,15.55,0.05,0.3226,139445,2186875,178,TWSE
2026-06-09,2316,楠梓電,listed,167.5,171.5,162.0,168.5,2.0,1.2012,7372687,1237147479,5897,TWSE
2026-06-09,2317,鴻海,listed,270.5,277.5,268.5,277.5,8.0,2.9685,74649081,20371868977,69999,TWSE
2026-06-09,2321,東訊,listed,,,,,0.0,,255,3532,6,TWSE
2026-06-09,2323,中環,listed,11.05,11.45,10.95,11.3,0.35,3.1963,15201859,169793936,3815,TWSE
2026-06-09,2324,仁寶,listed,39.0,39.1,37.0,38.45,-0.15,-0.3886,162360896,6192038728,65880,TWSE
2026-06-09,2327,國巨*,listed,790.0,826.0,772.0,826.0,75.0,9.9867,52270522,42079914092,60111,TWSE
2026-06-09,2328,廣宇,listed,51.5,53.3,50.8,52.9,1.9,3.7255,7483728,391466470,5108,TWSE
2026-06-09,2329,華泰,listed,53.0,57.2,52.0,56.2,4.1,7.8695,9398482,513801195,6460,TWSE
2026-06-09,2330,台積電,listed,2305.0,2320.0,2295.0,2305.0,10.0,0.4357,38847544,89604249837,156384,TWSE
2026-06-09,2331,精英,listed,21.55,22.5,20.9,22.0,0.5,2.3256,6644499,143337572,3298,TWSE
2026-06-09,2332,友訊,listed,15.1,15.6,15.1,15.35,-0.05,-0.3247,6548538,100637687,2165,TWSE
2026-06-09,2337,旺宏,listed,148.0,148.0,143.5,145.5,2.0,1.3937,22931253,3322227265,23443,TWSE
2026-06-09,2338,光罩,listed,46.75,47.65,45.25,47.5,1.2,2.5918,5593249,260273675,4420,TWSE
2026-06-09,2340,台亞,listed,33.1,35.4,31.9,35.0,2.3,7.0336,7717153,262976663,4943,TWSE
2026-06-09,2342,茂矽,listed,38.9,41.6,38.1,41.35,2.45,6.2982,5211948,208481425,3438,TWSE
2026-06-09,2344,華邦電,listed,160.5,161.0,153.5,156.5,2.5,1.6234,203232684,31874303678,121295,TWSE
2026-06-09,2345,智邦,listed,2420.0,2475.0,2345.0,2475.0,55.0,2.2727,2691554,6536234705,5741,TWSE
2026-06-09,2347,聯強,listed,86.9,92.4,86.2,91.0,5.7,6.6823,16484825,1498118087,10033,TWSE
2026-06-09,2348,海悅,listed,71.6,72.6,70.5,71.0,0.1,0.141,433430,30842536,447,TWSE
2026-06-09,2348A,海悅甲特,listed,37.75,37.75,37.65,37.65,-0.15,-0.3968,13132,495019,9,TWSE
2026-06-09,2349,錸德,listed,13.65,13.75,13.15,13.55,0.25,1.8797,5097338,68603432,1982,TWSE
2026-06-09,2351,順德,listed,186.0,192.5,178.5,192.5,9.5,5.1913,6196381,1161335573,5548,TWSE
2026-06-09,2352,佳世達,listed,30.85,30.95,29.95,30.65,0.55,1.8272,9267678,283347608,6910,TWSE
2026-06-09,2353,宏碁,listed,35.4,36.95,35.0,36.95,1.65,4.6742,49585381,1766130235,23365,TWSE
2026-06-09,2354,鴻準,listed,57.0,59.2,56.5,58.8,2.4,4.2553,9143338,526188137,5783,TWSE
2026-06-09,2355,敬鵬,listed,52.3,55.6,52.2,54.8,2.1,3.9848,12087432,654375123,8076,TWSE
2026-06-09,2356,英業達,listed,69.3,70.9,67.4,70.6,1.4,2.0231,95519340,6656740710,55267,TWSE
2026-06-09,2357,華碩,listed,853.0,853.0,834.0,850.0,6.0,0.7109,5184736,4381847966,8569,TWSE
2026-06-09,2359,所羅門,listed,137.0,144.5,137.0,144.5,13.0,9.8859,3037066,435248910,2763,TWSE
2026-06-09,2360,致茂,listed,2450.0,2480.0,2375.0,2390.0,-60.0,-2.449,3312487,7956241270,7805,TWSE
2026-06-09,2362,藍天,listed,45.25,48.5,44.85,48.15,3.3,7.3579,3033689,142138219,2284,TWSE
2026-06-09,2363,矽統,listed,57.5,58.7,56.3,58.3,1.2,2.1016,7483912,431360099,5071,TWSE
2026-06-09,2364,倫飛,listed,70.9,72.1,70.2,70.9,0.1,0.1412,360296,25592147,413,TWSE
2026-06-09,2365,昆盈,listed,34.7,36.55,34.7,35.55,1.0,2.8944,3350151,119901915,2010,TWSE
2026-06-09,2367,燿華,listed,61.2,64.4,61.2,63.9,3.4,5.6198,27138063,1711383414,17125,TWSE
2026-06-09,2368,金像電,listed,1410.0,1495.0,1350.0,1495.0,135.0,9.9265,12023156,17612051400,26574,TWSE
2026-06-09,2369,菱生,listed,31.45,33.05,31.05,32.35,0.9,2.8617,10436095,334297228,6159,TWSE
2026-06-09,2371,大同,listed,29.25,29.25,28.45,28.85,0.0,0.0,16640591,479701334,8158,TWSE
2026-06-09,2373,震旦行,listed,56.2,57.6,56.2,57.5,0.7,1.2324,62411,3548551,186,TWSE
2026-06-09,2374,佳能,listed,73.5,76.3,72.6,74.7,2.1,2.8926,6287283,470770279,4763,TWSE
2026-06-09,2375,凱美,listed,157.0,165.0,151.0,165.0,15.0,10.0,5044255,817513447,5542,TWSE
2026-06-09,2376,技嘉,listed,349.5,360.0,343.0,359.0,14.0,4.058,12395319,4357031232,12362,TWSE
2026-06-09,2377,微星,listed,133.5,140.5,132.5,139.5,7.5,5.6818,20549104,2795340522,15106,TWSE
2026-06-09,2379,瑞昱,listed,590.0,655.0,586.0,651.0,55.0,9.2282,7178103,4561736835,10619,TWSE
2026-06-09,2380,虹光,listed,5.78,5.8,5.65,5.66,-0.04,-0.7018,218093,1254419,246,TWSE
2026-06-09,2382,廣達,listed,378.0,383.0,373.5,375.0,-1.5,-0.3984,50920829,19194660173,45739,TWSE
2026-06-09,2383,台光電,listed,4965.0,5065.0,4820.0,5065.0,295.0,6.1845,2437441,12143783630,14939,TWSE
2026-06-09,2385,群光,listed,136.0,140.0,136.0,139.5,3.5,2.5735,3731585,516354782,3175,TWSE
2026-06-09,2387,精元,listed,41.65,42.95,41.35,41.55,-0.1,-0.2401,703484,29521362,935,TWSE
2026-06-09,2388,威盛,listed,66.2,67.5,65.4,66.4,1.6,2.4691,4323318,287320378,3617,TWSE
2026-06-09,2390,云辰,listed,11.95,12.4,11.8,12.0,0.15,1.2658,1518621,18390203,844,TWSE
2026-06-09,2392,正崴,listed,39.2,39.9,38.65,39.05,-0.15,-0.3827,1879084,73356577,1493,TWSE
2026-06-09,2393,億光,listed,66.0,71.0,65.7,69.0,3.1,4.7041,6336003,434823609,4475,TWSE
2026-06-09,2395,研華,listed,473.5,492.0,473.5,489.5,18.5,3.9278,4107302,1993736378,5180,TWSE
2026-06-09,2397,友通,listed,60.9,62.5,60.5,61.7,1.1,1.8152,612902,37830849,478,TWSE
2026-06-09,2399,映泰,listed,45.05,48.0,43.85,47.6,2.95,6.6069,6363892,291847969,3824,TWSE
2026-06-09,2401,凌陽,listed,25.35,26.6,25.05,26.5,1.25,4.9505,5050315,130914494,3259,TWSE
2026-06-09,2402,毅嘉,listed,63.6,64.5,62.6,63.8,0.3,0.4724,3949462,251051111,3127,TWSE
2026-06-09,2404,漢唐,listed,1125.0,1195.0,1090.0,1190.0,80.0,7.2072,4413118,5094710635,7662,TWSE
2026-06-09,2405,輔信,listed,19.55,20.1,19.2,19.75,0.35,1.8041,6590639,129988197,3231,TWSE
2026-06-09,2406,國碩,listed,32.5,35.2,31.25,35.0,3.0,9.375,20044750,668788810,10820,TWSE
2026-06-09,2408,南亞科,listed,350.5,366.0,342.0,363.0,23.5,6.9219,99865292,35093184816,83355,TWSE
2026-06-09,2409,友達,listed,25.0,25.2,24.0,24.0,-0.4,-1.6393,505972455,12450721851,139754,TWSE
2026-06-09,2412,中華電,listed,138.0,142.5,138.0,142.0,3.5,2.5271,18457466,2604615648,6214,TWSE
2026-06-09,2413,環科,listed,55.6,56.8,53.7,54.2,0.8,1.4981,6490565,357051491,4456,TWSE
2026-06-09,2414,精技,listed,51.8,56.9,51.8,56.9,5.1,9.8456,1526004,85320425,1568,TWSE
2026-06-09,2415,錩新,listed,27.1,27.65,27.1,27.2,-0.25,-0.9107,109613,2995150,86,TWSE
2026-06-09,2417,圓剛,listed,46.3,48.1,45.85,47.0,0.95,2.063,2791999,131544920,1969,TWSE
2026-06-09,2419,仲琦,listed,28.5,28.9,28.0,28.7,0.3,1.0563,1822035,51795056,1456,TWSE
2026-06-09,2420,新巨,listed,62.9,65.2,62.4,64.2,1.2,1.9048,874709,55716456,685,TWSE
2026-06-09,2421,建準,listed,157.0,162.5,149.5,160.0,3.0,1.9108,7812587,1226104142,7574,TWSE
2026-06-09,2423,固緯,listed,73.9,78.0,73.9,77.2,3.7,5.034,226487,17319177,246,TWSE
2026-06-09,2424,隴華,listed,11.9,12.5,11.55,12.0,-0.6,-4.7619,151752,1830469,94,TWSE
2026-06-09,2425,承啟,listed,33.7,34.5,33.05,34.3,1.1,3.3133,422256,14209356,352,TWSE
2026-06-09,2426,鼎元,listed,64.0,68.2,60.5,68.2,6.2,10.0,13213577,859276982,8377,TWSE
2026-06-09,2427,三商電,listed,24.15,24.45,23.65,23.7,-0.2,-0.8368,1701803,40702840,1183,TWSE
2026-06-09,2428,興勤,listed,278.5,292.0,271.5,289.0,16.5,6.055,3729811,1061859426,4430,TWSE
2026-06-09,2429,銘旺科,listed,44.1,44.25,42.1,42.35,2.1,5.2174,438235,18995391,408,TWSE
2026-06-09,2430,燦坤,listed,18.4,18.65,18.4,18.55,0.25,1.3661,157058,2910313,102,TWSE
2026-06-09,2431,聯昌,listed,11.0,11.2,10.75,11.05,0.3,2.7907,423364,4665235,199,TWSE
2026-06-09,2432,倚天酷碁-創,listed,27.95,29.4,27.9,28.55,0.8,2.8829,160019,4552548,99,TWSE
2026-06-09,2433,互盛電,listed,43.55,43.75,43.2,43.3,-0.3,-0.6881,69898,3033664,88,TWSE
2026-06-09,2434,統懋,listed,33.7,34.75,32.75,34.6,1.9,5.8104,58213,1985102,170,TWSE
2026-06-09,2436,偉詮電,listed,66.2,68.1,65.9,67.6,1.9,2.8919,3251028,218611021,2672,TWSE
2026-06-09,2438,翔耀,listed,23.8,23.8,22.7,22.8,0.4,1.7857,254711,5884124,212,TWSE
2026-06-09,2439,美律,listed,91.3,91.9,89.8,90.6,0.5,0.5549,1583133,143978339,1481,TWSE
2026-06-09,2440,太空梭,listed,17.35,17.7,17.05,17.6,0.1,0.5714,1427973,24734745,888,TWSE
2026-06-09,2441,超豐,listed,125.5,127.0,122.0,125.0,1.5,1.2146,7376016,921725267,6604,TWSE
2026-06-09,2442,新美齊,listed,19.65,20.0,19.45,19.5,-0.05,-0.2558,2228620,43758525,1055,TWSE
2026-06-09,2444,兆勁,listed,13.25,13.25,12.9,13.2,0.1,0.7634,324389,4257746,233,TWSE
2026-06-09,2449,京元電子,listed,290.0,293.0,283.5,291.0,2.5,0.8666,23113376,6681823299,31757,TWSE
2026-06-09,2450,神腦,listed,30.15,31.0,30.15,30.8,0.7,2.3256,294631,9064744,290,TWSE
2026-06-09,2451,創見,listed,300.0,307.0,294.5,306.0,11.5,3.9049,8384376,2522842390,7926,TWSE
2026-06-09,2453,凌群,listed,58.1,58.6,57.8,58.3,0.5,0.8651,530189,30791923,494,TWSE
2026-06-09,2454,聯發科,listed,4180.0,4475.0,4130.0,4475.0,405.0,9.9509,16487210,71900149507,67903,TWSE
2026-06-09,2455,全新,listed,373.0,395.0,360.0,395.0,35.5,9.8748,1982555,753982861,2657,TWSE
2026-06-09,2457,飛宏,listed,29.5,31.05,27.95,31.05,2.8,9.9115,12422049,368154105,6223,TWSE
2026-06-09,2458,義隆,listed,163.5,164.5,152.5,161.0,4.5,2.8754,5489631,870935483,4765,TWSE
2026-06-09,2459,敦吉,listed,68.0,68.8,67.4,68.7,0.8,1.1782,247668,16908592,197,TWSE
2026-06-09,2460,建通,listed,30.7,31.75,30.7,31.2,1.35,4.5226,388254,12109631,358,TWSE
2026-06-09,2461,光群雷,listed,21.0,21.0,19.0,19.25,-0.85,-4.2289,7644979,150885297,3893,TWSE
2026-06-09,2462,良得電,listed,24.5,25.55,24.45,25.55,1.35,5.5785,2490972,62969813,893,TWSE
2026-06-09,2464,盟立,listed,150.0,153.5,138.0,150.0,1.5,1.0101,19681014,2887264257,15923,TWSE
2026-06-09,2465,麗臺,listed,80.9,82.0,76.0,80.6,1.2,1.5113,2859769,222679552,2498,TWSE
2026-06-09,2466,冠西電,listed,44.5,44.5,43.0,44.0,0.0,0.0,270186,11860988,164,TWSE
2026-06-09,2467,志聖,listed,588.0,600.0,571.0,574.0,6.0,1.0563,1860780,1085431622,3429,TWSE
2026-06-09,2468,華經,listed,44.95,48.5,43.0,43.1,-1.85,-4.1157,17269148,792028664,11212,TWSE
2026-06-09,2471,資通,listed,53.7,54.4,53.4,53.8,0.2,0.3731,185087,9958348,238,TWSE
2026-06-09,2472,立隆電,listed,345.5,372.5,345.5,372.5,33.5,9.882,2493603,912677229,3830,TWSE
2026-06-09,2474,可成,listed,224.0,224.0,215.0,220.0,0.0,0.0,11240393,2466980032,11191,TWSE
2026-06-09,2476,鉅祥,listed,122.0,126.0,119.5,125.5,7.5,6.3559,6499279,805499821,3874,TWSE
2026-06-09,2477,美隆電,listed,22.75,22.9,22.5,22.5,-0.05,-0.2217,180362,4079768,134,TWSE
2026-06-09,2478,大毅,listed,161.0,167.0,151.5,167.0,15.0,9.8684,22316543,3619150119,14692,TWSE
2026-06-09,2480,敦陽科,listed,159.5,161.0,158.0,159.0,-0.5,-0.3135,523202,83392461,651,TWSE
2026-06-09,2481,強茂,listed,149.0,149.0,139.0,146.0,-2.5,-1.6835,40631949,5870195782,29570,TWSE
2026-06-09,2482,連宇,listed,16.65,16.8,16.6,16.7,0.0,0.0,140585,2347068,184,TWSE
2026-06-09,2483,百容,listed,36.75,36.75,33.45,33.6,0.15,0.4484,18955865,662458102,10133,TWSE
2026-06-09,2484,希華,listed,56.3,60.8,55.0,60.8,5.5,9.9458,60913824,3557081064,34391,TWSE
2026-06-09,2485,兆赫,listed,64.6,69.0,63.8,68.0,4.8,7.5949,14217588,943014670,10502,TWSE
2026-06-09,2486,一詮,listed,254.5,255.5,242.0,253.0,1.0,0.3968,9185487,2303700536,8670,TWSE
2026-06-09,2488,漢平,listed,52.3,53.3,52.3,53.1,0.9,1.7241,131289,6951363,100,TWSE
2026-06-09,2489,瑞軒,listed,43.65,44.6,42.15,44.25,0.65,1.4908,30088278,1310606378,16929,TWSE
2026-06-09,2491,吉祥全,listed,31.45,31.45,29.25,31.1,-0.15,-0.48,2129512,61553015,556,TWSE
2026-06-09,2492,華新科,listed,410.5,440.0,410.5,440.0,40.0,10.0,4116054,1787924177,5198,TWSE
2026-06-09,2493,揚博,listed,165.0,171.5,155.0,169.0,5.0,3.0488,6393139,1055989728,5421,TWSE
2026-06-09,2495,普安,listed,46.5,50.8,45.65,50.4,3.9,8.3871,8895328,433728051,5034,TWSE
2026-06-09,2496,卓越,listed,64.6,65.1,64.6,64.7,0.2,0.3101,23483,1520414,31,TWSE
2026-06-09,2497,怡利電,listed,61.0,66.5,60.3,65.8,5.0,8.2237,2184264,141735525,1958,TWSE
2026-06-09,2498,宏達電,listed,42.8,43.4,42.3,43.2,0.6,1.4085,6185920,265541050,3985,TWSE
2026-06-09,2501,國建,listed,23.7,24.7,23.7,24.2,0.25,1.0438,3610105,87703941,1749,TWSE
2026-06-09,2504,國產,listed,35.5,36.15,35.5,35.85,0.45,1.2712,2929429,105130789,1607,TWSE
2026-06-09,2505,國揚,listed,17.6,19.5,17.6,19.45,1.7,9.5775,2341495,44086057,954,TWSE
2026-06-09,2506,太設,listed,8.86,8.95,8.8,8.95,0.05,0.5618,167379,1483128,153,TWSE
2026-06-09,2509,全坤建,listed,13.05,13.15,12.9,13.0,-0.1,-0.7634,144877,1885174,177,TWSE
2026-06-09,2511,太子,listed,7.9,8.05,7.9,7.98,0.05,0.6305,1500714,11984658,642,TWSE
2026-06-09,2514,龍邦,listed,13.25,13.5,13.25,13.45,0.1,0.7491,801623,10803801,163,TWSE
2026-06-09,2515,中工,listed,12.9,13.1,12.7,12.7,-0.25,-1.9305,8066013,103330901,2625,TWSE
2026-06-09,2516,新建,listed,12.9,13.0,12.6,13.0,0.05,0.3861,167675,2154581,140,TWSE
2026-06-09,2520,冠德,listed,31.15,32.55,31.15,32.4,0.95,3.0207,1583411,50929547,1153,TWSE
2026-06-09,2524,京城,listed,33.6,34.2,33.5,34.1,0.0,0.0,157696,5332346,238,TWSE
2026-06-09,2527,宏璟,listed,34.6,35.25,34.6,35.05,0.5,1.4472,336973,11785279,271,TWSE
2026-06-09,2528,皇普,listed,21.95,22.05,21.4,21.45,-0.2,-0.9238,710599,15330422,483,TWSE
2026-06-09,2530,華建,listed,19.15,19.8,19.0,19.15,-0.1,-0.5195,1076869,20782739,518,TWSE
2026-06-09,2534,宏盛,listed,17.95,18.35,17.95,18.1,0.05,0.277,2138206,41451941,606,TWSE
2026-06-09,2535,達欣工,listed,85.9,90.9,85.5,90.7,5.1,5.9579,1183953,105499766,1387,TWSE
2026-06-09,2536,宏普,listed,20.95,21.2,20.75,20.8,0.25,1.2165,1204757,25184524,676,TWSE
2026-06-09,2537,聯上發,listed,10.15,10.35,10.1,10.1,0.05,0.4975,1353762,13787435,365,TWSE
2026-06-09,2538,基泰,listed,9.93,10.1,9.93,9.99,-0.01,-0.1,452879,4528072,190,TWSE
2026-06-09,2539,櫻花建,listed,36.5,37.2,36.3,36.9,0.3,0.8197,780331,28741907,716,TWSE
2026-06-09,2540,愛山林,listed,50.7,52.2,50.6,50.9,-0.3,-0.5859,991048,50494167,4010,TWSE
2026-06-09,2542,興富發,listed,41.75,43.35,41.75,43.2,1.3,3.1026,18093139,777166406,7104,TWSE
2026-06-09,2543,皇昌,listed,48.1,49.85,47.75,48.9,1.4,2.9474,3068790,149128481,1874,TWSE
2026-06-09,2545,皇翔,listed,37.3,38.25,37.2,37.4,-0.2,-0.5319,588389,22105271,439,TWSE
2026-06-09,2546,根基,listed,88.7,90.6,88.2,90.1,1.4,1.5784,353785,31782697,618,TWSE
2026-06-09,2547,日勝生,listed,11.0,11.4,11.0,11.05,0.4,3.7559,18281196,203657760,4432,TWSE
2026-06-09,2548,華固,listed,102.0,103.5,100.0,101.5,0.0,0.0,4519247,455604866,3165,TWSE
2026-06-09,2597,潤弘,listed,184.0,191.0,184.0,191.0,6.5,3.523,3285796,621066871,4109,TWSE
2026-06-09,2601,益航,listed,5.89,6.09,5.86,5.88,-0.01,-0.1698,2034877,12041996,764,TWSE
2026-06-09,2603,長榮,listed,226.5,228.0,221.0,222.0,-2.0,-0.8929,22446254,5016746906,14322,TWSE
2026-06-09,2605,新興,listed,31.15,31.25,30.2,30.65,-0.35,-1.129,7445468,227212222,4122,TWSE
2026-06-09,2606,裕民,listed,68.3,69.5,68.0,69.1,0.9,1.3196,4124337,283811340,2646,TWSE
2026-06-09,2607,榮運,listed,48.5,49.4,48.5,49.4,0.8,1.6461,600863,29499130,505,TWSE
2026-06-09,2608,嘉里大榮,listed,29.9,30.65,29.9,30.15,0.25,0.8361,776659,23500290,507,TWSE
2026-06-09,2609,陽明,listed,52.1,52.6,51.1,51.6,-0.1,-0.1934,61977162,3198259063,18624,TWSE
2026-06-09,2610,華航,listed,19.05,19.65,19.05,19.5,0.45,2.3622,64733364,1261023382,8732,TWSE
2026-06-09,2611,志信,listed,13.9,14.1,13.9,13.9,0.0,0.0,328491,4599055,252,TWSE
2026-06-09,2612,中航,listed,54.9,56.4,54.4,56.0,1.2,2.1898,849017,47083635,612,TWSE
2026-06-09,2613,中櫃,listed,21.95,22.2,21.75,21.95,-0.05,-0.2273,269562,5922785,229,TWSE
2026-06-09,2614,東森,listed,18.85,19.45,18.85,18.95,0.0,0.0,826997,15815459,782,TWSE
2026-06-09,2615,萬海,listed,84.9,85.6,83.2,84.7,0.1,0.1182,10405333,879116178,7433,TWSE
2026-06-09,2616,山隆,listed,13.6,13.95,13.55,13.65,0.05,0.3676,327579,4468096,437,TWSE
2026-06-09,2617,台航,listed,29.5,29.8,29.5,29.65,0.5,1.7153,710481,21043338,476,TWSE
2026-06-09,2618,長榮航,listed,36.35,37.35,36.35,37.0,0.6,1.6484,37212814,1378889776,12962,TWSE
2026-06-09,2630,亞航,listed,39.75,41.05,39.75,40.05,0.3,0.7547,888979,35723915,661,TWSE
2026-06-09,2633,台灣高鐵,listed,25.1,25.55,25.1,25.4,0.3,1.1952,8625368,219016805,3105,TWSE
2026-06-09,2634,漢翔,listed,45.2,46.8,45.2,46.8,1.8,4.0,3247128,149976224,2225,TWSE
2026-06-09,2636,台驊控股,listed,70.0,71.0,70.0,70.4,0.7,1.0043,439849,30988193,511,TWSE
2026-06-09,2637,慧洋-KY,listed,78.8,81.5,78.6,80.9,2.4,3.0573,10323999,833783505,6432,TWSE
2026-06-09,2642,宅配通,listed,20.2,22.3,20.2,22.3,2.0,9.8522,430462,9525089,346,TWSE
2026-06-09,2645,長榮航太,listed,166.0,174.5,166.0,173.5,7.5,4.5181,2962578,510183107,3354,TWSE
2026-06-09,2646,星宇航空,listed,20.1,20.2,20.05,20.2,0.15,0.7481,4712553,94873380,2261,TWSE
2026-06-09,2701,萬企,listed,10.35,10.4,10.3,10.35,0.0,0.0,259306,2683609,121,TWSE
2026-06-09,2702,華園,listed,12.85,13.15,12.75,12.75,-0.1,-0.7782,72530,932247,130,TWSE
2026-06-09,2704,國賓,listed,42.0,42.65,41.95,42.65,0.7,1.6687,123773,5222979,206,TWSE
2026-06-09,2705,六福,listed,15.55,15.75,15.5,15.65,0.2,1.2945,177822,2781765,240,TWSE
2026-06-09,2706,第一店,listed,12.1,12.25,12.1,12.2,0.05,0.4115,142595,1731339,155,TWSE
2026-06-09,2707,晶華,listed,177.0,179.5,177.0,178.0,-0.5,-0.2801,149579,26711775,236,TWSE
2026-06-09,2712,遠雄來,listed,14.75,14.75,14.5,14.55,0.05,0.3448,31800,464084,27,TWSE
2026-06-09,2722,夏都,listed,22.6,23.35,22.5,22.8,0.1,0.4405,98524,2247151,107,TWSE
2026-06-09,2723,美食-KY,listed,62.3,64.2,62.3,63.0,0.0,0.0,212848,13475417,207,TWSE
2026-06-09,2727,王品,listed,243.0,253.0,243.0,246.0,4.5,1.8634,665480,164957762,2355,TWSE
2026-06-09,2731,雄獅,listed,155.5,160.5,155.5,156.0,0.0,0.0,4093842,642246709,4308,TWSE
2026-06-09,2739,寒舍,listed,35.75,36.1,35.7,35.7,-0.1,-0.2793,102452,3669791,91,TWSE
2026-06-09,2748,雲品,listed,39.15,39.8,39.15,39.5,0.05,0.1267,122442,4835028,114,TWSE
2026-06-09,2753,八方雲集,listed,179.0,186.0,179.0,183.5,3.5,1.9444,485668,89519164,620,TWSE
2026-06-09,2762,世界健身-KY,listed,86.2,89.7,86.2,88.0,1.8,2.0882,169131,14892138,213,TWSE
2026-06-09,2801,彰銀,listed,21.05,22.4,21.05,22.3,1.3,6.1905,92513795,2027152192,18638,TWSE
2026-06-09,2812,台中銀,listed,19.05,19.75,19.05,19.7,0.65,3.4121,24967617,488298497,6395,TWSE
2026-06-09,2816,旺旺保,listed,32.9,34.45,32.9,34.05,1.15,3.4954,565035,19174518,544,TWSE
2026-06-09,2820,華票,listed,16.9,17.4,16.9,17.4,0.5,2.9586,4335707,74971554,1241,TWSE
2026-06-09,2832,台產,listed,53.8,55.5,53.8,55.5,1.7,3.1599,534710,29420373,480,TWSE
2026-06-09,2834,臺企銀,listed,16.45,17.25,16.45,17.1,0.65,3.9514,74230836,1263269880,13195,TWSE
2026-06-09,2836,高雄銀,listed,11.9,12.4,11.9,12.35,0.45,3.7815,10637400,130556162,1989,TWSE
2026-06-09,2836A,高雄銀甲特,listed,24.65,24.65,24.35,24.45,0.0,0.0,42000,1025350,19,TWSE
2026-06-09,2838,聯邦銀,listed,20.6,21.9,20.6,21.8,1.05,5.0602,3947529,85139957,1675,TWSE
2026-06-09,2838A,聯邦銀甲特,listed,54.2,54.3,54.2,54.3,0.1,0.1845,5865,318100,13,TWSE
2026-06-09,2845,遠東銀,listed,12.25,12.85,12.25,12.8,0.55,4.4898,39382693,499274145,7268,TWSE
2026-06-09,2849,安泰銀,listed,13.6,14.05,13.5,14.0,0.4,2.9412,329418,4532157,185,TWSE
2026-06-09,2850,新產,listed,144.0,152.5,144.0,150.0,6.0,4.1667,780953,116801444,974,TWSE
2026-06-09,2851,中再保,listed,35.5,37.2,35.5,37.0,1.45,4.0788,2555738,93774584,1684,TWSE
2026-06-09,2852,第一保,listed,27.35,27.95,27.35,27.8,0.55,2.0183,953347,26528921,490,TWSE
2026-06-09,2855,統一證,listed,53.6,55.2,51.9,54.0,0.8,1.5038,27832715,1504389164,11915,TWSE
2026-06-09,2867,三商壽,listed,7.97,8.3,7.97,8.27,0.3,3.7641,43361414,356644199,7340,TWSE
2026-06-09,2880,華南金,listed,33.35,35.6,33.35,35.45,1.95,5.8209,40383122,1416085434,15306,TWSE
2026-06-09,2881,富邦金,listed,115.0,126.5,115.0,125.0,9.0,7.7586,88310533,10905253080,29531,TWSE
2026-06-09,2881A,富邦特,listed,63.7,63.8,63.7,63.8,0.1,0.157,22544,1436537,24,TWSE
2026-06-09,2881B,富邦金乙特,listed,62.5,62.6,62.5,62.6,0.0,0.0,25722,1607199,36,TWSE
2026-06-09,2881C,富邦金丙特,listed,50.8,50.9,50.7,50.7,-0.1,-0.1969,115253,5850402,110,TWSE
2026-06-09,2882,國泰金,listed,95.3,104.0,95.3,104.0,9.0,9.4737,55872704,5678769909,23933,TWSE
2026-06-09,2882A,國泰特,listed,61.2,61.5,61.2,61.5,0.3,0.4902,90371,5534830,47,TWSE
2026-06-09,2882B,國泰金乙特,listed,60.5,60.6,60.4,60.6,0.0,0.0,103522,6258426,52,TWSE
2026-06-09,2883,凱基金,listed,26.85,29.15,26.85,29.05,2.3,8.5981,274987983,7854449489,56078,TWSE
2026-06-09,2883B,凱基金乙特,listed,8.15,8.17,8.12,8.17,0.02,0.2454,835451,6809963,252,TWSE
2026-06-09,2884,玉山金,listed,32.9,34.35,32.9,34.2,1.3,3.9514,88605638,3008872578,26728,TWSE
2026-06-09,2885,元大金,listed,62.0,65.2,62.0,64.8,2.8,4.5161,31001284,1990971849,15336,TWSE
2026-06-09,2886,兆豐金,listed,41.0,43.55,41.0,43.55,2.35,5.7039,59201818,2545464702,21503,TWSE
2026-06-09,2887,台新新光金,listed,28.4,29.65,28.15,29.55,1.8,6.4865,137888947,4024578174,28251,TWSE
2026-06-09,2887E,台新新光戊特一,listed,50.4,50.5,50.3,50.5,0.1,0.1984,197642,9951028,150,TWSE
2026-06-09,2887F,台新新光戊特二,listed,46.6,46.75,46.6,46.7,-0.1,-0.2137,25080,1170697,27,TWSE
2026-06-09,2887G,台新新光庚特一,listed,42.95,43.0,42.95,43.0,0.05,0.1164,38347,1648099,33,TWSE
2026-06-09,2887H,台新新光庚特二,listed,40.8,40.9,40.7,40.9,0.2,0.4914,126458,5152821,53,TWSE
2026-06-09,2887I,台新新光辛特,listed,9.4,9.42,9.4,9.42,0.01,0.1063,2988674,28122745,749,TWSE
2026-06-09,2887Z1,台新新光己特,listed,17.15,17.4,17.15,17.4,0.25,1.4577,65532,1133509,43,TWSE
2026-06-09,2889,國票金,listed,14.65,15.1,14.65,15.0,0.3,2.0408,7546510,112673292,2691,TWSE
2026-06-09,2890,永豐金,listed,32.45,34.4,32.35,34.25,2.35,7.3668,80605349,2720271419,22545,TWSE
2026-06-09,2891,中信金,listed,64.8,69.5,64.8,69.2,3.8,5.8104,53708919,3663756208,24039,TWSE
2026-06-09,2891B,中信金乙特,listed,64.3,64.3,64.3,64.3,0.0,0.0,3268,209621,13,TWSE
2026-06-09,2891C,中信金丙特,listed,62.7,62.7,62.6,62.6,-0.1,-0.1595,41410,2596157,21,TWSE
2026-06-09,2892,第一金,listed,29.1,30.55,29.1,30.5,1.4,4.811,99331453,2992834042,26835,TWSE
2026-06-09,2897,王道銀行,listed,10.05,10.5,10.05,10.5,0.4,3.9604,14331929,149081821,2804,TWSE
2026-06-09,2897B,王道銀乙特,listed,11.8,11.85,11.8,11.8,0.0,0.0,858132,10126464,37,TWSE
2026-06-09,2901,欣欣,listed,22.65,23.15,22.65,23.0,0.2,0.8772,14127,325304,73,TWSE
2026-06-09,2903,遠百,listed,22.8,23.4,22.8,23.0,0.15,0.6565,2575476,59671304,1219,TWSE
2026-06-09,2904,匯僑,listed,13.85,13.95,13.8,13.95,0.1,0.722,122954,1706205,101,TWSE
2026-06-09,2905,三商,listed,13.8,14.45,13.8,14.45,0.55,3.9568,1046637,14957211,461,TWSE
2026-06-09,2906,高林,listed,12.7,12.8,12.65,12.65,-0.05,-0.3937,148475,1886421,112,TWSE
2026-06-09,2908,特力,listed,21.35,21.6,21.2,21.2,-0.2,-0.9346,469243,10023130,170,TWSE
2026-06-09,2910,統領,listed,21.9,21.9,21.2,21.45,-0.15,-0.6944,11010,236064,9,TWSE
2026-06-09,2911,麗嬰房,listed,8.72,8.8,8.52,8.55,0.04,0.47,151205,1318693,169,TWSE
2026-06-09,2912,統一超,listed,221.0,225.5,221.0,224.0,2.0,0.9009,3883495,869270110,3744,TWSE
2026-06-09,2913,農林,listed,11.0,11.15,11.0,11.0,-0.05,-0.4525,1489184,16499293,620,TWSE
2026-06-09,2915,潤泰全,listed,47.7,49.25,47.7,48.65,0.8,1.6719,2070005,100606503,1319,TWSE
2026-06-09,2923,鼎固-KY,listed,21.6,22.0,21.3,21.8,-0.85,-3.7528,187667,4048469,350,TWSE
2026-06-09,2929,淘帝-KY,listed,5.85,5.91,5.72,5.8,-0.05,-0.8547,563330,3261387,237,TWSE
2026-06-09,2939,永邑-KY,listed,21.65,21.65,21.25,21.25,-0.75,-3.4091,23055,492272,24,TWSE
2026-06-09,2945,三商家購,listed,41.15,41.35,40.6,40.7,-0.45,-1.0936,30121,1231317,30,TWSE
2026-06-09,3002,歐格,listed,19.5,19.75,19.3,19.5,0.1,0.5155,272721,5315581,183,TWSE
2026-06-09,3003,健和興,listed,61.8,64.5,61.2,64.2,3.2,5.2459,1829862,116270911,1481,TWSE
2026-06-09,3004,豐達科,listed,128.5,136.0,127.0,134.5,7.0,5.4902,1070709,141444512,1199,TWSE
2026-06-09,3005,神基,listed,105.5,106.5,105.0,105.5,1.0,0.9569,4047943,427155227,2748,TWSE
2026-06-09,3006,晶豪科,listed,212.5,214.5,205.5,214.5,7.5,3.6232,12030532,2536980218,10157,TWSE
2026-06-09,3008,大立光,listed,3800.0,3885.0,3755.0,3885.0,350.0,9.901,2232485,8629944225,7181,TWSE
2026-06-09,3010,華立,listed,132.5,134.5,131.5,132.0,0.5,0.3802,1509435,200112855,1379,TWSE
2026-06-09,3011,今皓,listed,14.5,15.05,14.4,14.55,0.0,0.0,1421181,20743914,781,TWSE
2026-06-09,3013,晟銘電,listed,115.5,117.5,114.0,114.5,-6.0,-4.9793,6177784,711152060,6422,TWSE
2026-06-09,3014,聯陽,listed,141.5,141.5,135.0,140.5,-2.0,-1.4035,3487582,482001442,3402,TWSE
2026-06-09,3015,全漢,listed,62.5,63.0,59.9,61.7,-0.4,-0.6441,4835669,297997838,3835,TWSE
2026-06-09,3016,嘉晶,listed,107.0,113.0,102.0,112.0,8.0,7.6923,6130078,668567922,4569,TWSE
2026-06-09,3017,奇鋐,listed,2575.0,2575.0,2440.0,2545.0,-25.0,-0.9728,6361937,15981947935,27677,TWSE
2026-06-09,3018,隆銘綠能,listed,12.1,12.1,12.1,12.1,0.0,0.0,34501,417334,70,TWSE
2026-06-09,3019,亞光,listed,143.5,155.0,142.5,151.5,9.5,6.6901,10861767,1644350791,9030,TWSE
2026-06-09,3021,鴻名,listed,29.0,29.0,26.75,28.0,-1.2,-4.1096,895850,24815887,574,TWSE
2026-06-09,3022,威強電,listed,81.4,86.9,79.5,86.9,7.9,10.0,10943280,940906110,7174,TWSE
2026-06-09,3023,信邦,listed,326.0,330.5,318.5,329.0,6.5,2.0155,2915131,952391279,4545,TWSE
2026-06-09,3024,憶聲,listed,12.85,12.95,12.45,12.7,0.0,0.0,1907956,24101760,986,TWSE
2026-06-09,3025,星通,listed,71.7,73.1,71.6,72.2,0.9,1.2623,916526,66185287,1187,TWSE
2026-06-09,3026,禾伸堂,listed,630.0,661.0,618.0,661.0,60.0,9.9834,1905446,1236224935,3066,TWSE
2026-06-09,3027,盛達,listed,21.5,21.8,20.95,21.0,0.1,0.4785,941085,19907130,709,TWSE
2026-06-09,3028,增你強,listed,76.8,79.7,76.7,77.8,3.1,4.1499,3317714,259129499,2480,TWSE
2026-06-09,3029,零壹,listed,105.0,106.5,103.5,105.5,2.0,1.9324,1910743,199785976,1755,TWSE
2026-06-09,3030,德律,listed,352.0,352.0,344.0,344.0,-7.0,-1.9943,2693718,935266026,5211,TWSE
2026-06-09,3031,佰鴻,listed,29.0,29.2,28.4,28.85,0.0,0.0,1110860,31992131,926,TWSE
2026-06-09,3032,偉訓,listed,91.6,92.6,90.3,90.4,0.5,0.5562,1705749,155713117,1463,TWSE
2026-06-09,3033,威健,listed,49.0,52.3,48.9,51.0,3.1,6.4718,18598217,949282310,10857,TWSE
2026-06-09,3034,聯詠,listed,471.5,485.5,463.5,480.5,7.5,1.5856,6674018,3186900695,6999,TWSE
2026-06-09,3035,智原,listed,179.0,187.0,175.0,186.0,10.0,5.6818,6348624,1150198975,6894,TWSE
2026-06-09,3036,文曄,listed,255.0,255.5,246.0,250.0,0.0,0.0,16056299,3997289838,11169,TWSE
2026-06-09,3037,欣興,listed,950.0,972.0,920.0,969.0,58.0,6.3666,23269699,22061351573,40005,TWSE
2026-06-09,3038,全台,listed,23.2,23.9,23.2,23.45,-0.15,-0.6356,308437,7268884,271,TWSE
2026-06-09,3040,遠見,listed,37.1,38.3,37.1,37.35,-0.15,-0.4,123009,4618562,161,TWSE
2026-06-09,3041,揚智,listed,23.55,23.75,22.95,23.65,0.35,1.5021,914155,21475729,742,TWSE
2026-06-09,3042,晶技,listed,213.0,231.5,207.0,228.5,18.0,8.5511,65055380,14313490184,47904,TWSE
2026-06-09,3043,科風,listed,23.9,24.3,22.8,24.0,0.15,0.6289,852774,20246227,739,TWSE
2026-06-09,3044,健鼎,listed,475.0,504.0,475.0,500.0,22.0,4.6025,4612051,2273255778,5131,TWSE
2026-06-09,3045,台灣大,listed,115.0,117.0,115.0,117.0,2.0,1.7391,18645007,2170191872,4387,TWSE
2026-06-09,3046,建碁,listed,57.8,58.8,57.3,58.2,1.4,2.4648,355714,20698802,369,TWSE
2026-06-09,3047,訊舟,listed,15.35,15.7,15.15,15.6,0.25,1.6287,1041032,16136014,614,TWSE
2026-06-09,3048,益登,listed,67.0,73.2,66.1,71.6,5.0,7.5075,24827145,1754055184,16030,TWSE
2026-06-09,3049,精金,listed,15.5,15.95,14.95,15.15,0.0,0.0,14909164,228120064,8706,TWSE
2026-06-09,3050,鈺德,listed,12.8,13.0,12.65,12.85,0.05,0.3906,743335,9507575,409,TWSE
2026-06-09,3051,力特,listed,27.85,28.3,27.4,27.7,0.1,0.3623,1465578,40716058,1036,TWSE
2026-06-09,3052,夆典,listed,10.85,10.95,10.8,10.9,0.2,1.8692,570689,6215154,358,TWSE
2026-06-09,3054,立萬利,listed,75.7,76.0,70.5,70.5,-5.0,-6.6225,723728,52576086,705,TWSE
2026-06-09,3055,蔚華科,listed,91.0,91.0,85.5,87.8,-3.2,-3.5165,3100070,271123755,3324,TWSE
2026-06-09,3056,富華新,listed,14.25,14.65,14.25,14.4,0.0,0.0,1507923,21909333,826,TWSE
2026-06-09,3057,喬鼎,listed,21.2,22.5,21.2,21.95,0.4,1.8561,437897,9559619,349,TWSE
2026-06-09,3058,立德,listed,9.6,9.77,9.43,9.6,0.13,1.3728,1114100,10607433,555,TWSE
2026-06-09,3059,華晶科,listed,46.2,48.15,46.05,46.65,0.6,1.3029,7707346,361648418,6294,TWSE
2026-06-09,3060,銘異,listed,29.35,31.15,28.8,30.8,1.9,6.5744,2824206,84385059,1783,TWSE
2026-06-09,3062,建漢,listed,26.45,26.6,25.8,26.45,0.25,0.9542,4711198,123733678,2941,TWSE
2026-06-09,3090,日電貿,listed,212.0,230.0,209.5,230.0,20.5,9.7852,2125056,476682871,2374,TWSE
2026-06-09,3092,鴻碩,listed,29.0,29.5,28.7,29.2,0.2,0.6897,409822,11893366,324,TWSE
2026-06-09,3094,聯傑,listed,30.15,31.0,28.95,30.45,0.9,3.0457,1017000,30424560,759,TWSE
2026-06-09,3130,一零四,listed,221.0,222.5,221.0,221.5,0.0,0.0,44838,9934761,129,TWSE
2026-06-09,3135,凌航,listed,215.0,220.5,209.0,216.5,5.5,2.6066,3064914,658868077,3423,TWSE
2026-06-09,3138,耀登,listed,151.0,156.0,150.5,151.0,1.0,0.6667,828774,126159483,1045,TWSE
2026-06-09,3149,正達,listed,88.2,89.0,86.8,87.2,0.4,0.4608,4925418,432427081,4825,TWSE
2026-06-09,3150,鈺寶-創,listed,18.9,18.9,18.6,18.8,-0.1,-0.5291,44300,830320,27,TWSE
2026-06-09,3164,景岳,listed,16.35,16.55,16.3,16.4,0.1,0.6135,46260,757065,111,TWSE
2026-06-09,3167,大量,listed,910.0,951.0,893.0,951.0,86.0,9.9422,3705458,3461302759,4611,TWSE
2026-06-09,3168,眾福科,listed,46.95,47.45,46.6,46.75,0.15,0.3219,41554,1947362,38,TWSE
2026-06-09,3189,景碩,listed,705.0,732.0,683.0,714.0,16.0,2.2923,5537626,3922503055,11031,TWSE
2026-06-09,3209,全科,listed,70.7,72.2,69.3,71.4,1.5,2.1459,2127403,150898391,1673,TWSE
2026-06-09,3229,晟鈦,listed,41.55,45.2,41.1,45.2,4.1,9.9757,401649,17408703,450,TWSE
2026-06-09,3231,緯創,listed,166.0,168.5,163.0,165.5,2.0,1.2232,64817452,10750774885,48695,TWSE
2026-06-09,3257,虹冠電,listed,56.1,56.7,55.0,56.0,0.0,0.0,778057,43505874,577,TWSE
2026-06-09,3266,昇陽,listed,12.45,12.65,12.45,12.65,0.15,1.2,129021,1615814,75,TWSE
2026-06-09,3296,勝德,listed,20.8,21.2,20.8,21.05,0.1,0.4773,38377,806385,67,TWSE
2026-06-09,3305,昇貿,listed,146.0,146.0,133.0,142.0,-3.0,-2.069,12352225,1716341765,11168,TWSE
2026-06-09,3308,聯德,listed,20.75,21.55,20.6,21.0,0.25,1.2048,181930,3822258,176,TWSE
2026-06-09,3311,閎暉,listed,41.0,41.75,39.7,39.8,-0.7,-1.7284,2122150,85793047,1629,TWSE
2026-06-09,3312,弘憶股,listed,60.6,62.8,58.6,62.3,1.5,2.4671,8639365,526863779,6475,TWSE
2026-06-09,3321,同泰,listed,21.55,21.95,19.95,21.0,0.45,2.1898,1671667,34917270,896,TWSE
2026-06-09,3338,泰碩,listed,77.8,78.8,76.0,77.1,-0.2,-0.2587,1576666,122115095,3457,TWSE
2026-06-09,3346,麗清,listed,25.5,25.9,24.4,24.8,-0.2,-0.8,978996,24577482,800,TWSE
2026-06-09,3356,奇偶,listed,58.9,61.0,58.8,60.0,0.9,1.5228,785295,47101559,703,TWSE
2026-06-09,3376,新日興,listed,241.5,249.5,233.0,235.0,-1.5,-0.6342,34181349,8205912770,31857,TWSE
2026-06-09,3380,明泰,listed,34.75,35.05,33.55,34.7,0.25,0.7257,3974519,136443757,2599,TWSE
2026-06-09,3406,玉晶光,listed,665.0,719.0,663.0,719.0,65.0,9.9388,3868757,2746094132,4105,TWSE
2026-06-09,3413,京鼎,listed,300.0,312.5,297.0,312.5,15.0,5.042,1404465,430048462,1994,TWSE
2026-06-09,3416,融程電,listed,175.0,180.5,174.5,176.5,2.0,1.1461,361621,63820143,473,TWSE
2026-06-09,3419,譁裕,listed,13.65,13.8,13.65,13.8,0.15,1.0989,128294,1758456,111,TWSE
2026-06-09,3432,台端,listed,17.7,18.6,17.7,18.6,0.65,3.6212,34658,632586,35,TWSE
2026-06-09,3437,榮創,listed,21.75,22.0,21.4,22.0,0.5,2.3256,950258,20690587,655,TWSE
2026-06-09,3443,創意,listed,4300.0,4430.0,4240.0,4310.0,55.0,1.2926,1777373,7697306390,7772,TWSE
2026-06-09,3447,展達,listed,38.5,42.65,38.5,42.65,3.85,9.9227,854744,35442094,669,TWSE
2026-06-09,3450,聯鈞,listed,484.0,507.0,479.0,507.0,46.0,9.9783,6660717,3298312254,7421,TWSE
2026-06-09,3481,群創,listed,49.95,50.6,46.6,49.1,0.75,1.5512,124513602,6095849056,68803,TWSE
2026-06-09,3494,誠研,listed,8.15,8.15,7.94,8.05,0.14,1.7699,100730,809163,82,TWSE
2026-06-09,3501,維熹,listed,42.0,43.95,41.9,42.1,0.0,0.0,704437,30265824,684,TWSE
2026-06-09,3504,揚明光,listed,75.0,80.1,73.6,80.1,7.2,9.8765,2029980,158981934,1791,TWSE
2026-06-09,3515,華擎,listed,243.5,252.5,241.0,252.0,8.5,3.4908,860596,212514481,1095,TWSE
2026-06-09,3518,柏騰,listed,30.65,31.35,30.35,30.35,-0.45,-1.461,636987,19536447,461,TWSE
2026-06-09,3528,安馳,listed,126.0,136.0,120.0,133.0,8.5,6.8273,482519,62854319,511,TWSE
2026-06-09,3530,晶相光,listed,60.7,62.2,60.2,61.5,1.4,2.3295,208686,12851089,256,TWSE
2026-06-09,3532,台勝科,listed,269.5,287.0,265.5,284.5,23.5,9.0038,719417,201675360,904,TWSE
2026-06-09,3533,嘉澤,listed,2305.0,2345.0,2275.0,2335.0,45.0,1.9651,926975,2152031170,2305,TWSE
2026-06-09,3535,晶彩科,listed,126.0,135.0,123.5,134.5,11.5,9.3496,1424921,186318628,1718,TWSE
2026-06-09,3543,州巧,listed,33.9,34.2,33.4,33.85,-0.05,-0.1475,655485,22043124,452,TWSE
2026-06-09,3545,敦泰,listed,51.8,54.1,51.4,54.0,2.4,4.6512,1455062,76864459,1115,TWSE
2026-06-09,3550,聯穎,listed,23.9,25.9,23.05,25.9,2.35,9.9788,11675585,292618402,4991,TWSE
2026-06-09,3557,嘉威,listed,23.15,24.0,23.1,23.1,-0.1,-0.431,82099,1923990,115,TWSE
2026-06-09,3563,牧德,listed,750.0,754.0,734.0,742.0,8.0,1.0899,772996,572517212,2426,TWSE
2026-06-09,3576,聯合再生,listed,16.35,17.25,16.0,17.25,1.55,9.8726,13017430,216837023,5609,TWSE
2026-06-09,3583,辛耘,listed,852.0,882.0,839.0,866.0,59.0,7.311,2016927,1739016561,4094,TWSE
2026-06-09,3588,通嘉,listed,55.9,57.0,55.4,56.6,1.8,3.2847,345164,19409456,348,TWSE
2026-06-09,3591,艾笛森,listed,23.25,23.7,22.95,22.95,-0.2,-0.8639,775114,17963458,553,TWSE
2026-06-09,3592,瑞鼎,listed,258.0,268.0,255.0,265.0,10.0,3.9216,576298,151352696,857,TWSE
2026-06-09,3593,力銘,listed,16.0,16.45,16.0,16.45,0.35,2.1739,48524,781289,58,TWSE
2026-06-09,3596,智易,listed,182.0,186.0,182.0,185.5,4.5,2.4862,861312,158660089,921,TWSE
2026-06-09,3605,宏致,listed,73.0,73.8,71.5,72.7,0.5,0.6925,1684442,122430279,1558,TWSE
2026-06-09,3607,谷崧,listed,16.85,17.2,16.35,16.6,-0.2,-1.1905,1008281,16774914,617,TWSE
2026-06-09,3617,碩天,listed,208.0,214.5,208.0,213.5,5.5,2.6442,291804,62067330,408,TWSE
2026-06-09,3622,洋華,listed,55.8,58.2,55.0,57.4,1.3,2.3173,580685,33228064,513,TWSE
2026-06-09,3645,達邁,listed,97.0,101.0,96.2,99.0,2.6,2.6971,2615818,256715390,2293,TWSE
2026-06-09,3652,精聯,listed,32.5,33.7,32.3,33.5,1.65,5.1805,202553,6667393,184,TWSE
2026-06-09,3653,健策,listed,3915.0,4060.0,3855.0,3935.0,115.0,3.0105,2263039,8939810900,9783,TWSE
2026-06-09,3661,世芯-KY,listed,4185.0,4265.0,4115.0,4250.0,80.0,1.9185,1261033,5300172445,6828,TWSE
2026-06-09,3665,貿聯-KY,listed,2120.0,2180.0,2090.0,2155.0,60.0,2.864,2520543,5385205520,6842,TWSE
2026-06-09,3669,圓展,listed,36.7,37.2,36.2,36.4,-0.35,-0.9524,340359,12504387,303,TWSE
2026-06-09,3673,TPK-KY,listed,83.0,87.8,80.5,86.9,4.1,4.9517,23487173,1977057069,17174,TWSE
2026-06-09,3679,新至陞,listed,122.5,130.0,122.5,130.0,7.5,6.1224,408102,51888626,410,TWSE
2026-06-09,3686,達能,listed,16.5,16.95,16.35,16.95,0.5,3.0395,227125,3779509,189,TWSE
2026-06-09,3694,海華,listed,62.6,63.7,62.0,62.9,0.9,1.4516,1258239,78922364,943,TWSE
2026-06-09,3701,大眾控,listed,52.1,53.4,51.8,52.1,0.5,0.969,876488,45893235,733,TWSE
2026-06-09,3702,大聯大,listed,109.5,112.5,107.5,110.5,2.5,2.3148,14917517,1649572811,7078,TWSE
2026-06-09,3703,欣陸,listed,21.0,21.5,21.0,21.45,0.45,2.1429,1357202,29020263,672,TWSE
2026-06-09,3704,合勤控,listed,46.7,49.25,46.05,48.85,2.15,4.6039,5957329,282580756,3822,TWSE
2026-06-09,3705,永信,listed,56.1,57.7,56.1,57.0,0.5,0.885,405954,23251545,376,TWSE
2026-06-09,3706,神達,listed,91.7,92.0,89.5,91.8,4.5,5.1546,30502944,2770834202,20508,TWSE
2026-06-09,3708,上緯投控,listed,118.5,121.0,117.5,120.5,3.5,2.9915,563101,67413971,597,TWSE
2026-06-09,3711,日月光投控,listed,545.0,574.0,544.0,569.0,29.0,5.3704,18464913,10361824844,27306,TWSE
2026-06-09,3712,永崴投控,listed,18.15,18.65,17.95,18.45,0.2,1.0959,591794,10839086,477,TWSE
2026-06-09,3714,富采,listed,65.0,67.0,63.7,66.0,1.2,1.8519,13206240,863133275,9317,TWSE
2026-06-09,3715,定穎投控,listed,173.5,179.5,171.0,174.5,8.5,5.1205,16071546,2828753527,12431,TWSE
2026-06-09,3716,中化控股,listed,34.65,36.2,34.65,35.55,0.75,2.1552,467926,16731965,382,TWSE
2026-06-09,3717,聯嘉投控,listed,21.5,21.5,20.8,21.15,-0.3,-1.3986,1638773,34573222,822,TWSE
2026-06-09,4104,佳醫,listed,70.0,71.6,70.0,70.9,0.5,0.7102,232098,16486948,330,TWSE
2026-06-09,4106,雃博,listed,23.9,24.3,23.85,24.05,0.1,0.4175,119856,2883443,128,TWSE
2026-06-09,4108,懷特,listed,12.65,12.65,12.3,12.4,0.1,0.813,255865,3171730,190,TWSE
2026-06-09,4119,旭富,listed,40.4,43.0,39.6,42.75,1.65,4.0146,953401,39302335,870,TWSE
2026-06-09,4133,亞諾法,listed,20.6,20.95,20.55,20.9,0.3,1.4563,96276,1995158,147,TWSE
2026-06-09,4137,麗豐-KY,listed,111.5,112.5,108.5,109.0,-4.5,-3.9648,577436,63449721,612,TWSE
2026-06-09,4142,國光生,listed,17.6,17.85,17.55,17.6,-0.05,-0.2833,908050,16062114,604,TWSE
2026-06-09,4148,全宇生技-KY,listed,31.85,32.15,31.55,32.0,0.15,0.471,16237,517457,26,TWSE
2026-06-09,4155,訊映,listed,15.0,15.5,14.9,14.9,-0.1,-0.6667,557746,8433630,407,TWSE
2026-06-09,4164,承業醫,listed,30.0,30.55,29.8,30.0,0.0,0.0,624745,18814109,462,TWSE
2026-06-09,4169,泰宗,listed,153.5,153.5,150.0,150.0,-1.0,-0.6623,85676,12952827,149,TWSE
2026-06-09,4178,永笙-KY,listed,18.35,18.6,18.35,18.5,0.15,0.8174,207169,3831731,118,TWSE
2026-06-09,4190,佐登-KY,listed,24.95,25.4,24.8,25.15,0.25,1.004,94500,2374917,249,TWSE
2026-06-09,4195,基米-創,listed,16.2,16.5,16.15,16.25,-0.25,-1.5152,271084,4416969,222,TWSE
2026-06-09,4306,炎洲,listed,15.0,15.35,15.0,15.1,0.15,1.0033,2632348,40006732,1335,TWSE
2026-06-09,4414,如興,listed,8.65,8.76,8.42,8.46,-0.26,-2.9817,525230,4491963,323,TWSE
2026-06-09,4426,利勤,listed,8.44,8.44,8.1,8.13,0.03,0.3704,157694,1283962,127,TWSE
2026-06-09,4438,廣越,listed,60.5,63.5,60.5,63.0,2.7,4.4776,171086,10698915,150,TWSE
2026-06-09,4439,冠星-KY,listed,90.3,90.4,88.8,90.2,-0.1,-0.1107,21051,1884586,22,TWSE
2026-06-09,4440,宜新實業,listed,17.75,17.75,17.25,17.3,-0.65,-3.6212,465119,8063000,293,TWSE
2026-06-09,4441,振大環球,listed,203.0,209.0,203.0,207.0,4.0,1.9704,72405,15003171,82,TWSE
2026-06-09,4526,東台,listed,40.2,41.6,39.1,39.25,-0.85,-2.1197,6404141,253578438,4329,TWSE
2026-06-09,4532,瑞智,listed,24.0,24.55,23.9,24.4,0.2,0.8264,1337409,32389632,796,TWSE
2026-06-09,4536,拓凱,listed,160.0,164.5,160.0,163.5,3.0,1.8692,184639,30115406,236,TWSE
2026-06-09,4540,全球傳動,listed,65.4,67.0,64.9,66.5,1.7,2.6235,2725977,180302905,2375,TWSE
2026-06-09,4545,銘鈺,listed,37.35,38.7,36.95,38.6,1.3,3.4853,244263,9228228,234,TWSE
2026-06-09,4551,智伸科,listed,139.0,144.0,137.5,144.0,4.5,3.2258,1864948,261918347,1453,TWSE
2026-06-09,4552,力達-KY,listed,21.05,21.55,20.7,21.0,0.0,0.0,131840,2777139,144,TWSE
2026-06-09,4555,氣立,listed,51.0,51.6,49.75,51.0,0.3,0.5917,357734,18154570,364,TWSE
2026-06-09,4557,永新-KY,listed,44.55,46.2,44.55,46.15,1.05,2.3282,82474,3761771,104,TWSE
2026-06-09,4560,強信-KY,listed,31.65,32.05,31.65,31.95,0.35,1.1076,212175,6760280,110,TWSE
2026-06-09,4562,穎漢,listed,38.4,40.35,38.15,38.5,0.85,2.2576,813953,31791324,707,TWSE
2026-06-09,4564,元翎,listed,15.4,15.75,15.3,15.35,-0.25,-1.6026,562493,8682858,527,TWSE
2026-06-09,4566,時碩工業,listed,63.7,64.7,62.7,63.2,-0.4,-0.6289,1113283,70605713,873,TWSE
2026-06-09,4569,六方科-KY,listed,164.0,168.5,162.0,163.0,1.5,0.9288,54385,8964923,83,TWSE
2026-06-09,4571,鈞興-KY,listed,193.5,196.5,190.5,191.0,0.0,0.0,351629,67596563,456,TWSE
2026-06-09,4572,駐龍,listed,142.5,145.5,142.5,143.0,0.0,0.0,40457,5818473,60,TWSE
2026-06-09,4576,大銀微系統,listed,213.0,217.5,208.0,214.0,4.0,1.9048,1733987,369305709,2480,TWSE
2026-06-09,4581,光隆精密-KY,listed,49.3,49.85,49.3,49.55,-0.35,-0.7014,24326,1207386,26,TWSE
2026-06-09,4582,聚恆-創,listed,25.75,26.15,25.1,25.5,0.0,0.0,137756,3501485,85,TWSE
2026-06-09,4583,台灣精銳,listed,630.0,647.0,630.0,647.0,5.0,0.7788,138305,88700590,422,TWSE
2026-06-09,4585,達明,listed,329.5,334.5,325.5,330.5,4.5,1.3804,270237,89514433,677,TWSE
2026-06-09,4588,玖鼎電力,listed,58.6,60.7,58.3,59.2,1.4,2.4221,133301,7859338,143,TWSE
2026-06-09,4590,富田-創,listed,75.0,75.6,73.7,75.0,1.7,2.3192,216110,16184283,292,TWSE
2026-06-09,4720,德淵,listed,25.0,25.45,24.4,24.7,-0.3,-1.2,4151118,103061033,2173,TWSE
2026-06-09,4722,國精化,listed,246.0,254.5,238.0,245.0,-4.5,-1.8036,3569917,876137879,3473,TWSE
2026-06-09,4736,泰博,listed,124.0,126.5,124.0,125.0,0.5,0.4016,173129,21724823,206,TWSE
2026-06-09,4737,華廣,listed,53.2,54.9,53.0,54.6,0.9,1.676,63380,3417906,69,TWSE
2026-06-09,4739,康普,listed,125.0,130.0,121.0,130.0,11.5,9.7046,17419407,2222493908,10851,TWSE
2026-06-09,4746,台耀,listed,52.5,53.7,52.2,52.3,-0.2,-0.381,684391,36190739,500,TWSE
2026-06-09,4755,三福化,listed,140.5,141.0,137.5,139.0,-1.5,-1.0676,421895,58665711,549,TWSE
2026-06-09,4763,材料*-KY,listed,42.8,45.9,42.8,45.35,3.0,7.0838,14498623,650939116,7667,TWSE
2026-06-09,4764,雙鍵,listed,271.5,281.0,266.5,271.5,1.0,0.3697,1418101,386369966,3822,TWSE
2026-06-09,4766,南寶,listed,360.0,374.0,358.0,373.5,13.5,3.75,768961,283339667,943,TWSE
2026-06-09,4770,上品,listed,224.0,225.0,215.0,218.5,-7.0,-3.1042,1824227,399135425,1997,TWSE
2026-06-09,4771,望隼,listed,191.5,194.0,190.5,192.5,1.0,0.5222,117702,22620740,296,TWSE
2026-06-09,4807,日成-KY,listed,33.85,34.3,33.05,33.95,-0.7,-2.0202,396015,13358211,380,TWSE
2026-06-09,4904,遠傳,listed,101.0,106.0,100.5,105.5,4.5,4.4554,10519653,1100575350,7172,TWSE
2026-06-09,4906,正文,listed,44.1,45.65,42.45,45.05,1.35,3.0892,19233451,852034928,11177,TWSE
2026-06-09,4912,聯德控股-KY,listed,91.9,97.8,91.9,95.7,6.2,6.9274,842821,80488156,819,TWSE
2026-06-09,4915,致伸,listed,75.1,77.5,75.0,77.0,2.2,2.9412,4814276,368107199,3120,TWSE
2026-06-09,4916,事欣科,listed,118.0,125.0,108.5,119.5,3.5,3.0172,13605010,1569155281,10467,TWSE
2026-06-09,4919,新唐,listed,163.0,175.0,163.0,174.5,14.0,8.7227,4244210,719311206,2772,TWSE
2026-06-09,4927,泰鼎-KY,listed,51.5,55.8,50.9,54.6,3.8,7.4803,13715503,735332313,8694,TWSE
2026-06-09,4930,燦星網,listed,17.35,17.55,17.35,17.35,0.0,0.0,41472,721888,148,TWSE
2026-06-09,4934,太極,listed,15.4,16.5,15.25,16.2,0.95,6.2295,1157324,18250790,629,TWSE
2026-06-09,4935,茂林-KY,listed,37.0,38.4,37.0,38.1,0.4,1.061,270953,10196349,184,TWSE
2026-06-09,4938,和碩,listed,91.2,97.5,89.3,95.1,3.0,3.2573,34210579,3234336209,22289,TWSE
2026-06-09,4942,嘉彰,listed,37.25,37.95,37.25,37.65,0.45,1.2097,83350,3140481,98,TWSE
2026-06-09,4943,康控-KY,listed,9.5,9.5,9.25,9.25,0.4,4.5198,37601,349340,42,TWSE
2026-06-09,4949,有成精密,listed,92.0,95.0,90.7,94.4,2.6,2.8322,1161168,107802416,1018,TWSE
2026-06-09,4952,凌通,listed,46.75,49.5,46.05,49.05,3.05,6.6304,474973,22799562,425,TWSE
2026-06-09,4956,光鋐,listed,40.65,40.8,39.4,40.4,0.45,1.1264,1562332,62796485,1219,TWSE
2026-06-09,4958,臻鼎-KY,listed,528.0,545.0,515.0,545.0,33.0,6.4453,11129854,5919331429,21368,TWSE
2026-06-09,4960,誠美材,listed,30.8,31.2,29.8,30.7,0.25,0.821,6247765,190199167,3540,TWSE
2026-06-09,4961,天鈺,listed,159.5,170.0,159.5,169.5,11.5,7.2785,1151279,190017645,1240,TWSE
2026-06-09,4967,十銓,listed,282.5,294.0,280.0,286.0,8.5,3.0631,8862647,2540368968,9728,TWSE
2026-06-09,4968,立積,listed,107.0,110.5,106.0,110.0,3.0,2.8037,636121,69203540,726,TWSE
2026-06-09,4976,佳凌,listed,32.35,35.55,32.3,35.55,3.2,9.8918,3338505,116148280,1762,TWSE
2026-06-09,4977,眾達-KY,listed,183.5,198.0,177.0,192.5,12.0,6.6482,3801891,713786143,4514,TWSE
2026-06-09,4989,榮科,listed,84.1,88.5,82.4,87.3,4.2,5.0542,6290377,536685749,5074,TWSE
2026-06-09,4994,傳奇,listed,85.9,88.2,85.8,87.2,0.0,0.0,35338,3069585,50,TWSE
2026-06-09,4999,鑫禾,listed,20.55,20.9,20.45,20.6,-0.15,-0.7229,184986,3818396,232,TWSE
2026-06-09,5007,三星,listed,56.0,56.2,55.5,56.2,0.2,0.3571,52718,2941450,269,TWSE
2026-06-09,5203,訊連,listed,67.5,69.8,67.5,69.0,1.1,1.62,355647,24460257,356,TWSE
2026-06-09,5215,科嘉-KY,listed,45.3,45.4,44.2,44.35,-0.85,-1.8805,582568,25935604,313,TWSE
2026-06-09,5222,全訊,listed,116.5,118.0,116.0,117.0,1.0,0.8621,450642,52502436,633,TWSE
2026-06-09,5225,東科-KY,listed,70.8,72.8,70.8,72.4,1.4,1.9718,299227,21625217,287,TWSE
2026-06-09,5234,達興材料,listed,391.0,404.0,383.0,391.5,2.5,0.6427,586526,231196897,1050,TWSE
2026-06-09,5243,乙盛-KY,listed,108.0,117.5,105.5,115.5,8.0,7.4419,3881480,432850308,3255,TWSE
2026-06-09,5244,弘凱,listed,38.1,38.5,37.95,38.1,-0.1,-0.2618,251342,9574158,194,TWSE
2026-06-09,5258,虹堡,listed,48.15,49.7,48.1,48.8,0.85,1.7727,511237,25046482,491,TWSE
2026-06-09,5269,祥碩,listed,1415.0,1465.0,1390.0,1440.0,40.0,2.8571,1193487,1694980520,4100,TWSE
2026-06-09,5283,禾聯碩,listed,51.7,52.2,51.6,52.1,0.4,0.7737,104783,5429120,133,TWSE
2026-06-09,5284,jpp-KY,listed,400.5,402.5,392.5,399.5,5.5,1.3959,606035,241679464,854,TWSE
2026-06-09,5285,界霖,listed,88.2,90.6,85.3,87.3,-0.3,-0.3425,3537693,310764591,2719,TWSE
2026-06-09,5288,豐祥-KY,listed,172.0,179.0,172.0,176.0,4.5,2.6239,540621,95408573,530,TWSE
2026-06-09,5292,華懋,listed,204.5,212.5,202.5,207.0,-2.5,-1.1933,305971,63279498,676,TWSE
2026-06-09,5306,桂盟,listed,83.1,84.9,83.0,84.4,0.9,1.0778,147624,12424353,185,TWSE
2026-06-09,5388,中磊,listed,85.0,85.3,83.6,84.9,0.6,0.7117,3358943,284348965,2476,TWSE
2026-06-09,5434,崇越,listed,442.0,456.0,440.5,456.0,18.5,4.2286,767260,344610428,1126,TWSE
2026-06-09,5469,瀚宇博,listed,80.5,83.6,80.4,83.2,3.1,3.8702,1778120,145888167,1593,TWSE
2026-06-09,5471,松翰,listed,47.55,50.8,47.55,49.7,1.7,3.5417,1694182,83462103,1337,TWSE
2026-06-09,5484,慧友,listed,54.2,57.5,53.7,54.7,1.7,3.2075,1428392,78741367,1235,TWSE
2026-06-09,5515,建國,listed,40.55,41.5,40.55,41.5,0.8,1.9656,527790,21656916,404,TWSE
2026-06-09,5519,隆大,listed,32.15,32.8,32.15,32.45,0.3,0.9331,449015,14596583,331,TWSE
2026-06-09,5521,工信,listed,10.2,10.35,10.1,10.25,0.05,0.4902,2887165,29489716,1095,TWSE
2026-06-09,5522,遠雄,listed,73.2,77.5,73.2,76.0,1.8,2.4259,1668782,127661467,1480,TWSE
2026-06-09,5525,順天,listed,21.35,21.65,21.3,21.55,-0.4,-1.8223,237991,5101073,206,TWSE
2026-06-09,5531,鄉林,listed,7.83,8.03,7.82,8.03,0.2,2.5543,506975,4017317,251,TWSE
2026-06-09,5533,皇鼎,listed,13.75,13.8,13.65,13.75,0.0,0.0,298402,4087684,334,TWSE
2026-06-09,5534,長虹,listed,76.8,78.5,76.8,77.7,0.9,1.1719,1453036,112972528,1141,TWSE
2026-06-09,5538,東明-KY,listed,33.45,33.8,31.75,31.9,-2.2,-6.4516,491222,16005111,331,TWSE
2026-06-09,5546,永固-KY,listed,15.5,16.65,15.5,16.65,1.25,8.1169,59116,948172,76,TWSE
2026-06-09,5607,遠雄港,listed,52.2,53.3,52.2,52.6,0.2,0.3817,706017,37308038,614,TWSE
2026-06-09,5608,四維航,listed,14.65,15.2,14.65,15.05,0.4,2.7304,1522340,22812677,844,TWSE
2026-06-09,5706,鳳凰,listed,52.5,53.5,52.5,52.6,0.2,0.3817,236460,12476044,262,TWSE
2026-06-09,5871,中租-KY,listed,115.5,121.0,114.5,119.5,4.0,3.4632,17570218,2089257624,9345,TWSE
2026-06-09,5871A,中租-KY甲特,listed,102.5,103.0,102.5,103.0,0.0,0.0,15380,1577449,11,TWSE
2026-06-09,5876,上海商銀,listed,40.4,42.8,40.4,42.65,2.5,6.2267,30966465,1303613776,11151,TWSE
2026-06-09,5880,合庫金,listed,23.05,24.0,23.05,23.85,0.8,3.4707,46115818,1096644596,12419,TWSE
2026-06-09,5906,台南-KY,listed,46.5,46.5,46.5,46.5,0.0,0.0,6407,296926,7,TWSE
2026-06-09,5907,大洋-KY,listed,5.18,5.24,5.1,5.13,-0.01,-0.1946,200862,1030430,96,TWSE
2026-06-09,6005,群益證,listed,40.35,41.25,38.0,40.65,0.1,0.2466,36901596,1472575945,16667,TWSE
2026-06-09,6024,群益期,listed,60.6,61.8,60.3,61.5,0.9,1.4851,947859,57936117,832,TWSE
2026-06-09,6108,競國,listed,19.0,19.1,18.65,18.85,-0.05,-0.2646,867853,16341687,596,TWSE
2026-06-09,6112,邁達特,listed,51.3,52.3,49.0,49.0,-2.2,-4.2969,7175471,363151971,5187,TWSE
2026-06-09,6115,鎰勝,listed,48.75,49.2,48.6,48.9,0.2,0.4107,419198,20474940,339,TWSE
2026-06-09,6116,彩晶,listed,16.1,16.1,15.2,15.6,-1.05,-6.3063,69654183,1090617450,24791,TWSE
2026-06-09,6117,迎廣,listed,80.0,80.5,79.0,79.5,-0.2,-0.2509,620658,49391505,650,TWSE
2026-06-09,6120,達運,listed,14.2,14.25,13.45,13.85,-0.5,-3.4843,6579744,90743606,2656,TWSE
2026-06-09,6128,上福,listed,20.65,20.85,20.6,20.65,-0.05,-0.2415,185582,3839247,82,TWSE
2026-06-09,6133,金橋,listed,23.15,23.8,23.05,23.45,0.45,1.9565,1142495,26685743,563,TWSE
2026-06-09,6136,富爾特,listed,25.35,25.7,25.25,25.45,0.1,0.3945,212084,5396116,153,TWSE
2026-06-09,6139,亞翔,listed,734.0,750.0,711.0,749.0,21.0,2.8846,5223929,3804573169,8748,TWSE
2026-06-09,6141,柏承,listed,35.5,36.1,34.1,35.1,-0.4,-1.1268,1280398,45033071,2100,TWSE
2026-06-09,6142,友勁,listed,8.4,8.44,8.25,8.31,-0.09,-1.0714,446485,3711284,293,TWSE
2026-06-09,6152,百一,listed,15.45,15.45,15.0,15.2,0.0,0.0,1418955,21516532,632,TWSE
2026-06-09,6153,嘉聯益,listed,21.0,21.2,19.85,20.5,0.15,0.7371,32136661,661621545,14278,TWSE
2026-06-09,6155,鈞寶,listed,78.0,85.0,76.8,80.7,3.4,4.3984,40930368,3315480288,27006,TWSE
2026-06-09,6164,華興,listed,12.6,12.95,12.5,12.8,0.3,2.4,541333,6889490,304,TWSE
2026-06-09,6165,浪凡,listed,49.2,51.4,48.9,50.2,1.85,3.8263,1681077,84946929,1053,TWSE
2026-06-09,6166,凌華,listed,128.0,137.5,128.0,137.5,12.5,10.0,2957066,401225630,2999,TWSE
2026-06-09,6168,宏齊,listed,24.5,25.15,24.05,25.05,0.75,3.0864,1954003,48190813,1241,TWSE
2026-06-09,6176,瑞儀,listed,94.2,95.0,89.6,91.8,-2.3,-2.4442,17034573,1558128969,13442,TWSE
2026-06-09,6177,達麗,listed,44.4,45.65,44.4,44.95,0.3,0.6719,826467,37274987,641,TWSE
2026-06-09,6183,關貿,listed,88.1,89.2,88.1,88.8,-0.3,-0.3367,84884,7531813,238,TWSE
2026-06-09,6184,大豐電,listed,46.05,46.45,46.05,46.25,0.05,0.1082,74561,3447001,104,TWSE
2026-06-09,6189,豐藝,listed,54.4,55.9,53.6,55.9,2.7,5.0752,6487868,357236838,4868,TWSE
2026-06-09,6191,精成科,listed,95.0,98.6,95.0,98.0,3.3,3.4847,5092621,493877362,4510,TWSE
2026-06-09,6192,巨路,listed,125.5,130.0,125.5,128.5,2.0,1.581,248379,31849680,265,TWSE
2026-06-09,6196,帆宣,listed,498.0,520.0,497.0,520.0,32.5,6.6667,1845076,941431260,3596,TWSE
2026-06-09,6197,佳必琪,listed,333.5,343.5,320.5,343.0,16.0,4.893,9634091,3200358225,11513,TWSE
2026-06-09,6201,亞弘電,listed,46.6,48.55,46.6,47.05,-0.65,-1.3627,102188,4825995,190,TWSE
2026-06-09,6202,盛群,listed,51.8,53.2,51.1,52.9,1.2,2.3211,1579328,82767251,1271,TWSE
2026-06-09,6205,詮欣,listed,84.0,85.5,81.2,81.7,-0.4,-0.4872,2051748,169542447,1788,TWSE
2026-06-09,6206,飛捷,listed,137.5,142.0,137.0,138.5,4.0,2.974,1457435,202857557,1351,TWSE
2026-06-09,6209,今國光,listed,80.5,88.0,80.5,88.0,8.0,10.0,22080043,1905614984,12983,TWSE
2026-06-09,6213,聯茂,listed,249.0,259.0,242.0,257.0,13.5,5.5441,9522888,2403080192,8977,TWSE
2026-06-09,6214,精誠,listed,142.0,143.5,139.5,143.0,2.5,1.7794,1932792,273256906,2570,TWSE
2026-06-09,6215,和椿,listed,113.0,119.0,112.0,117.0,5.0,4.4643,1961629,228651744,1797,TWSE
2026-06-09,6216,居易,listed,22.85,23.1,22.8,22.85,0.0,0.0,170021,3893014,156,TWSE
2026-06-09,6224,聚鼎,listed,77.7,84.3,76.2,84.3,7.6,9.9087,2123722,173157135,1859,TWSE
2026-06-09,6225,天瀚,listed,25.55,25.55,23.3,23.9,0.25,1.0571,5071,122264,9,TWSE
2026-06-09,6226,光鼎,listed,12.95,13.25,12.55,13.1,0.3,2.3438,1220744,15830089,626,TWSE
2026-06-09,6230,尼得科超眾,listed,129.5,137.0,129.5,137.0,3.0,2.2388,80638,10863008,134,TWSE
2026-06-09,6235,華孚,listed,41.3,42.15,41.2,41.95,0.65,1.5738,814906,33934784,595,TWSE
2026-06-09,6239,力成,listed,315.0,327.5,305.0,321.0,12.0,3.8835,11574547,3689853841,13877,TWSE
2026-06-09,6243,迅杰,listed,30.5,30.75,30.2,30.55,0.15,0.4934,175916,5363177,211,TWSE
2026-06-09,6257,矽格,listed,203.5,210.5,200.0,208.5,7.5,3.7313,8090744,1671431879,7879,TWSE
2026-06-09,6269,台郡,listed,64.9,70.3,63.1,69.4,4.9,7.5969,8655752,579282443,6275,TWSE
2026-06-09,6271,同欣電,listed,230.0,240.0,223.0,240.0,21.5,9.8398,2121395,493327618,2848,TWSE
2026-06-09,6272,驊陞,listed,38.45,38.45,37.0,37.25,-0.65,-1.715,440979,16490187,341,TWSE
2026-06-09,6277,宏正,listed,74.3,76.1,74.2,75.1,-0.4,-0.5298,304762,22827291,392,TWSE
2026-06-09,6278,台表科,listed,199.0,202.0,188.0,198.5,1.0,0.5063,13603161,2663730803,12512,TWSE
2026-06-09,6281,全國電,listed,51.0,51.8,51.0,51.5,0.5,0.9804,99142,5090159,177,TWSE
2026-06-09,6282,康舒,listed,59.9,64.4,57.6,63.2,4.4,7.483,69917998,4263139713,44547,TWSE
2026-06-09,6283,淳安,listed,24.3,25.15,24.3,24.65,0.35,1.4403,153145,3766391,118,TWSE
2026-06-09,6285,啟碁,listed,288.5,290.0,280.5,286.5,13.0,4.7532,15941443,4533990456,17481,TWSE
2026-06-09,6405,悅城,listed,74.9,74.9,70.2,72.1,0.1,0.1389,283777,20495942,288,TWSE
2026-06-09,6409,旭隼,listed,904.0,943.0,887.0,915.0,15.0,1.6667,2233589,2036697138,6187,TWSE
2026-06-09,6412,群電,listed,90.3,90.5,87.5,88.9,0.0,0.0,8007699,707441784,6834,TWSE
2026-06-09,6414,樺漢,listed,375.0,404.5,374.0,401.0,29.0,7.7957,3448417,1363697298,4531,TWSE
2026-06-09,6415,矽力*-KY,listed,509.0,537.0,501.0,528.0,4.0,0.7634,6923697,3615198613,8523,TWSE
2026-06-09,6416,瑞祺電通,listed,83.1,85.5,82.7,84.8,2.4,2.9126,252742,21360916,264,TWSE
2026-06-09,6426,統新,listed,219.5,231.5,210.5,231.0,16.0,7.4419,1381295,306854471,1425,TWSE
2026-06-09,6431,光麗-KY,listed,17.9,17.9,16.9,17.6,-0.45,-2.4931,251057,4362119,162,TWSE
2026-06-09,6438,迅得,listed,149.5,152.0,149.5,150.0,1.5,1.0101,486231,73214253,765,TWSE
2026-06-09,6442,光聖,listed,2030.0,2115.0,2000.0,2100.0,130.0,6.599,1110799,2290797830,5090,TWSE
2026-06-09,6443,元晶,listed,36.45,39.75,35.8,39.7,3.55,9.8202,14549154,550396213,8704,TWSE
2026-06-09,6446,藥華藥,listed,931.0,994.0,931.0,990.0,64.0,6.9114,4766832,4670604857,7635,TWSE
2026-06-09,6449,鈺邦,listed,345.0,370.5,339.5,370.5,33.5,9.9407,257898,94364303,482,TWSE
2026-06-09,6451,訊芯-KY,listed,608.0,635.0,588.0,616.0,16.0,2.6667,6576067,4031085246,8418,TWSE
2026-06-09,6456,GIS-KY,listed,79.3,79.5,74.4,75.8,-3.1,-3.929,13496449,1030826385,9824,TWSE
2026-06-09,6464,台數科,listed,77.2,78.0,77.2,78.0,-0.1,-0.128,761100,59350219,36,TWSE
2026-06-09,6472,保瑞,listed,391.0,404.5,384.0,390.0,-1.0,-0.2558,2666248,1048468719,4813,TWSE
2026-06-09,6477,安集,listed,31.85,33.0,31.25,32.75,1.05,3.3123,1013200,32466617,717,TWSE
2026-06-09,6491,晶碩,listed,318.5,329.0,318.5,329.0,9.0,2.8125,323759,105107654,546,TWSE
2026-06-09,6504,南六,listed,35.9,36.35,35.5,35.9,0.05,0.1395,96065,3436210,85,TWSE
2026-06-09,6505,台塑化,listed,52.1,52.8,51.7,52.4,-0.2,-0.3802,9226963,481710781,6350,TWSE
2026-06-09,6515,穎崴,listed,8620.0,8640.0,8255.0,8610.0,230.0,2.7446,384273,3252509185,4015,TWSE
2026-06-09,6525,捷敏-KY,listed,120.0,121.0,116.0,119.0,0.0,0.0,1154872,137106861,4795,TWSE
2026-06-09,6526,達發,listed,632.0,656.0,625.0,649.0,22.0,3.5088,576207,369415482,1615,TWSE
2026-06-09,6531,愛普*,listed,921.0,966.0,890.0,963.0,54.0,5.9406,5978058,5577616216,8676,TWSE
2026-06-09,6533,晶心科,listed,204.0,210.0,202.0,209.5,7.0,3.4568,426338,88003037,705,TWSE
2026-06-09,6534,正瀚-創,listed,88.7,90.1,88.7,89.1,0.4,0.451,68636,6128952,59,TWSE
2026-06-09,6541,泰福-KY,listed,41.5,42.95,41.05,41.25,-0.5,-1.1976,437469,18252761,495,TWSE
2026-06-09,6550,北極星藥業-KY,listed,13.15,13.35,12.9,13.15,0.0,0.0,1331633,17481760,737,TWSE
2026-06-09,6552,易華電,listed,29.65,30.4,29.35,30.05,0.4,1.3491,386228,11563856,246,TWSE
2026-06-09,6558,興能高,listed,33.1,33.35,32.2,32.9,0.45,1.3867,873135,28557752,605,TWSE
2026-06-09,6573,虹揚-KY,listed,15.15,15.95,15.1,15.25,0.2,1.3289,344386,5322712,242,TWSE
2026-06-09,6579,研揚,listed,157.0,164.0,157.0,164.0,14.5,9.699,1125051,182967789,1404,TWSE
2026-06-09,6581,鋼聯,listed,107.0,108.0,106.5,107.0,-1.0,-0.9259,34113,3653981,56,TWSE
2026-06-09,6582,申豐,listed,30.85,31.4,30.85,31.1,0.05,0.161,60210,1873008,168,TWSE
2026-06-09,6585,鼎基,listed,123.0,131.5,120.0,127.0,4.0,3.252,3412339,433216718,2879,TWSE
2026-06-09,6589,台康生技,listed,42.85,45.0,42.85,45.0,1.55,3.5673,768688,33908074,547,TWSE
2026-06-09,6591,動力-KY,listed,57.4,58.4,56.6,58.2,2.0,3.5587,271159,15652964,286,TWSE
2026-06-09,6592,和潤企業,listed,62.6,65.7,62.6,65.7,2.0,3.1397,944901,61319978,920,TWSE
2026-06-09,6592A,和潤企業甲特,listed,,,,,0.0,,405,39613,17,TWSE
2026-06-09,6592B,和潤企業乙特,listed,97.2,97.6,97.2,97.6,0.0,0.0,5243,510409,23,TWSE
2026-06-09,6598,ABC-KY,listed,24.5,25.25,24.5,25.0,0.5,2.0408,187661,4662247,120,TWSE
2026-06-09,6605,帝寶,listed,143.5,147.5,142.5,147.5,2.5,1.7241,1035902,151036075,974,TWSE
2026-06-09,6606,建德工業,listed,26.6,26.6,25.75,25.9,-0.55,-2.0794,354402,9224766,212,TWSE
2026-06-09,6614,資拓宏宇,listed,40.25,40.85,39.8,39.9,-0.1,-0.25,79803,3201044,83,TWSE
2026-06-09,6625,必應,listed,73.7,75.3,73.7,74.7,0.8,1.0825,143575,10732045,163,TWSE
2026-06-09,6641,基士德-KY,listed,18.25,18.75,18.2,18.2,0.0,0.0,51467,944659,48,TWSE
2026-06-09,6645,金萬林-創,listed,13.2,14.2,12.8,13.35,-0.85,-5.9859,285779,3782618,162,TWSE
2026-06-09,6655,科定,listed,120.0,123.5,119.0,121.5,1.0,0.8299,29021,3495538,35,TWSE
2026-06-09,6657,華安,listed,37.0,37.45,36.4,36.5,-0.75,-2.0134,320822,11734635,323,TWSE
2026-06-09,6658,聯策,listed,195.0,195.0,182.5,188.5,0.0,0.0,879706,166703999,920,TWSE
2026-06-09,6666,羅麗芬-KY,listed,41.0,41.95,40.55,40.9,-0.7,-1.6827,51246,2103540,63,TWSE
2026-06-09,6668,中揚光,listed,36.3,39.4,36.15,38.35,2.3,6.38,1131726,43653026,1081,TWSE
2026-06-09,6669,緯穎,listed,5310.0,5380.0,5210.0,5300.0,25.0,0.4739,1369099,7268194645,9199,TWSE
2026-06-09,6670,復盛應用,listed,271.5,281.5,271.5,280.0,10.0,3.7037,601217,168263046,673,TWSE
2026-06-09,6671,三能-KY,listed,26.95,26.95,26.45,26.45,-0.15,-0.5639,44503,1183630,37,TWSE
2026-06-09,6672,騰輝電子-KY,listed,219.0,231.0,216.5,230.0,13.0,5.9908,6116000,1372347307,7732,TWSE
2026-06-09,6674,鋐寶科技,listed,17.3,17.7,17.0,17.55,0.35,2.0349,25000,434700,23,TWSE
2026-06-09,6689,伊雲谷,listed,70.5,73.6,70.5,70.5,-0.7,-0.9831,230492,16427869,291,TWSE
2026-06-09,6691,洋基工程,listed,621.0,637.0,618.0,637.0,20.0,3.2415,434287,271982338,844,TWSE
2026-06-09,6695,芯鼎,listed,50.3,52.2,49.8,52.1,2.6,5.2525,607775,31062680,652,TWSE
2026-06-09,6698,旭暉應材,listed,40.7,41.3,39.6,40.3,-0.9,-2.1845,1316415,53258563,1229,TWSE
2026-06-09,6706,惠特,listed,174.5,177.0,171.0,176.5,3.5,2.0231,3163856,553058347,3067,TWSE
2026-06-09,6715,嘉基,listed,412.0,456.0,410.0,422.0,1.0,0.2375,425742,182625403,602,TWSE
2026-06-09,6719,力智,listed,222.5,225.5,219.5,223.5,4.0,1.8223,1060829,235887104,1138,TWSE
2026-06-09,6722,輝創,listed,38.35,39.0,38.35,38.7,-0.2,-0.5141,74372,2877116,58,TWSE
2026-06-09,6742,澤米,listed,55.2,59.9,51.0,59.9,5.4,9.9083,2879520,163604862,2678,TWSE
2026-06-09,6743,安普新,listed,29.6,30.5,29.6,30.2,0.6,2.027,311228,9397575,228,TWSE
2026-06-09,6753,龍德造船,listed,120.0,125.5,120.0,122.0,2.0,1.6667,851281,104772431,756,TWSE
2026-06-09,6754,匯僑設計,listed,44.65,45.35,44.65,44.85,-0.15,-0.3333,37957,1709017,46,TWSE
2026-06-09,6756,威鋒電子,listed,91.9,95.3,91.4,94.1,2.7,2.954,233500,21847981,337,TWSE
2026-06-09,6757,台灣虎航,listed,52.4,53.0,51.8,52.7,0.5,0.9579,5309531,277017407,3197,TWSE
2026-06-09,6768,志強-KY,listed,95.0,97.2,93.5,95.8,0.8,0.8421,904592,86362877,882,TWSE
2026-06-09,6770,力積電,listed,70.4,71.5,69.9,71.5,4.0,5.9259,57680845,4080403422,34074,TWSE
2026-06-09,6771,平和環保-創,listed,41.4,42.25,41.4,41.9,0.1,0.2392,10190,427040,12,TWSE
2026-06-09,6776,展碁國際,listed,60.8,62.0,60.3,61.3,1.2,1.9967,578349,35349293,475,TWSE
2026-06-09,6781,AES-KY,listed,1085.0,1165.0,1060.0,1145.0,85.0,8.0189,1389271,1538949950,3791,TWSE
2026-06-09,6782,視陽,listed,196.5,196.5,193.5,196.0,-4.5,-2.2444,545358,106370445,671,TWSE
2026-06-09,6789,采鈺,listed,495.0,502.0,482.5,496.0,8.5,1.7436,2163733,1067493934,4561,TWSE
2026-06-09,6790,永豐實,listed,39.2,39.75,39.2,39.3,0.05,0.1274,184129,7277261,173,TWSE
2026-06-09,6792,詠業,listed,67.5,69.2,67.5,68.8,0.9,1.3255,82766,5642611,108,TWSE
2026-06-09,6794,向榮生技,listed,80.7,83.2,80.7,80.8,-1.1,-1.3431,45461,3694451,41,TWSE
2026-06-09,6796,晉弘,listed,59.6,60.8,59.3,59.6,0.0,0.0,81713,4899866,73,TWSE
2026-06-09,6799,來頡,listed,89.4,90.9,87.6,89.9,-0.2,-0.222,548087,49075536,576,TWSE
2026-06-09,6805,富世達,listed,1900.0,1950.0,1850.0,1950.0,55.0,2.9024,1733687,3298270840,4758,TWSE
2026-06-09,6806,森崴能源,listed,5.39,5.75,5.39,5.52,0.22,4.1509,1458592,8183833,1195,TWSE
2026-06-09,6807,峰源-KY,listed,33.35,34.1,33.3,33.3,-0.2,-0.597,18110,606984,21,TWSE
2026-06-09,6830,汎銓,listed,546.0,586.0,537.0,549.0,-13.0,-2.3132,3098339,1721168138,6595,TWSE
2026-06-09,6831,邁科,listed,736.0,786.0,722.0,776.0,61.0,8.5315,1837200,1412203033,3277,TWSE
2026-06-09,6834,天二科技,listed,67.0,75.0,67.0,75.0,6.8,9.9707,805269,57694746,627,TWSE
2026-06-09,6835,圓裕,listed,38.0,38.3,37.05,37.2,-0.25,-0.6676,129008,4830251,113,TWSE
2026-06-09,6838,台新藥,listed,25.2,25.3,24.7,25.0,-0.2,-0.7937,247984,6181310,170,TWSE
2026-06-09,6854,錼創科技-KY創,listed,134.5,138.5,134.5,136.5,2.5,1.8657,371288,50719504,426,TWSE
2026-06-09,6861,睿生光電,listed,344.0,375.0,341.5,352.0,10.5,3.0747,774201,274859131,1154,TWSE
2026-06-09,6862,三集瑞-KY,listed,201.0,210.5,194.0,203.5,12.0,6.2663,3042329,620202836,3106,TWSE
2026-06-09,6863,永道-KY,listed,99.2,105.0,99.2,103.5,4.5,4.5455,234671,23965355,223,TWSE
2026-06-09,6869,雲豹能源,listed,80.9,82.0,80.0,81.6,0.7,0.8653,447094,36214748,643,TWSE
2026-06-09,6873,泓德能源,listed,87.0,87.8,86.0,86.5,-0.5,-0.5747,502966,43652390,577,TWSE
2026-06-09,6885,全福生技,listed,27.45,27.45,25.55,26.1,0.7,2.7559,1970179,51777545,1055,TWSE
2026-06-09,6887,寶綠特-KY,listed,33.4,34.5,32.5,34.4,0.0,0.0,48402,1628628,36,TWSE
2026-06-09,6890,來億-KY,listed,248.0,274.0,243.0,274.0,24.5,9.8196,2762813,732412589,2892,TWSE
2026-06-09,6901,鑽石投資,listed,15.85,17.25,15.55,16.0,0.3,1.9108,14410314,239501377,6594,TWSE
2026-06-09,6902,GOGOLOOK,listed,137.0,147.5,137.0,147.5,9.5,6.8841,179506,25818813,214,TWSE
2026-06-09,6906,現觀科,listed,94.0,99.8,94.0,99.5,5.6,5.9638,129091,12597318,171,TWSE
2026-06-09,6908,宏碁遊戲-創,listed,38.05,40.0,38.05,39.4,0.9,2.3377,7214,282971,9,TWSE
2026-06-09,6909,創控,listed,46.75,47.15,46.05,46.85,0.85,1.8478,347436,16185365,331,TWSE
2026-06-09,6914,阜爾運通,listed,140.5,142.0,140.5,141.0,1.0,0.7143,51815,7323977,105,TWSE
2026-06-09,6916,華凌,listed,19.6,20.6,19.55,20.6,1.85,9.8667,442782,9021408,263,TWSE
2026-06-09,6918,愛派司,listed,73.4,74.8,73.4,74.1,1.1,1.5068,33289,2473309,37,TWSE
2026-06-09,6919,康霈*,listed,91.5,94.2,90.7,91.3,-0.2,-0.2186,3040537,279990297,3076,TWSE
2026-06-09,6921,嘉雨思-創,listed,71.7,72.3,71.2,72.3,-0.4,-0.5502,17504,1254887,24,TWSE
2026-06-09,6923,中台,listed,77.1,79.8,77.0,78.1,0.9,1.1658,103404,8109660,263,TWSE
2026-06-09,6924,榮惠-KY創,listed,147.0,157.0,140.5,146.5,0.5,0.3425,117849,17073310,119,TWSE
2026-06-09,6928,攸泰科技,listed,43.45,44.9,43.45,44.5,0.4,0.907,76007,3373562,69,TWSE
2026-06-09,6931,青松健康,listed,40.65,41.85,40.5,41.15,0.5,1.23,107817,4438074,107,TWSE
2026-06-09,6933,AMAX-KY,listed,157.5,159.0,155.0,158.0,3.0,1.9355,145156,22852797,226,TWSE
2026-06-09,6934,心誠鎂,listed,72.5,72.5,69.6,70.2,-3.6,-4.878,135998,9549396,207,TWSE
2026-06-09,6936,永鴻生技,listed,32.8,33.45,32.8,33.25,0.0,0.0,59849,1978205,65,TWSE
2026-06-09,6937,天虹,listed,272.0,293.0,268.0,284.0,16.0,5.9701,950205,264672893,1400,TWSE
2026-06-09,6944,兆聯實業,listed,912.0,934.0,906.0,927.0,16.0,1.7563,601478,552337724,1228,TWSE
2026-06-09,6949,沛爾生醫-創,listed,677.0,709.0,677.0,704.0,27.0,3.9882,211881,148335915,265,TWSE
2026-06-09,6951,青新-創,listed,81.4,85.1,81.4,83.2,1.8,2.2113,106943,8903292,128,TWSE
2026-06-09,6952,大武山,listed,35.9,36.3,35.6,35.75,-0.3,-0.8322,44035,1580113,47,TWSE
2026-06-09,6955,邦睿生技-創,listed,142.0,142.0,142.0,142.0,-1.5,-1.0453,4082,579766,8,TWSE
2026-06-09,6957,裕慶-KY,listed,192.0,196.0,191.0,192.0,0.5,0.2611,229970,44426557,200,TWSE
2026-06-09,6958,日盛台駿,listed,16.25,16.35,16.15,16.35,-0.05,-0.3049,114322,1856378,117,TWSE
2026-06-09,6958A,日盛台駿甲特,listed,18.1,18.1,18.1,18.1,0.05,0.277,5160,93540,7,TWSE
2026-06-09,6962,奕力-KY,listed,33.85,34.95,33.7,34.75,1.15,3.4226,2099105,71876022,1467,TWSE
2026-06-09,6965,中傑-KY,listed,80.2,82.0,80.2,81.0,-0.7,-0.8568,80154,6504264,77,TWSE
2026-06-09,6969,成信實業*-創,listed,27.05,27.6,27.05,27.25,0.2,0.7394,102004,2782209,55,TWSE
2026-06-09,6988,威力暘-創,listed,14.55,14.7,14.55,14.6,0.0,0.0,22052,322625,15,TWSE
2026-06-09,6994,富威電力,listed,61.4,62.6,59.9,60.6,-0.3,-0.4926,290264,17585262,294,TWSE
2026-06-09,7610,聯友金屬-創,listed,1895.0,1915.0,1875.0,1915.0,135.0,7.5843,216824,411755460,1102,TWSE
2026-06-09,7631,聚賢研發-創,listed,123.5,125.5,123.0,123.5,0.0,0.0,12489,1549621,22,TWSE
2026-06-09,7705,三商餐飲,listed,31.75,31.9,31.4,31.55,-0.2,-0.6299,47535,1500189,94,TWSE
2026-06-09,7711,永擎,listed,375.0,375.0,368.0,372.5,1.5,0.4043,408033,151551286,834,TWSE
2026-06-09,7721,微程式,listed,78.3,81.8,75.3,81.2,4.5,5.867,843742,66982426,797,TWSE
2026-06-09,7722,LINEPAY,listed,305.0,320.5,296.5,320.5,29.0,9.9485,288959,91459305,515,TWSE
2026-06-09,7730,暉盛-創,listed,173.5,188.5,173.5,187.0,7.5,4.1783,70017,12854218,82,TWSE
2026-06-09,7732,金興精密,listed,35.1,36.3,35.1,35.95,0.35,0.9831,35500,1271097,37,TWSE
2026-06-09,7736,虎山,listed,71.3,73.1,71.3,72.7,1.8,2.5388,62017,4476350,40,TWSE
2026-06-09,7740,熙特爾-創,listed,169.0,173.5,168.0,170.0,-0.5,-0.2933,154402,26270479,180,TWSE
2026-06-09,7749,意騰-KY,listed,447.5,487.5,447.0,487.5,44.0,9.9211,453520,215887674,854,TWSE
2026-06-09,7750,新代,listed,2195.0,2285.0,2165.0,2215.0,30.0,1.373,285384,632158820,1639,TWSE
2026-06-09,7760,享溫馨,listed,31.45,32.0,31.25,31.95,0.85,2.7331,37547,1189332,41,TWSE
2026-06-09,7765,中華資安,listed,250.0,253.0,245.0,248.5,-4.5,-1.7787,189403,47078687,354,TWSE
2026-06-09,7768,頌勝科技,listed,401.5,410.0,395.5,401.0,2.0,0.5013,206491,83590575,419,TWSE
2026-06-09,7769,鴻勁,listed,6920.0,7025.0,6770.0,6945.0,-90.0,-1.2793,941324,6481489465,13653,TWSE
2026-06-09,7780,大研生醫*,listed,18.45,18.45,18.1,18.4,0.4,2.2222,2182919,39876138,1013,TWSE
2026-06-09,7786,東方風能,listed,119.5,122.5,119.0,120.5,0.5,0.4167,215170,25939854,236,TWSE
2026-06-09,7788,松川精密,listed,250.0,251.5,229.0,235.0,-11.0,-4.4715,6201409,1471373091,6681,TWSE
2026-06-09,7791,皇家可口,listed,64.2,64.8,63.5,63.6,0.0,0.0,180600,11546520,205,TWSE
2026-06-09,7795,長廣,listed,365.0,390.0,365.0,390.0,25.0,6.8493,255160,96169591,416,TWSE
2026-06-09,7799,禾榮科,listed,376.5,388.0,362.5,364.0,-13.5,-3.5762,925773,345485756,2142,TWSE
2026-06-09,7803,雲象科技-創,listed,22.8,23.9,22.8,23.35,0.55,2.4123,163141,3811066,99,TWSE
2026-06-09,7818,溢泰實業,listed,63.6,63.9,63.1,63.6,0.4,0.6329,195729,12423139,175,TWSE
2026-06-09,7821,神數,listed,43.6,45.0,43.6,44.6,1.0,2.2936,131577,5854817,123,TWSE
2026-06-09,7822,倍利科,listed,1025.0,1100.0,1000.0,1085.0,50.0,4.8309,366215,380443340,2226,TWSE
2026-06-09,7823,奧義賽博-KY創,listed,86.1,89.0,86.0,86.0,-4.0,-4.4444,42159,3682654,44,TWSE
2026-06-09,7827,漢康-KY創,listed,155.0,158.5,148.5,158.0,1.5,0.9585,1314647,202713995,749,TWSE
2026-06-09,8011,台通,listed,18.25,18.8,18.05,18.25,0.2,1.108,1360845,25035355,575,TWSE
2026-06-09,8016,矽創,listed,289.0,303.0,289.0,295.5,10.5,3.6842,1294427,384974785,1716,TWSE
2026-06-09,8021,尖點,listed,500.0,506.0,470.0,506.0,46.0,10.0,9684100,4799427710,13692,TWSE
2026-06-09,8028,昇陽半導體,listed,312.0,323.0,302.0,309.0,5.0,1.6447,6336689,1972953787,7043,TWSE
2026-06-09,8033,雷虎,listed,129.0,136.0,129.0,132.5,3.5,2.7132,2907196,387381918,2859,TWSE
2026-06-09,8039,台虹,listed,131.0,134.0,127.5,133.5,3.0,2.2989,7528694,986932076,6069,TWSE
2026-06-09,8045,達運光電,listed,60.7,65.2,60.4,65.1,4.4,7.2488,289326,18260338,270,TWSE
2026-06-09,8046,南電,listed,852.0,914.0,842.0,914.0,83.0,9.988,18885820,16683110014,31716,TWSE
2026-06-09,8070,長華*,listed,60.5,62.4,59.3,59.4,0.1,0.1686,18617114,1123027021,11085,TWSE
2026-06-09,8072,陞泰,listed,29.0,29.55,28.8,29.3,0.35,1.209,257150,7503388,270,TWSE
2026-06-09,8081,致新,listed,263.0,268.5,261.0,267.5,7.0,2.6871,656206,173934422,958,TWSE
2026-06-09,8101,華冠,listed,15.85,15.85,15.85,15.85,0.55,3.5948,1334,20553,10,TWSE
2026-06-09,8103,瀚荃,listed,100.0,100.5,97.5,100.0,0.9,0.9082,1018431,101085957,1082,TWSE
2026-06-09,8104,錸寶,listed,40.25,41.6,38.8,41.25,1.0,2.4845,3452331,140068475,2451,TWSE
2026-06-09,8105,凌巨,listed,19.9,21.65,19.25,21.65,1.95,9.8985,37275530,779142557,13831,TWSE
2026-06-09,8110,華東,listed,52.4,55.0,51.6,54.8,3.2,6.2016,10284923,548823733,6499,TWSE
2026-06-09,8112,至上,listed,86.0,91.9,85.2,91.2,6.5,7.6741,26610267,2382197939,17744,TWSE
2026-06-09,8112A,至上甲特,listed,46.35,46.45,46.35,46.45,0.1,0.2157,19840,920574,20,TWSE
2026-06-09,8114,振樺電,listed,199.5,214.5,199.0,209.0,2.5,1.2107,2371672,492178239,1875,TWSE
2026-06-09,8131,福懋科,listed,64.7,70.1,63.9,70.1,6.3,9.8746,5205807,353925079,4202,TWSE
2026-06-09,8150,南茂,listed,87.5,95.9,84.5,95.9,8.7,9.9771,59758112,5494572857,28209,TWSE
2026-06-09,8162,微矽電子-創,listed,66.8,72.0,66.4,69.0,2.5,3.7594,460757,31764573,386,TWSE
2026-06-09,8163,達方,listed,39.5,42.9,39.15,42.9,3.9,10.0,7325173,306623268,4883,TWSE
2026-06-09,8201,無敵,listed,13.15,13.4,13.15,13.3,0.0,0.0,84568,1120751,67,TWSE
2026-06-09,8210,勤誠,listed,1410.0,1510.0,1380.0,1510.0,135.0,9.8182,2963382,4376076400,7775,TWSE
2026-06-09,8213,志超,listed,34.9,36.6,34.85,36.05,1.3,3.741,1004483,35999924,745,TWSE
2026-06-09,8215,明基材,listed,28.0,29.2,27.35,28.8,0.95,3.4111,2437949,68733828,2385,TWSE
2026-06-09,8222,寶一,listed,35.45,36.5,35.35,35.55,-0.15,-0.4202,324367,11609952,295,TWSE
2026-06-09,8249,菱光,listed,51.7,52.4,51.1,51.9,0.4,0.7767,579767,29988141,531,TWSE
2026-06-09,8261,富鼎,listed,158.0,165.0,152.0,164.5,8.5,5.4487,5781168,920684939,5221,TWSE
2026-06-09,8271,宇瞻,listed,215.0,220.0,209.0,217.0,7.0,3.3333,2460801,531031830,2574,TWSE
2026-06-09,8341,日友,listed,78.3,81.7,78.3,80.9,3.0,3.8511,798402,64426581,910,TWSE
2026-06-09,8367,建新國際,listed,39.9,40.5,39.9,40.15,-0.05,-0.1244,47285,1898567,52,TWSE
2026-06-09,8374,羅昇,listed,91.6,99.0,91.6,94.0,3.8,4.2129,1342150,128006571,1378,TWSE
2026-06-09,8404,百和興業-KY,listed,17.15,17.8,17.1,17.35,0.05,0.289,520775,9043575,369,TWSE
2026-06-09,8411,福貞-KY,listed,12.05,12.25,12.05,12.2,0.05,0.4115,138662,1683091,140,TWSE
2026-06-09,8422,可寧衛*,listed,29.3,29.6,29.0,29.6,2.65,9.833,23215533,686622410,5192,TWSE
2026-06-09,8429,金麗-KY,listed,6.62,6.8,6.6,6.6,-0.02,-0.3021,439976,2932852,221,TWSE
2026-06-09,8438,昶昕,listed,79.7,85.3,79.2,85.3,6.1,7.702,451255,37380062,338,TWSE
2026-06-09,8442,威宏-KY,listed,40.65,41.0,40.2,40.6,-0.05,-0.123,162721,6584930,106,TWSE
2026-06-09,8443,阿瘦,listed,11.2,11.4,11.2,11.4,0.05,0.4405,10805,122220,114,TWSE
2026-06-09,8454,富邦媒,listed,399.0,426.5,399.0,426.5,38.5,9.9227,3503276,1468549987,9369,TWSE
2026-06-09,8462,柏文,listed,138.0,141.5,138.0,141.5,2.5,1.7986,106335,14953755,135,TWSE
2026-06-09,8463,潤泰材,listed,21.85,22.1,21.85,22.0,0.2,0.9174,58100,1276984,42,TWSE
2026-06-09,8464,億豐,listed,327.0,334.0,327.0,333.0,5.5,1.6794,635582,210263127,661,TWSE
2026-06-09,8466,美吉吉-KY,listed,15.45,15.7,15.3,15.55,-0.05,-0.3205,29428,456137,45,TWSE
2026-06-09,8467,波力-KY,listed,126.0,133.5,126.0,133.0,4.0,3.1008,9729,1256307,22,TWSE
2026-06-09,8473,山林水,listed,53.7,55.2,53.4,53.6,-0.3,-0.5566,3038018,164299929,3157,TWSE
2026-06-09,8476,台境*,listed,19.0,19.0,17.8,18.75,1.45,8.3815,4201377,78731174,1829,TWSE
2026-06-09,8478,東哥遊艇,listed,158.5,163.0,158.5,161.5,2.0,1.2539,201726,32515475,274,TWSE
2026-06-09,8481,政伸,listed,40.7,41.65,40.7,40.85,0.1,0.2454,23001,950790,22,TWSE
2026-06-09,8482,商億-KY,listed,46.3,47.85,46.3,47.55,-0.9,-1.8576,33288,1565970,38,TWSE
2026-06-09,8487,愛爾達-創,listed,79.6,81.5,78.9,81.5,2.7,3.4264,79580,6369541,98,TWSE
2026-06-09,8488,吉源-KY,listed,9.65,9.8,9.52,9.66,0.02,0.2075,13000,125910,13,TWSE
2026-06-09,8499,鼎炫-KY,listed,273.0,293.0,273.0,281.5,8.0,2.925,59106,16650639,182,TWSE
2026-06-09,8926,台汽電,listed,71.1,73.5,71.1,73.5,6.6,9.8655,19260676,1409893279,11170,TWSE
2026-06-09,8940,新天地,listed,16.75,16.75,16.35,16.6,0.25,1.5291,64245,1060315,110,TWSE
2026-06-09,8996,高力,listed,1220.0,1330.0,1205.0,1330.0,120.0,9.9174,5821711,7444233845,11764,TWSE
2026-06-09,9103,美德醫療-DR,listed,6.15,6.3,6.0,6.0,-0.06,-0.9901,5157792,31537453,1678,TWSE
2026-06-09,910322,康師傅-DR,listed,24.9,25.0,23.9,24.1,-0.8,-3.2129,260029,6283155,153,TWSE
2026-06-09,9105,泰金寶-DR,listed,9.69,10.95,9.51,9.71,-0.64,-6.1836,241430736,2417643360,56084,TWSE
2026-06-09,910861,神州-DR,listed,4.65,4.72,4.61,4.65,0.02,0.432,68565,317463,58,TWSE
2026-06-09,9110,越南控-DR,listed,3.58,3.79,3.58,3.74,-0.06,-1.5789,58000,211680,17,TWSE
2026-06-09,911608,明輝-DR,listed,3.49,3.49,3.02,3.26,-0.09,-2.6866,416466,1305058,146,TWSE
2026-06-09,911622,泰聚亨-DR,listed,3.83,4.0,3.78,3.91,0.04,1.0336,97000,374181,66,TWSE
2026-06-09,911868,同方友友-DR,listed,1.27,1.27,1.25,1.27,0.02,1.6,244000,306520,57,TWSE
2026-06-09,912000,晨訊科-DR,listed,2.89,2.95,2.82,2.95,0.1,3.5088,2247104,6500154,382,TWSE
2026-06-09,9136,巨騰-DR,listed,18.15,18.9,16.0,16.2,-1.55,-8.7324,10121161,174038061,3075,TWSE
2026-06-09,9802,鈺齊-KY,listed,77.9,82.1,77.9,81.0,3.3,4.2471,1392623,112028968,1288,TWSE
2026-06-09,9902,台火,listed,14.0,14.0,13.65,13.7,0.1,0.7353,178990,2468461,119,TWSE
2026-06-09,9904,寶成,listed,26.0,26.65,26.0,26.5,0.6,2.3166,24459293,646212844,6910,TWSE
2026-06-09,9905,大華,listed,20.45,20.55,20.45,20.55,0.1,0.489,85185,1748322,101,TWSE
2026-06-09,9906,欣巴巴,listed,41.1,43.0,41.0,42.05,-0.25,-0.591,210853,8825096,236,TWSE
2026-06-09,9907,統一實,listed,16.45,16.75,16.45,16.55,0.1,0.6079,4503824,74873918,1881,TWSE
2026-06-09,9908,大台北,listed,29.15,29.4,29.15,29.3,0.05,0.1709,278115,8140254,186,TWSE
2026-06-09,9910,豐泰,listed,78.0,86.3,77.9,86.3,7.8,9.9363,9599573,809554045,7894,TWSE
2026-06-09,9911,櫻花,listed,84.0,86.0,84.0,84.9,0.9,1.0714,644658,54892047,700,TWSE
2026-06-09,9912,偉聯,listed,12.35,12.6,12.35,12.5,-0.05,-0.3984,45747,569678,109,TWSE
2026-06-09,9914,美利達,listed,67.5,69.4,67.0,68.6,0.6,0.8824,1138710,77557564,982,TWSE
2026-06-09,9917,中保科,listed,116.5,118.0,116.5,118.0,1.5,1.2876,657276,77206495,654,TWSE
2026-06-09,9918,欣天然,listed,43.95,43.95,42.7,42.7,-1.1,-2.5114,148312,6385621,346,TWSE
2026-06-09,9919,康那香,listed,14.05,14.15,13.95,14.05,0.05,0.3571,376072,5289624,215,TWSE
2026-06-09,9921,巨大,listed,70.4,71.7,69.6,71.3,0.7,0.9915,1463148,103741773,1427,TWSE
2026-06-09,9924,福興,listed,40.05,41.4,40.05,40.4,0.0,0.0,445805,18074667,1744,TWSE
2026-06-09,9925,新保,listed,40.1,40.45,40.1,40.35,0.15,0.3731,338377,13640188,201,TWSE
2026-06-09,9926,新海,listed,48.85,49.35,48.8,49.1,0.2,0.409,47565,2327673,50,TWSE
2026-06-09,9927,泰銘,listed,68.5,69.4,68.5,69.3,0.4,0.5806,67660,4669406,109,TWSE
2026-06-09,9928,中視,listed,18.0,18.0,17.85,17.9,0.0,0.0,36699,658030,42,TWSE
2026-06-09,9929,秋雨,listed,11.35,12.3,11.35,12.3,1.1,9.8214,156877,1922590,71,TWSE
2026-06-09,9930,中聯資源,listed,68.3,69.2,68.3,68.8,0.1,0.1456,128209,8824633,140,TWSE
2026-06-09,9931,欣高,listed,34.2,34.6,34.2,34.45,0.0,0.0,78367,2693115,102,TWSE
2026-06-09,9933,中鼎,listed,42.2,42.8,40.65,40.85,-0.95,-2.2727,7855899,325657233,5153,TWSE
2026-06-09,9934,成霖,listed,10.75,11.15,10.55,10.6,-0.15,-1.3953,2437129,26222709,970,TWSE
2026-06-09,9935,慶豐富,listed,19.1,19.25,18.9,18.9,-0.1,-0.5263,353319,6713153,211,TWSE
2026-06-09,9937,全國,listed,55.1,56.0,55.1,55.1,-0.7,-1.2545,84530,4687693,160,TWSE
2026-06-09,9938,百和,listed,45.0,46.2,45.0,46.0,1.0,2.2222,1704114,78108344,1076,TWSE
2026-06-09,9939,宏全,listed,125.0,130.0,125.0,127.0,1.0,0.7937,1032878,132209595,1173,TWSE
2026-06-09,9940,信義,listed,18.8,19.2,18.7,18.85,0.0,0.0,917533,17390175,551,TWSE
2026-06-09,9941,裕融,listed,83.0,85.4,81.8,84.1,1.1,1.3253,7323234,616918708,4768,TWSE
2026-06-09,9941A,裕融甲特,listed,50.5,50.5,50.5,50.5,0.0,0.0,1237,62467,4,TWSE
2026-06-09,9942,茂順,listed,118.0,120.0,118.0,119.5,1.0,0.8439,114479,13645616,124,TWSE
2026-06-09,9943,好樂迪,listed,56.3,57.0,56.3,56.5,-0.1,-0.1767,100360,5698327,117,TWSE
2026-06-09,9944,新麗,listed,17.35,17.8,16.7,16.9,0.1,0.5952,79419,1359781,106,TWSE
2026-06-09,9945,潤泰新,listed,24.55,25.35,24.55,25.25,0.65,2.6423,7659274,192035376,3240,TWSE
2026-06-09,9946,三發地產,listed,16.85,17.1,16.75,16.95,0.1,0.5935,846673,14287730,423,TWSE
2026-06-09,9955,佳龍,listed,27.55,28.05,27.55,27.85,0.45,1.6423,175429,4890196,213,TWSE
2026-06-09,9958,世紀鋼,listed,115.5,116.5,113.0,113.5,-1.5,-1.3043,4545398,518752277,4215,TWSE
