date,symbol,name,market,open,high,low,close,change,change_pct,volume,turnover,transactions,source,security_type,is_common_stock,is_etf,is_warrant,is_bond_etf,is_leveraged_inverse,is_etn,is_preferred_stock,is_dr,scan_eligible,exclude_reason
2026-06-29,00400A,主動國泰動能高息,listed,14.26,14.5,14.11,14.22,0.01,0.0704,62008063,885576147,11941,TWSE,etf,false,true,true,false,false,false,false,false,false,security_type=etf;symbol_not_4_digit
2026-06-29,00401A,主動摩根台灣鑫收,listed,13.23,13.45,13.18,13.23,0.02,0.1514,4981217,66107704,855,TWSE,etf,false,true,true,false,false,false,false,false,false,security_type=etf;symbol_not_4_digit
2026-06-29,00402A,主動安聯美國科技,listed,9.71,9.74,9.69,9.71,0.01,0.1031,8273120,80328957,2048,TWSE,etf,false,true,true,false,false,false,false,false,false,security_type=etf;symbol_not_4_digit
2026-06-29,00403A,主動統一升級50,listed,10.58,10.75,10.5,10.62,0.06,0.5682,190532321,2022014611,37542,TWSE,etf,false,true,true,false,false,false,false,false,false,security_type=etf;symbol_not_4_digit
2026-06-29,00404A,主動聯博動能50,listed,9.81,9.94,9.76,9.83,0.08,0.8205,15818399,155711964,1782,TWSE,etf,false,true,true,false,false,false,false,false,false,security_type=etf;symbol_not_4_digit
2026-06-29,00405A,主動富邦台灣龍耀,listed,9.03,9.11,8.86,8.9,-0.1,-1.1111,123677429,1107057874,31370,TWSE,etf,false,true,true,false,false,false,false,false,false,security_type=etf;symbol_not_4_digit
2026-06-29,00406A,主動中信台灣收益,listed,9.93,10.0,9.79,9.85,0.02,0.2035,21545932,212925209,4951,TWSE,etf,false,true,true,false,false,false,false,false,false,security_type=etf;symbol_not_4_digit
2026-06-29,00407A,主動凱基台灣,listed,9.47,9.62,9.4,9.46,-0.01,-0.1056,170968141,1622338457,33699,TWSE,etf,false,true,true,false,false,false,false,false,false,security_type=etf;symbol_not_4_digit
2026-06-29,0050,元大台灣50,listed,103.35,105.35,103.3,104.45,1.35,1.3094,106661221,11134777810,101519,TWSE,etf,false,true,false,false,false,false,false,false,false,security_type=etf
2026-06-29,0051,元大中型100,listed,142.75,146.25,142.75,145.05,2.6,1.8252,95890,13898215,673,TWSE,etf,false,true,false,false,false,false,false,false,false,security_type=etf
2026-06-29,0052,富邦科技,listed,60.85,61.9,60.75,61.35,0.75,1.2376,24098322,1479974333,16610,TWSE,etf,false,true,false,false,false,false,false,false,false,security_type=etf
2026-06-29,0053,元大電子,listed,237.6,239.55,236.2,236.85,3.35,1.4347,86141,20501195,3322,TWSE,etf,false,true,false,false,false,false,false,false,false,security_type=etf
2026-06-29,0055,元大MSCI金融,listed,42.2,42.64,41.69,41.8,-0.38,-0.9009,712463,29951818,938,TWSE,etf,false,true,false,false,false,false,false,false,false,security_type=etf
2026-06-29,0056,元大高股息,listed,51.75,52.35,51.6,51.8,0.35,0.6803,36288209,1884040763,23848,TWSE,etf,false,true,false,false,false,false,false,false,false,security_type=etf
2026-06-29,0057,富邦摩台,listed,307.9,310.0,307.9,309.4,3.8,1.2435,6789,2098084,178,TWSE,etf,false,true,false,false,false,false,false,false,false,security_type=etf
2026-06-29,0061,元大寶滬深,listed,25.28,25.49,25.16,25.25,-0.02,-0.0791,457088,11552687,181,TWSE,etf,false,true,false,false,false,false,false,false,false,security_type=etf
2026-06-29,006203,元大MSCI台灣,listed,189.2,191.3,188.6,189.85,0.9,0.4763,21466,4072676,119,TWSE,etf,false,true,false,false,false,false,false,false,false,security_type=etf;symbol_not_4_digit
2026-06-29,006204,永豐臺灣加權,listed,225.85,225.85,224.8,224.95,2.75,1.2376,14716,3318298,112,TWSE,etf,false,true,false,false,false,false,false,false,false,security_type=etf;symbol_not_4_digit
2026-06-29,006205,富邦上証,listed,41.3,41.7,40.9,41.52,0.22,0.5327,975678,40385686,317,TWSE,etf,false,true,false,false,false,false,false,false,false,security_type=etf;symbol_not_4_digit
2026-06-29,006206,元大上證50,listed,37.2,37.89,36.96,37.71,0.49,1.3165,233261,8798333,149,TWSE,etf,false,true,false,false,false,false,false,false,false,security_type=etf;symbol_not_4_digit
2026-06-29,006207,復華滬深,listed,33.64,33.82,33.54,33.64,-0.19,-0.5616,780118,26284977,172,TWSE,etf,false,true,false,false,false,false,false,false,false,security_type=etf;symbol_not_4_digit
2026-06-29,006208,富邦台50,listed,240.0,244.6,239.85,242.75,4.05,1.6967,4193429,1015729672,8560,TWSE,etf,false,true,false,false,false,false,false,false,false,security_type=etf;symbol_not_4_digit
2026-06-29,00625K,富邦上証+R,listed,,,,,0.0,,0,0,0,TWSE,etf,false,true,true,false,false,false,false,false,false,security_type=etf;symbol_not_4_digit;invalid_close;invalid_volume;invalid_turnover
2026-06-29,00631L,元大台灣50正2,listed,35.62,36.72,35.44,36.28,1.02,2.8928,240459253,8703671339,74139,TWSE,leveraged_inverse,false,true,true,false,true,false,false,false,false,security_type=leveraged_inverse;symbol_not_4_digit
2026-06-29,00632R,元大台灣50反1,listed,10.36,10.41,10.21,10.31,-0.14,-1.3397,188855062,1945707535,16116,TWSE,leveraged_inverse,false,true,true,false,true,false,false,false,false,security_type=leveraged_inverse;symbol_not_4_digit
2026-06-29,00633L,富邦上証正2,listed,51.0,51.7,50.25,50.95,0.2,0.3941,4169727,212407053,470,TWSE,leveraged_inverse,false,true,true,false,true,false,false,false,false,security_type=leveraged_inverse;symbol_not_4_digit
2026-06-29,00634R,富邦上証反1,listed,3.08,3.1,3.06,3.08,-0.01,-0.3236,847000,2607470,26,TWSE,leveraged_inverse,false,true,true,false,true,false,false,false,false,security_type=leveraged_inverse;symbol_not_4_digit
2026-06-29,00635U,期元大S&P黃金,listed,42.37,42.55,42.29,42.29,0.39,0.9308,5128173,217483476,3478,TWSE,etf,false,true,true,false,false,false,false,false,false,security_type=etf;symbol_not_4_digit
2026-06-29,00636,國泰中國A50,listed,28.5,28.68,28.2,28.46,-0.1,-0.3501,738300,20933777,286,TWSE,etf,false,true,false,false,false,false,false,false,false,security_type=etf;symbol_not_4_digit
2026-06-29,00636K,國泰中國A50+U,listed,9.01,9.01,9.01,9.01,0.01,0.1111,200,1802,2,TWSE,etf,false,true,true,false,false,false,false,false,false,security_type=etf;symbol_not_4_digit
2026-06-29,00637L,元大滬深300正2,listed,21.2,21.44,20.85,21.11,0.01,0.0474,19321483,408493556,2581,TWSE,leveraged_inverse,false,true,true,false,true,false,false,false,false,security_type=leveraged_inverse;symbol_not_4_digit
2026-06-29,00638R,元大滬深300反1,listed,6.61,6.64,6.58,6.62,0.01,0.1513,130295,862499,21,TWSE,leveraged_inverse,false,true,true,false,true,false,false,false,false,security_type=leveraged_inverse;symbol_not_4_digit
2026-06-29,00639,富邦深100,listed,18.4,18.43,18.03,18.11,-0.29,-1.5761,2970619,54068186,398,TWSE,etf,false,true,false,false,false,false,false,false,false,security_type=etf;symbol_not_4_digit
2026-06-29,00640L,富邦日本正2,listed,102.25,102.55,101.25,101.4,-0.6,-0.5882,74814,7611017,147,TWSE,leveraged_inverse,false,true,true,false,true,false,false,false,false,security_type=leveraged_inverse;symbol_not_4_digit
2026-06-29,00641R,富邦日本反1,listed,3.84,3.87,3.83,3.86,0.01,0.2597,1210100,4651365,77,TWSE,leveraged_inverse,false,true,true,false,true,false,false,false,false,security_type=leveraged_inverse;symbol_not_4_digit
2026-06-29,00642U,期元大S&P石油,listed,22.84,22.96,22.8,22.84,-0.16,-0.6957,2992274,68449326,935,TWSE,etf,false,true,true,false,false,false,false,false,false,security_type=etf;symbol_not_4_digit
2026-06-29,00643,群益深証中小,listed,20.45,20.5,19.81,19.95,-0.46,-2.2538,3725071,74685536,293,TWSE,etf,false,true,false,false,false,false,false,false,false,security_type=etf;symbol_not_4_digit
2026-06-29,00643K,群益深証中小+R,listed,4.38,4.4,4.25,4.25,-0.14,-3.1891,15000,64890,15,TWSE,etf,false,true,true,false,false,false,false,false,false,security_type=etf;symbol_not_4_digit
2026-06-29,00645,富邦日本,listed,55.95,56.15,55.8,55.9,0.05,0.0895,70561,3950721,300,TWSE,etf,false,true,false,false,false,false,false,false,false,security_type=etf;symbol_not_4_digit
2026-06-29,00646,元大S&P500,listed,73.45,74.25,73.45,74.2,0.85,1.1588,2989784,221250281,3287,TWSE,etf,false,true,false,false,false,false,false,false,false,security_type=etf;symbol_not_4_digit
2026-06-29,00647L,元大S&P500正2,listed,130.05,130.7,129.7,130.7,2.4,1.8706,36833,4792789,72,TWSE,leveraged_inverse,false,true,true,false,true,false,false,false,false,security_type=leveraged_inverse;symbol_not_4_digit
2026-06-29,00648R,元大S&P500反1,listed,4.08,4.09,4.05,4.06,-0.04,-0.9756,1755200,7127677,109,TWSE,leveraged_inverse,false,true,true,false,true,false,false,false,false,security_type=leveraged_inverse;symbol_not_4_digit
2026-06-29,00650L,復華香港正2,listed,13.91,14.25,13.8,14.15,0.45,3.2847,5958867,83670479,696,TWSE,leveraged_inverse,false,true,true,false,true,false,false,false,false,security_type=leveraged_inverse;symbol_not_4_digit
2026-06-29,00651R,復華香港反1,listed,5.9,5.9,5.72,5.75,-0.11,-1.8771,328651,1888905,53,TWSE,leveraged_inverse,false,true,true,false,true,false,false,false,false,security_type=leveraged_inverse;symbol_not_4_digit
2026-06-29,00652,富邦印度,listed,33.06,33.34,33.06,33.3,0.26,0.7869,594649,19798133,386,TWSE,etf,false,true,false,false,false,false,false,false,false,security_type=etf;symbol_not_4_digit
2026-06-29,00653L,富邦印度正2,listed,46.5,46.73,46.5,46.55,0.53,1.1517,103701,4832630,77,TWSE,leveraged_inverse,false,true,true,false,true,false,false,false,false,security_type=leveraged_inverse;symbol_not_4_digit
2026-06-29,00654R,富邦印度反1,listed,6.79,6.79,6.77,6.78,-0.03,-0.4405,32020,216985,10,TWSE,leveraged_inverse,false,true,true,false,true,false,false,false,false,security_type=leveraged_inverse;symbol_not_4_digit
2026-06-29,00655L,國泰中國A50正2,listed,35.46,36.04,35.01,35.51,0.11,0.3107,2089062,74306997,370,TWSE,leveraged_inverse,false,true,true,false,true,false,false,false,false,security_type=leveraged_inverse;symbol_not_4_digit
2026-06-29,00656R,國泰中國A50反1,listed,5.88,5.88,5.79,5.82,-0.06,-1.0204,582000,3394150,25,TWSE,leveraged_inverse,false,true,true,false,true,false,false,false,false,security_type=leveraged_inverse;symbol_not_4_digit
2026-06-29,00657,國泰日經225,listed,80.65,80.65,80.4,80.4,-0.3,-0.3717,29208,2351557,108,TWSE,etf,false,true,false,false,false,false,false,false,false,security_type=etf;symbol_not_4_digit
2026-06-29,00657K,國泰日經225+U,listed,25.22,25.22,25.22,25.22,-0.22,-0.8648,200,5044,2,TWSE,etf,false,true,true,false,false,false,false,false,false,security_type=etf;symbol_not_4_digit
2026-06-29,00660,元大歐洲50,listed,45.56,45.62,45.33,45.62,0.06,0.1317,8168,371466,73,TWSE,etf,false,true,false,false,false,false,false,false,false,security_type=etf;symbol_not_4_digit
2026-06-29,00661,元大日經225,listed,89.2,89.3,88.5,88.85,-0.5,-0.5596,81728,7261745,264,TWSE,etf,false,true,false,false,false,false,false,false,false,security_type=etf;symbol_not_4_digit
2026-06-29,00662,富邦NASDAQ,listed,119.6,120.5,119.5,120.4,1.3,1.0915,11686036,1404100985,4067,TWSE,etf,false,true,false,false,false,false,false,false,false,security_type=etf;symbol_not_4_digit
2026-06-29,00663L,國泰臺灣加權正2,listed,103.45,106.55,102.8,105.1,3.1,3.0392,15442525,1621667340,4979,TWSE,leveraged_inverse,false,true,true,false,true,false,false,false,false,security_type=leveraged_inverse;symbol_not_4_digit
2026-06-29,00664R,國泰臺灣加權反1,listed,1.68,1.68,1.65,1.66,-0.03,-1.7751,35352417,58788078,1030,TWSE,leveraged_inverse,false,true,true,false,true,false,false,false,false,security_type=leveraged_inverse;symbol_not_4_digit
2026-06-29,00665L,富邦恒生國企正2,listed,7.49,7.79,7.47,7.72,0.34,4.607,28950962,220493130,2062,TWSE,leveraged_inverse,false,true,true,false,true,false,false,false,false,security_type=leveraged_inverse;symbol_not_4_digit
2026-06-29,00666R,富邦恒生國企反1,listed,10.25,10.25,10.03,10.09,-0.27,-2.6062,84704,855322,27,TWSE,leveraged_inverse,false,true,true,false,true,false,false,false,false,security_type=leveraged_inverse;symbol_not_4_digit
2026-06-29,00668,國泰美國道瓊,listed,60.45,60.6,60.4,60.6,0.35,0.5809,237979,14378202,112,TWSE,etf,false,true,false,false,false,false,false,false,false,security_type=etf;symbol_not_4_digit
2026-06-29,00668K,國泰美國道瓊+U,listed,18.94,18.94,18.94,18.94,-0.04,-0.2107,200,3788,2,TWSE,etf,false,true,true,false,false,false,false,false,false,security_type=etf;symbol_not_4_digit
2026-06-29,00669R,國泰美國道瓊反1,listed,5.32,5.32,5.3,5.32,-0.01,-0.1876,798320,4239328,68,TWSE,leveraged_inverse,false,true,true,false,true,false,false,false,false,security_type=leveraged_inverse;symbol_not_4_digit
2026-06-29,00670L,富邦NASDAQ正2,listed,201.45,203.15,200.5,202.45,2.75,1.3771,711165,143532141,856,TWSE,leveraged_inverse,false,true,true,false,true,false,false,false,false,security_type=leveraged_inverse;symbol_not_4_digit
2026-06-29,00671R,富邦NASDAQ反1,listed,2.46,2.47,2.45,2.46,-0.01,-0.4049,4310301,10599989,211,TWSE,leveraged_inverse,false,true,true,false,true,false,false,false,false,security_type=leveraged_inverse;symbol_not_4_digit
2026-06-29,00673R,期元大S&P原油反1,listed,15.84,15.9,15.77,15.88,0.16,1.0178,29347334,464556127,1782,TWSE,leveraged_inverse,false,true,true,false,true,false,false,false,false,security_type=leveraged_inverse;symbol_not_4_digit
2026-06-29,00674R,期元大S&P黃金反1,listed,30.31,30.35,30.2,30.34,-0.25,-0.8173,382572,11572648,127,TWSE,leveraged_inverse,false,true,true,false,true,false,false,false,false,security_type=leveraged_inverse;symbol_not_4_digit
2026-06-29,00675L,富邦臺灣加權正2,listed,313.55,322.95,311.3,318.6,9.6,3.1068,2527644,803052860,2100,TWSE,leveraged_inverse,false,true,true,false,true,false,false,false,false,security_type=leveraged_inverse;symbol_not_4_digit
2026-06-29,00676R,富邦臺灣加權反1,listed,5.7,5.73,5.63,5.66,-0.09,-1.5652,10201347,57900841,600,TWSE,leveraged_inverse,false,true,true,false,true,false,false,false,false,security_type=leveraged_inverse;symbol_not_4_digit
2026-06-29,00678,群益那斯達克生技,listed,39.21,40.14,39.21,40.06,1.36,3.5142,748318,29908619,286,TWSE,etf,false,true,false,false,false,false,false,false,false,security_type=etf;symbol_not_4_digit
2026-06-29,00680L,元大美債20正2,listed,7.2,7.21,7.18,7.2,-0.02,-0.277,11808084,84865673,420,TWSE,bond_etf,false,true,true,true,true,false,false,false,false,security_type=bond_etf;symbol_not_4_digit
2026-06-29,00681R,元大美債20反1,listed,20.72,20.72,20.72,20.72,0.06,0.2904,2000,41440,1,TWSE,bond_etf,false,true,true,true,true,false,false,false,false,security_type=bond_etf;symbol_not_4_digit
2026-06-29,00682U,期元大美元指數,listed,20.87,20.87,20.87,20.87,-0.01,-0.0479,1000,20870,1,TWSE,etf,false,true,true,false,false,false,false,false,false,security_type=etf;symbol_not_4_digit
2026-06-29,00683L,期元大美元指正2,listed,22.15,22.23,22.15,22.19,0.05,0.2258,61079,1356493,9,TWSE,leveraged_inverse,false,true,true,false,true,false,false,false,false,security_type=leveraged_inverse;symbol_not_4_digit
2026-06-29,00684R,期元大美元指反1,listed,14.95,14.95,14.95,14.95,0.19,1.2873,332000,4963400,10,TWSE,leveraged_inverse,false,true,true,false,true,false,false,false,false,security_type=leveraged_inverse;symbol_not_4_digit
2026-06-29,00685L,群益臺灣加權正2,listed,284.15,292.25,281.9,288.35,8.0,2.8536,6464399,1860504460,13424,TWSE,leveraged_inverse,false,true,true,false,true,false,false,false,false,security_type=leveraged_inverse;symbol_not_4_digit
2026-06-29,00686R,群益臺灣加權反1,listed,1.01,1.03,1.0,1.01,-0.02,-1.9417,12787892,12944609,240,TWSE,leveraged_inverse,false,true,true,false,true,false,false,false,false,security_type=leveraged_inverse;symbol_not_4_digit
2026-06-29,00688L,國泰20年美債正2,listed,7.18,7.18,7.15,7.17,-0.03,-0.4167,3129410,22393773,209,TWSE,bond_etf,false,true,true,true,true,false,false,false,false,security_type=bond_etf;symbol_not_4_digit
2026-06-29,00689R,國泰20年美債反1,listed,21.62,21.62,21.62,21.62,0.04,0.1854,2000,43240,1,TWSE,bond_etf,false,true,true,true,true,false,false,false,false,security_type=bond_etf;symbol_not_4_digit
2026-06-29,00690,兆豐藍籌30,listed,77.8,79.4,77.65,78.6,0.9,1.1583,515212,40440873,508,TWSE,etf,false,true,false,false,false,false,false,false,false,security_type=etf;symbol_not_4_digit
2026-06-29,00692,富邦公司治理,listed,89.65,91.35,89.65,90.4,1.2,1.3453,1226349,111068398,1099,TWSE,etf,false,true,false,false,false,false,false,false,false,security_type=etf;symbol_not_4_digit
2026-06-29,00693U,期街口S&P黃豆,listed,21.08,21.08,20.95,20.95,-0.09,-0.4278,417406,8753843,98,TWSE,warrant,false,false,true,false,false,false,false,false,false,security_type=warrant;symbol_not_4_digit
2026-06-29,00700,富邦恒生國企,listed,15.23,15.56,15.21,15.49,0.41,2.7188,376090,5796927,267,TWSE,etf,false,true,false,false,false,false,false,false,false,security_type=etf;symbol_not_4_digit
2026-06-29,00701,國泰股利精選30,listed,39.1,39.58,38.95,39.14,-0.07,-0.1785,679482,26672602,626,TWSE,etf,false,true,false,false,false,false,false,false,false,security_type=etf;symbol_not_4_digit
2026-06-29,00702,國泰標普低波高息,listed,24.41,24.85,24.41,24.85,0.36,1.47,69216,1713766,63,TWSE,etf,false,true,false,false,false,false,false,false,false,security_type=etf;symbol_not_4_digit
2026-06-29,00703,台新MSCI中國,listed,18.51,18.51,17.93,18.0,0.51,2.916,49984,900153,86,TWSE,other,false,false,false,false,false,false,false,false,false,symbol_not_4_digit
2026-06-29,00706L,期元大S&P日圓正2,listed,18.59,18.6,18.58,18.58,-0.03,-0.1612,269018,5000512,114,TWSE,leveraged_inverse,false,true,true,false,true,false,false,false,false,security_type=leveraged_inverse;symbol_not_4_digit
2026-06-29,00707R,期元大S&P日圓反1,listed,,,,,0.0,,1,32,1,TWSE,leveraged_inverse,false,true,true,false,true,false,false,false,false,security_type=leveraged_inverse;symbol_not_4_digit;invalid_close
2026-06-29,00708L,期元大S&P黃金正2,listed,71.3,71.65,70.7,70.8,1.15,1.6511,4507268,321097503,2452,TWSE,leveraged_inverse,false,true,true,false,true,false,false,false,false,security_type=leveraged_inverse;symbol_not_4_digit
2026-06-29,00709,富邦歐洲,listed,39.14,39.44,39.14,39.3,0.2,0.5115,105726,4154618,193,TWSE,etf,false,true,false,false,false,false,false,false,false,security_type=etf;symbol_not_4_digit
2026-06-29,00710B,復華彭博非投等債,listed,18.92,18.92,18.87,18.9,0.03,0.159,208398,3935906,60,TWSE,bond_etf,false,true,true,true,false,false,false,false,false,security_type=bond_etf;symbol_not_4_digit
2026-06-29,00711B,復華彭博新興債,listed,16.25,16.27,16.25,16.27,0.02,0.1231,108487,1763767,108,TWSE,bond_etf,false,true,true,true,false,false,false,false,false,security_type=bond_etf;symbol_not_4_digit
2026-06-29,00712,復華富時不動產,listed,8.76,8.8,8.73,8.77,0.14,1.6222,44635800,391549510,5289,TWSE,etf,false,true,false,false,false,false,false,false,false,security_type=etf;symbol_not_4_digit
2026-06-29,00713,元大台灣高息低波,listed,59.85,60.2,59.75,60.0,0.35,0.5868,5262575,315902820,3681,TWSE,etf,false,true,false,false,false,false,false,false,false,security_type=etf;symbol_not_4_digit
2026-06-29,00714,群益道瓊美國地產,listed,22.18,22.35,22.18,22.3,0.2,0.905,23390,521387,112,TWSE,etf,false,true,false,false,false,false,false,false,false,security_type=etf;symbol_not_4_digit
2026-06-29,00715L,期街口布蘭特正2,listed,33.67,33.73,33.28,33.37,-0.9,-2.6262,8961617,300289005,2560,TWSE,leveraged_inverse,false,true,true,false,true,false,false,false,false,security_type=leveraged_inverse;symbol_not_4_digit
2026-06-29,00717,富邦美國特別股,listed,14.78,14.78,14.73,14.77,-0.01,-0.0677,57078,841842,183,TWSE,preferred_stock,false,true,false,false,false,false,true,false,false,security_type=preferred_stock;symbol_not_4_digit
2026-06-29,00728,第一金工業30,listed,63.15,64.25,63.0,63.15,0.5,0.7981,153651,9738864,360,TWSE,other,false,false,false,false,false,false,false,false,false,symbol_not_4_digit
2026-06-29,00730,富邦臺灣優質高息,listed,28.35,29.5,28.35,28.94,0.59,2.0811,209914,6076150,327,TWSE,etf,false,true,false,false,false,false,false,false,false,security_type=etf;symbol_not_4_digit
2026-06-29,00731,復華富時高息低波,listed,89.0,89.65,88.25,88.25,-0.3,-0.3388,706670,62733692,274,TWSE,etf,false,true,false,false,false,false,false,false,false,security_type=etf;symbol_not_4_digit
2026-06-29,00733,富邦臺灣中小,listed,73.3,74.7,72.8,74.0,0.95,1.3005,762710,56166607,663,TWSE,etf,false,true,false,false,false,false,false,false,false,security_type=etf;symbol_not_4_digit
2026-06-29,00735,國泰臺韓科技,listed,113.45,114.5,111.6,112.0,-1.5,-1.3216,2923011,329784548,5016,TWSE,etf,false,true,false,false,false,false,false,false,false,security_type=etf;symbol_not_4_digit
2026-06-29,00736,國泰新興市場,listed,30.72,31.09,30.72,30.95,0.15,0.487,194922,6032040,88,TWSE,etf,false,true,false,false,false,false,false,false,false,security_type=etf;symbol_not_4_digit
2026-06-29,00737,國泰AI機器人,listed,36.92,37.9,36.92,37.81,0.9,2.4384,159760,6030732,229,TWSE,etf,false,true,false,false,false,false,false,false,false,security_type=etf;symbol_not_4_digit
2026-06-29,00738U,期元大道瓊白銀,listed,46.97,47.57,46.8,46.82,1.3,2.8559,5186664,243996091,2469,TWSE,etf,false,true,true,false,false,false,false,false,false,security_type=etf;symbol_not_4_digit
2026-06-29,00739,元大MSCI A股,listed,29.2,29.34,29.09,29.25,-0.15,-0.5102,194813,5694018,140,TWSE,etf,false,true,false,false,false,false,false,false,false,security_type=etf;symbol_not_4_digit
2026-06-29,00752,中信中國50,listed,20.42,21.04,20.42,20.96,0.7,3.4551,2776807,57726178,928,TWSE,etf,false,true,false,false,false,false,false,false,false,security_type=etf;symbol_not_4_digit
2026-06-29,00753L,中信中國50正2,listed,8.07,8.38,8.07,8.33,0.37,4.6482,20088109,165733117,2118,TWSE,leveraged_inverse,false,true,true,false,true,false,false,false,false,security_type=leveraged_inverse;symbol_not_4_digit
2026-06-29,00757,統一FANG+,listed,124.25,125.6,124.25,125.3,2.95,2.4111,1794070,224372742,2494,TWSE,etf,false,true,false,false,false,false,false,false,false,security_type=etf;symbol_not_4_digit
2026-06-29,00762,元大全球AI,listed,116.5,116.5,115.15,115.75,-1.25,-1.0684,479154,55381801,625,TWSE,etf,false,true,false,false,false,false,false,false,false,security_type=etf;symbol_not_4_digit
2026-06-29,00763U,期街口道瓊銅,listed,32.78,33.0,32.71,32.94,0.8,2.4891,1150766,37792743,532,TWSE,warrant,false,false,true,false,false,false,false,false,false,security_type=warrant;symbol_not_4_digit
2026-06-29,00770,國泰北美科技,listed,68.05,68.05,66.3,66.55,0.15,0.2259,223786,14889520,428,TWSE,etf,false,true,false,false,false,false,false,false,false,security_type=etf;symbol_not_4_digit
2026-06-29,00771,元大US高息特別股,listed,15.71,15.71,15.7,15.7,-0.01,-0.0637,11300,177136,86,TWSE,preferred_stock,false,true,false,false,false,false,true,false,false,security_type=preferred_stock;symbol_not_4_digit
2026-06-29,00775B,新光投等債15+,listed,32.9,32.9,32.9,32.9,0.14,0.4274,160001,5264032,9,TWSE,bond_etf,false,true,true,true,false,false,false,false,false,security_type=bond_etf;symbol_not_4_digit
2026-06-29,00783,富邦中証500,listed,31.0,31.24,30.56,30.65,-0.22,-0.7127,673855,20790943,162,TWSE,etf,false,true,false,false,false,false,false,false,false,security_type=etf;symbol_not_4_digit
2026-06-29,00830,國泰費城半導體,listed,93.8,94.6,93.45,94.6,-1.1,-1.1494,12387589,1163177479,20886,TWSE,etf,false,true,false,false,false,false,false,false,false,security_type=etf;symbol_not_4_digit
2026-06-29,00850,元大臺灣ESG永續,listed,88.25,90.1,88.25,89.25,1.2,1.3629,883414,78814436,1075,TWSE,etf,false,true,false,false,false,false,false,false,false,security_type=etf;symbol_not_4_digit
2026-06-29,00851,台新全球AI,listed,71.0,72.35,71.0,72.2,1.2,1.6901,7293,522674,107,TWSE,other,false,false,false,false,false,false,false,false,false,symbol_not_4_digit
2026-06-29,00852L,國泰美國道瓊正2,listed,34.29,34.44,34.29,34.42,0.22,0.6433,45619,1569098,26,TWSE,leveraged_inverse,false,true,true,false,true,false,false,false,false,security_type=leveraged_inverse;symbol_not_4_digit
2026-06-29,00861,元大全球未來通訊,listed,93.3,93.5,92.95,93.2,-1.35,-1.4278,223436,20835657,2896,TWSE,etf,false,true,false,false,false,false,false,false,false,security_type=etf;symbol_not_4_digit
2026-06-29,00865B,國泰US短期公債,listed,48.5,48.55,48.44,48.48,0.01,0.0206,4179755,202700831,880,TWSE,bond_etf,false,true,true,true,false,false,false,false,false,security_type=bond_etf;symbol_not_4_digit
2026-06-29,00875,國泰網路資安,listed,48.8,48.81,48.67,48.72,2.32,5.0,253693,12370647,224,TWSE,etf,false,true,false,false,false,false,false,false,false,security_type=etf;symbol_not_4_digit
2026-06-29,00876,元大全球5G,listed,100.5,100.7,99.25,99.75,-1.25,-1.2376,265916,26614023,3020,TWSE,etf,false,true,false,false,false,false,false,false,false,security_type=etf;symbol_not_4_digit
2026-06-29,00878,國泰永續高股息,listed,32.95,33.2,32.72,32.9,0.19,0.5809,38299924,1262861830,18435,TWSE,etf,false,true,false,false,false,false,false,false,false,security_type=etf;symbol_not_4_digit
2026-06-29,00881,國泰台灣科技龍頭,listed,52.7,53.8,52.7,53.0,0.3,0.5693,8469517,450241662,4600,TWSE,etf,false,true,false,false,false,false,false,false,false,security_type=etf;symbol_not_4_digit
2026-06-29,00882,中信中國高股息,listed,14.68,14.82,14.66,14.81,0.16,1.0922,7882082,116235575,1950,TWSE,etf,false,true,false,false,false,false,false,false,false,security_type=etf;symbol_not_4_digit
2026-06-29,00885,富邦越南,listed,19.09,19.2,18.97,18.98,0.1,0.5297,4564996,87169319,1404,TWSE,etf,false,true,false,false,false,false,false,false,false,security_type=etf;symbol_not_4_digit
2026-06-29,00891,中信關鍵半導體,listed,35.85,36.43,35.65,36.04,0.23,0.6423,17280430,623197492,6019,TWSE,etf,false,true,false,false,false,false,false,false,false,security_type=etf;symbol_not_4_digit
2026-06-29,00892,富邦台灣半導體,listed,43.23,44.1,42.95,43.33,0.07,0.1618,1946206,84787351,983,TWSE,etf,false,true,false,false,false,false,false,false,false,security_type=etf;symbol_not_4_digit
2026-06-29,00893,國泰智能電動車,listed,45.2,45.2,44.66,44.98,-0.26,-0.5747,1290591,57907673,728,TWSE,etf,false,true,false,false,false,false,false,false,false,security_type=etf;symbol_not_4_digit
2026-06-29,00894,中信小資高價30,listed,46.9,47.68,46.56,47.06,0.46,0.9871,3670588,173025185,1302,TWSE,etf,false,true,false,false,false,false,false,false,false,security_type=etf;symbol_not_4_digit
2026-06-29,00895,富邦未來車,listed,50.3,50.7,50.25,50.6,0.3,0.5964,956655,48348891,490,TWSE,etf,false,true,false,false,false,false,false,false,false,security_type=etf;symbol_not_4_digit
2026-06-29,00896,中信綠能及電動車,listed,26.62,27.18,26.62,26.96,0.35,1.3153,4639839,125284586,1438,TWSE,etf,false,true,false,false,false,false,false,false,false,security_type=etf;symbol_not_4_digit
2026-06-29,00897,富邦基因免疫生技,listed,11.08,11.21,11.08,11.17,0.46,4.2951,3448585,38497610,627,TWSE,etf,false,true,false,false,false,false,false,false,false,security_type=etf;symbol_not_4_digit
2026-06-29,00898,國泰基因免疫革命,listed,9.16,9.34,9.16,9.3,0.34,3.7946,2692292,25007070,684,TWSE,etf,false,true,false,false,false,false,false,false,false,security_type=etf;symbol_not_4_digit
2026-06-29,00899,FT潔淨能源,listed,25.26,25.61,25.26,25.6,-0.35,-1.3487,44221,1127316,201,TWSE,other,false,false,false,false,false,false,false,false,false,symbol_not_4_digit
2026-06-29,00900,富邦特選高股息30,listed,19.0,19.21,18.88,18.98,0.11,0.5829,6317375,120309065,1619,TWSE,etf,false,true,false,false,false,false,false,false,false,security_type=etf;symbol_not_4_digit
2026-06-29,00901,永豐智能車供應鏈,listed,45.2,46.15,45.2,45.85,0.65,1.4381,395931,18093009,271,TWSE,etf,false,true,false,false,false,false,false,false,false,security_type=etf;symbol_not_4_digit
2026-06-29,00902,中信電池及儲能,listed,14.65,14.87,14.52,14.79,0.17,1.1628,1586487,23220168,498,TWSE,etf,false,true,false,false,false,false,false,false,false,security_type=etf;symbol_not_4_digit
2026-06-29,00903,富邦元宇宙,listed,20.36,20.45,20.36,20.43,0.21,1.0386,29302,599106,165,TWSE,etf,false,true,false,false,false,false,false,false,false,security_type=etf;symbol_not_4_digit
2026-06-29,00904,新光臺灣半導體30,listed,41.8,42.55,41.57,42.03,0.23,0.5502,1705511,71741587,811,TWSE,other,false,false,false,false,false,false,false,false,false,symbol_not_4_digit
2026-06-29,00905,FT臺灣Smart,listed,27.15,27.74,27.15,27.4,0.35,1.2939,1861056,51070080,915,TWSE,other,false,false,false,false,false,false,false,false,false,symbol_not_4_digit
2026-06-29,00907,永豐優息存股,listed,16.22,16.34,16.14,16.15,0.02,0.124,1074890,17462430,325,TWSE,etf,false,true,false,false,false,false,false,false,false,security_type=etf;symbol_not_4_digit
2026-06-29,00908,富邦入息REITs+,listed,15.15,15.21,15.15,15.2,0.13,0.8626,97594,1480873,115,TWSE,etf,false,true,false,false,false,false,false,false,false,security_type=etf;symbol_not_4_digit
2026-06-29,00909,國泰數位支付服務,listed,48.4,49.15,48.38,49.11,1.55,3.259,1567776,76614700,996,TWSE,etf,false,true,false,false,false,false,false,false,false,security_type=etf;symbol_not_4_digit
2026-06-29,00910,第一金太空衛星,listed,59.0,59.35,59.0,59.25,1.9,3.313,2563970,151782218,3439,TWSE,other,false,false,false,false,false,false,false,false,false,symbol_not_4_digit
2026-06-29,00911,兆豐洲際半導體,listed,65.35,65.35,64.05,64.45,-1.25,-1.9026,814134,52477003,3100,TWSE,etf,false,true,false,false,false,false,false,false,false,security_type=etf;symbol_not_4_digit
2026-06-29,00912,中信臺灣智慧50,listed,33.35,33.9,33.35,33.51,0.33,0.9946,1599646,53627678,491,TWSE,etf,false,true,false,false,false,false,false,false,false,security_type=etf;symbol_not_4_digit
2026-06-29,00913,兆豐台灣晶圓製造,listed,52.0,53.1,51.55,52.3,0.3,0.5769,2335057,122301201,890,TWSE,etf,false,true,false,false,false,false,false,false,false,security_type=etf;symbol_not_4_digit
2026-06-29,00915,凱基優選高股息30,listed,32.06,32.48,31.85,32.1,0.09,0.2812,3098693,99498161,913,TWSE,etf,false,true,false,false,false,false,false,false,false,security_type=etf;symbol_not_4_digit
2026-06-29,00916,國泰全球品牌50,listed,24.8,25.06,24.69,25.02,0.46,1.873,2128852,53237747,872,TWSE,etf,false,true,false,false,false,false,false,false,false,security_type=etf;symbol_not_4_digit
2026-06-29,00917,中信特選金融,listed,22.19,22.19,22.1,22.15,-0.05,-0.2252,458594,10153110,319,TWSE,etf,false,true,false,false,false,false,false,false,false,security_type=etf;symbol_not_4_digit
2026-06-29,00918,大華優利高填息30,listed,31.29,31.75,31.2,31.43,0.28,0.8989,26828831,843730858,7553,TWSE,other,false,false,false,false,false,false,false,false,false,symbol_not_4_digit
2026-06-29,00919,群益台灣精選高息,listed,29.74,29.97,29.37,29.46,-0.1,-0.3383,103774668,3071047728,49209,TWSE,etf,false,true,false,false,false,false,false,false,false,security_type=etf;symbol_not_4_digit
2026-06-29,00920,富邦ESG綠色電力,listed,25.49,25.51,25.33,25.49,-0.09,-0.3518,516997,13171890,372,TWSE,etf,false,true,false,false,false,false,false,false,false,security_type=etf;symbol_not_4_digit
2026-06-29,00921,兆豐龍頭等權重,listed,22.41,22.7,22.41,22.61,0.21,0.9375,219471,4960558,294,TWSE,etf,false,true,false,false,false,false,false,false,false,security_type=etf;symbol_not_4_digit
2026-06-29,00922,國泰台灣領袖50,listed,39.72,40.32,39.57,40.0,0.43,1.0867,8548884,341488320,3736,TWSE,etf,false,true,false,false,false,false,false,false,false,security_type=etf;symbol_not_4_digit
2026-06-29,00923,群益台ESG低碳50,listed,41.35,42.15,41.32,41.79,0.61,1.4813,3609224,150714613,1438,TWSE,etf,false,true,false,false,false,false,false,false,false,security_type=etf;symbol_not_4_digit
2026-06-29,00924,復華S&P500成長,listed,31.42,31.85,31.42,31.79,0.4,1.2743,2345069,74436883,1531,TWSE,etf,false,true,false,false,false,false,false,false,false,security_type=etf;symbol_not_4_digit
2026-06-29,00926,凱基全球菁英55,listed,24.03,24.36,24.03,24.35,0.32,1.3317,1397414,33965000,355,TWSE,etf,false,true,false,false,false,false,false,false,false,security_type=etf;symbol_not_4_digit
2026-06-29,00927,群益半導體收益,listed,39.87,40.69,39.63,40.15,0.34,0.8541,17429429,700193726,5179,TWSE,etf,false,true,false,false,false,false,false,false,false,security_type=etf;symbol_not_4_digit
2026-06-29,00929,復華台灣科技優息,listed,29.96,30.34,29.68,29.99,0.03,0.1001,34356722,1030870214,9579,TWSE,etf,false,true,false,false,false,false,false,false,false,security_type=etf;symbol_not_4_digit
2026-06-29,00930,永豐ESG低碳高息,listed,24.52,24.78,24.35,24.55,0.03,0.1223,1429478,35076079,342,TWSE,etf,false,true,false,false,false,false,false,false,false,security_type=etf;symbol_not_4_digit
2026-06-29,00932,兆豐永續高息等權,listed,17.23,17.43,17.2,17.27,0.12,0.6997,595056,10273673,198,TWSE,etf,false,true,false,false,false,false,false,false,false,security_type=etf;symbol_not_4_digit
2026-06-29,00934,中信成長高股息,listed,27.72,28.09,27.57,27.78,0.33,1.2022,3540936,98712272,931,TWSE,etf,false,true,false,false,false,false,false,false,false,security_type=etf;symbol_not_4_digit
2026-06-29,00935,野村臺灣新科技50,listed,58.55,59.8,58.35,58.95,0.15,0.2551,12644932,746273151,7065,TWSE,other,false,false,false,false,false,false,false,false,false,symbol_not_4_digit
2026-06-29,00936,台新永續高息中小,listed,20.78,21.05,20.64,20.81,0.03,0.1444,1383551,28819478,469,TWSE,other,false,false,false,false,false,false,false,false,false,symbol_not_4_digit
2026-06-29,00938,凱基優選30,listed,24.26,24.48,24.12,24.18,0.04,0.1657,3127310,75934399,472,TWSE,etf,false,true,false,false,false,false,false,false,false,security_type=etf;symbol_not_4_digit
2026-06-29,00939,統一台灣高息動能,listed,21.32,21.52,21.19,21.26,0.02,0.0942,4479601,95695127,1514,TWSE,etf,false,true,false,false,false,false,false,false,false,security_type=etf;symbol_not_4_digit
2026-06-29,00940,元大台灣價值高息,listed,12.43,12.61,12.41,12.48,0.14,1.1345,15044003,188307357,2780,TWSE,etf,false,true,false,false,false,false,false,false,false,security_type=etf;symbol_not_4_digit
2026-06-29,00941,中信上游半導體,listed,28.68,28.68,28.38,28.61,-0.21,-0.7287,2411463,68812352,2919,TWSE,etf,false,true,false,false,false,false,false,false,false,security_type=etf;symbol_not_4_digit
2026-06-29,00943,兆豐電子高息等權,listed,21.65,21.95,21.65,21.74,0.11,0.5086,192741,4208118,136,TWSE,etf,false,true,false,false,false,false,false,false,false,security_type=etf;symbol_not_4_digit
2026-06-29,00944,野村趨勢動能高息,listed,21.55,21.94,21.55,21.76,0.22,1.0214,1926978,41949218,262,TWSE,other,false,false,false,false,false,false,false,false,false,symbol_not_4_digit
2026-06-29,00945B,凱基美國非投等債,listed,14.52,14.53,14.49,14.51,0.01,0.069,4738654,68795151,827,TWSE,bond_etf,false,true,true,true,false,false,false,false,false,security_type=bond_etf;symbol_not_4_digit
2026-06-29,00946,群益科技高息成長,listed,14.93,15.32,14.93,15.06,0.25,1.688,3037758,45980208,913,TWSE,etf,false,true,false,false,false,false,false,false,false,security_type=etf;symbol_not_4_digit
2026-06-29,00947,台新臺灣IC設計,listed,38.13,39.08,38.0,38.34,0.27,0.7092,8436299,325321994,3448,TWSE,other,false,false,false,false,false,false,false,false,false,symbol_not_4_digit
2026-06-29,00949,復華日本龍頭,listed,20.3,20.37,20.26,20.29,0.01,0.0493,459555,9336342,390,TWSE,etf,false,true,false,false,false,false,false,false,false,security_type=etf;symbol_not_4_digit
2026-06-29,00951,台新日本半導體,listed,20.0,20.09,19.69,19.89,-0.28,-1.3882,3560594,70787413,1329,TWSE,other,false,false,false,false,false,false,false,false,false,symbol_not_4_digit
2026-06-29,00952,凱基台灣AI50,listed,17.99,18.49,17.99,18.24,0.32,1.7857,3072912,56187282,665,TWSE,etf,false,true,false,false,false,false,false,false,false,security_type=etf;symbol_not_4_digit
2026-06-29,00953B,群益優選非投等債,listed,9.68,9.7,9.68,9.7,0.02,0.2066,24634360,238714338,3740,TWSE,bond_etf,false,true,true,true,false,false,false,false,false,security_type=bond_etf;symbol_not_4_digit
2026-06-29,00954,中信日本半導體,listed,21.12,21.48,21.0,21.17,-0.33,-1.5349,2764084,58678791,1129,TWSE,etf,false,true,false,false,false,false,false,false,false,security_type=etf;symbol_not_4_digit
2026-06-29,00956,中信日經高股息,listed,12.03,12.08,12.0,12.03,-0.02,-0.166,118919,1431347,186,TWSE,etf,false,true,false,false,false,false,false,false,false,security_type=etf;symbol_not_4_digit
2026-06-29,00960,野村全球航運龍頭,listed,17.17,17.17,16.79,16.94,-0.23,-1.3395,1647052,27892904,500,TWSE,other,false,false,false,false,false,false,false,false,false,symbol_not_4_digit
2026-06-29,00961,FT臺灣永續高息,listed,12.59,12.63,12.52,12.57,0.07,0.56,3481769,43847332,788,TWSE,other,false,false,false,false,false,false,false,false,false,symbol_not_4_digit
2026-06-29,00962,台新AI優息動能,listed,14.35,14.64,14.35,14.47,0.19,1.3305,664274,9659370,277,TWSE,other,false,false,false,false,false,false,false,false,false,symbol_not_4_digit
2026-06-29,00963,中信全球高股息,listed,12.61,12.64,12.59,12.63,0.14,1.1209,576414,7274592,256,TWSE,etf,false,true,false,false,false,false,false,false,false,security_type=etf;symbol_not_4_digit
2026-06-29,00964,中信亞太高股息,listed,13.84,13.84,13.72,13.77,0.11,0.8053,3338622,45959755,350,TWSE,etf,false,true,false,false,false,false,false,false,false,security_type=etf;symbol_not_4_digit
2026-06-29,00965,元大航太防衛科技,listed,24.28,24.6,24.28,24.55,0.42,1.7406,1558648,38247378,878,TWSE,etf,false,true,false,false,false,false,false,false,false,security_type=etf;symbol_not_4_digit
2026-06-29,00971,野村美國研發龍頭,listed,16.19,16.54,16.19,16.52,0.33,2.0383,526554,8678318,291,TWSE,other,false,false,false,false,false,false,false,false,false,symbol_not_4_digit
2026-06-29,00972,野村日本動能高息,listed,19.31,19.32,19.2,19.22,0.03,0.1563,195076,3764601,52,TWSE,other,false,false,false,false,false,false,false,false,false,symbol_not_4_digit
2026-06-29,009800,中信NASDAQ,listed,12.88,13.01,12.88,13.0,0.13,1.0101,2158359,27999173,518,TWSE,etf,false,true,false,false,false,false,false,false,false,security_type=etf;symbol_not_4_digit
2026-06-29,009801,中信美國創新科技,listed,11.88,12.1,11.88,12.08,0.03,0.249,755834,9109434,308,TWSE,etf,false,true,false,false,false,false,false,false,false,security_type=etf;symbol_not_4_digit
2026-06-29,009802,富邦旗艦50,listed,18.4,18.84,18.4,18.58,0.25,1.3639,3733417,69716589,1183,TWSE,etf,false,true,false,false,false,false,false,false,false,security_type=etf;symbol_not_4_digit
2026-06-29,009803,玉山市值動能50,listed,21.05,21.41,21.05,21.18,0.18,0.8571,1644948,34933307,829,TWSE,other,false,false,false,false,false,false,false,false,false,symbol_not_4_digit
2026-06-29,009804,聯邦台精彩50,listed,23.32,23.59,23.27,23.43,0.27,1.1658,2380007,55918591,341,TWSE,other,false,false,false,false,false,false,false,false,false,symbol_not_4_digit
2026-06-29,009805,新光美國電力基建,listed,16.92,16.94,16.82,16.89,-0.16,-0.9384,4470671,75516220,2104,TWSE,other,false,false,false,false,false,false,false,false,false,symbol_not_4_digit
2026-06-29,009808,華南永昌優選50,listed,30.56,31.16,30.56,31.03,0.46,1.5047,438827,13604825,83,TWSE,other,false,false,false,false,false,false,false,false,false,symbol_not_4_digit
2026-06-29,009809,富邦淨零ESG50,listed,17.34,17.67,17.34,17.55,0.21,1.2111,1462851,25684908,93,TWSE,etf,false,true,false,false,false,false,false,false,false,security_type=etf;symbol_not_4_digit
2026-06-29,00980A,主動野村臺灣優選,listed,23.6,24.0,23.49,23.65,0.05,0.2119,11417164,270642059,2417,TWSE,etf,false,true,true,false,false,false,false,false,false,security_type=etf;symbol_not_4_digit
2026-06-29,009810,玉山全球藍籌100,listed,19.75,20.02,19.75,20.02,0.27,1.3671,98682,1971610,81,TWSE,other,false,false,false,false,false,false,false,false,false,symbol_not_4_digit
2026-06-29,009811,統一美國50,listed,12.6,12.68,12.59,12.66,0.15,1.199,1425807,18022787,663,TWSE,etf,false,true,false,false,false,false,false,false,false,security_type=etf;symbol_not_4_digit
2026-06-29,009812,野村日本東證,listed,12.26,12.3,12.22,12.25,0.02,0.1635,301209,3691405,171,TWSE,other,false,false,false,false,false,false,false,false,false,symbol_not_4_digit
2026-06-29,009813,貝萊德標普卓越50,listed,10.68,10.83,10.68,10.8,0.12,1.1236,2737946,29527149,703,TWSE,other,false,false,false,false,false,false,false,false,false,symbol_not_4_digit
2026-06-29,009816,凱基台灣TOP50,listed,15.04,15.26,14.99,15.05,0.05,0.3333,151378360,2289001663,30177,TWSE,etf,false,true,false,false,false,false,false,false,false,security_type=etf;symbol_not_4_digit
2026-06-29,009817,國泰日本不動產,listed,8.9,8.96,8.89,8.94,0.02,0.2242,2142991,19134341,379,TWSE,etf,false,true,false,false,false,false,false,false,false,security_type=etf;symbol_not_4_digit
2026-06-29,009818,華南永昌NASDAQxT,listed,19.21,19.48,19.21,19.45,0.24,1.2493,430285,8359045,75,TWSE,other,false,false,false,false,false,false,false,false,false,symbol_not_4_digit
2026-06-29,009819,中信數據及電力,listed,10.14,10.18,10.12,10.15,0.01,0.0986,7344171,74505423,2077,TWSE,etf,false,true,false,false,false,false,false,false,false,security_type=etf;symbol_not_4_digit
2026-06-29,00981A,主動統一台股增長,listed,29.92,30.41,29.61,29.94,0.03,0.1003,165707443,4966108375,65377,TWSE,etf,false,true,true,false,false,false,false,false,false,security_type=etf;symbol_not_4_digit
2026-06-29,00981T,平衡凱基雙核收息,listed,12.2,12.26,12.18,12.23,0.04,0.3281,4662983,57046990,299,TWSE,etf,false,true,true,false,false,false,false,false,false,security_type=etf;symbol_not_4_digit
2026-06-29,009820,元大納斯達克精選,listed,9.75,9.81,9.74,9.79,0.07,0.7202,5200928,50897943,1285,TWSE,etf,false,true,false,false,false,false,false,false,false,security_type=etf;symbol_not_4_digit
2026-06-29,009821,野村稀土關鍵資源,listed,14.18,14.37,14.18,14.24,0.01,0.0703,20712613,295590925,7144,TWSE,other,false,false,false,false,false,false,false,false,false,symbol_not_4_digit
2026-06-29,009824,群益美國科技巨頭,listed,9.97,9.97,9.86,9.88,0.01,0.1013,47567193,470881805,10395,TWSE,etf,false,true,false,false,false,false,false,false,false,security_type=etf;symbol_not_4_digit
2026-06-29,00982A,主動群益台灣強棒,listed,23.6,23.99,23.45,23.65,0.06,0.2543,24161249,572539611,6248,TWSE,etf,false,true,true,false,false,false,false,false,false,security_type=etf;symbol_not_4_digit
2026-06-29,00982D,主動富邦動態入息,listed,10.05,10.05,10.04,10.05,0.02,0.1994,651460,6542488,185,TWSE,etf,false,true,true,false,false,false,false,false,false,security_type=etf;symbol_not_4_digit
2026-06-29,00982T,平衡兆豐台美動能,listed,15.48,15.77,15.48,15.61,0.01,0.0641,43721,682324,20,TWSE,etf,false,true,true,false,false,false,false,false,false,security_type=etf;symbol_not_4_digit
2026-06-29,00983A,主動中信ARK創新,listed,11.87,12.06,11.87,12.04,0.32,2.7304,6438056,77353549,1491,TWSE,etf,false,true,true,false,false,false,false,false,false,security_type=etf;symbol_not_4_digit
2026-06-29,00983D,主動富邦複合收益,listed,10.2,10.22,10.19,10.2,0.0,0.0,803823,8203988,234,TWSE,etf,false,true,true,false,false,false,false,false,false,security_type=etf;symbol_not_4_digit
2026-06-29,00984A,主動安聯台灣高息,listed,16.17,16.38,16.04,16.1,-0.04,-0.2478,6115185,99000447,2733,TWSE,etf,false,true,true,false,false,false,false,false,false,security_type=etf;symbol_not_4_digit
2026-06-29,00984D,主動聯博全球非投,listed,10.16,10.17,10.14,10.17,0.02,0.197,10353507,105143674,873,TWSE,etf,false,true,true,false,false,false,false,false,false,security_type=etf;symbol_not_4_digit
2026-06-29,00985A,主動野村台灣50,listed,21.24,21.6,21.21,21.33,0.09,0.4237,7192383,153968781,1556,TWSE,etf,false,true,true,false,false,false,false,false,false,security_type=etf;symbol_not_4_digit
2026-06-29,00985B,群益ESG投等債0-5,listed,10.29,10.31,10.29,10.31,0.02,0.1944,4821392,49665931,532,TWSE,bond_etf,false,true,true,true,false,false,false,false,false,security_type=bond_etf;symbol_not_4_digit
2026-06-29,00986A,主動台新龍頭成長,listed,15.19,15.19,15.1,15.14,-0.05,-0.3292,208226,3155184,187,TWSE,etf,false,true,true,false,false,false,false,false,false,security_type=etf;symbol_not_4_digit
2026-06-29,00987A,主動台新優勢成長,listed,16.43,16.72,16.24,16.4,-0.02,-0.1218,3006614,49478485,1071,TWSE,etf,false,true,true,false,false,false,false,false,false,security_type=etf;symbol_not_4_digit
2026-06-29,00988A,主動統一全球創新,listed,21.85,21.93,21.3,21.45,-0.47,-2.1442,100802017,2176325112,43529,TWSE,etf,false,true,true,false,false,false,false,false,false,security_type=etf;symbol_not_4_digit
2026-06-29,00989A,主動摩根美國科技,listed,17.75,17.91,17.69,17.89,0.12,0.6753,2048190,36578743,284,TWSE,etf,false,true,true,false,false,false,false,false,false,security_type=etf;symbol_not_4_digit
2026-06-29,00990A,主動元大AI新經濟,listed,20.23,20.25,19.85,19.9,-0.33,-1.6312,46314751,927865180,14487,TWSE,etf,false,true,true,false,false,false,false,false,false,security_type=etf;symbol_not_4_digit
2026-06-29,00991A,主動復華未來50,listed,19.61,19.97,19.43,19.65,-0.1,-0.5063,84642961,1667586390,27609,TWSE,etf,false,true,true,false,false,false,false,false,false,security_type=etf;symbol_not_4_digit
2026-06-29,00992A,主動群益科技創新,listed,17.86,18.12,17.63,17.8,-0.06,-0.3359,34993243,625001002,9500,TWSE,etf,false,true,true,false,false,false,false,false,false,security_type=etf;symbol_not_4_digit
2026-06-29,00993A,主動安聯台灣,listed,13.47,13.73,13.39,13.51,0.04,0.297,7065818,95716362,1461,TWSE,etf,false,true,true,false,false,false,false,false,false,security_type=etf;symbol_not_4_digit
2026-06-29,00994A,主動第一金台股優,listed,17.16,17.44,17.01,17.17,-0.03,-0.1744,5331025,91728796,1601,TWSE,etf,false,true,true,false,false,false,false,false,false,security_type=etf;symbol_not_4_digit
2026-06-29,00995A,主動中信台灣卓越,listed,17.21,17.58,17.08,17.32,0.11,0.6392,3832180,66378779,1410,TWSE,etf,false,true,true,false,false,false,false,false,false,security_type=etf;symbol_not_4_digit
2026-06-29,00996A,主動兆豐台灣豐收,listed,15.22,15.53,15.12,15.33,0.12,0.789,6096771,93508348,1224,TWSE,etf,false,true,true,false,false,false,false,false,false,security_type=etf;symbol_not_4_digit
2026-06-29,00997A,主動群益美國增長,listed,14.01,14.01,13.68,13.8,-0.18,-1.2876,47548187,655745655,11369,TWSE,etf,false,true,true,false,false,false,false,false,false,security_type=etf;symbol_not_4_digit
2026-06-29,00999A,主動野村臺灣高息,listed,10.62,10.77,10.59,10.64,0.02,0.1883,14346119,153136803,3380,TWSE,etf,false,true,true,false,false,false,false,false,false,security_type=etf;symbol_not_4_digit
2026-06-29,01001T,土銀富邦R1,listed,11.62,11.62,11.62,11.62,0.02,0.1724,2000,23240,2,TWSE,etf,false,true,true,false,false,false,false,false,false,security_type=etf;symbol_not_4_digit
2026-06-29,01002T,土銀國泰R1,listed,13.93,13.93,13.82,13.9,-0.03,-0.2154,248000,3430750,17,TWSE,etf,false,true,true,false,false,false,false,false,false,security_type=etf;symbol_not_4_digit
2026-06-29,01004T,土銀富邦R2,listed,10.41,10.41,10.36,10.36,-0.04,-0.3846,108000,1123210,44,TWSE,etf,false,true,true,false,false,false,false,false,false,security_type=etf;symbol_not_4_digit
2026-06-29,01007T,兆豐國泰R2,listed,12.57,12.6,12.55,12.6,0.03,0.2387,116000,1456590,60,TWSE,etf,false,true,true,false,false,false,false,false,false,security_type=etf;symbol_not_4_digit
2026-06-29,01009T,王道圓滿R1,listed,5.7,5.72,5.69,5.72,0.01,0.1751,19000,108320,7,TWSE,warrant,false,false,true,false,false,false,false,false,false,security_type=warrant;symbol_not_4_digit
2026-06-29,01010T,京城樂富R1,listed,10.0,10.0,9.97,10.0,0.0,0.0,22125071,221692490,12,TWSE,warrant,false,false,true,false,false,false,false,false,false,security_type=warrant;symbol_not_4_digit
2026-06-29,020000,富邦特選蘋果N,listed,,,,,0.0,,0,0,0,TWSE,etf,false,true,false,false,false,false,false,false,false,security_type=etf;symbol_not_4_digit;invalid_close;invalid_volume;invalid_turnover
2026-06-29,020011,統一微波高息20N,listed,,,,,0.0,,0,0,0,TWSE,etf,false,true,false,false,false,false,false,false,false,security_type=etf;symbol_not_4_digit;invalid_close;invalid_volume;invalid_turnover
2026-06-29,020012,富邦行動通訊N,listed,,,,,0.0,,0,0,0,TWSE,etf,false,true,false,false,false,false,false,false,false,security_type=etf;symbol_not_4_digit;invalid_close;invalid_volume;invalid_turnover
2026-06-29,02001L,富邦蘋果正二N,listed,175.0,178.0,169.6,173.45,5.85,3.4905,124000,21625250,45,TWSE,etf,false,true,true,false,false,false,false,false,false,security_type=etf;symbol_not_4_digit
2026-06-29,020020,元大台股領航N,listed,26.76,26.78,26.66,26.66,0.18,0.6798,11000,293830,4,TWSE,etf,false,true,false,false,false,false,false,false,false,security_type=etf;symbol_not_4_digit
2026-06-29,020028,元大特選電動車N,listed,19.26,19.26,19.18,19.18,0.0,0.0,9000,172820,3,TWSE,etf,false,true,false,false,false,false,false,false,false,security_type=etf;symbol_not_4_digit
2026-06-29,020029,元大ESG高股息N,listed,18.06,18.2,18.06,18.15,0.2,1.1142,11000,199240,8,TWSE,etf,false,true,false,false,false,false,false,false,false,security_type=etf;symbol_not_4_digit
2026-06-29,020030,統一智慧電動車N,listed,18.22,18.33,18.2,18.29,0.08,0.4393,29000,528400,9,TWSE,etf,false,true,false,false,false,false,false,false,false,security_type=etf;symbol_not_4_digit
2026-06-29,020031,統一IC設計臺灣N,listed,9.95,10.12,9.95,10.04,0.09,0.9045,74000,743000,10,TWSE,etf,false,true,false,false,false,false,false,false,false,security_type=etf;symbol_not_4_digit
2026-06-29,020032,元大綠能N,listed,10.28,10.28,10.24,10.24,-0.03,-0.2921,3000,30760,2,TWSE,etf,false,true,false,false,false,false,false,false,false,security_type=etf;symbol_not_4_digit
2026-06-29,020034,元大IC設計N,listed,14.06,14.27,14.0,14.0,0.13,0.9373,24000,338940,5,TWSE,etf,false,true,false,false,false,false,false,false,false,security_type=etf;symbol_not_4_digit
2026-06-29,020036,元大金融配息N,listed,9.74,9.81,9.71,9.71,0.0,0.0,3000,29260,3,TWSE,etf,false,true,false,false,false,false,false,false,false,security_type=etf;symbol_not_4_digit
2026-06-29,020037,元大金融高股息N,listed,10.88,10.89,10.74,10.74,-0.08,-0.7394,9000,97100,5,TWSE,etf,false,true,false,false,false,false,false,false,false,security_type=etf;symbol_not_4_digit
2026-06-29,020038,元大ESG配息N,listed,14.05,14.05,14.05,14.05,0.15,1.0791,1000,14050,1,TWSE,etf,false,true,false,false,false,false,false,false,false,security_type=etf;symbol_not_4_digit
2026-06-29,020039,元大加權N,listed,14.22,14.39,14.22,14.39,0.24,1.6961,201000,2872390,4,TWSE,etf,false,true,false,false,false,false,false,false,false,security_type=etf;symbol_not_4_digit
2026-06-29,1101,台泥,listed,24.7,24.7,24.1,24.15,0.0,0.0,25608721,620924569,6712,TWSE,common_stock,true,false,false,false,false,false,false,false,true,
2026-06-29,1101B,台泥乙特,listed,45.4,45.45,45.4,45.45,0.05,0.1101,37276,1692478,11,TWSE,warrant,false,false,true,false,false,false,false,false,false,security_type=warrant;symbol_not_4_digit
2026-06-29,1102,亞泥,listed,36.1,36.25,35.35,35.45,-0.3,-0.8392,15890417,564492341,9739,TWSE,common_stock,true,false,false,false,false,false,false,false,true,
2026-06-29,1103,嘉泥,listed,13.6,13.6,13.4,13.45,0.05,0.3731,239064,3220429,160,TWSE,common_stock,true,false,false,false,false,false,false,false,true,
2026-06-29,1104,環泥,listed,26.7,27.1,26.55,27.0,0.45,1.6949,937210,25068107,529,TWSE,common_stock,true,false,false,false,false,false,false,false,true,
2026-06-29,1108,幸福,listed,13.8,13.8,13.65,13.7,0.0,0.0,179778,2466307,99,TWSE,common_stock,true,false,false,false,false,false,false,false,true,
2026-06-29,1109,信大,listed,14.7,14.7,14.5,14.55,-0.05,-0.3425,143332,2095458,124,TWSE,common_stock,true,false,false,false,false,false,false,false,true,
2026-06-29,1110,東泥,listed,14.95,15.05,14.85,15.0,0.1,0.6711,126736,1896447,111,TWSE,common_stock,true,false,false,false,false,false,false,false,true,
2026-06-29,1201,味全,listed,12.2,12.35,12.2,12.3,0.1,0.8197,336910,4132791,292,TWSE,common_stock,true,false,false,false,false,false,false,false,true,
2026-06-29,1203,味王,listed,43.05,43.1,42.8,43.1,0.6,1.4118,17511,752425,66,TWSE,common_stock,true,false,false,false,false,false,false,false,true,
2026-06-29,1210,大成,listed,55.2,56.0,55.2,55.2,0.0,0.0,3533572,196459255,2012,TWSE,common_stock,true,false,false,false,false,false,false,false,true,
2026-06-29,1213,大飲,listed,7.81,8.0,7.5,7.5,-0.06,-0.7937,63616,483640,34,TWSE,common_stock,true,false,false,false,false,false,false,false,true,
2026-06-29,1215,卜蜂,listed,114.0,116.0,114.0,115.5,1.5,1.3158,706145,81192254,1012,TWSE,common_stock,true,false,false,false,false,false,false,false,true,
2026-06-29,1216,統一,listed,75.5,75.9,74.9,75.7,1.1,1.4745,9580653,724223578,5535,TWSE,etf,false,true,false,false,false,false,false,false,false,security_type=etf
2026-06-29,1217,愛之味,listed,9.72,9.83,9.72,9.79,0.03,0.3074,436320,4271948,340,TWSE,common_stock,true,false,false,false,false,false,false,false,true,
2026-06-29,1218,泰山,listed,17.8,18.0,17.8,18.0,0.25,1.4085,438482,7858583,365,TWSE,common_stock,true,false,false,false,false,false,false,false,true,
2026-06-29,1219,福壽,listed,12.5,12.55,12.35,12.55,0.15,1.2097,459532,5731139,231,TWSE,common_stock,true,false,false,false,false,false,false,false,true,
2026-06-29,1220,台榮,listed,11.45,11.55,11.45,11.5,0.05,0.4367,34676,399612,138,TWSE,common_stock,true,false,false,false,false,false,false,false,true,
2026-06-29,1225,福懋油,listed,29.4,29.7,29.15,29.15,-0.25,-0.8503,274309,8074149,178,TWSE,common_stock,true,false,false,false,false,false,false,false,true,
2026-06-29,1227,佳格,listed,29.05,29.35,29.0,29.35,0.3,1.0327,694195,20264390,450,TWSE,common_stock,true,false,false,false,false,false,false,false,true,
2026-06-29,1229,聯華,listed,42.9,43.1,42.6,42.7,0.25,0.5889,2779577,119241603,2222,TWSE,common_stock,true,false,false,false,false,false,false,false,true,
2026-06-29,1231,聯華食,listed,88.0,88.2,87.7,88.1,1.0,1.1481,276548,24331496,402,TWSE,common_stock,true,false,false,false,false,false,false,false,true,
2026-06-29,1232,大統益,listed,140.5,141.5,140.5,140.5,-0.5,-0.3546,119409,16818331,324,TWSE,common_stock,true,false,false,false,false,false,false,false,true,
2026-06-29,1233,天仁,listed,28.4,28.4,28.3,28.3,0.1,0.3546,10166,288378,13,TWSE,common_stock,true,false,false,false,false,false,false,false,true,
2026-06-29,1234,黑松,listed,33.5,33.7,33.4,33.5,0.0,0.0,224100,7507917,316,TWSE,common_stock,true,false,false,false,false,false,false,false,true,
2026-06-29,1235,興泰,listed,36.5,36.7,36.2,36.5,0.35,0.9682,15526,565677,20,TWSE,common_stock,true,false,false,false,false,false,false,false,true,
2026-06-29,1236,宏亞,listed,25.85,25.9,25.75,25.8,0.0,0.0,25282,651948,59,TWSE,common_stock,true,false,false,false,false,false,false,false,true,
2026-06-29,1256,鮮活果汁-KY,listed,176.5,179.5,175.5,176.0,-1.0,-0.565,47553,8424141,197,TWSE,common_stock,true,false,false,false,false,false,false,false,true,
2026-06-29,1301,台塑,listed,52.7,53.5,52.1,53.2,1.0,1.9157,21674448,1148168078,9846,TWSE,common_stock,true,false,false,false,false,false,false,false,true,
2026-06-29,1303,南亞,listed,145.0,154.5,145.0,151.5,3.5,2.3649,26522886,3995629573,16222,TWSE,common_stock,true,false,false,false,false,false,false,false,true,
2026-06-29,1304,台聚,listed,13.25,13.4,13.05,13.2,0.0,0.0,3093252,40776050,1212,TWSE,common_stock,true,false,false,false,false,false,false,false,true,
2026-06-29,1305,華夏,listed,13.0,13.2,12.9,12.9,-0.1,-0.7692,1857049,24119096,847,TWSE,common_stock,true,false,false,false,false,false,false,false,true,
2026-06-29,1307,三芳,listed,34.35,34.9,34.3,34.65,0.3,0.8734,688766,23843206,454,TWSE,common_stock,true,false,false,false,false,false,false,false,true,
2026-06-29,1308,亞聚,listed,13.9,13.95,13.75,13.8,0.05,0.3636,898134,12414736,429,TWSE,common_stock,true,false,false,false,false,false,false,false,true,
2026-06-29,1309,台達化,listed,14.5,14.65,14.25,14.3,-0.15,-1.0381,1831589,26408143,1043,TWSE,common_stock,true,false,false,false,false,false,false,false,true,
2026-06-29,1310,台苯,listed,10.15,10.35,9.95,10.0,0.09,0.9082,7365104,74504426,2237,TWSE,common_stock,true,false,false,false,false,false,false,false,true,
2026-06-29,1312,國喬,listed,14.0,14.25,13.9,14.15,0.15,1.0714,13460216,189535458,3610,TWSE,common_stock,true,false,false,false,false,false,false,false,true,
2026-06-29,1312A,國喬特,listed,21.7,21.9,21.7,21.85,0.0,0.0,22000,479350,10,TWSE,warrant,false,false,true,false,false,false,false,false,false,security_type=warrant;symbol_not_4_digit
2026-06-29,1313,聯成,listed,12.6,12.65,12.1,12.2,-0.15,-1.2146,7593674,92969904,3274,TWSE,common_stock,true,false,false,false,false,false,false,false,true,
2026-06-29,1314,中石化,listed,7.98,8.15,7.95,8.11,0.14,1.7566,24608649,199197915,5638,TWSE,common_stock,true,false,false,false,false,false,false,false,true,
2026-06-29,1315,達新,listed,62.5,62.6,62.1,62.1,0.1,0.1613,51062,3189944,24,TWSE,common_stock,true,false,false,false,false,false,false,false,true,
2026-06-29,1316,上曜,listed,10.15,10.45,10.15,10.35,0.25,2.4752,1420445,14735101,680,TWSE,common_stock,true,false,false,false,false,false,false,false,true,
2026-06-29,1319,東陽,listed,77.5,78.5,75.8,76.2,-1.1,-1.423,6739591,515827199,5011,TWSE,common_stock,true,false,false,false,false,false,false,false,true,
2026-06-29,1321,大洋,listed,30.9,31.0,30.7,31.0,0.3,0.9772,60001,1849380,56,TWSE,common_stock,true,false,false,false,false,false,false,false,true,
2026-06-29,1323,永裕,listed,19.65,19.7,19.45,19.7,0.3,1.5464,17275,338230,76,TWSE,common_stock,true,false,false,false,false,false,false,false,true,
2026-06-29,1324,地球,listed,10.25,10.45,10.25,10.35,0.1,0.9756,48613,504594,60,TWSE,common_stock,true,false,false,false,false,false,false,false,true,
2026-06-29,1325,恆大,listed,24.05,24.25,23.8,24.1,-0.3,-1.2295,437095,10496461,341,TWSE,common_stock,true,false,false,false,false,false,false,false,true,
2026-06-29,1326,台化,listed,54.4,55.5,53.1,54.9,0.7,1.2915,17116244,933891496,9399,TWSE,common_stock,true,false,false,false,false,false,false,false,true,
2026-06-29,1337,再生-KY,listed,4.83,4.91,4.83,4.86,0.03,0.6211,101948,495804,112,TWSE,common_stock,true,false,false,false,false,false,false,false,true,
2026-06-29,1338,廣華-KY,listed,16.75,16.85,16.6,16.7,0.1,0.6024,102043,1704157,71,TWSE,common_stock,true,false,false,false,false,false,false,false,true,
2026-06-29,1339,昭輝,listed,43.6,43.85,42.9,43.0,-0.4,-0.9217,82830,3575759,173,TWSE,common_stock,true,false,false,false,false,false,false,false,true,
2026-06-29,1340,勝悅-KY,listed,5.29,5.38,5.26,5.3,0.01,0.189,98535,522722,162,TWSE,common_stock,true,false,false,false,false,false,false,false,true,
2026-06-29,1341,富林-KY,listed,57.8,58.0,57.0,57.0,-0.5,-0.8696,4012,230958,6,TWSE,common_stock,true,false,false,false,false,false,false,false,true,
2026-06-29,1342,八貫,listed,112.5,114.0,111.0,112.5,1.5,1.3514,561620,63203762,643,TWSE,common_stock,true,false,false,false,false,false,false,false,true,
2026-06-29,1402,遠東新,listed,28.7,29.1,28.5,29.05,0.55,1.9298,26221988,759081736,5552,TWSE,common_stock,true,false,false,false,false,false,false,false,true,
2026-06-29,1409,新纖,listed,26.05,26.9,25.4,25.9,-0.2,-0.7663,25094132,657409098,11025,TWSE,common_stock,true,false,false,false,false,false,false,false,true,
2026-06-29,1410,南染,listed,24.85,25.8,24.4,25.5,0.65,2.6157,130124,3232947,107,TWSE,common_stock,true,false,false,false,false,false,false,false,true,
2026-06-29,1413,宏洲,listed,9.31,9.4,9.31,9.37,0.06,0.6445,24216,226446,21,TWSE,common_stock,true,false,false,false,false,false,false,false,true,
2026-06-29,1414,東和,listed,17.7,18.5,17.45,18.3,0.7,3.9773,221702,3966037,280,TWSE,common_stock,true,false,false,false,false,false,false,false,true,
2026-06-29,1416,廣豐,listed,10.8,10.9,10.75,10.75,-0.05,-0.463,146152,1575709,128,TWSE,common_stock,true,false,false,false,false,false,false,false,true,
2026-06-29,1417,嘉裕,listed,8.31,8.5,8.31,8.45,0.1,1.1976,126839,1067537,119,TWSE,common_stock,true,false,false,false,false,false,false,false,true,
2026-06-29,1418,東華,listed,18.0,18.0,17.85,17.85,0.05,0.2809,2973,52773,21,TWSE,common_stock,true,false,false,false,false,false,false,false,true,
2026-06-29,1419,新紡,listed,65.1,66.0,64.1,65.0,-0.5,-0.7634,243035,15756980,204,TWSE,common_stock,true,false,false,false,false,false,false,false,true,
2026-06-29,1423,利華,listed,37.4,37.9,36.5,36.5,-0.75,-2.0134,67200,2493340,57,TWSE,common_stock,true,false,false,false,false,false,false,false,true,
2026-06-29,1432,大魯閣,listed,15.35,15.35,15.15,15.2,-0.05,-0.3279,261171,3981233,507,TWSE,common_stock,true,false,false,false,false,false,false,false,true,
2026-06-29,1434,福懋,listed,16.9,17.15,16.75,17.0,0.3,1.7964,2275739,38643046,853,TWSE,common_stock,true,false,false,false,false,false,false,false,true,
2026-06-29,1435,中福,listed,22.65,24.9,22.0,24.9,2.25,9.9338,139385,3318705,160,TWSE,common_stock,true,false,false,false,false,false,false,false,true,
2026-06-29,1436,華友聯,listed,45.1,45.2,44.8,44.85,0.3,0.6734,242612,10898434,207,TWSE,common_stock,true,false,false,false,false,false,false,false,true,
2026-06-29,1437,勤益控,listed,30.15,30.2,29.65,30.1,0.0,0.0,140592,4231394,92,TWSE,common_stock,true,false,false,false,false,false,false,false,true,
2026-06-29,1438,三地開發,listed,22.8,23.3,22.4,22.9,0.1,0.4386,112258,2558679,84,TWSE,common_stock,true,false,false,false,false,false,false,false,true,
2026-06-29,1439,雋揚,listed,23.95,24.5,23.95,24.4,0.45,1.8789,103004,2476646,25,TWSE,common_stock,true,false,false,false,false,false,false,false,true,
2026-06-29,1440,南紡,listed,13.1,13.35,13.0,13.25,0.25,1.9231,1570751,20802338,667,TWSE,common_stock,true,false,false,false,false,false,false,false,true,
2026-06-29,1441,大東,listed,9.03,9.05,9.03,9.03,0.0,0.0,43696,394848,74,TWSE,common_stock,true,false,false,false,false,false,false,false,true,
2026-06-29,1442,名軒,listed,27.0,27.35,26.85,26.85,-0.15,-0.5556,167042,4504507,134,TWSE,common_stock,true,false,false,false,false,false,false,false,true,
2026-06-29,1443,立益物流,listed,25.95,26.05,25.8,25.95,0.3,1.1696,6008,155953,11,TWSE,common_stock,true,false,false,false,false,false,false,false,true,
2026-06-29,1444,力麗,listed,7.59,8.15,7.59,8.15,0.74,9.9865,13365937,108204303,4218,TWSE,common_stock,true,false,false,false,false,false,false,false,true,
2026-06-29,1445,大宇,listed,10.75,11.85,10.75,11.8,1.0,9.2593,597075,7014139,607,TWSE,common_stock,true,false,false,false,false,false,false,false,true,
2026-06-29,1446,宏和,listed,16.7,16.75,16.4,16.55,0.1,0.6079,236474,3927288,129,TWSE,common_stock,true,false,false,false,false,false,false,false,true,
2026-06-29,1447,力鵬,listed,6.4,6.84,6.4,6.84,0.62,9.9678,4881834,33287407,1160,TWSE,common_stock,true,false,false,false,false,false,false,false,true,
2026-06-29,1449,佳和,listed,14.1,14.75,14.05,14.45,0.45,3.2143,1495698,21630375,1090,TWSE,common_stock,true,false,false,false,false,false,false,false,true,
2026-06-29,1451,年興,listed,16.95,17.05,16.9,17.0,0.15,0.8902,97602,1657117,78,TWSE,common_stock,true,false,false,false,false,false,false,false,true,
2026-06-29,1452,宏益,listed,10.8,10.95,10.8,10.95,0.15,1.3889,53354,579509,54,TWSE,common_stock,true,false,false,false,false,false,false,false,true,
2026-06-29,1453,大將,listed,11.25,11.3,11.0,11.1,-0.15,-1.3333,109866,1221102,220,TWSE,common_stock,true,false,false,false,false,false,false,false,true,
2026-06-29,1454,台富,listed,12.65,12.75,12.65,12.75,0.0,0.0,26628,338309,80,TWSE,common_stock,true,false,false,false,false,false,false,false,true,
2026-06-29,1455,集盛,listed,9.52,10.05,9.52,9.61,0.08,0.8395,1303397,12753008,801,TWSE,common_stock,true,false,false,false,false,false,false,false,true,
2026-06-29,1456,怡華,listed,14.6,14.6,14.05,14.25,-0.05,-0.3497,136302,1936078,89,TWSE,common_stock,true,false,false,false,false,false,false,false,true,
2026-06-29,1457,宜進,listed,14.05,14.25,14.05,14.25,0.2,1.4235,83611,1184011,86,TWSE,common_stock,true,false,false,false,false,false,false,false,true,
2026-06-29,1459,聯發,listed,11.55,11.7,11.55,11.65,0.15,1.3043,93064,1080271,77,TWSE,common_stock,true,false,false,false,false,false,false,false,true,
2026-06-29,1460,宏遠,listed,7.01,7.13,7.01,7.1,0.08,1.1396,504295,3577488,235,TWSE,common_stock,true,false,false,false,false,false,false,false,true,
2026-06-29,1463,強盛新,listed,17.45,17.45,17.15,17.3,-0.15,-0.8596,42194,727889,55,TWSE,common_stock,true,false,false,false,false,false,false,false,true,
2026-06-29,1464,得力,listed,10.1,10.3,10.1,10.3,0.2,1.9802,537545,5508475,358,TWSE,common_stock,true,false,false,false,false,false,false,false,true,
2026-06-29,1465,偉全,listed,12.6,12.8,12.45,12.6,0.0,0.0,128502,1617896,174,TWSE,common_stock,true,false,false,false,false,false,false,false,true,
2026-06-29,1466,聚隆,listed,14.0,14.8,14.0,14.8,0.7,4.9645,197523,2820700,167,TWSE,common_stock,true,false,false,false,false,false,false,false,true,
2026-06-29,1467,南緯,listed,7.0,7.28,7.0,7.17,0.17,2.4286,377022,2702659,221,TWSE,common_stock,true,false,false,false,false,false,false,false,true,
2026-06-29,1468,昶和,listed,11.8,11.9,11.65,11.85,0.0,0.0,51001,602162,42,TWSE,common_stock,true,false,false,false,false,false,false,false,true,
2026-06-29,1470,大統新創,listed,22.25,22.25,21.7,21.7,-0.15,-0.6865,2000,43950,2,TWSE,common_stock,true,false,false,false,false,false,false,false,true,
2026-06-29,1471,首利,listed,10.9,10.95,10.4,10.5,-0.2,-1.8692,793905,8434626,454,TWSE,common_stock,true,false,false,false,false,false,false,false,true,
2026-06-29,1472,三洋實業,listed,84.5,89.9,82.3,89.9,0.0,0.0,77489,6618122,142,TWSE,common_stock,true,false,false,false,false,false,false,false,true,
2026-06-29,1473,台南,listed,19.9,20.0,19.75,19.75,-0.1,-0.5038,93704,1861006,121,TWSE,common_stock,true,false,false,false,false,false,false,false,true,
2026-06-29,1474,弘裕,listed,10.1,10.2,10.05,10.15,0.05,0.495,110125,1110765,72,TWSE,common_stock,true,false,false,false,false,false,false,false,true,
2026-06-29,1475,業旺,listed,27.25,27.25,27.15,27.2,-0.1,-0.3663,7016,190800,9,TWSE,common_stock,true,false,false,false,false,false,false,false,true,
2026-06-29,1476,儒鴻,listed,317.0,326.0,316.5,325.5,10.0,3.1696,1878113,605985924,1957,TWSE,common_stock,true,false,false,false,false,false,false,false,true,
2026-06-29,1477,聚陽,listed,217.0,222.5,217.0,222.0,6.0,2.7778,2322716,512754668,2352,TWSE,common_stock,true,false,false,false,false,false,false,false,true,
2026-06-29,1503,士電,listed,235.0,247.0,234.5,237.5,4.0,1.7131,4823942,1161791252,5419,TWSE,common_stock,true,false,false,false,false,false,false,false,true,
2026-06-29,1504,東元,listed,68.4,70.2,68.4,69.0,1.1,1.62,8204579,568060899,5943,TWSE,common_stock,true,false,false,false,false,false,false,false,true,
2026-06-29,1506,正道,listed,10.0,10.1,9.98,10.1,0.11,1.1011,200649,2009001,108,TWSE,common_stock,true,false,false,false,false,false,false,false,true,
2026-06-29,1512,瑞利,listed,6.79,6.87,6.7,6.71,-0.06,-0.8863,155848,1048870,91,TWSE,common_stock,true,false,false,false,false,false,false,false,true,
2026-06-29,1513,中興電,listed,176.5,180.5,175.0,175.5,0.0,0.0,6747459,1196040329,7202,TWSE,common_stock,true,false,false,false,false,false,false,false,true,
2026-06-29,1514,亞力,listed,119.0,122.5,118.0,119.0,0.5,0.4219,2693374,322332090,2700,TWSE,common_stock,true,false,false,false,false,false,false,false,true,
2026-06-29,1515,力山,listed,30.85,33.55,30.35,31.45,0.95,3.1148,5499347,177242886,4763,TWSE,common_stock,true,false,false,false,false,false,false,false,true,
2026-06-29,1516,川飛,listed,19.3,19.35,19.3,19.35,0.05,0.2591,9291,179436,42,TWSE,common_stock,true,false,false,false,false,false,false,false,true,
2026-06-29,1517,利奇,listed,10.3,10.75,10.3,10.5,0.25,2.439,517420,5452146,282,TWSE,common_stock,true,false,false,false,false,false,false,false,true,
2026-06-29,1519,華城,listed,781.0,804.0,779.0,783.0,3.0,0.3846,1663884,1312211303,4783,TWSE,common_stock,true,false,false,false,false,false,false,false,true,
2026-06-29,1521,大億,listed,25.35,26.0,25.35,25.95,0.05,0.1931,82332,2132527,57,TWSE,common_stock,true,false,false,false,false,false,false,false,true,
2026-06-29,1522,堤維西,listed,30.0,30.25,29.85,30.0,0.15,0.5025,275062,8246842,437,TWSE,common_stock,true,false,false,false,false,false,false,false,true,
2026-06-29,1522A,堤維西甲特,listed,,,,,0.0,,287,14149,1,TWSE,warrant,false,false,true,false,false,false,false,false,false,security_type=warrant;symbol_not_4_digit;invalid_close
2026-06-29,1524,耿鼎,listed,28.8,29.0,28.5,28.6,0.0,0.0,271882,7806381,357,TWSE,common_stock,true,false,false,false,false,false,false,false,true,
2026-06-29,1525,江申,listed,63.7,63.7,62.3,62.4,-0.2,-0.3195,28450,1793833,52,TWSE,common_stock,true,false,false,false,false,false,false,false,true,
2026-06-29,1526,日馳,listed,14.0,14.2,13.9,14.0,0.1,0.7194,84434,1183226,105,TWSE,common_stock,true,false,false,false,false,false,false,false,true,
2026-06-29,1527,鑽全,listed,33.7,33.7,33.25,33.35,0.15,0.4518,95586,3188914,127,TWSE,common_stock,true,false,false,false,false,false,false,false,true,
2026-06-29,1528,恩德,listed,23.15,23.9,23.1,23.5,0.6,2.6201,1633831,38489460,1132,TWSE,common_stock,true,false,false,false,false,false,false,false,true,
2026-06-29,1529,樂事綠能,listed,21.8,22.65,21.75,22.05,0.3,1.3793,316380,7036869,262,TWSE,common_stock,true,false,false,false,false,false,false,false,true,
2026-06-29,1530,亞崴,listed,29.15,29.15,28.1,28.2,-0.4,-1.3986,75419,2146883,139,TWSE,common_stock,true,false,false,false,false,false,false,false,true,
2026-06-29,1531,高林股,listed,12.75,13.0,12.75,12.85,0.1,0.7843,227786,2939097,102,TWSE,common_stock,true,false,false,false,false,false,false,false,true,
2026-06-29,1532,勤美,listed,22.5,22.85,22.5,22.65,0.1,0.4435,352737,8020843,204,TWSE,common_stock,true,false,false,false,false,false,false,false,true,
2026-06-29,1533,車王電,listed,36.0,36.35,35.1,35.4,-0.3,-0.8403,150655,5341139,137,TWSE,common_stock,true,false,false,false,false,false,false,false,true,
2026-06-29,1535,中宇,listed,49.75,49.95,49.65,49.65,-0.1,-0.201,44742,2226796,59,TWSE,common_stock,true,false,false,false,false,false,false,false,true,
2026-06-29,1536,和大,listed,47.6,48.2,47.1,47.6,0.5,1.0616,879212,41935866,789,TWSE,common_stock,true,false,false,false,false,false,false,false,true,
2026-06-29,1537,廣隆,listed,125.0,126.0,125.0,125.0,0.0,0.0,34394,4314388,76,TWSE,common_stock,true,false,false,false,false,false,false,false,true,
2026-06-29,1538,正峰,listed,,,,,0.0,,1,11,1,TWSE,other,false,false,false,false,false,false,false,false,false,invalid_close
2026-06-29,1539,巨庭,listed,15.5,15.6,15.4,15.45,-0.05,-0.3226,33318,515978,16,TWSE,common_stock,true,false,false,false,false,false,false,false,true,
2026-06-29,1540,喬福,listed,21.3,21.65,21.25,21.45,0.2,0.9412,120234,2581452,124,TWSE,common_stock,true,false,false,false,false,false,false,false,true,
2026-06-29,1541,錩泰,listed,21.8,22.25,21.2,21.45,0.0,0.0,28857,621506,39,TWSE,common_stock,true,false,false,false,false,false,false,false,true,
2026-06-29,1558,伸興,listed,91.0,91.0,90.1,90.4,0.4,0.4444,48513,4386443,75,TWSE,common_stock,true,false,false,false,false,false,false,false,true,
2026-06-29,1560,中砂,listed,708.0,754.0,705.0,738.0,35.0,4.9787,1582209,1162341034,3111,TWSE,common_stock,true,false,false,false,false,false,false,false,true,
2026-06-29,1563,巧新,listed,64.3,65.1,61.5,62.6,-1.8,-2.795,1621271,102739494,1219,TWSE,common_stock,true,false,false,false,false,false,false,false,true,
2026-06-29,1568,倉佑,listed,37.4,38.85,36.2,37.35,-0.1,-0.267,895830,33703098,667,TWSE,common_stock,true,false,false,false,false,false,false,false,true,
2026-06-29,1582,信錦,listed,84.1,84.5,81.8,82.4,-1.0,-1.199,1375021,114269758,1618,TWSE,common_stock,true,false,false,false,false,false,false,false,true,
2026-06-29,1583,程泰,listed,48.75,49.8,48.75,49.45,0.4,0.8155,13780,677975,25,TWSE,common_stock,true,false,false,false,false,false,false,false,true,
2026-06-29,1587,吉茂,listed,26.7,27.65,26.65,27.4,0.7,2.6217,248332,6750775,203,TWSE,common_stock,true,false,false,false,false,false,false,false,true,
2026-06-29,1590,亞德客-KY,listed,1360.0,1420.0,1345.0,1355.0,-5.0,-0.3676,1074562,1470164295,1451,TWSE,common_stock,true,false,false,false,false,false,false,false,true,
2026-06-29,1597,直得,listed,142.0,143.5,135.5,138.0,-1.5,-1.0753,1030973,143110825,1262,TWSE,common_stock,true,false,false,false,false,false,false,false,true,
2026-06-29,1598,岱宇,listed,19.4,19.65,19.25,19.35,0.15,0.7812,191733,3735671,107,TWSE,common_stock,true,false,false,false,false,false,false,false,true,
2026-06-29,1603,華電,listed,31.0,31.55,31.0,31.25,0.15,0.4823,208813,6530082,145,TWSE,common_stock,true,false,false,false,false,false,false,false,true,
2026-06-29,1604,聲寶,listed,23.1,23.8,23.1,23.4,0.35,1.5184,851479,19975432,438,TWSE,common_stock,true,false,false,false,false,false,false,false,true,
2026-06-29,1605,華新,listed,35.7,36.1,35.1,35.4,0.0,0.0,17681140,629093887,9281,TWSE,common_stock,true,false,false,false,false,false,false,false,true,
2026-06-29,1608,華榮,listed,32.8,33.45,32.8,32.95,0.15,0.4573,1525952,50546139,1024,TWSE,common_stock,true,false,false,false,false,false,false,false,true,
2026-06-29,1609,大亞,listed,35.7,37.2,35.55,36.85,1.55,4.3909,4260227,155035309,2641,TWSE,common_stock,true,false,false,false,false,false,false,false,true,
2026-06-29,1611,中電,listed,12.8,13.2,12.8,13.2,0.4,3.125,676298,8828157,397,TWSE,common_stock,true,false,false,false,false,false,false,false,true,
2026-06-29,1612,宏泰,listed,37.25,37.5,36.85,37.0,-0.05,-0.135,1079228,39986330,823,TWSE,common_stock,true,false,false,false,false,false,false,false,true,
2026-06-29,1614,三洋電,listed,31.6,31.9,31.6,31.65,0.25,0.7962,65118,2066788,41,TWSE,common_stock,true,false,false,false,false,false,false,false,true,
2026-06-29,1615,大山,listed,44.85,45.0,44.4,44.6,0.4,0.905,79001,3531003,126,TWSE,common_stock,true,false,false,false,false,false,false,false,true,
2026-06-29,1616,億泰,listed,21.75,22.45,21.75,22.1,0.3,1.3761,461596,10228247,330,TWSE,common_stock,true,false,false,false,false,false,false,false,true,
2026-06-29,1617,榮星,listed,18.95,18.95,18.95,18.95,1.7,9.8551,1156495,21915546,408,TWSE,common_stock,true,false,false,false,false,false,false,false,true,
2026-06-29,1618,合機,listed,39.6,40.8,39.6,40.55,0.95,2.399,505555,20437066,599,TWSE,common_stock,true,false,false,false,false,false,false,false,true,
2026-06-29,1623,大東電,listed,211.0,215.0,211.0,212.0,1.5,0.7126,86119,18266208,153,TWSE,common_stock,true,false,false,false,false,false,false,false,true,
2026-06-29,1626,艾美特-KY,listed,10.05,10.8,10.0,10.8,0.98,9.9796,435457,4624027,498,TWSE,common_stock,true,false,false,false,false,false,false,false,true,
2026-06-29,1702,南僑,listed,31.3,31.55,31.3,31.5,0.25,0.8,211858,6669018,219,TWSE,common_stock,true,false,false,false,false,false,false,false,true,
2026-06-29,1707,葡萄王,listed,95.4,95.5,93.3,93.8,-1.6,-1.6771,1499403,140948203,1790,TWSE,common_stock,true,false,false,false,false,false,false,false,true,
2026-06-29,1708,東鹼,listed,53.6,54.4,52.1,53.9,0.4,0.7477,8791775,467633795,5996,TWSE,common_stock,true,false,false,false,false,false,false,false,true,
2026-06-29,1709,和益,listed,21.1,21.4,21.1,21.3,0.25,1.1876,704484,14968378,404,TWSE,common_stock,true,false,false,false,false,false,false,false,true,
2026-06-29,1710,東聯,listed,14.15,15.3,14.05,15.25,1.15,8.156,15215158,226734701,5484,TWSE,common_stock,true,false,false,false,false,false,false,false,true,
2026-06-29,1711,永光,listed,42.8,44.15,42.1,43.6,1.05,2.4677,5311731,230754719,3428,TWSE,common_stock,true,false,false,false,false,false,false,false,true,
2026-06-29,1712,興農,listed,39.0,39.35,39.0,39.15,0.25,0.6427,270165,10595256,273,TWSE,common_stock,true,false,false,false,false,false,false,false,true,
2026-06-29,1713,國化,listed,49.65,50.1,49.55,49.55,0.05,0.101,202316,10065318,117,TWSE,common_stock,true,false,false,false,false,false,false,false,true,
2026-06-29,1714,和桐,listed,18.2,19.4,18.2,18.9,0.35,1.8868,7186003,136739823,3158,TWSE,common_stock,true,false,false,false,false,false,false,false,true,
2026-06-29,1717,長興,listed,71.0,73.7,70.5,72.9,0.0,0.0,10227180,742747403,7207,TWSE,common_stock,true,false,false,false,false,false,false,false,true,
2026-06-29,1718,中纖,listed,11.85,12.25,11.85,12.25,1.1,9.8655,33754509,408403043,7021,TWSE,common_stock,true,false,false,false,false,false,false,false,true,
2026-06-29,1720,生達,listed,62.9,63.3,62.9,63.2,0.5,0.7974,105007,6622237,109,TWSE,common_stock,true,false,false,false,false,false,false,false,true,
2026-06-29,1721,三晃,listed,22.9,23.65,22.7,23.1,0.2,0.8734,679999,15744858,508,TWSE,common_stock,true,false,false,false,false,false,false,false,true,
2026-06-29,1722,台肥,listed,47.8,47.8,47.25,47.7,0.5,1.0593,1268476,60309574,900,TWSE,common_stock,true,false,false,false,false,false,false,false,true,
2026-06-29,1723,中碳,listed,83.6,83.9,82.4,83.0,-0.6,-0.7177,407922,33963672,491,TWSE,common_stock,true,false,false,false,false,false,false,false,true,
2026-06-29,1725,元禎,listed,34.6,35.8,34.6,35.2,0.6,1.7341,223036,7881014,194,TWSE,common_stock,true,false,false,false,false,false,false,false,true,
2026-06-29,1726,永記,listed,78.4,78.5,78.0,78.2,-0.2,-0.2551,20410,1596711,26,TWSE,common_stock,true,false,false,false,false,false,false,false,true,
2026-06-29,1727,中華化,listed,89.0,92.0,87.5,88.0,0.0,0.0,2925687,261447027,2849,TWSE,common_stock,true,false,false,false,false,false,false,false,true,
2026-06-29,1730,花仙子,listed,53.6,53.9,53.6,53.8,0.2,0.3731,66001,3543838,82,TWSE,common_stock,true,false,false,false,false,false,false,false,true,
2026-06-29,1731,美吾華,listed,21.95,22.0,21.8,21.8,0.0,0.0,296781,6498408,237,TWSE,common_stock,true,false,false,false,false,false,false,false,true,
2026-06-29,1732,毛寶,listed,26.1,26.4,26.05,26.3,0.3,1.1538,73078,1917291,76,TWSE,common_stock,true,false,false,false,false,false,false,false,true,
2026-06-29,1733,五鼎,listed,28.9,29.55,28.7,29.55,0.65,2.2491,171509,5012710,114,TWSE,common_stock,true,false,false,false,false,false,false,false,true,
2026-06-29,1734,杏輝,listed,32.15,32.9,32.15,32.7,0.7,2.1875,586942,19111045,505,TWSE,common_stock,true,false,false,false,false,false,false,false,true,
2026-06-29,1735,日勝化,listed,21.65,22.35,21.65,21.95,0.55,2.5701,173565,3829415,169,TWSE,common_stock,true,false,false,false,false,false,false,false,true,
2026-06-29,1736,喬山,listed,119.5,129.5,119.5,129.5,11.0,9.2827,1606692,205253210,1870,TWSE,common_stock,true,false,false,false,false,false,false,false,true,
2026-06-29,1737,臺鹽,listed,31.8,31.95,31.7,31.75,0.0,0.0,140635,4471827,154,TWSE,common_stock,true,false,false,false,false,false,false,false,true,
2026-06-29,1752,南光,listed,32.6,32.85,32.6,32.85,0.25,0.7669,34686,1135777,43,TWSE,common_stock,true,false,false,false,false,false,false,false,true,
2026-06-29,1760,寶齡富錦,listed,59.8,61.6,59.8,60.6,1.0,1.6779,168260,10248089,182,TWSE,common_stock,true,false,false,false,false,false,false,false,true,
2026-06-29,1762,中化生,listed,36.5,37.35,36.35,37.05,0.8,2.2069,228191,8425986,222,TWSE,common_stock,true,false,false,false,false,false,false,false,true,
2026-06-29,1773,勝一,listed,167.0,168.0,165.0,168.0,3.0,1.8182,399108,66504876,422,TWSE,common_stock,true,false,false,false,false,false,false,false,true,
2026-06-29,1776,展宇,listed,19.85,20.15,19.55,19.55,-0.3,-1.5113,223301,4426263,159,TWSE,common_stock,true,false,false,false,false,false,false,false,true,
2026-06-29,1783,和康生,listed,38.5,38.95,38.5,38.8,0.7,1.8373,89317,3464557,86,TWSE,common_stock,true,false,false,false,false,false,false,false,true,
2026-06-29,1786,科妍,listed,52.8,55.7,52.8,55.5,2.9,5.5133,392059,21228603,312,TWSE,common_stock,true,false,false,false,false,false,false,false,true,
2026-06-29,1789,神隆,listed,20.35,20.85,20.3,20.5,0.5,2.5,1120311,22978180,603,TWSE,common_stock,true,false,false,false,false,false,false,false,true,
2026-06-29,1795,美時,listed,184.5,194.5,184.5,190.5,7.5,4.0984,1829555,349743423,2226,TWSE,common_stock,true,false,false,false,false,false,false,false,true,
2026-06-29,1802,台玻,listed,66.0,69.1,65.0,68.0,2.0,3.0303,42637166,2880354486,22398,TWSE,common_stock,true,false,false,false,false,false,false,false,true,
2026-06-29,1805,寶徠,listed,10.3,10.4,10.25,10.35,0.05,0.4854,62581,645402,48,TWSE,common_stock,true,false,false,false,false,false,false,false,true,
2026-06-29,1806,冠軍,listed,8.08,8.14,8.07,8.1,0.04,0.4963,119959,971563,110,TWSE,common_stock,true,false,false,false,false,false,false,false,true,
2026-06-29,1808,潤隆,listed,30.6,30.9,29.85,29.9,-0.7,-2.2876,1058114,31956951,1526,TWSE,common_stock,true,false,false,false,false,false,false,false,true,
2026-06-29,1809,中釉,listed,47.85,51.0,47.3,50.3,2.45,5.1202,3832027,188694356,2879,TWSE,common_stock,true,false,false,false,false,false,false,false,true,
2026-06-29,1810,和成,listed,19.5,20.5,19.5,19.9,0.5,2.5773,2097871,42091650,1175,TWSE,common_stock,true,false,false,false,false,false,false,false,true,
2026-06-29,1817,凱撒衛,listed,40.0,40.8,40.0,40.15,0.35,0.8794,213878,8627534,189,TWSE,common_stock,true,false,false,false,false,false,false,false,true,
2026-06-29,1903,士紙,listed,46.5,46.95,46.35,46.95,0.5,1.0764,275331,12814484,361,TWSE,common_stock,true,false,false,false,false,false,false,false,true,
2026-06-29,1904,正隆,listed,21.25,21.5,21.05,21.35,0.1,0.4706,1268909,27037970,1089,TWSE,common_stock,true,false,false,false,false,false,false,false,true,
2026-06-29,1905,華紙,listed,16.25,17.5,16.15,16.95,0.45,2.7273,9414606,158949483,4401,TWSE,common_stock,true,false,false,false,false,false,false,false,true,
2026-06-29,1906,寶隆,listed,11.1,11.2,11.05,11.2,0.1,0.9009,39810,442399,60,TWSE,common_stock,true,false,false,false,false,false,false,false,true,
2026-06-29,1907,永豐餘,listed,27.15,27.35,27.05,27.35,0.35,1.2963,650503,17701378,559,TWSE,etf,false,true,false,false,false,false,false,false,false,security_type=etf
2026-06-29,1909,榮成,listed,9.42,9.57,9.38,9.46,-0.01,-0.1056,1499651,14214657,665,TWSE,common_stock,true,false,false,false,false,false,false,false,true,
2026-06-29,2002,中鋼,listed,19.2,19.25,19.0,19.05,0.05,0.2632,29363026,561081853,7821,TWSE,common_stock,true,false,false,false,false,false,false,false,true,
2026-06-29,2002A,中鋼特,listed,38.2,38.2,38.2,38.2,0.0,0.0,14001,534838,15,TWSE,warrant,false,false,true,false,false,false,false,false,false,security_type=warrant;symbol_not_4_digit
2026-06-29,2006,東和鋼鐵,listed,69.8,71.0,69.3,70.0,0.2,0.2865,4505806,315874434,4260,TWSE,common_stock,true,false,false,false,false,false,false,false,true,
2026-06-29,2007,燁興,listed,7.08,7.22,7.08,7.16,0.1,1.4164,199185,1423507,106,TWSE,common_stock,true,false,false,false,false,false,false,false,true,
2026-06-29,2008,高興昌,listed,30.55,30.55,30.0,30.55,0.5,1.6639,20003,604940,15,TWSE,common_stock,true,false,false,false,false,false,false,false,true,
2026-06-29,2009,第一銅,listed,38.1,38.3,37.8,37.95,-0.1,-0.2628,1095342,41684256,817,TWSE,common_stock,true,false,false,false,false,false,false,false,true,
2026-06-29,2010,春源,listed,24.05,24.15,23.6,23.65,-0.3,-1.2526,2729842,64916254,1359,TWSE,common_stock,true,false,false,false,false,false,false,false,true,
2026-06-29,2012,春雨,listed,15.5,16.8,15.5,16.65,1.35,8.8235,755808,12521738,594,TWSE,common_stock,true,false,false,false,false,false,false,false,true,
2026-06-29,2013,中鋼構,listed,43.15,44.25,43.15,43.95,0.2,0.4571,186964,8223132,224,TWSE,common_stock,true,false,false,false,false,false,false,false,true,
2026-06-29,2014,中鴻,listed,17.5,17.6,17.35,17.4,-0.1,-0.5714,2126393,37096243,1028,TWSE,common_stock,true,false,false,false,false,false,false,false,true,
2026-06-29,2015,豐興,listed,60.5,61.0,60.4,61.0,0.8,1.3289,180765,10981373,158,TWSE,common_stock,true,false,false,false,false,false,false,false,true,
2026-06-29,2017,官田鋼,listed,9.03,9.1,8.95,9.01,0.01,0.1111,638852,5768393,375,TWSE,common_stock,true,false,false,false,false,false,false,false,true,
2026-06-29,2020,美亞,listed,21.5,21.55,21.2,21.55,0.1,0.4662,218419,4689021,158,TWSE,common_stock,true,false,false,false,false,false,false,false,true,
2026-06-29,2022,聚亨,listed,7.59,7.67,7.59,7.64,0.05,0.6588,287969,2196513,247,TWSE,common_stock,true,false,false,false,false,false,false,false,true,
2026-06-29,2023,燁輝,listed,13.7,13.75,13.55,13.65,-0.05,-0.365,1975109,26931152,558,TWSE,common_stock,true,false,false,false,false,false,false,false,true,
2026-06-29,2024,志聯,listed,14.1,14.2,14.1,14.2,0.4,2.8986,11030,156304,27,TWSE,common_stock,true,false,false,false,false,false,false,false,true,
2026-06-29,2025,千興,listed,12.9,13.3,12.75,13.05,0.15,1.1628,400547,5203076,246,TWSE,common_stock,true,false,false,false,false,false,false,false,true,
2026-06-29,2027,大成鋼,listed,40.3,40.7,39.75,40.4,0.5,1.2531,8928643,360551286,4814,TWSE,common_stock,true,false,false,false,false,false,false,false,true,
2026-06-29,2028,威致,listed,16.0,16.5,15.9,16.2,0.2,1.25,157339,2543964,133,TWSE,common_stock,true,false,false,false,false,false,false,false,true,
2026-06-29,2029,盛餘,listed,20.6,20.8,20.6,20.6,0.05,0.2433,134337,2780149,117,TWSE,common_stock,true,false,false,false,false,false,false,false,true,
2026-06-29,2030,彰源,listed,18.6,18.9,18.35,18.4,-0.35,-1.8667,1118997,20722047,722,TWSE,common_stock,true,false,false,false,false,false,false,false,true,
2026-06-29,2031,新光鋼,listed,38.55,38.95,38.25,38.3,-0.25,-0.6485,443412,17082020,389,TWSE,common_stock,true,false,false,false,false,false,false,false,true,
2026-06-29,2032,新鋼,listed,16.7,16.95,16.55,16.85,0.15,0.8982,341736,5707707,193,TWSE,common_stock,true,false,false,false,false,false,false,false,true,
2026-06-29,2033,佳大,listed,15.75,16.1,15.75,16.1,-0.1,-0.6173,91241,1457464,66,TWSE,common_stock,true,false,false,false,false,false,false,false,true,
2026-06-29,2034,允強,listed,20.2,20.4,20.0,20.15,0.25,1.2563,788504,15915344,391,TWSE,common_stock,true,false,false,false,false,false,false,false,true,
2026-06-29,2038,海光,listed,13.3,13.55,13.15,13.2,-0.05,-0.3774,354976,4711851,248,TWSE,common_stock,true,false,false,false,false,false,false,false,true,
2026-06-29,2049,上銀,listed,310.0,324.0,308.0,318.5,11.5,3.7459,2760770,878942127,3614,TWSE,common_stock,true,false,false,false,false,false,false,false,true,
2026-06-29,2059,川湖,listed,7080.0,7275.0,6920.0,7110.0,120.0,1.7167,248723,1768028485,2407,TWSE,common_stock,true,false,false,false,false,false,false,false,true,
2026-06-29,2062,橋椿,listed,18.8,19.0,18.8,19.0,0.25,1.3333,139029,2631081,102,TWSE,common_stock,true,false,false,false,false,false,false,false,true,
2026-06-29,2069,運錩,listed,18.3,18.5,18.25,18.4,0.15,0.8219,176237,3232372,84,TWSE,common_stock,true,false,false,false,false,false,false,false,true,
2026-06-29,2072,世紀風電,listed,164.5,164.5,151.0,152.0,-12.5,-7.5988,989157,153799679,1411,TWSE,common_stock,true,false,false,false,false,false,false,false,true,
2026-06-29,2101,南港,listed,31.15,32.2,31.15,31.85,0.7,2.2472,3579344,112388314,1246,TWSE,common_stock,true,false,false,false,false,false,false,false,true,
2026-06-29,2102,泰豐,listed,18.0,18.1,17.8,17.9,0.0,0.0,237770,4267759,243,TWSE,common_stock,true,false,false,false,false,false,false,false,true,
2026-06-29,2103,台橡,listed,20.25,20.75,20.1,20.65,0.4,1.9753,2451973,50131773,1190,TWSE,common_stock,true,false,false,false,false,false,false,false,true,
2026-06-29,2104,國際中橡,listed,9.99,10.1,9.95,9.99,0.0,0.0,3037490,30415283,747,TWSE,common_stock,true,false,false,false,false,false,false,false,true,
2026-06-29,2105,正新,listed,29.55,30.25,29.4,30.25,0.85,2.8912,14630568,438528171,6134,TWSE,common_stock,true,false,false,false,false,false,false,false,true,
2026-06-29,2106,建大,listed,16.85,17.1,16.85,17.1,0.25,1.4837,678102,11525511,415,TWSE,common_stock,true,false,false,false,false,false,false,false,true,
2026-06-29,2107,厚生,listed,25.4,25.7,25.35,25.4,0.0,0.0,330192,8417106,255,TWSE,common_stock,true,false,false,false,false,false,false,false,true,
2026-06-29,2108,南帝,listed,27.0,27.45,26.95,27.35,0.35,1.2963,639564,17392728,482,TWSE,common_stock,true,false,false,false,false,false,false,false,true,
2026-06-29,2109,華豐,listed,14.55,14.55,14.5,14.5,0.0,0.0,42891,623365,43,TWSE,common_stock,true,false,false,false,false,false,false,false,true,
2026-06-29,2114,鑫永銓,listed,88.5,89.0,88.0,88.1,-0.4,-0.452,69516,6146385,66,TWSE,common_stock,true,false,false,false,false,false,false,false,true,
2026-06-29,2115,六暉-KY,listed,20.4,20.75,20.4,20.5,0.1,0.4902,63040,1298121,47,TWSE,common_stock,true,false,false,false,false,false,false,false,true,
2026-06-29,2201,裕隆,listed,27.05,27.4,27.05,27.4,0.6,2.2388,2130160,58141323,1115,TWSE,common_stock,true,false,false,false,false,false,false,false,true,
2026-06-29,2204,中華,listed,54.9,55.7,54.9,55.6,0.6,1.0909,668838,37059067,506,TWSE,common_stock,true,false,false,false,false,false,false,false,true,
2026-06-29,2206,三陽工業,listed,61.5,62.2,61.5,62.0,0.5,0.813,899657,55721666,598,TWSE,common_stock,true,false,false,false,false,false,false,false,true,
2026-06-29,2207,和泰車,listed,488.0,490.0,477.0,478.5,-2.5,-0.5198,509554,245502100,851,TWSE,common_stock,true,false,false,false,false,false,false,false,true,
2026-06-29,2208,台船,listed,17.3,17.9,17.3,17.55,0.35,2.0349,2599727,45895063,1125,TWSE,common_stock,true,false,false,false,false,false,false,false,true,
2026-06-29,2211,長榮鋼,listed,94.7,94.9,93.6,93.8,0.2,0.2137,211087,19868354,242,TWSE,common_stock,true,false,false,false,false,false,false,false,true,
2026-06-29,2227,裕日車,listed,49.5,49.5,48.8,48.8,0.05,0.1026,24961,1223965,51,TWSE,common_stock,true,false,false,false,false,false,false,false,true,
2026-06-29,2228,劍麟,listed,85.3,86.4,84.6,85.8,1.7,2.0214,107006,9155614,316,TWSE,common_stock,true,false,false,false,false,false,false,false,true,
2026-06-29,2231,為升,listed,88.2,94.9,88.2,92.0,3.8,4.3084,553844,51314903,545,TWSE,common_stock,true,false,false,false,false,false,false,false,true,
2026-06-29,2233,宇隆,listed,197.5,202.5,193.0,193.0,-21.0,-9.8131,5070899,999072733,5094,TWSE,common_stock,true,false,false,false,false,false,false,false,true,
2026-06-29,2236,百達-KY,listed,142.5,150.0,141.5,147.0,5.5,3.8869,864193,126190671,764,TWSE,common_stock,true,false,false,false,false,false,false,false,true,
2026-06-29,2239,英利-KY,listed,21.7,22.35,21.7,21.9,0.05,0.2288,49018,1076845,45,TWSE,common_stock,true,false,false,false,false,false,false,false,true,
2026-06-29,2241,艾姆勒,listed,46.5,47.3,44.2,45.4,-0.5,-1.0893,2985546,134991880,1830,TWSE,common_stock,true,false,false,false,false,false,false,false,true,
2026-06-29,2243,宏旭-KY,listed,50.1,56.6,50.1,53.2,0.2,0.3774,322983,17195789,224,TWSE,common_stock,true,false,false,false,false,false,false,false,true,
2026-06-29,2247,汎德永業,listed,232.5,233.0,230.5,233.0,2.0,0.8658,31535,7319808,112,TWSE,common_stock,true,false,false,false,false,false,false,false,true,
2026-06-29,2248,華勝-KY,listed,55.0,55.5,54.7,55.0,0.3,0.5484,23020,1270810,20,TWSE,common_stock,true,false,false,false,false,false,false,false,true,
2026-06-29,2250,IKKA-KY,listed,61.0,62.0,60.6,60.7,-0.1,-0.1645,103333,6318004,127,TWSE,common_stock,true,false,false,false,false,false,false,false,true,
2026-06-29,2254,巨鎧精密-創,listed,59.3,59.5,59.3,59.5,0.2,0.3373,2000,118800,2,TWSE,common_stock,true,false,false,false,false,false,false,false,true,
2026-06-29,2258,鴻華先進-創,listed,32.7,32.95,31.5,31.8,0.25,0.7924,548423,17475712,346,TWSE,common_stock,true,false,false,false,false,false,false,false,true,
2026-06-29,2301,光寶科,listed,203.0,213.5,203.0,211.5,10.0,4.9628,21805825,4588180768,18288,TWSE,common_stock,true,false,false,false,false,false,false,false,true,
2026-06-29,2302,麗正,listed,46.7,49.35,45.7,47.2,0.1,0.2123,4582974,216718394,3115,TWSE,common_stock,true,false,false,false,false,false,false,false,true,
2026-06-29,2303,聯電,listed,164.5,167.0,160.0,164.0,0.0,0.0,222684902,36486287232,107652,TWSE,common_stock,true,false,false,false,false,false,false,false,true,
2026-06-29,2305,全友,listed,36.0,37.55,35.5,36.15,1.05,2.9915,1431929,52067500,1153,TWSE,common_stock,true,false,false,false,false,false,false,false,true,
2026-06-29,2308,台達電,listed,1860.0,1970.0,1850.0,1905.0,95.0,5.2486,16741799,32118902642,64764,TWSE,common_stock,true,false,false,false,false,false,false,false,true,
2026-06-29,2312,金寶,listed,33.6,34.45,33.05,33.6,0.1,0.2985,23171845,783519550,12008,TWSE,common_stock,true,false,false,false,false,false,false,false,true,
2026-06-29,2313,華通,listed,222.5,228.0,218.0,221.0,-1.5,-0.6742,26070297,5806871158,27695,TWSE,common_stock,true,false,false,false,false,false,false,false,true,
2026-06-29,2314,台揚,listed,13.85,14.4,13.85,14.4,0.6,4.3478,249175,3544679,188,TWSE,common_stock,true,false,false,false,false,false,false,false,true,
2026-06-29,2316,楠梓電,listed,235.0,235.0,208.5,210.0,-20.0,-8.6957,1933414,418372574,2639,TWSE,common_stock,true,false,false,false,false,false,false,false,true,
2026-06-29,2317,鴻海,listed,250.0,252.0,246.0,246.5,-2.0,-0.8048,49210311,12235300546,55602,TWSE,common_stock,true,false,false,false,false,false,false,false,true,
2026-06-29,2321,東訊,listed,,,,,0.0,,968,12823,9,TWSE,other,false,false,false,false,false,false,false,false,false,invalid_close
2026-06-29,2323,中環,listed,11.0,11.15,10.85,11.0,0.1,0.9174,4736057,52146515,1323,TWSE,common_stock,true,false,false,false,false,false,false,false,true,
2026-06-29,2324,仁寶,listed,34.75,35.05,34.05,34.2,-0.6,-1.7241,55785591,1915543532,24740,TWSE,common_stock,true,false,false,false,false,false,false,false,true,
2026-06-29,2327,國巨*,listed,985.0,1065.0,979.0,1040.0,25.0,2.4631,40955663,42284258030,51308,TWSE,common_stock,true,false,false,false,false,false,false,false,true,
2026-06-29,2328,廣宇,listed,48.5,49.25,48.2,48.75,0.75,1.5625,2929371,142873388,1937,TWSE,common_stock,true,false,false,false,false,false,false,false,true,
2026-06-29,2329,華泰,listed,53.4,54.1,51.8,52.3,-1.1,-2.0599,6585853,347518842,4527,TWSE,common_stock,true,false,false,false,false,false,false,false,true,
2026-06-29,2330,台積電,listed,2330.0,2395.0,2330.0,2370.0,30.0,1.2821,38133782,90337385683,93276,TWSE,common_stock,true,false,false,false,false,false,false,false,true,
2026-06-29,2331,精英,listed,20.8,21.2,20.65,20.95,0.35,1.699,1666617,34970507,1054,TWSE,common_stock,true,false,false,false,false,false,false,false,true,
2026-06-29,2332,友訊,listed,17.35,17.95,17.1,17.3,0.15,0.8746,5898977,102824608,2422,TWSE,common_stock,true,false,false,false,false,false,false,false,true,
2026-06-29,2337,旺宏,listed,166.0,167.5,158.0,158.5,-4.0,-2.4615,83896529,13594425289,73341,TWSE,common_stock,true,false,false,false,false,false,false,false,true,
2026-06-29,2338,光罩,listed,47.75,49.2,47.25,47.75,0.25,0.5263,2364111,113623884,2086,TWSE,common_stock,true,false,false,false,false,false,false,false,true,
2026-06-29,2340,台亞,listed,36.4,36.95,35.2,35.7,-0.75,-2.0576,6723729,241634767,4514,TWSE,common_stock,true,false,false,false,false,false,false,false,true,
2026-06-29,2342,茂矽,listed,51.2,53.0,51.2,52.4,1.4,2.7451,1859295,96696076,1610,TWSE,common_stock,true,false,false,false,false,false,false,false,true,
2026-06-29,2344,華邦電,listed,209.0,212.5,201.0,203.0,-3.5,-1.6949,149900066,30988309944,98776,TWSE,common_stock,true,false,false,false,false,false,false,false,true,
2026-06-29,2345,智邦,listed,2395.0,2430.0,2290.0,2340.0,-40.0,-1.6807,3066800,7184716365,10070,TWSE,common_stock,true,false,false,false,false,false,false,false,true,
2026-06-29,2347,聯強,listed,94.9,95.5,91.2,91.5,-1.3,-1.4009,9666498,898877736,5878,TWSE,common_stock,true,false,false,false,false,false,false,false,true,
2026-06-29,2348,海悅,listed,70.9,71.8,70.9,71.4,1.2,1.7094,291119,20793118,273,TWSE,common_stock,true,false,false,false,false,false,false,false,true,
2026-06-29,2348A,海悅甲特,listed,37.4,37.4,37.35,37.35,-0.2,-0.5326,24000,897400,8,TWSE,warrant,false,false,true,false,false,false,false,false,false,security_type=warrant;symbol_not_4_digit
2026-06-29,2349,錸德,listed,12.85,13.15,12.85,12.85,0.0,0.0,2351319,30456423,919,TWSE,common_stock,true,false,false,false,false,false,false,false,true,
2026-06-29,2351,順德,listed,196.0,201.0,190.5,197.5,1.0,0.5089,4436503,873106128,4318,TWSE,common_stock,true,false,false,false,false,false,false,false,true,
2026-06-29,2352,佳世達,listed,29.6,32.2,29.6,31.0,1.7,5.802,41934019,1335535705,14431,TWSE,common_stock,true,false,false,false,false,false,false,false,true,
2026-06-29,2353,宏碁,listed,32.65,33.25,31.75,32.2,0.3,0.9404,31206797,1004474602,15288,TWSE,common_stock,true,false,false,false,false,false,false,false,true,
2026-06-29,2354,鴻準,listed,55.4,55.9,54.6,54.8,-0.1,-0.1821,4739149,261610119,3624,TWSE,common_stock,true,false,false,false,false,false,false,false,true,
2026-06-29,2355,敬鵬,listed,51.8,54.0,51.2,52.8,1.1,2.1277,5579348,294710745,4342,TWSE,common_stock,true,false,false,false,false,false,false,false,true,
2026-06-29,2356,英業達,listed,64.0,67.1,63.8,64.3,1.0,1.5798,24364922,1585266833,15080,TWSE,common_stock,true,false,false,false,false,false,false,false,true,
2026-06-29,2357,華碩,listed,702.0,710.0,694.0,703.0,2.0,0.2853,4626002,3243505657,9736,TWSE,common_stock,true,false,false,false,false,false,false,false,true,
2026-06-29,2359,所羅門,listed,127.5,131.5,126.5,128.5,2.0,1.581,1278627,164793838,1380,TWSE,common_stock,true,false,false,false,false,false,false,false,true,
2026-06-29,2360,致茂,listed,2015.0,2140.0,2015.0,2080.0,45.0,2.2113,2035574,4215238660,3737,TWSE,common_stock,true,false,false,false,false,false,false,false,true,
2026-06-29,2362,藍天,listed,42.4,42.5,41.2,41.2,-0.9,-2.1378,1308527,54486329,911,TWSE,common_stock,true,false,false,false,false,false,false,false,true,
2026-06-29,2363,矽統,listed,67.0,70.0,66.3,68.7,0.1,0.1458,18166588,1242903954,11999,TWSE,common_stock,true,false,false,false,false,false,false,false,true,
2026-06-29,2364,倫飛,listed,64.7,66.9,64.7,65.7,1.1,1.7028,151829,10021289,226,TWSE,common_stock,true,false,false,false,false,false,false,false,true,
2026-06-29,2365,昆盈,listed,31.8,34.6,31.8,33.6,1.8,5.6604,5928746,200455396,2424,TWSE,common_stock,true,false,false,false,false,false,false,false,true,
2026-06-29,2367,燿華,listed,53.3,55.8,52.7,54.7,1.9,3.5985,12996021,705026123,8416,TWSE,common_stock,true,false,false,false,false,false,false,false,true,
2026-06-29,2368,金像電,listed,1190.0,1205.0,1145.0,1155.0,-35.0,-2.9412,5167061,6022786860,15334,TWSE,common_stock,true,false,false,false,false,false,false,false,true,
2026-06-29,2369,菱生,listed,40.8,40.95,37.9,38.25,-2.7,-6.5934,24834166,966490658,15242,TWSE,common_stock,true,false,false,false,false,false,false,false,true,
2026-06-29,2371,大同,listed,26.5,27.4,26.45,27.15,0.95,3.626,10050178,271702274,4466,TWSE,common_stock,true,false,false,false,false,false,false,false,true,
2026-06-29,2373,震旦行,listed,58.8,58.8,58.1,58.1,0.0,0.0,23906,1392749,57,TWSE,common_stock,true,false,false,false,false,false,false,false,true,
2026-06-29,2374,佳能,listed,74.5,75.7,73.0,73.0,-1.8,-2.4064,4656986,345384511,4015,TWSE,common_stock,true,false,false,false,false,false,false,false,true,
2026-06-29,2375,凱美,listed,197.5,200.5,188.0,192.5,-5.0,-2.5316,11310587,2194901233,10881,TWSE,common_stock,true,false,false,false,false,false,false,false,true,
2026-06-29,2376,技嘉,listed,320.0,330.0,320.0,325.0,5.5,1.7214,4846763,1582156594,5324,TWSE,common_stock,true,false,false,false,false,false,false,false,true,
2026-06-29,2377,微星,listed,134.0,141.0,133.5,139.0,7.5,5.7034,23150630,3203152092,17897,TWSE,common_stock,true,false,false,false,false,false,false,false,true,
2026-06-29,2379,瑞昱,listed,759.0,814.0,751.0,783.0,43.0,5.8108,6208784,4904492932,11001,TWSE,common_stock,true,false,false,false,false,false,false,false,true,
2026-06-29,2380,虹光,listed,23.85,23.85,21.5,21.5,0.0,0.0,249691,5522063,443,TWSE,common_stock,true,false,false,false,false,false,false,false,true,
2026-06-29,2382,廣達,listed,368.0,372.0,363.0,367.0,5.0,1.3812,11562314,4232663431,12042,TWSE,common_stock,true,false,false,false,false,false,false,false,true,
2026-06-29,2383,台光電,listed,5255.0,5450.0,5255.0,5450.0,195.0,3.7108,953667,5119692240,5457,TWSE,common_stock,true,false,false,false,false,false,false,false,true,
2026-06-29,2385,群光,listed,102.0,103.0,100.5,101.0,-1.0,-0.9804,5106815,517414693,4716,TWSE,common_stock,true,false,false,false,false,false,false,false,true,
2026-06-29,2387,精元,listed,39.1,39.25,38.7,38.9,0.05,0.1287,617409,24071716,552,TWSE,common_stock,true,false,false,false,false,false,false,false,true,
2026-06-29,2388,威盛,listed,71.9,73.9,70.1,70.7,-0.2,-0.2821,4085676,292014715,3486,TWSE,common_stock,true,false,false,false,false,false,false,false,true,
2026-06-29,2390,云辰,listed,11.85,11.9,11.6,11.85,0.2,1.7167,444424,5225018,307,TWSE,common_stock,true,false,false,false,false,false,false,false,true,
2026-06-29,2392,正崴,listed,37.25,38.35,36.5,37.75,0.75,2.027,1513366,57061198,1074,TWSE,common_stock,true,false,false,false,false,false,false,false,true,
2026-06-29,2393,億光,listed,67.6,67.8,66.3,66.7,-0.9,-1.3314,2454801,164345388,2322,TWSE,common_stock,true,false,false,false,false,false,false,false,true,
2026-06-29,2395,研華,listed,463.0,486.0,457.5,472.5,17.0,3.7322,4574854,2163876108,4443,TWSE,common_stock,true,false,false,false,false,false,false,false,true,
2026-06-29,2397,友通,listed,58.2,58.5,57.5,57.6,0.4,0.6993,339558,19685743,304,TWSE,common_stock,true,false,false,false,false,false,false,false,true,
2026-06-29,2399,映泰,listed,48.5,49.9,47.6,47.9,-0.6,-1.2371,5449379,264496254,3598,TWSE,common_stock,true,false,false,false,false,false,false,false,true,
2026-06-29,2401,凌陽,listed,31.7,33.0,30.9,31.4,-0.25,-0.7899,7568820,241650959,4707,TWSE,common_stock,true,false,false,false,false,false,false,false,true,
2026-06-29,2402,毅嘉,listed,64.9,65.9,63.4,64.3,0.2,0.312,2146484,138332757,1902,TWSE,common_stock,true,false,false,false,false,false,false,false,true,
2026-06-29,2404,漢唐,listed,1380.0,1450.0,1350.0,1360.0,20.0,1.4925,4708422,6545475345,10739,TWSE,common_stock,true,false,false,false,false,false,false,false,true,
2026-06-29,2405,輔信,listed,17.15,17.55,17.0,17.05,0.0,0.0,1730344,29778173,894,TWSE,common_stock,true,false,false,false,false,false,false,false,true,
2026-06-29,2406,國碩,listed,36.5,38.0,36.5,38.0,3.45,9.9855,21077784,793862992,6808,TWSE,common_stock,true,false,false,false,false,false,false,false,true,
2026-06-29,2408,南亞科,listed,456.0,465.0,440.5,453.0,4.0,0.8909,77020287,35003999370,63909,TWSE,common_stock,true,false,false,false,false,false,false,false,true,
2026-06-29,2409,友達,listed,28.1,30.7,27.6,30.6,2.65,9.4812,748906413,22647836514,162696,TWSE,common_stock,true,false,false,false,false,false,false,false,true,
2026-06-29,2412,中華電,listed,144.0,144.5,142.0,142.0,-1.0,-0.6993,23910632,3409212744,9667,TWSE,common_stock,true,false,false,false,false,false,false,false,true,
2026-06-29,2413,環科,listed,47.55,48.5,46.3,46.55,-1.0,-2.103,1698714,80273437,1411,TWSE,common_stock,true,false,false,false,false,false,false,false,true,
2026-06-29,2414,精技,listed,58.4,59.5,58.3,59.1,0.4,0.6814,408150,24024092,325,TWSE,common_stock,true,false,false,false,false,false,false,false,true,
2026-06-29,2415,錩新,listed,35.0,37.9,34.55,37.45,2.9,8.3936,3203957,117183746,3406,TWSE,common_stock,true,false,false,false,false,false,false,false,true,
2026-06-29,2417,圓剛,listed,43.0,44.6,42.85,43.0,0.35,0.8206,721191,31532503,635,TWSE,common_stock,true,false,false,false,false,false,false,false,true,
2026-06-29,2419,仲琦,listed,26.9,27.85,26.9,27.45,0.55,2.0446,857011,23499490,600,TWSE,common_stock,true,false,false,false,false,false,false,false,true,
2026-06-29,2420,新巨,listed,60.1,61.0,59.7,60.3,0.1,0.1661,396925,23885533,388,TWSE,common_stock,true,false,false,false,false,false,false,false,true,
2026-06-29,2421,建準,listed,138.5,141.5,137.0,138.0,1.0,0.7299,1748162,243327037,1872,TWSE,common_stock,true,false,false,false,false,false,false,false,true,
2026-06-29,2423,固緯,listed,72.0,74.8,71.6,72.0,-1.5,-2.0408,134903,9793860,131,TWSE,common_stock,true,false,false,false,false,false,false,false,true,
2026-06-29,2424,隴華,listed,10.35,10.4,10.0,10.0,-0.4,-3.8462,104615,1064142,55,TWSE,common_stock,true,false,false,false,false,false,false,false,true,
2026-06-29,2425,承啟,listed,39.95,42.4,39.2,41.1,1.65,4.1825,7224384,299806490,3438,TWSE,common_stock,true,false,false,false,false,false,false,false,true,
2026-06-29,2426,鼎元,listed,77.8,79.2,75.8,77.2,-0.4,-0.5155,10798191,834416830,7234,TWSE,common_stock,true,false,false,false,false,false,false,false,true,
2026-06-29,2427,三商電,listed,21.95,22.3,21.9,22.2,0.45,2.069,307264,6807951,231,TWSE,common_stock,true,false,false,false,false,false,false,false,true,
2026-06-29,2428,興勤,listed,301.0,305.0,294.0,298.0,1.5,0.5059,816271,244902652,1706,TWSE,common_stock,true,false,false,false,false,false,false,false,true,
2026-06-29,2429,銘旺科,listed,37.9,41.6,37.9,40.85,2.95,7.7836,908978,36613887,810,TWSE,common_stock,true,false,false,false,false,false,false,false,true,
2026-06-29,2430,燦坤,listed,18.15,18.25,18.15,18.2,0.05,0.2755,110822,2016155,82,TWSE,common_stock,true,false,false,false,false,false,false,false,true,
2026-06-29,2431,聯昌,listed,10.9,11.25,10.9,11.15,0.15,1.3636,397210,4402639,149,TWSE,common_stock,true,false,false,false,false,false,false,false,true,
2026-06-29,2432,倚天酷碁-創,listed,27.4,27.9,27.4,27.9,0.3,1.087,32757,910083,32,TWSE,common_stock,true,false,false,false,false,false,false,false,true,
2026-06-29,2433,互盛電,listed,44.6,44.6,44.3,44.55,0.3,0.678,37155,1651679,32,TWSE,common_stock,true,false,false,false,false,false,false,false,true,
2026-06-29,2434,統懋,listed,43.2,44.2,39.05,39.5,-2.6,-6.1758,793600,32935257,718,TWSE,common_stock,true,false,false,false,false,false,false,false,true,
2026-06-29,2436,偉詮電,listed,71.3,73.0,70.0,71.5,0.7,0.9887,3640016,261390873,2692,TWSE,common_stock,true,false,false,false,false,false,false,false,true,
2026-06-29,2438,翔耀,listed,21.35,21.45,21.2,21.25,-0.05,-0.2347,93342,1990322,88,TWSE,common_stock,true,false,false,false,false,false,false,false,true,
2026-06-29,2439,美律,listed,88.8,90.1,88.7,89.6,0.0,0.0,1474067,131997431,1680,TWSE,common_stock,true,false,false,false,false,false,false,false,true,
2026-06-29,2440,太空梭,listed,16.2,16.85,16.0,16.75,0.7,4.3614,794755,13054269,378,TWSE,common_stock,true,false,false,false,false,false,false,false,true,
2026-06-29,2441,超豐,listed,135.0,135.5,128.0,129.0,-5.5,-4.0892,8997312,1177343501,7988,TWSE,common_stock,true,false,false,false,false,false,false,false,true,
2026-06-29,2442,新美齊,listed,19.0,19.3,19.0,19.25,0.3,1.5831,955773,18349412,501,TWSE,common_stock,true,false,false,false,false,false,false,false,true,
2026-06-29,2444,兆勁,listed,12.55,12.75,12.4,12.55,0.15,1.2097,362074,4527432,180,TWSE,common_stock,true,false,false,false,false,false,false,false,true,
2026-06-29,2449,京元電子,listed,311.0,316.0,304.0,308.5,0.5,0.1623,16785342,5192831026,21591,TWSE,common_stock,true,false,false,false,false,false,false,false,true,
2026-06-29,2450,神腦,listed,29.05,29.05,28.85,28.85,-0.1,-0.3454,134781,3901740,251,TWSE,common_stock,true,false,false,false,false,false,false,false,true,
2026-06-29,2451,創見,listed,282.5,285.5,271.5,275.0,-3.5,-1.2567,4621254,1278912182,5827,TWSE,common_stock,true,false,false,false,false,false,false,false,true,
2026-06-29,2453,凌群,listed,55.1,56.0,54.9,55.0,-0.3,-0.5425,307865,17025731,306,TWSE,common_stock,true,false,false,false,false,false,false,false,true,
2026-06-29,2454,聯發科,listed,3870.0,4000.0,3825.0,3910.0,30.0,0.7732,11358316,44541787045,62120,TWSE,common_stock,true,false,false,false,false,false,false,false,true,
2026-06-29,2455,全新,listed,339.0,348.0,333.0,336.0,-12.0,-3.4483,1920109,651113062,3511,TWSE,common_stock,true,false,false,false,false,false,false,false,true,
2026-06-29,2457,飛宏,listed,27.2,28.15,26.9,27.6,0.6,2.2222,2381538,65652992,1506,TWSE,common_stock,true,false,false,false,false,false,false,false,true,
2026-06-29,2458,義隆,listed,174.0,188.0,172.5,180.0,8.0,4.6512,13624032,2469907619,11909,TWSE,common_stock,true,false,false,false,false,false,false,false,true,
2026-06-29,2459,敦吉,listed,63.6,64.1,63.5,63.5,0.2,0.316,42285,2693682,57,TWSE,common_stock,true,false,false,false,false,false,false,false,true,
2026-06-29,2460,建通,listed,35.4,36.75,35.0,35.3,-0.7,-1.9444,1564948,55643335,949,TWSE,common_stock,true,false,false,false,false,false,false,false,true,
2026-06-29,2461,光群雷,listed,17.0,17.35,16.95,17.0,0.05,0.295,794651,13549829,426,TWSE,common_stock,true,false,false,false,false,false,false,false,true,
2026-06-29,2462,良得電,listed,24.05,24.05,23.5,23.75,-0.05,-0.2101,501785,11871720,1240,TWSE,common_stock,true,false,false,false,false,false,false,false,true,
2026-06-29,2464,盟立,listed,158.0,165.5,154.5,160.0,4.5,2.8939,6753936,1086618105,5902,TWSE,common_stock,true,false,false,false,false,false,false,false,true,
2026-06-29,2465,麗臺,listed,72.0,72.6,70.3,70.4,-1.4,-1.9499,801156,57168903,751,TWSE,common_stock,true,false,false,false,false,false,false,false,true,
2026-06-29,2466,冠西電,listed,58.8,60.8,58.0,59.0,1.0,1.7241,824108,48522786,609,TWSE,common_stock,true,false,false,false,false,false,false,false,true,
2026-06-29,2467,志聖,listed,565.0,598.0,556.0,569.0,9.0,1.6071,1182119,683155677,2470,TWSE,common_stock,true,false,false,false,false,false,false,false,true,
2026-06-29,2468,華經,listed,34.85,35.1,34.15,34.35,-0.15,-0.4348,480549,16558380,360,TWSE,common_stock,true,false,false,false,false,false,false,false,true,
2026-06-29,2471,資通,listed,52.1,52.4,51.8,52.0,0.3,0.5803,116167,6055462,156,TWSE,common_stock,true,false,false,false,false,false,false,false,true,
2026-06-29,2472,立隆電,listed,381.5,413.5,369.0,412.5,36.5,9.7074,17289564,6931836367,20759,TWSE,common_stock,true,false,false,false,false,false,false,false,true,
2026-06-29,2474,可成,listed,202.0,207.5,201.0,203.0,3.0,1.5,5483461,1121710681,4483,TWSE,common_stock,true,false,false,false,false,false,false,false,true,
2026-06-29,2476,鉅祥,listed,128.0,131.0,125.0,126.5,0.5,0.3968,3103574,396529097,2589,TWSE,common_stock,true,false,false,false,false,false,false,false,true,
2026-06-29,2477,美隆電,listed,21.6,21.6,20.35,20.95,-0.4,-1.8735,309580,6492543,204,TWSE,common_stock,true,false,false,false,false,false,false,false,true,
2026-06-29,2478,大毅,listed,221.0,221.0,198.5,205.0,-13.0,-5.9633,1079893,226734119,1333,TWSE,common_stock,true,false,false,false,false,false,false,false,true,
2026-06-29,2480,敦陽科,listed,154.5,154.5,148.5,150.0,-3.0,-1.9608,466652,70128324,867,TWSE,common_stock,true,false,false,false,false,false,false,false,true,
2026-06-29,2481,強茂,listed,168.5,177.0,163.5,166.0,-9.0,-5.1429,9757903,1643546337,10997,TWSE,common_stock,true,false,false,false,false,false,false,false,true,
2026-06-29,2482,連宇,listed,16.95,17.0,16.4,16.4,-0.4,-2.381,300799,4994936,488,TWSE,common_stock,true,false,false,false,false,false,false,false,true,
2026-06-29,2483,百容,listed,55.7,58.3,53.3,55.7,0.0,0.0,25252090,1403694547,15643,TWSE,common_stock,true,false,false,false,false,false,false,false,true,
2026-06-29,2484,希華,listed,76.8,77.2,69.2,69.2,-7.6,-9.8958,63268906,4627297136,41343,TWSE,common_stock,true,false,false,false,false,false,false,false,true,
2026-06-29,2485,兆赫,listed,52.5,54.9,52.3,53.3,1.1,2.1073,7367998,394716950,5009,TWSE,common_stock,true,false,false,false,false,false,false,false,true,
2026-06-29,2486,一詮,listed,226.0,227.0,217.5,224.5,-0.5,-0.2222,5356184,1196437814,5266,TWSE,common_stock,true,false,false,false,false,false,false,false,true,
2026-06-29,2488,漢平,listed,53.6,54.4,53.6,54.1,0.0,0.0,159289,8594266,140,TWSE,common_stock,true,false,false,false,false,false,false,false,true,
2026-06-29,2489,瑞軒,listed,43.0,43.5,41.5,42.35,0.2,0.4745,10019702,426240308,6472,TWSE,common_stock,true,false,false,false,false,false,false,false,true,
2026-06-29,2491,吉祥全,listed,39.05,41.0,38.4,41.0,1.95,4.9936,635086,25332389,495,TWSE,common_stock,true,false,false,false,false,false,false,false,true,
2026-06-29,2492,華新科,listed,534.0,540.0,487.0,514.0,-26.0,-4.8148,4254951,2160764685,6505,TWSE,common_stock,true,false,false,false,false,false,false,false,true,
2026-06-29,2493,揚博,listed,273.0,273.0,251.0,266.0,-6.0,-2.2059,1214799,317852381,1814,TWSE,common_stock,true,false,false,false,false,false,false,false,true,
2026-06-29,2495,普安,listed,50.3,51.5,49.1,49.8,-0.5,-0.994,4423754,222362088,3143,TWSE,common_stock,true,false,false,false,false,false,false,false,true,
2026-06-29,2496,卓越,listed,64.6,64.6,64.1,64.1,0.7,1.1041,9870,634574,24,TWSE,common_stock,true,false,false,false,false,false,false,false,true,
2026-06-29,2497,怡利電,listed,56.2,57.2,55.5,55.8,0.8,1.4545,346947,19501791,320,TWSE,common_stock,true,false,false,false,false,false,false,false,true,
2026-06-29,2498,宏達電,listed,43.3,43.7,42.9,43.2,0.3,0.6993,5093698,220398408,3406,TWSE,common_stock,true,false,false,false,false,false,false,false,true,
2026-06-29,2501,國建,listed,24.15,24.2,23.8,24.2,0.05,0.207,2093641,50309960,1084,TWSE,common_stock,true,false,false,false,false,false,false,false,true,
2026-06-29,2504,國產,listed,33.0,33.05,32.45,32.75,-0.05,-0.1524,5352654,175070897,3507,TWSE,common_stock,true,false,false,false,false,false,false,false,true,
2026-06-29,2505,國揚,listed,18.2,18.35,18.1,18.15,0.1,0.554,131510,2393962,117,TWSE,common_stock,true,false,false,false,false,false,false,false,true,
2026-06-29,2506,太設,listed,8.82,8.82,8.71,8.79,0.01,0.1139,1013093,8902601,73,TWSE,common_stock,true,false,false,false,false,false,false,false,true,
2026-06-29,2509,全坤建,listed,13.2,13.25,13.0,13.1,-0.1,-0.7576,249318,3267235,237,TWSE,common_stock,true,false,false,false,false,false,false,false,true,
2026-06-29,2511,太子,listed,8.06,8.14,8.06,8.12,0.06,0.7444,705515,5720469,357,TWSE,common_stock,true,false,false,false,false,false,false,false,true,
2026-06-29,2514,龍邦,listed,13.05,13.05,12.9,12.9,0.0,0.0,142871,1848956,155,TWSE,common_stock,true,false,false,false,false,false,false,false,true,
2026-06-29,2515,中工,listed,13.0,13.3,12.85,12.95,0.0,0.0,9782090,127422952,1843,TWSE,common_stock,true,false,false,false,false,false,false,false,true,
2026-06-29,2516,新建,listed,13.7,13.8,13.65,13.75,0.05,0.365,111151,1526284,85,TWSE,common_stock,true,false,false,false,false,false,false,false,true,
2026-06-29,2520,冠德,listed,34.45,34.95,33.9,34.5,0.4,1.173,2404941,83044816,1893,TWSE,common_stock,true,false,false,false,false,false,false,false,true,
2026-06-29,2524,京城,listed,35.3,35.95,35.25,35.3,0.1,0.2841,88594,3139348,113,TWSE,common_stock,true,false,false,false,false,false,false,false,true,
2026-06-29,2527,宏璟,listed,40.35,40.75,39.15,39.45,-0.9,-2.2305,1052677,41834305,1228,TWSE,common_stock,true,false,false,false,false,false,false,false,true,
2026-06-29,2528,皇普,listed,20.75,21.05,20.5,21.05,0.15,0.7177,333788,6936344,247,TWSE,common_stock,true,false,false,false,false,false,false,false,true,
2026-06-29,2530,華建,listed,18.45,19.2,18.45,19.15,0.7,3.794,702293,13319952,442,TWSE,common_stock,true,false,false,false,false,false,false,false,true,
2026-06-29,2534,宏盛,listed,16.5,17.1,16.45,16.65,0.05,0.3012,1405501,23320361,591,TWSE,common_stock,true,false,false,false,false,false,false,false,true,
2026-06-29,2535,達欣工,listed,94.7,95.4,91.6,93.0,-1.3,-1.3786,538633,50207853,1197,TWSE,common_stock,true,false,false,false,false,false,false,false,true,
2026-06-29,2536,宏普,listed,21.05,21.4,21.05,21.2,0.2,0.9524,371633,7884643,195,TWSE,common_stock,true,false,false,false,false,false,false,false,true,
2026-06-29,2537,聯上發,listed,10.95,11.05,10.8,10.9,0.05,0.4608,744148,8113206,406,TWSE,common_stock,true,false,false,false,false,false,false,false,true,
2026-06-29,2538,基泰,listed,9.85,9.92,9.84,9.86,0.02,0.2033,160127,1582663,141,TWSE,common_stock,true,false,false,false,false,false,false,false,true,
2026-06-29,2539,櫻花建,listed,38.95,39.3,38.4,39.3,1.2,3.1496,732696,28520915,546,TWSE,common_stock,true,false,false,false,false,false,false,false,true,
2026-06-29,2540,愛山林,listed,52.9,53.5,52.8,53.0,0.1,0.189,353385,18764499,276,TWSE,common_stock,true,false,false,false,false,false,false,false,true,
2026-06-29,2542,興富發,listed,42.9,43.15,42.65,43.1,0.2,0.4662,3929105,168846471,2301,TWSE,common_stock,true,false,false,false,false,false,false,false,true,
2026-06-29,2543,皇昌,listed,38.15,39.4,38.15,38.65,0.35,0.9138,876363,33989184,588,TWSE,common_stock,true,false,false,false,false,false,false,false,true,
2026-06-29,2545,皇翔,listed,37.75,38.25,37.75,38.1,0.4,1.061,171558,6542141,147,TWSE,common_stock,true,false,false,false,false,false,false,false,true,
2026-06-29,2546,根基,listed,93.2,94.2,93.0,93.6,1.2,1.2987,162917,15271881,628,TWSE,common_stock,true,false,false,false,false,false,false,false,true,
2026-06-29,2547,日勝生,listed,10.9,11.05,10.9,11.0,0.1,0.9174,2078002,22813282,541,TWSE,common_stock,true,false,false,false,false,false,false,false,true,
2026-06-29,2548,華固,listed,103.5,103.5,101.5,102.5,0.0,0.0,1391490,142255340,1559,TWSE,common_stock,true,false,false,false,false,false,false,false,true,
2026-06-29,2597,潤弘,listed,166.5,166.5,163.5,163.5,-0.5,-0.3049,247154,40634978,406,TWSE,common_stock,true,false,false,false,false,false,false,false,true,
2026-06-29,2601,益航,listed,5.35,5.45,5.35,5.39,0.04,0.7477,1120456,6042781,462,TWSE,common_stock,true,false,false,false,false,false,false,false,true,
2026-06-29,2603,長榮,listed,184.5,186.0,181.0,184.0,3.0,1.6575,17830028,3268472888,14181,TWSE,common_stock,true,false,false,false,false,false,false,false,true,
2026-06-29,2605,新興,listed,29.3,30.15,29.3,29.9,0.6,2.0478,4888219,145686794,2091,TWSE,common_stock,true,false,false,false,false,false,false,false,true,
2026-06-29,2606,裕民,listed,60.1,60.4,59.5,60.1,0.5,0.8389,2049309,122904768,1468,TWSE,common_stock,true,false,false,false,false,false,false,false,true,
2026-06-29,2607,榮運,listed,48.65,49.0,48.65,48.65,0.2,0.4128,245804,12007554,225,TWSE,common_stock,true,false,false,false,false,false,false,false,true,
2026-06-29,2608,嘉里大榮,listed,28.9,29.0,28.7,28.7,-0.05,-0.1739,119977,3453233,165,TWSE,common_stock,true,false,false,false,false,false,false,false,true,
2026-06-29,2609,陽明,listed,50.8,51.7,50.4,51.4,1.3,2.5948,17994950,921155521,8380,TWSE,common_stock,true,false,false,false,false,false,false,false,true,
2026-06-29,2610,華航,listed,23.7,23.9,22.95,23.1,-0.1,-0.431,56663975,1319414810,15037,TWSE,common_stock,true,false,false,false,false,false,false,false,true,
2026-06-29,2611,志信,listed,13.5,13.6,13.45,13.55,0.1,0.7435,268162,3628284,206,TWSE,common_stock,true,false,false,false,false,false,false,false,true,
2026-06-29,2612,中航,listed,51.5,52.3,51.5,52.0,0.5,0.9709,332757,17305394,298,TWSE,common_stock,true,false,false,false,false,false,false,false,true,
2026-06-29,2613,中櫃,listed,21.1,21.9,21.1,21.6,0.5,2.3697,168401,3635675,138,TWSE,common_stock,true,false,false,false,false,false,false,false,true,
2026-06-29,2614,東森,listed,18.15,18.35,18.1,18.25,0.25,1.3889,455249,8292084,331,TWSE,common_stock,true,false,false,false,false,false,false,false,true,
2026-06-29,2615,萬海,listed,77.8,78.6,77.0,78.6,1.9,2.4772,5336935,415708567,3898,TWSE,common_stock,true,false,false,false,false,false,false,false,true,
2026-06-29,2616,山隆,listed,13.35,13.45,13.35,13.45,0.1,0.7491,162676,2176119,233,TWSE,common_stock,true,false,false,false,false,false,false,false,true,
2026-06-29,2617,台航,listed,29.15,29.45,29.15,29.45,0.3,1.0292,398236,11669993,254,TWSE,common_stock,true,false,false,false,false,false,false,false,true,
2026-06-29,2618,長榮航,listed,44.65,45.0,43.65,43.9,0.1,0.2283,44004546,1947214549,18361,TWSE,common_stock,true,false,false,false,false,false,false,false,true,
2026-06-29,2630,亞航,listed,42.45,44.65,42.45,44.45,2.7,6.4671,4630932,204313316,3187,TWSE,common_stock,true,false,false,false,false,false,false,false,true,
2026-06-29,2633,台灣高鐵,listed,26.35,26.5,26.05,26.5,0.45,1.7274,12792404,337462325,8509,TWSE,common_stock,true,false,false,false,false,false,false,false,true,
2026-06-29,2634,漢翔,listed,50.1,53.1,50.1,52.0,2.8,5.6911,26324332,1366672261,15037,TWSE,common_stock,true,false,false,false,false,false,false,false,true,
2026-06-29,2636,台驊控股,listed,68.5,69.3,68.5,68.9,0.7,1.0264,284864,19655368,249,TWSE,common_stock,true,false,false,false,false,false,false,false,true,
2026-06-29,2637,慧洋-KY,listed,72.4,73.1,70.9,72.6,0.9,1.2552,2266513,163107809,1720,TWSE,common_stock,true,false,false,false,false,false,false,false,true,
2026-06-29,2642,宅配通,listed,20.8,20.8,20.5,20.65,-0.1,-0.4819,48050,992126,168,TWSE,common_stock,true,false,false,false,false,false,false,false,true,
2026-06-29,2645,長榮航太,listed,174.0,180.0,171.5,172.0,1.5,0.8798,2535677,444871160,3255,TWSE,common_stock,true,false,false,false,false,false,false,false,true,
2026-06-29,2646,星宇航空,listed,21.25,21.35,21.0,21.05,-0.15,-0.7075,4645305,98077532,2583,TWSE,common_stock,true,false,false,false,false,false,false,false,true,
2026-06-29,2701,萬企,listed,10.5,10.6,10.45,10.6,0.15,1.4354,72176,760352,54,TWSE,common_stock,true,false,false,false,false,false,false,false,true,
2026-06-29,2702,華園,listed,12.4,12.5,12.3,12.3,-0.05,-0.4049,38374,474685,92,TWSE,common_stock,true,false,false,false,false,false,false,false,true,
2026-06-29,2704,國賓,listed,44.0,44.6,44.0,44.3,0.3,0.6818,41836,1850571,65,TWSE,common_stock,true,false,false,false,false,false,false,false,true,
2026-06-29,2705,六福,listed,16.15,16.2,16.05,16.15,0.0,0.0,103932,1676431,173,TWSE,common_stock,true,false,false,false,false,false,false,false,true,
2026-06-29,2706,第一店,listed,12.35,12.5,12.35,12.45,0.05,0.4032,99678,1238006,106,TWSE,common_stock,true,false,false,false,false,false,false,false,true,
2026-06-29,2707,晶華,listed,178.5,180.0,178.0,180.0,1.5,0.8403,171690,30712744,175,TWSE,common_stock,true,false,false,false,false,false,false,false,true,
2026-06-29,2712,遠雄來,listed,14.9,15.2,14.7,15.2,0.2,1.3333,20662,306868,25,TWSE,common_stock,true,false,false,false,false,false,false,false,true,
2026-06-29,2722,夏都,listed,22.95,23.3,22.95,23.0,0.05,0.2179,46552,1071560,44,TWSE,common_stock,true,false,false,false,false,false,false,false,true,
2026-06-29,2723,美食-KY,listed,68.1,69.5,67.6,68.1,-0.1,-0.1466,316273,21620139,220,TWSE,common_stock,true,false,false,false,false,false,false,false,true,
2026-06-29,2727,王品,listed,247.0,249.0,247.0,249.0,2.5,1.0142,305285,75789491,716,TWSE,common_stock,true,false,false,false,false,false,false,false,true,
2026-06-29,2731,雄獅,listed,149.0,149.5,147.5,148.0,0.0,0.0,662869,98297685,1003,TWSE,common_stock,true,false,false,false,false,false,false,false,true,
2026-06-29,2739,寒舍,listed,37.7,38.1,36.9,37.8,0.3,0.8,266555,10019829,223,TWSE,common_stock,true,false,false,false,false,false,false,false,true,
2026-06-29,2748,雲品,listed,39.1,40.05,39.1,39.8,0.5,1.2723,94194,3739486,109,TWSE,common_stock,true,false,false,false,false,false,false,false,true,
2026-06-29,2753,八方雲集,listed,190.0,191.0,188.0,189.0,-1.0,-0.5263,346421,65609783,615,TWSE,common_stock,true,false,false,false,false,false,false,false,true,
2026-06-29,2762,世界健身-KY,listed,80.6,82.3,80.6,81.7,0.9,1.1139,172443,14055597,153,TWSE,common_stock,true,false,false,false,false,false,false,false,true,
2026-06-29,2801,彰銀,listed,23.5,23.6,23.35,23.55,0.15,0.641,21669772,508805669,4857,TWSE,common_stock,true,false,false,false,false,false,false,false,true,
2026-06-29,2812,台中銀,listed,19.8,20.0,19.8,19.95,0.15,0.7576,7124996,142036783,2487,TWSE,common_stock,true,false,false,false,false,false,false,false,true,
2026-06-29,2816,旺旺保,listed,33.25,33.5,33.15,33.2,0.15,0.4539,207518,6892612,107,TWSE,common_stock,true,false,false,false,false,false,false,false,true,
2026-06-29,2820,華票,listed,17.8,17.85,17.65,17.7,-0.1,-0.5618,3368034,59721418,1134,TWSE,common_stock,true,false,false,false,false,false,false,false,true,
2026-06-29,2832,台產,listed,55.5,55.9,54.9,55.5,-0.3,-0.5376,173602,9589065,286,TWSE,common_stock,true,false,false,false,false,false,false,false,true,
2026-06-29,2834,臺企銀,listed,17.9,18.05,17.8,17.8,0.05,0.2817,42809242,766542705,6930,TWSE,common_stock,true,false,false,false,false,false,false,false,true,
2026-06-29,2836,高雄銀,listed,12.3,12.3,12.2,12.25,0.0,0.0,657515,8060185,351,TWSE,common_stock,true,false,false,false,false,false,false,false,true,
2026-06-29,2836A,高雄銀甲特,listed,24.65,24.65,24.6,24.65,0.0,0.0,53100,1308140,19,TWSE,warrant,false,false,true,false,false,false,false,false,false,security_type=warrant;symbol_not_4_digit
2026-06-29,2838,聯邦銀,listed,23.0,23.0,22.05,22.25,-0.2,-0.8909,3410371,76149376,2061,TWSE,common_stock,true,false,false,false,false,false,false,false,true,
2026-06-29,2838A,聯邦銀甲特,listed,54.3,54.4,54.3,54.3,-0.1,-0.1838,70003,3802862,27,TWSE,warrant,false,false,true,false,false,false,false,false,false,security_type=warrant;symbol_not_4_digit
2026-06-29,2845,遠東銀,listed,13.1,13.2,13.0,13.1,0.1,0.7692,16355168,213999854,2234,TWSE,common_stock,true,false,false,false,false,false,false,false,true,
2026-06-29,2849,安泰銀,listed,14.4,14.6,14.4,14.55,0.15,1.0417,119962,1743491,88,TWSE,common_stock,true,false,false,false,false,false,false,false,true,
2026-06-29,2850,新產,listed,141.5,142.0,139.5,140.0,0.0,0.0,193382,27198580,319,TWSE,common_stock,true,false,false,false,false,false,false,false,true,
2026-06-29,2851,中再保,listed,35.4,35.5,34.55,34.65,0.0,0.0,9906774,344670479,3520,TWSE,common_stock,true,false,false,false,false,false,false,false,true,
2026-06-29,2852,第一保,listed,26.35,26.6,26.35,26.5,0.2,0.7605,241036,6383695,185,TWSE,common_stock,true,false,false,false,false,false,false,false,true,
2026-06-29,2855,統一證,listed,50.1,51.6,49.8,50.3,0.3,0.6,7182818,362586716,4907,TWSE,etf,false,true,false,false,false,false,false,false,false,security_type=etf
2026-06-29,2867,三商壽,listed,8.54,8.55,8.38,8.4,0.0,0.0,9651922,81306713,1797,TWSE,common_stock,true,false,false,false,false,false,false,false,true,
2026-06-29,2880,華南金,listed,37.55,37.8,37.0,37.3,0.4,1.084,24107283,904078130,9321,TWSE,common_stock,true,false,false,false,false,false,false,false,true,
2026-06-29,2881,富邦金,listed,132.0,134.5,128.0,128.5,-5.5,-4.1045,31098290,4042142468,20204,TWSE,etf,false,true,false,false,false,false,false,false,false,security_type=etf
2026-06-29,2881A,富邦特,listed,63.7,63.8,63.6,63.8,0.1,0.157,80295,5117499,40,TWSE,etf,false,true,true,false,false,false,false,false,false,security_type=etf;symbol_not_4_digit
2026-06-29,2881B,富邦金乙特,listed,62.6,62.7,62.6,62.7,0.0,0.0,16275,1019168,24,TWSE,etf,false,true,true,false,false,false,false,false,false,security_type=etf;symbol_not_4_digit
2026-06-29,2881C,富邦金丙特,listed,51.3,51.4,51.3,51.4,0.0,0.0,31152,1600670,57,TWSE,etf,false,true,true,false,false,false,false,false,false,security_type=etf;symbol_not_4_digit
2026-06-29,2882,國泰金,listed,105.0,105.5,100.5,101.5,-4.5,-4.2453,68446464,6990338533,18570,TWSE,etf,false,true,false,false,false,false,false,false,false,security_type=etf
2026-06-29,2882A,國泰特,listed,61.7,61.9,61.7,61.9,0.1,0.1618,487435,30078819,66,TWSE,etf,false,true,true,false,false,false,false,false,false,security_type=etf;symbol_not_4_digit
2026-06-29,2882B,國泰金乙特,listed,60.7,60.8,60.7,60.8,0.0,0.0,47999,2914510,32,TWSE,etf,false,true,true,false,false,false,false,false,false,security_type=etf;symbol_not_4_digit
2026-06-29,2883,凱基金,listed,30.1,30.8,29.55,29.65,-0.25,-0.8361,94167607,2836112038,25246,TWSE,etf,false,true,false,false,false,false,false,false,false,security_type=etf
2026-06-29,2883B,凱基金乙特,listed,8.29,8.3,8.25,8.27,-0.02,-0.2413,2867948,23731053,490,TWSE,etf,false,true,true,false,false,false,false,false,false,security_type=etf;symbol_not_4_digit
2026-06-29,2884,玉山金,listed,35.05,35.1,34.35,34.5,-0.05,-0.1447,49520416,1714900767,18701,TWSE,common_stock,true,false,false,false,false,false,false,false,true,
2026-06-29,2885,元大金,listed,66.9,67.2,65.4,65.7,-0.6,-0.905,29084327,1922120095,12267,TWSE,etf,false,true,false,false,false,false,false,false,false,security_type=etf
2026-06-29,2886,兆豐金,listed,47.35,47.4,46.15,46.2,0.05,0.1083,25963801,1207693064,8844,TWSE,etf,false,true,false,false,false,false,false,false,false,security_type=etf
2026-06-29,2887,台新新光金,listed,32.4,33.3,32.1,33.0,1.1,3.4483,84652109,2786716598,17774,TWSE,common_stock,true,false,false,false,false,false,false,false,true,
2026-06-29,2887E,台新新光戊特一,listed,50.8,51.4,50.8,51.1,0.3,0.5906,406238,20770119,163,TWSE,warrant,false,false,true,false,false,false,false,false,false,security_type=warrant;symbol_not_4_digit
2026-06-29,2887F,台新新光戊特二,listed,47.4,47.55,47.3,47.4,0.1,0.2114,140839,6681734,84,TWSE,warrant,false,false,true,false,false,false,false,false,false,security_type=warrant;symbol_not_4_digit
2026-06-29,2887G,台新新光庚特一,listed,43.2,43.25,43.2,43.25,0.1,0.2317,308444,13338710,57,TWSE,warrant,false,false,true,false,false,false,false,false,false,security_type=warrant;symbol_not_4_digit
2026-06-29,2887H,台新新光庚特二,listed,41.35,41.45,41.35,41.4,0.1,0.2421,178550,7390091,41,TWSE,warrant,false,false,true,false,false,false,false,false,false,security_type=warrant;symbol_not_4_digit
2026-06-29,2887I,台新新光辛特,listed,9.48,9.51,9.48,9.51,0.03,0.3165,8533450,81077132,850,TWSE,warrant,false,false,true,false,false,false,false,false,false,security_type=warrant;symbol_not_4_digit
2026-06-29,2887Z1,台新新光己特,listed,18.15,18.2,18.15,18.2,0.1,0.5525,218584,3975245,45,TWSE,warrant,false,false,true,false,false,false,false,false,false,security_type=warrant;symbol_not_4_digit
2026-06-29,2889,國票金,listed,14.85,14.95,14.75,14.8,0.0,0.0,3979390,58987469,1497,TWSE,common_stock,true,false,false,false,false,false,false,false,true,
2026-06-29,2890,永豐金,listed,39.3,39.8,38.95,39.5,0.35,0.894,48480064,1911405382,13434,TWSE,etf,false,true,false,false,false,false,false,false,false,security_type=etf
2026-06-29,2891,中信金,listed,71.3,71.8,69.7,70.3,0.0,0.0,40574544,2854498222,14422,TWSE,etf,false,true,false,false,false,false,false,false,false,security_type=etf
2026-06-29,2891B,中信金乙特,listed,,,,,0.0,,694,44448,8,TWSE,etf,false,true,true,false,false,false,false,false,false,security_type=etf;symbol_not_4_digit;invalid_close
2026-06-29,2891C,中信金丙特,listed,62.7,62.7,62.7,62.7,0.0,0.0,20201,1266562,14,TWSE,etf,false,true,true,false,false,false,false,false,false,security_type=etf;symbol_not_4_digit
2026-06-29,2892,第一金,listed,32.8,33.2,32.55,33.0,0.35,1.072,41996773,1382675420,9279,TWSE,common_stock,true,false,false,false,false,false,false,false,true,
2026-06-29,2897,王道銀行,listed,10.4,10.55,10.4,10.5,0.0,0.0,2712475,28418059,744,TWSE,common_stock,true,false,false,false,false,false,false,false,true,
2026-06-29,2897B,王道銀乙特,listed,11.85,11.85,11.85,11.85,0.0,0.0,11586,137277,11,TWSE,warrant,false,false,true,false,false,false,false,false,false,security_type=warrant;symbol_not_4_digit
2026-06-29,2901,欣欣,listed,23.5,24.05,23.3,23.85,0.2,0.8457,9734,230808,74,TWSE,common_stock,true,false,false,false,false,false,false,false,true,
2026-06-29,2903,遠百,listed,23.35,23.45,22.95,23.45,0.3,1.2959,6292892,145679784,3348,TWSE,common_stock,true,false,false,false,false,false,false,false,true,
2026-06-29,2904,匯僑,listed,14.15,14.15,14.0,14.1,-0.05,-0.3534,62832,884337,48,TWSE,common_stock,true,false,false,false,false,false,false,false,true,
2026-06-29,2905,三商,listed,14.9,15.0,14.65,14.8,0.0,0.0,535957,7929920,306,TWSE,common_stock,true,false,false,false,false,false,false,false,true,
2026-06-29,2906,高林,listed,14.95,15.6,14.8,15.6,1.4,9.8592,5362833,81789255,1804,TWSE,common_stock,true,false,false,false,false,false,false,false,true,
2026-06-29,2908,特力,listed,21.4,21.45,21.2,21.45,0.25,1.1792,93539,1998114,179,TWSE,common_stock,true,false,false,false,false,false,false,false,true,
2026-06-29,2910,統領,listed,22.9,23.6,22.6,23.0,0.1,0.4367,15000,345700,15,TWSE,common_stock,true,false,false,false,false,false,false,false,true,
2026-06-29,2911,麗嬰房,listed,7.17,7.65,6.8,7.22,0.2,2.849,424559,3030999,307,TWSE,common_stock,true,false,false,false,false,false,false,false,true,
2026-06-29,2912,統一超,listed,225.5,226.5,223.5,224.0,1.0,0.4484,2538084,571216129,2006,TWSE,etf,false,true,false,false,false,false,false,false,false,security_type=etf
2026-06-29,2913,農林,listed,10.7,10.85,10.65,10.8,0.2,1.8868,1436787,15408475,627,TWSE,common_stock,true,false,false,false,false,false,false,false,true,
2026-06-29,2915,潤泰全,listed,52.7,52.7,51.7,52.0,0.0,0.0,1231764,64085612,814,TWSE,common_stock,true,false,false,false,false,false,false,false,true,
2026-06-29,2923,鼎固-KY,listed,24.4,26.05,23.65,26.05,2.35,9.9156,171283,4342685,937,TWSE,common_stock,true,false,false,false,false,false,false,false,true,
2026-06-29,2929,淘帝-KY,listed,5.64,5.74,5.6,5.6,-0.1,-1.7544,271632,1533441,94,TWSE,common_stock,true,false,false,false,false,false,false,false,true,
2026-06-29,2939,永邑-KY,listed,19.1,19.35,18.7,19.15,0.05,0.2618,17002,324990,19,TWSE,common_stock,true,false,false,false,false,false,false,false,true,
2026-06-29,2945,三商家購,listed,42.9,42.9,41.2,41.75,-1.25,-2.907,33127,1393039,33,TWSE,warrant,false,false,true,false,false,false,false,false,false,security_type=warrant
2026-06-29,3002,歐格,listed,20.7,21.2,20.7,20.7,0.05,0.2421,287706,6016690,198,TWSE,common_stock,true,false,false,false,false,false,false,false,true,
2026-06-29,3003,健和興,listed,66.3,67.6,64.8,65.6,-0.1,-0.1522,904723,59591521,843,TWSE,common_stock,true,false,false,false,false,false,false,false,true,
2026-06-29,3004,豐達科,listed,127.5,131.0,126.0,126.5,-1.0,-0.7843,271263,34608305,300,TWSE,common_stock,true,false,false,false,false,false,false,false,true,
2026-06-29,3005,神基,listed,96.1,98.7,95.8,98.5,2.5,2.6042,3285673,320894672,2983,TWSE,common_stock,true,false,false,false,false,false,false,false,true,
2026-06-29,3006,晶豪科,listed,228.0,231.5,219.0,223.5,-3.5,-1.5419,6992258,1565950086,6681,TWSE,common_stock,true,false,false,false,false,false,false,false,true,
2026-06-29,3008,大立光,listed,4640.0,4730.0,4315.0,4380.0,-340.0,-7.2034,3846275,17176960810,37722,TWSE,common_stock,true,false,false,false,false,false,false,false,true,
2026-06-29,3010,華立,listed,123.0,125.5,123.0,123.5,1.5,1.2295,1770543,219282434,1600,TWSE,common_stock,true,false,false,false,false,false,false,false,true,
2026-06-29,3011,今皓,listed,14.6,15.2,14.5,14.6,0.15,1.0381,1985923,29386273,939,TWSE,common_stock,true,false,false,false,false,false,false,false,true,
2026-06-29,3013,晟銘電,listed,103.0,107.5,102.0,104.5,1.5,1.4563,1425747,148491646,1571,TWSE,common_stock,true,false,false,false,false,false,false,false,true,
2026-06-29,3014,聯陽,listed,154.5,159.0,153.0,157.5,3.0,1.9417,1906916,298975601,2109,TWSE,common_stock,true,false,false,false,false,false,false,false,true,
2026-06-29,3015,全漢,listed,59.9,60.7,58.5,58.7,-1.0,-1.675,645793,38298677,667,TWSE,common_stock,true,false,false,false,false,false,false,false,true,
2026-06-29,3016,嘉晶,listed,129.5,129.5,119.0,121.5,0.0,0.0,19713887,2318106477,4550,TWSE,common_stock,true,false,false,false,false,false,false,false,true,
2026-06-29,3017,奇鋐,listed,2220.0,2315.0,2220.0,2300.0,45.0,1.9956,3084014,7032758260,10709,TWSE,common_stock,true,false,false,false,false,false,false,false,true,
2026-06-29,3018,隆銘綠能,listed,,,,,0.0,,1048,12639,11,TWSE,other,false,false,false,false,false,false,false,false,false,invalid_close
2026-06-29,3019,亞光,listed,140.0,142.0,137.5,138.0,-1.5,-1.0753,4055583,565256381,4236,TWSE,common_stock,true,false,false,false,false,false,false,false,true,
2026-06-29,3021,鴻名,listed,26.7,27.35,26.3,27.35,0.5,1.8622,409220,11081931,321,TWSE,common_stock,true,false,false,false,false,false,false,false,true,
2026-06-29,3022,威強電,listed,81.3,83.8,81.0,82.3,1.0,1.23,1718920,141552045,1484,TWSE,common_stock,true,false,false,false,false,false,false,false,true,
2026-06-29,3023,信邦,listed,313.5,337.0,308.5,325.0,18.5,6.0359,4209089,1391773673,4724,TWSE,common_stock,true,false,false,false,false,false,false,false,true,
2026-06-29,3024,憶聲,listed,12.0,12.05,11.85,12.05,0.05,0.4167,851869,10190056,642,TWSE,common_stock,true,false,false,false,false,false,false,false,true,
2026-06-29,3025,星通,listed,66.8,68.7,66.4,67.1,0.0,0.0,323423,21902811,335,TWSE,common_stock,true,false,false,false,false,false,false,false,true,
2026-06-29,3026,禾伸堂,listed,728.0,770.0,728.0,766.0,37.0,5.0754,1035852,781411448,2415,TWSE,common_stock,true,false,false,false,false,false,false,false,true,
2026-06-29,3027,盛達,listed,20.0,20.35,19.85,19.95,-0.15,-0.7463,193605,3878632,180,TWSE,common_stock,true,false,false,false,false,false,false,false,true,
2026-06-29,3028,增你強,listed,80.9,83.0,78.5,81.4,0.5,0.618,3831698,310727527,3796,TWSE,common_stock,true,false,false,false,false,false,false,false,true,
2026-06-29,3029,零壹,listed,96.7,97.8,96.5,97.4,1.6,1.6701,509345,49597500,733,TWSE,common_stock,true,false,false,false,false,false,false,false,true,
2026-06-29,3030,德律,listed,319.0,326.5,316.0,321.5,6.5,2.0635,1839804,589927080,2657,TWSE,common_stock,true,false,false,false,false,false,false,false,true,
2026-06-29,3031,佰鴻,listed,29.35,31.1,29.2,30.65,1.25,4.2517,1992019,60547918,1242,TWSE,common_stock,true,false,false,false,false,false,false,false,true,
2026-06-29,3032,偉訓,listed,75.6,78.2,75.2,77.2,1.9,2.5232,528627,40760475,479,TWSE,common_stock,true,false,false,false,false,false,false,false,true,
2026-06-29,3033,威健,listed,50.0,50.0,48.6,48.8,-0.2,-0.4082,4475160,219379676,2997,TWSE,common_stock,true,false,false,false,false,false,false,false,true,
2026-06-29,3034,聯詠,listed,519.0,530.0,514.0,523.0,14.0,2.7505,6486737,3340026630,6913,TWSE,common_stock,true,false,false,false,false,false,false,false,true,
2026-06-29,3035,智原,listed,204.5,213.0,200.0,210.5,4.0,1.937,7268934,1514772450,7182,TWSE,common_stock,true,false,false,false,false,false,false,false,true,
2026-06-29,3036,文曄,listed,216.0,216.0,207.0,209.0,-6.5,-3.0162,11053112,2306650305,9383,TWSE,common_stock,true,false,false,false,false,false,false,false,true,
2026-06-29,3037,欣興,listed,999.0,1010.0,950.0,976.0,1.0,0.1026,28369251,27874514236,55285,TWSE,common_stock,true,false,false,false,false,false,false,false,true,
2026-06-29,3038,全台,listed,21.6,22.0,21.45,21.8,0.0,0.0,249587,5445176,196,TWSE,common_stock,true,false,false,false,false,false,false,false,true,
2026-06-29,3040,遠見,listed,37.1,38.0,37.0,37.65,0.15,0.4,113895,4276990,99,TWSE,common_stock,true,false,false,false,false,false,false,false,true,
2026-06-29,3041,揚智,listed,27.4,27.75,26.7,26.8,-0.5,-1.8315,1985892,53902291,1456,TWSE,common_stock,true,false,false,false,false,false,false,false,true,
2026-06-29,3042,晶技,listed,194.5,194.5,183.0,185.5,-7.5,-3.886,16273016,3068874922,24743,TWSE,common_stock,true,false,false,false,false,false,false,false,true,
2026-06-29,3043,科風,listed,21.65,22.0,21.4,21.85,0.35,1.6279,78543,1706459,128,TWSE,common_stock,true,false,false,false,false,false,false,false,true,
2026-06-29,3044,健鼎,listed,509.0,516.0,498.0,499.5,-8.5,-1.6732,4423932,2229493743,6242,TWSE,common_stock,true,false,false,false,false,false,false,false,true,
2026-06-29,3045,台灣大,listed,119.5,120.0,118.0,118.0,-0.5,-0.4219,13774394,1634258181,4433,TWSE,common_stock,true,false,false,false,false,false,false,false,true,
2026-06-29,3046,建碁,listed,50.6,50.7,49.6,49.9,-0.3,-0.5976,207254,10363231,254,TWSE,common_stock,true,false,false,false,false,false,false,false,true,
2026-06-29,3047,訊舟,listed,14.9,15.3,14.7,14.95,0.05,0.3356,917856,13779177,508,TWSE,common_stock,true,false,false,false,false,false,false,false,true,
2026-06-29,3048,益登,listed,63.0,63.9,61.2,61.6,-1.4,-2.2222,3225243,201542713,2431,TWSE,common_stock,true,false,false,false,false,false,false,false,true,
2026-06-29,3049,精金,listed,13.0,13.6,13.0,13.5,0.5,3.8462,3746884,50045396,1748,TWSE,common_stock,true,false,false,false,false,false,false,false,true,
2026-06-29,3050,鈺德,listed,12.35,12.45,12.15,12.15,-0.1,-0.8163,835398,10202588,340,TWSE,common_stock,true,false,false,false,false,false,false,false,true,
2026-06-29,3051,力特,listed,26.5,27.25,26.3,26.55,0.05,0.1887,1066251,28452570,889,TWSE,common_stock,true,false,false,false,false,false,false,false,true,
2026-06-29,3052,夆典,listed,10.65,10.7,10.6,10.6,0.05,0.4739,116655,1241410,116,TWSE,common_stock,true,false,false,false,false,false,false,false,true,
2026-06-29,3054,立萬利,listed,63.9,63.9,62.4,62.7,1.1,1.7857,50259,3161985,60,TWSE,common_stock,true,false,false,false,false,false,false,false,true,
2026-06-29,3055,蔚華科,listed,96.0,105.5,93.6,105.5,9.5,9.8958,2857928,295789337,1982,TWSE,common_stock,true,false,false,false,false,false,false,false,true,
2026-06-29,3056,富華新,listed,14.7,14.8,14.4,14.55,0.05,0.3448,1451078,21097575,462,TWSE,common_stock,true,false,false,false,false,false,false,false,true,
2026-06-29,3057,喬鼎,listed,19.25,19.45,18.95,19.45,0.3,1.5666,169797,3258727,205,TWSE,common_stock,true,false,false,false,false,false,false,false,true,
2026-06-29,3058,立德,listed,9.05,9.18,9.05,9.15,0.1,1.105,485588,4428263,277,TWSE,common_stock,true,false,false,false,false,false,false,false,true,
2026-06-29,3059,華晶科,listed,48.5,50.8,47.8,48.4,0.05,0.1034,10071152,497228462,6910,TWSE,common_stock,true,false,false,false,false,false,false,false,true,
2026-06-29,3060,銘異,listed,36.35,38.2,35.55,36.65,0.3,0.8253,5884089,217588270,4894,TWSE,common_stock,true,false,false,false,false,false,false,false,true,
2026-06-29,3062,建漢,listed,24.05,25.45,23.85,24.85,0.85,3.5417,3063231,75506020,1835,TWSE,common_stock,true,false,false,false,false,false,false,false,true,
2026-06-29,3090,日電貿,listed,308.0,316.5,298.0,304.0,-6.0,-1.9355,906138,280495445,1310,TWSE,common_stock,true,false,false,false,false,false,false,false,true,
2026-06-29,3092,鴻碩,listed,29.65,29.8,28.7,29.25,-0.35,-1.1824,424043,12367010,395,TWSE,common_stock,true,false,false,false,false,false,false,false,true,
2026-06-29,3094,聯傑,listed,39.6,41.45,38.35,40.55,0.85,2.1411,3981245,158575852,2981,TWSE,common_stock,true,false,false,false,false,false,false,false,true,
2026-06-29,3130,一零四,listed,221.0,222.0,221.0,221.0,0.5,0.2268,39863,8825733,79,TWSE,common_stock,true,false,false,false,false,false,false,false,true,
2026-06-29,3135,凌航,listed,188.0,189.0,177.0,181.0,-5.0,-2.6882,1889312,344453025,2398,TWSE,common_stock,true,false,false,false,false,false,false,false,true,
2026-06-29,3138,耀登,listed,121.0,121.5,114.5,116.5,0.5,0.431,593999,69986919,765,TWSE,common_stock,true,false,false,false,false,false,false,false,true,
2026-06-29,3149,正達,listed,98.0,101.0,92.7,92.7,-5.1,-5.2147,19314301,1857671225,14808,TWSE,common_stock,true,false,false,false,false,false,false,false,true,
2026-06-29,3150,鈺寶-創,listed,18.8,19.0,18.7,19.0,0.2,1.0638,39005,732090,24,TWSE,common_stock,true,false,false,false,false,false,false,false,true,
2026-06-29,3164,景岳,listed,15.95,16.2,15.9,15.95,0.05,0.3145,38410,614625,124,TWSE,common_stock,true,false,false,false,false,false,false,false,true,
2026-06-29,3167,大量,listed,774.0,785.0,774.0,774.0,9.0,1.1765,357349,277930995,880,TWSE,common_stock,true,false,false,false,false,false,false,false,true,
2026-06-29,3168,眾福科,listed,43.0,43.7,42.65,42.85,0.3,0.7051,27256,1171440,21,TWSE,common_stock,true,false,false,false,false,false,false,false,true,
2026-06-29,3189,景碩,listed,825.0,833.0,782.0,810.0,13.0,1.6311,31131139,25302720507,42306,TWSE,common_stock,true,false,false,false,false,false,false,false,true,
2026-06-29,3209,全科,listed,60.3,60.4,58.1,58.4,-1.8,-2.99,1842685,108816301,1548,TWSE,common_stock,true,false,false,false,false,false,false,false,true,
2026-06-29,3229,晟鈦,listed,42.4,43.8,41.85,41.95,-0.6,-1.4101,267036,11380366,227,TWSE,common_stock,true,false,false,false,false,false,false,false,true,
2026-06-29,3231,緯創,listed,154.0,158.0,153.5,154.5,1.5,0.9804,27017688,4201637902,19952,TWSE,common_stock,true,false,false,false,false,false,false,false,true,
2026-06-29,3257,虹冠電,listed,63.4,64.7,62.1,62.7,-2.6,-3.9816,841268,53180103,873,TWSE,common_stock,true,false,false,false,false,false,false,false,true,
2026-06-29,3266,昇陽,listed,13.6,13.8,13.3,13.8,0.2,1.4706,68576,928018,53,TWSE,common_stock,true,false,false,false,false,false,false,false,true,
2026-06-29,3296,勝德,listed,27.85,29.0,27.85,28.6,0.75,2.693,114108,3251307,160,TWSE,common_stock,true,false,false,false,false,false,false,false,true,
2026-06-29,3305,昇貿,listed,130.5,138.0,129.0,133.5,4.0,3.0888,2620424,351655781,2351,TWSE,common_stock,true,false,false,false,false,false,false,false,true,
2026-06-29,3308,聯德,listed,21.85,22.6,21.1,21.15,-0.35,-1.6279,87266,1864237,150,TWSE,common_stock,true,false,false,false,false,false,false,false,true,
2026-06-29,3311,閎暉,listed,36.95,37.8,36.15,36.25,-0.7,-1.8945,403199,14784585,532,TWSE,common_stock,true,false,false,false,false,false,false,false,true,
2026-06-29,3312,弘憶股,listed,59.5,59.9,56.9,58.0,-1.1,-1.8613,3366345,195734335,2627,TWSE,common_stock,true,false,false,false,false,false,false,false,true,
2026-06-29,3321,同泰,listed,24.65,24.65,22.8,23.35,-1.0,-4.1068,913832,21630565,702,TWSE,common_stock,true,false,false,false,false,false,false,false,true,
2026-06-29,3338,泰碩,listed,70.3,70.5,67.6,68.4,-0.6,-0.8696,723840,50067942,728,TWSE,common_stock,true,false,false,false,false,false,false,false,true,
2026-06-29,3346,麗清,listed,24.05,25.45,23.9,24.7,0.8,3.3473,1694855,42253715,1038,TWSE,common_stock,true,false,false,false,false,false,false,false,true,
2026-06-29,3356,奇偶,listed,58.9,60.4,58.5,58.8,1.5,2.6178,584620,34744464,590,TWSE,common_stock,true,false,false,false,false,false,false,false,true,
2026-06-29,3376,新日興,listed,196.5,201.0,194.0,194.5,0.0,0.0,3470247,683461080,3443,TWSE,common_stock,true,false,false,false,false,false,false,false,true,
2026-06-29,3380,明泰,listed,31.9,33.4,31.55,32.7,1.2,3.8095,2381170,77933111,1652,TWSE,common_stock,true,false,false,false,false,false,false,false,true,
2026-06-29,3406,玉晶光,listed,702.0,705.0,652.0,657.0,-43.0,-6.1429,3953398,2648654650,8068,TWSE,common_stock,true,false,false,false,false,false,false,false,true,
2026-06-29,3413,京鼎,listed,300.5,324.5,300.0,314.0,15.0,5.0167,2814988,888550687,3209,TWSE,common_stock,true,false,false,false,false,false,false,false,true,
2026-06-29,3416,融程電,listed,165.5,169.0,164.5,166.5,3.0,1.8349,352891,58761104,414,TWSE,common_stock,true,false,false,false,false,false,false,false,true,
2026-06-29,3419,譁裕,listed,13.75,14.35,13.6,13.7,0.15,1.107,144474,1986094,90,TWSE,common_stock,true,false,false,false,false,false,false,false,true,
2026-06-29,3432,台端,listed,17.9,18.2,17.4,17.65,-0.25,-1.3966,20822,371098,22,TWSE,common_stock,true,false,false,false,false,false,false,false,true,
2026-06-29,3437,榮創,listed,21.05,21.55,20.8,20.95,-0.1,-0.4751,748565,15803315,542,TWSE,common_stock,true,false,false,false,false,false,false,false,true,
2026-06-29,3443,創意,listed,4425.0,4520.0,4355.0,4420.0,0.0,0.0,947448,4191250805,5985,TWSE,common_stock,true,false,false,false,false,false,false,false,true,
2026-06-29,3447,展達,listed,36.65,37.25,36.05,36.05,-0.55,-1.5027,208531,7611726,186,TWSE,common_stock,true,false,false,false,false,false,false,false,true,
2026-06-29,3450,聯鈞,listed,525.0,525.0,501.0,505.0,-25.0,-4.717,8125227,4147511530,11082,TWSE,common_stock,true,false,false,false,false,false,false,false,true,
2026-06-29,3481,群創,listed,65.2,69.3,63.5,67.0,2.0,3.0769,602285246,40617452457,247158,TWSE,common_stock,true,false,false,false,false,false,false,false,true,
2026-06-29,3494,誠研,listed,7.71,7.98,7.71,7.94,-0.02,-0.2513,37409,296015,63,TWSE,common_stock,true,false,false,false,false,false,false,false,true,
2026-06-29,3501,維熹,listed,39.95,40.15,39.7,40.0,0.0,0.0,908073,36311420,497,TWSE,common_stock,true,false,false,false,false,false,false,false,true,
2026-06-29,3504,揚明光,listed,82.0,83.1,77.3,77.8,-4.6,-5.5825,1550538,123186318,1470,TWSE,common_stock,true,false,false,false,false,false,false,false,true,
2026-06-29,3515,華擎,listed,235.0,237.0,231.0,232.0,0.0,0.0,576190,134908782,827,TWSE,common_stock,true,false,false,false,false,false,false,false,true,
2026-06-29,3518,柏騰,listed,29.1,29.85,28.8,29.2,0.3,1.0381,397143,11636197,314,TWSE,common_stock,true,false,false,false,false,false,false,false,true,
2026-06-29,3528,安馳,listed,98.2,101.5,96.8,98.2,1.5,1.5512,667603,66307508,1757,TWSE,common_stock,true,false,false,false,false,false,false,false,true,
2026-06-29,3530,晶相光,listed,67.7,71.8,67.7,68.2,0.6,0.8876,303830,21138323,676,TWSE,common_stock,true,false,false,false,false,false,false,false,true,
2026-06-29,3532,台勝科,listed,341.0,343.5,325.0,331.0,-5.0,-1.4881,500945,166947401,1320,TWSE,common_stock,true,false,false,false,false,false,false,false,true,
2026-06-29,3533,嘉澤,listed,2135.0,2175.0,2110.0,2135.0,30.0,1.4252,676032,1444280570,2156,TWSE,common_stock,true,false,false,false,false,false,false,false,true,
2026-06-29,3535,晶彩科,listed,113.5,118.0,111.5,112.0,0.0,0.0,1361073,155075690,1676,TWSE,common_stock,true,false,false,false,false,false,false,false,true,
2026-06-29,3543,州巧,listed,29.0,29.3,28.5,28.6,0.15,0.5272,451061,13064273,355,TWSE,common_stock,true,false,false,false,false,false,false,false,true,
2026-06-29,3545,敦泰,listed,55.1,56.0,54.7,54.7,0.2,0.367,879714,48703910,624,TWSE,common_stock,true,false,false,false,false,false,false,false,true,
2026-06-29,3550,聯穎,listed,31.4,31.45,29.65,30.45,-0.95,-3.0255,5600505,169387861,3345,TWSE,common_stock,true,false,false,false,false,false,false,false,true,
2026-06-29,3557,嘉威,listed,24.6,25.35,24.6,25.3,0.0,0.0,70850,1777268,71,TWSE,common_stock,true,false,false,false,false,false,false,false,true,
2026-06-29,3563,牧德,listed,667.0,684.0,653.0,660.0,0.0,0.0,459629,306390644,1823,TWSE,common_stock,true,false,false,false,false,false,false,false,true,
2026-06-29,3576,聯合再生,listed,16.7,17.5,16.6,16.8,0.3,1.8182,9600462,162636642,4341,TWSE,common_stock,true,false,false,false,false,false,false,false,true,
2026-06-29,3583,辛耘,listed,814.0,885.0,806.0,861.0,49.0,6.0345,1675852,1446235343,4001,TWSE,common_stock,true,false,false,false,false,false,false,false,true,
2026-06-29,3588,通嘉,listed,72.6,72.6,67.0,68.0,-3.6,-5.0279,1978448,136381938,4226,TWSE,common_stock,true,false,false,false,false,false,false,false,true,
2026-06-29,3591,艾笛森,listed,26.65,27.65,26.2,26.2,-0.25,-0.9452,1729064,46318487,1297,TWSE,common_stock,true,false,false,false,false,false,false,false,true,
2026-06-29,3592,瑞鼎,listed,264.0,270.5,263.5,268.0,4.5,1.7078,809161,216611830,917,TWSE,common_stock,true,false,false,false,false,false,false,false,true,
2026-06-29,3593,力銘,listed,15.5,15.7,14.95,15.7,-0.1,-0.6329,35522,538797,55,TWSE,common_stock,true,false,false,false,false,false,false,false,true,
2026-06-29,3596,智易,listed,183.0,189.5,183.0,188.0,6.5,3.5813,1772638,332188878,1465,TWSE,common_stock,true,false,false,false,false,false,false,false,true,
2026-06-29,3605,宏致,listed,73.9,80.6,73.7,78.0,4.0,5.4054,4664251,367891219,3711,TWSE,common_stock,true,false,false,false,false,false,false,false,true,
2026-06-29,3607,谷崧,listed,16.2,16.6,16.1,16.15,0.05,0.3106,409989,6709501,212,TWSE,common_stock,true,false,false,false,false,false,false,false,true,
2026-06-29,3617,碩天,listed,210.0,218.5,210.0,213.5,5.0,2.3981,507567,109248050,593,TWSE,common_stock,true,false,false,false,false,false,false,false,true,
2026-06-29,3622,洋華,listed,54.8,56.0,54.5,55.8,1.5,2.7624,272777,15087993,253,TWSE,common_stock,true,false,false,false,false,false,false,false,true,
2026-06-29,3645,達邁,listed,87.5,89.2,86.3,87.3,0.2,0.2296,1187816,104023030,1158,TWSE,common_stock,true,false,false,false,false,false,false,false,true,
2026-06-29,3652,精聯,listed,39.55,39.55,37.6,38.4,-1.15,-2.9077,736863,28520171,509,TWSE,common_stock,true,false,false,false,false,false,false,false,true,
2026-06-29,3653,健策,listed,3470.0,3480.0,3280.0,3320.0,-85.0,-2.4963,1116741,3734960585,7306,TWSE,common_stock,true,false,false,false,false,false,false,false,true,
2026-06-29,3661,世芯-KY,listed,3900.0,4015.0,3890.0,3985.0,115.0,2.9716,1290876,5105531495,6580,TWSE,common_stock,true,false,false,false,false,false,false,false,true,
2026-06-29,3665,貿聯-KY,listed,1855.0,1915.0,1820.0,1880.0,25.0,1.3477,1592882,2959200095,8169,TWSE,common_stock,true,false,false,false,false,false,false,false,true,
2026-06-29,3669,圓展,listed,34.6,34.6,33.6,33.6,0.1,0.2985,73541,2490250,81,TWSE,common_stock,true,false,false,false,false,false,false,false,true,
2026-06-29,3673,TPK-KY,listed,76.5,78.5,74.5,76.5,0.0,0.0,9270291,712777882,6630,TWSE,common_stock,true,false,false,false,false,false,false,false,true,
2026-06-29,3679,新至陞,listed,109.0,109.0,107.5,108.0,-0.5,-0.4608,37650,4072545,86,TWSE,common_stock,true,false,false,false,false,false,false,false,true,
2026-06-29,3686,達能,listed,17.45,17.5,16.5,16.6,-0.1,-0.5988,202754,3428460,158,TWSE,common_stock,true,false,false,false,false,false,false,false,true,
2026-06-29,3694,海華,listed,56.2,57.7,56.0,56.6,0.9,1.6158,534449,30300123,450,TWSE,common_stock,true,false,false,false,false,false,false,false,true,
2026-06-29,3701,大眾控,listed,44.1,45.0,43.5,44.1,0.6,1.3793,817331,36030811,624,TWSE,common_stock,true,false,false,false,false,false,false,false,true,
2026-06-29,3702,大聯大,listed,108.0,108.0,103.5,104.5,-2.0,-1.8779,7796543,823495650,4306,TWSE,common_stock,true,false,false,false,false,false,false,false,true,
2026-06-29,3703,欣陸,listed,21.55,21.7,21.3,21.45,0.1,0.4684,629067,13524009,307,TWSE,common_stock,true,false,false,false,false,false,false,false,true,
2026-06-29,3704,合勤控,listed,43.7,45.85,43.5,45.25,2.25,5.2326,4248331,190905716,2554,TWSE,common_stock,true,false,false,false,false,false,false,false,true,
2026-06-29,3705,永信,listed,53.7,54.8,53.7,54.3,0.6,1.1173,291406,15862579,257,TWSE,common_stock,true,false,false,false,false,false,false,false,true,
2026-06-29,3706,神達,listed,84.4,89.2,84.4,86.4,2.9,3.4731,32056963,2807540698,20492,TWSE,common_stock,true,false,false,false,false,false,false,false,true,
2026-06-29,3708,上緯投控,listed,108.0,110.5,107.0,107.0,-1.5,-1.3825,442362,47846186,442,TWSE,common_stock,true,false,false,false,false,false,false,false,true,
2026-06-29,3711,日月光投控,listed,628.0,632.0,611.0,627.0,-5.0,-0.7911,17955704,11210810380,29181,TWSE,common_stock,true,false,false,false,false,false,false,false,true,
2026-06-29,3712,永崴投控,listed,17.35,18.2,17.35,18.1,0.75,4.3228,636451,11407945,509,TWSE,common_stock,true,false,false,false,false,false,false,false,true,
2026-06-29,3714,富采,listed,61.8,63.7,61.3,62.4,0.8,1.2987,6293749,394322853,4385,TWSE,common_stock,true,false,false,false,false,false,false,false,true,
2026-06-29,3715,定穎投控,listed,170.0,171.5,165.0,166.0,-2.5,-1.4837,5656135,948821331,7196,TWSE,common_stock,true,false,false,false,false,false,false,false,true,
2026-06-29,3716,中化控股,listed,34.45,35.2,34.45,35.2,0.55,1.5873,210809,7374452,213,TWSE,common_stock,true,false,false,false,false,false,false,false,true,
2026-06-29,3717,聯嘉投控,listed,25.9,25.95,25.1,25.95,2.35,9.9576,20834636,539390496,4912,TWSE,common_stock,true,false,false,false,false,false,false,false,true,
2026-06-29,4104,佳醫,listed,68.6,69.2,68.5,69.2,0.5,0.7278,171255,11796675,258,TWSE,common_stock,true,false,false,false,false,false,false,false,true,
2026-06-29,4106,雃博,listed,23.0,23.35,23.0,23.35,0.15,0.6466,62151,1442714,88,TWSE,common_stock,true,false,false,false,false,false,false,false,true,
2026-06-29,4108,懷特,listed,11.9,12.05,11.8,12.0,0.1,0.8403,179071,2142188,129,TWSE,common_stock,true,false,false,false,false,false,false,false,true,
2026-06-29,4119,旭富,listed,44.4,45.05,44.2,44.25,-0.25,-0.5618,120563,5363703,121,TWSE,common_stock,true,false,false,false,false,false,false,false,true,
2026-06-29,4133,亞諾法,listed,20.3,20.7,20.3,20.7,0.45,2.2222,121621,2508352,168,TWSE,common_stock,true,false,false,false,false,false,false,false,true,
2026-06-29,4137,麗豐-KY,listed,109.0,110.5,109.0,110.5,2.5,2.3148,187463,20597763,213,TWSE,common_stock,true,false,false,false,false,false,false,false,true,
2026-06-29,4142,國光生,listed,16.95,17.55,16.9,17.5,0.7,4.1667,1713947,29769843,888,TWSE,common_stock,true,false,false,false,false,false,false,false,true,
2026-06-29,4148,全宇生技-KY,listed,29.5,30.55,29.5,30.55,1.05,3.5593,33778,1009150,36,TWSE,common_stock,true,false,false,false,false,false,false,false,true,
2026-06-29,4155,訊映,listed,14.4,15.05,14.4,14.8,0.35,2.4221,177031,2621136,163,TWSE,common_stock,true,false,false,false,false,false,false,false,true,
2026-06-29,4164,承業醫,listed,28.65,29.3,28.65,29.15,0.0,0.0,811290,23619942,477,TWSE,common_stock,true,false,false,false,false,false,false,false,true,
2026-06-29,4169,泰宗,listed,193.0,209.5,193.0,209.0,17.0,8.8542,549884,112647853,1348,TWSE,common_stock,true,false,false,false,false,false,false,false,true,
2026-06-29,4178,永笙-KY,listed,17.85,18.8,17.5,18.2,0.6,3.4091,430936,7886445,299,TWSE,common_stock,true,false,false,false,false,false,false,false,true,
2026-06-29,4190,佐登-KY,listed,24.05,24.1,23.85,24.0,-0.05,-0.2079,74275,1781853,164,TWSE,common_stock,true,false,false,false,false,false,false,false,true,
2026-06-29,4195,基米-創,listed,15.2,15.45,15.1,15.4,0.2,1.3158,70330,1073139,68,TWSE,common_stock,true,false,false,false,false,false,false,false,true,
2026-06-29,4306,炎洲,listed,15.9,16.05,15.75,15.9,0.0,0.0,1379753,21897274,637,TWSE,common_stock,true,false,false,false,false,false,false,false,true,
2026-06-29,4414,如興,listed,8.38,8.55,8.38,8.48,0.1,1.1933,197628,1679279,146,TWSE,common_stock,true,false,false,false,false,false,false,false,true,
2026-06-29,4426,利勤,listed,7.88,7.88,7.71,7.72,0.07,0.915,88297,687950,70,TWSE,common_stock,true,false,false,false,false,false,false,false,true,
2026-06-29,4438,廣越,listed,59.9,59.9,58.7,59.3,0.9,1.5411,42023,2479498,62,TWSE,common_stock,true,false,false,false,false,false,false,false,true,
2026-06-29,4439,冠星-KY,listed,90.0,91.0,90.0,91.0,0.0,0.0,15029,1354812,16,TWSE,common_stock,true,false,false,false,false,false,false,false,true,
2026-06-29,4440,宜新實業,listed,17.05,17.25,17.0,17.1,0.05,0.2933,48060,821370,24,TWSE,common_stock,true,false,false,false,false,false,false,false,true,
2026-06-29,4441,振大環球,listed,186.0,187.5,184.0,185.5,-4.5,-2.3684,85767,15923631,102,TWSE,common_stock,true,false,false,false,false,false,false,false,true,
2026-06-29,4526,東台,listed,39.15,40.3,38.2,38.4,-0.45,-1.1583,2857215,111746060,2099,TWSE,common_stock,true,false,false,false,false,false,false,false,true,
2026-06-29,4532,瑞智,listed,25.3,26.15,25.3,26.15,2.35,9.8739,7054828,183999440,2563,TWSE,common_stock,true,false,false,false,false,false,false,false,true,
2026-06-29,4536,拓凱,listed,164.5,165.5,164.0,165.5,1.5,0.9146,114057,18804543,139,TWSE,common_stock,true,false,false,false,false,false,false,false,true,
2026-06-29,4540,全球傳動,listed,55.5,57.1,55.1,55.6,0.2,0.361,955987,53555867,1139,TWSE,common_stock,true,false,false,false,false,false,false,false,true,
2026-06-29,4545,銘鈺,listed,37.75,37.75,36.8,37.05,0.05,0.1351,119129,4440069,162,TWSE,common_stock,true,false,false,false,false,false,false,false,true,
2026-06-29,4551,智伸科,listed,225.0,230.0,209.0,224.5,-0.5,-0.2222,1543910,336969851,1501,TWSE,common_stock,true,false,false,false,false,false,false,false,true,
2026-06-29,4552,力達-KY,listed,20.4,20.4,19.7,20.0,-0.15,-0.7444,85825,1715742,201,TWSE,common_stock,true,false,false,false,false,false,false,false,true,
2026-06-29,4555,氣立,listed,46.5,48.45,45.75,47.1,1.35,2.9508,340912,16122620,301,TWSE,common_stock,true,false,false,false,false,false,false,false,true,
2026-06-29,4557,永新-KY,listed,46.9,47.7,46.9,47.65,0.85,1.8162,30892,1465295,46,TWSE,common_stock,true,false,false,false,false,false,false,false,true,
2026-06-29,4560,強信-KY,listed,32.4,32.95,32.4,32.75,0.35,1.0802,271001,8835431,142,TWSE,common_stock,true,false,false,false,false,false,false,false,true,
2026-06-29,4562,穎漢,listed,33.1,34.25,32.75,32.8,-0.4,-1.2048,255983,8538736,246,TWSE,common_stock,true,false,false,false,false,false,false,false,true,
2026-06-29,4564,元翎,listed,15.45,16.3,15.45,15.7,0.3,1.9481,473188,7475111,381,TWSE,common_stock,true,false,false,false,false,false,false,false,true,
2026-06-29,4566,時碩工業,listed,59.5,63.5,59.5,61.0,1.8,3.0405,538327,33123372,410,TWSE,common_stock,true,false,false,false,false,false,false,false,true,
2026-06-29,4569,六方科-KY,listed,165.5,174.5,165.5,168.0,1.5,0.9009,71483,12153049,211,TWSE,common_stock,true,false,false,false,false,false,false,false,true,
2026-06-29,4571,鈞興-KY,listed,161.0,166.0,161.0,163.5,1.0,0.6154,138954,22718672,298,TWSE,common_stock,true,false,false,false,false,false,false,false,true,
2026-06-29,4572,駐龍,listed,143.0,146.5,143.0,143.0,0.0,0.0,27659,4007661,72,TWSE,common_stock,true,false,false,false,false,false,false,false,true,
2026-06-29,4576,大銀微系統,listed,200.0,208.5,200.0,204.5,4.0,1.995,1141836,234247065,1364,TWSE,common_stock,true,false,false,false,false,false,false,false,true,
2026-06-29,4581,光隆精密-KY,listed,50.0,50.0,50.0,50.0,0.0,0.0,7001,350050,5,TWSE,common_stock,true,false,false,false,false,false,false,false,true,
2026-06-29,4582,聚恆-創,listed,24.45,25.0,24.45,24.5,0.1,0.4098,84437,2071142,64,TWSE,common_stock,true,false,false,false,false,false,false,false,true,
2026-06-29,4583,台灣精銳,listed,577.0,588.0,574.0,578.0,2.0,0.3472,64586,37467094,264,TWSE,common_stock,true,false,false,false,false,false,false,false,true,
2026-06-29,4585,達明,listed,296.0,302.0,295.5,296.5,1.0,0.3384,154272,45979424,466,TWSE,common_stock,true,false,false,false,false,false,false,false,true,
2026-06-29,4588,玖鼎電力,listed,57.4,58.6,57.4,57.5,0.1,0.1742,44297,2559162,61,TWSE,common_stock,true,false,false,false,false,false,false,false,true,
2026-06-29,4590,富田-創,listed,73.7,76.8,73.6,76.6,3.4,4.6448,239396,18133887,209,TWSE,common_stock,true,false,false,false,false,false,false,false,true,
2026-06-29,4720,德淵,listed,22.9,24.6,22.5,24.6,2.2,9.8214,4918105,119600534,1990,TWSE,common_stock,true,false,false,false,false,false,false,false,true,
2026-06-29,4722,國精化,listed,286.5,313.0,284.0,306.5,17.0,5.8722,3748560,1141224292,5259,TWSE,common_stock,true,false,false,false,false,false,false,false,true,
2026-06-29,4736,泰博,listed,123.0,123.5,123.0,123.5,0.5,0.4065,99104,12211250,98,TWSE,common_stock,true,false,false,false,false,false,false,false,true,
2026-06-29,4737,華廣,listed,57.2,57.8,56.3,57.2,0.2,0.3509,65872,3762820,53,TWSE,common_stock,true,false,false,false,false,false,false,false,true,
2026-06-29,4739,康普,listed,109.5,110.0,103.0,105.0,-1.0,-0.9434,2662442,282235498,2099,TWSE,common_stock,true,false,false,false,false,false,false,false,true,
2026-06-29,4746,台耀,listed,51.2,53.1,51.2,53.0,2.2,4.3307,853386,44788541,747,TWSE,common_stock,true,false,false,false,false,false,false,false,true,
2026-06-29,4755,三福化,listed,135.5,136.5,133.0,135.0,2.0,1.5038,119501,16161684,182,TWSE,common_stock,true,false,false,false,false,false,false,false,true,
2026-06-29,4763,材料*-KY,listed,44.45,47.85,44.4,47.85,4.35,10.0,14723967,694783692,6641,TWSE,common_stock,true,false,false,false,false,false,false,false,true,
2026-06-29,4764,雙鍵,listed,285.0,294.0,279.0,282.5,7.0,2.5408,416120,119055842,658,TWSE,common_stock,true,false,false,false,false,false,false,false,true,
2026-06-29,4766,南寶,listed,344.0,348.5,338.0,339.0,-1.0,-0.2941,1094686,373538784,1004,TWSE,common_stock,true,false,false,false,false,false,false,false,true,
2026-06-29,4770,上品,listed,210.0,212.5,209.0,211.5,1.5,0.7143,149371,31473785,262,TWSE,common_stock,true,false,false,false,false,false,false,false,true,
2026-06-29,4771,望隼,listed,188.5,191.5,188.5,191.0,3.5,1.8667,127585,24308436,146,TWSE,common_stock,true,false,false,false,false,false,false,false,true,
2026-06-29,4807,日成-KY,listed,39.0,39.0,35.9,36.6,-1.3,-3.4301,375517,13878213,364,TWSE,common_stock,true,false,false,false,false,false,false,false,true,
2026-06-29,4904,遠傳,listed,108.5,108.5,104.0,106.0,-1.0,-0.9346,23358344,2478438101,8448,TWSE,common_stock,true,false,false,false,false,false,false,false,true,
2026-06-29,4906,正文,listed,41.7,42.5,40.2,41.3,-0.2,-0.4819,9703043,400776992,5914,TWSE,common_stock,true,false,false,false,false,false,false,false,true,
2026-06-29,4912,聯德控股-KY,listed,83.9,85.0,83.6,84.9,1.2,1.4337,203500,17140822,225,TWSE,common_stock,true,false,false,false,false,false,false,false,true,
2026-06-29,4915,致伸,listed,65.0,66.9,64.0,65.0,0.0,0.0,14371665,940964473,8924,TWSE,common_stock,true,false,false,false,false,false,false,false,true,
2026-06-29,4916,事欣科,listed,95.7,100.5,95.7,96.2,0.5,0.5225,5309267,520688161,4489,TWSE,common_stock,true,false,false,false,false,false,false,false,true,
2026-06-29,4919,新唐,listed,167.0,174.0,164.0,170.5,2.0,1.1869,9025551,1531411706,8684,TWSE,common_stock,true,false,false,false,false,false,false,false,true,
2026-06-29,4927,泰鼎-KY,listed,45.65,47.0,44.25,44.35,-1.3,-2.8478,6659260,301189157,4284,TWSE,common_stock,true,false,false,false,false,false,false,false,true,
2026-06-29,4930,燦星網,listed,17.05,17.1,16.8,16.8,-0.1,-0.5917,41342,697958,177,TWSE,common_stock,true,false,false,false,false,false,false,false,true,
2026-06-29,4934,太極,listed,16.45,17.15,16.35,16.75,0.45,2.7607,640729,10807097,395,TWSE,common_stock,true,false,false,false,false,false,false,false,true,
2026-06-29,4935,茂林-KY,listed,36.45,36.6,36.0,36.3,-0.15,-0.4115,146599,5305796,133,TWSE,common_stock,true,false,false,false,false,false,false,false,true,
2026-06-29,4938,和碩,listed,82.0,85.7,81.6,82.2,1.2,1.4815,26382148,2197767710,14569,TWSE,common_stock,true,false,false,false,false,false,false,false,true,
2026-06-29,4942,嘉彰,listed,37.8,37.9,37.35,37.4,0.1,0.2681,25152,943499,23,TWSE,common_stock,true,false,false,false,false,false,false,false,true,
2026-06-29,4943,康控-KY,listed,9.62,9.62,8.8,9.4,0.21,2.2851,73705,668568,57,TWSE,common_stock,true,false,false,false,false,false,false,false,true,
2026-06-29,4949,有成精密,listed,81.2,83.3,77.1,77.1,-4.9,-5.9756,1529996,121205871,1739,TWSE,common_stock,true,false,false,false,false,false,false,false,true,
2026-06-29,4952,凌通,listed,54.6,57.2,54.5,56.7,2.5,4.6125,949247,53457955,820,TWSE,common_stock,true,false,false,false,false,false,false,false,true,
2026-06-29,4956,光鋐,listed,37.0,37.65,36.3,36.6,-0.15,-0.4082,922366,34036500,702,TWSE,common_stock,true,false,false,false,false,false,false,false,true,
2026-06-29,4958,臻鼎-KY,listed,590.0,599.0,561.0,573.0,-7.0,-1.2069,29695362,17176264852,46407,TWSE,common_stock,true,false,false,false,false,false,false,false,true,
2026-06-29,4960,誠美材,listed,26.2,26.3,25.35,25.7,0.05,0.1949,3739046,96553043,2336,TWSE,common_stock,true,false,false,false,false,false,false,false,true,
2026-06-29,4961,天鈺,listed,167.0,169.5,165.0,165.0,0.0,0.0,578804,96243904,729,TWSE,common_stock,true,false,false,false,false,false,false,false,true,
2026-06-29,4967,十銓,listed,268.0,270.0,261.0,264.0,-1.0,-0.3774,2269059,602041908,2983,TWSE,common_stock,true,false,false,false,false,false,false,false,true,
2026-06-29,4968,立積,listed,110.5,113.0,109.0,110.5,0.0,0.0,635832,70376109,686,TWSE,common_stock,true,false,false,false,false,false,false,false,true,
2026-06-29,4976,佳凌,listed,38.25,39.95,37.2,37.6,-0.65,-1.6993,2256755,86650266,1780,TWSE,common_stock,true,false,false,false,false,false,false,false,true,
2026-06-29,4977,眾達-KY,listed,166.0,169.0,162.0,167.0,2.5,1.5198,1638049,271174076,1892,TWSE,common_stock,true,false,false,false,false,false,false,false,true,
2026-06-29,4989,榮科,listed,78.6,82.4,78.1,79.4,0.0,0.0,4123530,329505219,3494,TWSE,common_stock,true,false,false,false,false,false,false,false,true,
2026-06-29,4994,傳奇,listed,91.1,91.5,89.1,90.7,1.6,1.7957,14000,1265400,14,TWSE,common_stock,true,false,false,false,false,false,false,false,true,
2026-06-29,4999,鑫禾,listed,20.0,20.3,19.95,20.0,0.0,0.0,58304,1171739,135,TWSE,common_stock,true,false,false,false,false,false,false,false,true,
2026-06-29,5007,三星,listed,55.6,55.9,55.5,55.7,0.1,0.1799,17303,964368,79,TWSE,common_stock,true,false,false,false,false,false,false,false,true,
2026-06-29,5203,訊連,listed,66.4,70.0,66.4,68.8,1.8,2.6866,542249,37228763,428,TWSE,common_stock,true,false,false,false,false,false,false,false,true,
2026-06-29,5215,科嘉-KY,listed,42.5,43.3,42.5,42.65,-0.3,-0.6985,144293,6189965,85,TWSE,common_stock,true,false,false,false,false,false,false,false,true,
2026-06-29,5222,全訊,listed,117.5,123.0,117.5,120.5,3.5,2.9915,585289,70618699,643,TWSE,common_stock,true,false,false,false,false,false,false,false,true,
2026-06-29,5225,東科-KY,listed,71.6,72.8,71.2,71.7,0.1,0.1397,125912,9041301,380,TWSE,common_stock,true,false,false,false,false,false,false,false,true,
2026-06-29,5234,達興材料,listed,386.0,399.0,378.5,391.0,13.5,3.5762,388284,152284318,743,TWSE,common_stock,true,false,false,false,false,false,false,false,true,
2026-06-29,5243,乙盛-KY,listed,100.0,102.0,99.1,99.5,0.7,0.7085,1426938,142978384,1265,TWSE,common_stock,true,false,false,false,false,false,false,false,true,
2026-06-29,5244,弘凱,listed,35.7,37.2,35.7,35.95,-0.15,-0.4155,101353,3668788,102,TWSE,common_stock,true,false,false,false,false,false,false,false,true,
2026-06-29,5258,虹堡,listed,47.45,48.1,47.05,48.0,1.45,3.1149,296768,14128795,256,TWSE,common_stock,true,false,false,false,false,false,false,false,true,
2026-06-29,5269,祥碩,listed,1390.0,1500.0,1385.0,1475.0,110.0,8.0586,2006581,2938151195,8059,TWSE,common_stock,true,false,false,false,false,false,false,false,true,
2026-06-29,5283,禾聯碩,listed,52.6,53.0,52.1,52.4,-0.1,-0.1905,92740,4876299,311,TWSE,common_stock,true,false,false,false,false,false,false,false,true,
2026-06-29,5284,jpp-KY,listed,361.0,376.5,353.0,376.5,21.5,6.0563,521906,192599165,791,TWSE,common_stock,true,false,false,false,false,false,false,false,true,
2026-06-29,5285,界霖,listed,99.8,101.0,96.0,98.8,-1.0,-1.002,4493019,443632877,3505,TWSE,common_stock,true,false,false,false,false,false,false,false,true,
2026-06-29,5288,豐祥-KY,listed,175.5,178.0,175.0,175.5,0.0,0.0,84294,14830711,100,TWSE,common_stock,true,false,false,false,false,false,false,false,true,
2026-06-29,5292,華懋,listed,210.0,212.5,208.0,212.0,4.0,1.9231,82404,17359916,157,TWSE,common_stock,true,false,false,false,false,false,false,false,true,
2026-06-29,5306,桂盟,listed,85.3,87.1,85.2,85.7,0.0,0.0,87402,7508122,124,TWSE,common_stock,true,false,false,false,false,false,false,false,true,
2026-06-29,5388,中磊,listed,76.5,78.2,76.2,77.4,0.8,1.0444,1715271,132716883,1802,TWSE,common_stock,true,false,false,false,false,false,false,false,true,
2026-06-29,5434,崇越,listed,507.0,539.0,504.0,539.0,49.0,10.0,3535837,1892707717,4295,TWSE,common_stock,true,false,false,false,false,false,false,false,true,
2026-06-29,5469,瀚宇博,listed,90.8,94.0,89.3,89.3,1.9,2.1739,17968576,1648841947,22202,TWSE,common_stock,true,false,false,false,false,false,false,false,true,
2026-06-29,5471,松翰,listed,58.0,60.4,57.5,58.6,0.1,0.1709,2505516,147355865,1990,TWSE,common_stock,true,false,false,false,false,false,false,false,true,
2026-06-29,5484,慧友,listed,45.1,46.9,43.8,45.6,1.7,3.8724,525847,23998656,453,TWSE,common_stock,true,false,false,false,false,false,false,false,true,
2026-06-29,5515,建國,listed,40.7,40.75,39.65,40.5,0.05,0.1236,593252,23764897,327,TWSE,common_stock,true,false,false,false,false,false,false,false,true,
2026-06-29,5519,隆大,listed,34.1,34.55,34.1,34.2,0.2,0.5882,335538,11498834,277,TWSE,common_stock,true,false,false,false,false,false,false,false,true,
2026-06-29,5521,工信,listed,10.15,10.35,10.1,10.2,0.05,0.4926,2506946,25589486,829,TWSE,common_stock,true,false,false,false,false,false,false,false,true,
2026-06-29,5522,遠雄,listed,65.0,65.5,63.4,63.9,-0.2,-0.312,1918011,122802316,1255,TWSE,common_stock,true,false,false,false,false,false,false,false,true,
2026-06-29,5525,順天,listed,21.55,21.7,21.4,21.4,-0.2,-0.9259,105595,2277711,57,TWSE,common_stock,true,false,false,false,false,false,false,false,true,
2026-06-29,5531,鄉林,listed,7.91,8.0,7.91,7.95,0.07,0.8883,255415,2031292,155,TWSE,common_stock,true,false,false,false,false,false,false,false,true,
2026-06-29,5533,皇鼎,listed,13.9,14.0,13.9,14.0,0.1,0.7194,175348,2445511,55,TWSE,common_stock,true,false,false,false,false,false,false,false,true,
2026-06-29,5534,長虹,listed,79.0,79.1,78.4,78.5,-0.2,-0.2541,457367,35973191,489,TWSE,common_stock,true,false,false,false,false,false,false,false,true,
2026-06-29,5538,東明-KY,listed,32.4,32.8,31.35,32.3,-0.25,-0.768,26523,860497,34,TWSE,common_stock,true,false,false,false,false,false,false,false,true,
2026-06-29,5546,永固-KY,listed,16.0,16.45,15.8,16.45,0.3,1.8576,24018,388939,16,TWSE,common_stock,true,false,false,false,false,false,false,false,true,
2026-06-29,5607,遠雄港,listed,49.9,50.8,49.9,50.5,0.3,0.5976,320728,16177491,268,TWSE,common_stock,true,false,false,false,false,false,false,false,true,
2026-06-29,5608,四維航,listed,14.3,14.3,14.1,14.15,0.05,0.3546,857735,12160231,593,TWSE,common_stock,true,false,false,false,false,false,false,false,true,
2026-06-29,5706,鳳凰,listed,46.8,47.2,46.2,47.0,0.0,0.0,665908,31226682,602,TWSE,common_stock,true,false,false,false,false,false,false,false,true,
2026-06-29,5871,中租-KY,listed,115.0,116.0,114.5,115.0,1.5,1.3216,6604239,761635877,3116,TWSE,common_stock,true,false,false,false,false,false,false,false,true,
2026-06-29,5871A,中租-KY甲特,listed,102.5,103.0,102.5,103.0,0.5,0.4878,16000,1647500,10,TWSE,warrant,false,false,true,false,false,false,false,false,false,security_type=warrant;symbol_not_4_digit
2026-06-29,5876,上海商銀,listed,42.4,42.8,41.85,42.8,0.4,0.9434,12920496,546756704,5106,TWSE,common_stock,true,false,false,false,false,false,false,false,true,
2026-06-29,5880,合庫金,listed,24.9,25.05,24.7,24.85,0.15,0.6073,17812295,442873503,5794,TWSE,common_stock,true,false,false,false,false,false,false,false,true,
2026-06-29,5906,台南-KY,listed,,,,,0.0,,171,6101,3,TWSE,other,false,false,false,false,false,false,false,false,false,invalid_close
2026-06-29,5907,大洋-KY,listed,4.83,4.88,4.8,4.8,-0.01,-0.2079,186725,900363,87,TWSE,common_stock,true,false,false,false,false,false,false,false,true,
2026-06-29,6005,群益證,listed,38.3,38.35,37.5,37.55,-0.25,-0.6614,10065553,380065983,5024,TWSE,etf,false,true,false,false,false,false,false,false,false,security_type=etf
2026-06-29,6024,群益期,listed,60.5,61.5,60.5,61.2,0.8,1.3245,282846,17298169,363,TWSE,etf,false,true,false,false,false,false,false,false,false,security_type=etf
2026-06-29,6108,競國,listed,18.25,18.4,18.05,18.1,-0.05,-0.2755,444025,8068932,246,TWSE,common_stock,true,false,false,false,false,false,false,false,true,
2026-06-29,6112,邁達特,listed,42.35,43.6,42.25,43.3,1.1,2.6066,435292,18787969,392,TWSE,common_stock,true,false,false,false,false,false,false,false,true,
2026-06-29,6115,鎰勝,listed,48.25,48.95,48.1,48.15,0.15,0.3125,192002,9302374,147,TWSE,common_stock,true,false,false,false,false,false,false,false,true,
2026-06-29,6116,彩晶,listed,18.3,20.0,17.85,19.25,1.0,5.4795,154865927,2988455249,47076,TWSE,common_stock,true,false,false,false,false,false,false,false,true,
2026-06-29,6117,迎廣,listed,72.5,73.6,71.9,72.1,0.4,0.5579,206785,15006854,234,TWSE,common_stock,true,false,false,false,false,false,false,false,true,
2026-06-29,6120,達運,listed,13.75,14.3,13.45,14.15,0.55,4.0441,2283405,32183429,1063,TWSE,common_stock,true,false,false,false,false,false,false,false,true,
2026-06-29,6128,上福,listed,20.2,20.5,20.2,20.4,0.4,2.0,34852,708253,41,TWSE,common_stock,true,false,false,false,false,false,false,false,true,
2026-06-29,6133,金橋,listed,21.75,22.1,21.65,21.95,0.35,1.6204,410775,8968518,277,TWSE,common_stock,true,false,false,false,false,false,false,false,true,
2026-06-29,6136,富爾特,listed,25.25,25.25,25.1,25.1,0.0,0.0,200297,5040143,114,TWSE,common_stock,true,false,false,false,false,false,false,false,true,
2026-06-29,6139,亞翔,listed,919.0,965.0,891.0,955.0,77.0,8.7699,10236515,9662218174,19041,TWSE,common_stock,true,false,false,false,false,false,false,false,true,
2026-06-29,6141,柏承,listed,38.35,40.0,38.0,38.25,-0.75,-1.9231,777632,30044325,643,TWSE,common_stock,true,false,false,false,false,false,false,false,true,
2026-06-29,6142,友勁,listed,9.29,9.39,9.13,9.2,0.13,1.4333,367814,3404764,220,TWSE,common_stock,true,false,false,false,false,false,false,false,true,
2026-06-29,6152,百一,listed,13.4,13.95,13.25,13.4,0.35,2.682,820673,11110490,563,TWSE,common_stock,true,false,false,false,false,false,false,false,true,
2026-06-29,6153,嘉聯益,listed,21.6,21.95,20.2,20.8,-0.95,-4.3678,15079342,316563058,6383,TWSE,common_stock,true,false,false,false,false,false,false,false,true,
2026-06-29,6155,鈞寶,listed,85.0,87.1,81.8,84.2,-1.9,-2.2067,4002697,337589572,3694,TWSE,common_stock,true,false,false,false,false,false,false,false,true,
2026-06-29,6164,華興,listed,12.75,13.0,12.6,12.6,-0.05,-0.3953,633974,8074504,317,TWSE,common_stock,true,false,false,false,false,false,false,false,true,
2026-06-29,6165,浪凡,listed,47.0,47.9,46.7,47.05,0.35,0.7495,205567,9731373,184,TWSE,common_stock,true,false,false,false,false,false,false,false,true,
2026-06-29,6166,凌華,listed,142.0,149.0,137.5,139.5,-2.5,-1.7606,2136389,303979169,2443,TWSE,common_stock,true,false,false,false,false,false,false,false,true,
2026-06-29,6168,宏齊,listed,30.6,31.45,29.5,29.8,-0.45,-1.4876,5107259,154166908,5297,TWSE,common_stock,true,false,false,false,false,false,false,false,true,
2026-06-29,6176,瑞儀,listed,87.5,87.9,86.1,86.9,-0.8,-0.9122,5506887,477969556,6141,TWSE,common_stock,true,false,false,false,false,false,false,false,true,
2026-06-29,6177,達麗,listed,45.65,46.0,45.3,45.3,-0.35,-0.7667,1084243,49287359,687,TWSE,common_stock,true,false,false,false,false,false,false,false,true,
2026-06-29,6183,關貿,listed,90.2,90.2,89.0,89.0,0.0,0.0,16531,1476555,53,TWSE,common_stock,true,false,false,false,false,false,false,false,true,
2026-06-29,6184,大豐電,listed,43.75,44.05,43.55,43.6,-0.25,-0.5701,124326,5431973,123,TWSE,common_stock,true,false,false,false,false,false,false,false,true,
2026-06-29,6189,豐藝,listed,50.3,50.5,49.15,49.25,-1.25,-2.4752,1224700,60803827,1371,TWSE,common_stock,true,false,false,false,false,false,false,false,true,
2026-06-29,6191,精成科,listed,104.5,110.5,104.5,106.0,5.5,5.4726,34470615,3744170397,20478,TWSE,common_stock,true,false,false,false,false,false,false,false,true,
2026-06-29,6192,巨路,listed,119.0,121.5,119.0,121.5,2.5,2.1008,143643,17277186,144,TWSE,common_stock,true,false,false,false,false,false,false,false,true,
2026-06-29,6196,帆宣,listed,538.0,555.0,528.0,532.0,1.0,0.1883,2144433,1159302537,3633,TWSE,common_stock,true,false,false,false,false,false,false,false,true,
2026-06-29,6197,佳必琪,listed,368.5,371.5,344.0,344.5,-19.5,-5.3571,4363046,1554923869,7069,TWSE,common_stock,true,false,false,false,false,false,false,false,true,
2026-06-29,6201,亞弘電,listed,47.85,48.45,47.85,48.45,0.4,0.8325,19024,913955,16,TWSE,common_stock,true,false,false,false,false,false,false,false,true,
2026-06-29,6202,盛群,listed,65.0,66.9,62.8,63.0,-0.9,-1.4085,5212999,334902482,4120,TWSE,common_stock,true,false,false,false,false,false,false,false,true,
2026-06-29,6205,詮欣,listed,74.2,76.0,72.5,73.4,-0.8,-1.0782,566731,41999987,662,TWSE,common_stock,true,false,false,false,false,false,false,false,true,
2026-06-29,6206,飛捷,listed,125.0,128.0,124.0,124.5,-1.0,-0.7968,511221,64298440,623,TWSE,common_stock,true,false,false,false,false,false,false,false,true,
2026-06-29,6209,今國光,listed,81.3,82.1,78.0,79.2,-2.1,-2.583,7199275,574407487,5685,TWSE,common_stock,true,false,false,false,false,false,false,false,true,
2026-06-29,6213,聯茂,listed,359.5,359.5,335.0,344.0,-2.5,-0.7215,17126748,5920844586,17444,TWSE,common_stock,true,false,false,false,false,false,false,false,true,
2026-06-29,6214,精誠,listed,129.0,132.0,129.0,129.0,1.0,0.7812,1218275,158305424,1087,TWSE,common_stock,true,false,false,false,false,false,false,false,true,
2026-06-29,6215,和椿,listed,99.9,103.0,99.6,100.5,1.5,1.5152,670554,67860530,710,TWSE,common_stock,true,false,false,false,false,false,false,false,true,
2026-06-29,6216,居易,listed,22.45,23.1,22.45,22.5,0.35,1.5801,151640,3439188,139,TWSE,common_stock,true,false,false,false,false,false,false,false,true,
2026-06-29,6224,聚鼎,listed,73.8,75.3,70.0,70.2,-4.6,-6.1497,1050357,75703449,1026,TWSE,common_stock,true,false,false,false,false,false,false,false,true,
2026-06-29,6225,天瀚,listed,22.95,23.65,19.6,19.6,-1.9,-8.8372,67848,1440701,55,TWSE,common_stock,true,false,false,false,false,false,false,false,true,
2026-06-29,6226,光鼎,listed,19.35,20.05,18.45,20.05,1.8,9.863,28664751,561384310,12512,TWSE,common_stock,true,false,false,false,false,false,false,false,true,
2026-06-29,6230,尼得科超眾,listed,123.0,125.0,121.0,121.0,-1.0,-0.8197,40550,4966184,228,TWSE,common_stock,true,false,false,false,false,false,false,false,true,
2026-06-29,6235,華孚,listed,39.5,40.3,38.8,38.95,-0.55,-1.3924,704484,27682910,671,TWSE,common_stock,true,false,false,false,false,false,false,false,true,
2026-06-29,6239,力成,listed,315.0,315.5,303.5,311.0,-3.0,-0.9554,21621237,6671950088,25669,TWSE,common_stock,true,false,false,false,false,false,false,false,true,
2026-06-29,6243,迅杰,listed,40.15,41.3,39.15,39.25,-3.75,-8.7209,541265,21658299,580,TWSE,common_stock,true,false,false,false,false,false,false,false,true,
2026-06-29,6257,矽格,listed,222.0,226.5,220.0,224.5,0.5,0.2232,6536225,1458318379,5866,TWSE,common_stock,true,false,false,false,false,false,false,false,true,
2026-06-29,6269,台郡,listed,71.6,71.8,67.5,68.4,-3.2,-4.4693,8996200,621090658,6770,TWSE,common_stock,true,false,false,false,false,false,false,false,true,
2026-06-29,6271,同欣電,listed,262.0,267.0,241.5,243.0,-12.0,-4.7059,16815023,4265618576,15351,TWSE,common_stock,true,false,false,false,false,false,false,false,true,
2026-06-29,6272,驊陞,listed,31.35,31.35,30.6,30.6,-0.05,-0.1631,103204,3186252,81,TWSE,common_stock,true,false,false,false,false,false,false,false,true,
2026-06-29,6277,宏正,listed,69.9,70.4,68.5,68.7,-0.2,-0.2903,84130,5820078,90,TWSE,common_stock,true,false,false,false,false,false,false,false,true,
2026-06-29,6278,台表科,listed,191.0,201.0,189.5,194.0,3.5,1.8373,5249019,1027410891,4531,TWSE,common_stock,true,false,false,false,false,false,false,false,true,
2026-06-29,6281,全國電,listed,50.7,51.3,50.7,51.3,0.5,0.9843,41977,2141155,78,TWSE,common_stock,true,false,false,false,false,false,false,false,true,
2026-06-29,6282,康舒,listed,55.3,55.7,53.7,54.2,0.1,0.1848,18403400,1005360688,11905,TWSE,common_stock,true,false,false,false,false,false,false,false,true,
2026-06-29,6283,淳安,listed,23.0,23.4,22.55,22.8,-0.35,-1.5119,331045,7596038,200,TWSE,common_stock,true,false,false,false,false,false,false,false,true,
2026-06-29,6285,啟碁,listed,238.5,244.0,233.5,236.0,0.0,0.0,5227168,1244052204,7737,TWSE,common_stock,true,false,false,false,false,false,false,false,true,
2026-06-29,6405,悅城,listed,59.9,62.5,59.9,60.8,0.3,0.4959,714536,43682063,628,TWSE,common_stock,true,false,false,false,false,false,false,false,true,
2026-06-29,6409,旭隼,listed,999.0,1070.0,991.0,1020.0,43.0,4.4012,1906119,1975651195,4295,TWSE,common_stock,true,false,false,false,false,false,false,false,true,
2026-06-29,6412,群電,listed,89.4,92.7,88.2,92.3,3.8,4.2938,1685713,154010077,1691,TWSE,common_stock,true,false,false,false,false,false,false,false,true,
2026-06-29,6414,樺漢,listed,361.5,370.0,358.0,360.0,-1.5,-0.4149,1203232,438428154,1497,TWSE,common_stock,true,false,false,false,false,false,false,false,true,
2026-06-29,6415,矽力*-KY,listed,572.0,598.0,572.0,598.0,26.0,4.5455,1332321,777840409,2539,TWSE,common_stock,true,false,false,false,false,false,false,false,true,
2026-06-29,6416,瑞祺電通,listed,80.0,80.2,79.0,79.0,0.1,0.1267,169330,13456396,186,TWSE,common_stock,true,false,false,false,false,false,false,false,true,
2026-06-29,6426,統新,listed,195.0,195.0,188.0,190.0,-3.0,-1.5544,584197,111544854,710,TWSE,common_stock,true,false,false,false,false,false,false,false,true,
2026-06-29,6431,光麗-KY,listed,17.65,18.0,17.2,17.95,-0.25,-1.3736,145001,2549617,86,TWSE,common_stock,true,false,false,false,false,false,false,false,true,
2026-06-29,6438,迅得,listed,145.5,154.5,145.5,151.0,5.5,3.7801,561642,84836718,619,TWSE,common_stock,true,false,false,false,false,false,false,false,true,
2026-06-29,6442,光聖,listed,1630.0,1645.0,1575.0,1600.0,-80.0,-4.7619,2624601,4224023460,15654,TWSE,common_stock,true,false,false,false,false,false,false,false,true,
2026-06-29,6443,元晶,listed,34.35,37.05,34.35,34.65,0.15,0.4348,8529912,301698387,5978,TWSE,common_stock,true,false,false,false,false,false,false,false,true,
2026-06-29,6446,藥華藥,listed,1205.0,1270.0,1205.0,1270.0,115.0,9.9567,2907656,3675398120,2988,TWSE,common_stock,true,false,false,false,false,false,false,false,true,
2026-06-29,6449,鈺邦,listed,342.5,353.0,332.5,338.0,-2.0,-0.5882,1294271,439151226,1965,TWSE,common_stock,true,false,false,false,false,false,false,false,true,
2026-06-29,6451,訊芯-KY,listed,597.0,638.0,563.0,563.0,-35.0,-5.8528,8465872,5108268961,13107,TWSE,common_stock,true,false,false,false,false,false,false,false,true,
2026-06-29,6456,GIS-KY,listed,68.7,71.5,67.3,70.9,2.9,4.2647,4398134,307964233,3311,TWSE,common_stock,true,false,false,false,false,false,false,false,true,
2026-06-29,6464,台數科,listed,78.0,78.0,77.6,78.0,0.2,0.2571,41200,3204211,25,TWSE,common_stock,true,false,false,false,false,false,false,false,true,
2026-06-29,6472,保瑞,listed,419.0,453.0,419.0,437.5,25.5,6.1893,3026054,1334842011,4835,TWSE,common_stock,true,false,false,false,false,false,false,false,true,
2026-06-29,6477,安集,listed,29.75,31.15,29.75,30.4,0.8,2.7027,663885,20325910,520,TWSE,common_stock,true,false,false,false,false,false,false,false,true,
2026-06-29,6491,晶碩,listed,322.0,332.0,322.0,331.0,9.0,2.795,639485,210923409,1022,TWSE,common_stock,true,false,false,false,false,false,false,false,true,
2026-06-29,6504,南六,listed,35.55,35.85,35.55,35.75,-0.25,-0.6944,18491,659097,42,TWSE,common_stock,true,false,false,false,false,false,false,false,true,
2026-06-29,6505,台塑化,listed,54.4,55.3,53.4,55.3,1.8,3.3645,7702486,420522250,4598,TWSE,common_stock,true,false,false,false,false,false,false,false,true,
2026-06-29,6515,穎崴,listed,8190.0,8190.0,7505.0,8015.0,-175.0,-2.1368,405444,3215497115,6466,TWSE,common_stock,true,false,false,false,false,false,false,false,true,
2026-06-29,6525,捷敏-KY,listed,143.0,148.5,140.0,143.0,-3.0,-2.0548,2038990,291528242,6154,TWSE,common_stock,true,false,false,false,false,false,false,false,true,
2026-06-29,6526,達發,listed,627.0,646.0,624.0,636.0,10.0,1.5974,559108,355069532,1176,TWSE,common_stock,true,false,false,false,false,false,false,false,true,
2026-06-29,6531,愛普*,listed,975.0,1005.0,954.0,980.0,-10.0,-1.0101,3044513,2995996356,5158,TWSE,common_stock,true,false,false,false,false,false,false,false,true,
2026-06-29,6533,晶心科,listed,193.0,195.5,189.0,191.0,-1.0,-0.5208,329810,63209754,641,TWSE,common_stock,true,false,false,false,false,false,false,false,true,
2026-06-29,6534,正瀚-創,listed,91.1,91.1,89.8,90.3,0.5,0.5568,19000,1712800,17,TWSE,common_stock,true,false,false,false,false,false,false,false,true,
2026-06-29,6541,泰福-KY,listed,38.25,41.35,38.25,39.3,0.75,1.9455,683205,27150645,637,TWSE,common_stock,true,false,false,false,false,false,false,false,true,
2026-06-29,6550,北極星藥業-KY,listed,12.5,13.3,12.5,13.25,0.75,6.0,1513600,19752977,809,TWSE,common_stock,true,false,false,false,false,false,false,false,true,
2026-06-29,6552,易華電,listed,28.4,29.7,28.4,29.0,-0.4,-1.3605,143163,4171880,205,TWSE,common_stock,true,false,false,false,false,false,false,false,true,
2026-06-29,6558,興能高,listed,28.1,28.7,27.95,28.1,0.2,0.7168,221473,6265756,199,TWSE,common_stock,true,false,false,false,false,false,false,false,true,
2026-06-29,6573,虹揚-KY,listed,20.0,21.3,19.5,19.75,-0.1,-0.5038,1050641,21172183,650,TWSE,common_stock,true,false,false,false,false,false,false,false,true,
2026-06-29,6579,研揚,listed,153.0,155.5,152.5,154.0,3.5,2.3256,182672,28144018,264,TWSE,common_stock,true,false,false,false,false,false,false,false,true,
2026-06-29,6581,鋼聯,listed,106.5,107.0,106.0,106.0,0.0,0.0,7567,805102,22,TWSE,common_stock,true,false,false,false,false,false,false,false,true,
2026-06-29,6582,申豐,listed,33.5,33.85,33.0,33.2,-0.3,-0.8955,85695,2860204,297,TWSE,common_stock,true,false,false,false,false,false,false,false,true,
2026-06-29,6585,鼎基,listed,129.5,130.5,123.0,128.5,-0.5,-0.3876,584166,74130275,614,TWSE,common_stock,true,false,false,false,false,false,false,false,true,
2026-06-29,6589,台康生技,listed,46.3,48.8,46.3,48.2,2.1,4.5553,1520190,73134712,1200,TWSE,common_stock,true,false,false,false,false,false,false,false,true,
2026-06-29,6591,動力-KY,listed,53.5,53.9,52.6,52.9,-0.1,-0.1887,116172,6175421,161,TWSE,common_stock,true,false,false,false,false,false,false,false,true,
2026-06-29,6592,和潤企業,listed,64.7,65.1,63.5,64.0,-0.5,-0.7752,1258588,80619524,1082,TWSE,common_stock,true,false,false,false,false,false,false,false,true,
2026-06-29,6592A,和潤企業甲特,listed,98.2,98.2,98.0,98.0,-0.2,-0.2037,28880,2833732,23,TWSE,warrant,false,false,true,false,false,false,false,false,false,security_type=warrant;symbol_not_4_digit
2026-06-29,6592B,和潤企業乙特,listed,98.2,98.2,97.7,98.1,0.0,0.0,15322,1502797,19,TWSE,warrant,false,false,true,false,false,false,false,false,false,security_type=warrant;symbol_not_4_digit
2026-06-29,6598,ABC-KY,listed,22.55,23.1,22.55,22.85,0.05,0.2193,108016,2472223,92,TWSE,common_stock,true,false,false,false,false,false,false,false,true,
2026-06-29,6605,帝寶,listed,137.0,139.5,136.5,139.0,2.0,1.4599,856045,118539567,681,TWSE,common_stock,true,false,false,false,false,false,false,false,true,
2026-06-29,6606,建德工業,listed,24.65,24.9,24.5,24.7,0.05,0.2028,28308,698595,24,TWSE,common_stock,true,false,false,false,false,false,false,false,true,
2026-06-29,6614,資拓宏宇,listed,39.85,40.0,39.65,39.65,0.0,0.0,40350,1608650,35,TWSE,common_stock,true,false,false,false,false,false,false,false,true,
2026-06-29,6625,必應,listed,77.3,79.2,77.3,78.9,1.6,2.0699,162254,12756656,198,TWSE,common_stock,true,false,false,false,false,false,false,false,true,
2026-06-29,6641,基士德-KY,listed,18.0,18.05,17.95,17.95,0.0,0.0,33858,609034,28,TWSE,common_stock,true,false,false,false,false,false,false,false,true,
2026-06-29,6645,金萬林-創,listed,15.5,16.05,15.5,16.0,0.5,3.2258,19604,310352,22,TWSE,common_stock,true,false,false,false,false,false,false,false,true,
2026-06-29,6655,科定,listed,121.0,122.5,121.0,122.5,1.5,1.2397,3005,366112,4,TWSE,common_stock,true,false,false,false,false,false,false,false,true,
2026-06-29,6657,華安,listed,34.9,36.1,34.9,36.1,1.2,3.4384,77022,2761018,76,TWSE,common_stock,true,false,false,false,false,false,false,false,true,
2026-06-29,6658,聯策,listed,209.5,217.0,204.0,213.0,0.0,0.0,1556434,327728408,2591,TWSE,common_stock,true,false,false,false,false,false,false,false,true,
2026-06-29,6666,羅麗芬-KY,listed,43.4,43.5,43.1,43.4,0.3,0.6961,17444,753872,23,TWSE,common_stock,true,false,false,false,false,false,false,false,true,
2026-06-29,6668,中揚光,listed,39.5,40.1,38.5,38.75,-0.3,-0.7682,452775,17751948,376,TWSE,common_stock,true,false,false,false,false,false,false,false,true,
2026-06-29,6669,緯穎,listed,4350.0,4705.0,4335.0,4580.0,300.0,7.0093,1872365,8560960295,12383,TWSE,common_stock,true,false,false,false,false,false,false,false,true,
2026-06-29,6670,復盛應用,listed,251.5,251.5,244.0,249.5,-1.5,-0.5976,1006511,249124095,1154,TWSE,common_stock,true,false,false,false,false,false,false,false,true,
2026-06-29,6671,三能-KY,listed,24.55,24.55,24.35,24.4,-0.05,-0.2045,27096,662093,14,TWSE,common_stock,true,false,false,false,false,false,false,false,true,
2026-06-29,6672,騰輝電子-KY,listed,290.0,294.0,276.0,281.5,-10.5,-3.5959,6114801,1735407138,14558,TWSE,common_stock,true,false,false,false,false,false,false,false,true,
2026-06-29,6674,鋐寶科技,listed,17.2,17.2,17.0,17.1,-0.05,-0.2915,10093,172543,13,TWSE,common_stock,true,false,false,false,false,false,false,false,true,
2026-06-29,6689,伊雲谷,listed,63.2,64.7,62.7,63.0,-0.3,-0.4739,125499,7953878,203,TWSE,common_stock,true,false,false,false,false,false,false,false,true,
2026-06-29,6691,洋基工程,listed,811.0,834.0,795.0,795.0,2.0,0.2522,2340221,1907647037,6127,TWSE,common_stock,true,false,false,false,false,false,false,false,true,
2026-06-29,6695,芯鼎,listed,60.7,61.5,58.1,58.9,-1.4,-2.3217,1592958,94898160,1453,TWSE,common_stock,true,false,false,false,false,false,false,false,true,
2026-06-29,6698,旭暉應材,listed,42.2,45.65,42.15,44.2,2.0,4.7393,1359415,60712541,1180,TWSE,common_stock,true,false,false,false,false,false,false,false,true,
2026-06-29,6706,惠特,listed,144.0,147.0,139.0,140.5,-3.0,-2.0906,1886380,268442971,1992,TWSE,common_stock,true,false,false,false,false,false,false,false,true,
2026-06-29,6715,嘉基,listed,470.0,470.0,422.0,424.0,-31.0,-6.8132,280420,122684009,572,TWSE,common_stock,true,false,false,false,false,false,false,false,true,
2026-06-29,6719,力智,listed,262.0,268.0,256.0,261.5,-4.5,-1.6917,3358278,877912828,4222,TWSE,common_stock,true,false,false,false,false,false,false,false,true,
2026-06-29,6722,輝創,listed,35.2,35.75,35.2,35.75,0.55,1.5625,53105,1884572,44,TWSE,common_stock,true,false,false,false,false,false,false,false,true,
2026-06-29,6742,澤米,listed,65.2,66.2,62.8,64.4,-0.7,-1.0753,2360049,152215478,2021,TWSE,common_stock,true,false,false,false,false,false,false,false,true,
2026-06-29,6743,安普新,listed,32.25,33.8,30.6,30.75,-0.4,-1.2841,1477363,46810958,1070,TWSE,common_stock,true,false,false,false,false,false,false,false,true,
2026-06-29,6753,龍德造船,listed,122.5,132.0,122.5,128.5,7.0,5.7613,2595715,335000716,2339,TWSE,common_stock,true,false,false,false,false,false,false,false,true,
2026-06-29,6754,匯僑設計,listed,44.5,44.55,44.1,44.25,0.25,0.5682,13621,602932,33,TWSE,common_stock,true,false,false,false,false,false,false,false,true,
2026-06-29,6756,威鋒電子,listed,94.7,96.4,93.5,94.0,-0.7,-0.7392,190421,18073117,232,TWSE,common_stock,true,false,false,false,false,false,false,false,true,
2026-06-29,6757,台灣虎航,listed,62.2,63.9,61.0,61.3,-1.3,-2.0767,3610231,223863705,3062,TWSE,common_stock,true,false,false,false,false,false,false,false,true,
2026-06-29,6768,志強-KY,listed,77.6,79.1,75.5,76.0,-1.3,-1.6818,509634,39228292,535,TWSE,common_stock,true,false,false,false,false,false,false,false,true,
2026-06-29,6770,力積電,listed,79.9,82.3,77.6,78.9,0.6,0.7663,220163758,17540081599,109218,TWSE,common_stock,true,false,false,false,false,false,false,false,true,
2026-06-29,6771,平和環保-創,listed,38.55,38.55,38.0,38.15,0.05,0.1312,26504,1011639,32,TWSE,common_stock,true,false,false,false,false,false,false,false,true,
2026-06-29,6776,展碁國際,listed,53.6,53.8,53.0,53.7,0.1,0.1866,291652,15586395,251,TWSE,common_stock,true,false,false,false,false,false,false,false,true,
2026-06-29,6781,AES-KY,listed,1105.0,1150.0,1085.0,1130.0,25.0,2.2624,810789,910632140,2545,TWSE,common_stock,true,false,false,false,false,false,false,false,true,
2026-06-29,6782,視陽,listed,190.0,195.0,190.0,195.0,5.0,2.6316,181614,35160196,260,TWSE,common_stock,true,false,false,false,false,false,false,false,true,
2026-06-29,6789,采鈺,listed,495.0,517.0,492.0,497.5,5.5,1.1179,1462106,736724863,3187,TWSE,common_stock,true,false,false,false,false,false,false,false,true,
2026-06-29,6790,永豐實,listed,40.3,40.5,40.15,40.45,0.35,0.8728,146275,5894108,129,TWSE,etf,false,true,false,false,false,false,false,false,false,security_type=etf
2026-06-29,6792,詠業,listed,63.9,64.4,62.0,62.2,-1.4,-2.2013,69051,4336566,72,TWSE,common_stock,true,false,false,false,false,false,false,false,true,
2026-06-29,6794,向榮生技,listed,77.5,79.9,77.5,79.0,0.8,1.023,39805,3134702,56,TWSE,common_stock,true,false,false,false,false,false,false,false,true,
2026-06-29,6796,晉弘,listed,56.5,56.9,55.6,55.7,-0.8,-1.4159,74025,4143714,176,TWSE,common_stock,true,false,false,false,false,false,false,false,true,
2026-06-29,6799,來頡,listed,98.0,99.0,96.0,96.7,-0.5,-0.5144,356884,34750862,412,TWSE,common_stock,true,false,false,false,false,false,false,false,true,
2026-06-29,6805,富世達,listed,1660.0,1690.0,1610.0,1625.0,-15.0,-0.9146,587218,961358915,2893,TWSE,common_stock,true,false,false,false,false,false,false,false,true,
2026-06-29,6807,峰源-KY,listed,33.65,33.7,32.8,33.45,0.65,1.9817,14005,465215,16,TWSE,common_stock,true,false,false,false,false,false,false,false,true,
2026-06-29,6830,汎銓,listed,487.5,514.0,485.0,502.0,6.0,1.2097,407591,203701721,1202,TWSE,common_stock,true,false,false,false,false,false,false,false,true,
2026-06-29,6831,邁科,listed,806.0,850.0,790.0,794.0,-3.0,-0.3764,1023509,834670894,1797,TWSE,common_stock,true,false,false,false,false,false,false,false,true,
2026-06-29,6834,天二科技,listed,118.0,118.0,109.0,109.0,-12.0,-9.9174,931683,104719874,1112,TWSE,common_stock,true,false,false,false,false,false,false,false,true,
2026-06-29,6835,圓裕,listed,35.7,35.8,35.0,35.15,-0.3,-0.8463,86435,3055646,102,TWSE,common_stock,true,false,false,false,false,false,false,false,true,
2026-06-29,6838,台新藥,listed,23.6,24.1,23.6,24.1,0.6,2.5532,157527,3765662,114,TWSE,common_stock,true,false,false,false,false,false,false,false,true,
2026-06-29,6854,錼創科技-KY創,listed,122.0,126.0,122.0,125.0,4.0,3.3058,263983,32666375,296,TWSE,common_stock,true,false,false,false,false,false,false,false,true,
2026-06-29,6861,睿生光電,listed,303.0,321.0,299.0,319.5,16.5,5.4455,544387,170673442,769,TWSE,common_stock,true,false,false,false,false,false,false,false,true,
2026-06-29,6862,三集瑞-KY,listed,188.0,192.0,182.5,183.5,-4.5,-2.3936,539426,100878293,1015,TWSE,common_stock,true,false,false,false,false,false,false,false,true,
2026-06-29,6863,永道-KY,listed,90.4,91.9,90.1,90.4,0.2,0.2217,92519,8407947,142,TWSE,common_stock,true,false,false,false,false,false,false,false,true,
2026-06-29,6869,雲豹能源,listed,71.0,75.0,70.6,74.0,4.5,6.4748,726368,53123559,788,TWSE,common_stock,true,false,false,false,false,false,false,false,true,
2026-06-29,6873,泓德能源,listed,80.3,82.8,80.3,82.7,3.3,4.1562,387264,31828310,439,TWSE,common_stock,true,false,false,false,false,false,false,false,true,
2026-06-29,6885,全福生技,listed,20.8,21.3,20.75,21.1,0.3,1.4423,162184,3416770,135,TWSE,common_stock,true,false,false,false,false,false,false,false,true,
2026-06-29,6887,寶綠特-KY,listed,35.65,36.05,35.6,36.05,0.75,2.1246,19228,685882,12,TWSE,common_stock,true,false,false,false,false,false,false,false,true,
2026-06-29,6890,來億-KY,listed,215.5,228.5,201.5,201.5,-22.0,-9.8434,1188582,250946860,3520,TWSE,common_stock,true,false,false,false,false,false,false,false,true,
2026-06-29,6901,鑽石投資,listed,17.95,18.75,17.65,18.05,-0.25,-1.3661,4722512,86114905,2606,TWSE,common_stock,true,false,false,false,false,false,false,false,true,
2026-06-29,6902,GOGOLOOK,listed,132.0,132.0,126.0,126.0,-8.0,-5.9701,155362,19965933,199,TWSE,common_stock,true,false,false,false,false,false,false,false,true,
2026-06-29,6906,現觀科,listed,90.0,90.2,87.5,88.9,0.0,0.0,75205,6676917,181,TWSE,common_stock,true,false,false,false,false,false,false,false,true,
2026-06-29,6908,宏碁遊戲-創,listed,37.3,37.75,37.3,37.35,0.15,0.4032,8000,299700,8,TWSE,common_stock,true,false,false,false,false,false,false,false,true,
2026-06-29,6909,創控,listed,55.5,58.0,54.7,55.5,0.5,0.9091,1090058,61232170,948,TWSE,common_stock,true,false,false,false,false,false,false,false,true,
2026-06-29,6914,阜爾運通,listed,143.0,144.0,143.0,143.0,0.5,0.3509,82429,11818596,99,TWSE,common_stock,true,false,false,false,false,false,false,false,true,
2026-06-29,6916,華凌,listed,19.6,21.0,19.5,20.05,0.45,2.2959,98238,2000277,85,TWSE,common_stock,true,false,false,false,false,false,false,false,true,
2026-06-29,6918,愛派司,listed,74.0,74.0,72.6,72.7,-0.5,-0.6831,25130,1830407,31,TWSE,common_stock,true,false,false,false,false,false,false,false,true,
2026-06-29,6919,康霈*,listed,99.3,102.0,98.5,99.0,0.9,0.9174,3585293,359256905,3104,TWSE,common_stock,true,false,false,false,false,false,false,false,true,
2026-06-29,6921,嘉雨思-創,listed,68.4,69.0,68.4,69.0,0.7,1.0249,8137,558590,11,TWSE,common_stock,true,false,false,false,false,false,false,false,true,
2026-06-29,6923,中台,listed,72.8,74.7,72.7,74.4,1.6,2.1978,69261,5086497,65,TWSE,common_stock,true,false,false,false,false,false,false,false,true,
2026-06-29,6924,榮惠-KY創,listed,125.0,125.5,123.0,125.5,0.5,0.4,10109,1261125,15,TWSE,common_stock,true,false,false,false,false,false,false,false,true,
2026-06-29,6928,攸泰科技,listed,48.0,52.8,48.0,51.7,3.7,7.7083,976672,50866039,1339,TWSE,common_stock,true,false,false,false,false,false,false,false,true,
2026-06-29,6931,青松健康,listed,39.9,40.45,39.65,39.9,-0.1,-0.25,35200,1405366,44,TWSE,common_stock,true,false,false,false,false,false,false,false,true,
2026-06-29,6933,AMAX-KY,listed,139.0,142.0,137.5,139.0,1.5,1.0909,79005,11052706,124,TWSE,common_stock,true,false,false,false,false,false,false,false,true,
2026-06-29,6934,心誠鎂,listed,66.1,67.2,64.5,66.5,0.5,0.7576,55937,3643625,140,TWSE,common_stock,true,false,false,false,false,false,false,false,true,
2026-06-29,6936,永鴻生技,listed,32.8,32.8,32.35,32.35,0.1,0.3101,15300,496099,27,TWSE,common_stock,true,false,false,false,false,false,false,false,true,
2026-06-29,6937,天虹,listed,252.5,275.0,252.5,258.0,8.0,3.2,532481,140527095,896,TWSE,common_stock,true,false,false,false,false,false,false,false,true,
2026-06-29,6944,兆聯實業,listed,994.0,998.0,962.0,984.0,8.0,0.8197,469831,458857641,1514,TWSE,common_stock,true,false,false,false,false,false,false,false,true,
2026-06-29,6949,沛爾生醫-創,listed,861.0,888.0,847.0,856.0,-6.0,-0.6961,139411,119867667,352,TWSE,common_stock,true,false,false,false,false,false,false,false,true,
2026-06-29,6951,青新-創,listed,77.7,77.9,76.6,76.6,-0.4,-0.5195,57265,4419044,59,TWSE,common_stock,true,false,false,false,false,false,false,false,true,
2026-06-29,6952,大武山,listed,35.4,36.0,35.4,35.9,0.5,1.4124,13100,468599,16,TWSE,common_stock,true,false,false,false,false,false,false,false,true,
2026-06-29,6955,邦睿生技-創,listed,,,,,0.0,,150,17474,5,TWSE,other,false,false,false,false,false,false,false,false,false,invalid_close
2026-06-29,6957,裕慶-KY,listed,185.5,190.5,185.5,190.0,4.0,2.1505,62685,11845681,133,TWSE,common_stock,true,false,false,false,false,false,false,false,true,
2026-06-29,6958,日盛台駿,listed,16.5,16.65,16.25,16.3,-0.1,-0.6098,60583,993350,62,TWSE,common_stock,true,false,false,false,false,false,false,false,true,
2026-06-29,6958A,日盛台駿甲特,listed,,,,,0.0,,0,0,0,TWSE,warrant,false,false,true,false,false,false,false,false,false,security_type=warrant;symbol_not_4_digit;invalid_close;invalid_volume;invalid_turnover
2026-06-29,6962,奕力-KY,listed,36.6,38.1,36.55,37.4,0.8,2.1858,2983300,112073463,1696,TWSE,common_stock,true,false,false,false,false,false,false,false,true,
2026-06-29,6965,中傑-KY,listed,79.3,79.3,77.7,78.2,-0.4,-0.5089,10162,795349,11,TWSE,common_stock,true,false,false,false,false,false,false,false,true,
2026-06-29,6969,成信實業*-創,listed,24.5,24.5,24.0,24.2,-0.3,-1.2245,61092,1479983,41,TWSE,common_stock,true,false,false,false,false,false,false,false,true,
2026-06-29,6988,威力暘-創,listed,13.3,13.3,13.3,13.3,-0.05,-0.3745,16008,212908,5,TWSE,common_stock,true,false,false,false,false,false,false,false,true,
2026-06-29,6994,富威電力,listed,47.0,48.45,47.0,48.1,1.35,2.8877,447669,21428807,399,TWSE,common_stock,true,false,false,false,false,false,false,false,true,
2026-06-29,7610,聯友金屬-創,listed,2220.0,2220.0,2050.0,2100.0,75.0,3.7037,196749,418190125,1134,TWSE,common_stock,true,false,false,false,false,false,false,false,true,
2026-06-29,7631,聚賢研發-創,listed,175.0,178.5,167.0,177.0,0.0,0.0,1311212,229647424,1377,TWSE,common_stock,true,false,false,false,false,false,false,false,true,
2026-06-29,7705,三商餐飲,listed,31.6,31.6,31.55,31.6,0.05,0.1585,19878,628118,79,TWSE,common_stock,true,false,false,false,false,false,false,false,true,
2026-06-29,7711,永擎,listed,320.5,329.0,319.5,324.0,3.5,1.092,194551,62997995,464,TWSE,common_stock,true,false,false,false,false,false,false,false,true,
2026-06-29,7721,微程式,listed,70.3,71.9,68.9,69.1,-1.1,-1.567,233936,16345363,273,TWSE,common_stock,true,false,false,false,false,false,false,false,true,
2026-06-29,7722,LINEPAY,listed,323.0,327.0,314.0,315.5,-4.5,-1.4062,142384,45374085,601,TWSE,common_stock,true,false,false,false,false,false,false,false,true,
2026-06-29,7730,暉盛-創,listed,178.5,181.5,178.0,179.0,5.5,3.17,40308,7242137,42,TWSE,common_stock,true,false,false,false,false,false,false,false,true,
2026-06-29,7732,金興精密,listed,35.8,35.8,35.2,35.8,0.05,0.1399,11000,391900,10,TWSE,common_stock,true,false,false,false,false,false,false,false,true,
2026-06-29,7736,虎山,listed,72.0,72.0,70.9,70.9,0.1,0.1412,10004,712184,11,TWSE,common_stock,true,false,false,false,false,false,false,false,true,
2026-06-29,7740,熙特爾-創,listed,143.0,153.0,141.0,149.5,8.0,5.6537,340327,50660272,323,TWSE,common_stock,true,false,false,false,false,false,false,false,true,
2026-06-29,7749,意騰-KY,listed,417.5,424.0,412.0,414.0,-3.0,-0.7194,254840,106178725,595,TWSE,common_stock,true,false,false,false,false,false,false,false,true,
2026-06-29,7750,新代,listed,2010.0,2065.0,1985.0,2065.0,60.0,2.9925,204791,414379050,900,TWSE,common_stock,true,false,false,false,false,false,false,false,true,
2026-06-29,7760,享溫馨,listed,32.45,33.0,32.1,32.9,0.4,1.2308,118205,3874765,49,TWSE,common_stock,true,false,false,false,false,false,false,false,true,
2026-06-29,7765,中華資安,listed,221.5,222.5,220.0,220.5,2.0,0.9153,38696,8558721,90,TWSE,common_stock,true,false,false,false,false,false,false,false,true,
2026-06-29,7768,頌勝科技,listed,335.5,342.0,333.0,333.5,-5.5,-1.6224,95305,32033312,323,TWSE,common_stock,true,false,false,false,false,false,false,false,true,
2026-06-29,7769,鴻勁,listed,6400.0,6580.0,6230.0,6395.0,-105.0,-1.6154,662739,4222632635,9963,TWSE,common_stock,true,false,false,false,false,false,false,false,true,
2026-06-29,7780,大研生醫*,listed,17.9,18.2,17.9,18.05,0.15,0.838,1134267,20490358,545,TWSE,common_stock,true,false,false,false,false,false,false,false,true,
2026-06-29,7786,東方風能,listed,126.0,126.0,123.0,123.0,-2.0,-1.6,110262,13686638,126,TWSE,common_stock,true,false,false,false,false,false,false,false,true,
2026-06-29,7788,松川精密,listed,257.0,269.5,248.5,267.0,17.0,6.8,2053784,539001671,2595,TWSE,common_stock,true,false,false,false,false,false,false,false,true,
2026-06-29,7791,皇家可口,listed,61.3,62.4,61.2,62.4,1.2,1.9608,37124,2294920,54,TWSE,common_stock,true,false,false,false,false,false,false,false,true,
2026-06-29,7795,長廣,listed,470.0,506.0,461.0,506.0,45.5,9.8806,825062,404484372,1028,TWSE,common_stock,true,false,false,false,false,false,false,false,true,
2026-06-29,7799,禾榮科,listed,385.5,416.5,381.5,416.5,37.5,9.8945,831462,341029286,1658,TWSE,common_stock,true,false,false,false,false,false,false,false,true,
2026-06-29,7803,雲象科技-創,listed,21.7,23.45,21.35,23.3,1.6,7.3733,246533,5504394,114,TWSE,common_stock,true,false,false,false,false,false,false,false,true,
2026-06-29,7818,溢泰實業,listed,62.9,63.0,62.1,63.0,0.1,0.159,183066,11493061,147,TWSE,common_stock,true,false,false,false,false,false,false,false,true,
2026-06-29,7821,神數,listed,41.15,42.45,40.8,41.45,0.3,0.729,167757,6975268,164,TWSE,common_stock,true,false,false,false,false,false,false,false,true,
2026-06-29,7822,倍利科,listed,1100.0,1120.0,1060.0,1060.0,-55.0,-4.9327,193563,210630140,1343,TWSE,common_stock,true,false,false,false,false,false,false,false,true,
2026-06-29,7823,奧義賽博-KY創,listed,81.5,81.5,78.5,78.7,-0.3,-0.3797,30885,2444630,35,TWSE,common_stock,true,false,false,false,false,false,false,false,true,
2026-06-29,7827,漢康-KY創,listed,176.0,178.0,168.0,171.5,-3.0,-1.7192,425216,72966075,2176,TWSE,common_stock,true,false,false,false,false,false,false,false,true,
2026-06-29,8011,台通,listed,17.0,17.25,16.9,17.0,0.0,0.0,674378,11502630,1257,TWSE,common_stock,true,false,false,false,false,false,false,false,true,
2026-06-29,8016,矽創,listed,313.0,328.5,306.5,317.0,6.0,1.9293,3834179,1229706631,6460,TWSE,common_stock,true,false,false,false,false,false,false,false,true,
2026-06-29,8021,尖點,listed,545.0,545.0,515.0,522.0,-13.0,-2.4299,1657837,871952784,3180,TWSE,common_stock,true,false,false,false,false,false,false,false,true,
2026-06-29,8028,昇陽半導體,listed,287.5,300.5,284.5,288.5,3.0,1.0508,4339222,1267715861,4470,TWSE,common_stock,true,false,false,false,false,false,false,false,true,
2026-06-29,8033,雷虎,listed,146.0,154.5,144.5,154.5,14.0,9.9644,11574293,1759411782,9150,TWSE,common_stock,true,false,false,false,false,false,false,false,true,
2026-06-29,8039,台虹,listed,141.5,143.5,135.5,137.5,0.0,0.0,3554368,495380072,3022,TWSE,common_stock,true,false,false,false,false,false,false,false,true,
2026-06-29,8045,達運光電,listed,58.8,59.8,57.9,58.5,0.0,0.0,85562,5011684,160,TWSE,common_stock,true,false,false,false,false,false,false,false,true,
2026-06-29,8046,南電,listed,1105.0,1140.0,1035.0,1080.0,-45.0,-4.0,22848830,24826731030,32566,TWSE,common_stock,true,false,false,false,false,false,false,false,true,
2026-06-29,8070,長華*,listed,53.8,54.4,52.6,53.0,-0.7,-1.3035,5249184,280350212,3688,TWSE,common_stock,true,false,false,false,false,false,false,false,true,
2026-06-29,8072,陞泰,listed,29.1,29.3,28.5,28.65,-0.35,-1.2069,217440,6273119,269,TWSE,common_stock,true,false,false,false,false,false,false,false,true,
2026-06-29,8081,致新,listed,302.5,315.5,302.5,310.5,8.0,2.6446,1010414,313130793,1377,TWSE,common_stock,true,false,false,false,false,false,false,false,true,
2026-06-29,8101,華冠,listed,13.65,13.65,13.55,13.55,0.0,0.0,3450,46844,10,TWSE,common_stock,true,false,false,false,false,false,false,false,true,
2026-06-29,8103,瀚荃,listed,96.8,98.6,94.7,95.6,0.4,0.4202,998470,95981115,837,TWSE,common_stock,true,false,false,false,false,false,false,false,true,
2026-06-29,8104,錸寶,listed,37.0,38.0,36.7,36.8,-0.3,-0.8086,664268,24668904,536,TWSE,common_stock,true,false,false,false,false,false,false,false,true,
2026-06-29,8105,凌巨,listed,22.5,23.7,22.05,22.9,0.25,1.1038,14741046,340565323,6807,TWSE,common_stock,true,false,false,false,false,false,false,false,true,
2026-06-29,8110,華東,listed,57.1,57.3,54.1,55.3,-1.7,-2.9825,12332870,689124073,8641,TWSE,common_stock,true,false,false,false,false,false,false,false,true,
2026-06-29,8112,至上,listed,91.9,96.5,90.9,92.1,0.9,0.9868,17742767,1660597599,11962,TWSE,common_stock,true,false,false,false,false,false,false,false,true,
2026-06-29,8112A,至上甲特,listed,46.85,46.85,46.85,46.85,0.0,0.0,7683,359949,18,TWSE,warrant,false,false,true,false,false,false,false,false,false,security_type=warrant;symbol_not_4_digit
2026-06-29,8114,振樺電,listed,184.0,187.0,181.5,182.5,-2.5,-1.3514,558532,102602975,628,TWSE,common_stock,true,false,false,false,false,false,false,false,true,
2026-06-29,8131,福懋科,listed,70.6,73.4,69.0,70.9,1.4,2.0144,4661381,332662184,4107,TWSE,common_stock,true,false,false,false,false,false,false,false,true,
2026-06-29,8150,南茂,listed,100.0,101.0,90.4,90.5,0.0,0.0,53141548,4999405742,39828,TWSE,common_stock,true,false,false,false,false,false,false,false,true,
2026-06-29,8162,微矽電子-創,listed,80.1,80.7,76.8,77.5,-3.2,-3.9653,713013,55706741,684,TWSE,common_stock,true,false,false,false,false,false,false,false,true,
2026-06-29,8163,達方,listed,41.0,41.0,39.25,39.4,-1.4,-3.4314,2373332,94774391,1787,TWSE,common_stock,true,false,false,false,false,false,false,false,true,
2026-06-29,8201,無敵,listed,12.9,13.0,12.85,12.85,-0.15,-1.1538,45387,586294,40,TWSE,common_stock,true,false,false,false,false,false,false,false,true,
2026-06-29,8210,勤誠,listed,1245.0,1250.0,1200.0,1215.0,-15.0,-1.2195,839585,1021322170,3356,TWSE,common_stock,true,false,false,false,false,false,false,false,true,
2026-06-29,8213,志超,listed,35.65,36.4,35.65,36.1,0.45,1.2623,406936,14636391,340,TWSE,common_stock,true,false,false,false,false,false,false,false,true,
2026-06-29,8215,明基材,listed,28.5,29.55,28.15,28.9,0.75,2.6643,1266733,36942419,1007,TWSE,common_stock,true,false,false,false,false,false,false,false,true,
2026-06-29,8222,寶一,listed,34.85,36.7,34.5,35.65,1.45,4.2398,802800,28775258,631,TWSE,common_stock,true,false,false,false,false,false,false,false,true,
2026-06-29,8249,菱光,listed,47.45,48.15,46.15,46.5,-1.05,-2.2082,740329,34703422,612,TWSE,common_stock,true,false,false,false,false,false,false,false,true,
2026-06-29,8261,富鼎,listed,250.0,255.0,234.5,246.0,2.0,0.8197,12020463,2945731356,14073,TWSE,common_stock,true,false,false,false,false,false,false,false,true,
2026-06-29,8271,宇瞻,listed,200.5,200.5,192.5,193.5,-4.5,-2.2727,1977678,387118595,2448,TWSE,common_stock,true,false,false,false,false,false,false,false,true,
2026-06-29,8341,日友,listed,74.6,75.9,74.5,75.5,0.0,0.0,321119,24175714,438,TWSE,common_stock,true,false,false,false,false,false,false,false,true,
2026-06-29,8367,建新國際,listed,39.7,40.1,39.7,40.0,0.1,0.2506,33567,1339472,41,TWSE,common_stock,true,false,false,false,false,false,false,false,true,
2026-06-29,8374,羅昇,listed,83.5,86.9,83.0,83.2,-0.8,-0.9524,310426,26279887,413,TWSE,common_stock,true,false,false,false,false,false,false,false,true,
2026-06-29,8404,百和興業-KY,listed,16.3,16.6,16.25,16.45,0.3,1.8576,284810,4680356,153,TWSE,common_stock,true,false,false,false,false,false,false,false,true,
2026-06-29,8411,福貞-KY,listed,11.8,11.95,11.7,11.95,0.1,0.8439,295685,3506322,193,TWSE,common_stock,true,false,false,false,false,false,false,false,true,
2026-06-29,8422,可寧衛*,listed,27.0,27.95,27.0,27.65,0.0,0.0,7855017,217203665,4549,TWSE,common_stock,true,false,false,false,false,false,false,false,true,
2026-06-29,8429,金麗-KY,listed,6.17,6.26,6.14,6.16,-0.01,-0.1621,155674,962505,129,TWSE,common_stock,true,false,false,false,false,false,false,false,true,
2026-06-29,8438,昶昕,listed,94.8,97.8,94.1,95.8,3.1,3.3441,620789,59519490,543,TWSE,common_stock,true,false,false,false,false,false,false,false,true,
2026-06-29,8442,威宏-KY,listed,41.1,41.2,40.3,40.95,0.45,1.1111,26265,1073417,22,TWSE,common_stock,true,false,false,false,false,false,false,false,true,
2026-06-29,8443,阿瘦,listed,11.3,11.45,11.25,11.45,-0.05,-0.4348,43356,490272,83,TWSE,common_stock,true,false,false,false,false,false,false,false,true,
2026-06-29,8454,富邦媒,listed,322.0,325.0,304.0,304.0,-21.5,-6.6052,2344639,724117004,5565,TWSE,etf,false,true,false,false,false,false,false,false,false,security_type=etf
2026-06-29,8462,柏文,listed,137.5,145.0,137.5,142.0,6.0,4.4118,334727,47538000,338,TWSE,common_stock,true,false,false,false,false,false,false,false,true,
2026-06-29,8463,潤泰材,listed,21.6,21.6,21.25,21.25,0.1,0.4728,42137,897972,33,TWSE,common_stock,true,false,false,false,false,false,false,false,true,
2026-06-29,8464,億豐,listed,356.0,359.5,343.0,346.5,-4.0,-1.1412,1442525,503073698,1459,TWSE,common_stock,true,false,false,false,false,false,false,false,true,
2026-06-29,8466,美吉吉-KY,listed,16.0,16.6,15.9,16.15,0.15,0.9375,35231,569383,27,TWSE,common_stock,true,false,false,false,false,false,false,false,true,
2026-06-29,8467,波力-KY,listed,120.0,120.0,117.0,117.5,-1.5,-1.2605,9218,1089512,20,TWSE,common_stock,true,false,false,false,false,false,false,false,true,
2026-06-29,8473,山林水,listed,48.1,49.35,48.1,48.7,0.6,1.2474,727890,35542929,597,TWSE,common_stock,true,false,false,false,false,false,false,false,true,
2026-06-29,8476,台境*,listed,24.0,25.0,24.0,24.75,0.95,3.9916,2400719,59323101,1289,TWSE,common_stock,true,false,false,false,false,false,false,false,true,
2026-06-29,8478,東哥遊艇,listed,148.0,155.0,147.0,152.5,6.0,4.0956,361758,55106898,323,TWSE,common_stock,true,false,false,false,false,false,false,false,true,
2026-06-29,8481,政伸,listed,41.35,41.6,41.2,41.6,0.25,0.6046,8001,331341,8,TWSE,common_stock,true,false,false,false,false,false,false,false,true,
2026-06-29,8482,商億-KY,listed,50.0,50.0,49.6,49.95,0.0,0.0,3200,159650,5,TWSE,common_stock,true,false,false,false,false,false,false,false,true,
2026-06-29,8487,愛爾達-創,listed,77.7,78.2,77.6,77.6,-0.1,-0.1287,30286,2356017,48,TWSE,common_stock,true,false,false,false,false,false,false,false,true,
2026-06-29,8488,吉源-KY,listed,10.2,10.2,10.05,10.05,0.05,0.5,4000,40550,4,TWSE,common_stock,true,false,false,false,false,false,false,false,true,
2026-06-29,8499,鼎炫-KY,listed,301.5,312.5,296.0,309.0,9.0,3.0,102084,31369167,407,TWSE,common_stock,true,false,false,false,false,false,false,false,true,
2026-06-29,8926,台汽電,listed,77.5,78.8,75.7,76.9,0.7,0.9186,6460899,498017818,4954,TWSE,common_stock,true,false,false,false,false,false,false,false,true,
2026-06-29,8940,新天地,listed,16.7,16.7,16.35,16.35,0.0,0.0,18539,305458,69,TWSE,common_stock,true,false,false,false,false,false,false,false,true,
2026-06-29,8996,高力,listed,1370.0,1475.0,1370.0,1475.0,105.0,7.6642,669708,958346190,1846,TWSE,common_stock,true,false,false,false,false,false,false,false,true,
2026-06-29,9103,美德醫療-DR,listed,5.21,5.26,5.15,5.24,0.1,1.9455,535951,2794004,234,TWSE,dr,false,false,false,false,false,false,false,true,false,security_type=dr
2026-06-29,910322,康師傅-DR,listed,20.7,21.1,20.7,20.8,0.15,0.7264,3943,82331,13,TWSE,dr,false,false,false,false,false,false,false,true,false,security_type=dr;symbol_not_4_digit
2026-06-29,9105,泰金寶-DR,listed,9.32,9.51,9.2,9.33,0.01,0.1073,30095251,281550084,7816,TWSE,dr,false,false,false,false,false,false,false,true,false,security_type=dr
2026-06-29,910861,神州-DR,listed,4.39,4.45,4.3,4.37,0.01,0.2294,50000,219370,23,TWSE,dr,false,false,false,false,false,false,false,true,false,security_type=dr;symbol_not_4_digit
2026-06-29,9110,越南控-DR,listed,3.3,3.3,3.26,3.26,0.0,0.0,9000,29620,4,TWSE,dr,false,false,false,false,false,false,false,true,false,security_type=dr
2026-06-29,911608,明輝-DR,listed,2.86,2.86,2.8,2.8,-0.06,-2.0979,58000,164430,31,TWSE,dr,false,false,false,false,false,false,false,true,false,security_type=dr;symbol_not_4_digit
2026-06-29,911622,泰聚亨-DR,listed,3.65,3.79,3.65,3.79,0.07,1.8817,28000,103370,9,TWSE,dr,false,false,false,false,false,false,false,true,false,security_type=dr;symbol_not_4_digit
2026-06-29,911868,同方友友-DR,listed,1.23,1.25,1.22,1.24,0.0,0.0,547065,669995,77,TWSE,dr,false,false,false,false,false,false,false,true,false,security_type=dr;symbol_not_4_digit
2026-06-29,912000,晨訊科-DR,listed,2.79,2.79,2.68,2.72,-0.03,-1.0909,704100,1921425,175,TWSE,dr,false,false,false,false,false,false,false,true,false,security_type=dr;symbol_not_4_digit
2026-06-29,9136,巨騰-DR,listed,14.7,14.95,13.8,14.1,-0.55,-3.7543,908426,12797696,449,TWSE,dr,false,false,false,false,false,false,false,true,false,security_type=dr
2026-06-29,9802,鈺齊-KY,listed,72.5,73.8,72.5,73.6,1.1,1.5172,401098,29335178,386,TWSE,common_stock,true,false,false,false,false,false,false,false,true,
2026-06-29,9902,台火,listed,13.6,13.7,13.5,13.55,0.05,0.3704,59897,813730,52,TWSE,common_stock,true,false,false,false,false,false,false,false,true,
2026-06-29,9904,寶成,listed,25.35,25.45,25.25,25.4,0.1,0.3953,25104021,636505098,7999,TWSE,common_stock,true,false,false,false,false,false,false,false,true,
2026-06-29,9905,大華,listed,21.2,21.35,21.15,21.25,0.15,0.7109,244254,5189723,140,TWSE,common_stock,true,false,false,false,false,false,false,false,true,
2026-06-29,9906,欣巴巴,listed,40.7,42.75,40.2,40.35,-1.1,-2.6538,99811,4082648,147,TWSE,common_stock,true,false,false,false,false,false,false,false,true,
2026-06-29,9907,統一實,listed,14.95,15.2,14.95,15.2,0.25,1.6722,4608973,69599849,1802,TWSE,etf,false,true,false,false,false,false,false,false,false,security_type=etf
2026-06-29,9908,大台北,listed,29.55,29.75,29.55,29.6,0.05,0.1692,188323,5582767,138,TWSE,common_stock,true,false,false,false,false,false,false,false,true,
2026-06-29,9910,豐泰,listed,70.0,72.1,70.0,70.6,1.1,1.5827,2666915,189343448,1795,TWSE,common_stock,true,false,false,false,false,false,false,false,true,
2026-06-29,9911,櫻花,listed,83.6,83.6,83.1,83.6,1.0,1.2107,203166,16941094,270,TWSE,common_stock,true,false,false,false,false,false,false,false,true,
2026-06-29,9912,偉聯,listed,12.25,12.5,12.25,12.45,-0.05,-0.4,22978,284870,51,TWSE,common_stock,true,false,false,false,false,false,false,false,true,
2026-06-29,9914,美利達,listed,74.4,80.9,74.4,78.0,4.4,5.9783,6798092,535073730,5201,TWSE,common_stock,true,false,false,false,false,false,false,false,true,
2026-06-29,9917,中保科,listed,106.0,106.0,105.0,106.0,0.5,0.4739,770445,81328376,826,TWSE,common_stock,true,false,false,false,false,false,false,false,true,
2026-06-29,9918,欣天然,listed,43.0,43.35,42.7,42.7,-0.5,-1.1574,75433,3244810,67,TWSE,common_stock,true,false,false,false,false,false,false,false,true,
2026-06-29,9919,康那香,listed,13.6,13.8,13.6,13.75,0.2,1.476,374980,5142117,172,TWSE,common_stock,true,false,false,false,false,false,false,false,true,
2026-06-29,9921,巨大,listed,76.9,80.0,76.7,77.1,0.6,0.7843,3147338,246309056,3021,TWSE,common_stock,true,false,false,false,false,false,false,false,true,
2026-06-29,9924,福興,listed,40.1,40.15,39.8,39.9,-0.1,-0.25,132519,5288897,143,TWSE,common_stock,true,false,false,false,false,false,false,false,true,
2026-06-29,9925,新保,listed,40.45,40.65,40.45,40.55,0.1,0.2472,177004,7177223,150,TWSE,common_stock,true,false,false,false,false,false,false,false,true,
2026-06-29,9926,新海,listed,49.45,49.85,49.2,49.4,0.3,0.611,11408,563442,16,TWSE,common_stock,true,false,false,false,false,false,false,false,true,
2026-06-29,9927,泰銘,listed,68.5,68.5,68.2,68.3,-0.1,-0.1462,56239,3845910,218,TWSE,common_stock,true,false,false,false,false,false,false,false,true,
2026-06-29,9928,中視,listed,18.55,18.6,18.55,18.6,-0.05,-0.2681,12031,223462,20,TWSE,common_stock,true,false,false,false,false,false,false,false,true,
2026-06-29,9929,秋雨,listed,11.2,11.2,10.75,11.05,0.0,0.0,14166,154917,18,TWSE,common_stock,true,false,false,false,false,false,false,false,true,
2026-06-29,9930,中聯資源,listed,66.6,66.6,66.3,66.5,0.2,0.3017,48021,3191657,81,TWSE,common_stock,true,false,false,false,false,false,false,false,true,
2026-06-29,9931,欣高,listed,35.75,35.75,34.7,35.1,0.3,0.8621,78070,2734809,63,TWSE,common_stock,true,false,false,false,false,false,false,false,true,
2026-06-29,9933,中鼎,listed,42.3,42.45,41.7,41.95,0.0,0.0,2132074,89323455,1571,TWSE,common_stock,true,false,false,false,false,false,false,false,true,
2026-06-29,9934,成霖,listed,9.88,10.0,9.88,9.96,0.1,1.0142,609303,6056062,241,TWSE,common_stock,true,false,false,false,false,false,false,false,true,
2026-06-29,9935,慶豐富,listed,18.9,19.2,18.9,19.15,0.25,1.3228,110516,2108522,124,TWSE,common_stock,true,false,false,false,false,false,false,false,true,
2026-06-29,9937,全國,listed,55.2,55.4,55.2,55.4,0.2,0.3623,30819,1704224,157,TWSE,common_stock,true,false,false,false,false,false,false,false,true,
2026-06-29,9938,百和,listed,43.25,44.45,43.25,44.45,1.2,2.7746,871860,38465057,553,TWSE,common_stock,true,false,false,false,false,false,false,false,true,
2026-06-29,9939,宏全,listed,129.5,130.5,127.0,127.0,-2.0,-1.5504,1631897,209304748,2017,TWSE,common_stock,true,false,false,false,false,false,false,false,true,
2026-06-29,9940,信義,listed,19.0,19.25,18.95,19.15,0.2,1.0554,261174,4991270,180,TWSE,common_stock,true,false,false,false,false,false,false,false,true,
2026-06-29,9941,裕融,listed,79.3,80.0,79.2,79.5,0.9,1.145,722995,57526091,748,TWSE,common_stock,true,false,false,false,false,false,false,false,true,
2026-06-29,9941A,裕融甲特,listed,50.6,50.6,50.6,50.6,0.0,0.0,5873,296736,5,TWSE,warrant,false,false,true,false,false,false,false,false,false,security_type=warrant;symbol_not_4_digit
2026-06-29,9942,茂順,listed,116.5,117.5,116.5,117.5,1.0,0.8584,69780,8157552,97,TWSE,common_stock,true,false,false,false,false,false,false,false,true,
2026-06-29,9943,好樂迪,listed,56.6,56.8,56.3,56.8,0.2,0.3534,97412,5520474,98,TWSE,common_stock,true,false,false,false,false,false,false,false,true,
2026-06-29,9944,新麗,listed,17.5,17.7,17.5,17.55,0.05,0.2857,43824,768984,36,TWSE,common_stock,true,false,false,false,false,false,false,false,true,
2026-06-29,9945,潤泰新,listed,26.9,27.05,26.65,26.95,0.35,1.3158,7477340,200785654,2384,TWSE,common_stock,true,false,false,false,false,false,false,false,true,
2026-06-29,9946,三發地產,listed,19.55,19.55,19.05,19.25,-0.3,-1.5345,754975,14529674,367,TWSE,common_stock,true,false,false,false,false,false,false,false,true,
2026-06-29,9955,佳龍,listed,26.7,26.8,26.2,26.45,0.3,1.1472,108439,2881626,140,TWSE,common_stock,true,false,false,false,false,false,false,false,true,
2026-06-29,9958,世紀鋼,listed,111.5,115.0,111.0,112.0,0.0,0.0,2086274,235230352,1721,TWSE,common_stock,true,false,false,false,false,false,false,false,true,
