date,symbol,name,market,open,high,low,close,change,change_pct,volume,turnover,transactions,source,security_type,is_common_stock,is_etf,is_warrant,is_bond_etf,is_leveraged_inverse,is_etn,is_preferred_stock,is_dr,scan_eligible,exclude_reason
2026-09-29,00400A,主動國泰動能高息,listed,15.63,15.65,15.38,15.51,-0.15,-0.9579,27827686,431715180,8125,TWSE,etf,false,true,true,false,false,false,false,false,false,security_type=etf;symbol_not_4_digit
2026-09-29,00401A,主動摩根台灣鑫收,listed,14.56,14.56,14.15,14.21,-0.07,-0.4902,7543890,107536705,1295,TWSE,etf,false,true,true,false,false,false,false,false,false,security_type=etf;symbol_not_4_digit
2026-09-29,00402A,主動安聯美國科技,listed,10.02,10.02,9.93,9.94,-0.09,-0.8973,1904311,18956301,758,TWSE,etf,false,true,true,false,false,false,false,false,false,security_type=etf;symbol_not_4_digit
2026-09-29,00403A,主動統一升級50,listed,10.83,10.83,10.64,10.7,-0.18,-1.6544,114515969,1229943726,20936,TWSE,etf,false,true,true,false,false,false,false,false,false,security_type=etf;symbol_not_4_digit
2026-09-29,00404A,主動聯博動能50,listed,9.89,9.89,9.76,9.79,-0.07,-0.7099,9243482,90693903,1834,TWSE,etf,false,true,true,false,false,false,false,false,false,security_type=etf;symbol_not_4_digit
2026-09-29,00405A,主動富邦台灣龍耀,listed,9.33,9.34,9.14,9.25,-0.14,-1.4909,39732866,367628671,7450,TWSE,etf,false,true,true,false,false,false,false,false,false,security_type=etf;symbol_not_4_digit
2026-09-29,00406A,主動中信台灣收益,listed,10.02,10.02,9.8,9.85,-0.15,-1.5,667138285,6608030103,103630,TWSE,etf,false,true,true,false,false,false,false,false,false,security_type=etf;symbol_not_4_digit
2026-09-29,00407A,主動凱基台灣,listed,10.13,10.13,9.94,10.02,-0.14,-1.378,28803246,289211806,4201,TWSE,etf,false,true,true,false,false,false,false,false,false,security_type=etf;symbol_not_4_digit
2026-09-29,00408A,主動第一金優股息,listed,10.48,10.5,10.36,10.44,-0.11,-1.0427,729320,7608043,301,TWSE,etf,false,true,true,false,false,false,false,false,false,security_type=etf;symbol_not_4_digit
2026-09-29,00409A,主動復華全球50,listed,10.1,10.1,9.94,9.96,-0.19,-1.8719,17961043,179356134,4005,TWSE,etf,false,true,true,false,false,false,false,false,false,security_type=etf;symbol_not_4_digit
2026-09-29,00410A,主動永豐科技趨勢,listed,12.38,12.42,12.28,12.37,-0.03,-0.2419,2192426,27088271,636,TWSE,etf,false,true,true,false,false,false,false,false,false,security_type=etf;symbol_not_4_digit
2026-09-29,0050,元大台灣50,listed,111.8,112.25,111.05,111.3,-1.1,-0.9786,110505674,12329061234,170770,TWSE,etf,false,true,false,false,false,false,false,false,false,security_type=etf
2026-09-29,0051,元大中型100,listed,146.15,147.95,146.15,146.9,-1.25,-0.8437,51182,7534056,510,TWSE,etf,false,true,false,false,false,false,false,false,false,security_type=etf
2026-09-29,0052,富邦科技,listed,65.15,65.35,64.75,64.95,-0.45,-0.6881,13497237,877835376,15075,TWSE,etf,false,true,false,false,false,false,false,false,false,security_type=etf
2026-09-29,0053,元大電子,listed,253.3,253.3,250.0,250.8,-2.5,-0.987,182328,45805331,1638,TWSE,etf,false,true,false,false,false,false,false,false,false,security_type=etf
2026-09-29,0055,元大MSCI金融,listed,49.54,50.0,49.2,49.21,-0.33,-0.6661,1008809,50052983,5045,TWSE,etf,false,true,false,false,false,false,false,false,false,security_type=etf
2026-09-29,0056,元大高股息,listed,56.5,56.9,56.3,56.55,-0.1,-0.1765,37937287,2147659968,39225,TWSE,etf,false,true,false,false,false,false,false,false,false,security_type=etf
2026-09-29,0057,富邦摩台,listed,333.45,333.45,330.75,331.75,-1.75,-0.5247,36296,12052141,209,TWSE,etf,false,true,false,false,false,false,false,false,false,security_type=etf
2026-09-29,0061,元大寶滬深,listed,23.5,23.67,23.01,23.34,-0.76,-3.1535,300497,6997188,248,TWSE,etf,false,true,false,false,false,false,false,false,false,security_type=etf
2026-09-29,006203,元大MSCI台灣,listed,202.1,203.6,202.05,202.05,-1.15,-0.5659,5621,1132883,187,TWSE,etf,false,true,false,false,false,false,false,false,false,security_type=etf;symbol_not_4_digit
2026-09-29,006204,永豐臺灣加權,listed,238.5,238.5,237.05,237.2,-1.25,-0.5242,33986,8065093,136,TWSE,etf,false,true,false,false,false,false,false,false,false,security_type=etf;symbol_not_4_digit
2026-09-29,006205,富邦上証,listed,39.65,39.65,39.02,39.2,-0.62,-1.557,412878,16160441,425,TWSE,etf,false,true,false,false,false,false,false,false,false,security_type=etf;symbol_not_4_digit
2026-09-29,006206,元大上證50,listed,36.97,36.97,36.48,36.63,-0.58,-1.5587,320640,11721348,273,TWSE,etf,false,true,false,false,false,false,false,false,false,security_type=etf;symbol_not_4_digit
2026-09-29,006207,復華滬深,listed,31.1,31.1,30.8,31.04,-0.66,-2.082,618589,19109742,143,TWSE,etf,false,true,false,false,false,false,false,false,false,security_type=etf;symbol_not_4_digit
2026-09-29,006208,富邦台50,listed,256.2,256.8,254.5,255.2,-1.65,-0.6424,3048438,779835880,13099,TWSE,etf,false,true,false,false,false,false,false,false,false,security_type=etf;symbol_not_4_digit
2026-09-29,00625K,富邦上証+R,listed,,,,,0.0,,0,0,0,TWSE,etf,false,true,true,false,false,false,false,false,false,security_type=etf;symbol_not_4_digit;invalid_close;invalid_volume;invalid_turnover
2026-09-29,00631L,元大台灣50正2,listed,38.7,38.9,38.16,38.28,-0.59,-1.5179,114394888,4404905107,45098,TWSE,leveraged_inverse,false,true,true,false,true,false,false,false,false,security_type=leveraged_inverse;symbol_not_4_digit
2026-09-29,00632R,元大台灣50反1,listed,9.53,9.6,9.5,9.57,0.08,0.843,84288708,804698600,6549,TWSE,leveraged_inverse,false,true,true,false,true,false,false,false,false,security_type=leveraged_inverse;symbol_not_4_digit
2026-09-29,00633L,富邦上証正2,listed,45.0,45.01,43.75,43.92,-2.52,-5.4264,4533197,199971494,1513,TWSE,leveraged_inverse,false,true,true,false,true,false,false,false,false,security_type=leveraged_inverse;symbol_not_4_digit
2026-09-29,00634R,富邦上証反1,listed,3.22,3.27,3.22,3.27,0.09,2.8302,363099,1184957,34,TWSE,leveraged_inverse,false,true,true,false,true,false,false,false,false,security_type=leveraged_inverse;symbol_not_4_digit
2026-09-29,00635U,期元大S&P黃金,listed,42.83,42.83,42.5,42.64,-1.62,-3.6602,7799076,332502742,7019,TWSE,etf,false,true,true,false,false,false,false,false,false,security_type=etf;symbol_not_4_digit
2026-09-29,00636,國泰中國A50,listed,26.6,26.6,26.31,26.47,-0.63,-2.3247,798462,21085496,382,TWSE,etf,false,true,false,false,false,false,false,false,false,security_type=etf;symbol_not_4_digit
2026-09-29,00636K,國泰中國A50+U,listed,8.2,8.2,8.2,8.2,-0.43,-4.9826,300,2460,1,TWSE,etf,false,true,true,false,false,false,false,false,false,security_type=etf;symbol_not_4_digit
2026-09-29,00637L,元大滬深300正2,listed,18.63,18.63,18.07,18.17,-1.02,-5.3153,32467511,592078235,5973,TWSE,leveraged_inverse,false,true,true,false,true,false,false,false,false,security_type=leveraged_inverse;symbol_not_4_digit
2026-09-29,00638R,元大滬深300反1,listed,6.8,6.99,6.8,6.96,0.16,2.3529,334200,2326893,43,TWSE,leveraged_inverse,false,true,true,false,true,false,false,false,false,security_type=leveraged_inverse;symbol_not_4_digit
2026-09-29,00639,富邦深100,listed,15.38,15.38,15.16,15.2,-0.58,-3.6755,1196846,18217814,419,TWSE,etf,false,true,false,false,false,false,false,false,false,security_type=etf;symbol_not_4_digit
2026-09-29,00640L,富邦日本正2,listed,106.9,106.9,105.9,105.95,-1.55,-1.4419,83022,8832118,114,TWSE,leveraged_inverse,false,true,true,false,true,false,false,false,false,security_type=leveraged_inverse;symbol_not_4_digit
2026-09-29,00641R,富邦日本反1,listed,3.69,3.71,3.68,3.71,0.04,1.0899,637000,2353970,37,TWSE,leveraged_inverse,false,true,true,false,true,false,false,false,false,security_type=leveraged_inverse;symbol_not_4_digit
2026-09-29,00642U,期元大S&P石油,listed,32.16,32.42,32.05,32.42,0.96,3.0515,1631307,52577590,759,TWSE,etf,false,true,true,false,false,false,false,false,false,security_type=etf;symbol_not_4_digit
2026-09-29,00643,群益深証中小,listed,17.44,17.44,17.16,17.2,-0.57,-3.2077,3751384,64638355,309,TWSE,etf,false,true,false,false,false,false,false,false,false,security_type=etf;symbol_not_4_digit
2026-09-29,00643K,群益深証中小+R,listed,3.64,3.76,3.64,3.74,0.0,0.0,30000,110950,12,TWSE,etf,false,true,true,false,false,false,false,false,false,security_type=etf;symbol_not_4_digit
2026-09-29,00645,富邦日本,listed,58.0,58.0,57.2,57.3,-0.55,-0.9507,593253,34067131,540,TWSE,etf,false,true,false,false,false,false,false,false,false,security_type=etf;symbol_not_4_digit
2026-09-29,00646,元大S&P500,listed,77.75,77.75,76.8,76.9,-0.25,-0.324,3892041,299331581,6049,TWSE,etf,false,true,false,false,false,false,false,false,false,security_type=etf;symbol_not_4_digit
2026-09-29,00647L,元大S&P500正2,listed,137.8,137.85,137.2,137.2,-0.9,-0.6517,26327,3619972,82,TWSE,leveraged_inverse,false,true,true,false,true,false,false,false,false,security_type=leveraged_inverse;symbol_not_4_digit
2026-09-29,00648R,元大S&P500反1,listed,3.93,3.94,3.92,3.94,0.03,0.7673,111010,436068,23,TWSE,leveraged_inverse,false,true,true,false,true,false,false,false,false,security_type=leveraged_inverse;symbol_not_4_digit
2026-09-29,00650L,復華香港正2,listed,16.2,16.2,15.84,15.92,-0.28,-1.7284,1390932,22194487,426,TWSE,leveraged_inverse,false,true,true,false,true,false,false,false,false,security_type=leveraged_inverse;symbol_not_4_digit
2026-09-29,00651R,復華香港反1,listed,5.33,5.36,5.33,5.36,0.05,0.9416,240248,1286830,25,TWSE,leveraged_inverse,false,true,true,false,true,false,false,false,false,security_type=leveraged_inverse;symbol_not_4_digit
2026-09-29,00652,富邦印度,listed,31.84,31.84,31.25,31.34,-0.55,-1.7247,340570,10706022,699,TWSE,etf,false,true,false,false,false,false,false,false,false,security_type=etf;symbol_not_4_digit
2026-09-29,00653L,富邦印度正2,listed,41.94,41.94,40.5,40.82,-2.06,-4.8041,1040002,42352409,209,TWSE,leveraged_inverse,false,true,true,false,true,false,false,false,false,security_type=leveraged_inverse;symbol_not_4_digit
2026-09-29,00654R,富邦印度反1,listed,7.11,7.19,7.11,7.14,0.13,1.8545,112216,800477,17,TWSE,leveraged_inverse,false,true,true,false,true,false,false,false,false,security_type=leveraged_inverse;symbol_not_4_digit
2026-09-29,00655L,國泰中國A50正2,listed,31.5,31.5,30.48,30.54,-1.78,-5.5074,2236795,68723067,500,TWSE,leveraged_inverse,false,true,true,false,true,false,false,false,false,security_type=leveraged_inverse;symbol_not_4_digit
2026-09-29,00656R,國泰中國A50反1,listed,6.11,6.15,6.11,6.15,0.17,2.8428,56736,347745,14,TWSE,leveraged_inverse,false,true,true,false,true,false,false,false,false,security_type=leveraged_inverse;symbol_not_4_digit
2026-09-29,00657,國泰日經225,listed,77.4,77.4,76.65,76.8,-1.0,-1.2853,455707,35140958,123,TWSE,etf,false,true,false,false,false,false,false,false,false,security_type=etf;symbol_not_4_digit
2026-09-29,00657K,國泰日經225+U,listed,24.11,24.11,24.11,24.11,-0.2,-0.8227,200,4822,2,TWSE,etf,false,true,true,false,false,false,false,false,false,security_type=etf;symbol_not_4_digit
2026-09-29,00660,元大歐洲50,listed,46.15,46.2,46.15,46.2,0.42,0.9174,6198,285949,69,TWSE,etf,false,true,false,false,false,false,false,false,false,security_type=etf;symbol_not_4_digit
2026-09-29,00661,元大日經225,listed,84.55,84.75,84.2,84.3,-0.6,-0.7067,429420,36284734,296,TWSE,etf,false,true,false,false,false,false,false,false,false,security_type=etf;symbol_not_4_digit
2026-09-29,00662,富邦NASDAQ,listed,123.75,123.75,123.05,123.25,-1.0,-0.8048,4070950,502385059,5178,TWSE,etf,false,true,false,false,false,false,false,false,false,security_type=etf;symbol_not_4_digit
2026-09-29,00663L,國泰臺灣加權正2,listed,111.85,112.2,109.9,110.45,-2.1,-1.8658,4069264,451854005,2235,TWSE,leveraged_inverse,false,true,true,false,true,false,false,false,false,security_type=leveraged_inverse;symbol_not_4_digit
2026-09-29,00664R,國泰臺灣加權反1,listed,1.54,1.55,1.53,1.54,0.01,0.6536,9789294,15097705,566,TWSE,leveraged_inverse,false,true,true,false,true,false,false,false,false,security_type=leveraged_inverse;symbol_not_4_digit
2026-09-29,00665L,富邦恒生國企正2,listed,8.9,8.93,8.77,8.79,-0.16,-1.7877,10216958,90180653,797,TWSE,leveraged_inverse,false,true,true,false,true,false,false,false,false,security_type=leveraged_inverse;symbol_not_4_digit
2026-09-29,00666R,富邦恒生國企反1,listed,9.32,9.38,9.3,9.38,0.13,1.4054,20000,186600,7,TWSE,leveraged_inverse,false,true,true,false,true,false,false,false,false,security_type=leveraged_inverse;symbol_not_4_digit
2026-09-29,00668,國泰美國道瓊,listed,59.9,59.95,59.85,59.9,0.0,0.0,26017,1558336,141,TWSE,etf,false,true,false,false,false,false,false,false,false,security_type=etf;symbol_not_4_digit
2026-09-29,00668K,國泰美國道瓊+U,listed,18.84,18.84,18.84,18.84,-0.17,-0.8943,200,3768,2,TWSE,etf,false,true,true,false,false,false,false,false,false,security_type=etf;symbol_not_4_digit
2026-09-29,00669R,國泰美國道瓊反1,listed,5.39,5.39,5.37,5.38,-0.01,-0.1855,105000,565570,21,TWSE,leveraged_inverse,false,true,true,false,true,false,false,false,false,security_type=leveraged_inverse;symbol_not_4_digit
2026-09-29,00670L,富邦NASDAQ正2,listed,208.95,208.95,207.0,207.0,-4.0,-1.8957,458779,95291574,1001,TWSE,leveraged_inverse,false,true,true,false,true,false,false,false,false,security_type=leveraged_inverse;symbol_not_4_digit
2026-09-29,00671R,富邦NASDAQ反1,listed,2.34,2.38,2.34,2.38,0.02,0.8475,11458435,26884402,171,TWSE,leveraged_inverse,false,true,true,false,true,false,false,false,false,security_type=leveraged_inverse;symbol_not_4_digit
2026-09-29,00673R,期元大S&P原油反1,listed,10.49,10.49,10.38,10.39,-0.3,-2.8064,29178000,304396994,3449,TWSE,leveraged_inverse,false,true,true,false,true,false,false,false,false,security_type=leveraged_inverse;symbol_not_4_digit
2026-09-29,00674R,期元大S&P黃金反1,listed,29.6,29.68,29.51,29.6,1.06,3.7141,172607,5106988,113,TWSE,leveraged_inverse,false,true,true,false,true,false,false,false,false,security_type=leveraged_inverse;symbol_not_4_digit
2026-09-29,00675L,富邦臺灣加權正2,listed,338.15,339.95,333.0,334.0,-6.5,-1.909,617583,207799870,1144,TWSE,leveraged_inverse,false,true,true,false,true,false,false,false,false,security_type=leveraged_inverse;symbol_not_4_digit
2026-09-29,00676R,富邦臺灣加權反1,listed,5.26,5.3,5.25,5.29,0.06,1.1472,2762867,14568981,270,TWSE,leveraged_inverse,false,true,true,false,true,false,false,false,false,security_type=leveraged_inverse;symbol_not_4_digit
2026-09-29,00678,群益那斯達克生技,listed,43.12,43.46,43.12,43.43,0.56,1.3063,276507,11996448,154,TWSE,etf,false,true,false,false,false,false,false,false,false,security_type=etf;symbol_not_4_digit
2026-09-29,00680L,元大美債20正2,listed,5.87,5.89,5.82,5.84,-0.28,-4.5752,35781090,209434216,2529,TWSE,bond_etf,false,true,true,true,true,false,false,false,false,security_type=bond_etf;symbol_not_4_digit
2026-09-29,00681R,元大美債20反1,listed,22.77,22.86,22.74,22.86,0.55,2.4653,650090,14834667,19,TWSE,bond_etf,false,true,true,true,true,false,false,false,false,security_type=bond_etf;symbol_not_4_digit
2026-09-29,00682U,期元大美元指數,listed,20.77,20.79,20.77,20.79,-0.06,-0.2878,22000,457140,3,TWSE,etf,false,true,true,false,false,false,false,false,false,security_type=etf;symbol_not_4_digit
2026-09-29,00683L,期元大美元指正2,listed,22.1,22.2,22.07,22.16,0.07,0.3169,153905,3405429,38,TWSE,leveraged_inverse,false,true,true,false,true,false,false,false,false,security_type=leveraged_inverse;symbol_not_4_digit
2026-09-29,00684R,期元大美元指反1,listed,14.9,14.9,14.79,14.81,-0.08,-0.5373,17330,257357,9,TWSE,leveraged_inverse,false,true,true,false,true,false,false,false,false,security_type=leveraged_inverse;symbol_not_4_digit
2026-09-29,00685L,群益臺灣加權正2,listed,12.79,12.85,12.59,12.64,-0.23,-1.7871,171560342,2181096670,35332,TWSE,leveraged_inverse,false,true,true,false,true,false,false,false,false,security_type=leveraged_inverse;symbol_not_4_digit
2026-09-29,00686R,群益臺灣加權反1,listed,0.94,0.95,0.93,0.95,0.02,2.1505,4432666,4173520,120,TWSE,leveraged_inverse,false,true,true,false,true,false,false,false,false,security_type=leveraged_inverse;symbol_not_4_digit
2026-09-29,00688L,國泰20年美債正2,listed,5.87,5.88,5.79,5.8,-0.29,-4.7619,19581016,114123823,1365,TWSE,bond_etf,false,true,true,true,true,false,false,false,false,security_type=bond_etf;symbol_not_4_digit
2026-09-29,00689R,國泰20年美債反1,listed,23.88,23.88,23.86,23.86,0.52,2.2279,103300,2466672,4,TWSE,bond_etf,false,true,true,true,true,false,false,false,false,security_type=bond_etf;symbol_not_4_digit
2026-09-29,00690,兆豐藍籌30,listed,83.65,83.65,81.45,81.7,-1.95,-2.3311,543555,44580657,932,TWSE,etf,false,true,false,false,false,false,false,false,false,security_type=etf;symbol_not_4_digit
2026-09-29,00692,富邦公司治理,listed,96.7,96.7,95.75,95.9,-0.8,-0.8273,749212,72059204,1452,TWSE,etf,false,true,false,false,false,false,false,false,false,security_type=etf;symbol_not_4_digit
2026-09-29,00693U,期街口S&P黃豆,listed,23.45,23.48,23.36,23.42,-0.66,-2.7409,2135567,50021539,599,TWSE,warrant,false,false,true,false,false,false,false,false,false,security_type=warrant;symbol_not_4_digit
2026-09-29,00700,富邦恒生國企,listed,17.07,17.07,16.8,16.85,-0.11,-0.6486,136868,2307589,206,TWSE,etf,false,true,false,false,false,false,false,false,false,security_type=etf;symbol_not_4_digit
2026-09-29,00701,國泰股利精選30,listed,41.64,41.88,41.36,41.42,-0.18,-0.4327,334023,13905401,577,TWSE,etf,false,true,false,false,false,false,false,false,false,security_type=etf;symbol_not_4_digit
2026-09-29,00702,國泰標普低波高息,listed,23.45,23.45,23.41,23.43,-0.13,-0.5518,108872,2550863,99,TWSE,etf,false,true,false,false,false,false,false,false,false,security_type=etf;symbol_not_4_digit
2026-09-29,00703,台新MSCI中國,listed,18.94,18.94,18.68,18.73,-0.21,-1.1088,24103,451412,73,TWSE,other,false,false,false,false,false,false,false,false,false,symbol_not_4_digit
2026-09-29,00706L,期元大S&P日圓正2,listed,19.28,19.3,19.23,19.28,0.12,0.6263,1066142,20540744,218,TWSE,leveraged_inverse,false,true,true,false,true,false,false,false,false,security_type=leveraged_inverse;symbol_not_4_digit
2026-09-29,00707R,期元大S&P日圓反1,listed,,,,,0.0,,0,0,0,TWSE,leveraged_inverse,false,true,true,false,true,false,false,false,false,security_type=leveraged_inverse;symbol_not_4_digit;invalid_close;invalid_volume;invalid_turnover
2026-09-29,00708L,期元大S&P黃金正2,listed,70.8,71.15,70.4,70.9,-5.65,-7.3808,12042832,852221054,7796,TWSE,leveraged_inverse,false,true,true,false,true,false,false,false,false,security_type=leveraged_inverse;symbol_not_4_digit
2026-09-29,00709,富邦歐洲,listed,39.52,39.6,39.5,39.56,0.14,0.3551,26111,1033732,196,TWSE,etf,false,true,false,false,false,false,false,false,false,security_type=etf;symbol_not_4_digit
2026-09-29,00710B,復華彭博非投等債,listed,18.7,18.73,18.64,18.66,-0.07,-0.3737,214408,4001893,156,TWSE,bond_etf,false,true,true,true,false,false,false,false,false,security_type=bond_etf;symbol_not_4_digit
2026-09-29,00711B,復華彭博新興債,listed,14.77,14.89,14.77,14.78,-0.4,-2.635,140867,2085645,39,TWSE,bond_etf,false,true,true,true,false,false,false,false,false,security_type=bond_etf;symbol_not_4_digit
2026-09-29,00712,復華富時不動產,listed,7.64,7.64,7.56,7.56,-0.26,-3.3248,140675204,1066107753,33582,TWSE,etf,false,true,false,false,false,false,false,false,false,security_type=etf;symbol_not_4_digit
2026-09-29,00713,元大台灣高息低波,listed,63.2,63.5,62.9,62.9,-0.3,-0.4747,9362562,591530437,6169,TWSE,etf,false,true,false,false,false,false,false,false,false,security_type=etf;symbol_not_4_digit
2026-09-29,00714,群益道瓊美國地產,listed,20.62,20.64,20.62,20.62,-0.16,-0.77,107097,2210482,100,TWSE,etf,false,true,false,false,false,false,false,false,false,security_type=etf;symbol_not_4_digit
2026-09-29,00715L,期街口布蘭特正2,listed,66.6,67.95,66.25,67.9,3.2,4.9459,4362758,292493230,1384,TWSE,leveraged_inverse,false,true,true,false,true,false,false,false,false,security_type=leveraged_inverse;symbol_not_4_digit
2026-09-29,00717,富邦美國特別股,listed,14.59,14.59,14.46,14.49,-0.05,-0.3439,62988,914982,250,TWSE,preferred_stock,false,true,false,false,false,false,true,false,false,security_type=preferred_stock;symbol_not_4_digit
2026-09-29,00728,第一金工業30,listed,70.45,70.5,69.85,69.9,-0.45,-0.6397,84625,5941134,532,TWSE,other,false,false,false,false,false,false,false,false,false,symbol_not_4_digit
2026-09-29,00730,富邦臺灣優質高息,listed,29.37,29.4,29.2,29.35,0.1,0.3419,105083,3082909,375,TWSE,etf,false,true,false,false,false,false,false,false,false,security_type=etf;symbol_not_4_digit
2026-09-29,00731,復華富時高息低波,listed,98.05,98.8,97.55,97.75,-0.3,-0.306,608853,59842401,357,TWSE,etf,false,true,false,false,false,false,false,false,false,security_type=etf;symbol_not_4_digit
2026-09-29,00733,富邦臺灣中小,listed,70.15,70.2,69.65,70.2,0.05,0.0713,217270,15196089,614,TWSE,etf,false,true,false,false,false,false,false,false,false,security_type=etf;symbol_not_4_digit
2026-09-29,00735,國泰臺韓科技,listed,108.8,108.8,107.2,107.25,-1.75,-1.6055,965068,103944455,1798,TWSE,etf,false,true,false,false,false,false,false,false,false,security_type=etf;symbol_not_4_digit
2026-09-29,00736,國泰新興市場,listed,31.71,31.71,31.52,31.61,-0.19,-0.5975,104031,3279636,8,TWSE,etf,false,true,false,false,false,false,false,false,false,security_type=etf;symbol_not_4_digit
2026-09-29,00737,國泰AI機器人,listed,40.9,40.93,40.71,40.75,-0.44,-1.0682,166808,6810189,221,TWSE,etf,false,true,false,false,false,false,false,false,false,security_type=etf;symbol_not_4_digit
2026-09-29,00738U,期元大道瓊白銀,listed,48.4,48.4,47.96,48.07,-2.93,-5.7451,7123423,342929638,4972,TWSE,etf,false,true,true,false,false,false,false,false,false,security_type=etf;symbol_not_4_digit
2026-09-29,00739,元大MSCI A股,listed,27.18,27.18,26.39,26.46,-0.82,-3.0059,323102,8553041,218,TWSE,etf,false,true,false,false,false,false,false,false,false,security_type=etf;symbol_not_4_digit
2026-09-29,00752,中信中國50,listed,22.64,22.64,22.22,22.33,-0.18,-0.7996,1018116,22689413,660,TWSE,etf,false,true,false,false,false,false,false,false,false,security_type=etf;symbol_not_4_digit
2026-09-29,00753L,中信中國50正2,listed,8.74,8.75,8.58,8.61,-0.26,-2.9312,19098563,164896790,3298,TWSE,leveraged_inverse,false,true,true,false,true,false,false,false,false,security_type=leveraged_inverse;symbol_not_4_digit
2026-09-29,00757,統一FANG+,listed,143.45,143.45,141.9,141.9,-1.5,-1.046,619117,88060469,2493,TWSE,etf,false,true,false,false,false,false,false,false,false,security_type=etf;symbol_not_4_digit
2026-09-29,00762,元大全球AI,listed,119.0,119.95,118.95,119.5,-2.3,-1.8883,214332,25638919,738,TWSE,etf,false,true,false,false,false,false,false,false,false,security_type=etf;symbol_not_4_digit
2026-09-29,00763U,期街口道瓊銅,listed,34.85,34.85,34.56,34.56,-0.75,-2.124,443508,15370757,312,TWSE,warrant,false,false,true,false,false,false,false,false,false,security_type=warrant;symbol_not_4_digit
2026-09-29,00770,國泰北美科技,listed,65.25,65.3,64.6,64.75,-0.5,-0.7663,401453,26028951,890,TWSE,etf,false,true,false,false,false,false,false,false,false,security_type=etf;symbol_not_4_digit
2026-09-29,00771,元大US高息特別股,listed,15.1,15.1,15.03,15.07,0.01,0.0664,15257,229822,68,TWSE,preferred_stock,false,true,false,false,false,false,true,false,false,security_type=preferred_stock;symbol_not_4_digit
2026-09-29,00775B,台新投等債15+,listed,29.75,29.83,29.75,29.83,-0.57,-1.875,81097,2412746,7,TWSE,bond_etf,false,true,true,true,false,false,false,false,false,security_type=bond_etf;symbol_not_4_digit
2026-09-29,00783,富邦中証500,listed,26.86,26.91,26.83,26.85,-0.89,-3.2084,68765,1846739,119,TWSE,etf,false,true,false,false,false,false,false,false,false,security_type=etf;symbol_not_4_digit
2026-09-29,00830,國泰費城半導體,listed,87.6,87.6,86.85,86.85,-1.15,-1.3068,5527818,481611853,7736,TWSE,etf,false,true,false,false,false,false,false,false,false,security_type=etf;symbol_not_4_digit
2026-09-29,00850,元大臺灣ESG永續,listed,96.35,96.35,95.0,95.5,-0.85,-0.8822,508927,48647289,1587,TWSE,etf,false,true,false,false,false,false,false,false,false,security_type=etf;symbol_not_4_digit
2026-09-29,00851,台新全球AI,listed,72.1,72.4,72.05,72.25,-0.85,-1.1628,46217,3331365,127,TWSE,other,false,false,false,false,false,false,false,false,false,symbol_not_4_digit
2026-09-29,00852L,國泰美國道瓊正2,listed,32.94,32.95,32.83,32.83,-0.16,-0.485,65033,2139137,68,TWSE,leveraged_inverse,false,true,true,false,true,false,false,false,false,security_type=leveraged_inverse;symbol_not_4_digit
2026-09-29,00861,元大全球未來通訊,listed,87.0,88.1,86.65,87.6,-0.55,-0.6239,148351,13030871,319,TWSE,etf,false,true,false,false,false,false,false,false,false,security_type=etf;symbol_not_4_digit
2026-09-29,00865B,國泰US短期公債,listed,48.94,48.95,48.85,48.92,-0.02,-0.0409,2408777,117759662,784,TWSE,bond_etf,false,true,true,true,false,false,false,false,false,security_type=bond_etf;symbol_not_4_digit
2026-09-29,00875,國泰網路資安,listed,57.95,57.95,56.75,56.9,-1.65,-2.8181,361794,20612427,2377,TWSE,etf,false,true,false,false,false,false,false,false,false,security_type=etf;symbol_not_4_digit
2026-09-29,00876,元大全球5G,listed,87.0,89.9,87.0,89.55,-0.25,-0.2784,107814,9644942,497,TWSE,etf,false,true,false,false,false,false,false,false,false,security_type=etf;symbol_not_4_digit
2026-09-29,00878,國泰永續高股息,listed,34.88,35.15,34.83,34.83,-0.05,-0.1433,31335571,1095887241,27108,TWSE,etf,false,true,false,false,false,false,false,false,false,security_type=etf;symbol_not_4_digit
2026-09-29,00881,國泰台灣科技龍頭,listed,52.3,52.35,51.65,51.9,-0.6,-1.1429,12488489,649187608,11100,TWSE,etf,false,true,false,false,false,false,false,false,false,security_type=etf;symbol_not_4_digit
2026-09-29,00882,中信中國高股息,listed,14.75,14.85,14.72,14.85,0.07,0.4736,3572319,52917615,1191,TWSE,etf,false,true,false,false,false,false,false,false,false,security_type=etf;symbol_not_4_digit
2026-09-29,00885,富邦越南,listed,18.0,18.04,17.9,17.99,-0.05,-0.2772,1264647,22748741,987,TWSE,etf,false,true,false,false,false,false,false,false,false,security_type=etf;symbol_not_4_digit
2026-09-29,00891,中信關鍵半導體,listed,37.62,37.65,37.2,37.3,-0.47,-1.2444,16982775,635323386,10334,TWSE,etf,false,true,false,false,false,false,false,false,false,security_type=etf;symbol_not_4_digit
2026-09-29,00892,富邦台灣半導體,listed,43.33,43.36,42.85,42.99,-0.34,-0.7847,6717661,288709251,1888,TWSE,etf,false,true,false,false,false,false,false,false,false,security_type=etf;symbol_not_4_digit
2026-09-29,00893,國泰智能電動車,listed,45.94,45.94,45.36,45.38,-0.58,-1.262,261615,11902999,690,TWSE,etf,false,true,false,false,false,false,false,false,false,security_type=etf;symbol_not_4_digit
2026-09-29,00894,中信小資高價30,listed,50.25,50.25,49.1,49.49,-0.76,-1.5124,1566825,77607901,1526,TWSE,etf,false,true,false,false,false,false,false,false,false,security_type=etf;symbol_not_4_digit
2026-09-29,00895,富邦未來車,listed,52.05,52.05,51.45,51.5,-0.55,-1.0567,227724,11747695,468,TWSE,etf,false,true,false,false,false,false,false,false,false,security_type=etf;symbol_not_4_digit
2026-09-29,00896,中信綠能及電動車,listed,27.6,27.67,27.37,27.5,-0.1,-0.3623,2612137,71859916,1999,TWSE,etf,false,true,false,false,false,false,false,false,false,security_type=etf;symbol_not_4_digit
2026-09-29,00897,富邦基因免疫生技,listed,13.75,13.83,13.75,13.81,0.3,2.2206,978622,13502177,443,TWSE,etf,false,true,false,false,false,false,false,false,false,security_type=etf;symbol_not_4_digit
2026-09-29,00898,國泰基因免疫革命,listed,11.71,11.8,11.7,11.75,0.26,2.2628,579688,6822146,376,TWSE,etf,false,true,false,false,false,false,false,false,false,security_type=etf;symbol_not_4_digit
2026-09-29,00899,FT潔淨能源,listed,22.68,22.68,22.01,22.03,-0.74,-3.2499,48311,1069145,226,TWSE,other,false,false,false,false,false,false,false,false,false,symbol_not_4_digit
2026-09-29,00900,富邦特選高股息30,listed,19.46,19.6,19.36,19.37,-0.16,-0.8193,4351917,84739595,1528,TWSE,etf,false,true,false,false,false,false,false,false,false,security_type=etf;symbol_not_4_digit
2026-09-29,00901,永豐智能車供應鏈,listed,48.29,48.29,47.49,47.74,-0.74,-1.5264,53826,2572706,287,TWSE,etf,false,true,false,false,false,false,false,false,false,security_type=etf;symbol_not_4_digit
2026-09-29,00902,中信電池及儲能,listed,12.37,12.37,12.2,12.25,-0.2,-1.6064,580344,7106685,508,TWSE,etf,false,true,false,false,false,false,false,false,false,security_type=etf;symbol_not_4_digit
2026-09-29,00903,富邦元宇宙,listed,21.75,21.83,21.71,21.77,-0.3,-1.3593,76409,1664660,245,TWSE,etf,false,true,false,false,false,false,false,false,false,security_type=etf;symbol_not_4_digit
2026-09-29,00904,台新臺灣半導體30,listed,43.3,43.3,42.79,42.97,-0.39,-0.8994,744328,32036133,821,TWSE,other,false,false,false,false,false,false,false,false,false,symbol_not_4_digit
2026-09-29,00905,FT臺灣Smart,listed,27.6,27.6,27.3,27.4,-0.2,-0.7246,1095626,30083908,1376,TWSE,other,false,false,false,false,false,false,false,false,false,symbol_not_4_digit
2026-09-29,00907,永豐優息存股,listed,17.8,17.84,17.64,17.66,-0.09,-0.507,800889,14196444,542,TWSE,etf,false,true,false,false,false,false,false,false,false,security_type=etf;symbol_not_4_digit
2026-09-29,00908,富邦入息REITs+,listed,14.63,14.63,14.51,14.53,-0.1,-0.6835,81739,1187016,123,TWSE,etf,false,true,false,false,false,false,false,false,false,security_type=etf;symbol_not_4_digit
2026-09-29,00909,國泰數位支付服務,listed,49.45,49.47,48.43,48.5,-2.7,-5.2734,4297715,209368336,2498,TWSE,etf,false,true,false,false,false,false,false,false,false,security_type=etf;symbol_not_4_digit
2026-09-29,00910,第一金太空衛星,listed,58.15,58.3,57.7,57.7,-0.45,-0.7739,420798,24334672,1030,TWSE,other,false,false,false,false,false,false,false,false,false,symbol_not_4_digit
2026-09-29,00911,兆豐洲際半導體,listed,56.0,56.05,55.75,55.8,-0.45,-0.8,192177,10732189,2390,TWSE,etf,false,true,false,false,false,false,false,false,false,security_type=etf;symbol_not_4_digit
2026-09-29,00912,中信臺灣智慧50,listed,36.4,36.4,35.99,35.99,-0.46,-1.262,317044,11465599,420,TWSE,etf,false,true,false,false,false,false,false,false,false,security_type=etf;symbol_not_4_digit
2026-09-29,00913,兆豐台灣晶圓製造,listed,52.15,52.2,51.45,51.75,-0.55,-1.0516,2110145,109179645,1687,TWSE,etf,false,true,false,false,false,false,false,false,false,security_type=etf;symbol_not_4_digit
2026-09-29,00915,凱基優選高股息30,listed,33.0,33.24,32.85,32.91,-0.09,-0.2727,1446374,47797306,726,TWSE,etf,false,true,false,false,false,false,false,false,false,security_type=etf;symbol_not_4_digit
2026-09-29,00916,國泰全球品牌50,listed,26.98,26.98,26.65,26.88,-0.11,-0.4076,325377,8722392,474,TWSE,etf,false,true,false,false,false,false,false,false,false,security_type=etf;symbol_not_4_digit
2026-09-29,00917,中信特選金融,listed,22.8,22.8,22.46,22.5,-0.33,-1.4455,1117075,25158094,1123,TWSE,etf,false,true,false,false,false,false,false,false,false,security_type=etf;symbol_not_4_digit
2026-09-29,00918,大華優利高填息30,listed,33.98,34.14,33.87,33.9,-0.08,-0.2354,40465564,1374324510,28314,TWSE,other,false,false,false,false,false,false,false,false,false,symbol_not_4_digit
2026-09-29,00919,群益台灣精選高息,listed,31.9,32.18,31.86,31.88,0.05,0.1571,55418474,1774275398,30174,TWSE,etf,false,true,false,false,false,false,false,false,false,security_type=etf;symbol_not_4_digit
2026-09-29,00920,富邦ESG綠色電力,listed,24.87,24.87,24.26,24.33,-0.55,-2.2106,70598,1719888,270,TWSE,etf,false,true,false,false,false,false,false,false,false,security_type=etf;symbol_not_4_digit
2026-09-29,00921,兆豐龍頭等權重,listed,23.42,23.51,23.32,23.38,-0.07,-0.2985,142836,3342100,327,TWSE,etf,false,true,false,false,false,false,false,false,false,security_type=etf;symbol_not_4_digit
2026-09-29,00922,國泰台灣領袖50,listed,43.87,43.87,43.28,43.39,-0.48,-1.0941,8374607,364374185,8482,TWSE,etf,false,true,false,false,false,false,false,false,false,security_type=etf;symbol_not_4_digit
2026-09-29,00923,群益台ESG低碳50,listed,41.78,41.78,41.18,41.33,-0.45,-1.0771,2500021,103593025,3045,TWSE,etf,false,true,false,false,false,false,false,false,false,security_type=etf;symbol_not_4_digit
2026-09-29,00924,復華S&P500成長,listed,33.61,33.7,33.55,33.59,-0.02,-0.0595,1489607,50053294,1629,TWSE,etf,false,true,false,false,false,false,false,false,false,security_type=etf;symbol_not_4_digit
2026-09-29,00926,凱基全球菁英55,listed,26.54,26.63,26.51,26.59,0.05,0.1884,554221,14743946,235,TWSE,etf,false,true,false,false,false,false,false,false,false,security_type=etf;symbol_not_4_digit
2026-09-29,00927,群益半導體收益,listed,39.56,39.77,39.27,39.39,-0.38,-0.9555,18258291,721197012,11647,TWSE,etf,false,true,false,false,false,false,false,false,false,security_type=etf;symbol_not_4_digit
2026-09-29,00929,復華台灣科技優息,listed,29.18,29.25,29.09,29.16,-0.02,-0.0685,16207880,472969779,8592,TWSE,etf,false,true,false,false,false,false,false,false,false,security_type=etf;symbol_not_4_digit
2026-09-29,00930,永豐ESG低碳高息,listed,23.76,23.87,23.67,23.69,-0.19,-0.7956,1743393,41368173,1446,TWSE,etf,false,true,false,false,false,false,false,false,false,security_type=etf;symbol_not_4_digit
2026-09-29,00932,兆豐永續高息等權,listed,17.5,17.57,17.44,17.44,-0.04,-0.2288,170407,2987793,206,TWSE,etf,false,true,false,false,false,false,false,false,false,security_type=etf;symbol_not_4_digit
2026-09-29,00934,中信成長高股息,listed,29.88,29.93,29.73,29.79,-0.05,-0.1676,1939312,57826514,1162,TWSE,etf,false,true,false,false,false,false,false,false,false,security_type=etf;symbol_not_4_digit
2026-09-29,00935,野村臺灣新科技50,listed,61.25,61.3,60.0,60.4,-1.25,-2.0276,13387736,810544800,11932,TWSE,other,false,false,false,false,false,false,false,false,false,symbol_not_4_digit
2026-09-29,00936,台新永續高息中小,listed,21.31,21.5,21.31,21.32,-0.09,-0.4204,1111982,23765180,369,TWSE,other,false,false,false,false,false,false,false,false,false,symbol_not_4_digit
2026-09-29,00938,凱基優選30,listed,26.95,27.17,26.83,26.84,-0.06,-0.223,664198,17953622,274,TWSE,etf,false,true,false,false,false,false,false,false,false,security_type=etf;symbol_not_4_digit
2026-09-29,00939,統一台灣高息動能,listed,24.13,24.29,24.02,24.02,-0.11,-0.4559,4120682,99591942,2334,TWSE,etf,false,true,false,false,false,false,false,false,false,security_type=etf;symbol_not_4_digit
2026-09-29,00940,元大台灣價值高息,listed,13.07,13.18,13.06,13.08,-0.02,-0.1527,13418358,175858865,2660,TWSE,etf,false,true,false,false,false,false,false,false,false,security_type=etf;symbol_not_4_digit
2026-09-29,00941,中信上游半導體,listed,25.1,25.31,25.09,25.19,0.03,0.1192,508686,12828659,657,TWSE,etf,false,true,false,false,false,false,false,false,false,security_type=etf;symbol_not_4_digit
2026-09-29,00943,兆豐電子高息等權,listed,21.15,21.15,20.99,21.01,0.05,0.2385,62476,1316841,122,TWSE,etf,false,true,false,false,false,false,false,false,false,security_type=etf;symbol_not_4_digit
2026-09-29,00944,野村趨勢動能高息,listed,21.94,22.06,21.83,21.83,-0.17,-0.7727,142567,3122949,307,TWSE,other,false,false,false,false,false,false,false,false,false,symbol_not_4_digit
2026-09-29,00945B,凱基美國非投等債,listed,14.22,14.23,14.19,14.21,-0.08,-0.5598,7256262,103101202,1155,TWSE,bond_etf,false,true,true,true,false,false,false,false,false,security_type=bond_etf;symbol_not_4_digit
2026-09-29,00946,群益科技高息成長,listed,15.3,15.52,15.3,15.38,0.08,0.5229,1760311,27172348,688,TWSE,etf,false,true,false,false,false,false,false,false,false,security_type=etf;symbol_not_4_digit
2026-09-29,00947,台新臺灣IC設計,listed,40.35,40.49,39.7,40.0,-0.66,-1.6232,11887867,476830733,4242,TWSE,other,false,false,false,false,false,false,false,false,false,symbol_not_4_digit
2026-09-29,00949,復華日本龍頭,listed,21.85,21.86,21.73,21.74,-0.11,-0.5034,617079,13455297,479,TWSE,etf,false,true,false,false,false,false,false,false,false,security_type=etf;symbol_not_4_digit
2026-09-29,00951,台新日本半導體,listed,17.36,17.7,17.36,17.64,0.28,1.6129,5326528,93604452,904,TWSE,other,false,false,false,false,false,false,false,false,false,symbol_not_4_digit
2026-09-29,00952,凱基台灣AI50,listed,18.28,18.41,18.2,18.29,0.04,0.2192,1318393,24154028,462,TWSE,etf,false,true,false,false,false,false,false,false,false,security_type=etf;symbol_not_4_digit
2026-09-29,00953B,群益優選非投等債,listed,9.52,9.52,9.5,9.51,-0.03,-0.3145,53998577,513454622,8234,TWSE,bond_etf,false,true,true,true,false,false,false,false,false,security_type=bond_etf;symbol_not_4_digit
2026-09-29,00954,中信日本半導體,listed,18.68,18.98,18.68,18.84,0.28,1.5086,1337127,25222654,587,TWSE,etf,false,true,false,false,false,false,false,false,false,security_type=etf;symbol_not_4_digit
2026-09-29,00956,中信日經高股息,listed,13.55,13.55,13.42,13.42,-0.14,-1.0324,218434,2937445,257,TWSE,etf,false,true,false,false,false,false,false,false,false,security_type=etf;symbol_not_4_digit
2026-09-29,00960,野村全球航運龍頭,listed,22.02,22.1,21.98,22.03,0.01,0.0454,540202,11912580,2821,TWSE,other,false,false,false,false,false,false,false,false,false,symbol_not_4_digit
2026-09-29,00961,FT臺灣永續高息,listed,13.29,13.35,13.2,13.21,0.01,0.0758,18569889,245927123,4546,TWSE,other,false,false,false,false,false,false,false,false,false,symbol_not_4_digit
2026-09-29,00962,台新AI優息動能,listed,15.03,15.11,15.01,15.02,-0.01,-0.0665,3108865,46782593,873,TWSE,other,false,false,false,false,false,false,false,false,false,symbol_not_4_digit
2026-09-29,00963,中信全球高股息,listed,12.63,12.65,12.53,12.55,-0.08,-0.6334,1607270,20186746,672,TWSE,etf,false,true,false,false,false,false,false,false,false,security_type=etf;symbol_not_4_digit
2026-09-29,00964,中信亞太高股息,listed,14.8,14.83,14.7,14.73,0.0,0.0,1939176,28589204,452,TWSE,etf,false,true,false,false,false,false,false,false,false,security_type=etf;symbol_not_4_digit
2026-09-29,00965,元大航太防衛科技,listed,25.25,25.32,25.04,25.09,-0.36,-1.4145,544002,13657832,872,TWSE,etf,false,true,false,false,false,false,false,false,false,security_type=etf;symbol_not_4_digit
2026-09-29,00971,野村美國研發龍頭,listed,17.77,17.81,17.74,17.78,0.02,0.1126,137521,2444389,297,TWSE,other,false,false,false,false,false,false,false,false,false,symbol_not_4_digit
2026-09-29,00972,野村日本動能高息,listed,21.66,21.66,21.51,21.51,-0.19,-0.8756,109843,2373666,58,TWSE,other,false,false,false,false,false,false,false,false,false,symbol_not_4_digit
2026-09-29,009800,中信NASDAQ,listed,13.5,13.5,13.31,13.34,-0.11,-0.8178,1239217,16542693,1076,TWSE,etf,false,true,false,false,false,false,false,false,false,security_type=etf;symbol_not_4_digit
2026-09-29,009801,中信美國創新科技,listed,11.62,11.62,11.57,11.59,-0.05,-0.4296,490449,5685391,445,TWSE,etf,false,true,false,false,false,false,false,false,false,security_type=etf;symbol_not_4_digit
2026-09-29,009802,富邦旗艦50,listed,20.11,20.25,19.94,19.96,-0.11,-0.5481,3399117,68187561,1206,TWSE,etf,false,true,false,false,false,false,false,false,false,security_type=etf;symbol_not_4_digit
2026-09-29,009803,玉山市值動能50,listed,21.57,21.59,21.43,21.5,-0.16,-0.7387,3649864,78521613,2267,TWSE,other,false,false,false,false,false,false,false,false,false,symbol_not_4_digit
2026-09-29,009804,聯邦台精彩50,listed,24.11,24.11,23.79,23.85,-0.27,-1.1194,1011055,24209095,672,TWSE,other,false,false,false,false,false,false,false,false,false,symbol_not_4_digit
2026-09-29,009805,台新美國電力基建,listed,14.95,14.95,14.74,14.76,-0.19,-1.2709,3131270,46241515,2322,TWSE,other,false,false,false,false,false,false,false,false,false,symbol_not_4_digit
2026-09-29,009808,華南永昌優選50,listed,32.16,32.16,31.79,31.85,-0.31,-0.9639,171793,5492150,77,TWSE,other,false,false,false,false,false,false,false,false,false,symbol_not_4_digit
2026-09-29,009809,富邦淨零ESG50,listed,18.49,18.56,18.45,18.45,-0.11,-0.5927,184093,3405972,104,TWSE,etf,false,true,false,false,false,false,false,false,false,security_type=etf;symbol_not_4_digit
2026-09-29,00980A,主動野村臺灣優選,listed,25.5,25.5,25.15,25.4,-0.16,-0.626,8275783,209795086,4157,TWSE,etf,false,true,true,false,false,false,false,false,false,security_type=etf;symbol_not_4_digit
2026-09-29,009810,玉山全球藍籌100,listed,21.3,21.39,21.3,21.37,0.03,0.1406,326584,6976252,74,TWSE,other,false,false,false,false,false,false,false,false,false,symbol_not_4_digit
2026-09-29,009811,統一美國50,listed,13.55,13.55,13.45,13.47,-0.03,-0.2222,931721,12559316,719,TWSE,etf,false,true,false,false,false,false,false,false,false,security_type=etf;symbol_not_4_digit
2026-09-29,009812,野村日本東證,listed,13.0,13.0,12.84,12.91,-0.01,-0.0774,1298169,16766338,279,TWSE,other,false,false,false,false,false,false,false,false,false,symbol_not_4_digit
2026-09-29,009813,貝萊德標普卓越50,listed,11.49,11.49,11.46,11.46,-0.03,-0.2611,738497,8475635,489,TWSE,other,false,false,false,false,false,false,false,false,false,symbol_not_4_digit
2026-09-29,009816,凱基台灣TOP50,listed,16.54,16.55,16.4,16.4,-0.17,-1.026,125516365,2067199229,50629,TWSE,etf,false,true,false,false,false,false,false,false,false,security_type=etf;symbol_not_4_digit
2026-09-29,009817,國泰日本不動產,listed,8.86,8.86,8.77,8.79,-0.11,-1.236,606321,5337618,478,TWSE,etf,false,true,false,false,false,false,false,false,false,security_type=etf;symbol_not_4_digit
2026-09-29,009818,華南永昌NASDAQxT,listed,21.0,21.05,20.98,20.99,-0.05,-0.2376,155747,3269911,70,TWSE,other,false,false,false,false,false,false,false,false,false,symbol_not_4_digit
2026-09-29,009819,中信數據及電力,listed,9.56,9.56,9.5,9.53,-0.19,-1.9547,2758559,26278332,1834,TWSE,etf,false,true,false,false,false,false,false,false,false,security_type=etf;symbol_not_4_digit
2026-09-29,00981A,主動統一台股增長,listed,30.66,30.7,30.08,30.31,-0.54,-1.7504,115904355,3525629777,46776,TWSE,etf,false,true,true,false,false,false,false,false,false,security_type=etf;symbol_not_4_digit
2026-09-29,00981T,平衡凱基雙核收息,listed,11.75,11.76,11.7,11.7,-0.12,-1.0152,2809845,32915787,662,TWSE,etf,false,true,true,false,false,false,false,false,false,security_type=etf;symbol_not_4_digit
2026-09-29,009820,元大納斯達克精選,listed,10.39,10.39,10.3,10.32,-0.09,-0.8646,6063214,62712025,872,TWSE,etf,false,true,false,false,false,false,false,false,false,security_type=etf;symbol_not_4_digit
2026-09-29,009821,野村稀土關鍵資源,listed,13.36,13.47,13.24,13.33,-0.7,-4.9893,15191638,203156361,6704,TWSE,other,false,false,false,false,false,false,false,false,false,symbol_not_4_digit
2026-09-29,009824,群益美國科技巨頭,listed,10.53,10.54,10.47,10.49,-0.06,-0.5687,5892884,61887635,1031,TWSE,etf,false,true,false,false,false,false,false,false,false,security_type=etf;symbol_not_4_digit
2026-09-29,009826,貝萊德世界股票,listed,10.08,10.08,10.0,10.02,-0.04,-0.3976,11673122,116962919,3915,TWSE,other,false,false,false,false,false,false,false,false,false,symbol_not_4_digit
2026-09-29,009827,玉山未來全球算力,listed,10.31,10.31,10.19,10.2,-0.12,-1.1628,3282721,33529952,1009,TWSE,other,false,false,false,false,false,false,false,false,false,symbol_not_4_digit
2026-09-29,009828,中信台日韓PCB,listed,10.0,10.01,9.9,9.98,-0.04,-0.3992,28073119,279457600,6673,TWSE,etf,false,true,false,false,false,false,false,false,false,security_type=etf;symbol_not_4_digit
2026-09-29,009829,大華韓國KOSPI50,listed,10.78,10.87,10.72,10.74,-0.3,-2.7174,29256980,315286384,3142,TWSE,other,false,false,false,false,false,false,false,false,false,symbol_not_4_digit
2026-09-29,00982A,主動群益台灣強棒,listed,23.02,23.02,22.69,22.83,-0.31,-1.3397,13368750,305597277,6845,TWSE,etf,false,true,true,false,false,false,false,false,false,security_type=etf;symbol_not_4_digit
2026-09-29,00982D,主動富邦動態入息,listed,9.42,9.42,9.31,9.36,-0.11,-1.1616,4699076,43856377,348,TWSE,etf,false,true,true,false,false,false,false,false,false,security_type=etf;symbol_not_4_digit
2026-09-29,00982T,平衡兆豐台美動能,listed,15.58,15.59,15.32,15.32,-0.29,-1.8578,51476,794228,77,TWSE,etf,false,true,true,false,false,false,false,false,false,security_type=etf;symbol_not_4_digit
2026-09-29,00983A,主動中信ARK創新,listed,13.31,13.31,13.18,13.2,-0.02,-0.1513,842940,11144609,485,TWSE,etf,false,true,true,false,false,false,false,false,false,security_type=etf;symbol_not_4_digit
2026-09-29,00983D,主動富邦複合收益,listed,9.7,9.7,9.58,9.6,-0.11,-1.1329,1910799,18351641,412,TWSE,etf,false,true,true,false,false,false,false,false,false,security_type=etf;symbol_not_4_digit
2026-09-29,00984A,主動安聯台灣高息,listed,15.6,15.66,15.53,15.62,0.01,0.0641,3994530,62324239,1968,TWSE,etf,false,true,true,false,false,false,false,false,false,security_type=etf;symbol_not_4_digit
2026-09-29,00984D,主動聯博全球非投,listed,9.84,9.85,9.76,9.77,-0.07,-0.7114,39304198,384875178,4844,TWSE,etf,false,true,true,false,false,false,false,false,false,security_type=etf;symbol_not_4_digit
2026-09-29,00985A,主動野村台灣50,listed,23.48,23.5,23.22,23.3,-0.18,-0.7666,2348739,54919143,1351,TWSE,etf,false,true,true,false,false,false,false,false,false,security_type=etf;symbol_not_4_digit
2026-09-29,00985B,群益ESG投等債0-5,listed,10.07,10.07,10.05,10.06,-0.03,-0.2973,9160952,92111317,1267,TWSE,bond_etf,false,true,true,true,false,false,false,false,false,security_type=bond_etf;symbol_not_4_digit
2026-09-29,00986A,主動台新龍頭成長,listed,14.65,14.68,14.6,14.6,-0.15,-1.0169,322780,4722590,174,TWSE,etf,false,true,true,false,false,false,false,false,false,security_type=etf;symbol_not_4_digit
2026-09-29,00987A,主動台新優勢成長,listed,17.24,17.26,16.97,17.15,-0.15,-0.8671,1462089,25087053,699,TWSE,etf,false,true,true,false,false,false,false,false,false,security_type=etf;symbol_not_4_digit
2026-09-29,00988A,主動統一全球創新,listed,16.8,16.8,16.43,16.48,-0.43,-2.5429,22820491,376682804,10055,TWSE,etf,false,true,true,false,false,false,false,false,false,security_type=etf;symbol_not_4_digit
2026-09-29,00989A,主動摩根美國科技,listed,17.68,17.68,17.52,17.52,-0.24,-1.3514,1930430,33906117,261,TWSE,etf,false,true,true,false,false,false,false,false,false,security_type=etf;symbol_not_4_digit
2026-09-29,00990A,主動元大AI新經濟,listed,15.77,15.78,15.54,15.58,-0.31,-1.9509,8141043,127063457,3698,TWSE,etf,false,true,true,false,false,false,false,false,false,security_type=etf;symbol_not_4_digit
2026-09-29,00991A,主動復華未來50,listed,17.98,18.04,17.75,17.95,-0.2,-1.1019,38233078,685054688,13723,TWSE,etf,false,true,true,false,false,false,false,false,false,security_type=etf;symbol_not_4_digit
2026-09-29,00991B,貝萊德A級公司債,listed,14.45,14.45,14.31,14.31,-0.29,-1.9863,482901,6917562,63,TWSE,bond_etf,false,true,true,true,false,false,false,false,false,security_type=bond_etf;symbol_not_4_digit
2026-09-29,00992A,主動群益科技創新,listed,18.75,18.76,18.46,18.68,-0.12,-0.6383,19484485,362890745,6149,TWSE,etf,false,true,true,false,false,false,false,false,false,security_type=etf;symbol_not_4_digit
2026-09-29,00993A,主動安聯台灣,listed,13.86,13.86,13.61,13.73,-0.22,-1.5771,2333599,32074263,1008,TWSE,etf,false,true,true,false,false,false,false,false,false,security_type=etf;symbol_not_4_digit
2026-09-29,00994A,主動第一金台股優,listed,17.36,17.36,16.98,17.11,-0.29,-1.6667,1697637,29134480,821,TWSE,etf,false,true,true,false,false,false,false,false,false,security_type=etf;symbol_not_4_digit
2026-09-29,00995A,主動中信台灣卓越,listed,17.8,17.81,17.46,17.59,-0.31,-1.7318,2353598,41528036,853,TWSE,etf,false,true,true,false,false,false,false,false,false,security_type=etf;symbol_not_4_digit
2026-09-29,00996A,主動兆豐台灣豐收,listed,14.56,14.56,14.28,14.35,-0.25,-1.7123,811754,11686003,605,TWSE,etf,false,true,true,false,false,false,false,false,false,security_type=etf;symbol_not_4_digit
2026-09-29,00997A,主動群益美國增長,listed,11.67,11.67,11.47,11.49,-0.21,-1.7949,6626985,76269469,1905,TWSE,etf,false,true,true,false,false,false,false,false,false,security_type=etf;symbol_not_4_digit
2026-09-29,00999A,主動野村臺灣高息,listed,11.34,11.34,11.19,11.23,-0.12,-1.0573,6226258,70203285,1968,TWSE,etf,false,true,true,false,false,false,false,false,false,security_type=etf;symbol_not_4_digit
2026-09-29,01001T,土銀富邦R1,listed,11.11,11.11,11.11,11.11,0.0,0.0,6000,66660,2,TWSE,etf,false,true,true,false,false,false,false,false,false,security_type=etf;symbol_not_4_digit
2026-09-29,01002T,土銀國泰R1,listed,12.74,12.74,12.74,12.74,0.0,0.0,5000,63700,1,TWSE,etf,false,true,true,false,false,false,false,false,false,security_type=etf;symbol_not_4_digit
2026-09-29,01004T,土銀富邦R2,listed,10.2,10.2,10.17,10.17,0.01,0.0984,55460,564204,22,TWSE,etf,false,true,true,false,false,false,false,false,false,security_type=etf;symbol_not_4_digit
2026-09-29,01007T,兆豐國泰R2,listed,11.27,11.32,11.2,11.32,0.03,0.2657,71000,798900,21,TWSE,etf,false,true,true,false,false,false,false,false,false,security_type=etf;symbol_not_4_digit
2026-09-29,01009T,王道圓滿R1,listed,5.56,5.59,5.56,5.59,0.0,0.0,2000,11150,2,TWSE,warrant,false,false,true,false,false,false,false,false,false,security_type=warrant;symbol_not_4_digit
2026-09-29,01010T,京城樂富R1,listed,10.0,10.0,9.98,10.0,0.0,0.0,8000,79900,3,TWSE,warrant,false,false,true,false,false,false,false,false,false,security_type=warrant;symbol_not_4_digit
2026-09-29,020000,富邦特選蘋果N,listed,32.83,32.83,32.83,32.83,0.0,0.0,1000,32830,1,TWSE,etf,false,true,false,false,false,false,false,false,false,security_type=etf;symbol_not_4_digit
2026-09-29,020011,統一微波高息20N,listed,,,,,0.0,,0,0,0,TWSE,etf,false,true,false,false,false,false,false,false,false,security_type=etf;symbol_not_4_digit;invalid_close;invalid_volume;invalid_turnover
2026-09-29,020012,富邦行動通訊N,listed,,,,,0.0,,0,0,0,TWSE,etf,false,true,false,false,false,false,false,false,false,security_type=etf;symbol_not_4_digit;invalid_close;invalid_volume;invalid_turnover
2026-09-29,02001L,富邦蘋果正二N,listed,153.5,153.9,149.8,151.65,-5.1,-3.2536,52000,7922150,42,TWSE,etf,false,true,true,false,false,false,false,false,false,security_type=etf;symbol_not_4_digit
2026-09-29,020020,元大台股領航N,listed,30.63,30.63,29.86,29.86,-0.95,-3.0834,90000,2732520,17,TWSE,etf,false,true,false,false,false,false,false,false,false,security_type=etf;symbol_not_4_digit
2026-09-29,020028,元大特選電動車N,listed,,,,,0.0,,0,0,0,TWSE,etf,false,true,false,false,false,false,false,false,false,security_type=etf;symbol_not_4_digit;invalid_close;invalid_volume;invalid_turnover
2026-09-29,020029,元大ESG高股息N,listed,20.8,20.8,20.72,20.72,-0.24,-1.145,3000,62240,2,TWSE,etf,false,true,false,false,false,false,false,false,false,security_type=etf;symbol_not_4_digit
2026-09-29,020030,統一智慧電動車N,listed,,,,,0.0,,0,0,0,TWSE,etf,false,true,false,false,false,false,false,false,false,security_type=etf;symbol_not_4_digit;invalid_close;invalid_volume;invalid_turnover
2026-09-29,020031,統一IC設計臺灣N,listed,11.84,11.84,11.73,11.73,-0.27,-2.25,20000,235560,4,TWSE,etf,false,true,false,false,false,false,false,false,false,security_type=etf;symbol_not_4_digit
2026-09-29,020032,元大綠能N,listed,,,,,0.0,,0,0,0,TWSE,etf,false,true,false,false,false,false,false,false,false,security_type=etf;symbol_not_4_digit;invalid_close;invalid_volume;invalid_turnover
2026-09-29,020034,元大IC設計N,listed,17.26,17.26,16.94,16.94,-0.28,-1.626,49000,832350,17,TWSE,etf,false,true,false,false,false,false,false,false,false,security_type=etf;symbol_not_4_digit
2026-09-29,020036,元大金融配息N,listed,11.73,11.73,11.72,11.72,0.03,0.2566,2000,23450,2,TWSE,etf,false,true,false,false,false,false,false,false,false,security_type=etf;symbol_not_4_digit
2026-09-29,020037,元大金融高股息N,listed,13.13,13.13,13.13,13.13,0.17,1.3117,1000,13130,1,TWSE,etf,false,true,false,false,false,false,false,false,false,security_type=etf;symbol_not_4_digit
2026-09-29,020038,元大ESG配息N,listed,15.97,15.97,15.95,15.95,0.0,0.0,5000,79810,4,TWSE,etf,false,true,false,false,false,false,false,false,false,security_type=etf;symbol_not_4_digit
2026-09-29,020039,元大加權N,listed,15.35,15.35,15.35,15.35,-0.02,-0.1301,10000,153500,1,TWSE,etf,false,true,false,false,false,false,false,false,false,security_type=etf;symbol_not_4_digit
2026-09-29,1101,台泥,listed,25.4,25.6,25.05,25.3,0.05,0.198,31598983,796559063,9596,TWSE,common_stock,true,false,false,false,false,false,false,false,true,
2026-09-29,1101B,台泥乙特,listed,43.3,43.3,43.3,43.3,0.05,0.1156,2000,86600,1,TWSE,warrant,false,false,true,false,false,false,false,false,false,security_type=warrant;symbol_not_4_digit
2026-09-29,1102,亞泥,listed,35.5,35.65,34.9,35.3,-0.4,-1.1204,9645067,339290351,4759,TWSE,common_stock,true,false,false,false,false,false,false,false,true,
2026-09-29,1103,嘉泥,listed,13.05,13.1,13.0,13.0,-0.05,-0.3831,249926,3256394,186,TWSE,common_stock,true,false,false,false,false,false,false,false,true,
2026-09-29,1104,環泥,listed,26.65,26.7,26.55,26.55,-0.1,-0.3752,447642,11905411,478,TWSE,common_stock,true,false,false,false,false,false,false,false,true,
2026-09-29,1108,幸福,listed,11.05,11.15,11.0,11.0,-0.05,-0.4525,188302,2078523,105,TWSE,common_stock,true,false,false,false,false,false,false,false,true,
2026-09-29,1109,信大,listed,13.3,13.4,13.3,13.3,0.0,0.0,95288,1269279,84,TWSE,common_stock,true,false,false,false,false,false,false,false,true,
2026-09-29,1110,東泥,listed,14.75,14.9,14.35,14.35,-0.4,-2.7119,1203041,17598476,194,TWSE,common_stock,true,false,false,false,false,false,false,false,true,
2026-09-29,1201,味全,listed,11.65,11.65,11.5,11.5,-0.1,-0.8621,839007,9681825,545,TWSE,common_stock,true,false,false,false,false,false,false,false,true,
2026-09-29,1203,味王,listed,43.35,43.8,42.15,43.3,0.0,0.0,31195,1349980,106,TWSE,common_stock,true,false,false,false,false,false,false,false,true,
2026-09-29,1210,大成,listed,51.8,52.0,51.6,51.6,-0.3,-0.578,901163,46593955,1163,TWSE,common_stock,true,false,false,false,false,false,false,false,true,
2026-09-29,1213,大飲,listed,7.11,7.29,6.9,7.29,0.18,2.5316,45218,321308,25,TWSE,common_stock,true,false,false,false,false,false,false,false,true,
2026-09-29,1215,卜蜂,listed,105.5,106.0,104.5,105.5,0.0,0.0,438883,46244504,772,TWSE,common_stock,true,false,false,false,false,false,false,false,true,
2026-09-29,1216,統一,listed,74.9,74.9,73.9,73.9,-0.6,-0.8054,6515894,483127352,4566,TWSE,etf,false,true,false,false,false,false,false,false,false,security_type=etf
2026-09-29,1217,愛之味,listed,9.95,9.95,9.89,9.9,-0.05,-0.5025,615207,6092761,431,TWSE,common_stock,true,false,false,false,false,false,false,false,true,
2026-09-29,1218,泰山,listed,14.4,14.45,14.35,14.45,0.05,0.3472,321550,4628224,277,TWSE,common_stock,true,false,false,false,false,false,false,false,true,
2026-09-29,1219,福壽,listed,11.45,11.5,11.25,11.35,-0.1,-0.8734,207054,2354448,203,TWSE,common_stock,true,false,false,false,false,false,false,false,true,
2026-09-29,1220,台榮,listed,10.8,10.85,10.75,10.75,0.0,0.0,70951,765418,111,TWSE,common_stock,true,false,false,false,false,false,false,false,true,
2026-09-29,1225,福懋油,listed,24.45,24.5,24.4,24.4,-0.05,-0.2045,28996,708880,108,TWSE,common_stock,true,false,false,false,false,false,false,false,true,
2026-09-29,1227,佳格,listed,28.15,28.2,27.95,28.0,-0.15,-0.5329,1445323,40516146,654,TWSE,common_stock,true,false,false,false,false,false,false,false,true,
2026-09-29,1229,聯華,listed,40.1,40.2,39.5,39.55,-0.55,-1.3716,3074216,122138602,3787,TWSE,common_stock,true,false,false,false,false,false,false,false,true,
2026-09-29,1231,聯華食,listed,79.6,80.0,79.6,79.6,0.0,0.0,141891,11311229,417,TWSE,common_stock,true,false,false,false,false,false,false,false,true,
2026-09-29,1232,大統益,listed,154.0,154.5,154.0,154.0,-0.5,-0.3236,52006,8022710,165,TWSE,common_stock,true,false,false,false,false,false,false,false,true,
2026-09-29,1233,天仁,listed,28.1,28.1,27.6,27.6,-0.5,-1.7794,13323,371282,34,TWSE,common_stock,true,false,false,false,false,false,false,false,true,
2026-09-29,1234,黑松,listed,33.05,33.2,32.9,32.9,-0.15,-0.4539,131420,4335029,162,TWSE,common_stock,true,false,false,false,false,false,false,false,true,
2026-09-29,1235,興泰,listed,35.4,35.5,32.85,32.85,-2.65,-7.4648,89039,3053158,260,TWSE,common_stock,true,false,false,false,false,false,false,false,true,
2026-09-29,1236,宏亞,listed,25.5,25.5,25.25,25.35,-0.05,-0.1969,21234,538460,47,TWSE,common_stock,true,false,false,false,false,false,false,false,true,
2026-09-29,1256,鮮活果汁-KY,listed,168.5,170.0,167.5,168.5,2.0,1.2012,30384,5118885,87,TWSE,common_stock,true,false,false,false,false,false,false,false,true,
2026-09-29,1301,台塑,listed,65.0,67.7,64.6,64.6,0.5,0.78,34908356,2280974553,15463,TWSE,common_stock,true,false,false,false,false,false,false,false,true,
2026-09-29,1303,南亞,listed,236.0,248.0,235.5,247.0,9.0,3.7815,79311489,19325708081,61251,TWSE,common_stock,true,false,false,false,false,false,false,false,true,
2026-09-29,1304,台聚,listed,12.5,12.9,12.25,12.3,-0.2,-1.6,2772924,34736934,1146,TWSE,common_stock,true,false,false,false,false,false,false,false,true,
2026-09-29,1305,華夏,listed,12.2,12.45,12.05,12.1,0.0,0.0,1147533,13990096,583,TWSE,common_stock,true,false,false,false,false,false,false,false,true,
2026-09-29,1307,三芳,listed,30.9,31.35,30.85,30.85,0.15,0.4886,666273,20717079,479,TWSE,common_stock,true,false,false,false,false,false,false,false,true,
2026-09-29,1308,亞聚,listed,14.3,14.75,14.05,14.1,-0.2,-1.3986,1556217,22146140,959,TWSE,common_stock,true,false,false,false,false,false,false,false,true,
2026-09-29,1309,台達化,listed,13.8,14.25,13.65,13.65,-0.15,-1.087,1682322,23368548,957,TWSE,common_stock,true,false,false,false,false,false,false,false,true,
2026-09-29,1310,台苯,listed,8.89,9.15,8.88,8.9,0.0,0.0,2438328,21942631,1350,TWSE,common_stock,true,false,false,false,false,false,false,false,true,
2026-09-29,1312,國喬,listed,14.55,15.2,14.4,14.45,-0.15,-1.0274,11424741,167497820,3867,TWSE,common_stock,true,false,false,false,false,false,false,false,true,
2026-09-29,1312A,國喬特,listed,,,,,0.0,,0,0,0,TWSE,warrant,false,false,true,false,false,false,false,false,false,security_type=warrant;symbol_not_4_digit;invalid_close;invalid_volume;invalid_turnover
2026-09-29,1313,聯成,listed,12.15,12.5,12.05,12.05,-0.1,-0.823,1943110,23693365,988,TWSE,common_stock,true,false,false,false,false,false,false,false,true,
2026-09-29,1314,中石化,listed,8.89,9.1,8.72,8.74,-0.12,-1.3544,47669196,421438113,10504,TWSE,common_stock,true,false,false,false,false,false,false,false,true,
2026-09-29,1315,達新,listed,68.2,68.8,68.1,68.1,-0.2,-0.2928,35564,2435384,74,TWSE,common_stock,true,false,false,false,false,false,false,false,true,
2026-09-29,1316,上曜,listed,10.45,10.55,10.45,10.45,0.0,0.0,699804,7335646,367,TWSE,common_stock,true,false,false,false,false,false,false,false,true,
2026-09-29,1319,東陽,listed,78.5,78.6,77.8,77.8,-1.1,-1.3942,1284003,100219912,1651,TWSE,common_stock,true,false,false,false,false,false,false,false,true,
2026-09-29,1321,大洋,listed,32.4,32.4,32.05,32.35,-0.1,-0.3082,114000,3674100,63,TWSE,common_stock,true,false,false,false,false,false,false,false,true,
2026-09-29,1323,永裕,listed,21.4,21.6,21.2,21.2,-0.2,-0.9346,49535,1057933,70,TWSE,common_stock,true,false,false,false,false,false,false,false,true,
2026-09-29,1324,地球,listed,10.15,10.15,9.98,9.98,-0.07,-0.6965,24229,243736,68,TWSE,common_stock,true,false,false,false,false,false,false,false,true,
2026-09-29,1325,恆大,listed,25.7,25.85,25.5,25.55,-0.15,-0.5837,132148,3387645,131,TWSE,common_stock,true,false,false,false,false,false,false,false,true,
2026-09-29,1326,台化,listed,67.1,71.4,67.1,67.5,0.5,0.7463,25578827,1758359865,15031,TWSE,common_stock,true,false,false,false,false,false,false,false,true,
2026-09-29,1337,再生-KY,listed,4.45,4.46,4.42,4.43,-0.02,-0.4494,94840,421248,132,TWSE,common_stock,true,false,false,false,false,false,false,false,true,
2026-09-29,1338,廣華-KY,listed,14.7,14.8,14.5,14.75,0.0,0.0,52801,775587,77,TWSE,common_stock,true,false,false,false,false,false,false,false,true,
2026-09-29,1339,昭輝,listed,42.5,42.5,41.85,42.3,-0.1,-0.2358,80100,3382578,145,TWSE,common_stock,true,false,false,false,false,false,false,false,true,
2026-09-29,1340,勝悅-KY,listed,5.21,5.25,5.21,5.21,0.0,0.0,113889,595655,104,TWSE,common_stock,true,false,false,false,false,false,false,false,true,
2026-09-29,1341,富林-KY,listed,,,,,0.0,,15,900,2,TWSE,other,false,false,false,false,false,false,false,false,false,invalid_close
2026-09-29,1342,八貫,listed,100.0,101.0,100.0,101.0,0.0,0.0,72695,7308339,139,TWSE,common_stock,true,false,false,false,false,false,false,false,true,
2026-09-29,1402,遠東新,listed,28.15,28.25,27.7,27.75,-0.4,-1.421,5992054,167214877,2920,TWSE,common_stock,true,false,false,false,false,false,false,false,true,
2026-09-29,1409,新纖,listed,24.4,24.75,24.2,24.35,0.05,0.2058,5902385,144025483,2862,TWSE,common_stock,true,false,false,false,false,false,false,false,true,
2026-09-29,1410,南染,listed,24.1,24.25,24.0,24.1,0.1,0.4167,35201,847999,44,TWSE,common_stock,true,false,false,false,false,false,false,false,true,
2026-09-29,1413,宏洲,listed,9.19,9.45,9.07,9.08,-0.11,-1.197,56815,517810,35,TWSE,common_stock,true,false,false,false,false,false,false,false,true,
2026-09-29,1414,東和,listed,17.45,17.6,17.3,17.5,0.05,0.2865,109892,1914453,110,TWSE,common_stock,true,false,false,false,false,false,false,false,true,
2026-09-29,1416,廣豐,listed,11.45,11.55,11.3,11.35,-0.1,-0.8734,249389,2846454,131,TWSE,common_stock,true,false,false,false,false,false,false,false,true,
2026-09-29,1417,嘉裕,listed,8.11,8.11,8.04,8.04,-0.06,-0.7407,199029,1610883,118,TWSE,common_stock,true,false,false,false,false,false,false,false,true,
2026-09-29,1418,東華,listed,18.3,18.8,18.3,18.3,0.0,0.0,25023,460213,22,TWSE,common_stock,true,false,false,false,false,false,false,false,true,
2026-09-29,1419,新紡,listed,66.3,66.3,65.5,65.6,-0.4,-0.6061,56925,3739530,58,TWSE,common_stock,true,false,false,false,false,false,false,false,true,
2026-09-29,1423,利華,listed,34.55,35.5,34.35,34.35,-0.2,-0.5789,6436,222734,15,TWSE,common_stock,true,false,false,false,false,false,false,false,true,
2026-09-29,1432,大魯閣,listed,15.05,15.05,14.95,14.95,-0.1,-0.6645,80105,1201178,193,TWSE,common_stock,true,false,false,false,false,false,false,false,true,
2026-09-29,1434,福懋,listed,17.95,18.3,17.9,18.0,0.05,0.2786,1341588,24176827,889,TWSE,common_stock,true,false,false,false,false,false,false,false,true,
2026-09-29,1435,中福,listed,22.3,22.3,21.55,21.75,-0.5,-2.2472,6479,140755,22,TWSE,common_stock,true,false,false,false,false,false,false,false,true,
2026-09-29,1436,華友聯,listed,36.5,36.5,35.5,35.5,-0.65,-1.7981,169161,6058804,209,TWSE,common_stock,true,false,false,false,false,false,false,false,true,
2026-09-29,1437,勤益控,listed,31.85,32.1,31.55,31.85,-0.65,-2.0,71000,2262301,52,TWSE,common_stock,true,false,false,false,false,false,false,false,true,
2026-09-29,1438,三地開發,listed,21.9,21.9,21.15,21.15,-0.35,-1.6279,80755,1733114,54,TWSE,common_stock,true,false,false,false,false,false,false,false,true,
2026-09-29,1439,雋揚,listed,28.2,28.2,28.15,28.15,0.0,0.0,5026,141539,8,TWSE,common_stock,true,false,false,false,false,false,false,false,true,
2026-09-29,1440,南紡,listed,13.5,13.65,13.25,13.3,-0.2,-1.4815,2972551,39720676,1027,TWSE,common_stock,true,false,false,false,false,false,false,false,true,
2026-09-29,1441,大東,listed,9.58,10.15,9.58,10.15,0.0,0.0,101129,1015164,497,TWSE,common_stock,true,false,false,false,false,false,false,false,true,
2026-09-29,1442,名軒,listed,27.7,27.9,26.85,26.9,-0.8,-2.8881,645434,17495053,500,TWSE,common_stock,true,false,false,false,false,false,false,false,true,
2026-09-29,1443,立益物流,listed,23.05,23.05,23.0,23.0,-0.05,-0.2169,8001,184273,9,TWSE,common_stock,true,false,false,false,false,false,false,false,true,
2026-09-29,1444,力麗,listed,6.86,6.99,6.86,6.94,0.08,1.1662,1187457,8231894,561,TWSE,common_stock,true,false,false,false,false,false,false,false,true,
2026-09-29,1445,大宇,listed,10.05,10.15,10.0,10.0,-0.05,-0.4975,49254,495313,34,TWSE,common_stock,true,false,false,false,false,false,false,false,true,
2026-09-29,1446,宏和,listed,13.45,13.5,13.35,13.35,-0.25,-1.8382,157652,2117304,101,TWSE,common_stock,true,false,false,false,false,false,false,false,true,
2026-09-29,1447,力鵬,listed,6.39,6.65,6.39,6.5,0.11,1.7214,1370015,8915950,735,TWSE,common_stock,true,false,false,false,false,false,false,false,true,
2026-09-29,1449,佳和,listed,12.45,12.45,12.25,12.35,-0.1,-0.8032,200913,2480097,282,TWSE,common_stock,true,false,false,false,false,false,false,false,true,
2026-09-29,1451,年興,listed,17.05,17.05,16.9,16.9,-0.2,-1.1696,117464,1988960,112,TWSE,common_stock,true,false,false,false,false,false,false,false,true,
2026-09-29,1452,宏益,listed,10.75,10.8,10.7,10.7,-0.1,-0.9259,52416,561485,161,TWSE,common_stock,true,false,false,false,false,false,false,false,true,
2026-09-29,1453,大將,listed,10.85,10.85,10.8,10.8,-0.1,-0.9174,12794,138782,73,TWSE,common_stock,true,false,false,false,false,false,false,false,true,
2026-09-29,1454,台富,listed,12.25,12.3,12.15,12.15,-0.15,-1.2195,30096,367707,76,TWSE,common_stock,true,false,false,false,false,false,false,false,true,
2026-09-29,1455,集盛,listed,9.69,9.76,9.66,9.68,0.0,0.0,520420,5048995,295,TWSE,common_stock,true,false,false,false,false,false,false,false,true,
2026-09-29,1456,怡華,listed,14.8,14.8,14.3,14.6,-0.1,-0.6803,95229,1384754,72,TWSE,common_stock,true,false,false,false,false,false,false,false,true,
2026-09-29,1457,宜進,listed,14.35,14.45,14.3,14.3,-0.05,-0.3484,75983,1090375,52,TWSE,common_stock,true,false,false,false,false,false,false,false,true,
2026-09-29,1459,聯發,listed,15.95,16.15,15.9,16.0,0.05,0.3135,98990,1584981,97,TWSE,common_stock,true,false,false,false,false,false,false,false,true,
2026-09-29,1460,宏遠,listed,6.39,6.39,6.24,6.24,-0.01,-0.16,144069,905268,113,TWSE,common_stock,true,false,false,false,false,false,false,false,true,
2026-09-29,1463,強盛新,listed,17.6,17.6,17.45,17.55,-0.2,-1.1268,40209,705207,54,TWSE,common_stock,true,false,false,false,false,false,false,false,true,
2026-09-29,1464,得力,listed,9.98,9.99,9.93,9.94,-0.03,-0.3009,445668,4437801,208,TWSE,common_stock,true,false,false,false,false,false,false,false,true,
2026-09-29,1465,偉全,listed,11.65,11.65,11.45,11.55,-0.05,-0.431,73543,849902,110,TWSE,common_stock,true,false,false,false,false,false,false,false,true,
2026-09-29,1466,聚隆,listed,14.8,14.9,14.3,14.85,0.1,0.678,188257,2768070,140,TWSE,common_stock,true,false,false,false,false,false,false,false,true,
2026-09-29,1467,南緯,listed,8.02,8.16,8.02,8.03,-0.02,-0.2484,65726,529076,96,TWSE,common_stock,true,false,false,false,false,false,false,false,true,
2026-09-29,1468,昶和,listed,13.05,13.2,12.85,13.15,-0.05,-0.3788,59000,768250,44,TWSE,common_stock,true,false,false,false,false,false,false,false,true,
2026-09-29,1470,大統新創,listed,23.5,23.5,23.45,23.45,-0.25,-1.0549,5025,117931,6,TWSE,common_stock,true,false,false,false,false,false,false,false,true,
2026-09-29,1471,首利,listed,9.36,9.4,9.23,9.3,-0.1,-1.0638,134939,1255319,111,TWSE,common_stock,true,false,false,false,false,false,false,false,true,
2026-09-29,1472,三洋實業,listed,88.5,88.6,88.1,88.1,0.1,0.1136,25130,2217942,50,TWSE,common_stock,true,false,false,false,false,false,false,false,true,
2026-09-29,1473,台南,listed,19.5,19.55,19.3,19.3,-0.2,-1.0256,30004,582339,141,TWSE,common_stock,true,false,false,false,false,false,false,false,true,
2026-09-29,1474,弘裕,listed,10.0,10.05,9.95,10.05,0.05,0.5,65447,656355,38,TWSE,common_stock,true,false,false,false,false,false,false,false,true,
2026-09-29,1475,業旺,listed,25.85,26.2,25.8,25.8,-0.55,-2.0873,25142,650990,25,TWSE,common_stock,true,false,false,false,false,false,false,false,true,
2026-09-29,1476,儒鴻,listed,275.5,278.0,273.0,273.0,-3.5,-1.2658,1313965,361572125,1994,TWSE,common_stock,true,false,false,false,false,false,false,false,true,
2026-09-29,1477,聚陽,listed,190.5,192.5,190.0,190.0,-1.0,-0.5236,518380,99106111,748,TWSE,common_stock,true,false,false,false,false,false,false,false,true,
2026-09-29,1503,士電,listed,194.5,197.0,194.0,194.0,-2.0,-1.0204,803599,156688132,1720,TWSE,common_stock,true,false,false,false,false,false,false,false,true,
2026-09-29,1504,東元,listed,68.5,69.3,68.5,68.5,0.0,0.0,3285032,226117535,2755,TWSE,common_stock,true,false,false,false,false,false,false,false,true,
2026-09-29,1506,正道,listed,9.69,9.69,9.56,9.57,-0.07,-0.7261,264142,2534477,119,TWSE,common_stock,true,false,false,false,false,false,false,false,true,
2026-09-29,1512,瑞利,listed,6.18,6.18,6.05,6.12,-0.06,-0.9709,31876,193684,24,TWSE,common_stock,true,false,false,false,false,false,false,false,true,
2026-09-29,1513,中興電,listed,166.0,168.5,165.0,167.0,1.0,0.6024,1788378,298850377,2419,TWSE,common_stock,true,false,false,false,false,false,false,false,true,
2026-09-29,1514,亞力,listed,101.5,103.5,101.5,102.0,0.0,0.0,1216690,124577894,1025,TWSE,common_stock,true,false,false,false,false,false,false,false,true,
2026-09-29,1515,力山,listed,29.45,29.5,29.15,29.3,-0.15,-0.5093,332858,9765276,309,TWSE,common_stock,true,false,false,false,false,false,false,false,true,
2026-09-29,1516,川飛,listed,13.15,13.5,13.15,13.5,0.35,2.6616,27899,369448,299,TWSE,common_stock,true,false,false,false,false,false,false,false,true,
2026-09-29,1517,利奇,listed,10.3,10.5,10.3,10.35,0.05,0.4854,128242,1328071,120,TWSE,common_stock,true,false,false,false,false,false,false,false,true,
2026-09-29,1519,華城,listed,718.0,720.0,688.0,688.0,-11.0,-1.5737,1241444,865921276,6986,TWSE,common_stock,true,false,false,false,false,false,false,false,true,
2026-09-29,1521,大億,listed,26.85,26.85,25.55,25.55,-0.25,-0.969,23333,606363,31,TWSE,common_stock,true,false,false,false,false,false,false,false,true,
2026-09-29,1522,堤維西,listed,26.75,26.8,26.5,26.55,-0.1,-0.3752,346508,9241489,293,TWSE,common_stock,true,false,false,false,false,false,false,false,true,
2026-09-29,1522A,堤維西甲特,listed,51.0,51.0,50.9,51.0,-0.2,-0.3906,74215,3783165,16,TWSE,warrant,false,false,true,false,false,false,false,false,false,security_type=warrant;symbol_not_4_digit
2026-09-29,1524,耿鼎,listed,25.9,26.2,25.8,25.85,-0.15,-0.5769,146061,3785551,167,TWSE,common_stock,true,false,false,false,false,false,false,false,true,
2026-09-29,1525,江申,listed,63.9,63.9,63.6,63.7,-0.7,-1.087,19739,1257445,41,TWSE,common_stock,true,false,false,false,false,false,false,false,true,
2026-09-29,1526,日馳,listed,14.8,14.85,14.5,14.55,-0.15,-1.0204,41781,613664,74,TWSE,common_stock,true,false,false,false,false,false,false,false,true,
2026-09-29,1527,鑽全,listed,32.65,33.1,32.55,32.6,-0.05,-0.1531,280870,9197712,197,TWSE,common_stock,true,false,false,false,false,false,false,false,true,
2026-09-29,1528,恩德,listed,24.85,25.8,24.75,25.5,0.05,0.1965,3744186,94619706,2837,TWSE,common_stock,true,false,false,false,false,false,false,false,true,
2026-09-29,1529,樂事綠能,listed,15.45,15.7,15.35,15.45,0.0,0.0,409818,6341102,423,TWSE,common_stock,true,false,false,false,false,false,false,false,true,
2026-09-29,1530,亞崴,listed,26.65,26.65,26.45,26.45,-0.25,-0.9363,22949,608852,113,TWSE,common_stock,true,false,false,false,false,false,false,false,true,
2026-09-29,1531,高林股,listed,11.65,11.75,11.6,11.6,-0.05,-0.4292,59839,696374,100,TWSE,common_stock,true,false,false,false,false,false,false,false,true,
2026-09-29,1532,勤美,listed,22.35,22.4,22.1,22.1,-0.2,-0.8969,344891,7656006,270,TWSE,common_stock,true,false,false,false,false,false,false,false,true,
2026-09-29,1533,車王電,listed,30.3,30.55,30.3,30.4,0.1,0.33,50241,1528263,49,TWSE,common_stock,true,false,false,false,false,false,false,false,true,
2026-09-29,1535,中宇,listed,45.25,45.55,45.1,45.55,-0.05,-0.1096,20045,911207,23,TWSE,common_stock,true,false,false,false,false,false,false,false,true,
2026-09-29,1536,和大,listed,47.0,47.2,46.55,46.55,-0.45,-0.9574,478397,22327273,580,TWSE,common_stock,true,false,false,false,false,false,false,false,true,
2026-09-29,1537,廣隆,listed,114.5,115.5,114.5,115.5,0.5,0.4348,71880,8252972,89,TWSE,common_stock,true,false,false,false,false,false,false,false,true,
2026-09-29,1538,正峰,listed,,,,,0.0,,126,1040,5,TWSE,other,false,false,false,false,false,false,false,false,false,invalid_close
2026-09-29,1539,巨庭,listed,15.5,15.5,15.45,15.45,-0.05,-0.3226,27659,427463,20,TWSE,common_stock,true,false,false,false,false,false,false,false,true,
2026-09-29,1540,喬福,listed,19.5,19.6,19.35,19.35,-0.15,-0.7692,90124,1752349,322,TWSE,common_stock,true,false,false,false,false,false,false,false,true,
2026-09-29,1541,錩泰,listed,20.95,21.0,20.95,21.0,0.0,0.0,8000,167950,8,TWSE,common_stock,true,false,false,false,false,false,false,false,true,
2026-09-29,1558,伸興,listed,111.5,114.0,111.5,114.0,2.0,1.7857,171197,19350984,424,TWSE,common_stock,true,false,false,false,false,false,false,false,true,
2026-09-29,1560,中砂,listed,960.0,977.0,955.0,956.0,-15.0,-1.5448,1083052,1044324058,3287,TWSE,common_stock,true,false,false,false,false,false,false,false,true,
2026-09-29,1563,巧新,listed,74.5,78.5,74.5,76.1,0.9,1.1968,615079,47244099,1281,TWSE,common_stock,true,false,false,false,false,false,false,false,true,
2026-09-29,1568,倉佑,listed,30.5,32.85,30.5,32.4,1.5,4.8544,688490,22157872,577,TWSE,common_stock,true,false,false,false,false,false,false,false,true,
2026-09-29,1582,信錦,listed,70.0,70.5,69.5,70.1,0.1,0.1429,281706,19707243,362,TWSE,common_stock,true,false,false,false,false,false,false,false,true,
2026-09-29,1583,程泰,listed,46.95,46.95,46.95,46.95,0.0,0.0,12038,565171,14,TWSE,common_stock,true,false,false,false,false,false,false,false,true,
2026-09-29,1587,吉茂,listed,23.75,24.25,23.75,23.85,0.35,1.4894,140304,3367460,113,TWSE,common_stock,true,false,false,false,false,false,false,false,true,
2026-09-29,1590,亞德客-KY,listed,1135.0,1250.0,1135.0,1210.0,0.0,0.0,943554,1139145013,1131,TWSE,common_stock,true,false,false,false,false,false,false,false,true,
2026-09-29,1597,直得,listed,133.5,146.5,133.5,146.5,13.0,9.7378,2569668,366341960,2801,TWSE,common_stock,true,false,false,false,false,false,false,false,true,
2026-09-29,1598,岱宇,listed,20.4,20.65,20.25,20.3,-0.05,-0.2457,163357,3344129,140,TWSE,common_stock,true,false,false,false,false,false,false,false,true,
2026-09-29,1603,華電,listed,29.9,30.35,29.2,30.05,-0.2,-0.6612,155153,4662073,133,TWSE,common_stock,true,false,false,false,false,false,false,false,true,
2026-09-29,1604,聲寶,listed,23.45,23.45,23.3,23.3,-0.15,-0.6397,166022,3877684,164,TWSE,common_stock,true,false,false,false,false,false,false,false,true,
2026-09-29,1605,華新,listed,36.75,36.95,36.25,36.35,-0.3,-0.8186,9511965,346960345,5009,TWSE,common_stock,true,false,false,false,false,false,false,false,true,
2026-09-29,1608,華榮,listed,35.8,36.0,35.2,35.2,-0.3,-0.8451,1543165,54726857,1108,TWSE,common_stock,true,false,false,false,false,false,false,false,true,
2026-09-29,1609,大亞,listed,38.0,38.55,37.75,38.5,0.65,1.7173,4993226,190952255,3772,TWSE,common_stock,true,false,false,false,false,false,false,false,true,
2026-09-29,1611,中電,listed,11.35,11.4,11.3,11.35,-0.05,-0.4386,415734,4715711,272,TWSE,common_stock,true,false,false,false,false,false,false,false,true,
2026-09-29,1612,宏泰,listed,35.1,35.4,35.1,35.35,0.3,0.8559,535101,18873434,472,TWSE,common_stock,true,false,false,false,false,false,false,false,true,
2026-09-29,1614,三洋電,listed,31.15,31.15,31.0,31.05,-0.1,-0.321,116382,3619981,273,TWSE,common_stock,true,false,false,false,false,false,false,false,true,
2026-09-29,1615,大山,listed,43.0,43.35,42.6,42.6,-0.1,-0.2342,92718,3972637,105,TWSE,common_stock,true,false,false,false,false,false,false,false,true,
2026-09-29,1616,億泰,listed,18.3,18.5,18.15,18.3,0.0,0.0,105222,1928745,115,TWSE,common_stock,true,false,false,false,false,false,false,false,true,
2026-09-29,1617,榮星,listed,21.0,21.9,20.95,21.9,1.95,9.7744,1391792,30212470,604,TWSE,common_stock,true,false,false,false,false,false,false,false,true,
2026-09-29,1618,合機,listed,38.8,38.8,38.3,38.35,-0.3,-0.7762,241741,9326822,244,TWSE,common_stock,true,false,false,false,false,false,false,false,true,
2026-09-29,1623,大東電,listed,199.0,199.0,197.5,198.0,0.5,0.2532,27900,5529287,76,TWSE,common_stock,true,false,false,false,false,false,false,false,true,
2026-09-29,1626,艾美特-KY,listed,9.58,9.84,9.58,9.6,-0.07,-0.7239,60103,577168,59,TWSE,common_stock,true,false,false,false,false,false,false,false,true,
2026-09-29,1702,南僑,listed,33.0,33.1,32.95,32.95,-0.05,-0.1515,134137,4429333,193,TWSE,common_stock,true,false,false,false,false,false,false,false,true,
2026-09-29,1707,葡萄王,listed,87.0,87.1,85.9,85.9,-1.1,-1.2644,427733,36915481,667,TWSE,common_stock,true,false,false,false,false,false,false,false,true,
2026-09-29,1708,東鹼,listed,52.5,53.4,51.7,52.0,-0.3,-0.5736,4663111,244226856,5411,TWSE,common_stock,true,false,false,false,false,false,false,false,true,
2026-09-29,1709,和益,listed,43.5,44.95,43.2,44.0,0.5,1.1494,27159406,1199442486,16172,TWSE,common_stock,true,false,false,false,false,false,false,false,true,
2026-09-29,1710,東聯,listed,16.4,16.9,16.35,16.55,0.15,0.9146,3644785,60394747,1251,TWSE,common_stock,true,false,false,false,false,false,false,false,true,
2026-09-29,1711,永光,listed,38.65,40.75,38.65,40.55,1.95,5.0518,5053634,202558034,3270,TWSE,common_stock,true,false,false,false,false,false,false,false,true,
2026-09-29,1712,興農,listed,39.85,40.05,39.6,39.6,-0.25,-0.6274,586602,23299589,533,TWSE,common_stock,true,false,false,false,false,false,false,false,true,
2026-09-29,1713,國化,listed,41.5,41.9,41.45,41.8,0.3,0.7229,123591,5146930,191,TWSE,common_stock,true,false,false,false,false,false,false,false,true,
2026-09-29,1714,和桐,listed,15.75,15.9,15.6,15.75,0.0,0.0,3601474,56635621,1712,TWSE,common_stock,true,false,false,false,false,false,false,false,true,
2026-09-29,1717,長興,listed,71.4,73.1,71.4,72.5,1.1,1.5406,6975970,505507851,5020,TWSE,common_stock,true,false,false,false,false,false,false,false,true,
2026-09-29,1718,中纖,listed,10.5,10.7,10.5,10.55,0.05,0.4762,5005317,52860617,1790,TWSE,common_stock,true,false,false,false,false,false,false,false,true,
2026-09-29,1720,生達,listed,56.2,56.3,56.0,56.1,-0.1,-0.1779,125048,7018132,167,TWSE,common_stock,true,false,false,false,false,false,false,false,true,
2026-09-29,1721,國慶科技,listed,24.3,26.45,24.15,26.1,1.9,7.8512,4078788,104273606,3143,TWSE,common_stock,true,false,false,false,false,false,false,false,true,
2026-09-29,1722,台肥,listed,41.35,41.45,40.95,41.15,-0.15,-0.3632,2888528,118720427,2118,TWSE,common_stock,true,false,false,false,false,false,false,false,true,
2026-09-29,1723,中碳,listed,80.5,82.2,80.0,80.0,-0.5,-0.6211,536994,43513618,444,TWSE,common_stock,true,false,false,false,false,false,false,false,true,
2026-09-29,1725,元禎,listed,34.0,34.5,33.85,34.0,0.1,0.295,40001,1362632,112,TWSE,common_stock,true,false,false,false,false,false,false,false,true,
2026-09-29,1726,永記,listed,76.4,76.4,76.2,76.2,-0.1,-0.1311,18289,1395550,22,TWSE,common_stock,true,false,false,false,false,false,false,false,true,
2026-09-29,1727,中華化,listed,113.0,122.0,104.0,118.5,3.0,2.5974,29773336,3358794480,20332,TWSE,common_stock,true,false,false,false,false,false,false,false,true,
2026-09-29,1730,花仙子,listed,51.2,51.3,51.2,51.2,0.0,0.0,21368,1094386,48,TWSE,common_stock,true,false,false,false,false,false,false,false,true,
2026-09-29,1731,美吾華,listed,20.9,20.9,20.7,20.85,-0.05,-0.2392,131235,2728163,118,TWSE,common_stock,true,false,false,false,false,false,false,false,true,
2026-09-29,1732,毛寶,listed,26.05,26.1,25.85,25.95,-0.15,-0.5747,56322,1461341,71,TWSE,common_stock,true,false,false,false,false,false,false,false,true,
2026-09-29,1733,五鼎,listed,30.0,30.1,29.35,29.45,-0.85,-2.8053,269231,7979624,485,TWSE,common_stock,true,false,false,false,false,false,false,false,true,
2026-09-29,1734,杏輝,listed,31.9,32.1,31.75,32.1,0.0,0.0,128119,4092221,249,TWSE,common_stock,true,false,false,false,false,false,false,false,true,
2026-09-29,1735,日勝化,listed,20.25,20.25,20.05,20.05,-0.25,-1.2315,16457,330827,52,TWSE,common_stock,true,false,false,false,false,false,false,false,true,
2026-09-29,1736,喬山,listed,129.0,132.5,128.0,128.0,0.5,0.3922,398602,51922817,420,TWSE,common_stock,true,false,false,false,false,false,false,false,true,
2026-09-29,1737,臺鹽,listed,30.1,30.2,29.95,29.95,-0.1,-0.3328,192863,5790599,214,TWSE,common_stock,true,false,false,false,false,false,false,false,true,
2026-09-29,1752,南光,listed,31.35,31.5,31.3,31.35,0.0,0.0,30284,950102,33,TWSE,common_stock,true,false,false,false,false,false,false,false,true,
2026-09-29,1760,寶齡富錦,listed,54.0,54.8,53.9,53.9,0.2,0.3724,95411,5168533,120,TWSE,common_stock,true,false,false,false,false,false,false,false,true,
2026-09-29,1762,中化生,listed,33.5,34.0,33.5,33.7,0.0,0.0,41752,1408249,61,TWSE,common_stock,true,false,false,false,false,false,false,false,true,
2026-09-29,1773,勝一,listed,164.5,169.5,164.0,167.5,3.0,1.8237,908342,152172581,1005,TWSE,common_stock,true,false,false,false,false,false,false,false,true,
2026-09-29,1776,展宇,listed,18.4,18.4,17.9,18.2,0.1,0.5525,14993,270923,46,TWSE,common_stock,true,false,false,false,false,false,false,false,true,
2026-09-29,1783,和康生,listed,36.45,37.0,36.45,36.65,-0.05,-0.1362,25800,948601,119,TWSE,common_stock,true,false,false,false,false,false,false,false,true,
2026-09-29,1786,科妍,listed,42.5,43.15,42.5,42.65,0.0,0.0,92188,3935638,93,TWSE,common_stock,true,false,false,false,false,false,false,false,true,
2026-09-29,1789,神隆,listed,18.5,18.9,18.5,18.55,-0.05,-0.2688,178229,3322409,151,TWSE,common_stock,true,false,false,false,false,false,false,false,true,
2026-09-29,1795,美時,listed,178.0,179.0,177.0,177.5,2.0,1.1396,477261,85035853,658,TWSE,common_stock,true,false,false,false,false,false,false,false,true,
2026-09-29,1802,台玻,listed,58.0,58.4,57.3,57.6,-0.8,-1.3699,7975945,460082038,6535,TWSE,common_stock,true,false,false,false,false,false,false,false,true,
2026-09-29,1805,寶徠,listed,10.25,10.25,9.96,10.05,-0.05,-0.495,192799,1934926,88,TWSE,common_stock,true,false,false,false,false,false,false,false,true,
2026-09-29,1806,冠軍,listed,7.98,8.02,7.93,7.94,-0.04,-0.5013,62887,500364,135,TWSE,common_stock,true,false,false,false,false,false,false,false,true,
2026-09-29,1808,潤隆,listed,31.7,31.95,31.6,31.6,-0.3,-0.9404,511395,16206564,418,TWSE,common_stock,true,false,false,false,false,false,false,false,true,
2026-09-29,1809,中釉,listed,45.1,47.25,43.05,45.0,-0.35,-0.7718,30009242,1367614265,17844,TWSE,common_stock,true,false,false,false,false,false,false,false,true,
2026-09-29,1810,和成,listed,24.0,24.15,23.65,23.7,-0.25,-1.0438,1046015,24972261,686,TWSE,common_stock,true,false,false,false,false,false,false,false,true,
2026-09-29,1817,凱撒衛,listed,40.1,40.1,39.85,39.85,-0.3,-0.7472,48076,1920693,38,TWSE,common_stock,true,false,false,false,false,false,false,false,true,
2026-09-29,1903,士紙,listed,47.3,47.5,47.0,47.0,-0.1,-0.2123,61723,2914811,99,TWSE,common_stock,true,false,false,false,false,false,false,false,true,
2026-09-29,1904,正隆,listed,25.0,25.05,24.05,24.25,-0.65,-2.6104,2418384,59028467,2479,TWSE,common_stock,true,false,false,false,false,false,false,false,true,
2026-09-29,1905,華紙,listed,13.2,13.3,12.8,12.85,-0.25,-1.9084,3133256,40502391,1471,TWSE,common_stock,true,false,false,false,false,false,false,false,true,
2026-09-29,1906,寶隆,listed,10.75,10.85,10.7,10.8,0.1,0.9346,38292,412006,51,TWSE,common_stock,true,false,false,false,false,false,false,false,true,
2026-09-29,1907,永豐餘,listed,28.25,28.35,27.9,27.9,-0.35,-1.2389,1306075,36722180,1524,TWSE,etf,false,true,false,false,false,false,false,false,false,security_type=etf
2026-09-29,1909,榮成,listed,10.05,10.2,10.05,10.05,-0.05,-0.495,1358907,13720538,431,TWSE,common_stock,true,false,false,false,false,false,false,false,true,
2026-09-29,2002,中鋼,listed,18.8,19.1,18.75,18.8,0.15,0.8043,36951740,697623633,9905,TWSE,common_stock,true,false,false,false,false,false,false,false,true,
2026-09-29,2002A,中鋼特,listed,37.45,37.5,37.4,37.45,-0.05,-0.1333,24789,929088,29,TWSE,warrant,false,false,true,false,false,false,false,false,false,security_type=warrant;symbol_not_4_digit
2026-09-29,2006,東和鋼鐵,listed,87.9,88.0,85.4,85.4,-2.4,-2.7335,1997985,172011242,6512,TWSE,common_stock,true,false,false,false,false,false,false,false,true,
2026-09-29,2007,燁興,listed,6.93,7.03,6.88,6.9,0.01,0.1451,283063,1972425,148,TWSE,common_stock,true,false,false,false,false,false,false,false,true,
2026-09-29,2008,高興昌,listed,30.6,30.6,30.5,30.5,0.0,0.0,13251,404700,26,TWSE,common_stock,true,false,false,false,false,false,false,false,true,
2026-09-29,2009,第一銅,listed,39.55,40.45,39.15,39.15,0.0,0.0,1672790,66318560,1210,TWSE,common_stock,true,false,false,false,false,false,false,false,true,
2026-09-29,2010,春源,listed,22.35,22.8,22.35,22.45,0.1,0.4474,1729221,38975208,798,TWSE,common_stock,true,false,false,false,false,false,false,false,true,
2026-09-29,2012,春雨,listed,14.45,14.45,14.15,14.15,-0.05,-0.3521,77143,1104175,79,TWSE,common_stock,true,false,false,false,false,false,false,false,true,
2026-09-29,2013,中鋼構,listed,41.1,41.45,41.0,41.2,0.1,0.2433,49044,2024861,70,TWSE,common_stock,true,false,false,false,false,false,false,false,true,
2026-09-29,2014,中鴻,listed,16.85,17.2,16.75,16.8,-0.1,-0.5917,4542538,77122770,1579,TWSE,common_stock,true,false,false,false,false,false,false,false,true,
2026-09-29,2015,豐興,listed,64.6,64.6,63.1,63.1,-1.4,-2.1705,269986,17150004,451,TWSE,common_stock,true,false,false,false,false,false,false,false,true,
2026-09-29,2017,官田鋼,listed,8.98,9.12,8.92,8.92,-0.07,-0.7786,372566,3356808,339,TWSE,common_stock,true,false,false,false,false,false,false,false,true,
2026-09-29,2020,美亞,listed,22.5,24.3,22.5,24.3,2.2,9.9548,5753984,136432058,2973,TWSE,common_stock,true,false,false,false,false,false,false,false,true,
2026-09-29,2022,聚亨,listed,7.2,7.49,7.18,7.3,0.14,1.9553,301203,2197540,269,TWSE,common_stock,true,false,false,false,false,false,false,false,true,
2026-09-29,2023,燁輝,listed,13.65,13.85,13.55,13.55,-0.1,-0.7326,1159080,15799448,693,TWSE,common_stock,true,false,false,false,false,false,false,false,true,
2026-09-29,2024,志聯,listed,12.9,12.9,12.75,12.75,-0.15,-1.1628,5397,69038,23,TWSE,common_stock,true,false,false,false,false,false,false,false,true,
2026-09-29,2025,千興,listed,13.3,14.05,13.1,13.35,0.25,1.9084,2029531,27580551,1048,TWSE,common_stock,true,false,false,false,false,false,false,false,true,
2026-09-29,2027,大成鋼,listed,47.6,48.8,47.0,47.15,-0.45,-0.9454,12474332,595263100,8217,TWSE,common_stock,true,false,false,false,false,false,false,false,true,
2026-09-29,2028,威致,listed,16.5,17.05,16.05,16.6,0.2,1.2195,224787,3732704,204,TWSE,common_stock,true,false,false,false,false,false,false,false,true,
2026-09-29,2029,盛餘,listed,21.55,22.25,21.45,22.15,0.6,2.7842,824545,18147147,485,TWSE,common_stock,true,false,false,false,false,false,false,false,true,
2026-09-29,2030,彰源,listed,33.4,33.4,33.4,33.4,3.0,9.8684,5239284,174992009,1325,TWSE,common_stock,true,false,false,false,false,false,false,false,true,
2026-09-29,2031,新光鋼,listed,46.0,46.85,45.1,45.7,-0.4,-0.8677,1842390,83971036,2067,TWSE,common_stock,true,false,false,false,false,false,false,false,true,
2026-09-29,2032,新鋼,listed,18.9,20.4,18.8,19.9,1.35,7.2776,12313640,245536909,4800,TWSE,common_stock,true,false,false,false,false,false,false,false,true,
2026-09-29,2033,佳大,listed,36.8,39.95,36.5,38.5,1.7,4.6196,5178933,189074280,2073,TWSE,common_stock,true,false,false,false,false,false,false,false,true,
2026-09-29,2034,允強,listed,23.1,25.0,22.85,23.4,0.6,2.6316,17704386,419033606,10720,TWSE,common_stock,true,false,false,false,false,false,false,false,true,
2026-09-29,2038,海光,listed,12.6,13.3,12.55,12.65,0.1,0.7968,1265575,16346971,668,TWSE,common_stock,true,false,false,false,false,false,false,false,true,
2026-09-29,2049,上銀,listed,326.0,338.5,325.5,335.5,10.0,3.0722,2189754,732975581,3313,TWSE,common_stock,true,false,false,false,false,false,false,false,true,
2026-09-29,2059,川湖,listed,12350.0,12550.0,11900.0,12115.0,-235.0,-1.9028,448531,5430097455,8773,TWSE,common_stock,true,false,false,false,false,false,false,false,true,
2026-09-29,2062,橋椿,listed,18.0,18.1,17.95,18.0,-0.1,-0.5525,150971,2721419,109,TWSE,common_stock,true,false,false,false,false,false,false,false,true,
2026-09-29,2069,運錩,listed,25.95,27.2,25.9,26.5,0.8,3.1128,2256458,59906417,1580,TWSE,common_stock,true,false,false,false,false,false,false,false,true,
2026-09-29,2072,世紀風電,listed,128.5,133.0,128.0,131.5,4.5,3.5433,261627,34262601,323,TWSE,common_stock,true,false,false,false,false,false,false,false,true,
2026-09-29,2101,南港,listed,29.8,30.1,29.75,29.8,-0.05,-0.1675,1292890,38667497,870,TWSE,common_stock,true,false,false,false,false,false,false,false,true,
2026-09-29,2102,泰豐,listed,16.35,16.4,16.25,16.3,-0.05,-0.3058,287960,4696208,319,TWSE,common_stock,true,false,false,false,false,false,false,false,true,
2026-09-29,2103,台橡,listed,27.8,28.0,27.4,27.4,-0.4,-1.4388,2596683,71579026,1510,TWSE,common_stock,true,false,false,false,false,false,false,false,true,
2026-09-29,2104,國際中橡,listed,11.1,11.4,10.65,10.7,-0.45,-4.0359,6186219,67582936,2156,TWSE,common_stock,true,false,false,false,false,false,false,false,true,
2026-09-29,2105,正新,listed,30.2,30.5,30.1,30.1,0.0,0.0,3385450,102499072,2187,TWSE,common_stock,true,false,false,false,false,false,false,false,true,
2026-09-29,2106,建大,listed,16.65,16.7,16.45,16.45,-0.2,-1.2012,749249,12420266,537,TWSE,common_stock,true,false,false,false,false,false,false,false,true,
2026-09-29,2107,厚生,listed,26.75,27.05,26.75,26.8,-0.15,-0.5566,192914,5192615,207,TWSE,common_stock,true,false,false,false,false,false,false,false,true,
2026-09-29,2108,南帝,listed,28.6,28.95,28.15,28.2,-0.5,-1.7422,458121,13022281,403,TWSE,common_stock,true,false,false,false,false,false,false,false,true,
2026-09-29,2109,華豐,listed,14.65,14.65,14.35,14.35,0.0,0.0,311170,4514177,232,TWSE,common_stock,true,false,false,false,false,false,false,false,true,
2026-09-29,2114,鑫永銓,listed,89.5,89.8,89.5,89.7,-0.2,-0.2225,22383,2007921,23,TWSE,common_stock,true,false,false,false,false,false,false,false,true,
2026-09-29,2115,六暉-KY,listed,23.95,23.95,23.65,23.7,0.0,0.0,39315,932985,30,TWSE,common_stock,true,false,false,false,false,false,false,false,true,
2026-09-29,2201,裕隆,listed,29.25,29.4,29.15,29.2,-0.05,-0.1709,1888734,55298446,1162,TWSE,common_stock,true,false,false,false,false,false,false,false,true,
2026-09-29,2204,中華,listed,52.3,52.7,52.0,52.0,-0.5,-0.9524,399395,20883831,623,TWSE,common_stock,true,false,false,false,false,false,false,false,true,
2026-09-29,2206,三陽工業,listed,62.9,63.1,62.5,62.5,-0.4,-0.6359,409880,25740367,385,TWSE,common_stock,true,false,false,false,false,false,false,false,true,
2026-09-29,2207,和泰車,listed,509.0,516.0,506.0,506.0,-4.0,-0.7843,229210,116518266,725,TWSE,common_stock,true,false,false,false,false,false,false,false,true,
2026-09-29,2208,台船,listed,19.5,19.55,19.1,19.1,-0.3,-1.5464,2641807,50808906,1238,TWSE,common_stock,true,false,false,false,false,false,false,false,true,
2026-09-29,2211,長榮鋼,listed,79.7,79.9,78.8,78.8,-0.8,-1.005,1174060,92776634,1454,TWSE,common_stock,true,false,false,false,false,false,false,false,true,
2026-09-29,2227,裕日車,listed,45.0,45.0,44.75,44.75,-0.25,-0.5556,29865,1339048,78,TWSE,common_stock,true,false,false,false,false,false,false,false,true,
2026-09-29,2228,劍麟,listed,75.0,75.6,74.8,75.0,0.0,0.0,34896,2620396,59,TWSE,common_stock,true,false,false,false,false,false,false,false,true,
2026-09-29,2231,為升,listed,91.8,92.5,91.3,92.0,1.7,1.8826,141046,12964388,144,TWSE,common_stock,true,false,false,false,false,false,false,false,true,
2026-09-29,2233,宇隆,listed,164.0,169.0,163.5,168.0,4.0,2.439,453502,75688603,556,TWSE,common_stock,true,false,false,false,false,false,false,false,true,
2026-09-29,2236,百達-KY,listed,102.0,107.5,102.0,107.0,-0.5,-0.4651,1517893,158551265,806,TWSE,common_stock,true,false,false,false,false,false,false,false,true,
2026-09-29,2237,華德動能-創,listed,27.0,27.25,26.9,26.9,0.0,0.0,71800,1941700,43,TWSE,common_stock,true,false,false,false,false,false,false,false,true,
2026-09-29,2239,英利-KY,listed,18.85,19.2,18.7,18.8,-0.15,-0.7916,54101,1020862,43,TWSE,common_stock,true,false,false,false,false,false,false,false,true,
2026-09-29,2241,艾姆勒,listed,43.0,44.5,41.2,44.0,0.4,0.9174,3176721,135251668,2774,TWSE,common_stock,true,false,false,false,false,false,false,false,true,
2026-09-29,2243,宏旭-KY,listed,49.95,51.9,49.7,50.5,0.3,0.5976,120258,6074874,115,TWSE,common_stock,true,false,false,false,false,false,false,false,true,
2026-09-29,2247,汎德永業,listed,227.5,227.5,223.0,223.0,-6.0,-2.6201,32877,7420180,2468,TWSE,common_stock,true,false,false,false,false,false,false,false,true,
2026-09-29,2248,華勝-KY,listed,61.0,61.5,60.2,61.5,0.5,0.8197,7015,426148,8,TWSE,common_stock,true,false,false,false,false,false,false,false,true,
2026-09-29,2250,IKKA-KY,listed,56.7,56.8,56.6,56.8,-0.8,-1.3889,13600,771610,75,TWSE,common_stock,true,false,false,false,false,false,false,false,true,
2026-09-29,2254,巨鎧精密-創,listed,89.2,92.1,89.2,91.8,3.0,3.3784,2038020,185889150,821,TWSE,common_stock,true,false,false,false,false,false,false,false,true,
2026-09-29,2258,鴻華先進-創,listed,30.6,31.3,30.5,30.95,0.45,1.4754,469300,14579071,253,TWSE,common_stock,true,false,false,false,false,false,false,false,true,
2026-09-29,2301,光寶科,listed,282.5,288.5,279.0,281.0,-6.0,-2.0906,13566253,3831711495,17453,TWSE,common_stock,true,false,false,false,false,false,false,false,true,
2026-09-29,2302,麗正,listed,45.15,47.25,45.15,45.3,-0.75,-1.6287,3489415,160466365,3953,TWSE,common_stock,true,false,false,false,false,false,false,false,true,
2026-09-29,2303,聯電,listed,151.5,156.0,151.5,153.5,-0.5,-0.3247,111591705,17221335945,50351,TWSE,common_stock,true,false,false,false,false,false,false,false,true,
2026-09-29,2305,全友,listed,61.7,69.1,61.1,69.1,6.2,9.8569,5849225,385816544,4879,TWSE,common_stock,true,false,false,false,false,false,false,false,true,
2026-09-29,2308,台達電,listed,1880.0,1950.0,1810.0,1835.0,-75.0,-3.9267,14404821,26765070434,54077,TWSE,common_stock,true,false,false,false,false,false,false,false,true,
2026-09-29,2312,金寶,listed,30.6,30.9,30.55,30.7,0.05,0.1631,3153662,96869022,2125,TWSE,common_stock,true,false,false,false,false,false,false,false,true,
2026-09-29,2313,華通,listed,221.5,227.0,219.0,226.0,3.5,1.573,10064805,2256521682,9998,TWSE,common_stock,true,false,false,false,false,false,false,false,true,
2026-09-29,2314,台揚,listed,10.95,11.25,10.9,11.05,0.1,0.9132,102554,1129641,129,TWSE,common_stock,true,false,false,false,false,false,false,false,true,
2026-09-29,2316,楠梓電,listed,160.0,164.5,159.5,162.0,1.5,0.9346,1377279,223976876,1504,TWSE,common_stock,true,false,false,false,false,false,false,false,true,
2026-09-29,2317,鴻海,listed,247.0,254.0,247.0,250.5,0.0,0.0,31188879,7822109186,22331,TWSE,common_stock,true,false,false,false,false,false,false,false,true,
2026-09-29,2321,東訊,listed,25.0,25.0,25.0,25.0,0.0,0.0,2537,63424,13,TWSE,common_stock,true,false,false,false,false,false,false,false,true,
2026-09-29,2323,中環,listed,10.8,10.9,10.65,10.7,-0.1,-0.9259,4169493,44836078,1533,TWSE,common_stock,true,false,false,false,false,false,false,false,true,
2026-09-29,2324,仁寶,listed,36.5,37.0,36.05,36.05,-0.45,-1.2329,29621824,1079116515,15638,TWSE,common_stock,true,false,false,false,false,false,false,false,true,
2026-09-29,2327,國巨*,listed,570.0,570.0,548.0,548.0,-32.0,-5.5172,41164381,22918928393,78280,TWSE,common_stock,true,false,false,false,false,false,false,false,true,
2026-09-29,2328,廣宇,listed,47.0,47.4,46.9,47.0,0.0,0.0,774116,36492986,691,TWSE,common_stock,true,false,false,false,false,false,false,false,true,
2026-09-29,2329,華泰,listed,44.45,44.45,43.75,43.8,-0.6,-1.3514,1151596,50632583,1071,TWSE,common_stock,true,false,false,false,false,false,false,false,true,
2026-09-29,2330,台積電,listed,2475.0,2495.0,2475.0,2475.0,0.0,0.0,26893348,66658833984,62248,TWSE,common_stock,true,false,false,false,false,false,false,false,true,
2026-09-29,2331,精英,listed,18.75,19.0,18.7,18.7,-0.15,-0.7958,541430,10196996,457,TWSE,common_stock,true,false,false,false,false,false,false,false,true,
2026-09-29,2332,友訊,listed,20.05,20.3,19.95,20.1,0.0,0.0,5216187,104965043,2225,TWSE,common_stock,true,false,false,false,false,false,false,false,true,
2026-09-29,2337,旺宏,listed,115.5,118.5,114.5,118.5,1.5,1.2821,15127999,1774306918,9917,TWSE,common_stock,true,false,false,false,false,false,false,false,true,
2026-09-29,2338,光罩,listed,46.3,48.35,46.3,47.1,0.0,0.0,4039504,191538898,3029,TWSE,common_stock,true,false,false,false,false,false,false,false,true,
2026-09-29,2340,台亞,listed,34.4,38.0,34.4,38.0,3.45,9.9855,15628464,583266646,9210,TWSE,common_stock,true,false,false,false,false,false,false,false,true,
2026-09-29,2342,茂矽,listed,47.0,53.0,46.85,50.1,1.9,3.9419,27339538,1392752097,17502,TWSE,common_stock,true,false,false,false,false,false,false,false,true,
2026-09-29,2344,華邦電,listed,167.5,174.0,166.0,174.0,2.5,1.4577,45790945,7834090542,34349,TWSE,common_stock,true,false,false,false,false,false,false,false,true,
2026-09-29,2345,智邦,listed,1845.0,1880.0,1800.0,1810.0,-85.0,-4.4855,4157981,7607742850,21615,TWSE,common_stock,true,false,false,false,false,false,false,false,true,
2026-09-29,2347,聯強,listed,94.5,100.0,94.1,94.5,0.0,0.0,4671338,445811348,8265,TWSE,common_stock,true,false,false,false,false,false,false,false,true,
2026-09-29,2348,海悅,listed,71.5,71.5,70.5,70.5,-1.5,-2.0833,278973,19774647,471,TWSE,common_stock,true,false,false,false,false,false,false,false,true,
2026-09-29,2348A,海悅甲特,listed,38.75,38.8,38.6,38.6,-0.35,-0.8986,46010,1781239,28,TWSE,warrant,false,false,true,false,false,false,false,false,false,security_type=warrant;symbol_not_4_digit
2026-09-29,2349,錸德,listed,10.4,10.45,10.3,10.4,0.05,0.4831,1158181,12021860,487,TWSE,common_stock,true,false,false,false,false,false,false,false,true,
2026-09-29,2351,順德,listed,221.0,221.0,214.0,215.5,-4.0,-1.8223,3820238,827486048,4806,TWSE,common_stock,true,false,false,false,false,false,false,false,true,
2026-09-29,2352,佳世達,listed,29.05,29.55,29.0,29.0,0.0,0.0,3583810,104840647,2249,TWSE,common_stock,true,false,false,false,false,false,false,false,true,
2026-09-29,2353,宏碁,listed,31.75,31.75,31.4,31.4,-0.35,-1.1024,6310399,199031819,4401,TWSE,common_stock,true,false,false,false,false,false,false,false,true,
2026-09-29,2354,鴻準,listed,65.7,65.8,65.1,65.1,-0.8,-1.214,4886601,319263507,4718,TWSE,common_stock,true,false,false,false,false,false,false,false,true,
2026-09-29,2355,敬鵬,listed,41.75,42.0,41.55,41.6,-0.1,-0.2398,1204852,50284538,1041,TWSE,common_stock,true,false,false,false,false,false,false,false,true,
2026-09-29,2356,英業達,listed,60.4,60.4,59.2,59.2,-0.7,-1.1686,9470802,564722469,8148,TWSE,common_stock,true,false,false,false,false,false,false,false,true,
2026-09-29,2357,華碩,listed,967.0,969.0,950.0,963.0,10.0,1.0493,2455352,2365498037,4666,TWSE,common_stock,true,false,false,false,false,false,false,false,true,
2026-09-29,2359,所羅門,listed,128.0,129.5,127.5,128.5,1.0,0.7843,731248,93928260,1011,TWSE,common_stock,true,false,false,false,false,false,false,false,true,
2026-09-29,2360,致茂,listed,2255.0,2325.0,2160.0,2185.0,-110.0,-4.793,2434644,5385686096,7145,TWSE,common_stock,true,false,false,false,false,false,false,false,true,
2026-09-29,2362,藍天,listed,47.5,47.85,46.65,46.7,-0.9,-1.8908,544757,25658225,1207,TWSE,common_stock,true,false,false,false,false,false,false,false,true,
2026-09-29,2363,矽統,listed,58.1,59.5,57.4,59.2,0.5,0.8518,4883360,287558395,3954,TWSE,common_stock,true,false,false,false,false,false,false,false,true,
2026-09-29,2364,倫飛,listed,65.7,66.1,64.9,64.9,-0.8,-1.2177,94006,6143358,254,TWSE,common_stock,true,false,false,false,false,false,false,false,true,
2026-09-29,2365,昆盈,listed,28.2,28.6,28.1,28.1,-0.1,-0.3546,572445,16231333,508,TWSE,common_stock,true,false,false,false,false,false,false,false,true,
2026-09-29,2367,燿華,listed,41.75,42.5,41.3,42.25,0.55,1.3189,2486323,104687380,2423,TWSE,common_stock,true,false,false,false,false,false,false,false,true,
2026-09-29,2368,金像電,listed,1100.0,1125.0,1070.0,1120.0,15.0,1.3575,8818025,9679029130,13325,TWSE,common_stock,true,false,false,false,false,false,false,false,true,
2026-09-29,2369,菱生,listed,31.3,32.2,31.15,31.6,0.35,1.12,4196281,133263959,2794,TWSE,common_stock,true,false,false,false,false,false,false,false,true,
2026-09-29,2371,大同,listed,28.9,29.65,28.65,29.35,0.5,1.7331,9023803,262684201,4810,TWSE,common_stock,true,false,false,false,false,false,false,false,true,
2026-09-29,2373,震旦行,listed,52.5,52.7,52.5,52.5,-0.3,-0.5682,27189,1428668,123,TWSE,common_stock,true,false,false,false,false,false,false,false,true,
2026-09-29,2374,佳能,listed,66.4,66.9,66.1,66.2,-0.1,-0.1508,1129796,75057640,970,TWSE,common_stock,true,false,false,false,false,false,false,false,true,
2026-09-29,2375,凱美,listed,117.5,118.0,116.0,117.5,0.0,0.0,943463,110429990,1179,TWSE,common_stock,true,false,false,false,false,false,false,false,true,
2026-09-29,2376,技嘉,listed,364.5,370.0,359.0,362.0,0.5,0.1383,8243400,2992018480,6086,TWSE,common_stock,true,false,false,false,false,false,false,false,true,
2026-09-29,2377,微星,listed,150.5,154.0,150.5,151.0,-0.5,-0.33,2346623,356541451,2638,TWSE,common_stock,true,false,false,false,false,false,false,false,true,
2026-09-29,2379,瑞昱,listed,715.0,778.0,715.0,760.0,11.0,1.4686,3051454,2302819136,7818,TWSE,common_stock,true,false,false,false,false,false,false,false,true,
2026-09-29,2380,虹光,listed,16.8,16.85,16.55,16.55,-0.25,-1.4881,53213,888559,131,TWSE,common_stock,true,false,false,false,false,false,false,false,true,
2026-09-29,2382,廣達,listed,341.0,342.0,336.5,336.5,-2.0,-0.5908,10639698,3601360954,8443,TWSE,common_stock,true,false,false,false,false,false,false,false,true,
2026-09-29,2383,台光電,listed,4910.0,5055.0,4870.0,4920.0,-130.0,-2.5743,2146878,10601319245,25566,TWSE,common_stock,true,false,false,false,false,false,false,false,true,
2026-09-29,2385,群光,listed,104.5,106.0,104.0,104.5,0.0,0.0,2244933,235560902,1683,TWSE,common_stock,true,false,false,false,false,false,false,false,true,
2026-09-29,2387,精元,listed,36.65,36.75,36.25,36.25,-0.4,-1.0914,164403,5980514,152,TWSE,common_stock,true,false,false,false,false,false,false,false,true,
2026-09-29,2388,威盛,listed,70.1,72.4,69.8,71.2,1.1,1.5692,2745942,196115780,2498,TWSE,common_stock,true,false,false,false,false,false,false,false,true,
2026-09-29,2390,云辰,listed,10.15,10.35,10.1,10.2,0.1,0.9901,264078,2701694,175,TWSE,common_stock,true,false,false,false,false,false,false,false,true,
2026-09-29,2392,正崴,listed,41.5,41.7,40.8,40.85,-1.0,-2.3895,2296930,94466384,2028,TWSE,common_stock,true,false,false,false,false,false,false,false,true,
2026-09-29,2393,億光,listed,63.7,64.3,63.3,63.6,0.2,0.3155,1548656,98811342,1153,TWSE,common_stock,true,false,false,false,false,false,false,false,true,
2026-09-29,2395,研華,listed,714.0,754.0,712.0,730.0,8.0,1.108,3797824,2799449374,5847,TWSE,common_stock,true,false,false,false,false,false,false,false,true,
2026-09-29,2397,友通,listed,62.6,63.9,62.5,63.0,0.8,1.2862,205189,12978097,307,TWSE,common_stock,true,false,false,false,false,false,false,false,true,
2026-09-29,2399,映泰,listed,47.3,49.95,47.0,49.2,1.9,4.0169,9457571,464275060,6546,TWSE,common_stock,true,false,false,false,false,false,false,false,true,
2026-09-29,2401,凌陽,listed,25.55,26.3,25.35,26.05,0.5,1.9569,2382079,61864333,1545,TWSE,common_stock,true,false,false,false,false,false,false,false,true,
2026-09-29,2402,毅嘉,listed,54.8,57.5,54.6,56.9,2.1,3.8321,2274646,128429467,2485,TWSE,common_stock,true,false,false,false,false,false,false,false,true,
2026-09-29,2404,漢唐,listed,1250.0,1255.0,1180.0,1220.0,-65.0,-5.0584,3026743,3675036890,6843,TWSE,common_stock,true,false,false,false,false,false,false,false,true,
2026-09-29,2405,輔信,listed,15.1,15.25,15.05,15.15,0.1,0.6645,728911,11053324,427,TWSE,common_stock,true,false,false,false,false,false,false,false,true,
2026-09-29,2406,國碩,listed,29.85,30.85,29.7,30.3,-0.2,-0.6557,4945789,149495921,3422,TWSE,common_stock,true,false,false,false,false,false,false,false,true,
2026-09-29,2408,南亞科,listed,491.0,507.0,488.0,506.0,3.0,0.5964,24966274,12490769872,30129,TWSE,common_stock,true,false,false,false,false,false,false,false,true,
2026-09-29,2409,友達,listed,34.4,35.8,33.8,35.05,0.85,2.4854,539771575,18950225218,154158,TWSE,common_stock,true,false,false,false,false,false,false,false,true,
2026-09-29,2412,中華電,listed,146.0,146.0,143.0,144.0,-1.0,-0.6897,11652180,1676725028,5843,TWSE,common_stock,true,false,false,false,false,false,false,false,true,
2026-09-29,2413,環科,listed,50.9,52.0,50.8,51.0,-0.3,-0.5848,1495022,76462831,1284,TWSE,common_stock,true,false,false,false,false,false,false,false,true,
2026-09-29,2414,精技,listed,52.9,53.2,52.7,53.1,0.2,0.3781,94978,5033416,119,TWSE,common_stock,true,false,false,false,false,false,false,false,true,
2026-09-29,2415,錩新,listed,27.4,27.6,27.05,27.25,0.25,0.9259,133360,3645036,103,TWSE,common_stock,true,false,false,false,false,false,false,false,true,
2026-09-29,2417,圓剛,listed,39.05,39.2,38.7,38.7,-0.35,-0.8963,289907,11292300,275,TWSE,common_stock,true,false,false,false,false,false,false,false,true,
2026-09-29,2419,仲琦,listed,28.65,29.65,28.6,29.0,0.35,1.2216,1112751,32396364,991,TWSE,common_stock,true,false,false,false,false,false,false,false,true,
2026-09-29,2420,新巨,listed,53.9,54.3,53.7,53.9,0.0,0.0,168026,9059958,287,TWSE,common_stock,true,false,false,false,false,false,false,false,true,
2026-09-29,2421,建準,listed,165.5,165.5,161.0,163.5,-3.5,-2.0958,1737849,283516393,2371,TWSE,common_stock,true,false,false,false,false,false,false,false,true,
2026-09-29,2423,固緯,listed,72.3,72.5,71.8,72.0,-0.3,-0.4149,128162,9252809,132,TWSE,common_stock,true,false,false,false,false,false,false,false,true,
2026-09-29,2424,隴華,listed,7.85,8.45,7.85,8.12,-0.08,-0.9756,31369,259992,27,TWSE,common_stock,true,false,false,false,false,false,false,false,true,
2026-09-29,2425,承啟,listed,37.4,37.7,36.8,37.45,0.5,1.3532,320575,11968858,319,TWSE,common_stock,true,false,false,false,false,false,false,false,true,
2026-09-29,2426,鼎元,listed,96.8,101.5,96.3,99.8,2.9,2.9928,26792812,2666089569,18075,TWSE,common_stock,true,false,false,false,false,false,false,false,true,
2026-09-29,2427,三商電,listed,23.45,23.55,23.2,23.25,-0.15,-0.641,268772,6268704,225,TWSE,common_stock,true,false,false,false,false,false,false,false,true,
2026-09-29,2428,興勤,listed,255.0,255.0,249.0,251.5,-3.5,-1.3725,627862,157853828,1674,TWSE,common_stock,true,false,false,false,false,false,false,false,true,
2026-09-29,2429,銘旺科,listed,30.75,31.2,30.6,30.65,0.15,0.4918,166022,5108784,118,TWSE,common_stock,true,false,false,false,false,false,false,false,true,
2026-09-29,2430,燦坤,listed,18.25,18.25,17.95,18.1,-0.15,-0.8219,46687,843902,110,TWSE,common_stock,true,false,false,false,false,false,false,false,true,
2026-09-29,2431,聯昌,listed,10.05,10.05,9.99,10.0,-0.05,-0.4975,81012,811188,72,TWSE,common_stock,true,false,false,false,false,false,false,false,true,
2026-09-29,2432,倚天酷碁-創,listed,27.25,27.65,27.25,27.65,0.4,1.4679,7000,191650,5,TWSE,common_stock,true,false,false,false,false,false,false,false,true,
2026-09-29,2433,互盛電,listed,40.1,40.1,40.0,40.0,-0.1,-0.2494,22405,897060,46,TWSE,common_stock,true,false,false,false,false,false,false,false,true,
2026-09-29,2434,統懋,listed,64.6,67.1,64.0,64.8,-0.4,-0.6135,423909,27670324,359,TWSE,common_stock,true,false,false,false,false,false,false,false,true,
2026-09-29,2436,偉詮電,listed,71.8,76.5,71.5,75.9,3.5,4.8343,12261097,911695923,10082,TWSE,common_stock,true,false,false,false,false,false,false,false,true,
2026-09-29,2438,翔耀,listed,19.4,19.7,19.2,19.7,0.2,1.0256,42204,819755,59,TWSE,common_stock,true,false,false,false,false,false,false,false,true,
2026-09-29,2439,美律,listed,78.2,78.4,77.9,78.1,-0.1,-0.1279,1655190,129248990,1109,TWSE,common_stock,true,false,false,false,false,false,false,false,true,
2026-09-29,2440,太空梭,listed,14.3,14.3,14.05,14.15,-0.2,-1.3937,237635,3360007,104,TWSE,common_stock,true,false,false,false,false,false,false,false,true,
2026-09-29,2441,超豐,listed,122.5,123.5,121.5,122.0,-2.0,-1.6129,2178482,266481008,2034,TWSE,common_stock,true,false,false,false,false,false,false,false,true,
2026-09-29,2442,新美齊,listed,14.3,14.45,14.25,14.35,0.05,0.3497,599670,8612708,343,TWSE,common_stock,true,false,false,false,false,false,false,false,true,
2026-09-29,2444,兆勁,listed,14.6,15.2,14.45,15.05,0.25,1.6892,1916012,28622724,965,TWSE,common_stock,true,false,false,false,false,false,false,false,true,
2026-09-29,2449,京元電子,listed,305.5,305.5,293.0,294.5,-16.5,-5.3055,29756706,8818442309,68236,TWSE,common_stock,true,false,false,false,false,false,false,false,true,
2026-09-29,2450,神腦,listed,28.25,28.3,28.2,28.2,-0.05,-0.177,72438,2044009,102,TWSE,common_stock,true,false,false,false,false,false,false,false,true,
2026-09-29,2451,創見,listed,285.0,288.0,283.0,286.0,1.5,0.5272,1570470,448795906,1706,TWSE,common_stock,true,false,false,false,false,false,false,false,true,
2026-09-29,2453,凌群,listed,53.9,53.9,53.2,53.5,0.0,0.0,146093,7794446,166,TWSE,common_stock,true,false,false,false,false,false,false,false,true,
2026-09-29,2454,聯發科,listed,5150.0,5195.0,4890.0,4910.0,-375.0,-7.0956,13758267,69000190336,165765,TWSE,common_stock,true,false,false,false,false,false,false,false,true,
2026-09-29,2455,全新,listed,543.0,550.0,540.0,543.0,-11.0,-1.9856,1025212,558313880,1799,TWSE,common_stock,true,false,false,false,false,false,false,false,true,
2026-09-29,2457,飛宏,listed,21.8,22.2,21.75,21.75,-0.2,-0.9112,848756,18605271,629,TWSE,common_stock,true,false,false,false,false,false,false,false,true,
2026-09-29,2458,義隆,listed,138.0,138.0,135.5,136.0,-1.5,-1.0909,1645198,224364815,1846,TWSE,common_stock,true,false,false,false,false,false,false,false,true,
2026-09-29,2459,敦吉,listed,65.2,65.4,64.9,64.9,-0.3,-0.4601,28055,1823142,37,TWSE,common_stock,true,false,false,false,false,false,false,false,true,
2026-09-29,2460,建通,listed,29.45,29.95,29.45,29.85,-0.35,-1.1589,175462,5201905,187,TWSE,common_stock,true,false,false,false,false,false,false,false,true,
2026-09-29,2461,光群雷,listed,17.6,17.8,17.4,17.4,-0.4,-2.2472,260253,4574650,230,TWSE,common_stock,true,false,false,false,false,false,false,false,true,
2026-09-29,2462,良得電,listed,20.25,20.25,19.85,19.85,-0.5,-2.457,118354,2364906,131,TWSE,common_stock,true,false,false,false,false,false,false,false,true,
2026-09-29,2464,盟立,listed,194.5,200.0,192.0,192.0,-3.5,-1.7903,9138976,1789686548,10297,TWSE,common_stock,true,false,false,false,false,false,false,false,true,
2026-09-29,2465,麗臺,listed,88.7,93.0,88.6,91.9,3.0,3.3746,1231345,112571927,1115,TWSE,common_stock,true,false,false,false,false,false,false,false,true,
2026-09-29,2466,冠西電,listed,119.5,119.5,112.5,113.5,-6.0,-5.0209,2218538,254947877,1844,TWSE,common_stock,true,false,false,false,false,false,false,false,true,
2026-09-29,2467,志聖,listed,534.0,554.0,529.0,544.0,15.0,2.8355,889505,483921914,1981,TWSE,common_stock,true,false,false,false,false,false,false,false,true,
2026-09-29,2468,華經,listed,46.85,46.85,45.25,46.05,-0.2,-0.4324,920536,42312201,1057,TWSE,common_stock,true,false,false,false,false,false,false,false,true,
2026-09-29,2471,資通,listed,51.4,52.0,51.1,51.3,-0.1,-0.1946,187884,9658813,569,TWSE,common_stock,true,false,false,false,false,false,false,false,true,
2026-09-29,2472,立隆電,listed,217.0,220.0,212.5,213.0,-5.5,-2.5172,1505198,323523270,2472,TWSE,common_stock,true,false,false,false,false,false,false,false,true,
2026-09-29,2474,可成,listed,207.0,207.0,205.0,205.5,-1.0,-0.4843,1568422,323397723,1960,TWSE,common_stock,true,false,false,false,false,false,false,false,true,
2026-09-29,2476,鉅祥,listed,122.5,125.0,121.5,124.5,2.0,1.6327,828647,102518165,862,TWSE,common_stock,true,false,false,false,false,false,false,false,true,
2026-09-29,2477,美隆電,listed,23.05,23.1,22.85,23.1,0.05,0.2169,148490,3416216,270,TWSE,common_stock,true,false,false,false,false,false,false,false,true,
2026-09-29,2478,大毅,listed,118.5,121.0,116.5,117.5,-2.5,-2.0833,1301254,154019693,1843,TWSE,common_stock,true,false,false,false,false,false,false,false,true,
2026-09-29,2480,敦陽科,listed,161.0,161.0,159.0,159.5,-1.5,-0.9317,153315,24518014,316,TWSE,common_stock,true,false,false,false,false,false,false,false,true,
2026-09-29,2481,強茂,listed,175.0,180.0,172.0,175.5,1.0,0.5731,20652896,3618986760,16792,TWSE,common_stock,true,false,false,false,false,false,false,false,true,
2026-09-29,2482,連宇,listed,16.25,16.55,16.2,16.35,0.1,0.6154,104643,1714528,146,TWSE,common_stock,true,false,false,false,false,false,false,false,true,
2026-09-29,2483,百容,listed,32.2,32.95,32.2,32.5,-0.05,-0.1536,208005,6779537,249,TWSE,common_stock,true,false,false,false,false,false,false,false,true,
2026-09-29,2484,希華,listed,75.0,79.5,74.2,76.9,4.1,5.6319,30199086,2323900085,22914,TWSE,common_stock,true,false,false,false,false,false,false,false,true,
2026-09-29,2485,兆赫,listed,39.15,40.1,39.0,39.75,0.6,1.5326,1310521,51951957,1202,TWSE,common_stock,true,false,false,false,false,false,false,false,true,
2026-09-29,2486,一詮,listed,231.0,237.5,230.5,237.0,3.0,1.2821,1955933,460034487,3092,TWSE,common_stock,true,false,false,false,false,false,false,false,true,
2026-09-29,2488,漢平,listed,48.85,49.2,48.7,48.7,-0.15,-0.3071,33167,1622418,111,TWSE,common_stock,true,false,false,false,false,false,false,false,true,
2026-09-29,2489,瑞軒,listed,40.25,41.15,40.1,41.1,0.3,0.7353,8627458,351720249,6113,TWSE,common_stock,true,false,false,false,false,false,false,false,true,
2026-09-29,2491,吉祥全,listed,39.8,40.75,39.75,40.2,0.65,1.6435,455070,18360105,398,TWSE,common_stock,true,false,false,false,false,false,false,false,true,
2026-09-29,2492,華新科,listed,313.0,321.0,299.0,302.0,-9.5,-3.0498,31201956,9594785717,38722,TWSE,common_stock,true,false,false,false,false,false,false,false,true,
2026-09-29,2493,揚博,listed,190.0,202.0,190.0,196.0,5.0,2.6178,1972776,387422468,2385,TWSE,common_stock,true,false,false,false,false,false,false,false,true,
2026-09-29,2495,普安,listed,39.05,39.55,38.75,38.95,-0.1,-0.2561,882955,34591157,744,TWSE,common_stock,true,false,false,false,false,false,false,false,true,
2026-09-29,2496,卓越,listed,54.8,55.1,54.6,55.1,-0.2,-0.3617,6405,350701,20,TWSE,common_stock,true,false,false,false,false,false,false,false,true,
2026-09-29,2497,怡利電,listed,44.2,44.2,43.5,43.6,-0.2,-0.4566,87631,3825163,93,TWSE,common_stock,true,false,false,false,false,false,false,false,true,
2026-09-29,2498,宏達電,listed,41.8,43.4,41.75,43.0,1.2,2.8708,8994708,382956650,5373,TWSE,common_stock,true,false,false,false,false,false,false,false,true,
2026-09-29,2501,國建,listed,21.05,21.4,21.0,21.15,0.05,0.237,2205717,46792956,1022,TWSE,common_stock,true,false,false,false,false,false,false,false,true,
2026-09-29,2504,國產,listed,30.9,30.9,30.5,30.55,-0.35,-1.1327,2041127,62479753,1064,TWSE,common_stock,true,false,false,false,false,false,false,false,true,
2026-09-29,2505,國揚,listed,17.1,17.1,16.95,16.95,-0.2,-1.1662,303325,5160491,141,TWSE,common_stock,true,false,false,false,false,false,false,false,true,
2026-09-29,2506,太設,listed,8.38,8.42,8.34,8.41,0.0,0.0,273693,2291230,105,TWSE,common_stock,true,false,false,false,false,false,false,false,true,
2026-09-29,2509,全坤建,listed,14.2,14.2,14.0,14.05,-0.3,-2.0906,156579,2207764,114,TWSE,common_stock,true,false,false,false,false,false,false,false,true,
2026-09-29,2511,太子,listed,8.39,8.39,8.32,8.32,-0.07,-0.8343,617420,5149289,237,TWSE,common_stock,true,false,false,false,false,false,false,false,true,
2026-09-29,2514,龍邦,listed,11.5,11.5,11.4,11.4,-0.05,-0.4367,35096,401562,82,TWSE,common_stock,true,false,false,false,false,false,false,false,true,
2026-09-29,2515,中工,listed,12.0,12.0,11.8,11.8,-0.15,-1.2552,4178372,49586524,1545,TWSE,common_stock,true,false,false,false,false,false,false,false,true,
2026-09-29,2516,新建,listed,15.5,15.5,14.9,14.9,-0.55,-3.5599,264706,4028383,213,TWSE,common_stock,true,false,false,false,false,false,false,false,true,
2026-09-29,2520,冠德,listed,37.2,37.5,36.85,37.0,-0.3,-0.8043,1043424,38821832,884,TWSE,common_stock,true,false,false,false,false,false,false,false,true,
2026-09-29,2524,京城,listed,34.85,34.85,34.25,34.25,-0.6,-1.7217,56370,1941568,75,TWSE,common_stock,true,false,false,false,false,false,false,false,true,
2026-09-29,2527,宏璟,listed,48.2,49.5,48.2,48.35,0.4,0.8342,634439,31000995,938,TWSE,common_stock,true,false,false,false,false,false,false,false,true,
2026-09-29,2528,皇普,listed,19.55,19.6,19.25,19.3,-0.25,-1.2788,315990,6124312,254,TWSE,common_stock,true,false,false,false,false,false,false,false,true,
2026-09-29,2530,華建,listed,20.0,20.25,19.85,20.1,-0.05,-0.2481,399870,8013685,250,TWSE,common_stock,true,false,false,false,false,false,false,false,true,
2026-09-29,2534,宏盛,listed,16.8,17.0,16.65,16.9,0.2,1.1976,214610,3604109,211,TWSE,common_stock,true,false,false,false,false,false,false,false,true,
2026-09-29,2535,達欣工,listed,89.9,89.9,89.1,89.1,-0.7,-0.7795,113837,10176039,409,TWSE,common_stock,true,false,false,false,false,false,false,false,true,
2026-09-29,2536,宏普,listed,19.15,19.2,19.1,19.15,-0.05,-0.2604,608246,11648690,252,TWSE,common_stock,true,false,false,false,false,false,false,false,true,
2026-09-29,2537,聯上發,listed,11.3,11.3,11.2,11.25,-0.15,-1.3158,537977,6056775,227,TWSE,common_stock,true,false,false,false,false,false,false,false,true,
2026-09-29,2538,基泰,listed,8.7,8.71,8.58,8.71,0.0,0.0,475327,4106099,189,TWSE,common_stock,true,false,false,false,false,false,false,false,true,
2026-09-29,2539,櫻花建,listed,34.45,34.45,33.9,34.0,-0.45,-1.3062,1069477,36448414,1195,TWSE,common_stock,true,false,false,false,false,false,false,false,true,
2026-09-29,2540,愛山林,listed,49.0,49.15,47.6,47.6,-1.4,-2.8571,462170,22314028,1813,TWSE,common_stock,true,false,false,false,false,false,false,false,true,
2026-09-29,2542,興富發,listed,39.25,39.35,38.6,38.6,-0.9,-2.2785,11497190,446310279,6386,TWSE,common_stock,true,false,false,false,false,false,false,false,true,
2026-09-29,2543,皇昌,listed,37.95,38.75,37.95,38.15,0.0,0.0,724402,27885910,706,TWSE,common_stock,true,false,false,false,false,false,false,false,true,
2026-09-29,2545,皇翔,listed,34.2,34.3,33.9,33.9,-0.3,-0.8772,116282,3962888,95,TWSE,common_stock,true,false,false,false,false,false,false,false,true,
2026-09-29,2546,根基,listed,107.5,108.5,106.0,106.0,-0.5,-0.4695,140126,15002319,290,TWSE,common_stock,true,false,false,false,false,false,false,false,true,
2026-09-29,2547,日勝生,listed,9.82,9.88,9.81,9.85,0.03,0.3055,774661,7627515,367,TWSE,common_stock,true,false,false,false,false,false,false,false,true,
2026-09-29,2548,華固,listed,93.4,93.4,92.1,92.2,-1.0,-1.073,1191007,110350336,1542,TWSE,common_stock,true,false,false,false,false,false,false,false,true,
2026-09-29,2597,潤弘,listed,168.0,168.0,166.5,167.0,-0.5,-0.2985,87871,14711982,159,TWSE,common_stock,true,false,false,false,false,false,false,false,true,
2026-09-29,2603,長榮,listed,244.0,244.0,237.5,238.0,-5.0,-2.0576,6250427,1494139772,6571,TWSE,common_stock,true,false,false,false,false,false,false,false,true,
2026-09-29,2605,新興,listed,36.8,37.0,35.25,35.4,-1.1,-3.0137,10030192,358396869,6272,TWSE,common_stock,true,false,false,false,false,false,false,false,true,
2026-09-29,2606,裕民,listed,75.8,75.8,73.1,73.4,-3.3,-4.3025,4989525,369875358,4570,TWSE,common_stock,true,false,false,false,false,false,false,false,true,
2026-09-29,2607,榮運,listed,53.5,53.9,53.0,53.1,-0.6,-1.1173,391612,20867629,365,TWSE,common_stock,true,false,false,false,false,false,false,false,true,
2026-09-29,2608,嘉里大榮,listed,28.6,28.9,28.55,28.55,-0.15,-0.5226,215391,6168086,159,TWSE,common_stock,true,false,false,false,false,false,false,false,true,
2026-09-29,2609,陽明,listed,59.6,59.6,58.1,58.4,-1.2,-2.0134,23606564,1382090934,20860,TWSE,common_stock,true,false,false,false,false,false,false,false,true,
2026-09-29,2610,華航,listed,20.3,20.3,20.1,20.1,-0.2,-0.9852,7852078,158312020,3042,TWSE,common_stock,true,false,false,false,false,false,false,false,true,
2026-09-29,2611,志信,listed,14.15,14.15,13.95,14.05,0.0,0.0,225756,3167987,178,TWSE,common_stock,true,false,false,false,false,false,false,false,true,
2026-09-29,2612,中航,listed,62.0,62.0,60.7,60.8,-1.4,-2.2508,388561,23761265,459,TWSE,common_stock,true,false,false,false,false,false,false,false,true,
2026-09-29,2613,中櫃,listed,22.2,22.2,21.95,21.95,-0.25,-1.1261,110543,2433154,198,TWSE,common_stock,true,false,false,false,false,false,false,false,true,
2026-09-29,2614,東森,listed,18.25,19.1,18.25,18.85,0.6,3.2877,2885213,54338852,1491,TWSE,common_stock,true,false,false,false,false,false,false,false,true,
2026-09-29,2615,萬海,listed,116.5,116.5,111.0,111.0,-4.5,-3.8961,10041037,1134217094,17569,TWSE,common_stock,true,false,false,false,false,false,false,false,true,
2026-09-29,2616,山隆,listed,13.25,13.25,13.2,13.2,0.0,0.0,55544,733770,161,TWSE,common_stock,true,false,false,false,false,false,false,false,true,
2026-09-29,2617,台航,listed,32.9,32.9,31.1,31.25,-1.55,-4.7256,2312297,73050762,1539,TWSE,common_stock,true,false,false,false,false,false,false,false,true,
2026-09-29,2618,長榮航,listed,42.0,42.0,41.45,41.5,-0.5,-1.1905,14347588,597059756,7793,TWSE,common_stock,true,false,false,false,false,false,false,false,true,
2026-09-29,2630,亞航,listed,46.5,47.1,46.3,46.3,0.0,0.0,464796,21670615,488,TWSE,common_stock,true,false,false,false,false,false,false,false,true,
2026-09-29,2633,台灣高鐵,listed,25.7,25.8,25.45,25.45,-0.1,-0.3914,6250246,159497151,2822,TWSE,common_stock,true,false,false,false,false,false,false,false,true,
2026-09-29,2634,漢翔,listed,63.6,64.2,63.1,63.1,0.0,0.0,4595082,291893437,3537,TWSE,common_stock,true,false,false,false,false,false,false,false,true,
2026-09-29,2636,台驊控股,listed,71.9,71.9,70.4,70.4,-1.5,-2.0862,222241,15733061,2199,TWSE,common_stock,true,false,false,false,false,false,false,false,true,
2026-09-29,2637,慧洋-KY,listed,99.8,99.9,95.0,95.0,-5.5,-5.4726,4494224,432684650,16132,TWSE,common_stock,true,false,false,false,false,false,false,false,true,
2026-09-29,2642,宅配通,listed,20.35,20.35,20.2,20.3,-0.1,-0.4902,24291,492834,70,TWSE,common_stock,true,false,false,false,false,false,false,false,true,
2026-09-29,2645,長榮航太,listed,172.0,173.5,172.0,172.0,0.0,0.0,377047,65016901,661,TWSE,common_stock,true,false,false,false,false,false,false,false,true,
2026-09-29,2646,星宇航空,listed,20.2,20.2,20.05,20.05,-0.15,-0.7426,2798512,56320172,1897,TWSE,common_stock,true,false,false,false,false,false,false,false,true,
2026-09-29,2701,萬企,listed,10.25,10.25,10.25,10.25,0.0,0.0,27138,278163,27,TWSE,common_stock,true,false,false,false,false,false,false,false,true,
2026-09-29,2702,華園,listed,12.7,12.8,12.65,12.65,-0.2,-1.5564,11443,145171,32,TWSE,common_stock,true,false,false,false,false,false,false,false,true,
2026-09-29,2704,國賓,listed,44.95,45.1,44.55,45.0,-0.05,-0.111,121193,5434887,220,TWSE,common_stock,true,false,false,false,false,false,false,false,true,
2026-09-29,2705,六福,listed,15.15,15.15,15.0,15.05,-0.1,-0.6601,56174,846368,133,TWSE,common_stock,true,false,false,false,false,false,false,false,true,
2026-09-29,2706,第一店,listed,12.2,12.2,12.1,12.1,0.0,0.0,93277,1129624,60,TWSE,common_stock,true,false,false,false,false,false,false,false,true,
2026-09-29,2707,晶華,listed,176.5,176.5,175.0,175.0,-1.5,-0.8499,158264,27842160,284,TWSE,common_stock,true,false,false,false,false,false,false,false,true,
2026-09-29,2712,遠雄來,listed,13.4,13.4,13.3,13.4,0.05,0.3745,10100,135000,10,TWSE,common_stock,true,false,false,false,false,false,false,false,true,
2026-09-29,2722,夏都,listed,21.3,21.4,21.2,21.2,0.1,0.4739,55123,1174617,46,TWSE,common_stock,true,false,false,false,false,false,false,false,true,
2026-09-29,2723,美食-KY,listed,78.3,78.3,76.6,76.6,-1.9,-2.4204,423602,32741936,718,TWSE,common_stock,true,false,false,false,false,false,false,false,true,
2026-09-29,2727,王品,listed,232.0,235.0,232.0,235.0,3.0,1.2931,427899,100222737,736,TWSE,common_stock,true,false,false,false,false,false,false,false,true,
2026-09-29,2731,雄獅,listed,145.0,145.0,143.0,143.0,-1.0,-0.6944,152724,21968224,198,TWSE,common_stock,true,false,false,false,false,false,false,false,true,
2026-09-29,2739,寒舍,listed,37.1,37.1,36.1,36.25,-0.15,-0.4121,29683,1079810,62,TWSE,common_stock,true,false,false,false,false,false,false,false,true,
2026-09-29,2748,雲品,listed,38.8,38.8,38.7,38.7,-0.1,-0.2577,25097,972105,29,TWSE,common_stock,true,false,false,false,false,false,false,false,true,
2026-09-29,2753,八方雲集,listed,180.0,180.0,178.5,179.0,-1.0,-0.5556,108662,19441406,456,TWSE,common_stock,true,false,false,false,false,false,false,false,true,
2026-09-29,2762,世界健身-KY,listed,79.0,79.7,79.0,79.0,0.0,0.0,21525,1705965,38,TWSE,common_stock,true,false,false,false,false,false,false,false,true,
2026-09-29,2801,彰銀,listed,28.05,28.05,27.45,27.5,-0.25,-0.9009,22785123,629576660,7933,TWSE,common_stock,true,false,false,false,false,false,false,false,true,
2026-09-29,2812,台中銀,listed,19.05,19.05,18.8,18.8,-0.2,-1.0526,19296779,365107306,6998,TWSE,common_stock,true,false,false,false,false,false,false,false,true,
2026-09-29,2816,旺旺保,listed,40.15,40.6,39.75,39.85,-0.3,-0.7472,309191,12404714,352,TWSE,common_stock,true,false,false,false,false,false,false,false,true,
2026-09-29,2820,華票,listed,17.0,17.0,16.8,16.85,-0.15,-0.8824,2931349,49471798,1195,TWSE,common_stock,true,false,false,false,false,false,false,false,true,
2026-09-29,2832,台產,listed,57.7,57.7,56.8,56.8,-0.7,-1.2174,203771,11615312,215,TWSE,common_stock,true,false,false,false,false,false,false,false,true,
2026-09-29,2834,臺企銀,listed,17.8,17.85,17.6,17.6,-0.25,-1.4006,33187671,587479374,10132,TWSE,common_stock,true,false,false,false,false,false,false,false,true,
2026-09-29,2836,高雄銀,listed,12.15,12.2,12.0,12.0,-0.15,-1.2346,1866824,22527384,848,TWSE,common_stock,true,false,false,false,false,false,false,false,true,
2026-09-29,2836A,高雄銀甲特,listed,24.0,24.0,23.95,24.0,0.0,0.0,10300,246784,10,TWSE,warrant,false,false,true,false,false,false,false,false,false,security_type=warrant;symbol_not_4_digit
2026-09-29,2838,聯邦銀,listed,21.1,21.1,20.5,20.55,-0.45,-2.1429,4376710,90351132,2157,TWSE,common_stock,true,false,false,false,false,false,false,false,true,
2026-09-29,2838A,聯邦銀甲特,listed,51.9,52.0,51.9,52.0,0.0,0.0,62000,3219400,17,TWSE,warrant,false,false,true,false,false,false,false,false,false,security_type=warrant;symbol_not_4_digit
2026-09-29,2845,遠東銀,listed,13.3,13.3,13.1,13.1,-0.2,-1.5038,9621102,126772163,2600,TWSE,common_stock,true,false,false,false,false,false,false,false,true,
2026-09-29,2849,安泰銀,listed,15.65,15.8,15.5,15.5,-0.15,-0.9585,150507,2346542,111,TWSE,common_stock,true,false,false,false,false,false,false,false,true,
2026-09-29,2850,新產,listed,157.0,163.0,157.0,161.0,3.5,2.2222,649133,104926151,708,TWSE,common_stock,true,false,false,false,false,false,false,false,true,
2026-09-29,2851,中再保,listed,47.45,48.1,46.75,47.05,-0.45,-0.9474,1827052,86602885,1626,TWSE,common_stock,true,false,false,false,false,false,false,false,true,
2026-09-29,2852,第一保,listed,28.0,28.0,27.7,27.7,-0.25,-0.8945,331084,9210771,197,TWSE,common_stock,true,false,false,false,false,false,false,false,true,
2026-09-29,2855,統一證,listed,57.5,57.5,55.0,55.5,-2.3,-3.9792,6563643,368704074,13751,TWSE,etf,false,true,false,false,false,false,false,false,false,security_type=etf
2026-09-29,2880,華南金,listed,46.0,46.2,44.7,44.9,-0.85,-1.8579,12588665,568524286,7065,TWSE,common_stock,true,false,false,false,false,false,false,false,true,
2026-09-29,2881,富邦金,listed,150.0,155.0,150.0,151.5,1.5,1.0,14184273,2163206411,7530,TWSE,etf,false,true,false,false,false,false,false,false,false,security_type=etf
2026-09-29,2881A,富邦特,listed,61.5,61.5,61.4,61.4,-0.2,-0.3247,67027,4120050,38,TWSE,etf,false,true,true,false,false,false,false,false,false,security_type=etf;symbol_not_4_digit
2026-09-29,2881B,富邦金乙特,listed,60.5,60.9,60.5,60.9,0.0,0.0,17655,1072941,19,TWSE,etf,false,true,true,false,false,false,false,false,false,security_type=etf;symbol_not_4_digit
2026-09-29,2881C,富邦金丙特,listed,51.8,51.8,51.8,51.8,0.0,0.0,43297,2242438,46,TWSE,etf,false,true,true,false,false,false,false,false,false,security_type=etf;symbol_not_4_digit
2026-09-29,2882,國泰金,listed,112.0,113.5,110.5,111.5,1.0,0.905,19177458,2148872238,7566,TWSE,etf,false,true,false,false,false,false,false,false,false,security_type=etf
2026-09-29,2882A,國泰特,listed,60.1,60.2,60.1,60.2,0.1,0.1664,31147,1873232,24,TWSE,etf,false,true,true,false,false,false,false,false,false,security_type=etf;symbol_not_4_digit
2026-09-29,2882B,國泰金乙特,listed,58.6,58.8,58.6,58.8,0.0,0.0,16012,939004,6,TWSE,etf,false,true,true,false,false,false,false,false,false,security_type=etf;symbol_not_4_digit
2026-09-29,2883,凱基金,listed,39.3,39.75,38.85,38.95,0.0,0.0,37568266,1473272685,11510,TWSE,etf,false,true,false,false,false,false,false,false,false,security_type=etf
2026-09-29,2883B,凱基金乙特,listed,8.5,8.54,8.5,8.54,0.02,0.2347,1667880,14214034,265,TWSE,etf,false,true,true,false,false,false,false,false,false,security_type=etf;symbol_not_4_digit
2026-09-29,2884,玉山金,listed,45.0,45.95,44.9,44.9,-0.7,-1.5351,32018146,1447940860,12913,TWSE,common_stock,true,false,false,false,false,false,false,false,true,
2026-09-29,2885,元大金,listed,70.0,70.0,68.5,68.7,-0.5,-0.7225,20346003,1403201550,11408,TWSE,etf,false,true,false,false,false,false,false,false,false,security_type=etf
2026-09-29,2886,兆豐金,listed,49.6,49.8,48.95,49.1,-0.5,-1.0081,20847357,1027724574,8665,TWSE,etf,false,true,false,false,false,false,false,false,false,security_type=etf
2026-09-29,2887,台新新光金,listed,43.0,43.0,41.65,41.8,-0.7,-1.6471,46941880,1980350476,18746,TWSE,common_stock,true,false,false,false,false,false,false,false,true,
2026-09-29,2887E,台新新光戊特一,listed,48.55,48.55,48.45,48.45,-0.1,-0.206,324807,15746850,152,TWSE,warrant,false,false,true,false,false,false,false,false,false,security_type=warrant;symbol_not_4_digit
2026-09-29,2887F,台新新光戊特二,listed,45.65,45.65,45.6,45.6,-0.05,-0.1095,29280,1335622,31,TWSE,warrant,false,false,true,false,false,false,false,false,false,security_type=warrant;symbol_not_4_digit
2026-09-29,2887G,台新新光庚特一,listed,44.7,44.7,44.45,44.45,-0.15,-0.3363,241714,10768720,105,TWSE,warrant,false,false,true,false,false,false,false,false,false,security_type=warrant;symbol_not_4_digit
2026-09-29,2887H,台新新光庚特二,listed,42.9,43.05,42.85,43.05,0.05,0.1163,138133,5934243,52,TWSE,warrant,false,false,true,false,false,false,false,false,false,security_type=warrant;symbol_not_4_digit
2026-09-29,2887I,台新新光辛特,listed,9.53,9.53,9.51,9.52,-0.01,-0.1049,9910263,94349273,706,TWSE,warrant,false,false,true,false,false,false,false,false,false,security_type=warrant;symbol_not_4_digit
2026-09-29,2887Z1,台新新光己特,listed,22.75,22.8,22.7,22.75,-0.1,-0.4376,54835,1246748,26,TWSE,warrant,false,false,true,false,false,false,false,false,false,security_type=warrant;symbol_not_4_digit
2026-09-29,2889,國票金,listed,16.6,16.6,16.4,16.4,-0.15,-0.9063,9771251,160917328,2629,TWSE,common_stock,true,false,false,false,false,false,false,false,true,
2026-09-29,2890,永豐金,listed,45.3,45.45,43.8,43.9,-1.25,-2.7685,34667144,1540764758,12759,TWSE,etf,false,true,false,false,false,false,false,false,false,security_type=etf
2026-09-29,2891,中信金,listed,67.3,69.7,67.3,68.7,0.2,0.292,27538151,1896894946,10883,TWSE,etf,false,true,false,false,false,false,false,false,false,security_type=etf
2026-09-29,2891B,中信金乙特,listed,61.9,61.9,61.9,61.9,0.3,0.487,4747,293719,16,TWSE,etf,false,true,true,false,false,false,false,false,false,security_type=etf;symbol_not_4_digit
2026-09-29,2891C,中信金丙特,listed,,,,,0.0,,189,11432,9,TWSE,etf,false,true,true,false,false,false,false,false,false,security_type=etf;symbol_not_4_digit;invalid_close
2026-09-29,2892,第一金,listed,39.5,39.55,38.55,38.6,-0.9,-2.2785,26936589,1046734644,9592,TWSE,common_stock,true,false,false,false,false,false,false,false,true,
2026-09-29,2897,王道銀行,listed,11.05,11.1,10.95,10.95,-0.1,-0.905,4961924,54589766,819,TWSE,common_stock,true,false,false,false,false,false,false,false,true,
2026-09-29,2897B,王道銀乙特,listed,11.85,11.85,11.75,11.85,-0.05,-0.4202,36864,435317,10,TWSE,warrant,false,false,true,false,false,false,false,false,false,security_type=warrant;symbol_not_4_digit
2026-09-29,2901,欣欣,listed,23.6,23.8,23.5,23.8,0.45,1.9272,50924,1202664,98,TWSE,common_stock,true,false,false,false,false,false,false,false,true,
2026-09-29,2903,遠百,listed,22.1,22.2,21.9,21.9,-0.2,-0.905,1122713,24714752,936,TWSE,common_stock,true,false,false,false,false,false,false,false,true,
2026-09-29,2904,匯僑,listed,12.75,12.75,12.6,12.6,0.05,0.3984,16574,209313,27,TWSE,common_stock,true,false,false,false,false,false,false,false,true,
2026-09-29,2905,三商,listed,18.4,18.45,18.0,18.0,-0.3,-1.6393,1238085,22559431,631,TWSE,common_stock,true,false,false,false,false,false,false,false,true,
2026-09-29,2906,高林,listed,13.5,13.5,13.3,13.3,-0.2,-1.4815,67157,898884,69,TWSE,common_stock,true,false,false,false,false,false,false,false,true,
2026-09-29,2908,特力,listed,22.0,22.0,21.6,21.7,-0.45,-2.0316,286050,6237659,150,TWSE,common_stock,true,false,false,false,false,false,false,false,true,
2026-09-29,2910,統領,listed,23.35,23.35,23.0,23.1,-0.45,-1.9108,20115,466649,34,TWSE,common_stock,true,false,false,false,false,false,false,false,true,
2026-09-29,2911,麗嬰房,listed,6.1,6.11,6.02,6.03,-0.07,-1.1475,124868,755655,118,TWSE,common_stock,true,false,false,false,false,false,false,false,true,
2026-09-29,2912,統一超,listed,213.0,213.0,211.5,212.0,-0.5,-0.2353,1493082,316776227,2763,TWSE,etf,false,true,false,false,false,false,false,false,false,security_type=etf
2026-09-29,2913,農林,listed,11.0,11.1,11.0,11.0,-0.05,-0.4525,729074,8037527,357,TWSE,common_stock,true,false,false,false,false,false,false,false,true,
2026-09-29,2915,潤泰全,listed,60.1,60.1,58.5,58.5,-1.5,-2.5,1554776,91980597,2790,TWSE,common_stock,true,false,false,false,false,false,false,false,true,
2026-09-29,2923,鼎固-KY,listed,24.9,25.0,23.9,23.9,-0.4,-1.6461,116429,2806425,167,TWSE,common_stock,true,false,false,false,false,false,false,false,true,
2026-09-29,2929,淘帝-KY,listed,5.9,5.92,5.81,5.81,-0.03,-0.5137,102847,604467,67,TWSE,common_stock,true,false,false,false,false,false,false,false,true,
2026-09-29,2939,永邑-KY,listed,19.85,20.25,19.65,20.25,0.65,3.3163,51000,1020650,26,TWSE,common_stock,true,false,false,false,false,false,false,false,true,
2026-09-29,2945,三商家購,listed,39.6,39.9,39.6,39.8,-0.1,-0.2506,25135,998440,65,TWSE,warrant,false,false,true,false,false,false,false,false,false,security_type=warrant
2026-09-29,3002,歐格,listed,18.8,19.0,18.6,18.9,0.0,0.0,138621,2601583,126,TWSE,common_stock,true,false,false,false,false,false,false,false,true,
2026-09-29,3003,健和興,listed,59.9,60.4,59.5,59.7,-0.4,-0.6656,286357,17134954,308,TWSE,common_stock,true,false,false,false,false,false,false,false,true,
2026-09-29,3004,豐達科,listed,117.0,118.5,117.0,117.5,0.5,0.4274,85163,10022505,132,TWSE,common_stock,true,false,false,false,false,false,false,false,true,
2026-09-29,3005,神基,listed,116.5,117.5,116.0,117.0,0.5,0.4292,983939,115147174,961,TWSE,common_stock,true,false,false,false,false,false,false,false,true,
2026-09-29,3006,晶豪科,listed,272.0,286.5,270.0,285.0,10.0,3.6364,9171752,2574064644,8896,TWSE,common_stock,true,false,false,false,false,false,false,false,true,
2026-09-29,3008,大立光,listed,6100.0,6205.0,5940.0,6020.0,-225.0,-3.6029,1784096,10750544165,31539,TWSE,common_stock,true,false,false,false,false,false,false,false,true,
2026-09-29,3010,華立,listed,126.0,127.0,125.0,125.0,-1.0,-0.7937,367596,46329272,480,TWSE,common_stock,true,false,false,false,false,false,false,false,true,
2026-09-29,3011,今皓,listed,10.0,10.0,9.9,9.9,-0.1,-1.0,174436,1737224,131,TWSE,common_stock,true,false,false,false,false,false,false,false,true,
2026-09-29,3013,晟銘電,listed,84.4,85.0,83.9,84.0,-0.5,-0.5917,637300,53778118,636,TWSE,common_stock,true,false,false,false,false,false,false,false,true,
2026-09-29,3014,聯陽,listed,140.5,145.0,139.5,143.5,3.0,2.1352,3216326,459854014,3331,TWSE,common_stock,true,false,false,false,false,false,false,false,true,
2026-09-29,3015,全漢,listed,53.8,54.4,53.2,53.7,0.4,0.7505,341596,18324141,347,TWSE,common_stock,true,false,false,false,false,false,false,false,true,
2026-09-29,3016,嘉晶,listed,165.0,176.0,161.5,172.5,12.5,7.8125,75400142,12722191999,51566,TWSE,common_stock,true,false,false,false,false,false,false,false,true,
2026-09-29,3017,奇鋐,listed,3420.0,3460.0,3285.0,3400.0,-155.0,-4.3601,3928028,13270927028,21163,TWSE,common_stock,true,false,false,false,false,false,false,false,true,
2026-09-29,3018,隆銘綠能,listed,11.8,12.0,11.8,11.95,-0.05,-0.4167,30637,365623,52,TWSE,common_stock,true,false,false,false,false,false,false,false,true,
2026-09-29,3019,亞光,listed,135.0,137.5,134.5,135.5,0.5,0.3704,1562554,212542473,1609,TWSE,common_stock,true,false,false,false,false,false,false,false,true,
2026-09-29,3021,鴻名,listed,29.4,29.6,28.7,29.6,2.65,9.833,1253253,36997822,582,TWSE,common_stock,true,false,false,false,false,false,false,false,true,
2026-09-29,3022,威強電,listed,93.1,95.4,92.6,93.0,-0.1,-0.1074,1607789,151196881,2427,TWSE,common_stock,true,false,false,false,false,false,false,false,true,
2026-09-29,3023,信邦,listed,310.0,313.0,306.0,307.5,-3.5,-1.1254,885891,273386820,1388,TWSE,common_stock,true,false,false,false,false,false,false,false,true,
2026-09-29,3024,憶聲,listed,14.5,14.5,14.1,14.2,-0.4,-2.7397,944848,13444294,521,TWSE,common_stock,true,false,false,false,false,false,false,false,true,
2026-09-29,3025,星通,listed,52.4,53.0,52.3,52.4,0.0,0.0,70091,3686884,98,TWSE,common_stock,true,false,false,false,false,false,false,false,true,
2026-09-29,3026,禾伸堂,listed,804.0,804.0,785.0,796.0,-14.0,-1.7284,5185200,4113470891,10097,TWSE,common_stock,true,false,false,false,false,false,false,false,true,
2026-09-29,3027,盛達,listed,18.5,18.75,18.4,18.4,-0.15,-0.8086,130399,2418380,126,TWSE,common_stock,true,false,false,false,false,false,false,false,true,
2026-09-29,3028,增你強,listed,62.7,63.6,62.6,62.7,0.2,0.32,536354,33759917,664,TWSE,common_stock,true,false,false,false,false,false,false,false,true,
2026-09-29,3029,零壹,listed,120.0,120.5,116.5,117.5,-2.5,-2.0833,1708421,201023377,2505,TWSE,common_stock,true,false,false,false,false,false,false,false,true,
2026-09-29,3030,德律,listed,270.5,280.5,269.0,276.0,6.0,2.2222,1413018,390029449,3575,TWSE,common_stock,true,false,false,false,false,false,false,false,true,
2026-09-29,3031,佰鴻,listed,30.35,31.65,30.3,31.25,0.8,2.6273,10641422,329620745,6829,TWSE,common_stock,true,false,false,false,false,false,false,false,true,
2026-09-29,3032,偉訓,listed,78.3,78.6,77.5,77.9,-1.1,-1.3924,294028,22889639,342,TWSE,common_stock,true,false,false,false,false,false,false,false,true,
2026-09-29,3033,威健,listed,41.8,42.35,41.7,42.0,0.2,0.4785,2109280,88779027,1367,TWSE,common_stock,true,false,false,false,false,false,false,false,true,
2026-09-29,3034,聯詠,listed,550.0,550.0,538.0,540.0,-3.0,-0.5525,2795234,1517089703,3725,TWSE,common_stock,true,false,false,false,false,false,false,false,true,
2026-09-29,3035,智原,listed,208.0,217.0,204.5,210.0,3.5,1.6949,7221057,1528588509,12820,TWSE,common_stock,true,false,false,false,false,false,false,false,true,
2026-09-29,3036,文曄,listed,206.5,207.5,205.0,207.5,0.5,0.2415,4569244,944187148,3923,TWSE,common_stock,true,false,false,false,false,false,false,false,true,
2026-09-29,3037,欣興,listed,1170.0,1185.0,1130.0,1165.0,-20.0,-1.6878,10830272,12608473900,17941,TWSE,common_stock,true,false,false,false,false,false,false,false,true,
2026-09-29,3038,全台,listed,20.3,20.5,20.3,20.3,0.0,0.0,140660,2865582,131,TWSE,common_stock,true,false,false,false,false,false,false,false,true,
2026-09-29,3040,遠見,listed,34.85,34.85,33.85,33.85,-1.25,-3.5613,159639,5446487,488,TWSE,common_stock,true,false,false,false,false,false,false,false,true,
2026-09-29,3041,揚智,listed,23.2,23.75,23.2,23.6,0.4,1.7241,343091,8091140,380,TWSE,common_stock,true,false,false,false,false,false,false,false,true,
2026-09-29,3042,晶技,listed,214.5,222.5,205.0,208.5,5.5,2.7094,34407830,7266342316,30951,TWSE,common_stock,true,false,false,false,false,false,false,false,true,
2026-09-29,3043,科風,listed,20.0,20.8,20.0,20.1,-0.5,-2.4272,97293,1963180,140,TWSE,common_stock,true,false,false,false,false,false,false,false,true,
2026-09-29,3044,健鼎,listed,530.0,535.0,520.0,521.0,-17.0,-3.1599,2303013,1204148701,4011,TWSE,common_stock,true,false,false,false,false,false,false,false,true,
2026-09-29,3045,台灣大,listed,122.5,122.5,120.5,121.0,-1.5,-1.2245,5806538,703503072,3064,TWSE,common_stock,true,false,false,false,false,false,false,false,true,
2026-09-29,3046,建碁,listed,53.6,54.3,53.3,53.6,-0.2,-0.3717,65074,3498036,111,TWSE,common_stock,true,false,false,false,false,false,false,false,true,
2026-09-29,3047,訊舟,listed,14.55,14.75,14.4,14.55,0.0,0.0,493787,7189558,337,TWSE,common_stock,true,false,false,false,false,false,false,false,true,
2026-09-29,3048,益登,listed,51.9,52.0,51.0,51.1,-0.8,-1.5414,1041856,53531887,926,TWSE,common_stock,true,false,false,false,false,false,false,false,true,
2026-09-29,3049,精金,listed,12.25,12.45,12.15,12.15,-0.1,-0.8163,2310163,28266336,1026,TWSE,common_stock,true,false,false,false,false,false,false,false,true,
2026-09-29,3050,鈺德,listed,11.5,11.65,11.45,11.65,0.15,1.3043,316070,3645546,188,TWSE,common_stock,true,false,false,false,false,false,false,false,true,
2026-09-29,3051,力特,listed,22.25,22.85,22.25,22.65,0.35,1.5695,336487,7612594,253,TWSE,common_stock,true,false,false,false,false,false,false,false,true,
2026-09-29,3052,夆典,listed,10.4,10.45,10.35,10.35,-0.05,-0.4808,132344,1375869,161,TWSE,common_stock,true,false,false,false,false,false,false,false,true,
2026-09-29,3054,立萬利,listed,59.0,59.4,58.6,58.8,0.4,0.6849,92619,5459238,118,TWSE,common_stock,true,false,false,false,false,false,false,false,true,
2026-09-29,3055,蔚華科,listed,196.0,207.5,191.5,203.5,4.5,2.2613,7359541,1485495673,10831,TWSE,common_stock,true,false,false,false,false,false,false,false,true,
2026-09-29,3056,富華新,listed,14.05,14.05,13.8,13.85,-0.2,-1.4235,425780,5919992,453,TWSE,common_stock,true,false,false,false,false,false,false,false,true,
2026-09-29,3057,喬鼎,listed,15.95,16.35,15.7,16.25,0.45,2.8481,85796,1370048,147,TWSE,common_stock,true,false,false,false,false,false,false,false,true,
2026-09-29,3058,立德,listed,8.22,8.25,8.14,8.15,-0.07,-0.8516,282792,2312722,184,TWSE,common_stock,true,false,false,false,false,false,false,false,true,
2026-09-29,3059,華晶科,listed,37.95,38.3,37.8,37.85,0.0,0.0,754485,28662124,659,TWSE,common_stock,true,false,false,false,false,false,false,false,true,
2026-09-29,3060,銘異,listed,26.7,28.35,26.7,27.45,0.9,3.3898,2096629,57990486,1750,TWSE,common_stock,true,false,false,false,false,false,false,false,true,
2026-09-29,3062,建漢,listed,21.9,22.35,21.85,22.0,0.05,0.2278,1045142,23053993,709,TWSE,common_stock,true,false,false,false,false,false,false,false,true,
2026-09-29,3090,日電貿,listed,163.5,164.0,160.0,161.0,-4.0,-2.4242,1579579,255416898,2372,TWSE,common_stock,true,false,false,false,false,false,false,false,true,
2026-09-29,3092,鴻碩,listed,22.75,23.1,22.7,22.75,0.0,0.0,148779,3406568,151,TWSE,common_stock,true,false,false,false,false,false,false,false,true,
2026-09-29,3094,聯傑,listed,53.0,59.7,52.7,59.7,5.4,9.9448,10028323,582254266,6199,TWSE,common_stock,true,false,false,false,false,false,false,false,true,
2026-09-29,3130,一零四,listed,208.5,209.0,208.5,209.0,0.5,0.2398,39946,8334202,108,TWSE,common_stock,true,false,false,false,false,false,false,false,true,
2026-09-29,3135,凌航,listed,156.0,158.0,155.5,156.5,0.0,0.0,262621,41180045,667,TWSE,common_stock,true,false,false,false,false,false,false,false,true,
2026-09-29,3138,耀登,listed,98.0,99.9,98.0,98.1,-1.3,-1.3078,439498,43332852,543,TWSE,common_stock,true,false,false,false,false,false,false,false,true,
2026-09-29,3149,正達,listed,63.2,68.0,63.0,67.3,4.0,6.3191,9373933,622785110,7272,TWSE,common_stock,true,false,false,false,false,false,false,false,true,
2026-09-29,3150,鈺寶-創,listed,15.35,15.55,15.15,15.15,-0.2,-1.3029,41000,630700,26,TWSE,common_stock,true,false,false,false,false,false,false,false,true,
2026-09-29,3164,景岳,listed,16.4,16.65,16.4,16.6,0.3,1.8405,102558,1701264,106,TWSE,common_stock,true,false,false,false,false,false,false,false,true,
2026-09-29,3167,大量,listed,936.0,946.0,895.0,903.0,-46.0,-4.8472,4902893,4470048371,17641,TWSE,common_stock,true,false,false,false,false,false,false,false,true,
2026-09-29,3168,眾福科,listed,42.3,42.3,42.15,42.15,0.0,0.0,8000,337550,8,TWSE,common_stock,true,false,false,false,false,false,false,false,true,
2026-09-29,3189,景碩,listed,960.0,969.0,939.0,955.0,-7.0,-0.7277,16460239,15648787364,25400,TWSE,common_stock,true,false,false,false,false,false,false,false,true,
2026-09-29,3209,全科,listed,45.85,46.15,45.3,45.5,-0.3,-0.655,691172,31500679,614,TWSE,common_stock,true,false,false,false,false,false,false,false,true,
2026-09-29,3229,晟鈦,listed,56.5,58.5,56.2,57.1,0.7,1.2411,1133433,64961406,1013,TWSE,common_stock,true,false,false,false,false,false,false,false,true,
2026-09-29,3231,緯創,listed,182.5,186.5,182.0,185.5,1.0,0.542,32141710,5947031637,18459,TWSE,common_stock,true,false,false,false,false,false,false,false,true,
2026-09-29,3257,虹冠電,listed,48.7,50.0,48.7,49.3,0.6,1.232,147570,7321169,159,TWSE,common_stock,true,false,false,false,false,false,false,false,true,
2026-09-29,3266,昇陽,listed,14.0,14.0,13.75,13.75,-0.25,-1.7857,43120,599547,33,TWSE,common_stock,true,false,false,false,false,false,false,false,true,
2026-09-29,3296,勝德,listed,28.0,29.6,27.75,27.8,-0.15,-0.5367,113130,3195954,191,TWSE,common_stock,true,false,false,false,false,false,false,false,true,
2026-09-29,3305,昇貿,listed,103.0,105.0,103.0,104.5,1.5,1.4563,624352,65294322,640,TWSE,common_stock,true,false,false,false,false,false,false,false,true,
2026-09-29,3308,聯德,listed,21.85,23.5,21.85,22.2,0.65,3.0162,228442,5127729,247,TWSE,common_stock,true,false,false,false,false,false,false,false,true,
2026-09-29,3311,閎暉,listed,38.45,38.5,37.55,38.15,0.1,0.2628,303974,11579652,364,TWSE,common_stock,true,false,false,false,false,false,false,false,true,
2026-09-29,3312,弘憶股,listed,50.5,51.8,50.2,50.9,0.4,0.7921,629455,32288614,704,TWSE,common_stock,true,false,false,false,false,false,false,false,true,
2026-09-29,3321,同泰,listed,18.25,18.25,17.8,18.15,-0.05,-0.2747,139227,2499987,160,TWSE,common_stock,true,false,false,false,false,false,false,false,true,
2026-09-29,3338,泰碩,listed,67.6,68.2,67.6,67.9,0.3,0.4438,208716,14148143,224,TWSE,common_stock,true,false,false,false,false,false,false,false,true,
2026-09-29,3346,麗清,listed,23.85,24.15,23.25,23.8,0.2,0.8475,722827,17238002,517,TWSE,common_stock,true,false,false,false,false,false,false,false,true,
2026-09-29,3356,奇偶,listed,65.2,66.7,65.0,65.6,0.4,0.6135,195733,12907271,486,TWSE,common_stock,true,false,false,false,false,false,false,false,true,
2026-09-29,3376,新日興,listed,172.0,173.0,171.0,171.5,-2.5,-1.4368,2076761,356659752,2545,TWSE,common_stock,true,false,false,false,false,false,false,false,true,
2026-09-29,3380,明泰,listed,31.8,32.3,31.45,31.6,0.0,0.0,3870773,123312069,1793,TWSE,common_stock,true,false,false,false,false,false,false,false,true,
2026-09-29,3406,玉晶光,listed,890.0,893.0,869.0,882.0,-19.0,-2.1088,2568917,2260757878,5596,TWSE,common_stock,true,false,false,false,false,false,false,false,true,
2026-09-29,3413,京鼎,listed,287.0,292.5,286.5,291.0,3.0,1.0417,729896,212018251,1126,TWSE,common_stock,true,false,false,false,false,false,false,false,true,
2026-09-29,3416,融程電,listed,162.0,164.0,161.0,162.0,1.0,0.6211,160947,26187368,233,TWSE,common_stock,true,false,false,false,false,false,false,false,true,
2026-09-29,3419,譁裕,listed,10.9,11.8,10.9,11.8,1.05,9.7674,488427,5690406,307,TWSE,common_stock,true,false,false,false,false,false,false,false,true,
2026-09-29,3432,台端,listed,14.6,14.8,14.5,14.8,0.2,1.3699,16088,235076,24,TWSE,common_stock,true,false,false,false,false,false,false,false,true,
2026-09-29,3437,榮創,listed,21.55,22.65,21.5,22.4,0.4,1.8182,2071802,46036038,1336,TWSE,common_stock,true,false,false,false,false,false,false,false,true,
2026-09-29,3443,創意,listed,8410.0,8415.0,7925.0,7925.0,-600.0,-7.0381,1082917,8789139375,13130,TWSE,common_stock,true,false,false,false,false,false,false,false,true,
2026-09-29,3447,展達,listed,27.6,27.6,27.05,27.15,-0.15,-0.5495,54033,1476209,49,TWSE,common_stock,true,false,false,false,false,false,false,false,true,
2026-09-29,3450,聯鈞,listed,513.0,535.0,510.0,525.0,12.0,2.3392,5251568,2753668793,6783,TWSE,common_stock,true,false,false,false,false,false,false,false,true,
2026-09-29,3481,群創,listed,49.6,50.3,48.55,49.75,0.2,0.4036,104276061,5181130062,42479,TWSE,common_stock,true,false,false,false,false,false,false,false,true,
2026-09-29,3494,誠研,listed,7.17,7.17,6.92,7.09,-0.02,-0.2813,44736,313598,47,TWSE,common_stock,true,false,false,false,false,false,false,false,true,
2026-09-29,3501,維熹,listed,37.9,37.9,37.5,37.5,-0.4,-1.0554,151396,5702315,193,TWSE,common_stock,true,false,false,false,false,false,false,false,true,
2026-09-29,3504,揚明光,listed,78.4,80.0,77.7,79.5,1.0,1.2739,627895,49700091,642,TWSE,common_stock,true,false,false,false,false,false,false,false,true,
2026-09-29,3515,華擎,listed,212.5,213.0,210.5,211.0,0.0,0.0,152206,32207558,262,TWSE,common_stock,true,false,false,false,false,false,false,false,true,
2026-09-29,3518,柏騰,listed,35.0,37.4,35.0,37.4,3.4,10.0,5608941,209013422,1990,TWSE,common_stock,true,false,false,false,false,false,false,false,true,
2026-09-29,3528,安馳,listed,85.2,86.0,84.2,84.7,-0.3,-0.3529,130611,11104261,524,TWSE,common_stock,true,false,false,false,false,false,false,false,true,
2026-09-29,3530,晶相光,listed,58.5,59.5,58.4,58.4,0.1,0.1715,39475,2322039,97,TWSE,common_stock,true,false,false,false,false,false,false,false,true,
2026-09-29,3532,台勝科,listed,450.0,472.0,449.0,454.0,1.5,0.3315,7089443,3272712682,8437,TWSE,common_stock,true,false,false,false,false,false,false,false,true,
2026-09-29,3533,嘉澤,listed,1680.0,1765.0,1680.0,1710.0,20.0,1.1834,2102968,3619904280,4022,TWSE,common_stock,true,false,false,false,false,false,false,false,true,
2026-09-29,3535,晶彩科,listed,87.7,91.4,87.1,89.8,1.4,1.5837,1109711,100022901,1512,TWSE,common_stock,true,false,false,false,false,false,false,false,true,
2026-09-29,3543,州巧,listed,46.45,50.2,46.1,50.2,4.5,9.8468,4142472,204742668,2090,TWSE,common_stock,true,false,false,false,false,false,false,false,true,
2026-09-29,3545,敦泰,listed,51.0,52.6,51.0,51.9,0.9,1.7647,503191,26075493,459,TWSE,common_stock,true,false,false,false,false,false,false,false,true,
2026-09-29,3550,聯穎,listed,23.85,26.2,23.8,26.2,2.35,9.8532,3498604,88241007,2138,TWSE,common_stock,true,false,false,false,false,false,false,false,true,
2026-09-29,3557,嘉威,listed,22.95,22.95,22.8,22.8,-0.05,-0.2188,30567,697497,55,TWSE,common_stock,true,false,false,false,false,false,false,false,true,
2026-09-29,3563,牧德,listed,773.0,815.0,773.0,794.0,25.0,3.251,1814860,1438588241,4040,TWSE,common_stock,true,false,false,false,false,false,false,false,true,
2026-09-29,3576,聯合再生,listed,18.25,18.4,17.95,17.95,-0.3,-1.6438,11641227,210631448,5146,TWSE,common_stock,true,false,false,false,false,false,false,false,true,
2026-09-29,3583,辛耘,listed,698.0,721.0,698.0,713.0,15.0,2.149,714980,510406464,1570,TWSE,common_stock,true,false,false,false,false,false,false,false,true,
2026-09-29,3588,通嘉,listed,52.0,53.9,52.0,53.7,1.3,2.4809,133618,7164284,195,TWSE,common_stock,true,false,false,false,false,false,false,false,true,
2026-09-29,3591,艾笛森,listed,24.4,26.8,24.35,26.4,1.75,7.0994,1678493,43379967,1568,TWSE,common_stock,true,false,false,false,false,false,false,false,true,
2026-09-29,3592,瑞鼎,listed,222.5,228.0,222.5,225.0,0.5,0.2227,258399,58393725,500,TWSE,common_stock,true,false,false,false,false,false,false,false,true,
2026-09-29,3593,力銘,listed,10.25,10.45,10.0,10.3,0.8,8.4211,24771,252232,43,TWSE,common_stock,true,false,false,false,false,false,false,false,true,
2026-09-29,3596,智易,listed,154.5,155.5,153.0,153.5,0.0,0.0,450284,69582749,543,TWSE,common_stock,true,false,false,false,false,false,false,false,true,
2026-09-29,3605,宏致,listed,182.0,190.5,179.0,182.5,-1.0,-0.545,12502653,2311292536,12108,TWSE,common_stock,true,false,false,false,false,false,false,false,true,
2026-09-29,3607,谷崧,listed,13.7,13.8,13.7,13.7,-0.05,-0.3636,55129,756214,65,TWSE,common_stock,true,false,false,false,false,false,false,false,true,
2026-09-29,3617,碩天,listed,242.0,245.5,240.5,240.5,-2.0,-0.8247,258989,62701914,319,TWSE,common_stock,true,false,false,false,false,false,false,false,true,
2026-09-29,3622,洋華,listed,44.2,44.75,44.0,44.65,0.45,1.0181,112007,4985865,98,TWSE,common_stock,true,false,false,false,false,false,false,false,true,
2026-09-29,3645,達邁,listed,73.3,73.3,71.7,72.7,-0.6,-0.8186,1758340,127286078,1650,TWSE,common_stock,true,false,false,false,false,false,false,false,true,
2026-09-29,3652,精聯,listed,33.7,34.15,33.7,33.85,-0.25,-0.7331,45323,1536341,56,TWSE,common_stock,true,false,false,false,false,false,false,false,true,
2026-09-29,3653,健策,listed,7000.0,7160.0,6850.0,6895.0,-25.0,-0.3613,1660061,11585057305,7740,TWSE,common_stock,true,false,false,false,false,false,false,false,true,
2026-09-29,3661,世芯-KY,listed,3750.0,3795.0,3675.0,3685.0,-85.0,-2.2546,1176972,4381764150,10595,TWSE,common_stock,true,false,false,false,false,false,false,false,true,
2026-09-29,3665,貿聯-KY,listed,2385.0,2465.0,2375.0,2445.0,105.0,4.4872,4555402,11064171935,12285,TWSE,common_stock,true,false,false,false,false,false,false,false,true,
2026-09-29,3669,圓展,listed,32.25,32.5,32.25,32.45,0.2,0.6202,49381,1597546,50,TWSE,common_stock,true,false,false,false,false,false,false,false,true,
2026-09-29,3673,TPK-KY,listed,65.5,69.5,65.5,68.7,3.1,4.7256,11366605,777722182,8592,TWSE,common_stock,true,false,false,false,false,false,false,false,true,
2026-09-29,3679,新至陞,listed,108.5,108.5,108.0,108.5,-0.5,-0.4587,9180,994978,28,TWSE,common_stock,true,false,false,false,false,false,false,false,true,
2026-09-29,3686,達能,listed,14.65,15.0,14.65,14.85,0.05,0.3378,41418,613433,74,TWSE,common_stock,true,false,false,false,false,false,false,false,true,
2026-09-29,3694,海華,listed,50.8,50.8,50.2,50.4,0.1,0.1988,239881,12098987,204,TWSE,common_stock,true,false,false,false,false,false,false,false,true,
2026-09-29,3701,大眾控,listed,41.15,42.9,41.15,41.75,0.5,1.2121,552964,23301309,495,TWSE,common_stock,true,false,false,false,false,false,false,false,true,
2026-09-29,3702,大聯大,listed,117.5,120.0,115.0,115.0,-2.5,-2.1277,10942986,1274792594,6102,TWSE,common_stock,true,false,false,false,false,false,false,false,true,
2026-09-29,3703,欣陸,listed,19.75,19.85,19.5,19.5,-0.25,-1.2658,1119772,21984960,643,TWSE,common_stock,true,false,false,false,false,false,false,false,true,
2026-09-29,3704,合勤控,listed,40.5,40.7,39.9,40.25,-0.25,-0.6173,1130753,45486898,1069,TWSE,common_stock,true,false,false,false,false,false,false,false,true,
2026-09-29,3705,永信,listed,56.0,56.0,55.8,55.9,-0.1,-0.1786,125154,6998865,121,TWSE,common_stock,true,false,false,false,false,false,false,false,true,
2026-09-29,3706,神達,listed,78.5,79.0,78.2,78.9,0.4,0.5096,2938741,231343566,2523,TWSE,common_stock,true,false,false,false,false,false,false,false,true,
2026-09-29,3708,上緯投控,listed,98.1,99.5,97.6,97.6,-2.1,-2.1063,306892,30215909,915,TWSE,common_stock,true,false,false,false,false,false,false,false,true,
2026-09-29,3711,日月光投控,listed,685.0,693.0,678.0,687.0,-12.0,-1.7167,14276948,9777704689,23284,TWSE,common_stock,true,false,false,false,false,false,false,false,true,
2026-09-29,3712,永崴投控,listed,20.7,20.9,20.6,20.65,-0.05,-0.2415,426421,8848550,370,TWSE,common_stock,true,false,false,false,false,false,false,false,true,
2026-09-29,3714,富采,listed,66.6,69.0,66.4,68.1,0.5,0.7396,7402683,503944635,5470,TWSE,common_stock,true,false,false,false,false,false,false,false,true,
2026-09-29,3715,定穎投控,listed,121.5,126.5,120.5,124.5,1.5,1.2195,2792958,345939332,2705,TWSE,common_stock,true,false,false,false,false,false,false,false,true,
2026-09-29,3716,中化控股,listed,33.95,34.15,33.75,33.9,-0.05,-0.1473,134468,4562381,179,TWSE,common_stock,true,false,false,false,false,false,false,false,true,
2026-09-29,3717,聯嘉投控,listed,26.0,27.85,25.85,27.85,2.5,9.8619,17004945,466154498,6725,TWSE,common_stock,true,false,false,false,false,false,false,false,true,
2026-09-29,4104,佳醫,listed,71.9,72.5,71.9,72.1,0.2,0.2782,135872,9807854,239,TWSE,common_stock,true,false,false,false,false,false,false,false,true,
2026-09-29,4106,雃博,listed,24.1,24.25,24.1,24.25,0.05,0.2066,46364,1122084,79,TWSE,common_stock,true,false,false,false,false,false,false,false,true,
2026-09-29,4108,懷特,listed,11.45,11.75,11.35,11.35,-0.1,-0.8734,133476,1532663,118,TWSE,common_stock,true,false,false,false,false,false,false,false,true,
2026-09-29,4119,旭富,listed,56.7,56.9,55.3,55.4,-1.3,-2.2928,112376,6279671,497,TWSE,common_stock,true,false,false,false,false,false,false,false,true,
2026-09-29,4133,亞諾法,listed,20.35,20.8,20.35,20.45,0.1,0.4914,46762,957764,70,TWSE,common_stock,true,false,false,false,false,false,false,false,true,
2026-09-29,4137,麗豐-KY,listed,76.3,76.9,76.3,76.5,0.3,0.3937,76356,5848056,82,TWSE,common_stock,true,false,false,false,false,false,false,false,true,
2026-09-29,4142,國光生,listed,17.8,18.15,17.8,18.1,0.2,1.1173,1093940,19755966,612,TWSE,common_stock,true,false,false,false,false,false,false,false,true,
2026-09-29,4148,全宇生技-KY,listed,32.1,32.25,31.7,31.95,-0.45,-1.3889,58415,1862630,29,TWSE,common_stock,true,false,false,false,false,false,false,false,true,
2026-09-29,4155,訊映,listed,14.85,14.85,14.6,14.6,-0.25,-1.6835,150826,2212932,361,TWSE,common_stock,true,false,false,false,false,false,false,false,true,
2026-09-29,4164,承業醫,listed,26.45,27.25,26.45,26.9,0.5,1.8939,541103,14649628,363,TWSE,common_stock,true,false,false,false,false,false,false,false,true,
2026-09-29,4169,泰宗,listed,148.0,152.5,147.5,148.5,0.0,0.0,65399,9722124,146,TWSE,common_stock,true,false,false,false,false,false,false,false,true,
2026-09-29,4178,永笙-KY,listed,16.4,16.8,16.4,16.55,0.05,0.303,90603,1502057,54,TWSE,common_stock,true,false,false,false,false,false,false,false,true,
2026-09-29,4190,佐登-KY,listed,25.15,25.15,25.05,25.05,0.0,0.0,6232,156475,14,TWSE,common_stock,true,false,false,false,false,false,false,false,true,
2026-09-29,4195,基米-創,listed,14.4,15.8,14.4,15.8,1.4,9.7222,816104,12662859,522,TWSE,common_stock,true,false,false,false,false,false,false,false,true,
2026-09-29,4306,炎洲,listed,14.5,14.8,14.35,14.65,0.15,1.0345,863069,12558030,421,TWSE,common_stock,true,false,false,false,false,false,false,false,true,
2026-09-29,4414,如興,listed,8.21,8.21,8.11,8.11,-0.1,-1.218,139371,1137294,187,TWSE,common_stock,true,false,false,false,false,false,false,false,true,
2026-09-29,4426,利勤,listed,7.7,7.7,7.6,7.61,-0.15,-1.933,81280,620393,57,TWSE,common_stock,true,false,false,false,false,false,false,false,true,
2026-09-29,4438,廣越,listed,57.1,57.1,56.6,56.7,-0.3,-0.5263,16880,958727,42,TWSE,common_stock,true,false,false,false,false,false,false,false,true,
2026-09-29,4439,冠星-KY,listed,96.8,96.8,95.0,96.5,0.1,0.1037,14109,1352157,20,TWSE,common_stock,true,false,false,false,false,false,false,false,true,
2026-09-29,4440,宜新實業,listed,17.45,17.5,17.35,17.45,0.0,0.0,27020,471350,25,TWSE,common_stock,true,false,false,false,false,false,false,false,true,
2026-09-29,4441,振大環球,listed,170.5,171.5,170.0,170.0,-1.0,-0.5848,68339,11648865,96,TWSE,common_stock,true,false,false,false,false,false,false,false,true,
2026-09-29,4526,東台,listed,31.75,32.7,31.45,32.15,0.4,1.2598,1230357,39737004,935,TWSE,common_stock,true,false,false,false,false,false,false,false,true,
2026-09-29,4532,瑞智,listed,25.2,25.35,25.0,25.05,-0.15,-0.5952,535748,13435304,341,TWSE,common_stock,true,false,false,false,false,false,false,false,true,
2026-09-29,4536,拓凱,listed,164.5,164.5,161.5,161.5,-3.5,-2.1212,167097,27167065,352,TWSE,common_stock,true,false,false,false,false,false,false,false,true,
2026-09-29,4540,全球傳動,listed,60.2,62.7,60.0,62.6,2.6,4.3333,5084830,315354346,4409,TWSE,common_stock,true,false,false,false,false,false,false,false,true,
2026-09-29,4545,銘鈺,listed,34.15,35.6,33.7,35.55,2.45,7.4018,326852,11409399,300,TWSE,common_stock,true,false,false,false,false,false,false,false,true,
2026-09-29,4551,智伸科,listed,162.5,179.5,162.0,179.5,16.0,9.7859,2692592,469794935,2379,TWSE,common_stock,true,false,false,false,false,false,false,false,true,
2026-09-29,4552,力達-KY,listed,15.5,15.55,15.35,15.35,-0.25,-1.6026,126861,1957547,95,TWSE,common_stock,true,false,false,false,false,false,false,false,true,
2026-09-29,4555,氣立,listed,41.75,42.25,41.2,41.6,-0.05,-0.12,69189,2890702,73,TWSE,common_stock,true,false,false,false,false,false,false,false,true,
2026-09-29,4557,永新-KY,listed,49.6,50.4,49.6,50.1,0.3,0.6024,34834,1740890,58,TWSE,common_stock,true,false,false,false,false,false,false,false,true,
2026-09-29,4560,強信-KY,listed,29.55,29.55,29.2,29.35,-0.2,-0.6768,139100,4081200,72,TWSE,common_stock,true,false,false,false,false,false,false,false,true,
2026-09-29,4562,穎漢,listed,30.0,30.35,29.8,30.0,0.0,0.0,103878,3119344,82,TWSE,common_stock,true,false,false,false,false,false,false,false,true,
2026-09-29,4564,元翎,listed,16.15,16.25,16.1,16.2,0.15,0.9346,447952,7243338,274,TWSE,common_stock,true,false,false,false,false,false,false,false,true,
2026-09-29,4566,時碩工業,listed,74.3,75.2,71.7,73.2,-1.1,-1.4805,6270637,459064412,7109,TWSE,common_stock,true,false,false,false,false,false,false,false,true,
2026-09-29,4569,六方科-KY,listed,154.0,156.0,153.0,154.0,-1.0,-0.6452,35115,5423706,37,TWSE,common_stock,true,false,false,false,false,false,false,false,true,
2026-09-29,4571,鈞興-KY,listed,152.0,153.5,152.0,152.5,0.0,0.0,46746,7142624,115,TWSE,common_stock,true,false,false,false,false,false,false,false,true,
2026-09-29,4572,駐龍,listed,140.0,140.0,138.5,139.0,-0.5,-0.3584,15872,2206649,31,TWSE,common_stock,true,false,false,false,false,false,false,false,true,
2026-09-29,4576,大銀微系統,listed,226.0,241.0,224.5,241.0,16.0,7.1111,2503523,591423022,3531,TWSE,common_stock,true,false,false,false,false,false,false,false,true,
2026-09-29,4581,光隆精密-KY,listed,47.7,47.7,47.7,47.7,-0.05,-0.1047,1000,47700,1,TWSE,common_stock,true,false,false,false,false,false,false,false,true,
2026-09-29,4582,聚恆-創,listed,22.45,22.45,22.2,22.2,-0.25,-1.1136,23001,513972,19,TWSE,common_stock,true,false,false,false,false,false,false,false,true,
2026-09-29,4583,台灣精銳,listed,429.0,437.0,429.0,429.0,0.0,0.0,38563,16647564,171,TWSE,common_stock,true,false,false,false,false,false,false,false,true,
2026-09-29,4585,達明,listed,289.0,295.5,289.0,290.0,-3.0,-1.0239,130588,38048774,415,TWSE,common_stock,true,false,false,false,false,false,false,false,true,
2026-09-29,4588,玖鼎電力,listed,54.9,55.6,54.6,55.3,0.5,0.9124,40000,2205900,38,TWSE,common_stock,true,false,false,false,false,false,false,false,true,
2026-09-29,4590,富田-創,listed,90.0,90.0,88.1,88.5,-1.2,-1.3378,112776,9999939,130,TWSE,common_stock,true,false,false,false,false,false,false,false,true,
2026-09-29,4720,德淵,listed,19.15,19.4,19.15,19.15,0.1,0.5249,383913,7408027,262,TWSE,common_stock,true,false,false,false,false,false,false,false,true,
2026-09-29,4722,國精化,listed,184.0,194.5,184.0,190.0,6.0,3.2609,633493,120266901,730,TWSE,common_stock,true,false,false,false,false,false,false,false,true,
2026-09-29,4736,泰博,listed,130.0,131.0,128.0,128.5,-1.0,-0.7722,140135,18129177,237,TWSE,common_stock,true,false,false,false,false,false,false,false,true,
2026-09-29,4737,華廣,listed,56.8,56.8,55.5,55.6,-0.7,-1.2433,21141,1182979,27,TWSE,common_stock,true,false,false,false,false,false,false,false,true,
2026-09-29,4739,康普,listed,80.1,85.0,80.0,83.2,3.7,4.6541,1792925,149836336,1812,TWSE,common_stock,true,false,false,false,false,false,false,false,true,
2026-09-29,4746,台耀,listed,47.8,48.2,47.45,47.7,-0.35,-0.7284,873374,41783822,629,TWSE,common_stock,true,false,false,false,false,false,false,false,true,
2026-09-29,4755,三福化,listed,115.5,118.5,115.0,118.0,2.5,2.1645,196326,23036350,307,TWSE,common_stock,true,false,false,false,false,false,false,false,true,
2026-09-29,4763,材料*-KY,listed,46.4,46.85,45.8,46.85,0.75,1.6269,6564454,303838992,2909,TWSE,common_stock,true,false,false,false,false,false,false,false,true,
2026-09-29,4764,雙鍵,listed,179.5,184.0,175.0,183.0,0.0,0.0,1162027,209856496,1478,TWSE,common_stock,true,false,false,false,false,false,false,false,true,
2026-09-29,4766,南寶,listed,343.5,344.0,341.0,341.0,-2.5,-0.7278,75315,25775148,225,TWSE,common_stock,true,false,false,false,false,false,false,false,true,
2026-09-29,4770,上品,listed,277.0,295.0,277.0,286.5,5.0,1.7762,2148058,619120414,3370,TWSE,common_stock,true,false,false,false,false,false,false,false,true,
2026-09-29,4771,望隼,listed,213.5,215.0,211.0,211.5,-0.5,-0.2358,76634,16307317,543,TWSE,common_stock,true,false,false,false,false,false,false,false,true,
2026-09-29,4807,日成-KY,listed,29.55,29.55,29.15,29.15,-0.15,-0.5119,59195,1734120,55,TWSE,common_stock,true,false,false,false,false,false,false,false,true,
2026-09-29,4904,遠傳,listed,106.0,106.0,104.0,104.5,-1.0,-0.9479,5442744,570516339,3003,TWSE,common_stock,true,false,false,false,false,false,false,false,true,
2026-09-29,4906,正文,listed,37.65,40.8,37.45,40.2,2.55,6.7729,13404590,534770777,8318,TWSE,common_stock,true,false,false,false,false,false,false,false,true,
2026-09-29,4912,聯德控股-KY,listed,96.4,97.6,95.2,96.8,0.0,0.0,336807,32504818,576,TWSE,common_stock,true,false,false,false,false,false,false,false,true,
2026-09-29,4915,致伸,listed,64.1,64.4,63.4,63.5,-0.6,-0.936,1749925,111448516,1708,TWSE,common_stock,true,false,false,false,false,false,false,false,true,
2026-09-29,4916,事欣科,listed,102.0,102.5,101.0,101.5,-1.0,-0.9756,962674,97893813,1061,TWSE,common_stock,true,false,false,false,false,false,false,false,true,
2026-09-29,4919,新唐,listed,134.0,139.5,132.0,135.5,-0.5,-0.3676,9319257,1269634798,7669,TWSE,common_stock,true,false,false,false,false,false,false,false,true,
2026-09-29,4927,泰鼎-KY,listed,43.75,44.3,43.4,43.75,0.05,0.1144,1936781,84825678,1874,TWSE,common_stock,true,false,false,false,false,false,false,false,true,
2026-09-29,4930,燦星網,listed,15.95,15.95,15.85,15.85,-0.2,-1.2461,14291,227527,49,TWSE,common_stock,true,false,false,false,false,false,false,false,true,
2026-09-29,4934,太極,listed,14.2,14.25,14.1,14.15,0.0,0.0,192772,2732667,165,TWSE,common_stock,true,false,false,false,false,false,false,false,true,
2026-09-29,4935,茂林-KY,listed,33.2,33.2,32.65,32.65,-0.3,-0.9105,59283,1946559,65,TWSE,common_stock,true,false,false,false,false,false,false,false,true,
2026-09-29,4938,和碩,listed,91.8,95.0,90.8,90.8,-0.5,-0.5476,11561261,1063134392,8424,TWSE,common_stock,true,false,false,false,false,false,false,false,true,
2026-09-29,4942,嘉彰,listed,31.95,32.0,31.7,31.95,0.3,0.9479,45000,1438050,31,TWSE,common_stock,true,false,false,false,false,false,false,false,true,
2026-09-29,4943,康控-KY,listed,7.11,7.14,6.98,6.98,-0.01,-0.1431,16653,117061,18,TWSE,common_stock,true,false,false,false,false,false,false,false,true,
2026-09-29,4949,有成精密,listed,74.7,76.9,74.6,76.0,1.4,1.8767,499018,37959058,464,TWSE,common_stock,true,false,false,false,false,false,false,false,true,
2026-09-29,4952,凌通,listed,48.95,49.8,48.95,49.2,0.25,0.5107,115759,5726261,120,TWSE,common_stock,true,false,false,false,false,false,false,false,true,
2026-09-29,4956,光鋐,listed,43.55,46.2,43.5,46.0,1.5,3.3708,16057652,729662084,10154,TWSE,common_stock,true,false,false,false,false,false,false,false,true,
2026-09-29,4958,臻鼎-KY,listed,479.0,499.5,472.5,498.5,23.0,4.837,41991459,20631585314,46910,TWSE,common_stock,true,false,false,false,false,false,false,false,true,
2026-09-29,4960,誠美材,listed,22.3,23.85,22.3,23.45,1.0,4.4543,5046690,117722440,2783,TWSE,common_stock,true,false,false,false,false,false,false,false,true,
2026-09-29,4961,天鈺,listed,180.5,188.0,179.5,184.5,4.0,2.2161,1610173,298897449,7267,TWSE,common_stock,true,false,false,false,false,false,false,false,true,
2026-09-29,4967,十銓,listed,270.5,273.0,270.0,272.0,-0.5,-0.1835,572713,155692090,1556,TWSE,common_stock,true,false,false,false,false,false,false,false,true,
2026-09-29,4968,立積,listed,92.5,94.0,92.2,92.8,0.3,0.3243,264713,24665207,715,TWSE,common_stock,true,false,false,false,false,false,false,false,true,
2026-09-29,4976,佳凌,listed,35.2,35.65,35.1,35.5,0.3,0.8523,455830,16157133,322,TWSE,common_stock,true,false,false,false,false,false,false,false,true,
2026-09-29,4977,眾達-KY,listed,167.0,171.5,165.5,168.5,0.0,0.0,1245907,210379897,1429,TWSE,common_stock,true,false,false,false,false,false,false,false,true,
2026-09-29,4989,榮科,listed,59.6,60.3,59.3,59.5,0.1,0.1684,1431027,85299666,1406,TWSE,common_stock,true,false,false,false,false,false,false,false,true,
2026-09-29,4994,傳奇,listed,82.5,82.5,81.0,82.3,-0.2,-0.2424,8694,711423,47,TWSE,common_stock,true,false,false,false,false,false,false,false,true,
2026-09-29,4999,鑫禾,listed,17.95,18.0,17.7,17.7,-0.25,-1.3928,37859,674765,122,TWSE,common_stock,true,false,false,false,false,false,false,false,true,
2026-09-29,5007,三星,listed,55.6,56.0,55.4,55.4,-0.2,-0.3597,42297,2355063,85,TWSE,common_stock,true,false,false,false,false,false,false,false,true,
2026-09-29,5203,訊連,listed,58.3,60.1,58.3,58.6,0.3,0.5146,147899,8788474,168,TWSE,common_stock,true,false,false,false,false,false,false,false,true,
2026-09-29,5215,科嘉-KY,listed,38.05,38.05,37.3,37.3,-0.65,-1.7128,30159,1140603,51,TWSE,common_stock,true,false,false,false,false,false,false,false,true,
2026-09-29,5222,全訊,listed,106.0,107.0,104.5,104.5,-0.5,-0.4762,159423,16820763,259,TWSE,common_stock,true,false,false,false,false,false,false,false,true,
2026-09-29,5225,東科-KY,listed,56.1,56.2,55.0,55.3,-0.9,-1.6014,116342,6436567,146,TWSE,common_stock,true,false,false,false,false,false,false,false,true,
2026-09-29,5234,達興材料,listed,294.5,322.0,294.0,322.0,29.0,9.8976,635167,199512226,1015,TWSE,common_stock,true,false,false,false,false,false,false,false,true,
2026-09-29,5236,凌陽創新,listed,135.5,137.0,135.0,135.5,0.0,0.0,48510,6593246,82,TWSE,common_stock,true,false,false,false,false,false,false,false,true,
2026-09-29,5243,乙盛-KY,listed,88.1,89.6,88.0,88.7,-0.4,-0.4489,593023,52643131,824,TWSE,common_stock,true,false,false,false,false,false,false,false,true,
2026-09-29,5244,弘凱,listed,35.05,36.0,35.0,35.5,-0.25,-0.6993,81001,2881185,72,TWSE,common_stock,true,false,false,false,false,false,false,false,true,
2026-09-29,5258,虹堡,listed,41.6,41.6,41.2,41.2,-0.2,-0.4831,113462,4693398,136,TWSE,common_stock,true,false,false,false,false,false,false,false,true,
2026-09-29,5269,祥碩,listed,1485.0,1495.0,1460.0,1475.0,-5.0,-0.3378,255261,377528790,1063,TWSE,common_stock,true,false,false,false,false,false,false,false,true,
2026-09-29,5283,禾聯碩,listed,52.8,53.1,52.5,52.6,-0.4,-0.7547,36234,1908761,147,TWSE,common_stock,true,false,false,false,false,false,false,false,true,
2026-09-29,5284,jpp-KY,listed,298.5,303.0,298.0,300.0,4.5,1.5228,260949,78370447,494,TWSE,common_stock,true,false,false,false,false,false,false,false,true,
2026-09-29,5285,界霖,listed,89.9,92.9,89.1,90.5,0.6,0.6674,781129,71190288,780,TWSE,common_stock,true,false,false,false,false,false,false,false,true,
2026-09-29,5288,豐祥-KY,listed,188.0,188.5,186.0,186.5,-1.0,-0.5333,103079,19247237,414,TWSE,common_stock,true,false,false,false,false,false,false,false,true,
2026-09-29,5292,華懋,listed,217.0,219.0,215.5,218.5,1.0,0.4598,36861,8016183,342,TWSE,common_stock,true,false,false,false,false,false,false,false,true,
2026-09-29,5306,桂盟,listed,88.8,89.3,88.5,88.6,-0.1,-0.1127,49248,4372765,132,TWSE,common_stock,true,false,false,false,false,false,false,false,true,
2026-09-29,5388,中磊,listed,73.1,73.1,71.7,71.7,-1.7,-2.3161,2347623,169386800,2200,TWSE,common_stock,true,false,false,false,false,false,false,false,true,
2026-09-29,5434,崇越,listed,539.0,545.0,538.0,540.0,-2.0,-0.369,390228,211395591,817,TWSE,common_stock,true,false,false,false,false,false,false,false,true,
2026-09-29,5469,瀚宇博,listed,73.4,73.8,73.1,73.6,0.6,0.8219,584373,42984788,558,TWSE,common_stock,true,false,false,false,false,false,false,false,true,
2026-09-29,5471,松翰,listed,51.9,52.9,51.8,52.7,1.0,1.9342,521664,27395799,517,TWSE,common_stock,true,false,false,false,false,false,false,false,true,
2026-09-29,5484,慧友,listed,39.7,39.7,39.15,39.25,-0.2,-0.507,74494,2930074,92,TWSE,common_stock,true,false,false,false,false,false,false,false,true,
2026-09-29,5515,建國,listed,52.5,52.8,52.3,52.7,0.0,0.0,253867,13361248,223,TWSE,common_stock,true,false,false,false,false,false,false,false,true,
2026-09-29,5519,隆大,listed,25.05,25.15,25.0,25.0,-0.05,-0.1996,147353,3690706,177,TWSE,common_stock,true,false,false,false,false,false,false,false,true,
2026-09-29,5521,工信,listed,10.5,10.5,10.45,10.5,0.0,0.0,601362,6290945,339,TWSE,common_stock,true,false,false,false,false,false,false,false,true,
2026-09-29,5522,遠雄,listed,60.7,61.0,60.7,60.7,0.0,0.0,371905,22611290,452,TWSE,common_stock,true,false,false,false,false,false,false,false,true,
2026-09-29,5525,順天,listed,22.0,22.0,21.8,21.95,-0.05,-0.2273,53695,1177017,61,TWSE,common_stock,true,false,false,false,false,false,false,false,true,
2026-09-29,5531,鄉林,listed,6.96,7.01,6.85,6.85,-0.13,-1.8625,677557,4660481,423,TWSE,common_stock,true,false,false,false,false,false,false,false,true,
2026-09-29,5533,皇鼎,listed,13.95,13.95,13.85,13.85,-0.05,-0.3597,22277,308849,25,TWSE,common_stock,true,false,false,false,false,false,false,false,true,
2026-09-29,5534,長虹,listed,73.8,73.9,73.3,73.3,-0.6,-0.8119,500299,36838152,530,TWSE,common_stock,true,false,false,false,false,false,false,false,true,
2026-09-29,5538,東明-KY,listed,36.2,36.2,35.3,35.4,0.1,0.2833,26710,946764,100,TWSE,common_stock,true,false,false,false,false,false,false,false,true,
2026-09-29,5546,永固-KY,listed,14.2,14.2,14.1,14.1,-0.3,-2.0833,32000,453700,14,TWSE,common_stock,true,false,false,false,false,false,false,false,true,
2026-09-29,5607,遠雄港,listed,52.3,52.6,51.7,51.9,-0.3,-0.5747,796752,41377437,881,TWSE,common_stock,true,false,false,false,false,false,false,false,true,
2026-09-29,5608,四維航,listed,16.95,17.0,16.6,16.7,-0.3,-1.7647,2452196,40918517,1413,TWSE,common_stock,true,false,false,false,false,false,false,false,true,
2026-09-29,5706,鳳凰,listed,44.3,44.3,43.6,43.9,0.0,0.0,67556,2964812,90,TWSE,common_stock,true,false,false,false,false,false,false,false,true,
2026-09-29,5871,中租-KY,listed,107.0,107.5,106.5,107.0,0.0,0.0,5001745,535163862,4173,TWSE,common_stock,true,false,false,false,false,false,false,false,true,
2026-09-29,5871A,中租-KY甲特,listed,99.9,100.0,99.9,99.9,0.0,0.0,103323,10323171,37,TWSE,warrant,false,false,true,false,false,false,false,false,false,security_type=warrant;symbol_not_4_digit
2026-09-29,5876,上海商銀,listed,48.95,49.35,48.55,48.85,-0.1,-0.2043,6497420,317746191,2994,TWSE,common_stock,true,false,false,false,false,false,false,false,true,
2026-09-29,5880,合庫金,listed,26.45,26.6,26.0,26.05,-0.4,-1.5123,17358159,455089857,7570,TWSE,common_stock,true,false,false,false,false,false,false,false,true,
2026-09-29,5906,台南-KY,listed,,,,,0.0,,0,0,0,TWSE,other,false,false,false,false,false,false,false,false,false,invalid_close;invalid_volume;invalid_turnover
2026-09-29,5907,大洋-KY,listed,4.85,4.85,4.79,4.79,-0.04,-0.8282,96136,464569,50,TWSE,common_stock,true,false,false,false,false,false,false,false,true,
2026-09-29,6005,群益證,listed,32.0,32.15,31.65,31.65,-0.35,-1.0938,4412919,140381723,3002,TWSE,etf,false,true,false,false,false,false,false,false,false,security_type=etf
2026-09-29,6024,群益期,listed,60.8,61.1,59.7,60.2,-0.6,-0.9868,304599,18360658,383,TWSE,etf,false,true,false,false,false,false,false,false,false,security_type=etf
2026-09-29,6108,競國,listed,24.5,24.65,24.0,24.4,0.0,0.0,1269830,30885325,813,TWSE,common_stock,true,false,false,false,false,false,false,false,true,
2026-09-29,6112,邁達特,listed,47.75,47.9,47.0,47.35,-0.35,-0.7338,861750,40793953,784,TWSE,common_stock,true,false,false,false,false,false,false,false,true,
2026-09-29,6115,鎰勝,listed,44.05,44.3,43.95,44.0,-0.05,-0.1135,113334,4995571,99,TWSE,common_stock,true,false,false,false,false,false,false,false,true,
2026-09-29,6116,彩晶,listed,14.9,15.2,14.6,14.9,0.0,0.0,32973446,493390130,10515,TWSE,common_stock,true,false,false,false,false,false,false,false,true,
2026-09-29,6117,迎廣,listed,61.9,62.2,61.7,61.7,0.0,0.0,154228,9546741,147,TWSE,common_stock,true,false,false,false,false,false,false,false,true,
2026-09-29,6120,達運,listed,12.75,13.25,12.65,13.05,0.3,2.3529,2603544,34076367,1145,TWSE,common_stock,true,false,false,false,false,false,false,false,true,
2026-09-29,6128,上福,listed,19.1,19.35,19.1,19.1,-0.15,-0.7792,35311,675693,34,TWSE,common_stock,true,false,false,false,false,false,false,false,true,
2026-09-29,6133,金橋,listed,25.9,28.5,25.9,28.5,2.55,9.8266,9954159,280205836,5903,TWSE,common_stock,true,false,false,false,false,false,false,false,true,
2026-09-29,6136,富爾特,listed,24.9,25.15,24.85,24.95,0.05,0.2008,130621,3260265,109,TWSE,common_stock,true,false,false,false,false,false,false,false,true,
2026-09-29,6139,亞翔,listed,753.0,759.0,726.0,732.0,-21.0,-2.7888,3500385,2574286858,7952,TWSE,common_stock,true,false,false,false,false,false,false,false,true,
2026-09-29,6141,柏承,listed,52.6,53.3,51.3,52.9,1.1,2.1236,1437515,75158127,1191,TWSE,common_stock,true,false,false,false,false,false,false,false,true,
2026-09-29,6142,友勁,listed,9.19,9.19,9.05,9.06,0.0,0.0,262971,2398333,369,TWSE,common_stock,true,false,false,false,false,false,false,false,true,
2026-09-29,6152,百一,listed,15.05,15.1,14.75,15.1,0.1,0.6667,588881,8776167,371,TWSE,common_stock,true,false,false,false,false,false,false,false,true,
2026-09-29,6153,嘉聯益,listed,17.2,17.75,17.2,17.65,0.45,2.6163,3119140,54822502,1526,TWSE,common_stock,true,false,false,false,false,false,false,false,true,
2026-09-29,6155,鈞寶,listed,61.5,64.9,61.2,64.0,3.8,6.3123,7364788,467373353,6746,TWSE,common_stock,true,false,false,false,false,false,false,false,true,
2026-09-29,6164,華興,listed,12.2,12.5,12.2,12.4,0.15,1.2245,254364,3151551,183,TWSE,common_stock,true,false,false,false,false,false,false,false,true,
2026-09-29,6165,浪凡,listed,48.95,49.1,48.6,48.85,-0.1,-0.2043,113250,5528289,107,TWSE,common_stock,true,false,false,false,false,false,false,false,true,
2026-09-29,6166,凌華,listed,131.0,143.5,130.0,135.0,3.0,2.2727,5049553,694669801,5269,TWSE,common_stock,true,false,false,false,false,false,false,false,true,
2026-09-29,6168,宏齊,listed,44.4,45.55,44.3,45.2,1.2,2.7273,5660688,254227360,4612,TWSE,common_stock,true,false,false,false,false,false,false,false,true,
2026-09-29,6176,瑞儀,listed,91.2,91.9,90.2,90.2,-1.6,-1.7429,1403217,127488307,1902,TWSE,common_stock,true,false,false,false,false,false,false,false,true,
2026-09-29,6177,達麗,listed,46.25,46.55,46.0,46.25,0.05,0.1082,620878,28726454,718,TWSE,common_stock,true,false,false,false,false,false,false,false,true,
2026-09-29,6183,關貿,listed,91.3,91.3,90.0,90.5,-0.8,-0.8762,78004,7057786,91,TWSE,common_stock,true,false,false,false,false,false,false,false,true,
2026-09-29,6184,大豐電,listed,40.3,40.35,40.0,40.1,-0.2,-0.4963,94428,3787305,93,TWSE,common_stock,true,false,false,false,false,false,false,false,true,
2026-09-29,6189,豐藝,listed,49.2,50.3,49.2,50.2,1.0,2.0325,997103,49771415,920,TWSE,common_stock,true,false,false,false,false,false,false,false,true,
2026-09-29,6191,精成科,listed,82.3,83.9,82.1,83.1,0.8,0.9721,1039095,86526288,961,TWSE,common_stock,true,false,false,false,false,false,false,false,true,
2026-09-29,6192,巨路,listed,110.0,110.5,109.5,109.5,-1.0,-0.905,78523,8628270,113,TWSE,common_stock,true,false,false,false,false,false,false,false,true,
2026-09-29,6196,帆宣,listed,554.0,554.0,537.0,544.0,-21.0,-3.7168,1880519,1025999093,3852,TWSE,common_stock,true,false,false,false,false,false,false,false,true,
2026-09-29,6197,佳必琪,listed,322.0,322.5,318.5,319.0,-1.0,-0.3125,683759,218827453,1822,TWSE,common_stock,true,false,false,false,false,false,false,false,true,
2026-09-29,6201,亞弘電,listed,44.8,44.8,44.1,44.2,-0.5,-1.1186,47983,2130600,60,TWSE,common_stock,true,false,false,false,false,false,false,false,true,
2026-09-29,6202,盛群,listed,58.2,59.0,58.0,58.4,0.2,0.3436,694313,40657969,664,TWSE,common_stock,true,false,false,false,false,false,false,false,true,
2026-09-29,6205,詮欣,listed,72.5,72.8,70.5,71.1,-2.5,-3.3967,2134375,152569868,1978,TWSE,common_stock,true,false,false,false,false,false,false,false,true,
2026-09-29,6206,飛捷,listed,139.0,145.0,138.5,143.0,4.0,2.8777,1288184,183524703,1452,TWSE,common_stock,true,false,false,false,false,false,false,false,true,
2026-09-29,6209,今國光,listed,80.1,84.2,79.6,81.5,1.6,2.0025,10707256,878127817,10928,TWSE,common_stock,true,false,false,false,false,false,false,false,true,
2026-09-29,6213,聯茂,listed,620.0,628.0,588.0,620.0,25.0,4.2017,27479007,16662855592,31142,TWSE,common_stock,true,false,false,false,false,false,false,false,true,
2026-09-29,6214,精誠,listed,190.5,190.5,188.0,189.0,-1.5,-0.7874,1149103,217007508,905,TWSE,common_stock,true,false,false,false,false,false,false,false,true,
2026-09-29,6215,和椿,listed,96.8,98.2,96.3,97.2,0.4,0.4132,178676,17426551,293,TWSE,common_stock,true,false,false,false,false,false,false,false,true,
2026-09-29,6216,居易,listed,19.5,19.6,19.45,19.5,-0.05,-0.2558,49833,971681,49,TWSE,common_stock,true,false,false,false,false,false,false,false,true,
2026-09-29,6224,聚鼎,listed,82.2,82.2,79.4,81.2,-1.0,-1.2165,704380,56684186,892,TWSE,common_stock,true,false,false,false,false,false,false,false,true,
2026-09-29,6225,天瀚,listed,46.35,55.4,46.35,55.4,5.0,9.9206,800324,41988041,627,TWSE,common_stock,true,false,false,false,false,false,false,false,true,
2026-09-29,6226,光鼎,listed,44.25,45.55,43.45,45.55,1.55,3.5227,2182112,97224716,1767,TWSE,common_stock,true,false,false,false,false,false,false,false,true,
2026-09-29,6230,尼得科超眾,listed,113.0,115.5,111.5,111.5,-1.5,-1.3274,39395,4462727,92,TWSE,common_stock,true,false,false,false,false,false,false,false,true,
2026-09-29,6235,華孚,listed,38.6,39.4,38.55,38.85,0.15,0.3876,229677,8938273,254,TWSE,common_stock,true,false,false,false,false,false,false,false,true,
2026-09-29,6239,力成,listed,285.5,285.5,279.5,281.0,-6.0,-2.0906,6785487,1909973351,11442,TWSE,common_stock,true,false,false,false,false,false,false,false,true,
2026-09-29,6243,迅杰,listed,39.5,39.85,38.9,39.0,-0.5,-1.2658,362425,14234719,348,TWSE,common_stock,true,false,false,false,false,false,false,false,true,
2026-09-29,6257,矽格,listed,239.5,241.5,235.0,236.5,-6.5,-2.6749,6304390,1493099050,7701,TWSE,common_stock,true,false,false,false,false,false,false,false,true,
2026-09-29,6269,台郡,listed,64.8,65.4,64.3,64.9,0.1,0.1543,1825258,118694850,1422,TWSE,common_stock,true,false,false,false,false,false,false,false,true,
2026-09-29,6271,同欣電,listed,227.0,229.5,226.0,227.0,-2.0,-0.8734,1230881,279885137,3611,TWSE,common_stock,true,false,false,false,false,false,false,false,true,
2026-09-29,6272,驊陞,listed,25.45,25.45,25.0,25.4,0.1,0.3953,140022,3538597,95,TWSE,common_stock,true,false,false,false,false,false,false,false,true,
2026-09-29,6277,宏正,listed,77.4,78.5,76.6,76.7,-1.1,-1.4139,132823,10289354,559,TWSE,common_stock,true,false,false,false,false,false,false,false,true,
2026-09-29,6278,台表科,listed,209.0,221.5,209.0,216.0,4.0,1.8868,11298020,2447130847,12057,TWSE,common_stock,true,false,false,false,false,false,false,false,true,
2026-09-29,6281,全國電,listed,51.0,51.2,50.8,51.2,0.2,0.3922,48633,2478403,102,TWSE,common_stock,true,false,false,false,false,false,false,false,true,
2026-09-29,6282,康舒,listed,42.75,43.35,42.55,42.8,-0.05,-0.1167,2561775,109993201,2350,TWSE,common_stock,true,false,false,false,false,false,false,false,true,
2026-09-29,6283,淳安,listed,18.85,19.25,18.8,18.8,-0.05,-0.2653,60120,1139049,42,TWSE,common_stock,true,false,false,false,false,false,false,false,true,
2026-09-29,6285,啟碁,listed,238.5,238.5,232.0,232.5,-5.5,-2.3109,2760613,645865441,3424,TWSE,common_stock,true,false,false,false,false,false,false,false,true,
2026-09-29,6405,悅城,listed,41.1,45.55,40.95,45.55,4.1,9.8914,1486305,66105747,950,TWSE,common_stock,true,false,false,false,false,false,false,false,true,
2026-09-29,6409,旭隼,listed,877.0,894.0,872.0,877.0,-2.0,-0.2275,225342,198582314,769,TWSE,common_stock,true,false,false,false,false,false,false,false,true,
2026-09-29,6412,群電,listed,74.3,75.2,73.8,74.1,-0.5,-0.6702,437674,32570237,482,TWSE,common_stock,true,false,false,false,false,false,false,false,true,
2026-09-29,6414,樺漢,listed,380.5,409.5,377.5,398.0,24.0,6.4171,3643742,1453934122,5959,TWSE,common_stock,true,false,false,false,false,false,false,false,true,
2026-09-29,6415,矽力*-KY,listed,416.0,417.0,408.5,409.0,-16.5,-3.8778,3215719,1323647141,4022,TWSE,common_stock,true,false,false,false,false,false,false,false,true,
2026-09-29,6416,瑞祺電通,listed,116.0,118.0,115.0,116.0,-0.5,-0.4292,276356,32100416,429,TWSE,common_stock,true,false,false,false,false,false,false,false,true,
2026-09-29,6426,統新,listed,381.5,388.5,350.5,354.0,-35.0,-8.9974,3408026,1228761927,4639,TWSE,common_stock,true,false,false,false,false,false,false,false,true,
2026-09-29,6431,光麗-KY,listed,17.2,17.55,17.0,17.55,0.4,2.3324,40001,683967,31,TWSE,common_stock,true,false,false,false,false,false,false,false,true,
2026-09-29,6438,迅得,listed,157.0,164.0,156.0,162.0,4.5,2.8571,1008689,163427175,1631,TWSE,common_stock,true,false,false,false,false,false,false,false,true,
2026-09-29,6442,光聖,listed,1530.0,1545.0,1490.0,1500.0,-30.0,-1.9608,850892,1282528340,5072,TWSE,common_stock,true,false,false,false,false,false,false,false,true,
2026-09-29,6443,元晶,listed,27.4,27.9,27.2,27.5,-0.75,-2.6549,3356314,92455316,2395,TWSE,common_stock,true,false,false,false,false,false,false,false,true,
2026-09-29,6446,藥華藥,listed,1160.0,1200.0,1160.0,1195.0,40.0,3.4632,2230766,2649082330,5548,TWSE,common_stock,true,false,false,false,false,false,false,false,true,
2026-09-29,6449,鈺邦,listed,211.0,211.0,205.0,205.5,-4.0,-1.9093,510332,105994538,960,TWSE,common_stock,true,false,false,false,false,false,false,false,true,
2026-09-29,6451,訊芯-KY,listed,410.0,422.5,408.5,416.5,4.5,1.0922,822428,342185482,1340,TWSE,common_stock,true,false,false,false,false,false,false,false,true,
2026-09-29,6456,GIS-KY,listed,85.0,89.4,84.1,89.4,8.1,9.9631,18926798,1676209772,8312,TWSE,common_stock,true,false,false,false,false,false,false,false,true,
2026-09-29,6464,台數科,listed,76.5,76.5,75.8,75.8,-1.2,-1.5584,19400,1478017,58,TWSE,common_stock,true,false,false,false,false,false,false,false,true,
2026-09-29,6472,保瑞,listed,425.5,428.5,422.0,422.5,1.0,0.2372,277944,117989477,634,TWSE,common_stock,true,false,false,false,false,false,false,false,true,
2026-09-29,6477,安集,listed,34.0,34.35,34.0,34.1,0.1,0.2941,230701,7878974,230,TWSE,common_stock,true,false,false,false,false,false,false,false,true,
2026-09-29,6491,晶碩,listed,402.0,406.0,399.5,406.0,4.0,0.995,213667,86382608,371,TWSE,common_stock,true,false,false,false,false,false,false,false,true,
2026-09-29,6504,南六,listed,37.5,37.5,37.0,37.2,0.15,0.4049,3094,115203,11,TWSE,common_stock,true,false,false,false,false,false,false,false,true,
2026-09-29,6505,台塑化,listed,90.0,95.5,89.9,94.3,7.1,8.1422,40587920,3827737724,31747,TWSE,common_stock,true,false,false,false,false,false,false,false,true,
2026-09-29,6515,穎崴,listed,5720.0,5765.0,5650.0,5675.0,-175.0,-2.9915,384513,2194365140,11665,TWSE,common_stock,true,false,false,false,false,false,false,false,true,
2026-09-29,6525,捷敏-KY,listed,133.5,137.5,132.5,133.5,0.0,0.0,552653,74459156,615,TWSE,common_stock,true,false,false,false,false,false,false,false,true,
2026-09-29,6526,達發,listed,825.0,833.0,800.0,814.0,-26.0,-3.0952,1776119,1448504969,4047,TWSE,common_stock,true,false,false,false,false,false,false,false,true,
2026-09-29,6531,愛普*,listed,980.0,980.0,916.0,929.0,-64.0,-6.4451,4705817,4403885223,11074,TWSE,common_stock,true,false,false,false,false,false,false,false,true,
2026-09-29,6533,晶心科,listed,272.5,303.5,268.0,303.5,27.5,9.9638,11054299,3182576865,16121,TWSE,common_stock,true,false,false,false,false,false,false,false,true,
2026-09-29,6534,正瀚-創,listed,90.5,90.5,89.8,89.8,-0.7,-0.7735,13284,1197226,67,TWSE,common_stock,true,false,false,false,false,false,false,false,true,
2026-09-29,6541,泰福-KY,listed,30.15,30.55,29.95,29.95,-0.35,-1.1551,711417,21413112,442,TWSE,common_stock,true,false,false,false,false,false,false,false,true,
2026-09-29,6550,北極星藥業-KY,listed,18.25,18.35,17.2,17.4,0.0,0.0,1596103,27840159,1605,TWSE,common_stock,true,false,false,false,false,false,false,false,true,
2026-09-29,6552,易華電,listed,24.85,25.1,24.65,24.8,0.15,0.6085,59443,1478849,65,TWSE,common_stock,true,false,false,false,false,false,false,false,true,
2026-09-29,6558,興能高,listed,24.7,25.65,24.7,25.4,0.9,3.6735,761437,19228561,445,TWSE,common_stock,true,false,false,false,false,false,false,false,true,
2026-09-29,6573,虹揚-KY,listed,15.9,15.9,15.75,15.9,0.0,0.0,77020,1220728,69,TWSE,common_stock,true,false,false,false,false,false,false,false,true,
2026-09-29,6579,研揚,listed,153.5,160.5,153.0,157.5,4.0,2.6059,667432,105203455,725,TWSE,common_stock,true,false,false,false,false,false,false,false,true,
2026-09-29,6581,鋼聯,listed,108.0,108.5,108.0,108.0,-0.5,-0.4608,11296,1222172,15,TWSE,common_stock,true,false,false,false,false,false,false,false,true,
2026-09-29,6582,申豐,listed,31.05,31.1,30.8,30.8,-0.2,-0.6452,74462,2307913,119,TWSE,common_stock,true,false,false,false,false,false,false,false,true,
2026-09-29,6585,鼎基,listed,104.5,105.0,103.0,103.5,-2.0,-1.8957,79882,8299660,189,TWSE,common_stock,true,false,false,false,false,false,false,false,true,
2026-09-29,6589,台康生技,listed,51.5,51.8,51.0,51.6,0.2,0.3891,355887,18279902,327,TWSE,common_stock,true,false,false,false,false,false,false,false,true,
2026-09-29,6591,動力-KY,listed,44.1,44.2,43.2,43.2,-1.0,-2.2624,64009,2784450,114,TWSE,common_stock,true,false,false,false,false,false,false,false,true,
2026-09-29,6592,和潤企業,listed,57.4,57.6,56.9,56.9,-0.7,-1.2153,740809,42348689,1014,TWSE,common_stock,true,false,false,false,false,false,false,false,true,
2026-09-29,6592A,和潤企業甲特,listed,,,,,0.0,,155,14880,2,TWSE,warrant,false,false,true,false,false,false,false,false,false,security_type=warrant;symbol_not_4_digit;invalid_close
2026-09-29,6592B,和潤企業乙特,listed,95.0,95.5,94.6,95.5,0.0,0.0,12076,1146884,17,TWSE,warrant,false,false,true,false,false,false,false,false,false,security_type=warrant;symbol_not_4_digit
2026-09-29,6598,ABC-KY,listed,27.3,27.6,27.15,27.2,-0.1,-0.3663,87846,2396811,127,TWSE,common_stock,true,false,false,false,false,false,false,false,true,
2026-09-29,6605,帝寶,listed,139.0,139.0,137.0,138.0,-0.5,-0.361,177541,24467960,210,TWSE,common_stock,true,false,false,false,false,false,false,false,true,
2026-09-29,6606,建德工業,listed,25.45,25.45,24.7,24.75,-0.35,-1.3944,77626,1941444,51,TWSE,common_stock,true,false,false,false,false,false,false,false,true,
2026-09-29,6614,資拓宏宇,listed,35.5,35.5,35.1,35.15,-0.45,-1.264,37754,1329731,48,TWSE,common_stock,true,false,false,false,false,false,false,false,true,
2026-09-29,6625,必應,listed,74.0,74.0,73.6,73.9,-0.1,-0.1351,115776,8536195,110,TWSE,common_stock,true,false,false,false,false,false,false,false,true,
2026-09-29,6641,基士德-KY,listed,16.95,16.95,16.95,16.95,0.0,0.0,1000,16950,1,TWSE,common_stock,true,false,false,false,false,false,false,false,true,
2026-09-29,6645,金萬林-創,listed,12.5,12.9,12.0,12.5,0.0,0.0,53051,657517,26,TWSE,common_stock,true,false,false,false,false,false,false,false,true,
2026-09-29,6655,科定,listed,124.5,124.5,124.5,124.5,0.0,0.0,3010,374740,5,TWSE,common_stock,true,false,false,false,false,false,false,false,true,
2026-09-29,6657,華安,listed,32.8,33.3,32.25,32.45,-0.35,-1.0671,76576,2502123,61,TWSE,common_stock,true,false,false,false,false,false,false,false,true,
2026-09-29,6658,聯策,listed,179.5,183.0,177.5,181.0,2.0,1.1173,206713,37301233,276,TWSE,common_stock,true,false,false,false,false,false,false,false,true,
2026-09-29,6666,羅麗芬-KY,listed,45.25,45.95,45.05,45.65,0.8,1.7837,20185,917503,24,TWSE,common_stock,true,false,false,false,false,false,false,false,true,
2026-09-29,6668,中揚光,listed,47.0,49.45,46.85,47.65,0.1,0.2103,1980484,95324333,1986,TWSE,common_stock,true,false,false,false,false,false,false,false,true,
2026-09-29,6669,緯穎,listed,2105.0,2125.0,2085.0,2100.0,-15.0,-0.7092,1642771,3461500140,11533,TWSE,common_stock,true,false,false,false,false,false,false,false,true,
2026-09-29,6670,復盛應用,listed,273.0,277.0,273.0,273.0,0.0,0.0,232821,64036190,378,TWSE,common_stock,true,false,false,false,false,false,false,false,true,
2026-09-29,6671,三能-KY,listed,23.1,23.1,22.8,22.85,0.0,0.0,9000,206600,5,TWSE,common_stock,true,false,false,false,false,false,false,false,true,
2026-09-29,6672,騰輝電子-KY,listed,330.5,335.5,321.0,335.5,-2.0,-0.5926,8175142,2676727029,19177,TWSE,common_stock,true,false,false,false,false,false,false,false,true,
2026-09-29,6674,鋐寶科技,listed,18.35,18.35,18.25,18.25,-0.1,-0.545,327304,5977853,118,TWSE,common_stock,true,false,false,false,false,false,false,false,true,
2026-09-29,6689,伊雲谷,listed,63.9,64.8,63.9,64.4,0.5,0.7825,131757,8484887,188,TWSE,common_stock,true,false,false,false,false,false,false,false,true,
2026-09-29,6691,洋基工程,listed,657.0,665.0,645.0,654.0,-13.0,-1.949,923010,603705037,3259,TWSE,common_stock,true,false,false,false,false,false,false,false,true,
2026-09-29,6695,芯鼎,listed,50.7,54.5,50.3,54.1,4.2,8.4168,1257413,67071622,1160,TWSE,common_stock,true,false,false,false,false,false,false,false,true,
2026-09-29,6698,旭暉應材,listed,31.7,33.9,31.6,33.9,2.2,6.9401,241170,7834138,255,TWSE,common_stock,true,false,false,false,false,false,false,false,true,
2026-09-29,6706,惠特,listed,142.0,154.5,141.5,151.0,8.0,5.5944,4511914,676045338,4838,TWSE,common_stock,true,false,false,false,false,false,false,false,true,
2026-09-29,6715,嘉基,listed,460.0,468.5,442.0,452.0,-16.5,-3.5219,346088,157298169,931,TWSE,common_stock,true,false,false,false,false,false,false,false,true,
2026-09-29,6719,力智,listed,183.5,186.0,183.5,184.0,0.0,0.0,432838,79993292,1293,TWSE,common_stock,true,false,false,false,false,false,false,false,true,
2026-09-29,6722,輝創,listed,32.4,32.65,32.3,32.3,-0.15,-0.4622,15187,492323,22,TWSE,common_stock,true,false,false,false,false,false,false,false,true,
2026-09-29,6742,澤米,listed,53.3,55.0,53.3,54.2,-0.5,-0.9141,723913,39175904,711,TWSE,common_stock,true,false,false,false,false,false,false,false,true,
2026-09-29,6743,安普新,listed,30.6,32.35,30.6,31.1,0.5,1.634,692999,21874960,787,TWSE,common_stock,true,false,false,false,false,false,false,false,true,
2026-09-29,6753,龍德造船,listed,132.5,134.5,132.0,132.5,0.0,0.0,206011,27333726,282,TWSE,common_stock,true,false,false,false,false,false,false,false,true,
2026-09-29,6754,匯僑設計,listed,41.5,41.55,41.4,41.4,-0.1,-0.241,11301,468724,17,TWSE,common_stock,true,false,false,false,false,false,false,false,true,
2026-09-29,6756,威鋒電子,listed,97.5,99.0,97.5,98.8,1.3,1.3333,79769,7849900,105,TWSE,common_stock,true,false,false,false,false,false,false,false,true,
2026-09-29,6757,台灣虎航,listed,53.4,53.6,52.9,53.4,0.0,0.0,346431,18454253,447,TWSE,common_stock,true,false,false,false,false,false,false,false,true,
2026-09-29,6768,志強-KY,listed,62.8,63.3,62.3,62.5,-0.3,-0.4777,101164,6341606,95,TWSE,common_stock,true,false,false,false,false,false,false,false,true,
2026-09-29,6770,力積電,listed,71.1,72.9,70.6,72.3,0.3,0.4167,63341436,4574672433,31692,TWSE,common_stock,true,false,false,false,false,false,false,false,true,
2026-09-29,6771,平和環保-創,listed,42.2,42.5,41.7,41.8,-0.2,-0.4762,20118,845170,19,TWSE,common_stock,true,false,false,false,false,false,false,false,true,
2026-09-29,6776,展碁國際,listed,51.8,52.1,51.7,51.9,-0.3,-0.5747,70436,3660223,56,TWSE,common_stock,true,false,false,false,false,false,false,false,true,
2026-09-29,6781,AES-KY,listed,1015.0,1025.0,1010.0,1010.0,5.0,0.4975,253538,257728840,867,TWSE,common_stock,true,false,false,false,false,false,false,false,true,
2026-09-29,6782,視陽,listed,231.0,238.0,230.5,234.5,1.0,0.4283,129912,30394691,533,TWSE,common_stock,true,false,false,false,false,false,false,false,true,
2026-09-29,6789,采鈺,listed,465.0,482.0,463.0,478.5,13.0,2.7927,922802,435580702,1863,TWSE,common_stock,true,false,false,false,false,false,false,false,true,
2026-09-29,6790,永豐實,listed,37.7,37.75,37.55,37.6,-0.1,-0.2653,128761,4843755,120,TWSE,etf,false,true,false,false,false,false,false,false,false,security_type=etf
2026-09-29,6792,詠業,listed,59.0,59.2,58.9,58.9,0.1,0.1701,21104,1245304,21,TWSE,common_stock,true,false,false,false,false,false,false,false,true,
2026-09-29,6794,向榮生技,listed,73.7,73.7,70.8,71.8,-1.1,-1.5089,36010,2575540,37,TWSE,common_stock,true,false,false,false,false,false,false,false,true,
2026-09-29,6796,晉弘,listed,52.0,52.0,51.4,51.7,0.3,0.5837,26423,1367600,33,TWSE,common_stock,true,false,false,false,false,false,false,false,true,
2026-09-29,6799,來頡,listed,86.7,92.9,86.7,90.3,3.7,4.2725,744102,67647598,1827,TWSE,common_stock,true,false,false,false,false,false,false,false,true,
2026-09-29,6805,富世達,listed,2455.0,2550.0,2420.0,2515.0,-15.0,-0.5929,1045620,2588910720,2748,TWSE,common_stock,true,false,false,false,false,false,false,false,true,
2026-09-29,6807,峰源-KY,listed,31.75,32.1,31.5,31.9,0.0,0.0,13913,441803,28,TWSE,common_stock,true,false,false,false,false,false,false,false,true,
2026-09-29,6830,汎銓,listed,539.0,548.0,532.0,533.0,-7.0,-1.2963,911857,489954155,1702,TWSE,common_stock,true,false,false,false,false,false,false,false,true,
2026-09-29,6831,邁科,listed,497.5,497.5,485.5,492.0,-5.5,-1.1055,786787,385486568,1277,TWSE,common_stock,true,false,false,false,false,false,false,false,true,
2026-09-29,6834,天二科技,listed,114.0,116.0,111.5,112.5,-3.5,-3.0172,2757804,312094522,2597,TWSE,common_stock,true,false,false,false,false,false,false,false,true,
2026-09-29,6835,圓裕,listed,31.6,31.6,30.9,30.9,-0.4,-1.278,7241,226315,10,TWSE,common_stock,true,false,false,false,false,false,false,false,true,
2026-09-29,6838,台新藥,listed,25.5,26.25,25.45,25.65,0.15,0.5882,274766,7102683,171,TWSE,common_stock,true,false,false,false,false,false,false,false,true,
2026-09-29,6854,錼創科技-KY創,listed,92.0,92.4,90.7,91.0,-0.4,-0.4376,88099,8062862,116,TWSE,common_stock,true,false,false,false,false,false,false,false,true,
2026-09-29,6861,睿生光電,listed,271.0,288.0,270.5,285.0,5.5,1.9678,2318339,653010150,4817,TWSE,common_stock,true,false,false,false,false,false,false,false,true,
2026-09-29,6862,三集瑞-KY,listed,140.0,140.0,138.0,138.0,-1.0,-0.7194,40327,5582899,74,TWSE,common_stock,true,false,false,false,false,false,false,false,true,
2026-09-29,6863,永道-KY,listed,96.6,97.1,95.9,96.2,-1.1,-1.1305,35979,3466943,49,TWSE,common_stock,true,false,false,false,false,false,false,false,true,
2026-09-29,6869,雲豹能源,listed,69.5,71.5,68.8,70.9,1.4,2.0144,457988,32131783,470,TWSE,common_stock,true,false,false,false,false,false,false,false,true,
2026-09-29,6873,泓德能源,listed,68.4,68.4,67.1,67.9,0.0,0.0,133311,9036662,129,TWSE,common_stock,true,false,false,false,false,false,false,false,true,
2026-09-29,6885,全福生技,listed,31.0,32.3,30.7,31.0,-0.15,-0.4815,1297844,40823309,964,TWSE,common_stock,true,false,false,false,false,false,false,false,true,
2026-09-29,6887,寶綠特-KY,listed,37.75,38.9,37.55,38.1,-0.85,-2.1823,17108,650943,18,TWSE,common_stock,true,false,false,false,false,false,false,false,true,
2026-09-29,6890,來億-KY,listed,146.5,149.5,146.5,147.0,0.5,0.3413,86198,12748627,249,TWSE,common_stock,true,false,false,false,false,false,false,false,true,
2026-09-29,6901,鑽石投資,listed,16.4,17.25,16.4,17.25,1.55,9.8726,4821111,81788663,2407,TWSE,common_stock,true,false,false,false,false,false,false,false,true,
2026-09-29,6902,GOGOLOOK,listed,173.0,175.0,162.0,162.5,-14.0,-7.932,739617,123789134,964,TWSE,common_stock,true,false,false,false,false,false,false,false,true,
2026-09-29,6906,現觀科,listed,84.4,84.4,82.5,83.7,0.7,0.8434,27331,2273802,61,TWSE,common_stock,true,false,false,false,false,false,false,false,true,
2026-09-29,6908,宏碁遊戲-創,listed,28.0,28.0,27.0,27.05,-2.95,-9.8333,262835,7125603,310,TWSE,common_stock,true,false,false,false,false,false,false,false,true,
2026-09-29,6909,創控,listed,41.95,42.7,41.95,41.95,0.45,1.0843,261738,11077282,222,TWSE,common_stock,true,false,false,false,false,false,false,false,true,
2026-09-29,6914,阜爾運通,listed,120.5,120.5,119.5,119.5,-1.0,-0.8299,43637,5231422,140,TWSE,common_stock,true,false,false,false,false,false,false,false,true,
2026-09-29,6916,華凌,listed,18.75,19.25,18.45,18.45,0.15,0.8197,36717,687991,46,TWSE,common_stock,true,false,false,false,false,false,false,false,true,
2026-09-29,6918,愛派司,listed,74.1,74.1,73.5,74.0,-0.2,-0.2695,277687,20805563,31,TWSE,common_stock,true,false,false,false,false,false,false,false,true,
2026-09-29,6919,康霈*,listed,80.1,81.4,79.5,79.5,-0.6,-0.7491,3299496,264216863,2917,TWSE,common_stock,true,false,false,false,false,false,false,false,true,
2026-09-29,6921,嘉雨思-創,listed,68.7,68.7,65.4,67.0,3.1,4.8513,27012,1797740,15,TWSE,common_stock,true,false,false,false,false,false,false,false,true,
2026-09-29,6923,中台,listed,77.2,77.2,74.7,74.8,-1.1,-1.4493,57356,4315846,151,TWSE,common_stock,true,false,false,false,false,false,false,false,true,
2026-09-29,6924,榮惠-KY創,listed,136.0,137.0,134.0,135.0,1.0,0.7463,11462,1550251,25,TWSE,common_stock,true,false,false,false,false,false,false,false,true,
2026-09-29,6928,攸泰科技,listed,45.5,46.3,45.45,45.5,0.1,0.2203,29926,1368333,52,TWSE,common_stock,true,false,false,false,false,false,false,false,true,
2026-09-29,6931,青松健康,listed,39.9,39.9,38.75,38.75,0.0,0.0,45371,1764904,40,TWSE,common_stock,true,false,false,false,false,false,false,false,true,
2026-09-29,6933,AMAX-KY,listed,385.5,395.0,375.5,378.0,-7.0,-1.8182,4137444,1590946977,4890,TWSE,common_stock,true,false,false,false,false,false,false,false,true,
2026-09-29,6934,心誠鎂,listed,73.2,76.1,73.1,76.1,0.6,0.7947,42232,3142435,27,TWSE,common_stock,true,false,false,false,false,false,false,false,true,
2026-09-29,6936,永鴻生技,listed,31.7,31.7,31.7,31.7,0.0,0.0,3150,99877,6,TWSE,common_stock,true,false,false,false,false,false,false,false,true,
2026-09-29,6937,天虹,listed,300.5,314.0,299.5,308.0,7.5,2.4958,1184738,365116321,3430,TWSE,common_stock,true,false,false,false,false,false,false,false,true,
2026-09-29,6944,兆聯實業,listed,763.0,795.0,760.0,776.0,16.0,2.1053,674422,526865265,2667,TWSE,common_stock,true,false,false,false,false,false,false,false,true,
2026-09-29,6947,台鎔科技,listed,67.1,69.0,67.0,67.2,0.0,0.0,147551,10021524,113,TWSE,common_stock,true,false,false,false,false,false,false,false,true,
2026-09-29,6949,沛爾生醫*-創,listed,49.85,51.5,48.45,49.2,-1.1,-2.1869,3077533,151913951,2462,TWSE,common_stock,true,false,false,false,false,false,false,false,true,
2026-09-29,6951,青新-創,listed,69.5,69.5,69.1,69.1,-0.1,-0.1445,28225,1954230,101,TWSE,common_stock,true,false,false,false,false,false,false,false,true,
2026-09-29,6952,大武山,listed,38.0,38.8,38.0,38.8,0.3,0.7792,19852,757903,38,TWSE,common_stock,true,false,false,false,false,false,false,false,true,
2026-09-29,6955,邦睿生技-創,listed,95.3,95.3,95.3,95.3,1.1,1.1677,1008,96066,3,TWSE,common_stock,true,false,false,false,false,false,false,false,true,
2026-09-29,6957,裕慶-KY,listed,334.5,337.5,307.5,337.5,30.5,9.9349,842520,276506353,2179,TWSE,common_stock,true,false,false,false,false,false,false,false,true,
2026-09-29,6958,日盛台駿,listed,17.45,17.45,17.05,17.05,-0.25,-1.4451,35256,605205,68,TWSE,common_stock,true,false,false,false,false,false,false,false,true,
2026-09-29,6958A,日盛台駿甲特,listed,21.85,21.85,21.85,21.85,0.1,0.4598,1000,21850,1,TWSE,warrant,false,false,true,false,false,false,false,false,false,security_type=warrant;symbol_not_4_digit
2026-09-29,6962,奕力-KY,listed,31.2,32.1,31.2,31.85,0.4,1.2719,1348910,43006838,854,TWSE,common_stock,true,false,false,false,false,false,false,false,true,
2026-09-29,6965,中傑-KY,listed,66.4,67.0,64.8,64.8,-2.3,-3.4277,84456,5521646,119,TWSE,common_stock,true,false,false,false,false,false,false,false,true,
2026-09-29,6969,成信實業*-創,listed,30.65,31.65,30.25,31.65,1.0,3.2626,163053,5035127,120,TWSE,common_stock,true,false,false,false,false,false,false,false,true,
2026-09-29,6988,威力暘-創,listed,11.55,11.6,11.4,11.5,-0.2,-1.7094,143000,1643300,61,TWSE,common_stock,true,false,false,false,false,false,false,false,true,
2026-09-29,6994,富威電力,listed,26.5,26.65,26.1,26.6,-0.2,-0.7463,299424,7900644,250,TWSE,common_stock,true,false,false,false,false,false,false,false,true,
2026-09-29,7610,聯友金屬-創,listed,1790.0,1835.0,1730.0,1730.0,-100.0,-5.4645,565924,997036130,3948,TWSE,common_stock,true,false,false,false,false,false,false,false,true,
2026-09-29,7631,聚賢研發-創,listed,139.0,139.0,137.5,137.5,0.0,0.0,20037,2765360,28,TWSE,common_stock,true,false,false,false,false,false,false,false,true,
2026-09-29,7689,大鵬科CLMX,listed,158.5,161.0,158.5,158.5,0.0,0.0,26406,4213379,70,TWSE,common_stock,true,false,false,false,false,false,false,false,true,
2026-09-29,7705,三商餐飲,listed,29.9,29.9,29.75,29.75,-0.15,-0.5017,39583,1178303,71,TWSE,common_stock,true,false,false,false,false,false,false,false,true,
2026-09-29,7711,永擎,listed,540.0,553.0,537.0,546.0,4.0,0.738,438674,239876068,874,TWSE,common_stock,true,false,false,false,false,false,false,false,true,
2026-09-29,7721,微程式,listed,61.7,62.2,61.7,61.8,0.1,0.1621,33463,2071606,41,TWSE,common_stock,true,false,false,false,false,false,false,false,true,
2026-09-29,7722,LINEPAY,listed,258.5,260.0,257.0,258.0,-2.0,-0.7692,53965,13935869,425,TWSE,common_stock,true,false,false,false,false,false,false,false,true,
2026-09-29,7730,暉盛-創,listed,173.0,176.0,172.5,174.5,2.5,1.4535,66534,11602379,292,TWSE,common_stock,true,false,false,false,false,false,false,false,true,
2026-09-29,7732,金興精密,listed,33.5,33.5,32.8,33.5,0.0,0.0,23025,759637,10,TWSE,common_stock,true,false,false,false,false,false,false,false,true,
2026-09-29,7736,虎山,listed,68.3,68.5,68.2,68.2,-0.5,-0.7278,27095,1850636,23,TWSE,common_stock,true,false,false,false,false,false,false,false,true,
2026-09-29,7740,熙特爾-創,listed,107.0,108.0,102.0,102.0,-7.5,-6.8493,337585,35231409,385,TWSE,common_stock,true,false,false,false,false,false,false,false,true,
2026-09-29,7749,意騰-KY,listed,393.5,394.0,385.0,386.0,-9.5,-2.402,226401,88162651,500,TWSE,common_stock,true,false,false,false,false,false,false,false,true,
2026-09-29,7750,新代,listed,1960.0,1980.0,1940.0,1960.0,-10.0,-0.5076,82412,161579675,680,TWSE,common_stock,true,false,false,false,false,false,false,false,true,
2026-09-29,7760,享溫馨,listed,32.6,33.25,32.6,33.25,0.25,0.7576,17030,561840,15,TWSE,common_stock,true,false,false,false,false,false,false,false,true,
2026-09-29,7765,中華資安,listed,240.0,240.0,235.5,237.0,-4.0,-1.6598,111626,26442483,315,TWSE,common_stock,true,false,false,false,false,false,false,false,true,
2026-09-29,7768,頌勝科技,listed,304.5,307.5,297.0,304.0,-0.5,-0.1642,114668,34617956,727,TWSE,common_stock,true,false,false,false,false,false,false,false,true,
2026-09-29,7769,鴻勁,listed,5605.0,5795.0,5570.0,5585.0,-85.0,-1.4991,992836,5606292175,13684,TWSE,common_stock,true,false,false,false,false,false,false,false,true,
2026-09-29,7780,大研生醫*,listed,16.05,16.2,16.0,16.05,0.0,0.0,450257,7235257,277,TWSE,common_stock,true,false,false,false,false,false,false,false,true,
2026-09-29,7786,東方風能,listed,118.0,120.5,116.5,118.5,0.5,0.4237,110073,12986655,112,TWSE,common_stock,true,false,false,false,false,false,false,false,true,
2026-09-29,7788,松川精密,listed,290.5,296.0,287.0,287.5,-2.0,-0.6908,928026,270490911,1700,TWSE,common_stock,true,false,false,false,false,false,false,false,true,
2026-09-29,7791,皇家可口,listed,55.1,55.4,55.0,55.4,-0.4,-0.7168,41945,2314044,60,TWSE,common_stock,true,false,false,false,false,false,false,false,true,
2026-09-29,7795,長廣,listed,480.0,502.0,480.0,496.0,5.5,1.1213,517331,255332517,844,TWSE,common_stock,true,false,false,false,false,false,false,false,true,
2026-09-29,7799,禾榮科,listed,496.0,510.0,490.0,490.5,-7.5,-1.506,621797,308886615,1340,TWSE,common_stock,true,false,false,false,false,false,false,false,true,
2026-09-29,7803,雲象科技-創,listed,18.0,18.0,17.6,17.75,-0.25,-1.3889,52156,929008,40,TWSE,common_stock,true,false,false,false,false,false,false,false,true,
2026-09-29,7812,稜研科技*-創,listed,70.4,70.8,69.1,69.4,-0.4,-0.5731,64523,4503505,93,TWSE,common_stock,true,false,false,false,false,false,false,false,true,
2026-09-29,7818,溢泰實業,listed,59.9,59.9,59.4,59.9,0.0,0.0,54677,3259486,85,TWSE,common_stock,true,false,false,false,false,false,false,false,true,
2026-09-29,7821,神數,listed,36.4,36.6,36.05,36.1,-0.65,-1.7687,176922,6405979,195,TWSE,common_stock,true,false,false,false,false,false,false,false,true,
2026-09-29,7822,倍利科,listed,930.0,986.0,925.0,976.0,56.0,6.087,361243,349931150,3816,TWSE,common_stock,true,false,false,false,false,false,false,false,true,
2026-09-29,7823,奧義賽博-KY創,listed,81.5,81.5,80.0,80.0,-1.0,-1.2346,39162,3169393,24,TWSE,common_stock,true,false,false,false,false,false,false,false,true,
2026-09-29,7827,漢康-KY創,listed,161.0,167.0,158.0,163.5,1.0,0.6154,407175,66542991,322,TWSE,common_stock,true,false,false,false,false,false,false,false,true,
2026-09-29,7835,永悅健康-創,listed,20.0,20.0,19.9,20.0,0.0,0.0,44054,880021,21,TWSE,common_stock,true,false,false,false,false,false,false,false,true,
2026-09-29,7855,和運租車,listed,41.85,41.85,41.5,41.5,-0.35,-0.8363,867500,36064747,636,TWSE,common_stock,true,false,false,false,false,false,false,false,true,
2026-09-29,8011,台通,listed,15.9,16.0,15.75,15.8,-0.1,-0.6289,169654,2686268,210,TWSE,common_stock,true,false,false,false,false,false,false,false,true,
2026-09-29,8016,矽創,listed,284.0,286.0,282.5,285.0,1.5,0.5291,334696,95244142,527,TWSE,common_stock,true,false,false,false,false,false,false,false,true,
2026-09-29,8021,尖點,listed,475.5,481.5,470.0,480.0,0.0,0.0,755727,360048527,2036,TWSE,common_stock,true,false,false,false,false,false,false,false,true,
2026-09-29,8028,昇陽半導體,listed,270.5,295.5,269.5,289.0,20.0,7.4349,18892813,5387882281,27233,TWSE,common_stock,true,false,false,false,false,false,false,false,true,
2026-09-29,8033,雷虎,listed,168.5,173.0,168.5,169.0,0.5,0.2967,1566222,266867437,2008,TWSE,common_stock,true,false,false,false,false,false,false,false,true,
2026-09-29,8039,台虹,listed,257.5,273.5,256.5,273.5,15.0,5.8027,14052899,3760015064,14626,TWSE,common_stock,true,false,false,false,false,false,false,false,true,
2026-09-29,8045,達運光電,listed,53.6,54.5,53.2,53.4,0.1,0.1876,85861,4619873,85,TWSE,common_stock,true,false,false,false,false,false,false,false,true,
2026-09-29,8046,南電,listed,1210.0,1280.0,1200.0,1270.0,30.0,2.4194,9218794,11492652550,17095,TWSE,common_stock,true,false,false,false,false,false,false,false,true,
2026-09-29,8070,長華*,listed,49.75,50.0,49.4,49.7,0.0,0.0,667296,33166257,955,TWSE,common_stock,true,false,false,false,false,false,false,false,true,
2026-09-29,8072,陞泰,listed,28.35,28.35,27.7,27.8,-0.55,-1.94,148699,4139351,306,TWSE,common_stock,true,false,false,false,false,false,false,false,true,
2026-09-29,8081,致新,listed,254.0,257.0,253.0,255.5,1.5,0.5906,360523,92082550,483,TWSE,common_stock,true,false,false,false,false,false,false,false,true,
2026-09-29,8101,華冠,listed,10.95,11.0,10.7,10.7,-0.25,-2.2831,6828,73993,18,TWSE,common_stock,true,false,false,false,false,false,false,false,true,
2026-09-29,8103,瀚荃,listed,122.5,122.5,117.0,117.0,-6.0,-4.878,3898756,464530415,3590,TWSE,common_stock,true,false,false,false,false,false,false,false,true,
2026-09-29,8104,錸寶,listed,31.1,31.7,31.0,31.4,0.35,1.1272,414116,13023141,362,TWSE,common_stock,true,false,false,false,false,false,false,false,true,
2026-09-29,8105,凌巨,listed,14.9,15.0,14.7,14.9,0.05,0.3367,988490,14713786,477,TWSE,common_stock,true,false,false,false,false,false,false,false,true,
2026-09-29,8110,華東,listed,48.5,48.9,48.0,48.4,-0.6,-1.2245,4399510,213095541,3084,TWSE,common_stock,true,false,false,false,false,false,false,false,true,
2026-09-29,8112,至上,listed,83.5,83.6,82.6,82.7,-0.8,-0.9581,3568622,296211505,3529,TWSE,common_stock,true,false,false,false,false,false,false,false,true,
2026-09-29,8112A,至上甲特,listed,45.75,45.75,45.7,45.75,-0.1,-0.2181,15732,719240,15,TWSE,warrant,false,false,true,false,false,false,false,false,false,security_type=warrant;symbol_not_4_digit
2026-09-29,8114,振樺電,listed,177.5,181.0,177.5,179.0,1.5,0.8451,213036,38220269,299,TWSE,common_stock,true,false,false,false,false,false,false,false,true,
2026-09-29,8131,福懋科,listed,61.4,61.8,60.9,61.6,0.2,0.3257,607921,37379801,612,TWSE,common_stock,true,false,false,false,false,false,false,false,true,
2026-09-29,8150,南茂,listed,112.0,112.0,104.5,104.5,-7.5,-6.6964,53281367,5692988965,36586,TWSE,common_stock,true,false,false,false,false,false,false,false,true,
2026-09-29,8162,微矽電子-創,listed,65.6,66.5,64.5,65.4,0.3,0.4608,412662,27013375,589,TWSE,common_stock,true,false,false,false,false,false,false,false,true,
2026-09-29,8163,達方,listed,30.2,30.3,29.8,30.15,0.1,0.3328,385982,11608164,339,TWSE,common_stock,true,false,false,false,false,false,false,false,true,
2026-09-29,8201,無敵,listed,14.6,14.6,14.2,14.6,1.3,9.7744,843746,12317382,327,TWSE,common_stock,true,false,false,false,false,false,false,false,true,
2026-09-29,8210,勤誠,listed,894.0,894.0,876.0,877.0,-20.0,-2.2297,1137156,1002390547,5510,TWSE,common_stock,true,false,false,false,false,false,false,false,true,
2026-09-29,8213,志超,listed,33.1,33.1,32.8,32.8,-0.3,-0.9063,529799,17417309,230,TWSE,common_stock,true,false,false,false,false,false,false,false,true,
2026-09-29,8215,明基材,listed,27.85,28.4,27.6,28.0,0.1,0.3584,1185197,33269449,911,TWSE,common_stock,true,false,false,false,false,false,false,false,true,
2026-09-29,8222,寶一,listed,35.25,35.6,35.25,35.3,0.15,0.4267,101144,3580160,110,TWSE,common_stock,true,false,false,false,false,false,false,false,true,
2026-09-29,8249,菱光,listed,39.3,39.65,38.05,39.05,-0.3,-0.7624,384513,14906930,259,TWSE,common_stock,true,false,false,false,false,false,false,false,true,
2026-09-29,8261,富鼎,listed,174.5,181.5,174.5,176.5,0.5,0.2841,1003785,178031703,1183,TWSE,common_stock,true,false,false,false,false,false,false,false,true,
2026-09-29,8271,宇瞻,listed,200.0,201.5,199.0,199.5,-0.5,-0.25,564200,112897167,794,TWSE,common_stock,true,false,false,false,false,false,false,false,true,
2026-09-29,8341,日友,listed,74.5,74.6,74.3,74.3,-0.2,-0.2685,101431,7553639,344,TWSE,common_stock,true,false,false,false,false,false,false,false,true,
2026-09-29,8367,建新國際,listed,40.6,40.6,40.05,40.05,-0.55,-1.3547,7068,283892,14,TWSE,common_stock,true,false,false,false,false,false,false,false,true,
2026-09-29,8374,羅昇,listed,75.4,76.7,75.4,76.0,0.7,0.9296,105764,8037497,141,TWSE,common_stock,true,false,false,false,false,false,false,false,true,
2026-09-29,8404,百和興業-KY,listed,13.6,13.6,13.15,13.15,-0.4,-2.952,378530,5038741,275,TWSE,common_stock,true,false,false,false,false,false,false,false,true,
2026-09-29,8411,福貞-KY,listed,11.9,11.95,11.65,11.9,-0.2,-1.6529,435221,5120773,160,TWSE,common_stock,true,false,false,false,false,false,false,false,true,
2026-09-29,8422,可寧衛*,listed,25.75,25.75,25.45,25.5,-0.05,-0.1957,2697535,68970484,1702,TWSE,common_stock,true,false,false,false,false,false,false,false,true,
2026-09-29,8429,金麗-KY,listed,5.85,5.88,5.82,5.85,-0.04,-0.6791,149803,877053,118,TWSE,common_stock,true,false,false,false,false,false,false,false,true,
2026-09-29,8438,昶昕,listed,76.9,83.4,76.6,80.0,3.4,4.4386,682528,55141134,1054,TWSE,common_stock,true,false,false,false,false,false,false,false,true,
2026-09-29,8442,威宏-KY,listed,44.55,44.8,44.05,44.8,0.35,0.7874,39185,1742602,32,TWSE,common_stock,true,false,false,false,false,false,false,false,true,
2026-09-29,8443,阿瘦,listed,11.1,11.15,11.1,11.15,-0.05,-0.4464,3566,39691,35,TWSE,common_stock,true,false,false,false,false,false,false,false,true,
2026-09-29,8454,富邦媒,listed,239.0,240.0,236.0,236.0,-3.0,-1.2552,339721,80852963,920,TWSE,etf,false,true,false,false,false,false,false,false,false,security_type=etf
2026-09-29,8462,柏文,listed,158.0,158.0,156.5,157.0,-1.0,-0.6329,55925,8784294,105,TWSE,common_stock,true,false,false,false,false,false,false,false,true,
2026-09-29,8463,潤泰材,listed,21.0,21.1,20.9,20.95,-0.25,-1.1792,101166,2122104,64,TWSE,common_stock,true,false,false,false,false,false,false,false,true,
2026-09-29,8464,億豐,listed,372.5,375.0,371.0,372.5,0.0,0.0,525038,195838725,475,TWSE,common_stock,true,false,false,false,false,false,false,false,true,
2026-09-29,8466,美吉吉-KY,listed,16.1,16.1,15.25,15.25,-0.35,-2.2436,33002,512330,30,TWSE,common_stock,true,false,false,false,false,false,false,false,true,
2026-09-29,8467,波力-KY,listed,89.0,89.0,88.0,88.0,-1.0,-1.1236,5340,471900,7,TWSE,common_stock,true,false,false,false,false,false,false,false,true,
2026-09-29,8473,山林水,listed,39.4,39.8,39.25,39.5,0.1,0.2538,286371,11330904,323,TWSE,common_stock,true,false,false,false,false,false,false,false,true,
2026-09-29,8476,台境*,listed,19.5,20.35,19.5,19.85,0.35,1.7949,247315,4941849,171,TWSE,common_stock,true,false,false,false,false,false,false,false,true,
2026-09-29,8478,東哥遊艇,listed,139.5,140.0,139.0,139.0,-0.5,-0.3584,48714,6790715,86,TWSE,common_stock,true,false,false,false,false,false,false,false,true,
2026-09-29,8481,政伸,listed,40.8,40.8,40.6,40.7,-0.25,-0.6105,23000,936600,12,TWSE,common_stock,true,false,false,false,false,false,false,false,true,
2026-09-29,8482,商億-KY,listed,47.05,47.05,47.05,47.05,0.0,0.0,1000,47050,1,TWSE,common_stock,true,false,false,false,false,false,false,false,true,
2026-09-29,8487,愛爾達-創,listed,70.3,70.4,70.0,70.4,-0.7,-0.9845,15023,1054713,34,TWSE,common_stock,true,false,false,false,false,false,false,false,true,
2026-09-29,8488,吉源-KY,listed,9.8,9.81,9.8,9.8,-0.05,-0.5076,8000,78410,5,TWSE,common_stock,true,false,false,false,false,false,false,false,true,
2026-09-29,8499,鼎炫-KY,listed,254.5,258.0,254.5,257.0,2.5,0.9823,17191,4401388,35,TWSE,common_stock,true,false,false,false,false,false,false,false,true,
2026-09-29,8926,台汽電,listed,59.2,59.2,58.3,58.3,-0.5,-0.8503,1273804,74668831,1096,TWSE,common_stock,true,false,false,false,false,false,false,false,true,
2026-09-29,8940,新天地,listed,15.1,15.1,15.0,15.0,0.0,0.0,13923,209173,34,TWSE,common_stock,true,false,false,false,false,false,false,false,true,
2026-09-29,8996,高力,listed,1505.0,1625.0,1480.0,1585.0,55.0,3.5948,5083158,7976371390,7992,TWSE,common_stock,true,false,false,false,false,false,false,false,true,
2026-09-29,9103,美德醫療-DR,listed,4.97,5.01,4.96,4.96,-0.01,-0.2012,524463,2613871,142,TWSE,dr,false,false,false,false,false,false,false,true,false,security_type=dr
2026-09-29,910322,康師傅-DR,listed,23.45,23.45,23.45,23.45,0.1,0.4283,1291,30216,10,TWSE,dr,false,false,false,false,false,false,false,true,false,security_type=dr;symbol_not_4_digit
2026-09-29,9105,泰金寶-DR,listed,8.42,8.72,8.38,8.66,0.23,2.7284,22593426,193126289,4489,TWSE,dr,false,false,false,false,false,false,false,true,false,security_type=dr
2026-09-29,910861,神州-DR,listed,4.65,4.71,4.62,4.71,0.09,1.9481,137019,639255,44,TWSE,dr,false,false,false,false,false,false,false,true,false,security_type=dr;symbol_not_4_digit
2026-09-29,9110,越南控-DR,listed,2.91,2.91,2.57,2.85,0.03,1.0638,13000,35760,9,TWSE,dr,false,false,false,false,false,false,false,true,false,security_type=dr
2026-09-29,911608,明輝-DR,listed,2.62,2.71,2.62,2.7,0.03,1.1236,6178,16476,132,TWSE,dr,false,false,false,false,false,false,false,true,false,security_type=dr;symbol_not_4_digit
2026-09-29,911622,泰聚亨-DR,listed,3.59,3.6,3.58,3.6,0.01,0.2786,6000,21520,5,TWSE,dr,false,false,false,false,false,false,false,true,false,security_type=dr;symbol_not_4_digit
2026-09-29,911868,同方友友-DR,listed,1.16,1.16,1.15,1.16,0.01,0.8696,88521,102036,44,TWSE,dr,false,false,false,false,false,false,false,true,false,security_type=dr;symbol_not_4_digit
2026-09-29,912000,晨訊科-DR,listed,2.52,2.52,2.47,2.49,-0.02,-0.7968,298000,742580,57,TWSE,dr,false,false,false,false,false,false,false,true,false,security_type=dr;symbol_not_4_digit
2026-09-29,9136,巨騰-DR,listed,9.19,9.3,9.05,9.13,-0.06,-0.6529,331515,3018547,130,TWSE,dr,false,false,false,false,false,false,false,true,false,security_type=dr
2026-09-29,9802,鈺齊-KY,listed,64.0,64.9,63.9,64.7,1.0,1.5699,372962,24047727,378,TWSE,common_stock,true,false,false,false,false,false,false,false,true,
2026-09-29,9902,台火,listed,13.3,13.3,13.05,13.05,-0.15,-1.1364,106715,1404661,158,TWSE,common_stock,true,false,false,false,false,false,false,false,true,
2026-09-29,9904,寶成,listed,25.0,25.0,24.8,24.8,-0.15,-0.6012,8331264,207424053,2763,TWSE,common_stock,true,false,false,false,false,false,false,false,true,
2026-09-29,9905,大華,listed,21.2,21.25,21.2,21.2,0.0,0.0,62421,1324554,49,TWSE,common_stock,true,false,false,false,false,false,false,false,true,
2026-09-29,9906,欣巴巴,listed,39.55,41.7,39.3,39.3,-0.3,-0.7576,54943,2208469,59,TWSE,common_stock,true,false,false,false,false,false,false,false,true,
2026-09-29,9907,統一實,listed,14.85,14.9,14.7,14.7,-0.15,-1.0101,2608962,38461525,1533,TWSE,etf,false,true,false,false,false,false,false,false,false,security_type=etf
2026-09-29,9908,大台北,listed,28.95,29.0,28.9,28.9,-0.05,-0.1727,105882,3063945,128,TWSE,common_stock,true,false,false,false,false,false,false,false,true,
2026-09-29,9910,豐泰,listed,69.6,70.5,68.9,69.1,-0.3,-0.4323,691928,47991886,1034,TWSE,common_stock,true,false,false,false,false,false,false,false,true,
2026-09-29,9911,櫻花,listed,81.7,81.9,81.3,81.6,0.2,0.2457,196240,16014568,255,TWSE,common_stock,true,false,false,false,false,false,false,false,true,
2026-09-29,9912,偉聯,listed,12.8,12.95,12.8,12.95,0.05,0.3876,12357,159117,70,TWSE,common_stock,true,false,false,false,false,false,false,false,true,
2026-09-29,9914,美利達,listed,66.6,68.5,66.6,67.1,0.4,0.5997,1913117,129050750,1539,TWSE,common_stock,true,false,false,false,false,false,false,false,true,
2026-09-29,9917,中保科,listed,106.0,106.5,105.5,105.5,-0.5,-0.4717,337338,35706390,491,TWSE,common_stock,true,false,false,false,false,false,false,false,true,
2026-09-29,9918,欣天然,listed,42.45,42.95,42.35,42.5,-0.2,-0.4684,14677,624864,62,TWSE,common_stock,true,false,false,false,false,false,false,false,true,
2026-09-29,9919,康那香,listed,13.8,13.8,13.5,13.7,-0.15,-1.083,725134,9891033,480,TWSE,common_stock,true,false,false,false,false,false,false,false,true,
2026-09-29,9921,巨大,listed,91.5,95.8,91.5,94.1,3.5,3.8631,1580527,149495078,1756,TWSE,common_stock,true,false,false,false,false,false,false,false,true,
2026-09-29,9924,福興,listed,37.85,38.0,37.75,37.75,-0.05,-0.1323,51682,1955830,125,TWSE,common_stock,true,false,false,false,false,false,false,false,true,
2026-09-29,9925,新保,listed,39.65,39.7,39.45,39.45,-0.2,-0.5044,581438,22999974,332,TWSE,common_stock,true,false,false,false,false,false,false,false,true,
2026-09-29,9926,新海,listed,49.0,49.0,48.8,48.8,-0.1,-0.2045,12055,589185,14,TWSE,common_stock,true,false,false,false,false,false,false,false,true,
2026-09-29,9927,泰銘,listed,70.2,70.2,69.5,69.9,-0.3,-0.4274,448407,31320660,455,TWSE,common_stock,true,false,false,false,false,false,false,false,true,
2026-09-29,9928,中視,listed,17.75,17.9,17.6,17.8,0.25,1.4245,62990,1120943,48,TWSE,common_stock,true,false,false,false,false,false,false,false,true,
2026-09-29,9929,秋雨,listed,11.0,11.0,10.9,10.9,0.0,0.0,6694,73199,13,TWSE,common_stock,true,false,false,false,false,false,false,false,true,
2026-09-29,9930,中聯資源,listed,60.5,60.6,60.2,60.2,-0.2,-0.3311,99688,6014099,167,TWSE,common_stock,true,false,false,false,false,false,false,false,true,
2026-09-29,9931,欣高,listed,33.8,33.8,33.7,33.7,-0.1,-0.2959,22798,769996,30,TWSE,common_stock,true,false,false,false,false,false,false,false,true,
2026-09-29,9933,中鼎,listed,40.95,41.3,40.35,40.35,-0.65,-1.5854,1752598,71142001,4003,TWSE,common_stock,true,false,false,false,false,false,false,false,true,
2026-09-29,9934,成霖,listed,9.84,9.91,9.81,9.85,0.01,0.1016,352758,3479017,200,TWSE,common_stock,true,false,false,false,false,false,false,false,true,
2026-09-29,9935,慶豐富,listed,18.25,18.3,18.1,18.2,-0.05,-0.274,209319,3810413,132,TWSE,common_stock,true,false,false,false,false,false,false,false,true,
2026-09-29,9937,全國,listed,54.2,54.2,54.1,54.1,-0.1,-0.1845,30473,1649904,25,TWSE,common_stock,true,false,false,false,false,false,false,false,true,
2026-09-29,9938,百和,listed,38.1,38.3,37.95,38.2,0.15,0.3942,511066,19482815,493,TWSE,common_stock,true,false,false,false,false,false,false,false,true,
2026-09-29,9939,宏全,listed,124.5,125.5,124.5,124.5,0.0,0.0,401073,50068126,509,TWSE,common_stock,true,false,false,false,false,false,false,false,true,
2026-09-29,9940,信義,listed,20.05,20.15,19.9,19.9,-0.15,-0.7481,417812,8362676,247,TWSE,common_stock,true,false,false,false,false,false,false,false,true,
2026-09-29,9941,裕融,listed,79.7,79.7,78.3,78.3,-0.9,-1.1364,1151910,90775160,1788,TWSE,common_stock,true,false,false,false,false,false,false,false,true,
2026-09-29,9941A,裕融甲特,listed,48.85,48.85,48.8,48.8,-0.05,-0.1024,3000,146500,2,TWSE,warrant,false,false,true,false,false,false,false,false,false,security_type=warrant;symbol_not_4_digit
2026-09-29,9942,茂順,listed,114.0,115.0,113.0,113.0,-1.0,-0.8772,115960,13264022,98,TWSE,common_stock,true,false,false,false,false,false,false,false,true,
2026-09-29,9943,好樂迪,listed,50.5,50.5,50.1,50.2,-0.3,-0.5941,80614,4047246,158,TWSE,common_stock,true,false,false,false,false,false,false,false,true,
2026-09-29,9944,新麗,listed,17.25,17.25,17.1,17.1,-0.15,-0.8696,32754,563448,37,TWSE,common_stock,true,false,false,false,false,false,false,false,true,
2026-09-29,9945,潤泰新,listed,29.65,29.85,29.05,29.05,-0.85,-2.8428,7370448,216131919,4261,TWSE,common_stock,true,false,false,false,false,false,false,false,true,
2026-09-29,9946,三發地產,listed,17.0,17.05,16.8,16.85,-0.25,-1.462,232370,3927454,154,TWSE,common_stock,true,false,false,false,false,false,false,false,true,
2026-09-29,9955,佳龍,listed,23.0,23.0,22.0,22.7,-0.3,-1.3043,378978,8586818,1014,TWSE,common_stock,true,false,false,false,false,false,false,false,true,
2026-09-29,9958,世紀鋼,listed,91.7,92.8,91.7,92.1,-0.1,-0.1085,596425,55102640,1687,TWSE,common_stock,true,false,false,false,false,false,false,false,true,
