date,symbol,name,market,open,high,low,close,change,change_pct,volume,turnover,transactions,source,security_type,is_common_stock,is_etf,is_warrant,is_bond_etf,is_leveraged_inverse,is_etn,is_preferred_stock,is_dr,scan_eligible,exclude_reason
2026-07-16,00400A,主動國泰動能高息,listed,13.93,14.14,13.76,13.99,-0.16,-1.1307,23973273,334169854,6601,TWSE,etf,false,true,true,false,false,false,false,false,false,security_type=etf;symbol_not_4_digit
2026-07-16,00401A,主動摩根台灣鑫收,listed,13.35,13.35,13.11,13.32,-0.04,-0.2994,2121901,28047031,505,TWSE,etf,false,true,true,false,false,false,false,false,false,security_type=etf;symbol_not_4_digit
2026-07-16,00402A,主動安聯美國科技,listed,9.81,9.87,9.81,9.87,-0.13,-1.3,4288148,42171476,833,TWSE,etf,false,true,true,false,false,false,false,false,false,security_type=etf;symbol_not_4_digit
2026-07-16,00403A,主動統一升級50,listed,10.25,10.37,10.14,10.28,-0.13,-1.2488,182317095,1868218277,30671,TWSE,etf,false,true,true,false,false,false,false,false,false,security_type=etf;symbol_not_4_digit
2026-07-16,00404A,主動聯博動能50,listed,9.76,9.82,9.62,9.79,0.02,0.2047,13407104,130295197,910,TWSE,etf,false,true,true,false,false,false,false,false,false,security_type=etf;symbol_not_4_digit
2026-07-16,00405A,主動富邦台灣龍耀,listed,8.47,8.57,8.34,8.44,-0.18,-2.0882,49410093,417477403,11170,TWSE,etf,false,true,true,false,false,false,false,false,false,security_type=etf;symbol_not_4_digit
2026-07-16,00406A,主動中信台灣收益,listed,9.8,9.8,9.52,9.64,-0.12,-1.2295,77301033,745329525,12585,TWSE,etf,false,true,true,false,false,false,false,false,false,security_type=etf;symbol_not_4_digit
2026-07-16,00407A,主動凱基台灣,listed,9.24,9.32,9.11,9.22,-0.12,-1.2848,37866070,348965234,8334,TWSE,etf,false,true,true,false,false,false,false,false,false,security_type=etf;symbol_not_4_digit
2026-07-16,00408A,主動第一金優股息,listed,10.09,10.09,9.96,10.08,-0.08,-0.7874,23147337,231977607,2426,TWSE,etf,false,true,true,false,false,false,false,false,false,security_type=etf;symbol_not_4_digit
2026-07-16,0050,元大台灣50,listed,105.35,106.75,104.55,106.4,0.1,0.0941,73088988,7719935035,97721,TWSE,etf,false,true,false,false,false,false,false,false,false,security_type=etf
2026-07-16,0051,元大中型100,listed,142.45,143.85,142.3,142.8,-1.6,-1.108,51964,7423672,526,TWSE,etf,false,true,false,false,false,false,false,false,false,security_type=etf
2026-07-16,0052,富邦科技,listed,61.75,62.45,61.1,62.2,-0.05,-0.0803,17870324,1104073008,12533,TWSE,etf,false,true,false,false,false,false,false,false,false,security_type=etf
2026-07-16,0053,元大電子,listed,235.95,239.15,234.4,238.0,-1.85,-0.7713,17556,4178710,1411,TWSE,etf,false,true,false,false,false,false,false,false,false,security_type=etf
2026-07-16,0055,元大MSCI金融,listed,42.5,42.5,41.8,42.29,-0.08,-0.1888,187610,7913311,456,TWSE,etf,false,true,false,false,false,false,false,false,false,security_type=etf
2026-07-16,0056,元大高股息,listed,52.55,52.9,52.2,52.65,-0.35,-0.6604,43385188,2277667033,32806,TWSE,etf,false,true,false,false,false,false,false,false,false,security_type=etf
2026-07-16,0057,富邦摩台,listed,311.0,315.8,311.0,315.15,-0.05,-0.0159,7163,2239316,212,TWSE,etf,false,true,false,false,false,false,false,false,false,security_type=etf
2026-07-16,0061,元大寶滬深,listed,25.33,25.43,25.04,25.04,-0.29,-1.1449,109857,2763007,213,TWSE,etf,false,true,false,false,false,false,false,false,false,security_type=etf
2026-07-16,006203,元大MSCI台灣,listed,190.65,193.3,189.8,193.15,0.4,0.2075,17340,3306353,116,TWSE,etf,false,true,false,false,false,false,false,false,false,security_type=etf;symbol_not_4_digit
2026-07-16,006204,永豐臺灣加權,listed,229.05,229.05,229.05,229.05,-0.8,-0.3481,2523,574810,113,TWSE,etf,false,true,false,false,false,false,false,false,false,security_type=etf;symbol_not_4_digit
2026-07-16,006205,富邦上証,listed,41.51,41.51,40.96,41.0,-0.51,-1.2286,693107,28489602,272,TWSE,etf,false,true,false,false,false,false,false,false,false,security_type=etf;symbol_not_4_digit
2026-07-16,006206,元大上證50,listed,38.36,38.88,38.0,38.12,-0.76,-1.9547,84653,3226070,190,TWSE,etf,false,true,false,false,false,false,false,false,false,security_type=etf;symbol_not_4_digit
2026-07-16,006207,復華滬深,listed,33.4,33.61,33.33,33.43,-0.36,-1.0654,298764,9987948,120,TWSE,etf,false,true,false,false,false,false,false,false,false,security_type=etf;symbol_not_4_digit
2026-07-16,006208,富邦台50,listed,240.6,243.5,238.5,242.5,0.0,0.0,4542882,1093028646,15268,TWSE,etf,false,true,false,false,false,false,false,false,false,security_type=etf;symbol_not_4_digit
2026-07-16,00625K,富邦上証+R,listed,,,,,0.0,,0,0,0,TWSE,etf,false,true,true,false,false,false,false,false,false,security_type=etf;symbol_not_4_digit;invalid_close;invalid_volume;invalid_turnover
2026-07-16,00631L,元大台灣50正2,listed,36.46,37.32,35.94,37.19,0.15,0.405,189403908,6930024788,60622,TWSE,leveraged_inverse,false,true,true,false,true,false,false,false,false,security_type=leveraged_inverse;symbol_not_4_digit
2026-07-16,00632R,元大台灣50反1,listed,10.25,10.34,10.14,10.14,-0.01,-0.0985,126734266,1297123606,11433,TWSE,leveraged_inverse,false,true,true,false,true,false,false,false,false,security_type=leveraged_inverse;symbol_not_4_digit
2026-07-16,00633L,富邦上証正2,listed,51.15,51.2,50.2,50.35,-1.15,-2.233,1960784,99229899,444,TWSE,leveraged_inverse,false,true,true,false,true,false,false,false,false,security_type=leveraged_inverse;symbol_not_4_digit
2026-07-16,00634R,富邦上証反1,listed,3.07,3.1,3.07,3.1,0.04,1.3072,588009,1811106,15,TWSE,leveraged_inverse,false,true,true,false,true,false,false,false,false,security_type=leveraged_inverse;symbol_not_4_digit
2026-07-16,00635U,期元大S&P黃金,listed,42.05,42.14,41.95,41.97,0.0,0.0,1210664,50860702,1295,TWSE,etf,false,true,true,false,false,false,false,false,false,security_type=etf;symbol_not_4_digit
2026-07-16,00636,國泰中國A50,listed,29.08,29.08,28.61,28.67,-0.41,-1.4099,676955,19423435,230,TWSE,etf,false,true,false,false,false,false,false,false,false,security_type=etf;symbol_not_4_digit
2026-07-16,00636K,國泰中國A50+U,listed,8.97,8.97,8.97,8.97,-0.11,-1.2115,200,1794,2,TWSE,etf,false,true,true,false,false,false,false,false,false,security_type=etf;symbol_not_4_digit
2026-07-16,00637L,元大滬深300正2,listed,21.35,21.42,20.89,20.9,-0.58,-2.7002,28294289,597102189,3128,TWSE,leveraged_inverse,false,true,true,false,true,false,false,false,false,security_type=leveraged_inverse;symbol_not_4_digit
2026-07-16,00638R,元大滬深300反1,listed,6.59,6.63,6.59,6.62,0.07,1.0687,128040,845536,31,TWSE,leveraged_inverse,false,true,true,false,true,false,false,false,false,security_type=leveraged_inverse;symbol_not_4_digit
2026-07-16,00639,富邦深100,listed,17.99,17.99,17.51,17.71,-0.29,-1.6111,1493322,26475046,298,TWSE,etf,false,true,false,false,false,false,false,false,false,security_type=etf;symbol_not_4_digit
2026-07-16,00640L,富邦日本正2,listed,105.65,106.6,105.5,106.25,-1.5,-1.3921,64487,6831621,98,TWSE,leveraged_inverse,false,true,true,false,true,false,false,false,false,security_type=leveraged_inverse;symbol_not_4_digit
2026-07-16,00641R,富邦日本反1,listed,3.75,3.77,3.75,3.76,0.05,1.3477,1246720,4691461,65,TWSE,leveraged_inverse,false,true,true,false,true,false,false,false,false,security_type=leveraged_inverse;symbol_not_4_digit
2026-07-16,00642U,期元大S&P石油,listed,26.1,26.15,25.8,25.86,-0.03,-0.1159,2757549,71641656,890,TWSE,etf,false,true,true,false,false,false,false,false,false,security_type=etf;symbol_not_4_digit
2026-07-16,00643,群益深証中小,listed,19.98,20.01,19.59,19.95,-0.14,-0.6969,2474178,49244456,230,TWSE,etf,false,true,false,false,false,false,false,false,false,security_type=etf;symbol_not_4_digit
2026-07-16,00643K,群益深証中小+R,listed,4.16,4.16,4.14,4.15,0.0,0.0,4000,16600,4,TWSE,etf,false,true,true,false,false,false,false,false,false,security_type=etf;symbol_not_4_digit
2026-07-16,00645,富邦日本,listed,57.0,57.3,56.9,57.05,-0.5,-0.8688,137639,7852898,327,TWSE,etf,false,true,false,false,false,false,false,false,false,security_type=etf;symbol_not_4_digit
2026-07-16,00646,元大S&P500,listed,76.75,76.9,76.5,76.85,0.3,0.3919,5654471,433941941,3238,TWSE,etf,false,true,false,false,false,false,false,false,false,security_type=etf;symbol_not_4_digit
2026-07-16,00647L,元大S&P500正2,listed,137.6,137.6,136.85,137.6,0.5,0.3647,39135,5370550,64,TWSE,leveraged_inverse,false,true,true,false,true,false,false,false,false,security_type=leveraged_inverse;symbol_not_4_digit
2026-07-16,00648R,元大S&P500反1,listed,3.99,4.0,3.97,3.98,-0.02,-0.5,1147169,4572025,107,TWSE,leveraged_inverse,false,true,true,false,true,false,false,false,false,security_type=leveraged_inverse;symbol_not_4_digit
2026-07-16,00650L,復華香港正2,listed,16.42,16.98,16.35,16.97,0.71,4.3665,9349862,156650930,1519,TWSE,leveraged_inverse,false,true,true,false,true,false,false,false,false,security_type=leveraged_inverse;symbol_not_4_digit
2026-07-16,00651R,復華香港反1,listed,5.34,5.34,5.26,5.27,-0.11,-2.0446,374968,1980542,80,TWSE,leveraged_inverse,false,true,true,false,true,false,false,false,false,security_type=leveraged_inverse;symbol_not_4_digit
2026-07-16,00652,富邦印度,listed,33.2,33.37,33.11,33.22,-0.08,-0.2402,114951,3814171,284,TWSE,etf,false,true,false,false,false,false,false,false,false,security_type=etf;symbol_not_4_digit
2026-07-16,00653L,富邦印度正2,listed,46.6,46.9,46.52,46.9,-0.14,-0.2976,20259,947807,20,TWSE,leveraged_inverse,false,true,true,false,true,false,false,false,false,security_type=leveraged_inverse;symbol_not_4_digit
2026-07-16,00654R,富邦印度反1,listed,6.78,6.78,6.76,6.76,0.04,0.5952,21000,142300,5,TWSE,leveraged_inverse,false,true,true,false,true,false,false,false,false,security_type=leveraged_inverse;symbol_not_4_digit
2026-07-16,00655L,國泰中國A50正2,listed,35.78,35.79,35.04,35.11,-0.95,-2.6345,1811743,64168097,343,TWSE,leveraged_inverse,false,true,true,false,true,false,false,false,false,security_type=leveraged_inverse;symbol_not_4_digit
2026-07-16,00656R,國泰中國A50反1,listed,5.82,5.86,5.82,5.86,0.08,1.3841,39000,227890,8,TWSE,leveraged_inverse,false,true,true,false,true,false,false,false,false,security_type=leveraged_inverse;symbol_not_4_digit
2026-07-16,00657,國泰日經225,listed,78.6,78.65,78.3,78.4,-1.95,-2.4269,28908,2268345,82,TWSE,etf,false,true,false,false,false,false,false,false,false,security_type=etf;symbol_not_4_digit
2026-07-16,00657K,國泰日經225+U,listed,24.51,24.51,24.51,24.51,-0.53,-2.1166,200,4902,2,TWSE,etf,false,true,true,false,false,false,false,false,false,security_type=etf;symbol_not_4_digit
2026-07-16,00660,元大歐洲50,listed,45.98,46.12,45.98,46.1,0.1,0.2174,4020,185016,105,TWSE,etf,false,true,false,false,false,false,false,false,false,security_type=etf;symbol_not_4_digit
2026-07-16,00661,元大日經225,listed,86.0,86.9,85.95,86.75,-1.75,-1.9774,165463,14328315,377,TWSE,etf,false,true,false,false,false,false,false,false,false,security_type=etf;symbol_not_4_digit
2026-07-16,00662,富邦NASDAQ,listed,121.85,122.25,121.5,122.25,-0.85,-0.6905,4413341,537424817,3238,TWSE,etf,false,true,false,false,false,false,false,false,false,security_type=etf;symbol_not_4_digit
2026-07-16,00663L,國泰臺灣加權正2,listed,104.3,107.0,102.8,106.75,0.3,0.2818,7097906,743980542,3595,TWSE,leveraged_inverse,false,true,true,false,true,false,false,false,false,security_type=leveraged_inverse;symbol_not_4_digit
2026-07-16,00664R,國泰臺灣加權反1,listed,1.66,1.67,1.63,1.64,0.0,0.0,19099001,31576628,704,TWSE,leveraged_inverse,false,true,true,false,true,false,false,false,false,security_type=leveraged_inverse;symbol_not_4_digit
2026-07-16,00665L,富邦恒生國企正2,listed,8.99,9.38,8.97,9.38,0.46,5.157,48977254,452216238,3193,TWSE,leveraged_inverse,false,true,true,false,true,false,false,false,false,security_type=leveraged_inverse;symbol_not_4_digit
2026-07-16,00666R,富邦恒生國企反1,listed,9.33,9.33,9.17,9.17,-0.24,-2.5505,567269,5251918,72,TWSE,leveraged_inverse,false,true,true,false,true,false,false,false,false,security_type=leveraged_inverse;symbol_not_4_digit
2026-07-16,00668,國泰美國道瓊,listed,61.85,62.0,61.75,62.0,0.25,0.4049,312625,19320918,78,TWSE,etf,false,true,false,false,false,false,false,false,false,security_type=etf;symbol_not_4_digit
2026-07-16,00668K,國泰美國道瓊+U,listed,19.25,19.25,19.25,19.25,0.02,0.104,200,3850,2,TWSE,etf,false,true,true,false,false,false,false,false,false,security_type=etf;symbol_not_4_digit
2026-07-16,00669R,國泰美國道瓊反1,listed,5.27,5.28,5.26,5.27,0.0,0.0,283840,1493885,44,TWSE,leveraged_inverse,false,true,true,false,true,false,false,false,false,security_type=leveraged_inverse;symbol_not_4_digit
2026-07-16,00670L,富邦NASDAQ正2,listed,203.5,205.05,202.9,204.8,-3.3,-1.5858,365275,74498954,762,TWSE,leveraged_inverse,false,true,true,false,true,false,false,false,false,security_type=leveraged_inverse;symbol_not_4_digit
2026-07-16,00671R,富邦NASDAQ反1,listed,2.44,2.45,2.43,2.44,0.03,1.2448,1759000,4288610,129,TWSE,leveraged_inverse,false,true,true,false,true,false,false,false,false,security_type=leveraged_inverse;symbol_not_4_digit
2026-07-16,00673R,期元大S&P原油反1,listed,13.71,13.86,13.7,13.85,0.04,0.2896,6102622,84023978,918,TWSE,leveraged_inverse,false,true,true,false,true,false,false,false,false,security_type=leveraged_inverse;symbol_not_4_digit
2026-07-16,00674R,期元大S&P黃金反1,listed,30.44,30.61,30.44,30.54,0.0,0.0,190865,5826533,45,TWSE,leveraged_inverse,false,true,true,false,true,false,false,false,false,security_type=leveraged_inverse;symbol_not_4_digit
2026-07-16,00675L,富邦臺灣加權正2,listed,316.2,323.35,311.2,323.05,0.8,0.2483,2021624,640863856,1616,TWSE,leveraged_inverse,false,true,true,false,true,false,false,false,false,security_type=leveraged_inverse;symbol_not_4_digit
2026-07-16,00676R,富邦臺灣加權反1,listed,5.66,5.7,5.6,5.61,0.01,0.1786,6296475,35565562,483,TWSE,leveraged_inverse,false,true,true,false,true,false,false,false,false,security_type=leveraged_inverse;symbol_not_4_digit
2026-07-16,00678,群益那斯達克生技,listed,40.33,40.62,40.33,40.62,0.37,0.9193,657569,26632827,130,TWSE,etf,false,true,false,false,false,false,false,false,false,security_type=etf;symbol_not_4_digit
2026-07-16,00680L,元大美債20正2,listed,6.74,6.76,6.73,6.76,0.05,0.7452,6905028,46597011,347,TWSE,bond_etf,false,true,true,true,true,false,false,false,false,security_type=bond_etf;symbol_not_4_digit
2026-07-16,00681R,元大美債20反1,listed,21.37,21.39,21.37,21.39,-0.1,-0.4653,41000,876970,2,TWSE,bond_etf,false,true,true,true,true,false,false,false,false,security_type=bond_etf;symbol_not_4_digit
2026-07-16,00682U,期元大美元指數,listed,20.72,20.72,20.53,20.53,-0.22,-1.0602,2000,41250,2,TWSE,etf,false,true,true,false,false,false,false,false,false,security_type=etf;symbol_not_4_digit
2026-07-16,00683L,期元大美元指正2,listed,21.82,21.82,21.79,21.79,-0.16,-0.7289,48090,1048561,14,TWSE,leveraged_inverse,false,true,true,false,true,false,false,false,false,security_type=leveraged_inverse;symbol_not_4_digit
2026-07-16,00684R,期元大美元指反1,listed,,,,,0.0,,0,0,0,TWSE,leveraged_inverse,false,true,true,false,true,false,false,false,false,security_type=leveraged_inverse;symbol_not_4_digit;invalid_close;invalid_volume;invalid_turnover
2026-07-16,00685L,群益臺灣加權正2,listed,11.94,12.21,11.74,12.17,0.02,0.1646,237575610,2838545953,48704,TWSE,leveraged_inverse,false,true,true,false,true,false,false,false,false,security_type=leveraged_inverse;symbol_not_4_digit
2026-07-16,00686R,群益臺灣加權反1,listed,1.02,1.03,1.0,1.01,0.0,0.0,5906499,5988138,166,TWSE,leveraged_inverse,false,true,true,false,true,false,false,false,false,security_type=leveraged_inverse;symbol_not_4_digit
2026-07-16,00688L,國泰20年美債正2,listed,6.71,6.73,6.7,6.73,0.05,0.7485,2421806,16265387,158,TWSE,bond_etf,false,true,true,true,true,false,false,false,false,security_type=bond_etf;symbol_not_4_digit
2026-07-16,00689R,國泰20年美債反1,listed,22.43,22.43,22.43,22.43,-0.07,-0.3111,5000,112150,1,TWSE,bond_etf,false,true,true,true,true,false,false,false,false,security_type=bond_etf;symbol_not_4_digit
2026-07-16,00690,兆豐藍籌30,listed,77.0,77.55,75.65,77.35,0.0,0.0,459642,35322713,2572,TWSE,etf,false,true,false,false,false,false,false,false,false,security_type=etf;symbol_not_4_digit
2026-07-16,00692,富邦公司治理,listed,89.9,90.7,88.95,90.5,0.0,0.0,1463375,131545055,1674,TWSE,etf,false,true,false,false,false,false,false,false,false,security_type=etf;symbol_not_4_digit
2026-07-16,00693U,期街口S&P黃豆,listed,22.0,22.03,21.9,21.97,0.15,0.6874,355025,7793832,156,TWSE,warrant,false,false,true,false,false,false,false,false,false,security_type=warrant;symbol_not_4_digit
2026-07-16,00700,富邦恒生國企,listed,16.93,17.37,16.93,17.36,0.43,2.5399,447448,7723224,286,TWSE,etf,false,true,false,false,false,false,false,false,false,security_type=etf;symbol_not_4_digit
2026-07-16,00701,國泰股利精選30,listed,39.17,39.33,38.7,39.14,-0.07,-0.1785,515320,20148454,384,TWSE,etf,false,true,false,false,false,false,false,false,false,security_type=etf;symbol_not_4_digit
2026-07-16,00702,國泰標普低波高息,listed,25.32,25.32,24.75,24.75,0.0,0.0,121223,3005330,79,TWSE,etf,false,true,false,false,false,false,false,false,false,security_type=etf;symbol_not_4_digit
2026-07-16,00703,台新MSCI中國,listed,19.1,19.8,19.06,19.8,0.4,2.0619,79302,1543723,34,TWSE,other,false,false,false,false,false,false,false,false,false,symbol_not_4_digit
2026-07-16,00706L,期元大S&P日圓正2,listed,18.42,18.46,18.42,18.45,0.03,0.1629,459795,8478483,128,TWSE,leveraged_inverse,false,true,true,false,true,false,false,false,false,security_type=leveraged_inverse;symbol_not_4_digit
2026-07-16,00707R,期元大S&P日圓反1,listed,,,,,0.0,,0,0,0,TWSE,leveraged_inverse,false,true,true,false,true,false,false,false,false,security_type=leveraged_inverse;symbol_not_4_digit;invalid_close;invalid_volume;invalid_turnover
2026-07-16,00708L,期元大S&P黃金正2,listed,70.05,70.4,69.5,69.65,0.1,0.1438,1148745,80250494,782,TWSE,leveraged_inverse,false,true,true,false,true,false,false,false,false,security_type=leveraged_inverse;symbol_not_4_digit
2026-07-16,00709,富邦歐洲,listed,40.14,40.45,40.04,40.39,0.27,0.673,25133,1010044,157,TWSE,etf,false,true,false,false,false,false,false,false,false,security_type=etf;symbol_not_4_digit
2026-07-16,00710B,復華彭博非投等債,listed,19.19,19.2,19.17,19.18,0.0,0.0,358603,6880368,86,TWSE,bond_etf,false,true,true,true,false,false,false,false,false,security_type=bond_etf;symbol_not_4_digit
2026-07-16,00711B,復華彭博新興債,listed,16.06,16.08,16.03,16.03,0.0,0.0,129337,2077762,113,TWSE,bond_etf,false,true,true,true,false,false,false,false,false,security_type=bond_etf;symbol_not_4_digit
2026-07-16,00712,復華富時不動產,listed,8.98,9.03,8.98,9.02,0.07,0.7821,36824141,331863671,5712,TWSE,etf,false,true,false,false,false,false,false,false,false,security_type=etf;symbol_not_4_digit
2026-07-16,00713,元大台灣高息低波,listed,60.3,61.0,60.3,60.9,0.3,0.495,11180327,679867878,3523,TWSE,etf,false,true,false,false,false,false,false,false,false,security_type=etf;symbol_not_4_digit
2026-07-16,00714,群益道瓊美國地產,listed,22.12,22.2,22.08,22.19,0.0,0.0,555482,12312106,112,TWSE,etf,false,true,false,false,false,false,false,false,false,security_type=etf;symbol_not_4_digit
2026-07-16,00715L,期街口布蘭特正2,listed,44.11,44.34,43.29,43.3,-0.9,-2.0362,9128129,400071085,2398,TWSE,leveraged_inverse,false,true,true,false,true,false,false,false,false,security_type=leveraged_inverse;symbol_not_4_digit
2026-07-16,00717,富邦美國特別股,listed,14.86,14.86,14.82,14.86,0.0,0.0,141926,2108927,281,TWSE,preferred_stock,false,true,false,false,false,false,true,false,false,security_type=preferred_stock;symbol_not_4_digit
2026-07-16,00728,第一金工業30,listed,64.25,64.8,62.6,64.4,0.1,0.1555,241989,15403946,326,TWSE,other,false,false,false,false,false,false,false,false,false,symbol_not_4_digit
2026-07-16,00730,富邦臺灣優質高息,listed,28.5,28.53,27.9,28.27,0.0,0.0,99570,2812633,284,TWSE,etf,false,true,false,false,false,false,false,false,false,security_type=etf;symbol_not_4_digit
2026-07-16,00731,復華富時高息低波,listed,88.55,88.8,87.9,88.6,-0.2,-0.2252,900942,79802659,288,TWSE,etf,false,true,false,false,false,false,false,false,false,security_type=etf;symbol_not_4_digit
2026-07-16,00733,富邦臺灣中小,listed,71.9,71.9,69.95,69.95,-3.2,-4.3746,940313,66553719,1112,TWSE,etf,false,true,false,false,false,false,false,false,false,security_type=etf;symbol_not_4_digit
2026-07-16,00735,國泰臺韓科技,listed,100.5,101.5,99.25,101.3,0.0,0.0,3484511,349412842,5519,TWSE,etf,false,true,false,false,false,false,false,false,false,security_type=etf;symbol_not_4_digit
2026-07-16,00736,國泰新興市場,listed,31.3,31.59,31.3,31.59,0.0,0.0,125775,3965146,72,TWSE,etf,false,true,false,false,false,false,false,false,false,security_type=etf;symbol_not_4_digit
2026-07-16,00737,國泰AI機器人,listed,38.85,38.85,38.52,38.74,-0.34,-0.87,64911,2507148,158,TWSE,etf,false,true,false,false,false,false,false,false,false,security_type=etf;symbol_not_4_digit
2026-07-16,00738U,期元大道瓊白銀,listed,46.26,46.26,45.8,45.92,-0.93,-1.9851,2559180,117591379,1891,TWSE,etf,false,true,true,false,false,false,false,false,false,security_type=etf;symbol_not_4_digit
2026-07-16,00739,元大MSCI A股,listed,28.88,28.92,28.65,28.79,-0.32,-1.0993,27991,805839,254,TWSE,etf,false,true,false,false,false,false,false,false,false,security_type=etf;symbol_not_4_digit
2026-07-16,00752,中信中國50,listed,23.1,23.72,23.1,23.65,0.63,2.7368,3607944,84828279,1263,TWSE,etf,false,true,false,false,false,false,false,false,false,security_type=etf;symbol_not_4_digit
2026-07-16,00753L,中信中國50正2,listed,9.46,9.73,9.41,9.71,0.37,3.9615,22899192,220106814,2875,TWSE,leveraged_inverse,false,true,true,false,true,false,false,false,false,security_type=leveraged_inverse;symbol_not_4_digit
2026-07-16,00757,統一FANG+,listed,134.8,135.45,134.55,135.35,1.0,0.7443,2761299,372963310,2561,TWSE,etf,false,true,false,false,false,false,false,false,false,security_type=etf;symbol_not_4_digit
2026-07-16,00762,元大全球AI,listed,113.5,113.5,112.2,113.0,-2.2,-1.9097,379056,42715121,634,TWSE,etf,false,true,false,false,false,false,false,false,false,security_type=etf;symbol_not_4_digit
2026-07-16,00763U,期街口道瓊銅,listed,33.91,34.12,33.75,34.1,0.2,0.59,898200,30518499,394,TWSE,warrant,false,false,true,false,false,false,false,false,false,security_type=warrant;symbol_not_4_digit
2026-07-16,00770,國泰北美科技,listed,67.7,68.25,67.7,68.25,-0.65,-0.9434,186310,12670820,493,TWSE,etf,false,true,false,false,false,false,false,false,false,security_type=etf;symbol_not_4_digit
2026-07-16,00771,元大US高息特別股,listed,15.93,15.93,15.82,15.9,0.11,0.6966,10822,171972,62,TWSE,preferred_stock,false,true,false,false,false,false,true,false,false,security_type=preferred_stock;symbol_not_4_digit
2026-07-16,00775B,台新投等債15+,listed,32.14,32.4,32.14,32.3,0.15,0.4666,83020,2681334,7,TWSE,bond_etf,false,true,true,true,false,false,false,false,false,security_type=bond_etf;symbol_not_4_digit
2026-07-16,00783,富邦中証500,listed,29.38,29.38,28.94,29.16,-0.51,-1.7189,224218,6536691,138,TWSE,etf,false,true,false,false,false,false,false,false,false,security_type=etf;symbol_not_4_digit
2026-07-16,00830,國泰費城半導體,listed,88.5,89.05,87.8,89.05,-2.95,-3.2065,10955355,968064154,18382,TWSE,etf,false,true,false,false,false,false,false,false,false,security_type=etf;symbol_not_4_digit
2026-07-16,00850,元大臺灣ESG永續,listed,89.5,90.05,88.0,89.8,-0.1,-0.1112,556641,49660472,1063,TWSE,etf,false,true,false,false,false,false,false,false,false,security_type=etf;symbol_not_4_digit
2026-07-16,00851,台新全球AI,listed,72.2,72.2,71.45,72.15,-0.4,-0.5513,6513,468121,99,TWSE,other,false,false,false,false,false,false,false,false,false,symbol_not_4_digit
2026-07-16,00852L,國泰美國道瓊正2,listed,35.24,35.37,35.21,35.36,0.16,0.4545,448592,15812150,22,TWSE,leveraged_inverse,false,true,true,false,true,false,false,false,false,security_type=leveraged_inverse;symbol_not_4_digit
2026-07-16,00861,元大全球未來通訊,listed,88.9,89.0,88.3,88.7,-2.3,-2.5275,113468,10072034,2509,TWSE,etf,false,true,false,false,false,false,false,false,false,security_type=etf;symbol_not_4_digit
2026-07-16,00865B,國泰US短期公債,listed,49.05,49.1,48.95,49.06,0.01,0.0204,3234433,158555329,534,TWSE,bond_etf,false,true,true,true,false,false,false,false,false,security_type=bond_etf;symbol_not_4_digit
2026-07-16,00875,國泰網路資安,listed,53.5,53.5,53.2,53.45,-1.35,-2.4635,33775,1806999,177,TWSE,etf,false,true,false,false,false,false,false,false,false,security_type=etf;symbol_not_4_digit
2026-07-16,00876,元大全球5G,listed,93.8,94.05,93.1,93.8,-2.65,-2.7475,832806,77894855,2789,TWSE,etf,false,true,false,false,false,false,false,false,false,security_type=etf;symbol_not_4_digit
2026-07-16,00878,國泰永續高股息,listed,32.88,33.05,32.66,32.95,-0.26,-0.7829,26702607,877812956,18728,TWSE,etf,false,true,false,false,false,false,false,false,false,security_type=etf;symbol_not_4_digit
2026-07-16,00881,國泰台灣科技龍頭,listed,52.6,53.4,52.05,53.05,-0.15,-0.282,4577614,241695437,3858,TWSE,etf,false,true,false,false,false,false,false,false,false,security_type=etf;symbol_not_4_digit
2026-07-16,00882,中信中國高股息,listed,14.77,14.84,14.67,14.84,0.0,0.0,7560630,111705399,2188,TWSE,etf,false,true,false,false,false,false,false,false,false,security_type=etf;symbol_not_4_digit
2026-07-16,00885,富邦越南,listed,18.2,18.2,17.99,18.03,-0.24,-1.3136,2330289,42075292,1456,TWSE,etf,false,true,false,false,false,false,false,false,false,security_type=etf;symbol_not_4_digit
2026-07-16,00891,中信關鍵半導體,listed,35.86,36.25,35.4,36.01,-0.26,-0.7168,10282739,368090905,5416,TWSE,etf,false,true,false,false,false,false,false,false,false,security_type=etf;symbol_not_4_digit
2026-07-16,00892,富邦台灣半導體,listed,40.48,40.58,39.61,40.42,0.0,0.0,4747914,190326795,3166,TWSE,etf,false,true,false,false,false,false,false,false,false,security_type=etf;symbol_not_4_digit
2026-07-16,00893,國泰智能電動車,listed,45.95,45.95,45.49,45.91,-0.64,-1.3749,274180,12537976,535,TWSE,etf,false,true,false,false,false,false,false,false,false,security_type=etf;symbol_not_4_digit
2026-07-16,00894,中信小資高價30,listed,46.51,47.03,45.8,46.73,-0.36,-0.7645,545772,25331512,857,TWSE,etf,false,true,false,false,false,false,false,false,false,security_type=etf;symbol_not_4_digit
2026-07-16,00895,富邦未來車,listed,51.3,51.35,50.8,51.35,-0.65,-1.25,243137,12440992,452,TWSE,etf,false,true,false,false,false,false,false,false,false,security_type=etf;symbol_not_4_digit
2026-07-16,00896,中信綠能及電動車,listed,27.4,27.58,26.99,27.41,-0.04,-0.1457,1552165,42387971,1267,TWSE,etf,false,true,false,false,false,false,false,false,false,security_type=etf;symbol_not_4_digit
2026-07-16,00897,富邦基因免疫生技,listed,11.21,11.3,11.19,11.24,0.1,0.8977,778669,8735898,305,TWSE,etf,false,true,false,false,false,false,false,false,false,security_type=etf;symbol_not_4_digit
2026-07-16,00898,國泰基因免疫革命,listed,9.4,9.48,9.4,9.46,0.09,0.9605,810508,7666788,315,TWSE,etf,false,true,false,false,false,false,false,false,false,security_type=etf;symbol_not_4_digit
2026-07-16,00899,FT潔淨能源,listed,25.27,25.27,25.12,25.16,-0.11,-0.4353,20321,511829,144,TWSE,other,false,false,false,false,false,false,false,false,false,symbol_not_4_digit
2026-07-16,00900,富邦特選高股息30,listed,18.7,18.94,18.64,18.88,0.0,0.0,3768130,70725814,1229,TWSE,etf,false,true,false,false,false,false,false,false,false,security_type=etf;symbol_not_4_digit
2026-07-16,00901,永豐智能車供應鏈,listed,44.96,45.46,44.5,45.3,-0.26,-0.5707,100472,4534258,234,TWSE,etf,false,true,false,false,false,false,false,false,false,security_type=etf;symbol_not_4_digit
2026-07-16,00902,中信電池及儲能,listed,12.94,12.94,12.69,12.79,-0.25,-1.9172,995768,12729458,561,TWSE,etf,false,true,false,false,false,false,false,false,false,security_type=etf;symbol_not_4_digit
2026-07-16,00903,富邦元宇宙,listed,21.34,21.45,21.32,21.45,0.03,0.1401,370347,7922113,244,TWSE,etf,false,true,false,false,false,false,false,false,false,security_type=etf;symbol_not_4_digit
2026-07-16,00904,台新臺灣半導體30,listed,41.28,41.28,40.05,41.0,-0.33,-0.7985,1163420,47554730,759,TWSE,other,false,false,false,false,false,false,false,false,false,symbol_not_4_digit
2026-07-16,00905,FT臺灣Smart,listed,25.7,26.51,25.7,26.36,0.0,0.0,3810509,99382273,2322,TWSE,other,false,false,false,false,false,false,false,false,false,symbol_not_4_digit
2026-07-16,00907,永豐優息存股,listed,16.42,16.5,16.36,16.49,0.07,0.4263,847616,13941420,281,TWSE,etf,false,true,false,false,false,false,false,false,false,security_type=etf;symbol_not_4_digit
2026-07-16,00908,富邦入息REITs+,listed,15.42,15.42,15.41,15.41,0.0,0.0,59136,911792,112,TWSE,etf,false,true,false,false,false,false,false,false,false,security_type=etf;symbol_not_4_digit
2026-07-16,00909,國泰數位支付服務,listed,45.83,46.08,45.57,45.88,0.05,0.1091,689189,31552974,691,TWSE,etf,false,true,false,false,false,false,false,false,false,security_type=etf;symbol_not_4_digit
2026-07-16,00910,第一金太空衛星,listed,57.65,57.65,56.7,57.0,-1.5,-2.5641,820961,46769196,2119,TWSE,other,false,false,false,false,false,false,false,false,false,symbol_not_4_digit
2026-07-16,00911,兆豐洲際半導體,listed,58.1,58.1,56.7,57.1,0.0,0.0,831139,47409370,3744,TWSE,etf,false,true,false,false,false,false,false,false,false,security_type=etf;symbol_not_4_digit
2026-07-16,00912,中信臺灣智慧50,listed,33.5,33.5,32.42,33.1,0.0,0.0,440624,14466011,421,TWSE,etf,false,true,false,false,false,false,false,false,false,security_type=etf;symbol_not_4_digit
2026-07-16,00913,兆豐台灣晶圓製造,listed,52.3,53.2,51.55,52.35,-0.9,-1.6901,1597713,83680373,882,TWSE,etf,false,true,false,false,false,false,false,false,false,security_type=etf;symbol_not_4_digit
2026-07-16,00915,凱基優選高股息30,listed,31.87,31.87,31.46,31.76,-0.11,-0.3452,3788673,119772968,694,TWSE,etf,false,true,false,false,false,false,false,false,false,security_type=etf;symbol_not_4_digit
2026-07-16,00916,國泰全球品牌50,listed,26.52,26.77,26.52,26.77,0.43,1.6325,1611430,43029541,897,TWSE,etf,false,true,false,false,false,false,false,false,false,security_type=etf;symbol_not_4_digit
2026-07-16,00917,中信特選金融,listed,23.85,24.01,23.85,24.0,0.34,1.437,1066965,25541361,496,TWSE,etf,false,true,false,false,false,false,false,false,false,security_type=etf;symbol_not_4_digit
2026-07-16,00918,大華優利高填息30,listed,31.7,31.87,31.56,31.77,-0.14,-0.4387,13402492,424628410,7846,TWSE,other,false,false,false,false,false,false,false,false,false,symbol_not_4_digit
2026-07-16,00919,群益台灣精選高息,listed,29.54,29.6,29.29,29.55,-0.22,-0.739,57762322,1702789971,47254,TWSE,etf,false,true,false,false,false,false,false,false,false,security_type=etf;symbol_not_4_digit
2026-07-16,00920,富邦ESG綠色電力,listed,25.06,25.06,24.69,24.88,-0.18,-0.7183,55198,1369795,228,TWSE,etf,false,true,false,false,false,false,false,false,false,security_type=etf;symbol_not_4_digit
2026-07-16,00921,兆豐龍頭等權重,listed,23.65,23.7,23.41,23.54,-0.13,-0.5492,427151,10053427,288,TWSE,etf,false,true,false,false,false,false,false,false,false,security_type=etf;symbol_not_4_digit
2026-07-16,00922,國泰台灣領袖50,listed,40.01,40.54,39.73,40.4,0.01,0.0248,4934840,198042961,3524,TWSE,etf,false,true,false,false,false,false,false,false,false,security_type=etf;symbol_not_4_digit
2026-07-16,00923,群益台ESG低碳50,listed,41.55,42.0,41.1,41.81,-0.07,-0.1671,2021667,84048963,1266,TWSE,etf,false,true,false,false,false,false,false,false,false,security_type=etf;symbol_not_4_digit
2026-07-16,00924,復華S&P500成長,listed,33.07,33.27,33.07,33.25,0.14,0.4228,2331589,77310705,1305,TWSE,etf,false,true,false,false,false,false,false,false,false,security_type=etf;symbol_not_4_digit
2026-07-16,00926,凱基全球菁英55,listed,25.65,25.77,25.64,25.76,0.22,0.8614,1081531,27795451,351,TWSE,etf,false,true,false,false,false,false,false,false,false,security_type=etf;symbol_not_4_digit
2026-07-16,00927,群益半導體收益,listed,38.87,39.2,38.34,38.7,0.0,0.0,39774969,1539940250,22855,TWSE,etf,false,true,false,false,false,false,false,false,false,security_type=etf;symbol_not_4_digit
2026-07-16,00929,復華台灣科技優息,listed,29.98,30.16,29.65,29.9,-0.22,-0.7304,29745536,888766710,14292,TWSE,etf,false,true,false,false,false,false,false,false,false,security_type=etf;symbol_not_4_digit
2026-07-16,00930,永豐ESG低碳高息,listed,24.05,24.47,24.05,24.39,0.08,0.3291,704191,17116518,210,TWSE,etf,false,true,false,false,false,false,false,false,false,security_type=etf;symbol_not_4_digit
2026-07-16,00932,兆豐永續高息等權,listed,17.5,17.72,17.47,17.64,0.02,0.1135,216893,3825164,192,TWSE,etf,false,true,false,false,false,false,false,false,false,security_type=etf;symbol_not_4_digit
2026-07-16,00934,中信成長高股息,listed,27.59,27.59,27.02,27.31,0.0,0.0,2803449,76498281,1743,TWSE,etf,false,true,false,false,false,false,false,false,false,security_type=etf;symbol_not_4_digit
2026-07-16,00935,野村臺灣新科技50,listed,57.45,58.4,56.85,57.95,-0.5,-0.8554,9869071,569604213,6531,TWSE,other,false,false,false,false,false,false,false,false,false,symbol_not_4_digit
2026-07-16,00936,台新永續高息中小,listed,20.45,20.55,20.37,20.43,-0.22,-1.0654,771719,15802763,323,TWSE,other,false,false,false,false,false,false,false,false,false,symbol_not_4_digit
2026-07-16,00938,凱基優選30,listed,24.33,24.65,24.28,24.65,0.13,0.5302,1763687,43105029,390,TWSE,etf,false,true,false,false,false,false,false,false,false,security_type=etf;symbol_not_4_digit
2026-07-16,00939,統一台灣高息動能,listed,21.34,21.47,21.14,21.47,0.13,0.6092,4556194,97263463,801,TWSE,etf,false,true,false,false,false,false,false,false,false,security_type=etf;symbol_not_4_digit
2026-07-16,00940,元大台灣價值高息,listed,12.26,12.34,12.19,12.28,-0.06,-0.4862,9887836,121212003,2170,TWSE,etf,false,true,false,false,false,false,false,false,false,security_type=etf;symbol_not_4_digit
2026-07-16,00941,中信上游半導體,listed,27.69,27.79,27.44,27.73,-0.68,-2.3935,3229589,89271433,2824,TWSE,etf,false,true,false,false,false,false,false,false,false,security_type=etf;symbol_not_4_digit
2026-07-16,00943,兆豐電子高息等權,listed,21.99,22.09,21.85,21.95,0.0,0.0,150862,3321732,126,TWSE,etf,false,true,false,false,false,false,false,false,false,security_type=etf;symbol_not_4_digit
2026-07-16,00944,野村趨勢動能高息,listed,21.4,21.59,21.36,21.46,0.0,0.0,274865,5880432,304,TWSE,other,false,false,false,false,false,false,false,false,false,symbol_not_4_digit
2026-07-16,00945B,凱基美國非投等債,listed,14.63,14.63,14.58,14.6,0.0,0.0,7010282,102465135,930,TWSE,bond_etf,false,true,true,true,false,false,false,false,false,security_type=bond_etf;symbol_not_4_digit
2026-07-16,00946,群益科技高息成長,listed,14.95,14.95,14.69,14.78,-0.23,-1.5323,1659825,24513636,733,TWSE,etf,false,true,false,false,false,false,false,false,false,security_type=etf;symbol_not_4_digit
2026-07-16,00947,台新臺灣IC設計,listed,35.48,35.64,34.87,35.22,-1.18,-3.2418,5713619,201300411,3705,TWSE,other,false,false,false,false,false,false,false,false,false,symbol_not_4_digit
2026-07-16,00949,復華日本龍頭,listed,20.6,20.72,20.56,20.67,0.07,0.3398,544200,11233134,347,TWSE,etf,false,true,false,false,false,false,false,false,false,security_type=etf;symbol_not_4_digit
2026-07-16,00951,台新日本半導體,listed,19.7,19.7,19.34,19.54,-0.9,-4.4031,3160574,61512840,1845,TWSE,other,false,false,false,false,false,false,false,false,false,symbol_not_4_digit
2026-07-16,00952,凱基台灣AI50,listed,18.36,18.41,18.03,18.36,0.0,0.0,2295520,41868390,529,TWSE,etf,false,true,false,false,false,false,false,false,false,security_type=etf;symbol_not_4_digit
2026-07-16,00953B,群益優選非投等債,listed,9.75,9.76,9.73,9.75,0.01,0.1027,21039190,204992969,2896,TWSE,bond_etf,false,true,true,true,false,false,false,false,false,security_type=bond_etf;symbol_not_4_digit
2026-07-16,00954,中信日本半導體,listed,20.94,20.97,20.65,20.88,-0.97,-4.4394,2760399,57327952,1259,TWSE,etf,false,true,false,false,false,false,false,false,false,security_type=etf;symbol_not_4_digit
2026-07-16,00956,中信日經高股息,listed,12.6,12.6,12.35,12.48,0.0,0.0,920895,11469937,270,TWSE,etf,false,true,false,false,false,false,false,false,false,security_type=etf;symbol_not_4_digit
2026-07-16,00960,野村全球航運龍頭,listed,17.94,17.94,17.86,17.88,0.0,0.0,398630,7135983,324,TWSE,other,false,false,false,false,false,false,false,false,false,symbol_not_4_digit
2026-07-16,00961,FT臺灣永續高息,listed,12.5,12.56,12.46,12.52,0.0,0.0,13413214,167593620,3507,TWSE,other,false,false,false,false,false,false,false,false,false,symbol_not_4_digit
2026-07-16,00962,台新AI優息動能,listed,14.58,14.7,14.47,14.62,0.01,0.0684,394759,5747483,207,TWSE,other,false,false,false,false,false,false,false,false,false,symbol_not_4_digit
2026-07-16,00963,中信全球高股息,listed,12.95,12.96,12.91,12.94,0.0,0.0,930817,12047051,274,TWSE,etf,false,true,false,false,false,false,false,false,false,security_type=etf;symbol_not_4_digit
2026-07-16,00964,中信亞太高股息,listed,14.06,14.09,13.99,14.05,0.0,0.0,2494601,35024981,407,TWSE,etf,false,true,false,false,false,false,false,false,false,security_type=etf;symbol_not_4_digit
2026-07-16,00965,元大航太防衛科技,listed,24.98,25.1,24.88,25.1,0.12,0.4804,1233469,30832773,746,TWSE,etf,false,true,false,false,false,false,false,false,false,security_type=etf;symbol_not_4_digit
2026-07-16,00971,野村美國研發龍頭,listed,17.3,17.39,17.3,17.39,0.11,0.6366,329577,5722482,356,TWSE,other,false,false,false,false,false,false,false,false,false,symbol_not_4_digit
2026-07-16,00972,野村日本動能高息,listed,20.35,20.44,20.35,20.42,0.11,0.5416,64879,1324543,46,TWSE,other,false,false,false,false,false,false,false,false,false,symbol_not_4_digit
2026-07-16,009800,中信NASDAQ,listed,13.16,13.22,13.13,13.22,-0.09,-0.6762,522722,6886389,597,TWSE,etf,false,true,false,false,false,false,false,false,false,security_type=etf;symbol_not_4_digit
2026-07-16,009801,中信美國創新科技,listed,12.55,12.63,12.52,12.61,-0.04,-0.3162,559608,7040632,278,TWSE,etf,false,true,false,false,false,false,false,false,false,security_type=etf;symbol_not_4_digit
2026-07-16,009802,富邦旗艦50,listed,18.66,18.88,18.42,18.73,-0.11,-0.5839,2458393,45717878,896,TWSE,etf,false,true,false,false,false,false,false,false,false,security_type=etf;symbol_not_4_digit
2026-07-16,009803,玉山市值動能50,listed,21.2,21.38,20.92,21.3,0.03,0.141,1911463,40390450,1087,TWSE,other,false,false,false,false,false,false,false,false,false,symbol_not_4_digit
2026-07-16,009804,聯邦台精彩50,listed,22.37,22.38,21.66,22.06,0.0,0.0,3766292,82717207,1873,TWSE,other,false,false,false,false,false,false,false,false,false,symbol_not_4_digit
2026-07-16,009805,台新美國電力基建,listed,16.53,16.54,16.45,16.5,-0.09,-0.5425,2437901,40222826,1195,TWSE,other,false,false,false,false,false,false,false,false,false,symbol_not_4_digit
2026-07-16,009808,華南永昌優選50,listed,30.84,31.19,30.66,31.13,0.03,0.0965,397548,12261865,84,TWSE,other,false,false,false,false,false,false,false,false,false,symbol_not_4_digit
2026-07-16,009809,富邦淨零ESG50,listed,17.5,18.04,17.5,18.04,0.09,0.5014,1733238,31020380,138,TWSE,etf,false,true,false,false,false,false,false,false,false,security_type=etf;symbol_not_4_digit
2026-07-16,00980A,主動野村臺灣優選,listed,23.02,23.24,22.69,23.1,-0.29,-1.2398,5947865,136248765,2115,TWSE,etf,false,true,true,false,false,false,false,false,false,security_type=etf;symbol_not_4_digit
2026-07-16,009810,玉山全球藍籌100,listed,21.0,21.08,21.0,21.07,0.24,1.1522,134320,2828645,73,TWSE,other,false,false,false,false,false,false,false,false,false,symbol_not_4_digit
2026-07-16,009811,統一美國50,listed,13.3,13.33,13.25,13.32,0.12,0.9091,2307562,30670016,722,TWSE,etf,false,true,false,false,false,false,false,false,false,security_type=etf;symbol_not_4_digit
2026-07-16,009812,野村日本東證,listed,12.59,12.62,12.51,12.56,-0.09,-0.7115,199633,2505436,161,TWSE,other,false,false,false,false,false,false,false,false,false,symbol_not_4_digit
2026-07-16,009813,貝萊德標普卓越50,listed,11.3,11.35,11.3,11.35,0.08,0.7098,1425557,16163200,526,TWSE,other,false,false,false,false,false,false,false,false,false,symbol_not_4_digit
2026-07-16,009816,凱基台灣TOP50,listed,15.16,15.36,15.03,15.29,0.0,0.0,126909803,1928667925,25370,TWSE,etf,false,true,false,false,false,false,false,false,false,security_type=etf;symbol_not_4_digit
2026-07-16,009817,國泰日本不動產,listed,9.15,9.15,9.06,9.06,-0.1,-1.0917,571656,5205155,213,TWSE,etf,false,true,false,false,false,false,false,false,false,security_type=etf;symbol_not_4_digit
2026-07-16,009818,華南永昌NASDAQxT,listed,20.23,20.31,20.13,20.29,0.0,0.0,334116,6765305,64,TWSE,other,false,false,false,false,false,false,false,false,false,symbol_not_4_digit
2026-07-16,009819,中信數據及電力,listed,10.12,10.12,10.03,10.07,-0.1,-0.9833,3018032,30362678,1340,TWSE,etf,false,true,false,false,false,false,false,false,false,security_type=etf;symbol_not_4_digit
2026-07-16,00981A,主動統一台股增長,listed,28.88,29.2,28.5,28.95,-0.43,-1.4636,123909143,3572944462,49243,TWSE,etf,false,true,true,false,false,false,false,false,false,security_type=etf;symbol_not_4_digit
2026-07-16,00981T,平衡凱基雙核收息,listed,12.18,12.18,12.09,12.16,0.0,0.0,2975818,36114724,572,TWSE,etf,false,true,true,false,false,false,false,false,false,security_type=etf;symbol_not_4_digit
2026-07-16,009820,元大納斯達克精選,listed,10.08,10.11,10.01,10.11,-0.1,-0.9794,5852998,58925842,934,TWSE,etf,false,true,false,false,false,false,false,false,false,security_type=etf;symbol_not_4_digit
2026-07-16,009821,野村稀土關鍵資源,listed,13.34,13.34,13.1,13.13,-0.26,-1.9417,8181494,107564875,3100,TWSE,other,false,false,false,false,false,false,false,false,false,symbol_not_4_digit
2026-07-16,009824,群益美國科技巨頭,listed,10.28,10.29,10.21,10.28,-0.06,-0.5803,7261900,74492892,1835,TWSE,etf,false,true,false,false,false,false,false,false,false,security_type=etf;symbol_not_4_digit
2026-07-16,00982A,主動群益台灣強棒,listed,23.41,23.75,23.1,23.57,-0.1,-0.4225,15360143,359874292,5364,TWSE,etf,false,true,true,false,false,false,false,false,false,security_type=etf;symbol_not_4_digit
2026-07-16,00982D,主動富邦動態入息,listed,9.93,9.93,9.91,9.92,0.0,0.0,1310681,12990972,182,TWSE,etf,false,true,true,false,false,false,false,false,false,security_type=etf;symbol_not_4_digit
2026-07-16,00982T,平衡兆豐台美動能,listed,15.31,15.31,15.25,15.25,-0.05,-0.3268,22048,337447,35,TWSE,etf,false,true,true,false,false,false,false,false,false,security_type=etf;symbol_not_4_digit
2026-07-16,00983A,主動中信ARK創新,listed,12.2,12.2,12.1,12.18,-0.02,-0.1639,753764,9154429,430,TWSE,etf,false,true,true,false,false,false,false,false,false,security_type=etf;symbol_not_4_digit
2026-07-16,00983D,主動富邦複合收益,listed,10.15,10.15,10.12,10.13,0.0,0.0,332315,3366245,224,TWSE,etf,false,true,true,false,false,false,false,false,false,security_type=etf;symbol_not_4_digit
2026-07-16,00984A,主動安聯台灣高息,listed,15.75,15.8,15.58,15.62,0.0,0.0,12292562,192722321,5422,TWSE,etf,false,true,true,false,false,false,false,false,false,security_type=etf;symbol_not_4_digit
2026-07-16,00984D,主動聯博全球非投,listed,10.18,10.21,10.18,10.2,0.03,0.295,8480822,86482308,896,TWSE,etf,false,true,true,false,false,false,false,false,false,security_type=etf;symbol_not_4_digit
2026-07-16,00985A,主動野村台灣50,listed,21.51,21.7,21.25,21.6,-0.1,-0.4608,2465371,52976308,1108,TWSE,etf,false,true,true,false,false,false,false,false,false,security_type=etf;symbol_not_4_digit
2026-07-16,00985B,群益ESG投等債0-5,listed,10.35,10.35,10.32,10.33,0.0,0.0,2621257,27086143,352,TWSE,bond_etf,false,true,true,true,false,false,false,false,false,security_type=bond_etf;symbol_not_4_digit
2026-07-16,00986A,主動台新龍頭成長,listed,15.08,15.08,14.86,14.96,-0.24,-1.5789,457872,6832464,145,TWSE,etf,false,true,true,false,false,false,false,false,false,security_type=etf;symbol_not_4_digit
2026-07-16,00987A,主動台新優勢成長,listed,15.4,15.43,15.13,15.24,-0.41,-2.6198,1674130,25574688,808,TWSE,etf,false,true,true,false,false,false,false,false,false,security_type=etf;symbol_not_4_digit
2026-07-16,00988A,主動統一全球創新,listed,18.33,18.33,18.08,18.21,-1.0,-5.2056,85012312,1547488375,32724,TWSE,etf,false,true,true,false,false,false,false,false,false,security_type=etf;symbol_not_4_digit
2026-07-16,00989A,主動摩根美國科技,listed,17.89,17.89,17.57,17.7,-0.33,-1.8303,400989,7064470,213,TWSE,etf,false,true,true,false,false,false,false,false,false,security_type=etf;symbol_not_4_digit
2026-07-16,00990A,主動元大AI新經濟,listed,17.4,17.4,17.09,17.19,-0.97,-5.3414,41364030,711296676,13933,TWSE,etf,false,true,true,false,false,false,false,false,false,security_type=etf;symbol_not_4_digit
2026-07-16,00991A,主動復華未來50,listed,18.74,18.81,18.43,18.53,-0.6,-3.1364,135037086,2511932865,48331,TWSE,etf,false,true,true,false,false,false,false,false,false,security_type=etf;symbol_not_4_digit
2026-07-16,00992A,主動群益科技創新,listed,16.87,17.06,16.57,16.75,0.0,0.0,30900412,518828411,16559,TWSE,etf,false,true,true,false,false,false,false,false,false,security_type=etf;symbol_not_4_digit
2026-07-16,00993A,主動安聯台灣,listed,13.08,13.11,12.83,13.0,-0.2,-1.5152,3253978,42138658,1165,TWSE,etf,false,true,true,false,false,false,false,false,false,security_type=etf;symbol_not_4_digit
2026-07-16,00994A,主動第一金台股優,listed,16.6,16.71,16.4,16.58,-0.36,-2.1251,2571651,42580007,1442,TWSE,etf,false,true,true,false,false,false,false,false,false,security_type=etf;symbol_not_4_digit
2026-07-16,00995A,主動中信台灣卓越,listed,16.83,16.94,16.53,16.77,-0.3,-1.7575,3796161,63412992,1047,TWSE,etf,false,true,true,false,false,false,false,false,false,security_type=etf;symbol_not_4_digit
2026-07-16,00996A,主動兆豐台灣豐收,listed,14.53,14.64,14.38,14.42,-0.38,-2.5676,4269037,61860634,1121,TWSE,etf,false,true,true,false,false,false,false,false,false,security_type=etf;symbol_not_4_digit
2026-07-16,00997A,主動群益美國增長,listed,11.87,11.9,11.76,11.89,-0.45,-3.6467,20244539,239527273,6784,TWSE,etf,false,true,true,false,false,false,false,false,false,security_type=etf;symbol_not_4_digit
2026-07-16,00999A,主動野村臺灣高息,listed,10.48,10.59,10.37,10.54,-0.06,-0.566,6236563,65461850,1688,TWSE,etf,false,true,true,false,false,false,false,false,false,security_type=etf;symbol_not_4_digit
2026-07-16,01001T,土銀富邦R1,listed,11.45,11.45,11.43,11.44,-0.01,-0.0873,226365,2589416,23,TWSE,etf,false,true,true,false,false,false,false,false,false,security_type=etf;symbol_not_4_digit
2026-07-16,01002T,土銀國泰R1,listed,13.71,13.72,13.7,13.7,-0.01,-0.0729,168000,2303660,41,TWSE,etf,false,true,true,false,false,false,false,false,false,security_type=etf;symbol_not_4_digit
2026-07-16,01004T,土銀富邦R2,listed,10.3,10.41,10.3,10.3,-0.01,-0.097,69000,711620,45,TWSE,etf,false,true,true,false,false,false,false,false,false,security_type=etf;symbol_not_4_digit
2026-07-16,01007T,兆豐國泰R2,listed,12.31,12.35,12.26,12.3,-0.03,-0.2433,286000,3516370,174,TWSE,etf,false,true,true,false,false,false,false,false,false,security_type=etf;symbol_not_4_digit
2026-07-16,01009T,王道圓滿R1,listed,5.7,5.7,5.7,5.7,-0.01,-0.1751,10000,57000,1,TWSE,warrant,false,false,true,false,false,false,false,false,false,security_type=warrant;symbol_not_4_digit
2026-07-16,01010T,京城樂富R1,listed,10.0,10.01,9.97,10.0,0.0,0.0,406248,4058840,30,TWSE,warrant,false,false,true,false,false,false,false,false,false,security_type=warrant;symbol_not_4_digit
2026-07-16,020000,富邦特選蘋果N,listed,,,,,0.0,,0,0,0,TWSE,etf,false,true,false,false,false,false,false,false,false,security_type=etf;symbol_not_4_digit;invalid_close;invalid_volume;invalid_turnover
2026-07-16,020011,統一微波高息20N,listed,,,,,0.0,,0,0,0,TWSE,etf,false,true,false,false,false,false,false,false,false,security_type=etf;symbol_not_4_digit;invalid_close;invalid_volume;invalid_turnover
2026-07-16,020012,富邦行動通訊N,listed,22.69,22.69,22.69,22.69,0.0,0.0,3000,68070,3,TWSE,etf,false,true,false,false,false,false,false,false,false,security_type=etf;symbol_not_4_digit
2026-07-16,02001L,富邦蘋果正二N,listed,153.05,156.65,151.15,154.15,-4.25,-2.6831,85000,13149150,32,TWSE,etf,false,true,true,false,false,false,false,false,false,security_type=etf;symbol_not_4_digit
2026-07-16,020020,元大台股領航N,listed,25.8,26.08,25.8,26.08,-0.15,-0.5719,2000,51880,2,TWSE,etf,false,true,false,false,false,false,false,false,false,security_type=etf;symbol_not_4_digit
2026-07-16,020028,元大特選電動車N,listed,18.4,18.81,18.4,18.74,0.13,0.6985,17000,315070,5,TWSE,etf,false,true,false,false,false,false,false,false,false,security_type=etf;symbol_not_4_digit
2026-07-16,020029,元大ESG高股息N,listed,,,,,0.0,,0,0,0,TWSE,etf,false,true,false,false,false,false,false,false,false,security_type=etf;symbol_not_4_digit;invalid_close;invalid_volume;invalid_turnover
2026-07-16,020030,統一智慧電動車N,listed,18.14,18.14,18.13,18.13,-0.01,-0.0551,60000,1088200,2,TWSE,etf,false,true,false,false,false,false,false,false,false,security_type=etf;symbol_not_4_digit
2026-07-16,020031,統一IC設計臺灣N,listed,9.32,9.5,9.31,9.45,-0.14,-1.4599,9000,84520,7,TWSE,etf,false,true,false,false,false,false,false,false,false,security_type=etf;symbol_not_4_digit
2026-07-16,020032,元大綠能N,listed,,,,,0.0,,0,0,0,TWSE,etf,false,true,false,false,false,false,false,false,false,security_type=etf;symbol_not_4_digit;invalid_close;invalid_volume;invalid_turnover
2026-07-16,020034,元大IC設計N,listed,13.3,13.3,13.21,13.24,-0.25,-1.8532,9000,119110,7,TWSE,etf,false,true,false,false,false,false,false,false,false,security_type=etf;symbol_not_4_digit
2026-07-16,020036,元大金融配息N,listed,,,,,0.0,,0,0,0,TWSE,etf,false,true,false,false,false,false,false,false,false,security_type=etf;symbol_not_4_digit;invalid_close;invalid_volume;invalid_turnover
2026-07-16,020037,元大金融高股息N,listed,10.93,10.93,10.93,10.93,-0.09,-0.8167,5000,54650,1,TWSE,etf,false,true,false,false,false,false,false,false,false,security_type=etf;symbol_not_4_digit
2026-07-16,020038,元大ESG配息N,listed,,,,,0.0,,0,0,0,TWSE,etf,false,true,false,false,false,false,false,false,false,security_type=etf;symbol_not_4_digit;invalid_close;invalid_volume;invalid_turnover
2026-07-16,020039,元大加權N,listed,14.52,14.63,14.52,14.6,0.08,0.551,15000,218260,3,TWSE,etf,false,true,false,false,false,false,false,false,false,security_type=etf;symbol_not_4_digit
2026-07-16,1101,台泥,listed,23.5,24.1,23.45,23.95,0.4,1.6985,27846368,662502407,8509,TWSE,common_stock,true,false,false,false,false,false,false,false,true,
2026-07-16,1101B,台泥乙特,listed,43.7,43.7,43.65,43.7,0.05,0.1145,12159,531287,8,TWSE,warrant,false,false,true,false,false,false,false,false,false,security_type=warrant;symbol_not_4_digit
2026-07-16,1102,亞泥,listed,32.5,33.2,32.0,33.0,0.0,0.0,38052067,1241462023,8841,TWSE,common_stock,true,false,false,false,false,false,false,false,true,
2026-07-16,1103,嘉泥,listed,13.6,13.7,13.55,13.65,0.05,0.3676,230878,3152058,177,TWSE,common_stock,true,false,false,false,false,false,false,false,true,
2026-07-16,1104,環泥,listed,26.9,27.1,26.6,26.95,0.1,0.3724,541555,14611276,443,TWSE,common_stock,true,false,false,false,false,false,false,false,true,
2026-07-16,1108,幸福,listed,12.65,12.7,12.45,12.65,0.0,0.0,899772,11326264,445,TWSE,common_stock,true,false,false,false,false,false,false,false,true,
2026-07-16,1109,信大,listed,13.8,14.0,13.75,13.9,0.0,0.0,315648,4385131,494,TWSE,common_stock,true,false,false,false,false,false,false,false,true,
2026-07-16,1110,東泥,listed,16.15,16.15,15.7,16.1,-0.05,-0.3096,195062,3124437,129,TWSE,common_stock,true,false,false,false,false,false,false,false,true,
2026-07-16,1201,味全,listed,12.55,12.75,12.55,12.7,0.15,1.1952,952957,12064727,467,TWSE,common_stock,true,false,false,false,false,false,false,false,true,
2026-07-16,1203,味王,listed,45.0,45.0,42.65,45.0,0.15,0.3344,48377,2138477,94,TWSE,common_stock,true,false,false,false,false,false,false,false,true,
2026-07-16,1210,大成,listed,58.0,58.8,58.0,58.7,0.7,1.2069,2106265,123389441,1666,TWSE,common_stock,true,false,false,false,false,false,false,false,true,
2026-07-16,1213,大飲,listed,,,,,0.0,,1,7,1,TWSE,other,false,false,false,false,false,false,false,false,false,invalid_close
2026-07-16,1215,卜蜂,listed,112.0,113.0,111.5,112.5,0.5,0.4464,1662765,186428910,1114,TWSE,common_stock,true,false,false,false,false,false,false,false,true,
2026-07-16,1216,統一,listed,78.1,79.5,77.6,79.0,0.4,0.5089,23084234,1813985338,11408,TWSE,etf,false,true,false,false,false,false,false,false,false,security_type=etf
2026-07-16,1217,愛之味,listed,10.05,10.1,9.98,10.05,0.05,0.5,390266,3916534,329,TWSE,common_stock,true,false,false,false,false,false,false,false,true,
2026-07-16,1218,泰山,listed,16.25,16.75,16.15,16.7,0.45,2.7692,1462384,24172254,832,TWSE,common_stock,true,false,false,false,false,false,false,false,true,
2026-07-16,1219,福壽,listed,12.2,12.45,12.15,12.4,0.2,1.6393,711385,8791497,312,TWSE,common_stock,true,false,false,false,false,false,false,false,true,
2026-07-16,1220,台榮,listed,11.35,11.35,11.2,11.3,0.0,0.0,182892,2057591,452,TWSE,common_stock,true,false,false,false,false,false,false,false,true,
2026-07-16,1225,福懋油,listed,27.35,27.5,26.4,27.15,0.1,0.3697,101183,2738916,124,TWSE,common_stock,true,false,false,false,false,false,false,false,true,
2026-07-16,1227,佳格,listed,30.2,30.4,30.15,30.25,0.15,0.4983,1104801,33441326,718,TWSE,common_stock,true,false,false,false,false,false,false,false,true,
2026-07-16,1229,聯華,listed,40.5,41.7,40.4,41.45,0.95,2.3457,2518115,103645491,1806,TWSE,common_stock,true,false,false,false,false,false,false,false,true,
2026-07-16,1231,聯華食,listed,88.5,91.9,88.5,91.9,3.7,4.195,1032776,93841580,1374,TWSE,common_stock,true,false,false,false,false,false,false,false,true,
2026-07-16,1232,大統益,listed,154.0,162.5,154.0,162.0,10.0,6.5789,1283561,203908097,1772,TWSE,common_stock,true,false,false,false,false,false,false,false,true,
2026-07-16,1233,天仁,listed,28.55,28.55,28.2,28.55,0.05,0.1754,19270,549235,85,TWSE,common_stock,true,false,false,false,false,false,false,false,true,
2026-07-16,1234,黑松,listed,33.85,33.85,33.0,33.75,-0.05,-0.1479,155385,5238588,143,TWSE,common_stock,true,false,false,false,false,false,false,false,true,
2026-07-16,1235,興泰,listed,37.1,37.1,35.5,37.05,0.05,0.1351,19490,710330,21,TWSE,common_stock,true,false,false,false,false,false,false,false,true,
2026-07-16,1236,宏亞,listed,23.8,23.8,23.15,23.15,-0.4,-1.6985,48300,1127170,129,TWSE,common_stock,true,false,false,false,false,false,false,false,true,
2026-07-16,1256,鮮活果汁-KY,listed,188.5,189.5,186.0,189.0,0.5,0.2653,34529,6467216,69,TWSE,common_stock,true,false,false,false,false,false,false,false,true,
2026-07-16,1301,台塑,listed,66.8,68.6,65.0,65.6,-0.1,-0.1522,122648333,8209047390,72813,TWSE,common_stock,true,false,false,false,false,false,false,false,true,
2026-07-16,1303,南亞,listed,223.0,229.0,215.0,221.0,-6.5,-2.8571,134345840,29803852281,75202,TWSE,common_stock,true,false,false,false,false,false,false,false,true,
2026-07-16,1304,台聚,listed,13.75,14.15,13.65,14.0,0.2,1.4493,7348479,102065165,2630,TWSE,common_stock,true,false,false,false,false,false,false,false,true,
2026-07-16,1305,華夏,listed,13.0,13.3,12.9,13.15,0.15,1.1538,2818165,37027787,1304,TWSE,common_stock,true,false,false,false,false,false,false,false,true,
2026-07-16,1307,三芳,listed,32.4,32.75,32.1,32.7,0.3,0.9259,495052,16108542,366,TWSE,common_stock,true,false,false,false,false,false,false,false,true,
2026-07-16,1308,亞聚,listed,14.9,15.2,14.8,15.05,0.1,0.6689,3124804,47485547,1194,TWSE,common_stock,true,false,false,false,false,false,false,false,true,
2026-07-16,1309,台達化,listed,14.95,15.35,14.9,15.15,0.05,0.3311,2507048,37943075,1235,TWSE,common_stock,true,false,false,false,false,false,false,false,true,
2026-07-16,1310,台苯,listed,10.45,11.0,10.4,10.7,0.2,1.9048,7495159,80511123,2445,TWSE,common_stock,true,false,false,false,false,false,false,false,true,
2026-07-16,1312,國喬,listed,13.2,13.95,13.15,13.45,0.3,2.2814,19039261,259112575,5697,TWSE,common_stock,true,false,false,false,false,false,false,false,true,
2026-07-16,1312A,國喬特,listed,21.7,21.7,21.7,21.7,0.0,0.0,10000,217000,2,TWSE,warrant,false,false,true,false,false,false,false,false,false,security_type=warrant;symbol_not_4_digit
2026-07-16,1313,聯成,listed,12.65,13.0,12.55,12.85,0.2,1.581,10310049,132115639,3373,TWSE,common_stock,true,false,false,false,false,false,false,false,true,
2026-07-16,1314,中石化,listed,8.92,9.5,8.91,9.06,0.2,2.2573,99168485,913974521,22303,TWSE,common_stock,true,false,false,false,false,false,false,false,true,
2026-07-16,1315,達新,listed,64.9,65.0,63.6,64.8,-0.2,-0.3077,41070,2649091,54,TWSE,common_stock,true,false,false,false,false,false,false,false,true,
2026-07-16,1316,上曜,listed,10.5,10.55,10.3,10.35,-0.1,-0.9569,1329505,13821841,531,TWSE,common_stock,true,false,false,false,false,false,false,false,true,
2026-07-16,1319,東陽,listed,76.0,76.2,75.2,75.6,0.0,0.0,1580292,119513071,1362,TWSE,common_stock,true,false,false,false,false,false,false,false,true,
2026-07-16,1321,大洋,listed,31.8,32.3,31.7,32.25,0.4,1.2559,138559,4441263,112,TWSE,common_stock,true,false,false,false,false,false,false,false,true,
2026-07-16,1323,永裕,listed,20.05,20.2,19.85,20.2,0.15,0.7481,55326,1107861,67,TWSE,common_stock,true,false,false,false,false,false,false,false,true,
2026-07-16,1324,地球,listed,10.45,10.5,10.35,10.4,-0.05,-0.4785,55091,573158,70,TWSE,common_stock,true,false,false,false,false,false,false,false,true,
2026-07-16,1325,恆大,listed,26.25,26.25,25.6,25.85,0.4,1.5717,472823,12225740,371,TWSE,common_stock,true,false,false,false,false,false,false,false,true,
2026-07-16,1326,台化,listed,71.0,73.0,68.4,68.9,-1.9,-2.6836,110654348,7855978657,60026,TWSE,common_stock,true,false,false,false,false,false,false,false,true,
2026-07-16,1337,再生-KY,listed,5.07,5.15,5.04,5.05,0.0,0.0,263917,1341582,216,TWSE,common_stock,true,false,false,false,false,false,false,false,true,
2026-07-16,1338,廣華-KY,listed,16.5,16.7,16.35,16.55,0.0,0.0,120285,1985429,75,TWSE,common_stock,true,false,false,false,false,false,false,false,true,
2026-07-16,1339,昭輝,listed,44.3,44.65,44.0,44.25,-0.1,-0.2255,56564,2509029,68,TWSE,common_stock,true,false,false,false,false,false,false,false,true,
2026-07-16,1340,勝悅-KY,listed,5.38,5.38,5.3,5.33,0.0,0.0,135897,725473,145,TWSE,common_stock,true,false,false,false,false,false,false,false,true,
2026-07-16,1341,富林-KY,listed,59.0,59.2,59.0,59.2,0.2,0.339,4000,236200,4,TWSE,common_stock,true,false,false,false,false,false,false,false,true,
2026-07-16,1342,八貫,listed,115.5,118.0,115.0,116.5,0.0,0.0,403641,47109699,416,TWSE,common_stock,true,false,false,false,false,false,false,false,true,
2026-07-16,1402,遠東新,listed,27.35,27.9,27.3,27.8,0.25,0.9074,21827775,603517811,5631,TWSE,common_stock,true,false,false,false,false,false,false,false,true,
2026-07-16,1409,新纖,listed,26.0,26.65,25.7,26.0,0.1,0.3861,20089626,526734544,9346,TWSE,common_stock,true,false,false,false,false,false,false,false,true,
2026-07-16,1410,南染,listed,27.0,27.5,26.4,27.0,-0.05,-0.1848,123280,3315524,125,TWSE,common_stock,true,false,false,false,false,false,false,false,true,
2026-07-16,1413,宏洲,listed,9.53,9.54,9.34,9.47,0.05,0.5308,9376,88826,14,TWSE,common_stock,true,false,false,false,false,false,false,false,true,
2026-07-16,1414,東和,listed,18.3,18.55,18.1,18.55,0.3,1.6438,124655,2279153,151,TWSE,common_stock,true,false,false,false,false,false,false,false,true,
2026-07-16,1416,廣豐,listed,11.2,11.2,11.1,11.1,-0.15,-1.3333,136623,1522965,104,TWSE,common_stock,true,false,false,false,false,false,false,false,true,
2026-07-16,1417,嘉裕,listed,8.83,8.88,8.83,8.88,0.08,0.9091,158441,1403897,113,TWSE,common_stock,true,false,false,false,false,false,false,false,true,
2026-07-16,1418,東華,listed,18.1,18.55,18.1,18.5,-0.25,-1.3333,3544,65075,12,TWSE,common_stock,true,false,false,false,false,false,false,false,true,
2026-07-16,1419,新紡,listed,66.7,67.6,65.6,66.7,-0.1,-0.1497,124427,8324403,134,TWSE,common_stock,true,false,false,false,false,false,false,false,true,
2026-07-16,1423,利華,listed,38.5,38.5,36.6,37.0,-0.1,-0.2695,46824,1729396,28,TWSE,common_stock,true,false,false,false,false,false,false,false,true,
2026-07-16,1432,大魯閣,listed,15.3,15.3,15.15,15.25,0.0,0.0,171796,2619392,326,TWSE,common_stock,true,false,false,false,false,false,false,false,true,
2026-07-16,1434,福懋,listed,19.1,20.45,19.0,19.45,0.0,0.0,19036727,374088130,7646,TWSE,common_stock,true,false,false,false,false,false,false,false,true,
2026-07-16,1435,中福,listed,25.5,25.5,25.4,25.4,-1.15,-4.3315,7110,180627,19,TWSE,common_stock,true,false,false,false,false,false,false,false,true,
2026-07-16,1436,華友聯,listed,45.35,46.15,45.0,46.0,1.1,2.4499,906239,41507736,625,TWSE,common_stock,true,false,false,false,false,false,false,false,true,
2026-07-16,1437,勤益控,listed,30.85,30.85,30.35,30.7,-0.15,-0.4862,128369,3929445,92,TWSE,common_stock,true,false,false,false,false,false,false,false,true,
2026-07-16,1438,三地開發,listed,21.65,21.8,21.4,21.4,-0.05,-0.2331,37029,797571,30,TWSE,common_stock,true,false,false,false,false,false,false,false,true,
2026-07-16,1439,雋揚,listed,25.15,26.5,24.9,26.45,1.65,6.6532,125112,3236863,66,TWSE,common_stock,true,false,false,false,false,false,false,false,true,
2026-07-16,1440,南紡,listed,13.4,13.55,13.25,13.4,0.0,0.0,2764228,37028671,1087,TWSE,common_stock,true,false,false,false,false,false,false,false,true,
2026-07-16,1441,大東,listed,9.26,9.26,9.1,9.2,-0.09,-0.9688,27256,250110,99,TWSE,common_stock,true,false,false,false,false,false,false,false,true,
2026-07-16,1442,名軒,listed,29.05,30.25,28.85,29.4,0.4,1.3793,941353,27956142,830,TWSE,common_stock,true,false,false,false,false,false,false,false,true,
2026-07-16,1443,立益物流,listed,26.55,27.05,26.5,27.0,0.45,1.6949,12359,332472,20,TWSE,common_stock,true,false,false,false,false,false,false,false,true,
2026-07-16,1444,力麗,listed,8.78,8.83,8.2,8.2,-0.67,-7.5536,6158436,52350289,2852,TWSE,common_stock,true,false,false,false,false,false,false,false,true,
2026-07-16,1445,大宇,listed,11.7,12.1,11.5,11.75,0.1,0.8584,91517,1076187,41,TWSE,common_stock,true,false,false,false,false,false,false,false,true,
2026-07-16,1446,宏和,listed,14.55,14.55,14.3,14.4,-0.1,-0.6897,183041,2627237,125,TWSE,common_stock,true,false,false,false,false,false,false,false,true,
2026-07-16,1447,力鵬,listed,8.87,9.2,8.6,8.62,-0.25,-2.8185,3419701,30255293,1793,TWSE,common_stock,true,false,false,false,false,false,false,false,true,
2026-07-16,1449,佳和,listed,13.75,13.75,13.5,13.55,-0.25,-1.8116,217685,2965071,208,TWSE,common_stock,true,false,false,false,false,false,false,false,true,
2026-07-16,1451,年興,listed,17.3,17.4,17.2,17.25,-0.05,-0.289,91089,1575357,101,TWSE,common_stock,true,false,false,false,false,false,false,false,true,
2026-07-16,1452,宏益,listed,11.9,12.0,11.8,11.85,-0.05,-0.4202,47534,563506,55,TWSE,common_stock,true,false,false,false,false,false,false,false,true,
2026-07-16,1453,大將,listed,11.45,11.5,11.2,11.3,0.05,0.4444,20197,228739,52,TWSE,common_stock,true,false,false,false,false,false,false,false,true,
2026-07-16,1454,台富,listed,13.0,13.15,12.95,13.0,0.0,0.0,24439,317571,78,TWSE,common_stock,true,false,false,false,false,false,false,false,true,
2026-07-16,1455,集盛,listed,9.43,9.44,9.25,9.33,-0.11,-1.1653,1006475,9393522,503,TWSE,common_stock,true,false,false,false,false,false,false,false,true,
2026-07-16,1456,怡華,listed,14.15,14.15,13.7,13.95,-0.1,-0.7117,92615,1286120,88,TWSE,common_stock,true,false,false,false,false,false,false,false,true,
2026-07-16,1457,宜進,listed,14.4,14.4,14.1,14.4,0.0,0.0,52762,755036,53,TWSE,common_stock,true,false,false,false,false,false,false,false,true,
2026-07-16,1459,聯發,listed,11.75,11.9,11.65,11.7,-0.1,-0.8475,70358,824849,57,TWSE,common_stock,true,false,false,false,false,false,false,false,true,
2026-07-16,1460,宏遠,listed,7.16,7.25,7.06,7.06,-0.2,-2.7548,561372,3993269,275,TWSE,common_stock,true,false,false,false,false,false,false,false,true,
2026-07-16,1463,強盛新,listed,17.55,18.0,17.55,17.7,0.1,0.5682,20027,354263,29,TWSE,common_stock,true,false,false,false,false,false,false,false,true,
2026-07-16,1464,得力,listed,10.85,10.85,10.65,10.75,-0.05,-0.463,317739,3418314,236,TWSE,common_stock,true,false,false,false,false,false,false,false,true,
2026-07-16,1465,偉全,listed,13.1,13.1,12.9,13.1,0.1,0.7692,103203,1340231,98,TWSE,common_stock,true,false,false,false,false,false,false,false,true,
2026-07-16,1466,聚隆,listed,18.55,18.95,17.75,18.7,0.4,2.1858,1833183,33594232,1125,TWSE,common_stock,true,false,false,false,false,false,false,false,true,
2026-07-16,1467,南緯,listed,9.0,9.1,8.83,8.95,-0.05,-0.5556,571908,5110512,334,TWSE,common_stock,true,false,false,false,false,false,false,false,true,
2026-07-16,1468,昶和,listed,12.65,12.7,12.3,12.65,-0.15,-1.1719,38060,477067,35,TWSE,common_stock,true,false,false,false,false,false,false,false,true,
2026-07-16,1470,大統新創,listed,23.25,23.25,22.45,23.0,0.0,0.0,15052,345427,20,TWSE,common_stock,true,false,false,false,false,false,false,false,true,
2026-07-16,1471,首利,listed,10.2,10.4,10.0,10.05,-0.15,-1.4706,463641,4681082,166,TWSE,common_stock,true,false,false,false,false,false,false,false,true,
2026-07-16,1472,三洋實業,listed,90.5,90.5,87.9,89.6,-0.9,-0.9945,126489,11202709,53,TWSE,common_stock,true,false,false,false,false,false,false,false,true,
2026-07-16,1473,台南,listed,20.3,20.7,20.05,20.2,-0.2,-0.9804,53415,1084591,118,TWSE,common_stock,true,false,false,false,false,false,false,false,true,
2026-07-16,1474,弘裕,listed,10.55,10.7,10.55,10.6,0.05,0.4739,63922,677937,70,TWSE,common_stock,true,false,false,false,false,false,false,false,true,
2026-07-16,1475,業旺,listed,27.25,28.1,26.95,27.3,0.05,0.1835,15541,426305,14,TWSE,common_stock,true,false,false,false,false,false,false,false,true,
2026-07-16,1476,儒鴻,listed,329.5,339.0,327.0,339.0,8.0,2.4169,1767643,592227352,2006,TWSE,common_stock,true,false,false,false,false,false,false,false,true,
2026-07-16,1477,聚陽,listed,217.0,220.5,215.5,219.5,2.5,1.1521,1303417,284163851,1295,TWSE,common_stock,true,false,false,false,false,false,false,false,true,
2026-07-16,1503,士電,listed,208.5,208.5,202.5,204.0,-5.5,-2.6253,1648261,337715129,2534,TWSE,common_stock,true,false,false,false,false,false,false,false,true,
2026-07-16,1504,東元,listed,69.0,71.5,68.0,69.9,0.9,1.3043,19117638,1341716756,13127,TWSE,common_stock,true,false,false,false,false,false,false,false,true,
2026-07-16,1506,正道,listed,10.9,10.95,10.7,10.95,0.0,0.0,331748,3607206,162,TWSE,common_stock,true,false,false,false,false,false,false,false,true,
2026-07-16,1512,瑞利,listed,6.86,6.89,6.72,6.79,-0.07,-1.0204,36058,243635,37,TWSE,common_stock,true,false,false,false,false,false,false,false,true,
2026-07-16,1513,中興電,listed,170.5,170.5,167.0,167.0,-4.0,-2.3392,2792262,468758213,3101,TWSE,common_stock,true,false,false,false,false,false,false,false,true,
2026-07-16,1514,亞力,listed,109.5,109.5,106.5,106.5,-4.0,-3.6199,3174082,341229900,3508,TWSE,common_stock,true,false,false,false,false,false,false,false,true,
2026-07-16,1515,力山,listed,41.9,45.1,41.55,44.85,3.75,9.1241,4042428,176360157,2909,TWSE,common_stock,true,false,false,false,false,false,false,false,true,
2026-07-16,1516,川飛,listed,17.35,17.5,17.35,17.4,-0.4,-2.2472,14153,246584,45,TWSE,common_stock,true,false,false,false,false,false,false,false,true,
2026-07-16,1517,利奇,listed,11.1,12.1,11.05,12.1,1.1,10.0,4157864,49578806,2071,TWSE,common_stock,true,false,false,false,false,false,false,false,true,
2026-07-16,1519,華城,listed,705.0,705.0,686.0,691.0,-18.0,-2.5388,1045221,724300005,5909,TWSE,common_stock,true,false,false,false,false,false,false,false,true,
2026-07-16,1521,大億,listed,26.1,26.1,25.4,25.8,-0.2,-0.7692,17343,447690,31,TWSE,common_stock,true,false,false,false,false,false,false,false,true,
2026-07-16,1522,堤維西,listed,29.15,29.65,28.9,29.4,0.0,0.0,720631,21122109,631,TWSE,common_stock,true,false,false,false,false,false,false,false,true,
2026-07-16,1522A,堤維西甲特,listed,48.3,48.6,48.3,48.6,0.0,0.0,6107,295834,8,TWSE,warrant,false,false,true,false,false,false,false,false,false,security_type=warrant;symbol_not_4_digit
2026-07-16,1524,耿鼎,listed,27.65,27.7,27.4,27.4,-0.3,-1.083,317434,8737323,483,TWSE,common_stock,true,false,false,false,false,false,false,false,true,
2026-07-16,1525,江申,listed,68.4,68.4,66.1,66.9,0.0,0.0,6578,438884,148,TWSE,common_stock,true,false,false,false,false,false,false,false,true,
2026-07-16,1526,日馳,listed,14.65,15.7,14.65,15.7,1.4,9.7902,1023793,16012160,521,TWSE,common_stock,true,false,false,false,false,false,false,false,true,
2026-07-16,1527,鑽全,listed,34.3,34.5,34.05,34.15,-0.05,-0.1462,151511,5184978,159,TWSE,common_stock,true,false,false,false,false,false,false,false,true,
2026-07-16,1528,恩德,listed,22.25,22.25,21.55,21.6,-0.65,-2.9213,924123,20099333,715,TWSE,common_stock,true,false,false,false,false,false,false,false,true,
2026-07-16,1529,樂事綠能,listed,20.45,20.65,20.2,20.55,0.1,0.489,375967,7697125,295,TWSE,common_stock,true,false,false,false,false,false,false,false,true,
2026-07-16,1530,亞崴,listed,30.2,30.3,29.5,30.05,0.6,2.0374,73270,2188444,88,TWSE,common_stock,true,false,false,false,false,false,false,false,true,
2026-07-16,1531,高林股,listed,13.2,13.25,13.05,13.1,0.0,0.0,131824,1724965,108,TWSE,common_stock,true,false,false,false,false,false,false,false,true,
2026-07-16,1532,勤美,listed,23.4,23.75,23.05,23.55,0.2,0.8565,562925,13261323,381,TWSE,common_stock,true,false,false,false,false,false,false,false,true,
2026-07-16,1533,車王電,listed,34.75,34.75,34.0,34.0,-0.6,-1.7341,115968,3976074,119,TWSE,common_stock,true,false,false,false,false,false,false,false,true,
2026-07-16,1535,中宇,listed,50.3,50.7,49.85,50.2,-0.1,-0.1988,113144,5707375,141,TWSE,common_stock,true,false,false,false,false,false,false,false,true,
2026-07-16,1536,和大,listed,52.9,53.5,51.9,52.8,-0.4,-0.7519,2051785,107802501,1575,TWSE,common_stock,true,false,false,false,false,false,false,false,true,
2026-07-16,1537,廣隆,listed,126.5,127.0,125.5,126.5,0.0,0.0,43873,5534054,64,TWSE,common_stock,true,false,false,false,false,false,false,false,true,
2026-07-16,1538,正峰,listed,10.05,10.25,10.0,10.25,-0.75,-6.8182,12077,121683,19,TWSE,common_stock,true,false,false,false,false,false,false,false,true,
2026-07-16,1539,巨庭,listed,16.1,17.3,16.0,16.95,1.1,6.9401,1118579,18663718,579,TWSE,common_stock,true,false,false,false,false,false,false,false,true,
2026-07-16,1540,喬福,listed,23.45,23.45,22.45,22.45,-0.85,-3.6481,284018,6481465,233,TWSE,common_stock,true,false,false,false,false,false,false,false,true,
2026-07-16,1541,錩泰,listed,21.75,22.95,21.75,22.5,0.75,3.4483,48726,1087738,57,TWSE,common_stock,true,false,false,false,false,false,false,false,true,
2026-07-16,1558,伸興,listed,92.1,94.6,92.1,94.6,1.6,1.7204,136405,12801812,202,TWSE,common_stock,true,false,false,false,false,false,false,false,true,
2026-07-16,1560,中砂,listed,740.0,765.0,715.0,728.0,0.0,0.0,3142849,2318785619,4472,TWSE,common_stock,true,false,false,false,false,false,false,false,true,
2026-07-16,1563,巧新,listed,62.5,66.5,61.8,65.1,2.6,4.16,948018,61030321,744,TWSE,common_stock,true,false,false,false,false,false,false,false,true,
2026-07-16,1568,倉佑,listed,31.65,32.5,31.3,31.75,0.1,0.316,408265,13040516,338,TWSE,common_stock,true,false,false,false,false,false,false,false,true,
2026-07-16,1582,信錦,listed,77.2,77.6,76.5,76.6,-1.6,-2.046,510895,39375199,655,TWSE,common_stock,true,false,false,false,false,false,false,false,true,
2026-07-16,1583,程泰,listed,51.6,51.6,49.75,50.2,-1.0,-1.9531,40579,2065111,62,TWSE,common_stock,true,false,false,false,false,false,false,false,true,
2026-07-16,1587,吉茂,listed,26.35,26.75,26.1,26.15,-0.25,-0.947,159321,4215873,136,TWSE,common_stock,true,false,false,false,false,false,false,false,true,
2026-07-16,1590,亞德客-KY,listed,1350.0,1375.0,1280.0,1350.0,-15.0,-1.0989,786174,1051761150,1006,TWSE,common_stock,true,false,false,false,false,false,false,false,true,
2026-07-16,1597,直得,listed,138.0,139.5,132.5,138.5,0.5,0.3623,630966,86006402,676,TWSE,common_stock,true,false,false,false,false,false,false,false,true,
2026-07-16,1598,岱宇,listed,19.85,20.35,19.15,20.3,0.5,2.5253,310747,6176895,214,TWSE,common_stock,true,false,false,false,false,false,false,false,true,
2026-07-16,1603,華電,listed,29.5,29.6,29.3,29.4,-0.3,-1.0101,134953,3971752,147,TWSE,common_stock,true,false,false,false,false,false,false,false,true,
2026-07-16,1604,聲寶,listed,23.55,23.6,23.45,23.6,0.05,0.2123,180170,4240350,146,TWSE,common_stock,true,false,false,false,false,false,false,false,true,
2026-07-16,1605,華新,listed,34.85,35.15,34.3,34.75,-0.25,-0.7143,10217659,354630413,5335,TWSE,common_stock,true,false,false,false,false,false,false,false,true,
2026-07-16,1608,華榮,listed,33.5,33.65,33.1,33.25,-0.3,-0.8942,1446920,48211300,1031,TWSE,common_stock,true,false,false,false,false,false,false,false,true,
2026-07-16,1609,大亞,listed,38.95,39.15,38.15,38.6,-0.65,-1.6561,3733593,143946457,2631,TWSE,common_stock,true,false,false,false,false,false,false,false,true,
2026-07-16,1611,中電,listed,12.85,12.9,12.6,12.65,-0.15,-1.1719,217922,2773153,240,TWSE,common_stock,true,false,false,false,false,false,false,false,true,
2026-07-16,1612,宏泰,listed,32.2,32.3,31.5,31.7,-0.6,-1.8576,1201242,38199415,906,TWSE,common_stock,true,false,false,false,false,false,false,false,true,
2026-07-16,1614,三洋電,listed,31.55,31.55,30.9,31.35,0.0,0.0,88581,2770821,73,TWSE,common_stock,true,false,false,false,false,false,false,false,true,
2026-07-16,1615,大山,listed,47.3,47.5,46.65,47.35,0.3,0.6376,255834,12094997,219,TWSE,common_stock,true,false,false,false,false,false,false,false,true,
2026-07-16,1616,億泰,listed,20.65,20.8,20.35,20.65,0.0,0.0,447936,9217771,301,TWSE,common_stock,true,false,false,false,false,false,false,false,true,
2026-07-16,1617,榮星,listed,24.0,24.15,23.55,23.9,0.0,0.0,478474,11435926,374,TWSE,common_stock,true,false,false,false,false,false,false,false,true,
2026-07-16,1618,合機,listed,38.45,38.45,37.95,38.2,-0.3,-0.7792,330465,12617600,272,TWSE,common_stock,true,false,false,false,false,false,false,false,true,
2026-07-16,1623,大東電,listed,234.5,234.5,225.5,229.5,-5.5,-2.3404,266634,60828083,318,TWSE,common_stock,true,false,false,false,false,false,false,false,true,
2026-07-16,1626,艾美特-KY,listed,10.55,10.95,10.35,10.35,-0.05,-0.4808,67497,705973,99,TWSE,common_stock,true,false,false,false,false,false,false,false,true,
2026-07-16,1702,南僑,listed,33.9,33.9,33.5,33.65,-0.1,-0.2963,258282,8697832,285,TWSE,common_stock,true,false,false,false,false,false,false,false,true,
2026-07-16,1707,葡萄王,listed,92.0,93.2,91.8,92.5,0.6,0.6529,322714,29868466,425,TWSE,common_stock,true,false,false,false,false,false,false,false,true,
2026-07-16,1708,東鹼,listed,57.3,57.3,55.5,55.9,-0.8,-1.4109,3585209,201504219,2887,TWSE,common_stock,true,false,false,false,false,false,false,false,true,
2026-07-16,1709,和益,listed,27.5,27.85,26.7,27.2,-0.15,-0.5484,4905069,133756989,2313,TWSE,common_stock,true,false,false,false,false,false,false,false,true,
2026-07-16,1710,東聯,listed,15.8,17.5,15.65,17.5,1.55,9.7179,20506724,348408258,5550,TWSE,common_stock,true,false,false,false,false,false,false,false,true,
2026-07-16,1711,永光,listed,43.35,44.65,42.4,43.9,0.15,0.3429,7253543,316217646,4483,TWSE,common_stock,true,false,false,false,false,false,false,false,true,
2026-07-16,1712,興農,listed,39.7,39.8,39.2,39.55,0.05,0.1266,349457,13841392,300,TWSE,common_stock,true,false,false,false,false,false,false,false,true,
2026-07-16,1713,國化,listed,48.4,48.55,48.0,48.2,-0.2,-0.4132,60226,2907912,60,TWSE,common_stock,true,false,false,false,false,false,false,false,true,
2026-07-16,1714,和桐,listed,16.65,16.75,16.1,16.2,-0.5,-2.994,14351865,234655165,5594,TWSE,common_stock,true,false,false,false,false,false,false,false,true,
2026-07-16,1717,長興,listed,71.5,72.1,69.5,70.8,-0.7,-0.979,6395430,452790755,5186,TWSE,common_stock,true,false,false,false,false,false,false,false,true,
2026-07-16,1718,中纖,listed,14.6,14.95,14.6,14.65,-0.25,-1.6779,7051811,104340014,3278,TWSE,common_stock,true,false,false,false,false,false,false,false,true,
2026-07-16,1720,生達,listed,64.3,64.5,63.8,64.5,0.2,0.311,177466,11404903,186,TWSE,common_stock,true,false,false,false,false,false,false,false,true,
2026-07-16,1721,三晃,listed,23.35,23.65,22.8,23.05,-0.3,-1.2848,743049,17225896,535,TWSE,common_stock,true,false,false,false,false,false,false,false,true,
2026-07-16,1722,台肥,listed,48.1,48.5,47.7,47.8,-0.25,-0.5203,1140767,54802619,834,TWSE,common_stock,true,false,false,false,false,false,false,false,true,
2026-07-16,1723,中碳,listed,85.6,92.6,84.7,89.7,4.1,4.7897,2152513,192718627,2028,TWSE,common_stock,true,false,false,false,false,false,false,false,true,
2026-07-16,1725,元禎,listed,30.45,30.8,29.95,29.95,-0.25,-0.8278,77516,2345558,82,TWSE,common_stock,true,false,false,false,false,false,false,false,true,
2026-07-16,1726,永記,listed,79.5,79.5,78.8,79.5,0.0,0.0,22868,1812104,35,TWSE,common_stock,true,false,false,false,false,false,false,false,true,
2026-07-16,1727,中華化,listed,92.5,93.1,90.1,91.0,-2.9,-3.0884,2233191,203953105,2038,TWSE,common_stock,true,false,false,false,false,false,false,false,true,
2026-07-16,1730,花仙子,listed,51.4,51.6,51.2,51.6,0.5,0.9785,25291,1301825,54,TWSE,common_stock,true,false,false,false,false,false,false,false,true,
2026-07-16,1731,美吾華,listed,20.75,20.8,20.6,20.7,-0.05,-0.241,69052,1428880,49,TWSE,common_stock,true,false,false,false,false,false,false,false,true,
2026-07-16,1732,毛寶,listed,26.5,26.7,26.3,26.5,0.1,0.3788,217456,5776148,174,TWSE,common_stock,true,false,false,false,false,false,false,false,true,
2026-07-16,1733,五鼎,listed,31.5,31.85,31.05,31.65,0.15,0.4762,406975,12873063,228,TWSE,common_stock,true,false,false,false,false,false,false,false,true,
2026-07-16,1734,杏輝,listed,32.85,32.85,32.45,32.5,-0.35,-1.0654,829092,27012808,334,TWSE,common_stock,true,false,false,false,false,false,false,false,true,
2026-07-16,1735,日勝化,listed,21.4,21.7,21.2,21.3,-0.1,-0.4673,162436,3483561,157,TWSE,common_stock,true,false,false,false,false,false,false,false,true,
2026-07-16,1736,喬山,listed,132.0,132.0,128.0,129.0,-2.0,-1.5267,307542,39754677,225,TWSE,common_stock,true,false,false,false,false,false,false,false,true,
2026-07-16,1737,臺鹽,listed,32.15,32.15,31.9,32.0,-0.05,-0.156,70514,2259476,90,TWSE,common_stock,true,false,false,false,false,false,false,false,true,
2026-07-16,1752,南光,listed,32.15,32.25,31.9,31.9,0.0,0.0,34240,1095492,25,TWSE,common_stock,true,false,false,false,false,false,false,false,true,
2026-07-16,1760,寶齡富錦,listed,63.0,63.0,61.5,61.5,-0.5,-0.8065,166054,10342284,377,TWSE,common_stock,true,false,false,false,false,false,false,false,true,
2026-07-16,1762,中化生,listed,37.2,37.6,36.95,37.05,-0.55,-1.4628,183862,6836696,146,TWSE,common_stock,true,false,false,false,false,false,false,false,true,
2026-07-16,1773,勝一,listed,182.0,183.5,178.5,181.5,-3.0,-1.626,854854,154848153,952,TWSE,common_stock,true,false,false,false,false,false,false,false,true,
2026-07-16,1776,展宇,listed,18.65,18.7,18.4,18.5,-0.25,-1.3333,75260,1393198,55,TWSE,common_stock,true,false,false,false,false,false,false,false,true,
2026-07-16,1783,和康生,listed,40.35,40.8,40.1,40.8,0.4,0.9901,65467,2641286,66,TWSE,common_stock,true,false,false,false,false,false,false,false,true,
2026-07-16,1786,科妍,listed,53.1,53.1,52.0,52.4,-0.7,-1.3183,100950,5307505,119,TWSE,common_stock,true,false,false,false,false,false,false,false,true,
2026-07-16,1789,神隆,listed,20.85,21.05,20.35,20.65,-0.2,-0.9592,604104,12463637,342,TWSE,common_stock,true,false,false,false,false,false,false,false,true,
2026-07-16,1795,美時,listed,204.5,208.0,198.0,198.0,-4.5,-2.2222,2124976,431117330,2646,TWSE,common_stock,true,false,false,false,false,false,false,false,true,
2026-07-16,1802,台玻,listed,63.7,63.9,61.3,61.7,-1.5,-2.3734,28218201,1756625796,17097,TWSE,common_stock,true,false,false,false,false,false,false,false,true,
2026-07-16,1805,寶徠,listed,10.75,10.75,10.15,10.15,0.0,0.0,60350,623047,45,TWSE,common_stock,true,false,false,false,false,false,false,false,true,
2026-07-16,1806,冠軍,listed,8.39,8.44,8.35,8.4,0.03,0.3584,264494,2219941,214,TWSE,common_stock,true,false,false,false,false,false,false,false,true,
2026-07-16,1808,潤隆,listed,31.4,32.2,31.2,32.1,0.9,2.8846,2055350,65538176,1274,TWSE,common_stock,true,false,false,false,false,false,false,false,true,
2026-07-16,1809,中釉,listed,45.0,45.0,43.5,43.6,-1.75,-3.8589,1885088,82820428,1687,TWSE,common_stock,true,false,false,false,false,false,false,false,true,
2026-07-16,1810,和成,listed,30.25,30.9,28.85,28.9,-2.2,-7.074,29665099,883596041,15373,TWSE,common_stock,true,false,false,false,false,false,false,false,true,
2026-07-16,1817,凱撒衛,listed,38.85,38.85,38.45,38.6,0.15,0.3901,38239,1478961,25,TWSE,common_stock,true,false,false,false,false,false,false,false,true,
2026-07-16,1903,士紙,listed,48.7,48.8,47.85,48.55,0.0,0.0,54580,2644297,72,TWSE,common_stock,true,false,false,false,false,false,false,false,true,
2026-07-16,1904,正隆,listed,22.3,22.75,22.05,22.4,0.1,0.4484,1573159,35345788,1070,TWSE,common_stock,true,false,false,false,false,false,false,false,true,
2026-07-16,1905,華紙,listed,15.05,15.05,14.7,14.8,-0.1,-0.6711,1659156,24688498,1083,TWSE,common_stock,true,false,false,false,false,false,false,false,true,
2026-07-16,1906,寶隆,listed,11.2,11.35,11.05,11.15,-0.05,-0.4464,66795,745382,63,TWSE,common_stock,true,false,false,false,false,false,false,false,true,
2026-07-16,1907,永豐餘,listed,29.2,29.7,28.35,28.4,-0.8,-2.7397,2706466,78095898,1579,TWSE,etf,false,true,false,false,false,false,false,false,false,security_type=etf
2026-07-16,1909,榮成,listed,10.35,10.5,10.25,10.4,-0.05,-0.4785,2247887,23337511,906,TWSE,common_stock,true,false,false,false,false,false,false,false,true,
2026-07-16,2002,中鋼,listed,18.65,18.8,18.55,18.8,0.15,0.8043,26895799,504064491,7676,TWSE,common_stock,true,false,false,false,false,false,false,false,true,
2026-07-16,2002A,中鋼特,listed,38.55,38.55,38.5,38.55,0.0,0.0,6468,249285,20,TWSE,warrant,false,false,true,false,false,false,false,false,false,security_type=warrant;symbol_not_4_digit
2026-07-16,2006,東和鋼鐵,listed,72.0,72.6,71.9,72.4,0.6,0.8357,4556582,329297647,2108,TWSE,common_stock,true,false,false,false,false,false,false,false,true,
2026-07-16,2007,燁興,listed,7.37,7.42,7.21,7.21,-0.13,-1.7711,266452,1933926,108,TWSE,common_stock,true,false,false,false,false,false,false,false,true,
2026-07-16,2008,高興昌,listed,30.95,31.0,30.0,31.0,0.5,1.6393,32001,982478,39,TWSE,common_stock,true,false,false,false,false,false,false,false,true,
2026-07-16,2009,第一銅,listed,38.75,38.9,38.25,38.25,-0.4,-1.0349,596229,22945957,580,TWSE,common_stock,true,false,false,false,false,false,false,false,true,
2026-07-16,2010,春源,listed,21.4,21.45,21.25,21.25,-0.2,-0.9324,622257,13290117,361,TWSE,common_stock,true,false,false,false,false,false,false,false,true,
2026-07-16,2012,春雨,listed,16.1,16.3,15.95,15.95,-0.15,-0.9317,52590,845308,83,TWSE,common_stock,true,false,false,false,false,false,false,false,true,
2026-07-16,2013,中鋼構,listed,41.4,41.4,40.5,41.0,0.1,0.2445,75815,3109891,101,TWSE,common_stock,true,false,false,false,false,false,false,false,true,
2026-07-16,2014,中鴻,listed,17.3,17.9,17.3,17.6,0.25,1.4409,7060924,124879369,2368,TWSE,common_stock,true,false,false,false,false,false,false,false,true,
2026-07-16,2015,豐興,listed,64.3,64.6,64.0,64.3,0.3,0.4688,327927,21094421,264,TWSE,common_stock,true,false,false,false,false,false,false,false,true,
2026-07-16,2017,官田鋼,listed,9.12,9.26,9.1,9.17,0.06,0.6586,343131,3146349,210,TWSE,common_stock,true,false,false,false,false,false,false,false,true,
2026-07-16,2020,美亞,listed,21.5,21.65,21.3,21.5,0.05,0.2331,220325,4748111,126,TWSE,common_stock,true,false,false,false,false,false,false,false,true,
2026-07-16,2022,聚亨,listed,7.85,7.94,7.83,7.91,0.02,0.2535,282880,2234403,183,TWSE,common_stock,true,false,false,false,false,false,false,false,true,
2026-07-16,2023,燁輝,listed,14.1,14.15,13.65,13.65,-0.4,-2.847,1543757,21323396,918,TWSE,common_stock,true,false,false,false,false,false,false,false,true,
2026-07-16,2024,志聯,listed,13.9,14.1,13.75,14.05,0.15,1.0791,11065,154204,20,TWSE,common_stock,true,false,false,false,false,false,false,false,true,
2026-07-16,2025,千興,listed,11.85,12.05,11.6,11.7,-0.15,-1.2658,285471,3367357,158,TWSE,common_stock,true,false,false,false,false,false,false,false,true,
2026-07-16,2027,大成鋼,listed,41.2,41.4,40.35,41.0,-0.3,-0.7264,9243874,378425107,4501,TWSE,common_stock,true,false,false,false,false,false,false,false,true,
2026-07-16,2028,威致,listed,16.05,16.05,15.5,15.7,-0.3,-1.875,99838,1567973,100,TWSE,common_stock,true,false,false,false,false,false,false,false,true,
2026-07-16,2029,盛餘,listed,20.75,20.75,20.4,20.65,0.15,0.7317,194361,4007308,99,TWSE,common_stock,true,false,false,false,false,false,false,false,true,
2026-07-16,2030,彰源,listed,17.75,17.95,17.7,17.9,0.15,0.8451,395473,7058116,270,TWSE,common_stock,true,false,false,false,false,false,false,false,true,
2026-07-16,2031,新光鋼,listed,40.45,40.8,39.95,40.45,0.2,0.4969,1080263,43748128,658,TWSE,common_stock,true,false,false,false,false,false,false,false,true,
2026-07-16,2032,新鋼,listed,16.2,16.5,16.1,16.35,0.05,0.3067,351667,5751353,194,TWSE,common_stock,true,false,false,false,false,false,false,false,true,
2026-07-16,2033,佳大,listed,14.9,15.05,14.9,15.0,0.0,0.0,127095,1901429,57,TWSE,common_stock,true,false,false,false,false,false,false,false,true,
2026-07-16,2034,允強,listed,20.1,20.35,20.05,20.25,0.0,0.0,1558740,31479363,767,TWSE,common_stock,true,false,false,false,false,false,false,false,true,
2026-07-16,2038,海光,listed,13.15,13.3,13.05,13.05,-0.1,-0.7605,197142,2596266,169,TWSE,common_stock,true,false,false,false,false,false,false,false,true,
2026-07-16,2049,上銀,listed,317.5,337.0,309.5,332.0,10.5,3.2659,2241411,729302120,3573,TWSE,common_stock,true,false,false,false,false,false,false,false,true,
2026-07-16,2059,川湖,listed,8410.0,8900.0,8295.0,8655.0,155.0,1.8235,726234,6291721965,4188,TWSE,common_stock,true,false,false,false,false,false,false,false,true,
2026-07-16,2062,橋椿,listed,19.2,19.35,19.15,19.25,0.05,0.2604,116397,2242867,92,TWSE,common_stock,true,false,false,false,false,false,false,false,true,
2026-07-16,2069,運錩,listed,18.6,18.65,18.4,18.6,0.0,0.0,182700,3386581,114,TWSE,common_stock,true,false,false,false,false,false,false,false,true,
2026-07-16,2072,世紀風電,listed,146.0,146.0,143.5,144.5,-1.5,-1.0274,146456,21204408,229,TWSE,common_stock,true,false,false,false,false,false,false,false,true,
2026-07-16,2101,南港,listed,34.3,35.3,34.25,34.55,0.45,1.3196,2875074,100288620,1998,TWSE,common_stock,true,false,false,false,false,false,false,false,true,
2026-07-16,2102,泰豐,listed,19.0,19.3,18.65,19.0,0.05,0.2639,391071,7446165,196,TWSE,common_stock,true,false,false,false,false,false,false,false,true,
2026-07-16,2103,台橡,listed,27.6,27.6,24.3,24.55,-1.05,-4.1016,20009859,511312552,8744,TWSE,common_stock,true,false,false,false,false,false,false,false,true,
2026-07-16,2104,國際中橡,listed,10.65,11.3,10.55,11.1,0.5,4.717,8869011,98328181,2873,TWSE,common_stock,true,false,false,false,false,false,false,false,true,
2026-07-16,2105,正新,listed,32.95,33.6,32.9,33.55,0.7,2.1309,18591644,619846606,6308,TWSE,common_stock,true,false,false,false,false,false,false,false,true,
2026-07-16,2106,建大,listed,17.75,18.35,17.6,18.3,0.6,3.3898,2077866,37641190,985,TWSE,common_stock,true,false,false,false,false,false,false,false,true,
2026-07-16,2107,厚生,listed,26.15,26.15,25.85,26.05,0.05,0.1923,222239,5787863,193,TWSE,common_stock,true,false,false,false,false,false,false,false,true,
2026-07-16,2108,南帝,listed,28.85,29.15,28.55,28.55,-0.2,-0.6957,623436,17975700,484,TWSE,common_stock,true,false,false,false,false,false,false,false,true,
2026-07-16,2109,華豐,listed,14.75,14.8,14.6,14.75,0.0,0.0,51026,750319,64,TWSE,common_stock,true,false,false,false,false,false,false,false,true,
2026-07-16,2114,鑫永銓,listed,88.4,89.3,87.5,89.3,-0.2,-0.2235,27885,2485070,39,TWSE,common_stock,true,false,false,false,false,false,false,false,true,
2026-07-16,2115,六暉-KY,listed,22.1,22.1,21.65,21.85,-0.05,-0.2283,66842,1459506,60,TWSE,common_stock,true,false,false,false,false,false,false,false,true,
2026-07-16,2201,裕隆,listed,28.35,29.1,28.3,28.9,0.6,2.1201,3337572,96164877,1725,TWSE,common_stock,true,false,false,false,false,false,false,false,true,
2026-07-16,2204,中華,listed,57.7,58.2,57.5,57.9,0.3,0.5208,974443,56367929,806,TWSE,common_stock,true,false,false,false,false,false,false,false,true,
2026-07-16,2206,三陽工業,listed,64.1,64.5,63.8,64.2,0.3,0.4695,1378321,88577284,1001,TWSE,common_stock,true,false,false,false,false,false,false,false,true,
2026-07-16,2207,和泰車,listed,483.5,493.0,481.0,493.0,13.0,2.7083,656505,320918270,1257,TWSE,common_stock,true,false,false,false,false,false,false,false,true,
2026-07-16,2208,台船,listed,21.15,21.5,20.7,20.75,-0.75,-3.4884,6282336,132207493,3425,TWSE,common_stock,true,false,false,false,false,false,false,false,true,
2026-07-16,2211,長榮鋼,listed,95.7,95.7,95.1,95.2,-0.3,-0.3141,775842,73934322,659,TWSE,common_stock,true,false,false,false,false,false,false,false,true,
2026-07-16,2227,裕日車,listed,50.7,50.7,49.0,50.3,-0.1,-0.1984,70865,3714138,66,TWSE,common_stock,true,false,false,false,false,false,false,false,true,
2026-07-16,2228,劍麟,listed,80.3,81.2,80.2,80.7,-0.8,-0.9816,60732,4895360,80,TWSE,common_stock,true,false,false,false,false,false,false,false,true,
2026-07-16,2231,為升,listed,124.5,126.0,118.0,118.0,-8.5,-6.7194,2026048,247204804,1900,TWSE,common_stock,true,false,false,false,false,false,false,false,true,
2026-07-16,2233,宇隆,listed,232.0,239.0,228.0,229.5,-7.0,-2.9598,646926,150202830,739,TWSE,common_stock,true,false,false,false,false,false,false,false,true,
2026-07-16,2236,百達-KY,listed,165.5,165.5,160.5,161.0,-4.5,-2.719,418498,67890196,474,TWSE,common_stock,true,false,false,false,false,false,false,false,true,
2026-07-16,2239,英利-KY,listed,20.35,20.65,20.15,20.15,-0.2,-0.9828,38550,785167,43,TWSE,common_stock,true,false,false,false,false,false,false,false,true,
2026-07-16,2241,艾姆勒,listed,39.55,40.35,38.75,38.95,-1.35,-3.3499,540657,21315033,409,TWSE,common_stock,true,false,false,false,false,false,false,false,true,
2026-07-16,2243,宏旭-KY,listed,51.3,54.9,51.0,53.0,1.8,3.5156,713411,37775346,817,TWSE,common_stock,true,false,false,false,false,false,false,false,true,
2026-07-16,2247,汎德永業,listed,220.0,226.0,220.0,225.5,0.0,0.0,81367,18201405,211,TWSE,common_stock,true,false,false,false,false,false,false,false,true,
2026-07-16,2248,華勝-KY,listed,65.1,70.8,64.1,65.4,-0.6,-0.9091,749681,50844325,652,TWSE,common_stock,true,false,false,false,false,false,false,false,true,
2026-07-16,2250,IKKA-KY,listed,65.2,65.8,63.1,64.3,0.3,0.4688,88100,5661867,93,TWSE,common_stock,true,false,false,false,false,false,false,false,true,
2026-07-16,2254,巨鎧精密-創,listed,59.6,60.3,59.2,59.5,0.0,0.0,8001,478157,8,TWSE,common_stock,true,false,false,false,false,false,false,false,true,
2026-07-16,2258,鴻華先進-創,listed,32.85,32.85,31.75,32.5,-0.1,-0.3067,278051,8988138,183,TWSE,common_stock,true,false,false,false,false,false,false,false,true,
2026-07-16,2301,光寶科,listed,218.0,222.0,211.0,218.0,2.0,0.9259,18009278,3893924613,12715,TWSE,common_stock,true,false,false,false,false,false,false,false,true,
2026-07-16,2302,麗正,listed,47.8,48.5,44.5,44.7,-1.0,-2.1882,7975646,370150615,5369,TWSE,common_stock,true,false,false,false,false,false,false,false,true,
2026-07-16,2303,聯電,listed,161.5,168.0,159.0,160.0,-6.0,-3.6145,88319859,14368919803,59463,TWSE,common_stock,true,false,false,false,false,false,false,false,true,
2026-07-16,2305,全友,listed,34.15,35.85,33.8,34.4,-0.65,-1.8545,3506931,121467336,2129,TWSE,common_stock,true,false,false,false,false,false,false,false,true,
2026-07-16,2308,台達電,listed,1865.0,1935.0,1820.0,1905.0,15.0,0.7937,8661820,16256212980,27847,TWSE,common_stock,true,false,false,false,false,false,false,false,true,
2026-07-16,2312,金寶,listed,34.05,34.35,33.5,33.6,-1.0,-2.8902,12067352,408426841,7287,TWSE,common_stock,true,false,false,false,false,false,false,false,true,
2026-07-16,2313,華通,listed,245.0,248.0,235.0,235.5,-12.5,-5.0403,56275058,13595759865,45818,TWSE,common_stock,true,false,false,false,false,false,false,false,true,
2026-07-16,2314,台揚,listed,12.95,13.4,12.95,13.35,-0.05,-0.3731,58241,774561,87,TWSE,common_stock,true,false,false,false,false,false,false,false,true,
2026-07-16,2316,楠梓電,listed,175.0,181.5,172.0,177.0,-1.5,-0.8403,2101659,372122653,2114,TWSE,common_stock,true,false,false,false,false,false,false,false,true,
2026-07-16,2317,鴻海,listed,240.5,244.0,238.0,242.5,3.5,1.4644,39074704,9439036151,30798,TWSE,common_stock,true,false,false,false,false,false,false,false,true,
2026-07-16,2321,東訊,listed,15.55,15.55,15.55,15.55,-0.05,-0.3205,1144,17666,3,TWSE,common_stock,true,false,false,false,false,false,false,false,true,
2026-07-16,2323,中環,listed,11.1,11.1,10.85,10.95,-0.1,-0.905,4580985,50221018,1291,TWSE,common_stock,true,false,false,false,false,false,false,false,true,
2026-07-16,2324,仁寶,listed,36.0,36.5,35.6,35.95,-0.2,-0.5533,28718535,1035314884,11016,TWSE,common_stock,true,false,false,false,false,false,false,false,true,
2026-07-16,2327,國巨*,listed,775.0,807.0,775.0,776.0,-22.0,-2.7569,43167093,34114116342,73923,TWSE,common_stock,true,false,false,false,false,false,false,false,true,
2026-07-16,2328,廣宇,listed,49.95,50.1,48.85,49.35,-0.75,-1.497,2079540,102888523,1864,TWSE,common_stock,true,false,false,false,false,false,false,false,true,
2026-07-16,2329,華泰,listed,50.7,50.7,48.85,48.95,-2.45,-4.7665,4313579,213981352,3437,TWSE,common_stock,true,false,false,false,false,false,false,false,true,
2026-07-16,2330,台積電,listed,2430.0,2470.0,2420.0,2470.0,30.0,1.2295,30538604,74750491934,97957,TWSE,common_stock,true,false,false,false,false,false,false,false,true,
2026-07-16,2331,精英,listed,20.7,20.85,20.3,20.4,-0.25,-1.2107,1423790,29153851,763,TWSE,common_stock,true,false,false,false,false,false,false,false,true,
2026-07-16,2332,友訊,listed,23.35,24.5,22.0,22.5,-1.05,-4.4586,51991735,1219074419,21509,TWSE,common_stock,true,false,false,false,false,false,false,false,true,
2026-07-16,2337,旺宏,listed,143.5,144.0,136.0,136.5,-12.0,-8.0808,72299473,10035719449,59324,TWSE,common_stock,true,false,false,false,false,false,false,false,true,
2026-07-16,2338,光罩,listed,48.2,49.3,47.35,48.0,-0.1,-0.2079,4037738,195370023,2797,TWSE,common_stock,true,false,false,false,false,false,false,false,true,
2026-07-16,2340,台亞,listed,35.5,35.65,34.4,34.9,-1.15,-3.19,2702280,94310586,2060,TWSE,common_stock,true,false,false,false,false,false,false,false,true,
2026-07-16,2342,茂矽,listed,48.0,48.65,46.6,47.0,-1.7,-3.4908,2460570,116871819,2109,TWSE,common_stock,true,false,false,false,false,false,false,false,true,
2026-07-16,2344,華邦電,listed,176.0,180.5,171.0,172.0,-8.5,-4.7091,150613446,26301621215,92290,TWSE,common_stock,true,false,false,false,false,false,false,false,true,
2026-07-16,2345,智邦,listed,2350.0,2350.0,2255.0,2320.0,-20.0,-0.8547,1274880,2949065375,4233,TWSE,common_stock,true,false,false,false,false,false,false,false,true,
2026-07-16,2347,聯強,listed,86.6,88.8,86.1,87.3,0.1,0.1147,6275210,549309574,3582,TWSE,common_stock,true,false,false,false,false,false,false,false,true,
2026-07-16,2348,海悅,listed,77.0,82.3,76.4,79.9,3.7,4.8556,1867658,148628926,2568,TWSE,common_stock,true,false,false,false,false,false,false,false,true,
2026-07-16,2348A,海悅甲特,listed,37.7,37.75,37.7,37.7,0.0,0.0,4099,154612,5,TWSE,warrant,false,false,true,false,false,false,false,false,false,security_type=warrant;symbol_not_4_digit
2026-07-16,2349,錸德,listed,12.15,12.15,11.9,11.9,-0.25,-2.0576,2023229,24292397,683,TWSE,common_stock,true,false,false,false,false,false,false,false,true,
2026-07-16,2351,順德,listed,197.0,197.0,183.0,191.5,-9.0,-4.4888,4609143,877952898,5125,TWSE,common_stock,true,false,false,false,false,false,false,false,true,
2026-07-16,2352,佳世達,listed,31.15,32.25,30.9,31.35,-0.15,-0.4762,9592772,305317290,5278,TWSE,common_stock,true,false,false,false,false,false,false,false,true,
2026-07-16,2353,宏碁,listed,30.9,31.2,30.55,30.75,-0.3,-0.9662,31437670,968460687,8408,TWSE,common_stock,true,false,false,false,false,false,false,false,true,
2026-07-16,2354,鴻準,listed,56.1,56.8,55.6,56.4,0.0,0.0,2786519,156509031,2213,TWSE,common_stock,true,false,false,false,false,false,false,false,true,
2026-07-16,2355,敬鵬,listed,47.8,48.15,46.5,46.6,-1.1,-2.3061,3668588,172814281,2995,TWSE,common_stock,true,false,false,false,false,false,false,false,true,
2026-07-16,2356,英業達,listed,61.0,61.7,59.3,60.7,-0.4,-0.6547,31364816,1896958139,19768,TWSE,common_stock,true,false,false,false,false,false,false,false,true,
2026-07-16,2357,華碩,listed,710.0,715.0,698.0,715.0,3.0,0.4213,2700767,1918623998,4098,TWSE,common_stock,true,false,false,false,false,false,false,false,true,
2026-07-16,2359,所羅門,listed,143.5,147.5,136.5,147.0,3.0,2.0833,5574604,792365665,4801,TWSE,common_stock,true,false,false,false,false,false,false,false,true,
2026-07-16,2360,致茂,listed,1880.0,2015.0,1830.0,1990.0,85.0,4.4619,3587331,7035341080,5955,TWSE,common_stock,true,false,false,false,false,false,false,false,true,
2026-07-16,2362,藍天,listed,42.1,42.75,41.8,42.4,0.3,0.7126,423990,17964656,425,TWSE,common_stock,true,false,false,false,false,false,false,false,true,
2026-07-16,2363,矽統,listed,64.0,64.8,62.3,63.0,-2.0,-3.0769,6274386,397826203,4898,TWSE,common_stock,true,false,false,false,false,false,false,false,true,
2026-07-16,2364,倫飛,listed,70.4,71.2,69.0,70.8,0.8,1.1429,160266,11269703,261,TWSE,common_stock,true,false,false,false,false,false,false,false,true,
2026-07-16,2365,昆盈,listed,32.3,32.55,31.5,31.7,0.0,0.0,4069254,129940037,1715,TWSE,common_stock,true,false,false,false,false,false,false,false,true,
2026-07-16,2367,燿華,listed,50.0,51.0,48.3,48.4,-3.2,-6.2016,10698425,526396690,8874,TWSE,common_stock,true,false,false,false,false,false,false,false,true,
2026-07-16,2368,金像電,listed,998.0,1010.0,981.0,1005.0,-20.0,-1.9512,3284092,3275703728,8021,TWSE,common_stock,true,false,false,false,false,false,false,false,true,
2026-07-16,2369,菱生,listed,40.45,41.0,39.3,39.85,-1.05,-2.5672,11943279,480268627,7954,TWSE,common_stock,true,false,false,false,false,false,false,false,true,
2026-07-16,2371,大同,listed,27.2,27.4,27.0,27.1,-0.15,-0.5505,5832067,158314683,2822,TWSE,common_stock,true,false,false,false,false,false,false,false,true,
2026-07-16,2373,震旦行,listed,54.7,54.8,53.0,54.1,-0.6,-1.0969,27210,1470196,33,TWSE,common_stock,true,false,false,false,false,false,false,false,true,
2026-07-16,2374,佳能,listed,72.3,72.4,70.6,72.0,-0.8,-1.0989,2977327,212481395,2480,TWSE,common_stock,true,false,false,false,false,false,false,false,true,
2026-07-16,2375,凱美,listed,167.0,172.0,163.0,164.5,-5.5,-3.2353,6641958,1113517066,6298,TWSE,common_stock,true,false,false,false,false,false,false,false,true,
2026-07-16,2376,技嘉,listed,342.5,342.5,335.5,337.0,-7.0,-2.0349,5415663,1831451298,4593,TWSE,common_stock,true,false,false,false,false,false,false,false,true,
2026-07-16,2377,微星,listed,148.0,148.0,145.0,145.0,-3.5,-2.3569,8780730,1283028143,7743,TWSE,common_stock,true,false,false,false,false,false,false,false,true,
2026-07-16,2379,瑞昱,listed,755.0,755.0,712.0,712.0,-41.0,-5.4449,6355950,4599704402,10416,TWSE,common_stock,true,false,false,false,false,false,false,false,true,
2026-07-16,2380,虹光,listed,19.75,20.05,19.6,19.6,-0.2,-1.0101,15885,313859,73,TWSE,common_stock,true,false,false,false,false,false,false,false,true,
2026-07-16,2382,廣達,listed,360.5,360.5,349.0,352.0,0.0,0.0,33111611,11686213655,37685,TWSE,common_stock,true,false,false,false,false,false,false,false,true,
2026-07-16,2383,台光電,listed,4985.0,5030.0,4825.0,4990.0,-90.0,-1.7717,1350783,6680457895,9381,TWSE,common_stock,true,false,false,false,false,false,false,false,true,
2026-07-16,2385,群光,listed,106.0,106.5,105.0,105.5,0.0,0.0,3943429,417100057,1977,TWSE,common_stock,true,false,false,false,false,false,false,false,true,
2026-07-16,2387,精元,listed,38.95,39.15,38.5,38.75,-0.2,-0.5135,286883,11162675,218,TWSE,common_stock,true,false,false,false,false,false,false,false,true,
2026-07-16,2388,威盛,listed,75.0,77.7,72.6,72.6,-3.2,-4.2216,8728761,652706200,5823,TWSE,common_stock,true,false,false,false,false,false,false,false,true,
2026-07-16,2390,云辰,listed,12.25,12.25,11.95,12.1,0.0,0.0,400945,4827970,250,TWSE,common_stock,true,false,false,false,false,false,false,false,true,
2026-07-16,2392,正崴,listed,36.55,37.25,36.05,36.5,-0.05,-0.1368,1226259,44978752,973,TWSE,common_stock,true,false,false,false,false,false,false,false,true,
2026-07-16,2393,億光,listed,68.8,70.4,68.1,69.5,0.8,1.1645,2520220,174992416,1705,TWSE,common_stock,true,false,false,false,false,false,false,false,true,
2026-07-16,2395,研華,listed,530.0,531.0,520.0,530.0,-3.0,-0.5629,2286309,1206486959,3198,TWSE,common_stock,true,false,false,false,false,false,false,false,true,
2026-07-16,2397,友通,listed,59.3,59.3,57.7,58.3,-0.2,-0.3419,204373,11903100,162,TWSE,common_stock,true,false,false,false,false,false,false,false,true,
2026-07-16,2399,映泰,listed,41.7,41.7,40.05,40.65,-1.05,-2.518,2289285,93268206,1625,TWSE,common_stock,true,false,false,false,false,false,false,false,true,
2026-07-16,2401,凌陽,listed,30.7,30.9,29.9,30.0,-1.2,-3.8462,4779323,144194637,2921,TWSE,common_stock,true,false,false,false,false,false,false,false,true,
2026-07-16,2402,毅嘉,listed,63.6,64.0,62.6,63.3,-0.8,-1.248,1414571,89466593,1332,TWSE,common_stock,true,false,false,false,false,false,false,false,true,
2026-07-16,2404,漢唐,listed,1230.0,1270.0,1200.0,1250.0,0.0,0.0,2955315,3653137960,5673,TWSE,common_stock,true,false,false,false,false,false,false,false,true,
2026-07-16,2405,輔信,listed,18.0,18.4,17.2,17.2,-0.55,-3.0986,3779637,67295399,1741,TWSE,common_stock,true,false,false,false,false,false,false,false,true,
2026-07-16,2406,國碩,listed,34.55,35.1,33.75,33.95,-1.05,-3.0,6888825,235822135,4080,TWSE,common_stock,true,false,false,false,false,false,false,false,true,
2026-07-16,2408,南亞科,listed,463.0,463.0,435.5,439.0,-42.0,-8.7318,85483804,38359471365,103906,TWSE,common_stock,true,false,false,false,false,false,false,false,true,
2026-07-16,2409,友達,listed,27.75,28.2,27.0,27.65,-0.65,-2.2968,160446929,4424463975,54141,TWSE,common_stock,true,false,false,false,false,false,false,false,true,
2026-07-16,2412,中華電,listed,133.5,136.5,133.5,136.0,3.0,2.2556,21332145,2892322324,7271,TWSE,common_stock,true,false,false,false,false,false,false,false,true,
2026-07-16,2413,環科,listed,45.0,45.4,44.0,44.0,-1.15,-2.5471,729061,32403906,695,TWSE,common_stock,true,false,false,false,false,false,false,false,true,
2026-07-16,2414,精技,listed,63.3,63.9,61.7,61.8,-2.8,-4.3344,462420,28940379,470,TWSE,common_stock,true,false,false,false,false,false,false,false,true,
2026-07-16,2415,錩新,listed,35.05,35.5,34.55,34.75,-0.5,-1.4184,344428,12072684,340,TWSE,common_stock,true,false,false,false,false,false,false,false,true,
2026-07-16,2417,圓剛,listed,43.2,43.2,42.05,42.15,-1.05,-2.4306,596560,25280682,497,TWSE,common_stock,true,false,false,false,false,false,false,false,true,
2026-07-16,2419,仲琦,listed,27.5,27.55,26.9,27.2,-0.1,-0.3663,441432,12010094,322,TWSE,common_stock,true,false,false,false,false,false,false,false,true,
2026-07-16,2420,新巨,listed,59.3,59.9,58.6,59.3,-0.2,-0.3361,465723,27619234,571,TWSE,common_stock,true,false,false,false,false,false,false,false,true,
2026-07-16,2421,建準,listed,137.0,138.0,133.5,135.0,-4.0,-2.8777,1400264,189841850,1606,TWSE,common_stock,true,false,false,false,false,false,false,false,true,
2026-07-16,2423,固緯,listed,84.8,85.0,82.0,82.7,-2.1,-2.4764,244002,20321680,257,TWSE,common_stock,true,false,false,false,false,false,false,false,true,
2026-07-16,2424,隴華,listed,9.58,9.58,8.91,9.23,-0.38,-3.9542,112185,1024457,67,TWSE,common_stock,true,false,false,false,false,false,false,false,true,
2026-07-16,2425,承啟,listed,44.0,44.5,42.6,43.35,-1.0,-2.2548,1800823,78471368,1308,TWSE,common_stock,true,false,false,false,false,false,false,false,true,
2026-07-16,2426,鼎元,listed,62.0,64.0,61.4,61.8,-2.1,-3.2864,4938347,308418504,3629,TWSE,common_stock,true,false,false,false,false,false,false,false,true,
2026-07-16,2427,三商電,listed,25.5,25.65,24.8,24.85,-0.95,-3.6822,1126503,28415361,955,TWSE,common_stock,true,false,false,false,false,false,false,false,true,
2026-07-16,2428,興勤,listed,289.5,299.0,288.5,289.0,-6.0,-2.0339,959786,282141014,1301,TWSE,common_stock,true,false,false,false,false,false,false,false,true,
2026-07-16,2429,銘旺科,listed,47.4,49.8,46.4,47.25,-1.75,-3.5714,978620,46749932,853,TWSE,common_stock,true,false,false,false,false,false,false,false,true,
2026-07-16,2430,燦坤,listed,18.1,18.1,17.95,18.0,0.0,0.0,167790,3025658,111,TWSE,common_stock,true,false,false,false,false,false,false,false,true,
2026-07-16,2431,聯昌,listed,11.2,11.2,10.9,10.9,-0.15,-1.3575,169957,1877170,126,TWSE,common_stock,true,false,false,false,false,false,false,false,true,
2026-07-16,2432,倚天酷碁-創,listed,28.65,28.65,28.45,28.55,-0.25,-0.8681,22000,627800,21,TWSE,common_stock,true,false,false,false,false,false,false,false,true,
2026-07-16,2433,互盛電,listed,42.6,42.6,41.8,42.0,-0.55,-1.2926,45877,1928417,40,TWSE,common_stock,true,false,false,false,false,false,false,false,true,
2026-07-16,2434,統懋,listed,82.6,90.8,82.6,90.8,8.2,9.9274,1091972,95329576,1259,TWSE,common_stock,true,false,false,false,false,false,false,false,true,
2026-07-16,2436,偉詮電,listed,62.8,62.8,60.6,61.2,-1.6,-2.5478,2002254,122967848,1816,TWSE,common_stock,true,false,false,false,false,false,false,false,true,
2026-07-16,2438,翔耀,listed,19.9,19.95,19.5,19.55,-0.35,-1.7588,88523,1735654,100,TWSE,common_stock,true,false,false,false,false,false,false,false,true,
2026-07-16,2439,美律,listed,86.0,86.2,85.2,85.8,-0.3,-0.3484,1068941,91604575,1164,TWSE,common_stock,true,false,false,false,false,false,false,false,true,
2026-07-16,2440,太空梭,listed,16.95,17.05,16.45,16.6,-0.35,-2.0649,381733,6368010,254,TWSE,common_stock,true,false,false,false,false,false,false,false,true,
2026-07-16,2441,超豐,listed,135.0,142.0,131.0,139.0,2.5,1.8315,7197906,996034323,6622,TWSE,common_stock,true,false,false,false,false,false,false,false,true,
2026-07-16,2442,新美齊,listed,19.4,19.65,19.3,19.5,0.2,1.0363,1407175,27391598,537,TWSE,common_stock,true,false,false,false,false,false,false,false,true,
2026-07-16,2444,兆勁,listed,12.1,12.3,11.9,12.1,0.0,0.0,201689,2422622,102,TWSE,common_stock,true,false,false,false,false,false,false,false,true,
2026-07-16,2449,京元電子,listed,307.0,324.0,302.5,318.0,11.0,3.5831,30441207,9572869537,32507,TWSE,common_stock,true,false,false,false,false,false,false,false,true,
2026-07-16,2450,神腦,listed,29.1,29.1,28.7,28.8,-0.2,-0.6897,48515,1402008,100,TWSE,common_stock,true,false,false,false,false,false,false,false,true,
2026-07-16,2451,創見,listed,249.5,254.0,242.0,247.5,-5.5,-2.1739,3803351,938927824,3932,TWSE,common_stock,true,false,false,false,false,false,false,false,true,
2026-07-16,2453,凌群,listed,53.4,53.4,52.8,52.8,-0.6,-1.1236,172871,9166513,205,TWSE,common_stock,true,false,false,false,false,false,false,false,true,
2026-07-16,2454,聯發科,listed,3735.0,3755.0,3620.0,3700.0,-40.0,-1.0695,6009689,22176760795,43018,TWSE,common_stock,true,false,false,false,false,false,false,false,true,
2026-07-16,2455,全新,listed,311.0,317.5,303.0,313.0,-2.5,-0.7924,2964257,920684444,4477,TWSE,common_stock,true,false,false,false,false,false,false,false,true,
2026-07-16,2457,飛宏,listed,26.6,27.3,26.45,26.75,-0.15,-0.5576,1409025,37775771,922,TWSE,common_stock,true,false,false,false,false,false,false,false,true,
2026-07-16,2458,義隆,listed,178.5,178.5,170.5,175.5,-3.0,-1.6807,3404215,592132537,3239,TWSE,common_stock,true,false,false,false,false,false,false,false,true,
2026-07-16,2459,敦吉,listed,65.8,67.9,65.7,67.2,2.8,4.3478,791093,53040074,663,TWSE,common_stock,true,false,false,false,false,false,false,false,true,
2026-07-16,2460,建通,listed,33.4,33.75,32.15,32.15,-1.25,-3.7425,500259,16442253,394,TWSE,common_stock,true,false,false,false,false,false,false,false,true,
2026-07-16,2461,光群雷,listed,17.0,17.0,16.75,16.9,0.0,0.0,235301,3961257,171,TWSE,common_stock,true,false,false,false,false,false,false,false,true,
2026-07-16,2462,良得電,listed,21.45,21.75,21.2,21.35,-0.1,-0.4662,138806,2974972,187,TWSE,common_stock,true,false,false,false,false,false,false,false,true,
2026-07-16,2464,盟立,listed,159.0,160.5,152.0,157.5,-2.0,-1.2539,4423167,692527924,4416,TWSE,common_stock,true,false,false,false,false,false,false,false,true,
2026-07-16,2465,麗臺,listed,82.8,84.7,80.2,80.8,-2.5,-3.0012,1230483,100444749,3077,TWSE,common_stock,true,false,false,false,false,false,false,false,true,
2026-07-16,2466,冠西電,listed,114.0,126.5,114.0,121.0,5.5,4.7619,1729307,209440196,1856,TWSE,common_stock,true,false,false,false,false,false,false,false,true,
2026-07-16,2467,志聖,listed,589.0,630.0,588.0,620.0,31.0,5.2632,4531455,2772746174,6893,TWSE,common_stock,true,false,false,false,false,false,false,false,true,
2026-07-16,2468,華經,listed,36.95,37.3,36.55,36.85,-0.55,-1.4706,279750,10293394,263,TWSE,common_stock,true,false,false,false,false,false,false,false,true,
2026-07-16,2471,資通,listed,52.9,53.3,52.4,53.0,0.3,0.5693,131892,6989960,129,TWSE,common_stock,true,false,false,false,false,false,false,false,true,
2026-07-16,2472,立隆電,listed,330.0,339.0,318.5,320.0,-21.0,-6.1584,5034285,1652152611,5987,TWSE,common_stock,true,false,false,false,false,false,false,false,true,
2026-07-16,2474,可成,listed,190.0,192.0,188.0,189.0,-2.0,-1.0471,2277538,432439203,2250,TWSE,common_stock,true,false,false,false,false,false,false,false,true,
2026-07-16,2476,鉅祥,listed,127.0,132.0,125.5,131.5,2.0,1.5444,2077928,269411635,1487,TWSE,common_stock,true,false,false,false,false,false,false,false,true,
2026-07-16,2477,美隆電,listed,21.45,21.7,21.3,21.5,0.1,0.4673,87075,1877291,123,TWSE,common_stock,true,false,false,false,false,false,false,false,true,
2026-07-16,2478,大毅,listed,168.5,172.0,158.0,158.0,-15.0,-8.6705,10682363,1764058338,8508,TWSE,common_stock,true,false,false,false,false,false,false,false,true,
2026-07-16,2480,敦陽科,listed,161.0,161.5,159.0,161.5,0.5,0.3106,187218,30127640,251,TWSE,common_stock,true,false,false,false,false,false,false,false,true,
2026-07-16,2481,強茂,listed,171.5,173.0,164.0,167.0,-7.5,-4.298,12732615,2145712243,11725,TWSE,common_stock,true,false,false,false,false,false,false,false,true,
2026-07-16,2482,連宇,listed,19.85,20.95,19.15,19.2,-0.8,-4.0,3690809,73696473,2499,TWSE,common_stock,true,false,false,false,false,false,false,false,true,
2026-07-16,2483,百容,listed,52.5,52.9,48.2,48.3,-2.7,-5.2941,4866234,242515481,3603,TWSE,common_stock,true,false,false,false,false,false,false,false,true,
2026-07-16,2484,希華,listed,80.0,89.6,80.0,89.6,8.1,9.9387,44330696,3848769489,28040,TWSE,common_stock,true,false,false,false,false,false,false,false,true,
2026-07-16,2485,兆赫,listed,49.0,49.6,47.05,47.3,-2.1,-4.251,4647658,222338959,3500,TWSE,common_stock,true,false,false,false,false,false,false,false,true,
2026-07-16,2486,一詮,listed,257.0,273.5,251.5,261.5,4.5,1.751,18965676,4996143014,15542,TWSE,common_stock,true,false,false,false,false,false,false,false,true,
2026-07-16,2488,漢平,listed,48.35,49.5,48.1,49.5,1.15,2.3785,373861,18290134,316,TWSE,common_stock,true,false,false,false,false,false,false,false,true,
2026-07-16,2489,瑞軒,listed,36.6,36.65,35.15,35.2,-1.4,-3.8251,6197417,220382853,4031,TWSE,common_stock,true,false,false,false,false,false,false,false,true,
2026-07-16,2491,吉祥全,listed,34.2,35.35,33.6,34.1,0.3,0.8876,283089,9744626,194,TWSE,common_stock,true,false,false,false,false,false,false,false,true,
2026-07-16,2492,華新科,listed,364.0,375.0,341.5,341.5,-37.5,-9.8945,4801640,1704719764,5753,TWSE,common_stock,true,false,false,false,false,false,false,false,true,
2026-07-16,2493,揚博,listed,245.5,249.5,231.0,234.5,-16.0,-6.3872,2561473,614737111,2951,TWSE,common_stock,true,false,false,false,false,false,false,false,true,
2026-07-16,2495,普安,listed,45.0,45.0,42.6,42.6,-2.45,-5.4384,3074091,133155297,2409,TWSE,common_stock,true,false,false,false,false,false,false,false,true,
2026-07-16,2496,卓越,listed,61.1,61.5,60.9,61.5,0.4,0.6547,7157,437498,11,TWSE,common_stock,true,false,false,false,false,false,false,false,true,
2026-07-16,2497,怡利電,listed,59.0,61.0,58.9,59.6,0.3,0.5059,428883,25759998,344,TWSE,common_stock,true,false,false,false,false,false,false,false,true,
2026-07-16,2498,宏達電,listed,44.0,44.1,43.25,43.35,-0.95,-2.1445,3609960,157260737,2161,TWSE,common_stock,true,false,false,false,false,false,false,false,true,
2026-07-16,2501,國建,listed,22.4,22.95,22.35,22.9,0.45,2.0045,2330429,53021137,1229,TWSE,common_stock,true,false,false,false,false,false,false,false,true,
2026-07-16,2504,國產,listed,31.2,31.65,31.1,31.55,0.5,1.6103,2339731,73514260,1035,TWSE,common_stock,true,false,false,false,false,false,false,false,true,
2026-07-16,2505,國揚,listed,18.15,18.2,17.85,18.1,0.25,1.4006,322599,5830338,194,TWSE,common_stock,true,false,false,false,false,false,false,false,true,
2026-07-16,2506,太設,listed,8.9,8.9,8.75,8.8,0.0,0.0,432815,3821332,113,TWSE,common_stock,true,false,false,false,false,false,false,false,true,
2026-07-16,2509,全坤建,listed,13.45,13.6,13.4,13.55,0.25,1.8797,104346,1407569,83,TWSE,common_stock,true,false,false,false,false,false,false,false,true,
2026-07-16,2511,太子,listed,8.54,8.66,8.41,8.64,0.1,1.171,2169104,18977803,668,TWSE,common_stock,true,false,false,false,false,false,false,false,true,
2026-07-16,2514,龍邦,listed,12.9,13.0,12.7,12.95,0.0,0.0,182777,2344622,189,TWSE,common_stock,true,false,false,false,false,false,false,false,true,
2026-07-16,2515,中工,listed,13.3,13.4,12.95,13.0,0.0,0.0,15501754,202653157,3541,TWSE,common_stock,true,false,false,false,false,false,false,false,true,
2026-07-16,2516,新建,listed,13.95,14.15,13.75,13.75,-0.1,-0.722,102382,1415373,84,TWSE,common_stock,true,false,false,false,false,false,false,false,true,
2026-07-16,2520,冠德,listed,36.35,36.85,35.9,35.9,-0.45,-1.238,2171221,78906651,1391,TWSE,common_stock,true,false,false,false,false,false,false,false,true,
2026-07-16,2524,京城,listed,36.75,38.5,35.5,38.45,1.85,5.0546,312715,11770358,349,TWSE,common_stock,true,false,false,false,false,false,false,false,true,
2026-07-16,2527,宏璟,listed,45.85,49.55,45.85,49.55,4.5,9.9889,5300151,260862231,3151,TWSE,common_stock,true,false,false,false,false,false,false,false,true,
2026-07-16,2528,皇普,listed,22.2,22.35,21.75,22.25,0.1,0.4515,317627,7016313,191,TWSE,common_stock,true,false,false,false,false,false,false,false,true,
2026-07-16,2530,華建,listed,19.4,19.5,19.0,19.4,0.25,1.3055,528939,10240029,340,TWSE,common_stock,true,false,false,false,false,false,false,false,true,
2026-07-16,2534,宏盛,listed,16.8,17.4,16.7,17.4,0.55,3.2641,923582,15818843,616,TWSE,common_stock,true,false,false,false,false,false,false,false,true,
2026-07-16,2535,達欣工,listed,88.1,89.3,87.3,89.3,1.2,1.3621,168894,14938058,211,TWSE,common_stock,true,false,false,false,false,false,false,false,true,
2026-07-16,2536,宏普,listed,19.6,19.85,19.35,19.8,0.2,1.0204,1127890,22198510,563,TWSE,common_stock,true,false,false,false,false,false,false,false,true,
2026-07-16,2537,聯上發,listed,11.25,11.4,11.2,11.3,0.1,0.8929,1138627,12869137,463,TWSE,common_stock,true,false,false,false,false,false,false,false,true,
2026-07-16,2538,基泰,listed,9.89,9.95,9.81,9.9,0.09,0.9174,496538,4918378,281,TWSE,common_stock,true,false,false,false,false,false,false,false,true,
2026-07-16,2539,櫻花建,listed,40.1,41.4,40.1,41.2,1.1,2.7431,1493740,61133198,833,TWSE,common_stock,true,false,false,false,false,false,false,false,true,
2026-07-16,2540,愛山林,listed,54.0,54.8,53.7,54.3,0.8,1.4953,737616,40145690,592,TWSE,common_stock,true,false,false,false,false,false,false,false,true,
2026-07-16,2542,興富發,listed,43.4,43.75,43.1,43.35,-0.1,-0.2301,6689965,290533288,2976,TWSE,common_stock,true,false,false,false,false,false,false,false,true,
2026-07-16,2543,皇昌,listed,39.85,40.25,39.1,39.75,0.2,0.5057,866331,34511289,579,TWSE,common_stock,true,false,false,false,false,false,false,false,true,
2026-07-16,2545,皇翔,listed,34.5,35.0,34.1,34.85,0.35,1.0145,218785,7582170,199,TWSE,common_stock,true,false,false,false,false,false,false,false,true,
2026-07-16,2546,根基,listed,95.7,97.0,94.7,95.7,0.0,0.0,133414,12826378,245,TWSE,common_stock,true,false,false,false,false,false,false,false,true,
2026-07-16,2547,日勝生,listed,11.15,11.25,11.05,11.1,0.05,0.4525,7151321,79644198,1659,TWSE,common_stock,true,false,false,false,false,false,false,false,true,
2026-07-16,2548,華固,listed,102.0,103.5,101.5,103.0,1.5,1.4778,1737324,178250177,1509,TWSE,common_stock,true,false,false,false,false,false,false,false,true,
2026-07-16,2597,潤弘,listed,165.0,166.0,163.5,164.5,0.0,0.0,235644,38856847,298,TWSE,common_stock,true,false,false,false,false,false,false,false,true,
2026-07-16,2601,益航,listed,7.14,7.15,6.95,6.96,-0.18,-2.521,4797007,33561944,1910,TWSE,common_stock,true,false,false,false,false,false,false,false,true,
2026-07-16,2603,長榮,listed,199.5,201.0,198.0,200.0,0.5,0.2506,6497582,1296164838,5916,TWSE,common_stock,true,false,false,false,false,false,false,false,true,
2026-07-16,2605,新興,listed,31.65,31.75,31.0,31.25,-0.4,-1.2638,3120676,97854823,1774,TWSE,common_stock,true,false,false,false,false,false,false,false,true,
2026-07-16,2606,裕民,listed,64.1,64.1,63.2,63.6,-0.6,-0.9346,2185577,138631220,1576,TWSE,common_stock,true,false,false,false,false,false,false,false,true,
2026-07-16,2607,榮運,listed,47.1,47.6,46.95,47.3,0.3,0.6383,269896,12761788,288,TWSE,common_stock,true,false,false,false,false,false,false,false,true,
2026-07-16,2608,嘉里大榮,listed,29.45,29.45,29.15,29.35,-0.05,-0.1701,188688,5543653,145,TWSE,common_stock,true,false,false,false,false,false,false,false,true,
2026-07-16,2609,陽明,listed,49.9,50.6,49.8,50.2,0.0,0.0,10433684,522520254,6147,TWSE,common_stock,true,false,false,false,false,false,false,false,true,
2026-07-16,2610,華航,listed,21.15,21.45,20.8,20.9,-0.3,-1.4151,31663490,663705420,9986,TWSE,common_stock,true,false,false,false,false,false,false,false,true,
2026-07-16,2611,志信,listed,14.35,14.45,14.2,14.25,-0.1,-0.6969,239089,3419787,172,TWSE,common_stock,true,false,false,false,false,false,false,false,true,
2026-07-16,2612,中航,listed,54.6,54.7,54.0,54.2,-0.5,-0.9141,115481,6261144,116,TWSE,common_stock,true,false,false,false,false,false,false,false,true,
2026-07-16,2613,中櫃,listed,21.9,21.9,21.55,21.55,-0.25,-1.1468,131714,2849905,163,TWSE,common_stock,true,false,false,false,false,false,false,false,true,
2026-07-16,2614,東森,listed,18.4,18.6,18.3,18.5,0.1,0.5435,527588,9764585,372,TWSE,common_stock,true,false,false,false,false,false,false,false,true,
2026-07-16,2615,萬海,listed,81.7,82.0,80.4,80.7,-1.0,-1.224,4992056,404254740,3673,TWSE,common_stock,true,false,false,false,false,false,false,false,true,
2026-07-16,2616,山隆,listed,13.45,13.75,13.45,13.7,0.1,0.7353,209633,2863827,256,TWSE,common_stock,true,false,false,false,false,false,false,false,true,
2026-07-16,2617,台航,listed,28.75,29.15,28.7,29.0,0.05,0.1727,455256,13180817,289,TWSE,common_stock,true,false,false,false,false,false,false,false,true,
2026-07-16,2618,長榮航,listed,42.15,42.65,41.65,41.9,-0.25,-0.5931,26966949,1131401117,9965,TWSE,common_stock,true,false,false,false,false,false,false,false,true,
2026-07-16,2630,亞航,listed,59.2,60.5,56.5,56.9,-3.6,-5.9504,9973781,585242148,6944,TWSE,common_stock,true,false,false,false,false,false,false,false,true,
2026-07-16,2633,台灣高鐵,listed,25.95,26.15,25.9,26.15,0.2,0.7707,3917594,102009428,1784,TWSE,common_stock,true,false,false,false,false,false,false,false,true,
2026-07-16,2634,漢翔,listed,67.5,68.3,63.9,64.5,-3.8,-5.5637,40999764,2720240667,27876,TWSE,common_stock,true,false,false,false,false,false,false,false,true,
2026-07-16,2636,台驊控股,listed,64.2,64.4,63.6,64.1,-0.2,-0.311,352603,22618975,481,TWSE,common_stock,true,false,false,false,false,false,false,false,true,
2026-07-16,2637,慧洋-KY,listed,84.2,84.2,82.1,82.5,-1.4,-1.6687,1727406,143415100,1537,TWSE,common_stock,true,false,false,false,false,false,false,false,true,
2026-07-16,2642,宅配通,listed,20.85,20.9,20.65,20.75,-0.1,-0.4796,30771,638208,81,TWSE,common_stock,true,false,false,false,false,false,false,false,true,
2026-07-16,2645,長榮航太,listed,242.0,247.0,231.5,231.5,-10.5,-4.3388,6726196,1597237653,6584,TWSE,common_stock,true,false,false,false,false,false,false,false,true,
2026-07-16,2646,星宇航空,listed,21.35,21.65,21.3,21.55,0.25,1.1737,6258838,134755637,3168,TWSE,common_stock,true,false,false,false,false,false,false,false,true,
2026-07-16,2701,萬企,listed,10.85,10.9,10.7,10.8,0.0,0.0,94336,1016994,65,TWSE,common_stock,true,false,false,false,false,false,false,false,true,
2026-07-16,2702,華園,listed,13.15,13.35,13.1,13.15,-0.05,-0.3788,30637,404400,48,TWSE,common_stock,true,false,false,false,false,false,false,false,true,
2026-07-16,2704,國賓,listed,45.8,45.8,43.95,45.7,0.0,0.0,81406,3707735,63,TWSE,common_stock,true,false,false,false,false,false,false,false,true,
2026-07-16,2705,六福,listed,16.35,16.4,16.1,16.3,0.0,0.0,93135,1514108,139,TWSE,common_stock,true,false,false,false,false,false,false,false,true,
2026-07-16,2706,第一店,listed,12.75,12.8,12.6,12.75,0.0,0.0,250311,3188263,110,TWSE,common_stock,true,false,false,false,false,false,false,false,true,
2026-07-16,2707,晶華,listed,180.0,180.0,178.0,179.5,-0.5,-0.2778,107135,19161450,149,TWSE,common_stock,true,false,false,false,false,false,false,false,true,
2026-07-16,2712,遠雄來,listed,15.65,15.8,14.9,15.0,-0.45,-2.9126,21762,330170,31,TWSE,common_stock,true,false,false,false,false,false,false,false,true,
2026-07-16,2722,夏都,listed,22.95,22.95,22.0,22.45,-0.5,-2.1786,160409,3592848,137,TWSE,common_stock,true,false,false,false,false,false,false,false,true,
2026-07-16,2723,美食-KY,listed,65.4,65.9,64.7,65.3,-0.1,-0.1529,112558,7351935,118,TWSE,common_stock,true,false,false,false,false,false,false,false,true,
2026-07-16,2727,王品,listed,217.0,217.0,213.0,215.0,0.0,0.0,1575495,338444861,2637,TWSE,common_stock,true,false,false,false,false,false,false,false,true,
2026-07-16,2731,雄獅,listed,147.0,147.0,145.0,146.5,0.5,0.3425,318717,46674453,462,TWSE,common_stock,true,false,false,false,false,false,false,false,true,
2026-07-16,2739,寒舍,listed,35.1,35.4,34.55,35.2,0.45,1.295,87495,3064920,136,TWSE,common_stock,true,false,false,false,false,false,false,false,true,
2026-07-16,2748,雲品,listed,40.3,40.5,40.05,40.3,0.0,0.0,121735,4897901,102,TWSE,common_stock,true,false,false,false,false,false,false,false,true,
2026-07-16,2753,八方雲集,listed,175.5,178.5,175.5,178.5,1.5,0.8475,284933,50467097,312,TWSE,common_stock,true,false,false,false,false,false,false,false,true,
2026-07-16,2762,世界健身-KY,listed,85.2,86.4,84.2,86.1,1.3,1.533,143574,12261358,120,TWSE,common_stock,true,false,false,false,false,false,false,false,true,
2026-07-16,2801,彰銀,listed,23.8,24.05,23.7,23.95,0.2,0.8421,15103001,361685122,3914,TWSE,common_stock,true,false,false,false,false,false,false,false,true,
2026-07-16,2812,台中銀,listed,20.3,20.45,20.2,20.25,-0.05,-0.2463,14709032,298677792,2625,TWSE,common_stock,true,false,false,false,false,false,false,false,true,
2026-07-16,2816,旺旺保,listed,35.0,35.1,34.0,34.7,-0.05,-0.1439,241085,8353722,257,TWSE,common_stock,true,false,false,false,false,false,false,false,true,
2026-07-16,2820,華票,listed,16.65,16.7,16.55,16.65,0.0,0.0,1215537,20196319,730,TWSE,common_stock,true,false,false,false,false,false,false,false,true,
2026-07-16,2832,台產,listed,58.0,58.0,56.9,57.2,0.0,0.0,128788,7371905,147,TWSE,common_stock,true,false,false,false,false,false,false,false,true,
2026-07-16,2834,臺企銀,listed,17.95,18.2,17.95,18.15,0.3,1.6807,46172322,836174756,7822,TWSE,common_stock,true,false,false,false,false,false,false,false,true,
2026-07-16,2836,高雄銀,listed,12.6,12.8,12.6,12.7,0.15,1.1952,14457189,183777323,1217,TWSE,common_stock,true,false,false,false,false,false,false,false,true,
2026-07-16,2836A,高雄銀甲特,listed,24.1,24.15,24.05,24.15,0.0,0.0,20031,482344,11,TWSE,warrant,false,false,true,false,false,false,false,false,false,security_type=warrant;symbol_not_4_digit
2026-07-16,2838,聯邦銀,listed,21.0,21.45,20.75,20.9,-0.15,-0.7126,2855308,59717444,1580,TWSE,common_stock,true,false,false,false,false,false,false,false,true,
2026-07-16,2838A,聯邦銀甲特,listed,52.0,52.0,52.0,52.0,-0.1,-0.1919,135544,7048375,45,TWSE,warrant,false,false,true,false,false,false,false,false,false,security_type=warrant;symbol_not_4_digit
2026-07-16,2845,遠東銀,listed,13.4,13.55,13.4,13.55,0.1,0.7435,9537437,128667702,1993,TWSE,common_stock,true,false,false,false,false,false,false,false,true,
2026-07-16,2849,安泰銀,listed,14.85,15.0,14.45,14.9,0.1,0.6757,391799,5828185,222,TWSE,common_stock,true,false,false,false,false,false,false,false,true,
2026-07-16,2850,新產,listed,148.5,151.0,147.0,147.5,-1.0,-0.6734,353617,52708253,492,TWSE,common_stock,true,false,false,false,false,false,false,false,true,
2026-07-16,2851,中再保,listed,37.95,37.95,36.85,36.9,-1.6,-4.1558,3411869,126833345,2114,TWSE,common_stock,true,false,false,false,false,false,false,false,true,
2026-07-16,2852,第一保,listed,27.0,27.0,26.85,26.9,-0.1,-0.3704,256017,6893445,150,TWSE,common_stock,true,false,false,false,false,false,false,false,true,
2026-07-16,2855,統一證,listed,46.8,47.2,45.95,46.35,-0.55,-1.1727,3249572,151295250,2063,TWSE,etf,false,true,false,false,false,false,false,false,false,security_type=etf
2026-07-16,2867,三商壽,listed,8.9,8.97,8.82,8.91,0.06,0.678,16286194,145204402,2473,TWSE,common_stock,true,false,false,false,false,false,false,false,true,
2026-07-16,2880,華南金,listed,38.85,39.75,38.7,39.4,0.55,1.4157,29690746,1169986162,10600,TWSE,common_stock,true,false,false,false,false,false,false,false,true,
2026-07-16,2881,富邦金,listed,128.5,129.5,123.5,125.0,-3.5,-2.7237,26571566,3338463816,11067,TWSE,etf,false,true,false,false,false,false,false,false,false,security_type=etf
2026-07-16,2881A,富邦特,listed,61.9,62.0,61.9,62.0,0.1,0.1616,68766,4257307,33,TWSE,etf,false,true,true,false,false,false,false,false,false,security_type=etf;symbol_not_4_digit
2026-07-16,2881B,富邦金乙特,listed,60.5,60.7,60.5,60.7,0.0,0.0,22056,1335659,25,TWSE,etf,false,true,true,false,false,false,false,false,false,security_type=etf;symbol_not_4_digit
2026-07-16,2881C,富邦金丙特,listed,50.7,50.9,50.7,50.9,0.2,0.3945,25181,1279431,33,TWSE,etf,false,true,true,false,false,false,false,false,false,security_type=etf;symbol_not_4_digit
2026-07-16,2882,國泰金,listed,96.6,97.3,95.3,97.3,0.7,0.7246,15687813,1516554078,7444,TWSE,etf,false,true,false,false,false,false,false,false,false,security_type=etf
2026-07-16,2882A,國泰特,listed,60.2,60.2,60.1,60.1,0.0,0.0,21111,1269553,29,TWSE,etf,false,true,true,false,false,false,false,false,false,security_type=etf;symbol_not_4_digit
2026-07-16,2882B,國泰金乙特,listed,58.5,58.6,58.4,58.6,0.1,0.1709,32500,1901293,19,TWSE,etf,false,true,true,false,false,false,false,false,false,security_type=etf;symbol_not_4_digit
2026-07-16,2883,凱基金,listed,30.1,30.55,29.7,30.55,0.4,1.3267,45149452,1365429418,11319,TWSE,etf,false,true,false,false,false,false,false,false,false,security_type=etf
2026-07-16,2883B,凱基金乙特,listed,7.96,7.97,7.95,7.97,0.0,0.0,379454,3021589,117,TWSE,etf,false,true,true,false,false,false,false,false,false,security_type=etf;symbol_not_4_digit
2026-07-16,2884,玉山金,listed,34.4,34.95,34.4,34.9,0.45,1.3062,36060832,1252467803,9007,TWSE,common_stock,true,false,false,false,false,false,false,false,true,
2026-07-16,2885,元大金,listed,66.9,67.1,66.1,66.7,-0.3,-0.4478,21625406,1442151578,9558,TWSE,etf,false,true,false,false,false,false,false,false,false,security_type=etf
2026-07-16,2886,兆豐金,listed,46.0,47.6,45.9,46.6,0.6,1.3043,37500454,1752126326,10357,TWSE,etf,false,true,false,false,false,false,false,false,false,security_type=etf
2026-07-16,2887,台新新光金,listed,36.0,36.3,35.45,36.15,0.0,0.0,65675402,2355911707,15864,TWSE,common_stock,true,false,false,false,false,false,false,false,true,
2026-07-16,2887E,台新新光戊特一,listed,48.75,48.75,48.65,48.65,-0.15,-0.3074,243009,11832932,216,TWSE,warrant,false,false,true,false,false,false,false,false,false,security_type=warrant;symbol_not_4_digit
2026-07-16,2887F,台新新光戊特二,listed,45.85,45.85,45.8,45.8,-0.05,-0.1091,35063,1606587,36,TWSE,warrant,false,false,true,false,false,false,false,false,false,security_type=warrant;symbol_not_4_digit
2026-07-16,2887G,台新新光庚特一,listed,42.6,42.85,42.55,42.7,0.2,0.4706,80043,3426473,18,TWSE,warrant,false,false,true,false,false,false,false,false,false,security_type=warrant;symbol_not_4_digit
2026-07-16,2887H,台新新光庚特二,listed,40.75,40.8,40.65,40.8,0.0,0.0,286006,11640694,54,TWSE,warrant,false,false,true,false,false,false,false,false,false,security_type=warrant;symbol_not_4_digit
2026-07-16,2887I,台新新光辛特,listed,9.45,9.46,9.44,9.45,0.01,0.1059,2227807,21055602,576,TWSE,warrant,false,false,true,false,false,false,false,false,false,security_type=warrant;symbol_not_4_digit
2026-07-16,2887Z1,台新新光己特,listed,18.05,18.3,18.05,18.2,0.2,1.1111,27451,499980,18,TWSE,warrant,false,false,true,false,false,false,false,false,false,security_type=warrant;symbol_not_4_digit
2026-07-16,2889,國票金,listed,15.8,15.85,15.75,15.85,0.05,0.3165,2917915,46139940,1236,TWSE,common_stock,true,false,false,false,false,false,false,false,true,
2026-07-16,2890,永豐金,listed,40.2,40.4,39.65,39.85,-0.1,-0.2503,29736368,1188507045,10877,TWSE,etf,false,true,false,false,false,false,false,false,false,security_type=etf
2026-07-16,2891,中信金,listed,63.5,64.0,62.5,63.0,-0.5,-0.7874,50699897,3190168235,22929,TWSE,etf,false,true,false,false,false,false,false,false,false,security_type=etf
2026-07-16,2891B,中信金乙特,listed,62.3,62.3,62.3,62.3,0.0,0.0,7086,441437,7,TWSE,etf,false,true,true,false,false,false,false,false,false,security_type=etf;symbol_not_4_digit
2026-07-16,2891C,中信金丙特,listed,61.1,61.4,61.1,61.4,0.1,0.1631,17181,1051641,16,TWSE,etf,false,true,true,false,false,false,false,false,false,security_type=etf;symbol_not_4_digit
2026-07-16,2892,第一金,listed,33.1,34.15,33.1,33.95,0.85,2.568,37194127,1258886384,9829,TWSE,common_stock,true,false,false,false,false,false,false,false,true,
2026-07-16,2897,王道銀行,listed,10.5,10.55,10.45,10.55,0.05,0.4762,3061452,32149883,700,TWSE,common_stock,true,false,false,false,false,false,false,false,true,
2026-07-16,2897B,王道銀乙特,listed,11.9,11.95,11.9,11.95,0.05,0.4202,16551,197483,10,TWSE,warrant,false,false,true,false,false,false,false,false,false,security_type=warrant;symbol_not_4_digit
2026-07-16,2901,欣欣,listed,24.4,24.45,23.75,24.1,-0.35,-1.4315,40050,966238,57,TWSE,common_stock,true,false,false,false,false,false,false,false,true,
2026-07-16,2903,遠百,listed,22.35,22.65,22.3,22.4,0.1,0.4484,1661063,37305862,779,TWSE,common_stock,true,false,false,false,false,false,false,false,true,
2026-07-16,2904,匯僑,listed,13.95,13.95,13.9,13.9,0.0,0.0,28621,398087,27,TWSE,common_stock,true,false,false,false,false,false,false,false,true,
2026-07-16,2905,三商,listed,15.6,15.6,15.4,15.5,-0.1,-0.641,916017,14189816,480,TWSE,common_stock,true,false,false,false,false,false,false,false,true,
2026-07-16,2906,高林,listed,14.0,14.1,14.0,14.0,0.0,0.0,269421,3788987,160,TWSE,common_stock,true,false,false,false,false,false,false,false,true,
2026-07-16,2908,特力,listed,22.0,22.0,21.7,21.9,0.05,0.2288,129124,2821652,74,TWSE,common_stock,true,false,false,false,false,false,false,false,true,
2026-07-16,2910,統領,listed,27.75,27.95,24.3,24.3,-2.7,-10.0,349881,8888321,286,TWSE,common_stock,true,false,false,false,false,false,false,false,true,
2026-07-16,2911,麗嬰房,listed,7.63,7.78,7.46,7.5,-0.02,-0.266,94125,708823,132,TWSE,common_stock,true,false,false,false,false,false,false,false,true,
2026-07-16,2912,統一超,listed,244.5,249.0,243.0,245.5,1.0,0.409,5086551,1248314640,3924,TWSE,etf,false,true,false,false,false,false,false,false,false,security_type=etf
2026-07-16,2913,農林,listed,11.35,11.7,11.3,11.5,0.1,0.8772,4029702,46551232,1010,TWSE,common_stock,true,false,false,false,false,false,false,false,true,
2026-07-16,2915,潤泰全,listed,52.2,53.2,52.1,52.8,0.6,1.1494,6757519,357112472,1692,TWSE,common_stock,true,false,false,false,false,false,false,false,true,
2026-07-16,2923,鼎固-KY,listed,34.4,35.85,30.55,35.85,1.95,5.7522,383850,12600716,582,TWSE,common_stock,true,false,false,false,false,false,false,false,true,
2026-07-16,2929,淘帝-KY,listed,5.87,5.9,5.8,5.84,-0.02,-0.3413,84743,495363,73,TWSE,common_stock,true,false,false,false,false,false,false,false,true,
2026-07-16,2939,永邑-KY,listed,18.45,18.8,18.45,18.8,0.0,0.0,6000,112400,5,TWSE,common_stock,true,false,false,false,false,false,false,false,true,
2026-07-16,2945,三商家購,listed,41.9,41.9,41.1,41.15,-0.45,-1.0817,8141,338227,13,TWSE,warrant,false,false,true,false,false,false,false,false,false,security_type=warrant
2026-07-16,3002,歐格,listed,19.55,19.95,19.3,19.3,-0.25,-1.2788,196461,3832614,143,TWSE,common_stock,true,false,false,false,false,false,false,false,true,
2026-07-16,3003,健和興,listed,63.9,67.8,63.5,66.0,2.9,4.5959,1487336,97769895,1225,TWSE,common_stock,true,false,false,false,false,false,false,false,true,
2026-07-16,3004,豐達科,listed,150.0,153.0,145.0,149.0,-6.5,-4.1801,745907,111251231,887,TWSE,common_stock,true,false,false,false,false,false,false,false,true,
2026-07-16,3005,神基,listed,115.0,116.0,113.5,113.5,-2.0,-1.7316,4137243,474012767,2932,TWSE,common_stock,true,false,false,false,false,false,false,false,true,
2026-07-16,3006,晶豪科,listed,233.5,236.0,219.0,220.0,-19.0,-7.9498,14256957,3231554422,12912,TWSE,common_stock,true,false,false,false,false,false,false,false,true,
2026-07-16,3008,大立光,listed,4040.0,4350.0,4000.0,4260.0,220.0,5.4455,3074549,12900775415,14987,TWSE,common_stock,true,false,false,false,false,false,false,false,true,
2026-07-16,3010,華立,listed,120.5,120.5,117.0,117.5,-3.0,-2.4896,782504,92850688,801,TWSE,common_stock,true,false,false,false,false,false,false,false,true,
2026-07-16,3011,今皓,listed,12.8,12.8,12.35,12.45,-0.2,-1.581,385255,4813566,237,TWSE,common_stock,true,false,false,false,false,false,false,false,true,
2026-07-16,3013,晟銘電,listed,98.5,98.5,95.0,96.5,-1.5,-1.5306,705942,67869573,1009,TWSE,common_stock,true,false,false,false,false,false,false,false,true,
2026-07-16,3014,聯陽,listed,133.0,133.0,130.5,131.5,-2.5,-1.8657,1375270,180876822,1464,TWSE,common_stock,true,false,false,false,false,false,false,false,true,
2026-07-16,3015,全漢,listed,60.9,60.9,58.8,59.1,-2.0,-3.2733,899705,53548092,836,TWSE,common_stock,true,false,false,false,false,false,false,false,true,
2026-07-16,3016,嘉晶,listed,120.5,122.0,115.5,116.0,-7.0,-5.6911,6596435,776948054,5778,TWSE,common_stock,true,false,false,false,false,false,false,false,true,
2026-07-16,3017,奇鋐,listed,2275.0,2290.0,2155.0,2225.0,60.0,2.7714,4220745,9434223940,10672,TWSE,common_stock,true,false,false,false,false,false,false,false,true,
2026-07-16,3018,隆銘綠能,listed,11.75,11.75,11.65,11.75,-0.1,-0.8439,39312,460276,82,TWSE,common_stock,true,false,false,false,false,false,false,false,true,
2026-07-16,3019,亞光,listed,143.5,144.5,140.0,141.5,-3.0,-2.0761,2363163,334925267,2531,TWSE,common_stock,true,false,false,false,false,false,false,false,true,
2026-07-16,3021,鴻名,listed,24.65,24.65,23.2,23.6,-0.9,-3.6735,325596,7691573,269,TWSE,common_stock,true,false,false,false,false,false,false,false,true,
2026-07-16,3022,威強電,listed,87.3,87.3,84.8,84.8,-2.5,-2.8637,943417,80911301,864,TWSE,common_stock,true,false,false,false,false,false,false,false,true,
2026-07-16,3023,信邦,listed,316.0,322.5,311.5,315.0,-6.5,-2.0218,976842,309628269,1175,TWSE,common_stock,true,false,false,false,false,false,false,false,true,
2026-07-16,3024,憶聲,listed,13.25,13.7,13.15,13.65,0.4,3.0189,3967749,53487819,1499,TWSE,common_stock,true,false,false,false,false,false,false,false,true,
2026-07-16,3025,星通,listed,57.2,59.4,57.2,58.4,0.7,1.2132,338522,19784093,374,TWSE,common_stock,true,false,false,false,false,false,false,false,true,
2026-07-16,3026,禾伸堂,listed,816.0,854.0,755.0,766.0,-72.0,-8.5919,14975576,12063688711,21886,TWSE,common_stock,true,false,false,false,false,false,false,false,true,
2026-07-16,3027,盛達,listed,19.5,19.7,19.15,19.2,-0.2,-1.0309,138195,2687535,150,TWSE,common_stock,true,false,false,false,false,false,false,false,true,
2026-07-16,3028,增你強,listed,76.2,77.0,71.6,73.1,-3.9,-5.0649,4051581,296487074,3119,TWSE,common_stock,true,false,false,false,false,false,false,false,true,
2026-07-16,3029,零壹,listed,103.0,105.5,103.0,104.5,1.5,1.4563,1175215,122599929,1155,TWSE,common_stock,true,false,false,false,false,false,false,false,true,
2026-07-16,3030,德律,listed,301.5,317.0,295.0,310.0,8.0,2.649,1582553,487927592,2280,TWSE,common_stock,true,false,false,false,false,false,false,false,true,
2026-07-16,3031,佰鴻,listed,28.5,28.5,27.8,27.95,-0.55,-1.9298,697070,19590604,555,TWSE,common_stock,true,false,false,false,false,false,false,false,true,
2026-07-16,3032,偉訓,listed,82.3,84.0,79.6,79.6,-3.2,-3.8647,669881,54765863,570,TWSE,common_stock,true,false,false,false,false,false,false,false,true,
2026-07-16,3033,威健,listed,56.0,59.4,53.3,54.2,-1.4,-2.518,61211448,3415637476,33260,TWSE,common_stock,true,false,false,false,false,false,false,false,true,
2026-07-16,3034,聯詠,listed,471.0,474.0,461.5,471.5,-0.5,-0.1059,4023886,1888483815,4560,TWSE,common_stock,true,false,false,false,false,false,false,false,true,
2026-07-16,3035,智原,listed,206.0,209.0,199.0,203.5,-3.5,-1.6908,3542639,722453734,4122,TWSE,common_stock,true,false,false,false,false,false,false,false,true,
2026-07-16,3036,文曄,listed,201.0,201.0,196.0,196.0,-4.0,-2.0,6310573,1245726839,5075,TWSE,common_stock,true,false,false,false,false,false,false,false,true,
2026-07-16,3037,欣興,listed,911.0,915.0,872.0,882.0,-54.0,-5.7692,27974533,24944119715,65720,TWSE,common_stock,true,false,false,false,false,false,false,false,true,
2026-07-16,3038,全台,listed,21.4,21.4,20.95,21.1,-0.15,-0.7059,130077,2747905,108,TWSE,common_stock,true,false,false,false,false,false,false,false,true,
2026-07-16,3040,遠見,listed,38.0,39.3,38.0,38.8,0.8,2.1053,186459,7220979,1242,TWSE,common_stock,true,false,false,false,false,false,false,false,true,
2026-07-16,3041,揚智,listed,26.25,26.25,25.55,25.55,-0.85,-3.2197,869255,22352145,849,TWSE,common_stock,true,false,false,false,false,false,false,false,true,
2026-07-16,3042,晶技,listed,189.5,198.0,185.5,186.5,-3.0,-1.5831,26324600,5011023812,21056,TWSE,common_stock,true,false,false,false,false,false,false,false,true,
2026-07-16,3043,科風,listed,22.3,22.35,21.95,22.25,-0.15,-0.6696,112088,2470453,103,TWSE,common_stock,true,false,false,false,false,false,false,false,true,
2026-07-16,3044,健鼎,listed,427.0,431.5,417.5,422.0,-4.0,-0.939,4231150,1786886059,4329,TWSE,common_stock,true,false,false,false,false,false,false,false,true,
2026-07-16,3045,台灣大,listed,109.0,111.0,109.0,110.5,1.5,1.3761,17945746,1982703518,3473,TWSE,common_stock,true,false,false,false,false,false,false,false,true,
2026-07-16,3046,建碁,listed,53.8,54.9,53.7,54.2,-0.5,-0.9141,246527,13424568,237,TWSE,common_stock,true,false,false,false,false,false,false,false,true,
2026-07-16,3047,訊舟,listed,15.9,16.1,15.55,15.55,-0.4,-2.5078,893657,14175676,546,TWSE,common_stock,true,false,false,false,false,false,false,false,true,
2026-07-16,3048,益登,listed,57.0,57.2,55.4,55.8,-1.3,-2.2767,1805815,101118699,1398,TWSE,common_stock,true,false,false,false,false,false,false,false,true,
2026-07-16,3049,精金,listed,12.3,12.3,12.0,12.0,-0.4,-3.2258,1788367,21652043,866,TWSE,common_stock,true,false,false,false,false,false,false,false,true,
2026-07-16,3050,鈺德,listed,12.05,12.25,12.05,12.25,0.1,0.823,396914,4829178,237,TWSE,common_stock,true,false,false,false,false,false,false,false,true,
2026-07-16,3051,力特,listed,24.0,24.45,23.7,24.05,0.1,0.4175,565046,13644699,405,TWSE,common_stock,true,false,false,false,false,false,false,false,true,
2026-07-16,3052,夆典,listed,10.95,11.0,10.85,10.85,0.0,0.0,219869,2403444,217,TWSE,common_stock,true,false,false,false,false,false,false,false,true,
2026-07-16,3054,立萬利,listed,59.8,60.3,59.4,59.5,-0.7,-1.1628,22104,1319564,21,TWSE,common_stock,true,false,false,false,false,false,false,false,true,
2026-07-16,3055,蔚華科,listed,195.0,201.0,180.0,180.0,-13.0,-6.7358,1257056,238455366,1439,TWSE,common_stock,true,false,false,false,false,false,false,false,true,
2026-07-16,3056,富華新,listed,14.7,14.85,14.55,14.8,0.1,0.6803,1773501,26143712,749,TWSE,common_stock,true,false,false,false,false,false,false,false,true,
2026-07-16,3057,喬鼎,listed,16.85,16.9,16.5,16.85,0.0,0.0,93723,1571491,136,TWSE,common_stock,true,false,false,false,false,false,false,false,true,
2026-07-16,3058,立德,listed,9.2,9.22,9.01,9.1,-0.1,-1.087,496248,4512118,296,TWSE,common_stock,true,false,false,false,false,false,false,false,true,
2026-07-16,3059,華晶科,listed,45.1,45.1,44.05,44.25,-1.25,-2.7473,2373336,105436016,1847,TWSE,common_stock,true,false,false,false,false,false,false,false,true,
2026-07-16,3060,銘異,listed,33.4,33.4,32.25,32.25,-1.35,-4.0179,2358909,77363948,1638,TWSE,common_stock,true,false,false,false,false,false,false,false,true,
2026-07-16,3062,建漢,listed,23.15,23.15,22.8,22.9,-0.35,-1.5054,1618135,37169588,990,TWSE,common_stock,true,false,false,false,false,false,false,false,true,
2026-07-16,3090,日電貿,listed,221.0,227.5,207.5,209.0,-16.0,-7.1111,11057676,2381718474,10675,TWSE,common_stock,true,false,false,false,false,false,false,false,true,
2026-07-16,3092,鴻碩,listed,26.05,26.05,25.25,25.4,-0.65,-2.4952,375107,9586050,353,TWSE,common_stock,true,false,false,false,false,false,false,false,true,
2026-07-16,3094,聯傑,listed,40.3,42.8,40.0,40.95,0.5,1.2361,13216020,546830822,14856,TWSE,common_stock,true,false,false,false,false,false,false,false,true,
2026-07-16,3130,一零四,listed,205.5,205.5,203.5,203.5,-0.5,-0.2451,113570,23206713,415,TWSE,common_stock,true,false,false,false,false,false,false,false,true,
2026-07-16,3135,凌航,listed,157.0,158.5,154.0,156.0,-5.0,-3.1056,744861,116303689,1022,TWSE,common_stock,true,false,false,false,false,false,false,false,true,
2026-07-16,3138,耀登,listed,109.0,110.5,107.5,109.0,-2.5,-2.2422,246234,26773329,286,TWSE,common_stock,true,false,false,false,false,false,false,false,true,
2026-07-16,3149,正達,listed,88.9,97.8,88.9,93.5,3.3,3.6585,15539391,1458200900,12316,TWSE,common_stock,true,false,false,false,false,false,false,false,true,
2026-07-16,3150,鈺寶-創,listed,17.65,17.8,17.45,17.55,-0.3,-1.6807,17008,299092,13,TWSE,common_stock,true,false,false,false,false,false,false,false,true,
2026-07-16,3164,景岳,listed,16.6,16.65,16.3,16.5,-0.1,-0.6024,18546,305363,60,TWSE,common_stock,true,false,false,false,false,false,false,false,true,
2026-07-16,3167,大量,listed,879.0,905.0,846.0,851.0,-41.0,-4.5964,3917746,3422577740,7475,TWSE,common_stock,true,false,false,false,false,false,false,false,true,
2026-07-16,3168,眾福科,listed,45.85,45.85,43.7,43.85,-0.5,-1.1274,19035,845441,20,TWSE,common_stock,true,false,false,false,false,false,false,false,true,
2026-07-16,3189,景碩,listed,820.0,820.0,764.0,770.0,-75.0,-8.8757,2674083,2094934222,8299,TWSE,common_stock,true,false,false,false,false,false,false,false,true,
2026-07-16,3209,全科,listed,60.6,60.7,58.5,60.0,-0.3,-0.4975,1104394,65834989,985,TWSE,common_stock,true,false,false,false,false,false,false,false,true,
2026-07-16,3229,晟鈦,listed,35.8,40.45,35.8,40.45,3.65,9.9185,295473,11492384,221,TWSE,common_stock,true,false,false,false,false,false,false,false,true,
2026-07-16,3231,緯創,listed,144.5,148.0,143.0,146.5,1.0,0.6873,30591982,4471080929,17408,TWSE,common_stock,true,false,false,false,false,false,false,false,true,
2026-07-16,3257,虹冠電,listed,58.2,58.2,56.7,56.8,-1.3,-2.2375,389871,22272271,373,TWSE,common_stock,true,false,false,false,false,false,false,false,true,
2026-07-16,3266,昇陽,listed,14.0,14.2,13.9,14.0,0.05,0.3584,85027,1188978,61,TWSE,common_stock,true,false,false,false,false,false,false,false,true,
2026-07-16,3296,勝德,listed,27.55,27.75,26.55,27.15,-0.05,-0.1838,78507,2125715,78,TWSE,common_stock,true,false,false,false,false,false,false,false,true,
2026-07-16,3305,昇貿,listed,119.0,122.5,116.0,120.0,1.0,0.8403,1461943,175066284,1381,TWSE,common_stock,true,false,false,false,false,false,false,false,true,
2026-07-16,3308,聯德,listed,21.8,21.8,20.65,21.1,-0.15,-0.7059,60666,1269336,93,TWSE,common_stock,true,false,false,false,false,false,false,false,true,
2026-07-16,3311,閎暉,listed,36.45,36.45,35.55,35.6,-0.6,-1.6575,158229,5656861,174,TWSE,common_stock,true,false,false,false,false,false,false,false,true,
2026-07-16,3312,弘憶股,listed,54.0,54.0,52.1,52.2,-2.0,-3.69,823481,43515057,806,TWSE,common_stock,true,false,false,false,false,false,false,false,true,
2026-07-16,3321,同泰,listed,20.85,21.0,20.15,20.25,-0.3,-1.4599,263407,5403885,196,TWSE,common_stock,true,false,false,false,false,false,false,false,true,
2026-07-16,3338,泰碩,listed,68.1,68.9,66.2,68.2,1.1,1.6393,318551,21524380,297,TWSE,common_stock,true,false,false,false,false,false,false,false,true,
2026-07-16,3346,麗清,listed,22.5,22.65,22.0,22.3,-0.2,-0.8889,414984,9273277,342,TWSE,common_stock,true,false,false,false,false,false,false,false,true,
2026-07-16,3356,奇偶,listed,59.9,60.2,59.1,59.6,-0.7,-1.1609,237209,14153622,252,TWSE,common_stock,true,false,false,false,false,false,false,false,true,
2026-07-16,3376,新日興,listed,199.0,199.0,194.5,194.5,-5.0,-2.5063,1607933,315799886,1943,TWSE,common_stock,true,false,false,false,false,false,false,false,true,
2026-07-16,3380,明泰,listed,32.4,33.0,31.95,32.2,0.0,0.0,1394155,45301830,1014,TWSE,common_stock,true,false,false,false,false,false,false,false,true,
2026-07-16,3406,玉晶光,listed,556.0,572.0,548.0,557.0,3.0,0.5415,1978895,1104547116,2950,TWSE,common_stock,true,false,false,false,false,false,false,false,true,
2026-07-16,3413,京鼎,listed,346.5,382.5,341.5,382.0,34.0,9.7701,9115357,3381924345,13601,TWSE,common_stock,true,false,false,false,false,false,false,false,true,
2026-07-16,3416,融程電,listed,174.5,174.5,171.0,172.0,-2.0,-1.1494,253867,43673475,355,TWSE,common_stock,true,false,false,false,false,false,false,false,true,
2026-07-16,3419,譁裕,listed,12.85,12.85,12.5,12.55,-0.25,-1.9531,156076,1971469,111,TWSE,common_stock,true,false,false,false,false,false,false,false,true,
2026-07-16,3432,台端,listed,17.55,17.8,17.55,17.75,-0.2,-1.1142,35150,620112,19,TWSE,common_stock,true,false,false,false,false,false,false,false,true,
2026-07-16,3437,榮創,listed,19.6,19.8,19.2,19.2,-0.65,-3.2746,394994,7664170,356,TWSE,common_stock,true,false,false,false,false,false,false,false,true,
2026-07-16,3443,創意,listed,4120.0,4240.0,3990.0,4185.0,65.0,1.5777,849361,3516031670,4292,TWSE,common_stock,true,false,false,false,false,false,false,false,true,
2026-07-16,3447,展達,listed,33.45,33.45,32.25,32.5,-0.5,-1.5152,114425,3737657,123,TWSE,common_stock,true,false,false,false,false,false,false,false,true,
2026-07-16,3450,聯鈞,listed,470.5,494.5,452.0,480.0,0.0,0.0,5861329,2779548125,6615,TWSE,common_stock,true,false,false,false,false,false,false,false,true,
2026-07-16,3481,群創,listed,57.4,58.9,55.5,57.3,-1.2,-2.0513,242960364,13817762100,107389,TWSE,common_stock,true,false,false,false,false,false,false,false,true,
2026-07-16,3494,誠研,listed,7.78,7.78,7.69,7.77,0.03,0.3876,38998,302115,46,TWSE,common_stock,true,false,false,false,false,false,false,false,true,
2026-07-16,3501,維熹,listed,40.55,40.85,40.3,40.65,-0.25,-0.6112,92667,3764657,106,TWSE,common_stock,true,false,false,false,false,false,false,false,true,
2026-07-16,3504,揚明光,listed,69.8,72.0,67.2,69.6,0.4,0.578,1048433,73228715,1055,TWSE,common_stock,true,false,false,false,false,false,false,false,true,
2026-07-16,3515,華擎,listed,206.5,208.5,201.5,207.5,4.0,1.9656,467013,96124970,698,TWSE,common_stock,true,false,false,false,false,false,false,false,true,
2026-07-16,3518,柏騰,listed,28.85,29.3,28.4,28.4,-0.8,-2.7397,391855,11283398,347,TWSE,common_stock,true,false,false,false,false,false,false,false,true,
2026-07-16,3528,安馳,listed,90.6,90.7,88.5,89.0,-1.9,-2.0902,171843,15375901,251,TWSE,common_stock,true,false,false,false,false,false,false,false,true,
2026-07-16,3530,晶相光,listed,61.5,62.4,61.0,61.0,-0.4,-0.6515,109782,6745108,133,TWSE,common_stock,true,false,false,false,false,false,false,false,true,
2026-07-16,3532,台勝科,listed,504.0,519.0,471.0,471.0,-52.0,-9.9426,7815331,3805926517,13120,TWSE,common_stock,true,false,false,false,false,false,false,false,true,
2026-07-16,3533,嘉澤,listed,1965.0,2035.0,1950.0,2020.0,-5.0,-0.2469,745022,1492882715,1330,TWSE,common_stock,true,false,false,false,false,false,false,false,true,
2026-07-16,3535,晶彩科,listed,99.9,99.9,95.7,97.1,-3.4,-3.3831,1054683,102482190,1292,TWSE,common_stock,true,false,false,false,false,false,false,false,true,
2026-07-16,3543,州巧,listed,32.1,32.1,30.8,30.95,-0.85,-2.673,460565,14349196,356,TWSE,common_stock,true,false,false,false,false,false,false,false,true,
2026-07-16,3545,敦泰,listed,53.3,53.3,51.9,52.0,-1.9,-3.525,960544,50354718,933,TWSE,common_stock,true,false,false,false,false,false,false,false,true,
2026-07-16,3550,聯穎,listed,25.2,25.4,24.55,24.7,-0.7,-2.7559,1650214,41111985,1122,TWSE,common_stock,true,false,false,false,false,false,false,false,true,
2026-07-16,3557,嘉威,listed,26.8,26.8,26.25,26.55,0.1,0.3781,45718,1209770,44,TWSE,common_stock,true,false,false,false,false,false,false,false,true,
2026-07-16,3563,牧德,listed,699.0,720.0,695.0,701.0,-11.0,-1.5449,535826,377842320,1160,TWSE,common_stock,true,false,false,false,false,false,false,false,true,
2026-07-16,3576,聯合再生,listed,17.95,18.15,17.65,17.7,0.0,0.0,18172618,324962231,5837,TWSE,common_stock,true,false,false,false,false,false,false,false,true,
2026-07-16,3583,辛耘,listed,835.0,864.0,811.0,830.0,-12.0,-1.4252,2594346,2166659360,3809,TWSE,common_stock,true,false,false,false,false,false,false,false,true,
2026-07-16,3588,通嘉,listed,62.4,62.4,59.8,59.8,-2.8,-4.4728,345521,20850323,1571,TWSE,common_stock,true,false,false,false,false,false,false,false,true,
2026-07-16,3591,艾笛森,listed,24.1,24.1,23.05,23.35,-0.8,-3.3126,1385539,32476457,922,TWSE,common_stock,true,false,false,false,false,false,false,false,true,
2026-07-16,3592,瑞鼎,listed,248.0,248.0,241.5,246.0,-3.5,-1.4028,634195,154732442,1055,TWSE,common_stock,true,false,false,false,false,false,false,false,true,
2026-07-16,3593,力銘,listed,16.15,16.95,15.8,16.95,0.6,3.6697,41269,665446,34,TWSE,common_stock,true,false,false,false,false,false,false,false,true,
2026-07-16,3596,智易,listed,190.0,192.0,188.0,189.0,-2.0,-1.0471,791205,150133158,800,TWSE,common_stock,true,false,false,false,false,false,false,false,true,
2026-07-16,3605,宏致,listed,85.4,87.3,84.1,84.9,-0.9,-1.049,4101964,351466746,3506,TWSE,common_stock,true,false,false,false,false,false,false,false,true,
2026-07-16,3607,谷崧,listed,16.15,16.25,15.8,15.8,-0.35,-2.1672,257740,4110584,146,TWSE,common_stock,true,false,false,false,false,false,false,false,true,
2026-07-16,3617,碩天,listed,222.0,223.0,209.5,213.5,-11.5,-5.1111,1736719,372320152,1923,TWSE,common_stock,true,false,false,false,false,false,false,false,true,
2026-07-16,3622,洋華,listed,55.0,55.4,54.4,55.2,0.1,0.1815,147442,8111352,127,TWSE,common_stock,true,false,false,false,false,false,false,false,true,
2026-07-16,3645,達邁,listed,77.4,77.7,74.8,75.4,-2.3,-2.9601,1231509,93273689,1197,TWSE,common_stock,true,false,false,false,false,false,false,false,true,
2026-07-16,3652,精聯,listed,31.4,31.85,30.75,30.8,-0.45,-1.44,348344,10950214,113,TWSE,common_stock,true,false,false,false,false,false,false,false,true,
2026-07-16,3653,健策,listed,3260.0,3470.0,3230.0,3395.0,115.0,3.5061,1052764,3554375960,4670,TWSE,common_stock,true,false,false,false,false,false,false,false,true,
2026-07-16,3661,世芯-KY,listed,3700.0,3820.0,3650.0,3770.0,35.0,0.9371,1547816,5776887690,8691,TWSE,common_stock,true,false,false,false,false,false,false,false,true,
2026-07-16,3665,貿聯-KY,listed,1890.0,1985.0,1815.0,1955.0,45.0,2.356,2808783,5396634875,6417,TWSE,common_stock,true,false,false,false,false,false,false,false,true,
2026-07-16,3669,圓展,listed,35.65,35.65,35.1,35.3,-0.05,-0.1414,40551,1433032,43,TWSE,common_stock,true,false,false,false,false,false,false,false,true,
2026-07-16,3673,TPK-KY,listed,72.3,74.1,71.6,71.6,0.0,0.0,4593139,332840602,3701,TWSE,common_stock,true,false,false,false,false,false,false,false,true,
2026-07-16,3679,新至陞,listed,111.0,111.0,109.5,110.5,-0.5,-0.4505,28175,3103335,33,TWSE,common_stock,true,false,false,false,false,false,false,false,true,
2026-07-16,3686,達能,listed,16.35,16.4,16.05,16.1,-0.1,-0.6173,131586,2136150,100,TWSE,common_stock,true,false,false,false,false,false,false,false,true,
2026-07-16,3694,海華,listed,66.6,67.2,64.3,64.4,-3.5,-5.1546,2029161,132561767,1722,TWSE,common_stock,true,false,false,false,false,false,false,false,true,
2026-07-16,3701,大眾控,listed,41.9,42.05,41.15,41.2,-1.45,-3.3998,498907,20772824,454,TWSE,common_stock,true,false,false,false,false,false,false,false,true,
2026-07-16,3702,大聯大,listed,115.0,115.5,112.0,113.5,-3.0,-2.5751,12335180,1404751054,6819,TWSE,common_stock,true,false,false,false,false,false,false,false,true,
2026-07-16,3703,欣陸,listed,20.65,20.85,20.5,20.75,0.1,0.4843,850143,17643477,392,TWSE,common_stock,true,false,false,false,false,false,false,false,true,
2026-07-16,3704,合勤控,listed,49.4,49.4,46.35,46.65,-3.15,-6.3253,4262399,204578792,3189,TWSE,common_stock,true,false,false,false,false,false,false,false,true,
2026-07-16,3705,永信,listed,55.2,55.6,54.8,55.5,0.4,0.726,393929,21808214,323,TWSE,common_stock,true,false,false,false,false,false,false,false,true,
2026-07-16,3706,神達,listed,90.7,90.7,89.5,89.9,-1.0,-1.1001,6125631,551565023,5728,TWSE,common_stock,true,false,false,false,false,false,false,false,true,
2026-07-16,3708,上緯投控,listed,101.5,102.5,100.5,101.5,-1.0,-0.9756,114914,11696470,166,TWSE,common_stock,true,false,false,false,false,false,false,false,true,
2026-07-16,3711,日月光投控,listed,679.0,694.0,668.0,682.0,-1.0,-0.1464,21801574,14873924389,29377,TWSE,common_stock,true,false,false,false,false,false,false,false,true,
2026-07-16,3712,永崴投控,listed,16.1,17.7,15.8,17.05,0.9,5.5728,1451175,24272207,710,TWSE,common_stock,true,false,false,false,false,false,false,false,true,
2026-07-16,3714,富采,listed,59.5,59.7,57.5,57.7,-2.8,-4.6281,5507925,319916648,4305,TWSE,common_stock,true,false,false,false,false,false,false,false,true,
2026-07-16,3715,定穎投控,listed,140.5,140.5,136.5,137.0,-5.5,-3.8596,3297393,456027790,4704,TWSE,common_stock,true,false,false,false,false,false,false,false,true,
2026-07-16,3716,中化控股,listed,34.95,34.95,34.45,34.5,-0.3,-0.8621,81771,2830628,129,TWSE,common_stock,true,false,false,false,false,false,false,false,true,
2026-07-16,3717,聯嘉投控,listed,24.3,24.75,23.8,24.1,-0.2,-0.823,2734219,66238519,1445,TWSE,common_stock,true,false,false,false,false,false,false,false,true,
2026-07-16,4104,佳醫,listed,72.0,72.3,71.7,72.0,-0.3,-0.4149,227304,16359614,286,TWSE,common_stock,true,false,false,false,false,false,false,false,true,
2026-07-16,4106,雃博,listed,25.1,25.4,25.0,25.3,0.3,1.2,300264,7567860,280,TWSE,common_stock,true,false,false,false,false,false,false,false,true,
2026-07-16,4108,懷特,listed,12.2,12.2,12.0,12.0,-0.15,-1.2346,89384,1076794,112,TWSE,common_stock,true,false,false,false,false,false,false,false,true,
2026-07-16,4119,旭富,listed,46.0,47.4,46.0,47.0,1.0,2.1739,209673,9814044,233,TWSE,common_stock,true,false,false,false,false,false,false,false,true,
2026-07-16,4133,亞諾法,listed,20.55,20.65,20.3,20.35,-0.1,-0.489,112111,2298340,153,TWSE,common_stock,true,false,false,false,false,false,false,false,true,
2026-07-16,4137,麗豐-KY,listed,96.3,97.1,95.1,96.7,0.4,0.4154,102079,9861380,119,TWSE,common_stock,true,false,false,false,false,false,false,false,true,
2026-07-16,4142,國光生,listed,17.45,17.55,17.3,17.35,-0.1,-0.5731,622174,10824078,375,TWSE,common_stock,true,false,false,false,false,false,false,false,true,
2026-07-16,4148,全宇生技-KY,listed,30.25,30.25,29.8,30.25,0.1,0.3317,36275,1094905,25,TWSE,common_stock,true,false,false,false,false,false,false,false,true,
2026-07-16,4155,訊映,listed,16.5,16.5,15.85,16.15,0.0,0.0,646199,10465599,430,TWSE,common_stock,true,false,false,false,false,false,false,false,true,
2026-07-16,4164,承業醫,listed,27.7,27.85,27.4,27.6,-0.1,-0.361,280755,7766561,432,TWSE,common_stock,true,false,false,false,false,false,false,false,true,
2026-07-16,4169,泰宗,listed,250.0,273.5,250.0,266.0,17.0,6.8273,308332,81659845,705,TWSE,common_stock,true,false,false,false,false,false,false,false,true,
2026-07-16,4178,永笙-KY,listed,18.85,18.9,18.3,18.5,-0.1,-0.5376,209195,3874090,157,TWSE,common_stock,true,false,false,false,false,false,false,false,true,
2026-07-16,4190,佐登-KY,listed,26.0,26.0,25.5,25.65,-0.3,-1.1561,21489,552034,61,TWSE,common_stock,true,false,false,false,false,false,false,false,true,
2026-07-16,4195,基米-創,listed,16.9,17.45,16.65,16.9,0.0,0.0,152134,2569112,88,TWSE,common_stock,true,false,false,false,false,false,false,false,true,
2026-07-16,4306,炎洲,listed,14.85,15.35,14.7,15.2,0.3,2.0134,1303649,19746870,760,TWSE,common_stock,true,false,false,false,false,false,false,false,true,
2026-07-16,4414,如興,listed,8.64,8.73,8.57,8.6,0.02,0.2331,145395,1255327,83,TWSE,common_stock,true,false,false,false,false,false,false,false,true,
2026-07-16,4426,利勤,listed,8.35,8.53,8.35,8.47,0.18,2.1713,135159,1141251,89,TWSE,common_stock,true,false,false,false,false,false,false,false,true,
2026-07-16,4438,廣越,listed,61.8,61.8,61.1,61.8,0.0,0.0,24366,1502820,29,TWSE,common_stock,true,false,false,false,false,false,false,false,true,
2026-07-16,4439,冠星-KY,listed,104.0,104.0,100.5,100.5,0.0,0.0,58473,5951657,62,TWSE,common_stock,true,false,false,false,false,false,false,false,true,
2026-07-16,4440,宜新實業,listed,17.55,17.75,17.45,17.75,0.2,1.1396,65165,1148892,50,TWSE,common_stock,true,false,false,false,false,false,false,false,true,
2026-07-16,4441,振大環球,listed,180.0,185.0,177.5,180.5,0.5,0.2778,302221,54480570,273,TWSE,common_stock,true,false,false,false,false,false,false,false,true,
2026-07-16,4526,東台,listed,35.8,35.8,34.7,35.25,-0.55,-1.5363,1123530,39490333,955,TWSE,common_stock,true,false,false,false,false,false,false,false,true,
2026-07-16,4532,瑞智,listed,25.5,25.8,25.35,25.4,-0.3,-1.1673,821030,20969905,630,TWSE,common_stock,true,false,false,false,false,false,false,false,true,
2026-07-16,4536,拓凱,listed,164.5,167.5,163.5,163.5,0.0,0.0,1123412,185111496,597,TWSE,common_stock,true,false,false,false,false,false,false,false,true,
2026-07-16,4540,全球傳動,listed,55.3,56.6,54.0,56.5,0.7,1.2545,901363,49986280,910,TWSE,common_stock,true,false,false,false,false,false,false,false,true,
2026-07-16,4545,銘鈺,listed,35.1,35.5,34.5,35.15,0.1,0.2853,80243,2812035,86,TWSE,common_stock,true,false,false,false,false,false,false,false,true,
2026-07-16,4551,智伸科,listed,199.0,200.0,195.0,198.0,-3.5,-1.737,774881,153409354,809,TWSE,common_stock,true,false,false,false,false,false,false,false,true,
2026-07-16,4552,力達-KY,listed,19.65,19.7,19.45,19.55,-0.1,-0.5089,45280,886403,41,TWSE,common_stock,true,false,false,false,false,false,false,false,true,
2026-07-16,4555,氣立,listed,48.45,50.8,47.0,49.9,1.55,3.2058,359386,17866818,354,TWSE,common_stock,true,false,false,false,false,false,false,false,true,
2026-07-16,4557,永新-KY,listed,51.4,51.4,50.2,51.0,0.5,0.9901,36179,1841144,51,TWSE,common_stock,true,false,false,false,false,false,false,false,true,
2026-07-16,4560,強信-KY,listed,34.05,34.4,33.85,34.05,0.05,0.1471,99217,3383605,59,TWSE,common_stock,true,false,false,false,false,false,false,false,true,
2026-07-16,4562,穎漢,listed,33.45,33.75,32.75,33.3,-0.25,-0.7452,186604,6211034,166,TWSE,common_stock,true,false,false,false,false,false,false,false,true,
2026-07-16,4564,元翎,listed,20.55,21.05,19.6,20.0,-1.2,-5.6604,4235684,85694286,2341,TWSE,common_stock,true,false,false,false,false,false,false,false,true,
2026-07-16,4566,時碩工業,listed,66.6,67.2,65.8,65.9,-1.3,-1.9345,822745,54538008,761,TWSE,common_stock,true,false,false,false,false,false,false,false,true,
2026-07-16,4569,六方科-KY,listed,164.0,172.0,162.5,167.5,1.0,0.6006,50124,8378041,74,TWSE,common_stock,true,false,false,false,false,false,false,false,true,
2026-07-16,4571,鈞興-KY,listed,160.0,162.5,156.5,160.0,1.0,0.6289,130571,20845791,206,TWSE,common_stock,true,false,false,false,false,false,false,false,true,
2026-07-16,4572,駐龍,listed,148.5,151.0,147.5,148.5,0.0,0.0,50155,7493325,159,TWSE,common_stock,true,false,false,false,false,false,false,false,true,
2026-07-16,4576,大銀微系統,listed,202.0,213.5,200.0,211.0,5.0,2.4272,908937,189295306,1301,TWSE,common_stock,true,false,false,false,false,false,false,false,true,
2026-07-16,4581,光隆精密-KY,listed,50.5,50.8,50.5,50.8,0.1,0.1972,7149,361867,9,TWSE,common_stock,true,false,false,false,false,false,false,false,true,
2026-07-16,4582,聚恆-創,listed,27.6,29.05,27.15,28.0,0.4,1.4493,325958,9272002,193,TWSE,common_stock,true,false,false,false,false,false,false,false,true,
2026-07-16,4583,台灣精銳,listed,586.0,608.0,586.0,603.0,0.0,0.0,22938,13823535,88,TWSE,common_stock,true,false,false,false,false,false,false,false,true,
2026-07-16,4585,達明,listed,305.0,327.5,300.0,324.0,20.0,6.5789,452321,142566564,993,TWSE,common_stock,true,false,false,false,false,false,false,false,true,
2026-07-16,4588,玖鼎電力,listed,54.6,54.9,54.2,54.2,-1.1,-1.9892,52767,2876604,96,TWSE,common_stock,true,false,false,false,false,false,false,false,true,
2026-07-16,4590,富田-創,listed,95.5,95.5,91.4,92.0,-3.0,-3.1579,260956,24252485,285,TWSE,common_stock,true,false,false,false,false,false,false,false,true,
2026-07-16,4720,德淵,listed,22.0,22.25,21.85,21.9,-0.45,-2.0134,508286,11198196,376,TWSE,common_stock,true,false,false,false,false,false,false,false,true,
2026-07-16,4722,國精化,listed,266.5,274.5,252.0,253.0,-21.5,-7.8324,1290278,340897647,1661,TWSE,common_stock,true,false,false,false,false,false,false,false,true,
2026-07-16,4736,泰博,listed,128.0,131.0,128.0,130.0,2.0,1.5625,392896,50959111,470,TWSE,common_stock,true,false,false,false,false,false,false,false,true,
2026-07-16,4737,華廣,listed,58.0,58.0,55.5,56.6,-1.7,-2.916,171748,9708473,158,TWSE,common_stock,true,false,false,false,false,false,false,false,true,
2026-07-16,4739,康普,listed,90.8,92.3,89.9,90.4,-1.6,-1.7391,1016295,92240037,1063,TWSE,common_stock,true,false,false,false,false,false,false,false,true,
2026-07-16,4746,台耀,listed,53.7,54.0,52.9,53.0,-0.9,-1.6698,252851,13519950,252,TWSE,common_stock,true,false,false,false,false,false,false,false,true,
2026-07-16,4755,三福化,listed,136.0,137.0,132.5,135.5,-1.5,-1.0949,250058,33718038,254,TWSE,common_stock,true,false,false,false,false,false,false,false,true,
2026-07-16,4763,材料*-KY,listed,46.95,48.2,46.15,47.45,0.5,1.065,3919371,184735987,2508,TWSE,common_stock,true,false,false,false,false,false,false,false,true,
2026-07-16,4764,雙鍵,listed,355.0,374.0,328.5,328.5,-36.0,-9.8765,7009031,2461781983,7754,TWSE,common_stock,true,false,false,false,false,false,false,false,true,
2026-07-16,4766,南寶,listed,337.5,342.5,334.0,339.0,1.5,0.4444,226347,76932452,352,TWSE,common_stock,true,false,false,false,false,false,false,false,true,
2026-07-16,4770,上品,listed,227.0,237.0,223.5,226.5,5.5,2.4887,1258436,289023576,1629,TWSE,common_stock,true,false,false,false,false,false,false,false,true,
2026-07-16,4771,望隼,listed,205.5,205.5,202.0,203.0,-1.0,-0.4902,90357,18399107,133,TWSE,common_stock,true,false,false,false,false,false,false,false,true,
2026-07-16,4807,日成-KY,listed,39.8,43.6,39.55,42.8,3.15,7.9445,1069791,46103908,1404,TWSE,common_stock,true,false,false,false,false,false,false,false,true,
2026-07-16,4904,遠傳,listed,96.8,102.5,96.3,101.0,4.7,4.8806,16144495,1623747934,5866,TWSE,common_stock,true,false,false,false,false,false,false,false,true,
2026-07-16,4906,正文,listed,38.3,38.75,37.65,37.75,-1.05,-2.7062,3231468,123241723,2230,TWSE,common_stock,true,false,false,false,false,false,false,false,true,
2026-07-16,4912,聯德控股-KY,listed,86.8,88.9,85.9,87.5,0.5,0.5747,296033,25900702,274,TWSE,common_stock,true,false,false,false,false,false,false,false,true,
2026-07-16,4915,致伸,listed,67.5,67.6,66.7,66.9,-0.6,-0.8889,2176538,145894370,1815,TWSE,common_stock,true,false,false,false,false,false,false,false,true,
2026-07-16,4916,事欣科,listed,111.0,113.0,109.0,110.5,-2.5,-2.2124,4695699,519965754,3973,TWSE,common_stock,true,false,false,false,false,false,false,false,true,
2026-07-16,4919,新唐,listed,165.0,165.0,156.0,156.5,-12.0,-7.1217,7810246,1249277993,8540,TWSE,common_stock,true,false,false,false,false,false,false,false,true,
2026-07-16,4927,泰鼎-KY,listed,41.0,41.45,39.15,39.3,-0.95,-2.3602,2292470,91313477,1741,TWSE,common_stock,true,false,false,false,false,false,false,false,true,
2026-07-16,4930,燦星網,listed,17.0,17.0,16.85,17.0,0.0,0.0,18228,309055,88,TWSE,common_stock,true,false,false,false,false,false,false,false,true,
2026-07-16,4934,太極,listed,16.85,16.9,16.3,16.3,-0.5,-2.9762,619085,10171611,360,TWSE,common_stock,true,false,false,false,false,false,false,false,true,
2026-07-16,4935,茂林-KY,listed,36.4,36.4,35.75,36.15,-0.25,-0.6868,57070,2055038,59,TWSE,common_stock,true,false,false,false,false,false,false,false,true,
2026-07-16,4938,和碩,listed,82.8,83.3,81.9,83.2,0.5,0.6046,9298678,770856384,4159,TWSE,common_stock,true,false,false,false,false,false,false,false,true,
2026-07-16,4942,嘉彰,listed,37.9,37.9,37.25,37.6,-0.15,-0.3974,183037,7409944,28,TWSE,common_stock,true,false,false,false,false,false,false,false,true,
2026-07-16,4943,康控-KY,listed,9.05,9.05,8.33,8.69,0.36,4.3217,26230,222332,32,TWSE,common_stock,true,false,false,false,false,false,false,false,true,
2026-07-16,4949,有成精密,listed,78.4,78.4,75.8,76.7,-2.2,-2.7883,495426,38007025,538,TWSE,common_stock,true,false,false,false,false,false,false,false,true,
2026-07-16,4952,凌通,listed,54.2,54.6,52.0,52.2,-2.5,-4.5704,570403,30052935,521,TWSE,common_stock,true,false,false,false,false,false,false,false,true,
2026-07-16,4956,光鋐,listed,33.4,33.4,32.45,32.55,-1.1,-3.2689,707853,23242534,586,TWSE,common_stock,true,false,false,false,false,false,false,false,true,
2026-07-16,4958,臻鼎-KY,listed,610.0,612.0,573.0,578.0,-40.0,-6.4725,33390530,19590399548,59859,TWSE,common_stock,true,false,false,false,false,false,false,false,true,
2026-07-16,4960,誠美材,listed,23.35,23.5,22.85,23.2,-0.3,-1.2766,1641194,38050326,985,TWSE,common_stock,true,false,false,false,false,false,false,false,true,
2026-07-16,4961,天鈺,listed,167.5,169.0,164.5,168.0,0.5,0.2985,649879,108655715,722,TWSE,common_stock,true,false,false,false,false,false,false,false,true,
2026-07-16,4967,十銓,listed,226.0,228.5,222.0,225.5,-5.0,-2.1692,1299225,293342876,1874,TWSE,common_stock,true,false,false,false,false,false,false,false,true,
2026-07-16,4968,立積,listed,106.5,106.5,103.5,104.0,-1.5,-1.4218,566525,59079489,665,TWSE,common_stock,true,false,false,false,false,false,false,false,true,
2026-07-16,4976,佳凌,listed,35.3,36.3,34.85,35.3,-0.15,-0.4231,722504,25587432,645,TWSE,common_stock,true,false,false,false,false,false,false,false,true,
2026-07-16,4977,眾達-KY,listed,147.0,147.5,143.0,144.0,-5.0,-3.3557,826220,119845530,1037,TWSE,common_stock,true,false,false,false,false,false,false,false,true,
2026-07-16,4989,榮科,listed,79.1,80.6,77.7,78.2,-1.8,-2.25,4441435,350977648,3749,TWSE,common_stock,true,false,false,false,false,false,false,false,true,
2026-07-16,4994,傳奇,listed,88.4,91.9,88.4,91.7,0.2,0.2186,12227,1104171,29,TWSE,common_stock,true,false,false,false,false,false,false,false,true,
2026-07-16,4999,鑫禾,listed,19.85,19.85,19.4,19.75,-0.1,-0.5038,62496,1230242,182,TWSE,common_stock,true,false,false,false,false,false,false,false,true,
2026-07-16,5007,三星,listed,56.4,56.6,55.7,56.4,0.0,0.0,42117,2373198,36,TWSE,common_stock,true,false,false,false,false,false,false,false,true,
2026-07-16,5203,訊連,listed,67.4,68.4,67.3,67.4,-0.5,-0.7364,69423,4713017,83,TWSE,common_stock,true,false,false,false,false,false,false,false,true,
2026-07-16,5215,科嘉-KY,listed,40.9,41.6,40.1,40.45,-0.45,-1.1002,62448,2527603,58,TWSE,common_stock,true,false,false,false,false,false,false,false,true,
2026-07-16,5222,全訊,listed,125.0,125.0,121.5,121.5,-4.5,-3.5714,442035,54273981,524,TWSE,common_stock,true,false,false,false,false,false,false,false,true,
2026-07-16,5225,東科-KY,listed,72.2,72.8,71.8,72.1,-0.6,-0.8253,68964,4972995,80,TWSE,common_stock,true,false,false,false,false,false,false,false,true,
2026-07-16,5234,達興材料,listed,379.0,379.0,364.0,364.0,-12.0,-3.1915,331056,121933942,737,TWSE,common_stock,true,false,false,false,false,false,false,false,true,
2026-07-16,5236,凌陽創新,listed,156.5,156.5,152.5,152.5,0.0,0.0,134717,20752284,179,TWSE,common_stock,true,false,false,false,false,false,false,false,true,
2026-07-16,5243,乙盛-KY,listed,98.0,99.3,95.3,96.0,-3.0,-3.0303,1657309,160493080,1503,TWSE,common_stock,true,false,false,false,false,false,false,false,true,
2026-07-16,5244,弘凱,listed,33.3,33.4,32.65,33.1,0.0,0.0,87517,2899916,78,TWSE,common_stock,true,false,false,false,false,false,false,false,true,
2026-07-16,5258,虹堡,listed,54.5,56.1,54.0,54.0,-0.6,-1.0989,884982,48842251,704,TWSE,common_stock,true,false,false,false,false,false,false,false,true,
2026-07-16,5269,祥碩,listed,1515.0,1515.0,1500.0,1515.0,0.0,0.0,421920,637204195,1655,TWSE,common_stock,true,false,false,false,false,false,false,false,true,
2026-07-16,5283,禾聯碩,listed,54.0,54.0,53.3,53.4,-0.6,-1.1111,62196,3331010,211,TWSE,common_stock,true,false,false,false,false,false,false,false,true,
2026-07-16,5284,jpp-KY,listed,300.0,305.0,298.0,299.5,-0.5,-0.1667,499125,150164655,647,TWSE,common_stock,true,false,false,false,false,false,false,false,true,
2026-07-16,5285,界霖,listed,93.8,94.1,89.4,92.3,-1.5,-1.5991,1292860,118488504,1163,TWSE,common_stock,true,false,false,false,false,false,false,false,true,
2026-07-16,5288,豐祥-KY,listed,190.0,190.0,185.0,187.5,-2.5,-1.3158,100861,18949526,164,TWSE,common_stock,true,false,false,false,false,false,false,false,true,
2026-07-16,5292,華懋,listed,172.5,179.0,172.0,174.5,-3.0,-1.6901,69838,12334767,247,TWSE,common_stock,true,false,false,false,false,false,false,false,true,
2026-07-16,5306,桂盟,listed,90.1,99.4,90.1,99.2,8.8,9.7345,1812476,177806635,5037,TWSE,common_stock,true,false,false,false,false,false,false,false,true,
2026-07-16,5388,中磊,listed,88.8,89.2,86.5,86.6,-2.8,-3.132,5017963,439283847,4191,TWSE,common_stock,true,false,false,false,false,false,false,false,true,
2026-07-16,5434,崇越,listed,543.0,596.0,542.0,596.0,0.0,0.0,4298845,2491331836,5436,TWSE,common_stock,true,false,false,false,false,false,false,false,true,
2026-07-16,5469,瀚宇博,listed,75.6,75.6,73.1,73.2,-3.5,-4.5632,3472534,256185235,3272,TWSE,common_stock,true,false,false,false,false,false,false,false,true,
2026-07-16,5471,松翰,listed,62.1,62.2,59.3,60.1,-3.0,-4.7544,3929807,237956482,3244,TWSE,common_stock,true,false,false,false,false,false,false,false,true,
2026-07-16,5484,慧友,listed,47.95,48.0,46.5,46.55,-1.25,-2.6151,230548,10820264,336,TWSE,common_stock,true,false,false,false,false,false,false,false,true,
2026-07-16,5515,建國,listed,41.95,41.95,41.35,41.9,-0.05,-0.1192,153275,6379613,141,TWSE,common_stock,true,false,false,false,false,false,false,false,true,
2026-07-16,5519,隆大,listed,28.7,28.75,28.2,28.45,-0.2,-0.6981,530225,15115756,457,TWSE,common_stock,true,false,false,false,false,false,false,false,true,
2026-07-16,5521,工信,listed,10.4,10.4,10.2,10.35,0.0,0.0,2397509,24689254,949,TWSE,common_stock,true,false,false,false,false,false,false,false,true,
2026-07-16,5522,遠雄,listed,68.3,69.7,67.7,69.4,1.1,1.6105,850098,58757630,816,TWSE,common_stock,true,false,false,false,false,false,false,false,true,
2026-07-16,5525,順天,listed,22.15,22.15,21.5,22.15,0.05,0.2262,102424,2249845,84,TWSE,common_stock,true,false,false,false,false,false,false,false,true,
2026-07-16,5531,鄉林,listed,7.99,7.99,7.72,7.9,-0.03,-0.3783,449524,3540870,251,TWSE,common_stock,true,false,false,false,false,false,false,false,true,
2026-07-16,5533,皇鼎,listed,13.8,14.1,13.7,13.8,0.0,0.0,105263,1457544,62,TWSE,common_stock,true,false,false,false,false,false,false,false,true,
2026-07-16,5534,長虹,listed,79.9,81.7,79.9,81.7,1.5,1.8703,795275,64548998,782,TWSE,common_stock,true,false,false,false,false,false,false,false,true,
2026-07-16,5538,東明-KY,listed,35.1,35.9,34.15,34.7,-0.4,-1.1396,38086,1322699,29,TWSE,common_stock,true,false,false,false,false,false,false,false,true,
2026-07-16,5546,永固-KY,listed,16.65,16.75,16.5,16.75,0.2,1.2085,23746,396683,24,TWSE,common_stock,true,false,false,false,false,false,false,false,true,
2026-07-16,5607,遠雄港,listed,51.3,51.3,50.6,50.9,-0.1,-0.1961,228068,11600510,207,TWSE,common_stock,true,false,false,false,false,false,false,false,true,
2026-07-16,5608,四維航,listed,14.45,14.45,14.25,14.3,-0.15,-1.0381,390878,5597674,435,TWSE,common_stock,true,false,false,false,false,false,false,false,true,
2026-07-16,5706,鳳凰,listed,46.85,47.25,46.5,46.95,0.15,0.3205,131192,6163725,129,TWSE,common_stock,true,false,false,false,false,false,false,false,true,
2026-07-16,5871,中租-KY,listed,118.5,121.0,118.5,120.5,1.5,1.2605,9307242,1119388155,5382,TWSE,common_stock,true,false,false,false,false,false,false,false,true,
2026-07-16,5871A,中租-KY甲特,listed,102.5,102.5,102.0,102.5,0.0,0.0,49121,5022402,28,TWSE,warrant,false,false,true,false,false,false,false,false,false,security_type=warrant;symbol_not_4_digit
2026-07-16,5876,上海商銀,listed,44.6,45.35,44.45,44.95,0.35,0.7848,13780163,619426592,5014,TWSE,common_stock,true,false,false,false,false,false,false,false,true,
2026-07-16,5880,合庫金,listed,25.2,25.5,25.15,25.5,0.15,0.5917,17727214,450128521,5383,TWSE,common_stock,true,false,false,false,false,false,false,false,true,
2026-07-16,5906,台南-KY,listed,37.95,37.95,37.95,37.95,-0.05,-0.1316,1000,37950,1,TWSE,common_stock,true,false,false,false,false,false,false,false,true,
2026-07-16,5907,大洋-KY,listed,4.98,5.03,4.89,4.93,-0.02,-0.404,292014,1451298,107,TWSE,common_stock,true,false,false,false,false,false,false,false,true,
2026-07-16,6005,群益證,listed,34.25,34.8,34.1,34.65,0.25,0.7267,3993186,138082235,2059,TWSE,etf,false,true,false,false,false,false,false,false,false,security_type=etf
2026-07-16,6024,群益期,listed,65.2,65.2,64.6,65.2,0.4,0.6173,560492,36423326,488,TWSE,etf,false,true,false,false,false,false,false,false,false,security_type=etf
2026-07-16,6108,競國,listed,17.75,17.75,17.45,17.45,-0.3,-1.6901,666405,11642460,183,TWSE,common_stock,true,false,false,false,false,false,false,false,true,
2026-07-16,6112,邁達特,listed,43.0,43.0,42.25,42.25,0.0,0.0,432550,18409360,379,TWSE,common_stock,true,false,false,false,false,false,false,false,true,
2026-07-16,6115,鎰勝,listed,46.0,46.1,45.25,45.7,-0.25,-0.5441,150514,6894368,126,TWSE,common_stock,true,false,false,false,false,false,false,false,true,
2026-07-16,6116,彩晶,listed,16.5,16.65,15.95,16.1,-0.6,-3.5928,25440597,412351751,9254,TWSE,common_stock,true,false,false,false,false,false,false,false,true,
2026-07-16,6117,迎廣,listed,68.2,68.4,66.9,67.9,-0.3,-0.4399,197042,13317928,182,TWSE,common_stock,true,false,false,false,false,false,false,false,true,
2026-07-16,6120,達運,listed,14.0,14.3,13.5,14.2,0.1,0.7092,3122409,43333013,1174,TWSE,common_stock,true,false,false,false,false,false,false,false,true,
2026-07-16,6128,上福,listed,20.45,20.75,20.3,20.6,0.15,0.7335,57878,1187318,49,TWSE,common_stock,true,false,false,false,false,false,false,false,true,
2026-07-16,6133,金橋,listed,23.45,23.45,22.7,22.7,-0.65,-2.7837,786665,18087447,574,TWSE,common_stock,true,false,false,false,false,false,false,false,true,
2026-07-16,6136,富爾特,listed,24.3,24.35,24.15,24.35,0.1,0.4124,72681,1763532,58,TWSE,common_stock,true,false,false,false,false,false,false,false,true,
2026-07-16,6139,亞翔,listed,878.0,886.0,838.0,868.0,-27.0,-3.0168,3893529,3349688957,7291,TWSE,common_stock,true,false,false,false,false,false,false,false,true,
2026-07-16,6141,柏承,listed,39.6,43.75,38.5,43.75,3.95,9.9246,7322123,314961641,10872,TWSE,common_stock,true,false,false,false,false,false,false,false,true,
2026-07-16,6142,友勁,listed,10.0,10.45,9.91,10.05,-0.1,-0.9852,1237501,12550295,543,TWSE,common_stock,true,false,false,false,false,false,false,false,true,
2026-07-16,6152,百一,listed,13.1,13.1,12.6,12.65,-0.55,-4.1667,806044,10310708,459,TWSE,common_stock,true,false,false,false,false,false,false,false,true,
2026-07-16,6153,嘉聯益,listed,18.75,18.75,18.1,18.2,-0.5,-2.6738,2762949,50674308,1623,TWSE,common_stock,true,false,false,false,false,false,false,false,true,
2026-07-16,6155,鈞寶,listed,66.1,70.2,66.0,66.8,-0.7,-1.037,2911423,198783161,2344,TWSE,common_stock,true,false,false,false,false,false,false,false,true,
2026-07-16,6164,華興,listed,13.7,14.45,13.5,13.65,-0.25,-1.7986,1333665,18434306,729,TWSE,common_stock,true,false,false,false,false,false,false,false,true,
2026-07-16,6165,浪凡,listed,51.0,51.7,50.8,50.9,0.0,0.0,520016,26589194,318,TWSE,common_stock,true,false,false,false,false,false,false,false,true,
2026-07-16,6166,凌華,listed,130.0,130.0,125.5,128.0,-1.5,-1.1583,830138,105684530,854,TWSE,common_stock,true,false,false,false,false,false,false,false,true,
2026-07-16,6168,宏齊,listed,27.35,27.5,26.4,26.75,-0.85,-3.0797,1672313,44881758,1186,TWSE,common_stock,true,false,false,false,false,false,false,false,true,
2026-07-16,6176,瑞儀,listed,88.6,89.2,87.3,88.6,0.4,0.4535,3123537,276059637,2477,TWSE,common_stock,true,false,false,false,false,false,false,false,true,
2026-07-16,6177,達麗,listed,47.1,48.2,46.85,48.0,1.1,2.3454,1732910,82695641,1272,TWSE,common_stock,true,false,false,false,false,false,false,false,true,
2026-07-16,6183,關貿,listed,91.2,91.2,89.0,91.1,0.2,0.22,20387,1834184,65,TWSE,common_stock,true,false,false,false,false,false,false,false,true,
2026-07-16,6184,大豐電,listed,43.1,43.1,42.7,42.95,-0.15,-0.348,32919,1409531,40,TWSE,common_stock,true,false,false,false,false,false,false,false,true,
2026-07-16,6189,豐藝,listed,49.6,49.8,48.9,49.05,-0.55,-1.1089,262283,12922106,334,TWSE,common_stock,true,false,false,false,false,false,false,false,true,
2026-07-16,6191,精成科,listed,96.0,96.0,93.3,93.5,-3.4,-3.5088,4997136,469169181,4709,TWSE,common_stock,true,false,false,false,false,false,false,false,true,
2026-07-16,6192,巨路,listed,120.0,121.0,119.0,120.5,0.0,0.0,57901,6963426,100,TWSE,common_stock,true,false,false,false,false,false,false,false,true,
2026-07-16,6196,帆宣,listed,580.0,607.0,569.0,590.0,5.0,0.8547,2661272,1564040234,5492,TWSE,common_stock,true,false,false,false,false,false,false,false,true,
2026-07-16,6197,佳必琪,listed,329.0,334.5,323.5,325.5,-9.0,-2.6906,1573321,517889958,2858,TWSE,common_stock,true,false,false,false,false,false,false,false,true,
2026-07-16,6201,亞弘電,listed,49.2,49.2,48.4,49.0,-0.2,-0.4065,20027,977418,20,TWSE,common_stock,true,false,false,false,false,false,false,false,true,
2026-07-16,6202,盛群,listed,70.4,70.6,63.9,64.1,-6.8,-9.591,8822267,579874572,7170,TWSE,common_stock,true,false,false,false,false,false,false,false,true,
2026-07-16,6205,詮欣,listed,66.0,67.8,65.7,66.8,-0.2,-0.2985,339496,22565315,382,TWSE,common_stock,true,false,false,false,false,false,false,false,true,
2026-07-16,6206,飛捷,listed,126.0,126.0,122.5,125.0,-1.0,-0.7937,691335,85747292,708,TWSE,common_stock,true,false,false,false,false,false,false,false,true,
2026-07-16,6209,今國光,listed,78.3,79.9,76.6,76.9,-1.4,-1.788,3858464,301219181,2877,TWSE,common_stock,true,false,false,false,false,false,false,false,true,
2026-07-16,6213,聯茂,listed,336.0,337.0,321.0,325.0,-10.0,-2.9851,11244533,3691795773,12472,TWSE,common_stock,true,false,false,false,false,false,false,false,true,
2026-07-16,6214,精誠,listed,141.5,142.0,139.5,140.0,-1.0,-0.7092,1093501,153839985,946,TWSE,common_stock,true,false,false,false,false,false,false,false,true,
2026-07-16,6215,和椿,listed,105.0,107.0,102.0,106.0,1.0,0.9524,479237,50257160,605,TWSE,common_stock,true,false,false,false,false,false,false,false,true,
2026-07-16,6216,居易,listed,22.6,22.8,22.5,22.6,-0.05,-0.2208,118868,2693536,102,TWSE,common_stock,true,false,false,false,false,false,false,false,true,
2026-07-16,6224,聚鼎,listed,64.0,66.0,62.9,63.0,-1.5,-2.3256,464540,29900526,528,TWSE,common_stock,true,false,false,false,false,false,false,false,true,
2026-07-16,6225,天瀚,listed,27.2,27.2,25.5,25.55,-0.75,-2.8517,29450,768402,28,TWSE,common_stock,true,false,false,false,false,false,false,false,true,
2026-07-16,6226,光鼎,listed,27.05,27.5,25.05,25.05,-2.75,-9.8921,3049045,80029947,1550,TWSE,common_stock,true,false,false,false,false,false,false,false,true,
2026-07-16,6230,尼得科超眾,listed,121.5,121.5,118.0,118.0,-3.0,-2.4793,44702,5304947,64,TWSE,common_stock,true,false,false,false,false,false,false,false,true,
2026-07-16,6235,華孚,listed,44.0,44.0,42.35,42.35,-1.85,-4.1855,885248,37949743,740,TWSE,common_stock,true,false,false,false,false,false,false,false,true,
2026-07-16,6239,力成,listed,314.0,323.5,305.0,316.5,2.5,0.7962,12796352,4033565861,12770,TWSE,common_stock,true,false,false,false,false,false,false,false,true,
2026-07-16,6243,迅杰,listed,47.95,47.95,47.05,47.95,4.35,9.9771,4214723,201674724,2009,TWSE,common_stock,true,false,false,false,false,false,false,false,true,
2026-07-16,6257,矽格,listed,235.5,242.5,230.0,238.0,0.5,0.2105,4277797,1015266168,4526,TWSE,common_stock,true,false,false,false,false,false,false,false,true,
2026-07-16,6269,台郡,listed,61.6,64.0,60.5,61.1,-0.5,-0.8117,3686867,229014443,2773,TWSE,common_stock,true,false,false,false,false,false,false,false,true,
2026-07-16,6271,同欣電,listed,222.0,234.0,212.5,224.0,0.0,0.0,7888408,1756842753,7464,TWSE,common_stock,true,false,false,false,false,false,false,false,true,
2026-07-16,6272,驊陞,listed,29.3,29.3,28.4,28.7,-0.6,-2.0478,204106,5870038,121,TWSE,common_stock,true,false,false,false,false,false,false,false,true,
2026-07-16,6277,宏正,listed,74.3,75.5,73.1,74.2,-0.1,-0.1346,180689,13443479,200,TWSE,common_stock,true,false,false,false,false,false,false,false,true,
2026-07-16,6278,台表科,listed,177.0,180.0,172.0,177.5,0.5,0.2825,4205408,745018206,4212,TWSE,common_stock,true,false,false,false,false,false,false,false,true,
2026-07-16,6281,全國電,listed,51.8,51.8,51.3,51.6,-0.2,-0.3861,30802,1589501,48,TWSE,common_stock,true,false,false,false,false,false,false,false,true,
2026-07-16,6282,康舒,listed,56.0,56.1,52.5,53.0,-3.2,-5.694,24941883,1335127297,18205,TWSE,common_stock,true,false,false,false,false,false,false,false,true,
2026-07-16,6283,淳安,listed,22.25,22.25,21.75,21.85,-0.1,-0.4556,57000,1247600,42,TWSE,common_stock,true,false,false,false,false,false,false,false,true,
2026-07-16,6285,啟碁,listed,264.0,264.0,253.5,257.0,-10.0,-3.7453,7534595,1952374809,8873,TWSE,common_stock,true,false,false,false,false,false,false,false,true,
2026-07-16,6405,悅城,listed,50.1,50.1,48.0,48.4,-1.6,-3.2,766749,37467901,764,TWSE,common_stock,true,false,false,false,false,false,false,false,true,
2026-07-16,6409,旭隼,listed,1060.0,1070.0,1020.0,1020.0,-60.0,-5.5556,695479,720476175,2541,TWSE,common_stock,true,false,false,false,false,false,false,false,true,
2026-07-16,6412,群電,listed,85.7,85.7,83.4,83.5,-2.2,-2.5671,961743,80859523,1170,TWSE,common_stock,true,false,false,false,false,false,false,false,true,
2026-07-16,6414,樺漢,listed,388.0,405.0,387.5,400.0,5.5,1.3942,1669616,667263551,2215,TWSE,common_stock,true,false,false,false,false,false,false,false,true,
2026-07-16,6415,矽力*-KY,listed,493.5,493.5,471.0,473.0,-31.0,-6.1508,4892851,2341069818,6901,TWSE,common_stock,true,false,false,false,false,false,false,false,true,
2026-07-16,6416,瑞祺電通,listed,99.0,100.0,94.1,94.9,-6.6,-6.5025,1113034,107489913,1178,TWSE,common_stock,true,false,false,false,false,false,false,false,true,
2026-07-16,6426,統新,listed,177.0,178.0,170.5,171.0,-9.0,-5.0,252996,44075344,453,TWSE,common_stock,true,false,false,false,false,false,false,false,true,
2026-07-16,6431,光麗-KY,listed,18.8,18.8,17.7,18.0,-0.4,-2.1739,81241,1456831,49,TWSE,common_stock,true,false,false,false,false,false,false,false,true,
2026-07-16,6438,迅得,listed,153.0,157.0,149.5,154.5,0.5,0.3247,388833,59901086,564,TWSE,common_stock,true,false,false,false,false,false,false,false,true,
2026-07-16,6442,光聖,listed,1400.0,1405.0,1340.0,1350.0,-80.0,-5.5944,1023548,1397109875,5955,TWSE,common_stock,true,false,false,false,false,false,false,false,true,
2026-07-16,6443,元晶,listed,30.4,31.15,29.7,29.85,-0.55,-1.8092,4971517,149970688,3161,TWSE,common_stock,true,false,false,false,false,false,false,false,true,
2026-07-16,6446,藥華藥,listed,1335.0,1365.0,1250.0,1260.0,-60.0,-4.5455,4420281,5757499555,10344,TWSE,common_stock,true,false,false,false,false,false,false,false,true,
2026-07-16,6449,鈺邦,listed,291.5,294.0,277.5,278.0,-13.5,-4.6312,1475277,418425415,1948,TWSE,common_stock,true,false,false,false,false,false,false,false,true,
2026-07-16,6451,訊芯-KY,listed,493.5,510.0,477.0,477.0,-14.0,-2.8513,3649123,1777251707,4253,TWSE,common_stock,true,false,false,false,false,false,false,false,true,
2026-07-16,6456,GIS-KY,listed,70.2,72.1,69.3,69.7,-1.2,-1.6925,2980056,209549262,2163,TWSE,common_stock,true,false,false,false,false,false,false,false,true,
2026-07-16,6464,台數科,listed,79.7,79.7,77.8,78.4,-0.3,-0.3812,57252,4503093,112,TWSE,common_stock,true,false,false,false,false,false,false,false,true,
2026-07-16,6472,保瑞,listed,436.0,440.5,414.5,415.5,-13.0,-3.0338,1623683,693848565,2808,TWSE,common_stock,true,false,false,false,false,false,false,false,true,
2026-07-16,6477,安集,listed,41.05,42.45,41.0,41.0,-1.2,-2.8436,4381730,182155776,3021,TWSE,common_stock,true,false,false,false,false,false,false,false,true,
2026-07-16,6491,晶碩,listed,367.0,367.0,356.5,359.5,-5.5,-1.5068,369580,133699160,565,TWSE,common_stock,true,false,false,false,false,false,false,false,true,
2026-07-16,6504,南六,listed,36.7,36.9,36.05,36.3,-0.4,-1.0899,100498,3646678,73,TWSE,common_stock,true,false,false,false,false,false,false,false,true,
2026-07-16,6505,台塑化,listed,74.5,80.0,73.2,80.0,7.2,9.8901,101601924,7894483748,49855,TWSE,common_stock,true,false,false,false,false,false,false,false,true,
2026-07-16,6515,穎崴,listed,7270.0,7270.0,6700.0,6735.0,-520.0,-7.1675,627730,4267317780,9054,TWSE,common_stock,true,false,false,false,false,false,false,false,true,
2026-07-16,6525,捷敏-KY,listed,182.5,199.5,176.5,191.5,3.0,1.5915,4931862,937131601,4986,TWSE,common_stock,true,false,false,false,false,false,false,false,true,
2026-07-16,6526,達發,listed,646.0,646.0,614.0,619.0,-24.0,-3.7325,574182,355947044,1833,TWSE,common_stock,true,false,false,false,false,false,false,false,true,
2026-07-16,6531,愛普*,listed,944.0,958.0,903.0,909.0,-34.0,-3.6055,3720503,3462229518,5686,TWSE,common_stock,true,false,false,false,false,false,false,false,true,
2026-07-16,6533,晶心科,listed,223.0,247.0,223.0,228.0,1.0,0.4405,3514719,833488021,4297,TWSE,common_stock,true,false,false,false,false,false,false,false,true,
2026-07-16,6534,正瀚-創,listed,93.0,93.8,92.4,93.7,0.0,0.0,42214,3934596,45,TWSE,common_stock,true,false,false,false,false,false,false,false,true,
2026-07-16,6541,泰福-KY,listed,40.4,40.85,39.8,40.3,0.1,0.2488,330110,13312868,222,TWSE,common_stock,true,false,false,false,false,false,false,false,true,
2026-07-16,6550,北極星藥業-KY,listed,12.6,12.9,12.45,12.8,0.3,2.4,673380,8560308,472,TWSE,common_stock,true,false,false,false,false,false,false,false,true,
2026-07-16,6552,易華電,listed,28.6,29.25,27.4,27.4,-0.8,-2.8369,131330,3636206,172,TWSE,common_stock,true,false,false,false,false,false,false,false,true,
2026-07-16,6558,興能高,listed,29.15,29.45,28.7,28.95,-0.2,-0.6861,182385,5293264,148,TWSE,common_stock,true,false,false,false,false,false,false,false,true,
2026-07-16,6573,虹揚-KY,listed,22.65,23.2,21.2,22.05,-1.3,-5.5675,990925,22040495,618,TWSE,common_stock,true,false,false,false,false,false,false,false,true,
2026-07-16,6579,研揚,listed,161.5,161.5,156.0,159.5,-2.0,-1.2384,276756,44027226,356,TWSE,common_stock,true,false,false,false,false,false,false,false,true,
2026-07-16,6581,鋼聯,listed,108.0,109.0,107.0,108.0,0.0,0.0,19151,2063883,30,TWSE,common_stock,true,false,false,false,false,false,false,false,true,
2026-07-16,6582,申豐,listed,32.75,33.05,32.65,32.8,0.05,0.1527,48986,1608323,62,TWSE,common_stock,true,false,false,false,false,false,false,false,true,
2026-07-16,6585,鼎基,listed,127.0,130.0,126.0,127.0,0.0,0.0,297056,37989952,300,TWSE,common_stock,true,false,false,false,false,false,false,false,true,
2026-07-16,6589,台康生技,listed,47.5,48.2,46.25,46.25,-1.05,-2.2199,771817,36092280,563,TWSE,common_stock,true,false,false,false,false,false,false,false,true,
2026-07-16,6591,動力-KY,listed,45.5,45.7,44.6,45.35,0.0,0.0,148262,6705523,152,TWSE,common_stock,true,false,false,false,false,false,false,false,true,
2026-07-16,6592,和潤企業,listed,60.4,62.1,60.4,61.9,1.5,2.4834,818742,50456410,620,TWSE,common_stock,true,false,false,false,false,false,false,false,true,
2026-07-16,6592A,和潤企業甲特,listed,95.3,95.3,95.3,95.3,0.0,0.0,1000,95300,1,TWSE,warrant,false,false,true,false,false,false,false,false,false,security_type=warrant;symbol_not_4_digit
2026-07-16,6592B,和潤企業乙特,listed,95.1,95.1,95.1,95.1,0.0,0.0,1071,101845,2,TWSE,warrant,false,false,true,false,false,false,false,false,false,security_type=warrant;symbol_not_4_digit
2026-07-16,6598,ABC-KY,listed,24.9,26.1,24.6,25.2,-0.95,-3.6329,801304,20391849,578,TWSE,common_stock,true,false,false,false,false,false,false,false,true,
2026-07-16,6605,帝寶,listed,129.0,132.5,128.0,131.0,2.5,1.9455,703621,92267329,624,TWSE,common_stock,true,false,false,false,false,false,false,false,true,
2026-07-16,6606,建德工業,listed,26.6,26.65,25.95,26.0,-0.2,-0.7634,193020,5060628,95,TWSE,common_stock,true,false,false,false,false,false,false,false,true,
2026-07-16,6614,資拓宏宇,listed,40.0,40.0,39.05,39.05,-0.2,-0.5096,27588,1083014,40,TWSE,common_stock,true,false,false,false,false,false,false,false,true,
2026-07-16,6625,必應,listed,78.3,79.9,78.2,78.6,0.3,0.3831,180540,14281443,309,TWSE,common_stock,true,false,false,false,false,false,false,false,true,
2026-07-16,6641,基士德-KY,listed,18.1,18.2,17.65,18.0,-0.05,-0.277,14198,255892,15,TWSE,common_stock,true,false,false,false,false,false,false,false,true,
2026-07-16,6645,金萬林-創,listed,15.1,15.1,14.1,14.3,-0.6,-4.0268,131473,1880965,62,TWSE,common_stock,true,false,false,false,false,false,false,false,true,
2026-07-16,6655,科定,listed,117.5,118.5,116.5,118.5,-1.5,-1.25,15448,1811786,21,TWSE,common_stock,true,false,false,false,false,false,false,false,true,
2026-07-16,6657,華安,listed,35.0,36.0,34.95,35.95,0.95,2.7143,192075,6816091,145,TWSE,common_stock,true,false,false,false,false,false,false,false,true,
2026-07-16,6658,聯策,listed,174.5,177.5,170.0,175.0,0.5,0.2865,540007,93886114,606,TWSE,common_stock,true,false,false,false,false,false,false,false,true,
2026-07-16,6666,羅麗芬-KY,listed,45.2,45.2,44.45,44.95,-0.05,-0.1111,28095,1257243,37,TWSE,common_stock,true,false,false,false,false,false,false,false,true,
2026-07-16,6668,中揚光,listed,36.3,36.9,35.9,36.0,-0.3,-0.8264,303670,11026477,246,TWSE,common_stock,true,false,false,false,false,false,false,false,true,
2026-07-16,6669,緯穎,listed,5090.0,5130.0,5000.0,5115.0,20.0,0.3925,638034,3237520130,4960,TWSE,common_stock,true,false,false,false,false,false,false,false,true,
2026-07-16,6670,復盛應用,listed,263.0,264.0,258.0,263.0,0.5,0.1905,470965,122915243,387,TWSE,common_stock,true,false,false,false,false,false,false,false,true,
2026-07-16,6671,三能-KY,listed,24.0,24.0,23.9,23.95,-0.05,-0.2083,48011,1151019,27,TWSE,common_stock,true,false,false,false,false,false,false,false,true,
2026-07-16,6672,騰輝電子-KY,listed,263.5,273.0,262.5,267.5,-0.5,-0.1866,1697839,453968871,2093,TWSE,common_stock,true,false,false,false,false,false,false,false,true,
2026-07-16,6674,鋐寶科技,listed,16.05,16.95,16.05,16.9,0.85,5.296,76000,1262300,68,TWSE,common_stock,true,false,false,false,false,false,false,false,true,
2026-07-16,6689,伊雲谷,listed,63.2,63.6,62.6,63.2,-0.5,-0.7849,46804,2950064,107,TWSE,common_stock,true,false,false,false,false,false,false,false,true,
2026-07-16,6691,洋基工程,listed,753.0,767.0,738.0,754.0,1.0,0.1328,1015784,765963231,2468,TWSE,common_stock,true,false,false,false,false,false,false,false,true,
2026-07-16,6695,芯鼎,listed,57.8,59.0,55.6,56.3,-1.3,-2.2569,1915415,109517111,1552,TWSE,common_stock,true,false,false,false,false,false,false,false,true,
2026-07-16,6698,旭暉應材,listed,39.15,39.55,38.25,38.4,-0.75,-1.9157,330054,12791636,273,TWSE,common_stock,true,false,false,false,false,false,false,false,true,
2026-07-16,6706,惠特,listed,125.0,125.5,121.5,122.0,-6.5,-5.0584,984503,121445874,1078,TWSE,common_stock,true,false,false,false,false,false,false,false,true,
2026-07-16,6715,嘉基,listed,372.0,411.0,358.5,411.0,37.0,9.893,478571,187911608,640,TWSE,common_stock,true,false,false,false,false,false,false,false,true,
2026-07-16,6719,力智,listed,243.5,249.5,238.0,244.0,-4.0,-1.6129,1191626,290552623,1735,TWSE,common_stock,true,false,false,false,false,false,false,false,true,
2026-07-16,6722,輝創,listed,34.7,34.7,33.8,34.45,0.05,0.1453,41000,1399050,38,TWSE,common_stock,true,false,false,false,false,false,false,false,true,
2026-07-16,6742,澤米,listed,51.7,52.2,50.4,51.0,-0.7,-1.354,436747,22348316,467,TWSE,common_stock,true,false,false,false,false,false,false,false,true,
2026-07-16,6743,安普新,listed,30.25,30.7,30.1,30.3,0.05,0.1653,231848,7034836,153,TWSE,common_stock,true,false,false,false,false,false,false,false,true,
2026-07-16,6753,龍德造船,listed,153.0,157.0,143.0,146.0,-10.0,-6.4103,3014551,455344408,3124,TWSE,common_stock,true,false,false,false,false,false,false,false,true,
2026-07-16,6754,匯僑設計,listed,43.55,43.55,42.0,42.45,-1.1,-2.5258,14273,608803,18,TWSE,common_stock,true,false,false,false,false,false,false,false,true,
2026-07-16,6756,威鋒電子,listed,101.0,101.0,96.0,96.0,-5.0,-4.9505,137128,13447109,226,TWSE,common_stock,true,false,false,false,false,false,false,false,true,
2026-07-16,6757,台灣虎航,listed,58.6,58.8,57.8,57.9,-0.7,-1.1945,704228,40985753,832,TWSE,common_stock,true,false,false,false,false,false,false,false,true,
2026-07-16,6768,志強-KY,listed,71.1,71.5,70.1,71.0,0.0,0.0,523838,37102667,439,TWSE,common_stock,true,false,false,false,false,false,false,false,true,
2026-07-16,6770,力積電,listed,74.9,79.5,74.8,76.5,0.4,0.5256,446262954,34564580349,196675,TWSE,common_stock,true,false,false,false,false,false,false,false,true,
2026-07-16,6771,平和環保-創,listed,38.5,38.8,38.5,38.7,-0.6,-1.5267,4026,155617,5,TWSE,common_stock,true,false,false,false,false,false,false,false,true,
2026-07-16,6776,展碁國際,listed,55.8,55.8,54.8,55.4,0.0,0.0,73257,4054274,51,TWSE,common_stock,true,false,false,false,false,false,false,false,true,
2026-07-16,6781,AES-KY,listed,1040.0,1050.0,1005.0,1045.0,5.0,0.4808,611660,630275335,2376,TWSE,common_stock,true,false,false,false,false,false,false,false,true,
2026-07-16,6782,視陽,listed,199.0,203.0,198.0,199.0,-2.0,-0.995,150113,29966529,221,TWSE,common_stock,true,false,false,false,false,false,false,false,true,
2026-07-16,6789,采鈺,listed,525.0,533.0,508.0,526.0,-1.0,-0.1898,2158084,1125570547,3817,TWSE,common_stock,true,false,false,false,false,false,false,false,true,
2026-07-16,6790,永豐實,listed,38.6,39.1,38.35,38.95,0.35,0.9067,229283,8903008,156,TWSE,etf,false,true,false,false,false,false,false,false,false,security_type=etf
2026-07-16,6792,詠業,listed,58.3,58.3,56.8,56.9,-1.3,-2.2337,56426,3232728,43,TWSE,common_stock,true,false,false,false,false,false,false,false,true,
2026-07-16,6794,向榮生技,listed,79.3,79.3,78.0,78.3,-0.8,-1.0114,20102,1575678,22,TWSE,common_stock,true,false,false,false,false,false,false,false,true,
2026-07-16,6796,晉弘,listed,61.1,61.1,58.8,59.0,-0.7,-1.1725,30505,1817251,29,TWSE,common_stock,true,false,false,false,false,false,false,false,true,
2026-07-16,6799,來頡,listed,92.5,92.5,89.7,89.8,-2.7,-2.9189,262185,23758502,305,TWSE,common_stock,true,false,false,false,false,false,false,false,true,
2026-07-16,6805,富世達,listed,1370.0,1435.0,1370.0,1415.0,20.0,1.4337,717436,1010108950,1473,TWSE,common_stock,true,false,false,false,false,false,false,false,true,
2026-07-16,6807,峰源-KY,listed,33.55,33.55,33.05,33.45,-0.1,-0.2981,7010,233533,8,TWSE,common_stock,true,false,false,false,false,false,false,false,true,
2026-07-16,6830,汎銓,listed,380.0,404.5,375.5,395.5,5.5,1.4103,807625,314938909,1470,TWSE,common_stock,true,false,false,false,false,false,false,false,true,
2026-07-16,6831,邁科,listed,708.0,719.0,675.0,680.0,-30.0,-4.2254,243089,169471416,750,TWSE,common_stock,true,false,false,false,false,false,false,false,true,
2026-07-16,6834,天二科技,listed,106.0,109.5,104.0,107.0,-4.0,-3.6036,4145553,443988076,3372,TWSE,common_stock,true,false,false,false,false,false,false,false,true,
2026-07-16,6835,圓裕,listed,33.05,33.25,32.45,32.65,-0.3,-0.9105,98218,3212724,83,TWSE,common_stock,true,false,false,false,false,false,false,false,true,
2026-07-16,6838,台新藥,listed,24.55,24.65,23.7,24.0,-0.2,-0.8264,64759,1556356,58,TWSE,common_stock,true,false,false,false,false,false,false,false,true,
2026-07-16,6854,錼創科技-KY創,listed,106.0,110.0,105.0,108.0,2.5,2.3697,228740,24595952,255,TWSE,common_stock,true,false,false,false,false,false,false,false,true,
2026-07-16,6861,睿生光電,listed,252.0,258.0,237.5,250.0,11.5,4.8218,1209956,300006818,1406,TWSE,common_stock,true,false,false,false,false,false,false,false,true,
2026-07-16,6862,三集瑞-KY,listed,167.0,169.5,165.0,165.5,-4.5,-2.6471,222942,37204042,374,TWSE,common_stock,true,false,false,false,false,false,false,false,true,
2026-07-16,6863,永道-KY,listed,103.5,106.0,103.5,105.0,1.0,0.9615,97496,10213603,144,TWSE,common_stock,true,false,false,false,false,false,false,false,true,
2026-07-16,6869,雲豹能源,listed,70.3,70.3,69.1,69.9,0.1,0.1433,376297,26207118,415,TWSE,common_stock,true,false,false,false,false,false,false,false,true,
2026-07-16,6873,泓德能源,listed,87.8,88.0,85.6,86.8,-0.5,-0.5727,175451,15250095,197,TWSE,common_stock,true,false,false,false,false,false,false,false,true,
2026-07-16,6885,全福生技,listed,21.8,22.0,21.55,21.65,0.05,0.2315,218565,4776738,166,TWSE,common_stock,true,false,false,false,false,false,false,false,true,
2026-07-16,6887,寶綠特-KY,listed,39.6,40.85,37.55,37.55,-2.15,-5.4156,206613,8115191,185,TWSE,common_stock,true,false,false,false,false,false,false,false,true,
2026-07-16,6890,來億-KY,listed,178.5,178.5,171.5,172.5,-3.5,-1.9886,431769,75082608,488,TWSE,common_stock,true,false,false,false,false,false,false,false,true,
2026-07-16,6901,鑽石投資,listed,19.0,19.55,18.65,19.1,-0.15,-0.7792,2533712,48297090,1549,TWSE,common_stock,true,false,false,false,false,false,false,false,true,
2026-07-16,6902,GOGOLOOK,listed,130.5,132.5,128.0,131.0,-2.0,-1.5038,43573,5666678,72,TWSE,common_stock,true,false,false,false,false,false,false,false,true,
2026-07-16,6906,現觀科,listed,71.4,73.0,71.0,71.4,-2.2,-2.9891,64442,4624127,112,TWSE,common_stock,true,false,false,false,false,false,false,false,true,
2026-07-16,6908,宏碁遊戲-創,listed,37.0,37.0,36.05,36.05,-0.95,-2.5676,7000,253800,7,TWSE,common_stock,true,false,false,false,false,false,false,false,true,
2026-07-16,6909,創控,listed,47.95,48.3,46.9,46.9,-1.05,-2.1898,407354,19337567,374,TWSE,common_stock,true,false,false,false,false,false,false,false,true,
2026-07-16,6914,阜爾運通,listed,145.5,147.5,145.0,146.5,1.0,0.6873,162448,23793898,176,TWSE,common_stock,true,false,false,false,false,false,false,false,true,
2026-07-16,6916,華凌,listed,20.7,20.75,20.3,20.3,-0.45,-2.1687,36226,744720,31,TWSE,common_stock,true,false,false,false,false,false,false,false,true,
2026-07-16,6918,愛派司,listed,73.0,73.5,72.8,72.8,-0.7,-0.9524,24568,1794178,41,TWSE,common_stock,true,false,false,false,false,false,false,false,true,
2026-07-16,6919,康霈*,listed,111.0,116.5,110.5,113.5,4.0,3.653,9172986,1038923809,6144,TWSE,common_stock,true,false,false,false,false,false,false,false,true,
2026-07-16,6921,嘉雨思-創,listed,62.4,68.0,62.4,67.8,0.1,0.1477,11300,747320,12,TWSE,common_stock,true,false,false,false,false,false,false,false,true,
2026-07-16,6923,中台,listed,80.8,81.8,78.8,78.9,-1.3,-1.6209,282115,22644500,246,TWSE,common_stock,true,false,false,false,false,false,false,false,true,
2026-07-16,6924,榮惠-KY創,listed,119.0,119.0,114.0,116.0,-2.5,-2.1097,21077,2448932,20,TWSE,common_stock,true,false,false,false,false,false,false,false,true,
2026-07-16,6928,攸泰科技,listed,53.4,54.2,51.5,51.5,-2.0,-3.7383,221473,11638545,238,TWSE,common_stock,true,false,false,false,false,false,false,false,true,
2026-07-16,6931,青松健康,listed,39.55,39.85,39.55,39.6,0.05,0.1264,35081,1391193,44,TWSE,common_stock,true,false,false,false,false,false,false,false,true,
2026-07-16,6933,AMAX-KY,listed,170.0,170.0,161.0,161.5,-9.0,-5.2786,331259,54225165,385,TWSE,common_stock,true,false,false,false,false,false,false,false,true,
2026-07-16,6934,心誠鎂,listed,81.5,81.5,78.2,81.0,-0.5,-0.6135,24367,1958460,32,TWSE,common_stock,true,false,false,false,false,false,false,false,true,
2026-07-16,6936,永鴻生技,listed,32.9,33.0,32.15,32.7,0.45,1.3953,42147,1371455,38,TWSE,common_stock,true,false,false,false,false,false,false,false,true,
2026-07-16,6937,天虹,listed,261.5,288.5,253.0,288.5,26.0,9.9048,1074970,298079969,1525,TWSE,common_stock,true,false,false,false,false,false,false,false,true,
2026-07-16,6944,兆聯實業,listed,1025.0,1055.0,1005.0,1035.0,0.0,0.0,433659,448779910,1265,TWSE,common_stock,true,false,false,false,false,false,false,false,true,
2026-07-16,6949,沛爾生醫-創,listed,1020.0,1115.0,1020.0,1105.0,80.0,7.8049,798340,858922765,1421,TWSE,common_stock,true,false,false,false,false,false,false,false,true,
2026-07-16,6951,青新-創,listed,74.2,74.2,73.1,73.3,-0.3,-0.4076,19572,1436558,48,TWSE,common_stock,true,false,false,false,false,false,false,false,true,
2026-07-16,6952,大武山,listed,34.7,35.8,34.7,35.8,0.2,0.5618,33273,1183184,27,TWSE,common_stock,true,false,false,false,false,false,false,false,true,
2026-07-16,6955,邦睿生技-創,listed,114.0,114.5,113.0,113.0,-2.0,-1.7391,8129,924333,10,TWSE,common_stock,true,false,false,false,false,false,false,false,true,
2026-07-16,6957,裕慶-KY,listed,238.0,253.5,236.5,249.5,11.5,4.8319,676357,166655478,657,TWSE,common_stock,true,false,false,false,false,false,false,false,true,
2026-07-16,6958,日盛台駿,listed,18.75,18.75,17.6,17.95,-0.55,-2.973,61021,1098019,98,TWSE,common_stock,true,false,false,false,false,false,false,false,true,
2026-07-16,6958A,日盛台駿甲特,listed,18.4,18.4,18.4,18.4,0.05,0.2725,12400,228160,5,TWSE,warrant,false,false,true,false,false,false,false,false,false,security_type=warrant;symbol_not_4_digit
2026-07-16,6962,奕力-KY,listed,34.9,34.95,34.25,34.3,-0.75,-2.1398,1226807,42303853,831,TWSE,common_stock,true,false,false,false,false,false,false,false,true,
2026-07-16,6965,中傑-KY,listed,79.6,79.6,78.3,79.3,-0.4,-0.5019,18686,1476864,27,TWSE,common_stock,true,false,false,false,false,false,false,false,true,
2026-07-16,6969,成信實業*-創,listed,25.4,25.7,25.3,25.7,-0.15,-0.5803,17220,439542,16,TWSE,common_stock,true,false,false,false,false,false,false,false,true,
2026-07-16,6988,威力暘-創,listed,13.5,13.5,13.15,13.3,-0.3,-2.2059,22050,292467,14,TWSE,common_stock,true,false,false,false,false,false,false,false,true,
2026-07-16,6994,富威電力,listed,41.3,41.3,40.3,40.6,-0.7,-1.6949,319912,13001686,267,TWSE,common_stock,true,false,false,false,false,false,false,false,true,
2026-07-16,7610,聯友金屬-創,listed,2440.0,2640.0,2440.0,2600.0,170.0,6.9959,762473,1948485960,3264,TWSE,common_stock,true,false,false,false,false,false,false,false,true,
2026-07-16,7631,聚賢研發-創,listed,141.5,145.0,141.5,144.5,-1.0,-0.6873,44605,6416119,49,TWSE,common_stock,true,false,false,false,false,false,false,false,true,
2026-07-16,7705,三商餐飲,listed,31.05,31.4,31.05,31.25,0.2,0.6441,37166,1157232,55,TWSE,common_stock,true,false,false,false,false,false,false,false,true,
2026-07-16,7711,永擎,listed,312.5,316.0,310.0,314.0,-3.5,-1.1024,108922,34093484,246,TWSE,common_stock,true,false,false,false,false,false,false,false,true,
2026-07-16,7721,微程式,listed,65.4,68.0,65.4,65.6,0.0,0.0,86768,5753327,109,TWSE,common_stock,true,false,false,false,false,false,false,false,true,
2026-07-16,7722,LINEPAY,listed,308.5,317.5,306.5,313.5,7.0,2.2838,93555,29333073,327,TWSE,common_stock,true,false,false,false,false,false,false,false,true,
2026-07-16,7730,暉盛-創,listed,181.0,184.0,176.5,180.0,1.0,0.5587,79456,14307025,78,TWSE,common_stock,true,false,false,false,false,false,false,false,true,
2026-07-16,7732,金興精密,listed,35.1,35.7,35.1,35.65,-0.1,-0.2797,39022,1378235,32,TWSE,common_stock,true,false,false,false,false,false,false,false,true,
2026-07-16,7736,虎山,listed,70.3,70.8,70.2,70.8,0.0,0.0,23092,1630307,22,TWSE,common_stock,true,false,false,false,false,false,false,false,true,
2026-07-16,7740,熙特爾-創,listed,161.5,164.0,157.5,158.5,-4.5,-2.7607,176649,28329993,235,TWSE,common_stock,true,false,false,false,false,false,false,false,true,
2026-07-16,7749,意騰-KY,listed,391.0,393.5,385.5,387.0,0.0,0.0,74724,29098955,220,TWSE,common_stock,true,false,false,false,false,false,false,false,true,
2026-07-16,7750,新代,listed,1975.0,1980.0,1870.0,1955.0,-35.0,-1.7588,157996,305719530,956,TWSE,common_stock,true,false,false,false,false,false,false,false,true,
2026-07-16,7760,享溫馨,listed,35.5,35.5,33.3,34.05,-0.45,-1.3043,91461,3108569,38,TWSE,common_stock,true,false,false,false,false,false,false,false,true,
2026-07-16,7765,中華資安,listed,225.0,227.5,223.0,226.0,3.5,1.573,64973,14654716,160,TWSE,common_stock,true,false,false,false,false,false,false,false,true,
2026-07-16,7768,頌勝科技,listed,332.0,333.5,320.0,321.5,-11.5,-3.4535,70719,23123155,198,TWSE,common_stock,true,false,false,false,false,false,false,false,true,
2026-07-16,7769,鴻勁,listed,6665.0,6730.0,6325.0,6695.0,-25.0,-0.372,517824,3393574570,4576,TWSE,common_stock,true,false,false,false,false,false,false,false,true,
2026-07-16,7780,大研生醫*,listed,17.9,18.0,17.75,17.9,0.05,0.2801,806654,14438167,453,TWSE,common_stock,true,false,false,false,false,false,false,false,true,
2026-07-16,7786,東方風能,listed,131.0,133.0,129.0,131.0,0.0,0.0,76878,10063023,107,TWSE,common_stock,true,false,false,false,false,false,false,false,true,
2026-07-16,7788,松川精密,listed,266.0,271.5,260.5,261.0,-8.5,-3.154,1293955,342871927,1795,TWSE,common_stock,true,false,false,false,false,false,false,false,true,
2026-07-16,7791,皇家可口,listed,63.6,64.0,62.6,63.5,0.1,0.1577,134794,8596176,72,TWSE,common_stock,true,false,false,false,false,false,false,false,true,
2026-07-16,7795,長廣,listed,562.0,577.0,561.0,563.0,-29.0,-4.8986,277077,157211943,1083,TWSE,common_stock,true,false,false,false,false,false,false,false,true,
2026-07-16,7799,禾榮科,listed,420.0,460.0,418.5,437.0,18.5,4.4205,2459096,1111203585,3695,TWSE,common_stock,true,false,false,false,false,false,false,false,true,
2026-07-16,7803,雲象科技-創,listed,23.0,23.05,22.55,22.6,-0.35,-1.5251,67337,1536591,61,TWSE,common_stock,true,false,false,false,false,false,false,false,true,
2026-07-16,7818,溢泰實業,listed,70.0,70.1,69.2,69.7,-0.3,-0.4286,244140,17043269,123,TWSE,common_stock,true,false,false,false,false,false,false,false,true,
2026-07-16,7821,神數,listed,40.8,42.3,40.0,41.6,0.8,1.9608,227714,9316523,185,TWSE,common_stock,true,false,false,false,false,false,false,false,true,
2026-07-16,7822,倍利科,listed,972.0,1020.0,943.0,963.0,-16.0,-1.6343,135096,132645867,992,TWSE,common_stock,true,false,false,false,false,false,false,false,true,
2026-07-16,7823,奧義賽博-KY創,listed,82.0,84.9,82.0,84.9,0.1,0.1179,35244,2948122,37,TWSE,common_stock,true,false,false,false,false,false,false,false,true,
2026-07-16,7827,漢康-KY創,listed,163.0,170.0,161.5,169.5,4.5,2.7273,154112,25496658,172,TWSE,common_stock,true,false,false,false,false,false,false,false,true,
2026-07-16,8011,台通,listed,17.1,17.15,16.85,16.85,-0.2,-1.173,376833,6404523,379,TWSE,common_stock,true,false,false,false,false,false,false,false,true,
2026-07-16,8016,矽創,listed,299.5,301.0,292.5,295.0,-7.0,-2.3179,1315996,388948616,2145,TWSE,common_stock,true,false,false,false,false,false,false,false,true,
2026-07-16,8021,尖點,listed,514.0,530.0,505.0,505.0,-27.0,-5.0752,572640,294491021,1504,TWSE,common_stock,true,false,false,false,false,false,false,false,true,
2026-07-16,8028,昇陽半導體,listed,317.5,350.0,316.0,350.0,31.5,9.8901,17375934,6014662810,15478,TWSE,common_stock,true,false,false,false,false,false,false,false,true,
2026-07-16,8033,雷虎,listed,255.0,265.0,243.0,243.0,-26.5,-9.833,5924215,1512783562,10351,TWSE,common_stock,true,false,false,false,false,false,false,false,true,
2026-07-16,8039,台虹,listed,189.0,199.5,189.0,199.5,18.0,9.9174,14171335,2799595872,7162,TWSE,common_stock,true,false,false,false,false,false,false,false,true,
2026-07-16,8045,達運光電,listed,57.5,62.5,56.9,60.5,3.0,5.2174,589183,35689209,392,TWSE,common_stock,true,false,false,false,false,false,false,false,true,
2026-07-16,8046,南電,listed,1405.0,1415.0,1275.0,1275.0,-140.0,-9.894,19445905,25705787235,37008,TWSE,common_stock,true,false,false,false,false,false,false,false,true,
2026-07-16,8070,長華*,listed,51.7,52.5,50.2,51.2,-1.2,-2.2901,3415697,174932836,1912,TWSE,common_stock,true,false,false,false,false,false,false,false,true,
2026-07-16,8072,陞泰,listed,28.7,29.3,28.1,28.2,-0.3,-1.0526,502420,14455337,252,TWSE,common_stock,true,false,false,false,false,false,false,false,true,
2026-07-16,8081,致新,listed,260.0,260.0,251.0,254.0,-6.0,-2.3077,2100937,534071823,2438,TWSE,common_stock,true,false,false,false,false,false,false,false,true,
2026-07-16,8101,華冠,listed,13.4,13.4,13.4,13.4,0.0,0.0,476100,6379735,10,TWSE,common_stock,true,false,false,false,false,false,false,false,true,
2026-07-16,8103,瀚荃,listed,85.5,85.9,83.3,83.4,-2.4,-2.7972,714433,60045411,853,TWSE,common_stock,true,false,false,false,false,false,false,false,true,
2026-07-16,8104,錸寶,listed,37.95,38.3,37.1,37.1,-1.45,-3.7613,694749,26080576,551,TWSE,common_stock,true,false,false,false,false,false,false,false,true,
2026-07-16,8105,凌巨,listed,18.05,18.4,17.6,17.65,-0.55,-3.022,3703274,66102828,1888,TWSE,common_stock,true,false,false,false,false,false,false,false,true,
2026-07-16,8110,華東,listed,49.0,49.3,47.6,47.8,-2.2,-4.4,4173687,201235203,3051,TWSE,common_stock,true,false,false,false,false,false,false,false,true,
2026-07-16,8112,至上,listed,87.0,87.7,85.4,85.8,-1.8,-2.0548,8612525,742097367,6553,TWSE,common_stock,true,false,false,false,false,false,false,false,true,
2026-07-16,8112A,至上甲特,listed,45.0,45.0,45.0,45.0,0.0,0.0,13000,585000,1,TWSE,warrant,false,false,true,false,false,false,false,false,false,security_type=warrant;symbol_not_4_digit
2026-07-16,8114,振樺電,listed,195.5,196.5,193.0,194.0,-1.5,-0.7673,205088,39929658,271,TWSE,common_stock,true,false,false,false,false,false,false,false,true,
2026-07-16,8131,福懋科,listed,81.2,83.9,76.5,76.6,-4.6,-5.665,20055538,1605838462,14417,TWSE,common_stock,true,false,false,false,false,false,false,false,true,
2026-07-16,8150,南茂,listed,114.0,125.0,114.0,122.5,8.5,7.4561,180436796,22031484879,89630,TWSE,common_stock,true,false,false,false,false,false,false,false,true,
2026-07-16,8162,微矽電子-創,listed,70.9,71.9,69.4,70.5,0.1,0.142,163728,11552581,174,TWSE,common_stock,true,false,false,false,false,false,false,false,true,
2026-07-16,8163,達方,listed,35.9,36.4,35.2,35.35,-0.5,-1.3947,664306,23736733,708,TWSE,common_stock,true,false,false,false,false,false,false,false,true,
2026-07-16,8201,無敵,listed,12.6,12.7,12.35,12.65,0.1,0.7968,111704,1403074,75,TWSE,common_stock,true,false,false,false,false,false,false,false,true,
2026-07-16,8210,勤誠,listed,1150.0,1190.0,1110.0,1175.0,30.0,2.6201,842242,975762520,2163,TWSE,common_stock,true,false,false,false,false,false,false,false,true,
2026-07-16,8213,志超,listed,34.45,34.45,33.8,34.1,-0.15,-0.438,266207,9102169,242,TWSE,common_stock,true,false,false,false,false,false,false,false,true,
2026-07-16,8215,明基材,listed,27.0,27.75,26.7,27.15,-0.25,-0.9124,515593,13981920,421,TWSE,common_stock,true,false,false,false,false,false,false,false,true,
2026-07-16,8222,寶一,listed,41.35,41.6,40.2,40.2,0.0,0.0,740910,30263163,709,TWSE,common_stock,true,false,false,false,false,false,false,false,true,
2026-07-16,8249,菱光,listed,47.65,47.65,46.55,46.65,-0.6,-1.2698,148598,6951338,177,TWSE,common_stock,true,false,false,false,false,false,false,false,true,
2026-07-16,8261,富鼎,listed,288.0,296.5,276.0,278.5,-25.5,-8.3882,2112487,607417480,5573,TWSE,common_stock,true,false,false,false,false,false,false,false,true,
2026-07-16,8271,宇瞻,listed,178.5,189.5,177.5,187.5,6.0,3.3058,2131919,392839743,2440,TWSE,common_stock,true,false,false,false,false,false,false,false,true,
2026-07-16,8341,日友,listed,76.0,77.5,75.9,77.1,0.9,1.1811,321295,24705259,356,TWSE,common_stock,true,false,false,false,false,false,false,false,true,
2026-07-16,8367,建新國際,listed,40.85,40.9,40.3,40.5,-0.2,-0.4914,27250,1104474,28,TWSE,common_stock,true,false,false,false,false,false,false,false,true,
2026-07-16,8374,羅昇,listed,83.2,83.8,81.4,82.8,-0.5,-0.6002,193153,15911497,265,TWSE,common_stock,true,false,false,false,false,false,false,false,true,
2026-07-16,8404,百和興業-KY,listed,17.15,17.35,16.8,17.05,0.0,0.0,403905,6930229,253,TWSE,common_stock,true,false,false,false,false,false,false,false,true,
2026-07-16,8411,福貞-KY,listed,12.65,12.8,12.5,12.7,0.05,0.3953,110253,1391639,101,TWSE,common_stock,true,false,false,false,false,false,false,false,true,
2026-07-16,8422,可寧衛*,listed,26.45,27.0,26.4,27.0,0.55,2.0794,4081852,109135422,2409,TWSE,common_stock,true,false,false,false,false,false,false,false,true,
2026-07-16,8429,金麗-KY,listed,6.32,6.35,6.22,6.26,0.0,0.0,136172,854142,116,TWSE,common_stock,true,false,false,false,false,false,false,false,true,
2026-07-16,8438,昶昕,listed,89.8,89.8,85.1,85.1,-3.9,-4.382,237618,20563407,1259,TWSE,common_stock,true,false,false,false,false,false,false,false,true,
2026-07-16,8442,威宏-KY,listed,46.0,46.0,45.15,45.6,-0.4,-0.8696,67089,3057296,51,TWSE,common_stock,true,false,false,false,false,false,false,false,true,
2026-07-16,8443,阿瘦,listed,11.4,11.45,11.3,11.4,0.0,0.0,41212,468583,58,TWSE,common_stock,true,false,false,false,false,false,false,false,true,
2026-07-16,8454,富邦媒,listed,264.0,271.5,264.0,267.5,1.5,0.5639,603330,161907351,1308,TWSE,etf,false,true,false,false,false,false,false,false,false,security_type=etf
2026-07-16,8462,柏文,listed,161.5,162.0,158.5,160.0,-1.0,-0.6211,150727,24107400,237,TWSE,common_stock,true,false,false,false,false,false,false,false,true,
2026-07-16,8463,潤泰材,listed,21.6,21.9,21.35,21.6,-0.1,-0.4608,33844,728683,27,TWSE,common_stock,true,false,false,false,false,false,false,false,true,
2026-07-16,8464,億豐,listed,351.5,358.5,351.0,358.5,6.5,1.8466,586277,207338513,297,TWSE,common_stock,true,false,false,false,false,false,false,false,true,
2026-07-16,8466,美吉吉-KY,listed,17.7,18.45,17.55,17.75,0.45,2.6012,47530,841514,41,TWSE,common_stock,true,false,false,false,false,false,false,false,true,
2026-07-16,8467,波力-KY,listed,105.0,107.5,105.0,106.5,-3.5,-3.1818,21007,2222272,18,TWSE,common_stock,true,false,false,false,false,false,false,false,true,
2026-07-16,8473,山林水,listed,45.05,47.3,44.95,46.7,1.55,3.433,794469,36877781,720,TWSE,common_stock,true,false,false,false,false,false,false,false,true,
2026-07-16,8476,台境*,listed,22.7,23.8,22.1,23.7,1.2,5.3333,610491,14165234,339,TWSE,common_stock,true,false,false,false,false,false,false,false,true,
2026-07-16,8478,東哥遊艇,listed,157.0,157.0,155.0,155.5,-0.5,-0.3205,66060,10305728,104,TWSE,common_stock,true,false,false,false,false,false,false,false,true,
2026-07-16,8481,政伸,listed,43.9,44.35,43.5,44.35,0.45,1.0251,117667,5183832,90,TWSE,common_stock,true,false,false,false,false,false,false,false,true,
2026-07-16,8482,商億-KY,listed,50.0,50.2,48.5,48.5,-0.3,-0.6148,12000,592450,12,TWSE,common_stock,true,false,false,false,false,false,false,false,true,
2026-07-16,8487,愛爾達-創,listed,75.1,76.9,75.1,76.9,0.8,1.0512,18318,1400053,67,TWSE,common_stock,true,false,false,false,false,false,false,false,true,
2026-07-16,8488,吉源-KY,listed,10.45,10.45,10.25,10.25,0.05,0.4902,4000,41250,4,TWSE,common_stock,true,false,false,false,false,false,false,false,true,
2026-07-16,8499,鼎炫-KY,listed,294.5,295.0,291.0,292.0,-10.0,-3.3113,27663,8118011,51,TWSE,common_stock,true,false,false,false,false,false,false,false,true,
2026-07-16,8926,台汽電,listed,67.2,67.9,65.7,67.0,-0.7,-1.034,3506153,234477018,2987,TWSE,common_stock,true,false,false,false,false,false,false,false,true,
2026-07-16,8940,新天地,listed,16.4,16.5,16.25,16.25,-0.1,-0.6116,28458,465260,66,TWSE,common_stock,true,false,false,false,false,false,false,false,true,
2026-07-16,8996,高力,listed,1165.0,1170.0,1110.0,1125.0,-60.0,-5.0633,1138248,1291788595,2555,TWSE,common_stock,true,false,false,false,false,false,false,false,true,
2026-07-16,9103,美德醫療-DR,listed,5.12,5.19,5.06,5.07,-0.04,-0.7828,611720,3121341,275,TWSE,dr,false,false,false,false,false,false,false,true,false,security_type=dr
2026-07-16,910322,康師傅-DR,listed,23.3,23.3,23.2,23.2,0.3,1.31,8815,204619,13,TWSE,dr,false,false,false,false,false,false,false,true,false,security_type=dr;symbol_not_4_digit
2026-07-16,9105,泰金寶-DR,listed,8.89,8.9,8.77,8.8,-0.16,-1.7857,16775877,148265280,4281,TWSE,dr,false,false,false,false,false,false,false,true,false,security_type=dr
2026-07-16,910861,神州-DR,listed,4.12,4.14,4.02,4.11,-0.01,-0.2427,27718,113727,35,TWSE,dr,false,false,false,false,false,false,false,true,false,security_type=dr;symbol_not_4_digit
2026-07-16,9110,越南控-DR,listed,3.14,3.14,3.14,3.14,-0.01,-0.3175,1000,3140,1,TWSE,dr,false,false,false,false,false,false,false,true,false,security_type=dr
2026-07-16,911608,明輝-DR,listed,2.7,2.7,2.7,2.7,0.0,0.0,5117,13737,116,TWSE,dr,false,false,false,false,false,false,false,true,false,security_type=dr;symbol_not_4_digit
2026-07-16,911622,泰聚亨-DR,listed,3.75,3.77,3.71,3.77,-0.02,-0.5277,23000,86240,4,TWSE,dr,false,false,false,false,false,false,false,true,false,security_type=dr;symbol_not_4_digit
2026-07-16,911868,同方友友-DR,listed,1.19,1.21,1.19,1.19,0.0,0.0,321230,385069,42,TWSE,dr,false,false,false,false,false,false,false,true,false,security_type=dr;symbol_not_4_digit
2026-07-16,912000,晨訊科-DR,listed,2.72,2.77,2.7,2.7,0.0,0.0,806105,2201302,139,TWSE,dr,false,false,false,false,false,false,false,true,false,security_type=dr;symbol_not_4_digit
2026-07-16,9136,巨騰-DR,listed,12.4,13.0,12.35,12.45,0.05,0.4032,583470,7356298,166,TWSE,dr,false,false,false,false,false,false,false,true,false,security_type=dr
2026-07-16,9802,鈺齊-KY,listed,74.6,76.2,74.6,75.9,1.3,1.7426,580187,43898251,520,TWSE,common_stock,true,false,false,false,false,false,false,false,true,
2026-07-16,9902,台火,listed,14.0,14.05,13.85,13.9,-0.05,-0.3584,76466,1065892,61,TWSE,common_stock,true,false,false,false,false,false,false,false,true,
2026-07-16,9904,寶成,listed,24.35,24.8,24.35,24.6,0.3,1.2346,36840339,906871629,6161,TWSE,common_stock,true,false,false,false,false,false,false,false,true,
2026-07-16,9905,大華,listed,20.85,20.85,20.5,20.75,0.05,0.2415,67369,1395091,56,TWSE,common_stock,true,false,false,false,false,false,false,false,true,
2026-07-16,9906,欣巴巴,listed,41.45,42.0,40.95,41.6,0.75,1.836,83339,3466464,127,TWSE,common_stock,true,false,false,false,false,false,false,false,true,
2026-07-16,9907,統一實,listed,15.3,15.4,15.2,15.3,0.0,0.0,3972922,60714952,1274,TWSE,etf,false,true,false,false,false,false,false,false,false,security_type=etf
2026-07-16,9908,大台北,listed,29.1,29.2,29.0,29.15,0.0,0.0,143336,4173829,175,TWSE,common_stock,true,false,false,false,false,false,false,false,true,
2026-07-16,9910,豐泰,listed,66.9,68.0,66.9,67.8,1.0,1.497,852769,57699803,822,TWSE,common_stock,true,false,false,false,false,false,false,false,true,
2026-07-16,9911,櫻花,listed,83.9,84.7,83.7,84.2,0.3,0.3576,133747,11246672,198,TWSE,common_stock,true,false,false,false,false,false,false,false,true,
2026-07-16,9912,偉聯,listed,12.85,12.85,12.65,12.7,0.0,0.0,9998,126957,27,TWSE,common_stock,true,false,false,false,false,false,false,false,true,
2026-07-16,9914,美利達,listed,81.6,84.2,80.1,84.2,7.6,9.9217,13074086,1096444437,7627,TWSE,common_stock,true,false,false,false,false,false,false,false,true,
2026-07-16,9917,中保科,listed,107.0,108.0,106.5,108.0,1.0,0.9346,502105,53941989,573,TWSE,common_stock,true,false,false,false,false,false,false,false,true,
2026-07-16,9918,欣天然,listed,44.45,44.45,43.2,44.0,-0.1,-0.2268,17544,766660,87,TWSE,common_stock,true,false,false,false,false,false,false,false,true,
2026-07-16,9919,康那香,listed,14.0,14.25,13.95,14.1,0.2,1.4388,1155930,16302860,468,TWSE,common_stock,true,false,false,false,false,false,false,false,true,
2026-07-16,9921,巨大,listed,85.5,88.0,84.8,88.0,8.0,10.0,3299453,288636064,1937,TWSE,common_stock,true,false,false,false,false,false,false,false,true,
2026-07-16,9924,福興,listed,40.8,40.85,40.2,40.7,-0.1,-0.2451,79105,3215846,79,TWSE,common_stock,true,false,false,false,false,false,false,false,true,
2026-07-16,9925,新保,listed,41.45,41.45,41.2,41.4,0.0,0.0,181333,7500133,140,TWSE,common_stock,true,false,false,false,false,false,false,false,true,
2026-07-16,9926,新海,listed,50.4,50.4,49.8,50.1,0.1,0.2,31399,1572210,35,TWSE,common_stock,true,false,false,false,false,false,false,false,true,
2026-07-16,9927,泰銘,listed,69.8,70.6,69.1,70.4,0.6,0.8596,227451,15984410,262,TWSE,common_stock,true,false,false,false,false,false,false,false,true,
2026-07-16,9928,中視,listed,18.65,18.65,18.35,18.4,0.0,0.0,21203,389994,17,TWSE,common_stock,true,false,false,false,false,false,false,false,true,
2026-07-16,9929,秋雨,listed,11.3,11.4,11.25,11.35,0.1,0.8889,8085,91563,9,TWSE,common_stock,true,false,false,false,false,false,false,false,true,
2026-07-16,9930,中聯資源,listed,63.7,63.8,63.3,63.6,-0.1,-0.157,140895,8943262,153,TWSE,common_stock,true,false,false,false,false,false,false,false,true,
2026-07-16,9931,欣高,listed,33.7,34.2,33.5,33.95,0.25,0.7418,61040,2069472,66,TWSE,common_stock,true,false,false,false,false,false,false,false,true,
2026-07-16,9933,中鼎,listed,40.9,40.95,40.3,40.8,0.1,0.2457,1310168,53207805,928,TWSE,common_stock,true,false,false,false,false,false,false,false,true,
2026-07-16,9934,成霖,listed,10.85,10.95,10.7,10.8,0.0,0.0,722257,7797026,283,TWSE,common_stock,true,false,false,false,false,false,false,false,true,
2026-07-16,9935,慶豐富,listed,18.85,19.0,18.7,18.75,-0.1,-0.5305,108182,2037158,96,TWSE,common_stock,true,false,false,false,false,false,false,false,true,
2026-07-16,9937,全國,listed,55.6,55.6,54.0,55.2,0.0,0.0,47460,2610068,59,TWSE,common_stock,true,false,false,false,false,false,false,false,true,
2026-07-16,9938,百和,listed,46.4,47.2,46.4,46.6,0.3,0.6479,1820837,85101331,1093,TWSE,common_stock,true,false,false,false,false,false,false,false,true,
2026-07-16,9939,宏全,listed,125.0,125.5,124.0,125.5,0.5,0.4,733313,91557587,714,TWSE,common_stock,true,false,false,false,false,false,false,false,true,
2026-07-16,9940,信義,listed,19.85,20.5,19.6,20.3,0.55,2.7848,1017264,20525138,627,TWSE,common_stock,true,false,false,false,false,false,false,false,true,
2026-07-16,9941,裕融,listed,82.9,84.7,82.9,84.2,1.5,1.8138,2051367,172481484,1927,TWSE,common_stock,true,false,false,false,false,false,false,false,true,
2026-07-16,9941A,裕融甲特,listed,50.8,50.8,50.7,50.8,0.0,0.0,5217,264880,7,TWSE,warrant,false,false,true,false,false,false,false,false,false,security_type=warrant;symbol_not_4_digit
2026-07-16,9942,茂順,listed,123.0,126.0,122.0,125.5,3.0,2.449,478644,59814131,489,TWSE,common_stock,true,false,false,false,false,false,false,false,true,
2026-07-16,9943,好樂迪,listed,53.4,53.4,53.0,53.1,-0.3,-0.5618,65301,3471972,110,TWSE,common_stock,true,false,false,false,false,false,false,false,true,
2026-07-16,9944,新麗,listed,17.8,17.95,17.75,17.95,0.0,0.0,49078,876783,73,TWSE,common_stock,true,false,false,false,false,false,false,false,true,
2026-07-16,9945,潤泰新,listed,26.35,26.95,26.35,26.85,0.45,1.7045,6726953,179824244,2978,TWSE,common_stock,true,false,false,false,false,false,false,false,true,
2026-07-16,9946,三發地產,listed,18.25,18.45,18.0,18.3,0.15,0.8264,228352,4177714,144,TWSE,common_stock,true,false,false,false,false,false,false,false,true,
2026-07-16,9955,佳龍,listed,25.25,25.8,25.05,25.05,-0.05,-0.1992,213793,5419213,316,TWSE,common_stock,true,false,false,false,false,false,false,false,true,
2026-07-16,9958,世紀鋼,listed,119.0,119.5,117.0,118.5,-0.5,-0.4202,1746562,206860048,1407,TWSE,common_stock,true,false,false,false,false,false,false,false,true,
