date,symbol,name,market,open,high,low,close,change,change_pct,volume,turnover,transactions,source,security_type,is_common_stock,is_etf,is_warrant,is_bond_etf,is_leveraged_inverse,is_etn,is_preferred_stock,is_dr,scan_eligible,exclude_reason
2025-12-05,0050,元大台灣50,listed,62.45,62.75,62.35,62.75,0.55,0.8842,47277037,2958378181,44751,TWSE,etf,false,true,false,false,false,false,false,false,false,security_type=etf
2025-12-05,0051,元大中型100,listed,89.9,90.0,89.5,90.0,0.2,0.2227,41819,3759734,336,TWSE,etf,false,true,false,false,false,false,false,false,false,security_type=etf
2025-12-05,0052,富邦科技,listed,35.77,36.12,35.77,36.12,0.44,1.2332,26640542,957594109,13172,TWSE,etf,false,true,false,false,false,false,false,false,false,security_type=etf
2025-12-05,0053,元大電子,listed,134.95,135.05,133.95,135.05,1.55,1.161,17585,2365759,126,TWSE,etf,false,true,false,false,false,false,false,false,false,security_type=etf
2025-12-05,0055,元大MSCI金融,listed,30.17,30.17,30.05,30.1,0.05,0.1664,153808,4628175,305,TWSE,etf,false,true,false,false,false,false,false,false,false,security_type=etf
2025-12-05,0056,元大高股息,listed,36.41,36.57,36.41,36.55,0.15,0.4121,23777045,868053691,15738,TWSE,etf,false,true,false,false,false,false,false,false,false,security_type=etf
2025-12-05,0057,富邦摩台,listed,183.25,184.3,183.15,184.3,1.45,0.793,166037,30488598,132,TWSE,etf,false,true,false,false,false,false,false,false,false,security_type=etf
2025-12-05,0061,元大寶滬深,listed,22.32,22.43,22.31,22.42,0.12,0.5381,170161,3808778,164,TWSE,etf,false,true,false,false,false,false,false,false,false,security_type=etf
2025-12-05,006203,元大MSCI台灣,listed,113.85,113.85,113.85,113.85,0.8,0.7077,2365,268179,88,TWSE,etf,false,true,false,false,false,false,false,false,false,security_type=etf;symbol_not_4_digit
2025-12-05,006204,永豐臺灣加權,listed,141.45,141.6,141.45,141.6,1.1,0.7829,3933,555878,100,TWSE,etf,false,true,false,false,false,false,false,false,false,security_type=etf;symbol_not_4_digit
2025-12-05,006205,富邦上証,listed,38.16,38.3,38.16,38.25,0.09,0.2358,83744,3203173,168,TWSE,etf,false,true,false,false,false,false,false,false,false,security_type=etf;symbol_not_4_digit
2025-12-05,006206,元大上證50,listed,35.64,35.8,35.61,35.74,0.13,0.3651,305161,10878154,142,TWSE,etf,false,true,false,false,false,false,false,false,false,security_type=etf;symbol_not_4_digit
2025-12-05,006207,復華滬深,listed,29.7,29.7,29.66,29.69,0.13,0.4398,108333,3213372,51,TWSE,etf,false,true,false,false,false,false,false,false,false,security_type=etf;symbol_not_4_digit
2025-12-05,006208,富邦台50,listed,142.9,143.55,142.7,143.55,1.2,0.843,3721204,532837225,7725,TWSE,etf,false,true,false,false,false,false,false,false,false,security_type=etf;symbol_not_4_digit
2025-12-05,00625K,富邦上証+R,listed,8.7,8.7,8.7,8.7,0.0,0.0,1000,8700,1,TWSE,etf,false,true,true,false,false,false,false,false,false,security_type=etf;symbol_not_4_digit
2025-12-05,00631L,元大台灣50正2,listed,336.7,340.65,335.8,340.65,4.75,1.4141,2762845,935596771,4251,TWSE,leveraged_inverse,false,true,true,false,true,false,false,false,false,security_type=leveraged_inverse;symbol_not_4_digit
2025-12-05,00632R,元大台灣50反1,listed,17.14,17.15,17.01,17.01,-0.14,-0.8163,41753783,712417145,6451,TWSE,leveraged_inverse,false,true,true,false,true,false,false,false,false,security_type=leveraged_inverse;symbol_not_4_digit
2025-12-05,00633L,富邦上証正2,listed,48.55,48.7,48.3,48.59,0.36,0.7464,1727777,83861540,284,TWSE,leveraged_inverse,false,true,true,false,true,false,false,false,false,security_type=leveraged_inverse;symbol_not_4_digit
2025-12-05,00634R,富邦上証反1,listed,3.28,3.28,3.27,3.28,0.0,0.0,294100,961745,6,TWSE,leveraged_inverse,false,true,true,false,true,false,false,false,false,security_type=leveraged_inverse;symbol_not_4_digit
2025-12-05,00635U,期元大S&P黃金,listed,45.11,45.32,45.06,45.32,0.26,0.577,1461800,66046483,1103,TWSE,etf,false,true,true,false,false,false,false,false,false,security_type=etf;symbol_not_4_digit
2025-12-05,00636,國泰中國A50,listed,26.4,26.41,26.35,26.39,0.1,0.3804,608427,16040845,218,TWSE,etf,false,true,false,false,false,false,false,false,false,security_type=etf;symbol_not_4_digit
2025-12-05,00636K,國泰中國A50+U,listed,8.42,8.42,8.42,8.42,0.01,0.1189,200,1684,2,TWSE,etf,false,true,true,false,false,false,false,false,false,security_type=etf;symbol_not_4_digit
2025-12-05,00637L,元大滬深300正2,listed,19.93,19.98,19.82,19.91,0.14,0.7081,31884309,634848801,1852,TWSE,leveraged_inverse,false,true,true,false,true,false,false,false,false,security_type=leveraged_inverse;symbol_not_4_digit
2025-12-05,00638R,元大滬深300反1,listed,6.97,6.97,6.97,6.97,0.0,0.0,31050,216415,5,TWSE,leveraged_inverse,false,true,true,false,true,false,false,false,false,security_type=leveraged_inverse;symbol_not_4_digit
2025-12-05,00639,富邦深100,listed,14.76,14.87,14.76,14.86,0.1,0.6775,759483,11273073,246,TWSE,etf,false,true,false,false,false,false,false,false,false,security_type=etf;symbol_not_4_digit
2025-12-05,00640L,富邦日本正2,listed,75.3,75.45,74.9,75.4,-1.45,-1.8868,781369,58707888,246,TWSE,leveraged_inverse,false,true,true,false,true,false,false,false,false,security_type=leveraged_inverse;symbol_not_4_digit
2025-12-05,00641R,富邦日本反1,listed,4.67,4.68,4.65,4.67,0.04,0.8639,1612158,7524558,79,TWSE,leveraged_inverse,false,true,true,false,true,false,false,false,false,security_type=leveraged_inverse;symbol_not_4_digit
2025-12-05,00642U,期元大S&P石油,listed,15.56,15.57,15.5,15.52,0.05,0.3232,3069261,47700663,552,TWSE,etf,false,true,true,false,false,false,false,false,false,security_type=etf;symbol_not_4_digit
2025-12-05,00643,群益深証中小,listed,16.16,16.2,16.09,16.2,0.05,0.3096,3057274,49427322,153,TWSE,etf,false,true,false,false,false,false,false,false,false,security_type=etf;symbol_not_4_digit
2025-12-05,00643K,群益深証中小+R,listed,,,,,0.0,,0,0,0,TWSE,etf,false,true,true,false,false,false,false,false,false,security_type=etf;symbol_not_4_digit;invalid_close;invalid_volume;invalid_turnover
2025-12-05,00645,富邦日本,listed,46.92,47.0,46.83,46.99,-0.42,-0.8859,359427,16859734,349,TWSE,etf,false,true,false,false,false,false,false,false,false,security_type=etf;symbol_not_4_digit
2025-12-05,00646,元大S&P500,listed,67.55,67.55,67.4,67.5,0.35,0.5212,1171780,79080354,1723,TWSE,etf,false,true,false,false,false,false,false,false,false,security_type=etf;symbol_not_4_digit
2025-12-05,00647L,元大S&P500正2,listed,117.4,117.65,117.4,117.65,0.7,0.5985,36575,4297320,199,TWSE,leveraged_inverse,false,true,true,false,true,false,false,false,false,security_type=leveraged_inverse;symbol_not_4_digit
2025-12-05,00648R,元大S&P500反1,listed,4.35,4.35,4.34,4.34,-0.01,-0.2299,272451,1182761,35,TWSE,leveraged_inverse,false,true,true,false,true,false,false,false,false,security_type=leveraged_inverse;symbol_not_4_digit
2025-12-05,00650L,復華香港正2,listed,17.91,18.02,17.78,17.98,0.19,1.068,4136602,73971928,449,TWSE,leveraged_inverse,false,true,true,false,true,false,false,false,false,security_type=leveraged_inverse;symbol_not_4_digit
2025-12-05,00651R,復華香港反1,listed,5.29,5.3,5.26,5.27,-0.03,-0.566,25639,135313,11,TWSE,leveraged_inverse,false,true,true,false,true,false,false,false,false,security_type=leveraged_inverse;symbol_not_4_digit
2025-12-05,00652,富邦印度,listed,37.22,37.43,37.22,37.43,0.21,0.5642,163081,6088070,234,TWSE,etf,false,true,false,false,false,false,false,false,false,security_type=etf;symbol_not_4_digit
2025-12-05,00653L,富邦印度正2,listed,58.65,59.0,58.55,58.85,0.1,0.1702,51394,3020961,49,TWSE,leveraged_inverse,false,true,true,false,true,false,false,false,false,security_type=leveraged_inverse;symbol_not_4_digit
2025-12-05,00654R,富邦印度反1,listed,6.22,6.22,6.19,6.19,-0.02,-0.3221,103002,640622,4,TWSE,leveraged_inverse,false,true,true,false,true,false,false,false,false,security_type=leveraged_inverse;symbol_not_4_digit
2025-12-05,00655L,國泰中國A50正2,listed,33.88,33.95,33.68,33.93,0.23,0.6825,580702,19663203,154,TWSE,leveraged_inverse,false,true,true,false,true,false,false,false,false,security_type=leveraged_inverse;symbol_not_4_digit
2025-12-05,00656R,國泰中國A50反1,listed,6.15,6.16,6.15,6.16,0.0,0.0,29000,178490,4,TWSE,leveraged_inverse,false,true,true,false,true,false,false,false,false,security_type=leveraged_inverse;symbol_not_4_digit
2025-12-05,00657,國泰日經225,listed,59.35,59.35,59.2,59.3,-0.4,-0.67,190069,11273273,95,TWSE,etf,false,true,false,false,false,false,false,false,false,security_type=etf;symbol_not_4_digit
2025-12-05,00657K,國泰日經225+U,listed,18.94,18.94,18.94,18.94,-0.14,-0.7338,200,3788,2,TWSE,etf,false,true,true,false,false,false,false,false,false,security_type=etf;symbol_not_4_digit
2025-12-05,00660,元大歐洲50,listed,41.5,41.5,41.39,41.44,-0.06,-0.1446,10304,426668,138,TWSE,etf,false,true,false,false,false,false,false,false,false,security_type=etf;symbol_not_4_digit
2025-12-05,00661,元大日經225,listed,65.0,65.0,64.7,64.85,-0.55,-0.841,117652,7631065,230,TWSE,etf,false,true,false,false,false,false,false,false,false,security_type=etf;symbol_not_4_digit
2025-12-05,00662,富邦NASDAQ,listed,103.35,103.5,103.3,103.45,0.4,0.3882,1936175,200262971,2419,TWSE,etf,false,true,false,false,false,false,false,false,false,security_type=etf;symbol_not_4_digit
2025-12-05,00663L,國泰臺灣加權正2,listed,43.95,44.45,43.83,44.45,0.6,1.3683,6998958,309272488,3024,TWSE,leveraged_inverse,false,true,true,false,true,false,false,false,false,security_type=leveraged_inverse;symbol_not_4_digit
2025-12-05,00664R,國泰臺灣加權反1,listed,2.78,2.78,2.75,2.75,-0.02,-0.722,11204341,30932325,740,TWSE,leveraged_inverse,false,true,true,false,true,false,false,false,false,security_type=leveraged_inverse;symbol_not_4_digit
2025-12-05,00665L,富邦恒生國企正2,listed,11.2,11.34,11.15,11.32,0.15,1.3429,16929826,190292810,1444,TWSE,leveraged_inverse,false,true,true,false,true,false,false,false,false,security_type=leveraged_inverse;symbol_not_4_digit
2025-12-05,00666R,富邦恒生國企反1,listed,8.72,8.73,8.72,8.73,-0.01,-0.1144,10000,87250,2,TWSE,leveraged_inverse,false,true,true,false,true,false,false,false,false,security_type=leveraged_inverse;symbol_not_4_digit
2025-12-05,00668,國泰美國道瓊,listed,54.7,54.75,54.65,54.7,0.0,0.0,225953,12354699,113,TWSE,etf,false,true,false,false,false,false,false,false,false,security_type=etf;symbol_not_4_digit
2025-12-05,00668K,國泰美國道瓊+U,listed,17.46,17.46,17.46,17.46,-0.02,-0.1144,200,3492,2,TWSE,etf,false,true,true,false,false,false,false,false,false,security_type=etf;symbol_not_4_digit
2025-12-05,00669R,國泰美國道瓊反1,listed,5.73,5.74,5.72,5.73,0.01,0.1748,773150,4430738,41,TWSE,leveraged_inverse,false,true,true,false,true,false,false,false,false,security_type=leveraged_inverse;symbol_not_4_digit
2025-12-05,00670L,富邦NASDAQ正2,listed,166.75,167.75,166.75,167.75,1.1,0.6601,645761,108013419,1223,TWSE,leveraged_inverse,false,true,true,false,true,false,false,false,false,security_type=leveraged_inverse;symbol_not_4_digit
2025-12-05,00671R,富邦NASDAQ反1,listed,2.82,2.83,2.81,2.82,-0.01,-0.3534,10703570,30182560,303,TWSE,leveraged_inverse,false,true,true,false,true,false,false,false,false,security_type=leveraged_inverse;symbol_not_4_digit
2025-12-05,00673R,期元大S&P原油反1,listed,27.69,27.77,27.67,27.75,-0.09,-0.3233,2212819,61313941,403,TWSE,leveraged_inverse,false,true,true,false,true,false,false,false,false,security_type=leveraged_inverse;symbol_not_4_digit
2025-12-05,00674R,期元大S&P黃金反1,listed,6.08,6.08,6.04,6.05,-0.04,-0.6568,1506111,9119183,130,TWSE,leveraged_inverse,false,true,true,false,true,false,false,false,false,security_type=leveraged_inverse;symbol_not_4_digit
2025-12-05,00675L,富邦臺灣加權正2,listed,133.55,135.1,133.15,135.1,1.85,1.3884,1891667,254170162,1892,TWSE,leveraged_inverse,false,true,true,false,true,false,false,false,false,security_type=leveraged_inverse;symbol_not_4_digit
2025-12-05,00676R,富邦臺灣加權反1,listed,9.41,9.42,9.35,9.36,-0.06,-0.6369,1702569,15965220,252,TWSE,leveraged_inverse,false,true,true,false,true,false,false,false,false,security_type=leveraged_inverse;symbol_not_4_digit
2025-12-05,00678,群益那斯達克生技,listed,35.0,35.0,34.99,35.0,0.04,0.1144,101912,3567096,272,TWSE,etf,false,true,false,false,false,false,false,false,false,security_type=etf;symbol_not_4_digit
2025-12-05,00680L,元大美債20正2,listed,7.45,7.46,7.42,7.44,-0.01,-0.1342,17496281,130187716,1060,TWSE,bond_etf,false,true,true,true,true,false,false,false,false,security_type=bond_etf;symbol_not_4_digit
2025-12-05,00681R,元大美債20反1,listed,20.51,20.53,20.51,20.53,0.03,0.1463,11148,228710,5,TWSE,bond_etf,false,true,true,true,true,false,false,false,false,security_type=bond_etf;symbol_not_4_digit
2025-12-05,00682U,期元大美元指數,listed,20.3,20.31,20.3,20.31,0.0,0.0,2365,47986,9,TWSE,etf,false,true,true,false,false,false,false,false,false,security_type=etf;symbol_not_4_digit
2025-12-05,00683L,期元大美元指正2,listed,20.99,21.04,20.99,21.02,-0.02,-0.0951,118000,2479020,24,TWSE,leveraged_inverse,false,true,true,false,true,false,false,false,false,security_type=leveraged_inverse;symbol_not_4_digit
2025-12-05,00684R,期元大美元指反1,listed,15.57,15.6,15.55,15.59,0.02,0.1285,542000,8440430,91,TWSE,leveraged_inverse,false,true,true,false,true,false,false,false,false,security_type=leveraged_inverse;symbol_not_4_digit
2025-12-05,00685L,群益臺灣加權正2,listed,119.95,121.35,119.5,121.35,1.6,1.3361,669492,80707838,514,TWSE,leveraged_inverse,false,true,true,false,true,false,false,false,false,security_type=leveraged_inverse;symbol_not_4_digit
2025-12-05,00686R,群益臺灣加權反1,listed,1.69,1.69,1.67,1.68,-0.01,-0.5917,898296,1509546,103,TWSE,leveraged_inverse,false,true,true,false,true,false,false,false,false,security_type=leveraged_inverse;symbol_not_4_digit
2025-12-05,00688L,國泰20年美債正2,listed,7.42,7.43,7.39,7.41,-0.02,-0.2692,6695378,49600445,664,TWSE,bond_etf,false,true,true,true,true,false,false,false,false,security_type=bond_etf;symbol_not_4_digit
2025-12-05,00689R,國泰20年美債反1,listed,21.35,21.35,21.35,21.35,0.05,0.2347,4018,85783,2,TWSE,bond_etf,false,true,true,true,true,false,false,false,false,security_type=bond_etf;symbol_not_4_digit
2025-12-05,00690,兆豐藍籌30,listed,42.95,43.18,42.95,43.15,0.31,0.7236,382845,16493566,271,TWSE,etf,false,true,false,false,false,false,false,false,false,security_type=etf;symbol_not_4_digit
2025-12-05,00692,富邦公司治理,listed,55.05,55.4,55.05,55.4,0.45,0.8189,967190,53447511,1092,TWSE,etf,false,true,false,false,false,false,false,false,false,security_type=etf;symbol_not_4_digit
2025-12-05,00693U,期街口S&P黃豆,listed,21.56,21.56,21.49,21.5,0.06,0.2799,1166959,25102422,201,TWSE,warrant,false,false,true,false,false,false,false,false,false,security_type=warrant;symbol_not_4_digit
2025-12-05,00700,富邦恒生國企,listed,18.44,18.53,18.42,18.52,0.1,0.5429,507264,9361789,163,TWSE,etf,false,true,false,false,false,false,false,false,false,security_type=etf;symbol_not_4_digit
2025-12-05,00701,國泰股利精選30,listed,27.95,27.98,27.9,27.96,0.04,0.1433,704180,19671249,542,TWSE,etf,false,true,false,false,false,false,false,false,false,security_type=etf;symbol_not_4_digit
2025-12-05,00702,國泰標普低波高息,listed,23.0,23.04,23.0,23.04,-0.02,-0.0867,109415,2519585,94,TWSE,etf,false,true,false,false,false,false,false,false,false,security_type=etf;symbol_not_4_digit
2025-12-05,00703,台新MSCI中國,listed,21.7,21.87,21.7,21.86,0.09,0.4134,131236,2853559,76,TWSE,other,false,false,false,false,false,false,false,false,false,symbol_not_4_digit
2025-12-05,00706L,期元大S&P日圓正2,listed,21.07,21.16,21.04,21.16,0.19,0.9061,1701063,35863878,426,TWSE,leveraged_inverse,false,true,true,false,true,false,false,false,false,security_type=leveraged_inverse;symbol_not_4_digit
2025-12-05,00707R,期元大S&P日圓反1,listed,30.86,30.86,30.86,30.86,0.0,0.0,1000,30860,1,TWSE,leveraged_inverse,false,true,true,false,true,false,false,false,false,security_type=leveraged_inverse;symbol_not_4_digit
2025-12-05,00708L,期元大S&P黃金正2,listed,85.9,86.6,85.65,86.6,1.05,1.2274,1916285,164895302,837,TWSE,leveraged_inverse,false,true,true,false,true,false,false,false,false,security_type=leveraged_inverse;symbol_not_4_digit
2025-12-05,00709,富邦歐洲,listed,35.73,35.74,35.68,35.71,0.03,0.0841,26187,934913,176,TWSE,etf,false,true,false,false,false,false,false,false,false,security_type=etf;symbol_not_4_digit
2025-12-05,00710B,復華彭博非投等債,listed,19.19,19.19,19.17,19.18,-0.03,-0.1562,235133,4508916,146,TWSE,bond_etf,false,true,true,true,false,false,false,false,false,security_type=bond_etf;symbol_not_4_digit
2025-12-05,00711B,復華彭博新興債,listed,16.54,16.59,16.54,16.57,0.0,0.0,124059,2055524,106,TWSE,bond_etf,false,true,true,true,false,false,false,false,false,security_type=bond_etf;symbol_not_4_digit
2025-12-05,00712,復華富時不動產,listed,9.27,9.29,9.25,9.25,-0.05,-0.5376,21880738,202614718,4228,TWSE,etf,false,true,false,false,false,false,false,false,false,security_type=etf;symbol_not_4_digit
2025-12-05,00713,元大台灣高息低波,listed,50.45,50.5,50.35,50.45,0.0,0.0,4454922,224582743,4751,TWSE,etf,false,true,false,false,false,false,false,false,false,security_type=etf;symbol_not_4_digit
2025-12-05,00714,群益道瓊美國地產,listed,20.12,20.12,20.1,20.12,0.0,0.0,9121,183409,72,TWSE,etf,false,true,false,false,false,false,false,false,false,security_type=etf;symbol_not_4_digit
2025-12-05,00717,富邦美國特別股,listed,14.83,14.84,14.83,14.84,0.01,0.0674,122326,1814930,146,TWSE,preferred_stock,false,true,false,false,false,false,true,false,false,security_type=preferred_stock;symbol_not_4_digit
2025-12-05,00728,第一金工業30,listed,36.3,36.53,36.3,36.51,0.41,1.1357,1376692,50181625,325,TWSE,other,false,false,false,false,false,false,false,false,false,symbol_not_4_digit
2025-12-05,00730,富邦臺灣優質高息,listed,22.14,22.18,22.0,22.15,0.01,0.0452,90167,1994612,305,TWSE,etf,false,true,false,false,false,false,false,false,false,security_type=etf;symbol_not_4_digit
2025-12-05,00731,復華富時高息低波,listed,67.2,67.35,67.1,67.35,0.15,0.2232,402904,27063315,239,TWSE,etf,false,true,false,false,false,false,false,false,false,security_type=etf;symbol_not_4_digit
2025-12-05,00733,富邦臺灣中小,listed,46.23,46.23,45.83,45.97,-0.13,-0.282,444102,20403453,665,TWSE,etf,false,true,false,false,false,false,false,false,false,security_type=etf;symbol_not_4_digit
2025-12-05,00735,國泰臺韓科技,listed,48.85,49.06,48.85,49.01,0.35,0.7193,161226,7895801,141,TWSE,etf,false,true,false,false,false,false,false,false,false,security_type=etf;symbol_not_4_digit
2025-12-05,00736,國泰新興市場,listed,27.56,27.6,27.55,27.59,0.1,0.3638,113786,3138472,111,TWSE,etf,false,true,false,false,false,false,false,false,false,security_type=etf;symbol_not_4_digit
2025-12-05,00737,國泰AI機器人,listed,36.28,36.6,36.28,36.6,0.7,1.9499,199971,7303887,242,TWSE,etf,false,true,false,false,false,false,false,false,false,security_type=etf;symbol_not_4_digit
2025-12-05,00738U,期元大道瓊白銀,listed,47.21,48.02,47.17,47.93,-0.35,-0.7249,6291536,299076324,2497,TWSE,etf,false,true,true,false,false,false,false,false,false,security_type=etf;symbol_not_4_digit
2025-12-05,00739,元大MSCI A股,listed,25.42,25.55,25.42,25.55,0.13,0.5114,35456,904400,81,TWSE,etf,false,true,false,false,false,false,false,false,false,security_type=etf;symbol_not_4_digit
2025-12-05,00752,中信中國50,listed,26.6,26.68,26.43,26.63,0.17,0.6425,3873865,102873752,462,TWSE,etf,false,true,false,false,false,false,false,false,false,security_type=etf;symbol_not_4_digit
2025-12-05,00753L,中信中國50正2,listed,12.65,12.72,12.55,12.68,0.09,0.7149,8751648,110555845,996,TWSE,leveraged_inverse,false,true,true,false,true,false,false,false,false,security_type=leveraged_inverse;symbol_not_4_digit
2025-12-05,00757,統一FANG+,listed,122.95,123.25,122.95,123.15,0.45,0.3667,2047980,252150777,2814,TWSE,etf,false,true,false,false,false,false,false,false,false,security_type=etf;symbol_not_4_digit
2025-12-05,00762,元大全球AI,listed,84.9,85.0,84.8,85.0,0.45,0.5322,135349,11495472,590,TWSE,etf,false,true,false,false,false,false,false,false,false,security_type=etf;symbol_not_4_digit
2025-12-05,00763U,期街口道瓊銅,listed,29.42,29.74,29.34,29.74,0.01,0.0336,968271,28620339,436,TWSE,warrant,false,false,true,false,false,false,false,false,false,security_type=warrant;symbol_not_4_digit
2025-12-05,00770,國泰北美科技,listed,58.45,58.6,58.4,58.55,0.5,0.8613,420949,24624036,859,TWSE,etf,false,true,false,false,false,false,false,false,false,security_type=etf;symbol_not_4_digit
2025-12-05,00771,元大US高息特別股,listed,16.0,16.0,15.98,15.98,-0.02,-0.125,4701,75223,14,TWSE,preferred_stock,false,true,false,false,false,false,true,false,false,security_type=preferred_stock;symbol_not_4_digit
2025-12-05,00775B,台新投等債15+,listed,32.8,32.8,32.8,32.8,0.0,0.0,1060,34765,2,TWSE,bond_etf,false,true,true,true,false,false,false,false,false,security_type=bond_etf;symbol_not_4_digit
2025-12-05,00783,富邦中証500,listed,23.9,24.03,23.9,24.02,0.17,0.7128,53403,1279540,84,TWSE,etf,false,true,false,false,false,false,false,false,false,security_type=etf;symbol_not_4_digit
2025-12-05,00830,國泰費城半導體,listed,58.55,58.8,58.5,58.8,0.3,0.5128,4456246,261403601,3372,TWSE,etf,false,true,false,false,false,false,false,false,false,security_type=etf;symbol_not_4_digit
2025-12-05,00850,元大臺灣ESG永續,listed,53.55,53.95,53.55,53.95,0.45,0.8411,334003,17971281,729,TWSE,etf,false,true,false,false,false,false,false,false,false,security_type=etf;symbol_not_4_digit
2025-12-05,00851,台新全球AI,listed,55.95,55.95,55.75,55.95,0.25,0.4488,14888,830171,117,TWSE,other,false,false,false,false,false,false,false,false,false,symbol_not_4_digit
2025-12-05,00852L,國泰美國道瓊正2,listed,30.42,30.44,30.39,30.41,-0.06,-0.1969,51610,1569400,35,TWSE,leveraged_inverse,false,true,true,false,true,false,false,false,false,security_type=leveraged_inverse;symbol_not_4_digit
2025-12-05,00861,元大全球未來通訊,listed,55.4,55.4,55.05,55.2,0.45,0.8219,60038,3309615,301,TWSE,etf,false,true,false,false,false,false,false,false,false,security_type=etf;symbol_not_4_digit
2025-12-05,00865B,國泰US短期公債,listed,46.9,46.91,46.87,46.87,0.0,0.0,3345903,156885476,467,TWSE,bond_etf,false,true,true,true,false,false,false,false,false,security_type=bond_etf;symbol_not_4_digit
2025-12-05,00875,國泰網路資安,listed,40.1,40.15,40.05,40.07,0.4,1.0083,443572,17789992,156,TWSE,etf,false,true,false,false,false,false,false,false,false,security_type=etf;symbol_not_4_digit
2025-12-05,00876,元大全球5G,listed,49.97,50.3,49.89,50.25,0.26,0.5201,595857,29873164,1500,TWSE,etf,false,true,false,false,false,false,false,false,false,security_type=etf;symbol_not_4_digit
2025-12-05,00878,國泰永續高股息,listed,21.12,21.21,21.12,21.2,0.08,0.3788,38633748,817914223,16541,TWSE,etf,false,true,false,false,false,false,false,false,false,security_type=etf;symbol_not_4_digit
2025-12-05,00881,國泰台灣科技龍頭,listed,31.22,31.54,31.22,31.54,0.4,1.2845,16198479,508490788,5094,TWSE,etf,false,true,false,false,false,false,false,false,false,security_type=etf;symbol_not_4_digit
2025-12-05,00882,中信中國高股息,listed,15.5,15.52,15.42,15.46,0.0,0.0,5443210,84194659,1397,TWSE,etf,false,true,false,false,false,false,false,false,false,security_type=etf;symbol_not_4_digit
2025-12-05,00885,富邦越南,listed,17.2,17.49,17.2,17.34,0.16,0.9313,8466176,146947122,1856,TWSE,etf,false,true,false,false,false,false,false,false,false,security_type=etf;symbol_not_4_digit
2025-12-05,00891,中信關鍵半導體,listed,19.27,19.38,19.27,19.36,0.19,0.9911,9769076,188891974,2792,TWSE,etf,false,true,false,false,false,false,false,false,false,security_type=etf;symbol_not_4_digit
2025-12-05,00892,富邦台灣半導體,listed,21.2,21.35,21.2,21.29,0.15,0.7096,420814,8961150,359,TWSE,etf,false,true,false,false,false,false,false,false,false,security_type=etf;symbol_not_4_digit
2025-12-05,00893,國泰智能電動車,listed,32.35,32.48,32.35,32.47,0.37,1.1526,755609,24508726,1099,TWSE,etf,false,true,false,false,false,false,false,false,false,security_type=etf;symbol_not_4_digit
2025-12-05,00894,中信小資高價30,listed,26.05,26.28,26.05,26.27,0.25,0.9608,2026015,53105555,674,TWSE,etf,false,true,false,false,false,false,false,false,false,security_type=etf;symbol_not_4_digit
2025-12-05,00895,富邦未來車,listed,38.52,38.84,38.52,38.84,0.44,1.1458,553416,21465767,838,TWSE,etf,false,true,false,false,false,false,false,false,false,security_type=etf;symbol_not_4_digit
2025-12-05,00896,中信綠能及電動車,listed,19.59,19.63,19.48,19.54,0.01,0.0512,7626695,148999776,2101,TWSE,etf,false,true,false,false,false,false,false,false,false,security_type=etf;symbol_not_4_digit
2025-12-05,00897,富邦基因免疫生技,listed,8.89,8.89,8.87,8.88,0.1,1.139,784683,6965831,376,TWSE,etf,false,true,false,false,false,false,false,false,false,security_type=etf;symbol_not_4_digit
2025-12-05,00898,國泰基因免疫革命,listed,7.97,8.03,7.96,8.0,0.13,1.6518,1206711,9650530,351,TWSE,etf,false,true,false,false,false,false,false,false,false,security_type=etf;symbol_not_4_digit
2025-12-05,00899,FT潔淨能源,listed,20.35,20.45,20.35,20.4,0.32,1.5936,328737,6703967,218,TWSE,other,false,false,false,false,false,false,false,false,false,symbol_not_4_digit
2025-12-05,00900,富邦特選高股息30,listed,13.25,13.29,13.22,13.28,0.05,0.3779,10017266,132756846,2299,TWSE,etf,false,true,false,false,false,false,false,false,false,security_type=etf;symbol_not_4_digit
2025-12-05,00901,永豐智能車供應鏈,listed,24.13,24.32,24.13,24.32,0.2,0.8292,1116363,27068942,386,TWSE,etf,false,true,false,false,false,false,false,false,false,security_type=etf;symbol_not_4_digit
2025-12-05,00902,中信電池及儲能,listed,13.07,13.15,13.02,13.13,0.08,0.613,3330612,43591883,541,TWSE,etf,false,true,false,false,false,false,false,false,false,security_type=etf;symbol_not_4_digit
2025-12-05,00903,富邦元宇宙,listed,17.55,17.61,17.55,17.61,0.19,1.0907,779772,13714691,226,TWSE,etf,false,true,false,false,false,false,false,false,false,security_type=etf;symbol_not_4_digit
2025-12-05,00904,台新臺灣半導體30,listed,21.63,21.83,21.63,21.81,0.22,1.019,1700546,36990989,517,TWSE,other,false,false,false,false,false,false,false,false,false,symbol_not_4_digit
2025-12-05,00905,FT臺灣Smart,listed,16.71,16.78,16.69,16.76,0.05,0.2992,1312402,21970914,597,TWSE,other,false,false,false,false,false,false,false,false,false,symbol_not_4_digit
2025-12-05,00907,永豐優息存股,listed,15.28,15.29,15.18,15.22,-0.08,-0.5229,350018,5324033,295,TWSE,etf,false,true,false,false,false,false,false,false,false,security_type=etf;symbol_not_4_digit
2025-12-05,00908,富邦入息REITs+,listed,13.71,13.71,13.66,13.68,-0.08,-0.5814,501209,6852906,113,TWSE,etf,false,true,false,false,false,false,false,false,false,security_type=etf;symbol_not_4_digit
2025-12-05,00909,國泰數位支付服務,listed,42.5,42.81,42.5,42.78,0.84,2.0029,4285025,183032284,3331,TWSE,etf,false,true,false,false,false,false,false,false,false,security_type=etf;symbol_not_4_digit
2025-12-05,00910,第一金太空衛星,listed,39.72,39.95,39.72,39.92,1.57,4.0939,1210279,48188667,2182,TWSE,other,false,false,false,false,false,false,false,false,false,symbol_not_4_digit
2025-12-05,00911,兆豐洲際半導體,listed,33.29,33.29,33.11,33.28,-0.01,-0.03,288199,9568422,537,TWSE,etf,false,true,false,false,false,false,false,false,false,security_type=etf;symbol_not_4_digit
2025-12-05,00912,中信臺灣智慧50,listed,20.8,20.97,20.8,20.97,0.22,1.0602,528624,11048648,289,TWSE,etf,false,true,false,false,false,false,false,false,false,security_type=etf;symbol_not_4_digit
2025-12-05,00913,兆豐台灣晶圓製造,listed,23.82,24.0,23.82,24.0,0.28,1.1804,371506,8896052,96,TWSE,etf,false,true,false,false,false,false,false,false,false,security_type=etf;symbol_not_4_digit
2025-12-05,00915,凱基優選高股息30,listed,22.33,22.36,22.24,22.33,0.0,0.0,2161817,48200283,1168,TWSE,etf,false,true,false,false,false,false,false,false,false,security_type=etf;symbol_not_4_digit
2025-12-05,00916,國泰全球品牌50,listed,27.22,27.48,27.22,27.34,0.12,0.4409,127175,3477359,281,TWSE,etf,false,true,false,false,false,false,false,false,false,security_type=etf;symbol_not_4_digit
2025-12-05,00917,中信特選金融,listed,24.44,24.58,24.44,24.55,0.12,0.4912,120276,2951604,182,TWSE,etf,false,true,false,false,false,false,false,false,false,security_type=etf;symbol_not_4_digit
2025-12-05,00918,大華優利高填息30,listed,22.7,22.76,22.63,22.7,0.01,0.0441,17699893,401524512,5863,TWSE,other,false,false,false,false,false,false,false,false,false,symbol_not_4_digit
2025-12-05,00919,群益台灣精選高息,listed,21.85,21.87,21.79,21.84,0.01,0.0458,58785039,1283132760,22036,TWSE,etf,false,true,false,false,false,false,false,false,false,security_type=etf;symbol_not_4_digit
2025-12-05,00920,富邦ESG綠色電力,listed,18.31,18.45,18.31,18.43,0.21,1.1526,103435,1902940,146,TWSE,etf,false,true,false,false,false,false,false,false,false,security_type=etf;symbol_not_4_digit
2025-12-05,00921,兆豐龍頭等權重,listed,17.64,17.65,17.51,17.63,0.0,0.0,357304,6290416,238,TWSE,etf,false,true,false,false,false,false,false,false,false,security_type=etf;symbol_not_4_digit
2025-12-05,00922,國泰台灣領袖50,listed,24.83,24.95,24.8,24.94,0.21,0.8492,7195678,179108638,3171,TWSE,etf,false,true,false,false,false,false,false,false,false,security_type=etf;symbol_not_4_digit
2025-12-05,00923,群益台ESG低碳50,listed,25.03,25.14,25.01,25.14,0.2,0.8019,2296180,57597618,1150,TWSE,etf,false,true,false,false,false,false,false,false,false,security_type=etf;symbol_not_4_digit
2025-12-05,00924,復華S&P500成長,listed,29.26,29.32,29.24,29.32,0.2,0.6868,1377083,40337812,1550,TWSE,etf,false,true,false,false,false,false,false,false,false,security_type=etf;symbol_not_4_digit
2025-12-05,00926,凱基全球菁英55,listed,24.68,24.74,24.68,24.69,0.01,0.0405,902111,22281745,600,TWSE,etf,false,true,false,false,false,false,false,false,false,security_type=etf;symbol_not_4_digit
2025-12-05,00927,群益半導體收益,listed,20.64,20.76,20.64,20.76,0.16,0.7767,2291585,47484504,601,TWSE,etf,false,true,false,false,false,false,false,false,false,security_type=etf;symbol_not_4_digit
2025-12-05,00929,復華台灣科技優息,listed,17.75,17.79,17.69,17.73,-0.02,-0.1127,8026180,142195698,3581,TWSE,etf,false,true,false,false,false,false,false,false,false,security_type=etf;symbol_not_4_digit
2025-12-05,00930,永豐ESG低碳高息,listed,17.25,17.26,17.19,17.26,0.03,0.1741,1222286,21058966,251,TWSE,etf,false,true,false,false,false,false,false,false,false,security_type=etf;symbol_not_4_digit
2025-12-05,00932,兆豐永續高息等權,listed,14.28,14.28,14.2,14.22,-0.06,-0.4202,531975,7574186,236,TWSE,etf,false,true,false,false,false,false,false,false,false,security_type=etf;symbol_not_4_digit
2025-12-05,00934,中信成長高股息,listed,20.63,20.66,20.56,20.63,0.03,0.1456,1019091,21011992,517,TWSE,etf,false,true,false,false,false,false,false,false,false,security_type=etf;symbol_not_4_digit
2025-12-05,00935,野村臺灣新科技50,listed,29.01,29.22,29.01,29.22,0.3,1.0373,2555757,74517773,1098,TWSE,other,false,false,false,false,false,false,false,false,false,symbol_not_4_digit
2025-12-05,00936,台新永續高息中小,listed,15.76,15.76,15.64,15.68,-0.08,-0.5076,795598,12462852,522,TWSE,other,false,false,false,false,false,false,false,false,false,symbol_not_4_digit
2025-12-05,00938,凱基優選30,listed,16.59,16.6,16.55,16.59,0.04,0.2417,608599,10090811,195,TWSE,etf,false,true,false,false,false,false,false,false,false,security_type=etf;symbol_not_4_digit
2025-12-05,00939,統一台灣高息動能,listed,14.09,14.11,14.04,14.1,0.0,0.0,3313763,46654598,899,TWSE,etf,false,true,false,false,false,false,false,false,false,security_type=etf;symbol_not_4_digit
2025-12-05,00940,元大台灣價值高息,listed,9.3,9.31,9.26,9.29,0.0,0.0,15193249,141045224,3174,TWSE,etf,false,true,false,false,false,false,false,false,false,security_type=etf;symbol_not_4_digit
2025-12-05,00941,中信上游半導體,listed,17.28,17.28,17.22,17.28,-0.01,-0.0578,2721579,46944489,1038,TWSE,etf,false,true,false,false,false,false,false,false,false,security_type=etf;symbol_not_4_digit
2025-12-05,00943,兆豐電子高息等權,listed,14.5,14.5,14.44,14.48,-0.01,-0.069,54663,790668,102,TWSE,etf,false,true,false,false,false,false,false,false,false,security_type=etf;symbol_not_4_digit
2025-12-05,00944,野村趨勢動能高息,listed,14.27,14.29,14.21,14.29,0.04,0.2807,1103289,15735902,256,TWSE,other,false,false,false,false,false,false,false,false,false,symbol_not_4_digit
2025-12-05,00945B,凱基美國非投等債,listed,14.49,14.51,14.48,14.49,0.0,0.0,4124859,59788868,481,TWSE,bond_etf,false,true,true,true,false,false,false,false,false,security_type=bond_etf;symbol_not_4_digit
2025-12-05,00946,群益科技高息成長,listed,9.75,9.78,9.72,9.75,0.0,0.0,1186489,11556318,823,TWSE,etf,false,true,false,false,false,false,false,false,false,security_type=etf;symbol_not_4_digit
2025-12-05,00947,台新臺灣IC設計,listed,17.34,17.56,17.34,17.53,0.19,1.0957,912501,15910480,457,TWSE,other,false,false,false,false,false,false,false,false,false,symbol_not_4_digit
2025-12-05,00949,復華日本龍頭,listed,18.5,18.5,18.26,18.32,-0.26,-1.3994,836872,15316851,637,TWSE,etf,false,true,false,false,false,false,false,false,false,security_type=etf;symbol_not_4_digit
2025-12-05,00951,台新日本半導體,listed,11.25,11.33,11.24,11.33,0.02,0.1768,1757223,19806307,459,TWSE,other,false,false,false,false,false,false,false,false,false,symbol_not_4_digit
2025-12-05,00952,凱基台灣AI50,listed,11.61,11.69,11.61,11.68,0.1,0.8636,1514699,17660790,452,TWSE,etf,false,true,false,false,false,false,false,false,false,security_type=etf;symbol_not_4_digit
2025-12-05,00953B,群益優選非投等債,listed,9.68,9.69,9.67,9.67,-0.01,-0.1033,17140311,165874500,3479,TWSE,bond_etf,false,true,true,true,false,false,false,false,false,security_type=bond_etf;symbol_not_4_digit
2025-12-05,00954,中信日本半導體,listed,12.11,12.11,12.04,12.11,-0.01,-0.0825,1060831,12803862,544,TWSE,etf,false,true,false,false,false,false,false,false,false,security_type=etf;symbol_not_4_digit
2025-12-05,00956,中信日經高股息,listed,11.14,11.14,11.07,11.14,-0.05,-0.4468,57651,639364,173,TWSE,etf,false,true,false,false,false,false,false,false,false,security_type=etf;symbol_not_4_digit
2025-12-05,00960,野村全球航運龍頭,listed,14.28,14.32,14.23,14.26,-0.06,-0.419,915611,13055352,399,TWSE,other,false,false,false,false,false,false,false,false,false,symbol_not_4_digit
2025-12-05,00961,FT臺灣永續高息,listed,9.45,9.47,9.42,9.44,-0.03,-0.3168,2032474,19186001,394,TWSE,other,false,false,false,false,false,false,false,false,false,symbol_not_4_digit
2025-12-05,00962,台新AI優息動能,listed,10.81,10.9,10.81,10.83,0.03,0.2778,231534,2507268,187,TWSE,other,false,false,false,false,false,false,false,false,false,symbol_not_4_digit
2025-12-05,00963,中信全球高股息,listed,11.22,11.28,11.22,11.27,0.03,0.2669,204975,2309005,228,TWSE,etf,false,true,false,false,false,false,false,false,false,security_type=etf;symbol_not_4_digit
2025-12-05,00964,中信亞太高股息,listed,11.55,11.56,11.52,11.56,0.05,0.4344,742109,8557207,165,TWSE,etf,false,true,false,false,false,false,false,false,false,security_type=etf;symbol_not_4_digit
2025-12-05,00965,元大航太防衛科技,listed,22.35,22.42,22.31,22.41,0.21,0.9459,2585155,57786955,2272,TWSE,etf,false,true,false,false,false,false,false,false,false,security_type=etf;symbol_not_4_digit
2025-12-05,00971,野村美國研發龍頭,listed,17.23,17.23,17.2,17.22,0.03,0.1745,986659,16986825,523,TWSE,other,false,false,false,false,false,false,false,false,false,symbol_not_4_digit
2025-12-05,00972,野村日本動能高息,listed,17.66,17.66,17.5,17.6,-0.06,-0.3398,259907,4556140,60,TWSE,other,false,false,false,false,false,false,false,false,false,symbol_not_4_digit
2025-12-05,009800,中信NASDAQ,listed,11.17,11.2,11.17,11.19,0.04,0.3587,956915,10705857,586,TWSE,etf,false,true,false,false,false,false,false,false,false,security_type=etf;symbol_not_4_digit
2025-12-05,009801,中信美國創新科技,listed,11.3,11.34,11.3,11.33,0.09,0.8007,1345528,15229131,323,TWSE,etf,false,true,false,false,false,false,false,false,false,security_type=etf;symbol_not_4_digit
2025-12-05,009802,富邦旗艦50,listed,10.98,11.02,10.93,10.98,0.03,0.274,2757127,30268194,640,TWSE,etf,false,true,false,false,false,false,false,false,false,security_type=etf;symbol_not_4_digit
2025-12-05,009803,玉山市值動能50,listed,12.74,12.76,12.7,12.76,0.07,0.5516,2388973,30422466,544,TWSE,other,false,false,false,false,false,false,false,false,false,symbol_not_4_digit
2025-12-05,009804,聯邦台精彩50,listed,14.21,14.26,14.17,14.23,0.08,0.5654,471365,6701333,213,TWSE,other,false,false,false,false,false,false,false,false,false,symbol_not_4_digit
2025-12-05,009805,台新美國電力基建,listed,12.67,12.74,12.67,12.72,0.17,1.3546,4903964,62386822,1290,TWSE,other,false,false,false,false,false,false,false,false,false,symbol_not_4_digit
2025-12-05,009808,華南永昌優選50,listed,19.05,19.1,19.03,19.09,0.11,0.5796,735498,14014716,109,TWSE,other,false,false,false,false,false,false,false,false,false,symbol_not_4_digit
2025-12-05,009809,富邦淨零ESG50,listed,10.22,10.31,10.22,10.31,0.09,0.8806,1814139,18629150,184,TWSE,etf,false,true,false,false,false,false,false,false,false,security_type=etf;symbol_not_4_digit
2025-12-05,00980A,主動野村臺灣優選,listed,14.54,14.62,14.52,14.62,0.11,0.7581,11158308,162828477,1873,TWSE,etf,false,true,true,false,false,false,false,false,false,security_type=etf;symbol_not_4_digit
2025-12-05,009810,玉山全球藍籌100,listed,18.54,18.54,18.5,18.52,0.03,0.1622,212564,3934002,88,TWSE,other,false,false,false,false,false,false,false,false,false,symbol_not_4_digit
2025-12-05,009811,統一美國50,listed,11.76,11.79,11.76,11.78,0.03,0.2553,2872510,33821621,1098,TWSE,etf,false,true,false,false,false,false,false,false,false,security_type=etf;symbol_not_4_digit
2025-12-05,009812,野村日本東證,listed,10.62,10.62,10.54,10.58,-0.06,-0.5639,2239366,23633386,350,TWSE,other,false,false,false,false,false,false,false,false,false,symbol_not_4_digit
2025-12-05,009813,貝萊德標普卓越50,listed,10.57,10.59,10.56,10.57,0.03,0.2846,5610081,59331947,1240,TWSE,other,false,false,false,false,false,false,false,false,false,symbol_not_4_digit
2025-12-05,00981A,主動統一台股增長,listed,15.78,15.98,15.75,15.98,0.26,1.6539,73870486,1173320892,12880,TWSE,etf,false,true,true,false,false,false,false,false,false,security_type=etf;symbol_not_4_digit
2025-12-05,00981T,平衡凱基雙核收息,listed,10.43,10.45,10.43,10.45,0.03,0.2879,1960544,20462349,122,TWSE,etf,false,true,true,false,false,false,false,false,false,security_type=etf;symbol_not_4_digit
2025-12-05,00982A,主動群益台灣強棒,listed,13.48,13.62,13.45,13.62,0.2,1.4903,31385511,425483234,5620,TWSE,etf,false,true,true,false,false,false,false,false,false,security_type=etf;symbol_not_4_digit
2025-12-05,00982D,主動富邦動態入息,listed,10.15,10.16,10.15,10.15,0.0,0.0,171807,1743859,105,TWSE,etf,false,true,true,false,false,false,false,false,false,security_type=etf;symbol_not_4_digit
2025-12-05,00983A,主動中信ARK創新,listed,12.4,12.43,12.4,12.43,0.24,1.9688,6791751,84295157,1319,TWSE,etf,false,true,true,false,false,false,false,false,false,security_type=etf;symbol_not_4_digit
2025-12-05,00983D,主動富邦複合收益,listed,10.24,10.27,10.24,10.26,0.01,0.0976,928541,9519717,110,TWSE,etf,false,true,true,false,false,false,false,false,false,security_type=etf;symbol_not_4_digit
2025-12-05,00984A,主動安聯台灣高息,listed,10.51,10.56,10.5,10.56,0.05,0.4757,3565435,37565558,959,TWSE,etf,false,true,true,false,false,false,false,false,false,security_type=etf;symbol_not_4_digit
2025-12-05,00985A,主動野村台灣50,listed,12.63,12.7,12.62,12.7,0.09,0.7137,9671624,122552993,1435,TWSE,etf,false,true,true,false,false,false,false,false,false,security_type=etf;symbol_not_4_digit
2025-12-05,00985B,群益ESG投等債0-5,listed,10.25,10.25,10.24,10.25,0.01,0.0977,4008417,41062529,454,TWSE,bond_etf,false,true,true,true,false,false,false,false,false,security_type=bond_etf;symbol_not_4_digit
2025-12-05,00986A,主動台新龍頭成長,listed,11.42,11.51,11.42,11.51,0.09,0.7881,858758,9871278,322,TWSE,etf,false,true,true,false,false,false,false,false,false,security_type=etf;symbol_not_4_digit
2025-12-05,00988A,主動統一全球創新,listed,9.91,10.0,9.89,9.99,0.17,1.7312,16713488,166344925,2367,TWSE,etf,false,true,true,false,false,false,false,false,false,security_type=etf;symbol_not_4_digit
2025-12-05,00989A,主動摩根美國科技,listed,15.35,15.44,15.35,15.43,0.12,0.7838,1639384,25269114,456,TWSE,etf,false,true,true,false,false,false,false,false,false,security_type=etf;symbol_not_4_digit
2025-12-05,01001T,土銀富邦R1,listed,11.7,11.72,11.68,11.69,-0.03,-0.256,92155,1077789,22,TWSE,etf,false,true,true,false,false,false,false,false,false,security_type=etf;symbol_not_4_digit
2025-12-05,01002T,土銀國泰R1,listed,14.46,14.47,14.45,14.47,0.02,0.1384,55000,794890,5,TWSE,etf,false,true,true,false,false,false,false,false,false,security_type=etf;symbol_not_4_digit
2025-12-05,01004T,土銀富邦R2,listed,10.84,10.84,10.82,10.82,-0.02,-0.1845,44010,476919,12,TWSE,etf,false,true,true,false,false,false,false,false,false,security_type=etf;symbol_not_4_digit
2025-12-05,01007T,兆豐國泰R2,listed,13.3,13.31,13.22,13.22,-0.03,-0.2264,60000,795030,17,TWSE,etf,false,true,true,false,false,false,false,false,false,security_type=etf;symbol_not_4_digit
2025-12-05,01009T,王道圓滿R1,listed,7.05,7.05,7.05,7.05,0.01,0.142,9290,65491,3,TWSE,warrant,false,false,true,false,false,false,false,false,false,security_type=warrant;symbol_not_4_digit
2025-12-05,01010T,京城樂富R1,listed,10.03,10.03,10.03,10.03,0.01,0.0998,6000,60180,3,TWSE,warrant,false,false,true,false,false,false,false,false,false,security_type=warrant;symbol_not_4_digit
2025-12-05,020000,富邦特選蘋果N,listed,,,,,0.0,,0,0,0,TWSE,etf,false,true,false,false,false,false,false,false,false,security_type=etf;symbol_not_4_digit;invalid_close;invalid_volume;invalid_turnover
2025-12-05,020011,統一微波高息20N,listed,,,,,0.0,,0,0,0,TWSE,etf,false,true,false,false,false,false,false,false,false,security_type=etf;symbol_not_4_digit;invalid_close;invalid_volume;invalid_turnover
2025-12-05,020012,富邦行動通訊N,listed,,,,,0.0,,0,0,0,TWSE,etf,false,true,false,false,false,false,false,false,false,security_type=etf;symbol_not_4_digit;invalid_close;invalid_volume;invalid_turnover
2025-12-05,02001L,富邦蘋果正二N,listed,48.98,49.23,48.5,48.89,0.29,0.5967,28000,1365250,14,TWSE,etf,false,true,true,false,false,false,false,false,false,security_type=etf;symbol_not_4_digit
2025-12-05,02001R,富邦蘋果反一N,listed,0.87,0.87,0.87,0.87,0.0,0.0,2000,1740,1,TWSE,etf,false,true,true,false,false,false,false,false,false,security_type=etf;symbol_not_4_digit
2025-12-05,020020,元大台股領航N,listed,15.37,15.37,15.25,15.27,-0.02,-0.1308,9000,138010,3,TWSE,etf,false,true,false,false,false,false,false,false,false,security_type=etf;symbol_not_4_digit
2025-12-05,020028,元大特選電動車N,listed,,,,,0.0,,0,0,0,TWSE,etf,false,true,false,false,false,false,false,false,false,security_type=etf;symbol_not_4_digit;invalid_close;invalid_volume;invalid_turnover
2025-12-05,020029,元大ESG高股息N,listed,9.67,9.67,9.6,9.63,0.03,0.3125,7000,67440,4,TWSE,etf,false,true,false,false,false,false,false,false,false,security_type=etf;symbol_not_4_digit
2025-12-05,020030,統一智慧電動車N,listed,8.6,8.7,8.6,8.7,0.17,1.993,83000,720080,7,TWSE,etf,false,true,false,false,false,false,false,false,false,security_type=etf;symbol_not_4_digit
2025-12-05,020031,統一IC設計臺灣N,listed,6.15,6.15,6.12,6.13,-0.01,-0.1629,16000,98260,5,TWSE,etf,false,true,false,false,false,false,false,false,false,security_type=etf;symbol_not_4_digit
2025-12-05,020032,元大綠能N,listed,7.68,7.68,7.68,7.68,-0.06,-0.7752,2000,15360,1,TWSE,etf,false,true,false,false,false,false,false,false,false,security_type=etf;symbol_not_4_digit
2025-12-05,020034,元大IC設計N,listed,7.42,7.42,7.42,7.42,0.04,0.542,19000,140980,5,TWSE,etf,false,true,false,false,false,false,false,false,false,security_type=etf;symbol_not_4_digit
2025-12-05,020036,元大金融配息N,listed,,,,,0.0,,0,0,0,TWSE,etf,false,true,false,false,false,false,false,false,false,security_type=etf;symbol_not_4_digit;invalid_close;invalid_volume;invalid_turnover
2025-12-05,020037,元大金融高股息N,listed,7.9,7.9,7.9,7.9,0.01,0.1267,7000,55300,2,TWSE,etf,false,true,false,false,false,false,false,false,false,security_type=etf;symbol_not_4_digit
2025-12-05,020038,元大ESG配息N,listed,7.42,7.43,7.42,7.43,0.04,0.5413,3000,22280,3,TWSE,etf,false,true,false,false,false,false,false,false,false,security_type=etf;symbol_not_4_digit
2025-12-05,020039,元大加權N,listed,8.74,8.74,8.74,8.74,0.0,0.0,2000,17480,1,TWSE,etf,false,true,false,false,false,false,false,false,false,security_type=etf;symbol_not_4_digit
2025-12-05,1101,台泥,listed,23.0,23.0,22.4,22.7,-0.25,-1.0893,22930834,518462876,8800,TWSE,common_stock,true,false,false,false,false,false,false,false,true,
2025-12-05,1101B,台泥乙特,listed,45.6,45.6,45.6,45.6,0.2,0.4405,1247,56814,6,TWSE,warrant,false,false,true,false,false,false,false,false,false,security_type=warrant;symbol_not_4_digit
2025-12-05,1102,亞泥,listed,38.8,38.8,38.15,38.3,-0.45,-1.1613,2493435,95564731,3022,TWSE,common_stock,true,false,false,false,false,false,false,false,true,
2025-12-05,1103,嘉泥,listed,14.05,14.1,13.85,13.85,-0.3,-2.1201,384523,5355131,264,TWSE,common_stock,true,false,false,false,false,false,false,false,true,
2025-12-05,1104,環泥,listed,32.0,32.1,31.35,31.5,-0.45,-1.4085,553800,17462561,994,TWSE,common_stock,true,false,false,false,false,false,false,false,true,
2025-12-05,1108,幸福,listed,15.0,15.0,14.95,14.95,-0.05,-0.3333,79290,1186856,43,TWSE,common_stock,true,false,false,false,false,false,false,false,true,
2025-12-05,1109,信大,listed,15.65,15.7,15.6,15.65,-0.05,-0.3185,51379,804264,40,TWSE,common_stock,true,false,false,false,false,false,false,false,true,
2025-12-05,1110,東泥,listed,16.75,16.8,16.5,16.6,-0.15,-0.8955,201294,3335218,92,TWSE,common_stock,true,false,false,false,false,false,false,false,true,
2025-12-05,1201,味全,listed,14.95,14.95,14.85,14.9,-0.1,-0.6667,142532,2125542,142,TWSE,common_stock,true,false,false,false,false,false,false,false,true,
2025-12-05,1203,味王,listed,39.4,39.9,39.2,39.9,0.0,0.0,12559,498912,36,TWSE,common_stock,true,false,false,false,false,false,false,false,true,
2025-12-05,1210,大成,listed,52.7,52.7,52.2,52.6,0.3,0.5736,595966,31264167,636,TWSE,common_stock,true,false,false,false,false,false,false,false,true,
2025-12-05,1213,大飲,listed,10.15,10.25,10.0,10.25,0.05,0.4902,12239,123671,11,TWSE,common_stock,true,false,false,false,false,false,false,false,true,
2025-12-05,1215,卜蜂,listed,141.5,143.5,141.0,143.5,3.0,2.1352,449866,64110543,622,TWSE,common_stock,true,false,false,false,false,false,false,false,true,
2025-12-05,1216,統一,listed,75.5,76.4,75.4,76.4,0.7,0.9247,5753388,437201794,3276,TWSE,etf,false,true,false,false,false,false,false,false,false,security_type=etf
2025-12-05,1217,愛之味,listed,10.45,10.5,10.45,10.5,0.0,0.0,234870,2456768,149,TWSE,common_stock,true,false,false,false,false,false,false,false,true,
2025-12-05,1218,泰山,listed,18.25,18.25,18.05,18.15,0.0,0.0,483065,8759803,308,TWSE,common_stock,true,false,false,false,false,false,false,false,true,
2025-12-05,1219,福壽,listed,13.85,13.85,13.75,13.8,-0.05,-0.361,228522,3150030,182,TWSE,common_stock,true,false,false,false,false,false,false,false,true,
2025-12-05,1220,台榮,listed,12.6,12.6,12.4,12.55,-0.05,-0.3968,50370,629547,71,TWSE,common_stock,true,false,false,false,false,false,false,false,true,
2025-12-05,1225,福懋油,listed,30.65,30.65,30.3,30.55,0.05,0.1639,109375,3340109,154,TWSE,common_stock,true,false,false,false,false,false,false,false,true,
2025-12-05,1227,佳格,listed,31.1,31.1,30.85,30.9,-0.3,-0.9615,289469,8958018,346,TWSE,common_stock,true,false,false,false,false,false,false,false,true,
2025-12-05,1229,聯華,listed,47.2,47.3,47.0,47.2,-0.1,-0.2114,971876,45798176,1524,TWSE,common_stock,true,false,false,false,false,false,false,false,true,
2025-12-05,1231,聯華食,listed,99.3,100.0,99.1,99.2,0.0,0.0,150340,14963036,343,TWSE,common_stock,true,false,false,false,false,false,false,false,true,
2025-12-05,1232,大統益,listed,146.0,146.5,145.5,146.0,-1.0,-0.6803,37958,5544774,115,TWSE,common_stock,true,false,false,false,false,false,false,false,true,
2025-12-05,1233,天仁,listed,32.25,32.3,32.2,32.3,0.2,0.6231,5043,162690,9,TWSE,common_stock,true,false,false,false,false,false,false,false,true,
2025-12-05,1234,黑松,listed,38.2,38.25,38.0,38.0,0.1,0.2639,50911,1938001,114,TWSE,common_stock,true,false,false,false,false,false,false,false,true,
2025-12-05,1235,興泰,listed,48.75,49.0,48.5,49.0,1.1,2.2965,19324,940293,124,TWSE,common_stock,true,false,false,false,false,false,false,false,true,
2025-12-05,1236,宏亞,listed,24.75,25.25,24.7,24.9,0.05,0.2012,60068,1499859,69,TWSE,common_stock,true,false,false,false,false,false,false,false,true,
2025-12-05,1256,鮮活果汁-KY,listed,140.0,146.0,137.0,138.5,0.0,0.0,100579,14056939,315,TWSE,common_stock,true,false,false,false,false,false,false,false,true,
2025-12-05,1301,台塑,listed,42.6,42.6,41.6,42.15,-0.65,-1.5187,17922413,751743892,8629,TWSE,common_stock,true,false,false,false,false,false,false,false,true,
2025-12-05,1303,南亞,listed,62.8,63.9,61.9,63.4,0.0,0.0,91640083,5763672924,49438,TWSE,common_stock,true,false,false,false,false,false,false,false,true,
2025-12-05,1304,台聚,listed,11.95,11.95,11.5,11.6,-0.45,-3.7344,6870709,79928919,2453,TWSE,common_stock,true,false,false,false,false,false,false,false,true,
2025-12-05,1305,華夏,listed,11.8,11.8,11.3,11.45,-0.35,-2.9661,1346936,15436980,738,TWSE,common_stock,true,false,false,false,false,false,false,false,true,
2025-12-05,1307,三芳,listed,33.6,33.6,32.95,33.05,-0.55,-1.6369,821729,27209367,619,TWSE,common_stock,true,false,false,false,false,false,false,false,true,
2025-12-05,1308,亞聚,listed,14.0,14.0,13.5,13.7,-0.45,-3.1802,2731826,37322349,1325,TWSE,common_stock,true,false,false,false,false,false,false,false,true,
2025-12-05,1309,台達化,listed,12.4,12.45,12.1,12.15,-0.4,-3.1873,1862926,22787234,978,TWSE,common_stock,true,false,false,false,false,false,false,false,true,
2025-12-05,1310,台苯,listed,9.35,9.35,9.06,9.1,-0.19,-2.0452,1312835,11979672,637,TWSE,common_stock,true,false,false,false,false,false,false,false,true,
2025-12-05,1312,國喬,listed,11.65,11.65,11.3,11.4,-0.3,-2.5641,4892136,55808637,1614,TWSE,common_stock,true,false,false,false,false,false,false,false,true,
2025-12-05,1312A,國喬特,listed,,,,,0.0,,0,0,0,TWSE,warrant,false,false,true,false,false,false,false,false,false,security_type=warrant;symbol_not_4_digit;invalid_close;invalid_volume;invalid_turnover
2025-12-05,1313,聯成,listed,11.35,11.35,11.0,11.1,-0.35,-3.0568,4250244,47317394,1492,TWSE,common_stock,true,false,false,false,false,false,false,false,true,
2025-12-05,1314,中石化,listed,8.1,8.12,7.99,8.0,-0.1,-1.2346,19612635,157230916,4780,TWSE,common_stock,true,false,false,false,false,false,false,false,true,
2025-12-05,1315,達新,listed,64.8,65.0,64.8,65.0,-0.4,-0.6116,2020,131107,5,TWSE,common_stock,true,false,false,false,false,false,false,false,true,
2025-12-05,1316,上曜,listed,15.4,15.55,15.05,15.15,-0.25,-1.6234,1748502,26588877,839,TWSE,common_stock,true,false,false,false,false,false,false,false,true,
2025-12-05,1319,東陽,listed,97.3,98.4,95.3,96.0,-0.3,-0.3115,2200136,211699203,1948,TWSE,common_stock,true,false,false,false,false,false,false,false,true,
2025-12-05,1321,大洋,listed,35.9,35.95,35.7,35.95,-0.05,-0.1389,82000,2934650,48,TWSE,common_stock,true,false,false,false,false,false,false,false,true,
2025-12-05,1323,永裕,listed,19.6,19.6,19.55,19.55,-0.05,-0.2551,6562,127802,9,TWSE,common_stock,true,false,false,false,false,false,false,false,true,
2025-12-05,1324,地球,listed,10.65,10.65,10.5,10.65,0.0,0.0,49597,526255,158,TWSE,common_stock,true,false,false,false,false,false,false,false,true,
2025-12-05,1325,恆大,listed,32.65,32.65,31.95,32.1,-0.45,-1.3825,296773,9529712,269,TWSE,common_stock,true,false,false,false,false,false,false,false,true,
2025-12-05,1326,台化,listed,34.2,34.2,33.4,33.85,-0.6,-1.7417,12535142,422879411,6207,TWSE,common_stock,true,false,false,false,false,false,false,false,true,
2025-12-05,1337,再生-KY,listed,4.98,4.99,4.9,4.96,0.0,0.0,726346,3595865,174,TWSE,common_stock,true,false,false,false,false,false,false,false,true,
2025-12-05,1338,廣華-KY,listed,20.55,20.75,20.45,20.6,-0.1,-0.4831,27859,572085,58,TWSE,common_stock,true,false,false,false,false,false,false,false,true,
2025-12-05,1339,昭輝,listed,44.85,45.2,44.8,45.2,-0.1,-0.2208,26923,1210746,187,TWSE,common_stock,true,false,false,false,false,false,false,false,true,
2025-12-05,1340,勝悅-KY,listed,7.75,8.0,7.75,7.76,0.02,0.2584,665695,5262033,424,TWSE,common_stock,true,false,false,false,false,false,false,false,true,
2025-12-05,1341,富林-KY,listed,58.5,58.5,57.6,57.6,0.1,0.1739,2000,116100,2,TWSE,common_stock,true,false,false,false,false,false,false,false,true,
2025-12-05,1342,八貫,listed,87.9,88.7,87.7,87.9,0.7,0.8028,208524,18376702,299,TWSE,common_stock,true,false,false,false,false,false,false,false,true,
2025-12-05,1402,遠東新,listed,28.7,28.8,28.35,28.8,-0.1,-0.346,9356919,267292286,3690,TWSE,common_stock,true,false,false,false,false,false,false,false,true,
2025-12-05,1409,新纖,listed,15.4,15.45,15.05,15.1,-0.35,-2.2654,6402189,97076718,2285,TWSE,common_stock,true,false,false,false,false,false,false,false,true,
2025-12-05,1410,南染,listed,34.65,34.65,34.65,34.65,0.0,0.0,1001,34684,2,TWSE,common_stock,true,false,false,false,false,false,false,false,true,
2025-12-05,1413,宏洲,listed,10.1,10.1,10.1,10.1,-0.05,-0.4926,4147,41874,6,TWSE,common_stock,true,false,false,false,false,false,false,false,true,
2025-12-05,1414,東和,listed,17.9,18.2,17.45,17.45,-0.45,-2.514,321322,5646915,544,TWSE,common_stock,true,false,false,false,false,false,false,false,true,
2025-12-05,1416,廣豐,listed,11.8,11.8,11.6,11.7,0.0,0.0,92861,1085767,77,TWSE,common_stock,true,false,false,false,false,false,false,false,true,
2025-12-05,1417,嘉裕,listed,9.04,9.07,8.89,8.99,0.01,0.1114,156844,1405023,131,TWSE,common_stock,true,false,false,false,false,false,false,false,true,
2025-12-05,1418,東華,listed,20.05,20.05,20.0,20.0,0.0,0.0,2317,46396,19,TWSE,common_stock,true,false,false,false,false,false,false,false,true,
2025-12-05,1419,新紡,listed,71.1,72.9,70.2,71.6,0.3,0.4208,490509,35256990,847,TWSE,common_stock,true,false,false,false,false,false,false,false,true,
2025-12-05,1423,利華,listed,38.6,38.85,38.55,38.85,-0.1,-0.2567,10306,398463,17,TWSE,common_stock,true,false,false,false,false,false,false,false,true,
2025-12-05,1432,大魯閣,listed,18.3,18.45,18.0,18.35,0.15,0.8242,176565,3238068,329,TWSE,common_stock,true,false,false,false,false,false,false,false,true,
2025-12-05,1434,福懋,listed,16.45,16.45,16.2,16.35,-0.15,-0.9091,1461703,23809856,855,TWSE,common_stock,true,false,false,false,false,false,false,false,true,
2025-12-05,1435,中福,listed,,,,,0.0,,7,176,5,TWSE,other,false,false,false,false,false,false,false,false,false,invalid_close
2025-12-05,1436,華友聯,listed,64.0,64.3,63.6,64.0,0.4,0.6289,120699,7713873,212,TWSE,common_stock,true,false,false,false,false,false,false,false,true,
2025-12-05,1437,勤益控,listed,34.15,34.25,33.65,34.15,0.0,0.0,132735,4504861,124,TWSE,common_stock,true,false,false,false,false,false,false,false,true,
2025-12-05,1438,三地開發,listed,33.6,33.6,33.55,33.6,-0.3,-0.885,4378,147048,9,TWSE,common_stock,true,false,false,false,false,false,false,false,true,
2025-12-05,1439,雋揚,listed,28.25,28.25,27.0,27.15,-0.15,-0.5495,23966,656368,27,TWSE,common_stock,true,false,false,false,false,false,false,false,true,
2025-12-05,1440,南紡,listed,14.15,14.15,13.65,13.85,-0.15,-1.0714,1180279,16286252,659,TWSE,common_stock,true,false,false,false,false,false,false,false,true,
2025-12-05,1441,大東,listed,10.6,10.75,10.6,10.7,0.1,0.9434,32692,349496,149,TWSE,common_stock,true,false,false,false,false,false,false,false,true,
2025-12-05,1442,名軒,listed,32.55,32.55,31.5,32.2,0.0,0.0,286413,9115538,227,TWSE,common_stock,true,false,false,false,false,false,false,false,true,
2025-12-05,1443,立益物流,listed,27.1,27.2,27.1,27.2,0.05,0.1842,2013,54641,4,TWSE,common_stock,true,false,false,false,false,false,false,false,true,
2025-12-05,1444,力麗,listed,6.21,6.23,6.12,6.16,-0.04,-0.6452,317882,1957076,239,TWSE,common_stock,true,false,false,false,false,false,false,false,true,
2025-12-05,1445,大宇,listed,14.1,14.25,13.85,13.85,-0.1,-0.7168,12101,169187,12,TWSE,common_stock,true,false,false,false,false,false,false,false,true,
2025-12-05,1446,宏和,listed,18.4,18.45,18.05,18.05,-0.25,-1.3661,83213,1507669,72,TWSE,common_stock,true,false,false,false,false,false,false,false,true,
2025-12-05,1447,力鵬,listed,5.73,5.74,5.63,5.63,-0.07,-1.2281,371943,2108108,278,TWSE,common_stock,true,false,false,false,false,false,false,false,true,
2025-12-05,1449,佳和,listed,10.35,10.35,10.1,10.2,-0.15,-1.4493,311999,3177791,229,TWSE,common_stock,true,false,false,false,false,false,false,false,true,
2025-12-05,1451,年興,listed,17.2,17.4,17.2,17.35,0.05,0.289,112682,1953569,82,TWSE,common_stock,true,false,false,false,false,false,false,false,true,
2025-12-05,1452,宏益,listed,11.9,12.0,11.9,11.95,0.05,0.4202,151315,1814960,60,TWSE,common_stock,true,false,false,false,false,false,false,false,true,
2025-12-05,1453,大將,listed,12.35,12.35,12.25,12.25,-0.05,-0.4065,12296,151364,63,TWSE,common_stock,true,false,false,false,false,false,false,false,true,
2025-12-05,1454,台富,listed,13.75,13.75,13.65,13.65,0.0,0.0,2379,32628,12,TWSE,common_stock,true,false,false,false,false,false,false,false,true,
2025-12-05,1455,集盛,listed,7.95,7.95,7.9,7.94,-0.01,-0.1258,198847,1575218,170,TWSE,common_stock,true,false,false,false,false,false,false,false,true,
2025-12-05,1456,怡華,listed,12.95,13.2,12.8,13.2,-0.05,-0.3774,72000,930180,28,TWSE,common_stock,true,false,false,false,false,false,false,false,true,
2025-12-05,1457,宜進,listed,15.95,16.3,15.9,16.3,0.35,2.1944,110618,1776260,76,TWSE,common_stock,true,false,false,false,false,false,false,false,true,
2025-12-05,1459,聯發,listed,11.75,11.85,11.75,11.8,0.0,0.0,57527,680511,61,TWSE,common_stock,true,false,false,false,false,false,false,false,true,
2025-12-05,1460,宏遠,listed,6.19,6.19,6.12,6.15,0.0,0.0,641361,3950435,217,TWSE,common_stock,true,false,false,false,false,false,false,false,true,
2025-12-05,1463,強盛新,listed,19.65,19.8,19.55,19.7,0.05,0.2545,98219,1927334,98,TWSE,common_stock,true,false,false,false,false,false,false,false,true,
2025-12-05,1464,得力,listed,11.65,11.7,11.5,11.55,-0.1,-0.8584,368147,4256363,318,TWSE,common_stock,true,false,false,false,false,false,false,false,true,
2025-12-05,1465,偉全,listed,12.75,12.75,12.65,12.75,-0.05,-0.3906,69702,884819,91,TWSE,common_stock,true,false,false,false,false,false,false,false,true,
2025-12-05,1466,聚隆,listed,14.35,14.35,14.1,14.1,-0.25,-1.7422,138026,1960564,61,TWSE,common_stock,true,false,false,false,false,false,false,false,true,
2025-12-05,1467,南緯,listed,7.02,7.02,6.96,6.96,-0.07,-0.9957,268744,1879412,88,TWSE,common_stock,true,false,false,false,false,false,false,false,true,
2025-12-05,1468,昶和,listed,11.8,11.85,11.6,11.85,0.05,0.4237,39000,459700,21,TWSE,common_stock,true,false,false,false,false,false,false,false,true,
2025-12-05,1470,大統新創,listed,,,,,0.0,,0,0,0,TWSE,other,false,false,false,false,false,false,false,false,false,invalid_close;invalid_volume;invalid_turnover
2025-12-05,1471,首利,listed,8.99,8.99,8.8,8.91,0.04,0.451,111426,994554,97,TWSE,common_stock,true,false,false,false,false,false,false,false,true,
2025-12-05,1472,三洋實業,listed,90.8,91.0,90.7,90.7,-0.1,-0.1101,10073,914906,10,TWSE,common_stock,true,false,false,false,false,false,false,false,true,
2025-12-05,1473,台南,listed,24.65,24.95,24.5,24.5,-0.4,-1.6064,42917,1058425,142,TWSE,common_stock,true,false,false,false,false,false,false,false,true,
2025-12-05,1474,弘裕,listed,11.35,11.45,11.25,11.45,0.2,1.7778,55145,628348,197,TWSE,common_stock,true,false,false,false,false,false,false,false,true,
2025-12-05,1475,業旺,listed,36.65,36.65,35.0,35.2,-1.35,-3.6936,79976,2849358,187,TWSE,common_stock,true,false,false,false,false,false,false,false,true,
2025-12-05,1476,儒鴻,listed,424.0,425.5,410.5,419.0,-8.5,-1.9883,1397155,580716777,2338,TWSE,common_stock,true,false,false,false,false,false,false,false,true,
2025-12-05,1477,聚陽,listed,309.5,310.0,301.0,306.0,-3.5,-1.1309,946116,287725609,3979,TWSE,common_stock,true,false,false,false,false,false,false,false,true,
2025-12-05,1503,士電,listed,166.0,167.5,165.5,166.0,0.0,0.0,513967,85529838,1202,TWSE,common_stock,true,false,false,false,false,false,false,false,true,
2025-12-05,1504,東元,listed,89.6,89.6,87.5,88.7,-0.1,-0.1126,10790343,952755503,8300,TWSE,common_stock,true,false,false,false,false,false,false,false,true,
2025-12-05,1506,正道,listed,11.75,11.8,11.7,11.8,0.0,0.0,30313,355627,27,TWSE,common_stock,true,false,false,false,false,false,false,false,true,
2025-12-05,1512,瑞利,listed,7.51,7.59,7.5,7.59,0.0,0.0,32618,246579,22,TWSE,common_stock,true,false,false,false,false,false,false,false,true,
2025-12-05,1513,中興電,listed,148.0,148.5,147.0,147.5,0.0,0.0,1097002,161886006,1256,TWSE,common_stock,true,false,false,false,false,false,false,false,true,
2025-12-05,1514,亞力,listed,96.4,96.5,95.3,96.3,-0.1,-0.1037,843838,80921104,1178,TWSE,common_stock,true,false,false,false,false,false,false,false,true,
2025-12-05,1515,力山,listed,28.5,28.6,27.8,28.05,-0.55,-1.9231,165134,4635012,212,TWSE,common_stock,true,false,false,false,false,false,false,false,true,
2025-12-05,1516,川飛,listed,20.05,20.15,20.0,20.0,-0.05,-0.2494,30724,615408,49,TWSE,common_stock,true,false,false,false,false,false,false,false,true,
2025-12-05,1517,利奇,listed,11.75,11.75,11.3,11.45,-0.25,-2.1368,201089,2297726,276,TWSE,common_stock,true,false,false,false,false,false,false,false,true,
2025-12-05,1519,華城,listed,715.0,720.0,708.0,716.0,5.0,0.7032,1736086,1240653794,3542,TWSE,common_stock,true,false,false,false,false,false,false,false,true,
2025-12-05,1521,大億,listed,24.5,24.5,24.25,24.25,-0.15,-0.6148,3024,73641,6,TWSE,common_stock,true,false,false,false,false,false,false,false,true,
2025-12-05,1522,堤維西,listed,48.95,49.15,48.4,48.65,-0.2,-0.4094,810258,39446919,702,TWSE,common_stock,true,false,false,false,false,false,false,false,true,
2025-12-05,1522A,堤維西甲特,listed,,,,,0.0,,294,14272,2,TWSE,warrant,false,false,true,false,false,false,false,false,false,security_type=warrant;symbol_not_4_digit;invalid_close
2025-12-05,1524,耿鼎,listed,29.9,30.3,29.25,29.35,-0.4,-1.3445,782406,23173209,598,TWSE,common_stock,true,false,false,false,false,false,false,false,true,
2025-12-05,1525,江申,listed,66.8,66.8,65.8,65.9,0.1,0.152,24012,1583283,20,TWSE,common_stock,true,false,false,false,false,false,false,false,true,
2025-12-05,1526,日馳,listed,17.1,17.1,17.0,17.0,-0.05,-0.2933,27127,462585,49,TWSE,common_stock,true,false,false,false,false,false,false,false,true,
2025-12-05,1527,鑽全,listed,34.35,34.55,34.05,34.1,-0.4,-1.1594,150932,5163744,173,TWSE,common_stock,true,false,false,false,false,false,false,false,true,
2025-12-05,1528,恩德,listed,15.2,15.5,15.0,15.0,-0.1,-0.6623,2004547,30513694,1185,TWSE,common_stock,true,false,false,false,false,false,false,false,true,
2025-12-05,1529,樂事綠能,listed,19.35,19.35,19.0,19.0,-0.2,-1.0417,201302,3839587,171,TWSE,common_stock,true,false,false,false,false,false,false,false,true,
2025-12-05,1530,亞崴,listed,27.05,27.35,26.7,26.95,0.1,0.3724,72752,1956230,120,TWSE,common_stock,true,false,false,false,false,false,false,false,true,
2025-12-05,1531,高林股,listed,11.7,11.75,11.7,11.75,0.05,0.4274,116851,1371457,55,TWSE,common_stock,true,false,false,false,false,false,false,false,true,
2025-12-05,1532,勤美,listed,28.05,28.2,27.7,28.0,-0.1,-0.3559,507375,14151040,368,TWSE,common_stock,true,false,false,false,false,false,false,false,true,
2025-12-05,1533,車王電,listed,31.85,31.85,31.4,31.5,-0.35,-1.0989,46609,1473492,93,TWSE,common_stock,true,false,false,false,false,false,false,false,true,
2025-12-05,1535,中宇,listed,54.6,55.0,54.5,54.5,-0.3,-0.5474,17160,937098,24,TWSE,common_stock,true,false,false,false,false,false,false,false,true,
2025-12-05,1536,和大,listed,60.5,62.7,58.5,58.5,0.2,0.3431,8186598,493672096,6216,TWSE,common_stock,true,false,false,false,false,false,false,false,true,
2025-12-05,1537,廣隆,listed,123.5,125.0,123.0,125.0,1.5,1.2146,45479,5653158,59,TWSE,common_stock,true,false,false,false,false,false,false,false,true,
2025-12-05,1538,正峰,listed,27.05,28.3,26.15,27.15,0.1,0.3697,14460,399536,16,TWSE,common_stock,true,false,false,false,false,false,false,false,true,
2025-12-05,1539,巨庭,listed,17.4,17.4,17.05,17.15,-0.15,-0.8671,45460,782496,39,TWSE,common_stock,true,false,false,false,false,false,false,false,true,
2025-12-05,1540,喬福,listed,22.45,24.4,22.45,24.4,2.2,9.9099,1621940,39207805,930,TWSE,common_stock,true,false,false,false,false,false,false,false,true,
2025-12-05,1541,錩泰,listed,23.95,24.8,23.95,24.4,-0.2,-0.813,30025,735998,29,TWSE,common_stock,true,false,false,false,false,false,false,false,true,
2025-12-05,1558,伸興,listed,101.5,106.0,100.5,103.0,2.0,1.9802,515558,53329771,407,TWSE,common_stock,true,false,false,false,false,false,false,false,true,
2025-12-05,1560,中砂,listed,334.5,346.0,334.5,342.0,11.0,3.3233,6823953,2333321440,7508,TWSE,common_stock,true,false,false,false,false,false,false,false,true,
2025-12-05,1563,巧新,listed,41.75,41.9,41.3,41.9,0.15,0.3593,258668,10733525,224,TWSE,common_stock,true,false,false,false,false,false,false,false,true,
2025-12-05,1568,倉佑,listed,21.5,21.65,21.5,21.6,0.1,0.4651,47623,1028349,42,TWSE,common_stock,true,false,false,false,false,false,false,false,true,
2025-12-05,1582,信錦,listed,67.1,67.2,66.3,66.8,-0.3,-0.4471,225024,14986528,274,TWSE,common_stock,true,false,false,false,false,false,false,false,true,
2025-12-05,1583,程泰,listed,46.3,46.55,46.0,46.55,0.25,0.54,8406,388243,19,TWSE,common_stock,true,false,false,false,false,false,false,false,true,
2025-12-05,1587,吉茂,listed,46.35,46.7,43.8,43.8,-2.5,-5.3996,2093970,93631391,2679,TWSE,common_stock,true,false,false,false,false,false,false,false,true,
2025-12-05,1589,永冠-KY,listed,17.65,18.0,17.35,17.4,-0.2,-1.1364,540792,9499370,473,TWSE,common_stock,true,false,false,false,false,false,false,false,true,
2025-12-05,1590,亞德客-KY,listed,915.0,925.0,911.0,915.0,5.0,0.5495,801200,735295335,935,TWSE,common_stock,true,false,false,false,false,false,false,false,true,
2025-12-05,1597,直得,listed,75.9,78.5,73.4,73.4,-1.1,-1.4765,930952,70936824,1098,TWSE,common_stock,true,false,false,false,false,false,false,false,true,
2025-12-05,1598,岱宇,listed,22.25,22.3,21.8,22.2,-0.05,-0.2247,93346,2054338,66,TWSE,common_stock,true,false,false,false,false,false,false,false,true,
2025-12-05,1603,華電,listed,37.95,38.1,37.15,37.45,-0.35,-0.9259,399866,14923875,384,TWSE,common_stock,true,false,false,false,false,false,false,false,true,
2025-12-05,1604,聲寶,listed,24.7,24.8,24.6,24.8,0.05,0.202,168735,4167404,114,TWSE,common_stock,true,false,false,false,false,false,false,false,true,
2025-12-05,1605,華新,listed,30.65,30.75,29.75,30.35,-0.3,-0.9788,36977909,1116110840,16653,TWSE,common_stock,true,false,false,false,false,false,false,false,true,
2025-12-05,1608,華榮,listed,37.1,37.1,36.15,36.75,-0.45,-1.2097,9988174,364866627,7099,TWSE,common_stock,true,false,false,false,false,false,false,false,true,
2025-12-05,1609,大亞,listed,40.3,40.3,39.1,39.3,-0.5,-1.2563,2634807,103863907,3605,TWSE,common_stock,true,false,false,false,false,false,false,false,true,
2025-12-05,1611,中電,listed,12.5,12.5,12.2,12.25,-0.3,-2.3904,431935,5311998,327,TWSE,common_stock,true,false,false,false,false,false,false,false,true,
2025-12-05,1612,宏泰,listed,35.85,35.85,35.0,35.1,-0.4,-1.1268,919003,32352146,846,TWSE,common_stock,true,false,false,false,false,false,false,false,true,
2025-12-05,1614,三洋電,listed,34.5,34.5,34.25,34.5,0.2,0.5831,38000,1307600,26,TWSE,common_stock,true,false,false,false,false,false,false,false,true,
2025-12-05,1615,大山,listed,49.5,50.0,49.15,49.35,0.35,0.7143,190146,9399544,372,TWSE,common_stock,true,false,false,false,false,false,false,false,true,
2025-12-05,1616,億泰,listed,29.45,29.45,28.2,28.35,-1.3,-4.3845,2598294,74389454,1904,TWSE,common_stock,true,false,false,false,false,false,false,false,true,
2025-12-05,1617,榮星,listed,14.55,14.7,14.1,14.25,-0.45,-3.0612,205684,2946717,316,TWSE,common_stock,true,false,false,false,false,false,false,false,true,
2025-12-05,1618,合機,listed,42.4,42.4,41.35,41.5,-0.8,-1.8913,420170,17505695,608,TWSE,common_stock,true,false,false,false,false,false,false,false,true,
2025-12-05,1626,艾美特-KY,listed,11.8,11.95,11.55,11.85,0.05,0.4237,92630,1084682,80,TWSE,common_stock,true,false,false,false,false,false,false,false,true,
2025-12-05,1702,南僑,listed,38.25,38.4,37.9,38.1,-0.15,-0.3922,309135,11763884,360,TWSE,common_stock,true,false,false,false,false,false,false,false,true,
2025-12-05,1707,葡萄王,listed,129.5,130.0,129.0,130.0,0.5,0.3861,50699,6580080,128,TWSE,common_stock,true,false,false,false,false,false,false,false,true,
2025-12-05,1708,東鹼,listed,33.6,33.6,32.2,32.6,-1.05,-3.1204,3079461,100661627,2523,TWSE,common_stock,true,false,false,false,false,false,false,false,true,
2025-12-05,1709,和益,listed,16.85,16.95,16.75,16.95,0.0,0.0,121553,2043344,126,TWSE,common_stock,true,false,false,false,false,false,false,false,true,
2025-12-05,1710,東聯,listed,12.6,12.65,12.35,12.4,-0.25,-1.9763,966389,12005535,528,TWSE,common_stock,true,false,false,false,false,false,false,false,true,
2025-12-05,1711,永光,listed,18.35,18.45,17.9,18.1,-0.25,-1.3624,1344602,24291175,694,TWSE,common_stock,true,false,false,false,false,false,false,false,true,
2025-12-05,1712,興農,listed,42.9,43.35,42.9,43.05,0.1,0.2328,300775,12985283,322,TWSE,common_stock,true,false,false,false,false,false,false,false,true,
2025-12-05,1713,國化,listed,42.8,42.95,42.7,42.95,0.05,0.1166,59367,2543175,56,TWSE,common_stock,true,false,false,false,false,false,false,false,true,
2025-12-05,1714,和桐,listed,8.26,8.27,8.18,8.21,-0.04,-0.4848,649981,5335892,294,TWSE,common_stock,true,false,false,false,false,false,false,false,true,
2025-12-05,1717,長興,listed,39.45,39.95,39.05,39.9,0.55,1.3977,3406004,134570089,2035,TWSE,common_stock,true,false,false,false,false,false,false,false,true,
2025-12-05,1718,中纖,listed,7.11,7.12,6.92,6.98,-0.13,-1.8284,3233163,22602363,1340,TWSE,common_stock,true,false,false,false,false,false,false,false,true,
2025-12-05,1720,生達,listed,64.7,64.9,63.3,64.0,-0.5,-0.7752,336739,21570654,813,TWSE,common_stock,true,false,false,false,false,false,false,false,true,
2025-12-05,1721,三晃,listed,11.5,11.5,11.25,11.3,-0.25,-2.1645,232673,2644444,291,TWSE,common_stock,true,false,false,false,false,false,false,false,true,
2025-12-05,1722,台肥,listed,47.65,47.65,47.15,47.25,-0.4,-0.8395,2209682,104470366,1641,TWSE,common_stock,true,false,false,false,false,false,false,false,true,
2025-12-05,1723,中碳,listed,71.5,71.5,70.3,70.9,-0.8,-1.1158,675458,47761206,837,TWSE,common_stock,true,false,false,false,false,false,false,false,true,
2025-12-05,1725,元禎,listed,25.85,25.95,25.75,25.9,0.05,0.1934,15057,388989,20,TWSE,common_stock,true,false,false,false,false,false,false,false,true,
2025-12-05,1726,永記,listed,76.1,76.9,76.1,76.7,0.6,0.7884,16130,1237006,19,TWSE,common_stock,true,false,false,false,false,false,false,false,true,
2025-12-05,1727,中華化,listed,37.6,37.9,37.15,37.15,-0.3,-0.8011,1734127,64833962,1130,TWSE,common_stock,true,false,false,false,false,false,false,false,true,
2025-12-05,1730,花仙子,listed,53.3,53.4,53.3,53.3,0.1,0.188,33454,1784804,60,TWSE,common_stock,true,false,false,false,false,false,false,false,true,
2025-12-05,1731,美吾華,listed,21.95,21.95,21.85,21.9,-0.05,-0.2278,42201,924505,39,TWSE,common_stock,true,false,false,false,false,false,false,false,true,
2025-12-05,1732,毛寶,listed,29.1,29.15,28.95,28.95,-0.05,-0.1724,70337,2041175,72,TWSE,common_stock,true,false,false,false,false,false,false,false,true,
2025-12-05,1733,五鼎,listed,31.4,31.6,31.15,31.2,-0.2,-0.6369,109636,3434534,100,TWSE,common_stock,true,false,false,false,false,false,false,false,true,
2025-12-05,1734,杏輝,listed,31.0,31.0,30.45,30.75,-0.25,-0.8065,425137,13014969,1045,TWSE,common_stock,true,false,false,false,false,false,false,false,true,
2025-12-05,1735,日勝化,listed,14.7,14.7,14.55,14.6,-0.1,-0.6803,25558,373753,52,TWSE,common_stock,true,false,false,false,false,false,false,false,true,
2025-12-05,1736,喬山,listed,154.5,156.0,153.5,155.5,1.0,0.6472,212452,32894761,473,TWSE,common_stock,true,false,false,false,false,false,false,false,true,
2025-12-05,1737,臺鹽,listed,31.65,31.7,31.6,31.65,0.0,0.0,62429,1974440,74,TWSE,common_stock,true,false,false,false,false,false,false,false,true,
2025-12-05,1752,南光,listed,38.2,38.35,38.05,38.25,-0.1,-0.2608,37938,1447141,88,TWSE,common_stock,true,false,false,false,false,false,false,false,true,
2025-12-05,1760,寶齡富錦,listed,68.1,68.2,66.5,66.7,-1.0,-1.4771,117891,7927528,226,TWSE,common_stock,true,false,false,false,false,false,false,false,true,
2025-12-05,1762,中化生,listed,24.95,25.05,24.95,24.95,-0.25,-0.9921,85807,2145367,117,TWSE,common_stock,true,false,false,false,false,false,false,false,true,
2025-12-05,1773,勝一,listed,138.5,138.5,135.5,137.0,-1.5,-1.083,260765,35580385,2826,TWSE,common_stock,true,false,false,false,false,false,false,false,true,
2025-12-05,1776,展宇,listed,15.05,15.1,15.0,15.1,0.0,0.0,9411,141615,9,TWSE,common_stock,true,false,false,false,false,false,false,false,true,
2025-12-05,1783,和康生,listed,42.8,43.5,42.8,43.3,0.25,0.5807,49119,2126892,44,TWSE,common_stock,true,false,false,false,false,false,false,false,true,
2025-12-05,1786,科妍,listed,79.8,79.8,78.5,78.9,-0.7,-0.8794,114348,9040242,167,TWSE,common_stock,true,false,false,false,false,false,false,false,true,
2025-12-05,1789,神隆,listed,17.7,17.8,17.3,17.3,-0.5,-2.809,791288,13857006,412,TWSE,common_stock,true,false,false,false,false,false,false,false,true,
2025-12-05,1795,美時,listed,297.5,300.5,296.5,297.5,-0.5,-0.1678,1750065,522125651,2356,TWSE,common_stock,true,false,false,false,false,false,false,false,true,
2025-12-05,1802,台玻,listed,34.85,36.45,34.2,36.45,1.8,5.1948,100694952,3569638025,44522,TWSE,common_stock,true,false,false,false,false,false,false,false,true,
2025-12-05,1805,寶徠,listed,11.6,11.6,11.4,11.55,-0.05,-0.431,67280,770840,51,TWSE,common_stock,true,false,false,false,false,false,false,false,true,
2025-12-05,1806,冠軍,listed,9.13,9.14,9.07,9.1,-0.04,-0.4376,111336,1013740,96,TWSE,common_stock,true,false,false,false,false,false,false,false,true,
2025-12-05,1808,潤隆,listed,31.9,32.75,31.75,32.6,0.6,1.875,1228457,39502123,1776,TWSE,common_stock,true,false,false,false,false,false,false,false,true,
2025-12-05,1809,中釉,listed,18.0,18.0,17.8,17.85,-0.1,-0.5571,164543,2939977,137,TWSE,common_stock,true,false,false,false,false,false,false,false,true,
2025-12-05,1810,和成,listed,17.4,17.5,17.15,17.15,-0.2,-1.1527,541730,9336093,349,TWSE,common_stock,true,false,false,false,false,false,false,false,true,
2025-12-05,1817,凱撒衛,listed,38.75,38.85,38.55,38.55,-0.1,-0.2587,22226,862011,36,TWSE,common_stock,true,false,false,false,false,false,false,false,true,
2025-12-05,1903,士紙,listed,56.8,57.2,56.6,56.8,-0.1,-0.1757,160439,9129627,161,TWSE,common_stock,true,false,false,false,false,false,false,false,true,
2025-12-05,1904,正隆,listed,18.7,18.8,18.5,18.5,-0.2,-1.0695,542903,10075668,635,TWSE,common_stock,true,false,false,false,false,false,false,false,true,
2025-12-05,1905,華紙,listed,12.35,12.35,12.0,12.1,-0.2,-1.626,907233,11007582,544,TWSE,common_stock,true,false,false,false,false,false,false,false,true,
2025-12-05,1906,寶隆,listed,12.3,12.4,12.3,12.3,-0.05,-0.4049,18873,232768,59,TWSE,common_stock,true,false,false,false,false,false,false,false,true,
2025-12-05,1907,永豐餘,listed,26.95,26.95,26.55,26.85,-0.2,-0.7394,1029660,27505701,1034,TWSE,etf,false,true,false,false,false,false,false,false,false,security_type=etf
2025-12-05,1909,榮成,listed,11.0,11.1,10.8,10.85,-0.15,-1.3636,2337339,25407311,638,TWSE,common_stock,true,false,false,false,false,false,false,false,true,
2025-12-05,2002,中鋼,listed,18.8,18.85,18.6,18.7,-0.2,-1.0582,16831451,314350373,6451,TWSE,common_stock,true,false,false,false,false,false,false,false,true,
2025-12-05,2002A,中鋼特,listed,38.8,38.85,38.8,38.8,-0.1,-0.2571,34046,1321037,11,TWSE,warrant,false,false,true,false,false,false,false,false,false,security_type=warrant;symbol_not_4_digit
2025-12-05,2006,東和鋼鐵,listed,72.5,72.8,71.4,72.8,0.8,1.1111,2571942,186206908,2658,TWSE,common_stock,true,false,false,false,false,false,false,false,true,
2025-12-05,2007,燁興,listed,7.4,7.42,7.31,7.35,0.04,0.5472,143429,1056828,83,TWSE,common_stock,true,false,false,false,false,false,false,false,true,
2025-12-05,2008,高興昌,listed,29.2,29.9,29.2,29.8,0.45,1.5332,26813,795531,40,TWSE,common_stock,true,false,false,false,false,false,false,false,true,
2025-12-05,2009,第一銅,listed,48.0,48.75,45.2,45.85,-1.9,-3.9791,44938953,2099596722,25541,TWSE,common_stock,true,false,false,false,false,false,false,false,true,
2025-12-05,2010,春源,listed,20.5,20.5,20.25,20.45,0.0,0.0,603128,12281215,329,TWSE,common_stock,true,false,false,false,false,false,false,false,true,
2025-12-05,2012,春雨,listed,15.1,15.1,15.0,15.1,0.0,0.0,18063,271817,56,TWSE,common_stock,true,false,false,false,false,false,false,false,true,
2025-12-05,2013,中鋼構,listed,42.5,42.5,42.0,42.35,-0.2,-0.47,74942,3168520,96,TWSE,common_stock,true,false,false,false,false,false,false,false,true,
2025-12-05,2014,中鴻,listed,15.55,15.55,15.2,15.35,-0.25,-1.6026,2658946,40695642,1186,TWSE,common_stock,true,false,false,false,false,false,false,false,true,
2025-12-05,2015,豐興,listed,63.2,63.8,62.8,63.0,-0.9,-1.4085,208211,13148618,355,TWSE,common_stock,true,false,false,false,false,false,false,false,true,
2025-12-05,2017,官田鋼,listed,8.83,8.83,8.57,8.57,-0.29,-3.2731,358240,3100131,286,TWSE,common_stock,true,false,false,false,false,false,false,false,true,
2025-12-05,2020,美亞,listed,23.3,23.3,23.05,23.15,-0.25,-1.0684,143405,3320705,197,TWSE,common_stock,true,false,false,false,false,false,false,false,true,
2025-12-05,2022,聚亨,listed,8.4,8.4,8.25,8.34,-0.04,-0.4773,318693,2653298,163,TWSE,common_stock,true,false,false,false,false,false,false,false,true,
2025-12-05,2023,燁輝,listed,15.1,15.2,15.0,15.05,-0.1,-0.6601,1050445,15821930,407,TWSE,common_stock,true,false,false,false,false,false,false,false,true,
2025-12-05,2024,志聯,listed,15.7,15.7,15.7,15.7,-0.25,-1.5674,1092,17131,33,TWSE,common_stock,true,false,false,false,false,false,false,false,true,
2025-12-05,2025,千興,listed,9.99,9.99,9.63,9.68,-0.17,-1.7259,55145,536987,100,TWSE,common_stock,true,false,false,false,false,false,false,false,true,
2025-12-05,2027,大成鋼,listed,39.0,39.0,38.3,38.7,-0.15,-0.3861,8933229,344662823,5355,TWSE,common_stock,true,false,false,false,false,false,false,false,true,
2025-12-05,2028,威致,listed,16.75,16.8,16.45,16.6,-0.1,-0.5988,39667,658301,53,TWSE,common_stock,true,false,false,false,false,false,false,false,true,
2025-12-05,2029,盛餘,listed,20.9,20.9,20.7,20.8,-0.2,-0.9524,97973,2035074,117,TWSE,common_stock,true,false,false,false,false,false,false,false,true,
2025-12-05,2030,彰源,listed,13.95,14.1,13.9,13.9,-0.1,-0.7143,118440,1652348,84,TWSE,common_stock,true,false,false,false,false,false,false,false,true,
2025-12-05,2031,新光鋼,listed,39.05,39.1,38.55,38.85,-0.2,-0.5122,410320,15869530,341,TWSE,common_stock,true,false,false,false,false,false,false,false,true,
2025-12-05,2032,新鋼,listed,14.55,14.6,14.15,14.3,-0.3,-2.0548,249754,3580892,152,TWSE,common_stock,true,false,false,false,false,false,false,false,true,
2025-12-05,2033,佳大,listed,15.75,15.9,15.7,15.7,0.05,0.3195,293107,4618378,136,TWSE,common_stock,true,false,false,false,false,false,false,false,true,
2025-12-05,2034,允強,listed,20.65,20.65,20.05,20.2,-0.45,-2.1792,1665664,33707156,819,TWSE,common_stock,true,false,false,false,false,false,false,false,true,
2025-12-05,2038,海光,listed,14.3,14.3,14.05,14.1,-0.2,-1.3986,140908,1993194,90,TWSE,common_stock,true,false,false,false,false,false,false,false,true,
2025-12-05,2049,上銀,listed,198.0,204.5,198.0,198.5,2.5,1.2755,3552941,713993608,4115,TWSE,common_stock,true,false,false,false,false,false,false,false,true,
2025-12-05,2059,川湖,listed,3520.0,3570.0,3450.0,3460.0,-30.0,-0.8596,798639,2800181555,3865,TWSE,common_stock,true,false,false,false,false,false,false,false,true,
2025-12-05,2062,橋椿,listed,20.9,21.2,20.7,20.8,0.0,0.0,133231,2777034,102,TWSE,common_stock,true,false,false,false,false,false,false,false,true,
2025-12-05,2069,運錩,listed,16.9,16.9,16.5,16.8,0.05,0.2985,251492,4200752,166,TWSE,common_stock,true,false,false,false,false,false,false,false,true,
2025-12-05,2101,南港,listed,38.6,38.8,37.95,38.45,-0.2,-0.5175,1344895,51405278,958,TWSE,common_stock,true,false,false,false,false,false,false,false,true,
2025-12-05,2102,泰豐,listed,20.7,20.75,20.55,20.55,-0.15,-0.7246,344942,7121880,226,TWSE,common_stock,true,false,false,false,false,false,false,false,true,
2025-12-05,2103,台橡,listed,15.65,15.65,15.25,15.3,-0.45,-2.8571,1964252,30174800,833,TWSE,common_stock,true,false,false,false,false,false,false,false,true,
2025-12-05,2104,國際中橡,listed,10.55,10.55,10.25,10.3,-0.25,-2.3697,2335239,24172627,873,TWSE,common_stock,true,false,false,false,false,false,false,false,true,
2025-12-05,2105,正新,listed,31.5,31.5,30.9,31.3,-0.2,-0.6349,8144588,253649974,4220,TWSE,common_stock,true,false,false,false,false,false,false,false,true,
2025-12-05,2106,建大,listed,20.5,20.75,20.35,20.65,0.1,0.4866,618614,12686213,319,TWSE,common_stock,true,false,false,false,false,false,false,false,true,
2025-12-05,2107,厚生,listed,23.9,24.1,23.9,24.1,0.15,0.6263,147613,3544288,133,TWSE,common_stock,true,false,false,false,false,false,false,false,true,
2025-12-05,2108,南帝,listed,23.35,23.35,23.0,23.15,-0.25,-1.0684,227276,5249708,262,TWSE,common_stock,true,false,false,false,false,false,false,false,true,
2025-12-05,2109,華豐,listed,15.25,15.25,15.2,15.2,-0.1,-0.6536,47435,721270,83,TWSE,common_stock,true,false,false,false,false,false,false,false,true,
2025-12-05,2114,鑫永銓,listed,89.7,89.8,89.6,89.7,0.2,0.2235,19294,1729988,30,TWSE,common_stock,true,false,false,false,false,false,false,false,true,
2025-12-05,2115,六暉-KY,listed,25.0,25.0,25.0,25.0,0.0,0.0,22164,554100,28,TWSE,common_stock,true,false,false,false,false,false,false,false,true,
2025-12-05,2201,裕隆,listed,35.15,35.15,34.25,34.6,0.0,0.0,1605349,55401339,1176,TWSE,common_stock,true,false,false,false,false,false,false,false,true,
2025-12-05,2204,中華,listed,60.4,60.4,60.0,60.2,-0.3,-0.4959,410300,24683364,586,TWSE,common_stock,true,false,false,false,false,false,false,false,true,
2025-12-05,2206,三陽工業,listed,61.4,61.6,61.2,61.4,0.1,0.1631,308507,18954797,296,TWSE,common_stock,true,false,false,false,false,false,false,false,true,
2025-12-05,2207,和泰車,listed,585.0,590.0,583.0,588.0,0.0,0.0,137895,80887728,1832,TWSE,common_stock,true,false,false,false,false,false,false,false,true,
2025-12-05,2208,台船,listed,21.4,21.4,20.95,21.0,-0.3,-1.4085,2813151,59231575,1880,TWSE,common_stock,true,false,false,false,false,false,false,false,true,
2025-12-05,2211,長榮鋼,listed,119.5,120.0,118.5,118.5,-1.0,-0.8368,509446,60530580,520,TWSE,common_stock,true,false,false,false,false,false,false,false,true,
2025-12-05,2227,裕日車,listed,55.9,57.0,55.5,56.0,0.1,0.1789,32379,1820157,97,TWSE,common_stock,true,false,false,false,false,false,false,false,true,
2025-12-05,2228,劍麟,listed,104.0,104.5,101.0,101.0,-2.0,-1.9417,1905727,195835392,1658,TWSE,common_stock,true,false,false,false,false,false,false,false,true,
2025-12-05,2231,為升,listed,98.2,99.2,97.0,97.4,-0.7,-0.7136,384767,37652844,490,TWSE,common_stock,true,false,false,false,false,false,false,false,true,
2025-12-05,2233,宇隆,listed,196.5,205.0,195.0,195.0,3.0,1.5625,2086058,416322715,2104,TWSE,common_stock,true,false,false,false,false,false,false,false,true,
2025-12-05,2236,百達-KY,listed,99.6,105.5,98.2,104.5,4.7,4.7094,597604,61414908,629,TWSE,common_stock,true,false,false,false,false,false,false,false,true,
2025-12-05,2239,英利-KY,listed,36.9,36.9,34.75,35.6,-1.3,-3.523,366577,13086286,297,TWSE,common_stock,true,false,false,false,false,false,false,false,true,
2025-12-05,2241,艾姆勒,listed,40.65,40.65,38.65,39.1,-1.75,-4.284,1622534,63844836,2333,TWSE,common_stock,true,false,false,false,false,false,false,false,true,
2025-12-05,2243,宏旭-KY,listed,10.85,11.15,10.85,11.0,0.0,0.0,47463,525177,39,TWSE,common_stock,true,false,false,false,false,false,false,false,true,
2025-12-05,2247,汎德永業,listed,295.5,297.0,295.5,296.0,0.0,0.0,34816,10312797,101,TWSE,common_stock,true,false,false,false,false,false,false,false,true,
2025-12-05,2248,華勝-KY,listed,49.1,49.75,49.1,49.65,-0.1,-0.201,15008,744348,15,TWSE,common_stock,true,false,false,false,false,false,false,false,true,
2025-12-05,2250,IKKA-KY,listed,78.3,80.5,76.1,76.1,-0.2,-0.2621,314429,24496490,559,TWSE,common_stock,true,false,false,false,false,false,false,false,true,
2025-12-05,2254,巨鎧精密-創,listed,59.9,59.9,59.9,59.9,0.1,0.1672,2000,119800,2,TWSE,common_stock,true,false,false,false,false,false,false,false,true,
2025-12-05,2258,鴻華先進-創,listed,40.2,40.2,39.65,40.0,0.1,0.2506,329659,13122321,252,TWSE,common_stock,true,false,false,false,false,false,false,false,true,
2025-12-05,2301,光寶科,listed,162.5,164.5,159.0,160.0,-2.0,-1.2346,9904010,1595488361,7953,TWSE,common_stock,true,false,false,false,false,false,false,false,true,
2025-12-05,2302,麗正,listed,19.25,19.25,18.85,18.85,-0.15,-0.7895,452134,8600467,280,TWSE,common_stock,true,false,false,false,false,false,false,false,true,
2025-12-05,2303,聯電,listed,48.05,49.3,48.0,48.9,0.9,1.875,83118521,4049427296,32960,TWSE,common_stock,true,false,false,false,false,false,false,false,true,
2025-12-05,2305,全友,listed,10.7,10.8,10.4,10.4,-0.25,-2.3474,652403,6887664,425,TWSE,common_stock,true,false,false,false,false,false,false,false,true,
2025-12-05,2308,台達電,listed,998.0,1005.0,973.0,979.0,-20.0,-2.002,9899996,9746522897,30560,TWSE,common_stock,true,false,false,false,false,false,false,false,true,
2025-12-05,2312,金寶,listed,22.85,23.0,22.5,22.8,0.0,0.0,13694093,310891765,5297,TWSE,common_stock,true,false,false,false,false,false,false,false,true,
2025-12-05,2313,華通,listed,83.8,84.4,83.0,84.0,0.1,0.1192,5264961,440785492,4052,TWSE,common_stock,true,false,false,false,false,false,false,false,true,
2025-12-05,2314,台揚,listed,24.1,24.4,24.1,24.15,0.05,0.2075,150631,3656687,173,TWSE,common_stock,true,false,false,false,false,false,false,false,true,
2025-12-05,2316,楠梓電,listed,103.5,104.5,101.5,104.0,1.0,0.9709,3045066,314369146,2531,TWSE,common_stock,true,false,false,false,false,false,false,false,true,
2025-12-05,2317,鴻海,listed,229.0,231.5,228.5,231.0,2.5,1.0941,35103317,8092547584,31120,TWSE,common_stock,true,false,false,false,false,false,false,false,true,
2025-12-05,2321,東訊,listed,16.75,16.75,16.75,16.75,-0.35,-2.0468,2716,45273,10,TWSE,common_stock,true,false,false,false,false,false,false,false,true,
2025-12-05,2323,中環,listed,9.74,9.79,9.53,9.62,-0.13,-1.3333,4532345,43555863,1695,TWSE,common_stock,true,false,false,false,false,false,false,false,true,
2025-12-05,2324,仁寶,listed,30.45,30.55,30.15,30.3,-0.1,-0.3289,12666270,383581106,6249,TWSE,common_stock,true,false,false,false,false,false,false,false,true,
2025-12-05,2327,國巨*,listed,236.5,238.0,235.0,237.0,1.0,0.4237,14793856,3502978259,14682,TWSE,common_stock,true,false,false,false,false,false,false,false,true,
2025-12-05,2328,廣宇,listed,48.8,49.6,48.6,48.8,0.35,0.7224,8399131,412610642,5567,TWSE,common_stock,true,false,false,false,false,false,false,false,true,
2025-12-05,2329,華泰,listed,45.4,46.3,45.2,46.3,0.95,2.0948,3506496,160592265,2585,TWSE,common_stock,true,false,false,false,false,false,false,false,true,
2025-12-05,2330,台積電,listed,1445.0,1460.0,1440.0,1460.0,15.0,1.0381,22539737,32677962256,35327,TWSE,common_stock,true,false,false,false,false,false,false,false,true,
2025-12-05,2331,精英,listed,21.35,21.45,21.05,21.05,-0.3,-1.4052,1409199,29846965,853,TWSE,common_stock,true,false,false,false,false,false,false,false,true,
2025-12-05,2332,友訊,listed,15.8,15.85,15.6,15.85,0.0,0.0,1292578,20290901,767,TWSE,common_stock,true,false,false,false,false,false,false,false,true,
2025-12-05,2337,旺宏,listed,33.0,34.1,32.25,33.9,1.0,3.0395,74166349,2483512082,29262,TWSE,common_stock,true,false,false,false,false,false,false,false,true,
2025-12-05,2338,光罩,listed,35.85,36.0,35.2,35.4,-0.5,-1.3928,439334,15581477,425,TWSE,common_stock,true,false,false,false,false,false,false,false,true,
2025-12-05,2340,台亞,listed,26.7,26.7,26.2,26.5,-0.05,-0.1883,1043448,27525278,741,TWSE,common_stock,true,false,false,false,false,false,false,false,true,
2025-12-05,2342,茂矽,listed,29.35,29.5,28.7,29.0,-0.35,-1.1925,849999,24677517,930,TWSE,common_stock,true,false,false,false,false,false,false,false,true,
2025-12-05,2344,華邦電,listed,58.1,62.8,56.4,61.8,4.0,6.9204,343693196,20477805446,157574,TWSE,common_stock,true,false,false,false,false,false,false,false,true,
2025-12-05,2345,智邦,listed,974.0,995.0,951.0,990.0,25.0,2.5907,4700921,4587461642,9923,TWSE,common_stock,true,false,false,false,false,false,false,false,true,
2025-12-05,2347,聯強,listed,62.3,62.3,60.9,60.9,-1.4,-2.2472,4387432,268320459,3117,TWSE,common_stock,true,false,false,false,false,false,false,false,true,
2025-12-05,2348,海悅,listed,82.3,83.5,81.5,82.7,0.6,0.7308,313870,25959433,386,TWSE,common_stock,true,false,false,false,false,false,false,false,true,
2025-12-05,2348A,海悅甲特,listed,,,,,0.0,,0,0,0,TWSE,warrant,false,false,true,false,false,false,false,false,false,security_type=warrant;symbol_not_4_digit;invalid_close;invalid_volume;invalid_turnover
2025-12-05,2349,錸德,listed,11.35,11.45,10.65,10.85,0.0,0.0,21311127,235814273,6554,TWSE,common_stock,true,false,false,false,false,false,false,false,true,
2025-12-05,2351,順德,listed,80.0,80.0,77.7,78.5,-0.7,-0.8838,730728,57359475,800,TWSE,common_stock,true,false,false,false,false,false,false,false,true,
2025-12-05,2352,佳世達,listed,28.45,28.5,27.55,27.55,-0.6,-2.1314,4178694,116464455,5863,TWSE,common_stock,true,false,false,false,false,false,false,false,true,
2025-12-05,2353,宏碁,listed,27.5,27.5,27.0,27.05,-0.45,-1.6364,28120013,762484573,13189,TWSE,common_stock,true,false,false,false,false,false,false,false,true,
2025-12-05,2354,鴻準,listed,66.5,66.7,65.7,66.0,-0.3,-0.4525,3715354,245987316,2835,TWSE,common_stock,true,false,false,false,false,false,false,false,true,
2025-12-05,2355,敬鵬,listed,31.95,32.25,31.55,31.8,-0.15,-0.4695,659180,20971977,583,TWSE,common_stock,true,false,false,false,false,false,false,false,true,
2025-12-05,2356,英業達,listed,46.15,48.0,45.9,47.1,1.05,2.2801,49516966,2335484185,31495,TWSE,common_stock,true,false,false,false,false,false,false,false,true,
2025-12-05,2357,華碩,listed,611.0,614.0,603.0,609.0,2.0,0.3295,2230728,1358151272,3157,TWSE,common_stock,true,false,false,false,false,false,false,false,true,
2025-12-05,2359,所羅門,listed,144.5,147.0,135.5,136.5,-2.0,-1.444,28457312,4060129667,20385,TWSE,common_stock,true,false,false,false,false,false,false,false,true,
2025-12-05,2360,致茂,listed,776.0,800.0,776.0,796.0,20.0,2.5773,2177459,1724633417,3093,TWSE,common_stock,true,false,false,false,false,false,false,false,true,
2025-12-05,2362,藍天,listed,41.1,41.45,40.2,40.25,-0.95,-2.3058,974772,39540357,712,TWSE,common_stock,true,false,false,false,false,false,false,false,true,
2025-12-05,2363,矽統,listed,49.4,50.1,49.2,49.55,0.35,0.7114,2716405,134688170,2367,TWSE,common_stock,true,false,false,false,false,false,false,false,true,
2025-12-05,2364,倫飛,listed,68.9,70.4,68.0,68.5,-0.4,-0.5806,152846,10505872,848,TWSE,common_stock,true,false,false,false,false,false,false,false,true,
2025-12-05,2365,昆盈,listed,38.2,40.6,38.05,38.65,1.65,4.4595,54718117,2140899817,31395,TWSE,common_stock,true,false,false,false,false,false,false,false,true,
2025-12-05,2367,燿華,listed,24.3,24.4,24.05,24.2,0.0,0.0,1505187,36347897,756,TWSE,common_stock,true,false,false,false,false,false,false,false,true,
2025-12-05,2368,金像電,listed,582.0,598.0,575.0,596.0,14.0,2.4055,10012733,5886367175,13155,TWSE,common_stock,true,false,false,false,false,false,false,false,true,
2025-12-05,2369,菱生,listed,22.6,23.5,22.0,22.35,0.45,2.0548,35457155,806239597,17732,TWSE,common_stock,true,false,false,false,false,false,false,false,true,
2025-12-05,2371,大同,listed,32.25,32.5,32.1,32.25,0.1,0.311,8977598,289699559,3407,TWSE,common_stock,true,false,false,false,false,false,false,false,true,
2025-12-05,2373,震旦行,listed,56.9,57.1,56.7,57.1,0.6,1.0619,25423,1447164,52,TWSE,common_stock,true,false,false,false,false,false,false,false,true,
2025-12-05,2374,佳能,listed,82.5,84.8,81.2,81.5,-1.9,-2.2782,25977703,2154258030,26176,TWSE,common_stock,true,false,false,false,false,false,false,false,true,
2025-12-05,2375,凱美,listed,93.1,95.8,93.1,95.1,1.1,1.1702,2868263,270567761,2430,TWSE,common_stock,true,false,false,false,false,false,false,false,true,
2025-12-05,2376,技嘉,listed,244.5,246.5,243.0,244.0,-0.5,-0.2045,2681292,654244523,3063,TWSE,common_stock,true,false,false,false,false,false,false,false,true,
2025-12-05,2377,微星,listed,102.5,103.0,101.0,101.5,-1.0,-0.9756,4916326,499541762,3325,TWSE,common_stock,true,false,false,false,false,false,false,false,true,
2025-12-05,2379,瑞昱,listed,529.0,533.0,524.0,533.0,0.0,0.0,1214118,642925152,1736,TWSE,common_stock,true,false,false,false,false,false,false,false,true,
2025-12-05,2380,虹光,listed,4.68,4.7,4.56,4.59,-0.01,-0.2174,91336,422644,94,TWSE,common_stock,true,false,false,false,false,false,false,false,true,
2025-12-05,2382,廣達,listed,294.5,301.0,294.0,297.5,3.0,1.0187,22303251,6639572404,16120,TWSE,common_stock,true,false,false,false,false,false,false,false,true,
2025-12-05,2383,台光電,listed,1430.0,1505.0,1405.0,1495.0,70.0,4.9123,4304112,6327379880,8625,TWSE,common_stock,true,false,false,false,false,false,false,false,true,
2025-12-05,2385,群光,listed,119.5,120.5,118.0,119.5,0.5,0.4202,1572372,187741025,1478,TWSE,common_stock,true,false,false,false,false,false,false,false,true,
2025-12-05,2387,精元,listed,40.35,40.45,39.8,39.95,-0.5,-1.2361,404422,16152839,394,TWSE,common_stock,true,false,false,false,false,false,false,false,true,
2025-12-05,2388,威盛,listed,52.1,52.5,51.1,51.8,-0.2,-0.3846,1146651,59268352,1555,TWSE,common_stock,true,false,false,false,false,false,false,false,true,
2025-12-05,2390,云辰,listed,9.57,9.63,9.51,9.53,-0.08,-0.8325,214607,2054398,302,TWSE,common_stock,true,false,false,false,false,false,false,false,true,
2025-12-05,2392,正崴,listed,40.0,40.0,39.05,39.55,-0.1,-0.2522,1031835,40760827,1132,TWSE,common_stock,true,false,false,false,false,false,false,false,true,
2025-12-05,2393,億光,listed,52.0,52.2,51.4,52.1,0.1,0.1923,1534876,79669737,1114,TWSE,common_stock,true,false,false,false,false,false,false,false,true,
2025-12-05,2395,研華,listed,291.0,291.5,285.0,287.0,-3.0,-1.0345,1428638,409879204,2248,TWSE,common_stock,true,false,false,false,false,false,false,false,true,
2025-12-05,2397,友通,listed,62.7,63.8,62.0,62.0,-0.8,-1.2739,167233,10446028,223,TWSE,common_stock,true,false,false,false,false,false,false,false,true,
2025-12-05,2399,映泰,listed,24.05,25.1,24.0,25.05,1.0,4.158,15772049,388116283,8402,TWSE,common_stock,true,false,false,false,false,false,false,false,true,
2025-12-05,2401,凌陽,listed,20.25,20.45,20.1,20.2,-0.1,-0.4926,1236584,24944910,667,TWSE,common_stock,true,false,false,false,false,false,false,false,true,
2025-12-05,2402,毅嘉,listed,51.2,51.8,50.1,51.7,0.5,0.9766,4310797,220000173,3389,TWSE,common_stock,true,false,false,false,false,false,false,false,true,
2025-12-05,2404,漢唐,listed,807.0,817.0,786.0,793.0,-12.0,-1.4907,1911336,1520814329,4828,TWSE,common_stock,true,false,false,false,false,false,false,false,true,
2025-12-05,2405,輔信,listed,17.5,17.9,17.3,17.4,-0.1,-0.5714,1808938,31799902,819,TWSE,common_stock,true,false,false,false,false,false,false,false,true,
2025-12-05,2406,國碩,listed,22.65,23.55,21.45,23.35,0.0,0.0,28686460,645832779,12561,TWSE,common_stock,true,false,false,false,false,false,false,false,true,
2025-12-05,2408,南亞科,listed,150.5,156.0,146.5,153.0,2.0,1.3245,141034633,21299040991,69620,TWSE,common_stock,true,false,false,false,false,false,false,false,true,
2025-12-05,2409,友達,listed,11.85,11.85,11.6,11.65,-0.2,-1.6878,47522956,556265477,7483,TWSE,common_stock,true,false,false,false,false,false,false,false,true,
2025-12-05,2412,中華電,listed,130.0,131.0,129.5,130.0,0.5,0.3861,5326443,693858929,3045,TWSE,common_stock,true,false,false,false,false,false,false,false,true,
2025-12-05,2413,環科,listed,26.85,27.5,26.3,27.1,0.05,0.1848,1614868,43410808,1176,TWSE,common_stock,true,false,false,false,false,false,false,false,true,
2025-12-05,2414,精技,listed,41.0,41.0,40.8,40.9,-0.1,-0.2439,68668,2805364,80,TWSE,common_stock,true,false,false,false,false,false,false,false,true,
2025-12-05,2415,錩新,listed,26.5,26.6,25.65,26.5,0.1,0.3788,198609,5204200,163,TWSE,common_stock,true,false,false,false,false,false,false,false,true,
2025-12-05,2417,圓剛,listed,37.4,38.2,36.2,36.7,-0.35,-0.9447,557621,20656663,736,TWSE,common_stock,true,false,false,false,false,false,false,false,true,
2025-12-05,2419,仲琦,listed,23.6,23.7,23.25,23.45,-0.1,-0.4246,591219,13836068,462,TWSE,common_stock,true,false,false,false,false,false,false,false,true,
2025-12-05,2420,新巨,listed,50.4,50.6,50.1,50.5,0.1,0.1984,117962,5941576,127,TWSE,common_stock,true,false,false,false,false,false,false,false,true,
2025-12-05,2421,建準,listed,164.0,168.0,163.5,167.0,4.0,2.454,3161079,524776756,2777,TWSE,common_stock,true,false,false,false,false,false,false,false,true,
2025-12-05,2423,固緯,listed,53.8,53.9,52.9,53.0,-0.3,-0.5629,106357,5662039,104,TWSE,common_stock,true,false,false,false,false,false,false,false,true,
2025-12-05,2424,隴華,listed,31.5,32.2,31.5,32.2,-0.05,-0.155,2000,63700,2,TWSE,common_stock,true,false,false,false,false,false,false,false,true,
2025-12-05,2425,承啟,listed,29.4,29.4,28.5,28.5,-0.65,-2.2298,102901,2961205,150,TWSE,common_stock,true,false,false,false,false,false,false,false,true,
2025-12-05,2426,鼎元,listed,16.8,16.95,16.6,16.8,0.0,0.0,312678,5229687,291,TWSE,common_stock,true,false,false,false,false,false,false,false,true,
2025-12-05,2427,三商電,listed,28.1,28.25,27.85,27.9,-0.15,-0.5348,949455,26592339,607,TWSE,common_stock,true,false,false,false,false,false,false,false,true,
2025-12-05,2428,興勤,listed,183.0,183.0,180.5,182.0,-1.5,-0.8174,505741,91763915,706,TWSE,common_stock,true,false,false,false,false,false,false,false,true,
2025-12-05,2429,銘旺科,listed,82.9,82.9,80.7,81.3,-0.3,-0.3676,270697,22030524,281,TWSE,common_stock,true,false,false,false,false,false,false,false,true,
2025-12-05,2430,燦坤,listed,23.55,23.65,23.45,23.45,-0.1,-0.4246,32427,763309,43,TWSE,common_stock,true,false,false,false,false,false,false,false,true,
2025-12-05,2431,聯昌,listed,11.7,11.7,11.5,11.5,-0.1,-0.8621,155184,1795089,116,TWSE,common_stock,true,false,false,false,false,false,false,false,true,
2025-12-05,2432,倚天酷碁-創,listed,26.85,26.85,26.5,26.75,0.2,0.7533,6062,161396,16,TWSE,common_stock,true,false,false,false,false,false,false,false,true,
2025-12-05,2433,互盛電,listed,48.25,48.25,47.85,48.1,-0.05,-0.1038,9830,472873,16,TWSE,common_stock,true,false,false,false,false,false,false,false,true,
2025-12-05,2434,統懋,listed,32.2,32.8,32.0,32.5,0.5,1.5625,45572,1472500,44,TWSE,common_stock,true,false,false,false,false,false,false,false,true,
2025-12-05,2436,偉詮電,listed,45.7,45.85,45.05,45.8,0.15,0.3286,418380,19004368,414,TWSE,common_stock,true,false,false,false,false,false,false,false,true,
2025-12-05,2438,翔耀,listed,24.45,25.15,24.45,25.0,0.05,0.2004,89938,2229618,109,TWSE,common_stock,true,false,false,false,false,false,false,false,true,
2025-12-05,2439,美律,listed,102.0,102.0,100.5,100.5,-1.0,-0.9852,1228083,124415476,1196,TWSE,common_stock,true,false,false,false,false,false,false,false,true,
2025-12-05,2440,太空梭,listed,12.2,12.25,12.0,12.15,-0.1,-0.8163,199987,2417811,108,TWSE,common_stock,true,false,false,false,false,false,false,false,true,
2025-12-05,2441,超豐,listed,68.8,68.9,67.7,68.1,-0.8,-1.1611,1519850,103554280,1326,TWSE,common_stock,true,false,false,false,false,false,false,false,true,
2025-12-05,2442,新美齊,listed,25.55,25.55,25.05,25.4,-0.05,-0.1965,325354,8232418,291,TWSE,common_stock,true,false,false,false,false,false,false,false,true,
2025-12-05,2444,兆勁,listed,11.35,11.4,11.2,11.2,0.05,0.4484,103181,1164163,90,TWSE,common_stock,true,false,false,false,false,false,false,false,true,
2025-12-05,2449,京元電子,listed,220.0,223.0,218.5,221.5,1.0,0.4535,15204982,3355452190,11701,TWSE,common_stock,true,false,false,false,false,false,false,false,true,
2025-12-05,2450,神腦,listed,29.0,29.05,28.85,28.95,-0.15,-0.5155,34461,998214,65,TWSE,common_stock,true,false,false,false,false,false,false,false,true,
2025-12-05,2451,創見,listed,174.0,179.5,173.0,176.5,6.0,3.5191,7078982,1249635973,7820,TWSE,common_stock,true,false,false,false,false,false,false,false,true,
2025-12-05,2453,凌群,listed,53.0,53.5,52.6,53.2,0.4,0.7576,182616,9653731,166,TWSE,common_stock,true,false,false,false,false,false,false,false,true,
2025-12-05,2454,聯發科,listed,1420.0,1445.0,1405.0,1425.0,20.0,1.4235,7989290,11377687955,14692,TWSE,common_stock,true,false,false,false,false,false,false,false,true,
2025-12-05,2455,全新,listed,137.5,139.0,136.0,136.5,-1.5,-1.087,1782452,244322488,1746,TWSE,common_stock,true,false,false,false,false,false,false,false,true,
2025-12-05,2457,飛宏,listed,28.6,28.9,28.35,28.6,0.1,0.3509,1318850,37729633,941,TWSE,common_stock,true,false,false,false,false,false,false,false,true,
2025-12-05,2458,義隆,listed,129.5,129.5,127.5,128.5,-1.0,-0.7722,1029285,131947503,1223,TWSE,common_stock,true,false,false,false,false,false,false,false,true,
2025-12-05,2459,敦吉,listed,65.5,66.1,65.5,66.0,0.3,0.4566,14779,970968,28,TWSE,common_stock,true,false,false,false,false,false,false,false,true,
2025-12-05,2460,建通,listed,18.1,18.35,17.55,18.25,0.25,1.3889,427176,7606981,266,TWSE,common_stock,true,false,false,false,false,false,false,false,true,
2025-12-05,2461,光群雷,listed,15.55,15.55,15.4,15.5,0.05,0.3236,132832,2051372,114,TWSE,common_stock,true,false,false,false,false,false,false,false,true,
2025-12-05,2462,良得電,listed,22.45,22.45,21.95,22.05,-0.2,-0.8989,122405,2708279,116,TWSE,common_stock,true,false,false,false,false,false,false,false,true,
2025-12-05,2464,盟立,listed,61.0,63.8,60.5,61.1,0.3,0.4934,5414862,335073832,5006,TWSE,common_stock,true,false,false,false,false,false,false,false,true,
2025-12-05,2465,麗臺,listed,57.1,57.2,55.6,55.6,-1.4,-2.4561,239107,13424844,314,TWSE,common_stock,true,false,false,false,false,false,false,false,true,
2025-12-05,2466,冠西電,listed,53.3,54.4,52.7,53.8,0.7,1.3183,665094,35568551,412,TWSE,common_stock,true,false,false,false,false,false,false,false,true,
2025-12-05,2467,志聖,listed,205.0,208.0,203.0,206.0,2.0,0.9804,855268,175622032,2902,TWSE,common_stock,true,false,false,false,false,false,false,false,true,
2025-12-05,2468,華經,listed,44.95,44.95,43.35,43.6,-0.8,-1.8018,367016,16086968,872,TWSE,common_stock,true,false,false,false,false,false,false,false,true,
2025-12-05,2471,資通,listed,50.3,50.5,50.0,50.1,-0.3,-0.5952,45418,2280442,78,TWSE,common_stock,true,false,false,false,false,false,false,false,true,
2025-12-05,2472,立隆電,listed,103.0,103.5,101.5,103.5,0.5,0.4854,1603350,164275658,1499,TWSE,common_stock,true,false,false,false,false,false,false,false,true,
2025-12-05,2474,可成,listed,201.5,203.0,198.0,201.5,-0.5,-0.2475,3108471,623558908,2800,TWSE,common_stock,true,false,false,false,false,false,false,false,true,
2025-12-05,2476,鉅祥,listed,87.3,87.9,86.1,86.5,-0.4,-0.4603,550336,47715894,570,TWSE,common_stock,true,false,false,false,false,false,false,false,true,
2025-12-05,2477,美隆電,listed,24.0,24.15,23.65,23.65,-0.35,-1.4583,104243,2484236,122,TWSE,common_stock,true,false,false,false,false,false,false,false,true,
2025-12-05,2478,大毅,listed,59.1,59.9,58.5,59.6,0.7,1.1885,883819,52383242,841,TWSE,common_stock,true,false,false,false,false,false,false,false,true,
2025-12-05,2480,敦陽科,listed,152.0,152.0,149.5,150.5,0.0,0.0,142109,21398725,228,TWSE,common_stock,true,false,false,false,false,false,false,false,true,
2025-12-05,2481,強茂,listed,85.8,90.4,85.6,89.0,2.9,3.3682,30645190,2723508461,21263,TWSE,common_stock,true,false,false,false,false,false,false,false,true,
2025-12-05,2482,連宇,listed,17.2,17.2,17.0,17.05,-0.25,-1.4451,51704,884112,80,TWSE,common_stock,true,false,false,false,false,false,false,false,true,
2025-12-05,2483,百容,listed,18.75,19.15,18.75,18.85,-0.1,-0.5277,26930,507529,34,TWSE,common_stock,true,false,false,false,false,false,false,false,true,
2025-12-05,2484,希華,listed,20.95,20.95,20.5,20.55,-0.55,-2.6066,398514,8221302,259,TWSE,common_stock,true,false,false,false,false,false,false,false,true,
2025-12-05,2485,兆赫,listed,22.75,23.0,22.2,22.8,-0.2,-0.8696,11042567,248528987,5589,TWSE,common_stock,true,false,false,false,false,false,false,false,true,
2025-12-05,2486,一詮,listed,94.8,97.8,93.9,96.9,3.0,3.1949,6387314,612739300,5272,TWSE,common_stock,true,false,false,false,false,false,false,false,true,
2025-12-05,2488,漢平,listed,46.2,46.2,45.7,45.85,-0.1,-0.2176,85803,3940174,136,TWSE,common_stock,true,false,false,false,false,false,false,false,true,
2025-12-05,2489,瑞軒,listed,15.05,15.15,14.8,14.95,-0.05,-0.3333,1861876,27794764,963,TWSE,common_stock,true,false,false,false,false,false,false,false,true,
2025-12-05,2491,吉祥全,listed,20.85,20.85,19.5,19.8,-1.05,-5.036,1205146,24064030,811,TWSE,common_stock,true,false,false,false,false,false,false,false,true,
2025-12-05,2492,華新科,listed,118.0,121.0,117.5,120.0,2.0,1.6949,4660778,555913062,3346,TWSE,common_stock,true,false,false,false,false,false,false,false,true,
2025-12-05,2493,揚博,listed,96.0,105.0,95.8,105.0,9.4,9.8326,3500206,360443021,4334,TWSE,common_stock,true,false,false,false,false,false,false,false,true,
2025-12-05,2495,普安,listed,26.4,26.6,26.0,26.1,-0.15,-0.5714,2658634,69597357,1399,TWSE,common_stock,true,false,false,false,false,false,false,false,true,
2025-12-05,2496,卓越,listed,68.2,68.7,68.1,68.7,0.4,0.5857,22207,1519118,102,TWSE,common_stock,true,false,false,false,false,false,false,false,true,
2025-12-05,2497,怡利電,listed,44.1,44.1,43.1,43.4,-0.6,-1.3636,124115,5394790,162,TWSE,common_stock,true,false,false,false,false,false,false,false,true,
2025-12-05,2498,宏達電,listed,49.3,52.0,48.85,50.4,1.2,2.439,11750074,591231043,6385,TWSE,common_stock,true,false,false,false,false,false,false,false,true,
2025-12-05,2501,國建,listed,22.7,22.75,22.45,22.75,-0.05,-0.2193,1257765,28402781,622,TWSE,common_stock,true,false,false,false,false,false,false,false,true,
2025-12-05,2504,國產,listed,35.2,35.3,34.7,35.3,0.0,0.0,1730538,60559675,1226,TWSE,common_stock,true,false,false,false,false,false,false,false,true,
2025-12-05,2505,國揚,listed,19.25,19.4,19.1,19.25,-0.1,-0.5168,317362,6089121,103,TWSE,common_stock,true,false,false,false,false,false,false,false,true,
2025-12-05,2506,太設,listed,9.56,9.56,9.43,9.51,-0.05,-0.523,100181,948947,90,TWSE,common_stock,true,false,false,false,false,false,false,false,true,
2025-12-05,2509,全坤建,listed,15.3,15.5,15.0,15.3,0.05,0.3279,177432,2687260,123,TWSE,common_stock,true,false,false,false,false,false,false,false,true,
2025-12-05,2511,太子,listed,8.26,8.26,8.16,8.19,-0.13,-1.5625,1576964,12941675,543,TWSE,common_stock,true,false,false,false,false,false,false,false,true,
2025-12-05,2514,龍邦,listed,14.65,14.65,14.45,14.55,-0.1,-0.6826,90881,1321925,97,TWSE,common_stock,true,false,false,false,false,false,false,false,true,
2025-12-05,2515,中工,listed,13.9,13.95,13.55,13.8,-0.1,-0.7194,6781216,93252985,2324,TWSE,common_stock,true,false,false,false,false,false,false,false,true,
2025-12-05,2516,新建,listed,15.5,15.5,15.0,15.1,-0.45,-2.8939,385116,5848525,182,TWSE,common_stock,true,false,false,false,false,false,false,false,true,
2025-12-05,2520,冠德,listed,32.35,32.35,32.05,32.2,-0.15,-0.4637,835922,26888519,746,TWSE,common_stock,true,false,false,false,false,false,false,false,true,
2025-12-05,2524,京城,listed,42.4,42.6,42.1,42.2,-0.25,-0.5889,54458,2305082,58,TWSE,common_stock,true,false,false,false,false,false,false,false,true,
2025-12-05,2527,宏璟,listed,29.1,29.3,28.7,29.15,-0.2,-0.6814,185495,5379868,153,TWSE,common_stock,true,false,false,false,false,false,false,false,true,
2025-12-05,2528,皇普,listed,30.1,30.35,29.9,30.2,0.0,0.0,629462,18969556,349,TWSE,common_stock,true,false,false,false,false,false,false,false,true,
2025-12-05,2530,華建,listed,28.6,28.6,28.15,28.45,-0.1,-0.3503,539391,15287227,391,TWSE,common_stock,true,false,false,false,false,false,false,false,true,
2025-12-05,2534,宏盛,listed,20.35,20.35,20.05,20.2,-0.2,-0.9804,542526,10935278,348,TWSE,common_stock,true,false,false,false,false,false,false,false,true,
2025-12-05,2535,達欣工,listed,63.0,63.4,63.0,63.0,0.0,0.0,128058,8089445,169,TWSE,common_stock,true,false,false,false,false,false,false,false,true,
2025-12-05,2536,宏普,listed,26.35,26.4,26.1,26.25,0.1,0.3824,73405,1929169,37,TWSE,common_stock,true,false,false,false,false,false,false,false,true,
2025-12-05,2537,聯上發,listed,10.6,10.65,10.5,10.55,-0.05,-0.4717,284236,3005200,167,TWSE,common_stock,true,false,false,false,false,false,false,false,true,
2025-12-05,2538,基泰,listed,11.45,11.45,11.25,11.4,0.0,0.0,253014,2869728,100,TWSE,common_stock,true,false,false,false,false,false,false,false,true,
2025-12-05,2539,櫻花建,listed,47.45,48.1,47.25,48.05,0.7,1.4784,677585,32338680,1163,TWSE,common_stock,true,false,false,false,false,false,false,false,true,
2025-12-05,2540,愛山林,listed,45.95,46.25,45.65,46.15,-0.15,-0.324,562718,25849810,783,TWSE,common_stock,true,false,false,false,false,false,false,false,true,
2025-12-05,2542,興富發,listed,38.05,38.15,37.8,38.0,-0.1,-0.2625,1795847,68195158,1364,TWSE,common_stock,true,false,false,false,false,false,false,false,true,
2025-12-05,2543,皇昌,listed,59.7,60.5,58.9,60.3,0.8,1.3445,1482868,88509080,985,TWSE,common_stock,true,false,false,false,false,false,false,false,true,
2025-12-05,2545,皇翔,listed,38.4,38.5,37.8,38.15,-0.25,-0.651,430336,16359016,414,TWSE,common_stock,true,false,false,false,false,false,false,false,true,
2025-12-05,2546,根基,listed,86.9,89.4,86.9,87.1,-0.3,-0.3432,56949,4975725,558,TWSE,common_stock,true,false,false,false,false,false,false,false,true,
2025-12-05,2547,日勝生,listed,10.75,10.95,10.75,10.85,0.1,0.9302,2055353,22342156,579,TWSE,common_stock,true,false,false,false,false,false,false,false,true,
2025-12-05,2548,華固,listed,102.0,105.0,101.5,104.5,2.0,1.9512,1225785,127502660,1383,TWSE,common_stock,true,false,false,false,false,false,false,false,true,
2025-12-05,2597,潤弘,listed,166.5,166.5,162.5,164.0,-3.5,-2.0896,351960,57673277,732,TWSE,common_stock,true,false,false,false,false,false,false,false,true,
2025-12-05,2601,益航,listed,6.0,6.0,5.73,5.81,-0.2,-3.3278,3366839,19595470,1172,TWSE,common_stock,true,false,false,false,false,false,false,false,true,
2025-12-05,2603,長榮,listed,185.0,185.0,182.5,183.0,-1.5,-0.813,5730618,1050640983,5343,TWSE,common_stock,true,false,false,false,false,false,false,false,true,
2025-12-05,2605,新興,listed,30.45,31.1,28.4,28.4,-3.15,-9.9842,82102445,2412326987,34435,TWSE,common_stock,true,false,false,false,false,false,false,false,true,
2025-12-05,2606,裕民,listed,66.3,67.5,62.9,63.2,-6.4,-9.1954,49570769,3222855773,31577,TWSE,common_stock,true,false,false,false,false,false,false,false,true,
2025-12-05,2607,榮運,listed,58.6,58.8,58.2,58.5,-0.1,-0.1706,394294,23062031,353,TWSE,common_stock,true,false,false,false,false,false,false,false,true,
2025-12-05,2608,嘉里大榮,listed,33.7,33.85,33.55,33.7,0.0,0.0,63110,2126895,81,TWSE,common_stock,true,false,false,false,false,false,false,false,true,
2025-12-05,2609,陽明,listed,52.5,52.9,51.6,51.7,-0.8,-1.5238,14131448,734128317,9352,TWSE,common_stock,true,false,false,false,false,false,false,false,true,
2025-12-05,2610,華航,listed,19.0,19.0,18.7,18.75,-0.15,-0.7937,25661504,482163632,10482,TWSE,common_stock,true,false,false,false,false,false,false,false,true,
2025-12-05,2611,志信,listed,15.7,16.05,15.2,15.2,-0.6,-3.7975,1133819,17544991,782,TWSE,common_stock,true,false,false,false,false,false,false,false,true,
2025-12-05,2612,中航,listed,74.1,78.6,67.3,69.5,-5.1,-6.8365,24193352,1756620688,14460,TWSE,common_stock,true,false,false,false,false,false,false,false,true,
2025-12-05,2613,中櫃,listed,25.15,25.15,24.25,24.3,-0.9,-3.5714,1070083,26276421,757,TWSE,common_stock,true,false,false,false,false,false,false,false,true,
2025-12-05,2614,東森,listed,22.8,22.85,21.5,21.7,-1.15,-5.0328,3305027,72709325,3309,TWSE,common_stock,true,false,false,false,false,false,false,false,true,
2025-12-05,2615,萬海,listed,80.5,81.1,79.6,79.7,-0.8,-0.9938,10088519,807480664,6121,TWSE,common_stock,true,false,false,false,false,false,false,false,true,
2025-12-05,2616,山隆,listed,14.0,14.0,13.95,14.0,0.0,0.0,29325,409738,107,TWSE,common_stock,true,false,false,false,false,false,false,false,true,
2025-12-05,2617,台航,listed,33.0,33.6,31.65,31.65,-1.75,-5.2395,3754096,121884792,3228,TWSE,common_stock,true,false,false,false,false,false,false,false,true,
2025-12-05,2618,長榮航,listed,34.45,34.55,34.05,34.15,-0.35,-1.0145,15747312,539031369,7535,TWSE,common_stock,true,false,false,false,false,false,false,false,true,
2025-12-05,2630,亞航,listed,51.2,51.2,50.0,51.0,-0.2,-0.3906,1329622,67286089,1461,TWSE,common_stock,true,false,false,false,false,false,false,false,true,
2025-12-05,2633,台灣高鐵,listed,27.8,27.9,27.5,27.55,-0.35,-1.2545,3509274,96948127,3022,TWSE,common_stock,true,false,false,false,false,false,false,false,true,
2025-12-05,2634,漢翔,listed,51.7,52.0,51.4,52.0,0.3,0.5803,3055439,157982680,2326,TWSE,common_stock,true,false,false,false,false,false,false,false,true,
2025-12-05,2636,台驊控股,listed,68.0,68.3,66.6,66.8,-0.8,-1.1834,299413,20097394,428,TWSE,common_stock,true,false,false,false,false,false,false,false,true,
2025-12-05,2637,慧洋-KY,listed,70.5,71.5,67.5,68.1,-5.5,-7.4728,20029139,1385410776,16735,TWSE,common_stock,true,false,false,false,false,false,false,false,true,
2025-12-05,2642,宅配通,listed,27.9,27.9,27.1,27.5,0.5,1.8519,35611,975227,64,TWSE,common_stock,true,false,false,false,false,false,false,false,true,
2025-12-05,2645,長榮航太,listed,146.5,149.5,146.5,148.0,1.5,1.0239,1408194,208571288,1409,TWSE,common_stock,true,false,false,false,false,false,false,false,true,
2025-12-05,2646,星宇航空,listed,23.2,23.35,23.15,23.25,0.05,0.2155,1562136,36301402,1184,TWSE,common_stock,true,false,false,false,false,false,false,false,true,
2025-12-05,2701,萬企,listed,11.15,11.15,10.9,11.05,-0.15,-1.3393,165299,1826796,65,TWSE,common_stock,true,false,false,false,false,false,false,false,true,
2025-12-05,2702,華園,listed,11.65,11.75,11.55,11.75,0.0,0.0,25989,303338,50,TWSE,common_stock,true,false,false,false,false,false,false,false,true,
2025-12-05,2704,國賓,listed,43.15,43.45,43.0,43.1,-0.15,-0.3468,57384,2475600,52,TWSE,common_stock,true,false,false,false,false,false,false,false,true,
2025-12-05,2705,六福,listed,16.65,16.7,16.6,16.65,0.0,0.0,42725,710747,87,TWSE,common_stock,true,false,false,false,false,false,false,false,true,
2025-12-05,2706,第一店,listed,13.15,13.15,13.1,13.1,-0.05,-0.3802,53682,705718,59,TWSE,common_stock,true,false,false,false,false,false,false,false,true,
2025-12-05,2707,晶華,listed,191.0,191.0,190.0,190.0,-0.5,-0.2625,68379,13031026,440,TWSE,common_stock,true,false,false,false,false,false,false,false,true,
2025-12-05,2712,遠雄來,listed,18.85,18.9,18.75,18.9,0.05,0.2653,15035,283158,10,TWSE,common_stock,true,false,false,false,false,false,false,false,true,
2025-12-05,2722,夏都,listed,28.4,28.4,27.8,28.05,0.0,0.0,38730,1085246,77,TWSE,common_stock,true,false,false,false,false,false,false,false,true,
2025-12-05,2723,美食-KY,listed,68.1,68.1,66.9,67.8,-0.3,-0.4405,250301,16858392,310,TWSE,common_stock,true,false,false,false,false,false,false,false,true,
2025-12-05,2727,王品,listed,213.0,213.5,212.5,212.5,-0.5,-0.2347,180471,38416733,534,TWSE,common_stock,true,false,false,false,false,false,false,false,true,
2025-12-05,2731,雄獅,listed,166.5,167.5,164.0,164.5,-1.5,-0.9036,948998,156486459,1154,TWSE,common_stock,true,false,false,false,false,false,false,false,true,
2025-12-05,2739,寒舍,listed,36.1,36.1,35.6,35.7,0.15,0.4219,11725,419167,30,TWSE,common_stock,true,false,false,false,false,false,false,false,true,
2025-12-05,2748,雲品,listed,44.25,44.25,43.55,43.7,-0.55,-1.2429,67858,2970047,346,TWSE,common_stock,true,false,false,false,false,false,false,false,true,
2025-12-05,2753,八方雲集,listed,192.0,192.0,190.0,191.5,-0.5,-0.2604,225582,43033760,576,TWSE,common_stock,true,false,false,false,false,false,false,false,true,
2025-12-05,2762,世界健身-KY,listed,78.9,79.0,77.7,77.9,-0.1,-0.1282,19336,1510381,33,TWSE,common_stock,true,false,false,false,false,false,false,false,true,
2025-12-05,2801,彰銀,listed,20.4,20.6,20.4,20.6,0.15,0.7335,12749881,261771945,3382,TWSE,common_stock,true,false,false,false,false,false,false,false,true,
2025-12-05,2812,台中銀,listed,21.05,21.1,20.9,20.95,-0.05,-0.2381,4087448,85640755,2122,TWSE,common_stock,true,false,false,false,false,false,false,false,true,
2025-12-05,2816,旺旺保,listed,30.15,30.15,29.6,29.9,0.0,0.0,129105,3840358,279,TWSE,common_stock,true,false,false,false,false,false,false,false,true,
2025-12-05,2820,華票,listed,16.65,16.7,16.55,16.55,-0.1,-0.6006,666823,11048507,372,TWSE,common_stock,true,false,false,false,false,false,false,false,true,
2025-12-05,2832,台產,listed,51.6,51.9,51.3,51.6,-0.3,-0.578,222082,11472775,764,TWSE,common_stock,true,false,false,false,false,false,false,false,true,
2025-12-05,2834,臺企銀,listed,15.95,16.05,15.95,16.05,0.05,0.3125,9629820,154383969,3295,TWSE,common_stock,true,false,false,false,false,false,false,false,true,
2025-12-05,2836,高雄銀,listed,12.1,12.2,12.05,12.15,0.0,0.0,1272949,15444635,417,TWSE,common_stock,true,false,false,false,false,false,false,false,true,
2025-12-05,2836A,高雄銀甲特,listed,23.5,23.6,23.5,23.6,0.0,0.0,8000,188400,5,TWSE,warrant,false,false,true,false,false,false,false,false,false,security_type=warrant;symbol_not_4_digit
2025-12-05,2838,聯邦銀,listed,19.3,19.55,19.25,19.5,0.25,1.2987,992544,19307388,465,TWSE,common_stock,true,false,false,false,false,false,false,false,true,
2025-12-05,2838A,聯邦銀甲特,listed,54.5,54.5,54.4,54.5,0.0,0.0,53002,2886808,25,TWSE,warrant,false,false,true,false,false,false,false,false,false,security_type=warrant;symbol_not_4_digit
2025-12-05,2845,遠東銀,listed,12.6,12.7,12.55,12.7,0.1,0.7937,5310931,67149549,1296,TWSE,common_stock,true,false,false,false,false,false,false,false,true,
2025-12-05,2849,安泰銀,listed,13.35,13.5,13.35,13.4,0.1,0.7519,82872,1111272,64,TWSE,common_stock,true,false,false,false,false,false,false,false,true,
2025-12-05,2850,新產,listed,116.0,117.0,116.0,116.5,0.0,0.0,110290,12857222,213,TWSE,common_stock,true,false,false,false,false,false,false,false,true,
2025-12-05,2851,中再保,listed,26.4,26.45,26.25,26.35,-0.2,-0.7533,752211,19802296,793,TWSE,common_stock,true,false,false,false,false,false,false,false,true,
2025-12-05,2852,第一保,listed,28.35,28.35,28.05,28.15,-0.15,-0.53,203392,5719525,244,TWSE,common_stock,true,false,false,false,false,false,false,false,true,
2025-12-05,2855,統一證,listed,24.95,24.95,24.2,24.5,-0.8,-3.1621,9435862,231284348,6499,TWSE,etf,false,true,false,false,false,false,false,false,false,security_type=etf
2025-12-05,2867,三商壽,listed,7.26,7.29,7.25,7.27,0.01,0.1377,8827727,64136570,1135,TWSE,common_stock,true,false,false,false,false,false,false,false,true,
2025-12-05,2880,華南金,listed,30.65,30.8,30.45,30.8,0.05,0.1626,8969129,275602459,5044,TWSE,common_stock,true,false,false,false,false,false,false,false,true,
2025-12-05,2881,富邦金,listed,94.9,94.9,93.6,94.9,0.2,0.2112,11789587,1113297195,14537,TWSE,etf,false,true,false,false,false,false,false,false,false,security_type=etf
2025-12-05,2881A,富邦特,listed,63.4,63.4,63.4,63.4,0.0,0.0,25416,1611178,16,TWSE,etf,false,true,true,false,false,false,false,false,false,security_type=etf;symbol_not_4_digit
2025-12-05,2881B,富邦金乙特,listed,61.8,61.9,61.6,61.9,0.0,0.0,42862,2645158,39,TWSE,etf,false,true,true,false,false,false,false,false,false,security_type=etf;symbol_not_4_digit
2025-12-05,2881C,富邦金丙特,listed,54.0,54.0,53.8,53.8,0.0,0.0,26608,1432859,30,TWSE,etf,false,true,true,false,false,false,false,false,false,security_type=etf;symbol_not_4_digit
2025-12-05,2882,國泰金,listed,68.5,68.7,67.8,68.7,-0.3,-0.4348,17907051,1223580295,8181,TWSE,etf,false,true,false,false,false,false,false,false,false,security_type=etf
2025-12-05,2882A,國泰特,listed,60.7,60.8,60.7,60.8,0.0,0.0,37465,2274883,20,TWSE,etf,false,true,true,false,false,false,false,false,false,security_type=etf;symbol_not_4_digit
2025-12-05,2882B,國泰金乙特,listed,60.1,60.2,60.0,60.2,0.0,0.0,100705,6048820,31,TWSE,etf,false,true,true,false,false,false,false,false,false,security_type=etf;symbol_not_4_digit
2025-12-05,2883,凱基金,listed,16.0,16.1,15.95,16.05,0.05,0.3125,23872817,383023595,8758,TWSE,etf,false,true,false,false,false,false,false,false,false,security_type=etf
2025-12-05,2883B,凱基金乙特,listed,7.72,7.76,7.71,7.76,0.04,0.5181,1251313,9678546,236,TWSE,etf,false,true,true,false,false,false,false,false,false,security_type=etf;symbol_not_4_digit
2025-12-05,2884,玉山金,listed,30.8,30.8,30.5,30.65,-0.15,-0.487,25312877,773956135,9412,TWSE,common_stock,true,false,false,false,false,false,false,false,true,
2025-12-05,2885,元大金,listed,37.8,37.8,37.3,37.75,0.45,1.2064,20631619,775500127,8179,TWSE,etf,false,true,false,false,false,false,false,false,false,security_type=etf
2025-12-05,2886,兆豐金,listed,40.4,40.85,40.4,40.85,0.3,0.7398,5828872,237156349,6075,TWSE,etf,false,true,false,false,false,false,false,false,false,security_type=etf
2025-12-05,2887,台新新光金,listed,19.15,19.25,19.1,19.25,0.1,0.5222,53864742,1033033867,8165,TWSE,common_stock,true,false,false,false,false,false,false,false,true,
2025-12-05,2887E,台新新光戊特一,listed,49.35,49.35,49.2,49.3,0.05,0.1015,36417,1793639,44,TWSE,warrant,false,false,true,false,false,false,false,false,false,security_type=warrant;symbol_not_4_digit
2025-12-05,2887F,台新新光戊特二,listed,46.05,46.1,46.0,46.0,0.0,0.0,60737,2794687,26,TWSE,warrant,false,false,true,false,false,false,false,false,false,security_type=warrant;symbol_not_4_digit
2025-12-05,2887G,台新新光庚特一,listed,38.8,38.9,38.8,38.9,0.1,0.2577,55487,2154838,27,TWSE,warrant,false,false,true,false,false,false,false,false,false,security_type=warrant;symbol_not_4_digit
2025-12-05,2887H,台新新光庚特二,listed,38.55,38.9,38.55,38.6,0.05,0.1297,199895,7740199,75,TWSE,warrant,false,false,true,false,false,false,false,false,false,security_type=warrant;symbol_not_4_digit
2025-12-05,2887I,台新新光辛特,listed,9.36,9.38,9.35,9.38,0.03,0.3209,2225427,20858168,718,TWSE,warrant,false,false,true,false,false,false,false,false,false,security_type=warrant;symbol_not_4_digit
2025-12-05,2887Z1,台新新光己特,listed,16.2,16.35,16.2,16.25,0.2,1.2461,99875,1626620,51,TWSE,warrant,false,false,true,false,false,false,false,false,false,security_type=warrant;symbol_not_4_digit
2025-12-05,2889,國票金,listed,17.25,17.25,16.65,16.75,-0.5,-2.8986,7991760,135701608,2241,TWSE,common_stock,true,false,false,false,false,false,false,false,true,
2025-12-05,2890,永豐金,listed,27.35,27.5,27.3,27.5,0.15,0.5484,12341351,338564045,4200,TWSE,etf,false,true,false,false,false,false,false,false,false,security_type=etf
2025-12-05,2891,中信金,listed,44.4,44.55,44.2,44.55,0.2,0.451,21347896,947704111,9154,TWSE,etf,false,true,false,false,false,false,false,false,false,security_type=etf
2025-12-05,2891B,中信金乙特,listed,,,,,0.0,,386,24509,5,TWSE,etf,false,true,true,false,false,false,false,false,false,security_type=etf;symbol_not_4_digit;invalid_close
2025-12-05,2891C,中信金丙特,listed,,,,,0.0,,343,20543,8,TWSE,etf,false,true,true,false,false,false,false,false,false,security_type=etf;symbol_not_4_digit;invalid_close
2025-12-05,2892,第一金,listed,27.8,28.05,27.8,27.95,0.2,0.7207,19371616,541458494,5868,TWSE,common_stock,true,false,false,false,false,false,false,false,true,
2025-12-05,2897,王道銀行,listed,9.12,9.13,9.1,9.12,0.0,0.0,1130747,10310799,439,TWSE,common_stock,true,false,false,false,false,false,false,false,true,
2025-12-05,2897B,王道銀乙特,listed,11.9,11.9,11.9,11.9,0.0,0.0,228402,2718001,27,TWSE,warrant,false,false,true,false,false,false,false,false,false,security_type=warrant;symbol_not_4_digit
2025-12-05,2901,欣欣,listed,24.85,24.85,24.85,24.85,-0.15,-0.6,1405,34916,13,TWSE,common_stock,true,false,false,false,false,false,false,false,true,
2025-12-05,2903,遠百,listed,23.9,24.0,23.55,23.65,-0.3,-1.2526,3241261,76862446,2605,TWSE,common_stock,true,false,false,false,false,false,false,false,true,
2025-12-05,2904,匯僑,listed,17.3,17.4,17.3,17.3,0.0,0.0,14514,251343,26,TWSE,common_stock,true,false,false,false,false,false,false,false,true,
2025-12-05,2905,三商,listed,16.95,17.05,16.75,16.9,-0.05,-0.295,1306714,22030707,713,TWSE,common_stock,true,false,false,false,false,false,false,false,true,
2025-12-05,2906,高林,listed,13.15,13.2,13.05,13.1,-0.1,-0.7576,61715,809741,125,TWSE,common_stock,true,false,false,false,false,false,false,false,true,
2025-12-05,2908,特力,listed,20.3,20.4,20.15,20.4,0.1,0.4926,433103,8781129,110,TWSE,common_stock,true,false,false,false,false,false,false,false,true,
2025-12-05,2910,統領,listed,20.8,21.05,20.8,21.05,0.0,0.0,10005,208805,7,TWSE,common_stock,true,false,false,false,false,false,false,false,true,
2025-12-05,2911,麗嬰房,listed,4.25,4.4,4.25,4.4,-0.05,-1.1236,38326,164939,97,TWSE,common_stock,true,false,false,false,false,false,false,false,true,
2025-12-05,2912,統一超,listed,236.0,239.0,234.0,238.5,1.5,0.6329,1722342,407906493,2007,TWSE,etf,false,true,false,false,false,false,false,false,false,security_type=etf
2025-12-05,2913,農林,listed,13.9,13.9,13.75,13.9,0.0,0.0,543613,7530177,305,TWSE,common_stock,true,false,false,false,false,false,false,false,true,
2025-12-05,2915,潤泰全,listed,54.6,54.7,54.0,54.3,-0.3,-0.5495,1019202,55233473,1459,TWSE,common_stock,true,false,false,false,false,false,false,false,true,
2025-12-05,2923,鼎固-KY,listed,21.2,22.1,21.05,21.75,0.85,4.067,43369,931247,68,TWSE,common_stock,true,false,false,false,false,false,false,false,true,
2025-12-05,2929,淘帝-KY,listed,8.05,8.07,8.01,8.07,0.03,0.3731,135145,1087499,93,TWSE,common_stock,true,false,false,false,false,false,false,false,true,
2025-12-05,2939,永邑-KY,listed,25.45,25.45,24.7,25.3,-0.1,-0.3937,14000,349450,13,TWSE,common_stock,true,false,false,false,false,false,false,false,true,
2025-12-05,2945,三商家購,listed,37.8,38.2,37.7,38.0,0.15,0.3963,13207,500625,15,TWSE,warrant,false,false,true,false,false,false,false,false,false,security_type=warrant
2025-12-05,3002,歐格,listed,26.55,26.95,26.15,26.4,-0.15,-0.565,1798761,47691355,1483,TWSE,common_stock,true,false,false,false,false,false,false,false,true,
2025-12-05,3003,健和興,listed,48.6,48.8,47.6,48.15,-0.45,-0.9259,215744,10408553,192,TWSE,common_stock,true,false,false,false,false,false,false,false,true,
2025-12-05,3004,豐達科,listed,100.5,101.0,98.8,99.1,-0.1,-0.1008,356655,35522208,486,TWSE,common_stock,true,false,false,false,false,false,false,false,true,
2025-12-05,3005,神基,listed,121.5,122.0,120.5,121.5,0.0,0.0,1020099,123791184,924,TWSE,common_stock,true,false,false,false,false,false,false,false,true,
2025-12-05,3006,晶豪科,listed,79.2,80.3,77.6,80.0,1.1,1.3942,5506611,437767954,4350,TWSE,common_stock,true,false,false,false,false,false,false,false,true,
2025-12-05,3008,大立光,listed,2165.0,2180.0,2130.0,2140.0,-20.0,-0.9259,517983,1112078610,3270,TWSE,common_stock,true,false,false,false,false,false,false,false,true,
2025-12-05,3010,華立,listed,109.0,109.5,107.0,109.5,0.5,0.4587,905705,98186601,1424,TWSE,common_stock,true,false,false,false,false,false,false,false,true,
2025-12-05,3011,今皓,listed,13.4,13.4,13.05,13.15,-0.35,-2.5926,284700,3759051,170,TWSE,common_stock,true,false,false,false,false,false,false,false,true,
2025-12-05,3013,晟銘電,listed,133.0,136.0,133.0,133.5,0.0,0.0,4379636,588385038,3610,TWSE,common_stock,true,false,false,false,false,false,false,false,true,
2025-12-05,3014,聯陽,listed,120.5,120.5,118.5,120.0,0.0,0.0,451556,53914156,499,TWSE,common_stock,true,false,false,false,false,false,false,false,true,
2025-12-05,3015,全漢,listed,55.2,55.2,54.2,54.8,-0.2,-0.3636,326904,17815498,397,TWSE,common_stock,true,false,false,false,false,false,false,false,true,
2025-12-05,3016,嘉晶,listed,50.8,51.4,50.3,50.9,0.2,0.3945,583436,29638122,933,TWSE,common_stock,true,false,false,false,false,false,false,false,true,
2025-12-05,3017,奇鋐,listed,1345.0,1405.0,1340.0,1385.0,60.0,4.5283,8314708,11465832580,14479,TWSE,common_stock,true,false,false,false,false,false,false,false,true,
2025-12-05,3018,隆銘綠能,listed,11.65,11.7,11.65,11.7,-0.2,-1.6807,26113,305878,128,TWSE,common_stock,true,false,false,false,false,false,false,false,true,
2025-12-05,3019,亞光,listed,140.5,143.0,137.0,137.5,-3.0,-2.1352,3926884,547105301,3847,TWSE,common_stock,true,false,false,false,false,false,false,false,true,
2025-12-05,3021,鴻名,listed,17.2,17.2,16.95,17.1,-0.1,-0.5814,50000,853000,36,TWSE,common_stock,true,false,false,false,false,false,false,false,true,
2025-12-05,3022,威強電,listed,68.2,68.6,67.4,67.5,-0.5,-0.7353,444964,30172237,501,TWSE,common_stock,true,false,false,false,false,false,false,false,true,
2025-12-05,3023,信邦,listed,220.0,221.0,216.0,216.5,-3.0,-1.3667,684104,148636842,1401,TWSE,common_stock,true,false,false,false,false,false,false,false,true,
2025-12-05,3024,憶聲,listed,10.8,10.8,10.65,10.7,-0.1,-0.9259,470666,5050801,266,TWSE,common_stock,true,false,false,false,false,false,false,false,true,
2025-12-05,3025,星通,listed,53.0,55.4,52.4,54.1,1.5,2.8517,2468549,134345843,2164,TWSE,common_stock,true,false,false,false,false,false,false,false,true,
2025-12-05,3026,禾伸堂,listed,103.5,104.0,102.5,103.5,0.0,0.0,710191,73265700,648,TWSE,common_stock,true,false,false,false,false,false,false,false,true,
2025-12-05,3027,盛達,listed,24.95,24.95,24.15,24.2,-0.65,-2.6157,554117,13489975,473,TWSE,common_stock,true,false,false,false,false,false,false,false,true,
2025-12-05,3028,增你強,listed,35.6,36.75,35.45,36.65,0.95,2.6611,1404258,50919012,1104,TWSE,common_stock,true,false,false,false,false,false,false,false,true,
2025-12-05,3029,零壹,listed,118.0,119.0,116.0,116.5,-1.0,-0.8511,684239,80197501,1092,TWSE,common_stock,true,false,false,false,false,false,false,false,true,
2025-12-05,3030,德律,listed,170.5,172.0,167.0,167.5,-4.0,-2.3324,4263825,719547856,4093,TWSE,common_stock,true,false,false,false,false,false,false,false,true,
2025-12-05,3031,佰鴻,listed,19.65,19.65,19.3,19.5,-0.2,-1.0152,207063,4022730,190,TWSE,common_stock,true,false,false,false,false,false,false,false,true,
2025-12-05,3032,偉訓,listed,82.1,82.4,80.1,80.1,-1.4,-1.7178,657034,53178210,731,TWSE,common_stock,true,false,false,false,false,false,false,false,true,
2025-12-05,3033,威健,listed,30.0,30.25,29.8,30.1,-0.05,-0.1658,753700,22580814,1188,TWSE,common_stock,true,false,false,false,false,false,false,false,true,
2025-12-05,3034,聯詠,listed,386.5,389.0,383.5,387.0,2.5,0.6502,1613694,622391653,2464,TWSE,common_stock,true,false,false,false,false,false,false,false,true,
2025-12-05,3035,智原,listed,171.0,173.5,169.0,173.0,3.5,2.0649,1909228,327283119,2127,TWSE,common_stock,true,false,false,false,false,false,false,false,true,
2025-12-05,3036,文曄,listed,148.0,149.0,147.0,148.5,0.0,0.0,4431244,656083332,2313,TWSE,common_stock,true,false,false,false,false,false,false,false,true,
2025-12-05,3036A,文曄甲特,listed,51.3,51.4,51.3,51.3,0.0,0.0,21110,1083753,12,TWSE,warrant,false,false,true,false,false,false,false,false,false,security_type=warrant;symbol_not_4_digit
2025-12-05,3037,欣興,listed,202.5,218.0,201.5,215.0,16.5,8.3123,80682253,16961287903,64638,TWSE,common_stock,true,false,false,false,false,false,false,false,true,
2025-12-05,3038,全台,listed,20.7,20.85,20.5,20.55,-0.25,-1.2019,146932,3025589,136,TWSE,common_stock,true,false,false,false,false,false,false,false,true,
2025-12-05,3040,遠見,listed,64.6,65.1,62.4,63.4,-1.3,-2.0093,1223873,78309049,1196,TWSE,common_stock,true,false,false,false,false,false,false,false,true,
2025-12-05,3041,揚智,listed,25.7,25.7,25.15,25.4,-0.25,-0.9747,261069,6639678,364,TWSE,common_stock,true,false,false,false,false,false,false,false,true,
2025-12-05,3042,晶技,listed,84.5,84.5,83.4,84.1,-0.3,-0.3555,724826,60682503,1291,TWSE,common_stock,true,false,false,false,false,false,false,false,true,
2025-12-05,3043,科風,listed,22.95,22.95,22.55,22.65,-0.3,-1.3072,94574,2145820,127,TWSE,common_stock,true,false,false,false,false,false,false,false,true,
2025-12-05,3044,健鼎,listed,301.0,302.0,297.5,300.5,-2.0,-0.6612,1701159,509424624,2220,TWSE,common_stock,true,false,false,false,false,false,false,false,true,
2025-12-05,3045,台灣大,listed,105.5,106.0,105.0,105.0,-0.5,-0.4739,6674706,704350658,3699,TWSE,common_stock,true,false,false,false,false,false,false,false,true,
2025-12-05,3046,建碁,listed,50.0,51.3,49.1,50.3,1.85,3.8184,1477877,74849100,1300,TWSE,common_stock,true,false,false,false,false,false,false,false,true,
2025-12-05,3047,訊舟,listed,17.9,17.95,17.6,17.75,-0.05,-0.2809,574758,10194290,406,TWSE,common_stock,true,false,false,false,false,false,false,false,true,
2025-12-05,3048,益登,listed,40.85,43.0,39.6,40.3,-0.55,-1.3464,25684976,1060867017,20125,TWSE,common_stock,true,false,false,false,false,false,false,false,true,
2025-12-05,3049,精金,listed,6.98,7.0,6.85,6.91,-0.07,-1.0029,483451,3334794,325,TWSE,common_stock,true,false,false,false,false,false,false,false,true,
2025-12-05,3050,鈺德,listed,12.25,12.4,12.05,12.25,0.0,0.0,619390,7528857,306,TWSE,common_stock,true,false,false,false,false,false,false,false,true,
2025-12-05,3051,力特,listed,18.8,18.85,18.25,18.35,-0.4,-2.1333,487025,8981620,361,TWSE,common_stock,true,false,false,false,false,false,false,false,true,
2025-12-05,3052,夆典,listed,11.6,11.6,11.45,11.5,-0.1,-0.8621,806754,9291040,177,TWSE,common_stock,true,false,false,false,false,false,false,false,true,
2025-12-05,3054,立萬利,listed,24.15,24.15,23.5,23.6,-0.2,-0.8403,4090,97343,9,TWSE,common_stock,true,false,false,false,false,false,false,false,true,
2025-12-05,3055,蔚華科,listed,65.8,65.8,63.4,65.4,0.1,0.1531,419627,27182959,725,TWSE,common_stock,true,false,false,false,false,false,false,false,true,
2025-12-05,3056,富華新,listed,18.3,18.3,18.1,18.2,-0.1,-0.5464,821292,14943200,800,TWSE,common_stock,true,false,false,false,false,false,false,false,true,
2025-12-05,3057,喬鼎,listed,15.0,15.1,14.8,14.95,0.0,0.0,67973,1016166,126,TWSE,common_stock,true,false,false,false,false,false,false,false,true,
2025-12-05,3058,立德,listed,10.5,10.5,10.25,10.3,-0.3,-2.8302,266834,2761487,236,TWSE,common_stock,true,false,false,false,false,false,false,false,true,
2025-12-05,3059,華晶科,listed,44.65,45.2,42.6,42.8,-1.0,-2.2831,12229486,535652402,8149,TWSE,common_stock,true,false,false,false,false,false,false,false,true,
2025-12-05,3060,銘異,listed,26.9,27.3,26.65,27.2,0.35,1.3035,2397180,64634144,1414,TWSE,common_stock,true,false,false,false,false,false,false,false,true,
2025-12-05,3062,建漢,listed,24.0,24.15,23.6,23.8,-0.1,-0.4184,1061897,25250580,783,TWSE,common_stock,true,false,false,false,false,false,false,false,true,
2025-12-05,3090,日電貿,listed,85.3,87.8,85.3,87.6,0.6,0.6897,2177119,188369754,1890,TWSE,common_stock,true,false,false,false,false,false,false,false,true,
2025-12-05,3092,鴻碩,listed,15.5,15.5,14.9,14.95,-0.45,-2.9221,247891,3731025,177,TWSE,common_stock,true,false,false,false,false,false,false,false,true,
2025-12-05,3094,聯傑,listed,24.2,24.2,23.7,23.75,-0.2,-0.8351,61085,1461137,65,TWSE,common_stock,true,false,false,false,false,false,false,false,true,
2025-12-05,3130,一零四,listed,225.0,225.0,224.0,224.0,-0.5,-0.2227,18401,4127909,1010,TWSE,common_stock,true,false,false,false,false,false,false,false,true,
2025-12-05,3135,凌航,listed,63.2,68.6,62.7,67.3,4.2,6.6561,3936990,260560514,3988,TWSE,common_stock,true,false,false,false,false,false,false,false,true,
2025-12-05,3138,耀登,listed,86.9,87.3,85.3,87.2,0.3,0.3452,25999,2241966,57,TWSE,common_stock,true,false,false,false,false,false,false,false,true,
2025-12-05,3149,正達,listed,34.95,34.95,33.75,34.15,-0.45,-1.3006,879422,29976176,1297,TWSE,common_stock,true,false,false,false,false,false,false,false,true,
2025-12-05,3150,鈺寶-創,listed,18.35,19.4,18.35,19.4,0.8,4.3011,110218,2082387,44,TWSE,common_stock,true,false,false,false,false,false,false,false,true,
2025-12-05,3164,景岳,listed,18.4,18.5,18.4,18.45,0.05,0.2717,21750,400795,57,TWSE,common_stock,true,false,false,false,false,false,false,false,true,
2025-12-05,3167,大量,listed,204.5,221.0,203.5,221.0,20.0,9.9502,21672010,4667881717,22120,TWSE,common_stock,true,false,false,false,false,false,false,false,true,
2025-12-05,3168,眾福科,listed,43.2,43.7,43.05,43.7,0.2,0.4598,3075,133190,5,TWSE,common_stock,true,false,false,false,false,false,false,false,true,
2025-12-05,3189,景碩,listed,149.0,162.0,149.0,157.0,9.0,6.0811,58242653,9111637982,38382,TWSE,common_stock,true,false,false,false,false,false,false,false,true,
2025-12-05,3209,全科,listed,33.65,33.65,33.25,33.45,-0.15,-0.4464,238511,7958044,364,TWSE,common_stock,true,false,false,false,false,false,false,false,true,
2025-12-05,3229,晟鈦,listed,20.0,20.0,18.5,18.75,-1.2,-6.015,1010129,19450211,566,TWSE,common_stock,true,false,false,false,false,false,false,false,true,
2025-12-05,3231,緯創,listed,146.0,153.0,145.5,151.0,5.0,3.4247,86357618,12973289112,51067,TWSE,common_stock,true,false,false,false,false,false,false,false,true,
2025-12-05,3257,虹冠電,listed,62.0,62.0,61.0,61.4,-0.1,-0.1626,252268,15498745,211,TWSE,common_stock,true,false,false,false,false,false,false,false,true,
2025-12-05,3266,昇陽,listed,14.1,14.1,13.9,14.1,0.05,0.3559,22500,314688,26,TWSE,common_stock,true,false,false,false,false,false,false,false,true,
2025-12-05,3296,勝德,listed,20.8,20.8,20.55,20.65,-0.15,-0.7212,24318,502023,49,TWSE,common_stock,true,false,false,false,false,false,false,false,true,
2025-12-05,3305,昇貿,listed,96.1,98.0,95.3,98.0,1.9,1.9771,1590058,154025609,1974,TWSE,common_stock,true,false,false,false,false,false,false,false,true,
2025-12-05,3308,聯德,listed,15.7,15.85,15.05,15.2,-0.45,-2.8754,46925,729183,87,TWSE,common_stock,true,false,false,false,false,false,false,false,true,
2025-12-05,3311,閎暉,listed,32.55,32.55,31.95,32.05,-0.25,-0.774,100825,3235283,201,TWSE,common_stock,true,false,false,false,false,false,false,false,true,
2025-12-05,3312,弘憶股,listed,36.45,36.95,36.15,36.35,-0.1,-0.2743,248097,9041078,387,TWSE,common_stock,true,false,false,false,false,false,false,false,true,
2025-12-05,3321,同泰,listed,21.75,21.9,19.3,20.65,0.0,0.0,1235049,25733595,842,TWSE,common_stock,true,false,false,false,false,false,false,false,true,
2025-12-05,3338,泰碩,listed,49.6,50.0,49.0,49.25,-0.35,-0.7056,291929,14441638,248,TWSE,common_stock,true,false,false,false,false,false,false,false,true,
2025-12-05,3346,麗清,listed,19.35,19.5,19.0,19.2,-0.05,-0.2597,115591,2209354,121,TWSE,common_stock,true,false,false,false,false,false,false,false,true,
2025-12-05,3356,奇偶,listed,48.25,48.25,46.9,46.9,-1.1,-2.2917,329456,15554710,717,TWSE,common_stock,true,false,false,false,false,false,false,false,true,
2025-12-05,3376,新日興,listed,208.0,209.0,201.5,202.5,-5.5,-2.6442,3193131,650714188,6247,TWSE,common_stock,true,false,false,false,false,false,false,false,true,
2025-12-05,3380,明泰,listed,30.9,31.1,30.45,31.0,0.45,1.473,1426244,43787196,1016,TWSE,common_stock,true,false,false,false,false,false,false,false,true,
2025-12-05,3406,玉晶光,listed,446.0,449.5,437.5,439.0,-7.0,-1.5695,570770,251535050,1101,TWSE,common_stock,true,false,false,false,false,false,false,false,true,
2025-12-05,3413,京鼎,listed,296.0,297.5,294.0,297.5,2.0,0.6768,437348,129367689,771,TWSE,common_stock,true,false,false,false,false,false,false,false,true,
2025-12-05,3416,融程電,listed,148.0,150.0,146.0,146.5,-2.0,-1.3468,214448,31654065,263,TWSE,common_stock,true,false,false,false,false,false,false,false,true,
2025-12-05,3419,譁裕,listed,12.8,13.2,12.8,13.0,0.15,1.1673,212281,2761809,146,TWSE,common_stock,true,false,false,false,false,false,false,false,true,
2025-12-05,3432,台端,listed,14.25,14.25,14.05,14.1,-0.2,-1.3986,19406,274671,14,TWSE,common_stock,true,false,false,false,false,false,false,false,true,
2025-12-05,3437,榮創,listed,14.1,14.5,14.0,14.1,-0.15,-1.0526,169107,2386218,167,TWSE,common_stock,true,false,false,false,false,false,false,false,true,
2025-12-05,3443,創意,listed,2120.0,2230.0,2120.0,2220.0,95.0,4.4706,3314761,7274312640,8077,TWSE,common_stock,true,false,false,false,false,false,false,false,true,
2025-12-05,3447,展達,listed,52.4,52.7,50.6,51.2,-1.1,-2.1033,254143,13015616,380,TWSE,common_stock,true,false,false,false,false,false,false,false,true,
2025-12-05,3450,聯鈞,listed,253.0,261.5,249.0,260.5,9.0,3.5785,11615613,2959693891,20339,TWSE,common_stock,true,false,false,false,false,false,false,false,true,
2025-12-05,3454,晶睿,listed,98.7,99.1,98.6,98.7,0.1,0.1014,633965,62577158,641,TWSE,common_stock,true,false,false,false,false,false,false,false,true,
2025-12-05,3481,群創,listed,14.3,14.4,14.2,14.4,0.05,0.3484,42867712,615089222,9256,TWSE,common_stock,true,false,false,false,false,false,false,false,true,
2025-12-05,3494,誠研,listed,8.49,9.07,8.46,9.07,0.82,9.9394,1540675,13832216,1285,TWSE,common_stock,true,false,false,false,false,false,false,false,true,
2025-12-05,3501,維熹,listed,47.8,47.8,47.0,47.25,0.0,0.0,131982,6250921,130,TWSE,common_stock,true,false,false,false,false,false,false,false,true,
2025-12-05,3504,揚明光,listed,51.5,51.5,50.1,50.4,-0.6,-1.1765,141705,7140687,195,TWSE,common_stock,true,false,false,false,false,false,false,false,true,
2025-12-05,3515,華擎,listed,249.0,253.0,243.0,247.0,-1.5,-0.6036,520139,128166858,799,TWSE,common_stock,true,false,false,false,false,false,false,false,true,
2025-12-05,3518,柏騰,listed,21.0,21.4,20.7,20.7,-0.45,-2.1277,89334,1858322,88,TWSE,common_stock,true,false,false,false,false,false,false,false,true,
2025-12-05,3528,安馳,listed,69.5,71.5,68.9,70.0,1.1,1.5965,307827,21696776,284,TWSE,common_stock,true,false,false,false,false,false,false,false,true,
2025-12-05,3530,晶相光,listed,74.8,77.3,72.4,72.8,0.1,0.1376,6847735,509447773,5206,TWSE,common_stock,true,false,false,false,false,false,false,false,true,
2025-12-05,3532,台勝科,listed,102.0,103.0,99.9,100.5,-2.5,-2.4272,1819763,183362016,1701,TWSE,common_stock,true,false,false,false,false,false,false,false,true,
2025-12-05,3533,嘉澤,listed,1270.0,1285.0,1255.0,1270.0,5.0,0.3953,916978,1159457333,1110,TWSE,common_stock,true,false,false,false,false,false,false,false,true,
2025-12-05,3535,晶彩科,listed,90.1,91.5,87.2,89.0,-1.9,-2.0902,7120458,634798339,5435,TWSE,common_stock,true,false,false,false,false,false,false,false,true,
2025-12-05,3543,州巧,listed,44.0,48.4,43.8,46.8,2.8,6.3636,8790501,415884368,5441,TWSE,common_stock,true,false,false,false,false,false,false,false,true,
2025-12-05,3545,敦泰,listed,52.0,52.2,50.5,50.9,-1.3,-2.4904,906404,46416867,925,TWSE,common_stock,true,false,false,false,false,false,false,false,true,
2025-12-05,3550,聯穎,listed,12.85,13.0,12.7,12.85,0.1,0.7843,229487,2949131,209,TWSE,common_stock,true,false,false,false,false,false,false,false,true,
2025-12-05,3557,嘉威,listed,36.5,36.5,36.3,36.3,-0.3,-0.8197,9606,349304,21,TWSE,common_stock,true,false,false,false,false,false,false,false,true,
2025-12-05,3563,牧德,listed,491.0,494.0,471.5,472.5,-18.0,-3.6697,897119,429907554,2957,TWSE,common_stock,true,false,false,false,false,false,false,false,true,
2025-12-05,3576,聯合再生,listed,6.38,6.38,6.23,6.26,-0.11,-1.7268,2220789,13925145,990,TWSE,common_stock,true,false,false,false,false,false,false,false,true,
2025-12-05,3583,辛耘,listed,314.0,317.0,309.0,311.5,-2.0,-0.638,224421,70027666,1127,TWSE,common_stock,true,false,false,false,false,false,false,false,true,
2025-12-05,3588,通嘉,listed,47.4,48.0,46.75,47.5,-0.25,-0.5236,114801,5422614,273,TWSE,common_stock,true,false,false,false,false,false,false,false,true,
2025-12-05,3591,艾笛森,listed,18.6,18.6,18.35,18.4,-0.2,-1.0753,124625,2295615,92,TWSE,common_stock,true,false,false,false,false,false,false,false,true,
2025-12-05,3592,瑞鼎,listed,213.0,213.5,209.0,209.0,-4.0,-1.8779,422434,88747951,811,TWSE,common_stock,true,false,false,false,false,false,false,false,true,
2025-12-05,3593,力銘,listed,7.7,8.42,7.7,8.41,0.75,9.7911,231145,1929068,328,TWSE,common_stock,true,false,false,false,false,false,false,false,true,
2025-12-05,3596,智易,listed,188.0,188.0,182.5,183.0,-5.5,-2.9178,720576,132811722,856,TWSE,common_stock,true,false,false,false,false,false,false,false,true,
2025-12-05,3605,宏致,listed,62.2,62.5,61.4,62.4,0.1,0.1605,934640,57891745,1226,TWSE,common_stock,true,false,false,false,false,false,false,false,true,
2025-12-05,3607,谷崧,listed,14.25,14.25,13.85,13.85,-0.15,-1.0714,236542,3300581,200,TWSE,common_stock,true,false,false,false,false,false,false,false,true,
2025-12-05,3617,碩天,listed,203.5,203.5,199.0,199.5,-3.0,-1.4815,173317,34681029,437,TWSE,common_stock,true,false,false,false,false,false,false,false,true,
2025-12-05,3622,洋華,listed,63.0,64.2,62.6,64.0,0.5,0.7874,716145,45477092,721,TWSE,common_stock,true,false,false,false,false,false,false,false,true,
2025-12-05,3645,達邁,listed,53.1,53.3,51.8,52.6,-0.5,-0.9416,694501,36487605,686,TWSE,common_stock,true,false,false,false,false,false,false,false,true,
2025-12-05,3652,精聯,listed,30.1,30.15,29.85,29.95,-0.05,-0.1667,36381,1091739,46,TWSE,common_stock,true,false,false,false,false,false,false,false,true,
2025-12-05,3653,健策,listed,2910.0,3060.0,2865.0,3060.0,275.0,9.8743,4231835,12670636005,11120,TWSE,common_stock,true,false,false,false,false,false,false,false,true,
2025-12-05,3661,世芯-KY,listed,3170.0,3230.0,3105.0,3155.0,-15.0,-0.4732,1802023,5694682315,12287,TWSE,common_stock,true,false,false,false,false,false,false,false,true,
2025-12-05,3665,貿聯-KY,listed,1535.0,1540.0,1500.0,1525.0,-5.0,-0.3268,1918326,2923420315,3539,TWSE,common_stock,true,false,false,false,false,false,false,false,true,
2025-12-05,3669,圓展,listed,29.3,29.7,29.2,29.5,-0.05,-0.1692,94000,2766400,45,TWSE,common_stock,true,false,false,false,false,false,false,false,true,
2025-12-05,3673,TPK-KY,listed,41.7,42.7,41.7,42.6,0.8,1.9139,2564470,108657567,1716,TWSE,common_stock,true,false,false,false,false,false,false,false,true,
2025-12-05,3679,新至陞,listed,117.5,118.5,117.0,117.5,0.5,0.4274,27253,3209710,38,TWSE,common_stock,true,false,false,false,false,false,false,false,true,
2025-12-05,3686,達能,listed,18.05,18.2,17.9,17.9,-0.15,-0.831,164775,2961860,121,TWSE,common_stock,true,false,false,false,false,false,false,false,true,
2025-12-05,3694,海華,listed,63.0,63.4,61.6,61.8,-1.0,-1.5924,538719,33426170,590,TWSE,common_stock,true,false,false,false,false,false,false,false,true,
2025-12-05,3701,大眾控,listed,31.15,31.4,30.55,30.8,-0.75,-2.3772,181701,5612512,248,TWSE,common_stock,true,false,false,false,false,false,false,false,true,
2025-12-05,3702,大聯大,listed,65.6,65.9,65.0,65.8,0.1,0.1522,5293133,346946685,2550,TWSE,common_stock,true,false,false,false,false,false,false,false,true,
2025-12-05,3703,欣陸,listed,22.75,22.85,22.6,22.75,0.0,0.0,287477,6529541,219,TWSE,common_stock,true,false,false,false,false,false,false,false,true,
2025-12-05,3704,合勤控,listed,35.65,35.9,35.25,35.35,-0.3,-0.8415,1260821,44804305,1022,TWSE,common_stock,true,false,false,false,false,false,false,false,true,
2025-12-05,3705,永信,listed,57.2,57.2,56.4,56.4,-0.6,-1.0526,192510,10907272,265,TWSE,common_stock,true,false,false,false,false,false,false,false,true,
2025-12-05,3706,神達,listed,93.5,94.0,91.8,93.7,0.9,0.9698,24045249,2241966527,17953,TWSE,common_stock,true,false,false,false,false,false,false,false,true,
2025-12-05,3708,上緯投控,listed,103.0,104.0,101.0,103.0,0.5,0.4878,593888,60912790,603,TWSE,common_stock,true,false,false,false,false,false,false,false,true,
2025-12-05,3711,日月光投控,listed,227.5,231.0,224.5,231.0,3.0,1.3158,13666668,3124829766,8790,TWSE,common_stock,true,false,false,false,false,false,false,false,true,
2025-12-05,3712,永崴投控,listed,26.45,26.6,26.05,26.1,-0.15,-0.5714,345581,9099621,385,TWSE,common_stock,true,false,false,false,false,false,false,false,true,
2025-12-05,3714,富采,listed,32.8,33.3,31.9,32.2,-0.8,-2.4242,1090791,35208274,1298,TWSE,common_stock,true,false,false,false,false,false,false,false,true,
2025-12-05,3715,定穎投控,listed,112.5,113.5,110.0,112.0,0.5,0.4484,9546563,1063871917,8824,TWSE,common_stock,true,false,false,false,false,false,false,false,true,
2025-12-05,3716,中化控股,listed,34.3,34.35,34.1,34.3,0.0,0.0,40061,1369057,77,TWSE,common_stock,true,false,false,false,false,false,false,false,true,
2025-12-05,3717,聯嘉投控,listed,17.5,17.8,17.15,17.25,-0.25,-1.4286,269042,4679367,181,TWSE,common_stock,true,false,false,false,false,false,false,false,true,
2025-12-05,4104,佳醫,listed,81.5,81.7,81.5,81.6,0.0,0.0,114754,9364411,196,TWSE,common_stock,true,false,false,false,false,false,false,false,true,
2025-12-05,4106,雃博,listed,21.75,21.95,21.75,21.85,-0.05,-0.2283,59719,1302466,48,TWSE,common_stock,true,false,false,false,false,false,false,false,true,
2025-12-05,4108,懷特,listed,14.0,14.2,14.0,14.1,0.1,0.7143,78335,1108673,103,TWSE,common_stock,true,false,false,false,false,false,false,false,true,
2025-12-05,4119,旭富,listed,49.1,49.1,48.05,48.25,-0.6,-1.2282,177751,8582475,202,TWSE,common_stock,true,false,false,false,false,false,false,false,true,
2025-12-05,4133,亞諾法,listed,22.7,22.9,22.7,22.75,-0.15,-0.655,24945,567603,53,TWSE,common_stock,true,false,false,false,false,false,false,false,true,
2025-12-05,4137,麗豐-KY,listed,100.0,100.5,99.4,99.7,-1.3,-1.2871,79989,7983771,189,TWSE,common_stock,true,false,false,false,false,false,false,false,true,
2025-12-05,4142,國光生,listed,19.9,19.95,19.3,19.45,-0.45,-2.2613,1433330,27975906,890,TWSE,common_stock,true,false,false,false,false,false,false,false,true,
2025-12-05,4148,全宇生技-KY,listed,40.0,40.4,39.5,40.05,-0.45,-1.1111,32150,1281750,24,TWSE,common_stock,true,false,false,false,false,false,false,false,true,
2025-12-05,4155,訊映,listed,15.15,15.3,15.05,15.1,0.0,0.0,129140,1959412,102,TWSE,common_stock,true,false,false,false,false,false,false,false,true,
2025-12-05,4164,承業醫,listed,37.65,37.7,37.15,37.25,-0.3,-0.7989,535872,19988258,612,TWSE,common_stock,true,false,false,false,false,false,false,false,true,
2025-12-05,4190,佐登-KY,listed,30.4,30.45,30.4,30.45,0.05,0.1645,5781,176057,21,TWSE,common_stock,true,false,false,false,false,false,false,false,true,
2025-12-05,4306,炎洲,listed,13.9,13.9,13.75,13.9,-0.05,-0.3584,584435,8091050,409,TWSE,common_stock,true,false,false,false,false,false,false,false,true,
2025-12-05,4414,如興,listed,10.2,10.3,10.0,10.2,-0.1,-0.9709,249114,2530691,149,TWSE,common_stock,true,false,false,false,false,false,false,false,true,
2025-12-05,4426,利勤,listed,10.0,10.0,9.87,9.87,-0.05,-0.504,47744,472511,51,TWSE,common_stock,true,false,false,false,false,false,false,false,true,
2025-12-05,4438,廣越,listed,81.0,81.0,79.9,80.7,-0.5,-0.6158,63859,5124543,411,TWSE,common_stock,true,false,false,false,false,false,false,false,true,
2025-12-05,4439,冠星-KY,listed,103.5,103.5,103.0,103.5,0.0,0.0,5359,552971,13,TWSE,common_stock,true,false,false,false,false,false,false,false,true,
2025-12-05,4440,宜新實業,listed,18.4,18.5,18.1,18.4,0.1,0.5464,79000,1447850,47,TWSE,common_stock,true,false,false,false,false,false,false,false,true,
2025-12-05,4441,振大環球,listed,279.0,279.0,267.5,268.0,1.0,0.3745,37560,10179341,242,TWSE,common_stock,true,false,false,false,false,false,false,false,true,
2025-12-05,4526,東台,listed,32.4,33.0,31.8,31.8,-0.45,-1.3953,4699132,151819851,3393,TWSE,common_stock,true,false,false,false,false,false,false,false,true,
2025-12-05,4532,瑞智,listed,24.0,24.1,23.85,24.0,0.0,0.0,508346,12190708,283,TWSE,common_stock,true,false,false,false,false,false,false,false,true,
2025-12-05,4536,拓凱,listed,164.5,164.5,162.0,163.0,-2.0,-1.2121,392800,63895010,593,TWSE,common_stock,true,false,false,false,false,false,false,false,true,
2025-12-05,4540,全球傳動,listed,36.25,37.5,36.0,36.1,0.15,0.4172,1562567,57229632,1219,TWSE,common_stock,true,false,false,false,false,false,false,false,true,
2025-12-05,4545,銘鈺,listed,32.0,32.05,31.7,31.75,-0.3,-0.936,80812,2572339,102,TWSE,common_stock,true,false,false,false,false,false,false,false,true,
2025-12-05,4551,智伸科,listed,119.5,120.0,117.5,118.5,0.0,0.0,187820,22345267,471,TWSE,common_stock,true,false,false,false,false,false,false,false,true,
2025-12-05,4552,力達-KY,listed,23.85,23.85,23.55,23.6,-0.1,-0.4219,78599,1860487,86,TWSE,common_stock,true,false,false,false,false,false,false,false,true,
2025-12-05,4555,氣立,listed,42.45,43.2,41.35,41.8,0.3,0.7229,148117,6241010,177,TWSE,common_stock,true,false,false,false,false,false,false,false,true,
2025-12-05,4557,永新-KY,listed,79.3,79.3,78.3,78.6,-0.7,-0.8827,143776,11308537,234,TWSE,common_stock,true,false,false,false,false,false,false,false,true,
2025-12-05,4560,強信-KY,listed,33.45,33.6,33.15,33.5,0.2,0.6006,152439,5078091,69,TWSE,common_stock,true,false,false,false,false,false,false,false,true,
2025-12-05,4562,穎漢,listed,41.45,42.7,41.05,42.7,3.85,9.9099,2090598,88605378,1599,TWSE,common_stock,true,false,false,false,false,false,false,false,true,
2025-12-05,4564,元翎,listed,17.0,17.15,16.7,16.75,-0.1,-0.5935,441106,7418088,230,TWSE,common_stock,true,false,false,false,false,false,false,false,true,
2025-12-05,4566,時碩工業,listed,54.3,54.9,52.6,52.6,-1.1,-2.0484,291271,15477727,912,TWSE,common_stock,true,false,false,false,false,false,false,false,true,
2025-12-05,4569,六方科-KY,listed,146.5,150.0,145.5,148.0,0.5,0.339,22160,3275236,27,TWSE,common_stock,true,false,false,false,false,false,false,false,true,
2025-12-05,4571,鈞興-KY,listed,169.0,174.5,168.0,168.5,1.5,0.8982,839240,143867196,1422,TWSE,common_stock,true,false,false,false,false,false,false,false,true,
2025-12-05,4572,駐龍,listed,158.0,158.0,156.0,158.0,1.5,0.9585,27787,4373956,48,TWSE,common_stock,true,false,false,false,false,false,false,false,true,
2025-12-05,4576,大銀微系統,listed,110.5,113.0,107.0,107.0,-1.5,-1.3825,1463876,161343288,2026,TWSE,common_stock,true,false,false,false,false,false,false,false,true,
2025-12-05,4581,光隆精密-KY,listed,53.5,53.5,52.5,52.9,0.2,0.3795,33006,1738515,22,TWSE,common_stock,true,false,false,false,false,false,false,false,true,
2025-12-05,4583,台灣精銳,listed,677.0,704.0,671.0,686.0,46.0,7.1875,1750265,1211571248,4259,TWSE,common_stock,true,false,false,false,false,false,false,false,true,
2025-12-05,4585,達明,listed,351.0,370.0,347.0,366.5,29.5,8.7537,1649976,593529667,4716,TWSE,common_stock,true,false,false,false,false,false,false,false,true,
2025-12-05,4588,玖鼎電力,listed,64.0,64.9,63.9,64.7,0.7,1.0938,85853,5520974,152,TWSE,common_stock,true,false,false,false,false,false,false,false,true,
2025-12-05,4720,德淵,listed,14.25,14.25,13.9,14.15,0.05,0.3546,168283,2369191,79,TWSE,common_stock,true,false,false,false,false,false,false,false,true,
2025-12-05,4722,國精化,listed,167.0,167.0,153.0,155.5,-9.5,-5.7576,3636025,574524604,4626,TWSE,common_stock,true,false,false,false,false,false,false,false,true,
2025-12-05,4736,泰博,listed,124.0,124.0,122.5,123.0,-1.5,-1.2048,92769,11420297,191,TWSE,common_stock,true,false,false,false,false,false,false,false,true,
2025-12-05,4737,華廣,listed,58.5,59.0,58.0,58.9,0.4,0.6838,75299,4419411,46,TWSE,common_stock,true,false,false,false,false,false,false,false,true,
2025-12-05,4739,康普,listed,69.2,69.3,67.6,68.2,-1.0,-1.4451,410709,27958695,811,TWSE,common_stock,true,false,false,false,false,false,false,false,true,
2025-12-05,4746,台耀,listed,63.8,63.9,62.7,63.0,-1.1,-1.7161,435776,27510515,409,TWSE,common_stock,true,false,false,false,false,false,false,false,true,
2025-12-05,4755,三福化,listed,99.7,99.7,96.8,97.0,-2.1,-2.1191,224537,21940241,312,TWSE,common_stock,true,false,false,false,false,false,false,false,true,
2025-12-05,4763,材料*-KY,listed,54.1,54.8,53.5,53.7,0.0,0.0,2696573,145296583,2246,TWSE,common_stock,true,false,false,false,false,false,false,false,true,
2025-12-05,4764,雙鍵,listed,71.0,78.4,71.0,75.7,4.4,6.1711,3016632,232271576,3081,TWSE,common_stock,true,false,false,false,false,false,false,false,true,
2025-12-05,4766,南寶,listed,325.0,325.0,322.5,322.5,-1.0,-0.3091,96487,31178796,188,TWSE,common_stock,true,false,false,false,false,false,false,false,true,
2025-12-05,4770,上品,listed,224.5,224.5,220.5,224.5,2.0,0.8989,138357,30807453,247,TWSE,common_stock,true,false,false,false,false,false,false,false,true,
2025-12-05,4771,望隼,listed,182.0,183.0,180.0,182.0,0.5,0.2755,83824,15242225,98,TWSE,common_stock,true,false,false,false,false,false,false,false,true,
2025-12-05,4807,日成-KY,listed,,,,,0.0,,991,17788,21,TWSE,other,false,false,false,false,false,false,false,false,false,invalid_close
2025-12-05,4904,遠傳,listed,86.8,87.0,86.4,86.4,-0.2,-0.2309,6416029,555398326,3790,TWSE,common_stock,true,false,false,false,false,false,false,false,true,
2025-12-05,4906,正文,listed,26.6,26.65,26.25,26.5,0.05,0.189,1049159,27720283,709,TWSE,common_stock,true,false,false,false,false,false,false,false,true,
2025-12-05,4912,聯德控股-KY,listed,89.0,92.5,89.0,91.4,3.2,3.6281,541565,49255742,518,TWSE,common_stock,true,false,false,false,false,false,false,false,true,
2025-12-05,4915,致伸,listed,82.7,82.9,81.8,82.1,-0.1,-0.1217,707782,58196043,852,TWSE,common_stock,true,false,false,false,false,false,false,false,true,
2025-12-05,4916,事欣科,listed,47.35,47.75,46.8,47.75,0.75,1.5957,1704942,80541878,1410,TWSE,common_stock,true,false,false,false,false,false,false,false,true,
2025-12-05,4919,新唐,listed,52.6,53.2,51.5,52.5,-0.4,-0.7561,1268729,66041803,1224,TWSE,common_stock,true,false,false,false,false,false,false,false,true,
2025-12-05,4927,泰鼎-KY,listed,22.8,23.8,22.6,23.8,1.05,4.6154,5176193,120709827,2280,TWSE,common_stock,true,false,false,false,false,false,false,false,true,
2025-12-05,4930,燦星網,listed,22.15,22.2,21.85,22.0,-0.05,-0.2268,36857,810519,114,TWSE,common_stock,true,false,false,false,false,false,false,false,true,
2025-12-05,4934,太極,listed,13.35,13.35,12.9,13.0,-0.15,-1.1407,343559,4479211,184,TWSE,common_stock,true,false,false,false,false,false,false,false,true,
2025-12-05,4935,茂林-KY,listed,42.15,42.3,41.85,42.3,-0.25,-0.5875,40259,1693535,73,TWSE,common_stock,true,false,false,false,false,false,false,false,true,
2025-12-05,4938,和碩,listed,72.0,72.1,70.9,71.2,-0.8,-1.1111,6494738,462570444,3758,TWSE,common_stock,true,false,false,false,false,false,false,false,true,
2025-12-05,4942,嘉彰,listed,38.0,38.05,37.8,37.95,-0.1,-0.2628,56024,2123313,41,TWSE,common_stock,true,false,false,false,false,false,false,false,true,
2025-12-05,4943,康控-KY,listed,14.4,14.4,13.75,13.95,-0.05,-0.3571,34758,482045,30,TWSE,common_stock,true,false,false,false,false,false,false,false,true,
2025-12-05,4949,有成精密,listed,40.7,40.75,39.2,39.3,-0.75,-1.8727,436073,17285472,519,TWSE,common_stock,true,false,false,false,false,false,false,false,true,
2025-12-05,4952,凌通,listed,36.6,36.6,35.85,35.9,-0.6,-1.6438,91315,3295200,89,TWSE,common_stock,true,false,false,false,false,false,false,false,true,
2025-12-05,4956,光鋐,listed,21.5,21.5,20.35,20.35,-0.5,-2.3981,1259196,26134805,867,TWSE,common_stock,true,false,false,false,false,false,false,false,true,
2025-12-05,4958,臻鼎-KY,listed,145.0,149.0,143.5,147.5,2.0,1.3746,7291142,1066579672,5512,TWSE,common_stock,true,false,false,false,false,false,false,false,true,
2025-12-05,4960,誠美材,listed,13.4,13.7,13.35,13.55,0.25,1.8797,1288261,17442648,562,TWSE,common_stock,true,false,false,false,false,false,false,false,true,
2025-12-05,4961,天鈺,listed,141.0,141.0,137.5,137.5,-3.5,-2.4823,685344,94770184,1027,TWSE,common_stock,true,false,false,false,false,false,false,false,true,
2025-12-05,4967,十銓,listed,127.5,133.0,125.5,132.5,3.5,2.7132,3894807,507182434,3248,TWSE,common_stock,true,false,false,false,false,false,false,false,true,
2025-12-05,4968,立積,listed,138.0,138.5,134.5,137.0,-1.0,-0.7246,1079230,146641825,1099,TWSE,common_stock,true,false,false,false,false,false,false,false,true,
2025-12-05,4976,佳凌,listed,32.15,32.5,31.2,31.2,-0.8,-2.5,402217,12773141,486,TWSE,common_stock,true,false,false,false,false,false,false,false,true,
2025-12-05,4977,眾達-KY,listed,124.0,124.5,122.0,123.5,-0.5,-0.4032,2861512,352464547,2638,TWSE,common_stock,true,false,false,false,false,false,false,false,true,
2025-12-05,4989,榮科,listed,40.6,41.2,39.55,40.75,0.15,0.3695,5476973,221855310,3636,TWSE,common_stock,true,false,false,false,false,false,false,false,true,
2025-12-05,4994,傳奇,listed,93.7,94.6,92.2,92.6,-1.6,-1.6985,48627,4544316,121,TWSE,common_stock,true,false,false,false,false,false,false,false,true,
2025-12-05,4999,鑫禾,listed,23.75,23.8,23.6,23.7,-0.05,-0.2105,23875,565407,84,TWSE,common_stock,true,false,false,false,false,false,false,false,true,
2025-12-05,5007,三星,listed,55.0,55.7,54.9,55.5,0.4,0.726,71352,3946408,83,TWSE,common_stock,true,false,false,false,false,false,false,false,true,
2025-12-05,5203,訊連,listed,99.5,100.0,98.2,98.2,-1.0,-1.0081,116102,11487274,116,TWSE,common_stock,true,false,false,false,false,false,false,false,true,
2025-12-05,5215,科嘉-KY,listed,36.2,36.2,35.9,35.9,-0.5,-1.3736,26763,964552,40,TWSE,common_stock,true,false,false,false,false,false,false,false,true,
2025-12-05,5222,全訊,listed,131.0,131.0,129.0,130.5,0.5,0.3846,121805,15805751,181,TWSE,common_stock,true,false,false,false,false,false,false,false,true,
2025-12-05,5225,東科-KY,listed,105.5,105.5,102.5,103.0,-2.5,-2.3697,478910,49615007,530,TWSE,common_stock,true,false,false,false,false,false,false,false,true,
2025-12-05,5234,達興材料,listed,329.0,334.0,327.0,330.5,0.0,0.0,438554,144567144,786,TWSE,common_stock,true,false,false,false,false,false,false,false,true,
2025-12-05,5243,乙盛-KY,listed,81.4,81.4,78.9,80.6,-0.4,-0.4938,1541621,122951206,1629,TWSE,common_stock,true,false,false,false,false,false,false,false,true,
2025-12-05,5244,弘凱,listed,42.35,42.55,41.3,42.1,-0.1,-0.237,589550,24657713,564,TWSE,common_stock,true,false,false,false,false,false,false,false,true,
2025-12-05,5258,虹堡,listed,72.7,72.8,71.5,72.5,-0.2,-0.2751,230452,16656794,581,TWSE,common_stock,true,false,false,false,false,false,false,false,true,
2025-12-05,5269,祥碩,listed,1230.0,1235.0,1205.0,1225.0,-5.0,-0.4065,292948,357238270,1669,TWSE,common_stock,true,false,false,false,false,false,false,false,true,
2025-12-05,5283,禾聯碩,listed,64.2,64.5,62.9,63.4,-0.9,-1.3997,59089,3762641,123,TWSE,common_stock,true,false,false,false,false,false,false,false,true,
2025-12-05,5284,jpp-KY,listed,310.0,334.5,304.0,324.0,16.0,5.1948,6240162,2009689358,23895,TWSE,common_stock,true,false,false,false,false,false,false,false,true,
2025-12-05,5285,界霖,listed,51.2,51.2,49.75,50.5,-0.6,-1.1742,161019,8069796,171,TWSE,common_stock,true,false,false,false,false,false,false,false,true,
2025-12-05,5288,豐祥-KY,listed,140.0,140.5,137.0,138.0,0.0,0.0,140808,19517138,443,TWSE,common_stock,true,false,false,false,false,false,false,false,true,
2025-12-05,5292,華懋,listed,149.5,149.5,148.0,148.0,-1.0,-0.6711,30180,4478914,250,TWSE,common_stock,true,false,false,false,false,false,false,false,true,
2025-12-05,5306,桂盟,listed,91.4,91.9,90.0,91.1,-0.5,-0.5459,77902,7069555,328,TWSE,common_stock,true,false,false,false,false,false,false,false,true,
2025-12-05,5388,中磊,listed,83.9,84.4,82.5,83.5,0.0,0.0,625854,51991857,598,TWSE,common_stock,true,false,false,false,false,false,false,false,true,
2025-12-05,5434,崇越,listed,303.0,306.0,301.5,306.0,4.0,1.3245,461852,140709233,1013,TWSE,common_stock,true,false,false,false,false,false,false,false,true,
2025-12-05,5469,瀚宇博,listed,97.2,97.6,96.1,97.1,-0.1,-0.1029,4932631,477311734,4204,TWSE,common_stock,true,false,false,false,false,false,false,false,true,
2025-12-05,5471,松翰,listed,34.7,34.7,34.2,34.3,-0.35,-1.0101,78229,2689757,156,TWSE,common_stock,true,false,false,false,false,false,false,false,true,
2025-12-05,5484,慧友,listed,42.95,42.95,41.5,42.95,3.9,9.9872,1525166,65334129,876,TWSE,common_stock,true,false,false,false,false,false,false,false,true,
2025-12-05,5515,建國,listed,32.3,32.3,31.65,32.3,-0.05,-0.1546,367180,11757725,411,TWSE,common_stock,true,false,false,false,false,false,false,false,true,
2025-12-05,5519,隆大,listed,32.5,32.5,31.95,32.05,-0.5,-1.5361,394674,12666641,692,TWSE,common_stock,true,false,false,false,false,false,false,false,true,
2025-12-05,5521,工信,listed,15.4,15.4,14.75,14.9,-0.4,-2.6144,3517357,52612840,1380,TWSE,common_stock,true,false,false,false,false,false,false,false,true,
2025-12-05,5522,遠雄,listed,59.3,59.8,58.8,59.1,-0.3,-0.5051,827656,49033305,799,TWSE,common_stock,true,false,false,false,false,false,false,false,true,
2025-12-05,5525,順天,listed,28.55,28.65,28.4,28.5,0.0,0.0,26637,759870,56,TWSE,common_stock,true,false,false,false,false,false,false,false,true,
2025-12-05,5531,鄉林,listed,9.03,9.09,9.01,9.08,0.01,0.1103,222337,2012251,128,TWSE,common_stock,true,false,false,false,false,false,false,false,true,
2025-12-05,5533,皇鼎,listed,14.45,14.45,14.35,14.4,0.05,0.3484,60413,869417,37,TWSE,common_stock,true,false,false,false,false,false,false,false,true,
2025-12-05,5534,長虹,listed,76.9,77.3,76.5,77.2,-0.2,-0.2584,210416,16186910,236,TWSE,common_stock,true,false,false,false,false,false,false,false,true,
2025-12-05,5538,東明-KY,listed,29.6,29.6,29.6,29.6,0.0,0.0,3254,96315,6,TWSE,common_stock,true,false,false,false,false,false,false,false,true,
2025-12-05,5546,永固-KY,listed,22.8,22.8,22.75,22.75,0.45,2.0179,2000,45550,2,TWSE,common_stock,true,false,false,false,false,false,false,false,true,
2025-12-05,5607,遠雄港,listed,48.3,48.95,47.6,48.2,-0.2,-0.4132,299949,14377471,1056,TWSE,common_stock,true,false,false,false,false,false,false,false,true,
2025-12-05,5608,四維航,listed,20.25,20.25,18.7,18.85,-1.9,-9.1566,26287450,508083862,9140,TWSE,common_stock,true,false,false,false,false,false,false,false,true,
2025-12-05,5706,鳳凰,listed,51.6,51.6,51.2,51.3,-0.3,-0.5814,89673,4604542,178,TWSE,common_stock,true,false,false,false,false,false,false,false,true,
2025-12-05,5871,中租-KY,listed,101.5,101.5,100.5,100.5,-0.5,-0.495,2349620,236527863,2499,TWSE,common_stock,true,false,false,false,false,false,false,false,true,
2025-12-05,5871A,中租-KY甲特,listed,101.0,101.0,101.0,101.0,0.0,0.0,12370,1249370,15,TWSE,warrant,false,false,true,false,false,false,false,false,false,security_type=warrant;symbol_not_4_digit
2025-12-05,5876,上海商銀,listed,39.3,39.45,39.2,39.4,-0.05,-0.1267,3773374,148233217,2286,TWSE,common_stock,true,false,false,false,false,false,false,false,true,
2025-12-05,5880,合庫金,listed,23.85,23.95,23.8,23.95,0.05,0.2092,6434220,153539375,3033,TWSE,common_stock,true,false,false,false,false,false,false,false,true,
2025-12-05,5906,台南-KY,listed,51.0,51.0,51.0,51.0,-0.6,-1.1628,1000,51000,1,TWSE,common_stock,true,false,false,false,false,false,false,false,true,
2025-12-05,5907,大洋-KY,listed,5.94,5.95,5.89,5.91,-0.1,-1.6639,68558,405971,49,TWSE,common_stock,true,false,false,false,false,false,false,false,true,
2025-12-05,6005,群益證,listed,25.4,25.4,24.8,24.9,-0.5,-1.9685,5511193,137275523,3129,TWSE,etf,false,true,false,false,false,false,false,false,false,security_type=etf
2025-12-05,6024,群益期,listed,50.0,50.1,49.9,50.1,0.1,0.2,168466,8423095,130,TWSE,etf,false,true,false,false,false,false,false,false,false,security_type=etf
2025-12-05,6108,競國,listed,14.3,14.45,13.85,14.45,0.2,1.4035,273206,3869758,187,TWSE,common_stock,true,false,false,false,false,false,false,false,true,
2025-12-05,6112,邁達特,listed,47.2,47.5,46.3,46.65,-0.4,-0.8502,518203,24151013,682,TWSE,common_stock,true,false,false,false,false,false,false,false,true,
2025-12-05,6115,鎰勝,listed,47.1,47.2,47.1,47.2,0.0,0.0,30587,1441980,47,TWSE,common_stock,true,false,false,false,false,false,false,false,true,
2025-12-05,6116,彩晶,listed,7.4,7.4,7.29,7.37,-0.03,-0.4054,2817327,20674055,1178,TWSE,common_stock,true,false,false,false,false,false,false,false,true,
2025-12-05,6117,迎廣,listed,80.5,81.4,79.7,80.2,-0.1,-0.1245,437625,35114578,480,TWSE,common_stock,true,false,false,false,false,false,false,false,true,
2025-12-05,6120,達運,listed,11.6,12.4,11.6,12.4,1.1,9.7345,10344992,125551192,5108,TWSE,common_stock,true,false,false,false,false,false,false,false,true,
2025-12-05,6128,上福,listed,23.0,23.0,22.75,22.75,-0.35,-1.5152,108181,2469897,96,TWSE,common_stock,true,false,false,false,false,false,false,false,true,
2025-12-05,6133,金橋,listed,19.05,19.85,18.6,18.85,-0.2,-1.0499,4840263,92368713,2695,TWSE,common_stock,true,false,false,false,false,false,false,false,true,
2025-12-05,6136,富爾特,listed,23.75,23.9,23.65,23.9,0.05,0.2096,169177,4016563,101,TWSE,common_stock,true,false,false,false,false,false,false,false,true,
2025-12-05,6139,亞翔,listed,458.0,467.0,452.5,466.0,8.5,1.8579,2900163,1336802224,3750,TWSE,common_stock,true,false,false,false,false,false,false,false,true,
2025-12-05,6141,柏承,listed,11.15,11.2,10.95,11.05,-0.25,-2.2124,189772,2091971,119,TWSE,common_stock,true,false,false,false,false,false,false,false,true,
2025-12-05,6142,友勁,listed,9.33,9.39,9.25,9.33,0.0,0.0,139784,1303359,110,TWSE,common_stock,true,false,false,false,false,false,false,false,true,
2025-12-05,6152,百一,listed,8.5,8.58,8.41,8.52,0.02,0.2353,226207,1914926,112,TWSE,common_stock,true,false,false,false,false,false,false,false,true,
2025-12-05,6153,嘉聯益,listed,16.5,16.6,16.1,16.45,0.1,0.6116,4088142,66742624,1984,TWSE,common_stock,true,false,false,false,false,false,false,false,true,
2025-12-05,6155,鈞寶,listed,42.35,42.8,40.8,42.1,-0.95,-2.2067,4960157,206180866,3432,TWSE,common_stock,true,false,false,false,false,false,false,false,true,
2025-12-05,6164,華興,listed,10.1,10.1,9.97,10.0,-0.1,-0.9901,117347,1177452,120,TWSE,common_stock,true,false,false,false,false,false,false,false,true,
2025-12-05,6165,浪凡,listed,49.8,49.8,48.95,49.0,-0.35,-0.7092,604032,29630920,170,TWSE,common_stock,true,false,false,false,false,false,false,false,true,
2025-12-05,6166,凌華,listed,66.9,68.1,65.3,65.6,0.4,0.6135,2696123,179967890,3057,TWSE,common_stock,true,false,false,false,false,false,false,false,true,
2025-12-05,6168,宏齊,listed,19.85,19.85,19.35,19.5,-0.35,-1.7632,158119,3090723,169,TWSE,common_stock,true,false,false,false,false,false,false,false,true,
2025-12-05,6176,瑞儀,listed,118.0,118.5,117.5,117.5,-0.5,-0.4237,841956,99166513,907,TWSE,common_stock,true,false,false,false,false,false,false,false,true,
2025-12-05,6177,達麗,listed,48.25,48.65,47.85,48.3,0.05,0.1036,436522,21019224,475,TWSE,common_stock,true,false,false,false,false,false,false,false,true,
2025-12-05,6183,關貿,listed,95.8,95.8,95.2,95.6,0.2,0.2096,13040,1246271,44,TWSE,common_stock,true,false,false,false,false,false,false,false,true,
2025-12-05,6184,大豐電,listed,48.4,48.4,48.1,48.1,0.0,0.0,45102,2178841,53,TWSE,common_stock,true,false,false,false,false,false,false,false,true,
2025-12-05,6189,豐藝,listed,46.0,46.05,45.25,45.4,-0.75,-1.6251,386575,17584823,1413,TWSE,common_stock,true,false,false,false,false,false,false,false,true,
2025-12-05,6191,精成科,listed,120.5,122.0,119.0,121.5,1.0,0.8299,6395187,771378872,5240,TWSE,common_stock,true,false,false,false,false,false,false,false,true,
2025-12-05,6192,巨路,listed,103.5,104.0,103.0,103.0,-0.5,-0.4831,68439,7072240,90,TWSE,common_stock,true,false,false,false,false,false,false,false,true,
2025-12-05,6196,帆宣,listed,227.5,230.0,225.0,227.0,0.0,0.0,492246,111683996,670,TWSE,common_stock,true,false,false,false,false,false,false,false,true,
2025-12-05,6197,佳必琪,listed,138.0,139.5,137.0,138.5,0.0,0.0,539624,74557660,556,TWSE,common_stock,true,false,false,false,false,false,false,false,true,
2025-12-05,6201,亞弘電,listed,56.4,57.0,56.4,57.0,0.8,1.4235,3505,199084,12,TWSE,common_stock,true,false,false,false,false,false,false,false,true,
2025-12-05,6202,盛群,listed,38.1,38.35,37.75,38.0,-0.05,-0.1314,307060,11652553,288,TWSE,common_stock,true,false,false,false,false,false,false,false,true,
2025-12-05,6205,詮欣,listed,38.4,38.4,38.05,38.2,-0.05,-0.1307,74200,2833099,52,TWSE,common_stock,true,false,false,false,false,false,false,false,true,
2025-12-05,6206,飛捷,listed,95.6,96.0,94.7,94.7,-0.6,-0.6296,207145,19752386,327,TWSE,common_stock,true,false,false,false,false,false,false,false,true,
2025-12-05,6209,今國光,listed,57.3,57.8,55.0,56.3,-0.7,-1.2281,7475240,422195784,4497,TWSE,common_stock,true,false,false,false,false,false,false,false,true,
2025-12-05,6213,聯茂,listed,106.5,109.0,105.0,108.5,2.0,1.8779,3451790,369965274,2723,TWSE,common_stock,true,false,false,false,false,false,false,false,true,
2025-12-05,6214,精誠,listed,123.0,123.0,120.0,120.5,-2.0,-1.6327,456075,55227109,542,TWSE,common_stock,true,false,false,false,false,false,false,false,true,
2025-12-05,6215,和椿,listed,117.0,120.5,113.0,113.5,1.0,0.8889,13826143,1621177446,10748,TWSE,common_stock,true,false,false,false,false,false,false,false,true,
2025-12-05,6216,居易,listed,26.55,26.85,26.55,26.7,-0.05,-0.1869,77239,2060929,53,TWSE,common_stock,true,false,false,false,false,false,false,false,true,
2025-12-05,6224,聚鼎,listed,42.15,42.15,41.6,41.65,-0.75,-1.7689,70152,2929595,88,TWSE,common_stock,true,false,false,false,false,false,false,false,true,
2025-12-05,6225,天瀚,listed,16.85,16.9,16.85,16.9,0.1,0.5952,5727,96415,9,TWSE,common_stock,true,false,false,false,false,false,false,false,true,
2025-12-05,6226,光鼎,listed,6.77,6.77,6.7,6.7,-0.06,-0.8876,104408,704203,54,TWSE,common_stock,true,false,false,false,false,false,false,false,true,
2025-12-05,6230,尼得科超眾,listed,118.5,121.5,116.0,116.0,-2.0,-1.6949,91817,10849757,287,TWSE,common_stock,true,false,false,false,false,false,false,false,true,
2025-12-05,6235,華孚,listed,60.2,60.6,59.4,59.4,-0.8,-1.3289,404179,24141276,625,TWSE,common_stock,true,false,false,false,false,false,false,false,true,
2025-12-05,6239,力成,listed,156.5,157.5,155.0,157.0,1.0,0.641,3762356,588833052,2982,TWSE,common_stock,true,false,false,false,false,false,false,false,true,
2025-12-05,6243,迅杰,listed,29.25,29.55,29.1,29.15,-0.25,-0.8503,66419,1942230,104,TWSE,common_stock,true,false,false,false,false,false,false,false,true,
2025-12-05,6257,矽格,listed,91.7,92.3,91.0,91.2,-1.1,-1.1918,2220925,203106589,2407,TWSE,common_stock,true,false,false,false,false,false,false,false,true,
2025-12-05,6269,台郡,listed,57.7,57.8,56.9,57.8,0.0,0.0,774505,44416489,1043,TWSE,common_stock,true,false,false,false,false,false,false,false,true,
2025-12-05,6271,同欣電,listed,125.0,125.0,122.5,123.5,-1.5,-1.2,886001,109536061,780,TWSE,common_stock,true,false,false,false,false,false,false,false,true,
2025-12-05,6277,宏正,listed,64.4,64.4,63.6,64.0,-0.6,-0.9288,174074,11143154,262,TWSE,common_stock,true,false,false,false,false,false,false,false,true,
2025-12-05,6278,台表科,listed,103.0,103.5,101.5,102.0,-1.0,-0.9709,571972,58435252,454,TWSE,common_stock,true,false,false,false,false,false,false,false,true,
2025-12-05,6281,全國電,listed,64.3,64.3,63.8,63.9,-0.4,-0.6221,57173,3654088,93,TWSE,common_stock,true,false,false,false,false,false,false,false,true,
2025-12-05,6282,康舒,listed,37.8,38.25,37.6,38.05,0.35,0.9284,6739766,255683214,5262,TWSE,common_stock,true,false,false,false,false,false,false,false,true,
2025-12-05,6283,淳安,listed,26.85,27.15,26.15,26.3,-0.65,-2.4119,288229,7613490,159,TWSE,common_stock,true,false,false,false,false,false,false,false,true,
2025-12-05,6285,啟碁,listed,103.0,103.5,101.0,102.0,-1.5,-1.4493,2175771,221416300,2010,TWSE,common_stock,true,false,false,false,false,false,false,false,true,
2025-12-05,6405,悅城,listed,26.3,26.3,25.4,26.15,-0.15,-0.5703,96636,2494335,83,TWSE,common_stock,true,false,false,false,false,false,false,false,true,
2025-12-05,6409,旭隼,listed,1080.0,1080.0,1040.0,1050.0,-30.0,-2.7778,801112,848836180,2410,TWSE,common_stock,true,false,false,false,false,false,false,false,true,
2025-12-05,6412,群電,listed,93.1,94.0,92.5,93.8,0.7,0.7519,412481,38420771,487,TWSE,common_stock,true,false,false,false,false,false,false,false,true,
2025-12-05,6414,樺漢,listed,291.0,293.0,288.0,290.5,0.5,0.1724,225217,65367803,413,TWSE,common_stock,true,false,false,false,false,false,false,false,true,
2025-12-05,6415,矽力*-KY,listed,216.0,216.5,204.0,205.0,-10.0,-4.6512,4805631,1002847668,4996,TWSE,common_stock,true,false,false,false,false,false,false,false,true,
2025-12-05,6416,瑞祺電通,listed,82.5,82.6,81.2,81.6,-1.1,-1.3301,174550,14246401,485,TWSE,common_stock,true,false,false,false,false,false,false,false,true,
2025-12-05,6423,億而得-創,listed,77.7,78.2,77.5,77.5,-0.1,-0.1289,10946,852768,15,TWSE,common_stock,true,false,false,false,false,false,false,false,true,
2025-12-05,6426,統新,listed,79.5,79.6,77.2,77.6,-1.1,-1.3977,408377,31784144,680,TWSE,common_stock,true,false,false,false,false,false,false,false,true,
2025-12-05,6431,光麗-KY,listed,26.1,26.7,25.4,26.4,-0.3,-1.1236,870838,22555378,499,TWSE,common_stock,true,false,false,false,false,false,false,false,true,
2025-12-05,6438,迅得,listed,139.5,142.5,138.5,139.5,0.5,0.3597,958174,134618286,1065,TWSE,common_stock,true,false,false,false,false,false,false,false,true,
2025-12-05,6442,光聖,listed,1210.0,1230.0,1185.0,1185.0,-15.0,-1.25,695673,833939470,2753,TWSE,common_stock,true,false,false,false,false,false,false,false,true,
2025-12-05,6443,元晶,listed,13.1,13.2,13.05,13.05,-0.25,-1.8797,1083424,14170048,549,TWSE,common_stock,true,false,false,false,false,false,false,false,true,
2025-12-05,6446,藥華藥,listed,518.0,520.0,505.0,513.0,-4.0,-0.7737,1735387,887319063,5499,TWSE,common_stock,true,false,false,false,false,false,false,false,true,
2025-12-05,6449,鈺邦,listed,175.0,176.5,171.0,173.5,-0.5,-0.2874,472820,81572548,525,TWSE,common_stock,true,false,false,false,false,false,false,false,true,
2025-12-05,6451,訊芯-KY,listed,157.0,158.5,155.0,157.0,-1.5,-0.9464,572941,89579881,630,TWSE,common_stock,true,false,false,false,false,false,false,false,true,
2025-12-05,6456,GIS-KY,listed,42.55,42.55,41.85,42.2,-0.1,-0.2364,685461,28901896,527,TWSE,common_stock,true,false,false,false,false,false,false,false,true,
2025-12-05,6464,台數科,listed,78.9,79.0,78.6,78.6,0.2,0.2551,6091,479282,21,TWSE,common_stock,true,false,false,false,false,false,false,false,true,
2025-12-05,6472,保瑞,listed,529.0,542.0,523.0,525.0,-1.0,-0.1901,606511,321213982,1658,TWSE,common_stock,true,false,false,false,false,false,false,false,true,
2025-12-05,6477,安集,listed,35.15,35.25,34.35,34.7,-0.4,-1.1396,249902,8655267,332,TWSE,common_stock,true,false,false,false,false,false,false,false,true,
2025-12-05,6491,晶碩,listed,305.0,305.0,299.0,300.0,-5.0,-1.6393,413790,124417867,961,TWSE,common_stock,true,false,false,false,false,false,false,false,true,
2025-12-05,6504,南六,listed,43.4,43.8,42.0,42.6,-0.8,-1.8433,69206,2956720,67,TWSE,common_stock,true,false,false,false,false,false,false,false,true,
2025-12-05,6505,台塑化,listed,53.0,53.0,50.8,51.5,-1.9,-3.5581,7173103,369215827,5839,TWSE,common_stock,true,false,false,false,false,false,false,false,true,
2025-12-05,6515,穎崴,listed,2565.0,2630.0,2510.0,2560.0,-10.0,-0.3891,582234,1506320450,1810,TWSE,common_stock,true,false,false,false,false,false,false,false,true,
2025-12-05,6525,捷敏-KY,listed,75.5,75.7,75.1,75.2,0.1,0.1332,63842,4808624,120,TWSE,common_stock,true,false,false,false,false,false,false,false,true,
2025-12-05,6526,達發,listed,458.5,463.0,454.0,458.5,-3.0,-0.6501,167001,76473321,614,TWSE,common_stock,true,false,false,false,false,false,false,false,true,
2025-12-05,6531,愛普*,listed,396.5,404.5,393.5,396.5,0.5,0.1263,1838917,731738179,2373,TWSE,common_stock,true,false,false,false,false,false,false,false,true,
2025-12-05,6533,晶心科,listed,270.0,272.5,269.0,270.0,-1.0,-0.369,197035,53202920,682,TWSE,common_stock,true,false,false,false,false,false,false,false,true,
2025-12-05,6534,正瀚-創,listed,91.6,92.0,88.0,89.1,-0.9,-1.0,101885,9114452,100,TWSE,common_stock,true,false,false,false,false,false,false,false,true,
2025-12-05,6541,泰福-KY,listed,57.0,57.5,55.7,56.5,-0.3,-0.5282,353855,19994094,547,TWSE,common_stock,true,false,false,false,false,false,false,false,true,
2025-12-05,6550,北極星藥業-KY,listed,31.2,31.2,29.9,29.9,-1.1,-3.5484,546401,16460085,572,TWSE,common_stock,true,false,false,false,false,false,false,false,true,
2025-12-05,6552,易華電,listed,24.95,25.15,24.8,25.1,0.25,1.006,86784,2170819,69,TWSE,common_stock,true,false,false,false,false,false,false,false,true,
2025-12-05,6558,興能高,listed,38.4,38.4,37.4,37.75,-0.25,-0.6579,533459,20075194,577,TWSE,common_stock,true,false,false,false,false,false,false,false,true,
2025-12-05,6573,虹揚-KY,listed,15.65,16.3,15.65,16.1,0.25,1.5773,282973,4541556,133,TWSE,common_stock,true,false,false,false,false,false,false,false,true,
2025-12-05,6579,研揚,listed,111.0,112.0,110.0,110.5,-0.5,-0.4505,56815,6310592,103,TWSE,common_stock,true,false,false,false,false,false,false,false,true,
2025-12-05,6581,鋼聯,listed,107.5,110.0,107.0,108.5,-1.5,-1.3636,22807,2467484,40,TWSE,common_stock,true,false,false,false,false,false,false,false,true,
2025-12-05,6582,申豐,listed,34.5,34.5,34.0,34.5,-0.15,-0.4329,25444,872852,72,TWSE,common_stock,true,false,false,false,false,false,false,false,true,
2025-12-05,6585,鼎基,listed,94.1,94.1,91.5,92.1,-1.1,-1.1803,45496,4193458,143,TWSE,common_stock,true,false,false,false,false,false,false,false,true,
2025-12-05,6589,台康生技,listed,75.6,76.9,74.1,75.3,-0.3,-0.3968,546737,41141091,724,TWSE,common_stock,true,false,false,false,false,false,false,false,true,
2025-12-05,6591,動力-KY,listed,76.7,77.4,76.2,76.6,-0.1,-0.1304,239683,18400226,316,TWSE,common_stock,true,false,false,false,false,false,false,false,true,
2025-12-05,6592,和潤企業,listed,62.9,62.9,62.2,62.7,0.0,0.0,126196,7889826,162,TWSE,common_stock,true,false,false,false,false,false,false,false,true,
2025-12-05,6592A,和潤企業甲特,listed,97.5,97.5,97.5,97.5,0.0,0.0,2000,195000,1,TWSE,warrant,false,false,true,false,false,false,false,false,false,security_type=warrant;symbol_not_4_digit
2025-12-05,6592B,和潤企業乙特,listed,98.0,98.0,98.0,98.0,-0.1,-0.1019,1073,105143,4,TWSE,warrant,false,false,true,false,false,false,false,false,false,security_type=warrant;symbol_not_4_digit
2025-12-05,6598,ABC-KY,listed,21.6,21.65,21.5,21.55,0.15,0.7009,25242,544242,42,TWSE,common_stock,true,false,false,false,false,false,false,false,true,
2025-12-05,6605,帝寶,listed,143.0,145.0,142.0,143.0,0.0,0.0,368499,52733334,480,TWSE,common_stock,true,false,false,false,false,false,false,false,true,
2025-12-05,6606,建德工業,listed,25.2,25.2,25.1,25.1,-0.05,-0.1988,39351,990705,26,TWSE,common_stock,true,false,false,false,false,false,false,false,true,
2025-12-05,6614,資拓宏宇,listed,49.5,52.7,49.5,51.1,2.0,4.0733,342246,17513327,344,TWSE,common_stock,true,false,false,false,false,false,false,false,true,
2025-12-05,6625,必應,listed,85.3,85.6,85.0,85.4,0.1,0.1172,75110,6413223,96,TWSE,common_stock,true,false,false,false,false,false,false,false,true,
2025-12-05,6641,基士德-KY,listed,19.4,19.45,19.2,19.45,0.05,0.2577,36099,699330,17,TWSE,common_stock,true,false,false,false,false,false,false,false,true,
2025-12-05,6645,金萬林-創,listed,18.9,19.0,18.9,18.95,0.15,0.7979,11897,225350,20,TWSE,common_stock,true,false,false,false,false,false,false,false,true,
2025-12-05,6655,科定,listed,113.5,113.5,113.5,113.5,-3.5,-2.9915,1125,127745,5,TWSE,common_stock,true,false,false,false,false,false,false,false,true,
2025-12-05,6657,華安,listed,44.5,44.5,43.65,44.25,-0.4,-0.8959,151600,6665306,145,TWSE,common_stock,true,false,false,false,false,false,false,false,true,
2025-12-05,6658,聯策,listed,50.7,52.6,50.2,50.4,-0.4,-0.7874,262255,13454683,314,TWSE,common_stock,true,false,false,false,false,false,false,false,true,
2025-12-05,6666,羅麗芬-KY,listed,44.2,44.65,44.2,44.65,0.25,0.5631,3118,138347,9,TWSE,common_stock,true,false,false,false,false,false,false,false,true,
2025-12-05,6668,中揚光,listed,38.75,39.05,38.2,38.6,0.15,0.3901,99727,3839242,111,TWSE,common_stock,true,false,false,false,false,false,false,false,true,
2025-12-05,6669,緯穎,listed,4550.0,4745.0,4550.0,4685.0,140.0,3.0803,1764331,8252960795,8813,TWSE,common_stock,true,false,false,false,false,false,false,false,true,
2025-12-05,6670,復盛應用,listed,257.5,257.5,254.0,254.5,-1.0,-0.3914,428457,109357166,2279,TWSE,common_stock,true,false,false,false,false,false,false,false,true,
2025-12-05,6671,三能-KY,listed,36.1,36.1,36.05,36.05,-0.05,-0.1385,4079,147213,5,TWSE,common_stock,true,false,false,false,false,false,false,false,true,
2025-12-05,6672,騰輝電子-KY,listed,87.0,87.5,86.4,86.8,-0.3,-0.3444,217012,18837462,369,TWSE,common_stock,true,false,false,false,false,false,false,false,true,
2025-12-05,6674,鋐寶科技,listed,20.5,20.6,20.4,20.55,0.05,0.2439,24000,491450,21,TWSE,common_stock,true,false,false,false,false,false,false,false,true,
2025-12-05,6689,伊雲谷,listed,66.0,66.2,64.3,64.6,-1.5,-2.2693,111801,7267266,261,TWSE,common_stock,true,false,false,false,false,false,false,false,true,
2025-12-05,6691,洋基工程,listed,484.5,502.0,484.5,494.5,10.5,2.1694,608134,301192189,1173,TWSE,common_stock,true,false,false,false,false,false,false,false,true,
2025-12-05,6695,芯鼎,listed,44.65,44.65,43.65,44.05,-0.25,-0.5643,168333,7425525,154,TWSE,common_stock,true,false,false,false,false,false,false,false,true,
2025-12-05,6698,旭暉應材,listed,30.5,31.0,29.85,29.9,-0.2,-0.6645,110887,3365953,146,TWSE,common_stock,true,false,false,false,false,false,false,false,true,
2025-12-05,6706,惠特,listed,105.5,109.0,105.0,108.5,1.5,1.4019,8467226,907086452,6936,TWSE,common_stock,true,false,false,false,false,false,false,false,true,
2025-12-05,6715,嘉基,listed,90.7,93.2,90.5,90.9,-0.3,-0.3289,46733,4252272,52,TWSE,common_stock,true,false,false,false,false,false,false,false,true,
2025-12-05,6719,力智,listed,205.5,206.5,199.0,200.5,-5.0,-2.4331,340792,68694105,449,TWSE,common_stock,true,false,false,false,false,false,false,false,true,
2025-12-05,6742,澤米,listed,46.2,47.25,45.85,46.75,0.55,1.1905,244845,11365775,261,TWSE,common_stock,true,false,false,false,false,false,false,false,true,
2025-12-05,6743,安普新,listed,29.2,29.25,28.75,28.9,-0.3,-1.0274,88012,2545354,148,TWSE,common_stock,true,false,false,false,false,false,false,false,true,
2025-12-05,6753,龍德造船,listed,122.0,123.5,120.5,122.0,-1.5,-1.2146,470819,57279424,855,TWSE,common_stock,true,false,false,false,false,false,false,false,true,
2025-12-05,6754,匯僑設計,listed,46.95,47.0,46.8,46.85,-0.1,-0.213,6570,307943,16,TWSE,common_stock,true,false,false,false,false,false,false,false,true,
2025-12-05,6756,威鋒電子,listed,79.2,79.9,77.6,78.2,0.2,0.2564,135589,10642018,314,TWSE,common_stock,true,false,false,false,false,false,false,false,true,
2025-12-05,6757,台灣虎航,listed,70.0,70.6,69.3,69.3,0.3,0.4348,2100165,147097428,1810,TWSE,common_stock,true,false,false,false,false,false,false,false,true,
2025-12-05,6768,志強-KY,listed,120.5,121.5,118.5,119.0,-1.0,-0.8333,559538,66971255,488,TWSE,common_stock,true,false,false,false,false,false,false,false,true,
2025-12-05,6770,力積電,listed,32.15,33.1,31.7,32.9,0.6,1.8576,109410515,3552698031,40664,TWSE,common_stock,true,false,false,false,false,false,false,false,true,
2025-12-05,6771,平和環保-創,listed,46.75,47.0,46.15,46.2,-0.55,-1.1765,58497,2719302,53,TWSE,common_stock,true,false,false,false,false,false,false,false,true,
2025-12-05,6776,展碁國際,listed,49.65,49.8,48.8,49.3,-1.0,-1.9881,959670,47334803,965,TWSE,common_stock,true,false,false,false,false,false,false,false,true,
2025-12-05,6781,AES-KY,listed,1405.0,1440.0,1375.0,1395.0,-10.0,-0.7117,2008521,2816488415,4074,TWSE,common_stock,true,false,false,false,false,false,false,false,true,
2025-12-05,6782,視陽,listed,173.0,174.0,171.0,173.5,2.0,1.1662,98612,17031836,123,TWSE,common_stock,true,false,false,false,false,false,false,false,true,
2025-12-05,6789,采鈺,listed,272.0,273.0,265.0,268.0,-2.0,-0.7407,1217413,325963476,8742,TWSE,common_stock,true,false,false,false,false,false,false,false,true,
2025-12-05,6790,永豐實,listed,39.1,39.15,38.8,38.9,-0.1,-0.2564,90780,3540899,164,TWSE,etf,false,true,false,false,false,false,false,false,false,security_type=etf
2025-12-05,6792,詠業,listed,51.4,51.4,49.5,50.8,-0.7,-1.3592,38283,1931648,40,TWSE,common_stock,true,false,false,false,false,false,false,false,true,
2025-12-05,6794,向榮生技,listed,80.2,80.4,79.5,80.2,0.0,0.0,54155,4333017,61,TWSE,common_stock,true,false,false,false,false,false,false,false,true,
2025-12-05,6796,晉弘,listed,94.1,94.5,93.6,94.2,0.1,0.1063,42680,4022081,47,TWSE,common_stock,true,false,false,false,false,false,false,false,true,
2025-12-05,6799,來頡,listed,85.2,85.2,82.5,83.1,-2.2,-2.5791,218919,18319125,546,TWSE,common_stock,true,false,false,false,false,false,false,false,true,
2025-12-05,6805,富世達,listed,1560.0,1610.0,1535.0,1550.0,15.0,0.9772,2955522,4638218065,5101,TWSE,common_stock,true,false,false,false,false,false,false,false,true,
2025-12-05,6806,森崴能源,listed,40.9,41.15,40.15,40.2,-0.9,-2.1898,1402498,56866738,2700,TWSE,common_stock,true,false,false,false,false,false,false,false,true,
2025-12-05,6807,峰源-KY,listed,46.0,46.35,45.85,46.1,0.15,0.3264,22000,1010950,12,TWSE,common_stock,true,false,false,false,false,false,false,false,true,
2025-12-05,6830,汎銓,listed,169.5,169.5,166.5,169.0,0.0,0.0,177492,29801501,206,TWSE,common_stock,true,false,false,false,false,false,false,false,true,
2025-12-05,6831,邁科,listed,250.0,254.0,236.0,241.0,-15.0,-5.8594,2385892,584496794,4899,TWSE,common_stock,true,false,false,false,false,false,false,false,true,
2025-12-05,6834,天二科技,listed,28.7,28.7,27.7,28.0,-0.4,-1.4085,171158,4794301,234,TWSE,common_stock,true,false,false,false,false,false,false,false,true,
2025-12-05,6835,圓裕,listed,40.0,40.4,39.3,39.35,-0.55,-1.3784,99613,3974503,65,TWSE,common_stock,true,false,false,false,false,false,false,false,true,
2025-12-05,6838,台新藥,listed,28.45,28.45,27.85,28.0,-0.45,-1.5817,113778,3190372,244,TWSE,common_stock,true,false,false,false,false,false,false,false,true,
2025-12-05,6854,錼創科技-KY創,listed,133.0,134.0,127.5,128.5,-4.0,-3.0189,397193,51264415,453,TWSE,common_stock,true,false,false,false,false,false,false,false,true,
2025-12-05,6861,睿生光電,listed,60.9,60.9,59.5,59.5,-0.9,-1.4901,52757,3163348,137,TWSE,common_stock,true,false,false,false,false,false,false,false,true,
2025-12-05,6862,三集瑞-KY,listed,173.0,173.0,168.0,169.5,-3.5,-2.0231,212587,35990863,320,TWSE,common_stock,true,false,false,false,false,false,false,false,true,
2025-12-05,6863,永道-KY,listed,116.0,116.0,112.5,112.5,-4.5,-3.8462,111267,12652014,203,TWSE,common_stock,true,false,false,false,false,false,false,false,true,
2025-12-05,6869,雲豹能源,listed,94.6,94.9,93.4,93.9,-1.1,-1.1579,500113,46996689,664,TWSE,common_stock,true,false,false,false,false,false,false,false,true,
2025-12-05,6873,泓德能源,listed,102.5,103.5,101.5,103.5,1.5,1.4706,330745,33968639,406,TWSE,common_stock,true,false,false,false,false,false,false,false,true,
2025-12-05,6885,全福生技,listed,28.85,28.95,28.3,28.35,-0.5,-1.7331,146258,4174309,165,TWSE,common_stock,true,false,false,false,false,false,false,false,true,
2025-12-05,6887,寶綠特-KY,listed,,,,,0.0,,400,24760,4,TWSE,other,false,false,false,false,false,false,false,false,false,invalid_close
2025-12-05,6890,來億-KY,listed,287.0,287.0,280.0,283.0,-3.5,-1.2216,1482466,419506523,5466,TWSE,common_stock,true,false,false,false,false,false,false,false,true,
2025-12-05,6901,鑽石投資,listed,16.85,16.95,16.6,16.7,-0.15,-0.8902,200412,3354605,187,TWSE,common_stock,true,false,false,false,false,false,false,false,true,
2025-12-05,6902,GOGOLOOK,listed,79.9,79.9,78.0,78.5,-0.6,-0.7585,9032,711704,16,TWSE,common_stock,true,false,false,false,false,false,false,false,true,
2025-12-05,6906,現觀科,listed,85.9,89.0,85.8,86.7,0.4,0.4635,17043,1476524,33,TWSE,common_stock,true,false,false,false,false,false,false,false,true,
2025-12-05,6909,創控,listed,36.3,36.4,35.8,36.1,-0.35,-0.9602,61051,2201603,58,TWSE,common_stock,true,false,false,false,false,false,false,false,true,
2025-12-05,6914,阜爾運通,listed,149.5,150.0,149.0,150.0,0.5,0.3344,12449,1860647,49,TWSE,common_stock,true,false,false,false,false,false,false,false,true,
2025-12-05,6916,華凌,listed,17.45,17.6,17.35,17.6,-0.15,-0.8451,25000,436800,18,TWSE,common_stock,true,false,false,false,false,false,false,false,true,
2025-12-05,6918,愛派司,listed,86.6,86.8,86.3,86.8,0.1,0.1153,14101,1221557,29,TWSE,common_stock,true,false,false,false,false,false,false,false,true,
2025-12-05,6919,康霈*,listed,184.5,188.0,166.0,167.5,-15.5,-8.4699,44341307,7812186805,63512,TWSE,common_stock,true,false,false,false,false,false,false,false,true,
2025-12-05,6923,中台,listed,105.5,105.5,103.5,103.5,-2.0,-1.8957,268826,27959144,218,TWSE,common_stock,true,false,false,false,false,false,false,false,true,
2025-12-05,6924,榮惠-KY創,listed,61.9,62.9,59.9,62.3,1.2,1.964,38004,2313352,28,TWSE,common_stock,true,false,false,false,false,false,false,false,true,
2025-12-05,6928,攸泰科技,listed,52.4,52.4,50.7,50.7,-0.6,-1.1696,52644,2687410,131,TWSE,common_stock,true,false,false,false,false,false,false,false,true,
2025-12-05,6931,青松健康,listed,68.7,69.0,68.2,68.2,0.0,0.0,164277,11261331,254,TWSE,common_stock,true,false,false,false,false,false,false,false,true,
2025-12-05,6933,AMAX-KY,listed,162.0,165.5,160.0,162.0,1.0,0.6211,203237,32941512,244,TWSE,common_stock,true,false,false,false,false,false,false,false,true,
2025-12-05,6936,永鴻生技,listed,35.0,35.0,34.6,34.6,-0.25,-0.7174,37219,1295558,67,TWSE,common_stock,true,false,false,false,false,false,false,false,true,
2025-12-05,6937,天虹,listed,218.0,218.0,214.0,215.5,-2.5,-1.1468,101791,21943701,269,TWSE,common_stock,true,false,false,false,false,false,false,false,true,
2025-12-05,6944,兆聯實業,listed,593.0,613.0,590.0,601.0,14.0,2.385,1724223,1040130564,3148,TWSE,common_stock,true,false,false,false,false,false,false,false,true,
2025-12-05,6949,沛爾生醫-創,listed,373.5,375.5,364.5,367.0,-6.5,-1.7403,126528,46691904,134,TWSE,common_stock,true,false,false,false,false,false,false,false,true,
2025-12-05,6951,青新-創,listed,72.5,72.5,72.3,72.4,-0.2,-0.2755,23985,1736630,60,TWSE,common_stock,true,false,false,false,false,false,false,false,true,
2025-12-05,6952,大武山,listed,42.8,42.85,42.8,42.85,0.0,0.0,2000,85650,2,TWSE,common_stock,true,false,false,false,false,false,false,false,true,
2025-12-05,6955,邦睿生技-創,listed,151.0,151.5,150.5,151.5,0.0,0.0,3106,469418,5,TWSE,common_stock,true,false,false,false,false,false,false,false,true,
2025-12-05,6957,裕慶-KY,listed,212.0,214.5,208.5,212.0,2.0,0.9524,120290,25399335,110,TWSE,common_stock,true,false,false,false,false,false,false,false,true,
2025-12-05,6958,日盛台駿,listed,15.85,15.9,15.75,15.8,-0.1,-0.6289,25375,401118,54,TWSE,common_stock,true,false,false,false,false,false,false,false,true,
2025-12-05,6962,奕力-KY,listed,41.7,41.7,40.7,40.9,-0.8,-1.9185,2307854,94576436,1777,TWSE,common_stock,true,false,false,false,false,false,false,false,true,
2025-12-05,6965,中傑-KY,listed,83.6,86.5,82.2,86.5,3.4,4.0915,231018,19619984,235,TWSE,common_stock,true,false,false,false,false,false,false,false,true,
2025-12-05,6969,成信實業*-創,listed,32.5,32.5,31.5,31.5,-0.9,-2.7778,27000,863400,20,TWSE,common_stock,true,false,false,false,false,false,false,false,true,
2025-12-05,6988,威力暘-創,listed,14.75,14.85,14.5,14.65,-0.1,-0.678,38000,555750,24,TWSE,common_stock,true,false,false,false,false,false,false,false,true,
2025-12-05,6994,富威電力,listed,95.2,101.0,93.8,97.5,1.8,1.8809,1047432,102945773,1581,TWSE,common_stock,true,false,false,false,false,false,false,false,true,
2025-12-05,7610,聯友金屬-創,listed,110.0,112.0,105.5,106.5,-1.0,-0.9302,386097,41654950,540,TWSE,common_stock,true,false,false,false,false,false,false,false,true,
2025-12-05,7631,聚賢研發-創,listed,,,,,0.0,,0,0,0,TWSE,other,false,false,false,false,false,false,false,false,false,invalid_close;invalid_volume;invalid_turnover
2025-12-05,7705,三商餐飲,listed,40.6,40.6,40.2,40.35,-0.05,-0.1238,26918,1085255,50,TWSE,common_stock,true,false,false,false,false,false,false,false,true,
2025-12-05,7711,永擎,listed,282.5,285.0,279.0,284.0,7.5,2.7125,507130,143409215,1102,TWSE,common_stock,true,false,false,false,false,false,false,false,true,
2025-12-05,7721,微程式,listed,49.4,50.8,49.1,50.8,0.9,1.8036,81646,4087838,83,TWSE,common_stock,true,false,false,false,false,false,false,false,true,
2025-12-05,7722,LINEPAY,listed,594.0,599.0,575.0,576.0,-10.0,-1.7065,112866,66151786,646,TWSE,common_stock,true,false,false,false,false,false,false,false,true,
2025-12-05,7730,暉盛-創,listed,81.0,83.5,81.0,83.5,1.0,1.2121,43050,3558500,28,TWSE,common_stock,true,false,false,false,false,false,false,false,true,
2025-12-05,7732,金興精密,listed,39.95,40.1,39.95,40.0,-0.1,-0.2494,102000,4088900,12,TWSE,common_stock,true,false,false,false,false,false,false,false,true,
2025-12-05,7736,虎山,listed,92.1,92.1,92.0,92.1,0.1,0.1087,10254,944091,13,TWSE,common_stock,true,false,false,false,false,false,false,false,true,
2025-12-05,7740,熙特爾-創,listed,149.5,157.0,149.5,155.0,7.0,4.7297,93111,14408553,102,TWSE,common_stock,true,false,false,false,false,false,false,false,true,
2025-12-05,7749,意騰-KY,listed,454.5,458.0,450.0,455.0,-3.0,-0.655,70435,32081856,205,TWSE,common_stock,true,false,false,false,false,false,false,false,true,
2025-12-05,7750,新代,listed,796.0,806.0,777.0,780.0,-33.0,-4.059,361198,286132505,3294,TWSE,common_stock,true,false,false,false,false,false,false,false,true,
2025-12-05,7765,中華資安,listed,272.5,273.0,271.0,272.5,-1.0,-0.3656,19325,5260233,73,TWSE,common_stock,true,false,false,false,false,false,false,false,true,
2025-12-05,7769,鴻勁,listed,3000.0,3000.0,2900.0,2960.0,-85.0,-2.7915,906797,2673262575,4580,TWSE,common_stock,true,false,false,false,false,false,false,false,true,
2025-12-05,7780,大研生醫*,listed,184.0,187.0,183.0,186.0,2.0,1.087,103973,19207760,188,TWSE,common_stock,true,false,false,false,false,false,false,false,true,
2025-12-05,7786,東方風能,listed,168.5,168.5,165.0,166.5,-1.0,-0.597,352487,58918283,1142,TWSE,common_stock,true,false,false,false,false,false,false,false,true,
2025-12-05,7788,松川精密,listed,119.0,128.0,116.0,128.0,11.5,9.8712,973227,121532142,1464,TWSE,common_stock,true,false,false,false,false,false,false,false,true,
2025-12-05,7791,皇家可口,listed,73.4,74.3,73.3,74.1,0.9,1.2295,41037,3030194,59,TWSE,common_stock,true,false,false,false,false,false,false,false,true,
2025-12-05,7799,禾榮科,listed,570.0,617.0,563.0,611.0,50.0,8.9127,993960,594650325,2556,TWSE,common_stock,true,false,false,false,false,false,false,false,true,
2025-12-05,8011,台通,listed,21.9,22.2,21.3,21.45,-0.4,-1.8307,812239,17700356,530,TWSE,common_stock,true,false,false,false,false,false,false,false,true,
2025-12-05,8016,矽創,listed,180.0,181.0,177.0,179.5,-0.5,-0.2778,439645,78360754,613,TWSE,common_stock,true,false,false,false,false,false,false,false,true,
2025-12-05,8021,尖點,listed,133.0,135.5,130.0,135.0,2.5,1.8868,14253147,1904879048,11892,TWSE,common_stock,true,false,false,false,false,false,false,false,true,
2025-12-05,8028,昇陽半導體,listed,160.5,164.0,158.5,159.0,-1.5,-0.9346,2644635,424438976,2673,TWSE,common_stock,true,false,false,false,false,false,false,false,true,
2025-12-05,8033,雷虎,listed,137.5,137.5,135.0,135.5,-2.5,-1.8116,1059284,143502334,1348,TWSE,common_stock,true,false,false,false,false,false,false,false,true,
2025-12-05,8039,台虹,listed,78.5,78.8,77.0,77.8,-0.2,-0.2564,12335216,961138946,10908,TWSE,common_stock,true,false,false,false,false,false,false,false,true,
2025-12-05,8045,達運光電,listed,81.9,91.3,81.9,88.8,5.7,6.8592,592084,51897964,1037,TWSE,common_stock,true,false,false,false,false,false,false,false,true,
2025-12-05,8046,南電,listed,259.0,276.5,258.5,270.0,11.5,4.4487,20809323,5585993366,18392,TWSE,common_stock,true,false,false,false,false,false,false,false,true,
2025-12-05,8070,長華*,listed,46.8,46.9,45.3,45.55,-0.9,-1.9376,2458007,112260347,4389,TWSE,common_stock,true,false,false,false,false,false,false,false,true,
2025-12-05,8072,陞泰,listed,30.4,30.8,30.1,30.15,-0.45,-1.4706,169926,5152807,190,TWSE,common_stock,true,false,false,false,false,false,false,false,true,
2025-12-05,8081,致新,listed,206.0,208.0,203.0,204.5,-1.5,-0.7282,301920,61676517,418,TWSE,common_stock,true,false,false,false,false,false,false,false,true,
2025-12-05,8101,華冠,listed,17.15,17.15,17.15,17.15,0.0,0.0,18152,311301,12,TWSE,common_stock,true,false,false,false,false,false,false,false,true,
2025-12-05,8104,錸寶,listed,31.3,31.3,30.1,30.2,-0.55,-1.7886,458528,13913138,434,TWSE,common_stock,true,false,false,false,false,false,false,false,true,
2025-12-05,8105,凌巨,listed,11.1,11.1,10.8,10.95,-0.1,-0.905,503061,5486188,248,TWSE,common_stock,true,false,false,false,false,false,false,false,true,
2025-12-05,8110,華東,listed,37.9,40.95,37.25,39.6,2.0,5.3191,92326126,3618560099,50067,TWSE,common_stock,true,false,false,false,false,false,false,false,true,
2025-12-05,8112,至上,listed,71.6,75.5,68.6,75.1,6.2,8.9985,77819958,5678552215,49960,TWSE,common_stock,true,false,false,false,false,false,false,false,true,
2025-12-05,8112A,至上甲特,listed,43.7,43.75,43.7,43.75,0.05,0.1144,4090,178883,5,TWSE,warrant,false,false,true,false,false,false,false,false,false,security_type=warrant;symbol_not_4_digit
2025-12-05,8114,振樺電,listed,178.5,178.5,170.5,174.0,-10.0,-5.4348,1516421,264346912,3642,TWSE,common_stock,true,false,false,false,false,false,false,false,true,
2025-12-05,8131,福懋科,listed,43.7,46.4,43.4,45.25,0.75,1.6854,15789861,713518254,10369,TWSE,common_stock,true,false,false,false,false,false,false,false,true,
2025-12-05,8150,南茂,listed,44.1,44.1,42.4,43.55,-0.25,-0.5708,14084925,609046860,9096,TWSE,common_stock,true,false,false,false,false,false,false,false,true,
2025-12-05,8162,微矽電子-創,listed,34.05,34.05,33.75,33.75,-0.3,-0.8811,13000,441450,10,TWSE,common_stock,true,false,false,false,false,false,false,false,true,
2025-12-05,8163,達方,listed,31.5,31.5,30.6,30.75,-0.9,-2.8436,1043379,32187669,1348,TWSE,common_stock,true,false,false,false,false,false,false,false,true,
2025-12-05,8201,無敵,listed,14.7,14.7,14.45,14.65,0.1,0.6873,23033,335723,23,TWSE,common_stock,true,false,false,false,false,false,false,false,true,
2025-12-05,8210,勤誠,listed,893.0,903.0,890.0,891.0,-1.0,-0.1121,858651,768672838,1744,TWSE,common_stock,true,false,false,false,false,false,false,false,true,
2025-12-05,8213,志超,listed,33.55,33.55,33.1,33.1,-0.25,-0.7496,149737,4972400,182,TWSE,common_stock,true,false,false,false,false,false,false,false,true,
2025-12-05,8215,明基材,listed,19.75,19.75,19.05,19.4,-0.35,-1.7722,757291,14610784,703,TWSE,common_stock,true,false,false,false,false,false,false,false,true,
2025-12-05,8222,寶一,listed,41.5,41.55,41.25,41.3,-0.1,-0.2415,226336,9361192,223,TWSE,common_stock,true,false,false,false,false,false,false,false,true,
2025-12-05,8249,菱光,listed,53.2,53.6,52.2,52.3,-0.7,-1.3208,506849,26727827,570,TWSE,common_stock,true,false,false,false,false,false,false,false,true,
2025-12-05,8261,富鼎,listed,90.1,90.1,88.8,89.8,0.0,0.0,311057,27837179,525,TWSE,common_stock,true,false,false,false,false,false,false,false,true,
2025-12-05,8271,宇瞻,listed,96.7,97.4,95.2,95.9,-3.0,-3.0334,8075510,776718174,6232,TWSE,common_stock,true,false,false,false,false,false,false,false,true,
2025-12-05,8341,日友,listed,80.8,80.9,80.4,80.5,-0.8,-0.984,63285,5102039,151,TWSE,common_stock,true,false,false,false,false,false,false,false,true,
2025-12-05,8367,建新國際,listed,44.6,44.6,44.5,44.5,-0.15,-0.3359,19124,851139,12,TWSE,common_stock,true,false,false,false,false,false,false,false,true,
2025-12-05,8374,羅昇,listed,87.5,91.6,87.5,91.6,8.3,9.964,2671814,242286337,2026,TWSE,common_stock,true,false,false,false,false,false,false,false,true,
2025-12-05,8404,百和興業-KY,listed,25.2,25.45,25.05,25.45,0.3,1.1928,507292,12829064,333,TWSE,common_stock,true,false,false,false,false,false,false,false,true,
2025-12-05,8411,福貞-KY,listed,12.25,12.25,12.05,12.05,-0.25,-2.0325,99289,1205372,110,TWSE,common_stock,true,false,false,false,false,false,false,false,true,
2025-12-05,8422,可寧衛*,listed,23.2,23.45,23.0,23.4,0.25,1.0799,7408958,172068662,3233,TWSE,common_stock,true,false,false,false,false,false,false,false,true,
2025-12-05,8429,金麗-KY,listed,7.75,7.75,7.61,7.66,-0.06,-0.7772,137125,1049503,107,TWSE,common_stock,true,false,false,false,false,false,false,false,true,
2025-12-05,8438,昶昕,listed,29.15,29.5,28.9,28.95,-0.45,-1.5306,100307,2916366,68,TWSE,common_stock,true,false,false,false,false,false,false,false,true,
2025-12-05,8442,威宏-KY,listed,72.9,73.3,72.6,73.2,0.4,0.5495,73261,5343452,61,TWSE,common_stock,true,false,false,false,false,false,false,false,true,
2025-12-05,8443,阿瘦,listed,11.15,11.4,10.9,11.1,0.05,0.4525,283082,3161161,87,TWSE,common_stock,true,false,false,false,false,false,false,false,true,
2025-12-05,8454,富邦媒,listed,213.5,214.5,211.5,212.0,-2.0,-0.9346,361794,76840979,1316,TWSE,etf,false,true,false,false,false,false,false,false,false,security_type=etf
2025-12-05,8462,柏文,listed,154.5,156.0,153.5,154.5,0.0,0.0,78382,12116410,191,TWSE,common_stock,true,false,false,false,false,false,false,false,true,
2025-12-05,8463,潤泰材,listed,27.6,28.0,27.05,27.5,-0.1,-0.3623,250628,6912720,150,TWSE,common_stock,true,false,false,false,false,false,false,false,true,
2025-12-05,8464,億豐,listed,382.0,394.5,382.0,393.0,11.5,3.0144,1044139,407050355,1117,TWSE,common_stock,true,false,false,false,false,false,false,false,true,
2025-12-05,8466,美吉吉-KY,listed,22.95,22.95,22.65,22.65,-0.25,-1.0917,17000,386350,14,TWSE,common_stock,true,false,false,false,false,false,false,false,true,
2025-12-05,8467,波力-KY,listed,159.0,160.5,156.0,158.0,-2.5,-1.5576,33379,5291447,152,TWSE,common_stock,true,false,false,false,false,false,false,false,true,
2025-12-05,8473,山林水,listed,36.05,36.25,35.85,36.1,-0.15,-0.4138,97099,3500487,141,TWSE,common_stock,true,false,false,false,false,false,false,false,true,
2025-12-05,8476,台境*,listed,17.6,17.65,17.35,17.55,0.05,0.2857,45237,790887,40,TWSE,common_stock,true,false,false,false,false,false,false,false,true,
2025-12-05,8478,東哥遊艇,listed,202.0,202.5,199.0,200.5,-0.5,-0.2488,134758,27007031,1119,TWSE,common_stock,true,false,false,false,false,false,false,false,true,
2025-12-05,8481,政伸,listed,41.05,41.3,41.05,41.25,0.25,0.6098,11220,462250,11,TWSE,common_stock,true,false,false,false,false,false,false,false,true,
2025-12-05,8482,商億-KY,listed,50.2,50.2,49.9,49.9,-0.3,-0.5976,6007,300450,6,TWSE,common_stock,true,false,false,false,false,false,false,false,true,
2025-12-05,8487,愛爾達-創,listed,78.0,78.0,76.0,76.5,-0.7,-0.9067,18262,1397246,35,TWSE,common_stock,true,false,false,false,false,false,false,false,true,
2025-12-05,8488,吉源-KY,listed,10.1,10.4,10.05,10.2,0.1,0.9901,52200,532200,26,TWSE,common_stock,true,false,false,false,false,false,false,false,true,
2025-12-05,8499,鼎炫-KY,listed,299.0,327.5,292.5,327.5,29.5,9.8993,605064,189713728,2587,TWSE,common_stock,true,false,false,false,false,false,false,false,true,
2025-12-05,8926,台汽電,listed,41.6,41.6,41.2,41.3,-0.3,-0.7212,784322,32420259,884,TWSE,common_stock,true,false,false,false,false,false,false,false,true,
2025-12-05,8940,新天地,listed,20.25,20.5,20.15,20.15,0.0,0.0,22532,455245,33,TWSE,common_stock,true,false,false,false,false,false,false,false,true,
2025-12-05,8996,高力,listed,541.0,554.0,525.0,529.0,-4.0,-0.7505,7645766,4109987647,9631,TWSE,common_stock,true,false,false,false,false,false,false,false,true,
2025-12-05,9103,美德醫療-DR,listed,4.71,4.71,4.58,4.62,-0.04,-0.8584,280632,1301162,134,TWSE,dr,false,false,false,false,false,false,false,true,false,security_type=dr
2025-12-05,910322,康師傅-DR,listed,24.0,24.0,23.8,23.8,-0.05,-0.2096,6559,156693,37,TWSE,dr,false,false,false,false,false,false,false,true,false,security_type=dr;symbol_not_4_digit
2025-12-05,9105,泰金寶-DR,listed,5.89,5.93,5.83,5.84,-0.05,-0.8489,6944788,40697302,1600,TWSE,dr,false,false,false,false,false,false,false,true,false,security_type=dr
2025-12-05,910861,神州-DR,listed,5.53,5.53,5.53,5.53,-0.01,-0.1805,54002,298631,20,TWSE,dr,false,false,false,false,false,false,false,true,false,security_type=dr;symbol_not_4_digit
2025-12-05,9110,越南控-DR,listed,3.02,3.02,3.02,3.02,-0.01,-0.33,1000,3020,1,TWSE,dr,false,false,false,false,false,false,false,true,false,security_type=dr
2025-12-05,911608,明輝-DR,listed,2.8,2.8,2.76,2.8,0.02,0.7194,28000,78020,22,TWSE,dr,false,false,false,false,false,false,false,true,false,security_type=dr;symbol_not_4_digit
2025-12-05,911622,泰聚亨-DR,listed,3.86,3.93,3.85,3.89,-0.03,-0.7653,7000,27260,6,TWSE,dr,false,false,false,false,false,false,false,true,false,security_type=dr;symbol_not_4_digit
2025-12-05,911868,同方友友-DR,listed,1.33,1.46,1.31,1.35,0.02,1.5038,4689400,6478232,568,TWSE,dr,false,false,false,false,false,false,false,true,false,security_type=dr;symbol_not_4_digit
2025-12-05,912000,晨訊科-DR,listed,2.8,2.81,2.71,2.74,-0.05,-1.7921,966230,2659658,190,TWSE,dr,false,false,false,false,false,false,false,true,false,security_type=dr;symbol_not_4_digit
2025-12-05,9136,巨騰-DR,listed,7.11,7.11,7.04,7.08,-0.04,-0.5618,41010,289680,17,TWSE,dr,false,false,false,false,false,false,false,true,false,security_type=dr
2025-12-05,9802,鈺齊-KY,listed,115.0,116.5,113.5,115.0,0.0,0.0,867530,99406502,1000,TWSE,common_stock,true,false,false,false,false,false,false,false,true,
2025-12-05,9902,台火,listed,17.3,17.3,16.85,16.85,-0.45,-2.6012,269855,4599072,228,TWSE,common_stock,true,false,false,false,false,false,false,false,true,
2025-12-05,9904,寶成,listed,31.4,31.4,30.9,30.95,-0.45,-1.4331,7987342,247835510,3637,TWSE,common_stock,true,false,false,false,false,false,false,false,true,
2025-12-05,9905,大華,listed,20.05,20.1,20.0,20.05,0.0,0.0,56176,1125786,33,TWSE,common_stock,true,false,false,false,false,false,false,false,true,
2025-12-05,9906,欣巴巴,listed,48.9,49.85,48.85,49.55,0.55,1.1224,56402,2783650,90,TWSE,common_stock,true,false,false,false,false,false,false,false,true,
2025-12-05,9907,統一實,listed,18.7,18.7,18.4,18.6,-0.15,-0.8,2957765,54752603,1229,TWSE,etf,false,true,false,false,false,false,false,false,false,security_type=etf
2025-12-05,9908,大台北,listed,30.0,30.15,30.0,30.15,0.05,0.1661,40877,1230410,59,TWSE,common_stock,true,false,false,false,false,false,false,false,true,
2025-12-05,9910,豐泰,listed,128.5,128.5,123.0,124.5,-4.5,-3.4884,979373,122026998,1352,TWSE,common_stock,true,false,false,false,false,false,false,false,true,
2025-12-05,9911,櫻花,listed,84.0,84.4,83.8,84.2,0.0,0.0,106547,8964211,216,TWSE,common_stock,true,false,false,false,false,false,false,false,true,
2025-12-05,9912,偉聯,listed,11.85,11.9,11.85,11.9,0.05,0.4219,19834,235582,41,TWSE,common_stock,true,false,false,false,false,false,false,false,true,
2025-12-05,9914,美利達,listed,93.7,93.7,91.4,92.3,-1.5,-1.5991,806477,74288218,888,TWSE,common_stock,true,false,false,false,false,false,false,false,true,
2025-12-05,9917,中保科,listed,107.0,107.5,107.0,107.5,0.5,0.4673,279212,29917619,373,TWSE,common_stock,true,false,false,false,false,false,false,false,true,
2025-12-05,9918,欣天然,listed,39.7,39.7,39.7,39.7,0.0,0.0,26103,1036286,11,TWSE,common_stock,true,false,false,false,false,false,false,false,true,
2025-12-05,9919,康那香,listed,17.1,17.2,16.8,16.8,-0.15,-0.885,240745,4069669,184,TWSE,common_stock,true,false,false,false,false,false,false,false,true,
2025-12-05,9921,巨大,listed,102.0,102.0,99.4,101.5,-0.5,-0.4902,924598,92831515,1161,TWSE,common_stock,true,false,false,false,false,false,false,false,true,
2025-12-05,9924,福興,listed,54.0,54.2,53.8,54.0,0.0,0.0,137031,7397019,104,TWSE,common_stock,true,false,false,false,false,false,false,false,true,
2025-12-05,9925,新保,listed,40.7,40.75,40.65,40.75,0.1,0.246,71421,2906871,90,TWSE,common_stock,true,false,false,false,false,false,false,false,true,
2025-12-05,9926,新海,listed,50.0,50.0,49.9,49.9,0.0,0.0,8047,402250,11,TWSE,common_stock,true,false,false,false,false,false,false,false,true,
2025-12-05,9927,泰銘,listed,69.6,70.0,69.5,70.0,0.2,0.2865,95788,6677436,165,TWSE,common_stock,true,false,false,false,false,false,false,false,true,
2025-12-05,9928,中視,listed,17.85,18.0,17.7,17.8,-0.15,-0.8357,13110,233963,13,TWSE,common_stock,true,false,false,false,false,false,false,false,true,
2025-12-05,9929,秋雨,listed,10.9,10.9,10.9,10.9,-0.05,-0.4566,1202,13098,4,TWSE,common_stock,true,false,false,false,false,false,false,false,true,
2025-12-05,9930,中聯資源,listed,71.3,72.0,71.1,71.6,0.2,0.2801,84412,6039829,113,TWSE,common_stock,true,false,false,false,false,false,false,false,true,
2025-12-05,9931,欣高,listed,34.25,34.3,34.2,34.2,-0.05,-0.146,12217,418377,16,TWSE,common_stock,true,false,false,false,false,false,false,false,true,
2025-12-05,9933,中鼎,listed,33.95,34.05,33.6,33.95,-0.25,-0.731,3081182,104251353,2921,TWSE,common_stock,true,false,false,false,false,false,false,false,true,
2025-12-05,9934,成霖,listed,9.97,10.1,9.91,10.0,0.03,0.3009,497738,4972863,221,TWSE,common_stock,true,false,false,false,false,false,false,false,true,
2025-12-05,9935,慶豐富,listed,20.7,20.7,20.45,20.55,-0.25,-1.2019,80728,1656510,96,TWSE,common_stock,true,false,false,false,false,false,false,false,true,
2025-12-05,9937,全國,listed,58.2,59.5,58.2,59.4,1.2,2.0619,106352,6279704,94,TWSE,common_stock,true,false,false,false,false,false,false,false,true,
2025-12-05,9938,百和,listed,56.3,56.4,55.6,55.7,-0.5,-0.8897,544659,30377703,561,TWSE,common_stock,true,false,false,false,false,false,false,false,true,
2025-12-05,9939,宏全,listed,126.5,127.0,125.0,125.0,-1.0,-0.7937,550138,69072760,694,TWSE,common_stock,true,false,false,false,false,false,false,false,true,
2025-12-05,9940,信義,listed,22.9,23.25,22.85,23.0,0.1,0.4367,530712,12240007,326,TWSE,common_stock,true,false,false,false,false,false,false,false,true,
2025-12-05,9941,裕融,listed,93.3,93.7,92.7,93.5,0.2,0.2144,433990,40460040,1018,TWSE,common_stock,true,false,false,false,false,false,false,false,true,
2025-12-05,9941A,裕融甲特,listed,50.3,50.3,50.2,50.3,0.0,0.0,51000,2564700,19,TWSE,warrant,false,false,true,false,false,false,false,false,false,security_type=warrant;symbol_not_4_digit
2025-12-05,9942,茂順,listed,104.0,105.0,104.0,104.5,0.0,0.0,52276,5463169,46,TWSE,common_stock,true,false,false,false,false,false,false,false,true,
2025-12-05,9943,好樂迪,listed,61.4,62.2,61.4,62.2,0.5,0.8104,24470,1513272,62,TWSE,common_stock,true,false,false,false,false,false,false,false,true,
2025-12-05,9944,新麗,listed,16.65,16.75,16.65,16.75,0.05,0.2994,17261,288305,20,TWSE,common_stock,true,false,false,false,false,false,false,false,true,
2025-12-05,9945,潤泰新,listed,30.0,30.0,29.55,29.65,-0.4,-1.3311,3680377,109327155,3600,TWSE,common_stock,true,false,false,false,false,false,false,false,true,
2025-12-05,9946,三發地產,listed,18.15,18.65,18.15,18.35,0.3,1.662,267386,4902637,173,TWSE,common_stock,true,false,false,false,false,false,false,false,true,
2025-12-05,9955,佳龍,listed,31.15,31.3,30.8,31.15,0.1,0.3221,492437,15295105,411,TWSE,common_stock,true,false,false,false,false,false,false,false,true,
2025-12-05,9958,世紀鋼,listed,140.5,141.0,139.0,140.0,-0.5,-0.3559,302658,42363136,476,TWSE,common_stock,true,false,false,false,false,false,false,false,true,
