date,symbol,name,market,open,high,low,close,change,change_pct,volume,turnover,transactions,source,security_type,is_common_stock,is_etf,is_warrant,is_bond_etf,is_leveraged_inverse,is_etn,is_preferred_stock,is_dr,scan_eligible,exclude_reason
2025-12-19,0050,元大台灣50,listed,62.4,62.75,62.35,62.5,0.6,0.9693,81027467,5067295440,41675,TWSE,etf,false,true,false,false,false,false,false,false,false,security_type=etf
2025-12-19,0051,元大中型100,listed,89.5,89.6,89.15,89.55,1.15,1.3009,35070,3137413,245,TWSE,etf,false,true,false,false,false,false,false,false,false,security_type=etf
2025-12-19,0052,富邦科技,listed,35.76,35.86,35.61,35.64,0.33,0.9346,24363230,871162643,13222,TWSE,etf,false,true,false,false,false,false,false,false,false,security_type=etf
2025-12-19,0053,元大電子,listed,134.45,134.5,133.75,133.75,1.55,1.1725,10149,1359509,133,TWSE,etf,false,true,false,false,false,false,false,false,false,security_type=etf
2025-12-19,0055,元大MSCI金融,listed,32.0,32.27,31.8,32.24,0.37,1.161,508127,16324599,518,TWSE,etf,false,true,false,false,false,false,false,false,false,security_type=etf
2025-12-19,0056,元大高股息,listed,36.15,36.42,36.12,36.38,0.27,0.7477,20244445,734898408,12002,TWSE,etf,false,true,false,false,false,false,false,false,false,security_type=etf
2025-12-19,0057,富邦摩台,listed,183.1,183.45,182.7,182.75,1.85,1.0227,48135,8805729,127,TWSE,etf,false,true,false,false,false,false,false,false,false,security_type=etf
2025-12-19,0061,元大寶滬深,listed,22.76,22.88,22.74,22.82,0.08,0.3518,291275,6648599,167,TWSE,etf,false,true,false,false,false,false,false,false,false,security_type=etf
2025-12-19,006203,元大MSCI台灣,listed,114.0,114.0,113.6,113.6,1.45,1.2929,3127,354929,82,TWSE,etf,false,true,false,false,false,false,false,false,false,security_type=etf;symbol_not_4_digit
2025-12-19,006204,永豐臺灣加權,listed,141.35,141.35,140.95,140.95,1.65,1.1845,13363,1884018,111,TWSE,etf,false,true,false,false,false,false,false,false,false,security_type=etf;symbol_not_4_digit
2025-12-19,006205,富邦上証,listed,38.73,38.99,38.63,38.89,0.16,0.4131,249670,9705001,257,TWSE,etf,false,true,false,false,false,false,false,false,false,security_type=etf;symbol_not_4_digit
2025-12-19,006206,元大上證50,listed,36.47,36.77,36.45,36.71,0.24,0.6581,573542,21051202,143,TWSE,etf,false,true,false,false,false,false,false,false,false,security_type=etf;symbol_not_4_digit
2025-12-19,006207,復華滬深,listed,30.18,30.35,30.18,30.23,0.05,0.1657,199943,6051117,42,TWSE,etf,false,true,false,false,false,false,false,false,false,security_type=etf;symbol_not_4_digit
2025-12-19,006208,富邦台50,listed,143.0,143.7,142.8,143.05,1.4,0.9884,5112359,732441808,5637,TWSE,etf,false,true,false,false,false,false,false,false,false,security_type=etf;symbol_not_4_digit
2025-12-19,00625K,富邦上証+R,listed,,,,,0.0,,0,0,0,TWSE,etf,false,true,true,false,false,false,false,false,false,security_type=etf;symbol_not_4_digit;invalid_close;invalid_volume;invalid_turnover
2025-12-19,00631L,元大台灣50正2,listed,334.0,338.0,334.0,336.4,7.5,2.2803,3869815,1298796313,4607,TWSE,leveraged_inverse,false,true,true,false,true,false,false,false,false,security_type=leveraged_inverse;symbol_not_4_digit
2025-12-19,00632R,元大台灣50反1,listed,17.16,17.17,17.06,17.1,-0.19,-1.0989,39183364,670848233,5956,TWSE,leveraged_inverse,false,true,true,false,true,false,false,false,false,security_type=leveraged_inverse;symbol_not_4_digit
2025-12-19,00633L,富邦上証正2,listed,49.09,49.69,48.8,49.23,0.33,0.6748,7389366,363926528,970,TWSE,leveraged_inverse,false,true,true,false,true,false,false,false,false,security_type=leveraged_inverse;symbol_not_4_digit
2025-12-19,00634R,富邦上証反1,listed,3.25,3.26,3.23,3.26,0.0,0.0,174100,564424,27,TWSE,leveraged_inverse,false,true,true,false,true,false,false,false,false,security_type=leveraged_inverse;symbol_not_4_digit
2025-12-19,00635U,期元大S&P黃金,listed,46.46,46.51,46.31,46.42,-0.19,-0.4076,2664917,123704561,1937,TWSE,etf,false,true,true,false,false,false,false,false,false,security_type=etf;symbol_not_4_digit
2025-12-19,00636,國泰中國A50,listed,26.66,26.82,26.62,26.68,0.06,0.2254,743292,19869045,315,TWSE,etf,false,true,false,false,false,false,false,false,false,security_type=etf;symbol_not_4_digit
2025-12-19,00636K,國泰中國A50+U,listed,8.53,8.53,8.53,8.53,0.05,0.5896,200,1706,2,TWSE,etf,false,true,true,false,false,false,false,false,false,security_type=etf;symbol_not_4_digit
2025-12-19,00637L,元大滬深300正2,listed,20.18,20.44,20.07,20.25,0.13,0.6461,44385264,897907522,4007,TWSE,leveraged_inverse,false,true,true,false,true,false,false,false,false,security_type=leveraged_inverse;symbol_not_4_digit
2025-12-19,00638R,元大滬深300反1,listed,6.93,6.93,6.89,6.92,-0.02,-0.2882,150160,1037826,23,TWSE,leveraged_inverse,false,true,true,false,true,false,false,false,false,security_type=leveraged_inverse;symbol_not_4_digit
2025-12-19,00639,富邦深100,listed,14.97,15.1,14.96,15.04,0.03,0.1999,1228293,18452247,304,TWSE,etf,false,true,false,false,false,false,false,false,false,security_type=etf;symbol_not_4_digit
2025-12-19,00640L,富邦日本正2,listed,76.1,77.0,75.95,76.7,1.45,1.9269,103990,7945513,115,TWSE,leveraged_inverse,false,true,true,false,true,false,false,false,false,security_type=leveraged_inverse;symbol_not_4_digit
2025-12-19,00641R,富邦日本反1,listed,4.64,4.65,4.61,4.64,-0.03,-0.6424,1986796,9202945,113,TWSE,leveraged_inverse,false,true,true,false,true,false,false,false,false,security_type=leveraged_inverse;symbol_not_4_digit
2025-12-19,00642U,期元大S&P石油,listed,14.71,14.73,14.67,14.71,-0.09,-0.6081,7061725,103803960,2080,TWSE,etf,false,true,true,false,false,false,false,false,false,security_type=etf;symbol_not_4_digit
2025-12-19,00643,群益深証中小,listed,16.38,16.53,16.36,16.45,0.01,0.0608,3597838,59167629,202,TWSE,etf,false,true,false,false,false,false,false,false,false,security_type=etf;symbol_not_4_digit
2025-12-19,00643K,群益深証中小+R,listed,,,,,0.0,,0,0,0,TWSE,etf,false,true,true,false,false,false,false,false,false,security_type=etf;symbol_not_4_digit;invalid_close;invalid_volume;invalid_turnover
2025-12-19,00645,富邦日本,listed,47.26,47.52,47.2,47.38,0.39,0.83,572486,27117028,280,TWSE,etf,false,true,false,false,false,false,false,false,false,security_type=etf;symbol_not_4_digit
2025-12-19,00646,元大S&P500,listed,66.95,67.2,66.95,67.1,0.5,0.7508,1877129,125912544,1185,TWSE,etf,false,true,false,false,false,false,false,false,false,security_type=etf;symbol_not_4_digit
2025-12-19,00647L,元大S&P500正2,listed,114.1,114.6,114.1,114.6,1.7,1.5058,20772,2376976,102,TWSE,leveraged_inverse,false,true,true,false,true,false,false,false,false,security_type=leveraged_inverse;symbol_not_4_digit
2025-12-19,00648R,元大S&P500反1,listed,4.42,4.42,4.41,4.42,-0.02,-0.4505,886100,3909531,40,TWSE,leveraged_inverse,false,true,true,false,true,false,false,false,false,security_type=leveraged_inverse;symbol_not_4_digit
2025-12-19,00650L,復華香港正2,listed,17.52,17.68,17.46,17.68,0.39,2.2556,6769253,119111645,865,TWSE,leveraged_inverse,false,true,true,false,true,false,false,false,false,security_type=leveraged_inverse;symbol_not_4_digit
2025-12-19,00651R,復華香港反1,listed,5.33,5.34,5.32,5.32,-0.07,-1.2987,550000,2930909,50,TWSE,leveraged_inverse,false,true,true,false,true,false,false,false,false,security_type=leveraged_inverse;symbol_not_4_digit
2025-12-19,00652,富邦印度,listed,37.1,37.36,37.1,37.31,0.21,0.566,135844,5058297,249,TWSE,etf,false,true,false,false,false,false,false,false,false,security_type=etf;symbol_not_4_digit
2025-12-19,00653L,富邦印度正2,listed,57.75,58.1,57.65,58.05,0.45,0.7813,89470,5174282,42,TWSE,leveraged_inverse,false,true,true,false,true,false,false,false,false,security_type=leveraged_inverse;symbol_not_4_digit
2025-12-19,00654R,富邦印度反1,listed,6.27,6.27,6.25,6.25,-0.04,-0.6359,9590,59974,5,TWSE,leveraged_inverse,false,true,true,false,true,false,false,false,false,security_type=leveraged_inverse;symbol_not_4_digit
2025-12-19,00655L,國泰中國A50正2,listed,34.24,34.65,34.03,34.3,0.16,0.4687,1738620,59709846,322,TWSE,leveraged_inverse,false,true,true,false,true,false,false,false,false,security_type=leveraged_inverse;symbol_not_4_digit
2025-12-19,00656R,國泰中國A50反1,listed,6.14,6.15,6.1,6.13,-0.03,-0.487,86100,527473,12,TWSE,leveraged_inverse,false,true,true,false,true,false,false,false,false,security_type=leveraged_inverse;symbol_not_4_digit
2025-12-19,00657,國泰日經225,listed,58.2,58.55,58.2,58.35,0.55,0.9516,397949,23238801,105,TWSE,etf,false,true,false,false,false,false,false,false,false,security_type=etf;symbol_not_4_digit
2025-12-19,00657K,國泰日經225+U,listed,18.51,18.51,18.51,18.51,0.2,1.0923,200,3702,2,TWSE,etf,false,true,true,false,false,false,false,false,false,security_type=etf;symbol_not_4_digit
2025-12-19,00660,元大歐洲50,listed,41.66,41.66,41.56,41.59,0.25,0.6047,23184,965110,81,TWSE,etf,false,true,false,false,false,false,false,false,false,security_type=etf;symbol_not_4_digit
2025-12-19,00661,元大日經225,listed,63.5,64.0,63.5,63.85,0.65,1.0285,164112,10480842,171,TWSE,etf,false,true,false,false,false,false,false,false,false,security_type=etf;symbol_not_4_digit
2025-12-19,00662,富邦NASDAQ,listed,101.55,101.8,101.2,101.65,1.25,1.245,1111115,112793547,2031,TWSE,etf,false,true,false,false,false,false,false,false,false,security_type=etf;symbol_not_4_digit
2025-12-19,00663L,國泰臺灣加權正2,listed,43.63,44.1,43.6,43.91,0.91,2.1163,8123207,356038646,3620,TWSE,leveraged_inverse,false,true,true,false,true,false,false,false,false,security_type=leveraged_inverse;symbol_not_4_digit
2025-12-19,00664R,國泰臺灣加權反1,listed,2.77,2.78,2.76,2.76,-0.04,-1.4286,7593185,21016046,552,TWSE,leveraged_inverse,false,true,true,false,true,false,false,false,false,security_type=leveraged_inverse;symbol_not_4_digit
2025-12-19,00665L,富邦恒生國企正2,listed,10.64,10.76,10.64,10.76,0.22,2.0873,18664939,199804611,1885,TWSE,leveraged_inverse,false,true,true,false,true,false,false,false,false,security_type=leveraged_inverse;symbol_not_4_digit
2025-12-19,00666R,富邦恒生國企反1,listed,8.95,8.96,8.9,8.9,-0.09,-1.0011,77031,686533,17,TWSE,leveraged_inverse,false,true,true,false,true,false,false,false,false,security_type=leveraged_inverse;symbol_not_4_digit
2025-12-19,00668,國泰美國道瓊,listed,55.15,55.2,55.1,55.15,0.05,0.0907,132460,7304781,88,TWSE,etf,false,true,false,false,false,false,false,false,false,security_type=etf;symbol_not_4_digit
2025-12-19,00668K,國泰美國道瓊+U,listed,17.5,17.5,17.5,17.5,0.01,0.0572,200,3500,2,TWSE,etf,false,true,true,false,false,false,false,false,false,security_type=etf;symbol_not_4_digit
2025-12-19,00669R,國泰美國道瓊反1,listed,5.75,5.75,5.73,5.75,-0.01,-0.1736,533201,3063530,62,TWSE,leveraged_inverse,false,true,true,false,true,false,false,false,false,security_type=leveraged_inverse;symbol_not_4_digit
2025-12-19,00670L,富邦NASDAQ正2,listed,158.3,159.25,158.05,159.1,3.9,2.5129,726512,115213073,1053,TWSE,leveraged_inverse,false,true,true,false,true,false,false,false,false,security_type=leveraged_inverse;symbol_not_4_digit
2025-12-19,00671R,富邦NASDAQ反1,listed,2.9,2.9,2.88,2.89,-0.03,-1.0274,3918440,11327229,211,TWSE,leveraged_inverse,false,true,true,false,true,false,false,false,false,security_type=leveraged_inverse;symbol_not_4_digit
2025-12-19,00673R,期元大S&P原油反1,listed,29.35,29.44,29.33,29.39,0.2,0.6852,769282,22604967,215,TWSE,leveraged_inverse,false,true,true,false,true,false,false,false,false,security_type=leveraged_inverse;symbol_not_4_digit
2025-12-19,00674R,期元大S&P黃金反1,listed,5.9,5.92,5.88,5.91,0.02,0.3396,1062832,6274806,89,TWSE,leveraged_inverse,false,true,true,false,true,false,false,false,false,security_type=leveraged_inverse;symbol_not_4_digit
2025-12-19,00675L,富邦臺灣加權正2,listed,132.55,134.1,132.55,133.55,2.85,2.1806,2592811,345495027,2072,TWSE,leveraged_inverse,false,true,true,false,true,false,false,false,false,security_type=leveraged_inverse;symbol_not_4_digit
2025-12-19,00676R,富邦臺灣加權反1,listed,9.43,9.43,9.38,9.41,-0.08,-0.843,1895942,17835839,217,TWSE,leveraged_inverse,false,true,true,false,true,false,false,false,false,security_type=leveraged_inverse;symbol_not_4_digit
2025-12-19,00678,群益那斯達克生技,listed,34.11,34.2,34.11,34.2,-0.19,-0.5525,363306,12413392,407,TWSE,etf,false,true,false,false,false,false,false,false,false,security_type=etf;symbol_not_4_digit
2025-12-19,00680L,元大美債20正2,listed,7.3,7.3,7.26,7.26,-0.02,-0.2747,12096490,88132632,615,TWSE,bond_etf,false,true,true,true,true,false,false,false,false,security_type=bond_etf;symbol_not_4_digit
2025-12-19,00681R,元大美債20反1,listed,20.79,20.79,20.78,20.78,0.0,0.0,7000,145480,2,TWSE,bond_etf,false,true,true,true,true,false,false,false,false,security_type=bond_etf;symbol_not_4_digit
2025-12-19,00682U,期元大美元指數,listed,20.22,20.22,20.22,20.22,0.0,0.0,2000,40440,1,TWSE,etf,false,true,true,false,false,false,false,false,false,security_type=etf;symbol_not_4_digit
2025-12-19,00683L,期元大美元指正2,listed,20.78,20.78,20.78,20.78,0.0,0.0,56000,1163680,11,TWSE,leveraged_inverse,false,true,true,false,true,false,false,false,false,security_type=leveraged_inverse;symbol_not_4_digit
2025-12-19,00684R,期元大美元指反1,listed,15.68,15.68,15.59,15.62,-0.06,-0.3827,107000,1671370,9,TWSE,leveraged_inverse,false,true,true,false,true,false,false,false,false,security_type=leveraged_inverse;symbol_not_4_digit
2025-12-19,00685L,群益臺灣加權正2,listed,119.0,120.35,118.95,119.85,2.65,2.2611,729603,87248112,513,TWSE,leveraged_inverse,false,true,true,false,true,false,false,false,false,security_type=leveraged_inverse;symbol_not_4_digit
2025-12-19,00686R,群益臺灣加權反1,listed,1.68,1.69,1.67,1.68,-0.02,-1.1765,2044301,3434988,66,TWSE,leveraged_inverse,false,true,true,false,true,false,false,false,false,security_type=leveraged_inverse;symbol_not_4_digit
2025-12-19,00688L,國泰20年美債正2,listed,7.28,7.28,7.24,7.24,-0.01,-0.1379,3535569,25684665,315,TWSE,bond_etf,false,true,true,true,true,false,false,false,false,security_type=bond_etf;symbol_not_4_digit
2025-12-19,00689R,國泰20年美債反1,listed,21.64,21.64,21.64,21.64,-0.01,-0.0462,10000,216400,1,TWSE,bond_etf,false,true,true,true,true,false,false,false,false,security_type=bond_etf;symbol_not_4_digit
2025-12-19,00690,兆豐藍籌30,listed,42.77,43.08,42.77,42.93,0.38,0.8931,952102,40925420,238,TWSE,etf,false,true,false,false,false,false,false,false,false,security_type=etf;symbol_not_4_digit
2025-12-19,00692,富邦公司治理,listed,55.0,55.25,54.9,55.0,0.4,0.7326,462307,25466408,756,TWSE,etf,false,true,false,false,false,false,false,false,false,security_type=etf;symbol_not_4_digit
2025-12-19,00693U,期街口S&P黃豆,listed,20.28,20.29,20.18,20.18,-0.18,-0.8841,2370996,47905865,473,TWSE,warrant,false,false,true,false,false,false,false,false,false,security_type=warrant;symbol_not_4_digit
2025-12-19,00700,富邦恒生國企,listed,18.12,18.22,18.12,18.22,0.21,1.166,1600430,29091041,302,TWSE,etf,false,true,false,false,false,false,false,false,false,security_type=etf;symbol_not_4_digit
2025-12-19,00701,國泰股利精選30,listed,28.95,29.29,28.95,29.25,0.27,0.9317,2059911,60095550,979,TWSE,etf,false,true,false,false,false,false,false,false,false,security_type=etf;symbol_not_4_digit
2025-12-19,00702,國泰標普低波高息,listed,23.35,23.36,23.32,23.36,-0.01,-0.0428,17189,400980,100,TWSE,etf,false,true,false,false,false,false,false,false,false,security_type=etf;symbol_not_4_digit
2025-12-19,00703,台新MSCI中國,listed,21.55,21.62,21.53,21.6,0.2,0.9346,52291,1127651,89,TWSE,other,false,false,false,false,false,false,false,false,false,symbol_not_4_digit
2025-12-19,00706L,期元大S&P日圓正2,listed,20.88,20.88,20.71,20.76,-0.11,-0.5271,5279648,109614354,702,TWSE,leveraged_inverse,false,true,true,false,true,false,false,false,false,security_type=leveraged_inverse;symbol_not_4_digit
2025-12-19,00707R,期元大S&P日圓反1,listed,31.06,31.06,31.06,31.06,0.0,0.0,1000,31060,1,TWSE,leveraged_inverse,false,true,true,false,true,false,false,false,false,security_type=leveraged_inverse;symbol_not_4_digit
2025-12-19,00708L,期元大S&P黃金正2,listed,91.05,91.15,90.35,90.8,-0.75,-0.8192,2411154,218791445,1218,TWSE,leveraged_inverse,false,true,true,false,true,false,false,false,false,security_type=leveraged_inverse;symbol_not_4_digit
2025-12-19,00709,富邦歐洲,listed,36.23,36.47,36.23,36.45,0.27,0.7463,97388,3548564,182,TWSE,etf,false,true,false,false,false,false,false,false,false,security_type=etf;symbol_not_4_digit
2025-12-19,00710B,復華彭博非投等債,listed,19.02,19.05,18.99,18.99,-0.05,-0.2626,247639,4711126,155,TWSE,bond_etf,false,true,true,true,false,false,false,false,false,security_type=bond_etf;symbol_not_4_digit
2025-12-19,00711B,復華彭博新興債,listed,16.37,16.37,16.35,16.35,0.0,0.0,101280,1657944,6,TWSE,bond_etf,false,true,true,true,false,false,false,false,false,security_type=bond_etf;symbol_not_4_digit
2025-12-19,00712,復華富時不動產,listed,9.13,9.15,9.13,9.14,0.03,0.3293,10725902,98033475,2022,TWSE,etf,false,true,false,false,false,false,false,false,false,security_type=etf;symbol_not_4_digit
2025-12-19,00713,元大台灣高息低波,listed,50.35,50.9,50.25,50.85,0.0,0.0,8877433,449134784,6363,TWSE,etf,false,true,false,false,false,false,false,false,false,security_type=etf;symbol_not_4_digit
2025-12-19,00714,群益道瓊美國地產,listed,19.95,19.95,19.93,19.93,-0.14,-0.6976,232712,4640243,28,TWSE,etf,false,true,false,false,false,false,false,false,false,security_type=etf;symbol_not_4_digit
2025-12-19,00715L,期街口布蘭特正2,listed,18.72,18.76,18.63,18.69,-0.23,-1.2156,19184282,358348653,4595,TWSE,leveraged_inverse,false,true,true,false,true,false,false,false,false,security_type=leveraged_inverse;symbol_not_4_digit
2025-12-19,00717,富邦美國特別股,listed,15.06,15.11,15.06,15.09,0.03,0.1992,133514,2014525,115,TWSE,preferred_stock,false,true,false,false,false,false,true,false,false,security_type=preferred_stock;symbol_not_4_digit
2025-12-19,00728,第一金工業30,listed,35.69,35.76,35.69,35.72,0.39,1.1039,46457,1659284,157,TWSE,other,false,false,false,false,false,false,false,false,false,symbol_not_4_digit
2025-12-19,00730,富邦臺灣優質高息,listed,23.17,23.47,23.17,23.47,0.35,1.5138,270455,6313274,351,TWSE,etf,false,true,false,false,false,false,false,false,false,security_type=etf;symbol_not_4_digit
2025-12-19,00731,復華富時高息低波,listed,68.55,69.5,68.55,69.45,0.5,0.7252,811327,56270587,541,TWSE,etf,false,true,false,false,false,false,false,false,false,security_type=etf;symbol_not_4_digit
2025-12-19,00733,富邦臺灣中小,listed,45.15,45.45,45.15,45.38,0.29,0.6432,582951,26432650,525,TWSE,etf,false,true,false,false,false,false,false,false,false,security_type=etf;symbol_not_4_digit
2025-12-19,00735,國泰臺韓科技,listed,48.61,48.85,48.61,48.75,0.53,1.0991,169262,8251913,131,TWSE,etf,false,true,false,false,false,false,false,false,false,security_type=etf;symbol_not_4_digit
2025-12-19,00736,國泰新興市場,listed,27.48,27.49,27.48,27.49,0.12,0.4384,102891,2827287,76,TWSE,etf,false,true,false,false,false,false,false,false,false,security_type=etf;symbol_not_4_digit
2025-12-19,00737,國泰AI機器人,listed,35.44,35.44,35.3,35.41,0.2,0.568,35453,1255234,122,TWSE,etf,false,true,false,false,false,false,false,false,false,security_type=etf;symbol_not_4_digit
2025-12-19,00738U,期元大道瓊白銀,listed,53.9,54.05,53.2,53.8,-1.2,-2.1818,10850254,581978274,5582,TWSE,etf,false,true,true,false,false,false,false,false,false,security_type=etf;symbol_not_4_digit
2025-12-19,00739,元大MSCI A股,listed,25.96,26.09,25.91,25.99,0.02,0.077,49790,1292812,108,TWSE,etf,false,true,false,false,false,false,false,false,false,security_type=etf;symbol_not_4_digit
2025-12-19,00752,中信中國50,listed,25.9,26.14,25.9,26.14,0.28,1.0828,2281747,59464723,422,TWSE,etf,false,true,false,false,false,false,false,false,false,security_type=etf;symbol_not_4_digit
2025-12-19,00753L,中信中國50正2,listed,12.15,12.28,12.11,12.28,0.27,2.2481,13518477,165000762,1955,TWSE,leveraged_inverse,false,true,true,false,true,false,false,false,false,security_type=leveraged_inverse;symbol_not_4_digit
2025-12-19,00757,統一FANG+,listed,117.5,117.75,117.1,117.6,1.05,0.9009,1559130,183053431,3599,TWSE,etf,false,true,false,false,false,false,false,false,false,security_type=etf;symbol_not_4_digit
2025-12-19,00762,元大全球AI,listed,82.5,82.5,81.6,82.0,1.15,1.4224,142236,11643029,410,TWSE,etf,false,true,false,false,false,false,false,false,false,security_type=etf;symbol_not_4_digit
2025-12-19,00763U,期街口道瓊銅,listed,29.81,30.1,29.75,30.1,0.37,1.2445,1364188,40850511,680,TWSE,warrant,false,false,true,false,false,false,false,false,false,security_type=warrant;symbol_not_4_digit
2025-12-19,00770,國泰北美科技,listed,56.9,57.1,56.7,57.0,0.75,1.3333,401045,22812999,957,TWSE,etf,false,true,false,false,false,false,false,false,false,security_type=etf;symbol_not_4_digit
2025-12-19,00771,元大US高息特別股,listed,16.1,16.11,16.1,16.1,0.01,0.0622,19968,321406,64,TWSE,preferred_stock,false,true,false,false,false,false,true,false,false,security_type=preferred_stock;symbol_not_4_digit
2025-12-19,00775B,台新投等債15+,listed,32.78,32.78,32.73,32.73,-0.07,-0.2134,2000,65510,2,TWSE,bond_etf,false,true,true,true,false,false,false,false,false,security_type=bond_etf;symbol_not_4_digit
2025-12-19,00783,富邦中証500,listed,24.52,24.7,24.52,24.7,0.09,0.3657,85997,2122884,87,TWSE,etf,false,true,false,false,false,false,false,false,false,security_type=etf;symbol_not_4_digit
2025-12-19,00830,國泰費城半導體,listed,56.3,56.4,56.0,56.3,0.95,1.7164,3262237,183370881,3258,TWSE,etf,false,true,false,false,false,false,false,false,false,security_type=etf;symbol_not_4_digit
2025-12-19,00850,元大臺灣ESG永續,listed,53.2,53.7,53.2,53.45,0.45,0.8491,670382,35791044,667,TWSE,etf,false,true,false,false,false,false,false,false,false,security_type=etf;symbol_not_4_digit
2025-12-19,00851,台新全球AI,listed,54.7,54.85,54.7,54.75,0.1,0.183,10742,588069,88,TWSE,other,false,false,false,false,false,false,false,false,false,symbol_not_4_digit
2025-12-19,00852L,國泰美國道瓊正2,listed,30.42,30.43,30.37,30.39,0.04,0.1318,105896,3219118,71,TWSE,leveraged_inverse,false,true,true,false,true,false,false,false,false,security_type=leveraged_inverse;symbol_not_4_digit
2025-12-19,00861,元大全球未來通訊,listed,54.25,54.25,53.9,53.9,0.5,0.9363,107114,5788495,1017,TWSE,etf,false,true,false,false,false,false,false,false,false,security_type=etf;symbol_not_4_digit
2025-12-19,00865B,國泰US短期公債,listed,47.31,47.32,47.26,47.32,0.01,0.0211,991735,46902468,324,TWSE,bond_etf,false,true,true,true,false,false,false,false,false,security_type=bond_etf;symbol_not_4_digit
2025-12-19,00875,國泰網路資安,listed,38.86,39.0,38.86,38.99,0.39,1.0104,13645,531201,119,TWSE,etf,false,true,false,false,false,false,false,false,false,security_type=etf;symbol_not_4_digit
2025-12-19,00876,元大全球5G,listed,49.99,49.99,49.73,49.85,0.69,1.4036,290059,14448497,1040,TWSE,etf,false,true,false,false,false,false,false,false,false,security_type=etf;symbol_not_4_digit
2025-12-19,00878,國泰永續高股息,listed,21.35,21.5,21.34,21.49,0.16,0.7501,48660626,1043562229,14387,TWSE,etf,false,true,false,false,false,false,false,false,false,security_type=etf;symbol_not_4_digit
2025-12-19,00881,國泰台灣科技龍頭,listed,31.2,31.32,31.17,31.23,0.35,1.1334,6679557,208631946,3113,TWSE,etf,false,true,false,false,false,false,false,false,false,security_type=etf;symbol_not_4_digit
2025-12-19,00882,中信中國高股息,listed,15.24,15.29,15.2,15.28,0.07,0.4602,7117380,108623109,1236,TWSE,etf,false,true,false,false,false,false,false,false,false,security_type=etf;symbol_not_4_digit
2025-12-19,00885,富邦越南,listed,16.88,17.13,16.88,17.11,0.27,1.6033,6208684,105707318,1748,TWSE,etf,false,true,false,false,false,false,false,false,false,security_type=etf;symbol_not_4_digit
2025-12-19,00891,中信關鍵半導體,listed,19.3,19.39,19.23,19.27,0.12,0.6266,5042844,97412739,1698,TWSE,etf,false,true,false,false,false,false,false,false,false,security_type=etf;symbol_not_4_digit
2025-12-19,00892,富邦台灣半導體,listed,21.04,21.12,20.97,21.04,0.22,1.0567,714092,15034769,342,TWSE,etf,false,true,false,false,false,false,false,false,false,security_type=etf;symbol_not_4_digit
2025-12-19,00893,國泰智能電動車,listed,31.81,32.02,31.8,31.97,0.46,1.4599,812362,25956032,792,TWSE,etf,false,true,false,false,false,false,false,false,false,security_type=etf;symbol_not_4_digit
2025-12-19,00894,中信小資高價30,listed,26.02,26.19,26.0,26.13,0.37,1.4363,2096373,54707497,738,TWSE,etf,false,true,false,false,false,false,false,false,false,security_type=etf;symbol_not_4_digit
2025-12-19,00895,富邦未來車,listed,38.44,38.48,38.33,38.46,0.5,1.3172,341283,13106780,761,TWSE,etf,false,true,false,false,false,false,false,false,false,security_type=etf;symbol_not_4_digit
2025-12-19,00896,中信綠能及電動車,listed,18.39,18.58,18.39,18.55,0.24,1.3108,1889677,34955604,800,TWSE,etf,false,true,false,false,false,false,false,false,false,security_type=etf;symbol_not_4_digit
2025-12-19,00897,富邦基因免疫生技,listed,8.64,8.66,8.63,8.65,0.0,0.0,310185,2681801,155,TWSE,etf,false,true,false,false,false,false,false,false,false,security_type=etf;symbol_not_4_digit
2025-12-19,00898,國泰基因免疫革命,listed,7.77,7.8,7.76,7.78,-0.01,-0.1284,253636,1973597,152,TWSE,etf,false,true,false,false,false,false,false,false,false,security_type=etf;symbol_not_4_digit
2025-12-19,00899,FT潔淨能源,listed,20.01,20.12,20.01,20.09,0.14,0.7018,112869,2267783,106,TWSE,other,false,false,false,false,false,false,false,false,false,symbol_not_4_digit
2025-12-19,00900,富邦特選高股息30,listed,13.55,13.65,13.54,13.64,0.12,0.8876,23351135,318043895,3500,TWSE,etf,false,true,false,false,false,false,false,false,false,security_type=etf;symbol_not_4_digit
2025-12-19,00901,永豐智能車供應鏈,listed,23.83,23.92,23.8,23.85,0.29,1.2309,272111,6492675,273,TWSE,etf,false,true,false,false,false,false,false,false,false,security_type=etf;symbol_not_4_digit
2025-12-19,00902,中信電池及儲能,listed,12.74,12.77,12.65,12.76,-0.01,-0.0783,1857963,23637587,641,TWSE,etf,false,true,false,false,false,false,false,false,false,security_type=etf;symbol_not_4_digit
2025-12-19,00903,富邦元宇宙,listed,17.23,17.29,17.22,17.28,0.18,1.0526,163798,2825642,105,TWSE,etf,false,true,false,false,false,false,false,false,false,security_type=etf;symbol_not_4_digit
2025-12-19,00904,台新臺灣半導體30,listed,22.03,22.05,21.83,21.88,0.11,0.5053,1806741,39675657,496,TWSE,other,false,false,false,false,false,false,false,false,false,symbol_not_4_digit
2025-12-19,00905,FT臺灣Smart,listed,16.72,16.82,16.72,16.8,0.18,1.083,1305050,21884560,596,TWSE,other,false,false,false,false,false,false,false,false,false,symbol_not_4_digit
2025-12-19,00907,永豐優息存股,listed,15.28,15.43,15.27,15.42,0.15,0.9823,985235,15138938,354,TWSE,etf,false,true,false,false,false,false,false,false,false,security_type=etf;symbol_not_4_digit
2025-12-19,00908,富邦入息REITs+,listed,13.76,13.78,13.75,13.77,0.01,0.0727,167372,2304060,80,TWSE,etf,false,true,false,false,false,false,false,false,false,security_type=etf;symbol_not_4_digit
2025-12-19,00909,國泰數位支付服務,listed,38.38,38.76,38.38,38.73,0.5,1.3079,3320650,128120073,2432,TWSE,etf,false,true,false,false,false,false,false,false,false,security_type=etf;symbol_not_4_digit
2025-12-19,00910,第一金太空衛星,listed,40.59,40.9,40.56,40.89,0.94,2.3529,514918,20976263,1453,TWSE,other,false,false,false,false,false,false,false,false,false,symbol_not_4_digit
2025-12-19,00911,兆豐洲際半導體,listed,31.85,32.22,31.85,32.16,0.51,1.6114,478443,15400411,1840,TWSE,etf,false,true,false,false,false,false,false,false,false,security_type=etf;symbol_not_4_digit
2025-12-19,00912,中信臺灣智慧50,listed,20.73,20.92,20.73,20.86,0.21,1.0169,281474,5873756,196,TWSE,etf,false,true,false,false,false,false,false,false,false,security_type=etf;symbol_not_4_digit
2025-12-19,00913,兆豐台灣晶圓製造,listed,24.02,24.02,23.86,23.9,0.27,1.1426,106124,2532559,21,TWSE,etf,false,true,false,false,false,false,false,false,false,security_type=etf;symbol_not_4_digit
2025-12-19,00915,凱基優選高股息30,listed,22.7,22.97,22.7,22.96,0.26,1.1454,6145276,140523911,2134,TWSE,etf,false,true,false,false,false,false,false,false,false,security_type=etf;symbol_not_4_digit
2025-12-19,00916,國泰全球品牌50,listed,27.24,27.4,27.24,27.39,0.24,0.884,132750,3630412,261,TWSE,etf,false,true,false,false,false,false,false,false,false,security_type=etf;symbol_not_4_digit
2025-12-19,00917,中信特選金融,listed,25.08,25.08,25.02,25.08,0.0,0.0,365167,9150284,159,TWSE,etf,false,true,false,false,false,false,false,false,false,security_type=etf;symbol_not_4_digit
2025-12-19,00918,大華優利高填息30,listed,22.27,22.38,22.26,22.38,0.18,0.8108,18543350,413979032,5194,TWSE,other,false,false,false,false,false,false,false,false,false,symbol_not_4_digit
2025-12-19,00919,群益台灣精選高息,listed,22.15,22.32,22.15,22.31,0.16,0.7223,110241657,2451525071,22114,TWSE,etf,false,true,false,false,false,false,false,false,false,security_type=etf;symbol_not_4_digit
2025-12-19,00920,富邦ESG綠色電力,listed,17.87,17.99,17.87,17.97,0.24,1.3536,49321,885231,93,TWSE,etf,false,true,false,false,false,false,false,false,false,security_type=etf;symbol_not_4_digit
2025-12-19,00921,兆豐龍頭等權重,listed,17.33,17.46,17.33,17.44,0.18,1.0429,536891,9347555,165,TWSE,etf,false,true,false,false,false,false,false,false,false,security_type=etf;symbol_not_4_digit
2025-12-19,00922,國泰台灣領袖50,listed,24.81,24.99,24.81,24.91,0.29,1.1779,7135225,177683861,2475,TWSE,etf,false,true,false,false,false,false,false,false,false,security_type=etf;symbol_not_4_digit
2025-12-19,00923,群益台ESG低碳50,listed,24.91,25.03,24.91,24.95,0.25,1.0121,2439976,60949163,987,TWSE,etf,false,true,false,false,false,false,false,false,false,security_type=etf;symbol_not_4_digit
2025-12-19,00924,復華S&P500成長,listed,28.8,28.82,28.75,28.79,0.27,0.9467,5136183,147867539,1238,TWSE,etf,false,true,false,false,false,false,false,false,false,security_type=etf;symbol_not_4_digit
2025-12-19,00926,凱基全球菁英55,listed,22.76,22.96,22.76,22.94,0.22,0.9683,1041313,23857474,385,TWSE,etf,false,true,false,false,false,false,false,false,false,security_type=etf;symbol_not_4_digit
2025-12-19,00927,群益半導體收益,listed,20.85,20.86,20.72,20.77,0.11,0.5324,2594083,53843641,520,TWSE,etf,false,true,false,false,false,false,false,false,false,security_type=etf;symbol_not_4_digit
2025-12-19,00929,復華台灣科技優息,listed,17.66,17.75,17.65,17.72,0.11,0.6246,12138252,214773333,3426,TWSE,etf,false,true,false,false,false,false,false,false,false,security_type=etf;symbol_not_4_digit
2025-12-19,00930,永豐ESG低碳高息,listed,17.13,17.19,17.1,17.19,0.13,0.762,1349753,23142746,357,TWSE,etf,false,true,false,false,false,false,false,false,false,security_type=etf;symbol_not_4_digit
2025-12-19,00932,兆豐永續高息等權,listed,14.12,14.15,14.09,14.14,0.06,0.4261,440660,6221019,248,TWSE,etf,false,true,false,false,false,false,false,false,false,security_type=etf;symbol_not_4_digit
2025-12-19,00934,中信成長高股息,listed,20.22,20.35,20.22,20.34,0.18,0.8929,1304340,26458131,689,TWSE,etf,false,true,false,false,false,false,false,false,false,security_type=etf;symbol_not_4_digit
2025-12-19,00935,野村臺灣新科技50,listed,28.78,29.01,28.78,28.9,0.3,1.049,1534248,44326979,929,TWSE,other,false,false,false,false,false,false,false,false,false,symbol_not_4_digit
2025-12-19,00936,台新永續高息中小,listed,15.61,15.79,15.61,15.79,0.29,1.871,1359247,21371907,584,TWSE,other,false,false,false,false,false,false,false,false,false,symbol_not_4_digit
2025-12-19,00938,凱基優選30,listed,17.04,17.14,17.04,17.06,0.12,0.7084,963375,16454663,295,TWSE,etf,false,true,false,false,false,false,false,false,false,security_type=etf;symbol_not_4_digit
2025-12-19,00939,統一台灣高息動能,listed,14.47,14.6,14.47,14.59,0.15,1.0388,17312768,252068210,2986,TWSE,etf,false,true,false,false,false,false,false,false,false,security_type=etf;symbol_not_4_digit
2025-12-19,00940,元大台灣價值高息,listed,9.18,9.23,9.17,9.22,0.05,0.5453,16273006,149701407,2876,TWSE,etf,false,true,false,false,false,false,false,false,false,security_type=etf;symbol_not_4_digit
2025-12-19,00941,中信上游半導體,listed,16.98,17.05,16.98,17.02,0.17,1.0089,1457453,24804436,497,TWSE,etf,false,true,false,false,false,false,false,false,false,security_type=etf;symbol_not_4_digit
2025-12-19,00943,兆豐電子高息等權,listed,14.24,14.24,14.15,14.18,0.05,0.3539,40897,579346,86,TWSE,etf,false,true,false,false,false,false,false,false,false,security_type=etf;symbol_not_4_digit
2025-12-19,00944,野村趨勢動能高息,listed,14.33,14.41,14.33,14.4,0.14,0.9818,508601,7317984,233,TWSE,other,false,false,false,false,false,false,false,false,false,symbol_not_4_digit
2025-12-19,00945B,凱基美國非投等債,listed,14.51,14.52,14.49,14.5,0.02,0.1381,5905160,85615960,462,TWSE,bond_etf,false,true,true,true,false,false,false,false,false,security_type=bond_etf;symbol_not_4_digit
2025-12-19,00946,群益科技高息成長,listed,9.61,9.61,9.56,9.59,0.01,0.1044,5272909,50524134,1116,TWSE,etf,false,true,false,false,false,false,false,false,false,security_type=etf;symbol_not_4_digit
2025-12-19,00947,台新臺灣IC設計,listed,17.8,17.8,17.51,17.54,0.05,0.2859,772617,13599449,252,TWSE,other,false,false,false,false,false,false,false,false,false,symbol_not_4_digit
2025-12-19,00949,復華日本龍頭,listed,18.33,18.47,18.33,18.4,0.08,0.4367,807747,14860917,338,TWSE,etf,false,true,false,false,false,false,false,false,false,security_type=etf;symbol_not_4_digit
2025-12-19,00951,台新日本半導體,listed,10.82,10.85,10.79,10.81,0.11,1.028,1515711,16414515,321,TWSE,other,false,false,false,false,false,false,false,false,false,symbol_not_4_digit
2025-12-19,00952,凱基台灣AI50,listed,11.41,11.5,11.41,11.48,0.16,1.4134,1266773,14529239,350,TWSE,etf,false,true,false,false,false,false,false,false,false,security_type=etf;symbol_not_4_digit
2025-12-19,00953B,群益優選非投等債,listed,9.75,9.75,9.73,9.75,0.03,0.3086,16795544,163597183,3093,TWSE,bond_etf,false,true,true,true,false,false,false,false,false,security_type=bond_etf;symbol_not_4_digit
2025-12-19,00954,中信日本半導體,listed,11.59,11.61,11.55,11.58,0.14,1.2238,730429,8463182,519,TWSE,etf,false,true,false,false,false,false,false,false,false,security_type=etf;symbol_not_4_digit
2025-12-19,00956,中信日經高股息,listed,11.4,11.4,11.37,11.4,0.05,0.4405,153702,1750609,148,TWSE,etf,false,true,false,false,false,false,false,false,false,security_type=etf;symbol_not_4_digit
2025-12-19,00960,野村全球航運龍頭,listed,14.21,14.22,14.17,14.22,0.01,0.0704,521874,7414933,238,TWSE,other,false,false,false,false,false,false,false,false,false,symbol_not_4_digit
2025-12-19,00961,FT臺灣永續高息,listed,9.26,9.32,9.25,9.32,0.09,0.9751,1936097,17970207,318,TWSE,other,false,false,false,false,false,false,false,false,false,symbol_not_4_digit
2025-12-19,00962,台新AI優息動能,listed,10.49,10.58,10.49,10.58,0.15,1.4382,124150,1309031,129,TWSE,other,false,false,false,false,false,false,false,false,false,symbol_not_4_digit
2025-12-19,00963,中信全球高股息,listed,11.32,11.34,11.32,11.33,0.01,0.0883,484199,5483003,238,TWSE,etf,false,true,false,false,false,false,false,false,false,security_type=etf;symbol_not_4_digit
2025-12-19,00964,中信亞太高股息,listed,11.21,11.26,11.2,11.25,0.09,0.8065,961652,10798193,174,TWSE,etf,false,true,false,false,false,false,false,false,false,security_type=etf;symbol_not_4_digit
2025-12-19,00965,元大航太防衛科技,listed,22.47,22.56,22.46,22.53,0.31,1.3951,4447140,100128154,1804,TWSE,etf,false,true,false,false,false,false,false,false,false,security_type=etf;symbol_not_4_digit
2025-12-19,00971,野村美國研發龍頭,listed,15.75,15.9,15.75,15.88,0.19,1.211,1060239,16823405,420,TWSE,other,false,false,false,false,false,false,false,false,false,symbol_not_4_digit
2025-12-19,00972,野村日本動能高息,listed,17.9,18.06,17.9,18.05,0.13,0.7254,525349,9461186,144,TWSE,other,false,false,false,false,false,false,false,false,false,symbol_not_4_digit
2025-12-19,009800,中信NASDAQ,listed,10.97,11.04,10.96,11.04,0.16,1.4706,1388267,15295366,572,TWSE,etf,false,true,false,false,false,false,false,false,false,security_type=etf;symbol_not_4_digit
2025-12-19,009801,中信美國創新科技,listed,11.0,11.06,11.0,11.05,0.14,1.2832,555866,6132691,311,TWSE,etf,false,true,false,false,false,false,false,false,false,security_type=etf;symbol_not_4_digit
2025-12-19,009802,富邦旗艦50,listed,10.9,11.02,10.9,10.99,0.15,1.3838,2224559,24413657,669,TWSE,etf,false,true,false,false,false,false,false,false,false,security_type=etf;symbol_not_4_digit
2025-12-19,009803,玉山市值動能50,listed,12.32,12.41,12.32,12.37,0.16,1.3104,2999204,37119410,574,TWSE,other,false,false,false,false,false,false,false,false,false,symbol_not_4_digit
2025-12-19,009804,聯邦台精彩50,listed,14.11,14.24,14.11,14.21,0.17,1.2108,544104,7728785,159,TWSE,other,false,false,false,false,false,false,false,false,false,symbol_not_4_digit
2025-12-19,009805,台新美國電力基建,listed,12.34,12.34,12.27,12.31,0.09,0.7365,3600685,44295661,1295,TWSE,other,false,false,false,false,false,false,false,false,false,symbol_not_4_digit
2025-12-19,009808,華南永昌優選50,listed,19.03,19.11,19.01,19.05,0.19,1.0074,973603,18561703,50,TWSE,other,false,false,false,false,false,false,false,false,false,symbol_not_4_digit
2025-12-19,009809,富邦淨零ESG50,listed,10.33,10.36,10.32,10.33,0.12,1.1753,1697163,17555686,73,TWSE,etf,false,true,false,false,false,false,false,false,false,security_type=etf;symbol_not_4_digit
2025-12-19,00980A,主動野村臺灣優選,listed,14.63,14.74,14.63,14.71,0.23,1.5884,14701846,215894324,2108,TWSE,etf,false,true,true,false,false,false,false,false,false,security_type=etf;symbol_not_4_digit
2025-12-19,009810,玉山全球藍籌100,listed,18.29,18.33,18.26,18.31,0.14,0.7705,183207,3350918,84,TWSE,other,false,false,false,false,false,false,false,false,false,symbol_not_4_digit
2025-12-19,009811,統一美國50,listed,11.58,11.63,11.58,11.61,0.08,0.6938,2839701,32962278,975,TWSE,etf,false,true,false,false,false,false,false,false,false,security_type=etf;symbol_not_4_digit
2025-12-19,009812,野村日本東證,listed,10.66,10.71,10.64,10.67,0.07,0.6604,2717194,29013086,220,TWSE,other,false,false,false,false,false,false,false,false,false,symbol_not_4_digit
2025-12-19,009813,貝萊德標普卓越50,listed,10.45,10.46,10.42,10.45,0.09,0.8687,5831958,60928261,954,TWSE,other,false,false,false,false,false,false,false,false,false,symbol_not_4_digit
2025-12-19,00981A,主動統一台股增長,listed,15.9,16.04,15.87,15.99,0.29,1.8471,97380161,1555461172,16754,TWSE,etf,false,true,true,false,false,false,false,false,false,security_type=etf;symbol_not_4_digit
2025-12-19,00981T,平衡凱基雙核收息,listed,10.48,10.52,10.48,10.48,0.03,0.2871,7188365,75512684,489,TWSE,etf,false,true,true,false,false,false,false,false,false,security_type=etf;symbol_not_4_digit
2025-12-19,00982A,主動群益台灣強棒,listed,13.7,13.85,13.7,13.83,0.29,2.1418,30069586,414772851,6014,TWSE,etf,false,true,true,false,false,false,false,false,false,security_type=etf;symbol_not_4_digit
2025-12-19,00982D,主動富邦動態入息,listed,10.19,10.2,10.18,10.18,0.01,0.0983,5587547,56937220,174,TWSE,etf,false,true,true,false,false,false,false,false,false,security_type=etf;symbol_not_4_digit
2025-12-19,00983A,主動中信ARK創新,listed,12.04,12.08,12.01,12.04,0.09,0.7531,1783833,21473526,641,TWSE,etf,false,true,true,false,false,false,false,false,false,security_type=etf;symbol_not_4_digit
2025-12-19,00983D,主動富邦複合收益,listed,10.3,10.3,10.25,10.26,-0.02,-0.1946,1479363,15193277,120,TWSE,etf,false,true,true,false,false,false,false,false,false,security_type=etf;symbol_not_4_digit
2025-12-19,00984A,主動安聯台灣高息,listed,10.72,10.81,10.72,10.79,0.12,1.1246,6061446,65318762,1106,TWSE,etf,false,true,true,false,false,false,false,false,false,security_type=etf;symbol_not_4_digit
2025-12-19,00985A,主動野村台灣50,listed,12.8,12.89,12.79,12.85,0.14,1.1015,7007377,90019436,1674,TWSE,etf,false,true,true,false,false,false,false,false,false,security_type=etf;symbol_not_4_digit
2025-12-19,00985B,群益ESG投等債0-5,listed,10.33,10.35,10.32,10.35,0.02,0.1936,3409528,35246736,344,TWSE,bond_etf,false,true,true,true,false,false,false,false,false,security_type=bond_etf;symbol_not_4_digit
2025-12-19,00986A,主動台新龍頭成長,listed,11.1,11.23,11.05,11.21,0.13,1.1733,3567310,39762935,348,TWSE,etf,false,true,true,false,false,false,false,false,false,security_type=etf;symbol_not_4_digit
2025-12-19,00988A,主動統一全球創新,listed,9.64,9.73,9.63,9.72,0.21,2.2082,11386070,110377982,2036,TWSE,etf,false,true,true,false,false,false,false,false,false,security_type=etf;symbol_not_4_digit
2025-12-19,00989A,主動摩根美國科技,listed,14.89,14.97,14.87,14.94,0.22,1.4946,1458852,21763451,417,TWSE,etf,false,true,true,false,false,false,false,false,false,security_type=etf;symbol_not_4_digit
2025-12-19,00991A,主動復華未來50,listed,9.82,9.88,9.81,9.84,0.18,1.8634,178313240,1756569741,26459,TWSE,etf,false,true,true,false,false,false,false,false,false,security_type=etf;symbol_not_4_digit
2025-12-19,01001T,土銀富邦R1,listed,11.6,11.6,11.6,11.6,0.11,0.9574,34400,399200,5,TWSE,etf,false,true,true,false,false,false,false,false,false,security_type=etf;symbol_not_4_digit
2025-12-19,01002T,土銀國泰R1,listed,14.5,14.5,14.5,14.5,0.0,0.0,13000,188500,6,TWSE,etf,false,true,true,false,false,false,false,false,false,security_type=etf;symbol_not_4_digit
2025-12-19,01004T,土銀富邦R2,listed,10.66,10.79,10.66,10.79,0.13,1.2195,43744,467089,9,TWSE,etf,false,true,true,false,false,false,false,false,false,security_type=etf;symbol_not_4_digit
2025-12-19,01007T,兆豐國泰R2,listed,13.33,13.34,13.33,13.34,0.01,0.075,179360,2391704,13,TWSE,etf,false,true,true,false,false,false,false,false,false,security_type=etf;symbol_not_4_digit
2025-12-19,01009T,王道圓滿R1,listed,6.89,6.92,6.89,6.92,0.03,0.4354,4000,27590,2,TWSE,warrant,false,false,true,false,false,false,false,false,false,security_type=warrant;symbol_not_4_digit
2025-12-19,01010T,京城樂富R1,listed,9.98,10.02,9.98,10.02,-0.01,-0.0997,6000,59940,5,TWSE,warrant,false,false,true,false,false,false,false,false,false,security_type=warrant;symbol_not_4_digit
2025-12-19,020000,富邦特選蘋果N,listed,,,,,0.0,,0,0,0,TWSE,etf,false,true,false,false,false,false,false,false,false,security_type=etf;symbol_not_4_digit;invalid_close;invalid_volume;invalid_turnover
2025-12-19,020011,統一微波高息20N,listed,,,,,0.0,,0,0,0,TWSE,etf,false,true,false,false,false,false,false,false,false,security_type=etf;symbol_not_4_digit;invalid_close;invalid_volume;invalid_turnover
2025-12-19,020012,富邦行動通訊N,listed,,,,,0.0,,0,0,0,TWSE,etf,false,true,false,false,false,false,false,false,false,security_type=etf;symbol_not_4_digit;invalid_close;invalid_volume;invalid_turnover
2025-12-19,02001L,富邦蘋果正二N,listed,43.8,44.34,43.67,44.34,1.74,4.0845,45000,1976780,24,TWSE,etf,false,true,true,false,false,false,false,false,false,security_type=etf;symbol_not_4_digit
2025-12-19,02001R,富邦蘋果反一N,listed,0.93,0.93,0.92,0.92,-0.01,-1.0753,6000,5550,2,TWSE,etf,false,true,true,false,false,false,false,false,false,security_type=etf;symbol_not_4_digit
2025-12-19,020020,元大台股領航N,listed,15.02,15.06,15.02,15.06,0.19,1.2777,29000,436300,6,TWSE,etf,false,true,false,false,false,false,false,false,false,security_type=etf;symbol_not_4_digit
2025-12-19,020028,元大特選電動車N,listed,12.4,12.4,12.4,12.4,0.23,1.8899,13000,161200,4,TWSE,etf,false,true,false,false,false,false,false,false,false,security_type=etf;symbol_not_4_digit
2025-12-19,020029,元大ESG高股息N,listed,9.63,9.65,9.63,9.64,0.03,0.3122,41000,395560,7,TWSE,etf,false,true,false,false,false,false,false,false,false,security_type=etf;symbol_not_4_digit
2025-12-19,020030,統一智慧電動車N,listed,8.55,8.55,8.55,8.55,0.15,1.7857,20000,171000,1,TWSE,etf,false,true,false,false,false,false,false,false,false,security_type=etf;symbol_not_4_digit
2025-12-19,020031,統一IC設計臺灣N,listed,6.01,6.01,6.01,6.01,-0.03,-0.4967,1000,6010,1,TWSE,etf,false,true,false,false,false,false,false,false,false,security_type=etf;symbol_not_4_digit
2025-12-19,020032,元大綠能N,listed,,,,,0.0,,0,0,0,TWSE,etf,false,true,false,false,false,false,false,false,false,security_type=etf;symbol_not_4_digit;invalid_close;invalid_volume;invalid_turnover
2025-12-19,020034,元大IC設計N,listed,7.4,7.4,7.34,7.34,0.03,0.4104,13000,95500,7,TWSE,etf,false,true,false,false,false,false,false,false,false,security_type=etf;symbol_not_4_digit
2025-12-19,020036,元大金融配息N,listed,7.53,7.53,7.53,7.53,0.0,0.0,4000,30120,1,TWSE,etf,false,true,false,false,false,false,false,false,false,security_type=etf;symbol_not_4_digit
2025-12-19,020037,元大金融高股息N,listed,8.4,8.4,8.4,8.4,0.03,0.3584,1000,8400,1,TWSE,etf,false,true,false,false,false,false,false,false,false,security_type=etf;symbol_not_4_digit
2025-12-19,020038,元大ESG配息N,listed,7.44,7.44,7.44,7.44,0.0,0.0,10000,74400,1,TWSE,etf,false,true,false,false,false,false,false,false,false,security_type=etf;symbol_not_4_digit
2025-12-19,020039,元大加權N,listed,8.77,8.8,8.77,8.8,0.12,1.3825,13000,114100,3,TWSE,etf,false,true,false,false,false,false,false,false,false,security_type=etf;symbol_not_4_digit
2025-12-19,1101,台泥,listed,22.35,22.7,22.15,22.5,0.3,1.3514,39193167,880408999,6697,TWSE,common_stock,true,false,false,false,false,false,false,false,true,
2025-12-19,1101B,台泥乙特,listed,45.4,45.5,45.35,45.5,0.0,0.0,10630,482411,12,TWSE,warrant,false,false,true,false,false,false,false,false,false,security_type=warrant;symbol_not_4_digit
2025-12-19,1102,亞泥,listed,36.3,36.85,35.95,35.95,-0.35,-0.9642,30663187,1111886806,9801,TWSE,common_stock,true,false,false,false,false,false,false,false,true,
2025-12-19,1103,嘉泥,listed,13.9,14.2,13.9,14.2,0.3,2.1583,1288382,18259111,239,TWSE,common_stock,true,false,false,false,false,false,false,false,true,
2025-12-19,1104,環泥,listed,30.15,30.4,30.15,30.4,0.25,0.8292,488678,14831846,234,TWSE,common_stock,true,false,false,false,false,false,false,false,true,
2025-12-19,1108,幸福,listed,14.95,15.0,14.9,14.95,0.0,0.0,76308,1141044,38,TWSE,common_stock,true,false,false,false,false,false,false,false,true,
2025-12-19,1109,信大,listed,15.5,15.6,15.5,15.6,0.05,0.3215,129084,2006869,101,TWSE,common_stock,true,false,false,false,false,false,false,false,true,
2025-12-19,1110,東泥,listed,16.4,16.5,16.3,16.5,0.1,0.6098,183306,3002192,117,TWSE,common_stock,true,false,false,false,false,false,false,false,true,
2025-12-19,1201,味全,listed,14.7,14.8,14.7,14.75,0.05,0.3401,182926,2700408,156,TWSE,common_stock,true,false,false,false,false,false,false,false,true,
2025-12-19,1203,味王,listed,39.5,39.8,39.5,39.8,-0.1,-0.2506,5059,200270,73,TWSE,common_stock,true,false,false,false,false,false,false,false,true,
2025-12-19,1210,大成,listed,50.7,51.7,50.6,51.6,1.0,1.9763,2757394,141864786,1466,TWSE,common_stock,true,false,false,false,false,false,false,false,true,
2025-12-19,1213,大飲,listed,11.1,11.1,10.55,10.85,-0.25,-2.2523,19735,214714,22,TWSE,common_stock,true,false,false,false,false,false,false,false,true,
2025-12-19,1215,卜蜂,listed,135.0,139.0,135.0,136.5,0.5,0.3676,5145172,706744554,3211,TWSE,common_stock,true,false,false,false,false,false,false,false,true,
2025-12-19,1216,統一,listed,78.4,80.0,76.0,78.4,-0.6,-0.7595,45938179,3612340106,24854,TWSE,etf,false,true,false,false,false,false,false,false,false,security_type=etf
2025-12-19,1217,愛之味,listed,10.5,10.6,10.5,10.55,0.05,0.4762,376194,3962139,245,TWSE,common_stock,true,false,false,false,false,false,false,false,true,
2025-12-19,1218,泰山,listed,18.0,18.15,18.0,18.15,0.1,0.554,192468,3479391,191,TWSE,common_stock,true,false,false,false,false,false,false,false,true,
2025-12-19,1219,福壽,listed,13.45,13.6,13.4,13.6,0.1,0.7407,243216,3275625,167,TWSE,common_stock,true,false,false,false,false,false,false,false,true,
2025-12-19,1220,台榮,listed,12.45,12.55,12.45,12.55,0.05,0.4,122106,1525282,54,TWSE,common_stock,true,false,false,false,false,false,false,false,true,
2025-12-19,1225,福懋油,listed,29.55,29.75,29.5,29.5,-0.05,-0.1692,44821,1324703,111,TWSE,common_stock,true,false,false,false,false,false,false,false,true,
2025-12-19,1227,佳格,listed,30.4,30.85,30.4,30.85,0.35,1.1475,493188,15159113,397,TWSE,common_stock,true,false,false,false,false,false,false,false,true,
2025-12-19,1229,聯華,listed,46.75,48.8,46.55,48.4,1.55,3.3084,4030643,192896853,2796,TWSE,common_stock,true,false,false,false,false,false,false,false,true,
2025-12-19,1231,聯華食,listed,97.8,99.0,97.3,98.4,0.0,0.0,178554,17574081,402,TWSE,common_stock,true,false,false,false,false,false,false,false,true,
2025-12-19,1232,大統益,listed,144.0,145.0,144.0,145.0,0.5,0.346,19161,2771491,72,TWSE,common_stock,true,false,false,false,false,false,false,false,true,
2025-12-19,1233,天仁,listed,32.1,32.1,31.8,31.8,-0.3,-0.9346,7033,224541,10,TWSE,common_stock,true,false,false,false,false,false,false,false,true,
2025-12-19,1234,黑松,listed,37.9,37.95,37.75,37.8,-0.3,-0.7874,93900,3553955,208,TWSE,common_stock,true,false,false,false,false,false,false,false,true,
2025-12-19,1235,興泰,listed,47.25,47.8,47.2,47.5,0.3,0.6356,9770,462687,32,TWSE,common_stock,true,false,false,false,false,false,false,false,true,
2025-12-19,1236,宏亞,listed,25.7,25.85,25.5,25.6,0.15,0.5894,36802,941406,51,TWSE,common_stock,true,false,false,false,false,false,false,false,true,
2025-12-19,1256,鮮活果汁-KY,listed,141.0,141.0,136.5,137.5,0.5,0.365,25898,3553969,79,TWSE,common_stock,true,false,false,false,false,false,false,false,true,
2025-12-19,1301,台塑,listed,40.0,40.25,39.8,40.0,0.35,0.8827,10353201,414097552,4603,TWSE,common_stock,true,false,false,false,false,false,false,false,true,
2025-12-19,1303,南亞,listed,58.4,61.4,57.8,59.9,2.5,4.3554,126489251,7600409371,56741,TWSE,common_stock,true,false,false,false,false,false,false,false,true,
2025-12-19,1304,台聚,listed,11.05,11.25,11.05,11.05,0.05,0.4545,2180506,24238676,746,TWSE,common_stock,true,false,false,false,false,false,false,false,true,
2025-12-19,1305,華夏,listed,11.1,11.3,11.1,11.15,0.05,0.4505,598517,6670802,401,TWSE,common_stock,true,false,false,false,false,false,false,false,true,
2025-12-19,1307,三芳,listed,33.1,34.2,33.1,33.7,0.6,1.8127,2934934,99448114,1723,TWSE,common_stock,true,false,false,false,false,false,false,false,true,
2025-12-19,1308,亞聚,listed,13.25,13.4,13.15,13.3,0.15,1.1407,892426,11834255,370,TWSE,common_stock,true,false,false,false,false,false,false,false,true,
2025-12-19,1309,台達化,listed,11.1,11.3,11.1,11.15,0.1,0.905,687931,7735411,448,TWSE,common_stock,true,false,false,false,false,false,false,false,true,
2025-12-19,1310,台苯,listed,8.58,8.58,8.45,8.45,-0.01,-0.1182,708011,6002358,490,TWSE,common_stock,true,false,false,false,false,false,false,false,true,
2025-12-19,1312,國喬,listed,11.5,11.85,11.5,11.55,0.05,0.4348,2390688,27825166,931,TWSE,common_stock,true,false,false,false,false,false,false,false,true,
2025-12-19,1312A,國喬特,listed,22.15,22.15,22.15,22.15,0.0,0.0,1000,22150,1,TWSE,warrant,false,false,true,false,false,false,false,false,false,security_type=warrant;symbol_not_4_digit
2025-12-19,1313,聯成,listed,10.25,10.45,10.25,10.45,0.1,0.9662,1347040,13996055,471,TWSE,common_stock,true,false,false,false,false,false,false,false,true,
2025-12-19,1314,中石化,listed,7.84,7.99,7.84,7.91,0.1,1.2804,15437354,122541528,3684,TWSE,common_stock,true,false,false,false,false,false,false,false,true,
2025-12-19,1315,達新,listed,64.2,64.2,64.0,64.1,0.0,0.0,6130,393114,31,TWSE,common_stock,true,false,false,false,false,false,false,false,true,
2025-12-19,1316,上曜,listed,15.7,16.9,15.65,16.4,0.8,5.1282,16071914,263686321,6174,TWSE,common_stock,true,false,false,false,false,false,false,false,true,
2025-12-19,1319,東陽,listed,96.3,96.3,93.8,94.7,-0.5,-0.5252,3423588,324609635,12025,TWSE,common_stock,true,false,false,false,false,false,false,false,true,
2025-12-19,1321,大洋,listed,34.85,35.15,34.85,35.05,0.05,0.1429,117434,4110525,67,TWSE,common_stock,true,false,false,false,false,false,false,false,true,
2025-12-19,1323,永裕,listed,19.55,19.55,19.55,19.55,0.0,0.0,13087,255845,12,TWSE,common_stock,true,false,false,false,false,false,false,false,true,
2025-12-19,1324,地球,listed,10.5,10.5,10.4,10.5,-0.05,-0.4739,42178,441786,155,TWSE,common_stock,true,false,false,false,false,false,false,false,true,
2025-12-19,1325,恆大,listed,31.05,31.3,31.05,31.1,-0.1,-0.3205,172378,5371117,108,TWSE,common_stock,true,false,false,false,false,false,false,false,true,
2025-12-19,1326,台化,listed,31.8,32.45,31.7,32.3,0.6,1.8927,8208258,264260159,3948,TWSE,common_stock,true,false,false,false,false,false,false,false,true,
2025-12-19,1337,再生-KY,listed,4.92,4.92,4.87,4.9,0.01,0.2045,141128,691932,109,TWSE,common_stock,true,false,false,false,false,false,false,false,true,
2025-12-19,1338,廣華-KY,listed,20.4,20.4,20.2,20.35,0.05,0.2463,40583,824923,72,TWSE,common_stock,true,false,false,false,false,false,false,false,true,
2025-12-19,1339,昭輝,listed,44.55,44.55,44.2,44.3,-0.2,-0.4494,18267,808790,33,TWSE,common_stock,true,false,false,false,false,false,false,false,true,
2025-12-19,1340,勝悅-KY,listed,7.27,7.6,7.25,7.34,0.07,0.9629,247191,1840804,224,TWSE,common_stock,true,false,false,false,false,false,false,false,true,
2025-12-19,1341,富林-KY,listed,58.5,58.5,58.4,58.4,0.2,0.3436,7136,417308,11,TWSE,common_stock,true,false,false,false,false,false,false,false,true,
2025-12-19,1342,八貫,listed,87.4,87.9,87.2,87.9,1.0,1.1507,87122,7632576,101,TWSE,common_stock,true,false,false,false,false,false,false,false,true,
2025-12-19,1402,遠東新,listed,27.8,28.25,27.8,28.25,0.35,1.2545,19785916,558457099,1978,TWSE,common_stock,true,false,false,false,false,false,false,false,true,
2025-12-19,1409,新纖,listed,15.25,15.65,15.2,15.4,0.1,0.6536,4755902,73452294,1712,TWSE,common_stock,true,false,false,false,false,false,false,false,true,
2025-12-19,1410,南染,listed,34.0,34.4,34.0,34.1,-0.4,-1.1594,6318,215597,14,TWSE,common_stock,true,false,false,false,false,false,false,false,true,
2025-12-19,1413,宏洲,listed,10.0,10.3,9.97,10.0,-0.25,-2.439,204279,2042939,55,TWSE,common_stock,true,false,false,false,false,false,false,false,true,
2025-12-19,1414,東和,listed,17.0,17.15,16.7,16.75,-0.3,-1.7595,484583,8188975,372,TWSE,common_stock,true,false,false,false,false,false,false,false,true,
2025-12-19,1416,廣豐,listed,11.75,11.75,11.65,11.65,-0.05,-0.4274,97952,1145968,68,TWSE,common_stock,true,false,false,false,false,false,false,false,true,
2025-12-19,1417,嘉裕,listed,9.04,9.1,9.0,9.02,-0.02,-0.2212,154135,1397356,148,TWSE,common_stock,true,false,false,false,false,false,false,false,true,
2025-12-19,1418,東華,listed,19.25,19.25,19.25,19.25,-0.2,-1.0283,2169,41796,17,TWSE,common_stock,true,false,false,false,false,false,false,false,true,
2025-12-19,1419,新紡,listed,72.0,72.0,70.9,71.5,0.0,0.0,167222,11931822,419,TWSE,common_stock,true,false,false,false,false,false,false,false,true,
2025-12-19,1423,利華,listed,38.1,38.5,38.0,38.5,-0.1,-0.2591,25938,992185,23,TWSE,common_stock,true,false,false,false,false,false,false,false,true,
2025-12-19,1432,大魯閣,listed,18.1,18.25,18.0,18.2,0.15,0.831,76079,1379732,163,TWSE,common_stock,true,false,false,false,false,false,false,false,true,
2025-12-19,1434,福懋,listed,15.6,16.05,15.6,15.9,0.3,1.9231,2290628,36374452,871,TWSE,common_stock,true,false,false,false,false,false,false,false,true,
2025-12-19,1435,中福,listed,21.75,21.85,21.75,21.85,-0.25,-1.1312,2410,52599,10,TWSE,common_stock,true,false,false,false,false,false,false,false,true,
2025-12-19,1436,華友聯,listed,60.5,63.1,60.4,62.0,1.4,2.3102,342624,21388974,416,TWSE,common_stock,true,false,false,false,false,false,false,false,true,
2025-12-19,1437,勤益控,listed,34.8,34.8,34.6,34.75,-0.05,-0.1437,74097,2572819,60,TWSE,common_stock,true,false,false,false,false,false,false,false,true,
2025-12-19,1438,三地開發,listed,33.95,33.95,33.2,33.8,0.05,0.1481,21746,729993,49,TWSE,common_stock,true,false,false,false,false,false,false,false,true,
2025-12-19,1439,雋揚,listed,30.0,31.4,29.65,30.9,0.4,1.3115,142324,4321416,132,TWSE,common_stock,true,false,false,false,false,false,false,false,true,
2025-12-19,1440,南紡,listed,13.5,13.65,13.5,13.65,0.15,1.1111,1215702,16532048,408,TWSE,common_stock,true,false,false,false,false,false,false,false,true,
2025-12-19,1441,大東,listed,10.55,10.55,10.5,10.5,-0.05,-0.4739,18533,195293,81,TWSE,common_stock,true,false,false,false,false,false,false,false,true,
2025-12-19,1442,名軒,listed,28.35,29.8,27.85,29.8,1.2,4.1958,8779175,253206835,5208,TWSE,common_stock,true,false,false,false,false,false,false,false,true,
2025-12-19,1443,立益物流,listed,27.4,27.4,27.4,27.4,0.25,0.9208,1000,27400,1,TWSE,common_stock,true,false,false,false,false,false,false,false,true,
2025-12-19,1444,力麗,listed,6.0,6.05,6.0,6.03,-0.01,-0.1656,1494895,9013300,272,TWSE,common_stock,true,false,false,false,false,false,false,false,true,
2025-12-19,1445,大宇,listed,13.1,13.5,13.1,13.45,0.2,1.5094,11016,147711,14,TWSE,common_stock,true,false,false,false,false,false,false,false,true,
2025-12-19,1446,宏和,listed,18.2,18.25,18.0,18.2,0.0,0.0,90288,1640002,70,TWSE,common_stock,true,false,false,false,false,false,false,false,true,
2025-12-19,1447,力鵬,listed,5.54,5.6,5.44,5.44,-0.1,-1.8051,808094,4408914,261,TWSE,common_stock,true,false,false,false,false,false,false,false,true,
2025-12-19,1449,佳和,listed,11.15,11.15,10.95,10.95,-0.1,-0.905,450175,4958775,275,TWSE,common_stock,true,false,false,false,false,false,false,false,true,
2025-12-19,1451,年興,listed,17.4,17.4,17.3,17.4,0.1,0.578,85917,1492183,56,TWSE,common_stock,true,false,false,false,false,false,false,false,true,
2025-12-19,1452,宏益,listed,11.9,12.0,11.9,11.95,0.0,0.0,22055,264211,50,TWSE,common_stock,true,false,false,false,false,false,false,false,true,
2025-12-19,1453,大將,listed,12.65,12.9,12.6,12.7,0.25,2.008,69788,886947,81,TWSE,common_stock,true,false,false,false,false,false,false,false,true,
2025-12-19,1454,台富,listed,13.4,13.4,13.25,13.25,0.25,1.9231,13205,175912,84,TWSE,common_stock,true,false,false,false,false,false,false,false,true,
2025-12-19,1455,集盛,listed,7.74,7.82,7.7,7.77,0.0,0.0,201914,1566336,176,TWSE,common_stock,true,false,false,false,false,false,false,false,true,
2025-12-19,1456,怡華,listed,12.65,13.0,12.65,12.9,0.25,1.9763,217097,2793588,62,TWSE,common_stock,true,false,false,false,false,false,false,false,true,
2025-12-19,1457,宜進,listed,15.65,15.85,15.65,15.7,0.05,0.3195,39685,624658,61,TWSE,common_stock,true,false,false,false,false,false,false,false,true,
2025-12-19,1459,聯發,listed,11.7,11.9,11.7,11.8,0.05,0.4255,50394,595611,28,TWSE,common_stock,true,false,false,false,false,false,false,false,true,
2025-12-19,1460,宏遠,listed,6.24,6.25,6.15,6.25,0.06,0.9693,591105,3672285,187,TWSE,common_stock,true,false,false,false,false,false,false,false,true,
2025-12-19,1463,強盛新,listed,19.55,19.75,19.55,19.7,0.05,0.2545,23448,461221,45,TWSE,common_stock,true,false,false,false,false,false,false,false,true,
2025-12-19,1464,得力,listed,11.15,11.2,11.1,11.15,0.0,0.0,179483,2001682,136,TWSE,common_stock,true,false,false,false,false,false,false,false,true,
2025-12-19,1465,偉全,listed,12.75,12.85,12.65,12.7,-0.1,-0.7813,126090,1602812,179,TWSE,common_stock,true,false,false,false,false,false,false,false,true,
2025-12-19,1466,聚隆,listed,14.25,14.35,14.15,14.15,-0.2,-1.3937,28040,398127,37,TWSE,common_stock,true,false,false,false,false,false,false,false,true,
2025-12-19,1467,南緯,listed,7.04,7.1,6.98,7.03,0.0,0.0,162894,1142653,183,TWSE,common_stock,true,false,false,false,false,false,false,false,true,
2025-12-19,1468,昶和,listed,11.7,11.85,11.7,11.8,0.1,0.8547,35000,411700,25,TWSE,common_stock,true,false,false,false,false,false,false,false,true,
2025-12-19,1470,大統新創,listed,22.65,23.7,22.15,23.0,0.3,1.3216,54695,1263492,35,TWSE,common_stock,true,false,false,false,false,false,false,false,true,
2025-12-19,1471,首利,listed,8.84,9.0,8.75,8.98,0.14,1.5837,387073,3462668,151,TWSE,common_stock,true,false,false,false,false,false,false,false,true,
2025-12-19,1472,三洋實業,listed,89.8,89.8,89.2,89.2,-0.1,-0.112,30024,2682342,20,TWSE,common_stock,true,false,false,false,false,false,false,false,true,
2025-12-19,1473,台南,listed,24.65,24.75,24.6,24.65,0.2,0.818,40463,998839,81,TWSE,common_stock,true,false,false,false,false,false,false,false,true,
2025-12-19,1474,弘裕,listed,11.25,11.25,11.15,11.15,0.05,0.4505,38654,432027,56,TWSE,common_stock,true,false,false,false,false,false,false,false,true,
2025-12-19,1475,業旺,listed,30.6,31.5,30.05,30.25,0.05,0.1656,45014,1368829,45,TWSE,common_stock,true,false,false,false,false,false,false,false,true,
2025-12-19,1476,儒鴻,listed,386.5,393.5,386.5,390.5,5.0,1.297,724774,283249441,893,TWSE,common_stock,true,false,false,false,false,false,false,false,true,
2025-12-19,1477,聚陽,listed,298.0,306.0,298.0,301.5,5.0,1.6863,2542257,766033274,2073,TWSE,common_stock,true,false,false,false,false,false,false,false,true,
2025-12-19,1503,士電,listed,169.0,172.0,166.5,172.0,4.5,2.6866,1597956,271707004,1602,TWSE,common_stock,true,false,false,false,false,false,false,false,true,
2025-12-19,1504,東元,listed,83.1,84.2,82.5,84.2,2.2,2.6829,31524415,2639016709,12547,TWSE,common_stock,true,false,false,false,false,false,false,false,true,
2025-12-19,1506,正道,listed,11.6,11.7,11.55,11.7,0.05,0.4292,57003,661133,40,TWSE,common_stock,true,false,false,false,false,false,false,false,true,
2025-12-19,1512,瑞利,listed,7.46,7.64,7.46,7.6,0.1,1.3333,28012,211650,16,TWSE,common_stock,true,false,false,false,false,false,false,false,true,
2025-12-19,1513,中興電,listed,146.0,151.0,145.0,151.0,6.5,4.4983,4282345,638861279,2913,TWSE,common_stock,true,false,false,false,false,false,false,false,true,
2025-12-19,1514,亞力,listed,98.1,99.9,97.6,99.7,2.7,2.7835,1826434,180974241,1734,TWSE,common_stock,true,false,false,false,false,false,false,false,true,
2025-12-19,1515,力山,listed,27.95,28.2,27.9,27.9,0.0,0.0,175830,4932515,122,TWSE,common_stock,true,false,false,false,false,false,false,false,true,
2025-12-19,1516,川飛,listed,22.1,22.65,21.95,21.95,0.05,0.2283,260197,5794099,194,TWSE,common_stock,true,false,false,false,false,false,false,false,true,
2025-12-19,1517,利奇,listed,11.35,11.45,11.1,11.25,0.0,0.0,252373,2838010,169,TWSE,common_stock,true,false,false,false,false,false,false,false,true,
2025-12-19,1519,華城,listed,767.0,769.0,748.0,761.0,4.0,0.5284,3022039,2295257928,6548,TWSE,common_stock,true,false,false,false,false,false,false,false,true,
2025-12-19,1521,大億,listed,24.0,24.1,24.0,24.0,0.2,0.8403,3553,85372,11,TWSE,common_stock,true,false,false,false,false,false,false,false,true,
2025-12-19,1522,堤維西,listed,47.8,48.15,47.0,47.0,-0.6,-1.2605,800505,37880174,962,TWSE,common_stock,true,false,false,false,false,false,false,false,true,
2025-12-19,1522A,堤維西甲特,listed,,,,,0.0,,200,10400,2,TWSE,warrant,false,false,true,false,false,false,false,false,false,security_type=warrant;symbol_not_4_digit;invalid_close
2025-12-19,1524,耿鼎,listed,29.05,29.05,28.55,28.8,-0.25,-0.8606,863351,24788992,761,TWSE,common_stock,true,false,false,false,false,false,false,false,true,
2025-12-19,1525,江申,listed,64.1,64.2,64.1,64.1,0.8,1.2638,3394,217379,6,TWSE,common_stock,true,false,false,false,false,false,false,false,true,
2025-12-19,1526,日馳,listed,16.7,16.8,16.6,16.7,-0.05,-0.2985,77025,1283426,72,TWSE,common_stock,true,false,false,false,false,false,false,false,true,
2025-12-19,1527,鑽全,listed,32.75,32.9,32.5,32.55,-0.15,-0.4587,202682,6627358,242,TWSE,common_stock,true,false,false,false,false,false,false,false,true,
2025-12-19,1528,恩德,listed,15.9,16.6,15.8,16.05,0.45,2.8846,9076586,147745180,4448,TWSE,common_stock,true,false,false,false,false,false,false,false,true,
2025-12-19,1529,樂事綠能,listed,18.75,18.75,18.6,18.65,0.2,1.084,184273,3439515,163,TWSE,common_stock,true,false,false,false,false,false,false,false,true,
2025-12-19,1530,亞崴,listed,27.65,27.65,27.45,27.45,-0.2,-0.7233,12687,349703,77,TWSE,common_stock,true,false,false,false,false,false,false,false,true,
2025-12-19,1531,高林股,listed,11.9,12.0,11.9,11.95,0.15,1.2712,21527,257257,34,TWSE,common_stock,true,false,false,false,false,false,false,false,true,
2025-12-19,1532,勤美,listed,26.9,27.35,26.9,27.35,0.3,1.1091,593738,16162627,413,TWSE,common_stock,true,false,false,false,false,false,false,false,true,
2025-12-19,1533,車王電,listed,32.75,32.95,32.6,32.65,0.1,0.3072,81206,2656833,85,TWSE,common_stock,true,false,false,false,false,false,false,false,true,
2025-12-19,1535,中宇,listed,52.8,53.2,52.8,53.0,0.1,0.189,23074,1224293,38,TWSE,common_stock,true,false,false,false,false,false,false,false,true,
2025-12-19,1536,和大,listed,58.0,58.5,57.5,58.0,0.3,0.5199,651611,37748830,561,TWSE,common_stock,true,false,false,false,false,false,false,false,true,
2025-12-19,1537,廣隆,listed,125.0,125.5,124.0,125.0,0.0,0.0,33708,4212048,55,TWSE,common_stock,true,false,false,false,false,false,false,false,true,
2025-12-19,1538,正峰,listed,24.2,26.25,23.4,26.25,2.35,9.8326,17638,452425,23,TWSE,common_stock,true,false,false,false,false,false,false,false,true,
2025-12-19,1539,巨庭,listed,17.2,17.25,17.1,17.1,-0.05,-0.2915,36059,619213,29,TWSE,common_stock,true,false,false,false,false,false,false,false,true,
2025-12-19,1540,喬福,listed,22.85,23.05,22.8,22.8,-0.05,-0.2188,140333,3218856,91,TWSE,common_stock,true,false,false,false,false,false,false,false,true,
2025-12-19,1541,錩泰,listed,24.15,24.15,23.5,23.6,0.15,0.6397,99700,2354519,27,TWSE,common_stock,true,false,false,false,false,false,false,false,true,
2025-12-19,1558,伸興,listed,101.5,103.0,101.5,101.5,0.0,0.0,56978,5837999,52,TWSE,common_stock,true,false,false,false,false,false,false,false,true,
2025-12-19,1560,中砂,listed,369.5,375.0,364.5,365.0,3.5,0.9682,1968595,726442800,2720,TWSE,common_stock,true,false,false,false,false,false,false,false,true,
2025-12-19,1563,巧新,listed,40.05,40.65,40.05,40.65,0.6,1.4981,188319,7590921,146,TWSE,common_stock,true,false,false,false,false,false,false,false,true,
2025-12-19,1568,倉佑,listed,21.75,21.9,21.6,21.9,0.15,0.6897,81417,1776476,50,TWSE,common_stock,true,false,false,false,false,false,false,false,true,
2025-12-19,1582,信錦,listed,65.3,65.8,65.3,65.6,0.7,1.0786,184705,12120726,210,TWSE,common_stock,true,false,false,false,false,false,false,false,true,
2025-12-19,1583,程泰,listed,45.75,45.75,45.75,45.75,0.0,0.0,2187,100102,4,TWSE,common_stock,true,false,false,false,false,false,false,false,true,
2025-12-19,1587,吉茂,listed,50.2,51.7,48.8,51.7,0.7,1.3725,3840190,191983970,4441,TWSE,common_stock,true,false,false,false,false,false,false,false,true,
2025-12-19,1589,永冠-KY,listed,16.9,17.05,16.9,16.9,0.05,0.2967,188761,3202167,209,TWSE,common_stock,true,false,false,false,false,false,false,false,true,
2025-12-19,1590,亞德客-KY,listed,913.0,929.0,913.0,922.0,17.0,1.8785,741165,684388574,604,TWSE,common_stock,true,false,false,false,false,false,false,false,true,
2025-12-19,1597,直得,listed,71.5,73.2,71.4,72.2,1.2,1.6901,141302,10210708,130,TWSE,common_stock,true,false,false,false,false,false,false,false,true,
2025-12-19,1598,岱宇,listed,21.1,21.1,20.8,20.9,-0.05,-0.2387,102607,2145329,78,TWSE,common_stock,true,false,false,false,false,false,false,false,true,
2025-12-19,1603,華電,listed,37.45,37.45,37.25,37.3,-0.15,-0.4005,163154,6089509,396,TWSE,common_stock,true,false,false,false,false,false,false,false,true,
2025-12-19,1604,聲寶,listed,24.45,24.6,24.45,24.55,0.05,0.2041,54008,1326095,96,TWSE,common_stock,true,false,false,false,false,false,false,false,true,
2025-12-19,1605,華新,listed,29.8,30.1,29.6,29.9,0.4,1.3559,32757289,977478547,9975,TWSE,common_stock,true,false,false,false,false,false,false,false,true,
2025-12-19,1608,華榮,listed,36.55,36.6,36.2,36.3,0.0,0.0,2379086,86555027,1684,TWSE,common_stock,true,false,false,false,false,false,false,false,true,
2025-12-19,1609,大亞,listed,37.25,37.55,37.1,37.55,0.5,1.3495,2081919,77762067,1482,TWSE,common_stock,true,false,false,false,false,false,false,false,true,
2025-12-19,1611,中電,listed,12.9,12.95,12.65,12.8,0.0,0.0,900004,11489113,577,TWSE,common_stock,true,false,false,false,false,false,false,false,true,
2025-12-19,1612,宏泰,listed,34.1,34.35,34.05,34.1,0.0,0.0,350142,11960881,282,TWSE,common_stock,true,false,false,false,false,false,false,false,true,
2025-12-19,1614,三洋電,listed,34.1,34.3,34.0,34.05,-0.1,-0.2928,58998,2012465,45,TWSE,common_stock,true,false,false,false,false,false,false,false,true,
2025-12-19,1615,大山,listed,48.2,48.8,48.2,48.4,0.2,0.4149,49771,2409462,62,TWSE,common_stock,true,false,false,false,false,false,false,false,true,
2025-12-19,1616,億泰,listed,27.9,28.15,27.75,27.9,0.15,0.5405,379362,10589180,351,TWSE,common_stock,true,false,false,false,false,false,false,false,true,
2025-12-19,1617,榮星,listed,14.3,14.3,14.0,14.2,-0.1,-0.6993,132030,1871379,264,TWSE,common_stock,true,false,false,false,false,false,false,false,true,
2025-12-19,1618,合機,listed,40.9,41.4,40.9,41.2,0.35,0.8568,230441,9482300,218,TWSE,common_stock,true,false,false,false,false,false,false,false,true,
2025-12-19,1626,艾美特-KY,listed,11.6,11.6,11.3,11.6,0.05,0.4329,78165,897459,108,TWSE,common_stock,true,false,false,false,false,false,false,false,true,
2025-12-19,1702,南僑,listed,39.1,39.75,39.1,39.75,0.65,1.6624,769587,30407708,576,TWSE,common_stock,true,false,false,false,false,false,false,false,true,
2025-12-19,1707,葡萄王,listed,126.0,127.5,125.5,127.5,1.0,0.7905,146504,18578604,169,TWSE,common_stock,true,false,false,false,false,false,false,false,true,
2025-12-19,1708,東鹼,listed,32.3,32.95,32.3,32.95,0.65,2.0124,493221,16141809,437,TWSE,common_stock,true,false,false,false,false,false,false,false,true,
2025-12-19,1709,和益,listed,16.75,16.8,16.7,16.75,0.0,0.0,179864,3016782,182,TWSE,common_stock,true,false,false,false,false,false,false,false,true,
2025-12-19,1710,東聯,listed,12.0,12.15,12.0,12.05,0.1,0.8368,440531,5314157,270,TWSE,common_stock,true,false,false,false,false,false,false,false,true,
2025-12-19,1711,永光,listed,18.15,18.95,18.05,18.7,0.75,4.1783,4507128,83705784,2096,TWSE,common_stock,true,false,false,false,false,false,false,false,true,
2025-12-19,1712,興農,listed,44.45,44.45,43.75,44.45,0.25,0.5656,962399,42596168,691,TWSE,common_stock,true,false,false,false,false,false,false,false,true,
2025-12-19,1713,國化,listed,44.2,44.6,43.35,43.55,-0.55,-1.2472,269770,11856634,332,TWSE,common_stock,true,false,false,false,false,false,false,false,true,
2025-12-19,1714,和桐,listed,8.35,8.35,8.3,8.31,0.03,0.3623,788835,6559884,273,TWSE,common_stock,true,false,false,false,false,false,false,false,true,
2025-12-19,1717,長興,listed,38.45,40.1,38.4,40.05,1.8,4.7059,8072809,319680608,4622,TWSE,common_stock,true,false,false,false,false,false,false,false,true,
2025-12-19,1718,中纖,listed,6.84,7.07,6.84,7.07,0.23,3.3626,4456840,31198961,1081,TWSE,common_stock,true,false,false,false,false,false,false,false,true,
2025-12-19,1720,生達,listed,60.0,60.3,59.8,60.2,0.5,0.8375,240437,14431923,169,TWSE,common_stock,true,false,false,false,false,false,false,false,true,
2025-12-19,1721,三晃,listed,11.45,12.2,11.3,11.85,-0.5,-4.0486,2877242,33734971,1580,TWSE,common_stock,true,false,false,false,false,false,false,false,true,
2025-12-19,1722,台肥,listed,46.65,47.6,46.55,47.6,0.95,2.0364,10603604,497945081,2095,TWSE,common_stock,true,false,false,false,false,false,false,false,true,
2025-12-19,1723,中碳,listed,67.5,68.3,67.5,67.8,-0.2,-0.2941,558986,37931209,543,TWSE,common_stock,true,false,false,false,false,false,false,false,true,
2025-12-19,1725,元禎,listed,25.55,26.25,25.55,26.0,0.45,1.7613,52458,1359125,45,TWSE,common_stock,true,false,false,false,false,false,false,false,true,
2025-12-19,1726,永記,listed,76.5,76.8,76.0,76.0,-0.3,-0.3932,19336,1477263,24,TWSE,common_stock,true,false,false,false,false,false,false,false,true,
2025-12-19,1727,中華化,listed,38.0,41.55,38.0,41.55,3.75,9.9206,12684109,514918952,9545,TWSE,common_stock,true,false,false,false,false,false,false,false,true,
2025-12-19,1730,花仙子,listed,53.0,53.0,52.8,53.0,0.2,0.3788,17192,910042,47,TWSE,common_stock,true,false,false,false,false,false,false,false,true,
2025-12-19,1731,美吾華,listed,21.7,21.75,21.7,21.75,0.05,0.2304,60181,1307436,52,TWSE,common_stock,true,false,false,false,false,false,false,false,true,
2025-12-19,1732,毛寶,listed,28.5,28.75,28.5,28.65,0.1,0.3503,59174,1691862,58,TWSE,common_stock,true,false,false,false,false,false,false,false,true,
2025-12-19,1733,五鼎,listed,31.15,31.3,31.1,31.2,0.15,0.4831,68060,2123574,85,TWSE,common_stock,true,false,false,false,false,false,false,false,true,
2025-12-19,1734,杏輝,listed,30.5,30.55,30.4,30.5,0.0,0.0,111634,3405844,144,TWSE,common_stock,true,false,false,false,false,false,false,false,true,
2025-12-19,1735,日勝化,listed,14.85,16.05,14.85,16.05,1.45,9.9315,347268,5520187,227,TWSE,common_stock,true,false,false,false,false,false,false,false,true,
2025-12-19,1736,喬山,listed,146.0,147.5,145.5,145.5,0.5,0.3448,254375,37197675,421,TWSE,common_stock,true,false,false,false,false,false,false,false,true,
2025-12-19,1737,臺鹽,listed,31.5,31.75,31.45,31.7,0.2,0.6349,53887,1700784,76,TWSE,common_stock,true,false,false,false,false,false,false,false,true,
2025-12-19,1752,南光,listed,37.2,37.4,37.1,37.2,0.0,0.0,65352,2430165,62,TWSE,common_stock,true,false,false,false,false,false,false,false,true,
2025-12-19,1760,寶齡富錦,listed,63.7,64.2,63.7,64.0,0.4,0.6289,36213,2317109,44,TWSE,common_stock,true,false,false,false,false,false,false,false,true,
2025-12-19,1762,中化生,listed,24.9,25.0,24.75,24.85,-0.05,-0.2008,49538,1231974,132,TWSE,common_stock,true,false,false,false,false,false,false,false,true,
2025-12-19,1773,勝一,listed,134.5,136.0,134.5,134.5,0.5,0.3731,265302,35838205,373,TWSE,common_stock,true,false,false,false,false,false,false,false,true,
2025-12-19,1776,展宇,listed,14.5,14.8,14.5,14.6,-0.05,-0.3413,50496,737012,40,TWSE,common_stock,true,false,false,false,false,false,false,false,true,
2025-12-19,1783,和康生,listed,42.8,43.2,42.6,42.7,-0.1,-0.2336,36010,1549477,44,TWSE,common_stock,true,false,false,false,false,false,false,false,true,
2025-12-19,1786,科妍,listed,76.5,76.9,75.1,75.2,-0.1,-0.1328,243815,18448246,240,TWSE,common_stock,true,false,false,false,false,false,false,false,true,
2025-12-19,1789,神隆,listed,17.4,17.65,17.4,17.4,-0.1,-0.5714,350648,6132362,214,TWSE,common_stock,true,false,false,false,false,false,false,false,true,
2025-12-19,1795,美時,listed,283.0,285.5,281.5,283.0,1.0,0.3546,2265028,641732538,4273,TWSE,common_stock,true,false,false,false,false,false,false,false,true,
2025-12-19,1802,台玻,listed,33.25,34.5,33.2,33.65,0.75,2.2796,63472457,2153839609,27581,TWSE,common_stock,true,false,false,false,false,false,false,false,true,
2025-12-19,1805,寶徠,listed,10.85,11.0,10.85,10.9,0.0,0.0,16000,174550,6,TWSE,common_stock,true,false,false,false,false,false,false,false,true,
2025-12-19,1806,冠軍,listed,9.26,9.39,9.25,9.33,0.08,0.8649,499616,4671954,208,TWSE,common_stock,true,false,false,false,false,false,false,false,true,
2025-12-19,1808,潤隆,listed,32.85,34.55,32.85,33.7,0.85,2.5875,2744691,93252637,2141,TWSE,common_stock,true,false,false,false,false,false,false,false,true,
2025-12-19,1809,中釉,listed,17.35,17.5,17.3,17.4,0.1,0.578,189653,3301454,121,TWSE,common_stock,true,false,false,false,false,false,false,false,true,
2025-12-19,1810,和成,listed,16.85,17.2,16.85,17.15,0.35,2.0833,536415,9168442,319,TWSE,common_stock,true,false,false,false,false,false,false,false,true,
2025-12-19,1817,凱撒衛,listed,38.4,38.5,38.4,38.5,0.05,0.13,6661,256137,16,TWSE,common_stock,true,false,false,false,false,false,false,false,true,
2025-12-19,1903,士紙,listed,55.6,56.0,55.2,55.4,-0.2,-0.3597,74565,4137227,208,TWSE,common_stock,true,false,false,false,false,false,false,false,true,
2025-12-19,1904,正隆,listed,17.7,17.8,17.6,17.6,-0.1,-0.565,623733,11024321,563,TWSE,common_stock,true,false,false,false,false,false,false,false,true,
2025-12-19,1905,華紙,listed,11.65,11.7,11.55,11.55,0.0,0.0,1811362,20989939,784,TWSE,common_stock,true,false,false,false,false,false,false,false,true,
2025-12-19,1906,寶隆,listed,11.95,12.05,11.75,12.0,0.15,1.2658,199582,2378034,695,TWSE,common_stock,true,false,false,false,false,false,false,false,true,
2025-12-19,1907,永豐餘,listed,25.7,26.05,25.7,26.05,0.15,0.5792,1201122,31034719,497,TWSE,etf,false,true,false,false,false,false,false,false,false,security_type=etf
2025-12-19,1909,榮成,listed,10.35,10.4,10.2,10.2,-0.05,-0.4878,1772620,18240530,478,TWSE,common_stock,true,false,false,false,false,false,false,false,true,
2025-12-19,2002,中鋼,listed,18.35,18.85,18.3,18.85,0.6,3.2877,48984890,913805786,9303,TWSE,common_stock,true,false,false,false,false,false,false,false,true,
2025-12-19,2002A,中鋼特,listed,38.85,38.85,38.8,38.8,0.0,0.0,7000,271850,5,TWSE,warrant,false,false,true,false,false,false,false,false,false,security_type=warrant;symbol_not_4_digit
2025-12-19,2006,東和鋼鐵,listed,65.1,65.6,64.4,64.5,-0.6,-0.9217,4973208,322015931,6610,TWSE,common_stock,true,false,false,false,false,false,false,false,true,
2025-12-19,2007,燁興,listed,7.27,7.4,7.27,7.27,0.0,0.0,225313,1642097,92,TWSE,common_stock,true,false,false,false,false,false,false,false,true,
2025-12-19,2008,高興昌,listed,29.05,29.1,28.9,29.05,0.15,0.519,17655,510924,19,TWSE,common_stock,true,false,false,false,false,false,false,false,true,
2025-12-19,2009,第一銅,listed,42.9,43.7,42.85,43.2,0.3,0.6993,1854423,80218594,1285,TWSE,common_stock,true,false,false,false,false,false,false,false,true,
2025-12-19,2010,春源,listed,20.55,20.7,20.5,20.7,0.15,0.7299,1150419,23759772,318,TWSE,common_stock,true,false,false,false,false,false,false,false,true,
2025-12-19,2012,春雨,listed,14.95,14.95,14.95,14.95,0.05,0.3356,14814,221536,39,TWSE,common_stock,true,false,false,false,false,false,false,false,true,
2025-12-19,2013,中鋼構,listed,41.85,42.2,41.75,41.9,0.05,0.1195,62681,2624607,92,TWSE,common_stock,true,false,false,false,false,false,false,false,true,
2025-12-19,2014,中鴻,listed,15.3,15.45,15.2,15.25,0.2,1.3289,3618028,55342257,1405,TWSE,common_stock,true,false,false,false,false,false,false,false,true,
2025-12-19,2015,豐興,listed,62.3,63.9,61.9,63.9,1.4,2.24,742740,46759766,442,TWSE,common_stock,true,false,false,false,false,false,false,false,true,
2025-12-19,2017,官田鋼,listed,8.41,8.51,8.41,8.44,0.04,0.4762,280926,2381319,183,TWSE,common_stock,true,false,false,false,false,false,false,false,true,
2025-12-19,2020,美亞,listed,23.0,23.3,23.0,23.25,0.2,0.8677,161539,3746536,140,TWSE,common_stock,true,false,false,false,false,false,false,false,true,
2025-12-19,2022,聚亨,listed,8.33,8.39,8.3,8.36,0.03,0.3601,211791,1765477,156,TWSE,common_stock,true,false,false,false,false,false,false,false,true,
2025-12-19,2023,燁輝,listed,14.75,14.85,14.65,14.85,0.05,0.3378,3781284,56014078,729,TWSE,common_stock,true,false,false,false,false,false,false,false,true,
2025-12-19,2024,志聯,listed,,,,,0.0,,227,3635,30,TWSE,other,false,false,false,false,false,false,false,false,false,invalid_close
2025-12-19,2025,千興,listed,9.59,9.59,9.43,9.55,0.05,0.5263,49390,470258,55,TWSE,common_stock,true,false,false,false,false,false,false,false,true,
2025-12-19,2027,大成鋼,listed,36.0,36.1,35.55,35.55,-0.25,-0.6983,31375281,1120238702,12018,TWSE,common_stock,true,false,false,false,false,false,false,false,true,
2025-12-19,2028,威致,listed,16.75,17.2,16.75,17.0,0.15,0.8902,39225,669365,51,TWSE,common_stock,true,false,false,false,false,false,false,false,true,
2025-12-19,2029,盛餘,listed,21.25,21.45,21.15,21.2,0.0,0.0,142321,3030051,107,TWSE,common_stock,true,false,false,false,false,false,false,false,true,
2025-12-19,2030,彰源,listed,13.8,14.05,13.8,13.9,0.0,0.0,133180,1846865,90,TWSE,common_stock,true,false,false,false,false,false,false,false,true,
2025-12-19,2031,新光鋼,listed,37.5,37.65,37.3,37.45,0.1,0.2677,351632,13185133,297,TWSE,common_stock,true,false,false,false,false,false,false,false,true,
2025-12-19,2032,新鋼,listed,14.4,14.4,14.15,14.25,0.1,0.7067,60315,862599,45,TWSE,common_stock,true,false,false,false,false,false,false,false,true,
2025-12-19,2033,佳大,listed,15.7,15.8,15.6,15.75,0.1,0.639,352715,5529899,92,TWSE,common_stock,true,false,false,false,false,false,false,false,true,
2025-12-19,2034,允強,listed,20.4,20.55,20.2,20.35,0.15,0.7426,948753,19332930,422,TWSE,common_stock,true,false,false,false,false,false,false,false,true,
2025-12-19,2038,海光,listed,14.2,14.25,14.1,14.1,0.0,0.0,89867,1271985,70,TWSE,common_stock,true,false,false,false,false,false,false,false,true,
2025-12-19,2049,上銀,listed,194.0,197.5,193.0,196.0,2.5,1.292,1881990,368296025,1471,TWSE,common_stock,true,false,false,false,false,false,false,false,true,
2025-12-19,2059,川湖,listed,3575.0,3685.0,3575.0,3660.0,140.0,3.9773,680541,2478972185,2738,TWSE,common_stock,true,false,false,false,false,false,false,false,true,
2025-12-19,2062,橋椿,listed,21.0,21.15,21.0,21.1,0.05,0.2375,116927,2461439,120,TWSE,common_stock,true,false,false,false,false,false,false,false,true,
2025-12-19,2069,運錩,listed,16.8,16.85,16.75,16.8,0.0,0.0,58589,984538,61,TWSE,common_stock,true,false,false,false,false,false,false,false,true,
2025-12-19,2101,南港,listed,37.6,38.05,37.55,37.7,0.25,0.6676,1017831,38528538,713,TWSE,common_stock,true,false,false,false,false,false,false,false,true,
2025-12-19,2102,泰豐,listed,19.85,20.0,19.85,19.95,0.05,0.2513,109935,2193264,96,TWSE,common_stock,true,false,false,false,false,false,false,false,true,
2025-12-19,2103,台橡,listed,15.55,15.8,15.55,15.75,0.1,0.639,510563,8038827,318,TWSE,common_stock,true,false,false,false,false,false,false,false,true,
2025-12-19,2104,國際中橡,listed,10.75,11.3,10.7,11.3,0.6,5.6075,4032130,44493432,1091,TWSE,common_stock,true,false,false,false,false,false,false,false,true,
2025-12-19,2105,正新,listed,30.35,30.55,30.2,30.3,-0.05,-0.1647,10827580,328965147,3386,TWSE,common_stock,true,false,false,false,false,false,false,false,true,
2025-12-19,2106,建大,listed,20.2,20.45,20.2,20.3,0.0,0.0,307686,6258716,250,TWSE,common_stock,true,false,false,false,false,false,false,false,true,
2025-12-19,2107,厚生,listed,24.4,24.55,24.4,24.55,0.0,0.0,115865,2838214,113,TWSE,common_stock,true,false,false,false,false,false,false,false,true,
2025-12-19,2108,南帝,listed,22.4,22.75,22.4,22.5,0.0,0.0,310741,7018039,246,TWSE,common_stock,true,false,false,false,false,false,false,false,true,
2025-12-19,2109,華豐,listed,15.0,15.05,15.0,15.05,0.05,0.3333,66221,995493,69,TWSE,common_stock,true,false,false,false,false,false,false,false,true,
2025-12-19,2114,鑫永銓,listed,89.6,90.0,89.5,90.0,0.5,0.5587,36281,3250829,154,TWSE,common_stock,true,false,false,false,false,false,false,false,true,
2025-12-19,2115,六暉-KY,listed,24.7,24.7,24.55,24.65,0.05,0.2033,28417,699892,42,TWSE,common_stock,true,false,false,false,false,false,false,false,true,
2025-12-19,2201,裕隆,listed,35.9,39.0,35.6,38.3,1.8,4.9315,31298287,1171132803,16333,TWSE,common_stock,true,false,false,false,false,false,false,false,true,
2025-12-19,2204,中華,listed,60.2,61.4,60.1,61.3,0.9,1.4901,2176403,132791422,1698,TWSE,common_stock,true,false,false,false,false,false,false,false,true,
2025-12-19,2206,三陽工業,listed,60.3,61.0,60.3,60.5,0.2,0.3317,640549,38851790,531,TWSE,common_stock,true,false,false,false,false,false,false,false,true,
2025-12-19,2207,和泰車,listed,573.0,587.0,570.0,581.0,0.0,0.0,1348707,781050609,1673,TWSE,common_stock,true,false,false,false,false,false,false,false,true,
2025-12-19,2208,台船,listed,20.0,20.3,19.9,20.3,0.55,2.7848,2553801,51496361,1475,TWSE,common_stock,true,false,false,false,false,false,false,false,true,
2025-12-19,2211,長榮鋼,listed,103.0,107.5,102.5,105.0,2.5,2.439,5019409,531365584,2832,TWSE,common_stock,true,false,false,false,false,false,false,false,true,
2025-12-19,2227,裕日車,listed,57.5,57.5,56.0,56.1,-0.9,-1.5789,52479,2976661,86,TWSE,common_stock,true,false,false,false,false,false,false,false,true,
2025-12-19,2228,劍麟,listed,112.5,113.5,110.5,110.5,-1.0,-0.8969,2728367,305309561,2540,TWSE,common_stock,true,false,false,false,false,false,false,false,true,
2025-12-19,2231,為升,listed,90.5,92.0,90.5,90.8,0.3,0.3315,405207,36981228,366,TWSE,common_stock,true,false,false,false,false,false,false,false,true,
2025-12-19,2233,宇隆,listed,185.5,187.0,182.0,185.0,3.5,1.9284,472009,87325794,294,TWSE,common_stock,true,false,false,false,false,false,false,false,true,
2025-12-19,2236,百達-KY,listed,113.5,116.0,111.5,114.0,2.5,2.2422,182165,20710543,291,TWSE,common_stock,true,false,false,false,false,false,false,false,true,
2025-12-19,2239,英利-KY,listed,37.45,37.5,36.5,37.05,-0.1,-0.2692,74276,2745253,91,TWSE,common_stock,true,false,false,false,false,false,false,false,true,
2025-12-19,2241,艾姆勒,listed,37.45,38.3,37.45,37.75,0.4,1.071,481685,18292580,352,TWSE,common_stock,true,false,false,false,false,false,false,false,true,
2025-12-19,2243,宏旭-KY,listed,11.85,11.85,11.55,11.65,-0.05,-0.4274,84886,988607,71,TWSE,common_stock,true,false,false,false,false,false,false,false,true,
2025-12-19,2247,汎德永業,listed,288.0,288.0,286.5,287.5,2.5,0.8772,17711,5087617,376,TWSE,common_stock,true,false,false,false,false,false,false,false,true,
2025-12-19,2248,華勝-KY,listed,49.4,50.2,48.5,49.35,0.0,0.0,23000,1130750,14,TWSE,common_stock,true,false,false,false,false,false,false,false,true,
2025-12-19,2250,IKKA-KY,listed,70.5,71.7,70.5,70.7,0.5,0.7123,42121,2988772,69,TWSE,common_stock,true,false,false,false,false,false,false,false,true,
2025-12-19,2254,巨鎧精密-創,listed,59.6,59.6,59.6,59.6,0.3,0.5059,1000,59600,1,TWSE,common_stock,true,false,false,false,false,false,false,false,true,
2025-12-19,2258,鴻華先進-創,listed,39.0,39.7,38.85,39.5,0.3,0.7653,439171,17306778,342,TWSE,common_stock,true,false,false,false,false,false,false,false,true,
2025-12-19,2301,光寶科,listed,157.0,161.0,156.0,159.5,4.5,2.9032,17954983,2860371066,9866,TWSE,common_stock,true,false,false,false,false,false,false,false,true,
2025-12-19,2302,麗正,listed,17.5,17.65,17.35,17.45,0.0,0.0,181100,3166629,166,TWSE,common_stock,true,false,false,false,false,false,false,false,true,
2025-12-19,2303,聯電,listed,50.3,50.7,50.1,50.7,0.4,0.7952,68294516,3448116332,17521,TWSE,common_stock,true,false,false,false,false,false,false,false,true,
2025-12-19,2305,全友,listed,10.9,11.05,10.9,10.95,0.05,0.4587,281132,3082054,157,TWSE,common_stock,true,false,false,false,false,false,false,false,true,
2025-12-19,2308,台達電,listed,899.0,923.0,895.0,911.0,20.0,2.2447,13809520,12559713390,20574,TWSE,common_stock,true,false,false,false,false,false,false,false,true,
2025-12-19,2312,金寶,listed,22.9,23.2,22.7,22.85,0.2,0.883,12086730,276981426,4634,TWSE,common_stock,true,false,false,false,false,false,false,false,true,
2025-12-19,2313,華通,listed,93.0,93.3,87.1,87.8,-3.6,-3.9387,74228272,6658904994,53321,TWSE,common_stock,true,false,false,false,false,false,false,false,true,
2025-12-19,2314,台揚,listed,22.7,22.75,22.5,22.75,0.1,0.4415,42941,972338,93,TWSE,common_stock,true,false,false,false,false,false,false,false,true,
2025-12-19,2316,楠梓電,listed,102.5,103.0,100.5,101.5,0.5,0.495,1776249,180419197,1516,TWSE,common_stock,true,false,false,false,false,false,false,false,true,
2025-12-19,2317,鴻海,listed,219.0,221.5,218.0,221.5,5.5,2.5463,41562299,9148598443,26550,TWSE,common_stock,true,false,false,false,false,false,false,false,true,
2025-12-19,2321,東訊,listed,,,,,0.0,,1352,22152,6,TWSE,other,false,false,false,false,false,false,false,false,false,invalid_close
2025-12-19,2323,中環,listed,10.3,10.6,10.2,10.6,0.35,3.4146,7582123,79160707,1934,TWSE,common_stock,true,false,false,false,false,false,false,false,true,
2025-12-19,2324,仁寶,listed,30.0,30.0,29.6,29.7,0.0,0.0,31000300,921202034,6931,TWSE,common_stock,true,false,false,false,false,false,false,false,true,
2025-12-19,2327,國巨*,listed,222.0,224.5,220.0,222.0,4.0,1.8349,15740304,3499169575,10838,TWSE,common_stock,true,false,false,false,false,false,false,false,true,
2025-12-19,2328,廣宇,listed,45.9,46.25,45.6,46.0,0.6,1.3216,1944953,89316161,1410,TWSE,common_stock,true,false,false,false,false,false,false,false,true,
2025-12-19,2329,華泰,listed,52.3,52.8,49.35,49.7,-2.0,-3.8685,33598692,1698830451,19228,TWSE,common_stock,true,false,false,false,false,false,false,false,true,
2025-12-19,2330,台積電,listed,1455.0,1455.0,1430.0,1430.0,0.0,0.0,42614140,61256957568,46795,TWSE,common_stock,true,false,false,false,false,false,false,false,true,
2025-12-19,2331,精英,listed,23.25,23.5,22.9,23.35,0.2,0.8639,4619750,107203440,2287,TWSE,common_stock,true,false,false,false,false,false,false,false,true,
2025-12-19,2332,友訊,listed,15.7,15.85,15.6,15.85,0.25,1.6026,1202525,18936103,539,TWSE,common_stock,true,false,false,false,false,false,false,false,true,
2025-12-19,2337,旺宏,listed,39.2,39.8,37.05,37.15,-0.8,-2.108,136027724,5183519576,58112,TWSE,common_stock,true,false,false,false,false,false,false,false,true,
2025-12-19,2338,光罩,listed,34.05,35.35,34.05,35.35,1.45,4.2773,1098671,38366939,725,TWSE,common_stock,true,false,false,false,false,false,false,false,true,
2025-12-19,2340,台亞,listed,26.85,27.5,26.35,27.15,0.6,2.2599,1807740,48494157,1175,TWSE,common_stock,true,false,false,false,false,false,false,false,true,
2025-12-19,2342,茂矽,listed,28.85,29.4,28.3,28.5,-0.1,-0.3497,1153212,32996000,893,TWSE,common_stock,true,false,false,false,false,false,false,false,true,
2025-12-19,2344,華邦電,listed,76.9,77.5,71.2,71.3,-3.2,-4.2953,495025660,36615273023,220957,TWSE,common_stock,true,false,false,false,false,false,false,false,true,
2025-12-19,2345,智邦,listed,1200.0,1210.0,1165.0,1175.0,-5.0,-0.4237,6311693,7439714885,8429,TWSE,common_stock,true,false,false,false,false,false,false,false,true,
2025-12-19,2347,聯強,listed,57.8,58.9,57.7,58.9,1.3,2.2569,14177281,830330971,4654,TWSE,common_stock,true,false,false,false,false,false,false,false,true,
2025-12-19,2348,海悅,listed,82.0,84.4,81.8,83.0,1.2,1.467,590703,49215159,916,TWSE,common_stock,true,false,false,false,false,false,false,false,true,
2025-12-19,2348A,海悅甲特,listed,36.55,36.55,36.55,36.55,0.05,0.137,7400,270350,9,TWSE,warrant,false,false,true,false,false,false,false,false,false,security_type=warrant;symbol_not_4_digit
2025-12-19,2349,錸德,listed,13.7,14.15,13.65,14.0,0.0,0.0,7278241,101179247,3954,TWSE,common_stock,true,false,false,false,false,false,false,false,true,
2025-12-19,2351,順德,listed,75.0,75.7,74.5,75.1,0.6,0.8054,460498,34538620,358,TWSE,common_stock,true,false,false,false,false,false,false,false,true,
2025-12-19,2352,佳世達,listed,24.7,25.2,24.7,24.9,0.35,1.4257,9403819,234860273,3495,TWSE,common_stock,true,false,false,false,false,false,false,false,true,
2025-12-19,2353,宏碁,listed,25.85,26.05,25.65,25.9,0.2,0.7782,14144279,365857781,5108,TWSE,common_stock,true,false,false,false,false,false,false,false,true,
2025-12-19,2354,鴻準,listed,61.5,61.7,61.1,61.3,0.4,0.6568,4672830,286764984,2669,TWSE,common_stock,true,false,false,false,false,false,false,false,true,
2025-12-19,2355,敬鵬,listed,31.8,32.0,31.55,31.6,-0.15,-0.4724,669603,21243069,505,TWSE,common_stock,true,false,false,false,false,false,false,false,true,
2025-12-19,2356,英業達,listed,42.65,43.0,42.55,43.0,0.8,1.8957,7986742,342257147,3908,TWSE,common_stock,true,false,false,false,false,false,false,false,true,
2025-12-19,2357,華碩,listed,556.0,564.0,550.0,550.0,-4.0,-0.722,13187404,7334499523,11856,TWSE,common_stock,true,false,false,false,false,false,false,false,true,
2025-12-19,2359,所羅門,listed,128.0,128.0,125.0,125.5,0.5,0.4,536689,67655933,652,TWSE,common_stock,true,false,false,false,false,false,false,false,true,
2025-12-19,2360,致茂,listed,740.0,763.0,737.0,741.0,13.0,1.7857,13285703,9890132862,5450,TWSE,common_stock,true,false,false,false,false,false,false,false,true,
2025-12-19,2362,藍天,listed,39.4,40.45,39.25,40.45,0.85,2.1465,652513,25981669,493,TWSE,common_stock,true,false,false,false,false,false,false,false,true,
2025-12-19,2363,矽統,listed,47.6,48.1,47.4,48.1,0.85,1.7989,1505049,71896130,1126,TWSE,common_stock,true,false,false,false,false,false,false,false,true,
2025-12-19,2364,倫飛,listed,68.4,70.1,67.9,68.5,0.7,1.0324,390086,26853539,701,TWSE,common_stock,true,false,false,false,false,false,false,false,true,
2025-12-19,2365,昆盈,listed,35.45,35.55,35.0,35.35,0.25,0.7123,847348,29864790,710,TWSE,common_stock,true,false,false,false,false,false,false,false,true,
2025-12-19,2367,燿華,listed,26.5,26.7,25.9,26.0,-0.35,-1.3283,12489828,327271464,6073,TWSE,common_stock,true,false,false,false,false,false,false,false,true,
2025-12-19,2368,金像電,listed,597.0,620.0,596.0,608.0,19.0,3.2258,9862253,6016798230,12148,TWSE,common_stock,true,false,false,false,false,false,false,false,true,
2025-12-19,2369,菱生,listed,23.0,23.2,22.2,22.3,-0.35,-1.5453,5790894,130708673,2948,TWSE,common_stock,true,false,false,false,false,false,false,false,true,
2025-12-19,2371,大同,listed,30.55,31.45,30.5,31.35,0.6,1.9512,27142614,846455978,10884,TWSE,common_stock,true,false,false,false,false,false,false,false,true,
2025-12-19,2373,震旦行,listed,56.6,57.0,56.5,56.7,0.1,0.1767,13473,763054,28,TWSE,common_stock,true,false,false,false,false,false,false,false,true,
2025-12-19,2374,佳能,listed,77.0,77.2,75.9,76.0,-0.5,-0.6536,3365386,257027801,3323,TWSE,common_stock,true,false,false,false,false,false,false,false,true,
2025-12-19,2375,凱美,listed,91.7,92.6,89.7,89.7,-0.6,-0.6645,1362539,123526414,1207,TWSE,common_stock,true,false,false,false,false,false,false,false,true,
2025-12-19,2376,技嘉,listed,239.0,239.5,234.0,238.0,1.0,0.4219,4639189,1099264854,3204,TWSE,common_stock,true,false,false,false,false,false,false,false,true,
2025-12-19,2377,微星,listed,100.5,102.0,100.5,102.0,2.0,2.0,4455629,452337622,2238,TWSE,common_stock,true,false,false,false,false,false,false,false,true,
2025-12-19,2379,瑞昱,listed,507.0,508.0,497.0,497.0,-10.0,-1.9724,3309050,1651888154,4382,TWSE,common_stock,true,false,false,false,false,false,false,false,true,
2025-12-19,2380,虹光,listed,5.02,5.02,4.92,5.01,0.04,0.8048,63417,316329,88,TWSE,common_stock,true,false,false,false,false,false,false,false,true,
2025-12-19,2382,廣達,listed,262.5,265.0,261.5,265.0,5.0,1.9231,22665570,5969889171,19044,TWSE,common_stock,true,false,false,false,false,false,false,false,true,
2025-12-19,2383,台光電,listed,1535.0,1565.0,1530.0,1550.0,50.0,3.3333,2430074,3757930115,4410,TWSE,common_stock,true,false,false,false,false,false,false,false,true,
2025-12-19,2385,群光,listed,114.5,116.0,114.0,115.5,2.0,1.7621,3404387,392505023,1765,TWSE,common_stock,true,false,false,false,false,false,false,false,true,
2025-12-19,2387,精元,listed,39.15,39.7,39.1,39.55,0.5,1.2804,166377,6557310,146,TWSE,common_stock,true,false,false,false,false,false,false,false,true,
2025-12-19,2388,威盛,listed,56.4,56.9,55.7,56.3,0.5,0.8961,2758572,155353407,2248,TWSE,common_stock,true,false,false,false,false,false,false,false,true,
2025-12-19,2390,云辰,listed,9.89,10.1,9.85,9.99,0.17,1.7312,586076,5856007,361,TWSE,common_stock,true,false,false,false,false,false,false,false,true,
2025-12-19,2392,正崴,listed,37.2,37.6,37.2,37.45,0.4,1.0796,775146,28998820,719,TWSE,common_stock,true,false,false,false,false,false,false,false,true,
2025-12-19,2393,億光,listed,52.4,53.2,51.7,53.2,1.3,2.5048,13217035,694088135,6780,TWSE,common_stock,true,false,false,false,false,false,false,false,true,
2025-12-19,2395,研華,listed,274.5,282.5,274.5,282.5,7.5,2.7273,3178278,894720110,1882,TWSE,common_stock,true,false,false,false,false,false,false,false,true,
2025-12-19,2397,友通,listed,61.1,62.1,61.1,61.7,0.6,0.982,85318,5265532,77,TWSE,common_stock,true,false,false,false,false,false,false,false,true,
2025-12-19,2399,映泰,listed,24.9,25.5,24.0,24.0,-0.2,-0.8264,7638607,188572014,3894,TWSE,common_stock,true,false,false,false,false,false,false,false,true,
2025-12-19,2401,凌陽,listed,20.35,20.5,20.2,20.4,0.2,0.9901,897189,18249650,620,TWSE,common_stock,true,false,false,false,false,false,false,false,true,
2025-12-19,2402,毅嘉,listed,56.1,58.0,55.5,56.2,1.0,1.8116,9935195,561852995,5365,TWSE,common_stock,true,false,false,false,false,false,false,false,true,
2025-12-19,2404,漢唐,listed,977.0,984.0,954.0,983.0,31.0,3.2563,4625672,4486334750,8860,TWSE,common_stock,true,false,false,false,false,false,false,false,true,
2025-12-19,2405,輔信,listed,18.8,18.8,18.25,18.5,0.0,0.0,1347077,24901222,701,TWSE,common_stock,true,false,false,false,false,false,false,false,true,
2025-12-19,2406,國碩,listed,23.65,24.6,23.5,24.6,1.0,4.2373,11909357,287170408,6046,TWSE,common_stock,true,false,false,false,false,false,false,false,true,
2025-12-19,2408,南亞科,listed,177.0,177.0,170.0,174.5,4.5,2.6471,38432181,6696526541,33019,TWSE,common_stock,true,false,false,false,false,false,false,false,true,
2025-12-19,2409,友達,listed,11.2,11.3,11.15,11.25,0.1,0.8969,31818009,356896289,5083,TWSE,common_stock,true,false,false,false,false,false,false,false,true,
2025-12-19,2412,中華電,listed,130.0,131.0,129.5,131.0,1.0,0.7692,6555589,857268740,2632,TWSE,common_stock,true,false,false,false,false,false,false,false,true,
2025-12-19,2413,環科,listed,31.35,33.0,31.35,31.7,0.35,1.1164,6364697,205211223,4479,TWSE,common_stock,true,false,false,false,false,false,false,false,true,
2025-12-19,2414,精技,listed,41.25,41.5,41.15,41.25,0.1,0.243,77474,3193186,67,TWSE,common_stock,true,false,false,false,false,false,false,false,true,
2025-12-19,2415,錩新,listed,25.65,25.8,25.55,25.55,0.0,0.0,34786,891294,31,TWSE,common_stock,true,false,false,false,false,false,false,false,true,
2025-12-19,2417,圓剛,listed,35.4,35.65,34.6,35.15,-0.2,-0.5658,441168,15591932,353,TWSE,common_stock,true,false,false,false,false,false,false,false,true,
2025-12-19,2419,仲琦,listed,24.4,24.55,23.85,24.15,0.1,0.4158,807908,19506527,618,TWSE,common_stock,true,false,false,false,false,false,false,false,true,
2025-12-19,2420,新巨,listed,50.1,50.5,50.0,50.2,0.1,0.1996,88217,4434630,92,TWSE,common_stock,true,false,false,false,false,false,false,false,true,
2025-12-19,2421,建準,listed,152.5,157.5,151.5,157.0,5.5,3.6304,2278872,354708015,2193,TWSE,common_stock,true,false,false,false,false,false,false,false,true,
2025-12-19,2423,固緯,listed,54.6,55.3,54.5,55.3,0.5,0.9124,102466,5631137,107,TWSE,common_stock,true,false,false,false,false,false,false,false,true,
2025-12-19,2424,隴華,listed,40.25,40.5,39.0,39.0,-0.4,-1.0152,104287,4143822,90,TWSE,common_stock,true,false,false,false,false,false,false,false,true,
2025-12-19,2425,承啟,listed,29.5,29.95,29.1,29.85,0.75,2.5773,163712,4850702,195,TWSE,common_stock,true,false,false,false,false,false,false,false,true,
2025-12-19,2426,鼎元,listed,17.0,17.2,16.8,17.05,0.05,0.2941,352382,5996708,259,TWSE,common_stock,true,false,false,false,false,false,false,false,true,
2025-12-19,2427,三商電,listed,27.0,27.35,26.95,27.3,0.45,1.676,582919,15824077,297,TWSE,common_stock,true,false,false,false,false,false,false,false,true,
2025-12-19,2428,興勤,listed,175.0,177.5,174.0,174.5,-0.5,-0.2857,515280,90503933,522,TWSE,common_stock,true,false,false,false,false,false,false,false,true,
2025-12-19,2429,銘旺科,listed,73.9,80.3,73.6,80.3,7.3,10.0,1024897,80032624,1257,TWSE,common_stock,true,false,false,false,false,false,false,false,true,
2025-12-19,2430,燦坤,listed,22.9,22.95,22.85,22.95,0.0,0.0,33009,756258,47,TWSE,common_stock,true,false,false,false,false,false,false,false,true,
2025-12-19,2431,聯昌,listed,11.45,12.25,11.4,11.9,0.5,4.386,1253596,14898645,602,TWSE,common_stock,true,false,false,false,false,false,false,false,true,
2025-12-19,2432,倚天酷碁-創,listed,25.4,25.4,25.35,25.35,-0.1,-0.3929,22000,558100,14,TWSE,common_stock,true,false,false,false,false,false,false,false,true,
2025-12-19,2433,互盛電,listed,47.4,47.45,47.4,47.45,0.0,0.0,10711,507954,29,TWSE,common_stock,true,false,false,false,false,false,false,false,true,
2025-12-19,2434,統懋,listed,30.5,30.65,30.0,30.65,0.15,0.4918,14251,431710,41,TWSE,common_stock,true,false,false,false,false,false,false,false,true,
2025-12-19,2436,偉詮電,listed,48.0,49.35,47.85,49.25,1.8,3.7935,1632664,79849327,1291,TWSE,common_stock,true,false,false,false,false,false,false,false,true,
2025-12-19,2438,翔耀,listed,22.0,22.0,21.55,21.9,-0.1,-0.4545,93552,2028413,145,TWSE,common_stock,true,false,false,false,false,false,false,false,true,
2025-12-19,2439,美律,listed,96.5,96.7,94.9,96.7,1.2,1.2565,4687782,449160872,3334,TWSE,common_stock,true,false,false,false,false,false,false,false,true,
2025-12-19,2440,太空梭,listed,14.05,14.25,13.65,14.1,0.25,1.8051,503693,7030438,335,TWSE,common_stock,true,false,false,false,false,false,false,false,true,
2025-12-19,2441,超豐,listed,85.6,90.3,83.9,88.7,5.3,6.3549,25959386,2276995633,23561,TWSE,common_stock,true,false,false,false,false,false,false,false,true,
2025-12-19,2442,新美齊,listed,25.5,26.05,25.5,25.85,0.15,0.5837,240935,6217078,186,TWSE,common_stock,true,false,false,false,false,false,false,false,true,
2025-12-19,2444,兆勁,listed,11.95,11.95,11.4,11.55,-0.15,-1.2821,297512,3451714,186,TWSE,common_stock,true,false,false,false,false,false,false,false,true,
2025-12-19,2449,京元電子,listed,212.0,216.5,212.0,215.5,7.0,3.3573,11702010,2514890898,8497,TWSE,common_stock,true,false,false,false,false,false,false,false,true,
2025-12-19,2450,神腦,listed,28.9,29.0,28.85,28.95,-0.05,-0.1724,82660,2389618,126,TWSE,common_stock,true,false,false,false,false,false,false,false,true,
2025-12-19,2451,創見,listed,189.0,189.0,175.0,175.5,-8.0,-4.3597,8715775,1565944383,12004,TWSE,common_stock,true,false,false,false,false,false,false,false,true,
2025-12-19,2453,凌群,listed,52.4,53.0,52.0,52.5,0.3,0.5747,167285,8772665,207,TWSE,common_stock,true,false,false,false,false,false,false,false,true,
2025-12-19,2454,聯發科,listed,1440.0,1445.0,1410.0,1410.0,-10.0,-0.7042,8310030,11826655290,13655,TWSE,common_stock,true,false,false,false,false,false,false,false,true,
2025-12-19,2455,全新,listed,132.5,135.5,132.0,134.0,3.0,2.2901,1555816,208314735,1389,TWSE,common_stock,true,false,false,false,false,false,false,false,true,
2025-12-19,2457,飛宏,listed,29.7,29.8,29.2,29.2,-0.1,-0.3413,2206213,64838653,1380,TWSE,common_stock,true,false,false,false,false,false,false,false,true,
2025-12-19,2458,義隆,listed,126.5,126.5,122.0,125.5,-1.0,-0.7905,3079764,382812037,2767,TWSE,common_stock,true,false,false,false,false,false,false,false,true,
2025-12-19,2459,敦吉,listed,65.0,65.2,65.0,65.2,0.3,0.4622,14521,944092,19,TWSE,common_stock,true,false,false,false,false,false,false,false,true,
2025-12-19,2460,建通,listed,19.2,19.9,19.0,19.6,0.6,3.1579,216707,4186654,170,TWSE,common_stock,true,false,false,false,false,false,false,false,true,
2025-12-19,2461,光群雷,listed,15.3,15.35,15.2,15.3,0.1,0.6579,124769,1905187,103,TWSE,common_stock,true,false,false,false,false,false,false,false,true,
2025-12-19,2462,良得電,listed,22.6,22.75,22.55,22.55,0.0,0.0,106033,2402566,83,TWSE,common_stock,true,false,false,false,false,false,false,false,true,
2025-12-19,2464,盟立,listed,59.4,60.4,59.4,59.9,0.5,0.8418,743058,44372154,669,TWSE,common_stock,true,false,false,false,false,false,false,false,true,
2025-12-19,2465,麗臺,listed,59.9,63.2,59.6,62.4,2.5,4.1736,648217,39973837,613,TWSE,common_stock,true,false,false,false,false,false,false,false,true,
2025-12-19,2466,冠西電,listed,65.8,67.0,65.0,66.7,0.8,1.214,1279428,84737031,823,TWSE,common_stock,true,false,false,false,false,false,false,false,true,
2025-12-19,2467,志聖,listed,232.5,233.0,223.0,223.5,-3.0,-1.3245,1906322,434981897,4304,TWSE,common_stock,true,false,false,false,false,false,false,false,true,
2025-12-19,2468,華經,listed,41.95,42.7,41.25,42.4,1.15,2.7879,1187480,50033038,892,TWSE,common_stock,true,false,false,false,false,false,false,false,true,
2025-12-19,2471,資通,listed,49.85,50.2,49.65,49.9,0.05,0.1003,57325,2858013,138,TWSE,common_stock,true,false,false,false,false,false,false,false,true,
2025-12-19,2472,立隆電,listed,105.0,107.5,103.0,105.0,1.5,1.4493,2289648,240818193,1574,TWSE,common_stock,true,false,false,false,false,false,false,false,true,
2025-12-19,2474,可成,listed,191.5,196.0,191.5,194.0,3.5,1.8373,2948741,572152266,1848,TWSE,common_stock,true,false,false,false,false,false,false,false,true,
2025-12-19,2476,鉅祥,listed,88.4,90.5,88.4,89.9,2.0,2.2753,1303889,116861326,955,TWSE,common_stock,true,false,false,false,false,false,false,false,true,
2025-12-19,2477,美隆電,listed,23.75,24.05,23.55,23.75,0.3,1.2793,58232,1382052,51,TWSE,common_stock,true,false,false,false,false,false,false,false,true,
2025-12-19,2478,大毅,listed,57.0,57.5,55.6,55.9,-0.3,-0.5338,818312,46112316,1078,TWSE,common_stock,true,false,false,false,false,false,false,false,true,
2025-12-19,2480,敦陽科,listed,150.5,150.5,148.5,150.0,1.5,1.0101,144425,21631519,176,TWSE,common_stock,true,false,false,false,false,false,false,false,true,
2025-12-19,2481,強茂,listed,83.5,85.0,82.4,82.7,0.1,0.1211,19955991,1665700006,14252,TWSE,common_stock,true,false,false,false,false,false,false,false,true,
2025-12-19,2482,連宇,listed,17.45,17.65,17.25,17.4,-0.1,-0.5714,97609,1700527,82,TWSE,common_stock,true,false,false,false,false,false,false,false,true,
2025-12-19,2483,百容,listed,18.65,19.05,18.65,18.95,0.15,0.7979,66000,1242950,61,TWSE,common_stock,true,false,false,false,false,false,false,false,true,
2025-12-19,2484,希華,listed,20.9,20.9,20.7,20.9,0.0,0.0,161136,3356789,188,TWSE,common_stock,true,false,false,false,false,false,false,false,true,
2025-12-19,2485,兆赫,listed,29.4,30.9,28.8,29.1,0.15,0.5181,68777575,2048530776,33676,TWSE,common_stock,true,false,false,false,false,false,false,false,true,
2025-12-19,2486,一詮,listed,91.0,91.8,89.8,90.2,-0.1,-0.1107,10332158,935592689,6554,TWSE,common_stock,true,false,false,false,false,false,false,false,true,
2025-12-19,2488,漢平,listed,45.4,45.65,45.4,45.5,0.15,0.3308,57562,2618539,68,TWSE,common_stock,true,false,false,false,false,false,false,false,true,
2025-12-19,2489,瑞軒,listed,14.55,14.85,14.55,14.75,0.2,1.3746,1432824,21128819,712,TWSE,common_stock,true,false,false,false,false,false,false,false,true,
2025-12-19,2491,吉祥全,listed,24.6,24.75,22.8,22.8,-2.5,-9.8814,1235160,29085725,736,TWSE,common_stock,true,false,false,false,false,false,false,false,true,
2025-12-19,2492,華新科,listed,116.5,117.5,114.0,115.0,0.5,0.4367,3590259,414819680,2753,TWSE,common_stock,true,false,false,false,false,false,false,false,true,
2025-12-19,2493,揚博,listed,98.5,98.5,97.0,97.5,0.5,0.5155,370471,36237851,651,TWSE,common_stock,true,false,false,false,false,false,false,false,true,
2025-12-19,2495,普安,listed,30.35,30.6,29.35,29.45,-1.05,-3.4426,15153447,451140321,8844,TWSE,common_stock,true,false,false,false,false,false,false,false,true,
2025-12-19,2496,卓越,listed,68.8,68.8,68.6,68.6,-0.3,-0.4354,3010,206888,4,TWSE,common_stock,true,false,false,false,false,false,false,false,true,
2025-12-19,2497,怡利電,listed,47.4,47.4,45.6,46.3,-0.7,-1.4894,383333,17687805,625,TWSE,common_stock,true,false,false,false,false,false,false,false,true,
2025-12-19,2498,宏達電,listed,49.0,49.35,48.6,49.3,0.75,1.5448,4367613,214358960,2656,TWSE,common_stock,true,false,false,false,false,false,false,false,true,
2025-12-19,2501,國建,listed,22.9,23.7,22.6,23.3,0.5,2.193,5944413,138705668,2247,TWSE,common_stock,true,false,false,false,false,false,false,false,true,
2025-12-19,2504,國產,listed,36.0,36.75,36.0,36.75,0.55,1.5193,7351888,268136809,2657,TWSE,common_stock,true,false,false,false,false,false,false,false,true,
2025-12-19,2505,國揚,listed,19.2,19.7,19.2,19.6,0.35,1.8182,712877,13947055,257,TWSE,common_stock,true,false,false,false,false,false,false,false,true,
2025-12-19,2506,太設,listed,9.3,9.34,9.26,9.31,0.02,0.2153,113553,1058942,91,TWSE,common_stock,true,false,false,false,false,false,false,false,true,
2025-12-19,2509,全坤建,listed,15.0,15.55,15.0,15.4,0.4,2.6667,343343,5248852,212,TWSE,common_stock,true,false,false,false,false,false,false,false,true,
2025-12-19,2511,太子,listed,8.11,8.29,8.11,8.22,0.11,1.3564,1197480,9858255,520,TWSE,common_stock,true,false,false,false,false,false,false,false,true,
2025-12-19,2514,龍邦,listed,14.85,15.05,14.85,15.0,0.15,1.0101,75963,1138322,87,TWSE,common_stock,true,false,false,false,false,false,false,false,true,
2025-12-19,2515,中工,listed,13.2,13.55,13.2,13.3,0.05,0.3774,9649100,128668025,2443,TWSE,common_stock,true,false,false,false,false,false,false,false,true,
2025-12-19,2516,新建,listed,14.85,15.0,14.85,14.9,0.05,0.3367,44579,665887,49,TWSE,common_stock,true,false,false,false,false,false,false,false,true,
2025-12-19,2520,冠德,listed,34.0,35.45,33.75,35.4,1.4,4.1176,15937456,557884828,7690,TWSE,common_stock,true,false,false,false,false,false,false,false,true,
2025-12-19,2524,京城,listed,42.9,43.2,42.0,42.4,0.25,0.5931,160803,6863192,174,TWSE,common_stock,true,false,false,false,false,false,false,false,true,
2025-12-19,2527,宏璟,listed,28.25,28.7,28.15,28.4,0.05,0.1764,147914,4215816,133,TWSE,common_stock,true,false,false,false,false,false,false,false,true,
2025-12-19,2528,皇普,listed,30.15,30.8,30.15,30.65,0.5,1.6584,1161672,35509978,737,TWSE,common_stock,true,false,false,false,false,false,false,false,true,
2025-12-19,2530,華建,listed,28.0,28.85,27.9,28.85,0.8,2.852,896591,25678138,506,TWSE,common_stock,true,false,false,false,false,false,false,false,true,
2025-12-19,2534,宏盛,listed,20.4,20.85,20.4,20.7,0.1,0.4854,464265,9613371,338,TWSE,common_stock,true,false,false,false,false,false,false,false,true,
2025-12-19,2535,達欣工,listed,62.0,62.9,62.0,62.5,0.3,0.4823,136152,8524253,199,TWSE,common_stock,true,false,false,false,false,false,false,false,true,
2025-12-19,2536,宏普,listed,26.4,26.75,26.35,26.6,0.35,1.3333,228301,6070090,159,TWSE,common_stock,true,false,false,false,false,false,false,false,true,
2025-12-19,2537,聯上發,listed,11.2,12.2,11.1,11.85,0.4,3.4934,11862194,139957389,4403,TWSE,common_stock,true,false,false,false,false,false,false,false,true,
2025-12-19,2538,基泰,listed,11.25,11.45,11.25,11.4,0.15,1.3333,343909,3915814,194,TWSE,common_stock,true,false,false,false,false,false,false,false,true,
2025-12-19,2539,櫻花建,listed,47.65,48.6,47.65,48.5,0.85,1.7838,837155,40434729,904,TWSE,common_stock,true,false,false,false,false,false,false,false,true,
2025-12-19,2540,愛山林,listed,48.05,48.85,47.85,48.15,-0.05,-0.1037,1556424,75186552,916,TWSE,common_stock,true,false,false,false,false,false,false,false,true,
2025-12-19,2542,興富發,listed,39.15,39.95,38.85,39.65,0.5,1.2771,14282340,566034950,5942,TWSE,common_stock,true,false,false,false,false,false,false,false,true,
2025-12-19,2543,皇昌,listed,62.3,63.5,62.3,62.7,0.8,1.2924,1796480,112783214,1334,TWSE,common_stock,true,false,false,false,false,false,false,false,true,
2025-12-19,2545,皇翔,listed,38.5,39.7,38.4,38.8,0.4,1.0417,1011915,39598348,1025,TWSE,common_stock,true,false,false,false,false,false,false,false,true,
2025-12-19,2546,根基,listed,86.4,87.6,86.4,87.1,0.7,0.8102,38949,3385765,112,TWSE,common_stock,true,false,false,false,false,false,false,false,true,
2025-12-19,2547,日勝生,listed,10.8,10.9,10.7,10.75,0.0,0.0,2090666,22607341,493,TWSE,common_stock,true,false,false,false,false,false,false,false,true,
2025-12-19,2548,華固,listed,111.5,118.0,110.0,114.5,3.5,3.1532,6655773,765854084,7211,TWSE,common_stock,true,false,false,false,false,false,false,false,true,
2025-12-19,2597,潤弘,listed,166.5,170.0,166.0,167.5,2.0,1.2085,938524,157739319,799,TWSE,common_stock,true,false,false,false,false,false,false,false,true,
2025-12-19,2601,益航,listed,5.51,5.56,5.49,5.53,0.04,0.7286,889193,4908801,359,TWSE,common_stock,true,false,false,false,false,false,false,false,true,
2025-12-19,2603,長榮,listed,182.5,185.5,182.0,185.5,2.5,1.3661,9546076,1763321626,5781,TWSE,common_stock,true,false,false,false,false,false,false,false,true,
2025-12-19,2605,新興,listed,25.8,26.3,25.5,26.1,0.25,0.9671,8934625,231516696,4106,TWSE,common_stock,true,false,false,false,false,false,false,false,true,
2025-12-19,2606,裕民,listed,60.9,61.4,60.0,61.4,0.5,0.821,7039707,428276471,4515,TWSE,common_stock,true,false,false,false,false,false,false,false,true,
2025-12-19,2607,榮運,listed,56.5,57.7,56.5,57.7,0.9,1.5845,2448841,139658275,1882,TWSE,common_stock,true,false,false,false,false,false,false,false,true,
2025-12-19,2608,嘉里大榮,listed,33.15,33.35,33.15,33.25,0.1,0.3017,92226,3064436,100,TWSE,common_stock,true,false,false,false,false,false,false,false,true,
2025-12-19,2609,陽明,listed,50.8,52.3,50.8,52.3,1.6,3.1558,48376276,2519256880,7813,TWSE,common_stock,true,false,false,false,false,false,false,false,true,
2025-12-19,2610,華航,listed,19.6,19.95,19.55,19.85,0.25,1.2755,29892702,592162672,5997,TWSE,common_stock,true,false,false,false,false,false,false,false,true,
2025-12-19,2611,志信,listed,14.9,15.0,14.8,14.95,0.1,0.6734,148968,2221228,155,TWSE,common_stock,true,false,false,false,false,false,false,false,true,
2025-12-19,2612,中航,listed,59.5,60.3,58.7,60.0,0.6,1.0101,1541709,91718454,1349,TWSE,common_stock,true,false,false,false,false,false,false,false,true,
2025-12-19,2613,中櫃,listed,23.1,23.5,23.0,23.5,0.35,1.5119,482241,11198875,280,TWSE,common_stock,true,false,false,false,false,false,false,false,true,
2025-12-19,2614,東森,listed,23.1,23.7,22.9,23.65,0.85,3.7281,3642437,85589246,1929,TWSE,common_stock,true,false,false,false,false,false,false,false,true,
2025-12-19,2615,萬海,listed,76.6,78.0,75.8,78.0,1.6,2.0942,19634359,1524616886,5330,TWSE,common_stock,true,false,false,false,false,false,false,false,true,
2025-12-19,2616,山隆,listed,13.7,13.7,13.65,13.65,0.05,0.3676,59283,811382,153,TWSE,common_stock,true,false,false,false,false,false,false,false,true,
2025-12-19,2617,台航,listed,30.4,30.7,30.2,30.55,0.25,0.8251,376590,11492522,277,TWSE,common_stock,true,false,false,false,false,false,false,false,true,
2025-12-19,2618,長榮航,listed,36.0,36.2,35.75,36.2,0.35,0.9763,25528755,921293578,7107,TWSE,common_stock,true,false,false,false,false,false,false,false,true,
2025-12-19,2630,亞航,listed,50.3,51.3,49.95,50.8,1.5,3.0426,2396423,121760268,1883,TWSE,common_stock,true,false,false,false,false,false,false,false,true,
2025-12-19,2633,台灣高鐵,listed,27.3,27.85,27.3,27.85,0.45,1.6423,6895331,191366275,1783,TWSE,common_stock,true,false,false,false,false,false,false,false,true,
2025-12-19,2634,漢翔,listed,51.7,52.2,50.6,50.8,1.0,2.008,10235357,523740050,6837,TWSE,common_stock,true,false,false,false,false,false,false,false,true,
2025-12-19,2636,台驊控股,listed,65.4,65.7,65.3,65.7,0.6,0.9217,209441,13714980,238,TWSE,common_stock,true,false,false,false,false,false,false,false,true,
2025-12-19,2637,慧洋-KY,listed,67.1,67.6,66.1,67.6,0.4,0.5952,2715743,181560099,2338,TWSE,common_stock,true,false,false,false,false,false,false,false,true,
2025-12-19,2642,宅配通,listed,26.7,26.7,26.15,26.15,-0.1,-0.381,16439,432878,53,TWSE,common_stock,true,false,false,false,false,false,false,false,true,
2025-12-19,2645,長榮航太,listed,140.0,147.0,138.5,144.0,6.0,4.3478,6256417,900634567,3875,TWSE,common_stock,true,false,false,false,false,false,false,false,true,
2025-12-19,2646,星宇航空,listed,22.95,23.4,22.95,23.4,0.45,1.9608,2890835,67195317,1648,TWSE,common_stock,true,false,false,false,false,false,false,false,true,
2025-12-19,2701,萬企,listed,11.05,11.1,11.0,11.05,0.0,0.0,40084,443074,29,TWSE,common_stock,true,false,false,false,false,false,false,false,true,
2025-12-19,2702,華園,listed,11.9,12.05,11.8,11.95,0.05,0.4202,65560,781596,64,TWSE,common_stock,true,false,false,false,false,false,false,false,true,
2025-12-19,2704,國賓,listed,43.25,43.5,43.15,43.35,0.1,0.2312,29281,1268098,36,TWSE,common_stock,true,false,false,false,false,false,false,false,true,
2025-12-19,2705,六福,listed,16.6,16.7,16.55,16.65,0.1,0.6042,73437,1221476,118,TWSE,common_stock,true,false,false,false,false,false,false,false,true,
2025-12-19,2706,第一店,listed,12.95,13.0,12.9,13.0,0.05,0.3861,59962,777837,71,TWSE,common_stock,true,false,false,false,false,false,false,false,true,
2025-12-19,2707,晶華,listed,188.5,189.5,188.5,189.5,1.0,0.5305,84882,16040431,225,TWSE,common_stock,true,false,false,false,false,false,false,false,true,
2025-12-19,2712,遠雄來,listed,18.0,18.4,18.0,18.4,0.1,0.5464,4000,72800,4,TWSE,common_stock,true,false,false,false,false,false,false,false,true,
2025-12-19,2722,夏都,listed,26.8,26.8,26.35,26.75,0.35,1.3258,17144,456583,23,TWSE,common_stock,true,false,false,false,false,false,false,false,true,
2025-12-19,2723,美食-KY,listed,68.1,69.4,68.1,69.4,1.5,2.2091,386299,26683808,331,TWSE,common_stock,true,false,false,false,false,false,false,false,true,
2025-12-19,2727,王品,listed,216.5,218.5,216.0,217.0,1.0,0.463,461568,100474717,827,TWSE,common_stock,true,false,false,false,false,false,false,false,true,
2025-12-19,2731,雄獅,listed,165.0,167.0,165.0,166.5,1.5,0.9091,410208,68097843,504,TWSE,common_stock,true,false,false,false,false,false,false,false,true,
2025-12-19,2739,寒舍,listed,35.75,36.05,35.65,35.9,0.25,0.7013,83338,2985037,90,TWSE,common_stock,true,false,false,false,false,false,false,false,true,
2025-12-19,2748,雲品,listed,42.75,43.3,42.7,43.1,0.4,0.9368,88032,3771738,82,TWSE,common_stock,true,false,false,false,false,false,false,false,true,
2025-12-19,2753,八方雲集,listed,194.5,196.0,194.5,195.5,2.0,1.0336,147567,28823915,215,TWSE,common_stock,true,false,false,false,false,false,false,false,true,
2025-12-19,2762,世界健身-KY,listed,77.6,78.5,77.6,78.5,1.1,1.4212,27392,2139923,40,TWSE,common_stock,true,false,false,false,false,false,false,false,true,
2025-12-19,2801,彰銀,listed,20.75,21.1,20.7,21.1,0.35,1.6867,34505079,723922500,6307,TWSE,common_stock,true,false,false,false,false,false,false,false,true,
2025-12-19,2812,台中銀,listed,21.2,21.65,21.15,21.45,0.1,0.4684,13844197,297436166,3628,TWSE,common_stock,true,false,false,false,false,false,false,false,true,
2025-12-19,2816,旺旺保,listed,28.95,29.1,28.9,29.1,0.1,0.3448,97599,2824002,64,TWSE,common_stock,true,false,false,false,false,false,false,false,true,
2025-12-19,2820,華票,listed,16.8,16.9,16.8,16.9,0.1,0.5952,390349,6579445,221,TWSE,common_stock,true,false,false,false,false,false,false,false,true,
2025-12-19,2832,台產,listed,50.6,50.9,50.3,50.7,0.1,0.1976,159528,8077849,209,TWSE,common_stock,true,false,false,false,false,false,false,false,true,
2025-12-19,2834,臺企銀,listed,15.95,16.2,15.95,16.15,0.15,0.9375,20752399,334396905,4642,TWSE,common_stock,true,false,false,false,false,false,false,false,true,
2025-12-19,2836,高雄銀,listed,12.4,12.55,12.4,12.55,0.15,1.2097,1986366,24797763,657,TWSE,common_stock,true,false,false,false,false,false,false,false,true,
2025-12-19,2836A,高雄銀甲特,listed,,,,,0.0,,0,0,0,TWSE,warrant,false,false,true,false,false,false,false,false,false,security_type=warrant;symbol_not_4_digit;invalid_close;invalid_volume;invalid_turnover
2025-12-19,2838,聯邦銀,listed,19.2,19.75,19.2,19.55,0.2,1.0336,3570253,69780893,875,TWSE,common_stock,true,false,false,false,false,false,false,false,true,
2025-12-19,2838A,聯邦銀甲特,listed,54.4,54.5,54.4,54.5,0.0,0.0,8098,440631,6,TWSE,warrant,false,false,true,false,false,false,false,false,false,security_type=warrant;symbol_not_4_digit
2025-12-19,2845,遠東銀,listed,12.8,12.9,12.75,12.9,0.05,0.3891,12788149,164734577,1907,TWSE,common_stock,true,false,false,false,false,false,false,false,true,
2025-12-19,2849,安泰銀,listed,13.55,13.6,13.45,13.55,0.0,0.0,73149,989846,73,TWSE,common_stock,true,false,false,false,false,false,false,false,true,
2025-12-19,2850,新產,listed,118.0,119.0,117.5,117.5,-1.0,-0.8439,371773,43899589,502,TWSE,common_stock,true,false,false,false,false,false,false,false,true,
2025-12-19,2851,中再保,listed,26.2,26.3,26.0,26.2,0.0,0.0,910727,23804884,462,TWSE,common_stock,true,false,false,false,false,false,false,false,true,
2025-12-19,2852,第一保,listed,28.05,28.35,28.0,28.25,0.2,0.713,414760,11693150,198,TWSE,common_stock,true,false,false,false,false,false,false,false,true,
2025-12-19,2855,統一證,listed,24.05,24.5,24.05,24.3,0.3,1.25,2310723,56295040,1041,TWSE,etf,false,true,false,false,false,false,false,false,false,security_type=etf
2025-12-19,2867,三商壽,listed,7.88,8.0,7.81,8.0,0.12,1.5228,24215431,192442875,4062,TWSE,common_stock,true,false,false,false,false,false,false,false,true,
2025-12-19,2880,華南金,listed,31.7,32.5,31.5,31.9,0.2,0.6309,50825344,1630425687,10918,TWSE,common_stock,true,false,false,false,false,false,false,false,true,
2025-12-19,2881,富邦金,listed,96.6,97.6,96.3,97.3,0.5,0.5165,21547066,2092477979,14384,TWSE,etf,false,true,false,false,false,false,false,false,false,security_type=etf
2025-12-19,2881A,富邦特,listed,63.4,63.4,63.3,63.3,0.0,0.0,22806,1444489,19,TWSE,etf,false,true,true,false,false,false,false,false,false,security_type=etf;symbol_not_4_digit
2025-12-19,2881B,富邦金乙特,listed,61.7,61.8,61.7,61.8,0.0,0.0,5755,354907,15,TWSE,etf,false,true,true,false,false,false,false,false,false,security_type=etf;symbol_not_4_digit
2025-12-19,2881C,富邦金丙特,listed,53.6,53.6,53.5,53.5,0.0,0.0,14272,764426,30,TWSE,etf,false,true,true,false,false,false,false,false,false,security_type=etf;symbol_not_4_digit
2025-12-19,2882,國泰金,listed,74.6,75.5,73.9,75.5,1.1,1.4785,52095116,3900403981,16678,TWSE,etf,false,true,false,false,false,false,false,false,false,security_type=etf
2025-12-19,2882A,國泰特,listed,60.7,60.7,60.6,60.7,0.0,0.0,50711,3077625,61,TWSE,etf,false,true,true,false,false,false,false,false,false,security_type=etf;symbol_not_4_digit
2025-12-19,2882B,國泰金乙特,listed,60.0,60.0,60.0,60.0,0.0,0.0,1500,89796,15,TWSE,etf,false,true,true,false,false,false,false,false,false,security_type=etf;symbol_not_4_digit
2025-12-19,2883,凱基金,listed,17.4,17.6,17.25,17.55,0.2,1.1527,48470752,849544787,9035,TWSE,etf,false,true,false,false,false,false,false,false,false,security_type=etf
2025-12-19,2883B,凱基金乙特,listed,7.86,7.88,7.85,7.88,0.01,0.1271,1523503,11987133,266,TWSE,etf,false,true,true,false,false,false,false,false,false,security_type=etf;symbol_not_4_digit
2025-12-19,2884,玉山金,listed,33.2,33.7,32.9,33.55,0.3,0.9023,140458700,4703810321,22425,TWSE,common_stock,true,false,false,false,false,false,false,false,true,
2025-12-19,2885,元大金,listed,39.25,40.2,39.2,40.2,0.95,2.4204,49972115,2000332987,12909,TWSE,etf,false,true,false,false,false,false,false,false,false,security_type=etf
2025-12-19,2886,兆豐金,listed,40.25,41.05,40.25,40.6,0.2,0.495,37442480,1525776957,12081,TWSE,etf,false,true,false,false,false,false,false,false,false,security_type=etf
2025-12-19,2887,台新新光金,listed,21.1,21.9,21.1,21.4,0.1,0.4695,491464941,10608093447,37609,TWSE,common_stock,true,false,false,false,false,false,false,false,true,
2025-12-19,2887E,台新新光戊特一,listed,49.9,49.95,49.6,49.65,0.05,0.1008,92448,4594888,82,TWSE,warrant,false,false,true,false,false,false,false,false,false,security_type=warrant;symbol_not_4_digit
2025-12-19,2887F,台新新光戊特二,listed,46.3,46.4,46.3,46.4,0.0,0.0,10213,472990,11,TWSE,warrant,false,false,true,false,false,false,false,false,false,security_type=warrant;symbol_not_4_digit
2025-12-19,2887G,台新新光庚特一,listed,39.4,39.5,39.4,39.5,0.05,0.1267,45869,1810104,41,TWSE,warrant,false,false,true,false,false,false,false,false,false,security_type=warrant;symbol_not_4_digit
2025-12-19,2887H,台新新光庚特二,listed,38.9,39.0,38.9,38.95,0.05,0.1285,39094,1522635,86,TWSE,warrant,false,false,true,false,false,false,false,false,false,security_type=warrant;symbol_not_4_digit
2025-12-19,2887I,台新新光辛特,listed,9.35,9.36,9.34,9.35,0.0,0.0,4446704,41566951,957,TWSE,warrant,false,false,true,false,false,false,false,false,false,security_type=warrant;symbol_not_4_digit
2025-12-19,2887Z1,台新新光己特,listed,16.5,16.55,16.4,16.55,0.05,0.303,170256,2806975,55,TWSE,warrant,false,false,true,false,false,false,false,false,false,security_type=warrant;symbol_not_4_digit
2025-12-19,2889,國票金,listed,16.4,16.6,16.4,16.5,0.1,0.6098,2631679,43408460,943,TWSE,common_stock,true,false,false,false,false,false,false,false,true,
2025-12-19,2890,永豐金,listed,28.85,29.4,28.75,29.1,0.25,0.8666,52639238,1537025675,10976,TWSE,etf,false,true,false,false,false,false,false,false,false,security_type=etf
2025-12-19,2891,中信金,listed,49.15,50.2,48.95,49.5,0.15,0.304,88296236,4381742051,22483,TWSE,etf,false,true,false,false,false,false,false,false,false,security_type=etf
2025-12-19,2891B,中信金乙特,listed,63.7,63.7,63.7,63.7,0.0,0.0,3865,245447,21,TWSE,etf,false,true,true,false,false,false,false,false,false,security_type=etf;symbol_not_4_digit
2025-12-19,2891C,中信金丙特,listed,60.0,60.3,60.0,60.3,0.0,0.0,2690,161552,20,TWSE,etf,false,true,true,false,false,false,false,false,false,security_type=etf;symbol_not_4_digit
2025-12-19,2892,第一金,listed,29.4,29.95,29.4,29.95,0.55,1.8707,111768493,3329393157,15307,TWSE,common_stock,true,false,false,false,false,false,false,false,true,
2025-12-19,2897,王道銀行,listed,9.12,9.18,9.11,9.13,0.01,0.1096,3000464,27424938,732,TWSE,common_stock,true,false,false,false,false,false,false,false,true,
2025-12-19,2897B,王道銀乙特,listed,11.85,11.85,11.85,11.85,0.0,0.0,60272,714224,14,TWSE,warrant,false,false,true,false,false,false,false,false,false,security_type=warrant;symbol_not_4_digit
2025-12-19,2901,欣欣,listed,,,,,0.0,,367,9336,12,TWSE,other,false,false,false,false,false,false,false,false,false,invalid_close
2025-12-19,2903,遠百,listed,22.35,22.7,22.3,22.35,0.1,0.4494,7874139,177350702,2370,TWSE,common_stock,true,false,false,false,false,false,false,false,true,
2025-12-19,2904,匯僑,listed,17.1,17.15,17.1,17.1,0.0,0.0,3143,53788,14,TWSE,common_stock,true,false,false,false,false,false,false,false,true,
2025-12-19,2905,三商,listed,16.45,16.55,16.35,16.45,0.0,0.0,663056,10897324,398,TWSE,common_stock,true,false,false,false,false,false,false,false,true,
2025-12-19,2906,高林,listed,12.8,12.9,12.75,12.85,0.0,0.0,136177,1746114,158,TWSE,common_stock,true,false,false,false,false,false,false,false,true,
2025-12-19,2908,特力,listed,20.4,20.45,20.3,20.45,0.05,0.2451,300361,6137675,58,TWSE,common_stock,true,false,false,false,false,false,false,false,true,
2025-12-19,2910,統領,listed,21.1,21.1,21.05,21.05,0.1,0.4773,3000,63200,2,TWSE,common_stock,true,false,false,false,false,false,false,false,true,
2025-12-19,2911,麗嬰房,listed,4.56,4.56,4.55,4.55,0.0,0.0,19999,91327,69,TWSE,common_stock,true,false,false,false,false,false,false,false,true,
2025-12-19,2912,統一超,listed,221.5,225.5,221.5,224.0,2.5,1.1287,2066726,462806805,2249,TWSE,etf,false,true,false,false,false,false,false,false,false,security_type=etf
2025-12-19,2913,農林,listed,13.75,13.95,13.7,13.9,0.25,1.8315,735711,10198825,465,TWSE,common_stock,true,false,false,false,false,false,false,false,true,
2025-12-19,2915,潤泰全,listed,55.2,55.9,55.1,55.6,0.7,1.275,1845623,102537041,1136,TWSE,common_stock,true,false,false,false,false,false,false,false,true,
2025-12-19,2923,鼎固-KY,listed,20.45,20.65,20.3,20.6,0.5,2.4876,26568,543153,36,TWSE,common_stock,true,false,false,false,false,false,false,false,true,
2025-12-19,2929,淘帝-KY,listed,8.1,8.1,7.97,8.02,-0.08,-0.9877,226411,1815122,119,TWSE,common_stock,true,false,false,false,false,false,false,false,true,
2025-12-19,2939,永邑-KY,listed,23.75,23.8,23.65,23.8,-0.15,-0.6263,10092,239558,14,TWSE,common_stock,true,false,false,false,false,false,false,false,true,
2025-12-19,2945,三商家購,listed,37.8,38.0,37.8,38.0,0.0,0.0,8160,309786,10,TWSE,warrant,false,false,true,false,false,false,false,false,false,security_type=warrant
2025-12-19,3002,歐格,listed,27.2,27.55,26.6,26.6,-0.1,-0.3745,1214162,32716822,1051,TWSE,common_stock,true,false,false,false,false,false,false,false,true,
2025-12-19,3003,健和興,listed,47.05,47.8,47.05,47.75,0.65,1.38,86141,4096911,83,TWSE,common_stock,true,false,false,false,false,false,false,false,true,
2025-12-19,3004,豐達科,listed,99.0,101.5,98.3,100.0,2.0,2.0408,481592,48208311,693,TWSE,common_stock,true,false,false,false,false,false,false,false,true,
2025-12-19,3005,神基,listed,116.5,118.0,116.0,116.5,0.0,0.0,1496169,174878738,1079,TWSE,common_stock,true,false,false,false,false,false,false,false,true,
2025-12-19,3006,晶豪科,listed,83.4,84.5,80.6,80.6,-0.9,-1.1043,4616607,378298111,5865,TWSE,common_stock,true,false,false,false,false,false,false,false,true,
2025-12-19,3008,大立光,listed,2035.0,2060.0,2035.0,2060.0,30.0,1.4778,307883,632248745,1365,TWSE,common_stock,true,false,false,false,false,false,false,false,true,
2025-12-19,3010,華立,listed,119.0,119.0,113.5,116.0,-1.0,-0.8547,1669332,192387952,1760,TWSE,common_stock,true,false,false,false,false,false,false,false,true,
2025-12-19,3011,今皓,listed,13.85,14.25,13.75,14.2,0.4,2.8986,813072,11450066,464,TWSE,common_stock,true,false,false,false,false,false,false,false,true,
2025-12-19,3013,晟銘電,listed,125.5,128.0,125.0,127.0,3.5,2.834,1884763,238217536,1714,TWSE,common_stock,true,false,false,false,false,false,false,false,true,
2025-12-19,3014,聯陽,listed,114.0,115.5,114.0,114.5,0.5,0.4386,399332,45796448,396,TWSE,common_stock,true,false,false,false,false,false,false,false,true,
2025-12-19,3015,全漢,listed,53.6,54.2,53.5,53.5,0.0,0.0,208671,11215070,208,TWSE,common_stock,true,false,false,false,false,false,false,false,true,
2025-12-19,3016,嘉晶,listed,52.5,52.9,50.4,50.8,-1.1,-2.1195,1985211,101757413,1845,TWSE,common_stock,true,false,false,false,false,false,false,false,true,
2025-12-19,3017,奇鋐,listed,1385.0,1450.0,1380.0,1450.0,90.0,6.6176,6314924,8971550145,15026,TWSE,common_stock,true,false,false,false,false,false,false,false,true,
2025-12-19,3018,隆銘綠能,listed,11.7,11.7,11.7,11.7,0.0,0.0,4305,50573,35,TWSE,common_stock,true,false,false,false,false,false,false,false,true,
2025-12-19,3019,亞光,listed,138.0,138.5,136.5,136.5,0.0,0.0,1420145,194721114,1340,TWSE,common_stock,true,false,false,false,false,false,false,false,true,
2025-12-19,3021,鴻名,listed,17.6,17.95,17.6,17.65,0.05,0.2841,56271,999333,45,TWSE,common_stock,true,false,false,false,false,false,false,false,true,
2025-12-19,3022,威強電,listed,67.1,68.6,67.1,68.6,1.6,2.3881,593340,40307333,603,TWSE,common_stock,true,false,false,false,false,false,false,false,true,
2025-12-19,3023,信邦,listed,202.0,203.5,199.5,200.0,0.0,0.0,1401774,281165525,1132,TWSE,common_stock,true,false,false,false,false,false,false,false,true,
2025-12-19,3024,憶聲,listed,11.2,11.3,11.05,11.15,-0.1,-0.8889,539577,6026430,428,TWSE,common_stock,true,false,false,false,false,false,false,false,true,
2025-12-19,3025,星通,listed,61.0,63.7,60.3,63.7,3.2,5.2893,2175021,135894767,1819,TWSE,common_stock,true,false,false,false,false,false,false,false,true,
2025-12-19,3026,禾伸堂,listed,101.0,102.0,100.0,100.0,0.0,0.0,1037129,104203027,585,TWSE,common_stock,true,false,false,false,false,false,false,false,true,
2025-12-19,3027,盛達,listed,22.6,22.95,22.55,22.9,0.35,1.5521,185808,4223620,130,TWSE,common_stock,true,false,false,false,false,false,false,false,true,
2025-12-19,3028,增你強,listed,39.2,39.2,38.35,38.5,-0.4,-1.0283,2021691,78078505,1702,TWSE,common_stock,true,false,false,false,false,false,false,false,true,
2025-12-19,3029,零壹,listed,110.0,111.0,109.5,111.0,1.5,1.3699,340047,37511429,445,TWSE,common_stock,true,false,false,false,false,false,false,false,true,
2025-12-19,3030,德律,listed,174.0,188.0,172.5,188.0,17.0,9.9415,15067878,2760625530,15266,TWSE,common_stock,true,false,false,false,false,false,false,false,true,
2025-12-19,3031,佰鴻,listed,19.7,19.7,19.4,19.5,0.0,0.0,241815,4712151,178,TWSE,common_stock,true,false,false,false,false,false,false,false,true,
2025-12-19,3032,偉訓,listed,76.0,77.0,75.6,76.8,1.2,1.5873,482219,36858590,370,TWSE,common_stock,true,false,false,false,false,false,false,false,true,
2025-12-19,3033,威健,listed,30.7,30.85,30.5,30.6,0.05,0.1637,977201,29962166,583,TWSE,common_stock,true,false,false,false,false,false,false,false,true,
2025-12-19,3034,聯詠,listed,378.5,380.0,373.0,376.0,-1.5,-0.3974,2037551,765160052,3288,TWSE,common_stock,true,false,false,false,false,false,false,false,true,
2025-12-19,3035,智原,listed,168.5,170.0,166.0,166.0,-2.0,-1.1905,2260273,378273613,2846,TWSE,common_stock,true,false,false,false,false,false,false,false,true,
2025-12-19,3036,文曄,listed,149.0,155.0,148.5,152.0,5.0,3.4014,18117255,2769039478,7580,TWSE,common_stock,true,false,false,false,false,false,false,false,true,
2025-12-19,3036A,文曄甲特,listed,51.4,51.4,51.3,51.4,0.0,0.0,87604,4502291,29,TWSE,warrant,false,false,true,false,false,false,false,false,false,security_type=warrant;symbol_not_4_digit
2025-12-19,3037,欣興,listed,211.0,216.5,209.0,215.0,8.0,3.8647,26149364,5602903283,16180,TWSE,common_stock,true,false,false,false,false,false,false,false,true,
2025-12-19,3038,全台,listed,23.05,23.05,22.8,22.95,-0.05,-0.2174,414844,9526858,246,TWSE,common_stock,true,false,false,false,false,false,false,false,true,
2025-12-19,3040,遠見,listed,55.7,57.2,55.7,56.2,0.1,0.1783,52459,2950326,58,TWSE,common_stock,true,false,false,false,false,false,false,false,true,
2025-12-19,3041,揚智,listed,25.05,25.2,24.75,24.75,0.0,0.0,582011,14457694,358,TWSE,common_stock,true,false,false,false,false,false,false,false,true,
2025-12-19,3042,晶技,listed,83.0,83.9,83.0,83.1,0.2,0.2413,1053802,87996607,824,TWSE,common_stock,true,false,false,false,false,false,false,false,true,
2025-12-19,3043,科風,listed,21.6,21.75,21.35,21.35,0.0,0.0,45845,983129,78,TWSE,common_stock,true,false,false,false,false,false,false,false,true,
2025-12-19,3044,健鼎,listed,303.0,307.0,301.5,303.0,3.5,1.1686,3056253,929106997,3162,TWSE,common_stock,true,false,false,false,false,false,false,false,true,
2025-12-19,3045,台灣大,listed,104.5,106.5,104.0,106.0,1.5,1.4354,49771303,5264092731,8472,TWSE,common_stock,true,false,false,false,false,false,false,false,true,
2025-12-19,3046,建碁,listed,52.0,52.9,52.0,52.9,1.1,2.1236,266891,14049237,343,TWSE,common_stock,true,false,false,false,false,false,false,false,true,
2025-12-19,3047,訊舟,listed,19.0,19.2,18.4,18.5,-0.1,-0.5376,2868864,53580949,1563,TWSE,common_stock,true,false,false,false,false,false,false,false,true,
2025-12-19,3048,益登,listed,39.5,40.3,38.65,38.8,0.0,0.0,2803363,110277832,2329,TWSE,common_stock,true,false,false,false,false,false,false,false,true,
2025-12-19,3049,精金,listed,7.25,7.5,7.17,7.36,-0.03,-0.406,2811669,20494066,1049,TWSE,common_stock,true,false,false,false,false,false,false,false,true,
2025-12-19,3050,鈺德,listed,13.45,13.55,13.2,13.55,0.1,0.7435,1379545,18432382,666,TWSE,common_stock,true,false,false,false,false,false,false,false,true,
2025-12-19,3051,力特,listed,18.5,18.75,18.5,18.75,0.25,1.3514,174160,3236237,173,TWSE,common_stock,true,false,false,false,false,false,false,false,true,
2025-12-19,3052,夆典,listed,11.75,11.8,11.65,11.7,0.0,0.0,798640,9380363,230,TWSE,common_stock,true,false,false,false,false,false,false,false,true,
2025-12-19,3054,立萬利,listed,27.35,27.55,26.5,26.95,-0.35,-1.2821,40408,1089132,39,TWSE,common_stock,true,false,false,false,false,false,false,false,true,
2025-12-19,3055,蔚華科,listed,75.4,76.5,74.2,75.2,1.0,1.3477,627074,47199540,914,TWSE,common_stock,true,false,false,false,false,false,false,false,true,
2025-12-19,3056,富華新,listed,17.95,18.5,17.95,18.15,0.2,1.1142,1754706,32029008,1212,TWSE,common_stock,true,false,false,false,false,false,false,false,true,
2025-12-19,3057,喬鼎,listed,17.95,19.05,17.95,19.05,1.7,9.7983,2015249,37621049,1412,TWSE,common_stock,true,false,false,false,false,false,false,false,true,
2025-12-19,3058,立德,listed,10.6,10.75,10.5,10.6,-0.05,-0.4695,427893,4524312,349,TWSE,common_stock,true,false,false,false,false,false,false,false,true,
2025-12-19,3059,華晶科,listed,40.5,40.85,40.35,40.45,0.2,0.4969,1311232,53186966,1338,TWSE,common_stock,true,false,false,false,false,false,false,false,true,
2025-12-19,3060,銘異,listed,35.05,35.2,33.1,33.55,-1.4,-4.0057,50004238,1708033781,23720,TWSE,common_stock,true,false,false,false,false,false,false,false,true,
2025-12-19,3062,建漢,listed,24.1,24.15,23.65,23.65,-0.2,-0.8386,1687666,40189723,953,TWSE,common_stock,true,false,false,false,false,false,false,false,true,
2025-12-19,3090,日電貿,listed,95.0,96.0,93.7,94.6,1.0,1.0684,4164400,394296618,2658,TWSE,common_stock,true,false,false,false,false,false,false,false,true,
2025-12-19,3092,鴻碩,listed,16.05,16.25,15.95,16.05,0.1,0.627,212937,3426246,141,TWSE,common_stock,true,false,false,false,false,false,false,false,true,
2025-12-19,3094,聯傑,listed,24.0,24.1,23.8,23.95,-0.05,-0.2083,113690,2725364,103,TWSE,common_stock,true,false,false,false,false,false,false,false,true,
2025-12-19,3130,一零四,listed,224.0,224.0,223.5,223.5,-1.5,-0.6667,4516,1011292,499,TWSE,common_stock,true,false,false,false,false,false,false,false,true,
2025-12-19,3135,凌航,listed,65.7,66.6,62.7,62.7,-1.2,-1.8779,1412821,90574959,1385,TWSE,common_stock,true,false,false,false,false,false,false,false,true,
2025-12-19,3138,耀登,listed,109.5,111.5,102.0,102.0,-4.0,-3.7736,1655108,176151849,1821,TWSE,common_stock,true,false,false,false,false,false,false,false,true,
2025-12-19,3149,正達,listed,33.95,34.45,33.55,33.55,0.15,0.4491,806966,27375067,667,TWSE,common_stock,true,false,false,false,false,false,false,false,true,
2025-12-19,3150,鈺寶-創,listed,19.6,20.05,19.55,19.7,0.4,2.0725,54021,1065857,30,TWSE,common_stock,true,false,false,false,false,false,false,false,true,
2025-12-19,3164,景岳,listed,18.3,18.3,18.25,18.25,-0.05,-0.2732,8344,152560,38,TWSE,common_stock,true,false,false,false,false,false,false,false,true,
2025-12-19,3167,大量,listed,219.0,228.5,216.5,217.0,2.5,1.1655,8100964,1792654922,9589,TWSE,common_stock,true,false,false,false,false,false,false,false,true,
2025-12-19,3168,眾福科,listed,43.5,43.5,42.1,42.95,-0.65,-1.4908,15228,649309,18,TWSE,common_stock,true,false,false,false,false,false,false,false,true,
2025-12-19,3189,景碩,listed,135.0,137.5,133.5,135.0,3.0,2.2727,8859608,1198293513,6253,TWSE,common_stock,true,false,false,false,false,false,false,false,true,
2025-12-19,3209,全科,listed,31.8,31.8,31.4,31.65,-0.15,-0.4717,417978,13195098,345,TWSE,common_stock,true,false,false,false,false,false,false,false,true,
2025-12-19,3229,晟鈦,listed,25.15,26.0,25.15,25.8,0.65,2.5845,304808,7788842,234,TWSE,common_stock,true,false,false,false,false,false,false,false,true,
2025-12-19,3231,緯創,listed,141.5,144.0,141.0,144.0,4.5,3.2258,32344030,4615671033,19074,TWSE,common_stock,true,false,false,false,false,false,false,false,true,
2025-12-19,3257,虹冠電,listed,65.3,68.3,64.5,68.3,6.2,9.9839,3340248,222623484,2124,TWSE,common_stock,true,false,false,false,false,false,false,false,true,
2025-12-19,3266,昇陽,listed,13.8,14.05,13.8,14.0,0.15,1.083,48000,671650,32,TWSE,common_stock,true,false,false,false,false,false,false,false,true,
2025-12-19,3296,勝德,listed,25.0,25.0,24.3,24.35,-0.05,-0.2049,133866,3267123,170,TWSE,common_stock,true,false,false,false,false,false,false,false,true,
2025-12-19,3305,昇貿,listed,103.0,104.5,101.0,102.0,0.0,0.0,5812703,595439848,5457,TWSE,common_stock,true,false,false,false,false,false,false,false,true,
2025-12-19,3308,聯德,listed,16.25,16.25,15.8,15.8,-0.25,-1.5576,43346,688165,107,TWSE,common_stock,true,false,false,false,false,false,false,false,true,
2025-12-19,3311,閎暉,listed,30.7,31.8,30.7,31.35,0.7,2.2838,467958,14530281,200,TWSE,common_stock,true,false,false,false,false,false,false,false,true,
2025-12-19,3312,弘憶股,listed,35.5,36.2,35.5,35.95,0.6,1.6973,406002,14554333,343,TWSE,common_stock,true,false,false,false,false,false,false,false,true,
2025-12-19,3321,同泰,listed,17.3,18.15,17.0,17.7,0.8,4.7337,508864,9007861,982,TWSE,common_stock,true,false,false,false,false,false,false,false,true,
2025-12-19,3338,泰碩,listed,48.8,49.3,48.6,48.8,0.05,0.1026,183866,8993481,183,TWSE,common_stock,true,false,false,false,false,false,false,false,true,
2025-12-19,3346,麗清,listed,18.75,19.15,18.75,19.05,0.3,1.6,91604,1741200,77,TWSE,common_stock,true,false,false,false,false,false,false,false,true,
2025-12-19,3356,奇偶,listed,45.55,45.65,45.0,45.35,0.45,1.0022,90706,4115954,156,TWSE,common_stock,true,false,false,false,false,false,false,false,true,
2025-12-19,3376,新日興,listed,208.0,214.0,206.0,210.5,5.0,2.4331,2285327,481368489,3170,TWSE,common_stock,true,false,false,false,false,false,false,false,true,
2025-12-19,3380,明泰,listed,31.45,31.7,30.95,31.05,-0.15,-0.4808,1208825,37679610,777,TWSE,common_stock,true,false,false,false,false,false,false,false,true,
2025-12-19,3406,玉晶光,listed,418.5,420.0,416.0,419.0,1.5,0.3593,865509,362048270,792,TWSE,common_stock,true,false,false,false,false,false,false,false,true,
2025-12-19,3413,京鼎,listed,286.5,290.0,286.5,287.5,4.0,1.4109,749263,215791981,1217,TWSE,common_stock,true,false,false,false,false,false,false,false,true,
2025-12-19,3416,融程電,listed,149.5,153.5,149.0,153.5,5.0,3.367,203929,30924883,300,TWSE,common_stock,true,false,false,false,false,false,false,false,true,
2025-12-19,3419,譁裕,listed,13.05,13.2,12.95,13.1,-0.2,-1.5038,154446,2012994,116,TWSE,common_stock,true,false,false,false,false,false,false,false,true,
2025-12-19,3432,台端,listed,14.05,14.1,13.95,14.1,-0.1,-0.7042,7000,98100,7,TWSE,common_stock,true,false,false,false,false,false,false,false,true,
2025-12-19,3437,榮創,listed,14.25,14.5,14.15,14.35,0.15,1.0563,221268,3155068,149,TWSE,common_stock,true,false,false,false,false,false,false,false,true,
2025-12-19,3443,創意,listed,2080.0,2105.0,2020.0,2045.0,25.0,1.2376,3318020,6813945010,5413,TWSE,common_stock,true,false,false,false,false,false,false,false,true,
2025-12-19,3447,展達,listed,46.85,47.2,46.65,46.7,0.1,0.2146,160042,7505098,133,TWSE,common_stock,true,false,false,false,false,false,false,false,true,
2025-12-19,3450,聯鈞,listed,246.0,250.0,236.0,238.0,-3.0,-1.2448,11039362,2662579190,11897,TWSE,common_stock,true,false,false,false,false,false,false,false,true,
2025-12-19,3454,晶睿,listed,98.7,98.8,98.6,98.7,0.0,0.0,800993,79055817,614,TWSE,common_stock,true,false,false,false,false,false,false,false,true,
2025-12-19,3481,群創,listed,12.5,12.9,12.35,12.7,0.3,2.4194,76907150,966120591,13726,TWSE,common_stock,true,false,false,false,false,false,false,false,true,
2025-12-19,3494,誠研,listed,8.25,8.29,8.11,8.11,-0.14,-1.697,140326,1145763,76,TWSE,common_stock,true,false,false,false,false,false,false,false,true,
2025-12-19,3501,維熹,listed,48.8,48.8,48.5,48.5,-0.3,-0.6148,79275,3853375,104,TWSE,common_stock,true,false,false,false,false,false,false,false,true,
2025-12-19,3504,揚明光,listed,51.6,51.7,50.9,51.1,0.2,0.3929,78146,3999968,71,TWSE,common_stock,true,false,false,false,false,false,false,false,true,
2025-12-19,3515,華擎,listed,250.0,252.5,247.0,250.0,2.0,0.8065,877585,219251070,2070,TWSE,common_stock,true,false,false,false,false,false,false,false,true,
2025-12-19,3518,柏騰,listed,20.35,20.45,20.05,20.35,0.15,0.7426,81462,1652571,71,TWSE,common_stock,true,false,false,false,false,false,false,false,true,
2025-12-19,3528,安馳,listed,68.6,68.6,67.4,68.0,0.6,0.8902,77116,5255632,64,TWSE,common_stock,true,false,false,false,false,false,false,false,true,
2025-12-19,3530,晶相光,listed,73.2,73.5,70.9,70.9,-1.0,-1.3908,244931,17604574,406,TWSE,common_stock,true,false,false,false,false,false,false,false,true,
2025-12-19,3532,台勝科,listed,93.0,95.2,91.6,91.9,1.8,1.9978,2777188,258100285,1813,TWSE,common_stock,true,false,false,false,false,false,false,false,true,
2025-12-19,3533,嘉澤,listed,1305.0,1320.0,1300.0,1305.0,20.0,1.5564,437664,572204105,903,TWSE,common_stock,true,false,false,false,false,false,false,false,true,
2025-12-19,3535,晶彩科,listed,88.6,91.0,87.8,91.0,3.5,4.0,3414731,306757318,4207,TWSE,common_stock,true,false,false,false,false,false,false,false,true,
2025-12-19,3543,州巧,listed,42.35,42.8,41.2,41.7,0.0,0.0,1148578,48115885,674,TWSE,common_stock,true,false,false,false,false,false,false,false,true,
2025-12-19,3545,敦泰,listed,51.4,51.7,50.2,51.0,0.6,1.1905,778163,39537268,626,TWSE,common_stock,true,false,false,false,false,false,false,false,true,
2025-12-19,3550,聯穎,listed,13.65,14.55,13.5,14.1,0.85,6.4151,4178943,59634701,2616,TWSE,common_stock,true,false,false,false,false,false,false,false,true,
2025-12-19,3557,嘉威,listed,35.7,36.05,35.55,35.75,0.0,0.0,31644,1128304,38,TWSE,common_stock,true,false,false,false,false,false,false,false,true,
2025-12-19,3563,牧德,listed,501.0,526.0,501.0,514.0,19.5,3.9434,1979885,1023035280,2913,TWSE,common_stock,true,false,false,false,false,false,false,false,true,
2025-12-19,3576,聯合再生,listed,7.6,7.69,7.4,7.54,-0.02,-0.2646,13592127,102843419,4182,TWSE,common_stock,true,false,false,false,false,false,false,false,true,
2025-12-19,3583,辛耘,listed,324.0,326.5,321.5,325.0,6.0,1.8809,166718,54046512,1001,TWSE,common_stock,true,false,false,false,false,false,false,false,true,
2025-12-19,3588,通嘉,listed,48.15,48.45,47.6,47.6,0.0,0.0,89141,4284751,301,TWSE,common_stock,true,false,false,false,false,false,false,false,true,
2025-12-19,3591,艾笛森,listed,18.95,18.95,18.65,18.7,-0.2,-1.0582,175839,3300335,122,TWSE,common_stock,true,false,false,false,false,false,false,false,true,
2025-12-19,3592,瑞鼎,listed,227.5,228.0,221.5,225.0,-1.5,-0.6623,1780817,397947872,2008,TWSE,common_stock,true,false,false,false,false,false,false,false,true,
2025-12-19,3596,智易,listed,178.0,180.5,177.5,180.5,3.0,1.6901,417800,74943369,408,TWSE,common_stock,true,false,false,false,false,false,false,false,true,
2025-12-19,3605,宏致,listed,60.1,60.6,59.9,60.6,1.0,1.6779,838166,50540929,586,TWSE,common_stock,true,false,false,false,false,false,false,false,true,
2025-12-19,3607,谷崧,listed,14.4,14.45,14.2,14.35,0.2,1.4134,203110,2911682,146,TWSE,common_stock,true,false,false,false,false,false,false,false,true,
2025-12-19,3617,碩天,listed,199.5,201.0,198.5,200.5,0.5,0.25,175356,35063928,506,TWSE,common_stock,true,false,false,false,false,false,false,false,true,
2025-12-19,3622,洋華,listed,65.3,65.4,64.4,65.1,0.2,0.3082,223538,14522625,245,TWSE,common_stock,true,false,false,false,false,false,false,false,true,
2025-12-19,3645,達邁,listed,53.5,54.4,53.3,53.6,0.8,1.5152,732949,39429216,596,TWSE,common_stock,true,false,false,false,false,false,false,false,true,
2025-12-19,3652,精聯,listed,28.1,28.6,28.1,28.6,0.0,0.0,44000,1249500,32,TWSE,common_stock,true,false,false,false,false,false,false,false,true,
2025-12-19,3653,健策,listed,2690.0,2710.0,2630.0,2630.0,-25.0,-0.9416,2985102,7898100500,4880,TWSE,common_stock,true,false,false,false,false,false,false,false,true,
2025-12-19,3661,世芯-KY,listed,3260.0,3300.0,3200.0,3215.0,45.0,1.4196,1892141,6152496895,7242,TWSE,common_stock,true,false,false,false,false,false,false,false,true,
2025-12-19,3665,貿聯-KY,listed,1455.0,1480.0,1415.0,1440.0,0.0,0.0,8162912,11806013545,5386,TWSE,common_stock,true,false,false,false,false,false,false,false,true,
2025-12-19,3669,圓展,listed,28.95,28.95,28.8,28.8,-0.15,-0.5181,14001,404829,15,TWSE,common_stock,true,false,false,false,false,false,false,false,true,
2025-12-19,3673,TPK-KY,listed,41.4,41.5,40.95,41.15,0.2,0.4884,1288392,53117015,914,TWSE,common_stock,true,false,false,false,false,false,false,false,true,
2025-12-19,3679,新至陞,listed,113.5,115.0,113.5,114.5,1.0,0.8811,16517,1880831,26,TWSE,common_stock,true,false,false,false,false,false,false,false,true,
2025-12-19,3686,達能,listed,18.2,18.3,17.95,18.2,0.2,1.1111,151332,2746286,143,TWSE,common_stock,true,false,false,false,false,false,false,false,true,
2025-12-19,3694,海華,listed,57.4,59.4,57.1,58.8,1.8,3.1579,1141843,66960184,910,TWSE,common_stock,true,false,false,false,false,false,false,false,true,
2025-12-19,3701,大眾控,listed,36.45,37.15,35.5,36.65,0.75,2.0891,1229753,44625537,1101,TWSE,common_stock,true,false,false,false,false,false,false,false,true,
2025-12-19,3702,大聯大,listed,60.0,60.5,59.2,59.2,-0.5,-0.8375,23252708,1386914988,10212,TWSE,common_stock,true,false,false,false,false,false,false,false,true,
2025-12-19,3703,欣陸,listed,22.85,23.35,22.85,23.2,0.4,1.7544,1319947,30614173,682,TWSE,common_stock,true,false,false,false,false,false,false,false,true,
2025-12-19,3704,合勤控,listed,31.75,32.2,31.75,31.95,0.45,1.4286,946211,30234732,552,TWSE,common_stock,true,false,false,false,false,false,false,false,true,
2025-12-19,3705,永信,listed,57.3,57.5,57.0,57.4,0.1,0.1745,252399,14472160,162,TWSE,common_stock,true,false,false,false,false,false,false,false,true,
2025-12-19,3706,神達,listed,81.3,81.7,80.3,81.5,1.5,1.875,8754772,710070232,6969,TWSE,common_stock,true,false,false,false,false,false,false,false,true,
2025-12-19,3708,上緯投控,listed,106.0,110.5,106.0,109.0,3.5,3.3175,1115411,121081318,942,TWSE,common_stock,true,false,false,false,false,false,false,false,true,
2025-12-19,3711,日月光投控,listed,227.5,229.5,224.5,229.5,7.5,3.3784,23088421,5263190040,8880,TWSE,common_stock,true,false,false,false,false,false,false,false,true,
2025-12-19,3712,永崴投控,listed,25.1,25.55,25.0,25.4,0.45,1.8036,305575,7730537,246,TWSE,common_stock,true,false,false,false,false,false,false,false,true,
2025-12-19,3714,富采,listed,31.9,32.95,31.85,32.95,1.15,3.6164,1476091,48029769,1091,TWSE,common_stock,true,false,false,false,false,false,false,false,true,
2025-12-19,3715,定穎投控,listed,115.0,122.5,114.0,118.5,6.0,5.3333,41971055,5008988788,26005,TWSE,common_stock,true,false,false,false,false,false,false,false,true,
2025-12-19,3716,中化控股,listed,33.8,33.8,33.6,33.6,0.0,0.0,64836,2182818,89,TWSE,common_stock,true,false,false,false,false,false,false,false,true,
2025-12-19,3717,聯嘉投控,listed,16.95,17.1,16.85,16.95,0.05,0.2959,205272,3484124,108,TWSE,common_stock,true,false,false,false,false,false,false,false,true,
2025-12-19,4104,佳醫,listed,81.5,81.9,81.4,81.7,0.3,0.3686,56640,4621308,691,TWSE,common_stock,true,false,false,false,false,false,false,false,true,
2025-12-19,4106,雃博,listed,22.2,22.2,22.1,22.15,0.1,0.4535,40430,895552,39,TWSE,common_stock,true,false,false,false,false,false,false,false,true,
2025-12-19,4108,懷特,listed,13.8,13.8,13.75,13.8,-0.05,-0.361,79029,1088715,135,TWSE,common_stock,true,false,false,false,false,false,false,false,true,
2025-12-19,4119,旭富,listed,48.55,49.7,48.55,49.35,1.1,2.2798,175616,8657312,168,TWSE,common_stock,true,false,false,false,false,false,false,false,true,
2025-12-19,4133,亞諾法,listed,22.75,23.0,22.75,22.95,0.15,0.6579,26196,600291,79,TWSE,common_stock,true,false,false,false,false,false,false,false,true,
2025-12-19,4137,麗豐-KY,listed,98.9,99.3,98.4,98.9,0.4,0.4061,77847,7700277,83,TWSE,common_stock,true,false,false,false,false,false,false,false,true,
2025-12-19,4142,國光生,listed,19.1,19.45,19.1,19.45,0.35,1.8325,867874,16774028,448,TWSE,common_stock,true,false,false,false,false,false,false,false,true,
2025-12-19,4148,全宇生技-KY,listed,38.5,39.5,38.0,38.15,-0.35,-0.9091,65582,2505413,59,TWSE,common_stock,true,false,false,false,false,false,false,false,true,
2025-12-19,4155,訊映,listed,15.0,15.0,14.9,15.0,0.0,0.0,43704,654935,68,TWSE,common_stock,true,false,false,false,false,false,false,false,true,
2025-12-19,4164,承業醫,listed,39.05,39.35,38.85,39.2,-0.1,-0.2545,920658,35964291,739,TWSE,common_stock,true,false,false,false,false,false,false,false,true,
2025-12-19,4190,佐登-KY,listed,30.05,30.15,30.0,30.15,0.05,0.1661,18252,548539,55,TWSE,common_stock,true,false,false,false,false,false,false,false,true,
2025-12-19,4306,炎洲,listed,14.3,14.3,14.15,14.3,0.05,0.3509,537529,7648799,555,TWSE,common_stock,true,false,false,false,false,false,false,false,true,
2025-12-19,4414,如興,listed,11.5,11.8,11.35,11.5,0.0,0.0,391314,4499326,236,TWSE,common_stock,true,false,false,false,false,false,false,false,true,
2025-12-19,4426,利勤,listed,9.71,9.75,9.7,9.71,0.01,0.1031,38482,373770,40,TWSE,common_stock,true,false,false,false,false,false,false,false,true,
2025-12-19,4438,廣越,listed,77.9,78.3,77.8,77.9,0.2,0.2574,19715,1537063,31,TWSE,common_stock,true,false,false,false,false,false,false,false,true,
2025-12-19,4439,冠星-KY,listed,101.5,102.0,100.5,101.0,-0.5,-0.4926,22756,2307616,200,TWSE,common_stock,true,false,false,false,false,false,false,false,true,
2025-12-19,4440,宜新實業,listed,17.3,18.6,17.25,17.95,0.85,4.9708,384492,6847710,202,TWSE,common_stock,true,false,false,false,false,false,false,false,true,
2025-12-19,4441,振大環球,listed,234.0,241.0,234.0,237.5,2.0,0.8493,24318,5785887,36,TWSE,common_stock,true,false,false,false,false,false,false,false,true,
2025-12-19,4526,東台,listed,28.75,29.9,28.75,29.1,0.45,1.5707,2324099,68315032,1442,TWSE,common_stock,true,false,false,false,false,false,false,false,true,
2025-12-19,4532,瑞智,listed,24.0,24.25,24.0,24.15,0.15,0.625,647388,15615114,331,TWSE,common_stock,true,false,false,false,false,false,false,false,true,
2025-12-19,4536,拓凱,listed,160.5,163.0,160.5,161.0,1.0,0.625,198791,32129468,255,TWSE,common_stock,true,false,false,false,false,false,false,false,true,
2025-12-19,4540,全球傳動,listed,34.0,34.45,33.95,34.2,0.3,0.885,293391,10032058,336,TWSE,common_stock,true,false,false,false,false,false,false,false,true,
2025-12-19,4545,銘鈺,listed,41.8,43.85,40.25,42.45,2.55,6.391,10480666,439354827,6896,TWSE,common_stock,true,false,false,false,false,false,false,false,true,
2025-12-19,4551,智伸科,listed,114.5,115.5,113.0,115.5,2.0,1.7621,158950,18218344,160,TWSE,common_stock,true,false,false,false,false,false,false,false,true,
2025-12-19,4552,力達-KY,listed,24.05,24.1,23.9,24.1,0.15,0.6263,239078,5750826,142,TWSE,common_stock,true,false,false,false,false,false,false,false,true,
2025-12-19,4555,氣立,listed,38.85,38.85,38.2,38.2,0.0,0.0,68944,2642465,88,TWSE,common_stock,true,false,false,false,false,false,false,false,true,
2025-12-19,4557,永新-KY,listed,78.0,79.6,78.0,78.5,0.9,1.1598,135613,10704010,142,TWSE,common_stock,true,false,false,false,false,false,false,false,true,
2025-12-19,4560,強信-KY,listed,32.7,32.7,32.35,32.6,0.0,0.0,114004,3706830,57,TWSE,common_stock,true,false,false,false,false,false,false,false,true,
2025-12-19,4562,穎漢,listed,35.9,36.05,35.35,35.5,0.1,0.2825,165335,5886136,147,TWSE,common_stock,true,false,false,false,false,false,false,false,true,
2025-12-19,4564,元翎,listed,17.1,17.3,17.0,17.25,0.25,1.4706,603296,10392713,344,TWSE,common_stock,true,false,false,false,false,false,false,false,true,
2025-12-19,4566,時碩工業,listed,56.8,56.8,56.2,56.8,0.7,1.2478,120921,6827863,131,TWSE,common_stock,true,false,false,false,false,false,false,false,true,
2025-12-19,4569,六方科-KY,listed,162.5,163.0,152.5,152.5,-7.0,-4.3887,97301,15153833,191,TWSE,common_stock,true,false,false,false,false,false,false,false,true,
2025-12-19,4571,鈞興-KY,listed,158.5,159.0,157.0,157.5,-0.5,-0.3165,114592,18087614,192,TWSE,common_stock,true,false,false,false,false,false,false,false,true,
2025-12-19,4572,駐龍,listed,150.5,153.5,150.0,151.5,0.5,0.3311,34625,5222228,171,TWSE,common_stock,true,false,false,false,false,false,false,false,true,
2025-12-19,4576,大銀微系統,listed,104.0,106.5,104.0,106.0,2.5,2.4155,200342,21107249,220,TWSE,common_stock,true,false,false,false,false,false,false,false,true,
2025-12-19,4581,光隆精密-KY,listed,51.1,51.3,51.1,51.3,0.2,0.3914,7319,374526,13,TWSE,common_stock,true,false,false,false,false,false,false,false,true,
2025-12-19,4583,台灣精銳,listed,631.0,645.0,624.0,630.0,2.0,0.3185,96990,61371771,269,TWSE,common_stock,true,false,false,false,false,false,false,false,true,
2025-12-19,4585,達明,listed,312.5,317.5,309.0,310.5,4.5,1.4706,131021,40897274,522,TWSE,common_stock,true,false,false,false,false,false,false,false,true,
2025-12-19,4588,玖鼎電力,listed,62.6,63.1,62.1,62.2,0.4,0.6472,16103,1007273,20,TWSE,common_stock,true,false,false,false,false,false,false,false,true,
2025-12-19,4720,德淵,listed,14.2,14.35,13.95,14.35,0.25,1.773,305556,4312238,105,TWSE,common_stock,true,false,false,false,false,false,false,false,true,
2025-12-19,4722,國精化,listed,160.0,174.5,159.5,174.5,15.5,9.7484,7053586,1201465302,5772,TWSE,common_stock,true,false,false,false,false,false,false,false,true,
2025-12-19,4736,泰博,listed,123.0,123.5,121.5,122.0,0.0,0.0,201738,24679805,201,TWSE,common_stock,true,false,false,false,false,false,false,false,true,
2025-12-19,4737,華廣,listed,58.5,59.0,56.7,58.7,-0.3,-0.5085,92408,5366031,92,TWSE,common_stock,true,false,false,false,false,false,false,false,true,
2025-12-19,4739,康普,listed,68.0,69.3,67.0,67.3,-0.3,-0.4438,607825,41256398,662,TWSE,common_stock,true,false,false,false,false,false,false,false,true,
2025-12-19,4746,台耀,listed,60.5,61.4,60.3,60.9,0.6,0.995,233558,14216663,249,TWSE,common_stock,true,false,false,false,false,false,false,false,true,
2025-12-19,4755,三福化,listed,102.0,108.0,102.0,103.5,1.0,0.9756,309428,32684342,560,TWSE,common_stock,true,false,false,false,false,false,false,false,true,
2025-12-19,4763,材料*-KY,listed,54.6,56.8,53.2,55.8,1.2,2.1978,18820897,1046365560,10357,TWSE,common_stock,true,false,false,false,false,false,false,false,true,
2025-12-19,4764,雙鍵,listed,110.5,116.5,108.5,116.5,10.5,9.9057,8047833,917185834,8846,TWSE,common_stock,true,false,false,false,false,false,false,false,true,
2025-12-19,4766,南寶,listed,321.0,327.5,321.0,325.0,5.5,1.7214,223702,72687105,1472,TWSE,common_stock,true,false,false,false,false,false,false,false,true,
2025-12-19,4770,上品,listed,235.5,242.5,235.0,240.0,6.0,2.5641,217051,52020979,348,TWSE,common_stock,true,false,false,false,false,false,false,false,true,
2025-12-19,4771,望隼,listed,176.0,177.5,175.5,176.5,0.5,0.2841,20228,3570307,54,TWSE,common_stock,true,false,false,false,false,false,false,false,true,
2025-12-19,4807,日成-KY,listed,17.9,18.0,17.8,17.9,0.15,0.8451,11799,211231,31,TWSE,common_stock,true,false,false,false,false,false,false,false,true,
2025-12-19,4904,遠傳,listed,87.5,88.3,87.5,88.0,0.4,0.4566,5933910,522505214,2011,TWSE,common_stock,true,false,false,false,false,false,false,false,true,
2025-12-19,4906,正文,listed,27.85,28.1,27.65,27.75,0.05,0.1805,2358637,65650283,1481,TWSE,common_stock,true,false,false,false,false,false,false,false,true,
2025-12-19,4912,聯德控股-KY,listed,82.6,83.3,82.3,82.5,0.1,0.1214,67756,5594905,464,TWSE,common_stock,true,false,false,false,false,false,false,false,true,
2025-12-19,4915,致伸,listed,75.7,76.7,75.7,76.7,1.2,1.5894,1770243,135123748,1088,TWSE,common_stock,true,false,false,false,false,false,false,false,true,
2025-12-19,4916,事欣科,listed,54.3,56.5,54.1,56.2,2.2,4.0741,8212249,457352899,6380,TWSE,common_stock,true,false,false,false,false,false,false,false,true,
2025-12-19,4919,新唐,listed,50.8,51.0,50.2,50.3,0.1,0.1992,1788877,90414474,1337,TWSE,common_stock,true,false,false,false,false,false,false,false,true,
2025-12-19,4927,泰鼎-KY,listed,31.5,34.55,31.35,34.55,3.1,9.8569,36734786,1247547678,18867,TWSE,common_stock,true,false,false,false,false,false,false,false,true,
2025-12-19,4930,燦星網,listed,22.45,22.45,22.0,22.15,0.15,0.6818,16763,372442,48,TWSE,common_stock,true,false,false,false,false,false,false,false,true,
2025-12-19,4934,太極,listed,13.85,13.95,13.55,13.55,-0.3,-2.1661,458020,6269328,324,TWSE,common_stock,true,false,false,false,false,false,false,false,true,
2025-12-19,4935,茂林-KY,listed,40.8,41.95,40.8,41.25,0.35,0.8557,31000,1274550,21,TWSE,common_stock,true,false,false,false,false,false,false,false,true,
2025-12-19,4938,和碩,listed,68.4,70.4,68.4,70.4,2.1,3.0747,48170827,3382154478,4963,TWSE,common_stock,true,false,false,false,false,false,false,false,true,
2025-12-19,4942,嘉彰,listed,39.15,39.15,38.9,39.0,-0.15,-0.3831,100771,3934187,100,TWSE,common_stock,true,false,false,false,false,false,false,false,true,
2025-12-19,4943,康控-KY,listed,13.5,13.5,11.8,13.25,0.65,5.1587,21206,260740,22,TWSE,common_stock,true,false,false,false,false,false,false,false,true,
2025-12-19,4949,有成精密,listed,37.25,37.25,36.45,36.5,-0.4,-1.084,154602,5664018,126,TWSE,common_stock,true,false,false,false,false,false,false,false,true,
2025-12-19,4952,凌通,listed,35.6,35.8,35.35,35.55,0.0,0.0,99349,3535255,79,TWSE,common_stock,true,false,false,false,false,false,false,false,true,
2025-12-19,4956,光鋐,listed,20.65,21.05,20.55,20.85,0.4,1.956,441464,9149105,423,TWSE,common_stock,true,false,false,false,false,false,false,false,true,
2025-12-19,4958,臻鼎-KY,listed,140.0,140.5,137.5,139.0,0.5,0.361,14933336,2074631536,5775,TWSE,common_stock,true,false,false,false,false,false,false,false,true,
2025-12-19,4960,誠美材,listed,13.55,13.75,13.55,13.6,0.05,0.369,264896,3615143,166,TWSE,common_stock,true,false,false,false,false,false,false,false,true,
2025-12-19,4961,天鈺,listed,146.5,147.0,143.5,145.0,-1.0,-0.6849,897124,129812798,1002,TWSE,common_stock,true,false,false,false,false,false,false,false,true,
2025-12-19,4967,十銓,listed,140.0,142.0,135.0,136.0,-1.5,-1.0909,11437245,1577259228,8617,TWSE,common_stock,true,false,false,false,false,false,false,false,true,
2025-12-19,4968,立積,listed,128.0,129.5,127.5,129.0,2.0,1.5748,309217,39751226,386,TWSE,common_stock,true,false,false,false,false,false,false,false,true,
2025-12-19,4976,佳凌,listed,30.4,30.75,30.3,30.75,0.7,2.3295,272356,8322506,224,TWSE,common_stock,true,false,false,false,false,false,false,false,true,
2025-12-19,4977,眾達-KY,listed,135.0,139.0,131.5,133.5,1.0,0.7547,6626740,893414644,5598,TWSE,common_stock,true,false,false,false,false,false,false,false,true,
2025-12-19,4989,榮科,listed,40.15,41.65,39.7,39.7,-0.1,-0.2513,3722424,150275467,2394,TWSE,common_stock,true,false,false,false,false,false,false,false,true,
2025-12-19,4994,傳奇,listed,94.8,95.2,94.0,94.0,-0.8,-0.8439,5048,477558,7,TWSE,common_stock,true,false,false,false,false,false,false,false,true,
2025-12-19,4999,鑫禾,listed,23.4,23.4,23.2,23.35,0.0,0.0,27383,639199,72,TWSE,common_stock,true,false,false,false,false,false,false,false,true,
2025-12-19,5007,三星,listed,55.4,55.9,55.3,55.9,0.1,0.1792,58890,3278546,88,TWSE,common_stock,true,false,false,false,false,false,false,false,true,
2025-12-19,5203,訊連,listed,89.7,91.4,89.7,91.4,1.7,1.8952,190812,17334975,222,TWSE,common_stock,true,false,false,false,false,false,false,false,true,
2025-12-19,5215,科嘉-KY,listed,34.7,35.1,34.65,35.05,0.35,1.0086,23424,814551,31,TWSE,common_stock,true,false,false,false,false,false,false,false,true,
2025-12-19,5222,全訊,listed,129.0,131.5,127.5,131.0,4.5,3.5573,319285,41477844,368,TWSE,common_stock,true,false,false,false,false,false,false,false,true,
2025-12-19,5225,東科-KY,listed,99.2,101.5,99.2,101.5,3.0,3.0457,465499,46797347,392,TWSE,common_stock,true,false,false,false,false,false,false,false,true,
2025-12-19,5234,達興材料,listed,320.0,342.0,320.0,339.5,23.5,7.4367,1017339,339301491,1409,TWSE,common_stock,true,false,false,false,false,false,false,false,true,
2025-12-19,5243,乙盛-KY,listed,80.2,80.4,78.8,79.7,0.5,0.6313,773666,61532540,648,TWSE,common_stock,true,false,false,false,false,false,false,false,true,
2025-12-19,5244,弘凱,listed,40.05,40.3,39.6,39.7,0.2,0.5063,99255,3958578,72,TWSE,common_stock,true,false,false,false,false,false,false,false,true,
2025-12-19,5258,虹堡,listed,74.9,74.9,72.8,72.9,-0.8,-1.0855,186083,13705220,231,TWSE,common_stock,true,false,false,false,false,false,false,false,true,
2025-12-19,5269,祥碩,listed,1180.0,1200.0,1160.0,1185.0,20.0,1.7167,586612,691687020,1480,TWSE,common_stock,true,false,false,false,false,false,false,false,true,
2025-12-19,5283,禾聯碩,listed,61.6,62.4,61.5,61.6,-0.4,-0.6452,48969,3028441,225,TWSE,common_stock,true,false,false,false,false,false,false,false,true,
2025-12-19,5284,jpp-KY,listed,287.5,287.5,283.0,284.0,2.5,0.8881,756386,215274129,1760,TWSE,common_stock,true,false,false,false,false,false,false,false,true,
2025-12-19,5285,界霖,listed,49.5,49.5,48.5,49.0,0.05,0.1021,85337,4168767,92,TWSE,common_stock,true,false,false,false,false,false,false,false,true,
2025-12-19,5288,豐祥-KY,listed,131.0,132.5,131.0,131.5,1.5,1.1538,55377,7301147,57,TWSE,common_stock,true,false,false,false,false,false,false,false,true,
2025-12-19,5292,華懋,listed,147.5,147.5,146.0,147.0,1.5,1.0309,2527297,341532102,42,TWSE,common_stock,true,false,false,false,false,false,false,false,true,
2025-12-19,5306,桂盟,listed,89.8,89.8,88.0,88.5,0.4,0.454,61766,5473716,110,TWSE,common_stock,true,false,false,false,false,false,false,false,true,
2025-12-19,5388,中磊,listed,80.9,81.5,80.2,81.5,0.8,0.9913,666390,53956047,703,TWSE,common_stock,true,false,false,false,false,false,false,false,true,
2025-12-19,5434,崇越,listed,295.5,298.5,294.5,297.5,5.5,1.8836,501624,149066005,596,TWSE,common_stock,true,false,false,false,false,false,false,false,true,
2025-12-19,5469,瀚宇博,listed,94.4,96.0,94.0,94.8,2.3,2.4865,6162510,585143320,4646,TWSE,common_stock,true,false,false,false,false,false,false,false,true,
2025-12-19,5471,松翰,listed,32.9,33.0,32.7,33.0,0.2,0.6098,281241,9231566,218,TWSE,common_stock,true,false,false,false,false,false,false,false,true,
2025-12-19,5484,慧友,listed,37.4,38.8,36.7,38.0,0.7,1.8767,69734,2634220,78,TWSE,common_stock,true,false,false,false,false,false,false,false,true,
2025-12-19,5515,建國,listed,35.25,36.15,34.7,36.15,1.1,3.1384,1099106,38950954,1091,TWSE,common_stock,true,false,false,false,false,false,false,false,true,
2025-12-19,5519,隆大,listed,33.1,33.3,32.85,33.2,0.3,0.9119,687377,22762532,579,TWSE,common_stock,true,false,false,false,false,false,false,false,true,
2025-12-19,5521,工信,listed,21.15,21.15,20.7,20.85,-0.15,-0.7143,3055298,63909761,1517,TWSE,common_stock,true,false,false,false,false,false,false,false,true,
2025-12-19,5522,遠雄,listed,76.2,78.0,74.6,76.4,-2.4,-3.0457,7138462,544534224,5178,TWSE,common_stock,true,false,false,false,false,false,false,false,true,
2025-12-19,5525,順天,listed,28.3,28.5,28.15,28.4,0.0,0.0,180163,5108471,132,TWSE,common_stock,true,false,false,false,false,false,false,false,true,
2025-12-19,5531,鄉林,listed,9.16,9.2,9.15,9.19,0.03,0.3275,410299,3769153,214,TWSE,common_stock,true,false,false,false,false,false,false,false,true,
2025-12-19,5533,皇鼎,listed,14.2,14.35,14.2,14.3,0.1,0.7042,38724,553385,36,TWSE,common_stock,true,false,false,false,false,false,false,false,true,
2025-12-19,5534,長虹,listed,84.1,85.9,82.3,85.0,1.4,1.6746,2289859,194194706,3598,TWSE,common_stock,true,false,false,false,false,false,false,false,true,
2025-12-19,5538,東明-KY,listed,29.9,30.0,29.9,29.95,0.15,0.5034,17023,509238,13,TWSE,common_stock,true,false,false,false,false,false,false,false,true,
2025-12-19,5546,永固-KY,listed,22.6,22.6,22.45,22.45,0.4,1.8141,2000,45050,2,TWSE,common_stock,true,false,false,false,false,false,false,false,true,
2025-12-19,5607,遠雄港,listed,48.15,48.85,47.7,48.5,0.6,1.2526,257377,12435103,225,TWSE,common_stock,true,false,false,false,false,false,false,false,true,
2025-12-19,5608,四維航,listed,17.8,18.0,17.7,17.95,0.1,0.5602,1268039,22646598,629,TWSE,common_stock,true,false,false,false,false,false,false,false,true,
2025-12-19,5706,鳳凰,listed,50.1,50.5,50.0,50.3,0.2,0.3992,59615,2995246,118,TWSE,common_stock,true,false,false,false,false,false,false,false,true,
2025-12-19,5871,中租-KY,listed,106.0,110.0,106.0,110.0,3.5,3.2864,49513653,5411425828,10746,TWSE,common_stock,true,false,false,false,false,false,false,false,true,
2025-12-19,5871A,中租-KY甲特,listed,101.0,101.5,101.0,101.5,0.0,0.0,115941,11711134,45,TWSE,warrant,false,false,true,false,false,false,false,false,false,security_type=warrant;symbol_not_4_digit
2025-12-19,5876,上海商銀,listed,40.0,41.15,40.0,41.15,1.1,2.7466,91210839,3747094363,5448,TWSE,common_stock,true,false,false,false,false,false,false,false,true,
2025-12-19,5880,合庫金,listed,24.5,24.85,24.5,24.75,0.05,0.2024,21534138,532974191,4742,TWSE,common_stock,true,false,false,false,false,false,false,false,true,
2025-12-19,5906,台南-KY,listed,,,,,0.0,,1,47,1,TWSE,other,false,false,false,false,false,false,false,false,false,invalid_close
2025-12-19,5907,大洋-KY,listed,5.71,5.74,5.67,5.72,-0.02,-0.3484,179356,1023734,76,TWSE,common_stock,true,false,false,false,false,false,false,false,true,
2025-12-19,6005,群益證,listed,24.9,25.15,24.7,24.85,0.1,0.404,12660133,316025423,4631,TWSE,etf,false,true,false,false,false,false,false,false,false,security_type=etf
2025-12-19,6024,群益期,listed,50.9,51.5,50.9,51.4,0.2,0.3906,193168,9903848,222,TWSE,etf,false,true,false,false,false,false,false,false,false,security_type=etf
2025-12-19,6108,競國,listed,14.65,14.65,14.3,14.3,-0.4,-2.7211,151712,2185073,150,TWSE,common_stock,true,false,false,false,false,false,false,false,true,
2025-12-19,6112,邁達特,listed,46.1,46.65,45.85,46.5,0.9,1.9737,334492,15494766,285,TWSE,common_stock,true,false,false,false,false,false,false,false,true,
2025-12-19,6115,鎰勝,listed,47.4,47.5,46.7,47.5,0.05,0.1054,35642,1688296,35,TWSE,common_stock,true,false,false,false,false,false,false,false,true,
2025-12-19,6116,彩晶,listed,7.43,7.46,7.33,7.45,0.06,0.8119,4467539,32976900,1894,TWSE,common_stock,true,false,false,false,false,false,false,false,true,
2025-12-19,6117,迎廣,listed,79.3,80.8,78.7,79.9,2.1,2.6992,514210,41078848,415,TWSE,common_stock,true,false,false,false,false,false,false,false,true,
2025-12-19,6120,達運,listed,13.15,13.25,12.95,12.95,-0.05,-0.3846,1951737,25468872,859,TWSE,common_stock,true,false,false,false,false,false,false,false,true,
2025-12-19,6128,上福,listed,22.65,22.95,22.65,22.95,0.3,1.3245,27130,618419,24,TWSE,common_stock,true,false,false,false,false,false,false,false,true,
2025-12-19,6133,金橋,listed,20.95,21.5,20.5,21.35,0.8,3.8929,4378160,91859082,2292,TWSE,common_stock,true,false,false,false,false,false,false,false,true,
2025-12-19,6136,富爾特,listed,24.05,24.45,24.05,24.2,0.15,0.6237,408064,9889158,216,TWSE,common_stock,true,false,false,false,false,false,false,false,true,
2025-12-19,6139,亞翔,listed,598.0,606.0,586.0,604.0,20.0,3.4247,4355011,2601730729,6041,TWSE,common_stock,true,false,false,false,false,false,false,false,true,
2025-12-19,6141,柏承,listed,11.0,11.3,11.0,11.25,0.2,1.81,215399,2416125,106,TWSE,common_stock,true,false,false,false,false,false,false,false,true,
2025-12-19,6142,友勁,listed,9.37,9.47,9.37,9.41,0.02,0.213,156449,1470434,100,TWSE,common_stock,true,false,false,false,false,false,false,false,true,
2025-12-19,6152,百一,listed,9.98,10.6,9.9,10.35,0.57,5.8282,1919920,19682505,1040,TWSE,common_stock,true,false,false,false,false,false,false,false,true,
2025-12-19,6153,嘉聯益,listed,15.1,15.35,15.0,15.0,0.05,0.3344,1908840,28885211,793,TWSE,common_stock,true,false,false,false,false,false,false,false,true,
2025-12-19,6155,鈞寶,listed,44.55,44.8,42.5,42.8,-0.85,-1.9473,3594002,155968483,2559,TWSE,common_stock,true,false,false,false,false,false,false,false,true,
2025-12-19,6164,華興,listed,12.5,13.2,12.35,12.55,0.1,0.8032,3851990,49007256,1978,TWSE,common_stock,true,false,false,false,false,false,false,false,true,
2025-12-19,6165,浪凡,listed,45.8,46.4,45.55,46.1,0.8,1.766,230698,10611363,188,TWSE,common_stock,true,false,false,false,false,false,false,false,true,
2025-12-19,6166,凌華,listed,66.6,66.6,64.3,65.1,-0.7,-1.0638,596063,38798841,549,TWSE,common_stock,true,false,false,false,false,false,false,false,true,
2025-12-19,6168,宏齊,listed,19.5,19.95,19.45,19.6,0.15,0.7712,303237,5951567,173,TWSE,common_stock,true,false,false,false,false,false,false,false,true,
2025-12-19,6176,瑞儀,listed,118.0,122.5,117.5,121.5,4.0,3.4043,4207016,507655315,3180,TWSE,common_stock,true,false,false,false,false,false,false,false,true,
2025-12-19,6177,達麗,listed,49.05,50.5,48.75,49.75,0.75,1.5306,2307637,115238232,1865,TWSE,common_stock,true,false,false,false,false,false,false,false,true,
2025-12-19,6183,關貿,listed,95.6,95.7,95.6,95.7,-0.3,-0.3125,3099,296480,24,TWSE,common_stock,true,false,false,false,false,false,false,false,true,
2025-12-19,6184,大豐電,listed,49.0,49.0,48.7,48.7,-0.3,-0.6122,45723,2234092,220,TWSE,common_stock,true,false,false,false,false,false,false,false,true,
2025-12-19,6189,豐藝,listed,45.05,45.35,44.9,45.2,0.05,0.1107,309959,13995782,533,TWSE,common_stock,true,false,false,false,false,false,false,false,true,
2025-12-19,6191,精成科,listed,117.0,119.5,115.0,116.0,1.5,1.31,6183881,723665193,4756,TWSE,common_stock,true,false,false,false,false,false,false,false,true,
2025-12-19,6192,巨路,listed,104.0,105.0,104.0,104.5,0.5,0.4808,89337,9322262,89,TWSE,common_stock,true,false,false,false,false,false,false,false,true,
2025-12-19,6196,帆宣,listed,264.0,272.0,261.5,272.0,14.5,5.6311,4757091,1270413206,7135,TWSE,common_stock,true,false,false,false,false,false,false,false,true,
2025-12-19,6197,佳必琪,listed,132.0,136.0,132.0,135.0,3.5,2.6616,722137,97028900,824,TWSE,common_stock,true,false,false,false,false,false,false,false,true,
2025-12-19,6201,亞弘電,listed,56.5,57.5,56.5,57.5,0.2,0.349,13189,754606,18,TWSE,common_stock,true,false,false,false,false,false,false,false,true,
2025-12-19,6202,盛群,listed,37.3,37.55,37.15,37.35,0.05,0.134,266892,9965503,278,TWSE,common_stock,true,false,false,false,false,false,false,false,true,
2025-12-19,6205,詮欣,listed,38.95,39.0,38.6,38.7,0.2,0.5195,62504,2426126,48,TWSE,common_stock,true,false,false,false,false,false,false,false,true,
2025-12-19,6206,飛捷,listed,90.4,92.7,89.8,91.8,1.7,1.8868,733454,67161590,631,TWSE,common_stock,true,false,false,false,false,false,false,false,true,
2025-12-19,6209,今國光,listed,60.5,63.1,60.2,62.8,3.2,5.3691,11467673,711612008,6992,TWSE,common_stock,true,false,false,false,false,false,false,false,true,
2025-12-19,6213,聯茂,listed,108.0,110.5,107.0,108.0,1.5,1.4085,3290724,358245495,2666,TWSE,common_stock,true,false,false,false,false,false,false,false,true,
2025-12-19,6214,精誠,listed,118.5,123.0,118.5,122.0,4.0,3.3898,1544308,187561212,913,TWSE,common_stock,true,false,false,false,false,false,false,false,true,
2025-12-19,6215,和椿,listed,103.0,104.0,101.5,102.0,0.0,0.0,434449,44526592,571,TWSE,common_stock,true,false,false,false,false,false,false,false,true,
2025-12-19,6216,居易,listed,26.65,27.1,26.5,26.7,0.05,0.1876,93065,2476417,62,TWSE,common_stock,true,false,false,false,false,false,false,false,true,
2025-12-19,6224,聚鼎,listed,41.7,41.95,41.2,41.7,0.15,0.361,54986,2289331,177,TWSE,common_stock,true,false,false,false,false,false,false,false,true,
2025-12-19,6225,天瀚,listed,17.55,17.55,17.55,17.55,0.0,0.0,2263,39741,4,TWSE,common_stock,true,false,false,false,false,false,false,false,true,
2025-12-19,6226,光鼎,listed,7.59,7.59,7.3,7.38,0.03,0.4082,296614,2190891,159,TWSE,common_stock,true,false,false,false,false,false,false,false,true,
2025-12-19,6230,尼得科超眾,listed,112.5,117.5,112.5,117.5,5.5,4.9107,62250,7213417,109,TWSE,common_stock,true,false,false,false,false,false,false,false,true,
2025-12-19,6235,華孚,listed,58.7,60.6,58.7,60.6,2.2,3.7671,1114114,66953130,894,TWSE,common_stock,true,false,false,false,false,false,false,false,true,
2025-12-19,6239,力成,listed,165.0,165.0,159.0,159.0,-2.5,-1.548,9825169,1572609417,6186,TWSE,common_stock,true,false,false,false,false,false,false,false,true,
2025-12-19,6243,迅杰,listed,34.3,34.9,34.3,34.35,0.25,0.7331,314472,10884191,350,TWSE,common_stock,true,false,false,false,false,false,false,false,true,
2025-12-19,6257,矽格,listed,96.0,98.7,95.8,97.3,2.2,2.3134,7567555,737146059,5231,TWSE,common_stock,true,false,false,false,false,false,false,false,true,
2025-12-19,6269,台郡,listed,55.1,56.0,54.7,56.0,0.9,1.6334,707339,39198394,541,TWSE,common_stock,true,false,false,false,false,false,false,false,true,
2025-12-19,6271,同欣電,listed,124.0,124.5,122.5,123.0,0.5,0.4082,884930,109366925,731,TWSE,common_stock,true,false,false,false,false,false,false,false,true,
2025-12-19,6277,宏正,listed,61.8,62.2,61.5,62.0,0.2,0.3236,36409,2250799,39,TWSE,common_stock,true,false,false,false,false,false,false,false,true,
2025-12-19,6278,台表科,listed,96.8,97.4,95.1,95.7,-1.2,-1.2384,2867432,275444497,2530,TWSE,common_stock,true,false,false,false,false,false,false,false,true,
2025-12-19,6281,全國電,listed,62.5,63.1,62.4,62.7,0.3,0.4808,90087,5647769,84,TWSE,common_stock,true,false,false,false,false,false,false,false,true,
2025-12-19,6282,康舒,listed,41.4,42.0,40.95,41.6,0.65,1.5873,17493470,726036120,9867,TWSE,common_stock,true,false,false,false,false,false,false,false,true,
2025-12-19,6283,淳安,listed,25.0,25.0,24.75,24.8,0.0,0.0,106229,2637632,53,TWSE,common_stock,true,false,false,false,false,false,false,false,true,
2025-12-19,6285,啟碁,listed,100.0,102.5,99.7,101.0,1.5,1.5075,3417636,344419080,2100,TWSE,common_stock,true,false,false,false,false,false,false,false,true,
2025-12-19,6405,悅城,listed,25.5,26.0,25.2,25.3,0.5,2.0161,117000,2979150,82,TWSE,common_stock,true,false,false,false,false,false,false,false,true,
2025-12-19,6409,旭隼,listed,979.0,982.0,958.0,965.0,0.0,0.0,441994,427143438,1419,TWSE,common_stock,true,false,false,false,false,false,false,false,true,
2025-12-19,6412,群電,listed,87.6,90.7,87.6,90.7,2.7,3.0682,604585,54383442,480,TWSE,common_stock,true,false,false,false,false,false,false,false,true,
2025-12-19,6414,樺漢,listed,298.5,301.0,295.5,298.0,1.5,0.5059,1229426,366251944,4188,TWSE,common_stock,true,false,false,false,false,false,false,false,true,
2025-12-19,6415,矽力*-KY,listed,201.5,204.5,193.5,194.0,-2.5,-1.2723,2796677,549873821,2803,TWSE,common_stock,true,false,false,false,false,false,false,false,true,
2025-12-19,6416,瑞祺電通,listed,83.7,85.0,83.7,84.3,0.9,1.0791,67812,5722316,142,TWSE,common_stock,true,false,false,false,false,false,false,false,true,
2025-12-19,6423,億而得-創,listed,72.0,73.0,72.0,72.0,0.3,0.4184,16000,1158000,9,TWSE,common_stock,true,false,false,false,false,false,false,false,true,
2025-12-19,6426,統新,listed,99.3,105.5,96.6,96.7,0.6,0.6243,7582171,766596484,5996,TWSE,common_stock,true,false,false,false,false,false,false,false,true,
2025-12-19,6431,光麗-KY,listed,30.45,31.85,30.0,30.7,0.25,0.821,423640,13155955,285,TWSE,common_stock,true,false,false,false,false,false,false,false,true,
2025-12-19,6438,迅得,listed,137.5,141.5,136.0,139.5,4.0,2.952,687936,94953074,679,TWSE,common_stock,true,false,false,false,false,false,false,false,true,
2025-12-19,6442,光聖,listed,1190.0,1220.0,1135.0,1155.0,45.0,4.0541,5431841,6379012980,9851,TWSE,common_stock,true,false,false,false,false,false,false,false,true,
2025-12-19,6443,元晶,listed,22.35,23.35,21.8,22.6,1.0,4.6296,22513444,511951969,9577,TWSE,common_stock,true,false,false,false,false,false,false,false,true,
2025-12-19,6446,藥華藥,listed,499.0,501.0,494.0,494.5,-1.0,-0.2018,1106058,548576928,2528,TWSE,common_stock,true,false,false,false,false,false,false,false,true,
2025-12-19,6449,鈺邦,listed,163.5,166.5,160.0,161.0,-0.5,-0.3096,522243,84967712,1020,TWSE,common_stock,true,false,false,false,false,false,false,false,true,
2025-12-19,6451,訊芯-KY,listed,157.0,160.0,155.0,155.5,1.5,0.974,801161,125839372,899,TWSE,common_stock,true,false,false,false,false,false,false,false,true,
2025-12-19,6456,GIS-KY,listed,43.4,44.0,42.7,43.8,0.7,1.6241,1293342,55969980,985,TWSE,common_stock,true,false,false,false,false,false,false,false,true,
2025-12-19,6464,台數科,listed,77.0,77.0,76.5,76.5,0.0,0.0,11032,845441,15,TWSE,common_stock,true,false,false,false,false,false,false,false,true,
2025-12-19,6472,保瑞,listed,494.5,504.0,494.5,503.0,12.0,2.444,449088,224023138,1168,TWSE,common_stock,true,false,false,false,false,false,false,false,true,
2025-12-19,6477,安集,listed,34.45,34.55,33.95,34.05,0.25,0.7396,482642,16525071,448,TWSE,common_stock,true,false,false,false,false,false,false,false,true,
2025-12-19,6491,晶碩,listed,278.5,282.5,278.5,281.5,3.5,1.259,97936,27493833,221,TWSE,common_stock,true,false,false,false,false,false,false,false,true,
2025-12-19,6504,南六,listed,41.55,42.55,41.55,41.65,-0.45,-1.0689,12514,523963,18,TWSE,common_stock,true,false,false,false,false,false,false,false,true,
2025-12-19,6505,台塑化,listed,47.75,48.85,47.7,48.6,0.75,1.5674,6166464,298996860,2876,TWSE,common_stock,true,false,false,false,false,false,false,false,true,
2025-12-19,6515,穎崴,listed,2615.0,2650.0,2575.0,2625.0,65.0,2.5391,382843,1001366420,1011,TWSE,common_stock,true,false,false,false,false,false,false,false,true,
2025-12-19,6525,捷敏-KY,listed,74.4,75.0,74.1,74.3,0.3,0.4054,116382,8672162,111,TWSE,common_stock,true,false,false,false,false,false,false,false,true,
2025-12-19,6526,達發,listed,434.5,445.0,431.5,443.5,17.5,4.108,406838,178323772,778,TWSE,common_stock,true,false,false,false,false,false,false,false,true,
2025-12-19,6531,愛普*,listed,386.0,390.5,381.5,382.5,4.5,1.1905,1173890,452484583,1469,TWSE,common_stock,true,false,false,false,false,false,false,false,true,
2025-12-19,6533,晶心科,listed,245.5,247.5,243.5,243.5,0.0,0.0,211126,51572803,413,TWSE,common_stock,true,false,false,false,false,false,false,false,true,
2025-12-19,6534,正瀚-創,listed,88.8,89.4,88.4,88.4,0.7,0.7982,64057,5695346,26,TWSE,common_stock,true,false,false,false,false,false,false,false,true,
2025-12-19,6541,泰福-KY,listed,61.8,63.9,60.4,60.6,-0.7,-1.1419,908783,55933892,1029,TWSE,common_stock,true,false,false,false,false,false,false,false,true,
2025-12-19,6550,北極星藥業-KY,listed,31.0,31.2,30.85,31.15,0.05,0.1608,404360,12551417,290,TWSE,common_stock,true,false,false,false,false,false,false,false,true,
2025-12-19,6552,易華電,listed,25.0,25.25,24.55,24.85,-0.05,-0.2008,77126,1918025,68,TWSE,common_stock,true,false,false,false,false,false,false,false,true,
2025-12-19,6558,興能高,listed,41.0,41.3,39.0,39.0,-2.55,-6.1372,13131553,524694106,8801,TWSE,common_stock,true,false,false,false,false,false,false,false,true,
2025-12-19,6573,虹揚-KY,listed,15.05,15.1,14.8,15.1,0.1,0.6667,156152,2335258,107,TWSE,common_stock,true,false,false,false,false,false,false,false,true,
2025-12-19,6579,研揚,listed,105.0,106.0,105.0,105.5,0.5,0.4762,44455,4694151,60,TWSE,common_stock,true,false,false,false,false,false,false,false,true,
2025-12-19,6581,鋼聯,listed,105.5,105.5,104.5,105.0,-1.0,-0.9434,36743,3858295,315,TWSE,common_stock,true,false,false,false,false,false,false,false,true,
2025-12-19,6582,申豐,listed,33.7,34.2,33.7,33.9,0.45,1.3453,25229,855817,47,TWSE,common_stock,true,false,false,false,false,false,false,false,true,
2025-12-19,6585,鼎基,listed,90.0,91.0,90.0,90.8,0.8,0.8889,8625,780454,17,TWSE,common_stock,true,false,false,false,false,false,false,false,true,
2025-12-19,6589,台康生技,listed,63.2,63.8,63.1,63.5,0.3,0.4747,347650,22068979,323,TWSE,common_stock,true,false,false,false,false,false,false,false,true,
2025-12-19,6591,動力-KY,listed,77.0,77.9,76.8,77.7,1.6,2.1025,402812,31153587,407,TWSE,common_stock,true,false,false,false,false,false,false,false,true,
2025-12-19,6592,和潤企業,listed,61.2,62.9,61.2,62.0,0.6,0.9772,607627,37906574,599,TWSE,common_stock,true,false,false,false,false,false,false,false,true,
2025-12-19,6592A,和潤企業甲特,listed,96.7,96.9,96.7,96.9,0.0,0.0,3366,325631,10,TWSE,warrant,false,false,true,false,false,false,false,false,false,security_type=warrant;symbol_not_4_digit
2025-12-19,6592B,和潤企業乙特,listed,97.5,97.8,97.5,97.8,0.1,0.1024,3089,301585,6,TWSE,warrant,false,false,true,false,false,false,false,false,false,security_type=warrant;symbol_not_4_digit
2025-12-19,6598,ABC-KY,listed,21.1,21.5,21.1,21.5,0.25,1.1765,21023,445149,28,TWSE,common_stock,true,false,false,false,false,false,false,false,true,
2025-12-19,6605,帝寶,listed,141.5,143.5,140.5,143.0,1.0,0.7042,1124980,159896729,889,TWSE,common_stock,true,false,false,false,false,false,false,false,true,
2025-12-19,6606,建德工業,listed,25.0,25.3,24.95,25.25,0.25,1.0,78100,1965430,39,TWSE,common_stock,true,false,false,false,false,false,false,false,true,
2025-12-19,6614,資拓宏宇,listed,48.2,48.8,48.1,48.2,0.0,0.0,121084,5849322,171,TWSE,common_stock,true,false,false,false,false,false,false,false,true,
2025-12-19,6625,必應,listed,79.7,80.5,79.1,80.2,1.2,1.519,105655,8424178,172,TWSE,common_stock,true,false,false,false,false,false,false,false,true,
2025-12-19,6641,基士德-KY,listed,19.2,19.2,19.05,19.15,-0.05,-0.2604,26235,502511,17,TWSE,common_stock,true,false,false,false,false,false,false,false,true,
2025-12-19,6645,金萬林-創,listed,18.15,18.2,17.95,18.2,0.55,3.1161,19001,342317,10,TWSE,common_stock,true,false,false,false,false,false,false,false,true,
2025-12-19,6655,科定,listed,119.5,120.0,118.0,119.0,1.5,1.2766,22500,2691244,51,TWSE,common_stock,true,false,false,false,false,false,false,false,true,
2025-12-19,6657,華安,listed,42.45,43.8,41.95,43.0,0.6,1.4151,269378,11604426,184,TWSE,common_stock,true,false,false,false,false,false,false,false,true,
2025-12-19,6658,聯策,listed,49.5,49.5,48.15,48.8,0.7,1.4553,159208,7766648,129,TWSE,common_stock,true,false,false,false,false,false,false,false,true,
2025-12-19,6666,羅麗芬-KY,listed,44.55,45.0,44.55,44.9,-0.3,-0.6637,5129,229783,9,TWSE,common_stock,true,false,false,false,false,false,false,false,true,
2025-12-19,6668,中揚光,listed,37.8,37.85,37.3,37.75,0.45,1.2064,148344,5573291,114,TWSE,common_stock,true,false,false,false,false,false,false,false,true,
2025-12-19,6669,緯穎,listed,4255.0,4315.0,4210.0,4285.0,110.0,2.6347,1243262,5304124960,5783,TWSE,common_stock,true,false,false,false,false,false,false,false,true,
2025-12-19,6670,復盛應用,listed,255.0,257.5,253.0,257.5,3.5,1.378,871180,222421950,639,TWSE,common_stock,true,false,false,false,false,false,false,false,true,
2025-12-19,6671,三能-KY,listed,,,,,0.0,,0,0,0,TWSE,other,false,false,false,false,false,false,false,false,false,invalid_close;invalid_volume;invalid_turnover
2025-12-19,6672,騰輝電子-KY,listed,88.5,92.6,88.5,90.7,2.7,3.0682,1018764,93006801,1588,TWSE,common_stock,true,false,false,false,false,false,false,false,true,
2025-12-19,6674,鋐寶科技,listed,19.75,20.0,19.7,19.7,-0.1,-0.5051,28200,558083,30,TWSE,common_stock,true,false,false,false,false,false,false,false,true,
2025-12-19,6689,伊雲谷,listed,61.3,62.7,61.3,62.0,1.2,1.9737,116275,7224130,154,TWSE,common_stock,true,false,false,false,false,false,false,false,true,
2025-12-19,6691,洋基工程,listed,604.0,608.0,595.0,603.0,10.0,1.6863,631649,378917554,1183,TWSE,common_stock,true,false,false,false,false,false,false,false,true,
2025-12-19,6695,芯鼎,listed,44.7,45.3,44.6,45.15,0.6,1.3468,192348,8647180,141,TWSE,common_stock,true,false,false,false,false,false,false,false,true,
2025-12-19,6698,旭暉應材,listed,28.35,29.1,28.35,29.1,0.45,1.5707,62896,1814947,90,TWSE,common_stock,true,false,false,false,false,false,false,false,true,
2025-12-19,6706,惠特,listed,114.0,117.0,108.0,112.5,2.0,1.81,15234377,1715664299,10178,TWSE,common_stock,true,false,false,false,false,false,false,false,true,
2025-12-19,6715,嘉基,listed,101.0,101.0,98.2,99.2,-1.8,-1.7822,30661,3046993,43,TWSE,common_stock,true,false,false,false,false,false,false,false,true,
2025-12-19,6719,力智,listed,199.5,199.5,195.0,195.0,-2.0,-1.0152,124740,24461761,246,TWSE,common_stock,true,false,false,false,false,false,false,false,true,
2025-12-19,6742,澤米,listed,46.5,46.65,46.1,46.3,0.3,0.6522,37107,1722059,84,TWSE,common_stock,true,false,false,false,false,false,false,false,true,
2025-12-19,6743,安普新,listed,28.0,28.0,27.65,27.8,0.05,0.1802,47830,1332476,48,TWSE,common_stock,true,false,false,false,false,false,false,false,true,
2025-12-19,6753,龍德造船,listed,129.5,137.0,127.5,134.0,7.0,5.5118,3291329,439616149,3083,TWSE,common_stock,true,false,false,false,false,false,false,false,true,
2025-12-19,6754,匯僑設計,listed,47.5,47.6,47.5,47.6,0.6,1.2766,6032,286814,9,TWSE,common_stock,true,false,false,false,false,false,false,false,true,
2025-12-19,6756,威鋒電子,listed,81.2,83.5,81.2,82.8,2.3,2.8571,131330,10842777,145,TWSE,common_stock,true,false,false,false,false,false,false,false,true,
2025-12-19,6757,台灣虎航,listed,66.7,67.8,66.3,66.8,0.1,0.1499,3180809,213472707,2130,TWSE,common_stock,true,false,false,false,false,false,false,false,true,
2025-12-19,6768,志強-KY,listed,112.5,113.5,112.0,113.5,2.0,1.7937,397472,44928761,339,TWSE,common_stock,true,false,false,false,false,false,false,false,true,
2025-12-19,6770,力積電,listed,36.65,37.35,35.2,36.8,1.3,3.662,336341381,12244691460,119988,TWSE,common_stock,true,false,false,false,false,false,false,false,true,
2025-12-19,6771,平和環保-創,listed,44.5,45.05,44.5,45.0,0.65,1.4656,5459,244140,13,TWSE,common_stock,true,false,false,false,false,false,false,false,true,
2025-12-19,6776,展碁國際,listed,48.95,49.35,48.95,49.3,0.4,0.818,64145,3154683,88,TWSE,common_stock,true,false,false,false,false,false,false,false,true,
2025-12-19,6781,AES-KY,listed,1310.0,1330.0,1285.0,1330.0,50.0,3.9062,1316029,1725922170,2852,TWSE,common_stock,true,false,false,false,false,false,false,false,true,
2025-12-19,6782,視陽,listed,174.5,176.0,174.5,175.0,0.5,0.2865,45238,7923465,103,TWSE,common_stock,true,false,false,false,false,false,false,false,true,
2025-12-19,6789,采鈺,listed,259.5,267.5,259.5,265.0,8.0,3.1128,722918,190486236,1296,TWSE,common_stock,true,false,false,false,false,false,false,false,true,
2025-12-19,6790,永豐實,listed,38.65,38.9,38.65,38.8,0.05,0.129,36374,1410055,109,TWSE,etf,false,true,false,false,false,false,false,false,false,security_type=etf
2025-12-19,6792,詠業,listed,49.45,50.1,49.45,49.5,0.15,0.304,18300,910050,17,TWSE,common_stock,true,false,false,false,false,false,false,false,true,
2025-12-19,6794,向榮生技,listed,80.1,80.3,79.0,80.0,0.5,0.6289,29034,2309116,28,TWSE,common_stock,true,false,false,false,false,false,false,false,true,
2025-12-19,6796,晉弘,listed,97.0,99.5,96.3,99.5,3.5,3.6458,208278,20516388,214,TWSE,common_stock,true,false,false,false,false,false,false,false,true,
2025-12-19,6799,來頡,listed,84.0,84.5,83.4,83.7,-0.2,-0.2384,75993,6378872,283,TWSE,common_stock,true,false,false,false,false,false,false,false,true,
2025-12-19,6805,富世達,listed,1485.0,1545.0,1485.0,1545.0,95.0,6.5517,1948333,2958270860,3619,TWSE,common_stock,true,false,false,false,false,false,false,false,true,
2025-12-19,6806,森崴能源,listed,37.9,38.65,37.6,38.3,0.5,1.3228,958808,36644408,702,TWSE,common_stock,true,false,false,false,false,false,false,false,true,
2025-12-19,6807,峰源-KY,listed,45.7,46.0,45.65,45.85,0.0,0.0,26123,1195331,38,TWSE,common_stock,true,false,false,false,false,false,false,false,true,
2025-12-19,6830,汎銓,listed,171.5,171.5,166.5,166.5,-3.0,-1.7699,334646,56242912,422,TWSE,common_stock,true,false,false,false,false,false,false,false,true,
2025-12-19,6831,邁科,listed,242.0,245.0,237.0,238.0,-1.5,-0.6263,977447,234419553,1997,TWSE,common_stock,true,false,false,false,false,false,false,false,true,
2025-12-19,6834,天二科技,listed,28.4,28.4,27.9,28.0,0.1,0.3584,21051,590574,21,TWSE,common_stock,true,false,false,false,false,false,false,false,true,
2025-12-19,6835,圓裕,listed,39.45,39.45,38.7,38.7,-0.3,-0.7692,110032,4286950,64,TWSE,common_stock,true,false,false,false,false,false,false,false,true,
2025-12-19,6838,台新藥,listed,26.75,27.0,26.6,26.65,-0.05,-0.1873,169737,4546444,115,TWSE,common_stock,true,false,false,false,false,false,false,false,true,
2025-12-19,6854,錼創科技-KY創,listed,130.0,134.0,129.5,134.0,5.0,3.876,144414,18989299,135,TWSE,common_stock,true,false,false,false,false,false,false,false,true,
2025-12-19,6861,睿生光電,listed,57.7,58.2,57.7,57.9,0.3,0.5208,28229,1635873,36,TWSE,common_stock,true,false,false,false,false,false,false,false,true,
2025-12-19,6862,三集瑞-KY,listed,162.0,162.0,157.5,157.5,-0.5,-0.3165,95769,15234127,132,TWSE,common_stock,true,false,false,false,false,false,false,false,true,
2025-12-19,6863,永道-KY,listed,111.5,113.5,111.0,112.5,2.0,1.81,51345,5783206,76,TWSE,common_stock,true,false,false,false,false,false,false,false,true,
2025-12-19,6869,雲豹能源,listed,93.1,93.8,92.3,93.5,1.4,1.5201,427903,39845116,411,TWSE,common_stock,true,false,false,false,false,false,false,false,true,
2025-12-19,6873,泓德能源,listed,98.4,100.0,98.4,99.0,0.9,0.9174,307640,30506267,343,TWSE,common_stock,true,false,false,false,false,false,false,false,true,
2025-12-19,6885,全福生技,listed,30.0,30.7,29.15,29.35,0.1,0.3419,184013,5449450,132,TWSE,common_stock,true,false,false,false,false,false,false,false,true,
2025-12-19,6887,寶綠特-KY,listed,,,,,0.0,,0,0,0,TWSE,other,false,false,false,false,false,false,false,false,false,invalid_close;invalid_volume;invalid_turnover
2025-12-19,6890,來億-KY,listed,245.0,256.5,245.0,254.0,10.5,4.3121,1233956,311926614,1520,TWSE,common_stock,true,false,false,false,false,false,false,false,true,
2025-12-19,6901,鑽石投資,listed,16.35,17.5,16.35,16.8,0.45,2.7523,899708,15179232,531,TWSE,common_stock,true,false,false,false,false,false,false,false,true,
2025-12-19,6902,GOGOLOOK,listed,76.4,77.8,76.4,76.6,0.3,0.3932,5030,386232,16,TWSE,common_stock,true,false,false,false,false,false,false,false,true,
2025-12-19,6906,現觀科,listed,83.9,86.5,83.9,83.9,0.8,0.9627,53585,4552623,103,TWSE,common_stock,true,false,false,false,false,false,false,false,true,
2025-12-19,6909,創控,listed,35.45,36.4,35.4,36.0,0.8,2.2727,125315,4486278,114,TWSE,common_stock,true,false,false,false,false,false,false,false,true,
2025-12-19,6914,阜爾運通,listed,146.0,146.0,145.0,145.0,-0.5,-0.3436,17205,2501048,159,TWSE,common_stock,true,false,false,false,false,false,false,false,true,
2025-12-19,6916,華凌,listed,19.2,19.2,18.5,18.65,-0.55,-2.8646,289703,5430469,267,TWSE,common_stock,true,false,false,false,false,false,false,false,true,
2025-12-19,6918,愛派司,listed,86.7,87.0,86.5,86.6,-0.5,-0.5741,29083,2520211,103,TWSE,common_stock,true,false,false,false,false,false,false,false,true,
2025-12-19,6919,康霈*,listed,152.0,160.0,151.5,160.0,9.0,5.9603,6715212,1058439751,5411,TWSE,common_stock,true,false,false,false,false,false,false,false,true,
2025-12-19,6923,中台,listed,98.1,99.0,95.8,96.2,-1.0,-1.0288,357759,34839611,327,TWSE,common_stock,true,false,false,false,false,false,false,false,true,
2025-12-19,6924,榮惠-KY創,listed,64.5,65.1,63.6,65.1,0.1,0.1538,28101,1821434,17,TWSE,common_stock,true,false,false,false,false,false,false,false,true,
2025-12-19,6928,攸泰科技,listed,51.2,51.3,50.2,50.5,0.3,0.5976,68770,3491380,73,TWSE,common_stock,true,false,false,false,false,false,false,false,true,
2025-12-19,6931,青松健康,listed,63.5,65.5,63.1,64.7,1.3,2.0505,259879,16805677,194,TWSE,common_stock,true,false,false,false,false,false,false,false,true,
2025-12-19,6933,AMAX-KY,listed,146.5,151.0,145.0,151.0,5.5,3.7801,114988,17014702,213,TWSE,common_stock,true,false,false,false,false,false,false,false,true,
2025-12-19,6936,永鴻生技,listed,36.4,36.6,36.2,36.3,-0.1,-0.2747,71549,2598411,93,TWSE,common_stock,true,false,false,false,false,false,false,false,true,
2025-12-19,6937,天虹,listed,212.5,216.5,212.5,215.5,4.0,1.8913,155038,33253446,198,TWSE,common_stock,true,false,false,false,false,false,false,false,true,
2025-12-19,6944,兆聯實業,listed,696.0,708.0,682.0,708.0,25.0,3.6603,1498935,1044288316,2680,TWSE,common_stock,true,false,false,false,false,false,false,false,true,
2025-12-19,6949,沛爾生醫-創,listed,369.5,370.0,360.0,360.0,-13.0,-3.4853,126320,45921086,157,TWSE,common_stock,true,false,false,false,false,false,false,false,true,
2025-12-19,6951,青新-創,listed,71.8,72.0,71.6,71.7,-0.1,-0.1393,41442,2971330,147,TWSE,common_stock,true,false,false,false,false,false,false,false,true,
2025-12-19,6952,大武山,listed,43.75,43.9,43.3,43.55,0.05,0.1149,17677,768291,34,TWSE,common_stock,true,false,false,false,false,false,false,false,true,
2025-12-19,6955,邦睿生技-創,listed,152.5,152.5,151.5,151.5,0.0,0.0,2000,304000,2,TWSE,common_stock,true,false,false,false,false,false,false,false,true,
2025-12-19,6957,裕慶-KY,listed,201.5,207.5,201.5,203.5,4.5,2.2613,131037,26856604,109,TWSE,common_stock,true,false,false,false,false,false,false,false,true,
2025-12-19,6958,日盛台駿,listed,15.95,15.95,15.7,15.9,-0.05,-0.3135,11885,188458,24,TWSE,common_stock,true,false,false,false,false,false,false,false,true,
2025-12-19,6962,奕力-KY,listed,39.2,39.85,39.2,39.5,0.35,0.894,1182930,46701972,799,TWSE,common_stock,true,false,false,false,false,false,false,false,true,
2025-12-19,6965,中傑-KY,listed,84.0,84.5,83.0,83.8,-0.4,-0.4751,35029,2930830,34,TWSE,common_stock,true,false,false,false,false,false,false,false,true,
2025-12-19,6969,成信實業*-創,listed,29.9,30.4,29.8,30.1,0.2,0.6689,37000,1109950,20,TWSE,common_stock,true,false,false,false,false,false,false,false,true,
2025-12-19,6988,威力暘-創,listed,13.0,13.0,12.8,12.85,-0.25,-1.9084,33026,426888,17,TWSE,common_stock,true,false,false,false,false,false,false,false,true,
2025-12-19,6994,富威電力,listed,96.0,96.4,95.0,95.2,0.1,0.1052,65446,6252042,372,TWSE,common_stock,true,false,false,false,false,false,false,false,true,
2025-12-19,7610,聯友金屬-創,listed,113.0,114.0,111.5,111.5,0.0,0.0,145846,16387205,355,TWSE,common_stock,true,false,false,false,false,false,false,false,true,
2025-12-19,7631,聚賢研發-創,listed,133.0,133.5,132.0,132.0,-2.0,-1.4925,26018,3451403,18,TWSE,common_stock,true,false,false,false,false,false,false,false,true,
2025-12-19,7705,三商餐飲,listed,39.95,40.3,39.9,39.95,0.0,0.0,41212,1648530,131,TWSE,common_stock,true,false,false,false,false,false,false,false,true,
2025-12-19,7711,永擎,listed,263.5,266.5,262.0,263.0,1.0,0.3817,150474,39664931,322,TWSE,common_stock,true,false,false,false,false,false,false,false,true,
2025-12-19,7721,微程式,listed,50.8,51.7,50.8,51.1,-0.4,-0.7767,11440,584272,18,TWSE,common_stock,true,false,false,false,false,false,false,false,true,
2025-12-19,7722,LINEPAY,listed,558.0,576.0,556.0,569.0,14.0,2.5225,42153,23858778,214,TWSE,common_stock,true,false,false,false,false,false,false,false,true,
2025-12-19,7730,暉盛-創,listed,85.0,86.7,85.0,86.5,1.5,1.7647,22115,1898800,27,TWSE,common_stock,true,false,false,false,false,false,false,false,true,
2025-12-19,7732,金興精密,listed,41.6,41.7,41.15,41.7,0.2,0.4819,36000,1493150,19,TWSE,common_stock,true,false,false,false,false,false,false,false,true,
2025-12-19,7736,虎山,listed,91.0,91.0,89.6,89.6,-0.3,-0.3337,23079,2092509,26,TWSE,common_stock,true,false,false,false,false,false,false,false,true,
2025-12-19,7740,熙特爾-創,listed,147.0,147.0,143.0,145.0,0.0,0.0,60524,8761446,60,TWSE,common_stock,true,false,false,false,false,false,false,false,true,
2025-12-19,7749,意騰-KY,listed,422.0,449.0,420.0,447.5,36.5,8.8808,1044706,463318130,1305,TWSE,common_stock,true,false,false,false,false,false,false,false,true,
2025-12-19,7750,新代,listed,850.0,855.0,844.0,849.0,4.0,0.4734,111417,94712192,387,TWSE,common_stock,true,false,false,false,false,false,false,false,true,
2025-12-19,7765,中華資安,listed,271.0,272.0,269.0,270.5,1.5,0.5576,9640,2609702,43,TWSE,common_stock,true,false,false,false,false,false,false,false,true,
2025-12-19,7769,鴻勁,listed,3325.0,3330.0,3250.0,3295.0,-5.0,-0.1515,634342,2089935265,2896,TWSE,common_stock,true,false,false,false,false,false,false,false,true,
2025-12-19,7780,大研生醫*,listed,161.0,163.0,161.0,162.5,1.0,0.6192,59066,9596063,170,TWSE,common_stock,true,false,false,false,false,false,false,false,true,
2025-12-19,7786,東方風能,listed,160.0,160.5,158.0,160.0,0.5,0.3135,118903,18913373,204,TWSE,common_stock,true,false,false,false,false,false,false,false,true,
2025-12-19,7788,松川精密,listed,140.0,145.5,138.0,144.5,10.5,7.8358,935433,133422009,1005,TWSE,common_stock,true,false,false,false,false,false,false,false,true,
2025-12-19,7791,皇家可口,listed,71.6,72.5,71.6,71.8,0.2,0.2793,45566,3271680,100,TWSE,common_stock,true,false,false,false,false,false,false,false,true,
2025-12-19,7799,禾榮科,listed,535.0,550.0,530.0,544.0,15.0,2.8355,179240,96923718,558,TWSE,common_stock,true,false,false,false,false,false,false,false,true,
2025-12-19,8011,台通,listed,23.0,23.25,22.65,22.65,-0.15,-0.6579,972773,22238757,497,TWSE,common_stock,true,false,false,false,false,false,false,false,true,
2025-12-19,8016,矽創,listed,184.0,184.0,180.5,181.0,-1.5,-0.8219,342210,62119060,427,TWSE,common_stock,true,false,false,false,false,false,false,false,true,
2025-12-19,8021,尖點,listed,165.5,171.0,160.5,163.0,1.0,0.6173,44272046,7366389807,32724,TWSE,common_stock,true,false,false,false,false,false,false,false,true,
2025-12-19,8028,昇陽半導體,listed,168.5,169.0,164.0,164.0,-1.5,-0.9063,2892353,480584987,3226,TWSE,common_stock,true,false,false,false,false,false,false,false,true,
2025-12-19,8033,雷虎,listed,144.0,145.0,143.0,144.5,2.5,1.7606,2689646,388168985,2853,TWSE,common_stock,true,false,false,false,false,false,false,false,true,
2025-12-19,8039,台虹,listed,90.5,97.5,89.5,96.6,7.8,8.7838,37262930,3534376233,26253,TWSE,common_stock,true,false,false,false,false,false,false,false,true,
2025-12-19,8045,達運光電,listed,78.1,78.4,77.1,77.1,-0.6,-0.7722,57999,4496041,90,TWSE,common_stock,true,false,false,false,false,false,false,false,true,
2025-12-19,8046,南電,listed,239.0,242.0,235.0,239.5,5.0,2.1322,5911407,1413572470,5536,TWSE,common_stock,true,false,false,false,false,false,false,false,true,
2025-12-19,8070,長華*,listed,43.65,43.65,41.2,41.45,-2.45,-5.5809,7502114,314168248,5465,TWSE,common_stock,true,false,false,false,false,false,false,false,true,
2025-12-19,8072,陞泰,listed,29.85,29.85,29.4,29.45,0.05,0.1701,50077,1478227,99,TWSE,common_stock,true,false,false,false,false,false,false,false,true,
2025-12-19,8081,致新,listed,209.5,209.5,206.0,209.5,3.5,1.699,241153,50146180,267,TWSE,common_stock,true,false,false,false,false,false,false,false,true,
2025-12-19,8101,華冠,listed,16.4,16.5,15.95,16.5,0.65,4.1009,10456,170072,20,TWSE,common_stock,true,false,false,false,false,false,false,false,true,
2025-12-19,8103,瀚荃,listed,86.4,91.6,86.4,90.7,4.5,5.2204,3486851,312664077,4865,TWSE,common_stock,true,false,false,false,false,false,false,false,true,
2025-12-19,8104,錸寶,listed,32.5,33.5,32.35,32.4,-0.1,-0.3077,744739,24296536,619,TWSE,common_stock,true,false,false,false,false,false,false,false,true,
2025-12-19,8105,凌巨,listed,11.1,11.3,11.1,11.25,0.2,1.81,471700,5286745,201,TWSE,common_stock,true,false,false,false,false,false,false,false,true,
2025-12-19,8110,華東,listed,53.0,53.0,51.0,51.8,0.2,0.3876,3336064,172807717,1956,TWSE,common_stock,true,false,false,false,false,false,false,false,true,
2025-12-19,8112,至上,listed,72.9,73.4,69.6,70.1,-0.8,-1.1283,11807635,837953568,9068,TWSE,common_stock,true,false,false,false,false,false,false,false,true,
2025-12-19,8112A,至上甲特,listed,,,,,0.0,,166,7237,2,TWSE,warrant,false,false,true,false,false,false,false,false,false,security_type=warrant;symbol_not_4_digit;invalid_close
2025-12-19,8114,振樺電,listed,172.5,176.0,172.5,176.0,5.0,2.924,246276,42971862,328,TWSE,common_stock,true,false,false,false,false,false,false,false,true,
2025-12-19,8131,福懋科,listed,49.15,51.2,48.35,51.2,4.6,9.8712,37146532,1892268788,17820,TWSE,common_stock,true,false,false,false,false,false,false,false,true,
2025-12-19,8150,南茂,listed,46.4,47.45,44.15,44.15,-0.55,-1.2304,26922948,1228711161,16176,TWSE,common_stock,true,false,false,false,false,false,false,false,true,
2025-12-19,8162,微矽電子-創,listed,34.0,34.0,33.7,33.7,0.15,0.4471,10038,339789,14,TWSE,common_stock,true,false,false,false,false,false,false,false,true,
2025-12-19,8163,達方,listed,33.2,33.65,31.05,31.3,0.7,2.2876,5896128,191281297,3500,TWSE,common_stock,true,false,false,false,false,false,false,false,true,
2025-12-19,8201,無敵,listed,13.85,13.9,13.65,13.7,-0.1,-0.7246,62543,860427,54,TWSE,common_stock,true,false,false,false,false,false,false,false,true,
2025-12-19,8210,勤誠,listed,900.0,945.0,900.0,943.0,57.0,6.4334,3608084,3366867378,7343,TWSE,common_stock,true,false,false,false,false,false,false,false,true,
2025-12-19,8213,志超,listed,32.75,33.2,32.75,33.1,0.25,0.761,223534,7381001,151,TWSE,common_stock,true,false,false,false,false,false,false,false,true,
2025-12-19,8215,明基材,listed,18.95,19.25,18.95,19.15,0.15,0.7895,288611,5496239,174,TWSE,common_stock,true,false,false,false,false,false,false,false,true,
2025-12-19,8222,寶一,listed,40.5,41.1,40.3,41.0,1.0,2.5,365141,14911348,344,TWSE,common_stock,true,false,false,false,false,false,false,false,true,
2025-12-19,8249,菱光,listed,50.2,50.6,49.9,50.2,0.1,0.1996,310436,15610175,364,TWSE,common_stock,true,false,false,false,false,false,false,false,true,
2025-12-19,8261,富鼎,listed,90.7,90.7,89.5,89.9,0.1,0.1114,784113,70591941,1008,TWSE,common_stock,true,false,false,false,false,false,false,false,true,
2025-12-19,8271,宇瞻,listed,97.0,99.2,94.3,97.5,3.8,4.0555,18337917,1776207400,14070,TWSE,common_stock,true,false,false,false,false,false,false,false,true,
2025-12-19,8341,日友,listed,78.8,79.0,78.5,78.9,0.5,0.6378,61160,4819140,112,TWSE,common_stock,true,false,false,false,false,false,false,false,true,
2025-12-19,8367,建新國際,listed,43.7,43.95,43.7,43.8,0.1,0.2288,30556,1340182,16,TWSE,common_stock,true,false,false,false,false,false,false,false,true,
2025-12-19,8374,羅昇,listed,77.4,78.5,76.7,78.5,2.5,3.2895,156444,12093207,191,TWSE,common_stock,true,false,false,false,false,false,false,false,true,
2025-12-19,8404,百和興業-KY,listed,24.2,24.25,24.05,24.15,0.0,0.0,325171,7851572,223,TWSE,common_stock,true,false,false,false,false,false,false,false,true,
2025-12-19,8411,福貞-KY,listed,12.1,12.25,12.05,12.2,0.05,0.4115,49199,599727,57,TWSE,common_stock,true,false,false,false,false,false,false,false,true,
2025-12-19,8422,可寧衛*,listed,24.6,25.1,24.35,24.5,-0.1,-0.4065,33725892,834734311,10847,TWSE,common_stock,true,false,false,false,false,false,false,false,true,
2025-12-19,8429,金麗-KY,listed,7.65,7.69,7.62,7.66,0.04,0.5249,259384,1986691,106,TWSE,common_stock,true,false,false,false,false,false,false,false,true,
2025-12-19,8438,昶昕,listed,29.75,29.8,29.4,29.75,0.25,0.8475,28007,831254,23,TWSE,common_stock,true,false,false,false,false,false,false,false,true,
2025-12-19,8442,威宏-KY,listed,68.7,68.7,67.8,68.1,-0.7,-1.0174,6212,423574,11,TWSE,common_stock,true,false,false,false,false,false,false,false,true,
2025-12-19,8443,阿瘦,listed,11.15,11.15,11.15,11.15,0.0,0.0,2270,25321,38,TWSE,common_stock,true,false,false,false,false,false,false,false,true,
2025-12-19,8454,富邦媒,listed,210.0,213.0,209.0,211.0,1.5,0.716,525233,110937791,3591,TWSE,etf,false,true,false,false,false,false,false,false,false,security_type=etf
2025-12-19,8462,柏文,listed,147.0,149.0,147.0,148.0,0.5,0.339,52489,7777888,62,TWSE,common_stock,true,false,false,false,false,false,false,false,true,
2025-12-19,8463,潤泰材,listed,27.15,27.5,27.15,27.35,0.2,0.7366,33237,908093,25,TWSE,common_stock,true,false,false,false,false,false,false,false,true,
2025-12-19,8464,億豐,listed,375.5,389.0,375.5,386.5,9.5,2.5199,1103367,424932684,894,TWSE,common_stock,true,false,false,false,false,false,false,false,true,
2025-12-19,8466,美吉吉-KY,listed,22.65,22.65,22.2,22.2,0.05,0.2257,2513,56180,12,TWSE,common_stock,true,false,false,false,false,false,false,false,true,
2025-12-19,8467,波力-KY,listed,156.0,157.0,151.0,156.0,0.0,0.0,142151,21966203,146,TWSE,common_stock,true,false,false,false,false,false,false,false,true,
2025-12-19,8473,山林水,listed,35.65,36.0,35.65,36.0,0.8,2.2727,202625,7273405,217,TWSE,common_stock,true,false,false,false,false,false,false,false,true,
2025-12-19,8476,台境*,listed,18.5,18.55,18.0,18.05,-0.3,-1.6349,132414,2417390,85,TWSE,common_stock,true,false,false,false,false,false,false,false,true,
2025-12-19,8478,東哥遊艇,listed,196.0,201.5,195.5,200.0,4.0,2.0408,266108,53072594,370,TWSE,common_stock,true,false,false,false,false,false,false,false,true,
2025-12-19,8481,政伸,listed,40.5,40.7,40.5,40.7,0.2,0.4938,9000,365100,8,TWSE,common_stock,true,false,false,false,false,false,false,false,true,
2025-12-19,8482,商億-KY,listed,48.5,49.0,48.5,49.0,0.9,1.8711,4332,211137,8,TWSE,common_stock,true,false,false,false,false,false,false,false,true,
2025-12-19,8487,愛爾達-創,listed,78.8,79.0,78.5,78.7,0.4,0.5109,10468,824595,43,TWSE,common_stock,true,false,false,false,false,false,false,false,true,
2025-12-19,8488,吉源-KY,listed,9.83,10.05,9.72,9.91,-0.04,-0.402,28024,276147,23,TWSE,common_stock,true,false,false,false,false,false,false,false,true,
2025-12-19,8499,鼎炫-KY,listed,395.5,402.5,391.0,391.0,-4.0,-1.0127,197066,78090147,341,TWSE,common_stock,true,false,false,false,false,false,false,false,true,
2025-12-19,8926,台汽電,listed,40.2,40.9,40.2,40.85,0.65,1.6169,810573,32921825,564,TWSE,common_stock,true,false,false,false,false,false,false,false,true,
2025-12-19,8940,新天地,listed,20.4,20.45,20.25,20.45,0.1,0.4914,45705,932466,181,TWSE,common_stock,true,false,false,false,false,false,false,false,true,
2025-12-19,8996,高力,listed,498.5,525.0,498.5,512.0,34.0,7.113,1177469,608632452,1594,TWSE,common_stock,true,false,false,false,false,false,false,false,true,
2025-12-19,9103,美德醫療-DR,listed,4.65,4.65,4.59,4.6,0.0,0.0,154347,709903,65,TWSE,dr,false,false,false,false,false,false,false,true,false,security_type=dr
2025-12-19,910322,康師傅-DR,listed,23.75,24.35,23.75,24.35,0.75,3.178,29812,718511,79,TWSE,dr,false,false,false,false,false,false,false,true,false,security_type=dr;symbol_not_4_digit
2025-12-19,9105,泰金寶-DR,listed,5.81,5.82,5.75,5.77,-0.01,-0.173,6985167,40332605,1779,TWSE,dr,false,false,false,false,false,false,false,true,false,security_type=dr
2025-12-19,910861,神州-DR,listed,5.38,5.38,5.32,5.33,0.01,0.188,14534,77741,11,TWSE,dr,false,false,false,false,false,false,false,true,false,security_type=dr;symbol_not_4_digit
2025-12-19,9110,越南控-DR,listed,3.26,3.28,3.2,3.2,-0.01,-0.3115,6000,19510,6,TWSE,dr,false,false,false,false,false,false,false,true,false,security_type=dr
2025-12-19,911608,明輝-DR,listed,2.75,2.75,2.72,2.75,0.0,0.0,7001,19173,8,TWSE,dr,false,false,false,false,false,false,false,true,false,security_type=dr;symbol_not_4_digit
2025-12-19,911622,泰聚亨-DR,listed,4.0,4.0,3.87,3.93,0.03,0.7692,3003,11811,4,TWSE,dr,false,false,false,false,false,false,false,true,false,security_type=dr;symbol_not_4_digit
2025-12-19,911868,同方友友-DR,listed,1.33,1.34,1.33,1.33,0.0,0.0,76195,101516,23,TWSE,dr,false,false,false,false,false,false,false,true,false,security_type=dr;symbol_not_4_digit
2025-12-19,912000,晨訊科-DR,listed,2.74,2.75,2.72,2.74,0.0,0.0,100641,276124,60,TWSE,dr,false,false,false,false,false,false,false,true,false,security_type=dr;symbol_not_4_digit
2025-12-19,9136,巨騰-DR,listed,7.1,7.38,7.09,7.24,0.15,2.1157,651000,4678530,121,TWSE,dr,false,false,false,false,false,false,false,true,false,security_type=dr
2025-12-19,9802,鈺齊-KY,listed,106.5,107.0,106.0,106.0,-0.5,-0.4695,421477,44852939,412,TWSE,common_stock,true,false,false,false,false,false,false,false,true,
2025-12-19,9902,台火,listed,17.6,17.7,17.5,17.55,0.0,0.0,196576,3456473,135,TWSE,common_stock,true,false,false,false,false,false,false,false,true,
2025-12-19,9904,寶成,listed,30.95,31.1,30.75,30.75,-0.15,-0.4854,11566006,356642390,4908,TWSE,common_stock,true,false,false,false,false,false,false,false,true,
2025-12-19,9905,大華,listed,20.0,20.0,19.85,19.9,-0.05,-0.2506,122963,2451255,81,TWSE,common_stock,true,false,false,false,false,false,false,false,true,
2025-12-19,9906,欣巴巴,listed,50.5,54.3,50.5,53.0,2.3,4.5365,207613,10987041,304,TWSE,common_stock,true,false,false,false,false,false,false,false,true,
2025-12-19,9907,統一實,listed,18.1,18.35,18.05,18.1,0.05,0.277,7807182,142393002,2004,TWSE,etf,false,true,false,false,false,false,false,false,false,security_type=etf
2025-12-19,9908,大台北,listed,29.85,30.0,29.85,30.0,0.0,0.0,43239,1294829,30,TWSE,common_stock,true,false,false,false,false,false,false,false,true,
2025-12-19,9910,豐泰,listed,120.5,121.5,120.0,120.0,-1.0,-0.8264,874380,105166383,623,TWSE,common_stock,true,false,false,false,false,false,false,false,true,
2025-12-19,9911,櫻花,listed,83.0,84.1,83.0,84.0,1.0,1.2048,227779,19100379,202,TWSE,common_stock,true,false,false,false,false,false,false,false,true,
2025-12-19,9912,偉聯,listed,12.35,12.5,12.3,12.35,-0.1,-0.8032,93696,1162319,85,TWSE,common_stock,true,false,false,false,false,false,false,false,true,
2025-12-19,9914,美利達,listed,84.7,86.0,84.7,86.0,1.4,1.6548,596331,50960327,590,TWSE,common_stock,true,false,false,false,false,false,false,false,true,
2025-12-19,9917,中保科,listed,106.0,107.5,106.0,106.5,0.5,0.4717,958351,102043293,953,TWSE,common_stock,true,false,false,false,false,false,false,false,true,
2025-12-19,9918,欣天然,listed,39.45,39.7,39.45,39.7,0.0,0.0,15405,609300,24,TWSE,common_stock,true,false,false,false,false,false,false,false,true,
2025-12-19,9919,康那香,listed,16.8,16.8,16.65,16.65,0.0,0.0,120574,2012234,89,TWSE,common_stock,true,false,false,false,false,false,false,false,true,
2025-12-19,9921,巨大,listed,94.0,95.4,93.3,95.0,1.0,1.0638,775187,73302959,767,TWSE,common_stock,true,false,false,false,false,false,false,false,true,
2025-12-19,9924,福興,listed,53.1,53.7,53.0,53.1,0.1,0.1887,61086,3251488,391,TWSE,common_stock,true,false,false,false,false,false,false,false,true,
2025-12-19,9925,新保,listed,40.6,40.8,40.6,40.75,0.1,0.246,193504,7879793,126,TWSE,common_stock,true,false,false,false,false,false,false,false,true,
2025-12-19,9926,新海,listed,49.4,49.5,49.4,49.4,-0.05,-0.1011,10944,541208,23,TWSE,common_stock,true,false,false,false,false,false,false,false,true,
2025-12-19,9927,泰銘,listed,67.8,68.1,67.8,67.9,-0.1,-0.1471,62832,4270966,104,TWSE,common_stock,true,false,false,false,false,false,false,false,true,
2025-12-19,9928,中視,listed,21.0,21.0,19.1,19.2,-1.7,-8.134,611980,12102030,490,TWSE,common_stock,true,false,false,false,false,false,false,false,true,
2025-12-19,9929,秋雨,listed,10.5,11.0,10.5,11.0,0.3,2.8037,9691,104938,15,TWSE,common_stock,true,false,false,false,false,false,false,false,true,
2025-12-19,9930,中聯資源,listed,70.3,70.4,70.1,70.3,0.0,0.0,77442,5441983,100,TWSE,common_stock,true,false,false,false,false,false,false,false,true,
2025-12-19,9931,欣高,listed,34.0,34.5,34.0,34.0,-0.2,-0.5848,7694,262101,12,TWSE,common_stock,true,false,false,false,false,false,false,false,true,
2025-12-19,9933,中鼎,listed,31.3,31.85,31.3,31.45,0.05,0.1592,1353951,42857417,898,TWSE,common_stock,true,false,false,false,false,false,false,false,true,
2025-12-19,9934,成霖,listed,9.99,10.1,9.9,9.96,0.07,0.7078,706261,7054789,308,TWSE,common_stock,true,false,false,false,false,false,false,false,true,
2025-12-19,9935,慶豐富,listed,20.6,20.65,20.45,20.65,0.1,0.4866,75371,1552744,69,TWSE,common_stock,true,false,false,false,false,false,false,false,true,
2025-12-19,9937,全國,listed,59.9,59.9,57.5,58.5,-1.0,-1.6807,158359,9253479,336,TWSE,common_stock,true,false,false,false,false,false,false,false,true,
2025-12-19,9938,百和,listed,52.2,52.4,51.8,51.8,0.0,0.0,1235884,64307007,981,TWSE,common_stock,true,false,false,false,false,false,false,false,true,
2025-12-19,9939,宏全,listed,118.5,120.0,118.5,119.0,1.5,1.2766,833091,99291454,771,TWSE,common_stock,true,false,false,false,false,false,false,false,true,
2025-12-19,9940,信義,listed,22.75,23.05,22.75,23.0,0.05,0.2179,246204,5646888,206,TWSE,common_stock,true,false,false,false,false,false,false,false,true,
2025-12-19,9941,裕融,listed,92.5,94.8,92.2,92.9,1.3,1.4192,2819836,263940049,2708,TWSE,common_stock,true,false,false,false,false,false,false,false,true,
2025-12-19,9941A,裕融甲特,listed,50.4,50.5,50.3,50.5,0.0,0.0,22270,1124266,10,TWSE,warrant,false,false,true,false,false,false,false,false,false,security_type=warrant;symbol_not_4_digit
2025-12-19,9942,茂順,listed,105.5,106.0,104.5,105.5,0.5,0.4762,43333,4563782,46,TWSE,common_stock,true,false,false,false,false,false,false,false,true,
2025-12-19,9943,好樂迪,listed,61.1,62.0,61.1,61.2,-0.2,-0.3257,23903,1468915,55,TWSE,common_stock,true,false,false,false,false,false,false,false,true,
2025-12-19,9944,新麗,listed,16.8,16.95,16.8,16.95,0.1,0.5935,124141,2100084,33,TWSE,common_stock,true,false,false,false,false,false,false,false,true,
2025-12-19,9945,潤泰新,listed,30.15,30.55,30.05,30.35,0.2,0.6633,6650536,201973017,2668,TWSE,common_stock,true,false,false,false,false,false,false,false,true,
2025-12-19,9946,三發地產,listed,18.9,19.1,18.6,18.75,0.05,0.2674,319382,6021126,235,TWSE,common_stock,true,false,false,false,false,false,false,false,true,
2025-12-19,9955,佳龍,listed,30.35,30.6,29.8,29.8,-0.4,-1.3245,448801,13473394,863,TWSE,common_stock,true,false,false,false,false,false,false,false,true,
2025-12-19,9958,世紀鋼,listed,134.5,137.0,134.5,137.0,2.5,1.8587,1061223,144670957,620,TWSE,common_stock,true,false,false,false,false,false,false,false,true,
