date,symbol,name,market,open,high,low,close,change,change_pct,volume,turnover,transactions,source,security_type,is_common_stock,is_etf,is_warrant,is_bond_etf,is_leveraged_inverse,is_etn,is_preferred_stock,is_dr,scan_eligible,exclude_reason
2025-11-17,0050,元大台灣50,listed,62.0,62.2,61.8,61.9,0.2,0.3241,91925734,5696893851,85395,TWSE,etf,false,true,false,false,false,false,false,false,false,security_type=etf
2025-11-17,0051,元大中型100,listed,91.6,92.55,90.9,90.9,-0.65,-0.71,77156,7088640,523,TWSE,etf,false,true,false,false,false,false,false,false,false,security_type=etf
2025-11-17,0052,富邦科技,listed,250.35,252.05,249.0,249.0,0.5,0.2012,4415657,1106089854,9988,TWSE,etf,false,true,false,false,false,false,false,false,false,security_type=etf
2025-11-17,0053,元大電子,listed,137.0,137.35,135.95,136.3,0.4,0.2943,22496,3067459,148,TWSE,etf,false,true,false,false,false,false,false,false,false,security_type=etf
2025-11-17,0055,元大MSCI金融,listed,30.8,30.8,30.55,30.69,-0.11,-0.3571,177597,5444876,380,TWSE,etf,false,true,false,false,false,false,false,false,false,security_type=etf
2025-11-17,0056,元大高股息,listed,36.1,36.1,35.74,35.79,-0.34,-0.941,115542299,4143870170,101367,TWSE,etf,false,true,false,false,false,false,false,false,false,security_type=etf
2025-11-17,0057,富邦摩台,listed,181.45,182.25,181.05,181.05,1.05,0.5833,49317,8949532,110,TWSE,etf,false,true,false,false,false,false,false,false,false,security_type=etf
2025-11-17,0061,元大寶滬深,listed,22.6,22.6,22.36,22.36,-0.33,-1.4544,198174,4443466,241,TWSE,etf,false,true,false,false,false,false,false,false,false,security_type=etf
2025-11-17,006203,元大MSCI台灣,listed,112.85,112.85,111.75,111.9,-0.15,-0.1339,7045,789946,132,TWSE,etf,false,true,false,false,false,false,false,false,false,security_type=etf;symbol_not_4_digit
2025-11-17,006204,永豐臺灣加權,listed,139.4,139.75,139.4,139.7,0.85,0.6122,25664,3580166,44,TWSE,etf,false,true,false,false,false,false,false,false,false,security_type=etf;symbol_not_4_digit
2025-11-17,006205,富邦上証,listed,38.37,38.77,38.32,38.32,-0.58,-1.491,648645,24954952,359,TWSE,etf,false,true,false,false,false,false,false,false,false,security_type=etf;symbol_not_4_digit
2025-11-17,006206,元大上證50,listed,36.2,36.2,34.98,35.73,-0.54,-1.4888,134863,4817082,211,TWSE,etf,false,true,false,false,false,false,false,false,false,security_type=etf;symbol_not_4_digit
2025-11-17,006207,復華滬深,listed,29.71,29.71,29.51,29.57,-0.45,-1.499,157679,4664799,84,TWSE,etf,false,true,false,false,false,false,false,false,false,security_type=etf;symbol_not_4_digit
2025-11-17,006208,富邦台50,listed,145.2,145.7,144.75,144.8,0.6,0.4161,8375531,1215446909,15983,TWSE,etf,false,true,false,false,false,false,false,false,false,security_type=etf;symbol_not_4_digit
2025-11-17,00625K,富邦上証+R,listed,,,,,0.0,,0,0,0,TWSE,etf,false,true,true,false,false,false,false,false,false,security_type=etf;symbol_not_4_digit;invalid_close;invalid_volume;invalid_turnover
2025-11-17,00631L,元大台灣50正2,listed,332.5,334.2,329.6,329.9,2.0,0.6099,4270599,1416413740,4730,TWSE,leveraged_inverse,false,true,true,false,true,false,false,false,false,security_type=leveraged_inverse;symbol_not_4_digit
2025-11-17,00632R,元大台灣50反1,listed,17.31,17.43,17.29,17.42,-0.04,-0.2291,62081266,1078011734,9709,TWSE,leveraged_inverse,false,true,true,false,true,false,false,false,false,security_type=leveraged_inverse;symbol_not_4_digit
2025-11-17,00633L,富邦上証正2,listed,49.9,49.9,49.0,49.15,-1.5,-2.9615,4481096,221072754,1282,TWSE,leveraged_inverse,false,true,true,false,true,false,false,false,false,security_type=leveraged_inverse;symbol_not_4_digit
2025-11-17,00634R,富邦上証反1,listed,3.23,3.26,3.23,3.24,0.02,0.6211,1324300,4295375,35,TWSE,leveraged_inverse,false,true,true,false,true,false,false,false,false,security_type=leveraged_inverse;symbol_not_4_digit
2025-11-17,00635U,期元大S&P黃金,listed,44.36,44.36,43.73,43.73,-1.35,-2.9947,8917284,392861201,5180,TWSE,etf,false,true,true,false,false,false,false,false,false,security_type=etf;symbol_not_4_digit
2025-11-17,00636,國泰中國A50,listed,26.35,26.37,26.18,26.21,-0.38,-1.4291,1343544,35277326,394,TWSE,etf,false,true,false,false,false,false,false,false,false,security_type=etf;symbol_not_4_digit
2025-11-17,00636K,國泰中國A50+U,listed,8.46,8.46,8.46,8.46,-0.13,-1.5134,200,1692,2,TWSE,etf,false,true,true,false,false,false,false,false,false,security_type=etf;symbol_not_4_digit
2025-11-17,00637L,元大滬深300正2,listed,20.14,20.3,19.99,20.02,-0.68,-3.285,52887677,1063612537,6395,TWSE,leveraged_inverse,false,true,true,false,true,false,false,false,false,security_type=leveraged_inverse;symbol_not_4_digit
2025-11-17,00638R,元大滬深300反1,listed,6.83,6.9,6.83,6.89,0.1,1.4728,485001,3336006,74,TWSE,leveraged_inverse,false,true,true,false,true,false,false,false,false,security_type=leveraged_inverse;symbol_not_4_digit
2025-11-17,00639,富邦深100,listed,14.71,14.71,14.59,14.6,-0.25,-1.6835,1107444,16193587,406,TWSE,etf,false,true,false,false,false,false,false,false,false,security_type=etf;symbol_not_4_digit
2025-11-17,00640L,富邦日本正2,listed,74.7,75.05,74.3,74.95,-0.1,-0.1332,1820143,136002311,183,TWSE,leveraged_inverse,false,true,true,false,true,false,false,false,false,security_type=leveraged_inverse;symbol_not_4_digit
2025-11-17,00641R,富邦日本反1,listed,4.73,4.74,4.69,4.69,-0.01,-0.2128,619282,2915911,71,TWSE,leveraged_inverse,false,true,true,false,true,false,false,false,false,security_type=leveraged_inverse;symbol_not_4_digit
2025-11-17,00642U,期元大S&P石油,listed,15.51,15.51,15.44,15.47,-0.06,-0.3863,3807824,58884522,425,TWSE,etf,false,true,true,false,false,false,false,false,false,security_type=etf;symbol_not_4_digit
2025-11-17,00643,群益深証中小,listed,16.17,16.18,16.03,16.06,-0.2,-1.23,2977809,47941675,205,TWSE,etf,false,true,false,false,false,false,false,false,false,security_type=etf;symbol_not_4_digit
2025-11-17,00643K,群益深証中小+R,listed,,,,,0.0,,0,0,0,TWSE,etf,false,true,true,false,false,false,false,false,false,security_type=etf;symbol_not_4_digit;invalid_close;invalid_volume;invalid_turnover
2025-11-17,00645,富邦日本,listed,46.73,46.73,46.53,46.7,-0.02,-0.0428,739756,34503152,557,TWSE,etf,false,true,false,false,false,false,false,false,false,security_type=etf;symbol_not_4_digit
2025-11-17,00646,元大S&P500,listed,65.25,66.05,65.1,66.0,0.2,0.304,6039209,397210029,3191,TWSE,etf,false,true,false,false,false,false,false,false,false,security_type=etf;symbol_not_4_digit
2025-11-17,00647L,元大S&P500正2,listed,112.75,114.2,112.75,114.1,1.0,0.8842,181920,20606115,134,TWSE,leveraged_inverse,false,true,true,false,true,false,false,false,false,security_type=leveraged_inverse;symbol_not_4_digit
2025-11-17,00648R,元大S&P500反1,listed,4.43,4.43,4.39,4.41,-0.01,-0.2262,1003100,4413430,66,TWSE,leveraged_inverse,false,true,true,false,true,false,false,false,false,security_type=leveraged_inverse;symbol_not_4_digit
2025-11-17,00650L,復華香港正2,listed,18.67,18.71,18.41,18.42,-0.47,-2.4881,8402756,155985939,1128,TWSE,leveraged_inverse,false,true,true,false,true,false,false,false,false,security_type=leveraged_inverse;symbol_not_4_digit
2025-11-17,00651R,復華香港反1,listed,5.17,5.21,5.17,5.21,0.06,1.165,418349,2170827,52,TWSE,leveraged_inverse,false,true,true,false,true,false,false,false,false,security_type=leveraged_inverse;symbol_not_4_digit
2025-11-17,00652,富邦印度,listed,37.27,37.46,37.21,37.43,0.16,0.4293,356155,13307729,407,TWSE,etf,false,true,false,false,false,false,false,false,false,security_type=etf;symbol_not_4_digit
2025-11-17,00653L,富邦印度正2,listed,58.1,58.7,58.1,58.5,0.35,0.6019,160641,9401834,102,TWSE,leveraged_inverse,false,true,true,false,true,false,false,false,false,security_type=leveraged_inverse;symbol_not_4_digit
2025-11-17,00654R,富邦印度反1,listed,6.21,6.21,6.21,6.21,-0.03,-0.4808,5000,31050,1,TWSE,leveraged_inverse,false,true,true,false,true,false,false,false,false,security_type=leveraged_inverse;symbol_not_4_digit
2025-11-17,00655L,國泰中國A50正2,listed,34.8,34.8,34.08,34.17,-1.13,-3.2011,1962942,67389523,507,TWSE,leveraged_inverse,false,true,true,false,true,false,false,false,false,security_type=leveraged_inverse;symbol_not_4_digit
2025-11-17,00656R,國泰中國A50反1,listed,6.04,6.13,6.04,6.1,0.09,1.4975,226300,1381666,25,TWSE,leveraged_inverse,false,true,true,false,true,false,false,false,false,security_type=leveraged_inverse;symbol_not_4_digit
2025-11-17,00657,國泰日經225,listed,59.25,59.35,59.0,59.35,0.1,0.1688,136459,8062316,103,TWSE,etf,false,true,false,false,false,false,false,false,false,security_type=etf;symbol_not_4_digit
2025-11-17,00657K,國泰日經225+U,listed,19.01,19.01,19.01,19.01,-0.08,-0.4191,200,3802,2,TWSE,etf,false,true,true,false,false,false,false,false,false,security_type=etf;symbol_not_4_digit
2025-11-17,00660,元大歐洲50,listed,41.15,41.15,40.82,40.82,-0.67,-1.6148,141406,5799774,177,TWSE,etf,false,true,false,false,false,false,false,false,false,security_type=etf;symbol_not_4_digit
2025-11-17,00661,元大日經225,listed,64.65,65.1,64.55,65.1,0.2,0.3082,311222,20157037,349,TWSE,etf,false,true,false,false,false,false,false,false,false,security_type=etf;symbol_not_4_digit
2025-11-17,00662,富邦NASDAQ,listed,99.8,100.85,99.6,100.75,0.85,0.8509,3577296,358388841,2825,TWSE,etf,false,true,false,false,false,false,false,false,false,security_type=etf;symbol_not_4_digit
2025-11-17,00663L,國泰臺灣加權正2,listed,43.3,43.52,42.93,42.95,0.19,0.4443,6799257,293834281,2878,TWSE,leveraged_inverse,false,true,true,false,true,false,false,false,false,security_type=leveraged_inverse;symbol_not_4_digit
2025-11-17,00664R,國泰臺灣加權反1,listed,2.81,2.82,2.79,2.82,-0.01,-0.3534,8104869,22778650,656,TWSE,leveraged_inverse,false,true,true,false,true,false,false,false,false,security_type=leveraged_inverse;symbol_not_4_digit
2025-11-17,00665L,富邦恒生國企正2,listed,11.82,11.89,11.72,11.73,-0.28,-2.3314,24136147,284513929,2356,TWSE,leveraged_inverse,false,true,true,false,true,false,false,false,false,security_type=leveraged_inverse;symbol_not_4_digit
2025-11-17,00666R,富邦恒生國企反1,listed,8.48,8.55,8.48,8.55,0.11,1.3033,109554,933097,32,TWSE,leveraged_inverse,false,true,true,false,true,false,false,false,false,security_type=leveraged_inverse;symbol_not_4_digit
2025-11-17,00668,國泰美國道瓊,listed,53.0,53.5,52.95,53.45,-0.3,-0.5581,398704,21230444,135,TWSE,etf,false,true,false,false,false,false,false,false,false,security_type=etf;symbol_not_4_digit
2025-11-17,00668K,國泰美國道瓊+U,listed,17.2,17.2,17.2,17.2,-0.1,-0.578,200,3440,2,TWSE,etf,false,true,true,false,false,false,false,false,false,security_type=etf;symbol_not_4_digit
2025-11-17,00669R,國泰美國道瓊反1,listed,5.78,5.81,5.78,5.79,0.02,0.3466,2399580,13907487,123,TWSE,leveraged_inverse,false,true,true,false,true,false,false,false,false,security_type=leveraged_inverse;symbol_not_4_digit
2025-11-17,00670L,富邦NASDAQ正2,listed,161.8,162.4,161.4,162.4,2.6,1.627,807424,130728980,1521,TWSE,leveraged_inverse,false,true,true,false,true,false,false,false,false,security_type=leveraged_inverse;symbol_not_4_digit
2025-11-17,00671R,富邦NASDAQ反1,listed,2.87,2.89,2.87,2.88,-0.01,-0.346,10565261,30402204,288,TWSE,leveraged_inverse,false,true,true,false,true,false,false,false,false,security_type=leveraged_inverse;symbol_not_4_digit
2025-11-17,00673R,期元大S&P原油反1,listed,27.71,27.82,27.7,27.82,0.11,0.397,4026222,111659175,391,TWSE,leveraged_inverse,false,true,true,false,true,false,false,false,false,security_type=leveraged_inverse;symbol_not_4_digit
2025-11-17,00674R,期元大S&P黃金反1,listed,6.2,6.24,6.19,6.24,0.16,2.6316,2053301,12759482,247,TWSE,leveraged_inverse,false,true,true,false,true,false,false,false,false,security_type=leveraged_inverse;symbol_not_4_digit
2025-11-17,00675L,富邦臺灣加權正2,listed,131.95,132.65,131.0,131.1,1.0,0.7686,5322960,701279633,2206,TWSE,leveraged_inverse,false,true,true,false,true,false,false,false,false,security_type=leveraged_inverse;symbol_not_4_digit
2025-11-17,00676R,富邦臺灣加權反1,listed,9.54,9.57,9.5,9.56,-0.03,-0.3128,2469710,23551096,270,TWSE,leveraged_inverse,false,true,true,false,true,false,false,false,false,security_type=leveraged_inverse;symbol_not_4_digit
2025-11-17,00678,群益那斯達克生技,listed,32.5,33.33,32.44,33.32,0.29,0.878,365530,12160791,217,TWSE,etf,false,true,false,false,false,false,false,false,false,security_type=etf;symbol_not_4_digit
2025-11-17,00680L,元大美債20正2,listed,7.42,7.45,7.39,7.43,-0.07,-0.9333,17952968,133262894,1367,TWSE,bond_etf,false,true,true,true,true,false,false,false,false,security_type=bond_etf;symbol_not_4_digit
2025-11-17,00681R,元大美債20反1,listed,20.54,20.55,20.54,20.55,0.14,0.6859,2000,41090,2,TWSE,bond_etf,false,true,true,true,true,false,false,false,false,security_type=bond_etf;symbol_not_4_digit
2025-11-17,00682U,期元大美元指數,listed,20.37,20.37,20.37,20.37,0.04,0.1968,14467,294678,11,TWSE,etf,false,true,true,false,false,false,false,false,false,security_type=etf;symbol_not_4_digit
2025-11-17,00683L,期元大美元指正2,listed,21.19,21.21,21.14,21.21,0.18,0.8559,74015,1565104,10,TWSE,leveraged_inverse,false,true,true,false,true,false,false,false,false,security_type=leveraged_inverse;symbol_not_4_digit
2025-11-17,00684R,期元大美元指反1,listed,,,,,0.0,,0,0,0,TWSE,leveraged_inverse,false,true,true,false,true,false,false,false,false,security_type=leveraged_inverse;symbol_not_4_digit;invalid_close;invalid_volume;invalid_turnover
2025-11-17,00685L,群益臺灣加權正2,listed,118.6,119.25,117.6,117.6,0.5,0.427,627670,74314693,568,TWSE,leveraged_inverse,false,true,true,false,true,false,false,false,false,security_type=leveraged_inverse;symbol_not_4_digit
2025-11-17,00686R,群益臺灣加權反1,listed,1.71,1.72,1.71,1.72,0.0,0.0,2395015,4098975,94,TWSE,leveraged_inverse,false,true,true,false,true,false,false,false,false,security_type=leveraged_inverse;symbol_not_4_digit
2025-11-17,00688L,國泰20年美債正2,listed,7.32,7.41,7.32,7.41,-0.08,-1.0681,8844748,65273399,715,TWSE,bond_etf,false,true,true,true,true,false,false,false,false,security_type=bond_etf;symbol_not_4_digit
2025-11-17,00689R,國泰20年美債反1,listed,21.21,21.3,21.21,21.3,0.11,0.5191,132000,2809620,3,TWSE,bond_etf,false,true,true,true,true,false,false,false,false,security_type=bond_etf;symbol_not_4_digit
2025-11-17,00690,兆豐藍籌30,listed,42.93,43.3,42.93,43.06,0.21,0.4901,1048705,45232963,505,TWSE,etf,false,true,false,false,false,false,false,false,false,security_type=etf;symbol_not_4_digit
2025-11-17,00692,富邦公司治理,listed,55.85,56.15,55.7,55.85,0.2,0.3594,1706225,95342118,1725,TWSE,etf,false,true,false,false,false,false,false,false,false,security_type=etf;symbol_not_4_digit
2025-11-17,00693U,期街口S&P黃豆,listed,21.7,21.7,21.48,21.7,-0.48,-2.1641,3410828,73755695,660,TWSE,warrant,false,false,true,false,false,false,false,false,false,security_type=warrant;symbol_not_4_digit
2025-11-17,00700,富邦恒生國企,listed,18.8,18.88,18.71,18.8,-0.23,-1.2086,317835,5981999,167,TWSE,etf,false,true,false,false,false,false,false,false,false,security_type=etf;symbol_not_4_digit
2025-11-17,00701,國泰股利精選30,listed,27.41,27.42,27.31,27.4,-0.11,-0.3999,944220,25844477,896,TWSE,etf,false,true,false,false,false,false,false,false,false,security_type=etf;symbol_not_4_digit
2025-11-17,00702,國泰標普低波高息,listed,22.86,22.88,22.86,22.86,0.0,0.0,106175,2427005,96,TWSE,etf,false,true,false,false,false,false,false,false,false,security_type=etf;symbol_not_4_digit
2025-11-17,00703,台新MSCI中國,listed,22.77,22.77,22.25,22.28,-0.36,-1.5901,17335,387758,92,TWSE,other,false,false,false,false,false,false,false,false,false,symbol_not_4_digit
2025-11-17,00706L,期元大S&P日圓正2,listed,21.23,21.25,21.2,21.24,-0.06,-0.2817,2296654,48745367,289,TWSE,leveraged_inverse,false,true,true,false,true,false,false,false,false,security_type=leveraged_inverse;symbol_not_4_digit
2025-11-17,00707R,期元大S&P日圓反1,listed,,,,,0.0,,0,0,0,TWSE,leveraged_inverse,false,true,true,false,true,false,false,false,false,security_type=leveraged_inverse;symbol_not_4_digit;invalid_close;invalid_volume;invalid_turnover
2025-11-17,00708L,期元大S&P黃金正2,listed,82.9,82.9,80.7,80.7,-5.0,-5.8343,8414420,685881018,4697,TWSE,leveraged_inverse,false,true,true,false,true,false,false,false,false,security_type=leveraged_inverse;symbol_not_4_digit
2025-11-17,00709,富邦歐洲,listed,35.74,35.74,35.0,35.08,-0.26,-0.7357,104731,3675603,260,TWSE,etf,false,true,false,false,false,false,false,false,false,security_type=etf;symbol_not_4_digit
2025-11-17,00710B,復華彭博非投等債,listed,18.75,18.77,18.67,18.75,-0.03,-0.1597,175040,3279975,81,TWSE,bond_etf,false,true,true,true,false,false,false,false,false,security_type=bond_etf;symbol_not_4_digit
2025-11-17,00711B,復華彭博新興債,listed,16.29,16.38,16.29,16.38,0.0,0.0,134779,2202452,26,TWSE,bond_etf,false,true,true,true,false,false,false,false,false,security_type=bond_etf;symbol_not_4_digit
2025-11-17,00712,復華富時不動產,listed,8.78,8.88,8.77,8.87,-0.01,-0.1126,25974172,229547418,4142,TWSE,etf,false,true,false,false,false,false,false,false,false,security_type=etf;symbol_not_4_digit
2025-11-17,00713,元大台灣高息低波,listed,50.8,50.8,50.5,50.55,-0.25,-0.4921,8679723,438772526,11363,TWSE,etf,false,true,false,false,false,false,false,false,false,security_type=etf;symbol_not_4_digit
2025-11-17,00714,群益道瓊美國地產,listed,19.75,19.84,19.75,19.82,-0.05,-0.2516,523285,10368507,123,TWSE,etf,false,true,false,false,false,false,false,false,false,security_type=etf;symbol_not_4_digit
2025-11-17,00715L,期街口布蘭特正2,listed,10.44,10.46,10.35,10.42,-0.03,-0.2871,36622360,381892759,2280,TWSE,leveraged_inverse,false,true,true,false,true,false,false,false,false,security_type=leveraged_inverse;symbol_not_4_digit
2025-11-17,00717,富邦美國特別股,listed,14.69,14.76,14.69,14.73,0.01,0.0679,139017,2045775,197,TWSE,preferred_stock,false,true,false,false,false,false,true,false,false,security_type=preferred_stock;symbol_not_4_digit
2025-11-17,00728,第一金工業30,listed,35.91,36.06,35.9,35.9,0.0,0.0,36807,1324596,223,TWSE,other,false,false,false,false,false,false,false,false,false,symbol_not_4_digit
2025-11-17,00730,富邦臺灣優質高息,listed,22.2,22.33,21.99,22.21,-0.03,-0.1349,352667,7816570,584,TWSE,etf,false,true,false,false,false,false,false,false,false,security_type=etf;symbol_not_4_digit
2025-11-17,00731,復華富時高息低波,listed,67.15,67.3,66.8,66.95,-0.2,-0.2978,680070,45542705,428,TWSE,etf,false,true,false,false,false,false,false,false,false,security_type=etf;symbol_not_4_digit
2025-11-17,00733,富邦臺灣中小,listed,46.21,46.22,45.25,45.25,-0.71,-1.5448,1019234,46437409,1486,TWSE,etf,false,true,false,false,false,false,false,false,false,security_type=etf;symbol_not_4_digit
2025-11-17,00735,國泰臺韓科技,listed,48.5,48.63,48.17,48.52,0.44,0.9151,253950,12298187,191,TWSE,etf,false,true,false,false,false,false,false,false,false,security_type=etf;symbol_not_4_digit
2025-11-17,00736,國泰新興市場,listed,27.65,27.65,27.48,27.48,-0.09,-0.3264,124401,3426753,16,TWSE,etf,false,true,false,false,false,false,false,false,false,security_type=etf;symbol_not_4_digit
2025-11-17,00737,國泰AI機器人,listed,35.37,35.5,35.02,35.47,0.09,0.2544,86490,3053487,186,TWSE,etf,false,true,false,false,false,false,false,false,false,security_type=etf;symbol_not_4_digit
2025-11-17,00738U,期元大道瓊白銀,listed,42.58,42.58,41.91,41.92,-1.93,-4.4014,6763230,285809955,3930,TWSE,etf,false,true,true,false,false,false,false,false,false,security_type=etf;symbol_not_4_digit
2025-11-17,00739,元大MSCI A股,listed,25.64,25.68,25.46,25.57,-0.35,-1.3503,206023,5268009,120,TWSE,etf,false,true,false,false,false,false,false,false,false,security_type=etf;symbol_not_4_digit
2025-11-17,00752,中信中國50,listed,27.24,27.24,26.3,27.01,-0.41,-1.4953,1635504,44218271,834,TWSE,etf,false,true,false,false,false,false,false,false,false,security_type=etf;symbol_not_4_digit
2025-11-17,00753L,中信中國50正2,listed,13.5,13.5,13.2,13.25,-0.33,-2.43,25207230,334979612,3048,TWSE,leveraged_inverse,false,true,true,false,true,false,false,false,false,security_type=leveraged_inverse;symbol_not_4_digit
2025-11-17,00757,統一FANG+,listed,120.25,122.05,120.2,122.05,1.3,1.0766,4947687,600950944,3928,TWSE,etf,false,true,false,false,false,false,false,false,false,security_type=etf;symbol_not_4_digit
2025-11-17,00762,元大全球AI,listed,83.4,84.1,83.0,84.05,0.65,0.7794,602132,50465199,1493,TWSE,etf,false,true,false,false,false,false,false,false,false,security_type=etf;symbol_not_4_digit
2025-11-17,00763U,期街口道瓊銅,listed,28.08,28.1,27.94,27.98,-0.14,-0.4979,459332,12866865,218,TWSE,warrant,false,false,true,false,false,false,false,false,false,security_type=warrant;symbol_not_4_digit
2025-11-17,00770,國泰北美科技,listed,55.9,56.65,55.9,56.6,0.7,1.2522,404774,22834945,608,TWSE,etf,false,true,false,false,false,false,false,false,false,security_type=etf;symbol_not_4_digit
2025-11-17,00771,元大US高息特別股,listed,16.1,16.2,16.03,16.2,0.01,0.0618,18638,300526,77,TWSE,preferred_stock,false,true,false,false,false,false,true,false,false,security_type=preferred_stock;symbol_not_4_digit
2025-11-17,00775B,台新投等債15+,listed,32.4,32.4,32.4,32.4,0.0,0.0,10030,324978,3,TWSE,bond_etf,false,true,true,true,false,false,false,false,false,security_type=bond_etf;symbol_not_4_digit
2025-11-17,00783,富邦中証500,listed,24.23,24.47,24.19,24.33,-0.27,-1.0976,196892,4785564,157,TWSE,etf,false,true,false,false,false,false,false,false,false,security_type=etf;symbol_not_4_digit
2025-11-17,00830,國泰費城半導體,listed,54.65,55.35,54.35,55.25,0.65,1.1905,8170129,449724035,3449,TWSE,etf,false,true,false,false,false,false,false,false,false,security_type=etf;symbol_not_4_digit
2025-11-17,00850,元大臺灣ESG永續,listed,53.65,53.9,53.45,53.5,-0.05,-0.0934,962751,51683809,1399,TWSE,etf,false,true,false,false,false,false,false,false,false,security_type=etf;symbol_not_4_digit
2025-11-17,00851,台新全球AI,listed,55.0,55.3,54.8,55.1,-0.1,-0.1812,20094,1107434,102,TWSE,other,false,false,false,false,false,false,false,false,false,symbol_not_4_digit
2025-11-17,00852L,國泰美國道瓊正2,listed,29.18,29.5,29.18,29.49,-0.32,-1.0735,352264,10316291,89,TWSE,leveraged_inverse,false,true,true,false,true,false,false,false,false,security_type=leveraged_inverse;symbol_not_4_digit
2025-11-17,00861,元大全球未來通訊,listed,50.8,53.0,50.8,52.95,0.5,0.9533,228475,12016416,504,TWSE,etf,false,true,false,false,false,false,false,false,false,security_type=etf;symbol_not_4_digit
2025-11-17,00865B,國泰US短期公債,listed,45.89,46.39,45.86,46.38,-0.08,-0.1722,2155106,99597232,553,TWSE,bond_etf,false,true,true,true,false,false,false,false,false,security_type=bond_etf;symbol_not_4_digit
2025-11-17,00875,國泰網路資安,listed,39.4,39.54,39.35,39.53,0.13,0.3299,220842,8719555,173,TWSE,etf,false,true,false,false,false,false,false,false,false,security_type=etf;symbol_not_4_digit
2025-11-17,00876,元大全球5G,listed,46.96,47.99,46.65,47.58,0.08,0.1684,303660,14474195,1928,TWSE,etf,false,true,false,false,false,false,false,false,false,security_type=etf;symbol_not_4_digit
2025-11-17,00878,國泰永續高股息,listed,21.26,21.27,21.1,21.11,-0.16,-0.7522,165361288,3497917294,85548,TWSE,etf,false,true,false,false,false,false,false,false,false,security_type=etf;symbol_not_4_digit
2025-11-17,00881,國泰台灣科技龍頭,listed,30.92,31.0,30.69,30.7,0.1,0.3268,15252770,470123040,5003,TWSE,etf,false,true,false,false,false,false,false,false,false,security_type=etf;symbol_not_4_digit
2025-11-17,00882,中信中國高股息,listed,15.56,15.7,15.54,15.62,-0.14,-0.8883,16171619,252840483,3197,TWSE,etf,false,true,false,false,false,false,false,false,false,security_type=etf;symbol_not_4_digit
2025-11-17,00885,富邦越南,listed,16.1,16.39,16.04,16.37,0.27,1.677,7046882,114746225,1976,TWSE,etf,false,true,false,false,false,false,false,false,false,security_type=etf;symbol_not_4_digit
2025-11-17,00891,中信關鍵半導體,listed,19.15,19.19,19.06,19.1,0.1,0.5263,29936473,572753286,7615,TWSE,etf,false,true,false,false,false,false,false,false,false,security_type=etf;symbol_not_4_digit
2025-11-17,00892,富邦台灣半導體,listed,20.61,20.8,20.52,20.65,0.24,1.1759,1536112,31727224,618,TWSE,etf,false,true,false,false,false,false,false,false,false,security_type=etf;symbol_not_4_digit
2025-11-17,00893,國泰智能電動車,listed,32.14,32.33,32.0,32.32,0.11,0.3415,1346568,43396128,1770,TWSE,etf,false,true,false,false,false,false,false,false,false,security_type=etf;symbol_not_4_digit
2025-11-17,00894,中信小資高價30,listed,26.66,26.83,26.54,26.59,0.24,0.9108,1729124,46105210,1014,TWSE,etf,false,true,false,false,false,false,false,false,false,security_type=etf;symbol_not_4_digit
2025-11-17,00895,富邦未來車,listed,37.91,38.15,35.85,38.15,0.27,0.7128,967398,36392414,1784,TWSE,etf,false,true,false,false,false,false,false,false,false,security_type=etf;symbol_not_4_digit
2025-11-17,00896,中信綠能及電動車,listed,19.3,19.41,19.21,19.21,-0.01,-0.052,648119,12522537,524,TWSE,etf,false,true,false,false,false,false,false,false,false,security_type=etf;symbol_not_4_digit
2025-11-17,00897,富邦基因免疫生技,listed,8.46,8.55,8.42,8.55,0.07,0.8255,625050,5316007,277,TWSE,etf,false,true,false,false,false,false,false,false,false,security_type=etf;symbol_not_4_digit
2025-11-17,00898,國泰基因免疫革命,listed,7.42,7.42,7.39,7.39,-0.03,-0.4043,1511178,11184547,244,TWSE,etf,false,true,false,false,false,false,false,false,false,security_type=etf;symbol_not_4_digit
2025-11-17,00899,FT潔淨能源,listed,20.17,20.17,19.97,20.09,-0.08,-0.3966,196618,3941836,238,TWSE,other,false,false,false,false,false,false,false,false,false,symbol_not_4_digit
2025-11-17,00900,富邦特選高股息30,listed,13.5,13.5,13.4,13.43,-0.02,-0.1487,36140147,485167099,7380,TWSE,etf,false,true,false,false,false,false,false,false,false,security_type=etf;symbol_not_4_digit
2025-11-17,00901,永豐智能車供應鏈,listed,26.7,26.76,26.51,26.52,0.02,0.0755,1988933,52910967,906,TWSE,etf,false,true,false,false,false,false,false,false,false,security_type=etf;symbol_not_4_digit
2025-11-17,00902,中信電池及儲能,listed,13.5,13.67,13.41,13.58,-0.08,-0.5857,2899911,39383318,859,TWSE,etf,false,true,false,false,false,false,false,false,false,security_type=etf;symbol_not_4_digit
2025-11-17,00903,富邦元宇宙,listed,17.17,17.45,17.17,17.42,0.16,0.927,646160,11261496,192,TWSE,etf,false,true,false,false,false,false,false,false,false,security_type=etf;symbol_not_4_digit
2025-11-17,00904,台新臺灣半導體30,listed,21.3,21.39,21.24,21.26,0.25,1.1899,2411576,51408342,640,TWSE,other,false,false,false,false,false,false,false,false,false,symbol_not_4_digit
2025-11-17,00905,FT臺灣Smart,listed,16.55,16.63,16.5,16.52,0.02,0.1212,1198244,19849415,1020,TWSE,other,false,false,false,false,false,false,false,false,false,symbol_not_4_digit
2025-11-17,00907,永豐優息存股,listed,15.25,15.28,15.18,15.21,-0.11,-0.718,750024,11424403,287,TWSE,etf,false,true,false,false,false,false,false,false,false,security_type=etf;symbol_not_4_digit
2025-11-17,00908,富邦入息REITs+,listed,13.5,13.6,13.5,13.59,-0.01,-0.0735,354053,4808178,118,TWSE,etf,false,true,false,false,false,false,false,false,false,security_type=etf;symbol_not_4_digit
2025-11-17,00909,國泰數位支付服務,listed,40.75,40.78,40.31,40.77,-0.23,-0.561,6494182,263836988,9122,TWSE,etf,false,true,false,false,false,false,false,false,false,security_type=etf;symbol_not_4_digit
2025-11-17,00910,第一金太空衛星,listed,38.25,38.69,38.04,38.67,0.44,1.1509,2009528,77025934,3629,TWSE,other,false,false,false,false,false,false,false,false,false,symbol_not_4_digit
2025-11-17,00911,兆豐洲際半導體,listed,31.16,31.16,30.63,31.03,-0.12,-0.3852,445590,13808805,1248,TWSE,etf,false,true,false,false,false,false,false,false,false,security_type=etf;symbol_not_4_digit
2025-11-17,00912,中信臺灣智慧50,listed,20.57,20.65,20.54,20.54,0.06,0.293,130878,2697411,184,TWSE,etf,false,true,false,false,false,false,false,false,false,security_type=etf;symbol_not_4_digit
2025-11-17,00913,兆豐台灣晶圓製造,listed,23.1,23.27,23.08,23.17,0.2,0.8707,343993,7979976,50,TWSE,etf,false,true,false,false,false,false,false,false,false,security_type=etf;symbol_not_4_digit
2025-11-17,00915,凱基優選高股息30,listed,22.06,22.06,21.9,21.92,-0.21,-0.9489,3870334,84958695,2856,TWSE,etf,false,true,false,false,false,false,false,false,false,security_type=etf;symbol_not_4_digit
2025-11-17,00916,國泰全球品牌50,listed,27.0,27.0,26.5,26.73,0.04,0.1499,198410,5295942,415,TWSE,etf,false,true,false,false,false,false,false,false,false,security_type=etf;symbol_not_4_digit
2025-11-17,00917,中信特選金融,listed,23.76,23.76,23.57,23.74,-0.15,-0.6279,117067,2773223,171,TWSE,etf,false,true,false,false,false,false,false,false,false,security_type=etf;symbol_not_4_digit
2025-11-17,00918,大華優利高填息30,listed,22.45,22.45,22.29,22.3,-0.18,-0.8007,17722679,396144564,10330,TWSE,other,false,false,false,false,false,false,false,false,false,symbol_not_4_digit
2025-11-17,00919,群益台灣精選高息,listed,21.58,21.58,21.45,21.46,-0.12,-0.5561,50826503,1091862868,26182,TWSE,etf,false,true,false,false,false,false,false,false,false,security_type=etf;symbol_not_4_digit
2025-11-17,00920,富邦ESG綠色電力,listed,17.99,18.19,17.82,18.1,0.11,0.6115,97789,1767865,194,TWSE,etf,false,true,false,false,false,false,false,false,false,security_type=etf;symbol_not_4_digit
2025-11-17,00921,兆豐龍頭等權重,listed,17.48,17.51,17.35,17.37,-0.01,-0.0575,329635,5756592,260,TWSE,etf,false,true,false,false,false,false,false,false,false,security_type=etf;symbol_not_4_digit
2025-11-17,00922,國泰台灣領袖50,listed,24.63,24.66,24.51,24.53,0.02,0.0816,10624319,261148511,6511,TWSE,etf,false,true,false,false,false,false,false,false,false,security_type=etf;symbol_not_4_digit
2025-11-17,00923,群益台ESG低碳50,listed,24.71,24.78,24.57,24.58,-0.01,-0.0407,2782338,68636616,1456,TWSE,etf,false,true,false,false,false,false,false,false,false,security_type=etf;symbol_not_4_digit
2025-11-17,00924,復華S&P500成長,listed,28.2,28.54,28.1,28.51,0.3,1.0635,5305289,150750064,2219,TWSE,etf,false,true,false,false,false,false,false,false,false,security_type=etf;symbol_not_4_digit
2025-11-17,00926,凱基全球菁英55,listed,23.53,23.76,23.47,23.72,0.17,0.7219,419130,9924670,363,TWSE,etf,false,true,false,false,false,false,false,false,false,security_type=etf;symbol_not_4_digit
2025-11-17,00927,群益半導體收益,listed,20.77,20.79,20.58,20.61,0.05,0.2432,3542377,73268385,1060,TWSE,etf,false,true,false,false,false,false,false,false,false,security_type=etf;symbol_not_4_digit
2025-11-17,00929,復華台灣科技優息,listed,18.13,18.14,17.92,17.94,-0.17,-0.9387,29379956,528867219,13188,TWSE,etf,false,true,false,false,false,false,false,false,false,security_type=etf;symbol_not_4_digit
2025-11-17,00930,永豐ESG低碳高息,listed,17.33,17.33,17.2,17.21,-0.13,-0.7497,1278438,22028474,460,TWSE,etf,false,true,false,false,false,false,false,false,false,security_type=etf;symbol_not_4_digit
2025-11-17,00932,兆豐永續高息等權,listed,14.52,14.52,14.32,14.33,-0.17,-1.1724,1522362,21893213,510,TWSE,etf,false,true,false,false,false,false,false,false,false,security_type=etf;symbol_not_4_digit
2025-11-17,00934,中信成長高股息,listed,20.86,20.88,20.61,20.63,-0.16,-0.7696,2036060,42204584,958,TWSE,etf,false,true,false,false,false,false,false,false,false,security_type=etf;symbol_not_4_digit
2025-11-17,00935,野村臺灣新科技50,listed,28.05,28.16,27.9,27.9,0.08,0.2876,2405190,67464105,1487,TWSE,other,false,false,false,false,false,false,false,false,false,symbol_not_4_digit
2025-11-17,00936,台新永續高息中小,listed,15.77,15.8,15.65,15.69,0.0,0.0,2003718,31495553,713,TWSE,other,false,false,false,false,false,false,false,false,false,symbol_not_4_digit
2025-11-17,00938,凱基優選30,listed,16.59,16.63,16.56,16.57,-0.02,-0.1206,819995,13598480,253,TWSE,etf,false,true,false,false,false,false,false,false,false,security_type=etf;symbol_not_4_digit
2025-11-17,00939,統一台灣高息動能,listed,14.05,14.05,13.92,13.93,-0.13,-0.9246,6411075,89513788,2344,TWSE,etf,false,true,false,false,false,false,false,false,false,security_type=etf;symbol_not_4_digit
2025-11-17,00940,元大台灣價值高息,listed,9.38,9.4,9.3,9.31,-0.07,-0.7463,25433158,237123546,7260,TWSE,etf,false,true,false,false,false,false,false,false,false,security_type=etf;symbol_not_4_digit
2025-11-17,00941,中信上游半導體,listed,16.4,16.5,16.3,16.48,-0.02,-0.1212,3548637,58327932,1142,TWSE,etf,false,true,false,false,false,false,false,false,false,security_type=etf;symbol_not_4_digit
2025-11-17,00943,兆豐電子高息等權,listed,14.73,14.73,14.48,14.51,-0.22,-1.4936,297191,4325723,196,TWSE,etf,false,true,false,false,false,false,false,false,false,security_type=etf;symbol_not_4_digit
2025-11-17,00944,野村趨勢動能高息,listed,14.12,14.12,14.03,14.06,-0.06,-0.4249,390986,5499123,352,TWSE,other,false,false,false,false,false,false,false,false,false,symbol_not_4_digit
2025-11-17,00945B,凱基美國非投等債,listed,14.12,14.36,14.12,14.35,-0.02,-0.1392,6561326,93728330,1001,TWSE,bond_etf,false,true,true,true,false,false,false,false,false,security_type=bond_etf;symbol_not_4_digit
2025-11-17,00946,群益科技高息成長,listed,9.98,10.0,9.9,9.92,-0.06,-0.6012,3366311,33442794,1214,TWSE,etf,false,true,false,false,false,false,false,false,false,security_type=etf;symbol_not_4_digit
2025-11-17,00947,台新臺灣IC設計,listed,17.64,17.77,17.56,17.64,0.39,2.2609,1298753,22962039,591,TWSE,other,false,false,false,false,false,false,false,false,false,symbol_not_4_digit
2025-11-17,00949,復華日本龍頭,listed,18.23,18.32,18.15,18.29,-0.24,-1.2952,2193230,40042430,698,TWSE,etf,false,true,false,false,false,false,false,false,false,security_type=etf;symbol_not_4_digit
2025-11-17,00951,台新日本半導體,listed,10.86,10.94,10.8,10.93,0.0,0.0,2380303,25892144,659,TWSE,other,false,false,false,false,false,false,false,false,false,symbol_not_4_digit
2025-11-17,00952,凱基台灣AI50,listed,11.8,11.91,11.71,11.72,-0.03,-0.2553,1766403,20837410,915,TWSE,etf,false,true,false,false,false,false,false,false,false,security_type=etf;symbol_not_4_digit
2025-11-17,00953B,群益優選非投等債,listed,9.45,9.56,9.4,9.54,-0.03,-0.3135,57539458,547577221,6354,TWSE,bond_etf,false,true,true,true,false,false,false,false,false,security_type=bond_etf;symbol_not_4_digit
2025-11-17,00954,中信日本半導體,listed,11.57,11.7,11.56,11.7,0.07,0.6019,1404585,16345705,712,TWSE,etf,false,true,false,false,false,false,false,false,false,security_type=etf;symbol_not_4_digit
2025-11-17,00956,中信日經高股息,listed,10.67,10.86,10.67,10.86,0.02,0.1845,2098416,22557058,227,TWSE,etf,false,true,false,false,false,false,false,false,false,security_type=etf;symbol_not_4_digit
2025-11-17,00960,野村全球航運龍頭,listed,14.0,14.0,13.93,13.99,-0.01,-0.0714,588390,8215483,389,TWSE,other,false,false,false,false,false,false,false,false,false,symbol_not_4_digit
2025-11-17,00961,FT臺灣永續高息,listed,9.75,9.8,9.63,9.66,-0.06,-0.6173,4858151,47194454,678,TWSE,other,false,false,false,false,false,false,false,false,false,symbol_not_4_digit
2025-11-17,00962,台新AI優息動能,listed,11.02,11.02,10.9,10.9,0.0,0.0,320134,3510744,279,TWSE,other,false,false,false,false,false,false,false,false,false,symbol_not_4_digit
2025-11-17,00963,中信全球高股息,listed,10.87,11.02,10.87,11.01,-0.05,-0.4521,1243315,13630896,387,TWSE,etf,false,true,false,false,false,false,false,false,false,security_type=etf;symbol_not_4_digit
2025-11-17,00964,中信亞太高股息,listed,11.68,11.78,11.64,11.65,-0.12,-1.0195,1119665,13063471,282,TWSE,etf,false,true,false,false,false,false,false,false,false,security_type=etf;symbol_not_4_digit
2025-11-17,00965,元大航太防衛科技,listed,22.8,23.02,22.62,23.0,0.2,0.8772,7151263,163247094,3689,TWSE,etf,false,true,false,false,false,false,false,false,false,security_type=etf;symbol_not_4_digit
2025-11-17,00971,野村美國研發龍頭,listed,16.76,16.89,16.7,16.88,0.13,0.7761,1090653,18299826,347,TWSE,other,false,false,false,false,false,false,false,false,false,symbol_not_4_digit
2025-11-17,00972,野村日本動能高息,listed,17.0,17.11,16.94,17.09,0.07,0.4113,821262,13970352,98,TWSE,other,false,false,false,false,false,false,false,false,false,symbol_not_4_digit
2025-11-17,009800,中信NASDAQ,listed,10.77,10.92,10.75,10.9,0.09,0.8326,2221048,24136821,977,TWSE,etf,false,true,false,false,false,false,false,false,false,security_type=etf;symbol_not_4_digit
2025-11-17,009801,中信美國創新科技,listed,11.1,11.17,11.02,11.15,0.12,1.0879,3535353,39321753,648,TWSE,etf,false,true,false,false,false,false,false,false,false,security_type=etf;symbol_not_4_digit
2025-11-17,009802,富邦旗艦50,listed,10.75,10.78,10.61,10.61,-0.09,-0.8411,3295877,35153013,953,TWSE,etf,false,true,false,false,false,false,false,false,false,security_type=etf;symbol_not_4_digit
2025-11-17,009803,玉山市值動能50,listed,12.56,12.62,12.46,12.48,-0.05,-0.399,1561470,19534487,699,TWSE,other,false,false,false,false,false,false,false,false,false,symbol_not_4_digit
2025-11-17,009804,聯邦台精彩50,listed,14.0,14.05,13.92,13.93,0.0,0.0,1570968,21938578,281,TWSE,other,false,false,false,false,false,false,false,false,false,symbol_not_4_digit
2025-11-17,009805,台新美國電力基建,listed,12.48,12.53,12.37,12.52,0.06,0.4815,6222067,77549543,2128,TWSE,other,false,false,false,false,false,false,false,false,false,symbol_not_4_digit
2025-11-17,009808,華南永昌優選50,listed,19.21,19.23,19.09,19.1,0.0,0.0,1317389,25249891,271,TWSE,other,false,false,false,false,false,false,false,false,false,symbol_not_4_digit
2025-11-17,009809,富邦淨零ESG50,listed,10.15,10.18,10.11,10.11,-0.01,-0.0988,1169269,11851679,224,TWSE,etf,false,true,false,false,false,false,false,false,false,security_type=etf;symbol_not_4_digit
2025-11-17,00980A,主動野村臺灣優選,listed,14.73,14.74,14.62,14.62,0.07,0.4811,30679712,450207546,7015,TWSE,etf,false,true,true,false,false,false,false,false,false,security_type=etf;symbol_not_4_digit
2025-11-17,009810,玉山全球藍籌100,listed,18.19,18.22,18.01,18.19,0.09,0.4972,418390,7598115,198,TWSE,other,false,false,false,false,false,false,false,false,false,symbol_not_4_digit
2025-11-17,009811,統一美國50,listed,11.49,11.57,11.47,11.56,0.07,0.6092,4160790,47958967,1951,TWSE,etf,false,true,false,false,false,false,false,false,false,security_type=etf;symbol_not_4_digit
2025-11-17,009812,野村日本東證,listed,10.45,10.48,10.34,10.47,-0.02,-0.1907,1680029,17544653,296,TWSE,other,false,false,false,false,false,false,false,false,false,symbol_not_4_digit
2025-11-17,009813,貝萊德標普卓越50,listed,10.32,10.39,10.26,10.38,0.06,0.5814,13083273,135397175,2194,TWSE,other,false,false,false,false,false,false,false,false,false,symbol_not_4_digit
2025-11-17,00981A,主動統一台股增長,listed,15.7,15.81,15.6,15.65,0.15,0.9677,66988420,1052662822,12493,TWSE,etf,false,true,true,false,false,false,false,false,false,security_type=etf;symbol_not_4_digit
2025-11-17,00981T,平衡凱基雙核收息,listed,10.28,10.29,10.23,10.27,0.0,0.0,2663599,27332192,275,TWSE,etf,false,true,true,false,false,false,false,false,false,security_type=etf;symbol_not_4_digit
2025-11-17,00982A,主動群益台灣強棒,listed,14.19,14.23,14.08,14.09,0.04,0.2847,79577073,1125196067,18359,TWSE,etf,false,true,true,false,false,false,false,false,false,security_type=etf;symbol_not_4_digit
2025-11-17,00982D,主動富邦動態入息,listed,9.92,10.03,9.9,10.02,-0.04,-0.3976,2317418,23112487,187,TWSE,etf,false,true,true,false,false,false,false,false,false,security_type=etf;symbol_not_4_digit
2025-11-17,00983A,主動中信ARK創新,listed,11.83,11.91,11.81,11.9,0.01,0.0841,5857019,69452356,2138,TWSE,etf,false,true,true,false,false,false,false,false,false,security_type=etf;symbol_not_4_digit
2025-11-17,00983D,主動富邦複合收益,listed,10.07,10.1,10.02,10.09,-0.01,-0.099,603587,6074516,108,TWSE,etf,false,true,true,false,false,false,false,false,false,security_type=etf;symbol_not_4_digit
2025-11-17,00984A,主動安聯台灣高息,listed,10.51,10.56,10.46,10.48,-0.02,-0.1905,4771571,50073250,1566,TWSE,etf,false,true,true,false,false,false,false,false,false,security_type=etf;symbol_not_4_digit
2025-11-17,00985A,主動野村台灣50,listed,12.66,12.72,12.56,12.58,0.06,0.4792,8395707,106172297,2199,TWSE,etf,false,true,true,false,false,false,false,false,false,security_type=etf;symbol_not_4_digit
2025-11-17,00985B,群益ESG投等債0-5,listed,10.07,10.16,10.05,10.15,-0.02,-0.1967,13494137,136569709,873,TWSE,bond_etf,false,true,true,true,false,false,false,false,false,security_type=bond_etf;symbol_not_4_digit
2025-11-17,00986A,主動台新龍頭成長,listed,11.12,11.18,11.08,11.17,0.09,0.8123,873243,9737854,211,TWSE,etf,false,true,true,false,false,false,false,false,false,security_type=etf;symbol_not_4_digit
2025-11-17,00988A,主動統一全球創新,listed,9.8,9.82,9.75,9.82,0.01,0.1019,32641969,319835633,5679,TWSE,etf,false,true,true,false,false,false,false,false,false,security_type=etf;symbol_not_4_digit
2025-11-17,00989A,主動摩根美國科技,listed,14.89,15.0,14.67,14.97,0.07,0.4698,1945140,28990428,606,TWSE,etf,false,true,true,false,false,false,false,false,false,security_type=etf;symbol_not_4_digit
2025-11-17,01001T,土銀富邦R1,listed,12.31,12.31,12.29,12.3,-0.01,-0.0812,27000,332080,6,TWSE,etf,false,true,true,false,false,false,false,false,false,security_type=etf;symbol_not_4_digit
2025-11-17,01002T,土銀國泰R1,listed,14.54,14.54,14.5,14.5,-0.04,-0.2751,30045,436105,5,TWSE,etf,false,true,true,false,false,false,false,false,false,security_type=etf;symbol_not_4_digit
2025-11-17,01004T,土銀富邦R2,listed,11.14,11.14,11.1,11.12,-0.06,-0.5367,102000,1133550,9,TWSE,etf,false,true,true,false,false,false,false,false,false,security_type=etf;symbol_not_4_digit
2025-11-17,01007T,兆豐國泰R2,listed,14.01,14.01,14.01,14.01,-0.05,-0.3556,30198,423085,6,TWSE,etf,false,true,true,false,false,false,false,false,false,security_type=etf;symbol_not_4_digit
2025-11-17,01009T,王道圓滿R1,listed,7.04,7.05,6.99,6.99,-0.06,-0.8511,41060,289356,8,TWSE,warrant,false,false,true,false,false,false,false,false,false,security_type=warrant;symbol_not_4_digit
2025-11-17,01010T,京城樂富R1,listed,10.0,10.04,10.0,10.04,0.04,0.4,90000,902340,10,TWSE,warrant,false,false,true,false,false,false,false,false,false,security_type=warrant;symbol_not_4_digit
2025-11-17,020000,富邦特選蘋果N,listed,16.75,16.8,16.75,16.76,-0.15,-0.887,21000,352260,3,TWSE,etf,false,true,false,false,false,false,false,false,false,security_type=etf;symbol_not_4_digit
2025-11-17,020011,統一微波高息20N,listed,,,,,0.0,,0,0,0,TWSE,etf,false,true,false,false,false,false,false,false,false,security_type=etf;symbol_not_4_digit;invalid_close;invalid_volume;invalid_turnover
2025-11-17,020012,富邦行動通訊N,listed,12.69,12.7,12.69,12.7,0.0,0.0,4000,50780,2,TWSE,etf,false,true,false,false,false,false,false,false,false,security_type=etf;symbol_not_4_digit
2025-11-17,02001L,富邦蘋果正二N,listed,47.64,47.64,45.96,45.96,-1.18,-2.5032,87000,4043430,40,TWSE,etf,false,true,true,false,false,false,false,false,false,security_type=etf;symbol_not_4_digit
2025-11-17,02001R,富邦蘋果反一N,listed,1.0,1.0,0.9,0.9,-0.03,-3.2258,31000,29460,3,TWSE,etf,false,true,true,false,false,false,false,false,false,security_type=etf;symbol_not_4_digit
2025-11-17,02001S,策元大加權策略N,listed,,,,,0.0,,0,0,0,TWSE,etf,false,true,true,false,false,false,false,false,false,security_type=etf;symbol_not_4_digit;invalid_close;invalid_volume;invalid_turnover
2025-11-17,020020,元大台股領航N,listed,14.82,14.82,14.8,14.8,-0.02,-0.135,5000,74080,3,TWSE,etf,false,true,false,false,false,false,false,false,false,security_type=etf;symbol_not_4_digit
2025-11-17,020028,元大特選電動車N,listed,12.85,12.85,12.77,12.77,-0.08,-0.6226,62000,795850,5,TWSE,etf,false,true,false,false,false,false,false,false,false,security_type=etf;symbol_not_4_digit
2025-11-17,020029,元大ESG高股息N,listed,9.26,9.26,9.25,9.26,-0.04,-0.4301,11000,101800,4,TWSE,etf,false,true,false,false,false,false,false,false,false,security_type=etf;symbol_not_4_digit
2025-11-17,020030,統一智慧電動車N,listed,8.26,8.26,8.26,8.26,-0.03,-0.3619,3000,24780,2,TWSE,etf,false,true,false,false,false,false,false,false,false,security_type=etf;symbol_not_4_digit
2025-11-17,020031,統一IC設計臺灣N,listed,,,,,0.0,,0,0,0,TWSE,etf,false,true,false,false,false,false,false,false,false,security_type=etf;symbol_not_4_digit;invalid_close;invalid_volume;invalid_turnover
2025-11-17,020032,元大綠能N,listed,7.83,7.85,7.77,7.77,-0.07,-0.8929,14000,109540,6,TWSE,etf,false,true,false,false,false,false,false,false,false,security_type=etf;symbol_not_4_digit
2025-11-17,020034,元大IC設計N,listed,7.14,7.16,7.13,7.13,0.0,0.0,27000,192710,7,TWSE,etf,false,true,false,false,false,false,false,false,false,security_type=etf;symbol_not_4_digit
2025-11-17,020036,元大金融配息N,listed,,,,,0.0,,0,0,0,TWSE,etf,false,true,false,false,false,false,false,false,false,security_type=etf;symbol_not_4_digit;invalid_close;invalid_volume;invalid_turnover
2025-11-17,020037,元大金融高股息N,listed,7.66,7.68,7.66,7.68,-0.02,-0.2597,3000,23000,2,TWSE,etf,false,true,false,false,false,false,false,false,false,security_type=etf;symbol_not_4_digit
2025-11-17,020038,元大ESG配息N,listed,7.62,7.62,7.62,7.62,-0.12,-1.5504,1000,7620,1,TWSE,etf,false,true,false,false,false,false,false,false,false,security_type=etf;symbol_not_4_digit
2025-11-17,020039,元大加權N,listed,8.69,8.69,8.68,8.68,0.05,0.5794,26000,225900,3,TWSE,etf,false,true,false,false,false,false,false,false,false,security_type=etf;symbol_not_4_digit
2025-11-17,1101,台泥,listed,21.55,21.7,21.45,21.5,0.0,0.0,18077932,389797823,5765,TWSE,common_stock,true,false,false,false,false,false,false,false,true,
2025-11-17,1101B,台泥乙特,listed,45.6,45.65,45.3,45.65,0.0,0.0,13000,591900,11,TWSE,warrant,false,false,true,false,false,false,false,false,false,security_type=warrant;symbol_not_4_digit
2025-11-17,1102,亞泥,listed,37.4,37.8,37.15,37.65,0.25,0.6684,8446891,317371288,3680,TWSE,common_stock,true,false,false,false,false,false,false,false,true,
2025-11-17,1103,嘉泥,listed,13.4,13.5,13.4,13.5,0.05,0.3717,247008,3326632,194,TWSE,common_stock,true,false,false,false,false,false,false,false,true,
2025-11-17,1104,環泥,listed,30.8,30.8,29.65,29.9,-0.75,-2.447,2195848,65756430,2210,TWSE,common_stock,true,false,false,false,false,false,false,false,true,
2025-11-17,1108,幸福,listed,15.15,15.15,15.0,15.0,-0.1,-0.6623,269912,4070520,243,TWSE,common_stock,true,false,false,false,false,false,false,false,true,
2025-11-17,1109,信大,listed,15.6,15.65,15.55,15.65,-0.1,-0.6349,74418,1162637,77,TWSE,common_stock,true,false,false,false,false,false,false,false,true,
2025-11-17,1110,東泥,listed,17.05,17.3,16.85,17.05,0.05,0.2941,112550,1918304,111,TWSE,common_stock,true,false,false,false,false,false,false,false,true,
2025-11-17,1201,味全,listed,15.05,15.05,14.85,15.0,-0.05,-0.3322,527254,7888920,351,TWSE,common_stock,true,false,false,false,false,false,false,false,true,
2025-11-17,1203,味王,listed,39.8,39.8,39.55,39.7,0.3,0.7614,22435,891731,47,TWSE,common_stock,true,false,false,false,false,false,false,false,true,
2025-11-17,1210,大成,listed,52.9,52.9,52.1,52.4,-0.1,-0.1905,1500462,78577168,1409,TWSE,common_stock,true,false,false,false,false,false,false,false,true,
2025-11-17,1213,大飲,listed,10.05,10.45,10.0,10.45,0.3,2.9557,17010,171710,11,TWSE,common_stock,true,false,false,false,false,false,false,false,true,
2025-11-17,1215,卜蜂,listed,138.0,138.0,134.0,134.5,-3.0,-2.1818,1099251,148242091,2380,TWSE,common_stock,true,false,false,false,false,false,false,false,true,
2025-11-17,1216,統一,listed,75.5,75.8,75.1,75.1,-0.1,-0.133,8200796,617787350,4494,TWSE,etf,false,true,false,false,false,false,false,false,false,security_type=etf
2025-11-17,1217,愛之味,listed,10.3,10.35,10.2,10.3,0.1,0.9804,516222,5304985,423,TWSE,common_stock,true,false,false,false,false,false,false,false,true,
2025-11-17,1218,泰山,listed,18.45,18.45,18.1,18.2,-0.25,-1.355,714496,13023035,497,TWSE,common_stock,true,false,false,false,false,false,false,false,true,
2025-11-17,1219,福壽,listed,13.65,13.65,13.5,13.65,0.0,0.0,194262,2638936,135,TWSE,common_stock,true,false,false,false,false,false,false,false,true,
2025-11-17,1220,台榮,listed,12.6,12.7,12.55,12.7,0.1,0.7937,60460,763199,68,TWSE,common_stock,true,false,false,false,false,false,false,false,true,
2025-11-17,1225,福懋油,listed,30.9,30.9,30.3,30.4,-0.5,-1.6181,206410,6315033,432,TWSE,common_stock,true,false,false,false,false,false,false,false,true,
2025-11-17,1227,佳格,listed,30.6,30.6,30.3,30.5,-0.1,-0.3268,672898,20455005,625,TWSE,common_stock,true,false,false,false,false,false,false,false,true,
2025-11-17,1229,聯華,listed,47.0,47.85,46.85,47.35,0.0,0.0,1614174,76267641,2090,TWSE,common_stock,true,false,false,false,false,false,false,false,true,
2025-11-17,1231,聯華食,listed,95.2,98.5,93.1,97.8,2.9,3.0558,859969,83177153,3460,TWSE,common_stock,true,false,false,false,false,false,false,false,true,
2025-11-17,1232,大統益,listed,144.0,144.0,143.0,143.5,0.0,0.0,67336,9657463,259,TWSE,common_stock,true,false,false,false,false,false,false,false,true,
2025-11-17,1233,天仁,listed,30.8,30.95,30.7,30.75,-0.05,-0.1623,13543,416907,63,TWSE,common_stock,true,false,false,false,false,false,false,false,true,
2025-11-17,1234,黑松,listed,37.2,37.45,37.05,37.45,0.25,0.672,108965,4066422,115,TWSE,common_stock,true,false,false,false,false,false,false,false,true,
2025-11-17,1235,興泰,listed,49.4,49.4,48.55,48.6,-0.8,-1.6194,4462,217877,22,TWSE,common_stock,true,false,false,false,false,false,false,false,true,
2025-11-17,1236,宏亞,listed,25.15,25.4,24.15,24.6,-0.45,-1.7964,66996,1664880,233,TWSE,common_stock,true,false,false,false,false,false,false,false,true,
2025-11-17,1256,鮮活果汁-KY,listed,155.0,157.5,145.5,146.0,-8.5,-5.5016,151092,22757689,1594,TWSE,common_stock,true,false,false,false,false,false,false,false,true,
2025-11-17,1301,台塑,listed,42.5,43.95,42.0,43.1,0.55,1.2926,42125209,1814313857,23367,TWSE,common_stock,true,false,false,false,false,false,false,false,true,
2025-11-17,1303,南亞,listed,57.4,59.7,56.4,56.5,0.9,1.6187,216309874,12606646015,104919,TWSE,common_stock,true,false,false,false,false,false,false,false,true,
2025-11-17,1304,台聚,listed,11.2,11.4,11.0,11.0,-0.3,-2.6549,3737614,41716341,1577,TWSE,common_stock,true,false,false,false,false,false,false,false,true,
2025-11-17,1305,華夏,listed,11.55,11.7,11.4,11.45,-0.15,-1.2931,1118025,12917154,599,TWSE,common_stock,true,false,false,false,false,false,false,false,true,
2025-11-17,1307,三芳,listed,33.7,33.75,32.7,32.75,-0.95,-2.819,1654710,54567916,1570,TWSE,common_stock,true,false,false,false,false,false,false,false,true,
2025-11-17,1308,亞聚,listed,13.35,13.5,12.85,12.9,-0.45,-3.3708,1495580,19685785,923,TWSE,common_stock,true,false,false,false,false,false,false,false,true,
2025-11-17,1309,台達化,listed,11.5,11.6,11.25,11.25,-0.25,-2.1739,646656,7355863,524,TWSE,common_stock,true,false,false,false,false,false,false,false,true,
2025-11-17,1310,台苯,listed,9.11,9.11,8.8,8.81,-0.3,-3.2931,886101,7877000,778,TWSE,common_stock,true,false,false,false,false,false,false,false,true,
2025-11-17,1312,國喬,listed,10.55,10.65,10.1,10.2,-0.7,-6.422,11435316,117665347,2911,TWSE,common_stock,true,false,false,false,false,false,false,false,true,
2025-11-17,1312A,國喬特,listed,21.4,21.4,21.25,21.25,0.0,0.0,5000,106700,3,TWSE,warrant,false,false,true,false,false,false,false,false,false,security_type=warrant;symbol_not_4_digit
2025-11-17,1313,聯成,listed,10.45,10.6,10.1,10.1,-0.35,-3.3493,1335381,13722530,686,TWSE,common_stock,true,false,false,false,false,false,false,false,true,
2025-11-17,1314,中石化,listed,8.99,9.09,8.7,8.75,-0.16,-1.7957,46151748,408643247,11164,TWSE,common_stock,true,false,false,false,false,false,false,false,true,
2025-11-17,1315,達新,listed,64.3,64.8,64.3,64.6,0.4,0.6231,23227,1498938,37,TWSE,common_stock,true,false,false,false,false,false,false,false,true,
2025-11-17,1316,上曜,listed,15.4,15.5,14.95,14.95,-0.15,-0.9934,2383335,36049979,1046,TWSE,common_stock,true,false,false,false,false,false,false,false,true,
2025-11-17,1319,東陽,listed,99.1,101.5,97.8,100.5,1.7,1.7206,4070426,408846947,4863,TWSE,common_stock,true,false,false,false,false,false,false,false,true,
2025-11-17,1321,大洋,listed,35.8,36.15,35.7,36.15,0.2,0.5563,88278,3164577,75,TWSE,common_stock,true,false,false,false,false,false,false,false,true,
2025-11-17,1323,永裕,listed,19.55,19.7,19.55,19.7,0.05,0.2545,46707,916897,28,TWSE,common_stock,true,false,false,false,false,false,false,false,true,
2025-11-17,1324,地球,listed,10.75,10.75,10.6,10.6,-0.15,-1.3953,21862,233046,73,TWSE,common_stock,true,false,false,false,false,false,false,false,true,
2025-11-17,1325,恆大,listed,31.4,31.6,31.0,31.2,0.1,0.3215,393948,12327996,317,TWSE,common_stock,true,false,false,false,false,false,false,false,true,
2025-11-17,1326,台化,listed,34.0,34.8,33.7,34.0,0.0,0.0,29230664,998754669,14479,TWSE,common_stock,true,false,false,false,false,false,false,false,true,
2025-11-17,1337,再生-KY,listed,5.15,5.15,5.0,5.01,-0.1,-1.9569,239541,1208648,224,TWSE,common_stock,true,false,false,false,false,false,false,false,true,
2025-11-17,1338,廣華-KY,listed,21.5,21.5,21.1,21.3,-0.15,-0.6993,60733,1289158,96,TWSE,common_stock,true,false,false,false,false,false,false,false,true,
2025-11-17,1339,昭輝,listed,45.4,48.2,45.25,46.3,0.45,0.9815,103040,4784034,156,TWSE,common_stock,true,false,false,false,false,false,false,false,true,
2025-11-17,1340,勝悅-KY,listed,6.9,7.37,6.89,7.11,0.08,1.138,413332,2956206,305,TWSE,common_stock,true,false,false,false,false,false,false,false,true,
2025-11-17,1341,富林-KY,listed,59.7,59.7,58.8,58.8,-0.9,-1.5075,4650,276358,12,TWSE,common_stock,true,false,false,false,false,false,false,false,true,
2025-11-17,1342,八貫,listed,85.4,85.4,84.1,84.4,-1.0,-1.171,142327,12076441,342,TWSE,common_stock,true,false,false,false,false,false,false,false,true,
2025-11-17,1402,遠東新,listed,27.9,28.4,27.8,28.25,0.5,1.8018,14039813,396114952,5410,TWSE,common_stock,true,false,false,false,false,false,false,false,true,
2025-11-17,1409,新纖,listed,15.8,16.45,15.7,15.8,0.4,2.5974,22988036,367204836,8204,TWSE,common_stock,true,false,false,false,false,false,false,false,true,
2025-11-17,1410,南染,listed,34.55,34.55,33.9,33.9,0.0,0.0,5737,195574,54,TWSE,common_stock,true,false,false,false,false,false,false,false,true,
2025-11-17,1413,宏洲,listed,10.0,10.1,9.99,9.99,-0.01,-0.1,4364,43684,8,TWSE,common_stock,true,false,false,false,false,false,false,false,true,
2025-11-17,1414,東和,listed,17.4,17.6,17.0,17.0,-0.4,-2.2989,545119,9375828,432,TWSE,common_stock,true,false,false,false,false,false,false,false,true,
2025-11-17,1416,廣豐,listed,11.9,11.95,11.65,11.75,-0.15,-1.2605,342995,4030155,216,TWSE,common_stock,true,false,false,false,false,false,false,false,true,
2025-11-17,1417,嘉裕,listed,9.04,9.17,8.71,8.83,0.01,0.1134,734100,6516583,419,TWSE,common_stock,true,false,false,false,false,false,false,false,true,
2025-11-17,1418,東華,listed,20.5,20.5,20.25,20.25,-0.25,-1.2195,9358,190514,46,TWSE,common_stock,true,false,false,false,false,false,false,false,true,
2025-11-17,1419,新紡,listed,65.0,65.0,63.4,63.5,-0.5,-0.7812,557077,35700309,1240,TWSE,common_stock,true,false,false,false,false,false,false,false,true,
2025-11-17,1423,利華,listed,40.0,40.0,39.35,39.55,0.35,0.8929,39165,1554812,42,TWSE,common_stock,true,false,false,false,false,false,false,false,true,
2025-11-17,1432,大魯閣,listed,17.35,17.6,17.35,17.35,0.0,0.0,111346,1934848,213,TWSE,common_stock,true,false,false,false,false,false,false,false,true,
2025-11-17,1434,福懋,listed,16.15,16.4,16.05,16.1,-0.05,-0.3096,1316674,21320646,925,TWSE,common_stock,true,false,false,false,false,false,false,false,true,
2025-11-17,1435,中福,listed,25.9,25.9,25.3,25.3,-0.55,-2.1277,2160,55301,29,TWSE,common_stock,true,false,false,false,false,false,false,false,true,
2025-11-17,1436,華友聯,listed,62.5,62.6,61.5,62.6,-0.2,-0.3185,187419,11642754,425,TWSE,common_stock,true,false,false,false,false,false,false,false,true,
2025-11-17,1437,勤益控,listed,31.85,32.0,31.8,32.0,0.2,0.6289,221238,7054545,105,TWSE,common_stock,true,false,false,false,false,false,false,false,true,
2025-11-17,1438,三地開發,listed,34.2,34.25,33.55,33.75,-0.45,-1.3158,80112,2729307,56,TWSE,common_stock,true,false,false,false,false,false,false,false,true,
2025-11-17,1439,雋揚,listed,27.55,27.6,27.0,27.0,-0.05,-0.1848,22073,600577,25,TWSE,common_stock,true,false,false,false,false,false,false,false,true,
2025-11-17,1440,南紡,listed,14.3,14.5,14.1,14.15,-0.1,-0.7018,1697358,24279849,838,TWSE,common_stock,true,false,false,false,false,false,false,false,true,
2025-11-17,1441,大東,listed,10.8,10.8,10.75,10.75,-0.05,-0.463,10133,109520,38,TWSE,common_stock,true,false,false,false,false,false,false,false,true,
2025-11-17,1442,名軒,listed,32.65,33.15,31.3,32.6,0.1,0.3077,1092573,35454467,787,TWSE,common_stock,true,false,false,false,false,false,false,false,true,
2025-11-17,1443,立益物流,listed,27.65,28.05,27.6,27.6,-0.5,-1.7794,14929,413077,32,TWSE,common_stock,true,false,false,false,false,false,false,false,true,
2025-11-17,1444,力麗,listed,6.3,6.33,6.19,6.21,-0.13,-2.0505,1377630,8592919,553,TWSE,common_stock,true,false,false,false,false,false,false,false,true,
2025-11-17,1445,大宇,listed,14.1,14.2,13.95,14.05,0.0,0.0,8176,115143,12,TWSE,common_stock,true,false,false,false,false,false,false,false,true,
2025-11-17,1446,宏和,listed,18.75,18.75,18.25,18.25,-0.5,-2.6667,196899,3621820,107,TWSE,common_stock,true,false,false,false,false,false,false,false,true,
2025-11-17,1447,力鵬,listed,5.49,5.49,5.38,5.41,-0.03,-0.5515,208446,1131678,156,TWSE,common_stock,true,false,false,false,false,false,false,false,true,
2025-11-17,1449,佳和,listed,10.6,10.8,10.15,10.15,-0.45,-4.2453,501072,5203342,351,TWSE,common_stock,true,false,false,false,false,false,false,false,true,
2025-11-17,1451,年興,listed,17.65,17.7,17.55,17.55,-0.05,-0.2841,226938,4005191,136,TWSE,common_stock,true,false,false,false,false,false,false,false,true,
2025-11-17,1452,宏益,listed,12.0,12.0,11.9,11.95,-0.05,-0.4167,65847,786828,88,TWSE,common_stock,true,false,false,false,false,false,false,false,true,
2025-11-17,1453,大將,listed,12.5,12.5,12.1,12.1,-0.35,-2.8112,62749,772179,144,TWSE,common_stock,true,false,false,false,false,false,false,false,true,
2025-11-17,1454,台富,listed,13.2,13.2,13.0,13.1,-0.15,-1.1321,26031,341699,143,TWSE,common_stock,true,false,false,false,false,false,false,false,true,
2025-11-17,1455,集盛,listed,8.08,8.08,7.96,8.02,-0.02,-0.2488,252745,2024595,197,TWSE,common_stock,true,false,false,false,false,false,false,false,true,
2025-11-17,1456,怡華,listed,12.1,12.55,12.1,12.4,0.1,0.813,110500,1361673,51,TWSE,common_stock,true,false,false,false,false,false,false,false,true,
2025-11-17,1457,宜進,listed,16.5,16.6,16.3,16.35,-0.1,-0.6079,71171,1169007,61,TWSE,common_stock,true,false,false,false,false,false,false,false,true,
2025-11-17,1459,聯發,listed,11.95,12.0,11.85,11.95,0.0,0.0,77525,924423,54,TWSE,common_stock,true,false,false,false,false,false,false,false,true,
2025-11-17,1460,宏遠,listed,5.68,5.68,5.6,5.66,0.01,0.177,431367,2428654,171,TWSE,common_stock,true,false,false,false,false,false,false,false,true,
2025-11-17,1463,強盛新,listed,18.65,18.8,18.4,18.75,0.1,0.5362,108594,2015066,301,TWSE,common_stock,true,false,false,false,false,false,false,false,true,
2025-11-17,1464,得力,listed,11.1,11.1,10.9,11.0,0.0,0.0,273979,3011934,174,TWSE,common_stock,true,false,false,false,false,false,false,false,true,
2025-11-17,1465,偉全,listed,13.05,13.25,12.8,12.95,0.0,0.0,97453,1260798,179,TWSE,common_stock,true,false,false,false,false,false,false,false,true,
2025-11-17,1466,聚隆,listed,15.15,15.15,14.0,14.6,-0.5,-3.3113,398944,5821640,241,TWSE,common_stock,true,false,false,false,false,false,false,false,true,
2025-11-17,1467,南緯,listed,7.18,7.18,7.07,7.09,-0.07,-0.9777,66502,473364,110,TWSE,common_stock,true,false,false,false,false,false,false,false,true,
2025-11-17,1468,昶和,listed,11.4,11.45,11.2,11.45,0.05,0.4386,32558,371563,32,TWSE,common_stock,true,false,false,false,false,false,false,false,true,
2025-11-17,1470,大統新創,listed,22.6,22.6,21.8,21.8,0.0,0.0,3067,67887,5,TWSE,common_stock,true,false,false,false,false,false,false,false,true,
2025-11-17,1471,首利,listed,9.0,9.0,8.82,8.88,-0.12,-1.3333,171244,1519898,143,TWSE,common_stock,true,false,false,false,false,false,false,false,true,
2025-11-17,1472,三洋實業,listed,90.1,91.3,90.1,90.9,-0.7,-0.7642,6026,547119,9,TWSE,common_stock,true,false,false,false,false,false,false,false,true,
2025-11-17,1473,台南,listed,25.7,25.7,24.6,24.95,-0.45,-1.7717,242296,6013007,323,TWSE,common_stock,true,false,false,false,false,false,false,false,true,
2025-11-17,1474,弘裕,listed,11.7,11.85,11.45,11.85,0.0,0.0,496576,5785200,243,TWSE,common_stock,true,false,false,false,false,false,false,false,true,
2025-11-17,1475,業旺,listed,36.9,38.45,36.9,37.1,0.6,1.6438,35546,1343943,76,TWSE,common_stock,true,false,false,false,false,false,false,false,true,
2025-11-17,1476,儒鴻,listed,453.5,456.5,437.0,452.0,5.5,1.2318,895242,403470298,1789,TWSE,common_stock,true,false,false,false,false,false,false,false,true,
2025-11-17,1477,聚陽,listed,309.0,315.0,302.5,309.0,1.5,0.4878,1351616,419045117,5996,TWSE,common_stock,true,false,false,false,false,false,false,false,true,
2025-11-17,1503,士電,listed,172.0,172.0,167.0,167.5,-2.5,-1.4706,2022643,340579990,2745,TWSE,common_stock,true,false,false,false,false,false,false,false,true,
2025-11-17,1504,東元,listed,100.0,101.0,96.2,96.6,-3.2,-3.2064,40908464,3989400881,28809,TWSE,common_stock,true,false,false,false,false,false,false,false,true,
2025-11-17,1506,正道,listed,12.05,12.05,11.95,12.0,-0.05,-0.4149,27788,333619,31,TWSE,common_stock,true,false,false,false,false,false,false,false,true,
2025-11-17,1512,瑞利,listed,8.0,8.06,7.96,7.96,-0.11,-1.3631,58856,470281,49,TWSE,common_stock,true,false,false,false,false,false,false,false,true,
2025-11-17,1513,中興電,listed,146.5,147.5,144.0,145.0,-1.0,-0.6849,1974820,287509035,2162,TWSE,common_stock,true,false,false,false,false,false,false,false,true,
2025-11-17,1514,亞力,listed,99.2,99.6,97.2,97.5,-1.1,-1.1156,2248507,220432535,2522,TWSE,common_stock,true,false,false,false,false,false,false,false,true,
2025-11-17,1515,力山,listed,28.7,29.1,28.45,28.65,0.1,0.3503,339501,9795295,270,TWSE,common_stock,true,false,false,false,false,false,false,false,true,
2025-11-17,1516,川飛,listed,16.5,17.5,16.5,17.3,0.45,2.6706,53857,928178,90,TWSE,common_stock,true,false,false,false,false,false,false,false,true,
2025-11-17,1517,利奇,listed,11.7,12.0,11.65,11.95,0.15,1.2712,261511,3103308,234,TWSE,common_stock,true,false,false,false,false,false,false,false,true,
2025-11-17,1519,華城,listed,737.0,739.0,730.0,738.0,16.0,2.2161,617266,453518166,2300,TWSE,common_stock,true,false,false,false,false,false,false,false,true,
2025-11-17,1521,大億,listed,24.85,24.85,24.5,24.6,-0.25,-1.006,59527,1466883,46,TWSE,common_stock,true,false,false,false,false,false,false,false,true,
2025-11-17,1522,堤維西,listed,48.6,49.05,47.95,47.95,0.55,1.1603,2486382,120308422,2359,TWSE,common_stock,true,false,false,false,false,false,false,false,true,
2025-11-17,1522A,堤維西甲特,listed,,,,,0.0,,0,0,0,TWSE,warrant,false,false,true,false,false,false,false,false,false,security_type=warrant;symbol_not_4_digit;invalid_close;invalid_volume;invalid_turnover
2025-11-17,1524,耿鼎,listed,30.55,30.55,29.95,29.95,-0.5,-1.642,950995,28721955,816,TWSE,common_stock,true,false,false,false,false,false,false,false,true,
2025-11-17,1525,江申,listed,63.5,64.8,62.6,64.8,1.2,1.8868,32055,2044712,142,TWSE,common_stock,true,false,false,false,false,false,false,false,true,
2025-11-17,1526,日馳,listed,17.6,17.95,17.45,17.9,0.3,1.7045,122339,2178348,143,TWSE,common_stock,true,false,false,false,false,false,false,false,true,
2025-11-17,1527,鑽全,listed,33.2,33.4,33.0,33.35,0.2,0.6033,225259,7467315,289,TWSE,common_stock,true,false,false,false,false,false,false,false,true,
2025-11-17,1528,恩德,listed,17.35,17.4,14.9,14.9,-1.2,-7.4534,20523391,329302448,8613,TWSE,common_stock,true,false,false,false,false,false,false,false,true,
2025-11-17,1529,樂事綠能,listed,20.0,20.05,19.3,19.35,-0.6,-3.0075,699968,13684299,489,TWSE,common_stock,true,false,false,false,false,false,false,false,true,
2025-11-17,1530,亞崴,listed,27.0,27.0,26.5,27.0,0.0,0.0,33369,894152,126,TWSE,common_stock,true,false,false,false,false,false,false,false,true,
2025-11-17,1531,高林股,listed,11.9,11.9,11.6,11.7,-0.05,-0.4255,31704,374137,49,TWSE,common_stock,true,false,false,false,false,false,false,false,true,
2025-11-17,1532,勤美,listed,26.7,26.85,26.0,26.15,-0.55,-2.0599,835277,21984416,751,TWSE,common_stock,true,false,false,false,false,false,false,false,true,
2025-11-17,1533,車王電,listed,32.75,33.3,32.4,33.1,0.3,0.9146,92784,3047902,154,TWSE,common_stock,true,false,false,false,false,false,false,false,true,
2025-11-17,1535,中宇,listed,54.5,54.6,54.1,54.3,-0.3,-0.5495,42924,2336834,129,TWSE,common_stock,true,false,false,false,false,false,false,false,true,
2025-11-17,1536,和大,listed,58.9,59.2,57.3,57.5,-1.0,-1.7094,1298631,75355923,1238,TWSE,common_stock,true,false,false,false,false,false,false,false,true,
2025-11-17,1537,廣隆,listed,122.0,123.0,122.0,122.0,-1.5,-1.2146,54500,6661002,86,TWSE,common_stock,true,false,false,false,false,false,false,false,true,
2025-11-17,1538,正峰,listed,25.3,27.1,24.75,25.6,-0.6,-2.2901,9318,239420,11,TWSE,common_stock,true,false,false,false,false,false,false,false,true,
2025-11-17,1539,巨庭,listed,17.1,17.3,16.8,16.85,-0.25,-1.462,95177,1618474,60,TWSE,common_stock,true,false,false,false,false,false,false,false,true,
2025-11-17,1540,喬福,listed,22.25,22.3,21.9,21.95,-0.45,-2.0089,231715,5120806,177,TWSE,common_stock,true,false,false,false,false,false,false,false,true,
2025-11-17,1541,錩泰,listed,24.9,24.9,24.35,24.35,-0.25,-1.0163,40108,983358,40,TWSE,common_stock,true,false,false,false,false,false,false,false,true,
2025-11-17,1558,伸興,listed,98.1,98.3,96.9,97.0,-1.0,-1.0204,55414,5406241,91,TWSE,common_stock,true,false,false,false,false,false,false,false,true,
2025-11-17,1560,中砂,listed,316.0,320.0,311.5,313.0,0.0,0.0,2268383,716746568,9292,TWSE,common_stock,true,false,false,false,false,false,false,false,true,
2025-11-17,1563,巧新,listed,44.65,44.65,43.45,43.5,-0.55,-1.2486,253240,11065456,211,TWSE,common_stock,true,false,false,false,false,false,false,false,true,
2025-11-17,1568,倉佑,listed,21.9,22.1,21.45,21.45,-0.35,-1.6055,143797,3106835,189,TWSE,common_stock,true,false,false,false,false,false,false,false,true,
2025-11-17,1582,信錦,listed,67.5,68.0,66.1,67.1,0.3,0.4491,676057,45301591,680,TWSE,common_stock,true,false,false,false,false,false,false,false,true,
2025-11-17,1583,程泰,listed,44.8,45.2,44.8,45.2,0.4,0.8929,5626,252715,32,TWSE,common_stock,true,false,false,false,false,false,false,false,true,
2025-11-17,1587,吉茂,listed,41.8,42.95,41.75,42.5,0.75,1.7964,906155,38555654,654,TWSE,common_stock,true,false,false,false,false,false,false,false,true,
2025-11-17,1589,永冠-KY,listed,17.85,17.95,17.7,17.7,-0.15,-0.8403,661456,11765918,936,TWSE,common_stock,true,false,false,false,false,false,false,false,true,
2025-11-17,1590,亞德客-KY,listed,957.0,972.0,948.0,954.0,-2.0,-0.2092,505488,483364433,816,TWSE,common_stock,true,false,false,false,false,false,false,false,true,
2025-11-17,1597,直得,listed,73.0,73.2,71.6,72.8,-0.1,-0.1372,250839,18142093,256,TWSE,common_stock,true,false,false,false,false,false,false,false,true,
2025-11-17,1598,岱宇,listed,23.55,23.55,23.1,23.55,0.0,0.0,639921,14958432,375,TWSE,common_stock,true,false,false,false,false,false,false,false,true,
2025-11-17,1603,華電,listed,38.6,38.6,37.5,37.55,-0.75,-1.9582,794108,29935681,906,TWSE,common_stock,true,false,false,false,false,false,false,false,true,
2025-11-17,1604,聲寶,listed,24.65,24.8,24.65,24.75,-0.05,-0.2016,98574,2438596,147,TWSE,common_stock,true,false,false,false,false,false,false,false,true,
2025-11-17,1605,華新,listed,33.0,33.95,31.15,31.25,-1.55,-4.7256,202911908,6600537191,80932,TWSE,common_stock,true,false,false,false,false,false,false,false,true,
2025-11-17,1608,華榮,listed,36.85,37.1,35.65,35.65,-1.1,-2.9932,6098348,221591619,4213,TWSE,common_stock,true,false,false,false,false,false,false,false,true,
2025-11-17,1609,大亞,listed,39.95,39.95,38.9,38.9,-1.3,-3.2338,6633479,260744307,6080,TWSE,common_stock,true,false,false,false,false,false,false,false,true,
2025-11-17,1611,中電,listed,12.5,12.7,12.3,12.4,-0.2,-1.5873,340799,4234604,357,TWSE,common_stock,true,false,false,false,false,false,false,false,true,
2025-11-17,1612,宏泰,listed,35.95,35.95,35.0,35.0,-0.95,-2.6426,1904671,67331242,1311,TWSE,common_stock,true,false,false,false,false,false,false,false,true,
2025-11-17,1614,三洋電,listed,34.0,34.1,33.8,34.05,0.1,0.2946,90466,3067251,46,TWSE,common_stock,true,false,false,false,false,false,false,false,true,
2025-11-17,1615,大山,listed,48.85,48.95,48.1,48.3,-0.5,-1.0246,133651,6489798,361,TWSE,common_stock,true,false,false,false,false,false,false,false,true,
2025-11-17,1616,億泰,listed,30.3,30.35,29.75,29.75,-0.5,-1.6529,1398605,41958650,920,TWSE,common_stock,true,false,false,false,false,false,false,false,true,
2025-11-17,1617,榮星,listed,15.1,15.1,14.9,14.9,-0.4,-2.6144,96998,1455591,152,TWSE,common_stock,true,false,false,false,false,false,false,false,true,
2025-11-17,1618,合機,listed,43.45,43.5,42.05,42.05,-1.0,-2.3229,710978,30117337,575,TWSE,common_stock,true,false,false,false,false,false,false,false,true,
2025-11-17,1626,艾美特-KY,listed,12.1,12.4,11.85,12.3,0.05,0.4082,170720,2038340,148,TWSE,common_stock,true,false,false,false,false,false,false,false,true,
2025-11-17,1702,南僑,listed,38.75,38.75,38.05,38.45,-0.2,-0.5175,505960,19361613,476,TWSE,common_stock,true,false,false,false,false,false,false,false,true,
2025-11-17,1707,葡萄王,listed,129.0,130.0,128.5,129.5,-0.5,-0.3846,140579,18142416,329,TWSE,common_stock,true,false,false,false,false,false,false,false,true,
2025-11-17,1708,東鹼,listed,32.8,32.8,32.15,32.25,-0.25,-0.7692,1211104,39215590,874,TWSE,common_stock,true,false,false,false,false,false,false,false,true,
2025-11-17,1709,和益,listed,16.9,17.0,16.65,16.75,-0.1,-0.5935,267888,4481877,190,TWSE,common_stock,true,false,false,false,false,false,false,false,true,
2025-11-17,1710,東聯,listed,12.5,12.65,12.2,12.3,-0.25,-1.992,1067043,13253121,520,TWSE,common_stock,true,false,false,false,false,false,false,false,true,
2025-11-17,1711,永光,listed,19.2,19.55,18.45,18.5,-0.7,-3.6458,3690931,69701539,1928,TWSE,common_stock,true,false,false,false,false,false,false,false,true,
2025-11-17,1712,興農,listed,42.5,42.5,42.2,42.2,-0.3,-0.7059,457451,19342492,483,TWSE,common_stock,true,false,false,false,false,false,false,false,true,
2025-11-17,1713,國化,listed,44.7,44.85,44.4,44.85,0.0,0.0,131436,5872379,104,TWSE,common_stock,true,false,false,false,false,false,false,false,true,
2025-11-17,1714,和桐,listed,8.45,8.45,8.21,8.27,-0.1,-1.1947,2077117,17197135,1689,TWSE,common_stock,true,false,false,false,false,false,false,false,true,
2025-11-17,1717,長興,listed,40.05,41.9,39.45,39.45,0.5,1.2837,13085646,532289392,7888,TWSE,common_stock,true,false,false,false,false,false,false,false,true,
2025-11-17,1718,中纖,listed,7.1,7.15,7.0,7.0,-0.09,-1.2694,3609329,25404081,1209,TWSE,common_stock,true,false,false,false,false,false,false,false,true,
2025-11-17,1720,生達,listed,60.8,62.2,60.1,62.0,1.4,2.3102,659518,40498227,1054,TWSE,common_stock,true,false,false,false,false,false,false,false,true,
2025-11-17,1721,三晃,listed,11.5,11.6,11.3,11.3,-0.3,-2.5862,313242,3581114,347,TWSE,common_stock,true,false,false,false,false,false,false,false,true,
2025-11-17,1722,台肥,listed,47.65,47.75,47.3,47.45,-0.05,-0.1053,1125191,53411336,859,TWSE,common_stock,true,false,false,false,false,false,false,false,true,
2025-11-17,1723,中碳,listed,80.2,80.2,79.5,80.0,-0.1,-0.1248,401491,32064176,490,TWSE,common_stock,true,false,false,false,false,false,false,false,true,
2025-11-17,1725,元禎,listed,27.0,27.0,25.8,25.85,-0.35,-1.3359,63381,1648956,62,TWSE,common_stock,true,false,false,false,false,false,false,false,true,
2025-11-17,1726,永記,listed,75.3,75.3,75.1,75.2,0.0,0.0,10730,806970,26,TWSE,common_stock,true,false,false,false,false,false,false,false,true,
2025-11-17,1727,中華化,listed,37.6,41.25,37.3,40.3,2.8,7.4667,15142840,611798208,9830,TWSE,common_stock,true,false,false,false,false,false,false,false,true,
2025-11-17,1730,花仙子,listed,52.7,52.8,52.0,52.0,-0.7,-1.3283,60963,3195808,82,TWSE,common_stock,true,false,false,false,false,false,false,false,true,
2025-11-17,1731,美吾華,listed,21.85,21.9,21.75,21.75,-0.1,-0.4577,102430,2233590,87,TWSE,common_stock,true,false,false,false,false,false,false,false,true,
2025-11-17,1732,毛寶,listed,28.85,28.9,28.3,28.5,-0.5,-1.7241,218062,6221427,155,TWSE,common_stock,true,false,false,false,false,false,false,false,true,
2025-11-17,1733,五鼎,listed,30.85,31.05,30.35,30.8,0.05,0.1626,302938,9291948,225,TWSE,common_stock,true,false,false,false,false,false,false,false,true,
2025-11-17,1734,杏輝,listed,30.9,30.9,30.3,30.55,-0.35,-1.1327,594794,18125054,1665,TWSE,common_stock,true,false,false,false,false,false,false,false,true,
2025-11-17,1735,日勝化,listed,14.75,14.75,14.55,14.55,-0.2,-1.3559,31264,458408,79,TWSE,common_stock,true,false,false,false,false,false,false,false,true,
2025-11-17,1736,喬山,listed,149.0,151.5,147.5,150.0,1.5,1.0101,253617,37991796,280,TWSE,common_stock,true,false,false,false,false,false,false,false,true,
2025-11-17,1737,臺鹽,listed,31.7,31.75,31.6,31.75,0.05,0.1577,138541,4387937,177,TWSE,common_stock,true,false,false,false,false,false,false,false,true,
2025-11-17,1752,南光,listed,38.6,38.6,38.25,38.45,-0.15,-0.3886,81484,3129616,185,TWSE,common_stock,true,false,false,false,false,false,false,false,true,
2025-11-17,1760,寶齡富錦,listed,67.7,68.0,66.2,66.3,-1.3,-1.9231,106021,7067689,768,TWSE,common_stock,true,false,false,false,false,false,false,false,true,
2025-11-17,1762,中化生,listed,25.15,25.15,24.9,24.9,-0.3,-1.1905,54837,1371045,124,TWSE,common_stock,true,false,false,false,false,false,false,false,true,
2025-11-17,1773,勝一,listed,142.0,142.0,138.0,138.0,-4.0,-2.8169,701198,97575014,1913,TWSE,common_stock,true,false,false,false,false,false,false,false,true,
2025-11-17,1776,展宇,listed,15.05,15.35,15.05,15.15,0.0,0.0,7100,107965,7,TWSE,common_stock,true,false,false,false,false,false,false,false,true,
2025-11-17,1783,和康生,listed,44.7,45.0,44.45,44.45,0.05,0.1126,87875,3924899,141,TWSE,common_stock,true,false,false,false,false,false,false,false,true,
2025-11-17,1786,科妍,listed,75.1,78.0,74.3,76.9,2.5,3.3602,987629,75736153,885,TWSE,common_stock,true,false,false,false,false,false,false,false,true,
2025-11-17,1789,神隆,listed,17.55,17.7,17.25,17.25,-0.4,-2.2663,757749,13182118,508,TWSE,common_stock,true,false,false,false,false,false,false,false,true,
2025-11-17,1795,美時,listed,296.0,296.0,286.5,289.5,-4.5,-1.5306,2786478,807931440,21984,TWSE,common_stock,true,false,false,false,false,false,false,false,true,
2025-11-17,1802,台玻,listed,36.5,37.1,32.0,32.35,-2.65,-7.5714,184286964,6337106625,72439,TWSE,common_stock,true,false,false,false,false,false,false,false,true,
2025-11-17,1805,寶徠,listed,12.6,12.95,12.05,12.05,-0.2,-1.6327,214186,2686234,144,TWSE,common_stock,true,false,false,false,false,false,false,false,true,
2025-11-17,1806,冠軍,listed,9.07,9.08,8.93,8.94,-0.15,-1.6502,654720,5873189,425,TWSE,common_stock,true,false,false,false,false,false,false,false,true,
2025-11-17,1809,中釉,listed,19.35,19.35,18.2,18.2,-0.9,-4.712,1070149,19961895,760,TWSE,common_stock,true,false,false,false,false,false,false,false,true,
2025-11-17,1810,和成,listed,17.45,17.55,17.05,17.05,-0.35,-2.0115,1149331,19694622,516,TWSE,common_stock,true,false,false,false,false,false,false,false,true,
2025-11-17,1817,凱撒衛,listed,39.2,39.2,38.65,38.75,-0.45,-1.148,52176,2036911,66,TWSE,common_stock,true,false,false,false,false,false,false,false,true,
2025-11-17,1903,士紙,listed,56.6,56.6,55.1,55.1,-0.7,-1.2545,327400,18188518,262,TWSE,common_stock,true,false,false,false,false,false,false,false,true,
2025-11-17,1904,正隆,listed,18.9,19.2,18.65,18.75,-0.1,-0.5305,1518224,28664279,1877,TWSE,common_stock,true,false,false,false,false,false,false,false,true,
2025-11-17,1905,華紙,listed,13.15,13.15,12.55,12.6,-0.55,-4.1825,3282540,41899989,1504,TWSE,common_stock,true,false,false,false,false,false,false,false,true,
2025-11-17,1906,寶隆,listed,12.55,12.95,12.5,12.8,0.3,2.4,195158,2484738,154,TWSE,common_stock,true,false,false,false,false,false,false,false,true,
2025-11-17,1907,永豐餘,listed,27.0,27.5,26.9,27.5,0.7,2.6119,1799829,49141889,1390,TWSE,etf,false,true,false,false,false,false,false,false,false,security_type=etf
2025-11-17,1909,榮成,listed,10.1,10.65,10.0,10.65,0.55,5.4455,10341141,107813308,3037,TWSE,common_stock,true,false,false,false,false,false,false,false,true,
2025-11-17,2002,中鋼,listed,18.05,18.15,17.9,17.95,-0.05,-0.2778,33088985,593527166,12983,TWSE,common_stock,true,false,false,false,false,false,false,false,true,
2025-11-17,2002A,中鋼特,listed,38.8,38.8,38.7,38.8,0.0,0.0,12195,473001,15,TWSE,warrant,false,false,true,false,false,false,false,false,false,security_type=warrant;symbol_not_4_digit
2025-11-17,2006,東和鋼鐵,listed,61.2,61.3,60.6,60.9,-0.3,-0.4902,2109137,128483461,1906,TWSE,common_stock,true,false,false,false,false,false,false,false,true,
2025-11-17,2007,燁興,listed,7.2,7.2,7.11,7.12,-0.03,-0.4196,102519,731991,72,TWSE,common_stock,true,false,false,false,false,false,false,false,true,
2025-11-17,2008,高興昌,listed,27.8,28.0,27.75,27.75,0.0,0.0,62326,1732855,41,TWSE,common_stock,true,false,false,false,false,false,false,false,true,
2025-11-17,2009,第一銅,listed,42.1,42.2,39.1,39.15,-2.75,-6.5632,5512780,221686101,4029,TWSE,common_stock,true,false,false,false,false,false,false,false,true,
2025-11-17,2010,春源,listed,20.2,20.2,19.95,19.95,-0.2,-0.9926,1104631,22177286,621,TWSE,common_stock,true,false,false,false,false,false,false,false,true,
2025-11-17,2012,春雨,listed,15.4,15.4,15.2,15.4,0.0,0.0,27972,428532,52,TWSE,common_stock,true,false,false,false,false,false,false,false,true,
2025-11-17,2013,中鋼構,listed,41.35,41.35,40.6,40.65,-0.35,-0.8537,44771,1827737,121,TWSE,common_stock,true,false,false,false,false,false,false,false,true,
2025-11-17,2014,中鴻,listed,15.0,15.1,14.55,14.55,-0.35,-2.349,2214773,32642859,1154,TWSE,common_stock,true,false,false,false,false,false,false,false,true,
2025-11-17,2015,豐興,listed,63.8,63.8,62.7,63.0,-1.3,-2.0218,218375,13763241,233,TWSE,common_stock,true,false,false,false,false,false,false,false,true,
2025-11-17,2017,官田鋼,listed,8.97,8.97,8.67,8.67,-0.24,-2.6936,266442,2333002,295,TWSE,common_stock,true,false,false,false,false,false,false,false,true,
2025-11-17,2020,美亞,listed,23.3,23.3,22.85,22.9,-0.4,-1.7167,294050,6749493,396,TWSE,common_stock,true,false,false,false,false,false,false,false,true,
2025-11-17,2022,聚亨,listed,8.06,8.32,8.06,8.1,0.08,0.9975,909401,7421109,564,TWSE,common_stock,true,false,false,false,false,false,false,false,true,
2025-11-17,2023,燁輝,listed,14.7,14.75,14.4,14.4,-0.4,-2.7027,3211336,46761786,1386,TWSE,common_stock,true,false,false,false,false,false,false,false,true,
2025-11-17,2024,志聯,listed,16.8,16.9,16.75,16.9,0.1,0.5952,4603,77284,66,TWSE,common_stock,true,false,false,false,false,false,false,false,true,
2025-11-17,2025,千興,listed,9.26,9.26,9.07,9.12,-0.02,-0.2188,38298,348074,95,TWSE,common_stock,true,false,false,false,false,false,false,false,true,
2025-11-17,2027,大成鋼,listed,39.0,39.3,37.85,38.0,-0.6,-1.5544,21514738,823622518,22143,TWSE,common_stock,true,false,false,false,false,false,false,false,true,
2025-11-17,2028,威致,listed,16.15,16.15,15.5,15.5,-0.4,-2.5157,43582,685393,52,TWSE,common_stock,true,false,false,false,false,false,false,false,true,
2025-11-17,2029,盛餘,listed,20.65,20.7,20.3,20.35,-0.35,-1.6908,345113,7058775,214,TWSE,common_stock,true,false,false,false,false,false,false,false,true,
2025-11-17,2030,彰源,listed,14.15,14.2,13.85,14.0,0.0,0.0,174925,2448293,144,TWSE,common_stock,true,false,false,false,false,false,false,false,true,
2025-11-17,2031,新光鋼,listed,37.3,37.5,36.7,36.95,-0.5,-1.3351,1065248,39374759,846,TWSE,common_stock,true,false,false,false,false,false,false,false,true,
2025-11-17,2032,新鋼,listed,14.05,14.05,13.75,13.75,-0.25,-1.7857,108477,1502273,83,TWSE,common_stock,true,false,false,false,false,false,false,false,true,
2025-11-17,2033,佳大,listed,15.35,15.5,15.3,15.45,0.0,0.0,73167,1125432,47,TWSE,common_stock,true,false,false,false,false,false,false,false,true,
2025-11-17,2034,允強,listed,20.1,20.45,19.9,19.9,0.2,1.0152,2059606,41554725,1185,TWSE,common_stock,true,false,false,false,false,false,false,false,true,
2025-11-17,2038,海光,listed,13.95,14.0,13.65,13.65,-0.25,-1.7986,322409,4432342,220,TWSE,common_stock,true,false,false,false,false,false,false,false,true,
2025-11-17,2049,上銀,listed,200.0,200.0,193.0,193.0,-5.5,-2.7708,4701928,918324556,5698,TWSE,common_stock,true,false,false,false,false,false,false,false,true,
2025-11-17,2059,川湖,listed,3800.0,3835.0,3700.0,3715.0,0.0,0.0,874247,3274072665,3095,TWSE,common_stock,true,false,false,false,false,false,false,false,true,
2025-11-17,2062,橋椿,listed,20.35,20.35,20.0,20.05,-0.3,-1.4742,215726,4340644,188,TWSE,common_stock,true,false,false,false,false,false,false,false,true,
2025-11-17,2069,運錩,listed,16.2,16.2,15.9,15.95,0.05,0.3145,437473,7007273,239,TWSE,common_stock,true,false,false,false,false,false,false,false,true,
2025-11-17,2101,南港,listed,36.55,36.75,36.2,36.25,-0.3,-0.8208,918652,33463255,1003,TWSE,common_stock,true,false,false,false,false,false,false,false,true,
2025-11-17,2102,泰豐,listed,19.8,20.2,19.8,20.1,0.15,0.7519,744431,14897601,374,TWSE,common_stock,true,false,false,false,false,false,false,false,true,
2025-11-17,2103,台橡,listed,14.9,14.9,14.45,14.55,-0.3,-2.0202,3688940,53706233,1685,TWSE,common_stock,true,false,false,false,false,false,false,false,true,
2025-11-17,2104,國際中橡,listed,10.05,10.1,9.85,9.9,-0.15,-1.4925,3039210,30225647,1281,TWSE,common_stock,true,false,false,false,false,false,false,false,true,
2025-11-17,2105,正新,listed,33.0,33.3,32.0,32.25,-0.35,-1.0736,8357738,270682306,4114,TWSE,common_stock,true,false,false,false,false,false,false,false,true,
2025-11-17,2106,建大,listed,21.2,21.2,20.4,20.45,-0.8,-3.7647,580687,12033153,527,TWSE,common_stock,true,false,false,false,false,false,false,false,true,
2025-11-17,2107,厚生,listed,23.9,23.9,23.7,23.9,0.05,0.2096,123215,2937640,257,TWSE,common_stock,true,false,false,false,false,false,false,false,true,
2025-11-17,2108,南帝,listed,23.15,23.15,22.55,22.7,-0.6,-2.5751,495512,11292706,641,TWSE,common_stock,true,false,false,false,false,false,false,false,true,
2025-11-17,2109,華豐,listed,15.6,15.6,15.15,15.15,-0.5,-3.1949,151538,2322087,468,TWSE,common_stock,true,false,false,false,false,false,false,false,true,
2025-11-17,2114,鑫永銓,listed,90.4,91.3,90.3,90.5,0.1,0.1106,15721,1425943,64,TWSE,common_stock,true,false,false,false,false,false,false,false,true,
2025-11-17,2115,六暉-KY,listed,26.15,26.15,25.9,26.0,-0.1,-0.3831,21392,556292,18,TWSE,common_stock,true,false,false,false,false,false,false,false,true,
2025-11-17,2201,裕隆,listed,42.0,42.0,39.05,39.05,-4.3,-9.9193,26710982,1070467723,15149,TWSE,common_stock,true,false,false,false,false,false,false,false,true,
2025-11-17,2204,中華,listed,61.3,61.4,58.7,58.7,-2.2,-3.6125,1407454,83780792,2971,TWSE,common_stock,true,false,false,false,false,false,false,false,true,
2025-11-17,2206,三陽工業,listed,63.4,64.6,62.8,62.8,-0.6,-0.9464,1243783,79154837,2139,TWSE,common_stock,true,false,false,false,false,false,false,false,true,
2025-11-17,2207,和泰車,listed,585.0,603.0,585.0,601.0,13.0,2.2109,535821,320907671,1031,TWSE,common_stock,true,false,false,false,false,false,false,false,true,
2025-11-17,2208,台船,listed,19.65,19.75,19.35,19.35,-0.25,-1.2755,3331073,64812649,1882,TWSE,common_stock,true,false,false,false,false,false,false,false,true,
2025-11-17,2211,長榮鋼,listed,108.5,108.5,106.0,107.5,-1.5,-1.3761,958771,102892440,972,TWSE,common_stock,true,false,false,false,false,false,false,false,true,
2025-11-17,2227,裕日車,listed,59.5,59.5,55.5,55.7,-1.7,-2.9617,92647,5322891,195,TWSE,common_stock,true,false,false,false,false,false,false,false,true,
2025-11-17,2228,劍麟,listed,91.4,95.4,91.2,95.0,4.7,5.2049,746719,70416252,768,TWSE,common_stock,true,false,false,false,false,false,false,false,true,
2025-11-17,2231,為升,listed,100.0,101.0,95.0,95.0,-4.8,-4.8096,1104060,106939089,1104,TWSE,common_stock,true,false,false,false,false,false,false,false,true,
2025-11-17,2233,宇隆,listed,202.0,202.0,192.5,192.5,-8.0,-3.99,1007199,197188926,1368,TWSE,common_stock,true,false,false,false,false,false,false,false,true,
2025-11-17,2236,百達-KY,listed,84.2,87.0,84.2,85.1,-1.4,-1.6185,438759,37405701,437,TWSE,common_stock,true,false,false,false,false,false,false,false,true,
2025-11-17,2239,英利-KY,listed,29.7,30.75,29.65,30.2,0.5,1.6835,245447,7390585,178,TWSE,common_stock,true,false,false,false,false,false,false,false,true,
2025-11-17,2241,艾姆勒,listed,36.7,38.6,36.7,38.3,2.2,6.0942,1914450,72316895,1343,TWSE,common_stock,true,false,false,false,false,false,false,false,true,
2025-11-17,2243,宏旭-KY,listed,10.95,11.1,10.85,10.85,-0.25,-2.2523,214143,2337659,152,TWSE,common_stock,true,false,false,false,false,false,false,false,true,
2025-11-17,2247,汎德永業,listed,289.0,289.5,287.0,288.0,1.0,0.3484,65055,18730140,180,TWSE,common_stock,true,false,false,false,false,false,false,false,true,
2025-11-17,2248,華勝-KY,listed,49.95,50.0,49.6,49.85,0.55,1.1156,70030,3491393,42,TWSE,common_stock,true,false,false,false,false,false,false,false,true,
2025-11-17,2250,IKKA-KY,listed,78.5,78.5,76.6,76.6,-2.6,-3.2828,151951,11768614,264,TWSE,common_stock,true,false,false,false,false,false,false,false,true,
2025-11-17,2254,巨鎧精密-創,listed,58.2,58.2,57.2,58.0,0.0,0.0,27051,1561878,25,TWSE,common_stock,true,false,false,false,false,false,false,false,true,
2025-11-17,2258,鴻華先進-創,listed,44.0,44.0,40.0,40.05,-3.45,-7.931,2597116,107883234,1797,TWSE,common_stock,true,false,false,false,false,false,false,false,true,
2025-11-17,2301,光寶科,listed,163.0,165.0,161.5,162.5,0.0,0.0,17878211,2918829265,11324,TWSE,common_stock,true,false,false,false,false,false,false,false,true,
2025-11-17,2302,麗正,listed,19.35,19.75,19.0,19.1,-0.05,-0.2611,1015024,19641382,648,TWSE,common_stock,true,false,false,false,false,false,false,false,true,
2025-11-17,2303,聯電,listed,44.05,44.35,43.8,43.85,-0.3,-0.6795,24924501,1096485389,9567,TWSE,common_stock,true,false,false,false,false,false,false,false,true,
2025-11-17,2305,全友,listed,10.95,11.0,10.7,10.8,-0.2,-1.8182,512495,5550728,243,TWSE,common_stock,true,false,false,false,false,false,false,false,true,
2025-11-17,2308,台達電,listed,931.0,946.0,916.0,916.0,-6.0,-0.6508,11523207,10709769939,23530,TWSE,common_stock,true,false,false,false,false,false,false,false,true,
2025-11-17,2312,金寶,listed,21.95,22.3,21.3,21.3,-0.45,-2.069,15611972,338967225,6942,TWSE,common_stock,true,false,false,false,false,false,false,false,true,
2025-11-17,2313,華通,listed,82.8,83.4,81.0,81.0,-0.9,-1.0989,7346834,602555944,6941,TWSE,common_stock,true,false,false,false,false,false,false,false,true,
2025-11-17,2314,台揚,listed,23.2,23.2,22.25,22.45,-1.5,-6.263,286918,6534109,372,TWSE,common_stock,true,false,false,false,false,false,false,false,true,
2025-11-17,2316,楠梓電,listed,96.7,97.1,91.8,91.8,-4.2,-4.375,4831119,454664639,4592,TWSE,common_stock,true,false,false,false,false,false,false,false,true,
2025-11-17,2317,鴻海,listed,241.0,242.0,235.0,236.0,-5.0,-2.0747,84874596,20140677581,85770,TWSE,common_stock,true,false,false,false,false,false,false,false,true,
2025-11-17,2321,東訊,listed,,,,,0.0,,70,1191,4,TWSE,other,false,false,false,false,false,false,false,false,false,invalid_close
2025-11-17,2323,中環,listed,9.53,9.78,9.53,9.65,0.12,1.2592,4842210,46797556,1461,TWSE,common_stock,true,false,false,false,false,false,false,false,true,
2025-11-17,2324,仁寶,listed,30.0,30.0,29.05,29.05,-0.85,-2.8428,32130240,944983395,17409,TWSE,common_stock,true,false,false,false,false,false,false,false,true,
2025-11-17,2327,國巨*,listed,236.0,236.0,226.0,226.5,-7.0,-2.9979,39149017,9003514149,43161,TWSE,common_stock,true,false,false,false,false,false,false,false,true,
2025-11-17,2328,廣宇,listed,49.65,49.7,48.3,48.3,-1.65,-3.3033,6713534,327393901,5223,TWSE,common_stock,true,false,false,false,false,false,false,false,true,
2025-11-17,2329,華泰,listed,50.0,53.2,49.7,52.4,3.0,6.0729,24526186,1269872154,14149,TWSE,common_stock,true,false,false,false,false,false,false,false,true,
2025-11-17,2330,台積電,listed,1450.0,1460.0,1445.0,1445.0,15.0,1.049,34872653,50497384300,52588,TWSE,common_stock,true,false,false,false,false,false,false,false,true,
2025-11-17,2331,精英,listed,20.85,21.35,20.6,20.75,0.25,1.2195,2658128,55768219,1273,TWSE,common_stock,true,false,false,false,false,false,false,false,true,
2025-11-17,2332,友訊,listed,15.65,15.85,15.5,15.8,0.25,1.6077,2512947,39411679,1233,TWSE,common_stock,true,false,false,false,false,false,false,false,true,
2025-11-17,2337,旺宏,listed,40.6,40.9,37.35,38.75,0.7,1.8397,236260222,9175845133,89299,TWSE,common_stock,true,false,false,false,false,false,false,false,true,
2025-11-17,2338,光罩,listed,35.25,36.35,35.1,36.0,0.95,2.7104,1215155,43755164,1015,TWSE,common_stock,true,false,false,false,false,false,false,false,true,
2025-11-17,2340,台亞,listed,25.05,25.5,24.85,24.9,-0.15,-0.5988,1126956,28327621,757,TWSE,common_stock,true,false,false,false,false,false,false,false,true,
2025-11-17,2342,茂矽,listed,31.0,31.6,30.0,30.15,-1.05,-3.3654,2619645,80324700,1700,TWSE,common_stock,true,false,false,false,false,false,false,false,true,
2025-11-17,2344,華邦電,listed,66.3,66.3,65.1,66.2,5.9,9.7844,45241959,2983977970,14036,TWSE,common_stock,true,false,false,false,false,false,false,false,true,
2025-11-17,2345,智邦,listed,999.0,1020.0,985.0,998.0,15.0,1.5259,3518543,3520451073,7327,TWSE,common_stock,true,false,false,false,false,false,false,false,true,
2025-11-17,2347,聯強,listed,59.6,59.9,58.3,58.6,-0.9,-1.5126,8143550,479419304,4677,TWSE,common_stock,true,false,false,false,false,false,false,false,true,
2025-11-17,2348,海悅,listed,78.9,80.0,77.9,78.9,-0.5,-0.6297,511749,40456205,789,TWSE,common_stock,true,false,false,false,false,false,false,false,true,
2025-11-17,2348A,海悅甲特,listed,36.45,36.45,36.3,36.45,-0.3,-0.8163,35000,1271350,8,TWSE,warrant,false,false,true,false,false,false,false,false,false,security_type=warrant;symbol_not_4_digit
2025-11-17,2349,錸德,listed,9.2,9.21,9.06,9.06,-0.19,-2.0541,2149355,19589992,921,TWSE,common_stock,true,false,false,false,false,false,false,false,true,
2025-11-17,2351,順德,listed,84.5,86.0,82.8,84.5,1.4,1.6847,1266986,107181340,1093,TWSE,common_stock,true,false,false,false,false,false,false,false,true,
2025-11-17,2352,佳世達,listed,27.65,27.95,27.1,27.6,0.05,0.1815,5463967,150018713,3486,TWSE,common_stock,true,false,false,false,false,false,false,false,true,
2025-11-17,2353,宏碁,listed,29.05,29.05,28.65,28.65,-0.4,-1.3769,15718456,452457451,8702,TWSE,common_stock,true,false,false,false,false,false,false,false,true,
2025-11-17,2354,鴻準,listed,67.3,67.4,66.1,66.4,-0.4,-0.5988,7109336,474252888,5382,TWSE,common_stock,true,false,false,false,false,false,false,false,true,
2025-11-17,2355,敬鵬,listed,30.8,30.95,30.45,30.55,-0.25,-0.8117,1586369,48493817,1087,TWSE,common_stock,true,false,false,false,false,false,false,false,true,
2025-11-17,2356,英業達,listed,42.25,42.55,41.6,41.6,-0.65,-1.5385,14064752,588739114,7691,TWSE,common_stock,true,false,false,false,false,false,false,false,true,
2025-11-17,2357,華碩,listed,637.0,637.0,610.0,610.0,-23.0,-3.6335,6416499,3971577357,14801,TWSE,common_stock,true,false,false,false,false,false,false,false,true,
2025-11-17,2359,所羅門,listed,124.0,126.5,121.5,124.0,1.5,1.2245,1281467,158945853,1141,TWSE,common_stock,true,false,false,false,false,false,false,false,true,
2025-11-17,2360,致茂,listed,792.0,797.0,763.0,774.0,-11.0,-1.4013,4333818,3376295975,5920,TWSE,common_stock,true,false,false,false,false,false,false,false,true,
2025-11-17,2362,藍天,listed,42.75,43.75,42.15,42.15,-0.8,-1.8626,800535,34257337,899,TWSE,common_stock,true,false,false,false,false,false,false,false,true,
2025-11-17,2363,矽統,listed,50.3,50.5,49.0,49.0,-1.2,-2.3904,4106662,203497882,3212,TWSE,common_stock,true,false,false,false,false,false,false,false,true,
2025-11-17,2364,倫飛,listed,80.4,82.3,76.0,76.8,0.9,1.1858,3338023,266302240,2894,TWSE,common_stock,true,false,false,false,false,false,false,false,true,
2025-11-17,2365,昆盈,listed,34.5,34.8,34.1,34.3,0.05,0.146,1397848,48107724,1049,TWSE,common_stock,true,false,false,false,false,false,false,false,true,
2025-11-17,2367,燿華,listed,24.9,25.2,24.15,24.15,-0.65,-2.621,4680008,114849791,2706,TWSE,common_stock,true,false,false,false,false,false,false,false,true,
2025-11-17,2368,金像電,listed,565.0,574.0,533.0,537.0,-7.0,-1.2868,12112596,6698712779,14918,TWSE,common_stock,true,false,false,false,false,false,false,false,true,
2025-11-17,2369,菱生,listed,22.1,23.1,22.0,22.1,0.05,0.2268,7563289,169723412,4143,TWSE,common_stock,true,false,false,false,false,false,false,false,true,
2025-11-17,2371,大同,listed,32.25,32.25,31.4,31.5,-0.75,-2.3256,21309055,676579414,10070,TWSE,common_stock,true,false,false,false,false,false,false,false,true,
2025-11-17,2373,震旦行,listed,56.7,57.0,56.6,56.6,-0.1,-0.1764,10370,589036,28,TWSE,common_stock,true,false,false,false,false,false,false,false,true,
2025-11-17,2374,佳能,listed,84.2,84.7,81.8,81.8,-1.9,-2.27,10673814,884917579,13013,TWSE,common_stock,true,false,false,false,false,false,false,false,true,
2025-11-17,2375,凱美,listed,99.1,101.0,94.1,96.6,-1.7,-1.7294,18302104,1772767827,12339,TWSE,common_stock,true,false,false,false,false,false,false,false,true,
2025-11-17,2376,技嘉,listed,263.0,264.0,256.0,256.0,-14.5,-5.3604,12398385,3215946240,16747,TWSE,common_stock,true,false,false,false,false,false,false,false,true,
2025-11-17,2377,微星,listed,105.0,105.5,102.0,102.5,-3.0,-2.8436,14557095,1498561628,9382,TWSE,common_stock,true,false,false,false,false,false,false,false,true,
2025-11-17,2379,瑞昱,listed,501.0,505.0,497.5,497.5,-5.5,-1.0934,1970144,984846294,2333,TWSE,common_stock,true,false,false,false,false,false,false,false,true,
2025-11-17,2380,虹光,listed,4.75,4.94,4.75,4.94,0.17,3.5639,110798,535403,87,TWSE,common_stock,true,false,false,false,false,false,false,false,true,
2025-11-17,2382,廣達,listed,281.0,282.5,275.0,276.0,-3.5,-1.2522,13654094,3793065525,15027,TWSE,common_stock,true,false,false,false,false,false,false,false,true,
2025-11-17,2383,台光電,listed,1465.0,1510.0,1425.0,1450.0,70.0,5.0725,5649057,8285472280,9867,TWSE,common_stock,true,false,false,false,false,false,false,false,true,
2025-11-17,2385,群光,listed,127.0,127.5,124.0,125.0,-1.5,-1.1858,2135852,267138055,2184,TWSE,common_stock,true,false,false,false,false,false,false,false,true,
2025-11-17,2387,精元,listed,40.0,40.0,39.4,39.5,-0.45,-1.1264,459254,18197882,420,TWSE,common_stock,true,false,false,false,false,false,false,false,true,
2025-11-17,2388,威盛,listed,50.6,51.5,50.4,51.1,0.7,1.3889,1716792,87588774,1274,TWSE,common_stock,true,false,false,false,false,false,false,false,true,
2025-11-17,2390,云辰,listed,9.7,9.76,9.41,9.41,-0.29,-2.9897,366102,3490341,463,TWSE,common_stock,true,false,false,false,false,false,false,false,true,
2025-11-17,2392,正崴,listed,40.0,41.05,38.65,40.2,-1.1,-2.6634,11666647,465706606,7396,TWSE,common_stock,true,false,false,false,false,false,false,false,true,
2025-11-17,2393,億光,listed,54.4,55.0,52.2,54.5,-0.4,-0.7286,3263680,175787649,2920,TWSE,common_stock,true,false,false,false,false,false,false,false,true,
2025-11-17,2395,研華,listed,292.5,296.0,290.5,293.0,2.5,0.8606,2403329,705528777,2770,TWSE,common_stock,true,false,false,false,false,false,false,false,true,
2025-11-17,2397,友通,listed,60.7,61.7,60.3,60.8,0.0,0.0,102756,6265755,111,TWSE,common_stock,true,false,false,false,false,false,false,false,true,
2025-11-17,2399,映泰,listed,23.0,24.1,22.15,22.25,-0.85,-3.6797,4713512,108661455,2999,TWSE,common_stock,true,false,false,false,false,false,false,false,true,
2025-11-17,2401,凌陽,listed,20.4,20.95,20.2,20.65,0.3,1.4742,2343301,48410051,1457,TWSE,common_stock,true,false,false,false,false,false,false,false,true,
2025-11-17,2402,毅嘉,listed,49.0,50.8,48.6,48.6,0.3,0.6211,5769794,286477838,4038,TWSE,common_stock,true,false,false,false,false,false,false,false,true,
2025-11-17,2404,漢唐,listed,784.0,808.0,770.0,792.0,11.0,1.4085,2278306,1799630150,4236,TWSE,common_stock,true,false,false,false,false,false,false,false,true,
2025-11-17,2405,輔信,listed,17.75,17.85,17.2,17.2,-0.5,-2.8249,1636294,28512024,942,TWSE,common_stock,true,false,false,false,false,false,false,false,true,
2025-11-17,2406,國碩,listed,20.7,21.3,20.4,20.85,0.55,2.7094,7036009,146946361,3648,TWSE,common_stock,true,false,false,false,false,false,false,false,true,
2025-11-17,2408,南亞科,listed,170.0,172.5,164.0,166.5,8.0,5.0473,188655297,31773230419,100173,TWSE,common_stock,true,false,false,false,false,false,false,false,true,
2025-11-17,2409,友達,listed,11.95,12.05,11.55,11.55,-0.15,-1.2821,56681819,663083454,11933,TWSE,common_stock,true,false,false,false,false,false,false,false,true,
2025-11-17,2412,中華電,listed,131.5,133.0,131.5,132.0,0.5,0.3802,5391252,712644935,3347,TWSE,common_stock,true,false,false,false,false,false,false,false,true,
2025-11-17,2413,環科,listed,21.2,21.4,20.7,20.8,0.25,1.2165,514900,10884972,365,TWSE,common_stock,true,false,false,false,false,false,false,false,true,
2025-11-17,2414,精技,listed,41.1,41.4,40.8,40.8,-0.55,-1.3301,194424,7997667,165,TWSE,common_stock,true,false,false,false,false,false,false,false,true,
2025-11-17,2415,錩新,listed,27.8,27.8,26.65,26.95,-0.05,-0.1852,375997,10257604,316,TWSE,common_stock,true,false,false,false,false,false,false,false,true,
2025-11-17,2417,圓剛,listed,36.8,36.8,35.55,36.3,0.3,0.8333,424354,15285945,402,TWSE,common_stock,true,false,false,false,false,false,false,false,true,
2025-11-17,2419,仲琦,listed,22.85,22.85,22.15,22.15,-0.4,-1.7738,810705,18194337,601,TWSE,common_stock,true,false,false,false,false,false,false,false,true,
2025-11-17,2420,新巨,listed,50.8,51.0,49.6,49.6,-1.2,-2.3622,403195,20206769,405,TWSE,common_stock,true,false,false,false,false,false,false,false,true,
2025-11-17,2421,建準,listed,177.5,179.0,174.5,177.5,1.5,0.8523,5279222,932634305,8737,TWSE,common_stock,true,false,false,false,false,false,false,false,true,
2025-11-17,2423,固緯,listed,51.2,51.6,49.0,50.2,-1.5,-2.9014,203215,10176503,170,TWSE,common_stock,true,false,false,false,false,false,false,false,true,
2025-11-17,2424,隴華,listed,41.95,41.95,39.5,39.5,-0.3,-0.7538,49785,2052438,60,TWSE,common_stock,true,false,false,false,false,false,false,false,true,
2025-11-17,2425,承啟,listed,29.8,30.5,28.6,28.6,-0.4,-1.3793,604581,17897643,530,TWSE,common_stock,true,false,false,false,false,false,false,false,true,
2025-11-17,2426,鼎元,listed,15.9,15.9,15.55,15.6,-0.2,-1.2658,202071,3171406,223,TWSE,common_stock,true,false,false,false,false,false,false,false,true,
2025-11-17,2427,三商電,listed,26.4,26.55,26.05,26.1,-0.3,-1.1364,623872,16403151,403,TWSE,common_stock,true,false,false,false,false,false,false,false,true,
2025-11-17,2428,興勤,listed,181.5,185.0,178.0,178.5,-4.0,-2.1918,1090306,197262629,2510,TWSE,common_stock,true,false,false,false,false,false,false,false,true,
2025-11-17,2429,銘旺科,listed,86.7,86.7,81.2,81.5,-5.2,-5.9977,807190,66827847,1119,TWSE,common_stock,true,false,false,false,false,false,false,false,true,
2025-11-17,2430,燦坤,listed,24.05,24.1,24.0,24.1,0.05,0.2079,55557,1335476,151,TWSE,common_stock,true,false,false,false,false,false,false,false,true,
2025-11-17,2431,聯昌,listed,11.95,11.95,11.35,11.35,-0.65,-5.4167,953575,11047724,521,TWSE,common_stock,true,false,false,false,false,false,false,false,true,
2025-11-17,2432,倚天酷碁-創,listed,28.1,28.1,27.5,27.5,-0.55,-1.9608,28049,777973,21,TWSE,common_stock,true,false,false,false,false,false,false,false,true,
2025-11-17,2433,互盛電,listed,48.0,48.05,47.9,47.95,-0.1,-0.2081,53900,2585883,82,TWSE,common_stock,true,false,false,false,false,false,false,false,true,
2025-11-17,2434,統懋,listed,36.7,36.7,35.25,36.7,3.3,9.8802,631807,23104289,727,TWSE,common_stock,true,false,false,false,false,false,false,false,true,
2025-11-17,2436,偉詮電,listed,46.4,46.75,45.85,45.85,-0.6,-1.2917,543267,25062474,673,TWSE,common_stock,true,false,false,false,false,false,false,false,true,
2025-11-17,2438,翔耀,listed,23.0,23.0,22.05,22.25,-0.65,-2.8384,62525,1393833,122,TWSE,common_stock,true,false,false,false,false,false,false,false,true,
2025-11-17,2439,美律,listed,113.5,114.0,110.5,110.5,-1.5,-1.3393,1725135,192797939,2980,TWSE,common_stock,true,false,false,false,false,false,false,false,true,
2025-11-17,2440,太空梭,listed,12.6,12.7,12.4,12.7,0.1,0.7937,121314,1525904,63,TWSE,common_stock,true,false,false,false,false,false,false,false,true,
2025-11-17,2441,超豐,listed,72.5,73.2,71.8,72.2,0.1,0.1387,1326818,95912639,2082,TWSE,common_stock,true,false,false,false,false,false,false,false,true,
2025-11-17,2442,新美齊,listed,23.2,23.65,22.9,23.55,0.35,1.5086,517530,12041026,374,TWSE,common_stock,true,false,false,false,false,false,false,false,true,
2025-11-17,2444,兆勁,listed,11.2,11.2,10.8,10.8,-0.15,-1.3699,123400,1347094,141,TWSE,common_stock,true,false,false,false,false,false,false,false,true,
2025-11-17,2449,京元電子,listed,209.5,219.5,209.0,213.5,5.0,2.3981,30242060,6521235770,21790,TWSE,common_stock,true,false,false,false,false,false,false,false,true,
2025-11-17,2450,神腦,listed,28.85,29.2,28.85,29.05,0.0,0.0,64512,1870049,101,TWSE,common_stock,true,false,false,false,false,false,false,false,true,
2025-11-17,2451,創見,listed,204.5,204.5,193.5,199.0,3.0,1.5306,2900187,577160948,3246,TWSE,common_stock,true,false,false,false,false,false,false,false,true,
2025-11-17,2453,凌群,listed,54.2,54.6,53.3,53.3,-0.7,-1.2963,429632,23015566,431,TWSE,common_stock,true,false,false,false,false,false,false,false,true,
2025-11-17,2454,聯發科,listed,1230.0,1250.0,1225.0,1230.0,0.0,0.0,4963056,6129263765,11675,TWSE,common_stock,true,false,false,false,false,false,false,false,true,
2025-11-17,2455,全新,listed,153.5,158.0,151.0,151.0,1.5,1.0033,5162273,797280199,5425,TWSE,common_stock,true,false,false,false,false,false,false,false,true,
2025-11-17,2457,飛宏,listed,29.9,31.3,29.9,30.55,0.85,2.862,7115392,219377124,4352,TWSE,common_stock,true,false,false,false,false,false,false,false,true,
2025-11-17,2458,義隆,listed,131.5,136.0,131.5,132.5,1.5,1.145,2306894,307311238,2077,TWSE,common_stock,true,false,false,false,false,false,false,false,true,
2025-11-17,2459,敦吉,listed,66.7,68.0,66.4,66.7,0.1,0.1502,271696,18250465,264,TWSE,common_stock,true,false,false,false,false,false,false,false,true,
2025-11-17,2460,建通,listed,15.1,15.45,15.1,15.3,-0.15,-0.9709,124802,1908980,325,TWSE,common_stock,true,false,false,false,false,false,false,false,true,
2025-11-17,2461,光群雷,listed,15.2,15.4,15.15,15.25,-0.15,-0.974,512812,7824422,221,TWSE,common_stock,true,false,false,false,false,false,false,false,true,
2025-11-17,2462,良得電,listed,21.95,22.4,21.75,21.85,-0.05,-0.2283,233186,5153938,210,TWSE,common_stock,true,false,false,false,false,false,false,false,true,
2025-11-17,2464,盟立,listed,62.5,62.5,60.6,60.6,-1.4,-2.2581,1218448,74469416,1486,TWSE,common_stock,true,false,false,false,false,false,false,false,true,
2025-11-17,2465,麗臺,listed,56.0,56.0,53.9,54.0,-4.7,-8.0068,1725754,94738649,1771,TWSE,common_stock,true,false,false,false,false,false,false,false,true,
2025-11-17,2466,冠西電,listed,53.5,57.6,52.3,55.8,2.1,3.9106,1321893,72604190,936,TWSE,common_stock,true,false,false,false,false,false,false,false,true,
2025-11-17,2467,志聖,listed,171.5,175.5,170.5,173.0,1.5,0.8746,550916,95549173,1137,TWSE,common_stock,true,false,false,false,false,false,false,false,true,
2025-11-17,2468,華經,listed,43.85,43.85,42.2,42.3,-1.1,-2.5346,548685,23318690,976,TWSE,common_stock,true,false,false,false,false,false,false,false,true,
2025-11-17,2471,資通,listed,50.0,50.0,48.95,48.95,-1.05,-2.1,281960,13887418,321,TWSE,common_stock,true,false,false,false,false,false,false,false,true,
2025-11-17,2472,立隆電,listed,104.0,106.0,99.1,99.1,-4.9,-4.7115,5796060,588629217,4571,TWSE,common_stock,true,false,false,false,false,false,false,false,true,
2025-11-17,2474,可成,listed,206.0,210.0,204.5,210.0,0.0,0.0,5011740,1041654104,5237,TWSE,common_stock,true,false,false,false,false,false,false,false,true,
2025-11-17,2476,鉅祥,listed,90.0,91.5,89.4,89.6,-1.4,-1.5385,1631485,147034386,1506,TWSE,common_stock,true,false,false,false,false,false,false,false,true,
2025-11-17,2477,美隆電,listed,25.2,25.4,24.15,24.15,-1.05,-4.1667,356508,8781614,329,TWSE,common_stock,true,false,false,false,false,false,false,false,true,
2025-11-17,2478,大毅,listed,64.7,65.1,61.7,62.0,-2.6,-4.0248,3957420,249476416,3837,TWSE,common_stock,true,false,false,false,false,false,false,false,true,
2025-11-17,2480,敦陽科,listed,150.5,150.5,147.0,147.5,-2.5,-1.6667,414564,61485649,970,TWSE,common_stock,true,false,false,false,false,false,false,false,true,
2025-11-17,2481,強茂,listed,82.8,88.0,82.6,85.9,3.9,4.7561,37553610,3234823174,33529,TWSE,common_stock,true,false,false,false,false,false,false,false,true,
2025-11-17,2482,連宇,listed,17.55,17.55,17.15,17.2,-0.3,-1.7143,127996,2209153,139,TWSE,common_stock,true,false,false,false,false,false,false,false,true,
2025-11-17,2483,百容,listed,19.95,20.45,19.55,19.7,-0.25,-1.2531,89091,1764538,84,TWSE,common_stock,true,false,false,false,false,false,false,false,true,
2025-11-17,2484,希華,listed,20.95,21.2,20.35,20.4,-0.55,-2.6253,355862,7332838,316,TWSE,common_stock,true,false,false,false,false,false,false,false,true,
2025-11-17,2485,兆赫,listed,18.35,19.9,17.95,18.05,-0.15,-0.8242,15002771,279545299,6360,TWSE,common_stock,true,false,false,false,false,false,false,false,true,
2025-11-17,2486,一詮,listed,95.4,100.5,95.4,100.5,8.7,9.4771,9536682,947599549,4915,TWSE,common_stock,true,false,false,false,false,false,false,false,true,
2025-11-17,2488,漢平,listed,47.05,47.2,45.8,45.8,-0.45,-0.973,149637,6927870,377,TWSE,common_stock,true,false,false,false,false,false,false,false,true,
2025-11-17,2489,瑞軒,listed,15.25,15.45,15.1,15.1,-0.05,-0.33,2416649,36762540,1249,TWSE,common_stock,true,false,false,false,false,false,false,false,true,
2025-11-17,2491,吉祥全,listed,13.9,14.25,13.85,14.0,0.4,2.9412,133068,1870265,89,TWSE,common_stock,true,false,false,false,false,false,false,false,true,
2025-11-17,2492,華新科,listed,126.5,128.0,118.0,118.5,-6.0,-4.8193,26637464,3266128424,17438,TWSE,common_stock,true,false,false,false,false,false,false,false,true,
2025-11-17,2493,揚博,listed,91.0,91.4,89.8,90.1,-0.4,-0.442,460994,41737994,1357,TWSE,common_stock,true,false,false,false,false,false,false,false,true,
2025-11-17,2495,普安,listed,26.4,28.7,26.35,26.8,0.7,2.682,17791199,493881457,8582,TWSE,common_stock,true,false,false,false,false,false,false,false,true,
2025-11-17,2496,卓越,listed,68.0,68.8,68.0,68.8,1.0,1.4749,32105,2198768,59,TWSE,common_stock,true,false,false,false,false,false,false,false,true,
2025-11-17,2497,怡利電,listed,41.55,41.6,41.2,41.2,-0.3,-0.7229,122513,5066636,278,TWSE,common_stock,true,false,false,false,false,false,false,false,true,
2025-11-17,2498,宏達電,listed,51.0,53.2,50.5,51.3,0.5,0.9843,16934062,877683832,9098,TWSE,common_stock,true,false,false,false,false,false,false,false,true,
2025-11-17,2501,國建,listed,22.0,22.05,21.2,21.45,-0.8,-3.5955,5865580,125981597,2642,TWSE,common_stock,true,false,false,false,false,false,false,false,true,
2025-11-17,2504,國產,listed,35.8,35.8,34.8,35.0,-0.8,-2.2346,2958283,103936567,2393,TWSE,common_stock,true,false,false,false,false,false,false,false,true,
2025-11-17,2505,國揚,listed,19.1,19.1,18.45,18.5,-0.5,-2.6316,855741,15956049,565,TWSE,common_stock,true,false,false,false,false,false,false,false,true,
2025-11-17,2506,太設,listed,9.64,9.68,9.64,9.65,0.01,0.1037,139018,1341387,96,TWSE,common_stock,true,false,false,false,false,false,false,false,true,
2025-11-17,2509,全坤建,listed,14.8,14.9,14.55,14.6,-0.1,-0.6803,110025,1615196,118,TWSE,common_stock,true,false,false,false,false,false,false,false,true,
2025-11-17,2511,太子,listed,8.66,8.67,8.51,8.52,-0.2,-2.2936,3069723,26386935,1409,TWSE,common_stock,true,false,false,false,false,false,false,false,true,
2025-11-17,2514,龍邦,listed,14.7,14.75,14.5,14.5,-0.2,-1.3605,679106,9979749,137,TWSE,common_stock,true,false,false,false,false,false,false,false,true,
2025-11-17,2515,中工,listed,16.55,17.05,16.55,17.05,0.55,3.3333,15151836,256826029,5245,TWSE,common_stock,true,false,false,false,false,false,false,false,true,
2025-11-17,2516,新建,listed,14.7,14.7,14.55,14.55,-0.15,-1.0204,241188,3534630,112,TWSE,common_stock,true,false,false,false,false,false,false,false,true,
2025-11-17,2520,冠德,listed,33.25,33.75,32.8,33.5,0.2,0.6006,1376019,45993155,1379,TWSE,common_stock,true,false,false,false,false,false,false,false,true,
2025-11-17,2524,京城,listed,41.2,41.4,40.6,40.8,-0.55,-1.3301,82667,3394801,95,TWSE,common_stock,true,false,false,false,false,false,false,false,true,
2025-11-17,2527,宏璟,listed,25.45,26.05,25.15,25.95,0.3,1.1696,271963,6994000,206,TWSE,common_stock,true,false,false,false,false,false,false,false,true,
2025-11-17,2528,皇普,listed,30.15,30.25,29.6,29.7,-0.45,-1.4925,1033916,30791807,764,TWSE,common_stock,true,false,false,false,false,false,false,false,true,
2025-11-17,2530,華建,listed,28.0,28.15,27.6,27.9,0.0,0.0,923677,25716941,507,TWSE,common_stock,true,false,false,false,false,false,false,false,true,
2025-11-17,2534,宏盛,listed,20.3,20.75,20.05,20.35,-0.15,-0.7317,974145,19737334,620,TWSE,common_stock,true,false,false,false,false,false,false,false,true,
2025-11-17,2535,達欣工,listed,62.6,63.2,61.9,62.2,-0.4,-0.639,192365,12000557,657,TWSE,common_stock,true,false,false,false,false,false,false,false,true,
2025-11-17,2536,宏普,listed,26.1,26.1,25.5,25.55,-0.8,-3.0361,515007,13204671,246,TWSE,common_stock,true,false,false,false,false,false,false,false,true,
2025-11-17,2537,聯上發,listed,10.7,10.7,10.45,10.5,-0.15,-1.4085,1157976,12197055,398,TWSE,common_stock,true,false,false,false,false,false,false,false,true,
2025-11-17,2538,基泰,listed,11.05,11.3,10.95,11.3,0.4,3.6697,1113670,12433676,400,TWSE,common_stock,true,false,false,false,false,false,false,false,true,
2025-11-17,2539,櫻花建,listed,46.85,46.85,45.85,46.15,-0.9,-1.9129,1538062,70973548,1668,TWSE,common_stock,true,false,false,false,false,false,false,false,true,
2025-11-17,2540,愛山林,listed,46.55,47.55,45.5,47.0,0.4,0.8584,1458729,67813582,1407,TWSE,common_stock,true,false,false,false,false,false,false,false,true,
2025-11-17,2542,興富發,listed,37.6,38.0,37.2,37.75,0.05,0.1326,4321508,162538500,2953,TWSE,common_stock,true,false,false,false,false,false,false,false,true,
2025-11-17,2543,皇昌,listed,62.5,62.5,60.6,60.8,-1.2,-1.9355,2559356,156916609,2108,TWSE,common_stock,true,false,false,false,false,false,false,false,true,
2025-11-17,2545,皇翔,listed,39.5,39.5,38.7,38.95,-0.55,-1.3924,699268,27204394,685,TWSE,common_stock,true,false,false,false,false,false,false,false,true,
2025-11-17,2546,根基,listed,90.0,90.0,88.2,89.2,0.0,0.0,126728,11313372,313,TWSE,common_stock,true,false,false,false,false,false,false,false,true,
2025-11-17,2547,日勝生,listed,10.9,10.95,10.65,10.7,-0.2,-1.8349,1873932,20162567,660,TWSE,common_stock,true,false,false,false,false,false,false,false,true,
2025-11-17,2548,華固,listed,99.0,99.0,97.6,98.3,-0.6,-0.6067,484515,47557256,764,TWSE,common_stock,true,false,false,false,false,false,false,false,true,
2025-11-17,2597,潤弘,listed,156.5,161.0,156.0,161.0,4.0,2.5478,398363,63376756,507,TWSE,common_stock,true,false,false,false,false,false,false,false,true,
2025-11-17,2601,益航,listed,5.71,5.71,5.58,5.58,-0.07,-1.2389,1017251,5705836,482,TWSE,common_stock,true,false,false,false,false,false,false,false,true,
2025-11-17,2603,長榮,listed,184.5,185.0,181.5,181.5,-4.0,-2.1563,9647691,1762043383,11171,TWSE,common_stock,true,false,false,false,false,false,false,false,true,
2025-11-17,2605,新興,listed,23.75,23.95,23.25,23.4,-0.05,-0.2132,2998104,70643054,1809,TWSE,common_stock,true,false,false,false,false,false,false,false,true,
2025-11-17,2606,裕民,listed,54.0,55.2,53.2,54.7,1.0,1.8622,4822053,262412377,3109,TWSE,common_stock,true,false,false,false,false,false,false,false,true,
2025-11-17,2607,榮運,listed,57.7,57.7,56.9,57.1,0.0,0.0,856641,48964435,754,TWSE,common_stock,true,false,false,false,false,false,false,false,true,
2025-11-17,2608,嘉里大榮,listed,33.7,33.85,33.6,33.8,0.05,0.1481,128562,4337089,148,TWSE,common_stock,true,false,false,false,false,false,false,false,true,
2025-11-17,2609,陽明,listed,53.6,53.6,52.9,53.1,-0.6,-1.1173,12055158,640101886,9390,TWSE,common_stock,true,false,false,false,false,false,false,false,true,
2025-11-17,2610,華航,listed,19.6,19.6,19.05,19.15,-0.3,-1.5424,27407229,526796756,9400,TWSE,common_stock,true,false,false,false,false,false,false,false,true,
2025-11-17,2611,志信,listed,15.4,15.6,15.15,15.4,0.05,0.3257,358165,5522660,381,TWSE,common_stock,true,false,false,false,false,false,false,false,true,
2025-11-17,2612,中航,listed,52.4,53.1,51.5,52.1,0.2,0.3854,914291,47718273,917,TWSE,common_stock,true,false,false,false,false,false,false,false,true,
2025-11-17,2613,中櫃,listed,24.9,24.9,24.15,24.25,-0.6,-2.4145,661574,16126168,559,TWSE,common_stock,true,false,false,false,false,false,false,false,true,
2025-11-17,2614,東森,listed,21.85,22.8,21.55,22.25,0.65,3.0093,3500515,78326166,2491,TWSE,common_stock,true,false,false,false,false,false,false,false,true,
2025-11-17,2615,萬海,listed,82.7,83.8,80.8,81.4,-1.1,-1.3333,25569594,2092435535,26669,TWSE,common_stock,true,false,false,false,false,false,false,false,true,
2025-11-17,2616,山隆,listed,14.25,14.25,13.95,13.95,-0.2,-1.4134,119550,1682394,274,TWSE,common_stock,true,false,false,false,false,false,false,false,true,
2025-11-17,2617,台航,listed,29.85,30.2,29.45,29.8,0.15,0.5059,628297,18770272,563,TWSE,common_stock,true,false,false,false,false,false,false,false,true,
2025-11-17,2618,長榮航,listed,34.5,34.6,34.0,34.0,-0.5,-1.4493,25680754,877050200,12611,TWSE,common_stock,true,false,false,false,false,false,false,false,true,
2025-11-17,2630,亞航,listed,49.2,49.4,47.7,48.0,-0.9,-1.8405,1761044,84822078,1630,TWSE,common_stock,true,false,false,false,false,false,false,false,true,
2025-11-17,2633,台灣高鐵,listed,28.2,28.45,28.15,28.45,0.1,0.3527,4176184,116301718,2082,TWSE,common_stock,true,false,false,false,false,false,false,false,true,
2025-11-17,2634,漢翔,listed,49.8,50.0,48.4,48.6,-1.05,-2.1148,8725725,426723390,5973,TWSE,common_stock,true,false,false,false,false,false,false,false,true,
2025-11-17,2636,台驊控股,listed,67.6,67.6,66.2,66.3,-1.0,-1.4859,425438,28320667,607,TWSE,common_stock,true,false,false,false,false,false,false,false,true,
2025-11-17,2637,慧洋-KY,listed,62.4,64.3,61.5,63.2,0.9,1.4446,3923292,248349112,3117,TWSE,common_stock,true,false,false,false,false,false,false,false,true,
2025-11-17,2642,宅配通,listed,27.75,27.85,26.65,26.65,-1.1,-3.964,173761,4693731,357,TWSE,common_stock,true,false,false,false,false,false,false,false,true,
2025-11-17,2645,長榮航太,listed,139.0,139.5,136.5,137.5,-1.0,-0.722,1187479,163270637,1573,TWSE,common_stock,true,false,false,false,false,false,false,false,true,
2025-11-17,2646,星宇航空,listed,23.45,23.45,22.95,22.95,-0.5,-2.1322,8680267,201243649,5489,TWSE,common_stock,true,false,false,false,false,false,false,false,true,
2025-11-17,2701,萬企,listed,11.2,11.2,11.15,11.15,0.0,0.0,117453,1311989,38,TWSE,common_stock,true,false,false,false,false,false,false,false,true,
2025-11-17,2702,華園,listed,11.7,11.8,11.6,11.6,-0.05,-0.4292,31071,363662,49,TWSE,common_stock,true,false,false,false,false,false,false,false,true,
2025-11-17,2704,國賓,listed,42.75,42.8,42.0,42.4,-0.4,-0.9346,115253,4878114,187,TWSE,common_stock,true,false,false,false,false,false,false,false,true,
2025-11-17,2705,六福,listed,16.8,16.9,16.8,16.8,0.0,0.0,52975,891951,111,TWSE,common_stock,true,false,false,false,false,false,false,false,true,
2025-11-17,2706,第一店,listed,13.2,13.2,13.0,13.1,0.0,0.0,144893,1895140,101,TWSE,common_stock,true,false,false,false,false,false,false,false,true,
2025-11-17,2707,晶華,listed,191.0,192.5,190.5,192.5,1.5,0.7853,149258,28557563,1285,TWSE,common_stock,true,false,false,false,false,false,false,false,true,
2025-11-17,2712,遠雄來,listed,19.65,19.65,18.95,19.4,-0.25,-1.2723,25625,493110,28,TWSE,common_stock,true,false,false,false,false,false,false,false,true,
2025-11-17,2722,夏都,listed,29.3,29.3,28.55,28.55,-0.6,-2.0583,71698,2075776,118,TWSE,common_stock,true,false,false,false,false,false,false,false,true,
2025-11-17,2723,美食-KY,listed,63.8,63.8,60.6,61.3,-1.9,-3.0063,1005632,61841076,1059,TWSE,common_stock,true,false,false,false,false,false,false,false,true,
2025-11-17,2727,王品,listed,218.0,218.0,215.0,215.5,-1.5,-0.6912,251201,54211666,776,TWSE,common_stock,true,false,false,false,false,false,false,false,true,
2025-11-17,2731,雄獅,listed,175.5,184.0,175.5,182.5,9.5,5.4913,3563287,643547429,4475,TWSE,common_stock,true,false,false,false,false,false,false,false,true,
2025-11-17,2739,寒舍,listed,36.8,36.8,36.35,36.4,-0.4,-1.087,114168,4162259,159,TWSE,common_stock,true,false,false,false,false,false,false,false,true,
2025-11-17,2748,雲品,listed,45.1,45.25,44.8,45.0,0.2,0.4464,145167,6538060,225,TWSE,common_stock,true,false,false,false,false,false,false,false,true,
2025-11-17,2753,八方雲集,listed,200.0,202.5,199.5,201.0,1.5,0.7519,190552,38297664,385,TWSE,common_stock,true,false,false,false,false,false,false,false,true,
2025-11-17,2762,世界健身-KY,listed,78.0,78.0,77.7,77.7,-0.1,-0.1285,22200,1726387,48,TWSE,common_stock,true,false,false,false,false,false,false,false,true,
2025-11-17,2801,彰銀,listed,20.4,20.4,20.05,20.15,-0.2,-0.9828,20688850,417477023,7080,TWSE,common_stock,true,false,false,false,false,false,false,false,true,
2025-11-17,2812,台中銀,listed,21.5,21.55,21.25,21.35,-0.15,-0.6977,6781543,144701702,4488,TWSE,common_stock,true,false,false,false,false,false,false,false,true,
2025-11-17,2816,旺旺保,listed,28.0,28.15,28.0,28.1,0.1,0.3571,246904,6929340,187,TWSE,common_stock,true,false,false,false,false,false,false,false,true,
2025-11-17,2820,華票,listed,16.55,16.55,16.3,16.35,-0.2,-1.2085,2520897,41373044,701,TWSE,common_stock,true,false,false,false,false,false,false,false,true,
2025-11-17,2832,台產,listed,50.1,50.8,49.75,50.5,0.4,0.7984,390199,19614972,1015,TWSE,common_stock,true,false,false,false,false,false,false,false,true,
2025-11-17,2834,臺企銀,listed,15.7,15.75,15.6,15.65,-0.05,-0.3185,9770583,152970240,3764,TWSE,common_stock,true,false,false,false,false,false,false,false,true,
2025-11-17,2836,高雄銀,listed,12.05,12.15,11.95,12.0,-0.05,-0.4149,1569812,18850447,541,TWSE,common_stock,true,false,false,false,false,false,false,false,true,
2025-11-17,2836A,高雄銀甲特,listed,,,,,0.0,,0,0,0,TWSE,warrant,false,false,true,false,false,false,false,false,false,security_type=warrant;symbol_not_4_digit;invalid_close;invalid_volume;invalid_turnover
2025-11-17,2838,聯邦銀,listed,18.9,18.95,18.75,18.75,-0.15,-0.7937,2714831,51031224,823,TWSE,common_stock,true,false,false,false,false,false,false,false,true,
2025-11-17,2838A,聯邦銀甲特,listed,54.3,54.5,54.2,54.5,0.0,0.0,71000,3856700,16,TWSE,warrant,false,false,true,false,false,false,false,false,false,security_type=warrant;symbol_not_4_digit
2025-11-17,2845,遠東銀,listed,12.7,12.75,12.65,12.7,0.0,0.0,4425162,56110233,1398,TWSE,common_stock,true,false,false,false,false,false,false,false,true,
2025-11-17,2849,安泰銀,listed,13.05,13.05,12.95,13.05,0.0,0.0,127214,1656536,248,TWSE,common_stock,true,false,false,false,false,false,false,false,true,
2025-11-17,2850,新產,listed,116.0,117.5,116.0,116.5,0.5,0.431,111084,12955409,211,TWSE,common_stock,true,false,false,false,false,false,false,false,true,
2025-11-17,2851,中再保,listed,26.35,26.35,25.85,26.0,-0.5,-1.8868,1897938,49330055,1657,TWSE,common_stock,true,false,false,false,false,false,false,false,true,
2025-11-17,2852,第一保,listed,27.65,27.65,27.15,27.3,-0.35,-1.2658,439596,12002112,467,TWSE,common_stock,true,false,false,false,false,false,false,false,true,
2025-11-17,2855,統一證,listed,24.95,25.15,24.4,24.55,-0.2,-0.8081,3323402,81916687,2184,TWSE,etf,false,true,false,false,false,false,false,false,false,security_type=etf
2025-11-17,2867,三商壽,listed,7.2,7.22,7.14,7.21,0.0,0.0,22518501,162057098,2668,TWSE,common_stock,true,false,false,false,false,false,false,false,true,
2025-11-17,2880,華南金,listed,28.85,29.1,28.7,28.95,-0.05,-0.1724,12950953,375004323,3351,TWSE,common_stock,true,false,false,false,false,false,false,false,true,
2025-11-17,2881,富邦金,listed,93.6,93.6,91.5,91.8,-1.5,-1.6077,49167786,4550752990,31590,TWSE,etf,false,true,false,false,false,false,false,false,false,security_type=etf
2025-11-17,2881A,富邦特,listed,63.4,63.5,63.4,63.5,0.0,0.0,27088,1718970,13,TWSE,etf,false,true,true,false,false,false,false,false,false,security_type=etf;symbol_not_4_digit
2025-11-17,2881B,富邦金乙特,listed,62.5,62.5,62.1,62.1,0.1,0.1613,2138,133128,3,TWSE,etf,false,true,true,false,false,false,false,false,false,security_type=etf;symbol_not_4_digit
2025-11-17,2881C,富邦金丙特,listed,53.9,53.9,53.7,53.7,-0.1,-0.1859,22501,1210097,49,TWSE,etf,false,true,true,false,false,false,false,false,false,security_type=etf;symbol_not_4_digit
2025-11-17,2882,國泰金,listed,65.8,66.0,65.0,65.3,-0.7,-1.0606,28832237,1883378469,12761,TWSE,etf,false,true,false,false,false,false,false,false,false,security_type=etf
2025-11-17,2882A,國泰特,listed,60.7,60.8,60.7,60.8,0.1,0.1647,20062,1218729,30,TWSE,etf,false,true,true,false,false,false,false,false,false,security_type=etf;symbol_not_4_digit
2025-11-17,2882B,國泰金乙特,listed,60.1,60.1,59.7,60.1,0.1,0.1667,80254,4802893,64,TWSE,etf,false,true,true,false,false,false,false,false,false,security_type=etf;symbol_not_4_digit
2025-11-17,2883,凱基金,listed,16.0,16.05,15.75,15.8,-0.2,-1.25,47024660,744711804,8303,TWSE,etf,false,true,false,false,false,false,false,false,false,security_type=etf
2025-11-17,2883B,凱基金乙特,listed,7.66,7.66,7.64,7.66,-0.01,-0.1304,695851,5322945,177,TWSE,etf,false,true,true,false,false,false,false,false,false,security_type=etf;symbol_not_4_digit
2025-11-17,2884,玉山金,listed,30.1,30.2,29.95,30.2,0.2,0.6667,36617655,1103098239,11864,TWSE,common_stock,true,false,false,false,false,false,false,false,true,
2025-11-17,2885,元大金,listed,35.2,35.35,35.0,35.2,0.1,0.2849,20604313,724371228,8949,TWSE,etf,false,true,false,false,false,false,false,false,false,security_type=etf
2025-11-17,2886,兆豐金,listed,39.9,40.0,39.4,39.55,-0.35,-0.8772,20996010,830726533,9922,TWSE,etf,false,true,false,false,false,false,false,false,false,security_type=etf
2025-11-17,2887,台新新光金,listed,18.85,18.95,18.75,18.85,-0.05,-0.2646,42193435,795872015,7657,TWSE,common_stock,true,false,false,false,false,false,false,false,true,
2025-11-17,2887E,台新新光戊特一,listed,48.75,49.4,48.75,48.8,0.05,0.1026,93367,4580540,52,TWSE,warrant,false,false,true,false,false,false,false,false,false,security_type=warrant;symbol_not_4_digit
2025-11-17,2887F,台新新光戊特二,listed,45.1,45.1,45.1,45.1,0.1,0.2222,4923,221965,18,TWSE,warrant,false,false,true,false,false,false,false,false,false,security_type=warrant;symbol_not_4_digit
2025-11-17,2887G,台新新光庚特一,listed,38.15,38.2,38.05,38.2,-0.15,-0.3911,36673,1398684,30,TWSE,warrant,false,false,true,false,false,false,false,false,false,security_type=warrant;symbol_not_4_digit
2025-11-17,2887H,台新新光庚特二,listed,37.6,37.75,37.5,37.7,-0.05,-0.1325,26152,984099,23,TWSE,warrant,false,false,true,false,false,false,false,false,false,security_type=warrant;symbol_not_4_digit
2025-11-17,2887I,台新新光辛特,listed,9.27,9.29,9.26,9.28,0.01,0.1079,6225178,57754826,752,TWSE,warrant,false,false,true,false,false,false,false,false,false,security_type=warrant;symbol_not_4_digit
2025-11-17,2887Z1,台新新光己特,listed,16.15,16.15,16.1,16.1,0.0,0.0,205361,3311171,79,TWSE,warrant,false,false,true,false,false,false,false,false,false,security_type=warrant;symbol_not_4_digit
2025-11-17,2889,國票金,listed,15.95,16.1,15.85,16.05,0.1,0.627,4806301,76972444,1815,TWSE,common_stock,true,false,false,false,false,false,false,false,true,
2025-11-17,2890,永豐金,listed,26.85,26.9,26.5,26.55,-0.3,-1.1173,19020820,506465130,8820,TWSE,etf,false,true,false,false,false,false,false,false,false,security_type=etf
2025-11-17,2891,中信金,listed,42.45,42.5,42.0,42.2,-0.5,-1.171,34037094,1437527586,11416,TWSE,etf,false,true,false,false,false,false,false,false,false,security_type=etf
2025-11-17,2891B,中信金乙特,listed,63.5,63.9,63.5,63.9,0.0,0.0,4244,270191,13,TWSE,etf,false,true,true,false,false,false,false,false,false,security_type=etf;symbol_not_4_digit
2025-11-17,2891C,中信金丙特,listed,59.6,59.9,59.4,59.9,0.1,0.1672,37258,2218217,33,TWSE,etf,false,true,true,false,false,false,false,false,false,security_type=etf;symbol_not_4_digit
2025-11-17,2892,第一金,listed,28.1,28.25,27.9,28.15,0.1,0.3565,16783650,471409788,6076,TWSE,common_stock,true,false,false,false,false,false,false,false,true,
2025-11-17,2897,王道銀行,listed,9.06,9.1,9.02,9.04,-0.05,-0.5501,3460792,31308611,903,TWSE,common_stock,true,false,false,false,false,false,false,false,true,
2025-11-17,2897B,王道銀乙特,listed,11.9,11.9,11.85,11.85,-0.1,-0.8368,185000,2200550,49,TWSE,warrant,false,false,true,false,false,false,false,false,false,security_type=warrant;symbol_not_4_digit
2025-11-17,2901,欣欣,listed,24.9,24.9,24.45,24.75,-0.15,-0.6024,6001,148227,42,TWSE,common_stock,true,false,false,false,false,false,false,false,true,
2025-11-17,2903,遠百,listed,23.0,23.45,22.9,23.4,0.65,2.8571,8264527,192759303,3408,TWSE,common_stock,true,false,false,false,false,false,false,false,true,
2025-11-17,2904,匯僑,listed,17.1,17.2,17.0,17.0,-0.1,-0.5848,39780,677463,40,TWSE,common_stock,true,false,false,false,false,false,false,false,true,
2025-11-17,2905,三商,listed,14.6,14.85,14.4,14.4,-0.1,-0.6897,3632083,53169802,1591,TWSE,common_stock,true,false,false,false,false,false,false,false,true,
2025-11-17,2906,高林,listed,13.35,13.55,13.35,13.4,-0.1,-0.7407,52826,709338,108,TWSE,common_stock,true,false,false,false,false,false,false,false,true,
2025-11-17,2908,特力,listed,20.15,20.25,20.1,20.25,0.1,0.4963,203519,4110803,79,TWSE,common_stock,true,false,false,false,false,false,false,false,true,
2025-11-17,2910,統領,listed,21.3,21.3,20.95,21.05,0.0,0.0,28137,592247,14,TWSE,common_stock,true,false,false,false,false,false,false,false,true,
2025-11-17,2911,麗嬰房,listed,4.73,4.83,4.73,4.82,-0.07,-1.4315,13156,63204,71,TWSE,common_stock,true,false,false,false,false,false,false,false,true,
2025-11-17,2912,統一超,listed,235.0,238.5,235.0,237.0,1.5,0.6369,1514857,358029649,1846,TWSE,etf,false,true,false,false,false,false,false,false,false,security_type=etf
2025-11-17,2913,農林,listed,14.05,14.15,13.85,13.9,-0.15,-1.0676,1160186,16172140,644,TWSE,common_stock,true,false,false,false,false,false,false,false,true,
2025-11-17,2915,潤泰全,listed,55.7,56.1,53.9,54.2,-1.3,-2.3423,3643986,199283454,5009,TWSE,common_stock,true,false,false,false,false,false,false,false,true,
2025-11-17,2923,鼎固-KY,listed,19.8,20.6,19.8,20.1,0.3,1.5152,34058,687732,37,TWSE,common_stock,true,false,false,false,false,false,false,false,true,
2025-11-17,2929,淘帝-KY,listed,8.31,8.35,8.18,8.21,-0.1,-1.2034,193148,1589817,169,TWSE,common_stock,true,false,false,false,false,false,false,false,true,
2025-11-17,2939,永邑-KY,listed,24.3,24.3,23.4,24.25,-0.05,-0.2058,21000,503750,12,TWSE,common_stock,true,false,false,false,false,false,false,false,true,
2025-11-17,2945,三商家購,listed,38.25,38.25,38.0,38.0,0.15,0.3963,11296,430365,16,TWSE,warrant,false,false,true,false,false,false,false,false,false,security_type=warrant
2025-11-17,3002,歐格,listed,26.35,28.3,25.7,26.0,-0.5,-1.8868,5611039,150844634,3835,TWSE,common_stock,true,false,false,false,false,false,false,false,true,
2025-11-17,3003,健和興,listed,48.3,48.3,47.45,47.7,-0.3,-0.625,140928,6735870,131,TWSE,common_stock,true,false,false,false,false,false,false,false,true,
2025-11-17,3004,豐達科,listed,107.0,107.0,102.0,103.5,-3.5,-3.271,515622,53459061,675,TWSE,common_stock,true,false,false,false,false,false,false,false,true,
2025-11-17,3005,神基,listed,130.0,130.5,125.5,127.0,-4.0,-3.0534,3614266,458962464,2980,TWSE,common_stock,true,false,false,false,false,false,false,false,true,
2025-11-17,3006,晶豪科,listed,94.5,97.1,91.1,91.8,-1.6,-1.7131,17879387,1674533987,11969,TWSE,common_stock,true,false,false,false,false,false,false,false,true,
2025-11-17,3008,大立光,listed,2210.0,2210.0,2130.0,2130.0,-70.0,-3.1818,700741,1515718235,8689,TWSE,common_stock,true,false,false,false,false,false,false,false,true,
2025-11-17,3010,華立,listed,104.5,104.5,102.5,103.5,-1.0,-0.9569,1411344,145797802,1523,TWSE,common_stock,true,false,false,false,false,false,false,false,true,
2025-11-17,3011,今皓,listed,13.6,13.6,12.9,13.1,-0.5,-3.6765,743966,9765591,442,TWSE,common_stock,true,false,false,false,false,false,false,false,true,
2025-11-17,3013,晟銘電,listed,132.0,138.0,130.0,130.0,1.5,1.1673,13659924,1826270963,11583,TWSE,common_stock,true,false,false,false,false,false,false,false,true,
2025-11-17,3014,聯陽,listed,123.0,123.0,120.0,121.0,-2.0,-1.626,809548,98100199,954,TWSE,common_stock,true,false,false,false,false,false,false,false,true,
2025-11-17,3015,全漢,listed,55.0,55.0,54.0,54.0,-0.8,-1.4599,418258,22715344,372,TWSE,common_stock,true,false,false,false,false,false,false,false,true,
2025-11-17,3016,嘉晶,listed,52.2,52.8,50.8,51.0,-0.7,-1.354,1015044,52466064,997,TWSE,common_stock,true,false,false,false,false,false,false,false,true,
2025-11-17,3017,奇鋐,listed,1435.0,1460.0,1410.0,1420.0,0.0,0.0,5124431,7324452315,10260,TWSE,common_stock,true,false,false,false,false,false,false,false,true,
2025-11-17,3018,隆銘綠能,listed,12.2,12.2,12.2,12.2,0.0,0.0,9933,121742,58,TWSE,common_stock,true,false,false,false,false,false,false,false,true,
2025-11-17,3019,亞光,listed,137.0,138.0,135.0,135.5,-1.0,-0.7326,2424151,330621953,2384,TWSE,common_stock,true,false,false,false,false,false,false,false,true,
2025-11-17,3021,鴻名,listed,18.0,18.0,17.55,17.6,-0.2,-1.1236,59176,1044025,49,TWSE,common_stock,true,false,false,false,false,false,false,false,true,
2025-11-17,3022,威強電,listed,67.6,68.0,66.3,66.4,-1.2,-1.7751,521208,34771968,664,TWSE,common_stock,true,false,false,false,false,false,false,false,true,
2025-11-17,3023,信邦,listed,215.0,217.5,213.0,213.0,0.0,0.0,1063022,228694736,1102,TWSE,common_stock,true,false,false,false,false,false,false,false,true,
2025-11-17,3024,憶聲,listed,11.1,11.1,10.8,10.9,-0.2,-1.8018,991281,10836486,1188,TWSE,common_stock,true,false,false,false,false,false,false,false,true,
2025-11-17,3025,星通,listed,45.7,45.75,44.2,44.2,-0.9,-1.9956,197694,8860818,229,TWSE,common_stock,true,false,false,false,false,false,false,false,true,
2025-11-17,3026,禾伸堂,listed,106.0,106.0,101.5,102.0,-3.5,-3.3175,2067338,213193355,1977,TWSE,common_stock,true,false,false,false,false,false,false,false,true,
2025-11-17,3027,盛達,listed,24.1,24.1,23.4,23.85,0.0,0.0,210026,4986356,193,TWSE,common_stock,true,false,false,false,false,false,false,false,true,
2025-11-17,3028,增你強,listed,40.0,40.5,36.25,36.4,-2.7,-6.9054,9223848,349289829,9272,TWSE,common_stock,true,false,false,false,false,false,false,false,true,
2025-11-17,3029,零壹,listed,114.5,114.5,110.5,110.5,-4.5,-3.913,1675090,186795150,2287,TWSE,common_stock,true,false,false,false,false,false,false,false,true,
2025-11-17,3030,德律,listed,152.0,155.0,151.0,152.5,2.0,1.3289,1590361,243705955,1409,TWSE,common_stock,true,false,false,false,false,false,false,false,true,
2025-11-17,3031,佰鴻,listed,19.9,19.9,19.1,19.1,-0.5,-2.551,674979,13032075,582,TWSE,common_stock,true,false,false,false,false,false,false,false,true,
2025-11-17,3032,偉訓,listed,91.5,94.7,90.6,93.5,2.8,3.0871,1370514,127924559,1513,TWSE,common_stock,true,false,false,false,false,false,false,false,true,
2025-11-17,3033,威健,listed,30.7,30.85,30.05,30.15,-0.3,-0.9852,3337968,101374133,2000,TWSE,common_stock,true,false,false,false,false,false,false,false,true,
2025-11-17,3034,聯詠,listed,393.5,395.0,389.0,393.5,3.5,0.8974,2120532,832081120,2877,TWSE,common_stock,true,false,false,false,false,false,false,false,true,
2025-11-17,3035,智原,listed,170.0,172.0,167.5,170.0,0.0,0.0,2971267,504413465,2998,TWSE,common_stock,true,false,false,false,false,false,false,false,true,
2025-11-17,3036,文曄,listed,148.0,149.5,142.5,143.0,-4.0,-2.7211,10309085,1494193000,5277,TWSE,common_stock,true,false,false,false,false,false,false,false,true,
2025-11-17,3036A,文曄甲特,listed,51.2,51.3,51.2,51.2,-0.1,-0.1949,65574,3358946,31,TWSE,warrant,false,false,true,false,false,false,false,false,false,security_type=warrant;symbol_not_4_digit
2025-11-17,3037,欣興,listed,174.0,177.0,167.5,167.5,-4.0,-2.3324,19686741,3373685243,14868,TWSE,common_stock,true,false,false,false,false,false,false,false,true,
2025-11-17,3038,全台,listed,21.05,21.05,20.35,20.5,-0.55,-2.6128,323003,6640845,337,TWSE,common_stock,true,false,false,false,false,false,false,false,true,
2025-11-17,3040,遠見,listed,55.9,56.3,55.1,55.8,-0.5,-0.8881,175175,9780911,182,TWSE,common_stock,true,false,false,false,false,false,false,false,true,
2025-11-17,3041,揚智,listed,27.05,27.05,26.25,26.3,-0.65,-2.4119,764152,20207461,1617,TWSE,common_stock,true,false,false,false,false,false,false,false,true,
2025-11-17,3042,晶技,listed,84.2,84.6,83.1,83.8,-0.1,-0.1192,1427810,119616877,1346,TWSE,common_stock,true,false,false,false,false,false,false,false,true,
2025-11-17,3043,科風,listed,22.3,22.3,21.7,21.8,-0.5,-2.2422,162324,3558647,226,TWSE,common_stock,true,false,false,false,false,false,false,false,true,
2025-11-17,3044,健鼎,listed,311.5,316.5,304.0,304.5,-7.0,-2.2472,3175690,980787035,4275,TWSE,common_stock,true,false,false,false,false,false,false,false,true,
2025-11-17,3045,台灣大,listed,109.0,109.5,107.5,108.0,-0.5,-0.4608,6124601,663413062,2828,TWSE,common_stock,true,false,false,false,false,false,false,false,true,
2025-11-17,3046,建碁,listed,49.3,49.4,48.25,48.5,-0.3,-0.6148,249549,12206459,530,TWSE,common_stock,true,false,false,false,false,false,false,false,true,
2025-11-17,3047,訊舟,listed,17.4,17.8,16.95,17.05,-1.45,-7.8378,6714199,114998361,3276,TWSE,common_stock,true,false,false,false,false,false,false,false,true,
2025-11-17,3048,益登,listed,40.5,41.7,38.1,38.1,-1.0,-2.5575,14518794,582874726,10621,TWSE,common_stock,true,false,false,false,false,false,false,false,true,
2025-11-17,3049,精金,listed,7.3,7.4,7.04,7.09,-0.08,-1.1158,2004290,14427637,1006,TWSE,common_stock,true,false,false,false,false,false,false,false,true,
2025-11-17,3050,鈺德,listed,11.95,11.95,11.65,11.65,-0.3,-2.5105,591805,6981584,292,TWSE,common_stock,true,false,false,false,false,false,false,false,true,
2025-11-17,3051,力特,listed,19.35,19.8,19.25,19.55,0.05,0.2564,367837,7191667,228,TWSE,common_stock,true,false,false,false,false,false,false,false,true,
2025-11-17,3052,夆典,listed,11.45,11.45,11.25,11.35,0.0,0.0,1124318,12711798,254,TWSE,common_stock,true,false,false,false,false,false,false,false,true,
2025-11-17,3054,立萬利,listed,22.9,23.2,22.6,22.8,0.1,0.4405,14061,320340,19,TWSE,common_stock,true,false,false,false,false,false,false,false,true,
2025-11-17,3055,蔚華科,listed,58.7,59.6,58.0,58.1,-0.7,-1.1905,253351,14859959,425,TWSE,common_stock,true,false,false,false,false,false,false,false,true,
2025-11-17,3056,富華新,listed,19.15,19.15,18.8,18.9,-0.25,-1.3055,2176245,41201057,1808,TWSE,common_stock,true,false,false,false,false,false,false,false,true,
2025-11-17,3057,喬鼎,listed,16.05,16.05,15.0,15.0,-1.15,-7.1207,588294,9041611,1163,TWSE,common_stock,true,false,false,false,false,false,false,false,true,
2025-11-17,3058,立德,listed,10.75,10.9,10.0,10.1,-0.8,-7.3394,1060967,11044248,747,TWSE,common_stock,true,false,false,false,false,false,false,false,true,
2025-11-17,3059,華晶科,listed,42.85,42.9,41.85,41.9,-0.4,-0.9456,1985554,83765820,1656,TWSE,common_stock,true,false,false,false,false,false,false,false,true,
2025-11-17,3060,銘異,listed,30.0,32.2,29.65,30.0,0.7,2.3891,29671647,922229603,14115,TWSE,common_stock,true,false,false,false,false,false,false,false,true,
2025-11-17,3062,建漢,listed,25.35,25.55,24.25,24.3,-1.05,-4.142,5622772,138939914,2994,TWSE,common_stock,true,false,false,false,false,false,false,false,true,
2025-11-17,3090,日電貿,listed,90.1,90.1,82.8,83.0,-7.4,-8.1858,14052514,1203693797,14275,TWSE,common_stock,true,false,false,false,false,false,false,false,true,
2025-11-17,3092,鴻碩,listed,17.55,18.55,16.85,16.85,-0.5,-2.8818,3197542,57105207,2069,TWSE,common_stock,true,false,false,false,false,false,false,false,true,
2025-11-17,3094,聯傑,listed,24.75,25.0,24.3,24.75,0.05,0.2024,158251,3902578,160,TWSE,common_stock,true,false,false,false,false,false,false,false,true,
2025-11-17,3130,一零四,listed,226.0,226.0,223.5,224.5,-3.5,-1.5351,65646,14740831,4665,TWSE,common_stock,true,false,false,false,false,false,false,false,true,
2025-11-17,3135,凌航,listed,50.4,51.8,49.05,50.0,0.8,1.626,981675,49348133,1253,TWSE,common_stock,true,false,false,false,false,false,false,false,true,
2025-11-17,3138,耀登,listed,87.2,87.2,85.3,86.9,0.2,0.2307,93837,8088000,145,TWSE,common_stock,true,false,false,false,false,false,false,false,true,
2025-11-17,3149,正達,listed,36.7,36.95,34.6,34.7,-1.75,-4.8011,2726249,96387616,2163,TWSE,common_stock,true,false,false,false,false,false,false,false,true,
2025-11-17,3150,鈺寶-創,listed,19.0,19.0,18.35,18.35,-0.65,-3.4211,77001,1434668,41,TWSE,common_stock,true,false,false,false,false,false,false,false,true,
2025-11-17,3164,景岳,listed,19.0,19.0,18.45,18.7,0.2,1.0811,15734,293136,27,TWSE,common_stock,true,false,false,false,false,false,false,false,true,
2025-11-17,3167,大量,listed,216.0,225.5,214.0,225.5,20.5,10.0,25063369,5601611492,15470,TWSE,common_stock,true,false,false,false,false,false,false,false,true,
2025-11-17,3168,眾福科,listed,44.0,45.2,43.6,44.05,0.05,0.1136,17050,755150,17,TWSE,common_stock,true,false,false,false,false,false,false,false,true,
2025-11-17,3189,景碩,listed,141.0,149.0,141.0,141.5,4.5,3.2847,28410807,4102634242,19114,TWSE,common_stock,true,false,false,false,false,false,false,false,true,
2025-11-17,3209,全科,listed,34.0,34.0,33.2,33.25,-0.3,-0.8942,910359,30487463,701,TWSE,common_stock,true,false,false,false,false,false,false,false,true,
2025-11-17,3229,晟鈦,listed,15.75,15.75,15.15,15.15,0.05,0.3311,44044,670828,32,TWSE,common_stock,true,false,false,false,false,false,false,false,true,
2025-11-17,3231,緯創,listed,142.5,143.0,137.0,138.0,-2.5,-1.7794,51212235,7135922447,31860,TWSE,common_stock,true,false,false,false,false,false,false,false,true,
2025-11-17,3257,虹冠電,listed,65.0,65.1,62.7,62.7,-1.5,-2.3364,725735,45985907,882,TWSE,common_stock,true,false,false,false,false,false,false,false,true,
2025-11-17,3266,昇陽,listed,13.5,13.5,13.45,13.5,0.0,0.0,23356,315141,26,TWSE,common_stock,true,false,false,false,false,false,false,false,true,
2025-11-17,3296,勝德,listed,21.05,21.15,20.1,20.15,-1.0,-4.7281,131898,2704399,246,TWSE,common_stock,true,false,false,false,false,false,false,false,true,
2025-11-17,3305,昇貿,listed,105.0,106.0,101.0,101.0,-3.0,-2.8846,4163453,430947445,3552,TWSE,common_stock,true,false,false,false,false,false,false,false,true,
2025-11-17,3308,聯德,listed,15.05,15.25,15.05,15.1,-0.2,-1.3072,85360,1295282,91,TWSE,common_stock,true,false,false,false,false,false,false,false,true,
2025-11-17,3311,閎暉,listed,32.85,32.85,32.5,32.5,-0.8,-2.4024,382193,12471125,372,TWSE,common_stock,true,false,false,false,false,false,false,false,true,
2025-11-17,3312,弘憶股,listed,40.2,40.2,39.15,39.3,-0.8,-1.995,750859,29668400,1683,TWSE,common_stock,true,false,false,false,false,false,false,false,true,
2025-11-17,3321,同泰,listed,18.5,19.25,18.1,18.4,-0.1,-0.5405,194983,3628459,307,TWSE,common_stock,true,false,false,false,false,false,false,false,true,
2025-11-17,3338,泰碩,listed,49.65,49.7,48.8,48.8,-0.85,-1.712,289007,14217477,364,TWSE,common_stock,true,false,false,false,false,false,false,false,true,
2025-11-17,3346,麗清,listed,19.75,19.8,19.45,19.45,-0.3,-1.519,289550,5666042,190,TWSE,common_stock,true,false,false,false,false,false,false,false,true,
2025-11-17,3356,奇偶,listed,49.75,50.5,47.75,47.8,-1.3,-2.6477,923458,44999340,2306,TWSE,common_stock,true,false,false,false,false,false,false,false,true,
2025-11-17,3376,新日興,listed,190.0,190.5,183.5,185.0,-5.0,-2.6316,2683483,496883980,4383,TWSE,common_stock,true,false,false,false,false,false,false,false,true,
2025-11-17,3380,明泰,listed,29.95,30.15,29.2,29.45,-0.75,-2.4834,1359385,40298926,993,TWSE,common_stock,true,false,false,false,false,false,false,false,true,
2025-11-17,3406,玉晶光,listed,440.0,454.5,438.0,448.0,10.0,2.2831,1843731,827954373,2547,TWSE,common_stock,true,false,false,false,false,false,false,false,true,
2025-11-17,3413,京鼎,listed,307.0,308.0,302.0,303.0,-1.0,-0.3289,950462,289372206,1767,TWSE,common_stock,true,false,false,false,false,false,false,false,true,
2025-11-17,3416,融程電,listed,148.0,148.0,144.0,146.0,-1.0,-0.6803,304214,44363099,460,TWSE,common_stock,true,false,false,false,false,false,false,false,true,
2025-11-17,3419,譁裕,listed,13.15,13.15,12.85,12.85,-0.35,-2.6515,167141,2162123,132,TWSE,common_stock,true,false,false,false,false,false,false,false,true,
2025-11-17,3432,台端,listed,14.3,14.45,14.0,14.2,-0.25,-1.7301,19350,272878,23,TWSE,common_stock,true,false,false,false,false,false,false,false,true,
2025-11-17,3437,榮創,listed,14.4,14.4,14.0,14.0,-0.3,-2.0979,447352,6305908,324,TWSE,common_stock,true,false,false,false,false,false,false,false,true,
2025-11-17,3443,創意,listed,1905.0,1975.0,1815.0,1940.0,60.0,3.1915,6002769,11468469015,20570,TWSE,common_stock,true,false,false,false,false,false,false,false,true,
2025-11-17,3447,展達,listed,55.0,55.3,53.5,53.5,-1.4,-2.5501,299362,16245361,498,TWSE,common_stock,true,false,false,false,false,false,false,false,true,
2025-11-17,3450,聯鈞,listed,251.5,253.5,246.0,248.5,-0.5,-0.2008,8746910,2184836661,9000,TWSE,common_stock,true,false,false,false,false,false,false,false,true,
2025-11-17,3454,晶睿,listed,78.8,82.0,77.5,78.0,-1.0,-1.2658,241479,19049060,302,TWSE,common_stock,true,false,false,false,false,false,false,false,true,
2025-11-17,3481,群創,listed,13.0,13.1,12.85,12.95,0.0,0.0,34139826,441648708,6640,TWSE,common_stock,true,false,false,false,false,false,false,false,true,
2025-11-17,3494,誠研,listed,9.4,9.72,9.22,9.5,0.03,0.3168,55642,523862,67,TWSE,common_stock,true,false,false,false,false,false,false,false,true,
2025-11-17,3501,維熹,listed,48.2,48.5,47.8,47.95,-0.25,-0.5187,273857,13143514,329,TWSE,common_stock,true,false,false,false,false,false,false,false,true,
2025-11-17,3504,揚明光,listed,51.2,51.2,49.85,49.85,-1.15,-2.2549,206383,10374329,263,TWSE,common_stock,true,false,false,false,false,false,false,false,true,
2025-11-17,3515,華擎,listed,278.0,279.0,266.5,266.5,-9.0,-3.2668,793883,215160943,1709,TWSE,common_stock,true,false,false,false,false,false,false,false,true,
2025-11-17,3518,柏騰,listed,21.15,21.15,19.7,19.75,-0.9,-4.3584,271791,5426439,232,TWSE,common_stock,true,false,false,false,false,false,false,false,true,
2025-11-17,3528,安馳,listed,68.4,68.9,66.0,66.0,-2.2,-3.2258,451797,30398973,494,TWSE,common_stock,true,false,false,false,false,false,false,false,true,
2025-11-17,3530,晶相光,listed,60.7,60.7,59.1,59.5,-0.5,-0.8333,65635,3919041,89,TWSE,common_stock,true,false,false,false,false,false,false,false,true,
2025-11-17,3532,台勝科,listed,90.5,91.8,90.0,90.9,0.4,0.442,940017,85483138,870,TWSE,common_stock,true,false,false,false,false,false,false,false,true,
2025-11-17,3533,嘉澤,listed,1240.0,1255.0,1205.0,1210.0,-10.0,-0.8197,1053391,1287206575,1797,TWSE,common_stock,true,false,false,false,false,false,false,false,true,
2025-11-17,3535,晶彩科,listed,72.6,73.3,69.7,70.0,-2.1,-2.9126,1607534,114054793,1928,TWSE,common_stock,true,false,false,false,false,false,false,false,true,
2025-11-17,3543,州巧,listed,47.05,47.4,45.15,45.6,-0.9,-1.9355,12280778,567757165,8482,TWSE,common_stock,true,false,false,false,false,false,false,false,true,
2025-11-17,3545,敦泰,listed,53.6,53.9,52.5,52.6,-0.7,-1.3133,1167755,61984501,966,TWSE,common_stock,true,false,false,false,false,false,false,false,true,
2025-11-17,3550,聯穎,listed,13.35,13.45,12.95,13.0,-0.35,-2.6217,170038,2222268,228,TWSE,common_stock,true,false,false,false,false,false,false,false,true,
2025-11-17,3557,嘉威,listed,37.0,37.0,35.5,36.0,-1.0,-2.7027,186508,6736408,225,TWSE,common_stock,true,false,false,false,false,false,false,false,true,
2025-11-17,3563,牧德,listed,463.0,463.0,447.0,450.0,-2.5,-0.5525,852145,385039904,1435,TWSE,common_stock,true,false,false,false,false,false,false,false,true,
2025-11-17,3576,聯合再生,listed,6.47,6.53,6.37,6.53,0.04,0.6163,2905265,18707660,1163,TWSE,common_stock,true,false,false,false,false,false,false,false,true,
2025-11-17,3583,辛耘,listed,316.5,318.5,311.5,311.5,-4.0,-1.2678,312326,98283405,1636,TWSE,common_stock,true,false,false,false,false,false,false,false,true,
2025-11-17,3588,通嘉,listed,49.5,51.0,48.4,48.4,-0.4,-0.8197,132918,6500151,246,TWSE,common_stock,true,false,false,false,false,false,false,false,true,
2025-11-17,3591,艾笛森,listed,18.35,18.45,17.95,18.3,-0.05,-0.2725,333691,6077567,213,TWSE,common_stock,true,false,false,false,false,false,false,false,true,
2025-11-17,3592,瑞鼎,listed,223.0,224.5,216.0,217.0,-5.0,-2.2523,533504,116317309,967,TWSE,common_stock,true,false,false,false,false,false,false,false,true,
2025-11-17,3593,力銘,listed,7.2,7.41,7.2,7.2,-0.1,-1.3699,16004,115798,356,TWSE,common_stock,true,false,false,false,false,false,false,false,true,
2025-11-17,3596,智易,listed,191.0,191.5,184.0,184.0,-4.0,-2.1277,1163401,216298293,1449,TWSE,common_stock,true,false,false,false,false,false,false,false,true,
2025-11-17,3605,宏致,listed,65.6,66.1,64.0,64.1,-1.5,-2.2866,2377004,153974195,1559,TWSE,common_stock,true,false,false,false,false,false,false,false,true,
2025-11-17,3607,谷崧,listed,13.9,14.7,13.85,14.1,0.5,3.6765,3571641,50843636,1994,TWSE,common_stock,true,false,false,false,false,false,false,false,true,
2025-11-17,3617,碩天,listed,210.5,213.0,207.0,209.0,0.0,0.0,185065,38717163,317,TWSE,common_stock,true,false,false,false,false,false,false,false,true,
2025-11-17,3622,洋華,listed,70.5,73.3,70.4,73.0,3.7,5.3391,3155256,227439313,3314,TWSE,common_stock,true,false,false,false,false,false,false,false,true,
2025-11-17,3645,達邁,listed,56.9,56.9,54.6,54.6,-1.5,-2.6738,1528850,84583025,1260,TWSE,common_stock,true,false,false,false,false,false,false,false,true,
2025-11-17,3652,精聯,listed,29.5,29.9,28.85,29.55,0.05,0.1695,40060,1176025,37,TWSE,common_stock,true,false,false,false,false,false,false,false,true,
2025-11-17,3653,健策,listed,2565.0,2670.0,2500.0,2555.0,-25.0,-0.969,3065737,7890763395,8151,TWSE,common_stock,true,false,false,false,false,false,false,false,true,
2025-11-17,3661,世芯-KY,listed,3555.0,3640.0,3450.0,3610.0,100.0,2.849,1509776,5388063405,6439,TWSE,common_stock,true,false,false,false,false,false,false,false,true,
2025-11-17,3665,貿聯-KY,listed,1560.0,1665.0,1555.0,1625.0,105.0,6.9079,3635466,5890460639,6565,TWSE,common_stock,true,false,false,false,false,false,false,false,true,
2025-11-17,3669,圓展,listed,29.05,29.05,28.1,28.15,-0.9,-3.0981,78649,2241479,96,TWSE,common_stock,true,false,false,false,false,false,false,false,true,
2025-11-17,3673,TPK-KY,listed,41.0,42.3,40.7,41.45,0.65,1.5931,3364161,139836402,2239,TWSE,common_stock,true,false,false,false,false,false,false,false,true,
2025-11-17,3679,新至陞,listed,114.0,114.5,114.0,114.5,0.0,0.0,25487,2907355,194,TWSE,common_stock,true,false,false,false,false,false,false,false,true,
2025-11-17,3686,達能,listed,18.45,18.6,18.25,18.3,-0.15,-0.813,364315,6700023,235,TWSE,common_stock,true,false,false,false,false,false,false,false,true,
2025-11-17,3694,海華,listed,66.9,67.2,65.5,65.5,-0.5,-0.7576,908756,60123163,1057,TWSE,common_stock,true,false,false,false,false,false,false,false,true,
2025-11-17,3701,大眾控,listed,32.4,32.45,31.9,32.2,-0.2,-0.6173,252471,8144627,234,TWSE,common_stock,true,false,false,false,false,false,false,false,true,
2025-11-17,3702,大聯大,listed,66.3,66.9,62.7,63.1,-3.1,-4.6828,16980463,1081548393,11204,TWSE,common_stock,true,false,false,false,false,false,false,false,true,
2025-11-17,3703,欣陸,listed,21.9,22.0,21.65,21.75,-0.15,-0.6849,468012,10197622,294,TWSE,common_stock,true,false,false,false,false,false,false,false,true,
2025-11-17,3704,合勤控,listed,35.6,36.05,35.25,35.4,0.2,0.5682,2472876,88122329,2119,TWSE,common_stock,true,false,false,false,false,false,false,false,true,
2025-11-17,3705,永信,listed,55.4,55.6,54.7,55.3,-0.1,-0.1805,294408,16249712,197,TWSE,common_stock,true,false,false,false,false,false,false,false,true,
2025-11-17,3706,神達,listed,93.9,94.3,92.5,92.7,-0.2,-0.2153,13943408,1298825233,12349,TWSE,common_stock,true,false,false,false,false,false,false,false,true,
2025-11-17,3708,上緯投控,listed,118.5,121.0,115.5,116.0,-4.0,-3.3333,1998479,234536441,4254,TWSE,common_stock,true,false,false,false,false,false,false,false,true,
2025-11-17,3711,日月光投控,listed,224.0,225.5,219.5,220.0,-2.5,-1.1236,24986658,5544102630,14488,TWSE,common_stock,true,false,false,false,false,false,false,false,true,
2025-11-17,3712,永崴投控,listed,27.15,27.15,27.15,27.15,-3.0,-9.9502,1253701,34037781,922,TWSE,common_stock,true,false,false,false,false,false,false,false,true,
2025-11-17,3714,富采,listed,33.4,33.8,32.95,33.0,-0.35,-1.0495,1126780,37340866,977,TWSE,common_stock,true,false,false,false,false,false,false,false,true,
2025-11-17,3715,定穎投控,listed,124.5,126.5,118.5,120.5,0.0,0.0,65390261,8019352548,41864,TWSE,common_stock,true,false,false,false,false,false,false,false,true,
2025-11-17,3716,中化控股,listed,33.8,33.95,33.75,33.85,-0.05,-0.1475,65725,2225354,141,TWSE,common_stock,true,false,false,false,false,false,false,false,true,
2025-11-17,3717,聯嘉投控,listed,18.15,18.2,17.6,17.7,-0.45,-2.4793,573602,10207762,354,TWSE,common_stock,true,false,false,false,false,false,false,false,true,
2025-11-17,4104,佳醫,listed,83.7,83.7,82.9,83.1,-0.6,-0.7168,330399,27455682,878,TWSE,common_stock,true,false,false,false,false,false,false,false,true,
2025-11-17,4106,雃博,listed,21.6,21.9,21.55,21.7,0.1,0.463,122684,2665263,155,TWSE,common_stock,true,false,false,false,false,false,false,false,true,
2025-11-17,4108,懷特,listed,14.3,14.65,14.25,14.45,0.15,1.049,101218,1457461,129,TWSE,common_stock,true,false,false,false,false,false,false,false,true,
2025-11-17,4119,旭富,listed,50.1,50.1,48.6,49.15,-0.6,-1.206,372529,18289279,447,TWSE,common_stock,true,false,false,false,false,false,false,false,true,
2025-11-17,4133,亞諾法,listed,23.6,24.3,23.4,23.45,-0.15,-0.6356,59854,1415029,196,TWSE,common_stock,true,false,false,false,false,false,false,false,true,
2025-11-17,4137,麗豐-KY,listed,100.5,101.0,99.4,99.6,-0.3,-0.3003,132869,13261983,147,TWSE,common_stock,true,false,false,false,false,false,false,false,true,
2025-11-17,4142,國光生,listed,22.1,22.5,20.4,20.55,-1.0,-4.6404,16769292,359074635,8257,TWSE,common_stock,true,false,false,false,false,false,false,false,true,
2025-11-17,4148,全宇生技-KY,listed,42.6,42.6,40.8,41.0,-1.3,-3.0733,36076,1491384,36,TWSE,common_stock,true,false,false,false,false,false,false,false,true,
2025-11-17,4155,訊映,listed,15.4,15.4,15.05,15.1,-0.2,-1.3072,83581,1264213,127,TWSE,common_stock,true,false,false,false,false,false,false,false,true,
2025-11-17,4164,承業醫,listed,42.1,42.4,40.85,40.95,-1.1,-2.6159,755276,31156890,762,TWSE,common_stock,true,false,false,false,false,false,false,false,true,
2025-11-17,4190,佐登-KY,listed,31.5,31.5,31.1,31.1,-0.45,-1.4263,23633,738899,177,TWSE,common_stock,true,false,false,false,false,false,false,false,true,
2025-11-17,4306,炎洲,listed,13.35,13.4,13.25,13.35,0.15,1.1364,959916,12778469,435,TWSE,common_stock,true,false,false,false,false,false,false,false,true,
2025-11-17,4414,如興,listed,11.2,11.35,10.9,10.9,-0.25,-2.2422,504836,5592335,363,TWSE,common_stock,true,false,false,false,false,false,false,false,true,
2025-11-17,4426,利勤,listed,10.0,10.05,9.92,10.05,0.0,0.0,62091,620827,64,TWSE,common_stock,true,false,false,false,false,false,false,false,true,
2025-11-17,4438,廣越,listed,83.5,83.5,81.8,83.1,-0.2,-0.2401,189772,15707421,201,TWSE,common_stock,true,false,false,false,false,false,false,false,true,
2025-11-17,4439,冠星-KY,listed,99.8,99.8,96.6,97.1,6.3,6.9383,143874,14271933,169,TWSE,common_stock,true,false,false,false,false,false,false,false,true,
2025-11-17,4440,宜新實業,listed,18.05,18.05,17.55,17.9,-0.35,-1.9178,138605,2473397,99,TWSE,common_stock,true,false,false,false,false,false,false,false,true,
2025-11-17,4441,振大環球,listed,279.0,282.5,273.0,273.0,-7.0,-2.5,88640,24437324,769,TWSE,common_stock,true,false,false,false,false,false,false,false,true,
2025-11-17,4526,東台,listed,31.7,31.8,31.1,31.5,-0.35,-1.0989,1438761,45217620,939,TWSE,common_stock,true,false,false,false,false,false,false,false,true,
2025-11-17,4532,瑞智,listed,23.5,23.5,22.95,23.15,-0.3,-1.2793,1628036,37585333,805,TWSE,common_stock,true,false,false,false,false,false,false,false,true,
2025-11-17,4536,拓凱,listed,169.0,169.5,167.0,168.0,-1.0,-0.5917,180641,30368205,296,TWSE,common_stock,true,false,false,false,false,false,false,false,true,
2025-11-17,4540,全球傳動,listed,35.8,35.85,35.0,35.0,-0.6,-1.6854,755908,26689692,899,TWSE,common_stock,true,false,false,false,false,false,false,false,true,
2025-11-17,4545,銘鈺,listed,33.5,35.5,32.45,32.45,-0.95,-2.8443,478076,16182678,373,TWSE,common_stock,true,false,false,false,false,false,false,false,true,
2025-11-17,4551,智伸科,listed,116.5,117.5,115.0,116.0,0.5,0.4329,465968,54032250,515,TWSE,common_stock,true,false,false,false,false,false,false,false,true,
2025-11-17,4552,力達-KY,listed,23.3,23.3,22.85,23.0,-0.15,-0.6479,180939,4163585,181,TWSE,common_stock,true,false,false,false,false,false,false,false,true,
2025-11-17,4555,氣立,listed,43.6,43.6,42.05,42.05,-1.3,-2.9988,262231,11123632,261,TWSE,common_stock,true,false,false,false,false,false,false,false,true,
2025-11-17,4557,永新-KY,listed,68.5,69.5,68.5,69.2,0.8,1.1696,223151,15397124,223,TWSE,common_stock,true,false,false,false,false,false,false,false,true,
2025-11-17,4560,強信-KY,listed,31.85,32.0,31.6,31.75,-0.1,-0.314,120938,3840284,69,TWSE,common_stock,true,false,false,false,false,false,false,false,true,
2025-11-17,4562,穎漢,listed,37.45,37.85,37.15,37.4,-0.05,-0.1335,195172,7314847,186,TWSE,common_stock,true,false,false,false,false,false,false,false,true,
2025-11-17,4564,元翎,listed,16.3,16.7,16.0,16.0,-0.3,-1.8405,545866,8828338,487,TWSE,common_stock,true,false,false,false,false,false,false,false,true,
2025-11-17,4566,時碩工業,listed,53.2,54.0,52.2,53.3,0.4,0.7561,358210,19125734,283,TWSE,common_stock,true,false,false,false,false,false,false,false,true,
2025-11-17,4569,六方科-KY,listed,150.0,151.5,144.0,151.5,1.5,1.0,95778,14083395,240,TWSE,common_stock,true,false,false,false,false,false,false,false,true,
2025-11-17,4571,鈞興-KY,listed,164.5,169.0,163.5,167.0,5.5,3.4056,341851,57060912,434,TWSE,common_stock,true,false,false,false,false,false,false,false,true,
2025-11-17,4572,駐龍,listed,145.0,145.0,142.5,144.5,-0.5,-0.3448,57405,8238740,65,TWSE,common_stock,true,false,false,false,false,false,false,false,true,
2025-11-17,4576,大銀微系統,listed,104.0,104.0,102.0,103.0,-1.0,-0.9615,405810,41748009,495,TWSE,common_stock,true,false,false,false,false,false,false,false,true,
2025-11-17,4581,光隆精密-KY,listed,53.5,53.6,53.1,53.1,-0.4,-0.7477,7025,374941,9,TWSE,common_stock,true,false,false,false,false,false,false,false,true,
2025-11-17,4583,台灣精銳,listed,683.0,683.0,658.0,660.0,-13.0,-1.9316,174859,116341873,458,TWSE,common_stock,true,false,false,false,false,false,false,false,true,
2025-11-17,4585,達明,listed,330.5,331.0,310.0,315.0,-14.0,-4.2553,761320,241189899,2574,TWSE,common_stock,true,false,false,false,false,false,false,false,true,
2025-11-17,4588,玖鼎電力,listed,60.0,60.1,59.5,59.9,-0.3,-0.4983,70230,4196477,64,TWSE,common_stock,true,false,false,false,false,false,false,false,true,
2025-11-17,4720,德淵,listed,14.05,14.05,13.4,13.6,-0.4,-2.8571,837941,11392026,344,TWSE,common_stock,true,false,false,false,false,false,false,false,true,
2025-11-17,4722,國精化,listed,164.0,168.5,158.5,159.5,-2.0,-1.2384,2701730,440521520,2246,TWSE,common_stock,true,false,false,false,false,false,false,false,true,
2025-11-17,4736,泰博,listed,126.0,127.5,123.5,123.5,-0.5,-0.4032,236416,29549477,260,TWSE,common_stock,true,false,false,false,false,false,false,false,true,
2025-11-17,4737,華廣,listed,62.3,63.0,62.0,62.0,-0.3,-0.4815,42065,2627705,99,TWSE,common_stock,true,false,false,false,false,false,false,false,true,
2025-11-17,4739,康普,listed,72.0,72.0,69.7,71.0,-0.9,-1.2517,1168470,82950382,1746,TWSE,common_stock,true,false,false,false,false,false,false,false,true,
2025-11-17,4746,台耀,listed,65.9,66.1,64.6,65.4,0.5,0.7704,766920,50225130,775,TWSE,common_stock,true,false,false,false,false,false,false,false,true,
2025-11-17,4755,三福化,listed,108.0,108.0,103.0,103.0,-4.5,-4.186,201065,20978044,401,TWSE,common_stock,true,false,false,false,false,false,false,false,true,
2025-11-17,4763,材料*-KY,listed,62.5,62.5,58.1,58.1,-3.6,-5.8347,26475795,1581920951,16103,TWSE,common_stock,true,false,false,false,false,false,false,false,true,
2025-11-17,4764,雙鍵,listed,71.8,73.0,63.7,63.7,-7.0,-9.901,1419052,93166208,1338,TWSE,common_stock,true,false,false,false,false,false,false,false,true,
2025-11-17,4766,南寶,listed,337.5,340.0,331.5,331.5,-5.0,-1.4859,292196,97701767,600,TWSE,common_stock,true,false,false,false,false,false,false,false,true,
2025-11-17,4770,上品,listed,222.0,222.5,217.0,219.0,-3.0,-1.3514,262448,57600208,556,TWSE,common_stock,true,false,false,false,false,false,false,false,true,
2025-11-17,4771,望隼,listed,179.0,179.0,175.5,176.5,-2.5,-1.3966,128205,22630948,481,TWSE,common_stock,true,false,false,false,false,false,false,false,true,
2025-11-17,4807,日成-KY,listed,18.0,18.1,17.8,17.8,-0.4,-2.1978,39120,700862,111,TWSE,common_stock,true,false,false,false,false,false,false,false,true,
2025-11-17,4904,遠傳,listed,92.2,92.3,91.0,91.5,0.0,0.0,5504075,503266206,3199,TWSE,common_stock,true,false,false,false,false,false,false,false,true,
2025-11-17,4906,正文,listed,27.6,27.65,26.6,26.7,-0.75,-2.7322,3423697,92398470,2726,TWSE,common_stock,true,false,false,false,false,false,false,false,true,
2025-11-17,4912,聯德控股-KY,listed,82.3,82.9,81.8,81.9,-0.8,-0.9674,132968,10934796,179,TWSE,common_stock,true,false,false,false,false,false,false,false,true,
2025-11-17,4915,致伸,listed,86.7,86.7,84.1,84.8,-0.9,-1.0502,2100478,178082912,5835,TWSE,common_stock,true,false,false,false,false,false,false,false,true,
2025-11-17,4916,事欣科,listed,48.0,48.45,46.6,46.8,-0.7,-1.4737,2236904,106171466,2059,TWSE,common_stock,true,false,false,false,false,false,false,false,true,
2025-11-17,4919,新唐,listed,53.7,53.7,52.5,52.8,-0.9,-1.676,761157,40330291,914,TWSE,common_stock,true,false,false,false,false,false,false,false,true,
2025-11-17,4927,泰鼎-KY,listed,22.45,22.95,22.25,22.25,0.0,0.0,2228843,50133562,1407,TWSE,common_stock,true,false,false,false,false,false,false,false,true,
2025-11-17,4930,燦星網,listed,22.2,22.2,21.9,21.9,-0.3,-1.3514,54164,1190639,245,TWSE,common_stock,true,false,false,false,false,false,false,false,true,
2025-11-17,4934,太極,listed,13.15,13.25,12.9,12.95,-0.15,-1.145,513152,6683729,333,TWSE,common_stock,true,false,false,false,false,false,false,false,true,
2025-11-17,4935,茂林-KY,listed,41.8,42.55,41.5,41.95,0.1,0.2389,67115,2829979,54,TWSE,common_stock,true,false,false,false,false,false,false,false,true,
2025-11-17,4938,和碩,listed,73.5,73.6,72.0,72.3,-1.2,-1.6327,9661306,701046441,4236,TWSE,common_stock,true,false,false,false,false,false,false,false,true,
2025-11-17,4942,嘉彰,listed,39.1,39.8,38.4,39.35,0.05,0.1272,401457,15777928,378,TWSE,common_stock,true,false,false,false,false,false,false,false,true,
2025-11-17,4943,康控-KY,listed,17.0,17.15,17.0,17.15,1.55,9.9359,298512,5116157,176,TWSE,common_stock,true,false,false,false,false,false,false,false,true,
2025-11-17,4949,有成精密,listed,38.8,40.05,38.1,38.8,1.05,2.7815,839158,32875370,961,TWSE,common_stock,true,false,false,false,false,false,false,false,true,
2025-11-17,4952,凌通,listed,37.4,37.4,36.75,36.75,-0.65,-1.738,84577,3120281,137,TWSE,common_stock,true,false,false,false,false,false,false,false,true,
2025-11-17,4956,光鋐,listed,19.5,19.5,19.0,19.2,-0.05,-0.2597,251926,4853578,229,TWSE,common_stock,true,false,false,false,false,false,false,false,true,
2025-11-17,4958,臻鼎-KY,listed,142.5,145.0,140.0,142.0,0.5,0.3534,14040466,2005541028,8118,TWSE,common_stock,true,false,false,false,false,false,false,false,true,
2025-11-17,4960,誠美材,listed,13.6,13.7,13.1,13.1,-0.4,-2.963,1058565,14130153,812,TWSE,common_stock,true,false,false,false,false,false,false,false,true,
2025-11-17,4961,天鈺,listed,143.0,143.0,138.5,140.5,-2.0,-1.4035,684747,95701608,892,TWSE,common_stock,true,false,false,false,false,false,false,false,true,
2025-11-17,4967,十銓,listed,149.0,156.5,145.5,146.5,4.0,2.807,26007367,3953975935,20893,TWSE,common_stock,true,false,false,false,false,false,false,false,true,
2025-11-17,4968,立積,listed,137.0,139.0,136.5,138.0,1.0,0.7299,995611,137131490,979,TWSE,common_stock,true,false,false,false,false,false,false,false,true,
2025-11-17,4976,佳凌,listed,31.5,31.6,31.15,31.15,-0.25,-0.7962,302261,9464609,263,TWSE,common_stock,true,false,false,false,false,false,false,false,true,
2025-11-17,4977,眾達-KY,listed,107.0,109.5,106.0,108.5,2.0,1.8779,1160283,125415262,1452,TWSE,common_stock,true,false,false,false,false,false,false,false,true,
2025-11-17,4989,榮科,listed,48.6,51.8,46.5,46.7,-1.45,-3.0114,28416587,1395577108,18397,TWSE,common_stock,true,false,false,false,false,false,false,false,true,
2025-11-17,4994,傳奇,listed,96.9,96.9,95.5,96.6,-0.3,-0.3096,21848,2102034,34,TWSE,common_stock,true,false,false,false,false,false,false,false,true,
2025-11-17,4999,鑫禾,listed,24.85,24.85,24.65,24.7,-0.15,-0.6036,13904,344141,93,TWSE,common_stock,true,false,false,false,false,false,false,false,true,
2025-11-17,5007,三星,listed,51.1,51.2,51.1,51.2,0.0,0.0,37330,1908310,41,TWSE,common_stock,true,false,false,false,false,false,false,false,true,
2025-11-17,5203,訊連,listed,100.5,101.5,98.6,98.7,-1.8,-1.791,162309,16182209,177,TWSE,common_stock,true,false,false,false,false,false,false,false,true,
2025-11-17,5215,科嘉-KY,listed,37.3,39.65,37.3,38.8,1.5,4.0214,139061,5388786,158,TWSE,common_stock,true,false,false,false,false,false,false,false,true,
2025-11-17,5222,全訊,listed,132.5,133.0,130.0,132.0,0.5,0.3802,362287,47628309,436,TWSE,common_stock,true,false,false,false,false,false,false,false,true,
2025-11-17,5225,東科-KY,listed,102.0,103.0,101.0,101.0,0.5,0.4975,435187,44330632,348,TWSE,common_stock,true,false,false,false,false,false,false,false,true,
2025-11-17,5234,達興材料,listed,346.5,350.5,333.5,333.5,-10.5,-3.0523,579480,197620426,1234,TWSE,common_stock,true,false,false,false,false,false,false,false,true,
2025-11-17,5243,乙盛-KY,listed,81.8,83.1,79.3,80.7,1.7,2.1519,2727811,220842684,2260,TWSE,common_stock,true,false,false,false,false,false,false,false,true,
2025-11-17,5244,弘凱,listed,38.5,38.85,37.9,38.35,0.05,0.1305,216432,8336208,176,TWSE,common_stock,true,false,false,false,false,false,false,false,true,
2025-11-17,5258,虹堡,listed,65.3,68.5,64.5,68.0,2.3,3.5008,342270,22903486,384,TWSE,common_stock,true,false,false,false,false,false,false,false,true,
2025-11-17,5269,祥碩,listed,1295.0,1295.0,1255.0,1270.0,0.0,0.0,608323,773070340,2234,TWSE,common_stock,true,false,false,false,false,false,false,false,true,
2025-11-17,5283,禾聯碩,listed,61.3,61.6,60.1,60.1,-1.1,-1.7974,88992,5428544,163,TWSE,common_stock,true,false,false,false,false,false,false,false,true,
2025-11-17,5284,jpp-KY,listed,294.0,297.0,284.0,285.5,-7.5,-2.5597,2387902,689773582,3263,TWSE,common_stock,true,false,false,false,false,false,false,false,true,
2025-11-17,5285,界霖,listed,52.7,53.3,52.0,53.0,0.0,0.0,206333,10873376,206,TWSE,common_stock,true,false,false,false,false,false,false,false,true,
2025-11-17,5288,豐祥-KY,listed,132.5,135.0,129.5,134.0,1.5,1.1321,95767,12735457,195,TWSE,common_stock,true,false,false,false,false,false,false,false,true,
2025-11-17,5292,華懋,listed,145.0,145.5,144.5,145.5,0.0,0.0,40342,5857365,239,TWSE,common_stock,true,false,false,false,false,false,false,false,true,
2025-11-17,5306,桂盟,listed,91.8,91.8,90.5,90.5,-0.8,-0.8762,92822,8439987,270,TWSE,common_stock,true,false,false,false,false,false,false,false,true,
2025-11-17,5388,中磊,listed,82.0,82.4,81.0,81.5,-0.2,-0.2448,697664,56808517,836,TWSE,common_stock,true,false,false,false,false,false,false,false,true,
2025-11-17,5434,崇越,listed,307.5,310.0,306.0,308.0,1.5,0.4894,393943,121410071,1093,TWSE,common_stock,true,false,false,false,false,false,false,false,true,
2025-11-17,5469,瀚宇博,listed,93.9,95.2,91.9,91.9,-1.3,-1.3948,6805528,635893912,5343,TWSE,common_stock,true,false,false,false,false,false,false,false,true,
2025-11-17,5471,松翰,listed,34.8,34.8,34.2,34.2,-0.55,-1.5827,171757,5923277,233,TWSE,common_stock,true,false,false,false,false,false,false,false,true,
2025-11-17,5484,慧友,listed,37.5,38.1,36.1,36.15,-0.65,-1.7663,156802,5702271,188,TWSE,common_stock,true,false,false,false,false,false,false,false,true,
2025-11-17,5515,建國,listed,29.9,31.5,29.8,31.4,1.8,6.0811,2456938,75767306,2065,TWSE,common_stock,true,false,false,false,false,false,false,false,true,
2025-11-17,5519,隆大,listed,30.4,30.8,29.55,30.4,1.75,6.1082,2450647,74097883,1561,TWSE,common_stock,true,false,false,false,false,false,false,false,true,
2025-11-17,5521,工信,listed,14.75,15.1,14.75,14.95,0.2,1.3559,4929123,73684884,1632,TWSE,common_stock,true,false,false,false,false,false,false,false,true,
2025-11-17,5522,遠雄,listed,54.6,56.7,54.5,56.4,1.3,2.3593,2203965,123513239,1809,TWSE,common_stock,true,false,false,false,false,false,false,false,true,
2025-11-17,5525,順天,listed,28.05,28.3,28.0,28.15,-0.1,-0.354,50058,1406773,80,TWSE,common_stock,true,false,false,false,false,false,false,false,true,
2025-11-17,5531,鄉林,listed,9.2,9.2,9.06,9.17,0.0,0.0,286258,2612587,140,TWSE,common_stock,true,false,false,false,false,false,false,false,true,
2025-11-17,5533,皇鼎,listed,14.65,14.65,14.5,14.6,0.0,0.0,69200,1008510,36,TWSE,common_stock,true,false,false,false,false,false,false,false,true,
2025-11-17,5534,長虹,listed,75.6,75.6,74.1,75.0,-0.5,-0.6623,343338,25643779,787,TWSE,common_stock,true,false,false,false,false,false,false,false,true,
2025-11-17,5538,東明-KY,listed,28.95,28.95,28.65,28.65,-0.3,-1.0363,5157,148409,7,TWSE,common_stock,true,false,false,false,false,false,false,false,true,
2025-11-17,5546,永固-KY,listed,23.85,23.85,23.65,23.85,-0.15,-0.625,5548,132480,11,TWSE,common_stock,true,false,false,false,false,false,false,false,true,
2025-11-17,5607,遠雄港,listed,49.0,49.0,47.35,47.35,-1.65,-3.3673,880632,42141887,3174,TWSE,common_stock,true,false,false,false,false,false,false,false,true,
2025-11-17,5608,四維航,listed,16.85,16.95,16.45,16.55,-0.25,-1.4881,2517406,41777219,1243,TWSE,common_stock,true,false,false,false,false,false,false,false,true,
2025-11-17,5706,鳳凰,listed,52.3,53.0,51.8,52.7,0.9,1.7375,219192,11504600,222,TWSE,common_stock,true,false,false,false,false,false,false,false,true,
2025-11-17,5871,中租-KY,listed,101.5,101.5,100.0,100.5,-1.0,-0.9852,7434516,747483306,6537,TWSE,common_stock,true,false,false,false,false,false,false,false,true,
2025-11-17,5871A,中租-KY甲特,listed,102.0,102.0,101.5,102.0,0.0,0.0,63800,6504600,55,TWSE,warrant,false,false,true,false,false,false,false,false,false,security_type=warrant;symbol_not_4_digit
2025-11-17,5876,上海商銀,listed,39.3,39.65,39.05,39.4,0.1,0.2545,7280655,286908796,3252,TWSE,common_stock,true,false,false,false,false,false,false,false,true,
2025-11-17,5880,合庫金,listed,24.1,24.15,24.0,24.1,0.0,0.0,10041550,242047507,3269,TWSE,common_stock,true,false,false,false,false,false,false,false,true,
2025-11-17,5906,台南-KY,listed,51.0,51.7,51.0,51.7,0.7,1.3725,13029,665984,12,TWSE,common_stock,true,false,false,false,false,false,false,false,true,
2025-11-17,5907,大洋-KY,listed,5.7,5.86,5.62,5.66,-0.03,-0.5272,193841,1099666,112,TWSE,common_stock,true,false,false,false,false,false,false,false,true,
2025-11-17,6005,群益證,listed,24.95,24.95,24.5,24.6,-0.2,-0.8065,4905166,120941990,2563,TWSE,etf,false,true,false,false,false,false,false,false,false,security_type=etf
2025-11-17,6024,群益期,listed,50.0,50.0,49.55,49.55,-0.45,-0.9,280155,13917892,339,TWSE,etf,false,true,false,false,false,false,false,false,false,security_type=etf
2025-11-17,6108,競國,listed,13.45,13.75,13.15,13.15,-0.35,-2.5926,119535,1595041,134,TWSE,common_stock,true,false,false,false,false,false,false,false,true,
2025-11-17,6112,邁達特,listed,49.1,49.1,48.15,48.35,-0.7,-1.4271,1000061,48432883,774,TWSE,common_stock,true,false,false,false,false,false,false,false,true,
2025-11-17,6115,鎰勝,listed,46.7,46.7,46.25,46.5,-0.1,-0.2146,48638,2258323,64,TWSE,common_stock,true,false,false,false,false,false,false,false,true,
2025-11-17,6116,彩晶,listed,7.35,7.42,7.24,7.25,-0.09,-1.2262,2727940,19925368,1414,TWSE,common_stock,true,false,false,false,false,false,false,false,true,
2025-11-17,6117,迎廣,listed,77.5,79.2,77.1,77.8,0.5,0.6468,313491,24511367,289,TWSE,common_stock,true,false,false,false,false,false,false,false,true,
2025-11-17,6120,達運,listed,11.05,11.05,10.5,10.55,-0.5,-4.5249,1651923,17714305,1194,TWSE,common_stock,true,false,false,false,false,false,false,false,true,
2025-11-17,6128,上福,listed,23.85,24.1,22.8,22.8,-0.8,-3.3898,514115,11860117,410,TWSE,common_stock,true,false,false,false,false,false,false,false,true,
2025-11-17,6133,金橋,listed,16.3,17.2,16.3,16.5,0.85,5.4313,1937283,32570101,1193,TWSE,common_stock,true,false,false,false,false,false,false,false,true,
2025-11-17,6136,富爾特,listed,23.7,23.7,23.5,23.55,-0.15,-0.6329,177749,4192504,103,TWSE,common_stock,true,false,false,false,false,false,false,false,true,
2025-11-17,6139,亞翔,listed,423.5,427.5,413.5,419.5,1.0,0.2389,2835798,1192397376,3457,TWSE,common_stock,true,false,false,false,false,false,false,false,true,
2025-11-17,6141,柏承,listed,11.6,11.6,11.2,11.55,0.0,0.0,121296,1385236,93,TWSE,common_stock,true,false,false,false,false,false,false,false,true,
2025-11-17,6142,友勁,listed,9.33,9.47,9.02,9.39,-0.03,-0.3185,420307,3909406,227,TWSE,common_stock,true,false,false,false,false,false,false,false,true,
2025-11-17,6152,百一,listed,8.98,8.98,8.6,8.6,-0.4,-4.4444,1246434,10844763,665,TWSE,common_stock,true,false,false,false,false,false,false,false,true,
2025-11-17,6153,嘉聯益,listed,15.4,15.4,14.7,14.7,-0.55,-3.6066,2475373,36926417,1198,TWSE,common_stock,true,false,false,false,false,false,false,false,true,
2025-11-17,6155,鈞寶,listed,39.45,40.35,35.9,35.9,-1.5,-4.0107,22399987,854491677,12329,TWSE,common_stock,true,false,false,false,false,false,false,false,true,
2025-11-17,6164,華興,listed,10.15,10.2,9.95,10.0,-0.15,-1.4778,223509,2240113,231,TWSE,common_stock,true,false,false,false,false,false,false,false,true,
2025-11-17,6165,浪凡,listed,50.7,50.9,49.15,49.55,-1.05,-2.0751,1026446,51126807,615,TWSE,common_stock,true,false,false,false,false,false,false,false,true,
2025-11-17,6166,凌華,listed,57.0,57.0,55.5,55.8,-1.0,-1.7606,717222,40187309,681,TWSE,common_stock,true,false,false,false,false,false,false,false,true,
2025-11-17,6168,宏齊,listed,19.5,19.85,19.35,19.45,0.0,0.0,292678,5727666,233,TWSE,common_stock,true,false,false,false,false,false,false,false,true,
2025-11-17,6176,瑞儀,listed,125.0,125.0,121.0,121.5,-4.0,-3.1873,2365796,289145014,2796,TWSE,common_stock,true,false,false,false,false,false,false,false,true,
2025-11-17,6177,達麗,listed,45.25,45.4,44.85,44.85,-0.3,-0.6645,1022299,46014419,1008,TWSE,common_stock,true,false,false,false,false,false,false,false,true,
2025-11-17,6183,關貿,listed,95.4,95.5,94.9,95.0,-0.3,-0.3148,51975,4941501,315,TWSE,common_stock,true,false,false,false,false,false,false,false,true,
2025-11-17,6184,大豐電,listed,47.9,47.9,46.6,46.65,-1.25,-2.6096,327604,15375953,516,TWSE,common_stock,true,false,false,false,false,false,false,false,true,
2025-11-17,6189,豐藝,listed,45.1,45.1,44.0,44.55,-0.55,-1.2195,1157256,51444614,1456,TWSE,common_stock,true,false,false,false,false,false,false,false,true,
2025-11-17,6191,精成科,listed,116.0,117.0,112.5,114.0,-1.5,-1.2987,13269807,1521114885,9644,TWSE,common_stock,true,false,false,false,false,false,false,false,true,
2025-11-17,6192,巨路,listed,100.5,100.5,99.6,100.0,-0.5,-0.4975,181830,18186227,223,TWSE,common_stock,true,false,false,false,false,false,false,false,true,
2025-11-17,6196,帆宣,listed,238.0,239.0,231.5,234.5,-1.5,-0.6356,613544,143773924,841,TWSE,common_stock,true,false,false,false,false,false,false,false,true,
2025-11-17,6197,佳必琪,listed,142.0,142.5,139.5,140.0,-2.0,-1.4085,854149,120238156,954,TWSE,common_stock,true,false,false,false,false,false,false,false,true,
2025-11-17,6201,亞弘電,listed,57.0,57.0,56.2,56.6,0.0,0.0,12234,692937,19,TWSE,common_stock,true,false,false,false,false,false,false,false,true,
2025-11-17,6202,盛群,listed,38.25,38.25,37.5,37.5,-0.6,-1.5748,433086,16342276,449,TWSE,common_stock,true,false,false,false,false,false,false,false,true,
2025-11-17,6205,詮欣,listed,39.6,39.6,38.2,38.7,-0.8,-2.0253,344738,13344220,253,TWSE,common_stock,true,false,false,false,false,false,false,false,true,
2025-11-17,6206,飛捷,listed,100.0,100.0,95.5,96.0,-3.7,-3.7111,1636911,158934208,1857,TWSE,common_stock,true,false,false,false,false,false,false,false,true,
2025-11-17,6209,今國光,listed,55.3,57.5,52.6,53.7,0.2,0.3738,37047689,2048747253,24353,TWSE,common_stock,true,false,false,false,false,false,false,false,true,
2025-11-17,6213,聯茂,listed,110.5,111.5,107.5,107.5,0.0,0.0,6332149,693679932,4446,TWSE,common_stock,true,false,false,false,false,false,false,false,true,
2025-11-17,6214,精誠,listed,122.0,122.5,119.5,119.5,-3.0,-2.449,1106731,133517190,1330,TWSE,common_stock,true,false,false,false,false,false,false,false,true,
2025-11-17,6215,和椿,listed,107.5,108.0,102.0,102.0,-5.5,-5.1163,1750525,181641348,1869,TWSE,common_stock,true,false,false,false,false,false,false,false,true,
2025-11-17,6216,居易,listed,27.05,27.2,26.8,26.85,-0.35,-1.2868,130745,3518380,209,TWSE,common_stock,true,false,false,false,false,false,false,false,true,
2025-11-17,6224,聚鼎,listed,46.9,46.9,43.4,43.6,-2.0,-4.386,393767,17499747,446,TWSE,common_stock,true,false,false,false,false,false,false,false,true,
2025-11-17,6225,天瀚,listed,16.4,16.4,16.15,16.3,-0.2,-1.2121,13206,215075,10,TWSE,common_stock,true,false,false,false,false,false,false,false,true,
2025-11-17,6226,光鼎,listed,7.06,7.19,6.83,6.98,-0.08,-1.1331,337948,2358037,173,TWSE,common_stock,true,false,false,false,false,false,false,false,true,
2025-11-17,6230,尼得科超眾,listed,113.0,117.0,113.0,116.0,0.5,0.4329,78983,9125647,121,TWSE,common_stock,true,false,false,false,false,false,false,false,true,
2025-11-17,6235,華孚,listed,61.7,61.9,58.9,59.1,-3.0,-4.8309,3202401,192081312,2847,TWSE,common_stock,true,false,false,false,false,false,false,false,true,
2025-11-17,6239,力成,listed,164.0,167.5,161.0,164.5,4.0,2.4922,11983611,1968591610,7769,TWSE,common_stock,true,false,false,false,false,false,false,false,true,
2025-11-17,6243,迅杰,listed,30.95,30.95,29.55,29.8,-0.9,-2.9316,193629,5816148,183,TWSE,common_stock,true,false,false,false,false,false,false,false,true,
2025-11-17,6257,矽格,listed,95.6,97.7,94.6,97.7,2.1,2.1967,3372901,325918259,2349,TWSE,common_stock,true,false,false,false,false,false,false,false,true,
2025-11-17,6269,台郡,listed,53.0,53.1,51.2,51.2,-1.7,-3.2136,2109446,109407290,1861,TWSE,common_stock,true,false,false,false,false,false,false,false,true,
2025-11-17,6271,同欣電,listed,126.0,127.0,123.0,123.5,-0.5,-0.4032,984182,122404164,1033,TWSE,common_stock,true,false,false,false,false,false,false,false,true,
2025-11-17,6277,宏正,listed,60.3,61.1,60.0,60.9,0.3,0.495,100724,6108693,95,TWSE,common_stock,true,false,false,false,false,false,false,false,true,
2025-11-17,6278,台表科,listed,102.5,102.5,98.7,98.8,-3.2,-3.1373,4363115,434797068,3826,TWSE,common_stock,true,false,false,false,false,false,false,false,true,
2025-11-17,6281,全國電,listed,65.9,65.9,65.0,65.0,-0.8,-1.2158,131030,8541187,273,TWSE,common_stock,true,false,false,false,false,false,false,false,true,
2025-11-17,6282,康舒,listed,40.1,41.4,39.55,40.85,1.1,2.7673,23859843,966148690,13542,TWSE,common_stock,true,false,false,false,false,false,false,false,true,
2025-11-17,6283,淳安,listed,26.1,26.5,25.8,25.85,0.0,0.0,384421,10025171,295,TWSE,common_stock,true,false,false,false,false,false,false,false,true,
2025-11-17,6285,啟碁,listed,102.5,102.5,100.0,100.5,-1.0,-0.9852,2611048,264542442,2577,TWSE,common_stock,true,false,false,false,false,false,false,false,true,
2025-11-17,6405,悅城,listed,26.65,26.65,25.8,25.85,-0.8,-3.0019,282054,7368112,220,TWSE,common_stock,true,false,false,false,false,false,false,false,true,
2025-11-17,6409,旭隼,listed,1160.0,1170.0,1130.0,1135.0,-10.0,-0.8734,869278,996853180,1502,TWSE,common_stock,true,false,false,false,false,false,false,false,true,
2025-11-17,6412,群電,listed,92.6,92.8,90.5,90.7,-1.4,-1.5201,481681,44036288,1385,TWSE,common_stock,true,false,false,false,false,false,false,false,true,
2025-11-17,6414,樺漢,listed,295.5,301.0,293.5,297.0,15.0,5.3191,2697477,802761994,4236,TWSE,common_stock,true,false,false,false,false,false,false,false,true,
2025-11-17,6415,矽力*-KY,listed,197.0,200.5,193.0,195.0,-7.5,-3.7037,6838878,1341218863,5900,TWSE,common_stock,true,false,false,false,false,false,false,false,true,
2025-11-17,6416,瑞祺電通,listed,78.5,78.8,77.5,77.8,-1.1,-1.3942,116602,9116099,381,TWSE,common_stock,true,false,false,false,false,false,false,false,true,
2025-11-17,6423,億而得-創,listed,75.0,78.0,75.0,77.1,2.8,3.7685,19170,1468660,18,TWSE,common_stock,true,false,false,false,false,false,false,false,true,
2025-11-17,6426,統新,listed,71.9,71.9,69.0,69.7,-1.3,-1.831,373040,26111262,352,TWSE,common_stock,true,false,false,false,false,false,false,false,true,
2025-11-17,6431,光麗-KY,listed,16.3,16.5,16.0,16.2,-0.05,-0.3077,310002,5069934,68,TWSE,common_stock,true,false,false,false,false,false,false,false,true,
2025-11-17,6438,迅得,listed,130.0,132.5,123.5,124.0,-5.5,-4.2471,2066610,258386519,2278,TWSE,common_stock,true,false,false,false,false,false,false,false,true,
2025-11-17,6442,光聖,listed,1020.0,1090.0,991.0,1090.0,95.0,9.5477,7179162,7560334737,12601,TWSE,common_stock,true,false,false,false,false,false,false,false,true,
2025-11-17,6443,元晶,listed,13.4,13.5,13.25,13.45,0.05,0.3731,1507200,20190471,818,TWSE,common_stock,true,false,false,false,false,false,false,false,true,
2025-11-17,6446,藥華藥,listed,480.0,483.0,466.0,467.0,-13.5,-2.8096,2764446,1306233840,7624,TWSE,common_stock,true,false,false,false,false,false,false,false,true,
2025-11-17,6449,鈺邦,listed,172.0,172.0,163.5,164.0,-5.5,-3.2448,777489,129122225,1032,TWSE,common_stock,true,false,false,false,false,false,false,false,true,
2025-11-17,6451,訊芯-KY,listed,148.0,149.5,145.0,147.0,-0.5,-0.339,546417,80547042,503,TWSE,common_stock,true,false,false,false,false,false,false,false,true,
2025-11-17,6456,GIS-KY,listed,44.75,44.8,43.7,43.85,-0.65,-1.4607,503061,22209658,463,TWSE,common_stock,true,false,false,false,false,false,false,false,true,
2025-11-17,6464,台數科,listed,74.4,77.0,74.1,77.0,0.0,0.0,75052,5685775,111,TWSE,common_stock,true,false,false,false,false,false,false,false,true,
2025-11-17,6472,保瑞,listed,566.0,571.0,547.0,561.0,-7.0,-1.2324,1758611,987228891,4541,TWSE,common_stock,true,false,false,false,false,false,false,false,true,
2025-11-17,6477,安集,listed,36.2,37.15,35.4,36.1,0.85,2.4113,580732,20929585,500,TWSE,common_stock,true,false,false,false,false,false,false,false,true,
2025-11-17,6491,晶碩,listed,330.5,330.5,320.0,322.0,-8.5,-2.5719,285408,92320029,6169,TWSE,common_stock,true,false,false,false,false,false,false,false,true,
2025-11-17,6504,南六,listed,43.8,44.95,42.75,42.75,-1.5,-3.3898,59792,2600068,183,TWSE,common_stock,true,false,false,false,false,false,false,false,true,
2025-11-17,6505,台塑化,listed,53.3,55.3,53.2,54.9,1.7,3.1955,14782914,806655000,10296,TWSE,common_stock,true,false,false,false,false,false,false,false,true,
2025-11-17,6515,穎崴,listed,2225.0,2320.0,2130.0,2205.0,10.0,0.4556,953658,2119161335,2164,TWSE,common_stock,true,false,false,false,false,false,false,false,true,
2025-11-17,6525,捷敏-KY,listed,76.2,76.3,74.7,74.8,-1.8,-2.3499,470416,35434146,539,TWSE,common_stock,true,false,false,false,false,false,false,false,true,
2025-11-17,6526,達發,listed,456.0,458.0,450.0,453.0,-3.0,-0.6579,285160,129235025,869,TWSE,common_stock,true,false,false,false,false,false,false,false,true,
2025-11-17,6531,愛普*,listed,417.0,427.5,412.5,419.0,8.5,2.0706,5000518,2102025205,5783,TWSE,common_stock,true,false,false,false,false,false,false,false,true,
2025-11-17,6533,晶心科,listed,242.5,264.0,240.0,264.0,24.0,10.0,1251155,323515361,2096,TWSE,common_stock,true,false,false,false,false,false,false,false,true,
2025-11-17,6534,正瀚-創,listed,94.4,96.0,93.9,93.9,-0.1,-0.1064,55817,5302705,85,TWSE,common_stock,true,false,false,false,false,false,false,false,true,
2025-11-17,6541,泰福-KY,listed,55.9,56.0,55.0,55.3,-0.2,-0.3604,399467,22120163,352,TWSE,common_stock,true,false,false,false,false,false,false,false,true,
2025-11-17,6550,北極星藥業-KY,listed,30.1,30.35,29.7,29.8,-0.3,-0.9967,793738,23811896,563,TWSE,common_stock,true,false,false,false,false,false,false,false,true,
2025-11-17,6552,易華電,listed,25.2,25.2,24.5,24.5,-0.7,-2.7778,55630,1373656,62,TWSE,common_stock,true,false,false,false,false,false,false,false,true,
2025-11-17,6558,興能高,listed,37.6,38.05,37.25,37.25,-0.25,-0.6667,715883,26839960,588,TWSE,common_stock,true,false,false,false,false,false,false,false,true,
2025-11-17,6573,虹揚-KY,listed,17.5,17.9,16.7,16.7,-0.85,-4.8433,704498,12006439,518,TWSE,common_stock,true,false,false,false,false,false,false,false,true,
2025-11-17,6579,研揚,listed,116.5,116.5,111.0,112.0,-4.5,-3.8627,318540,36010695,494,TWSE,common_stock,true,false,false,false,false,false,false,false,true,
2025-11-17,6581,鋼聯,listed,109.0,109.0,108.5,108.5,-0.5,-0.4587,3560,386841,29,TWSE,common_stock,true,false,false,false,false,false,false,false,true,
2025-11-17,6582,申豐,listed,34.3,35.8,34.2,34.3,0.2,0.5865,109327,3810884,152,TWSE,common_stock,true,false,false,false,false,false,false,false,true,
2025-11-17,6585,鼎基,listed,95.1,95.1,92.2,92.2,-2.9,-3.0494,56441,5241963,144,TWSE,common_stock,true,false,false,false,false,false,false,false,true,
2025-11-17,6589,台康生技,listed,82.0,84.3,75.6,76.5,-5.4,-6.5934,6906665,550328754,4668,TWSE,common_stock,true,false,false,false,false,false,false,false,true,
2025-11-17,6591,動力-KY,listed,78.5,78.8,77.5,78.4,0.1,0.1277,604083,47174738,656,TWSE,common_stock,true,false,false,false,false,false,false,false,true,
2025-11-17,6592,和潤企業,listed,61.7,61.8,60.6,60.7,-1.3,-2.0968,362560,22101501,868,TWSE,common_stock,true,false,false,false,false,false,false,false,true,
2025-11-17,6592A,和潤企業甲特,listed,97.5,97.8,97.1,97.8,-0.1,-0.1021,21192,2061439,9,TWSE,warrant,false,false,true,false,false,false,false,false,false,security_type=warrant;symbol_not_4_digit
2025-11-17,6592B,和潤企業乙特,listed,97.9,98.3,97.7,98.3,0.0,0.0,31000,3034900,14,TWSE,warrant,false,false,true,false,false,false,false,false,false,security_type=warrant;symbol_not_4_digit
2025-11-17,6598,ABC-KY,listed,21.1,21.65,21.0,21.0,-0.1,-0.4739,74527,1576565,88,TWSE,common_stock,true,false,false,false,false,false,false,false,true,
2025-11-17,6605,帝寶,listed,141.5,142.0,138.5,141.0,0.0,0.0,428002,60058137,882,TWSE,common_stock,true,false,false,false,false,false,false,false,true,
2025-11-17,6606,建德工業,listed,25.5,25.5,24.65,24.8,-0.4,-1.5873,210228,5243760,135,TWSE,common_stock,true,false,false,false,false,false,false,false,true,
2025-11-17,6625,必應,listed,88.0,89.9,87.1,87.8,1.3,1.5029,898665,79800829,2434,TWSE,common_stock,true,false,false,false,false,false,false,false,true,
2025-11-17,6641,基士德-KY,listed,22.4,22.4,21.0,21.1,-0.4,-1.8605,15030,325215,19,TWSE,common_stock,true,false,false,false,false,false,false,false,true,
2025-11-17,6645,金萬林-創,listed,19.9,19.9,19.25,19.25,-0.55,-2.7778,50177,976364,42,TWSE,common_stock,true,false,false,false,false,false,false,false,true,
2025-11-17,6655,科定,listed,102.5,103.0,102.5,103.0,0.5,0.4878,7000,720500,7,TWSE,common_stock,true,false,false,false,false,false,false,false,true,
2025-11-17,6657,華安,listed,41.7,42.5,41.0,41.7,0.15,0.361,286294,12008969,178,TWSE,common_stock,true,false,false,false,false,false,false,false,true,
2025-11-17,6658,聯策,listed,50.0,50.8,49.3,49.85,-0.25,-0.499,182668,9128271,179,TWSE,common_stock,true,false,false,false,false,false,false,false,true,
2025-11-17,6666,羅麗芬-KY,listed,49.55,49.55,46.4,46.45,-2.45,-5.0102,63218,2987469,73,TWSE,common_stock,true,false,false,false,false,false,false,false,true,
2025-11-17,6668,中揚光,listed,39.0,39.1,38.35,38.6,-0.4,-1.0256,139649,5406889,154,TWSE,common_stock,true,false,false,false,false,false,false,false,true,
2025-11-17,6669,緯穎,listed,4365.0,4440.0,4310.0,4350.0,70.0,1.6355,1572293,6870550480,7426,TWSE,common_stock,true,false,false,false,false,false,false,false,true,
2025-11-17,6670,復盛應用,listed,244.5,244.5,240.0,240.5,-3.0,-1.232,364498,88295069,441,TWSE,common_stock,true,false,false,false,false,false,false,false,true,
2025-11-17,6671,三能-KY,listed,36.05,36.4,36.05,36.1,-0.4,-1.0959,12560,453913,19,TWSE,common_stock,true,false,false,false,false,false,false,false,true,
2025-11-17,6672,騰輝電子-KY,listed,88.7,92.2,88.2,90.2,1.5,1.6911,651489,58963401,949,TWSE,common_stock,true,false,false,false,false,false,false,false,true,
2025-11-17,6674,鋐寶科技,listed,21.3,21.3,20.75,21.0,-0.1,-0.4739,35074,732560,29,TWSE,common_stock,true,false,false,false,false,false,false,false,true,
2025-11-17,6689,伊雲谷,listed,64.7,64.7,62.9,62.9,-2.1,-3.2308,325868,20741578,396,TWSE,common_stock,true,false,false,false,false,false,false,false,true,
2025-11-17,6691,洋基工程,listed,440.5,450.5,435.0,445.5,8.5,1.9451,852134,378799874,1129,TWSE,common_stock,true,false,false,false,false,false,false,false,true,
2025-11-17,6695,芯鼎,listed,44.95,44.95,44.0,44.0,-0.85,-1.8952,438701,19438438,375,TWSE,common_stock,true,false,false,false,false,false,false,false,true,
2025-11-17,6698,旭暉應材,listed,31.2,31.2,30.5,30.85,-0.35,-1.1218,70678,2179770,175,TWSE,common_stock,true,false,false,false,false,false,false,false,true,
2025-11-17,6706,惠特,listed,80.3,83.0,79.2,81.0,2.0,2.5316,2821219,229300569,2693,TWSE,common_stock,true,false,false,false,false,false,false,false,true,
2025-11-17,6715,嘉基,listed,86.5,86.6,85.3,85.3,-1.5,-1.7281,61216,5265680,65,TWSE,common_stock,true,false,false,false,false,false,false,false,true,
2025-11-17,6719,力智,listed,194.5,198.0,193.5,196.5,2.0,1.0283,245861,48213527,283,TWSE,common_stock,true,false,false,false,false,false,false,false,true,
2025-11-17,6742,澤米,listed,44.3,44.5,43.55,43.55,-0.75,-1.693,122250,5376420,160,TWSE,common_stock,true,false,false,false,false,false,false,false,true,
2025-11-17,6743,安普新,listed,28.8,28.8,28.0,28.0,-0.9,-3.1142,151896,4293877,139,TWSE,common_stock,true,false,false,false,false,false,false,false,true,
2025-11-17,6753,龍德造船,listed,118.0,118.0,115.0,115.5,-1.0,-0.8584,657167,76179519,720,TWSE,common_stock,true,false,false,false,false,false,false,false,true,
2025-11-17,6754,匯僑設計,listed,46.3,46.55,46.3,46.4,0.1,0.216,11165,518483,19,TWSE,common_stock,true,false,false,false,false,false,false,false,true,
2025-11-17,6756,威鋒電子,listed,83.6,85.4,80.1,80.1,-3.2,-3.8415,248126,20240315,355,TWSE,common_stock,true,false,false,false,false,false,false,false,true,
2025-11-17,6757,台灣虎航,listed,69.5,69.5,66.9,67.0,-1.6,-2.3324,1220586,82391176,1728,TWSE,common_stock,true,false,false,false,false,false,false,false,true,
2025-11-17,6768,志強-KY,listed,117.5,117.5,114.5,114.5,-1.5,-1.2931,327529,37760729,524,TWSE,common_stock,true,false,false,false,false,false,false,false,true,
2025-11-17,6770,力積電,listed,35.85,36.65,34.2,35.0,0.85,2.489,265534847,9376527256,84378,TWSE,common_stock,true,false,false,false,false,false,false,false,true,
2025-11-17,6771,平和環保-創,listed,49.7,49.7,48.5,48.5,0.1,0.2066,20730,1014522,21,TWSE,common_stock,true,false,false,false,false,false,false,false,true,
2025-11-17,6776,展碁國際,listed,51.4,51.6,50.6,50.7,-0.9,-1.7442,145383,7398995,172,TWSE,common_stock,true,false,false,false,false,false,false,false,true,
2025-11-17,6781,AES-KY,listed,1355.0,1430.0,1310.0,1315.0,-10.0,-0.7547,2908824,3960082935,4812,TWSE,common_stock,true,false,false,false,false,false,false,false,true,
2025-11-17,6782,視陽,listed,177.5,177.5,173.0,173.5,-3.5,-1.9774,271225,47265085,386,TWSE,common_stock,true,false,false,false,false,false,false,false,true,
2025-11-17,6789,采鈺,listed,243.5,245.0,238.5,240.5,-1.5,-0.6198,802199,193157318,1200,TWSE,common_stock,true,false,false,false,false,false,false,false,true,
2025-11-17,6790,永豐實,listed,38.05,38.05,37.7,37.8,-0.2,-0.5263,185447,7013083,186,TWSE,etf,false,true,false,false,false,false,false,false,false,security_type=etf
2025-11-17,6792,詠業,listed,53.3,53.3,51.6,51.7,-0.6,-1.1472,20523,1069180,30,TWSE,common_stock,true,false,false,false,false,false,false,false,true,
2025-11-17,6794,向榮生技,listed,70.7,71.0,69.3,69.9,-0.6,-0.8511,40054,2801867,28,TWSE,common_stock,true,false,false,false,false,false,false,false,true,
2025-11-17,6796,晉弘,listed,89.2,89.2,86.2,86.3,-3.7,-4.1111,79848,6951959,116,TWSE,common_stock,true,false,false,false,false,false,false,false,true,
2025-11-17,6799,來頡,listed,77.9,78.5,76.8,77.1,-0.5,-0.6443,207256,16053949,250,TWSE,common_stock,true,false,false,false,false,false,false,false,true,
2025-11-17,6805,富世達,listed,1495.0,1530.0,1465.0,1495.0,30.0,2.0478,1785561,2677465680,3028,TWSE,common_stock,true,false,false,false,false,false,false,false,true,
2025-11-17,6806,森崴能源,listed,39.7,39.7,39.7,39.7,-4.4,-9.9773,1918658,76170552,1346,TWSE,common_stock,true,false,false,false,false,false,false,false,true,
2025-11-17,6807,峰源-KY,listed,46.0,46.55,46.0,46.0,-0.55,-1.1815,8383,386394,12,TWSE,common_stock,true,false,false,false,false,false,false,false,true,
2025-11-17,6830,汎銓,listed,150.5,158.0,150.0,155.5,5.5,3.6667,384433,59525389,379,TWSE,common_stock,true,false,false,false,false,false,false,false,true,
2025-11-17,6834,天二科技,listed,28.15,28.2,27.5,28.05,-0.1,-0.3552,130219,3615812,115,TWSE,common_stock,true,false,false,false,false,false,false,false,true,
2025-11-17,6835,圓裕,listed,39.65,39.65,37.8,38.4,-0.4,-1.0309,132347,5098535,109,TWSE,common_stock,true,false,false,false,false,false,false,false,true,
2025-11-17,6838,台新藥,listed,27.85,27.9,26.8,26.8,-0.85,-3.0741,194576,5307889,265,TWSE,common_stock,true,false,false,false,false,false,false,false,true,
2025-11-17,6854,錼創科技-KY創,listed,139.0,139.5,137.0,137.0,-1.5,-1.083,272663,37711767,239,TWSE,common_stock,true,false,false,false,false,false,false,false,true,
2025-11-17,6861,睿生光電,listed,57.8,58.3,57.3,57.3,-1.1,-1.8836,51028,2948541,65,TWSE,common_stock,true,false,false,false,false,false,false,false,true,
2025-11-17,6862,三集瑞-KY,listed,170.0,172.0,162.5,162.5,-6.0,-3.5608,360867,60092075,700,TWSE,common_stock,true,false,false,false,false,false,false,false,true,
2025-11-17,6863,永道-KY,listed,109.5,109.5,105.0,108.0,-1.5,-1.3699,353649,37717358,501,TWSE,common_stock,true,false,false,false,false,false,false,false,true,
2025-11-17,6869,雲豹能源,listed,93.0,95.8,91.0,95.0,3.3,3.5987,2361437,221017942,2106,TWSE,common_stock,true,false,false,false,false,false,false,false,true,
2025-11-17,6873,泓德能源,listed,100.5,102.0,98.5,101.5,0.0,0.0,1131150,113545789,1279,TWSE,common_stock,true,false,false,false,false,false,false,false,true,
2025-11-17,6885,全福生技,listed,29.65,29.7,28.9,28.9,-0.65,-2.1997,536295,15664787,314,TWSE,common_stock,true,false,false,false,false,false,false,false,true,
2025-11-17,6887,寶綠特-KY,listed,63.0,64.2,63.0,63.5,-0.1,-0.1572,7156,453094,11,TWSE,common_stock,true,false,false,false,false,false,false,false,true,
2025-11-17,6890,來億-KY,listed,248.5,254.5,239.5,241.0,-2.0,-0.823,1086312,265973814,3845,TWSE,common_stock,true,false,false,false,false,false,false,false,true,
2025-11-17,6901,鑽石投資,listed,18.55,18.55,17.3,17.35,-0.85,-4.6703,609817,10796201,662,TWSE,common_stock,true,false,false,false,false,false,false,false,true,
2025-11-17,6902,GOGOLOOK,listed,71.5,73.5,70.8,71.9,0.8,1.1252,106782,7722256,134,TWSE,common_stock,true,false,false,false,false,false,false,false,true,
2025-11-17,6906,現觀科,listed,91.6,91.6,88.1,88.6,-4.1,-4.4229,146112,13018207,392,TWSE,common_stock,true,false,false,false,false,false,false,false,true,
2025-11-17,6909,創控,listed,36.9,36.95,35.5,36.75,-0.2,-0.5413,167878,6044369,130,TWSE,common_stock,true,false,false,false,false,false,false,false,true,
2025-11-17,6914,阜爾運通,listed,152.5,152.5,150.0,150.5,-1.5,-0.9868,70583,10646704,203,TWSE,common_stock,true,false,false,false,false,false,false,false,true,
2025-11-17,6916,華凌,listed,17.5,17.5,17.15,17.15,-0.3,-1.7192,15000,260250,14,TWSE,common_stock,true,false,false,false,false,false,false,false,true,
2025-11-17,6918,愛派司,listed,87.1,88.0,86.7,87.1,-0.8,-0.9101,65100,5703969,41,TWSE,common_stock,true,false,false,false,false,false,false,false,true,
2025-11-17,6919,康霈*,listed,124.0,126.5,119.0,125.5,1.5,1.2097,8815328,1081289000,6477,TWSE,common_stock,true,false,false,false,false,false,false,false,true,
2025-11-17,6923,中台,listed,102.0,103.0,99.6,99.8,-2.7,-2.6341,251774,25412792,386,TWSE,common_stock,true,false,false,false,false,false,false,false,true,
2025-11-17,6924,榮惠-KY創,listed,54.0,56.5,54.0,55.7,1.7,3.1481,19000,1043700,17,TWSE,common_stock,true,false,false,false,false,false,false,false,true,
2025-11-17,6928,攸泰科技,listed,50.3,50.3,49.2,49.2,-1.1,-2.1869,101155,5020777,187,TWSE,common_stock,true,false,false,false,false,false,false,false,true,
2025-11-17,6931,青松健康,listed,59.2,59.8,59.0,59.0,0.1,0.1698,80598,4781016,170,TWSE,common_stock,true,false,false,false,false,false,false,false,true,
2025-11-17,6933,AMAX-KY,listed,171.0,171.0,165.5,166.0,-4.0,-2.3529,199852,33311815,368,TWSE,common_stock,true,false,false,false,false,false,false,false,true,
2025-11-17,6936,永鴻生技,listed,34.85,34.85,34.55,34.55,-0.25,-0.7184,74955,2601169,112,TWSE,common_stock,true,false,false,false,false,false,false,false,true,
2025-11-17,6937,天虹,listed,218.5,222.5,216.5,218.0,-0.5,-0.2288,260433,57147989,338,TWSE,common_stock,true,false,false,false,false,false,false,false,true,
2025-11-17,6944,兆聯實業,listed,533.0,549.0,533.0,536.0,6.0,1.1321,447040,241793740,1125,TWSE,common_stock,true,false,false,false,false,false,false,false,true,
2025-11-17,6949,沛爾生醫-創,listed,393.0,393.0,370.0,380.0,0.0,0.0,71285,26944240,72,TWSE,common_stock,true,false,false,false,false,false,false,false,true,
2025-11-17,6951,青新-創,listed,73.9,74.0,73.6,73.6,0.1,0.1361,19758,1457721,42,TWSE,common_stock,true,false,false,false,false,false,false,false,true,
2025-11-17,6952,大武山,listed,44.35,44.85,44.15,44.15,-0.2,-0.451,17100,757024,18,TWSE,common_stock,true,false,false,false,false,false,false,false,true,
2025-11-17,6955,邦睿生技-創,listed,164.0,164.0,164.0,164.0,0.5,0.3058,2467,404771,7,TWSE,common_stock,true,false,false,false,false,false,false,false,true,
2025-11-17,6957,裕慶-KY,listed,210.0,213.0,206.0,210.0,2.0,0.9615,106224,22442076,88,TWSE,common_stock,true,false,false,false,false,false,false,false,true,
2025-11-17,6958,日盛台駿,listed,16.3,16.65,16.25,16.25,0.0,0.0,56045,919100,62,TWSE,common_stock,true,false,false,false,false,false,false,false,true,
2025-11-17,6962,奕力-KY,listed,42.8,42.8,42.1,42.1,-0.7,-1.6355,2659679,112595238,1932,TWSE,common_stock,true,false,false,false,false,false,false,false,true,
2025-11-17,6965,中傑-KY,listed,78.0,78.0,73.8,74.0,-3.6,-4.6392,231149,17217955,305,TWSE,common_stock,true,false,false,false,false,false,false,false,true,
2025-11-17,6969,成信實業*-創,listed,34.65,35.0,34.4,34.4,-0.25,-0.7215,34000,1174500,27,TWSE,common_stock,true,false,false,false,false,false,false,false,true,
2025-11-17,6988,威力暘-創,listed,15.15,15.15,14.35,14.4,-0.65,-4.3189,31080,454134,22,TWSE,common_stock,true,false,false,false,false,false,false,false,true,
2025-11-17,6994,富威電力,listed,86.6,91.1,85.5,90.9,3.9,4.4828,371309,32828449,506,TWSE,common_stock,true,false,false,false,false,false,false,false,true,
2025-11-17,7610,聯友金屬-創,listed,103.0,104.0,102.0,102.0,0.0,0.0,89262,9158322,139,TWSE,common_stock,true,false,false,false,false,false,false,false,true,
2025-11-17,7631,聚賢研發-創,listed,130.0,130.0,125.5,129.5,-0.5,-0.3846,20000,2574000,12,TWSE,common_stock,true,false,false,false,false,false,false,false,true,
2025-11-17,7705,三商餐飲,listed,40.95,40.95,40.75,40.75,-0.2,-0.4884,31936,1303406,56,TWSE,common_stock,true,false,false,false,false,false,false,false,true,
2025-11-17,7721,微程式,listed,50.0,50.6,48.25,48.65,-1.65,-3.2803,103966,5097035,440,TWSE,common_stock,true,false,false,false,false,false,false,false,true,
2025-11-17,7722,LINEPAY,listed,545.0,550.0,536.0,539.0,-7.0,-1.2821,59007,32025664,681,TWSE,common_stock,true,false,false,false,false,false,false,false,true,
2025-11-17,7730,暉盛-創,listed,80.1,82.0,80.0,80.0,-1.6,-1.9608,60125,4826929,51,TWSE,common_stock,true,false,false,false,false,false,false,false,true,
2025-11-17,7732,金興精密,listed,37.7,37.75,37.5,37.65,0.65,1.7568,34109,1284942,26,TWSE,common_stock,true,false,false,false,false,false,false,false,true,
2025-11-17,7736,虎山,listed,91.8,93.0,91.8,92.8,1.0,1.0893,5310,490695,29,TWSE,common_stock,true,false,false,false,false,false,false,false,true,
2025-11-17,7740,熙特爾-創,listed,172.0,176.5,162.5,162.5,-4.5,-2.6946,166388,28386737,375,TWSE,common_stock,true,false,false,false,false,false,false,false,true,
2025-11-17,7749,意騰-KY,listed,465.0,467.0,448.5,448.5,-10.5,-2.2876,174600,79495502,503,TWSE,common_stock,true,false,false,false,false,false,false,false,true,
2025-11-17,7750,新代,listed,765.0,813.0,765.0,786.0,28.0,3.6939,374376,295946666,1286,TWSE,common_stock,true,false,false,false,false,false,false,false,true,
2025-11-17,7765,中華資安,listed,274.0,276.5,273.5,275.0,1.5,0.5484,31567,8676935,284,TWSE,common_stock,true,false,false,false,false,false,false,false,true,
2025-11-17,7780,大研生醫*,listed,184.0,187.0,181.0,183.5,0.5,0.2732,350664,64808252,1347,TWSE,common_stock,true,false,false,false,false,false,false,false,true,
2025-11-17,7788,松川精密,listed,104.5,104.5,102.0,103.0,-1.5,-1.4354,75338,7738932,123,TWSE,common_stock,true,false,false,false,false,false,false,false,true,
2025-11-17,7791,皇家可口,listed,75.2,75.5,74.7,75.0,0.4,0.5362,119647,8975462,187,TWSE,common_stock,true,false,false,false,false,false,false,false,true,
2025-11-17,7799,禾榮科,listed,609.0,616.0,600.0,612.0,-5.0,-0.8104,197728,120205156,639,TWSE,common_stock,true,false,false,false,false,false,false,false,true,
2025-11-17,8011,台通,listed,21.4,21.9,21.05,21.05,-0.45,-2.093,1133632,24089024,591,TWSE,common_stock,true,false,false,false,false,false,false,false,true,
2025-11-17,8016,矽創,listed,180.5,180.5,176.0,177.0,-4.0,-2.2099,985095,175055615,1455,TWSE,common_stock,true,false,false,false,false,false,false,false,true,
2025-11-17,8021,尖點,listed,130.5,135.5,128.5,133.0,6.5,5.1383,34660865,4596395963,27254,TWSE,common_stock,true,false,false,false,false,false,false,false,true,
2025-11-17,8028,昇陽半導體,listed,156.0,159.0,155.0,156.0,1.0,0.6452,2669257,418039812,2826,TWSE,common_stock,true,false,false,false,false,false,false,false,true,
2025-11-17,8033,雷虎,listed,118.0,118.5,113.0,113.5,-6.0,-5.0209,4412359,507518661,4432,TWSE,common_stock,true,false,false,false,false,false,false,false,true,
2025-11-17,8039,台虹,listed,67.3,68.6,64.3,64.8,-1.4,-2.1148,8850663,587872736,6933,TWSE,common_stock,true,false,false,false,false,false,false,false,true,
2025-11-17,8045,達運光電,listed,80.5,80.5,77.1,77.1,-2.9,-3.625,133756,10486117,410,TWSE,common_stock,true,false,false,false,false,false,false,false,true,
2025-11-17,8046,南電,listed,285.0,291.0,272.0,272.5,-10.0,-3.5398,18450788,5167924534,20797,TWSE,common_stock,true,false,false,false,false,false,false,false,true,
2025-11-17,8070,長華*,listed,46.65,47.45,45.3,45.4,-0.6,-1.3043,4120627,190272964,4890,TWSE,common_stock,true,false,false,false,false,false,false,false,true,
2025-11-17,8072,陞泰,listed,32.3,32.3,31.5,31.5,-0.8,-2.4768,239402,7616303,421,TWSE,common_stock,true,false,false,false,false,false,false,false,true,
2025-11-17,8081,致新,listed,217.0,217.0,210.0,210.5,-5.5,-2.5463,714340,150980721,1048,TWSE,common_stock,true,false,false,false,false,false,false,false,true,
2025-11-17,8101,華冠,listed,16.05,16.85,16.05,16.85,0.8,4.9844,4834,78897,18,TWSE,common_stock,true,false,false,false,false,false,false,false,true,
2025-11-17,8103,瀚荃,listed,76.5,82.5,75.1,78.2,3.2,4.2667,8173270,651778669,7172,TWSE,common_stock,true,false,false,false,false,false,false,false,true,
2025-11-17,8104,錸寶,listed,30.65,30.65,30.05,30.05,-0.6,-1.9576,412442,12510659,386,TWSE,common_stock,true,false,false,false,false,false,false,false,true,
2025-11-17,8105,凌巨,listed,11.4,11.45,11.1,11.15,-0.25,-2.193,951286,10685221,435,TWSE,common_stock,true,false,false,false,false,false,false,false,true,
2025-11-17,8110,華東,listed,39.7,39.7,38.0,39.0,1.0,2.6316,14728769,571922021,9168,TWSE,common_stock,true,false,false,false,false,false,false,false,true,
2025-11-17,8112,至上,listed,79.2,81.5,74.3,75.4,-1.1,-1.4379,50290790,3864129895,38088,TWSE,common_stock,true,false,false,false,false,false,false,false,true,
2025-11-17,8112A,至上甲特,listed,,,,,0.0,,85,3701,1,TWSE,warrant,false,false,true,false,false,false,false,false,false,security_type=warrant;symbol_not_4_digit;invalid_close
2025-11-17,8114,振樺電,listed,188.5,188.5,183.5,183.5,-5.0,-2.6525,316293,58666771,550,TWSE,common_stock,true,false,false,false,false,false,false,false,true,
2025-11-17,8131,福懋科,listed,48.4,49.45,45.8,46.2,-0.35,-0.7519,12799177,607342719,10859,TWSE,common_stock,true,false,false,false,false,false,false,false,true,
2025-11-17,8150,南茂,listed,50.5,51.4,46.0,46.05,-1.9,-3.9625,115289759,5540688938,55688,TWSE,common_stock,true,false,false,false,false,false,false,false,true,
2025-11-17,8162,微矽電子-創,listed,34.15,34.35,33.65,33.7,-1.0,-2.8818,80103,2716649,64,TWSE,common_stock,true,false,false,false,false,false,false,false,true,
2025-11-17,8163,達方,listed,32.65,32.7,31.6,31.6,-0.95,-2.9186,1745963,55670957,1995,TWSE,common_stock,true,false,false,false,false,false,false,false,true,
2025-11-17,8201,無敵,listed,15.2,15.2,14.75,14.75,-0.45,-2.9605,88086,1313376,90,TWSE,common_stock,true,false,false,false,false,false,false,false,true,
2025-11-17,8210,勤誠,listed,1005.0,1015.0,967.0,970.0,-23.0,-2.3162,1820623,1791771722,4812,TWSE,common_stock,true,false,false,false,false,false,false,false,true,
2025-11-17,8213,志超,listed,33.65,33.85,33.1,33.3,-0.5,-1.4793,865600,28955234,770,TWSE,common_stock,true,false,false,false,false,false,false,false,true,
2025-11-17,8215,明基材,listed,19.95,20.3,19.75,19.9,0.0,0.0,352803,7032596,270,TWSE,common_stock,true,false,false,false,false,false,false,false,true,
2025-11-17,8222,寶一,listed,42.75,42.75,41.9,41.9,-0.6,-1.4118,312745,13161810,361,TWSE,common_stock,true,false,false,false,false,false,false,false,true,
2025-11-17,8249,菱光,listed,52.7,53.0,51.8,51.9,-0.6,-1.1429,500834,26232801,493,TWSE,common_stock,true,false,false,false,false,false,false,false,true,
2025-11-17,8261,富鼎,listed,93.9,94.4,91.7,91.7,-1.4,-1.5038,1827813,169704535,1726,TWSE,common_stock,true,false,false,false,false,false,false,false,true,
2025-11-17,8271,宇瞻,listed,118.5,122.5,108.5,109.0,-5.0,-4.386,23215598,2683573878,16884,TWSE,common_stock,true,false,false,false,false,false,false,false,true,
2025-11-17,8341,日友,listed,81.1,81.1,79.7,79.8,-1.3,-1.603,249620,20113208,1591,TWSE,common_stock,true,false,false,false,false,false,false,false,true,
2025-11-17,8367,建新國際,listed,43.9,44.25,43.4,44.25,0.3,0.6826,54068,2379448,25,TWSE,common_stock,true,false,false,false,false,false,false,false,true,
2025-11-17,8374,羅昇,listed,79.2,80.5,79.0,79.0,-0.2,-0.2525,249333,19836341,259,TWSE,common_stock,true,false,false,false,false,false,false,false,true,
2025-11-17,8404,百和興業-KY,listed,25.3,25.3,24.5,24.5,-0.8,-3.1621,933249,23182251,1021,TWSE,common_stock,true,false,false,false,false,false,false,false,true,
2025-11-17,8411,福貞-KY,listed,12.6,12.6,12.4,12.5,-0.05,-0.3984,29378,367024,92,TWSE,common_stock,true,false,false,false,false,false,false,false,true,
2025-11-17,8422,可寧衛*,listed,24.5,25.2,23.65,24.7,0.0,0.0,29537885,722333048,11138,TWSE,common_stock,true,false,false,false,false,false,false,false,true,
2025-11-17,8429,金麗-KY,listed,7.89,7.95,7.69,7.69,-0.13,-1.6624,290128,2266019,224,TWSE,common_stock,true,false,false,false,false,false,false,false,true,
2025-11-17,8438,昶昕,listed,29.6,29.6,29.15,29.15,-0.45,-1.5203,49712,1458888,44,TWSE,common_stock,true,false,false,false,false,false,false,false,true,
2025-11-17,8442,威宏-KY,listed,68.6,69.8,68.6,69.5,1.0,1.4599,48850,3389838,86,TWSE,common_stock,true,false,false,false,false,false,false,false,true,
2025-11-17,8443,阿瘦,listed,12.0,12.0,11.65,11.65,0.0,0.0,251683,2976575,103,TWSE,common_stock,true,false,false,false,false,false,false,false,true,
2025-11-17,8454,富邦媒,listed,244.0,244.0,238.5,238.5,-5.5,-2.2541,411407,98765805,4792,TWSE,etf,false,true,false,false,false,false,false,false,false,security_type=etf
2025-11-17,8462,柏文,listed,153.5,154.5,150.5,151.0,-4.0,-2.5806,226842,34549166,467,TWSE,common_stock,true,false,false,false,false,false,false,false,true,
2025-11-17,8463,潤泰材,listed,26.25,26.35,26.2,26.2,-0.05,-0.1905,111557,2938232,155,TWSE,common_stock,true,false,false,false,false,false,false,false,true,
2025-11-17,8464,億豐,listed,368.0,375.0,368.0,372.5,4.5,1.2228,454686,169540863,556,TWSE,common_stock,true,false,false,false,false,false,false,false,true,
2025-11-17,8466,美吉吉-KY,listed,22.95,23.0,22.8,23.0,0.05,0.2179,16257,371810,20,TWSE,common_stock,true,false,false,false,false,false,false,false,true,
2025-11-17,8467,波力-KY,listed,146.0,146.0,144.5,144.5,-1.5,-1.0274,41396,6011888,58,TWSE,common_stock,true,false,false,false,false,false,false,false,true,
2025-11-17,8473,山林水,listed,37.0,37.0,35.55,35.6,-1.2,-3.2609,995494,35694330,1134,TWSE,common_stock,true,false,false,false,false,false,false,false,true,
2025-11-17,8476,台境*,listed,18.4,18.55,18.2,18.3,0.1,0.5495,62280,1142850,59,TWSE,common_stock,true,false,false,false,false,false,false,false,true,
2025-11-17,8478,東哥遊艇,listed,196.5,196.5,190.0,190.0,-4.0,-2.0619,246769,47302008,399,TWSE,common_stock,true,false,false,false,false,false,false,false,true,
2025-11-17,8481,政伸,listed,41.4,41.4,41.05,41.05,-0.2,-0.4848,37281,1536158,33,TWSE,common_stock,true,false,false,false,false,false,false,false,true,
2025-11-17,8482,商億-KY,listed,46.5,46.5,46.3,46.3,-0.2,-0.4301,2020,93752,3,TWSE,common_stock,true,false,false,false,false,false,false,false,true,
2025-11-17,8487,愛爾達-創,listed,75.6,75.6,75.6,75.6,-0.7,-0.9174,5481,414544,31,TWSE,common_stock,true,false,false,false,false,false,false,false,true,
2025-11-17,8488,吉源-KY,listed,10.15,10.4,10.15,10.3,0.1,0.9804,11016,113121,8,TWSE,common_stock,true,false,false,false,false,false,false,false,true,
2025-11-17,8499,鼎炫-KY,listed,251.0,257.0,250.0,250.5,2.5,1.0081,83311,21089763,129,TWSE,common_stock,true,false,false,false,false,false,false,false,true,
2025-11-17,8926,台汽電,listed,42.6,42.6,41.35,41.7,-1.2,-2.7972,3978022,166509589,3341,TWSE,common_stock,true,false,false,false,false,false,false,false,true,
2025-11-17,8940,新天地,listed,20.6,20.6,19.95,20.4,0.0,0.0,110253,2231202,100,TWSE,common_stock,true,false,false,false,false,false,false,false,true,
2025-11-17,8996,高力,listed,516.0,520.0,500.0,520.0,20.5,4.1041,752518,383296034,1131,TWSE,common_stock,true,false,false,false,false,false,false,false,true,
2025-11-17,9103,美德醫療-DR,listed,4.72,4.72,4.66,4.67,-0.06,-1.2685,205320,963086,95,TWSE,dr,false,false,false,false,false,false,false,true,false,security_type=dr
2025-11-17,910322,康師傅-DR,listed,23.75,24.15,23.75,24.05,0.1,0.4175,79043,1896984,55,TWSE,dr,false,false,false,false,false,false,false,true,false,security_type=dr;symbol_not_4_digit
2025-11-17,9105,泰金寶-DR,listed,6.05,6.06,5.98,5.99,-0.01,-0.1667,12844539,77238746,2881,TWSE,dr,false,false,false,false,false,false,false,true,false,security_type=dr
2025-11-17,910861,神州-DR,listed,,,,,0.0,,0,0,0,TWSE,dr,false,false,false,false,false,false,false,true,false,security_type=dr;symbol_not_4_digit;invalid_close;invalid_volume;invalid_turnover
2025-11-17,9110,越南控-DR,listed,3.25,3.25,3.08,3.08,-0.01,-0.3236,7000,21970,5,TWSE,dr,false,false,false,false,false,false,false,true,false,security_type=dr
2025-11-17,911608,明輝-DR,listed,2.88,2.97,2.86,2.87,-0.06,-2.0478,10000,28750,7,TWSE,dr,false,false,false,false,false,false,false,true,false,security_type=dr;symbol_not_4_digit
2025-11-17,911622,泰聚亨-DR,listed,3.85,3.89,3.8,3.89,0.04,1.039,4100,15730,6,TWSE,dr,false,false,false,false,false,false,false,true,false,security_type=dr;symbol_not_4_digit
2025-11-17,911868,同方友友-DR,listed,1.3,1.35,1.29,1.31,0.02,1.5504,702021,924314,163,TWSE,dr,false,false,false,false,false,false,false,true,false,security_type=dr;symbol_not_4_digit
2025-11-17,912000,晨訊科-DR,listed,2.84,2.87,2.83,2.84,0.01,0.3534,525521,1493614,76,TWSE,dr,false,false,false,false,false,false,false,true,false,security_type=dr;symbol_not_4_digit
2025-11-17,9136,巨騰-DR,listed,7.06,7.12,7.03,7.08,-0.05,-0.7013,92061,649174,40,TWSE,dr,false,false,false,false,false,false,false,true,false,security_type=dr
2025-11-17,9802,鈺齊-KY,listed,114.5,114.5,110.0,113.0,-0.5,-0.4405,3649232,410080865,4612,TWSE,common_stock,true,false,false,false,false,false,false,false,true,
2025-11-17,9902,台火,listed,17.4,17.4,16.8,16.95,-0.3,-1.7391,578319,9843345,418,TWSE,common_stock,true,false,false,false,false,false,false,false,true,
2025-11-17,9904,寶成,listed,30.3,30.5,29.7,29.75,-0.15,-0.5017,12682233,380718800,6305,TWSE,common_stock,true,false,false,false,false,false,false,false,true,
2025-11-17,9905,大華,listed,20.0,20.0,19.85,19.95,-0.05,-0.25,58281,1163062,55,TWSE,common_stock,true,false,false,false,false,false,false,false,true,
2025-11-17,9906,欣巴巴,listed,45.75,45.75,44.75,45.3,-0.15,-0.33,82720,3742404,134,TWSE,common_stock,true,false,false,false,false,false,false,false,true,
2025-11-17,9907,統一實,listed,18.45,18.7,18.35,18.65,0.15,0.8108,2795844,51766691,1317,TWSE,etf,false,true,false,false,false,false,false,false,false,security_type=etf
2025-11-17,9908,大台北,listed,29.95,30.1,29.95,30.1,0.1,0.3333,90353,2710777,75,TWSE,common_stock,true,false,false,false,false,false,false,false,true,
2025-11-17,9910,豐泰,listed,126.0,129.5,125.5,128.0,0.5,0.3922,579539,74089003,649,TWSE,common_stock,true,false,false,false,false,false,false,false,true,
2025-11-17,9911,櫻花,listed,83.8,84.4,83.2,83.6,-0.2,-0.2387,373274,31241422,552,TWSE,common_stock,true,false,false,false,false,false,false,false,true,
2025-11-17,9912,偉聯,listed,12.1,12.2,11.95,12.0,0.0,0.0,50421,608749,70,TWSE,common_stock,true,false,false,false,false,false,false,false,true,
2025-11-17,9914,美利達,listed,96.2,96.7,93.1,93.5,-1.6,-1.6824,964160,90856834,1427,TWSE,common_stock,true,false,false,false,false,false,false,false,true,
2025-11-17,9917,中保科,listed,107.5,107.5,106.5,106.5,-1.0,-0.9302,673259,72048921,936,TWSE,common_stock,true,false,false,false,false,false,false,false,true,
2025-11-17,9918,欣天然,listed,39.85,39.85,39.5,39.85,0.0,0.0,13563,538498,43,TWSE,common_stock,true,false,false,false,false,false,false,false,true,
2025-11-17,9919,康那香,listed,17.05,17.15,16.85,16.85,-0.15,-0.8824,230067,3894982,224,TWSE,common_stock,true,false,false,false,false,false,false,false,true,
2025-11-17,9921,巨大,listed,96.9,96.9,93.5,94.0,-2.5,-2.5907,2365560,224244481,2638,TWSE,common_stock,true,false,false,false,false,false,false,false,true,
2025-11-17,9924,福興,listed,52.5,53.5,52.2,53.3,0.6,1.1385,205156,10855628,225,TWSE,common_stock,true,false,false,false,false,false,false,false,true,
2025-11-17,9925,新保,listed,40.6,40.65,40.5,40.5,-0.1,-0.2463,342769,13898197,339,TWSE,common_stock,true,false,false,false,false,false,false,false,true,
2025-11-17,9926,新海,listed,49.3,49.6,49.15,49.45,0.15,0.3043,35197,1734349,29,TWSE,common_stock,true,false,false,false,false,false,false,false,true,
2025-11-17,9928,中視,listed,18.25,18.25,17.85,17.85,-0.15,-0.8333,14377,258381,21,TWSE,common_stock,true,false,false,false,false,false,false,false,true,
2025-11-17,9929,秋雨,listed,10.25,10.25,10.0,10.05,-0.25,-2.4272,10266,103372,15,TWSE,common_stock,true,false,false,false,false,false,false,false,true,
2025-11-17,9930,中聯資源,listed,69.7,70.6,69.7,70.1,0.4,0.5739,247294,17359460,255,TWSE,common_stock,true,false,false,false,false,false,false,false,true,
2025-11-17,9931,欣高,listed,33.8,33.8,33.6,33.6,0.05,0.149,2214,74622,12,TWSE,common_stock,true,false,false,false,false,false,false,false,true,
2025-11-17,9933,中鼎,listed,31.3,31.6,30.7,30.75,-0.5,-1.6,2631169,81395863,1954,TWSE,common_stock,true,false,false,false,false,false,false,false,true,
2025-11-17,9934,成霖,listed,9.97,9.97,9.74,9.75,-0.22,-2.2066,1610259,15804659,606,TWSE,common_stock,true,false,false,false,false,false,false,false,true,
2025-11-17,9935,慶豐富,listed,20.6,20.9,20.3,20.65,0.35,1.7241,610098,12591221,417,TWSE,common_stock,true,false,false,false,false,false,false,false,true,
2025-11-17,9937,全國,listed,57.0,57.2,56.7,57.2,0.2,0.3509,31539,1797165,50,TWSE,common_stock,true,false,false,false,false,false,false,false,true,
2025-11-17,9938,百和,listed,55.5,55.5,53.5,53.8,-1.3,-2.3593,1409968,76455396,1183,TWSE,common_stock,true,false,false,false,false,false,false,false,true,
2025-11-17,9939,宏全,listed,129.5,130.0,127.5,128.0,0.0,0.0,891569,114856511,1613,TWSE,common_stock,true,false,false,false,false,false,false,false,true,
2025-11-17,9940,信義,listed,22.35,22.4,22.05,22.3,-0.1,-0.4464,999416,22157183,816,TWSE,common_stock,true,false,false,false,false,false,false,false,true,
2025-11-17,9941,裕融,listed,95.4,95.4,93.2,93.7,-1.7,-1.782,928065,87155355,3102,TWSE,common_stock,true,false,false,false,false,false,false,false,true,
2025-11-17,9941A,裕融甲特,listed,50.2,50.2,50.2,50.2,0.0,0.0,2000,100400,2,TWSE,warrant,false,false,true,false,false,false,false,false,false,security_type=warrant;symbol_not_4_digit
2025-11-17,9942,茂順,listed,107.0,107.0,104.0,104.5,-1.5,-1.4151,110347,11582342,201,TWSE,common_stock,true,false,false,false,false,false,false,false,true,
2025-11-17,9943,好樂迪,listed,61.1,61.1,60.1,60.3,-0.3,-0.495,33593,2029702,104,TWSE,common_stock,true,false,false,false,false,false,false,false,true,
2025-11-17,9944,新麗,listed,16.75,16.85,16.75,16.85,0.1,0.597,7317,122854,38,TWSE,common_stock,true,false,false,false,false,false,false,false,true,
2025-11-17,9945,潤泰新,listed,30.3,30.4,29.75,29.8,-0.6,-1.9737,6412073,192063122,4423,TWSE,common_stock,true,false,false,false,false,false,false,false,true,
2025-11-17,9946,三發地產,listed,17.1,17.1,16.75,16.8,-0.35,-2.0408,129704,2189122,135,TWSE,common_stock,true,false,false,false,false,false,false,false,true,
2025-11-17,9955,佳龍,listed,29.6,29.65,28.65,28.75,-0.85,-2.8716,655291,18971998,1015,TWSE,common_stock,true,false,false,false,false,false,false,false,true,
2025-11-17,9958,世紀鋼,listed,135.0,141.5,132.5,133.5,-4.0,-2.9091,4003393,543328425,3070,TWSE,common_stock,true,false,false,false,false,false,false,false,true,
