date,symbol,name,market,open,high,low,close,change,change_pct,volume,turnover,transactions,source,security_type,is_common_stock,is_etf,is_warrant,is_bond_etf,is_leveraged_inverse,is_etn,is_preferred_stock,is_dr,scan_eligible,exclude_reason
2026-06-16,00400A,主動國泰動能高息,listed,14.83,14.86,14.7,14.72,0.09,0.6152,39861000,589595600,4886,TWSE,etf,false,true,true,false,false,false,false,false,false,security_type=etf;symbol_not_4_digit
2026-06-16,00401A,主動摩根台灣鑫收,listed,13.83,13.83,13.71,13.77,0.07,0.5109,4275000,58901170,469,TWSE,etf,false,true,true,false,false,false,false,false,false,security_type=etf;symbol_not_4_digit
2026-06-16,00402A,主動安聯美國科技,listed,10.02,10.04,10.0,10.03,0.11,1.1089,36943000,370186500,4666,TWSE,etf,false,true,true,false,false,false,false,false,false,security_type=etf;symbol_not_4_digit
2026-06-16,00403A,主動統一升級50,listed,10.74,10.77,10.66,10.7,0.09,0.8483,584988000,6274122450,68418,TWSE,etf,false,true,true,false,false,false,false,false,false,security_type=etf;symbol_not_4_digit
2026-06-16,00404A,主動聯博動能50,listed,10.15,10.15,10.05,10.09,0.09,0.9,33525000,338340790,4835,TWSE,etf,false,true,true,false,false,false,false,false,false,security_type=etf;symbol_not_4_digit
2026-06-16,00405A,主動富邦台灣龍耀,listed,9.42,9.49,9.34,9.37,0.03,0.3212,112144000,1054750350,15513,TWSE,etf,false,true,true,false,false,false,false,false,false,security_type=etf;symbol_not_4_digit
2026-06-16,00406A,主動中信台灣收益,listed,10.2,10.2,10.07,10.08,0.01,0.0993,31762000,321391120,3880,TWSE,etf,false,true,true,false,false,false,false,false,false,security_type=etf;symbol_not_4_digit
2026-06-16,0050,元大台灣50,listed,106.05,106.05,104.85,105.9,0.65,0.6176,66751000,7045178950,29675,TWSE,etf,false,true,false,false,false,false,false,false,false,security_type=etf
2026-06-16,0051,元大中型100,listed,144.55,144.55,142.5,143.4,0.9,0.6316,95000,13602750,51,TWSE,etf,false,true,false,false,false,false,false,false,false,security_type=etf
2026-06-16,0052,富邦科技,listed,61.95,61.95,61.25,61.85,0.25,0.4058,23367000,1441263100,7676,TWSE,etf,false,true,false,false,false,false,false,false,false,security_type=etf
2026-06-16,0053,元大電子,listed,240.55,242.7,240.5,241.8,0.9,0.3736,20000,4820450,18,TWSE,etf,false,true,false,false,false,false,false,false,false,security_type=etf
2026-06-16,0055,元大MSCI金融,listed,41.04,42.09,41.04,41.98,0.98,2.3902,1546000,64663560,447,TWSE,etf,false,true,false,false,false,false,false,false,false,security_type=etf
2026-06-16,0056,元大高股息,listed,51.8,51.9,51.4,51.55,0.05,0.0971,29607000,1528520800,10843,TWSE,etf,false,true,false,false,false,false,false,false,false,security_type=etf
2026-06-16,0057,富邦摩台,listed,311.6,314.05,310.6,314.05,2.45,0.7863,6000,1871850,6,TWSE,etf,false,true,false,false,false,false,false,false,false,security_type=etf
2026-06-16,0061,元大寶滬深,listed,25.21,25.39,25.21,25.28,0.07,0.2777,245000,6204250,78,TWSE,etf,false,true,false,false,false,false,false,false,false,security_type=etf
2026-06-16,006203,元大MSCI台灣,listed,191.15,192.7,191.15,191.9,1.8,0.9469,6000,1149500,6,TWSE,etf,false,true,false,false,false,false,false,false,false,security_type=etf;symbol_not_4_digit
2026-06-16,006204,永豐臺灣加權,listed,227.75,228.2,227.75,227.75,0.75,0.3304,10000,2277950,3,TWSE,etf,false,true,false,false,false,false,false,false,false,security_type=etf;symbol_not_4_digit
2026-06-16,006205,富邦上証,listed,41.1,41.42,41.1,41.1,0.05,0.1218,221000,9127490,68,TWSE,etf,false,true,false,false,false,false,false,false,false,security_type=etf;symbol_not_4_digit
2026-06-16,006206,元大上證50,listed,37.24,37.4,37.03,37.04,-0.14,-0.3765,56000,2087180,27,TWSE,etf,false,true,false,false,false,false,false,false,false,security_type=etf;symbol_not_4_digit
2026-06-16,006207,復華滬深,listed,33.85,33.98,33.8,33.8,0.23,0.6851,122000,4140430,13,TWSE,etf,false,true,false,false,false,false,false,false,false,security_type=etf;symbol_not_4_digit
2026-06-16,006208,富邦台50,listed,245.0,245.75,243.45,245.35,1.25,0.5121,2859000,699612200,1335,TWSE,etf,false,true,false,false,false,false,false,false,false,security_type=etf;symbol_not_4_digit
2026-06-16,00625K,富邦上証+R,listed,,,,,0.0,,0,0,0,TWSE,etf,false,true,true,false,false,false,false,false,false,security_type=etf;symbol_not_4_digit;invalid_close;invalid_volume;invalid_turnover
2026-06-16,00631L,元大台灣50正2,listed,37.6,37.6,36.78,37.31,0.24,0.6474,208425000,7746940120,47521,TWSE,leveraged_inverse,false,true,true,false,true,false,false,false,false,security_type=leveraged_inverse;symbol_not_4_digit
2026-06-16,00632R,元大台灣50反1,listed,10.17,10.27,10.15,10.19,-0.04,-0.391,120536000,1229932900,10530,TWSE,leveraged_inverse,false,true,true,false,true,false,false,false,false,security_type=leveraged_inverse;symbol_not_4_digit
2026-06-16,00633L,富邦上証正2,listed,53.55,53.85,52.95,52.95,-0.05,-0.0943,2274000,121400200,273,TWSE,leveraged_inverse,false,true,true,false,true,false,false,false,false,security_type=leveraged_inverse;symbol_not_4_digit
2026-06-16,00634R,富邦上証反1,listed,3.01,3.03,3.01,3.03,0.01,0.3311,252000,760910,12,TWSE,leveraged_inverse,false,true,true,false,true,false,false,false,false,security_type=leveraged_inverse;symbol_not_4_digit
2026-06-16,00635U,期元大S&P黃金,listed,45.18,45.24,44.94,45.17,-0.06,-0.1327,2746000,123811700,1332,TWSE,etf,false,true,true,false,false,false,false,false,false,security_type=etf;symbol_not_4_digit
2026-06-16,00636,國泰中國A50,listed,29.07,29.21,29.0,29.0,0.04,0.1381,271000,7893810,95,TWSE,etf,false,true,false,false,false,false,false,false,false,security_type=etf;symbol_not_4_digit
2026-06-16,00636K,國泰中國A50+U,listed,9.24,9.24,9.24,9.24,0.0,0.0,200,1848,2,TWSE,etf,false,true,true,false,false,false,false,false,false,security_type=etf;symbol_not_4_digit
2026-06-16,00637L,元大滬深300正2,listed,22.1,22.25,21.89,21.89,0.01,0.0457,19594000,432531360,2042,TWSE,leveraged_inverse,false,true,true,false,true,false,false,false,false,security_type=leveraged_inverse;symbol_not_4_digit
2026-06-16,00638R,元大滬深300反1,listed,6.44,6.44,6.43,6.43,-0.02,-0.3101,4000,25730,3,TWSE,leveraged_inverse,false,true,true,false,true,false,false,false,false,security_type=leveraged_inverse;symbol_not_4_digit
2026-06-16,00639,富邦深100,listed,18.17,18.41,18.17,18.31,0.25,1.3843,732000,13399470,225,TWSE,etf,false,true,false,false,false,false,false,false,false,security_type=etf;symbol_not_4_digit
2026-06-16,00640L,富邦日本正2,listed,103.15,104.25,103.0,103.6,-0.75,-0.7187,99000,10232100,52,TWSE,leveraged_inverse,false,true,true,false,true,false,false,false,false,security_type=leveraged_inverse;symbol_not_4_digit
2026-06-16,00641R,富邦日本反1,listed,3.79,3.81,3.78,3.8,0.02,0.5291,1549000,5882880,79,TWSE,leveraged_inverse,false,true,true,false,true,false,false,false,false,security_type=leveraged_inverse;symbol_not_4_digit
2026-06-16,00642U,期元大S&P石油,listed,25.97,26.02,25.83,25.83,-0.03,-0.116,3878000,100533570,1030,TWSE,etf,false,true,true,false,false,false,false,false,false,security_type=etf;symbol_not_4_digit
2026-06-16,00643,群益深証中小,listed,19.82,19.95,19.8,19.86,0.15,0.761,3163000,62994460,139,TWSE,etf,false,true,false,false,false,false,false,false,false,security_type=etf;symbol_not_4_digit
2026-06-16,00643K,群益深証中小+R,listed,4.19,4.19,4.19,4.19,0.0,0.0,3000,12570,3,TWSE,etf,false,true,true,false,false,false,false,false,false,security_type=etf;symbol_not_4_digit
2026-06-16,00645,富邦日本,listed,56.25,56.4,56.0,56.25,-0.1,-0.1775,133000,7476350,93,TWSE,etf,false,true,false,false,false,false,false,false,false,security_type=etf;symbol_not_4_digit
2026-06-16,00646,元大S&P500,listed,74.8,74.95,74.75,74.9,0.4,0.5369,1929000,144385500,859,TWSE,etf,false,true,false,false,false,false,false,false,false,security_type=etf;symbol_not_4_digit
2026-06-16,00647L,元大S&P500正2,listed,135.35,136.0,135.35,135.7,0.85,0.6303,99000,13429850,25,TWSE,leveraged_inverse,false,true,true,false,true,false,false,false,false,security_type=leveraged_inverse;symbol_not_4_digit
2026-06-16,00648R,元大S&P500反1,listed,3.97,3.97,3.95,3.95,-0.02,-0.5038,353000,1395510,49,TWSE,leveraged_inverse,false,true,true,false,true,false,false,false,false,security_type=leveraged_inverse;symbol_not_4_digit
2026-06-16,00650L,復華香港正2,listed,16.3,16.3,15.81,15.81,-0.46,-2.8273,5143000,82054680,855,TWSE,leveraged_inverse,false,true,true,false,true,false,false,false,false,security_type=leveraged_inverse;symbol_not_4_digit
2026-06-16,00651R,復華香港反1,listed,5.39,5.42,5.39,5.42,0.09,1.6886,57000,307890,15,TWSE,leveraged_inverse,false,true,true,false,true,false,false,false,false,security_type=leveraged_inverse;symbol_not_4_digit
2026-06-16,00652,富邦印度,listed,32.66,32.89,32.55,32.7,0.04,0.1225,255000,8334100,159,TWSE,etf,false,true,false,false,false,false,false,false,false,security_type=etf;symbol_not_4_digit
2026-06-16,00653L,富邦印度正2,listed,46.06,46.19,45.72,46.18,0.02,0.0433,98000,4502520,51,TWSE,leveraged_inverse,false,true,true,false,true,false,false,false,false,security_type=leveraged_inverse;symbol_not_4_digit
2026-06-16,00654R,富邦印度反1,listed,6.79,6.8,6.77,6.77,0.01,0.1479,35000,237650,7,TWSE,leveraged_inverse,false,true,true,false,true,false,false,false,false,security_type=leveraged_inverse;symbol_not_4_digit
2026-06-16,00655L,國泰中國A50正2,listed,37.25,37.57,36.99,37.02,-0.01,-0.027,1480000,55277560,194,TWSE,leveraged_inverse,false,true,true,false,true,false,false,false,false,security_type=leveraged_inverse;symbol_not_4_digit
2026-06-16,00656R,國泰中國A50反1,listed,5.7,5.71,5.68,5.7,-0.01,-0.1751,472000,2684390,11,TWSE,leveraged_inverse,false,true,true,false,true,false,false,false,false,security_type=leveraged_inverse;symbol_not_4_digit
2026-06-16,00657,國泰日經225,listed,81.55,81.65,80.6,81.05,0.25,0.3094,35000,2831200,22,TWSE,etf,false,true,false,false,false,false,false,false,false,security_type=etf;symbol_not_4_digit
2026-06-16,00657K,國泰日經225+U,listed,25.9,25.9,25.9,25.9,0.0,0.0,200,5180,2,TWSE,etf,false,true,true,false,false,false,false,false,false,security_type=etf;symbol_not_4_digit
2026-06-16,00660,元大歐洲50,listed,45.31,45.31,45.26,45.26,-0.3,-0.6585,4000,181160,4,TWSE,etf,false,true,false,false,false,false,false,false,false,security_type=etf;symbol_not_4_digit
2026-06-16,00661,元大日經225,listed,89.4,90.3,89.05,89.8,0.5,0.5599,114000,10203400,77,TWSE,etf,false,true,false,false,false,false,false,false,false,security_type=etf;symbol_not_4_digit
2026-06-16,00662,富邦NASDAQ,listed,123.5,123.9,123.35,123.85,1.4,1.1433,5191000,641877850,2130,TWSE,etf,false,true,false,false,false,false,false,false,false,security_type=etf;symbol_not_4_digit
2026-06-16,00663L,國泰臺灣加權正2,listed,109.15,109.5,107.2,108.4,0.8,0.7435,9710000,1052885150,3232,TWSE,leveraged_inverse,false,true,true,false,true,false,false,false,false,security_type=leveraged_inverse;symbol_not_4_digit
2026-06-16,00664R,國泰臺灣加權反1,listed,1.64,1.66,1.63,1.65,0.0,0.0,18189000,29950020,581,TWSE,leveraged_inverse,false,true,true,false,true,false,false,false,false,security_type=leveraged_inverse;symbol_not_4_digit
2026-06-16,00665L,富邦恒生國企正2,listed,9.32,9.32,8.99,8.99,-0.31,-3.3333,25310000,230228410,2200,TWSE,leveraged_inverse,false,true,true,false,true,false,false,false,false,security_type=leveraged_inverse;symbol_not_4_digit
2026-06-16,00666R,富邦恒生國企反1,listed,9.3,9.36,9.3,9.36,0.17,1.8498,16000,149340,7,TWSE,leveraged_inverse,false,true,true,false,true,false,false,false,false,security_type=leveraged_inverse;symbol_not_4_digit
2026-06-16,00668,國泰美國道瓊,listed,59.5,59.6,59.5,59.55,0.05,0.084,10000,595600,8,TWSE,etf,false,true,false,false,false,false,false,false,false,security_type=etf;symbol_not_4_digit
2026-06-16,00668K,國泰美國道瓊+U,listed,18.91,18.91,18.91,18.91,0.0,0.0,100,1891,1,TWSE,etf,false,true,true,false,false,false,false,false,false,security_type=etf;symbol_not_4_digit
2026-06-16,00669R,國泰美國道瓊反1,listed,5.31,5.32,5.3,5.32,0.0,0.0,952000,5054610,83,TWSE,leveraged_inverse,false,true,true,false,true,false,false,false,false,security_type=leveraged_inverse;symbol_not_4_digit
2026-06-16,00670L,富邦NASDAQ正2,listed,220.2,220.9,219.55,220.9,4.0,1.8442,877000,193092100,412,TWSE,leveraged_inverse,false,true,true,false,true,false,false,false,false,security_type=leveraged_inverse;symbol_not_4_digit
2026-06-16,00671R,富邦NASDAQ反1,listed,2.37,2.37,2.35,2.37,0.0,0.0,3319000,7840020,189,TWSE,leveraged_inverse,false,true,true,false,true,false,false,false,false,security_type=leveraged_inverse;symbol_not_4_digit
2026-06-16,00673R,期元大S&P原油反1,listed,13.96,14.03,13.91,14.03,0.05,0.3577,16981000,237228190,1637,TWSE,leveraged_inverse,false,true,true,false,true,false,false,false,false,security_type=leveraged_inverse;symbol_not_4_digit
2026-06-16,00674R,期元大S&P黃金反1,listed,28.41,28.56,28.4,28.45,0.1,0.3527,248000,7056700,62,TWSE,leveraged_inverse,false,true,true,false,true,false,false,false,false,security_type=leveraged_inverse;symbol_not_4_digit
2026-06-16,00675L,富邦臺灣加權正2,listed,330.45,331.45,324.45,329.0,3.15,0.9667,2113000,692574900,825,TWSE,leveraged_inverse,false,true,true,false,true,false,false,false,false,security_type=leveraged_inverse;symbol_not_4_digit
2026-06-16,00676R,富邦臺灣加權反1,listed,5.6,5.65,5.59,5.62,-0.01,-0.1776,7403000,41616950,460,TWSE,leveraged_inverse,false,true,true,false,true,false,false,false,false,security_type=leveraged_inverse;symbol_not_4_digit
2026-06-16,00678,群益那斯達克生技,listed,36.09,36.23,36.08,36.21,-0.21,-0.5766,485000,17546870,25,TWSE,etf,false,true,false,false,false,false,false,false,false,security_type=etf;symbol_not_4_digit
2026-06-16,00680L,元大美債20正2,listed,6.94,6.94,6.9,6.91,-0.12,-1.707,9029000,62420980,437,TWSE,bond_etf,false,true,true,true,true,false,false,false,false,security_type=bond_etf;symbol_not_4_digit
2026-06-16,00681R,元大美債20反1,listed,21.05,21.07,21.0,21.01,0.17,0.8157,13000,273420,11,TWSE,bond_etf,false,true,true,true,true,false,false,false,false,security_type=bond_etf;symbol_not_4_digit
2026-06-16,00682U,期元大美元指數,listed,20.51,20.51,20.51,20.51,0.0,0.0,15000,307650,1,TWSE,etf,false,true,true,false,false,false,false,false,false,security_type=etf;symbol_not_4_digit
2026-06-16,00683L,期元大美元指正2,listed,21.41,21.47,21.41,21.47,0.22,1.0353,47000,1008200,7,TWSE,leveraged_inverse,false,true,true,false,true,false,false,false,false,security_type=leveraged_inverse;symbol_not_4_digit
2026-06-16,00684R,期元大美元指反1,listed,15.1,15.1,15.1,15.1,0.0,0.0,2000,30200,1,TWSE,leveraged_inverse,false,true,true,false,true,false,false,false,false,security_type=leveraged_inverse;symbol_not_4_digit
2026-06-16,00685L,群益臺灣加權正2,listed,300.0,300.45,294.5,297.4,1.45,0.4899,4757000,1415084250,2113,TWSE,leveraged_inverse,false,true,true,false,true,false,false,false,false,security_type=leveraged_inverse;symbol_not_4_digit
2026-06-16,00686R,群益臺灣加權反1,listed,1.01,1.02,1.0,1.02,0.0,0.0,13846000,13950480,203,TWSE,leveraged_inverse,false,true,true,false,true,false,false,false,false,security_type=leveraged_inverse;symbol_not_4_digit
2026-06-16,00688L,國泰20年美債正2,listed,6.89,6.91,6.89,6.89,-0.12,-1.7118,2904000,20031320,184,TWSE,bond_etf,false,true,true,true,true,false,false,false,false,security_type=bond_etf;symbol_not_4_digit
2026-06-16,00689R,國泰20年美債反1,listed,21.94,21.96,21.94,21.96,0.19,0.8728,5000,109760,3,TWSE,bond_etf,false,true,true,true,true,false,false,false,false,security_type=bond_etf;symbol_not_4_digit
2026-06-16,00690,兆豐藍籌30,listed,81.0,81.25,80.45,81.2,0.95,1.1838,637000,51600150,192,TWSE,etf,false,true,false,false,false,false,false,false,false,security_type=etf;symbol_not_4_digit
2026-06-16,00692,富邦公司治理,listed,91.5,91.8,90.8,91.65,0.6,0.659,1173000,107117300,468,TWSE,etf,false,true,false,false,false,false,false,false,false,security_type=etf;symbol_not_4_digit
2026-06-16,00693U,期街口S&P黃豆,listed,20.66,20.66,20.53,20.53,-0.11,-0.5329,522000,10743800,213,TWSE,warrant,false,false,true,false,false,false,false,false,false,security_type=warrant;symbol_not_4_digit
2026-06-16,00700,富邦恒生國企,listed,16.91,16.91,16.64,16.64,-0.27,-1.5967,426000,7139040,65,TWSE,etf,false,true,false,false,false,false,false,false,false,security_type=etf;symbol_not_4_digit
2026-06-16,00701,國泰股利精選30,listed,38.03,38.33,37.76,38.2,0.58,1.5417,863000,32816840,247,TWSE,etf,false,true,false,false,false,false,false,false,false,security_type=etf;symbol_not_4_digit
2026-06-16,00702,國泰標普低波高息,listed,24.6,24.6,24.5,24.53,-0.17,-0.6883,118000,2894330,12,TWSE,etf,false,true,false,false,false,false,false,false,false,security_type=etf;symbol_not_4_digit
2026-06-16,00703,台新MSCI中國,listed,19.36,19.75,19.1,19.12,-0.24,-1.2397,49000,940820,23,TWSE,other,false,false,false,false,false,false,false,false,false,symbol_not_4_digit
2026-06-16,00706L,期元大S&P日圓正2,listed,19.01,19.02,18.97,18.99,-0.06,-0.315,2810000,53392180,449,TWSE,leveraged_inverse,false,true,true,false,true,false,false,false,false,security_type=leveraged_inverse;symbol_not_4_digit
2026-06-16,00707R,期元大S&P日圓反1,listed,,,,,0.0,,0,0,0,TWSE,leveraged_inverse,false,true,true,false,true,false,false,false,false,security_type=leveraged_inverse;symbol_not_4_digit;invalid_close;invalid_volume;invalid_turnover
2026-06-16,00708L,期元大S&P黃金正2,listed,81.1,81.4,80.4,81.25,-0.1,-0.1229,2011000,162735900,956,TWSE,leveraged_inverse,false,true,true,false,true,false,false,false,false,security_type=leveraged_inverse;symbol_not_4_digit
2026-06-16,00709,富邦歐洲,listed,39.43,39.44,39.11,39.25,-0.63,-1.5797,31000,1217850,28,TWSE,etf,false,true,false,false,false,false,false,false,false,security_type=etf;symbol_not_4_digit
2026-06-16,00710B,復華彭博非投等債,listed,19.0,19.09,19.0,19.03,0.03,0.1579,461000,8788850,44,TWSE,bond_etf,false,true,true,true,false,false,false,false,false,security_type=bond_etf;symbol_not_4_digit
2026-06-16,00711B,復華彭博新興債,listed,16.25,16.25,16.22,16.22,-0.03,-0.1846,107000,1737600,7,TWSE,bond_etf,false,true,true,true,false,false,false,false,false,security_type=bond_etf;symbol_not_4_digit
2026-06-16,00712,復華富時不動產,listed,8.86,8.86,8.83,8.84,-0.02,-0.2257,51629000,456330140,5423,TWSE,etf,false,true,false,false,false,false,false,false,false,security_type=etf;symbol_not_4_digit
2026-06-16,00713,元大台灣高息低波,listed,60.65,60.8,60.55,60.75,0.2,0.3303,5300000,321717200,1715,TWSE,etf,false,true,false,false,false,false,false,false,false,security_type=etf;symbol_not_4_digit
2026-06-16,00714,群益道瓊美國地產,listed,21.75,21.82,21.72,21.79,-0.25,-1.1343,425000,9259940,48,TWSE,etf,false,true,false,false,false,false,false,false,false,security_type=etf;symbol_not_4_digit
2026-06-16,00715L,期街口布蘭特正2,listed,42.65,42.77,41.79,41.79,-0.81,-1.9014,8305000,350710020,2538,TWSE,leveraged_inverse,false,true,true,false,true,false,false,false,false,security_type=leveraged_inverse;symbol_not_4_digit
2026-06-16,00717,富邦美國特別股,listed,15.08,15.1,15.06,15.1,0.06,0.3989,253000,3816850,78,TWSE,preferred_stock,false,true,false,false,false,false,true,false,false,security_type=preferred_stock;symbol_not_4_digit
2026-06-16,00728,第一金工業30,listed,64.0,64.1,63.55,63.65,0.05,0.0786,180000,11475150,41,TWSE,other,false,false,false,false,false,false,false,false,false,symbol_not_4_digit
2026-06-16,00730,富邦臺灣優質高息,listed,29.5,29.53,28.65,28.72,0.0,0.0,569000,16412520,208,TWSE,etf,false,true,false,false,false,false,false,false,false,security_type=etf;symbol_not_4_digit
2026-06-16,00731,復華富時高息低波,listed,87.75,89.15,87.65,89.1,1.8,2.0619,898000,79743900,114,TWSE,etf,false,true,false,false,false,false,false,false,false,security_type=etf;symbol_not_4_digit
2026-06-16,00733,富邦臺灣中小,listed,74.5,75.7,74.5,74.55,0.65,0.8796,925000,69615600,266,TWSE,etf,false,true,false,false,false,false,false,false,false,security_type=etf;symbol_not_4_digit
2026-06-16,00735,國泰臺韓科技,listed,114.5,114.5,112.75,113.85,0.85,0.7522,2661000,302402950,1281,TWSE,etf,false,true,false,false,false,false,false,false,false,security_type=etf;symbol_not_4_digit
2026-06-16,00736,國泰新興市場,listed,31.14,31.24,31.1,31.24,0.24,0.7742,110000,3427930,12,TWSE,etf,false,true,false,false,false,false,false,false,false,security_type=etf;symbol_not_4_digit
2026-06-16,00737,國泰AI機器人,listed,38.66,38.86,38.66,38.79,0.14,0.3622,85000,3293920,64,TWSE,etf,false,true,false,false,false,false,false,false,false,security_type=etf;symbol_not_4_digit
2026-06-16,00738U,期元大道瓊白銀,listed,56.2,56.3,55.5,56.2,-0.5,-0.8818,3378000,188872250,1446,TWSE,etf,false,true,true,false,false,false,false,false,false,security_type=etf;symbol_not_4_digit
2026-06-16,00739,元大MSCI A股,listed,28.98,29.3,28.98,29.25,0.29,1.0014,74000,2163590,28,TWSE,etf,false,true,false,false,false,false,false,false,false,security_type=etf;symbol_not_4_digit
2026-06-16,00752,中信中國50,listed,22.9,22.9,22.43,22.43,-0.37,-1.6228,2447000,55092680,698,TWSE,etf,false,true,false,false,false,false,false,false,false,security_type=etf;symbol_not_4_digit
2026-06-16,00753L,中信中國50正2,listed,9.63,9.65,9.36,9.37,-0.18,-1.8848,8846000,83867010,1275,TWSE,leveraged_inverse,false,true,true,false,true,false,false,false,false,security_type=leveraged_inverse;symbol_not_4_digit
2026-06-16,00757,統一FANG+,listed,130.9,131.05,130.6,131.0,2.8,2.1841,1755000,229555700,672,TWSE,etf,false,true,false,false,false,false,false,false,false,security_type=etf;symbol_not_4_digit
2026-06-16,00762,元大全球AI,listed,120.4,121.55,120.4,121.55,3.3,2.7907,471000,57034650,216,TWSE,etf,false,true,false,false,false,false,false,false,false,security_type=etf;symbol_not_4_digit
2026-06-16,00763U,期街口道瓊銅,listed,34.62,34.66,34.44,34.6,-0.5,-1.4245,594000,20525650,210,TWSE,warrant,false,false,true,false,false,false,false,false,false,security_type=warrant;symbol_not_4_digit
2026-06-16,00770,國泰北美科技,listed,68.8,69.05,68.8,69.05,1.0,1.4695,174000,11999250,111,TWSE,etf,false,true,false,false,false,false,false,false,false,security_type=etf;symbol_not_4_digit
2026-06-16,00771,元大US高息特別股,listed,15.75,15.83,15.73,15.78,0.03,0.1905,37000,584260,19,TWSE,preferred_stock,false,true,false,false,false,false,true,false,false,security_type=preferred_stock;symbol_not_4_digit
2026-06-16,00775B,新光投等債15+,listed,32.43,32.43,32.35,32.35,-0.15,-0.4615,81000,2620430,5,TWSE,bond_etf,false,true,true,true,false,false,false,false,false,security_type=bond_etf;symbol_not_4_digit
2026-06-16,00783,富邦中証500,listed,29.8,30.18,29.8,30.0,0.42,1.4199,117000,3498310,19,TWSE,etf,false,true,false,false,false,false,false,false,false,security_type=etf;symbol_not_4_digit
2026-06-16,00830,國泰費城半導體,listed,98.55,98.55,97.75,98.45,0.0,0.0,8384000,823134050,3695,TWSE,etf,false,true,false,false,false,false,false,false,false,security_type=etf;symbol_not_4_digit
2026-06-16,00850,元大臺灣ESG永續,listed,91.0,91.15,90.3,91.05,0.7,0.7748,666000,60473800,403,TWSE,etf,false,true,false,false,false,false,false,false,false,security_type=etf;symbol_not_4_digit
2026-06-16,00851,台新全球AI,listed,73.05,74.0,73.05,73.85,1.35,1.8621,6000,440200,5,TWSE,other,false,false,false,false,false,false,false,false,false,symbol_not_4_digit
2026-06-16,00852L,國泰美國道瓊正2,listed,33.99,34.0,33.89,33.89,-0.1,-0.2942,107000,3633380,34,TWSE,leveraged_inverse,false,true,true,false,true,false,false,false,false,security_type=leveraged_inverse;symbol_not_4_digit
2026-06-16,00861,元大全球未來通訊,listed,95.35,95.65,94.9,95.6,0.85,0.8971,92000,8757550,59,TWSE,etf,false,true,false,false,false,false,false,false,false,security_type=etf;symbol_not_4_digit
2026-06-16,00865B,國泰US短期公債,listed,48.0,48.1,48.0,48.06,0.1,0.2085,2541000,122086180,320,TWSE,bond_etf,false,true,true,true,false,false,false,false,false,security_type=bond_etf;symbol_not_4_digit
2026-06-16,00875,國泰網路資安,listed,47.66,47.66,47.2,47.38,-0.28,-0.5875,25000,1183720,16,TWSE,etf,false,true,false,false,false,false,false,false,false,security_type=etf;symbol_not_4_digit
2026-06-16,00876,元大全球5G,listed,99.45,100.3,99.45,100.2,1.35,1.3657,325000,32485550,172,TWSE,etf,false,true,false,false,false,false,false,false,false,security_type=etf;symbol_not_4_digit
2026-06-16,00878,國泰永續高股息,listed,32.78,32.98,32.65,32.91,0.3,0.92,48361000,1589261750,13364,TWSE,etf,false,true,false,false,false,false,false,false,false,security_type=etf;symbol_not_4_digit
2026-06-16,00881,國泰台灣科技龍頭,listed,54.85,55.05,54.55,54.85,0.3,0.55,8945000,490598500,2597,TWSE,etf,false,true,false,false,false,false,false,false,false,security_type=etf;symbol_not_4_digit
2026-06-16,00882,中信中國高股息,listed,16.1,16.14,15.96,15.97,-0.12,-0.7458,9290000,148744240,1214,TWSE,etf,false,true,false,false,false,false,false,false,false,security_type=etf;symbol_not_4_digit
2026-06-16,00885,富邦越南,listed,18.32,18.42,18.32,18.36,0.09,0.4926,2564000,47131850,673,TWSE,etf,false,true,false,false,false,false,false,false,false,security_type=etf;symbol_not_4_digit
2026-06-16,00891,中信關鍵半導體,listed,36.55,36.62,36.15,36.62,0.47,1.3001,23720000,864420270,5466,TWSE,etf,false,true,false,false,false,false,false,false,false,security_type=etf;symbol_not_4_digit
2026-06-16,00892,富邦台灣半導體,listed,44.6,44.99,44.26,44.99,0.64,1.4431,1953000,87325580,510,TWSE,etf,false,true,false,false,false,false,false,false,false,security_type=etf;symbol_not_4_digit
2026-06-16,00893,國泰智能電動車,listed,47.26,47.6,47.26,47.54,0.61,1.2998,968000,45984490,293,TWSE,etf,false,true,false,false,false,false,false,false,false,security_type=etf;symbol_not_4_digit
2026-06-16,00894,中信小資高價30,listed,49.65,49.7,49.2,49.43,0.32,0.6516,1455000,72034180,392,TWSE,etf,false,true,false,false,false,false,false,false,false,security_type=etf;symbol_not_4_digit
2026-06-16,00895,富邦未來車,listed,52.35,52.75,52.35,52.65,0.6,1.1527,635000,33339600,205,TWSE,etf,false,true,false,false,false,false,false,false,false,security_type=etf;symbol_not_4_digit
2026-06-16,00896,中信綠能及電動車,listed,28.0,28.04,27.57,27.6,0.0,0.0,12754000,353198880,4212,TWSE,etf,false,true,false,false,false,false,false,false,false,security_type=etf;symbol_not_4_digit
2026-06-16,00897,富邦基因免疫生技,listed,9.95,9.95,9.89,9.89,-0.06,-0.603,284000,2810830,76,TWSE,etf,false,true,false,false,false,false,false,false,false,security_type=etf;symbol_not_4_digit
2026-06-16,00898,國泰基因免疫革命,listed,8.43,8.47,8.43,8.44,0.01,0.1186,1123000,9499940,137,TWSE,etf,false,true,false,false,false,false,false,false,false,security_type=etf;symbol_not_4_digit
2026-06-16,00899,FT潔淨能源,listed,27.08,27.08,26.82,26.88,-0.24,-0.885,78000,2097690,54,TWSE,other,false,false,false,false,false,false,false,false,false,symbol_not_4_digit
2026-06-16,00900,富邦特選高股息30,listed,19.5,19.53,19.35,19.39,0.0,0.0,4735000,91948340,1057,TWSE,etf,false,true,false,false,false,false,false,false,false,security_type=etf;symbol_not_4_digit
2026-06-16,00901,永豐智能車供應鏈,listed,46.8,47.21,46.6,46.81,0.21,0.4506,309000,14469790,45,TWSE,etf,false,true,false,false,false,false,false,false,false,security_type=etf;symbol_not_4_digit
2026-06-16,00902,中信電池及儲能,listed,15.8,16.09,15.76,16.0,0.31,1.9758,2974000,47487270,528,TWSE,etf,false,true,false,false,false,false,false,false,false,security_type=etf;symbol_not_4_digit
2026-06-16,00903,富邦元宇宙,listed,21.89,21.97,21.89,21.96,0.35,1.6196,264000,5794320,40,TWSE,etf,false,true,false,false,false,false,false,false,false,security_type=etf;symbol_not_4_digit
2026-06-16,00904,新光臺灣半導體30,listed,42.4,42.5,41.99,42.39,0.46,1.0971,2420000,102506130,381,TWSE,other,false,false,false,false,false,false,false,false,false,symbol_not_4_digit
2026-06-16,00905,FT臺灣Smart,listed,27.82,27.86,27.6,27.77,0.07,0.2527,950000,26384080,350,TWSE,other,false,false,false,false,false,false,false,false,false,symbol_not_4_digit
2026-06-16,00907,永豐優息存股,listed,16.41,16.5,16.3,16.39,0.03,0.1834,1238000,20308430,259,TWSE,etf,false,true,false,false,false,false,false,false,false,security_type=etf;symbol_not_4_digit
2026-06-16,00908,富邦入息REITs+,listed,15.02,15.03,15.0,15.02,-0.1,-0.6614,225000,3378530,23,TWSE,etf,false,true,false,false,false,false,false,false,false,security_type=etf;symbol_not_4_digit
2026-06-16,00909,國泰數位支付服務,listed,51.1,51.1,50.85,50.9,0.4,0.7921,1478000,75339500,542,TWSE,etf,false,true,false,false,false,false,false,false,false,security_type=etf;symbol_not_4_digit
2026-06-16,00910,第一金太空衛星,listed,70.0,70.0,68.1,68.4,-2.05,-2.9099,4907000,336467700,2864,TWSE,other,false,false,false,false,false,false,false,false,false,symbol_not_4_digit
2026-06-16,00911,兆豐洲際半導體,listed,67.45,67.45,66.5,66.75,-0.1,-0.1496,985000,65928100,305,TWSE,etf,false,true,false,false,false,false,false,false,false,security_type=etf;symbol_not_4_digit
2026-06-16,00912,中信臺灣智慧50,listed,34.02,34.24,33.95,34.13,0.26,0.7676,697000,23740960,128,TWSE,etf,false,true,false,false,false,false,false,false,false,security_type=etf;symbol_not_4_digit
2026-06-16,00913,兆豐台灣晶圓製造,listed,52.45,52.45,51.8,52.0,0.45,0.8729,2743000,142982200,635,TWSE,etf,false,true,false,false,false,false,false,false,false,security_type=etf;symbol_not_4_digit
2026-06-16,00915,凱基優選高股息30,listed,31.15,31.38,31.08,31.36,0.0,0.0,6110000,190952690,828,TWSE,etf,false,true,false,false,false,false,false,false,false,security_type=etf;symbol_not_4_digit
2026-06-16,00916,國泰全球品牌50,listed,26.0,26.32,25.82,25.91,0.0,0.0,8205000,212607640,2409,TWSE,etf,false,true,false,false,false,false,false,false,false,security_type=etf;symbol_not_4_digit
2026-06-16,00917,中信特選金融,listed,22.5,22.5,22.36,22.39,-0.06,-0.2673,444000,9943770,205,TWSE,etf,false,true,false,false,false,false,false,false,false,security_type=etf;symbol_not_4_digit
2026-06-16,00918,大華優利高填息30,listed,32.39,32.39,31.97,32.12,0.24,0.7528,100564000,3232708940,18309,TWSE,other,false,false,false,false,false,false,false,false,false,symbol_not_4_digit
2026-06-16,00919,群益台灣精選高息,listed,29.94,30.05,29.69,29.97,0.0,0.0,176502000,5271914280,52172,TWSE,etf,false,true,false,false,false,false,false,false,false,security_type=etf;symbol_not_4_digit
2026-06-16,00920,富邦ESG綠色電力,listed,26.43,26.43,26.37,26.37,-0.05,-0.1893,139000,3668360,71,TWSE,etf,false,true,false,false,false,false,false,false,false,security_type=etf;symbol_not_4_digit
2026-06-16,00921,兆豐龍頭等權重,listed,23.12,23.12,22.88,22.91,0.0,0.0,122000,2800210,33,TWSE,etf,false,true,false,false,false,false,false,false,false,security_type=etf;symbol_not_4_digit
2026-06-16,00922,國泰台灣領袖50,listed,40.42,40.55,40.19,40.48,0.31,0.7717,7301000,295099140,2243,TWSE,etf,false,true,false,false,false,false,false,false,false,security_type=etf;symbol_not_4_digit
2026-06-16,00923,群益台ESG低碳50,listed,42.73,42.77,42.39,42.66,0.27,0.6369,4622000,197033210,791,TWSE,etf,false,true,false,false,false,false,false,false,false,security_type=etf;symbol_not_4_digit
2026-06-16,00924,復華S&P500成長,listed,32.58,32.63,32.57,32.61,0.33,1.0223,1834000,59767170,562,TWSE,etf,false,true,false,false,false,false,false,false,false,security_type=etf;symbol_not_4_digit
2026-06-16,00926,凱基全球菁英55,listed,25.02,25.09,25.0,25.08,0.33,1.3333,926000,23194420,131,TWSE,etf,false,true,false,false,false,false,false,false,false,security_type=etf;symbol_not_4_digit
2026-06-16,00927,群益半導體收益,listed,40.05,40.1,39.6,39.91,0.3,0.7574,8877000,353631800,2557,TWSE,etf,false,true,false,false,false,false,false,false,false,security_type=etf;symbol_not_4_digit
2026-06-16,00929,復華台灣科技優息,listed,30.77,30.9,30.5,30.63,0.14,0.4592,28421000,872410140,5668,TWSE,etf,false,true,false,false,false,false,false,false,false,security_type=etf;symbol_not_4_digit
2026-06-16,00930,永豐ESG低碳高息,listed,24.92,24.95,24.8,24.83,0.09,0.3638,417000,10377440,98,TWSE,etf,false,true,false,false,false,false,false,false,false,security_type=etf;symbol_not_4_digit
2026-06-16,00932,兆豐永續高息等權,listed,17.63,17.71,17.43,17.44,-0.15,-0.8528,871000,15264070,120,TWSE,etf,false,true,false,false,false,false,false,false,false,security_type=etf;symbol_not_4_digit
2026-06-16,00934,中信成長高股息,listed,28.64,28.64,28.21,28.38,0.0,0.0,3730000,105712880,857,TWSE,etf,false,true,false,false,false,false,false,false,false,security_type=etf;symbol_not_4_digit
2026-06-16,00935,野村臺灣新科技50,listed,61.45,61.7,61.0,61.35,0.5,0.8217,11575000,711110400,3362,TWSE,other,false,false,false,false,false,false,false,false,false,symbol_not_4_digit
2026-06-16,00936,台新永續高息中小,listed,20.62,20.66,20.45,20.51,0.01,0.0488,1007000,20686570,170,TWSE,other,false,false,false,false,false,false,false,false,false,symbol_not_4_digit
2026-06-16,00938,凱基優選30,listed,24.07,24.23,23.91,24.2,0.4,1.6807,1657000,39731970,95,TWSE,etf,false,true,false,false,false,false,false,false,false,security_type=etf;symbol_not_4_digit
2026-06-16,00939,統一台灣高息動能,listed,21.3,21.5,21.26,21.47,0.2,0.9403,5032000,107639200,1008,TWSE,etf,false,true,false,false,false,false,false,false,false,security_type=etf;symbol_not_4_digit
2026-06-16,00940,元大台灣價值高息,listed,12.47,12.5,12.35,12.36,-0.07,-0.5632,15364000,190495910,2626,TWSE,etf,false,true,false,false,false,false,false,false,false,security_type=etf;symbol_not_4_digit
2026-06-16,00941,中信上游半導體,listed,28.54,28.63,28.44,28.55,-0.03,-0.105,2113000,60287120,492,TWSE,etf,false,true,false,false,false,false,false,false,false,security_type=etf;symbol_not_4_digit
2026-06-16,00943,兆豐電子高息等權,listed,22.2,22.2,21.67,21.68,0.0,0.0,170000,3724440,76,TWSE,etf,false,true,false,false,false,false,false,false,false,security_type=etf;symbol_not_4_digit
2026-06-16,00944,野村趨勢動能高息,listed,21.49,21.56,21.43,21.5,0.0,0.0,827000,17777020,78,TWSE,other,false,false,false,false,false,false,false,false,false,symbol_not_4_digit
2026-06-16,00945B,凱基美國非投等債,listed,14.44,14.45,14.42,14.44,0.0,0.0,5611000,80971460,351,TWSE,bond_etf,false,true,true,true,false,false,false,false,false,security_type=bond_etf;symbol_not_4_digit
2026-06-16,00946,群益科技高息成長,listed,14.91,14.98,14.71,14.8,-0.04,-0.2695,2564000,37880230,572,TWSE,etf,false,true,false,false,false,false,false,false,false,security_type=etf;symbol_not_4_digit
2026-06-16,00947,台新臺灣IC設計,listed,39.52,39.71,38.88,39.52,0.86,2.2245,8196000,323204480,2205,TWSE,other,false,false,false,false,false,false,false,false,false,symbol_not_4_digit
2026-06-16,00949,復華日本龍頭,listed,20.48,20.62,20.41,20.46,-0.05,-0.2438,662000,13560410,217,TWSE,etf,false,true,false,false,false,false,false,false,false,security_type=etf;symbol_not_4_digit
2026-06-16,00951,台新日本半導體,listed,19.83,19.85,19.43,19.69,-0.06,-0.3038,5208000,102211740,778,TWSE,other,false,false,false,false,false,false,false,false,false,symbol_not_4_digit
2026-06-16,00952,凱基台灣AI50,listed,18.57,18.57,18.16,18.22,0.0,0.0,3225000,58999110,831,TWSE,etf,false,true,false,false,false,false,false,false,false,security_type=etf;symbol_not_4_digit
2026-06-16,00953B,群益優選非投等債,listed,9.61,9.62,9.6,9.61,0.02,0.2086,17500000,168124960,2003,TWSE,bond_etf,false,true,true,true,false,false,false,false,false,security_type=bond_etf;symbol_not_4_digit
2026-06-16,00954,中信日本半導體,listed,21.09,21.2,20.76,21.02,-0.06,-0.2846,6845000,143881330,731,TWSE,etf,false,true,false,false,false,false,false,false,false,security_type=etf;symbol_not_4_digit
2026-06-16,00956,中信日經高股息,listed,12.38,12.38,12.3,12.31,-0.1,-0.8058,381000,4698690,71,TWSE,etf,false,true,false,false,false,false,false,false,false,security_type=etf;symbol_not_4_digit
2026-06-16,00960,野村全球航運龍頭,listed,18.06,18.06,17.8,17.81,-0.44,-2.411,526000,9388630,194,TWSE,other,false,false,false,false,false,false,false,false,false,symbol_not_4_digit
2026-06-16,00961,FT臺灣永續高息,listed,12.72,12.79,12.71,12.76,0.0,0.0,7232000,92161580,1171,TWSE,other,false,false,false,false,false,false,false,false,false,symbol_not_4_digit
2026-06-16,00962,台新AI優息動能,listed,14.92,14.99,14.68,14.7,-0.09,-0.6085,1876000,27703630,167,TWSE,other,false,false,false,false,false,false,false,false,false,symbol_not_4_digit
2026-06-16,00963,中信全球高股息,listed,12.79,12.79,12.66,12.66,0.0,0.0,1946000,24680670,280,TWSE,etf,false,true,false,false,false,false,false,false,false,security_type=etf;symbol_not_4_digit
2026-06-16,00964,中信亞太高股息,listed,14.75,14.8,14.61,14.61,0.0,0.0,2529000,37072440,235,TWSE,etf,false,true,false,false,false,false,false,false,false,security_type=etf;symbol_not_4_digit
2026-06-16,00965,元大航太防衛科技,listed,25.53,25.63,25.48,25.57,0.46,1.8319,4423000,113044330,1306,TWSE,etf,false,true,false,false,false,false,false,false,false,security_type=etf;symbol_not_4_digit
2026-06-16,00971,野村美國研發龍頭,listed,16.75,16.85,16.75,16.84,0.12,0.7177,518000,8716680,112,TWSE,other,false,false,false,false,false,false,false,false,false,symbol_not_4_digit
2026-06-16,00972,野村日本動能高息,listed,19.6,19.6,19.3,19.39,0.0,0.0,65000,1262020,20,TWSE,other,false,false,false,false,false,false,false,false,false,symbol_not_4_digit
2026-06-16,009800,中信NASDAQ,listed,13.33,13.38,13.33,13.37,0.13,0.9819,1701000,22714020,418,TWSE,etf,false,true,false,false,false,false,false,false,false,security_type=etf;symbol_not_4_digit
2026-06-16,009801,中信美國創新科技,listed,12.5,12.57,12.5,12.56,0.24,1.9481,1010000,12669220,152,TWSE,etf,false,true,false,false,false,false,false,false,false,security_type=etf;symbol_not_4_digit
2026-06-16,009802,富邦旗艦50,listed,19.94,19.97,19.64,19.89,0.0,0.0,5386000,107005500,816,TWSE,etf,false,true,false,false,false,false,false,false,false,security_type=etf;symbol_not_4_digit
2026-06-16,009803,玉山市值動能50,listed,21.65,21.65,21.46,21.55,-0.03,-0.139,3534000,76149730,1002,TWSE,other,false,false,false,false,false,false,false,false,false,symbol_not_4_digit
2026-06-16,009804,聯邦台精彩50,listed,23.8,24.0,23.78,23.92,0.25,1.0562,1611000,38514080,198,TWSE,other,false,false,false,false,false,false,false,false,false,symbol_not_4_digit
2026-06-16,009805,新光美國電力基建,listed,16.41,16.5,16.38,16.47,0.18,1.105,12103000,198950280,1693,TWSE,other,false,false,false,false,false,false,false,false,false,symbol_not_4_digit
2026-06-16,009808,華南永昌優選50,listed,31.44,31.48,31.16,31.48,0.26,0.8328,337000,10573240,54,TWSE,other,false,false,false,false,false,false,false,false,false,symbol_not_4_digit
2026-06-16,009809,富邦淨零ESG50,listed,17.49,17.49,17.25,17.4,0.0,0.0,162000,2807220,25,TWSE,etf,false,true,false,false,false,false,false,false,false,security_type=etf;symbol_not_4_digit
2026-06-16,00980A,主動野村臺灣優選,listed,24.67,24.77,24.5,24.6,0.13,0.5313,7419000,182762130,1663,TWSE,etf,false,true,true,false,false,false,false,false,false,security_type=etf;symbol_not_4_digit
2026-06-16,009810,玉山全球藍籌100,listed,20.47,20.56,20.47,20.55,0.07,0.3418,42000,862000,22,TWSE,other,false,false,false,false,false,false,false,false,false,symbol_not_4_digit
2026-06-16,009811,統一美國50,listed,12.92,12.97,12.92,12.95,0.09,0.6998,1526000,19759910,383,TWSE,etf,false,true,false,false,false,false,false,false,false,security_type=etf;symbol_not_4_digit
2026-06-16,009812,野村日本東證,listed,12.35,12.42,12.3,12.32,-0.03,-0.2429,942000,11648120,137,TWSE,other,false,false,false,false,false,false,false,false,false,symbol_not_4_digit
2026-06-16,009813,貝萊德標普卓越50,listed,11.11,11.19,11.11,11.15,0.05,0.4505,3058000,34072310,370,TWSE,other,false,false,false,false,false,false,false,false,false,symbol_not_4_digit
2026-06-16,009816,凱基台灣TOP50,listed,15.49,15.53,15.36,15.51,0.13,0.8453,122875000,1900117650,20870,TWSE,etf,false,true,false,false,false,false,false,false,false,security_type=etf;symbol_not_4_digit
2026-06-16,009817,國泰日本不動產,listed,8.83,8.83,8.7,8.71,-0.15,-1.693,902000,7894500,251,TWSE,etf,false,true,false,false,false,false,false,false,false,security_type=etf;symbol_not_4_digit
2026-06-16,009818,華南永昌NASDAQxT,listed,20.03,20.04,19.98,20.03,0.29,1.4691,563000,11267780,111,TWSE,other,false,false,false,false,false,false,false,false,false,symbol_not_4_digit
2026-06-16,009819,中信數據及電力,listed,10.41,10.42,10.37,10.41,0.15,1.462,12065000,125440790,2415,TWSE,etf,false,true,false,false,false,false,false,false,false,security_type=etf;symbol_not_4_digit
2026-06-16,00981A,主動統一台股增長,listed,31.28,31.28,30.78,30.82,0.0,0.0,183817000,5696444160,46973,TWSE,etf,false,true,true,false,false,false,false,false,false,security_type=etf;symbol_not_4_digit
2026-06-16,00981T,平衡凱基雙核收息,listed,12.23,12.24,12.17,12.2,0.0,0.0,6943000,84645830,299,TWSE,etf,false,true,true,false,false,false,false,false,false,security_type=etf;symbol_not_4_digit
2026-06-16,009820,元大納斯達克精選,listed,10.19,10.28,10.18,10.26,0.13,1.2833,17628000,180737250,1540,TWSE,etf,false,true,false,false,false,false,false,false,false,security_type=etf;symbol_not_4_digit
2026-06-16,00982A,主動群益台灣強棒,listed,24.31,24.38,23.95,23.97,-0.15,-0.6219,31479000,759031360,6835,TWSE,etf,false,true,true,false,false,false,false,false,false,security_type=etf;symbol_not_4_digit
2026-06-16,00982D,主動富邦動態入息,listed,9.97,9.97,9.92,9.94,0.0,0.0,1255000,12472530,89,TWSE,etf,false,true,true,false,false,false,false,false,false,security_type=etf;symbol_not_4_digit
2026-06-16,00982T,平衡兆豐台美動能,listed,15.66,15.7,15.61,15.63,-0.05,-0.3189,99000,1547640,45,TWSE,etf,false,true,true,false,false,false,false,false,false,security_type=etf;symbol_not_4_digit
2026-06-16,00983A,主動中信ARK創新,listed,11.93,11.95,11.92,11.94,0.22,1.8771,5021000,59915360,781,TWSE,etf,false,true,true,false,false,false,false,false,false,security_type=etf;symbol_not_4_digit
2026-06-16,00983D,主動富邦複合收益,listed,10.1,10.12,10.09,10.1,0.0,0.0,1571000,15864360,156,TWSE,etf,false,true,true,false,false,false,false,false,false,security_type=etf;symbol_not_4_digit
2026-06-16,00984A,主動安聯台灣高息,listed,16.38,16.45,16.26,16.26,0.02,0.1232,5499000,89846180,1070,TWSE,etf,false,true,true,false,false,false,false,false,false,security_type=etf;symbol_not_4_digit
2026-06-16,00984D,主動聯博全球非投,listed,10.1,10.11,10.09,10.1,0.02,0.1984,6161000,62221220,436,TWSE,etf,false,true,true,false,false,false,false,false,false,security_type=etf;symbol_not_4_digit
2026-06-16,00985A,主動野村台灣50,listed,22.09,22.18,22.0,22.08,0.1,0.455,3325000,73457980,862,TWSE,etf,false,true,true,false,false,false,false,false,false,security_type=etf;symbol_not_4_digit
2026-06-16,00985B,群益ESG投等債0-5,listed,10.17,10.19,10.17,10.19,0.01,0.0982,2803000,28536450,419,TWSE,bond_etf,false,true,true,true,false,false,false,false,false,security_type=bond_etf;symbol_not_4_digit
2026-06-16,00986A,主動台新龍頭成長,listed,15.27,15.39,15.27,15.38,0.16,1.0512,343000,5270360,84,TWSE,etf,false,true,true,false,false,false,false,false,false,security_type=etf;symbol_not_4_digit
2026-06-16,00987A,主動台新優勢成長,listed,17.25,17.4,17.16,17.27,0.24,1.4093,5358000,92632840,916,TWSE,etf,false,true,true,false,false,false,false,false,false,security_type=etf;symbol_not_4_digit
2026-06-16,00988A,主動統一全球創新,listed,22.7,22.8,22.34,22.68,0.32,1.4311,113106000,2554764510,20709,TWSE,etf,false,true,true,false,false,false,false,false,false,security_type=etf;symbol_not_4_digit
2026-06-16,00989A,主動摩根美國科技,listed,18.28,18.37,18.27,18.36,0.23,1.2686,2820000,51691230,231,TWSE,etf,false,true,true,false,false,false,false,false,false,security_type=etf;symbol_not_4_digit
2026-06-16,00990A,主動元大AI新經濟,listed,20.8,20.96,20.65,20.89,0.42,2.0518,52675000,1096923010,8891,TWSE,etf,false,true,true,false,false,false,false,false,false,security_type=etf;symbol_not_4_digit
2026-06-16,00991A,主動復華未來50,listed,19.96,20.02,19.77,19.84,0.15,0.7618,81381000,1622019720,12810,TWSE,etf,false,true,true,false,false,false,false,false,false,security_type=etf;symbol_not_4_digit
2026-06-16,00992A,主動群益科技創新,listed,18.43,18.65,18.38,18.51,0.27,1.4803,86759000,1608368890,11523,TWSE,etf,false,true,true,false,false,false,false,false,false,security_type=etf;symbol_not_4_digit
2026-06-16,00993A,主動安聯台灣,listed,13.93,14.02,13.84,13.92,0.13,0.9427,10189000,142115790,1650,TWSE,etf,false,true,true,false,false,false,false,false,false,security_type=etf;symbol_not_4_digit
2026-06-16,00994A,主動第一金台股優,listed,18.28,18.36,18.09,18.23,0.17,0.9413,8652000,157788300,1792,TWSE,etf,false,true,true,false,false,false,false,false,false,security_type=etf;symbol_not_4_digit
2026-06-16,00995A,主動中信台灣卓越,listed,18.07,18.21,17.93,17.96,0.09,0.5036,6811000,123100550,838,TWSE,etf,false,true,true,false,false,false,false,false,false,security_type=etf;symbol_not_4_digit
2026-06-16,00996A,主動兆豐台灣豐收,listed,15.55,15.62,15.39,15.39,0.01,0.065,9553000,148165230,1108,TWSE,etf,false,true,true,false,false,false,false,false,false,security_type=etf;symbol_not_4_digit
2026-06-16,00997A,主動群益美國增長,listed,14.07,14.11,13.96,14.06,0.23,1.6631,27441000,385033330,3739,TWSE,etf,false,true,true,false,false,false,false,false,false,security_type=etf;symbol_not_4_digit
2026-06-16,00999A,主動野村臺灣高息,listed,11.19,11.2,11.11,11.13,0.01,0.0899,30658000,341976680,3619,TWSE,etf,false,true,true,false,false,false,false,false,false,security_type=etf;symbol_not_4_digit
2026-06-16,01001T,土銀富邦R1,listed,11.65,11.65,11.65,11.65,0.0,0.0,22000,256300,4,TWSE,etf,false,true,true,false,false,false,false,false,false,security_type=etf;symbol_not_4_digit
2026-06-16,01002T,土銀國泰R1,listed,14.06,14.06,14.0,14.0,-0.04,-0.2849,108000,1512890,32,TWSE,etf,false,true,true,false,false,false,false,false,false,security_type=etf;symbol_not_4_digit
2026-06-16,01004T,土銀富邦R2,listed,10.45,10.45,10.44,10.44,0.01,0.0959,72000,751850,61,TWSE,etf,false,true,true,false,false,false,false,false,false,security_type=etf;symbol_not_4_digit
2026-06-16,01007T,兆豐國泰R2,listed,12.65,12.65,12.61,12.62,0.0,0.0,127000,1602430,55,TWSE,etf,false,true,true,false,false,false,false,false,false,security_type=etf;symbol_not_4_digit
2026-06-16,01009T,王道圓滿R1,listed,5.72,5.72,5.71,5.72,0.0,0.0,312000,1783340,26,TWSE,warrant,false,false,true,false,false,false,false,false,false,security_type=warrant;symbol_not_4_digit
2026-06-16,01010T,京城樂富R1,listed,9.99,10.0,9.96,10.0,0.0,0.0,221000,2203720,17,TWSE,warrant,false,false,true,false,false,false,false,false,false,security_type=warrant;symbol_not_4_digit
2026-06-16,020000,富邦特選蘋果N,listed,,,,,0.0,,0,0,0,TWSE,etf,false,true,false,false,false,false,false,false,false,security_type=etf;symbol_not_4_digit;invalid_close;invalid_volume;invalid_turnover
2026-06-16,020011,統一微波高息20N,listed,,,,,0.0,,0,0,0,TWSE,etf,false,true,false,false,false,false,false,false,false,security_type=etf;symbol_not_4_digit;invalid_close;invalid_volume;invalid_turnover
2026-06-16,020012,富邦行動通訊N,listed,25.2,25.2,25.2,25.2,0.25,1.002,1000,25200,1,TWSE,etf,false,true,false,false,false,false,false,false,false,security_type=etf;symbol_not_4_digit
2026-06-16,02001L,富邦蘋果正二N,listed,178.8,179.4,173.6,173.6,0.45,0.2599,204000,35965300,96,TWSE,etf,false,true,true,false,false,false,false,false,false,security_type=etf;symbol_not_4_digit
2026-06-16,020020,元大台股領航N,listed,28.8,28.9,28.61,28.9,0.29,1.0136,9000,258960,6,TWSE,etf,false,true,false,false,false,false,false,false,false,security_type=etf;symbol_not_4_digit
2026-06-16,020028,元大特選電動車N,listed,20.3,20.3,20.3,20.3,0.05,0.2469,2000,40600,2,TWSE,etf,false,true,false,false,false,false,false,false,false,security_type=etf;symbol_not_4_digit
2026-06-16,020029,元大ESG高股息N,listed,18.39,18.45,18.29,18.45,0.16,0.8748,13000,239110,7,TWSE,etf,false,true,false,false,false,false,false,false,false,security_type=etf;symbol_not_4_digit
2026-06-16,020030,統一智慧電動車N,listed,18.95,19.01,18.88,18.92,0.21,1.1224,81000,1536320,12,TWSE,etf,false,true,false,false,false,false,false,false,false,security_type=etf;symbol_not_4_digit
2026-06-16,020031,統一IC設計臺灣N,listed,10.73,10.74,10.65,10.73,0.18,1.7062,83000,887120,9,TWSE,etf,false,true,false,false,false,false,false,false,false,security_type=etf;symbol_not_4_digit
2026-06-16,020032,元大綠能N,listed,,,,,0.0,,0,0,0,TWSE,etf,false,true,false,false,false,false,false,false,false,security_type=etf;symbol_not_4_digit;invalid_close;invalid_volume;invalid_turnover
2026-06-16,020034,元大IC設計N,listed,14.36,14.59,14.36,14.59,0.17,1.1789,38000,550820,8,TWSE,etf,false,true,false,false,false,false,false,false,false,security_type=etf;symbol_not_4_digit
2026-06-16,020036,元大金融配息N,listed,9.62,9.79,9.62,9.77,0.29,3.0591,17000,166020,6,TWSE,etf,false,true,false,false,false,false,false,false,false,security_type=etf;symbol_not_4_digit
2026-06-16,020037,元大金融高股息N,listed,10.81,10.81,10.81,10.81,0.27,2.5617,1000,10810,1,TWSE,etf,false,true,false,false,false,false,false,false,false,security_type=etf;symbol_not_4_digit
2026-06-16,020038,元大ESG配息N,listed,14.15,14.26,14.15,14.26,0.05,0.3519,12000,170490,5,TWSE,etf,false,true,false,false,false,false,false,false,false,security_type=etf;symbol_not_4_digit
2026-06-16,020039,元大加權N,listed,14.4,14.48,14.4,14.48,0.08,0.5556,169000,2438690,6,TWSE,etf,false,true,false,false,false,false,false,false,false,security_type=etf;symbol_not_4_digit
2026-06-16,1101,台泥,listed,25.0,25.1,24.5,24.5,-0.35,-1.4085,30644000,755852700,7113,TWSE,common_stock,true,false,false,false,false,false,false,false,true,
2026-06-16,1101B,台泥乙特,listed,45.3,45.35,45.3,45.35,0.05,0.1104,75000,3398750,2,TWSE,warrant,false,false,true,false,false,false,false,false,false,security_type=warrant;symbol_not_4_digit
2026-06-16,1102,亞泥,listed,35.55,35.95,35.25,35.6,0.15,0.4231,18973000,676535000,6563,TWSE,common_stock,true,false,false,false,false,false,false,false,true,
2026-06-16,1103,嘉泥,listed,13.8,13.8,13.65,13.7,0.0,0.0,276000,3787050,156,TWSE,common_stock,true,false,false,false,false,false,false,false,true,
2026-06-16,1104,環泥,listed,29.2,29.25,29.1,29.1,0.0,0.0,603000,17586000,302,TWSE,common_stock,true,false,false,false,false,false,false,false,true,
2026-06-16,1108,幸福,listed,14.0,14.0,13.8,13.85,-0.1,-0.7168,471000,6536150,118,TWSE,common_stock,true,false,false,false,false,false,false,false,true,
2026-06-16,1109,信大,listed,14.75,14.75,14.65,14.7,-0.05,-0.339,114000,1675400,83,TWSE,common_stock,true,false,false,false,false,false,false,false,true,
2026-06-16,1110,東泥,listed,15.9,15.95,15.75,15.75,-0.05,-0.3165,166000,2627050,112,TWSE,common_stock,true,false,false,false,false,false,false,false,true,
2026-06-16,1201,味全,listed,12.4,12.45,12.35,12.4,-0.1,-0.8,198000,2456850,119,TWSE,common_stock,true,false,false,false,false,false,false,false,true,
2026-06-16,1203,味王,listed,44.2,44.3,42.6,43.15,-0.5,-1.1455,51000,2216000,42,TWSE,common_stock,true,false,false,false,false,false,false,false,true,
2026-06-16,1210,大成,listed,55.9,55.9,54.8,55.6,-0.2,-0.3584,3570000,197388900,2021,TWSE,common_stock,true,false,false,false,false,false,false,false,true,
2026-06-16,1213,大飲,listed,9.44,9.44,8.5,8.5,0.0,0.0,8000,72820,7,TWSE,common_stock,true,false,false,false,false,false,false,false,true,
2026-06-16,1215,卜蜂,listed,116.0,117.0,114.5,115.5,0.0,0.0,1822000,210332000,1339,TWSE,common_stock,true,false,false,false,false,false,false,false,true,
2026-06-16,1216,統一,listed,76.4,76.4,75.4,75.6,-0.7,-0.9174,8152000,617191200,3243,TWSE,etf,false,true,false,false,false,false,false,false,false,security_type=etf
2026-06-16,1217,愛之味,listed,9.84,9.88,9.82,9.84,0.0,0.0,404000,3979970,187,TWSE,common_stock,true,false,false,false,false,false,false,false,true,
2026-06-16,1218,泰山,listed,18.0,18.0,17.85,17.9,-0.05,-0.2786,1053000,18849600,479,TWSE,common_stock,true,false,false,false,false,false,false,false,true,
2026-06-16,1219,福壽,listed,12.55,12.6,12.5,12.55,0.05,0.4,326000,4089150,143,TWSE,common_stock,true,false,false,false,false,false,false,false,true,
2026-06-16,1220,台榮,listed,11.8,11.8,11.6,11.7,0.0,0.0,63000,736050,56,TWSE,common_stock,true,false,false,false,false,false,false,false,true,
2026-06-16,1225,福懋油,listed,31.0,32.0,30.35,32.0,1.6,5.2632,425000,13304400,273,TWSE,common_stock,true,false,false,false,false,false,false,false,true,
2026-06-16,1227,佳格,listed,28.95,28.95,28.7,28.85,-0.1,-0.3454,916000,26407100,482,TWSE,common_stock,true,false,false,false,false,false,false,false,true,
2026-06-16,1229,聯華,listed,42.05,42.05,41.7,41.9,0.15,0.3593,1813000,75809700,878,TWSE,common_stock,true,false,false,false,false,false,false,false,true,
2026-06-16,1231,聯華食,listed,88.4,88.4,86.9,87.4,-0.2,-0.2283,222000,19395200,165,TWSE,common_stock,true,false,false,false,false,false,false,false,true,
2026-06-16,1232,大統益,listed,144.5,144.5,143.5,144.0,-0.5,-0.346,172000,24787000,132,TWSE,common_stock,true,false,false,false,false,false,false,false,true,
2026-06-16,1233,天仁,listed,28.1,28.1,27.9,27.9,-0.1,-0.3571,30000,840500,22,TWSE,common_stock,true,false,false,false,false,false,false,false,true,
2026-06-16,1234,黑松,listed,35.15,35.15,35.0,35.0,-0.15,-0.4267,95000,3331100,68,TWSE,common_stock,true,false,false,false,false,false,false,false,true,
2026-06-16,1235,興泰,listed,39.75,39.75,38.25,38.3,-0.4,-1.0336,24000,927450,20,TWSE,common_stock,true,false,false,false,false,false,false,false,true,
2026-06-16,1236,宏亞,listed,25.65,25.8,25.5,25.55,-0.05,-0.1953,56000,1433850,48,TWSE,common_stock,true,false,false,false,false,false,false,false,true,
2026-06-16,1256,鮮活果汁-KY,listed,177.5,181.0,177.0,178.5,-0.5,-0.2793,54000,9635000,53,TWSE,common_stock,true,false,false,false,false,false,false,false,true,
2026-06-16,1301,台塑,listed,47.3,48.65,46.65,46.75,-0.5,-1.0582,25896000,1232968200,10400,TWSE,common_stock,true,false,false,false,false,false,false,false,true,
2026-06-16,1303,南亞,listed,120.5,123.0,114.0,115.0,-2.0,-1.7094,107039000,12658617500,41234,TWSE,common_stock,true,false,false,false,false,false,false,false,true,
2026-06-16,1304,台聚,listed,12.7,12.95,12.6,12.75,0.05,0.3937,3951000,50418550,1289,TWSE,common_stock,true,false,false,false,false,false,false,false,true,
2026-06-16,1305,華夏,listed,12.7,12.9,12.6,12.65,0.0,0.0,2422000,30846300,760,TWSE,common_stock,true,false,false,false,false,false,false,false,true,
2026-06-16,1307,三芳,listed,37.65,38.3,37.15,37.4,0.35,0.9447,2255000,84867200,1238,TWSE,common_stock,true,false,false,false,false,false,false,false,true,
2026-06-16,1308,亞聚,listed,13.6,13.9,13.45,13.5,0.05,0.3717,1760000,23960500,669,TWSE,common_stock,true,false,false,false,false,false,false,false,true,
2026-06-16,1309,台達化,listed,15.0,15.0,14.4,14.45,-0.3,-2.0339,4065000,59637700,1570,TWSE,common_stock,true,false,false,false,false,false,false,false,true,
2026-06-16,1310,台苯,listed,8.5,8.71,8.44,8.5,0.05,0.5917,3148000,26851770,1131,TWSE,common_stock,true,false,false,false,false,false,false,false,true,
2026-06-16,1312,國喬,listed,12.8,13.55,12.75,13.15,0.45,3.5433,13752000,181051250,4124,TWSE,common_stock,true,false,false,false,false,false,false,false,true,
2026-06-16,1312A,國喬特,listed,21.75,21.75,21.7,21.7,-0.05,-0.2299,3000,65200,2,TWSE,warrant,false,false,true,false,false,false,false,false,false,security_type=warrant;symbol_not_4_digit
2026-06-16,1313,聯成,listed,11.2,11.35,11.1,11.15,0.0,0.0,3345000,37626050,970,TWSE,common_stock,true,false,false,false,false,false,false,false,true,
2026-06-16,1314,中石化,listed,7.83,7.89,7.67,7.68,-0.14,-1.7903,18498000,143173420,4235,TWSE,common_stock,true,false,false,false,false,false,false,false,true,
2026-06-16,1315,達新,listed,61.4,62.1,61.4,61.5,0.0,0.0,10000,617000,8,TWSE,common_stock,true,false,false,false,false,false,false,false,true,
2026-06-16,1316,上曜,listed,11.05,11.15,10.85,10.85,-0.1,-0.9132,2546000,27909700,849,TWSE,common_stock,true,false,false,false,false,false,false,false,true,
2026-06-16,1319,東陽,listed,105.0,105.0,99.6,100.0,-5.0,-4.7619,3987000,405942000,2471,TWSE,common_stock,true,false,false,false,false,false,false,false,true,
2026-06-16,1321,大洋,listed,31.7,31.75,31.3,31.55,-0.05,-0.1582,176000,5533200,126,TWSE,common_stock,true,false,false,false,false,false,false,false,true,
2026-06-16,1323,永裕,listed,19.75,19.95,19.6,19.65,-0.2,-1.0076,46000,906650,37,TWSE,common_stock,true,false,false,false,false,false,false,false,true,
2026-06-16,1324,地球,listed,10.65,10.65,10.45,10.55,0.0,0.0,33000,347200,25,TWSE,common_stock,true,false,false,false,false,false,false,false,true,
2026-06-16,1325,恆大,listed,26.45,26.45,26.05,26.05,-0.4,-1.5123,232000,6073600,135,TWSE,common_stock,true,false,false,false,false,false,false,false,true,
2026-06-16,1326,台化,listed,52.8,55.0,51.8,52.1,0.5,0.969,40780000,2184440800,16909,TWSE,common_stock,true,false,false,false,false,false,false,false,true,
2026-06-16,1337,再生-KY,listed,5.03,5.03,4.9,4.93,-0.1,-1.9881,644000,3191970,258,TWSE,common_stock,true,false,false,false,false,false,false,false,true,
2026-06-16,1338,廣華-KY,listed,17.5,17.5,17.15,17.2,0.15,0.8798,133000,2308400,95,TWSE,common_stock,true,false,false,false,false,false,false,false,true,
2026-06-16,1339,昭輝,listed,45.3,45.3,44.0,44.7,-0.4,-0.8869,192000,8560050,102,TWSE,common_stock,true,false,false,false,false,false,false,false,true,
2026-06-16,1340,勝悅-KY,listed,5.77,5.85,5.71,5.75,-0.02,-0.3466,115000,662970,81,TWSE,common_stock,true,false,false,false,false,false,false,false,true,
2026-06-16,1341,富林-KY,listed,63.0,63.0,62.0,62.3,-0.7,-1.1111,23000,1430300,15,TWSE,common_stock,true,false,false,false,false,false,false,false,true,
2026-06-16,1342,八貫,listed,116.0,117.5,114.0,116.5,1.0,0.8658,890000,102783500,688,TWSE,common_stock,true,false,false,false,false,false,false,false,true,
2026-06-16,1402,遠東新,listed,27.6,28.75,27.5,28.55,1.0,3.6298,40026000,1133502600,9186,TWSE,common_stock,true,false,false,false,false,false,false,false,true,
2026-06-16,1409,新纖,listed,25.8,26.9,25.75,26.9,1.45,5.6974,15208000,401499700,7410,TWSE,common_stock,true,false,false,false,false,false,false,false,true,
2026-06-16,1410,南染,listed,24.8,25.4,24.6,24.6,-0.2,-0.8065,75000,1856050,50,TWSE,common_stock,true,false,false,false,false,false,false,false,true,
2026-06-16,1413,宏洲,listed,9.63,9.67,9.43,9.43,-0.15,-1.5658,26000,249670,14,TWSE,common_stock,true,false,false,false,false,false,false,false,true,
2026-06-16,1414,東和,listed,17.25,17.3,17.0,17.25,0.05,0.2907,196000,3361550,139,TWSE,common_stock,true,false,false,false,false,false,false,false,true,
2026-06-16,1416,廣豐,listed,11.4,11.4,11.0,11.1,-0.25,-2.2026,431000,4810050,167,TWSE,common_stock,true,false,false,false,false,false,false,false,true,
2026-06-16,1417,嘉裕,listed,8.58,8.59,8.51,8.54,-0.05,-0.5821,151000,1292180,76,TWSE,common_stock,true,false,false,false,false,false,false,false,true,
2026-06-16,1418,東華,listed,18.35,18.75,18.35,18.65,0.05,0.2688,43000,796200,13,TWSE,common_stock,true,false,false,false,false,false,false,false,true,
2026-06-16,1419,新紡,listed,67.4,68.0,66.5,67.5,1.8,2.7397,299000,20155500,201,TWSE,common_stock,true,false,false,false,false,false,false,false,true,
2026-06-16,1423,利華,listed,44.95,44.95,44.0,44.8,-0.1,-0.2227,201000,8967550,116,TWSE,common_stock,true,false,false,false,false,false,false,false,true,
2026-06-16,1432,大魯閣,listed,17.3,17.35,17.15,17.25,0.0,0.0,307000,5291750,179,TWSE,common_stock,true,false,false,false,false,false,false,false,true,
2026-06-16,1434,福懋,listed,16.8,17.05,16.75,16.8,0.05,0.2985,2304000,38922050,882,TWSE,common_stock,true,false,false,false,false,false,false,false,true,
2026-06-16,1436,華友聯,listed,46.0,47.1,45.6,45.9,0.05,0.1091,485000,22452300,302,TWSE,common_stock,true,false,false,false,false,false,false,false,true,
2026-06-16,1437,勤益控,listed,29.7,29.7,29.55,29.55,-0.15,-0.5051,67000,1983100,44,TWSE,common_stock,true,false,false,false,false,false,false,false,true,
2026-06-16,1438,三地開發,listed,22.8,23.85,22.65,22.7,0.2,0.8889,240000,5529150,178,TWSE,common_stock,true,false,false,false,false,false,false,false,true,
2026-06-16,1439,雋揚,listed,25.3,25.4,25.1,25.2,0.1,0.3984,14000,353000,13,TWSE,common_stock,true,false,false,false,false,false,false,false,true,
2026-06-16,1440,南紡,listed,13.3,13.4,13.15,13.25,0.1,0.7605,1915000,25407100,748,TWSE,common_stock,true,false,false,false,false,false,false,false,true,
2026-06-16,1441,大東,listed,9.19,9.31,9.1,9.12,-0.07,-0.7617,30000,274620,28,TWSE,common_stock,true,false,false,false,false,false,false,false,true,
2026-06-16,1442,名軒,listed,28.2,28.2,27.45,27.5,-0.3,-1.0791,207000,5725500,161,TWSE,common_stock,true,false,false,false,false,false,false,false,true,
2026-06-16,1443,立益物流,listed,27.55,27.9,27.15,27.9,0.35,1.2704,22000,608700,18,TWSE,common_stock,true,false,false,false,false,false,false,false,true,
2026-06-16,1444,力麗,listed,7.2,7.24,7.03,7.04,-0.16,-2.2222,1489000,10583650,585,TWSE,common_stock,true,false,false,false,false,false,false,false,true,
2026-06-16,1445,大宇,listed,11.1,11.3,11.0,11.0,-0.05,-0.4525,96000,1066400,48,TWSE,common_stock,true,false,false,false,false,false,false,false,true,
2026-06-16,1446,宏和,listed,16.9,17.0,16.6,16.7,-0.2,-1.1834,326000,5434950,148,TWSE,common_stock,true,false,false,false,false,false,false,false,true,
2026-06-16,1447,力鵬,listed,6.18,6.2,6.07,6.11,-0.07,-1.1327,1057000,6463260,384,TWSE,common_stock,true,false,false,false,false,false,false,false,true,
2026-06-16,1449,佳和,listed,14.1,14.1,13.75,13.85,-0.35,-2.4648,1487000,20644450,773,TWSE,common_stock,true,false,false,false,false,false,false,false,true,
2026-06-16,1451,年興,listed,16.9,16.95,16.8,16.85,-0.05,-0.2959,115000,1943050,60,TWSE,common_stock,true,false,false,false,false,false,false,false,true,
2026-06-16,1452,宏益,listed,10.95,11.0,10.75,10.9,-0.05,-0.4566,105000,1143000,40,TWSE,common_stock,true,false,false,false,false,false,false,false,true,
2026-06-16,1453,大將,listed,11.6,11.9,11.6,11.75,0.15,1.2931,122000,1430800,64,TWSE,common_stock,true,false,false,false,false,false,false,false,true,
2026-06-16,1454,台富,listed,13.0,13.0,12.65,12.65,-0.45,-3.4351,59000,759250,49,TWSE,common_stock,true,false,false,false,false,false,false,false,true,
2026-06-16,1455,集盛,listed,9.91,10.0,9.9,9.96,-0.03,-0.3003,1492000,14846550,493,TWSE,common_stock,true,false,false,false,false,false,false,false,true,
2026-06-16,1456,怡華,listed,14.6,14.6,14.3,14.55,-0.05,-0.3425,84000,1211100,56,TWSE,common_stock,true,false,false,false,false,false,false,false,true,
2026-06-16,1457,宜進,listed,14.6,14.6,14.45,14.45,-0.1,-0.6873,124000,1795400,71,TWSE,common_stock,true,false,false,false,false,false,false,false,true,
2026-06-16,1459,聯發,listed,11.75,11.85,11.75,11.75,-0.1,-0.8439,79000,930850,45,TWSE,common_stock,true,false,false,false,false,false,false,false,true,
2026-06-16,1460,宏遠,listed,7.13,7.3,7.05,7.29,0.16,2.244,1056000,7603660,331,TWSE,common_stock,true,false,false,false,false,false,false,false,true,
2026-06-16,1463,強盛新,listed,17.8,17.8,17.55,17.7,-0.05,-0.2817,44000,777150,27,TWSE,common_stock,true,false,false,false,false,false,false,false,true,
2026-06-16,1464,得力,listed,10.45,10.45,10.3,10.35,-0.1,-0.9569,348000,3600100,145,TWSE,common_stock,true,false,false,false,false,false,false,false,true,
2026-06-16,1465,偉全,listed,12.4,12.5,12.35,12.35,-0.05,-0.4032,111000,1378200,77,TWSE,common_stock,true,false,false,false,false,false,false,false,true,
2026-06-16,1466,聚隆,listed,14.7,14.7,14.0,14.0,-0.7,-4.7619,302000,4311950,168,TWSE,common_stock,true,false,false,false,false,false,false,false,true,
2026-06-16,1467,南緯,listed,7.4,7.46,7.32,7.33,-0.07,-0.9459,132000,971920,89,TWSE,common_stock,true,false,false,false,false,false,false,false,true,
2026-06-16,1468,昶和,listed,11.95,12.0,11.8,11.95,-0.1,-0.8299,42000,500250,30,TWSE,common_stock,true,false,false,false,false,false,false,false,true,
2026-06-16,1470,大統新創,listed,23.0,23.0,22.9,22.9,0.0,0.0,8000,183500,6,TWSE,common_stock,true,false,false,false,false,false,false,false,true,
2026-06-16,1471,首利,listed,11.1,11.1,10.7,10.7,-0.35,-3.1674,447000,4817900,219,TWSE,common_stock,true,false,false,false,false,false,false,false,true,
2026-06-16,1472,三洋實業,listed,91.0,91.0,88.2,90.9,0.8,0.8879,47000,4222400,32,TWSE,common_stock,true,false,false,false,false,false,false,false,true,
2026-06-16,1473,台南,listed,20.4,20.65,20.3,20.4,0.0,0.0,52000,1063950,30,TWSE,common_stock,true,false,false,false,false,false,false,false,true,
2026-06-16,1474,弘裕,listed,10.25,10.25,10.05,10.05,-0.15,-1.4706,52000,526600,34,TWSE,common_stock,true,false,false,false,false,false,false,false,true,
2026-06-16,1475,業旺,listed,27.2,27.2,26.45,26.95,-0.25,-0.9191,33000,887050,25,TWSE,common_stock,true,false,false,false,false,false,false,false,true,
2026-06-16,1476,儒鴻,listed,341.0,349.5,335.5,343.5,0.0,0.0,3629000,1247341500,3217,TWSE,common_stock,true,false,false,false,false,false,false,false,true,
2026-06-16,1477,聚陽,listed,218.0,222.0,215.0,219.5,1.5,0.6881,2938000,643779500,2057,TWSE,common_stock,true,false,false,false,false,false,false,false,true,
2026-06-16,1503,士電,listed,225.0,227.5,222.0,224.5,-1.0,-0.4435,3071000,689230000,2325,TWSE,common_stock,true,false,false,false,false,false,false,false,true,
2026-06-16,1504,東元,listed,74.0,74.0,71.8,71.8,-1.4,-1.9126,15634000,1128640400,9492,TWSE,common_stock,true,false,false,false,false,false,false,false,true,
2026-06-16,1506,正道,listed,10.5,10.5,10.25,10.45,-0.05,-0.4762,299000,3103050,103,TWSE,common_stock,true,false,false,false,false,false,false,false,true,
2026-06-16,1512,瑞利,listed,6.86,6.9,6.8,6.89,0.03,0.4373,50000,343480,36,TWSE,common_stock,true,false,false,false,false,false,false,false,true,
2026-06-16,1513,中興電,listed,171.5,171.5,168.0,168.5,-1.5,-0.8824,3819000,646619500,2834,TWSE,common_stock,true,false,false,false,false,false,false,false,true,
2026-06-16,1514,亞力,listed,122.5,123.0,118.0,120.0,-1.0,-0.8264,2556000,306322000,1787,TWSE,common_stock,true,false,false,false,false,false,false,false,true,
2026-06-16,1515,力山,listed,23.8,23.8,23.4,23.4,-0.2,-0.8475,378000,8890700,260,TWSE,common_stock,true,false,false,false,false,false,false,false,true,
2026-06-16,1516,川飛,listed,21.1,21.1,20.4,20.55,-0.6,-2.8369,45000,931600,20,TWSE,common_stock,true,false,false,false,false,false,false,false,true,
2026-06-16,1517,利奇,listed,10.8,10.8,10.5,10.5,-0.15,-1.4085,266000,2814650,124,TWSE,common_stock,true,false,false,false,false,false,false,false,true,
2026-06-16,1519,華城,listed,799.0,802.0,776.0,781.0,-8.0,-1.0139,2474000,1939355000,2180,TWSE,common_stock,true,false,false,false,false,false,false,false,true,
2026-06-16,1521,大億,listed,26.0,27.0,25.8,26.55,0.35,1.3359,93000,2478300,65,TWSE,common_stock,true,false,false,false,false,false,false,false,true,
2026-06-16,1522,堤維西,listed,31.2,31.6,31.0,31.25,0.05,0.1603,686000,21502850,398,TWSE,common_stock,true,false,false,false,false,false,false,false,true,
2026-06-16,1522A,堤維西甲特,listed,49.5,49.75,49.5,49.75,-0.05,-0.1004,2000,99250,2,TWSE,warrant,false,false,true,false,false,false,false,false,false,security_type=warrant;symbol_not_4_digit
2026-06-16,1524,耿鼎,listed,30.05,30.2,29.5,29.55,-0.35,-1.1706,671000,19917800,389,TWSE,common_stock,true,false,false,false,false,false,false,false,true,
2026-06-16,1525,江申,listed,66.3,66.3,65.5,65.5,0.2,0.3063,8000,527600,8,TWSE,common_stock,true,false,false,false,false,false,false,false,true,
2026-06-16,1526,日馳,listed,14.6,14.65,14.45,14.55,-0.1,-0.6826,79000,1150150,38,TWSE,common_stock,true,false,false,false,false,false,false,false,true,
2026-06-16,1527,鑽全,listed,33.5,33.5,33.15,33.2,-0.15,-0.4498,130000,4327250,73,TWSE,common_stock,true,false,false,false,false,false,false,false,true,
2026-06-16,1528,恩德,listed,26.4,26.65,25.45,25.5,0.1,0.3937,4951000,128438950,2578,TWSE,common_stock,true,false,false,false,false,false,false,false,true,
2026-06-16,1529,樂事綠能,listed,23.3,23.3,22.65,22.75,-0.45,-1.9397,475000,10832450,280,TWSE,common_stock,true,false,false,false,false,false,false,false,true,
2026-06-16,1530,亞崴,listed,30.35,30.95,30.35,30.55,-0.1,-0.3263,67000,2045350,53,TWSE,common_stock,true,false,false,false,false,false,false,false,true,
2026-06-16,1531,高林股,listed,12.9,12.95,12.75,12.95,0.0,0.0,183000,2349800,80,TWSE,common_stock,true,false,false,false,false,false,false,false,true,
2026-06-16,1532,勤美,listed,24.2,24.2,23.5,23.7,-0.5,-2.0661,1653000,39143850,518,TWSE,common_stock,true,false,false,false,false,false,false,false,true,
2026-06-16,1533,車王電,listed,39.0,39.0,37.65,38.15,-0.55,-1.4212,328000,12470750,234,TWSE,common_stock,true,false,false,false,false,false,false,false,true,
2026-06-16,1535,中宇,listed,50.0,50.2,49.8,50.1,-0.3,-0.5952,83000,4151650,57,TWSE,common_stock,true,false,false,false,false,false,false,false,true,
2026-06-16,1536,和大,listed,50.0,50.3,48.65,48.9,-1.05,-2.1021,1286000,63165750,879,TWSE,common_stock,true,false,false,false,false,false,false,false,true,
2026-06-16,1537,廣隆,listed,127.0,127.0,126.5,126.5,-0.5,-0.3937,58000,7349500,49,TWSE,common_stock,true,false,false,false,false,false,false,false,true,
2026-06-16,1538,正峰,listed,12.0,12.0,12.0,12.0,0.3,2.5641,5000,60000,1,TWSE,common_stock,true,false,false,false,false,false,false,false,true,
2026-06-16,1539,巨庭,listed,15.85,16.0,15.3,15.5,-0.35,-2.2082,468000,7260850,194,TWSE,common_stock,true,false,false,false,false,false,false,false,true,
2026-06-16,1540,喬福,listed,22.25,22.5,21.85,21.85,-0.3,-1.3544,213000,4708000,153,TWSE,common_stock,true,false,false,false,false,false,false,false,true,
2026-06-16,1541,錩泰,listed,21.05,21.25,20.9,21.1,0.25,1.199,18000,379850,17,TWSE,common_stock,true,false,false,false,false,false,false,false,true,
2026-06-16,1558,伸興,listed,90.5,91.3,90.5,91.0,0.5,0.5525,62000,5636300,52,TWSE,common_stock,true,false,false,false,false,false,false,false,true,
2026-06-16,1560,中砂,listed,711.0,718.0,676.0,679.0,-24.0,-3.4139,1555000,1071330000,1375,TWSE,common_stock,true,false,false,false,false,false,false,false,true,
2026-06-16,1563,巧新,listed,65.7,65.9,63.6,65.8,1.8,2.8125,1377000,89742200,977,TWSE,common_stock,true,false,false,false,false,false,false,false,true,
2026-06-16,1568,倉佑,listed,43.6,43.6,41.75,43.25,0.65,1.5258,335000,14271450,214,TWSE,common_stock,true,false,false,false,false,false,false,false,true,
2026-06-16,1582,信錦,listed,90.3,90.6,88.3,89.1,0.0,0.0,2113000,188709100,1573,TWSE,common_stock,true,false,false,false,false,false,false,false,true,
2026-06-16,1583,程泰,listed,51.7,51.7,50.3,50.6,-1.0,-1.938,21000,1064800,19,TWSE,common_stock,true,false,false,false,false,false,false,false,true,
2026-06-16,1587,吉茂,listed,28.05,28.05,27.6,27.8,-0.25,-0.8913,233000,6493950,174,TWSE,common_stock,true,false,false,false,false,false,false,false,true,
2026-06-16,1590,亞德客-KY,listed,1310.0,1310.0,1240.0,1295.0,-15.0,-1.145,742000,946010000,662,TWSE,common_stock,true,false,false,false,false,false,false,false,true,
2026-06-16,1597,直得,listed,156.0,156.5,148.5,150.0,-4.5,-2.9126,1654000,250822000,1182,TWSE,common_stock,true,false,false,false,false,false,false,false,true,
2026-06-16,1598,岱宇,listed,21.0,21.1,20.7,20.8,-0.2,-0.9524,241000,5039550,145,TWSE,common_stock,true,false,false,false,false,false,false,false,true,
2026-06-16,1603,華電,listed,32.0,32.0,31.75,31.75,-0.2,-0.626,288000,9162950,189,TWSE,common_stock,true,false,false,false,false,false,false,false,true,
2026-06-16,1604,聲寶,listed,23.4,23.4,23.15,23.2,-0.15,-0.6424,224000,5208200,136,TWSE,common_stock,true,false,false,false,false,false,false,false,true,
2026-06-16,1605,華新,listed,40.05,40.4,39.0,39.15,-0.85,-2.125,48164000,1905386000,17553,TWSE,common_stock,true,false,false,false,false,false,false,false,true,
2026-06-16,1608,華榮,listed,35.5,35.6,34.55,34.55,-0.7,-1.9858,2598000,90563100,1384,TWSE,common_stock,true,false,false,false,false,false,false,false,true,
2026-06-16,1609,大亞,listed,38.95,38.95,37.6,37.75,-0.55,-1.436,4266000,161616250,2380,TWSE,common_stock,true,false,false,false,false,false,false,false,true,
2026-06-16,1611,中電,listed,13.35,13.35,13.0,13.05,-0.25,-1.8797,911000,11950750,395,TWSE,common_stock,true,false,false,false,false,false,false,false,true,
2026-06-16,1612,宏泰,listed,38.5,38.5,37.75,37.85,-0.25,-0.6562,759000,28760600,470,TWSE,common_stock,true,false,false,false,false,false,false,false,true,
2026-06-16,1614,三洋電,listed,31.95,32.15,31.9,32.0,0.1,0.3135,37000,1185550,33,TWSE,common_stock,true,false,false,false,false,false,false,false,true,
2026-06-16,1615,大山,listed,44.9,45.35,44.7,44.75,-0.1,-0.223,106000,4755900,70,TWSE,common_stock,true,false,false,false,false,false,false,false,true,
2026-06-16,1616,億泰,listed,22.8,22.8,22.0,22.2,-0.4,-1.7699,465000,10352450,295,TWSE,common_stock,true,false,false,false,false,false,false,false,true,
2026-06-16,1617,榮星,listed,16.5,16.6,16.35,16.35,-0.1,-0.6079,65000,1067300,52,TWSE,common_stock,true,false,false,false,false,false,false,false,true,
2026-06-16,1618,合機,listed,43.1,43.1,42.05,42.05,-0.4,-0.9423,849000,35926600,591,TWSE,common_stock,true,false,false,false,false,false,false,false,true,
2026-06-16,1623,大東電,listed,215.0,216.0,212.5,212.5,-2.0,-0.9324,96000,20531000,88,TWSE,common_stock,true,false,false,false,false,false,false,false,true,
2026-06-16,1626,艾美特-KY,listed,10.25,10.25,9.98,10.0,-0.15,-1.4778,64000,643490,42,TWSE,common_stock,true,false,false,false,false,false,false,false,true,
2026-06-16,1702,南僑,listed,31.5,31.65,31.35,31.55,0.05,0.1587,221000,6963550,150,TWSE,common_stock,true,false,false,false,false,false,false,false,true,
2026-06-16,1707,葡萄王,listed,103.0,103.5,102.0,103.0,0.0,0.0,274000,28119000,202,TWSE,common_stock,true,false,false,false,false,false,false,false,true,
2026-06-16,1708,東鹼,listed,47.5,47.85,45.85,46.0,-1.4,-2.9536,6880000,319919250,4127,TWSE,common_stock,true,false,false,false,false,false,false,false,true,
2026-06-16,1709,和益,listed,21.15,21.5,20.7,20.8,-0.35,-1.6548,1407000,29504850,682,TWSE,common_stock,true,false,false,false,false,false,false,false,true,
2026-06-16,1710,東聯,listed,13.85,13.95,13.5,13.5,-0.25,-1.8182,3363000,46000700,999,TWSE,common_stock,true,false,false,false,false,false,false,false,true,
2026-06-16,1711,永光,listed,45.4,45.75,43.1,43.15,-1.45,-3.2511,5424000,239177950,3010,TWSE,common_stock,true,false,false,false,false,false,false,false,true,
2026-06-16,1712,興農,listed,40.25,40.5,39.7,39.75,-0.15,-0.3759,780000,31182150,452,TWSE,common_stock,true,false,false,false,false,false,false,false,true,
2026-06-16,1713,國化,listed,50.8,51.1,50.2,50.2,-0.3,-0.5941,183000,9250700,119,TWSE,common_stock,true,false,false,false,false,false,false,false,true,
2026-06-16,1714,和桐,listed,17.4,18.2,16.8,17.95,1.25,7.485,32368000,569400100,14530,TWSE,common_stock,true,false,false,false,false,false,false,false,true,
2026-06-16,1717,長興,listed,71.8,72.8,70.0,70.0,-1.2,-1.6854,7576000,537341700,4340,TWSE,common_stock,true,false,false,false,false,false,false,false,true,
2026-06-16,1718,中纖,listed,9.35,9.35,9.21,9.21,-0.07,-0.7543,5239000,48511130,3050,TWSE,common_stock,true,false,false,false,false,false,false,false,true,
2026-06-16,1720,生達,listed,62.8,63.0,62.6,62.6,-0.2,-0.3185,121000,7583900,84,TWSE,common_stock,true,false,false,false,false,false,false,false,true,
2026-06-16,1721,三晃,listed,23.6,24.2,22.85,22.85,-0.55,-2.3504,1448000,34006950,694,TWSE,common_stock,true,false,false,false,false,false,false,false,true,
2026-06-16,1722,台肥,listed,48.9,49.25,48.4,48.65,-0.2,-0.4094,2401000,117193300,1291,TWSE,common_stock,true,false,false,false,false,false,false,false,true,
2026-06-16,1723,中碳,listed,91.0,91.5,87.1,88.4,-1.6,-1.7778,1487000,131922900,1116,TWSE,common_stock,true,false,false,false,false,false,false,false,true,
2026-06-16,1725,元禎,listed,33.95,34.4,33.55,33.8,0.15,0.4458,262000,8885550,180,TWSE,common_stock,true,false,false,false,false,false,false,false,true,
2026-06-16,1726,永記,listed,79.0,79.0,78.4,78.9,0.4,0.5096,19000,1496600,18,TWSE,common_stock,true,false,false,false,false,false,false,false,true,
2026-06-16,1727,中華化,listed,86.2,87.0,84.7,85.4,-0.2,-0.2336,1928000,164929500,1312,TWSE,common_stock,true,false,false,false,false,false,false,false,true,
2026-06-16,1730,花仙子,listed,53.1,53.1,53.0,53.0,-0.1,-0.1883,32000,1697400,24,TWSE,common_stock,true,false,false,false,false,false,false,false,true,
2026-06-16,1731,美吾華,listed,21.75,21.8,21.6,21.7,-0.05,-0.2299,133000,2883750,61,TWSE,common_stock,true,false,false,false,false,false,false,false,true,
2026-06-16,1732,毛寶,listed,26.3,26.45,26.15,26.25,-0.2,-0.7561,62000,1627500,46,TWSE,common_stock,true,false,false,false,false,false,false,false,true,
2026-06-16,1733,五鼎,listed,29.35,29.55,29.2,29.25,-0.1,-0.3407,277000,8142750,73,TWSE,common_stock,true,false,false,false,false,false,false,false,true,
2026-06-16,1734,杏輝,listed,31.45,31.65,31.3,31.65,0.2,0.6359,226000,7123000,178,TWSE,common_stock,true,false,false,false,false,false,false,false,true,
2026-06-16,1735,日勝化,listed,23.1,23.3,22.45,22.5,-0.6,-2.5974,223000,5082850,150,TWSE,common_stock,true,false,false,false,false,false,false,false,true,
2026-06-16,1736,喬山,listed,118.0,118.5,116.5,117.5,0.0,0.0,620000,72821500,413,TWSE,common_stock,true,false,false,false,false,false,false,false,true,
2026-06-16,1737,臺鹽,listed,31.95,31.95,31.7,31.7,-0.1,-0.3145,119000,3785350,71,TWSE,common_stock,true,false,false,false,false,false,false,false,true,
2026-06-16,1752,南光,listed,33.55,33.55,33.15,33.15,-0.2,-0.5997,74000,2457850,42,TWSE,common_stock,true,false,false,false,false,false,false,false,true,
2026-06-16,1760,寶齡富錦,listed,60.1,60.1,59.6,59.6,-0.4,-0.6667,149000,8895200,114,TWSE,common_stock,true,false,false,false,false,false,false,false,true,
2026-06-16,1762,中化生,listed,35.65,35.65,34.35,34.7,-0.65,-1.8388,367000,12757000,215,TWSE,common_stock,true,false,false,false,false,false,false,false,true,
2026-06-16,1773,勝一,listed,179.0,179.5,176.5,177.5,0.0,0.0,693000,123188000,582,TWSE,common_stock,true,false,false,false,false,false,false,false,true,
2026-06-16,1776,展宇,listed,18.1,18.35,18.1,18.3,0.25,1.385,123000,2244700,73,TWSE,common_stock,true,false,false,false,false,false,false,false,true,
2026-06-16,1783,和康生,listed,38.85,38.85,38.55,38.7,-0.3,-0.7692,53000,2050700,43,TWSE,common_stock,true,false,false,false,false,false,false,false,true,
2026-06-16,1786,科妍,listed,56.0,56.2,54.2,54.3,-1.7,-3.0357,317000,17387500,217,TWSE,common_stock,true,false,false,false,false,false,false,false,true,
2026-06-16,1789,神隆,listed,20.25,20.3,20.0,20.05,-0.05,-0.2488,450000,9052250,207,TWSE,common_stock,true,false,false,false,false,false,false,false,true,
2026-06-16,1795,美時,listed,196.0,196.0,191.0,191.0,-4.5,-2.3018,1885000,362585500,1430,TWSE,common_stock,true,false,false,false,false,false,false,false,true,
2026-06-16,1802,台玻,listed,68.8,72.0,67.3,68.2,0.8,1.1869,90461000,6269938000,44249,TWSE,common_stock,true,false,false,false,false,false,false,false,true,
2026-06-16,1805,寶徠,listed,10.15,10.25,10.05,10.25,0.0,0.0,161000,1633950,79,TWSE,common_stock,true,false,false,false,false,false,false,false,true,
2026-06-16,1806,冠軍,listed,8.26,8.26,8.14,8.16,-0.03,-0.3663,224000,1830480,131,TWSE,common_stock,true,false,false,false,false,false,false,false,true,
2026-06-16,1808,潤隆,listed,32.65,32.9,31.85,31.9,-0.7,-2.1472,2003000,64956700,812,TWSE,common_stock,true,false,false,false,false,false,false,false,true,
2026-06-16,1809,中釉,listed,52.1,52.1,49.1,49.5,-2.0,-3.8835,6380000,321142900,3830,TWSE,common_stock,true,false,false,false,false,false,false,false,true,
2026-06-16,1810,和成,listed,20.4,20.5,19.8,19.85,-0.6,-2.934,2284000,45774850,1144,TWSE,common_stock,true,false,false,false,false,false,false,false,true,
2026-06-16,1817,凱撒衛,listed,40.0,41.2,40.0,40.35,0.4,1.0013,126000,5090000,80,TWSE,common_stock,true,false,false,false,false,false,false,false,true,
2026-06-16,1903,士紙,listed,48.3,48.3,47.7,47.85,-0.2,-0.4162,193000,9276750,140,TWSE,common_stock,true,false,false,false,false,false,false,false,true,
2026-06-16,1904,正隆,listed,22.8,23.2,22.55,23.05,0.25,1.0965,4524000,103631600,1975,TWSE,common_stock,true,false,false,false,false,false,false,false,true,
2026-06-16,1905,華紙,listed,13.0,14.15,12.75,14.15,1.25,9.6899,14879000,205157950,3115,TWSE,common_stock,true,false,false,false,false,false,false,false,true,
2026-06-16,1906,寶隆,listed,11.35,11.65,11.2,11.35,0.05,0.4425,343000,3915150,176,TWSE,common_stock,true,false,false,false,false,false,false,false,true,
2026-06-16,1907,永豐餘,listed,26.35,27.45,26.0,26.95,0.7,2.6667,3443000,92141250,1677,TWSE,etf,false,true,false,false,false,false,false,false,false,security_type=etf
2026-06-16,1909,榮成,listed,9.9,10.3,9.82,10.05,0.18,1.8237,9352000,94149180,2456,TWSE,common_stock,true,false,false,false,false,false,false,false,true,
2026-06-16,2002,中鋼,listed,19.05,19.05,18.65,18.65,-0.35,-1.8421,61316000,1150948000,15751,TWSE,common_stock,true,false,false,false,false,false,false,false,true,
2026-06-16,2002A,中鋼特,listed,38.3,38.3,38.2,38.25,-0.1,-0.2608,46000,1759450,33,TWSE,warrant,false,false,true,false,false,false,false,false,false,security_type=warrant;symbol_not_4_digit
2026-06-16,2006,東和鋼鐵,listed,70.0,70.0,68.1,68.7,-0.3,-0.4348,2603000,178794000,1825,TWSE,common_stock,true,false,false,false,false,false,false,false,true,
2026-06-16,2007,燁興,listed,7.53,7.53,7.41,7.41,-0.1,-1.3316,367000,2737770,149,TWSE,common_stock,true,false,false,false,false,false,false,false,true,
2026-06-16,2008,高興昌,listed,30.8,30.85,30.35,30.85,0.55,1.8152,27000,830500,20,TWSE,common_stock,true,false,false,false,false,false,false,false,true,
2026-06-16,2009,第一銅,listed,41.7,41.7,40.05,40.05,-1.4,-3.3776,1809000,73353600,1132,TWSE,common_stock,true,false,false,false,false,false,false,false,true,
2026-06-16,2010,春源,listed,24.9,24.95,24.6,24.65,-0.1,-0.404,1872000,46328350,733,TWSE,common_stock,true,false,false,false,false,false,false,false,true,
2026-06-16,2012,春雨,listed,14.3,14.4,14.3,14.3,0.0,0.0,76000,1089800,37,TWSE,common_stock,true,false,false,false,false,false,false,false,true,
2026-06-16,2013,中鋼構,listed,43.15,43.25,43.0,43.15,0.0,0.0,135000,5825250,78,TWSE,common_stock,true,false,false,false,false,false,false,false,true,
2026-06-16,2014,中鴻,listed,18.4,18.4,17.8,17.85,-0.3,-1.6529,5165000,92897950,1931,TWSE,common_stock,true,false,false,false,false,false,false,false,true,
2026-06-16,2015,豐興,listed,64.1,64.2,62.9,62.9,-1.1,-1.7188,329000,20897100,226,TWSE,common_stock,true,false,false,false,false,false,false,false,true,
2026-06-16,2017,官田鋼,listed,9.64,9.73,9.36,9.37,-0.25,-2.5988,514000,4886510,281,TWSE,common_stock,true,false,false,false,false,false,false,false,true,
2026-06-16,2020,美亞,listed,21.4,21.45,21.35,21.4,0.0,0.0,269000,5752650,133,TWSE,common_stock,true,false,false,false,false,false,false,false,true,
2026-06-16,2022,聚亨,listed,7.86,7.93,7.75,7.79,-0.06,-0.7643,505000,3939850,259,TWSE,common_stock,true,false,false,false,false,false,false,false,true,
2026-06-16,2023,燁輝,listed,14.0,14.05,13.8,13.9,0.0,0.0,1917000,26672800,462,TWSE,common_stock,true,false,false,false,false,false,false,false,true,
2026-06-16,2024,志聯,listed,14.5,14.65,14.0,14.2,-0.4,-2.7397,24000,346050,21,TWSE,common_stock,true,false,false,false,false,false,false,false,true,
2026-06-16,2025,千興,listed,14.8,15.0,14.3,14.35,-0.65,-4.3333,715000,10390050,334,TWSE,common_stock,true,false,false,false,false,false,false,false,true,
2026-06-16,2027,大成鋼,listed,43.25,43.3,41.1,41.7,-1.95,-4.4674,34329000,1437770450,11017,TWSE,common_stock,true,false,false,false,false,false,false,false,true,
2026-06-16,2028,威致,listed,16.9,16.95,16.6,16.8,0.05,0.2985,108000,1809600,84,TWSE,common_stock,true,false,false,false,false,false,false,false,true,
2026-06-16,2029,盛餘,listed,21.3,21.3,20.9,20.9,-0.2,-0.9479,243000,5124000,138,TWSE,common_stock,true,false,false,false,false,false,false,false,true,
2026-06-16,2030,彰源,listed,18.95,19.0,18.4,18.55,-0.1,-0.5362,1637000,30533850,590,TWSE,common_stock,true,false,false,false,false,false,false,false,true,
2026-06-16,2031,新光鋼,listed,39.05,39.05,38.3,38.45,-0.55,-1.4103,1305000,50273400,709,TWSE,common_stock,true,false,false,false,false,false,false,false,true,
2026-06-16,2032,新鋼,listed,18.15,18.15,17.25,17.25,-0.65,-3.6313,985000,17270500,509,TWSE,common_stock,true,false,false,false,false,false,false,false,true,
2026-06-16,2033,佳大,listed,16.0,16.0,15.6,15.65,-0.15,-0.9494,180000,2819300,81,TWSE,common_stock,true,false,false,false,false,false,false,false,true,
2026-06-16,2034,允強,listed,21.0,21.25,20.65,20.7,-0.1,-0.4808,2493000,52143350,955,TWSE,common_stock,true,false,false,false,false,false,false,false,true,
2026-06-16,2038,海光,listed,14.1,14.15,13.75,13.9,0.05,0.361,331000,4590400,144,TWSE,common_stock,true,false,false,false,false,false,false,false,true,
2026-06-16,2049,上銀,listed,333.0,333.0,320.5,324.5,-5.0,-1.5175,2033000,659125500,1662,TWSE,common_stock,true,false,false,false,false,false,false,false,true,
2026-06-16,2059,川湖,listed,7040.0,7050.0,6605.0,6650.0,-310.0,-4.454,793000,5374490000,781,TWSE,common_stock,true,false,false,false,false,false,false,false,true,
2026-06-16,2062,橋椿,listed,19.35,19.35,19.1,19.2,0.0,0.0,122000,2339350,90,TWSE,common_stock,true,false,false,false,false,false,false,false,true,
2026-06-16,2069,運錩,listed,19.5,19.5,18.85,18.9,0.0,0.0,538000,10257600,232,TWSE,common_stock,true,false,false,false,false,false,false,false,true,
2026-06-16,2072,世紀風電,listed,179.0,179.0,173.5,175.5,-1.0,-0.5666,338000,59434500,260,TWSE,common_stock,true,false,false,false,false,false,false,false,true,
2026-06-16,2101,南港,listed,33.9,33.9,33.1,33.45,-0.2,-0.5944,1583000,52795750,791,TWSE,common_stock,true,false,false,false,false,false,false,false,true,
2026-06-16,2102,泰豐,listed,18.3,18.75,18.2,18.25,0.1,0.551,353000,6474300,172,TWSE,common_stock,true,false,false,false,false,false,false,false,true,
2026-06-16,2103,台橡,listed,22.45,22.45,21.75,22.05,-0.25,-1.1211,4577000,100660700,1486,TWSE,common_stock,true,false,false,false,false,false,false,false,true,
2026-06-16,2104,國際中橡,listed,10.65,10.7,10.25,10.4,-0.2,-1.8868,2831000,29566200,814,TWSE,common_stock,true,false,false,false,false,false,false,false,true,
2026-06-16,2105,正新,listed,33.95,34.1,33.2,33.95,0.05,0.1475,21112000,712902900,9275,TWSE,common_stock,true,false,false,false,false,false,false,false,true,
2026-06-16,2106,建大,listed,18.35,18.35,17.95,18.05,-0.05,-0.2762,579000,10457800,261,TWSE,common_stock,true,false,false,false,false,false,false,false,true,
2026-06-16,2107,厚生,listed,25.4,25.4,25.1,25.35,0.15,0.5952,197000,4975150,125,TWSE,common_stock,true,false,false,false,false,false,false,false,true,
2026-06-16,2108,南帝,listed,30.2,30.4,29.05,29.25,-0.75,-2.5,1149000,33970800,710,TWSE,common_stock,true,false,false,false,false,false,false,false,true,
2026-06-16,2109,華豐,listed,14.6,14.6,14.45,14.45,-0.1,-0.6873,193000,2798500,75,TWSE,common_stock,true,false,false,false,false,false,false,false,true,
2026-06-16,2114,鑫永銓,listed,90.2,90.2,89.2,89.7,0.0,0.0,76000,6820700,59,TWSE,common_stock,true,false,false,false,false,false,false,false,true,
2026-06-16,2115,六暉-KY,listed,22.75,22.9,22.25,22.4,-0.35,-1.5385,291000,6597600,160,TWSE,common_stock,true,false,false,false,false,false,false,false,true,
2026-06-16,2201,裕隆,listed,28.3,28.45,28.0,28.15,0.05,0.1779,1692000,47759550,827,TWSE,common_stock,true,false,false,false,false,false,false,false,true,
2026-06-16,2204,中華,listed,56.2,56.2,55.3,55.6,-0.1,-0.1795,484000,26883300,323,TWSE,common_stock,true,false,false,false,false,false,false,false,true,
2026-06-16,2206,三陽工業,listed,62.8,62.8,61.6,61.6,-1.1,-1.7544,926000,57340500,501,TWSE,common_stock,true,false,false,false,false,false,false,false,true,
2026-06-16,2207,和泰車,listed,464.0,468.5,455.0,468.5,5.0,1.0787,1122000,517423000,867,TWSE,common_stock,true,false,false,false,false,false,false,false,true,
2026-06-16,2208,台船,listed,18.0,18.05,17.7,17.7,-0.3,-1.6667,1855000,33115650,804,TWSE,common_stock,true,false,false,false,false,false,false,false,true,
2026-06-16,2211,長榮鋼,listed,95.9,95.9,94.4,95.9,0.3,0.3138,1094000,104336200,778,TWSE,common_stock,true,false,false,false,false,false,false,false,true,
2026-06-16,2227,裕日車,listed,50.0,51.0,50.0,50.5,0.0,0.0,50000,2525700,46,TWSE,common_stock,true,false,false,false,false,false,false,false,true,
2026-06-16,2228,劍麟,listed,87.0,87.5,86.0,86.7,-0.3,-0.3448,97000,8422900,87,TWSE,common_stock,true,false,false,false,false,false,false,false,true,
2026-06-16,2231,為升,listed,96.2,96.2,93.5,95.0,0.7,0.7423,240000,22734400,171,TWSE,common_stock,true,false,false,false,false,false,false,false,true,
2026-06-16,2233,宇隆,listed,294.0,320.5,288.5,304.5,11.5,3.9249,1064000,323921000,881,TWSE,common_stock,true,false,false,false,false,false,false,false,true,
2026-06-16,2236,百達-KY,listed,133.5,135.5,133.0,134.0,0.5,0.3745,159000,21292000,114,TWSE,common_stock,true,false,false,false,false,false,false,false,true,
2026-06-16,2239,英利-KY,listed,23.5,23.5,22.6,22.6,-0.2,-0.8772,44000,1002250,38,TWSE,common_stock,true,false,false,false,false,false,false,false,true,
2026-06-16,2241,艾姆勒,listed,44.25,45.05,43.1,43.3,-1.25,-2.8058,2907000,127165600,1802,TWSE,common_stock,true,false,false,false,false,false,false,false,true,
2026-06-16,2243,宏旭-KY,listed,44.8,44.95,44.05,44.95,4.05,9.9022,3104000,139280900,1280,TWSE,common_stock,true,false,false,false,false,false,false,false,true,
2026-06-16,2247,汎德永業,listed,240.5,240.5,235.5,238.0,0.0,0.0,42000,9983000,39,TWSE,common_stock,true,false,false,false,false,false,false,false,true,
2026-06-16,2248,華勝-KY,listed,56.7,56.7,56.1,56.3,-0.3,-0.53,56000,3160500,50,TWSE,common_stock,true,false,false,false,false,false,false,false,true,
2026-06-16,2250,IKKA-KY,listed,61.9,62.0,60.9,60.9,-0.2,-0.3273,46000,2816400,41,TWSE,common_stock,true,false,false,false,false,false,false,false,true,
2026-06-16,2254,巨鎧精密-創,listed,60.5,62.4,60.5,62.4,2.6,4.3478,33000,2025000,19,TWSE,common_stock,true,false,false,false,false,false,false,false,true,
2026-06-16,2258,鴻華先進-創,listed,32.0,32.55,31.45,31.7,-0.25,-0.7825,1667000,53267900,408,TWSE,common_stock,true,false,false,false,false,false,false,false,true,
2026-06-16,2301,光寶科,listed,210.0,211.5,207.5,208.0,0.5,0.241,17320000,3621189500,10901,TWSE,common_stock,true,false,false,false,false,false,false,false,true,
2026-06-16,2302,麗正,listed,38.4,41.8,38.25,41.8,3.8,10.0,12137000,490131300,6356,TWSE,common_stock,true,false,false,false,false,false,false,false,true,
2026-06-16,2303,聯電,listed,144.0,144.5,138.5,141.0,-0.5,-0.3534,232790000,32963257000,94567,TWSE,common_stock,true,false,false,false,false,false,false,false,true,
2026-06-16,2305,全友,listed,30.35,30.35,30.35,30.35,2.75,9.9638,1755000,53264250,568,TWSE,common_stock,true,false,false,false,false,false,false,false,true,
2026-06-16,2308,台達電,listed,2265.0,2270.0,2220.0,2230.0,20.0,0.905,8674000,19448515000,6384,TWSE,common_stock,true,false,false,false,false,false,false,false,true,
2026-06-16,2312,金寶,listed,35.9,36.1,34.4,34.75,-0.7,-1.9746,30443000,1065259050,13495,TWSE,common_stock,true,false,false,false,false,false,false,false,true,
2026-06-16,2313,華通,listed,263.0,267.5,248.5,249.0,-8.5,-3.301,66122000,16840788000,45734,TWSE,common_stock,true,false,false,false,false,false,false,false,true,
2026-06-16,2314,台揚,listed,16.1,16.1,15.95,15.95,0.25,1.5924,483000,7758700,231,TWSE,common_stock,true,false,false,false,false,false,false,false,true,
2026-06-16,2316,楠梓電,listed,174.0,180.5,168.5,170.0,-1.5,-0.8746,8720000,1507418000,5693,TWSE,common_stock,true,false,false,false,false,false,false,false,true,
2026-06-16,2317,鴻海,listed,270.0,271.0,265.5,269.0,1.5,0.5607,54668000,14697647500,22293,TWSE,common_stock,true,false,false,false,false,false,false,false,true,
2026-06-16,2321,東訊,listed,13.7,13.7,13.7,13.7,0.1,0.7353,1000,13700,1,TWSE,common_stock,true,false,false,false,false,false,false,false,true,
2026-06-16,2323,中環,listed,11.4,11.4,10.85,10.9,-0.4,-3.5398,15821000,174115950,3373,TWSE,common_stock,true,false,false,false,false,false,false,false,true,
2026-06-16,2324,仁寶,listed,38.3,38.3,37.35,37.4,-0.45,-1.1889,59207000,2236905700,20998,TWSE,common_stock,true,false,false,false,false,false,false,false,true,
2026-06-16,2327,國巨*,listed,970.0,1000.0,950.0,950.0,10.0,1.0638,77006000,74996658000,50373,TWSE,common_stock,true,false,false,false,false,false,false,false,true,
2026-06-16,2328,廣宇,listed,53.9,53.9,52.0,52.0,-1.2,-2.2556,3774000,198136500,2225,TWSE,common_stock,true,false,false,false,false,false,false,false,true,
2026-06-16,2329,華泰,listed,56.3,56.5,54.0,54.0,-1.7,-3.0521,7101000,390452900,4344,TWSE,common_stock,true,false,false,false,false,false,false,false,true,
2026-06-16,2330,台積電,listed,2375.0,2400.0,2350.0,2400.0,25.0,1.0526,29167000,69371915000,15428,TWSE,common_stock,true,false,false,false,false,false,false,false,true,
2026-06-16,2331,精英,listed,21.9,21.95,21.0,21.0,-0.6,-2.7778,2208000,47164000,1086,TWSE,common_stock,true,false,false,false,false,false,false,false,true,
2026-06-16,2332,友訊,listed,16.2,16.75,15.6,16.6,0.65,4.0752,6797000,109791350,2240,TWSE,common_stock,true,false,false,false,false,false,false,false,true,
2026-06-16,2337,旺宏,listed,164.0,166.5,160.5,166.5,7.5,4.717,41226000,6811056000,23652,TWSE,common_stock,true,false,false,false,false,false,false,false,true,
2026-06-16,2338,光罩,listed,56.0,57.9,52.4,52.8,-1.1,-2.0408,18019000,994360700,10013,TWSE,common_stock,true,false,false,false,false,false,false,false,true,
2026-06-16,2340,台亞,listed,37.3,40.25,37.0,39.1,2.5,6.8306,26953000,1061516350,11743,TWSE,common_stock,true,false,false,false,false,false,false,false,true,
2026-06-16,2342,茂矽,listed,44.75,48.05,44.75,48.05,4.35,9.9542,15224000,727105600,5382,TWSE,common_stock,true,false,false,false,false,false,false,false,true,
2026-06-16,2344,華邦電,listed,198.5,201.0,191.5,197.0,8.0,4.2328,351446000,69182119500,160778,TWSE,common_stock,true,false,false,false,false,false,false,false,true,
2026-06-16,2345,智邦,listed,2495.0,2555.0,2410.0,2520.0,90.0,3.7037,2894000,7241460000,2479,TWSE,common_stock,true,false,false,false,false,false,false,false,true,
2026-06-16,2347,聯強,listed,91.0,93.9,90.6,93.0,2.3,2.5358,6992000,649149400,3738,TWSE,common_stock,true,false,false,false,false,false,false,false,true,
2026-06-16,2348,海悅,listed,72.7,75.2,72.7,74.6,2.0,2.7548,1206000,89310600,731,TWSE,common_stock,true,false,false,false,false,false,false,false,true,
2026-06-16,2348A,海悅甲特,listed,37.7,37.7,37.55,37.6,0.0,0.0,39000,1466750,12,TWSE,warrant,false,false,true,false,false,false,false,false,false,security_type=warrant;symbol_not_4_digit
2026-06-16,2349,錸德,listed,13.85,13.9,13.2,13.25,-0.5,-3.6364,4085000,54765750,1547,TWSE,common_stock,true,false,false,false,false,false,false,false,true,
2026-06-16,2351,順德,listed,185.0,185.5,174.5,176.0,-8.0,-4.3478,3130000,558145500,2054,TWSE,common_stock,true,false,false,false,false,false,false,false,true,
2026-06-16,2352,佳世達,listed,31.65,31.65,30.2,30.2,-1.1,-3.5144,6822000,209234100,3382,TWSE,common_stock,true,false,false,false,false,false,false,false,true,
2026-06-16,2353,宏碁,listed,39.25,39.25,37.85,38.9,0.45,1.1704,43887000,1678791100,17311,TWSE,common_stock,true,false,false,false,false,false,false,false,true,
2026-06-16,2354,鴻準,listed,58.4,58.4,56.9,57.0,-0.7,-1.2132,5244000,300553400,3045,TWSE,common_stock,true,false,false,false,false,false,false,false,true,
2026-06-16,2355,敬鵬,listed,60.9,62.8,57.1,57.1,-3.2,-5.3068,22960000,1370760600,13745,TWSE,common_stock,true,false,false,false,false,false,false,false,true,
2026-06-16,2356,英業達,listed,68.2,68.6,66.2,66.6,-0.5,-0.7452,28788000,1928855700,14850,TWSE,common_stock,true,false,false,false,false,false,false,false,true,
2026-06-16,2357,華碩,listed,794.0,800.0,786.0,791.0,-1.0,-0.1263,4049000,3204663000,2871,TWSE,common_stock,true,false,false,false,false,false,false,false,true,
2026-06-16,2359,所羅門,listed,138.5,139.5,132.0,133.0,-4.5,-3.2727,2091000,280267500,1626,TWSE,common_stock,true,false,false,false,false,false,false,false,true,
2026-06-16,2360,致茂,listed,2265.0,2385.0,2265.0,2325.0,60.0,2.649,2380000,5539395000,2074,TWSE,common_stock,true,false,false,false,false,false,false,false,true,
2026-06-16,2362,藍天,listed,49.2,50.0,48.6,48.6,-0.35,-0.715,2299000,112861700,1164,TWSE,common_stock,true,false,false,false,false,false,false,false,true,
2026-06-16,2363,矽統,listed,61.9,61.9,59.0,59.0,-2.3,-3.752,5435000,327978400,3135,TWSE,common_stock,true,false,false,false,false,false,false,false,true,
2026-06-16,2364,倫飛,listed,68.9,68.9,67.0,67.6,-1.0,-1.4577,264000,17905300,191,TWSE,common_stock,true,false,false,false,false,false,false,false,true,
2026-06-16,2365,昆盈,listed,34.1,34.2,33.05,33.1,-0.8,-2.3599,1618000,54022500,1000,TWSE,common_stock,true,false,false,false,false,false,false,false,true,
2026-06-16,2367,燿華,listed,63.6,64.9,60.7,60.7,-2.1,-3.3439,31309000,1950821200,17336,TWSE,common_stock,true,false,false,false,false,false,false,false,true,
2026-06-16,2368,金像電,listed,1330.0,1370.0,1320.0,1345.0,25.0,1.8939,3949000,5308115000,3195,TWSE,common_stock,true,false,false,false,false,false,false,false,true,
2026-06-16,2369,菱生,listed,36.2,36.5,34.65,34.75,-1.0,-2.7972,12097000,430058100,6305,TWSE,common_stock,true,false,false,false,false,false,false,false,true,
2026-06-16,2371,大同,listed,28.6,28.7,28.0,28.05,-0.4,-1.406,8869000,250069650,3802,TWSE,common_stock,true,false,false,false,false,false,false,false,true,
2026-06-16,2373,震旦行,listed,58.1,58.3,57.6,57.9,0.0,0.0,35000,2029100,32,TWSE,common_stock,true,false,false,false,false,false,false,false,true,
2026-06-16,2374,佳能,listed,75.6,75.8,74.2,74.5,-0.7,-0.9309,3746000,280137500,2394,TWSE,common_stock,true,false,false,false,false,false,false,false,true,
2026-06-16,2375,凱美,listed,197.0,202.5,178.0,181.5,-8.0,-4.2216,39518000,7495000500,28444,TWSE,common_stock,true,false,false,false,false,false,false,false,true,
2026-06-16,2376,技嘉,listed,352.5,352.5,345.0,348.0,-1.5,-0.4292,5473000,1909125500,3530,TWSE,common_stock,true,false,false,false,false,false,false,false,true,
2026-06-16,2377,微星,listed,142.5,142.5,135.5,136.5,-3.5,-2.5,17465000,2406792500,10123,TWSE,common_stock,true,false,false,false,false,false,false,false,true,
2026-06-16,2379,瑞昱,listed,640.0,678.0,631.0,678.0,44.0,6.9401,4097000,2692478000,3063,TWSE,common_stock,true,false,false,false,false,false,false,false,true,
2026-06-16,2380,虹光,listed,6.3,6.84,6.26,6.6,0.3,4.7619,983000,6444240,299,TWSE,common_stock,true,false,false,false,false,false,false,false,true,
2026-06-16,2382,廣達,listed,371.5,372.5,362.0,362.5,-7.5,-2.027,19384000,7070716500,11254,TWSE,common_stock,true,false,false,false,false,false,false,false,true,
2026-06-16,2383,台光電,listed,5120.0,5220.0,5065.0,5120.0,90.0,1.7893,1975000,10149945000,1739,TWSE,common_stock,true,false,false,false,false,false,false,false,true,
2026-06-16,2385,群光,listed,121.5,121.5,114.0,116.5,-5.0,-4.1152,13512000,1574999500,9175,TWSE,common_stock,true,false,false,false,false,false,false,false,true,
2026-06-16,2387,精元,listed,40.0,40.0,39.1,39.25,-0.7,-1.7522,884000,34836500,510,TWSE,common_stock,true,false,false,false,false,false,false,false,true,
2026-06-16,2388,威盛,listed,71.8,72.0,68.4,68.4,-2.1,-2.9787,3420000,239264900,2055,TWSE,common_stock,true,false,false,false,false,false,false,false,true,
2026-06-16,2390,云辰,listed,12.45,12.55,11.85,11.85,-0.45,-3.6585,1099000,13303600,519,TWSE,common_stock,true,false,false,false,false,false,false,false,true,
2026-06-16,2392,正崴,listed,40.75,42.5,40.25,40.3,0.05,0.1242,2874000,118106500,1796,TWSE,common_stock,true,false,false,false,false,false,false,false,true,
2026-06-16,2393,億光,listed,71.0,72.4,70.7,70.8,0.3,0.4255,4243000,304117900,2309,TWSE,common_stock,true,false,false,false,false,false,false,false,true,
2026-06-16,2395,研華,listed,493.0,493.0,475.0,480.0,-5.0,-1.0309,1628000,780716500,1323,TWSE,common_stock,true,false,false,false,false,false,false,false,true,
2026-06-16,2397,友通,listed,63.5,63.8,60.9,60.9,-1.9,-3.0255,505000,31160200,336,TWSE,common_stock,true,false,false,false,false,false,false,false,true,
2026-06-16,2399,映泰,listed,48.7,52.8,47.8,52.8,4.8,10.0,13881000,716055800,6247,TWSE,common_stock,true,false,false,false,false,false,false,false,true,
2026-06-16,2401,凌陽,listed,32.0,32.55,30.65,30.75,-0.7,-2.2258,25682000,808656400,12429,TWSE,common_stock,true,false,false,false,false,false,false,false,true,
2026-06-16,2402,毅嘉,listed,68.7,71.4,67.3,70.0,1.5,2.1898,10051000,699173800,5841,TWSE,common_stock,true,false,false,false,false,false,false,false,true,
2026-06-16,2404,漢唐,listed,1380.0,1380.0,1245.0,1245.0,-135.0,-9.7826,6064000,7710455000,4990,TWSE,common_stock,true,false,false,false,false,false,false,false,true,
2026-06-16,2405,輔信,listed,19.7,19.8,18.8,18.8,-0.65,-3.3419,3734000,71433950,1614,TWSE,common_stock,true,false,false,false,false,false,false,false,true,
2026-06-16,2406,國碩,listed,38.5,38.65,35.2,35.2,-3.05,-7.9739,25488000,930830700,12433,TWSE,common_stock,true,false,false,false,false,false,false,false,true,
2026-06-16,2408,南亞科,listed,402.5,432.5,396.0,425.0,29.5,7.4589,166504000,69637030000,94307,TWSE,common_stock,true,false,false,false,false,false,false,false,true,
2026-06-16,2409,友達,listed,24.5,24.75,23.9,23.9,-0.2,-0.8299,202575000,4904808050,55962,TWSE,common_stock,true,false,false,false,false,false,false,false,true,
2026-06-16,2412,中華電,listed,146.0,147.0,145.0,146.5,1.0,0.6873,12743000,1865074500,3966,TWSE,common_stock,true,false,false,false,false,false,false,false,true,
2026-06-16,2413,環科,listed,63.0,64.4,59.2,59.5,-3.0,-4.8,7496000,457802500,4713,TWSE,common_stock,true,false,false,false,false,false,false,false,true,
2026-06-16,2414,精技,listed,61.3,62.4,60.2,60.2,-0.6,-0.9868,760000,46321100,491,TWSE,common_stock,true,false,false,false,false,false,false,false,true,
2026-06-16,2415,錩新,listed,30.85,31.5,29.85,29.85,-0.2,-0.6656,707000,21628950,452,TWSE,common_stock,true,false,false,false,false,false,false,false,true,
2026-06-16,2417,圓剛,listed,47.2,47.2,45.5,46.0,-0.3,-0.6479,799000,36779300,543,TWSE,common_stock,true,false,false,false,false,false,false,false,true,
2026-06-16,2419,仲琦,listed,30.55,30.55,28.95,28.95,-0.8,-2.6891,1492000,43673450,875,TWSE,common_stock,true,false,false,false,false,false,false,false,true,
2026-06-16,2420,新巨,listed,60.1,61.0,59.0,59.1,-0.9,-1.5,574000,34168700,422,TWSE,common_stock,true,false,false,false,false,false,false,false,true,
2026-06-16,2421,建準,listed,145.0,145.5,142.0,142.5,-0.5,-0.3497,2231000,319685500,1562,TWSE,common_stock,true,false,false,false,false,false,false,false,true,
2026-06-16,2423,固緯,listed,77.5,78.5,76.8,77.7,0.4,0.5175,176000,13655300,134,TWSE,common_stock,true,false,false,false,false,false,false,false,true,
2026-06-16,2424,隴華,listed,11.25,11.6,10.5,10.85,0.1,0.9302,174000,1925600,101,TWSE,common_stock,true,false,false,false,false,false,false,false,true,
2026-06-16,2425,承啟,listed,38.8,42.15,38.0,39.5,1.15,2.9987,8052000,330028250,3804,TWSE,common_stock,true,false,false,false,false,false,false,false,true,
2026-06-16,2426,鼎元,listed,79.6,80.5,68.4,68.9,-5.9,-7.8877,30785000,2254176400,17687,TWSE,common_stock,true,false,false,false,false,false,false,false,true,
2026-06-16,2427,三商電,listed,22.5,22.55,22.0,22.05,-0.45,-2.0,954000,21151100,524,TWSE,common_stock,true,false,false,false,false,false,false,false,true,
2026-06-16,2428,興勤,listed,310.0,312.5,279.0,280.0,-30.0,-9.6774,3341000,974904000,2667,TWSE,common_stock,true,false,false,false,false,false,false,false,true,
2026-06-16,2429,銘旺科,listed,39.6,40.0,38.45,38.45,-0.55,-1.4103,468000,18299300,303,TWSE,common_stock,true,false,false,false,false,false,false,false,true,
2026-06-16,2430,燦坤,listed,18.5,18.5,18.35,18.4,-0.05,-0.271,96000,1768050,58,TWSE,common_stock,true,false,false,false,false,false,false,false,true,
2026-06-16,2431,聯昌,listed,11.4,11.4,10.85,10.9,-0.4,-3.5398,441000,4852300,168,TWSE,common_stock,true,false,false,false,false,false,false,false,true,
2026-06-16,2432,倚天酷碁-創,listed,28.4,28.4,27.8,28.0,-0.35,-1.2346,107000,3004650,59,TWSE,common_stock,true,false,false,false,false,false,false,false,true,
2026-06-16,2433,互盛電,listed,44.35,44.45,44.0,44.05,-0.3,-0.6764,40000,1768950,32,TWSE,common_stock,true,false,false,false,false,false,false,false,true,
2026-06-16,2434,統懋,listed,34.3,38.0,34.3,38.0,3.45,9.9855,637000,23846850,416,TWSE,common_stock,true,false,false,false,false,false,false,false,true,
2026-06-16,2436,偉詮電,listed,71.0,71.1,67.1,67.3,-2.4,-3.4433,3708000,254748900,2198,TWSE,common_stock,true,false,false,false,false,false,false,false,true,
2026-06-16,2438,翔耀,listed,22.2,22.2,21.65,21.8,-0.3,-1.3575,226000,4956750,117,TWSE,common_stock,true,false,false,false,false,false,false,false,true,
2026-06-16,2439,美律,listed,90.8,91.3,89.5,89.5,-1.3,-1.4317,1892000,170541500,1455,TWSE,common_stock,true,false,false,false,false,false,false,false,true,
2026-06-16,2440,太空梭,listed,17.25,17.5,16.8,16.8,-0.4,-2.3256,740000,12673100,417,TWSE,common_stock,true,false,false,false,false,false,false,false,true,
2026-06-16,2441,超豐,listed,128.5,129.0,125.0,125.5,-1.5,-1.1811,8025000,1014199000,4689,TWSE,common_stock,true,false,false,false,false,false,false,false,true,
2026-06-16,2442,新美齊,listed,19.85,19.95,19.65,19.75,-0.05,-0.2525,953000,18818600,439,TWSE,common_stock,true,false,false,false,false,false,false,false,true,
2026-06-16,2444,兆勁,listed,13.7,13.85,13.0,13.0,-0.6,-4.4118,609000,8058850,299,TWSE,common_stock,true,false,false,false,false,false,false,false,true,
2026-06-16,2449,京元電子,listed,284.0,284.0,277.5,278.0,-3.0,-1.0676,14492000,4049777000,9092,TWSE,common_stock,true,false,false,false,false,false,false,false,true,
2026-06-16,2450,神腦,listed,31.05,31.15,30.8,31.0,0.0,0.0,508000,15763850,237,TWSE,common_stock,true,false,false,false,false,false,false,false,true,
2026-06-16,2451,創見,listed,318.0,320.0,310.5,312.5,2.5,0.8065,3929000,1239091500,3014,TWSE,common_stock,true,false,false,false,false,false,false,false,true,
2026-06-16,2453,凌群,listed,57.7,58.0,56.0,56.7,-0.2,-0.3515,352000,19975900,274,TWSE,common_stock,true,false,false,false,false,false,false,false,true,
2026-06-16,2454,聯發科,listed,4550.0,4565.0,4415.0,4560.0,90.0,2.0134,9667000,43623575000,7815,TWSE,common_stock,true,false,false,false,false,false,false,false,true,
2026-06-16,2455,全新,listed,387.0,405.5,387.0,405.5,36.5,9.8916,17213000,6949961500,6863,TWSE,common_stock,true,false,false,false,false,false,false,false,true,
2026-06-16,2457,飛宏,listed,29.7,30.2,29.0,29.0,-0.65,-2.1922,6344000,187578350,3108,TWSE,common_stock,true,false,false,false,false,false,false,false,true,
2026-06-16,2458,義隆,listed,152.5,156.0,151.0,153.0,2.0,1.3245,3007000,459419500,1995,TWSE,common_stock,true,false,false,false,false,false,false,false,true,
2026-06-16,2459,敦吉,listed,65.0,65.5,64.6,65.1,0.0,0.0,371000,24114600,279,TWSE,common_stock,true,false,false,false,false,false,false,false,true,
2026-06-16,2460,建通,listed,37.9,37.9,34.75,34.85,0.15,0.4323,3558000,127803000,1775,TWSE,common_stock,true,false,false,false,false,false,false,false,true,
2026-06-16,2461,光群雷,listed,19.45,19.6,18.6,18.65,-0.4,-2.0997,2088000,39478750,873,TWSE,common_stock,true,false,false,false,false,false,false,false,true,
2026-06-16,2462,良得電,listed,25.8,25.95,24.9,25.15,-0.25,-0.9843,644000,16238700,390,TWSE,common_stock,true,false,false,false,false,false,false,false,true,
2026-06-16,2464,盟立,listed,179.5,179.5,179.5,179.5,16.0,9.7859,3073000,551603500,1731,TWSE,common_stock,true,false,false,false,false,false,false,false,true,
2026-06-16,2465,麗臺,listed,81.5,82.6,79.0,79.1,-3.9,-4.6988,1762000,141826600,1236,TWSE,common_stock,true,false,false,false,false,false,false,false,true,
2026-06-16,2466,冠西電,listed,48.4,48.9,47.5,47.85,-0.1,-0.2086,512000,24607900,231,TWSE,common_stock,true,false,false,false,false,false,false,false,true,
2026-06-16,2467,志聖,listed,590.0,594.0,564.0,564.0,-12.0,-2.0833,1149000,661545000,1005,TWSE,common_stock,true,false,false,false,false,false,false,false,true,
2026-06-16,2468,華經,listed,39.5,39.7,37.7,37.75,-1.75,-4.4304,861000,33049450,643,TWSE,common_stock,true,false,false,false,false,false,false,false,true,
2026-06-16,2471,資通,listed,54.0,54.1,52.6,53.3,-0.6,-1.1132,184000,9800000,148,TWSE,common_stock,true,false,false,false,false,false,false,false,true,
2026-06-16,2472,立隆電,listed,386.0,386.0,347.5,347.5,-38.5,-9.9741,17454000,6198610000,12080,TWSE,common_stock,true,false,false,false,false,false,false,false,true,
2026-06-16,2474,可成,listed,208.5,209.0,204.0,205.5,-2.5,-1.2019,5170000,1065187000,3401,TWSE,common_stock,true,false,false,false,false,false,false,false,true,
2026-06-16,2476,鉅祥,listed,127.0,128.0,116.5,119.5,-8.5,-6.6406,8138000,986167000,3872,TWSE,common_stock,true,false,false,false,false,false,false,false,true,
2026-06-16,2477,美隆電,listed,22.0,22.35,21.85,21.85,-0.15,-0.6818,229000,5058300,108,TWSE,common_stock,true,false,false,false,false,false,false,false,true,
2026-06-16,2478,大毅,listed,200.0,207.0,200.0,207.0,18.5,9.8143,15930000,3282235500,5259,TWSE,common_stock,true,false,false,false,false,false,false,false,true,
2026-06-16,2480,敦陽科,listed,150.0,151.0,146.0,147.0,0.0,0.0,1042000,153831000,702,TWSE,common_stock,true,false,false,false,false,false,false,false,true,
2026-06-16,2481,強茂,listed,144.0,148.5,140.0,140.0,-2.5,-1.7544,20376000,2930998000,11999,TWSE,common_stock,true,false,false,false,false,false,false,false,true,
2026-06-16,2482,連宇,listed,17.0,17.15,16.8,16.85,-0.05,-0.2959,98000,1659050,79,TWSE,common_stock,true,false,false,false,false,false,false,false,true,
2026-06-16,2483,百容,listed,38.4,38.9,35.65,35.85,-2.3,-6.0288,6642000,243052900,3954,TWSE,common_stock,true,false,false,false,false,false,false,false,true,
2026-06-16,2484,希華,listed,74.0,76.1,69.4,70.4,-2.9,-3.9563,69225000,5065285500,39140,TWSE,common_stock,true,false,false,false,false,false,false,false,true,
2026-06-16,2485,兆赫,listed,64.2,65.0,60.2,60.5,-3.2,-5.0235,13385000,829695400,8293,TWSE,common_stock,true,false,false,false,false,false,false,false,true,
2026-06-16,2486,一詮,listed,252.0,257.0,244.0,245.5,-3.0,-1.2072,4629000,1152071500,3166,TWSE,common_stock,true,false,false,false,false,false,false,false,true,
2026-06-16,2488,漢平,listed,53.6,53.9,53.5,53.5,0.0,0.0,99000,5312100,56,TWSE,common_stock,true,false,false,false,false,false,false,false,true,
2026-06-16,2489,瑞軒,listed,45.5,49.5,45.45,45.9,0.9,2.0,62797000,3019143200,27095,TWSE,common_stock,true,false,false,false,false,false,false,false,true,
2026-06-16,2491,吉祥全,listed,37.3,37.3,35.05,35.8,1.4,4.0698,681000,24602350,428,TWSE,common_stock,true,false,false,false,false,false,false,false,true,
2026-06-16,2492,華新科,listed,460.0,494.0,460.0,494.0,44.5,9.8999,6573000,3216214500,3485,TWSE,common_stock,true,false,false,false,false,false,false,false,true,
2026-06-16,2493,揚博,listed,250.0,250.0,240.0,250.0,22.5,9.8901,7971000,1986247000,3025,TWSE,common_stock,true,false,false,false,false,false,false,false,true,
2026-06-16,2495,普安,listed,51.8,52.0,49.5,49.5,-1.0,-1.9802,11268000,572713400,6349,TWSE,common_stock,true,false,false,false,false,false,false,false,true,
2026-06-16,2496,卓越,listed,64.7,65.0,64.6,65.0,0.1,0.1541,6000,389000,6,TWSE,common_stock,true,false,false,false,false,false,false,false,true,
2026-06-16,2497,怡利電,listed,62.6,62.8,61.2,62.4,0.1,0.1605,464000,28755200,302,TWSE,common_stock,true,false,false,false,false,false,false,false,true,
2026-06-16,2498,宏達電,listed,46.5,46.5,44.1,44.1,-1.8,-3.9216,6254000,280912200,3523,TWSE,common_stock,true,false,false,false,false,false,false,false,true,
2026-06-16,2501,國建,listed,27.05,27.05,25.7,25.75,-1.25,-4.6296,6592000,172725450,2721,TWSE,common_stock,true,false,false,false,false,false,false,false,true,
2026-06-16,2504,國產,listed,36.75,36.75,36.25,36.25,-0.4,-1.0914,7210000,262776100,2418,TWSE,common_stock,true,false,false,false,false,false,false,false,true,
2026-06-16,2505,國揚,listed,18.75,18.75,18.45,18.55,-0.2,-1.0667,328000,6072300,187,TWSE,common_stock,true,false,false,false,false,false,false,false,true,
2026-06-16,2506,太設,listed,9.09,9.15,9.05,9.05,-0.03,-0.3304,115000,1046550,70,TWSE,common_stock,true,false,false,false,false,false,false,false,true,
2026-06-16,2509,全坤建,listed,13.65,14.0,13.55,13.95,0.3,2.1978,280000,3875800,118,TWSE,common_stock,true,false,false,false,false,false,false,false,true,
2026-06-16,2511,太子,listed,8.14,8.19,8.1,8.12,-0.01,-0.123,1013000,8249560,355,TWSE,common_stock,true,false,false,false,false,false,false,false,true,
2026-06-16,2514,龍邦,listed,13.9,14.0,13.7,13.8,-0.15,-1.0753,253000,3490800,70,TWSE,common_stock,true,false,false,false,false,false,false,false,true,
2026-06-16,2515,中工,listed,13.05,13.15,12.95,13.1,0.0,0.0,7870000,102764300,1731,TWSE,common_stock,true,false,false,false,false,false,false,false,true,
2026-06-16,2516,新建,listed,13.6,13.85,13.45,13.45,-0.15,-1.1029,207000,2793250,93,TWSE,common_stock,true,false,false,false,false,false,false,false,true,
2026-06-16,2520,冠德,listed,35.0,35.25,34.0,34.5,-0.25,-0.7194,2182000,75350100,1093,TWSE,common_stock,true,false,false,false,false,false,false,false,true,
2026-06-16,2524,京城,listed,36.8,37.55,36.6,37.25,0.25,0.6757,173000,6400950,138,TWSE,common_stock,true,false,false,false,false,false,false,false,true,
2026-06-16,2527,宏璟,listed,40.3,40.75,39.5,39.95,0.8,2.0434,5448000,218369900,2736,TWSE,common_stock,true,false,false,false,false,false,false,false,true,
2026-06-16,2528,皇普,listed,22.65,22.8,22.3,22.45,0.0,0.0,368000,8261000,196,TWSE,common_stock,true,false,false,false,false,false,false,false,true,
2026-06-16,2530,華建,listed,20.2,20.2,19.9,20.1,0.15,0.7519,486000,9705450,305,TWSE,common_stock,true,false,false,false,false,false,false,false,true,
2026-06-16,2534,宏盛,listed,18.8,18.8,18.25,18.25,-0.45,-2.4064,1149000,21167050,527,TWSE,common_stock,true,false,false,false,false,false,false,false,true,
2026-06-16,2535,達欣工,listed,95.5,98.0,93.8,96.6,1.6,1.6842,1049000,100847900,746,TWSE,common_stock,true,false,false,false,false,false,false,false,true,
2026-06-16,2536,宏普,listed,21.7,21.75,21.35,21.4,-0.3,-1.3825,467000,10041400,270,TWSE,common_stock,true,false,false,false,false,false,false,false,true,
2026-06-16,2537,聯上發,listed,11.65,11.8,11.2,11.4,-0.7,-5.7851,6095000,69883300,2135,TWSE,common_stock,true,false,false,false,false,false,false,false,true,
2026-06-16,2538,基泰,listed,10.15,10.2,10.1,10.15,0.0,0.0,260000,2640100,123,TWSE,common_stock,true,false,false,false,false,false,false,false,true,
2026-06-16,2539,櫻花建,listed,39.45,39.7,38.6,38.9,-0.1,-0.2564,1291000,50502500,711,TWSE,common_stock,true,false,false,false,false,false,false,false,true,
2026-06-16,2540,愛山林,listed,54.0,54.0,52.9,53.8,0.3,0.5607,564000,30183700,397,TWSE,common_stock,true,false,false,false,false,false,false,false,true,
2026-06-16,2542,興富發,listed,45.45,45.85,44.9,45.05,-0.4,-0.8801,10369000,468957750,4483,TWSE,common_stock,true,false,false,false,false,false,false,false,true,
2026-06-16,2543,皇昌,listed,46.8,47.4,46.25,47.0,0.2,0.4274,1575000,73859100,864,TWSE,common_stock,true,false,false,false,false,false,false,false,true,
2026-06-16,2545,皇翔,listed,38.55,39.0,38.4,38.65,0.15,0.3896,384000,14825050,171,TWSE,common_stock,true,false,false,false,false,false,false,false,true,
2026-06-16,2546,根基,listed,98.3,98.3,93.9,94.8,-3.5,-3.5605,499000,47683000,412,TWSE,common_stock,true,false,false,false,false,false,false,false,true,
2026-06-16,2547,日勝生,listed,11.0,11.2,11.0,11.05,0.05,0.4545,4621000,51256100,1024,TWSE,common_stock,true,false,false,false,false,false,false,false,true,
2026-06-16,2548,華固,listed,104.0,104.5,102.5,104.0,1.0,0.9709,1372000,142157000,915,TWSE,common_stock,true,false,false,false,false,false,false,false,true,
2026-06-16,2597,潤弘,listed,190.0,190.0,184.5,187.5,-3.0,-1.5748,701000,130545500,538,TWSE,common_stock,true,false,false,false,false,false,false,false,true,
2026-06-16,2601,益航,listed,5.85,5.85,5.7,5.72,-0.13,-2.2222,1455000,8376110,576,TWSE,common_stock,true,false,false,false,false,false,false,false,true,
2026-06-16,2603,長榮,listed,223.0,223.0,219.0,220.5,-4.0,-1.7817,31527000,6943929000,16885,TWSE,common_stock,true,false,false,false,false,false,false,false,true,
2026-06-16,2605,新興,listed,32.7,32.7,31.7,31.8,-0.3,-0.9346,4891000,156566950,2346,TWSE,common_stock,true,false,false,false,false,false,false,false,true,
2026-06-16,2606,裕民,listed,63.1,64.7,60.6,61.1,0.0,0.0,22614000,1397176000,10471,TWSE,common_stock,true,false,false,false,false,false,false,false,true,
2026-06-16,2607,榮運,listed,50.4,50.4,49.3,49.6,-0.5,-0.998,544000,27080350,307,TWSE,common_stock,true,false,false,false,false,false,false,false,true,
2026-06-16,2608,嘉里大榮,listed,29.15,29.15,28.95,29.05,0.1,0.3454,278000,8066400,164,TWSE,common_stock,true,false,false,false,false,false,false,false,true,
2026-06-16,2609,陽明,listed,51.2,51.7,50.2,51.0,-0.2,-0.3906,32466000,1657368400,10609,TWSE,common_stock,true,false,false,false,false,false,false,false,true,
2026-06-16,2610,華航,listed,21.5,21.5,20.95,21.2,-0.2,-0.9346,58623000,1242140900,12213,TWSE,common_stock,true,false,false,false,false,false,false,false,true,
2026-06-16,2611,志信,listed,14.0,14.05,13.8,13.9,-0.05,-0.3584,273000,3797250,144,TWSE,common_stock,true,false,false,false,false,false,false,false,true,
2026-06-16,2612,中航,listed,56.0,56.4,54.8,54.8,-1.1,-1.9678,534000,29608700,322,TWSE,common_stock,true,false,false,false,false,false,false,false,true,
2026-06-16,2613,中櫃,listed,22.25,22.3,21.75,21.8,-0.4,-1.8018,241000,5279600,156,TWSE,common_stock,true,false,false,false,false,false,false,false,true,
2026-06-16,2614,東森,listed,19.25,19.25,18.8,18.85,-0.1,-0.5277,540000,10237500,320,TWSE,common_stock,true,false,false,false,false,false,false,false,true,
2026-06-16,2615,萬海,listed,82.8,83.1,81.1,81.5,-2.0,-2.3952,12254000,1002818400,5747,TWSE,common_stock,true,false,false,false,false,false,false,false,true,
2026-06-16,2616,山隆,listed,13.55,13.7,13.55,13.65,0.0,0.0,200000,2720550,131,TWSE,common_stock,true,false,false,false,false,false,false,false,true,
2026-06-16,2617,台航,listed,30.5,30.55,30.1,30.2,-0.05,-0.1653,637000,19281500,396,TWSE,common_stock,true,false,false,false,false,false,false,false,true,
2026-06-16,2618,長榮航,listed,40.2,40.5,39.3,39.75,-0.2,-0.5006,42988000,1712866000,12511,TWSE,common_stock,true,false,false,false,false,false,false,false,true,
2026-06-16,2630,亞航,listed,39.7,39.8,38.6,38.7,-0.65,-1.6518,706000,27508100,431,TWSE,common_stock,true,false,false,false,false,false,false,false,true,
2026-06-16,2633,台灣高鐵,listed,25.65,26.25,25.55,26.15,0.6,2.3483,17761000,462971450,3736,TWSE,common_stock,true,false,false,false,false,false,false,false,true,
2026-06-16,2634,漢翔,listed,47.35,47.45,46.65,46.75,-0.5,-1.0582,2698000,126527400,1347,TWSE,common_stock,true,false,false,false,false,false,false,false,true,
2026-06-16,2636,台驊控股,listed,71.4,71.4,70.4,70.5,-0.6,-0.8439,300000,21199100,234,TWSE,common_stock,true,false,false,false,false,false,false,false,true,
2026-06-16,2637,慧洋-KY,listed,79.2,80.7,77.5,78.4,-0.8,-1.0101,6004000,471614600,3223,TWSE,common_stock,true,false,false,false,false,false,false,false,true,
2026-06-16,2642,宅配通,listed,21.6,21.6,21.4,21.5,0.0,0.0,72000,1545750,55,TWSE,common_stock,true,false,false,false,false,false,false,false,true,
2026-06-16,2645,長榮航太,listed,171.0,171.0,167.5,168.0,-2.5,-1.4663,674000,113701000,509,TWSE,common_stock,true,false,false,false,false,false,false,false,true,
2026-06-16,2646,星宇航空,listed,21.25,21.3,21.0,21.05,-0.2,-0.9412,4357000,91832800,1913,TWSE,common_stock,true,false,false,false,false,false,false,false,true,
2026-06-16,2701,萬企,listed,10.6,10.65,10.55,10.55,-0.05,-0.4717,63000,667250,38,TWSE,common_stock,true,false,false,false,false,false,false,false,true,
2026-06-16,2702,華園,listed,13.4,13.4,13.05,13.1,0.1,0.7692,34000,447300,34,TWSE,common_stock,true,false,false,false,false,false,false,false,true,
2026-06-16,2704,國賓,listed,44.7,44.75,43.65,44.6,0.25,0.5637,124000,5483250,108,TWSE,common_stock,true,false,false,false,false,false,false,false,true,
2026-06-16,2705,六福,listed,16.1,16.3,15.9,16.25,0.3,1.8809,385000,6218500,231,TWSE,common_stock,true,false,false,false,false,false,false,false,true,
2026-06-16,2706,第一店,listed,12.4,12.5,12.3,12.4,0.05,0.4049,79000,980900,44,TWSE,common_stock,true,false,false,false,false,false,false,false,true,
2026-06-16,2707,晶華,listed,178.5,182.0,177.5,180.0,2.0,1.1236,250000,44940000,206,TWSE,common_stock,true,false,false,false,false,false,false,false,true,
2026-06-16,2712,遠雄來,listed,15.2,15.25,15.2,15.25,0.15,0.9934,5000,76050,5,TWSE,common_stock,true,false,false,false,false,false,false,false,true,
2026-06-16,2722,夏都,listed,23.55,23.55,23.1,23.1,-0.35,-1.4925,38000,884400,36,TWSE,common_stock,true,false,false,false,false,false,false,false,true,
2026-06-16,2723,美食-KY,listed,68.4,68.7,67.1,67.8,-0.2,-0.2941,228000,15409400,146,TWSE,common_stock,true,false,false,false,false,false,false,false,true,
2026-06-16,2727,王品,listed,244.0,245.0,243.0,244.0,0.0,0.0,233000,56784500,218,TWSE,common_stock,true,false,false,false,false,false,false,false,true,
2026-06-16,2731,雄獅,listed,153.5,154.0,152.0,153.0,0.5,0.3279,611000,93255000,488,TWSE,common_stock,true,false,false,false,false,false,false,false,true,
2026-06-16,2739,寒舍,listed,36.15,36.9,36.0,36.5,0.35,0.9682,242000,8838800,174,TWSE,common_stock,true,false,false,false,false,false,false,false,true,
2026-06-16,2748,雲品,listed,40.7,40.7,40.3,40.45,-0.25,-0.6143,136000,5512800,83,TWSE,common_stock,true,false,false,false,false,false,false,false,true,
2026-06-16,2753,八方雲集,listed,189.0,189.5,186.0,188.0,0.0,0.0,357000,67085500,254,TWSE,common_stock,true,false,false,false,false,false,false,false,true,
2026-06-16,2762,世界健身-KY,listed,88.1,88.1,86.8,87.1,-1.0,-1.1351,60000,5243700,47,TWSE,common_stock,true,false,false,false,false,false,false,false,true,
2026-06-16,2801,彰銀,listed,22.75,22.9,22.6,22.8,0.15,0.6623,21197000,482940100,4009,TWSE,common_stock,true,false,false,false,false,false,false,false,true,
2026-06-16,2812,台中銀,listed,19.7,19.9,19.55,19.75,0.15,0.7653,20444000,404141450,3506,TWSE,common_stock,true,false,false,false,false,false,false,false,true,
2026-06-16,2816,旺旺保,listed,32.75,33.5,32.55,32.65,0.0,0.0,594000,19518850,260,TWSE,common_stock,true,false,false,false,false,false,false,false,true,
2026-06-16,2820,華票,listed,17.8,17.95,17.75,17.85,0.1,0.5634,3469000,61940600,955,TWSE,common_stock,true,false,false,false,false,false,false,false,true,
2026-06-16,2832,台產,listed,53.9,54.8,53.5,54.5,1.2,2.2514,493000,26832200,334,TWSE,common_stock,true,false,false,false,false,false,false,false,true,
2026-06-16,2834,臺企銀,listed,17.5,17.6,17.35,17.5,0.2,1.1561,29972000,524189050,5174,TWSE,common_stock,true,false,false,false,false,false,false,false,true,
2026-06-16,2836,高雄銀,listed,12.25,12.3,12.15,12.25,0.0,0.0,1567000,19203200,432,TWSE,common_stock,true,false,false,false,false,false,false,false,true,
2026-06-16,2836A,高雄銀甲特,listed,24.55,24.6,24.5,24.6,0.1,0.4082,62000,1519850,10,TWSE,warrant,false,false,true,false,false,false,false,false,false,security_type=warrant;symbol_not_4_digit
2026-06-16,2838,聯邦銀,listed,21.9,22.3,21.8,22.05,0.15,0.6849,2288000,50663150,810,TWSE,common_stock,true,false,false,false,false,false,false,false,true,
2026-06-16,2838A,聯邦銀甲特,listed,54.3,54.3,54.2,54.3,0.0,0.0,24000,1301300,15,TWSE,warrant,false,false,true,false,false,false,false,false,false,security_type=warrant;symbol_not_4_digit
2026-06-16,2845,遠東銀,listed,12.9,13.05,12.8,12.95,0.1,0.7782,21589000,280486000,4315,TWSE,common_stock,true,false,false,false,false,false,false,false,true,
2026-06-16,2849,安泰銀,listed,14.4,14.55,14.35,14.55,0.15,1.0417,195000,2821450,116,TWSE,common_stock,true,false,false,false,false,false,false,false,true,
2026-06-16,2850,新產,listed,140.5,144.5,137.0,138.5,0.0,0.0,3595000,501082500,1980,TWSE,common_stock,true,false,false,false,false,false,false,false,true,
2026-06-16,2851,中再保,listed,38.55,40.2,38.5,39.75,1.75,4.6053,6022000,238181950,2618,TWSE,common_stock,true,false,false,false,false,false,false,false,true,
2026-06-16,2852,第一保,listed,27.9,28.0,27.75,27.85,0.05,0.1799,2282000,63593000,681,TWSE,common_stock,true,false,false,false,false,false,false,false,true,
2026-06-16,2855,統一證,listed,52.2,52.9,51.5,52.6,1.2,2.3346,9891000,517895800,4310,TWSE,etf,false,true,false,false,false,false,false,false,false,security_type=etf
2026-06-16,2867,三商壽,listed,8.41,8.62,8.39,8.53,0.16,1.9116,37801000,322432980,5185,TWSE,common_stock,true,false,false,false,false,false,false,false,true,
2026-06-16,2880,華南金,listed,36.7,37.6,36.55,37.45,0.75,2.0436,27650000,1031131750,9020,TWSE,common_stock,true,false,false,false,false,false,false,false,true,
2026-06-16,2881,富邦金,listed,128.5,132.5,127.5,132.0,4.5,3.5294,39745000,5196467000,10585,TWSE,etf,false,true,false,false,false,false,false,false,false,security_type=etf
2026-06-16,2881A,富邦特,listed,63.8,63.9,63.7,63.9,0.0,0.0,32000,2041400,20,TWSE,etf,false,true,true,false,false,false,false,false,false,security_type=etf;symbol_not_4_digit
2026-06-16,2881B,富邦金乙特,listed,62.6,62.6,62.5,62.6,-0.1,-0.1595,88000,5505700,24,TWSE,etf,false,true,true,false,false,false,false,false,false,security_type=etf;symbol_not_4_digit
2026-06-16,2881C,富邦金丙特,listed,50.8,51.2,50.8,51.2,0.4,0.7874,58000,2959900,36,TWSE,etf,false,true,true,false,false,false,false,false,false,security_type=etf;symbol_not_4_digit
2026-06-16,2882,國泰金,listed,104.5,109.5,104.0,109.5,5.5,5.2885,53869000,5820110500,13483,TWSE,etf,false,true,false,false,false,false,false,false,false,security_type=etf
2026-06-16,2882A,國泰特,listed,61.9,62.0,61.9,62.0,0.1,0.1616,137000,8490500,24,TWSE,etf,false,true,true,false,false,false,false,false,false,security_type=etf;symbol_not_4_digit
2026-06-16,2882B,國泰金乙特,listed,60.9,60.9,60.9,60.9,-0.2,-0.3273,382000,23263800,9,TWSE,etf,false,true,true,false,false,false,false,false,false,security_type=etf;symbol_not_4_digit
2026-06-16,2883,凱基金,listed,29.0,30.2,28.75,29.7,0.9,3.125,126245000,3746113250,25994,TWSE,etf,false,true,false,false,false,false,false,false,false,security_type=etf
2026-06-16,2883B,凱基金乙特,listed,8.2,8.21,8.19,8.21,0.01,0.122,924000,7579250,120,TWSE,etf,false,true,true,false,false,false,false,false,false,security_type=etf;symbol_not_4_digit
2026-06-16,2884,玉山金,listed,34.7,35.35,34.45,35.2,0.55,1.5873,58844000,2065332150,14317,TWSE,common_stock,true,false,false,false,false,false,false,false,true,
2026-06-16,2885,元大金,listed,65.6,66.5,64.8,65.4,0.4,0.6154,26498000,1741694700,9972,TWSE,etf,false,true,false,false,false,false,false,false,false,security_type=etf
2026-06-16,2886,兆豐金,listed,43.85,44.85,43.5,44.5,0.5,1.1364,21446000,953719350,6170,TWSE,etf,false,true,false,false,false,false,false,false,false,security_type=etf
2026-06-16,2887,台新新光金,listed,31.8,32.6,31.65,32.3,0.7,2.2152,108405000,3503306800,20401,TWSE,common_stock,true,false,false,false,false,false,false,false,true,
2026-06-16,2887E,台新新光戊特一,listed,50.5,50.9,50.3,50.6,0.1,0.198,183000,9251500,141,TWSE,warrant,false,false,true,false,false,false,false,false,false,security_type=warrant;symbol_not_4_digit
2026-06-16,2887F,台新新光戊特二,listed,46.95,46.95,46.85,46.85,-0.05,-0.1066,88000,4127950,31,TWSE,warrant,false,false,true,false,false,false,false,false,false,security_type=warrant;symbol_not_4_digit
2026-06-16,2887G,台新新光庚特一,listed,43.05,43.1,43.0,43.0,-0.1,-0.232,75000,3231450,24,TWSE,warrant,false,false,true,false,false,false,false,false,false,security_type=warrant;symbol_not_4_digit
2026-06-16,2887H,台新新光庚特二,listed,41.05,41.15,41.0,41.0,-0.05,-0.1218,207000,8493900,60,TWSE,warrant,false,false,true,false,false,false,false,false,false,security_type=warrant;symbol_not_4_digit
2026-06-16,2887I,台新新光辛特,listed,9.44,9.44,9.43,9.44,0.0,0.0,4432000,41822400,587,TWSE,warrant,false,false,true,false,false,false,false,false,false,security_type=warrant;symbol_not_4_digit
2026-06-16,2887Z1,台新新光己特,listed,17.95,18.1,17.95,18.0,0.05,0.2786,93000,1679700,24,TWSE,warrant,false,false,true,false,false,false,false,false,false,security_type=warrant;symbol_not_4_digit
2026-06-16,2889,國票金,listed,15.05,15.2,15.0,15.1,0.05,0.3322,9082000,137175550,1641,TWSE,common_stock,true,false,false,false,false,false,false,false,true,
2026-06-16,2890,永豐金,listed,35.45,35.65,35.2,35.3,0.1,0.2841,46417000,1643403050,8268,TWSE,etf,false,true,false,false,false,false,false,false,false,security_type=etf
2026-06-16,2891,中信金,listed,70.4,71.7,69.6,70.8,0.7,0.9986,40699000,2880645600,13295,TWSE,etf,false,true,false,false,false,false,false,false,false,security_type=etf
2026-06-16,2891B,中信金乙特,listed,64.0,64.4,64.0,64.3,-0.1,-0.1553,7000,449600,7,TWSE,etf,false,true,true,false,false,false,false,false,false,security_type=etf;symbol_not_4_digit
2026-06-16,2891C,中信金丙特,listed,62.7,62.7,62.7,62.7,-0.1,-0.1592,300000,18810000,1,TWSE,etf,false,true,true,false,false,false,false,false,false,security_type=etf;symbol_not_4_digit
2026-06-16,2892,第一金,listed,31.3,31.8,31.25,31.8,0.5,1.5974,50428000,1594350650,10250,TWSE,common_stock,true,false,false,false,false,false,false,false,true,
2026-06-16,2897,王道銀行,listed,10.55,10.55,10.45,10.5,0.0,0.0,7624000,80153050,1207,TWSE,common_stock,true,false,false,false,false,false,false,false,true,
2026-06-16,2897B,王道銀乙特,listed,11.85,11.85,11.85,11.85,0.0,0.0,12000,142200,5,TWSE,warrant,false,false,true,false,false,false,false,false,false,security_type=warrant;symbol_not_4_digit
2026-06-16,2901,欣欣,listed,23.65,24.35,23.55,23.8,0.1,0.4219,20000,475550,17,TWSE,common_stock,true,false,false,false,false,false,false,false,true,
2026-06-16,2903,遠百,listed,24.2,24.3,23.85,24.05,-0.15,-0.6198,3069000,73680100,1079,TWSE,common_stock,true,false,false,false,false,false,false,false,true,
2026-06-16,2904,匯僑,listed,14.05,14.25,14.05,14.15,0.1,0.7117,27000,383200,24,TWSE,common_stock,true,false,false,false,false,false,false,false,true,
2026-06-16,2905,三商,listed,15.4,15.6,15.25,15.3,-0.1,-0.6494,1406000,21673050,581,TWSE,common_stock,true,false,false,false,false,false,false,false,true,
2026-06-16,2906,高林,listed,13.15,13.15,12.9,12.95,-0.05,-0.3846,129000,1674050,73,TWSE,common_stock,true,false,false,false,false,false,false,false,true,
2026-06-16,2908,特力,listed,21.5,21.5,20.9,21.2,0.0,0.0,146000,3083600,87,TWSE,common_stock,true,false,false,false,false,false,false,false,true,
2026-06-16,2910,統領,listed,22.05,24.4,22.0,23.65,1.4,6.2921,44000,1043050,37,TWSE,common_stock,true,false,false,false,false,false,false,false,true,
2026-06-16,2911,麗嬰房,listed,8.2,8.2,7.93,7.95,-0.17,-2.0936,410000,3303270,236,TWSE,common_stock,true,false,false,false,false,false,false,false,true,
2026-06-16,2912,統一超,listed,230.0,230.5,227.5,228.0,0.0,0.0,2386000,545180000,1482,TWSE,etf,false,true,false,false,false,false,false,false,false,security_type=etf
2026-06-16,2913,農林,listed,11.15,11.25,11.05,11.1,-0.1,-0.8929,2392000,26606900,609,TWSE,common_stock,true,false,false,false,false,false,false,false,true,
2026-06-16,2915,潤泰全,listed,53.7,54.0,51.9,52.2,-1.2,-2.2472,6156000,323921000,2102,TWSE,common_stock,true,false,false,false,false,false,false,false,true,
2026-06-16,2923,鼎固-KY,listed,26.35,27.0,25.55,25.75,0.1,0.3899,249000,6569850,149,TWSE,common_stock,true,false,false,false,false,false,false,false,true,
2026-06-16,2929,淘帝-KY,listed,5.85,5.85,5.73,5.78,-0.03,-0.5164,162000,936660,83,TWSE,common_stock,true,false,false,false,false,false,false,false,true,
2026-06-16,2939,永邑-KY,listed,21.45,22.0,21.25,22.0,0.5,2.3256,15000,326550,15,TWSE,common_stock,true,false,false,false,false,false,false,false,true,
2026-06-16,2945,三商家購,listed,43.0,43.7,42.95,43.4,0.45,1.0477,34000,1477700,26,TWSE,warrant,false,false,true,false,false,false,false,false,false,security_type=warrant
2026-06-16,3002,歐格,listed,19.9,19.9,19.0,19.0,-0.7,-3.5533,339000,6533400,221,TWSE,common_stock,true,false,false,false,false,false,false,false,true,
2026-06-16,3003,健和興,listed,64.2,68.2,63.2,67.4,3.9,6.1417,4770000,316606400,2985,TWSE,common_stock,true,false,false,false,false,false,false,false,true,
2026-06-16,3004,豐達科,listed,138.0,138.0,130.5,133.0,-5.0,-3.6232,712000,95317500,522,TWSE,common_stock,true,false,false,false,false,false,false,false,true,
2026-06-16,3005,神基,listed,104.5,105.0,101.0,101.5,-2.5,-2.4038,5081000,519590000,2926,TWSE,common_stock,true,false,false,false,false,false,false,false,true,
2026-06-16,3006,晶豪科,listed,227.0,233.5,221.0,224.5,2.0,0.8989,11246000,2554359000,7642,TWSE,common_stock,true,false,false,false,false,false,false,false,true,
2026-06-16,3008,大立光,listed,4480.0,4860.0,4450.0,4860.0,440.0,9.9548,3034000,14322480000,2521,TWSE,common_stock,true,false,false,false,false,false,false,false,true,
2026-06-16,3010,華立,listed,134.0,135.0,128.5,129.5,-2.5,-1.8939,1942000,252300000,1269,TWSE,common_stock,true,false,false,false,false,false,false,false,true,
2026-06-16,3011,今皓,listed,15.0,15.25,14.5,14.55,-0.25,-1.6892,1099000,16221900,548,TWSE,common_stock,true,false,false,false,false,false,false,false,true,
2026-06-16,3013,晟銘電,listed,113.0,113.5,110.5,110.5,-1.5,-1.3393,1827000,203453000,1369,TWSE,common_stock,true,false,false,false,false,false,false,false,true,
2026-06-16,3014,聯陽,listed,152.0,156.0,148.5,150.0,-0.5,-0.3322,2250000,340649500,1686,TWSE,common_stock,true,false,false,false,false,false,false,false,true,
2026-06-16,3015,全漢,listed,59.4,60.3,57.0,57.0,0.0,0.0,1509000,87636700,1044,TWSE,common_stock,true,false,false,false,false,false,false,false,true,
2026-06-16,3016,嘉晶,listed,125.5,134.5,119.0,119.5,-5.5,-4.4,28777000,3651553000,18354,TWSE,common_stock,true,false,false,false,false,false,false,false,true,
2026-06-16,3017,奇鋐,listed,2455.0,2470.0,2370.0,2370.0,-40.0,-1.6598,2768000,6626820000,2308,TWSE,common_stock,true,false,false,false,false,false,false,false,true,
2026-06-16,3018,隆銘綠能,listed,11.55,11.55,11.5,11.55,0.0,0.0,7000,80800,7,TWSE,common_stock,true,false,false,false,false,false,false,false,true,
2026-06-16,3019,亞光,listed,159.5,167.5,156.5,164.0,6.0,3.7975,29786000,4859992500,18741,TWSE,common_stock,true,false,false,false,false,false,false,false,true,
2026-06-16,3021,鴻名,listed,32.65,32.65,31.45,31.65,0.4,1.28,320000,10276750,211,TWSE,common_stock,true,false,false,false,false,false,false,false,true,
2026-06-16,3022,威強電,listed,85.8,86.0,82.6,82.6,-2.7,-3.1653,1705000,142760000,1261,TWSE,common_stock,true,false,false,false,false,false,false,false,true,
2026-06-16,3023,信邦,listed,320.0,323.0,312.0,313.0,-6.0,-1.8809,1174000,371715500,807,TWSE,common_stock,true,false,false,false,false,false,false,false,true,
2026-06-16,3024,憶聲,listed,12.5,12.5,12.1,12.15,-0.35,-2.8,1183000,14447700,512,TWSE,common_stock,true,false,false,false,false,false,false,false,true,
2026-06-16,3025,星通,listed,74.8,74.9,70.0,70.2,-4.0,-5.3908,1281000,92122500,825,TWSE,common_stock,true,false,false,false,false,false,false,false,true,
2026-06-16,3026,禾伸堂,listed,882.0,915.0,785.0,815.0,-25.0,-2.9762,18842000,15965648000,14038,TWSE,common_stock,true,false,false,false,false,false,false,false,true,
2026-06-16,3027,盛達,listed,21.55,21.55,20.7,20.7,-0.7,-3.271,489000,10232650,298,TWSE,common_stock,true,false,false,false,false,false,false,false,true,
2026-06-16,3028,增你強,listed,76.6,77.7,74.8,74.8,-0.9,-1.1889,3655000,277694800,2358,TWSE,common_stock,true,false,false,false,false,false,false,false,true,
2026-06-16,3029,零壹,listed,104.5,105.0,101.0,102.0,-2.5,-2.3923,1542000,157551000,1002,TWSE,common_stock,true,false,false,false,false,false,false,false,true,
2026-06-16,3030,德律,listed,341.0,344.5,330.0,330.5,-5.5,-1.6369,1698000,571265000,1311,TWSE,common_stock,true,false,false,false,false,false,false,false,true,
2026-06-16,3031,佰鴻,listed,29.1,29.35,28.15,28.25,-0.5,-1.7391,1066000,30567000,549,TWSE,common_stock,true,false,false,false,false,false,false,false,true,
2026-06-16,3032,偉訓,listed,85.5,86.1,83.6,84.0,-1.5,-1.7544,776000,65828900,475,TWSE,common_stock,true,false,false,false,false,false,false,false,true,
2026-06-16,3033,威健,listed,49.9,49.9,48.7,48.8,-0.8,-1.6129,5351000,263103550,3192,TWSE,common_stock,true,false,false,false,false,false,false,false,true,
2026-06-16,3034,聯詠,listed,498.0,504.0,493.0,500.0,5.0,1.0101,3070000,1527196000,2276,TWSE,common_stock,true,false,false,false,false,false,false,false,true,
2026-06-16,3035,智原,listed,202.0,206.0,198.5,201.0,0.0,0.0,10004000,2025491500,6776,TWSE,common_stock,true,false,false,false,false,false,false,false,true,
2026-06-16,3036,文曄,listed,227.0,229.0,218.0,219.0,-7.0,-3.0973,9873000,2184636000,6631,TWSE,common_stock,true,false,false,false,false,false,false,false,true,
2026-06-16,3037,欣興,listed,986.0,1005.0,965.0,981.0,21.0,2.1875,18975000,18677170000,14922,TWSE,common_stock,true,false,false,false,false,false,false,false,true,
2026-06-16,3038,全台,listed,23.3,23.3,22.75,22.85,-0.3,-1.2959,189000,4323200,124,TWSE,common_stock,true,false,false,false,false,false,false,false,true,
2026-06-16,3040,遠見,listed,38.35,38.5,38.05,38.4,0.3,0.7874,156000,5963300,91,TWSE,common_stock,true,false,false,false,false,false,false,false,true,
2026-06-16,3041,揚智,listed,28.0,28.3,26.4,26.4,-0.6,-2.2222,5507000,150359600,3097,TWSE,common_stock,true,false,false,false,false,false,false,false,true,
2026-06-16,3042,晶技,listed,240.5,247.0,222.0,229.0,0.0,0.0,39058000,9083171500,25840,TWSE,common_stock,true,false,false,false,false,false,false,false,true,
2026-06-16,3043,科風,listed,22.75,24.3,22.45,23.85,1.15,5.0661,649000,15334800,405,TWSE,common_stock,true,false,false,false,false,false,false,false,true,
2026-06-16,3044,健鼎,listed,532.0,558.0,529.0,546.0,26.0,5.0,7015000,3822557000,5618,TWSE,common_stock,true,false,false,false,false,false,false,false,true,
2026-06-16,3045,台灣大,listed,119.5,121.5,119.5,120.5,1.0,0.8368,10933000,1316524000,4132,TWSE,common_stock,true,false,false,false,false,false,false,false,true,
2026-06-16,3046,建碁,listed,57.8,58.0,56.6,57.0,-0.6,-1.0417,296000,16876100,199,TWSE,common_stock,true,false,false,false,false,false,false,false,true,
2026-06-16,3047,訊舟,listed,16.0,16.1,15.4,15.4,-0.45,-2.8391,970000,15151250,515,TWSE,common_stock,true,false,false,false,false,false,false,false,true,
2026-06-16,3048,益登,listed,74.2,75.0,71.1,71.1,-2.4,-3.2653,10442000,755440700,6215,TWSE,common_stock,true,false,false,false,false,false,false,false,true,
2026-06-16,3049,精金,listed,14.95,15.45,14.15,14.15,-0.6,-4.0678,9901000,144973550,3930,TWSE,common_stock,true,false,false,false,false,false,false,false,true,
2026-06-16,3050,鈺德,listed,13.35,13.35,12.8,12.8,-0.5,-3.7594,1095000,14181850,472,TWSE,common_stock,true,false,false,false,false,false,false,false,true,
2026-06-16,3051,力特,listed,27.8,27.8,26.6,26.6,-0.95,-3.4483,1399000,37663250,733,TWSE,common_stock,true,false,false,false,false,false,false,false,true,
2026-06-16,3052,夆典,listed,10.9,10.9,10.8,10.85,-0.05,-0.4587,165000,1788450,86,TWSE,common_stock,true,false,false,false,false,false,false,false,true,
2026-06-16,3054,立萬利,listed,67.6,69.0,67.6,67.7,0.5,0.744,110000,7491100,96,TWSE,common_stock,true,false,false,false,false,false,false,false,true,
2026-06-16,3055,蔚華科,listed,85.2,87.4,83.2,85.1,2.0,2.4067,1462000,124882400,1018,TWSE,common_stock,true,false,false,false,false,false,false,false,true,
2026-06-16,3056,富華新,listed,15.35,15.55,15.0,15.05,-0.3,-1.9544,2119000,32238550,705,TWSE,common_stock,true,false,false,false,false,false,false,false,true,
2026-06-16,3057,喬鼎,listed,20.05,20.15,19.75,19.75,-0.35,-1.7413,152000,3037150,90,TWSE,common_stock,true,false,false,false,false,false,false,false,true,
2026-06-16,3058,立德,listed,9.75,9.75,9.27,9.27,-0.22,-2.3182,682000,6392730,307,TWSE,common_stock,true,false,false,false,false,false,false,false,true,
2026-06-16,3059,華晶科,listed,47.85,49.0,46.6,47.65,0.15,0.3158,8717000,417466650,5593,TWSE,common_stock,true,false,false,false,false,false,false,false,true,
2026-06-16,3060,銘異,listed,33.75,35.45,33.4,33.9,0.2,0.5935,9894000,341249400,5330,TWSE,common_stock,true,false,false,false,false,false,false,false,true,
2026-06-16,3062,建漢,listed,26.3,26.3,25.1,25.15,-0.85,-3.2692,4913000,124981750,2501,TWSE,common_stock,true,false,false,false,false,false,false,false,true,
2026-06-16,3090,日電貿,listed,286.5,309.0,274.0,275.0,-6.5,-2.3091,35646000,10370924000,25505,TWSE,common_stock,true,false,false,false,false,false,false,false,true,
2026-06-16,3092,鴻碩,listed,30.5,30.55,29.0,29.3,-0.55,-1.8425,482000,14266850,291,TWSE,common_stock,true,false,false,false,false,false,false,false,true,
2026-06-16,3094,聯傑,listed,36.8,37.4,35.0,36.15,0.8,2.2631,5542000,201031200,3192,TWSE,common_stock,true,false,false,false,false,false,false,false,true,
2026-06-16,3130,一零四,listed,226.5,226.5,225.0,225.5,-1.5,-0.6608,26000,5868500,26,TWSE,common_stock,true,false,false,false,false,false,false,false,true,
2026-06-16,3135,凌航,listed,199.5,201.0,193.0,193.0,-2.5,-1.2788,1979000,387592000,1522,TWSE,common_stock,true,false,false,false,false,false,false,false,true,
2026-06-16,3138,耀登,listed,141.5,143.5,136.0,136.0,-4.5,-3.2028,726000,100255000,584,TWSE,common_stock,true,false,false,false,false,false,false,false,true,
2026-06-16,3149,正達,listed,90.0,90.0,87.7,88.0,0.6,0.6865,3343000,297496600,2362,TWSE,common_stock,true,false,false,false,false,false,false,false,true,
2026-06-16,3150,鈺寶-創,listed,18.4,18.65,18.3,18.5,0.0,0.0,78000,1434350,44,TWSE,common_stock,true,false,false,false,false,false,false,false,true,
2026-06-16,3164,景岳,listed,16.4,16.5,16.25,16.4,0.0,0.0,45000,736950,20,TWSE,common_stock,true,false,false,false,false,false,false,false,true,
2026-06-16,3167,大量,listed,835.0,845.0,767.0,800.0,-39.0,-4.6484,5661000,4553353000,4705,TWSE,common_stock,true,false,false,false,false,false,false,false,true,
2026-06-16,3168,眾福科,listed,49.6,49.85,48.65,48.65,-0.9,-1.8163,109000,5357150,92,TWSE,common_stock,true,false,false,false,false,false,false,false,true,
2026-06-16,3189,景碩,listed,660.0,688.0,637.0,642.0,-18.0,-2.7273,25783000,16959662000,19880,TWSE,common_stock,true,false,false,false,false,false,false,false,true,
2026-06-16,3209,全科,listed,61.8,62.6,60.5,60.6,-0.7,-1.1419,1725000,105520600,1068,TWSE,common_stock,true,false,false,false,false,false,false,false,true,
2026-06-16,3229,晟鈦,listed,45.95,48.35,44.65,44.65,-1.3,-2.8292,699000,32242350,442,TWSE,common_stock,true,false,false,false,false,false,false,false,true,
2026-06-16,3231,緯創,listed,162.0,162.0,158.0,158.0,-3.5,-2.1672,30713000,4900138500,15933,TWSE,common_stock,true,false,false,false,false,false,false,false,true,
2026-06-16,3257,虹冠電,listed,56.9,56.9,54.6,55.1,-0.5,-0.8993,245000,13509200,196,TWSE,common_stock,true,false,false,false,false,false,false,false,true,
2026-06-16,3266,昇陽,listed,13.5,13.55,13.4,13.5,0.1,0.7463,97000,1307800,65,TWSE,common_stock,true,false,false,false,false,false,false,false,true,
2026-06-16,3296,勝德,listed,25.2,25.25,24.65,24.65,-0.55,-2.1825,198000,4935750,122,TWSE,common_stock,true,false,false,false,false,false,false,false,true,
2026-06-16,3305,昇貿,listed,145.0,146.5,140.0,140.5,-3.5,-2.4306,2928000,416741500,1996,TWSE,common_stock,true,false,false,false,false,false,false,false,true,
2026-06-16,3308,聯德,listed,21.45,21.45,20.4,20.55,-0.2,-0.9639,100000,2072550,69,TWSE,common_stock,true,false,false,false,false,false,false,false,true,
2026-06-16,3311,閎暉,listed,41.3,41.3,39.4,39.95,-1.35,-3.2688,2662000,106888150,1568,TWSE,common_stock,true,false,false,false,false,false,false,false,true,
2026-06-16,3312,弘憶股,listed,58.0,58.2,55.9,56.0,-1.4,-2.439,3082000,174282700,1874,TWSE,common_stock,true,false,false,false,false,false,false,false,true,
2026-06-16,3321,同泰,listed,22.6,23.35,21.65,22.25,-0.2,-0.8909,1977000,44582500,940,TWSE,common_stock,true,false,false,false,false,false,false,false,true,
2026-06-16,3338,泰碩,listed,76.0,76.6,73.5,73.8,-1.8,-2.381,792000,59059800,541,TWSE,common_stock,true,false,false,false,false,false,false,false,true,
2026-06-16,3346,麗清,listed,25.45,25.45,24.5,24.75,-0.35,-1.3944,456000,11375100,314,TWSE,common_stock,true,false,false,false,false,false,false,false,true,
2026-06-16,3356,奇偶,listed,59.5,60.1,57.4,58.2,-1.3,-2.1849,653000,38174600,459,TWSE,common_stock,true,false,false,false,false,false,false,false,true,
2026-06-16,3376,新日興,listed,204.5,205.5,199.0,200.0,-3.0,-1.4778,4583000,920414500,3263,TWSE,common_stock,true,false,false,false,false,false,false,false,true,
2026-06-16,3380,明泰,listed,35.5,35.6,34.2,34.35,-0.65,-1.8571,2338000,81014300,1354,TWSE,common_stock,true,false,false,false,false,false,false,false,true,
2026-06-16,3406,玉晶光,listed,731.0,770.0,729.0,744.0,16.0,2.1978,7569000,5690510000,5961,TWSE,common_stock,true,false,false,false,false,false,false,false,true,
2026-06-16,3413,京鼎,listed,323.0,327.0,318.0,326.5,4.5,1.3975,1748000,563877500,1352,TWSE,common_stock,true,false,false,false,false,false,false,false,true,
2026-06-16,3416,融程電,listed,178.0,178.0,173.5,173.5,-4.0,-2.2535,165000,28895000,142,TWSE,common_stock,true,false,false,false,false,false,false,false,true,
2026-06-16,3419,譁裕,listed,14.35,14.4,14.1,14.25,-0.1,-0.6969,237000,3376800,139,TWSE,common_stock,true,false,false,false,false,false,false,false,true,
2026-06-16,3432,台端,listed,18.45,18.8,18.0,18.0,-0.5,-2.7027,69000,1262100,39,TWSE,common_stock,true,false,false,false,false,false,false,false,true,
2026-06-16,3437,榮創,listed,21.7,21.75,21.3,21.3,-0.2,-0.9302,858000,18417400,396,TWSE,common_stock,true,false,false,false,false,false,false,false,true,
2026-06-16,3443,創意,listed,5055.0,5055.0,4845.0,4920.0,105.0,2.1807,3020000,14957505000,2570,TWSE,common_stock,true,false,false,false,false,false,false,false,true,
2026-06-16,3447,展達,listed,40.4,40.65,38.7,39.0,-0.6,-1.5152,217000,8561800,170,TWSE,common_stock,true,false,false,false,false,false,false,false,true,
2026-06-16,3450,聯鈞,listed,518.0,542.0,498.0,499.5,-7.5,-1.4793,11349000,5895482500,8589,TWSE,common_stock,true,false,false,false,false,false,false,false,true,
2026-06-16,3481,群創,listed,53.3,55.0,52.0,53.3,1.9,3.6965,137500000,7368136300,58986,TWSE,common_stock,true,false,false,false,false,false,false,false,true,
2026-06-16,3494,誠研,listed,8.14,8.14,8.0,8.1,-0.01,-0.1233,97000,783260,59,TWSE,common_stock,true,false,false,false,false,false,false,false,true,
2026-06-16,3501,維熹,listed,43.25,44.95,43.0,43.2,0.55,1.2896,666000,29106550,538,TWSE,common_stock,true,false,false,false,false,false,false,false,true,
2026-06-16,3504,揚明光,listed,83.5,89.8,83.5,89.4,7.3,8.8916,9053000,793526500,6387,TWSE,common_stock,true,false,false,false,false,false,false,false,true,
2026-06-16,3515,華擎,listed,246.0,247.5,243.5,243.5,-2.0,-0.8147,369000,90452000,342,TWSE,common_stock,true,false,false,false,false,false,false,false,true,
2026-06-16,3518,柏騰,listed,28.5,28.5,27.5,27.8,0.05,0.1802,485000,13454550,255,TWSE,common_stock,true,false,false,false,false,false,false,false,true,
2026-06-16,3528,安馳,listed,124.0,129.0,119.5,123.0,-7.0,-5.3846,1818000,224107500,1309,TWSE,common_stock,true,false,false,false,false,false,false,false,true,
2026-06-16,3530,晶相光,listed,66.1,66.1,64.0,65.0,-0.2,-0.3067,120000,7779100,106,TWSE,common_stock,true,false,false,false,false,false,false,false,true,
2026-06-16,3532,台勝科,listed,370.0,394.5,370.0,394.5,35.5,9.8886,2343000,912409500,1175,TWSE,common_stock,true,false,false,false,false,false,false,false,true,
2026-06-16,3533,嘉澤,listed,2315.0,2320.0,2255.0,2295.0,-5.0,-0.2174,1214000,2782830000,801,TWSE,common_stock,true,false,false,false,false,false,false,false,true,
2026-06-16,3535,晶彩科,listed,131.0,131.0,128.0,128.0,-1.0,-0.7752,625000,80925500,526,TWSE,common_stock,true,false,false,false,false,false,false,false,true,
2026-06-16,3543,州巧,listed,33.0,33.0,31.5,31.6,-0.95,-2.9186,505000,16086650,317,TWSE,common_stock,true,false,false,false,false,false,false,false,true,
2026-06-16,3545,敦泰,listed,57.3,57.7,56.0,56.1,-1.2,-2.0942,1149000,64969900,811,TWSE,common_stock,true,false,false,false,false,false,false,false,true,
2026-06-16,3550,聯穎,listed,28.0,30.85,27.6,30.85,2.8,9.9822,10878000,329306950,3993,TWSE,common_stock,true,false,false,false,false,false,false,false,true,
2026-06-16,3557,嘉威,listed,28.65,28.65,26.8,27.7,-0.95,-3.3159,246000,6725300,188,TWSE,common_stock,true,false,false,false,false,false,false,false,true,
2026-06-16,3563,牧德,listed,733.0,738.0,705.0,705.0,-17.0,-2.3546,825000,589884000,747,TWSE,common_stock,true,false,false,false,false,false,false,false,true,
2026-06-16,3576,聯合再生,listed,20.95,20.95,18.9,19.0,-2.0,-9.5238,59460000,1158465600,22778,TWSE,common_stock,true,false,false,false,false,false,false,false,true,
2026-06-16,3583,辛耘,listed,826.0,840.0,809.0,817.0,0.0,0.0,971000,799684000,864,TWSE,common_stock,true,false,false,false,false,false,false,false,true,
2026-06-16,3588,通嘉,listed,60.5,60.5,57.6,57.9,-1.5,-2.5253,207000,12120200,167,TWSE,common_stock,true,false,false,false,false,false,false,false,true,
2026-06-16,3591,艾笛森,listed,23.55,23.7,22.65,22.65,-0.6,-2.5806,458000,10548750,285,TWSE,common_stock,true,false,false,false,false,false,false,false,true,
2026-06-16,3592,瑞鼎,listed,275.5,276.0,269.0,270.5,-5.0,-1.8149,390000,105863000,329,TWSE,common_stock,true,false,false,false,false,false,false,false,true,
2026-06-16,3593,力銘,listed,16.0,16.4,15.8,15.8,-0.85,-5.1051,47000,748000,25,TWSE,common_stock,true,false,false,false,false,false,false,false,true,
2026-06-16,3596,智易,listed,191.0,191.0,184.5,186.5,-4.0,-2.0997,2182000,406852500,1453,TWSE,common_stock,true,false,false,false,false,false,false,false,true,
2026-06-16,3605,宏致,listed,74.7,74.9,72.3,72.3,-1.9,-2.5606,1134000,83030300,771,TWSE,common_stock,true,false,false,false,false,false,false,false,true,
2026-06-16,3607,谷崧,listed,17.35,17.5,16.65,16.65,-0.35,-2.0588,1009000,17111300,468,TWSE,common_stock,true,false,false,false,false,false,false,false,true,
2026-06-16,3617,碩天,listed,217.5,217.5,209.5,211.5,-4.0,-1.8561,295000,62509000,264,TWSE,common_stock,true,false,false,false,false,false,false,false,true,
2026-06-16,3622,洋華,listed,56.1,56.3,55.1,55.2,-0.6,-1.0753,194000,10771300,161,TWSE,common_stock,true,false,false,false,false,false,false,false,true,
2026-06-16,3645,達邁,listed,96.6,98.7,91.9,91.9,-0.9,-0.9698,3436000,327377400,2413,TWSE,common_stock,true,false,false,false,false,false,false,false,true,
2026-06-16,3652,精聯,listed,36.25,38.5,36.25,36.9,0.7,1.9337,772000,28803600,529,TWSE,common_stock,true,false,false,false,false,false,false,false,true,
2026-06-16,3653,健策,listed,3940.0,3950.0,3765.0,3785.0,-50.0,-1.3038,1007000,3878480000,873,TWSE,common_stock,true,false,false,false,false,false,false,false,true,
2026-06-16,3661,世芯-KY,listed,4335.0,4335.0,4225.0,4315.0,65.0,1.5294,1043000,4469975000,956,TWSE,common_stock,true,false,false,false,false,false,false,false,true,
2026-06-16,3665,貿聯-KY,listed,2265.0,2275.0,2110.0,2120.0,-145.0,-6.4018,2678000,5802605000,2492,TWSE,common_stock,true,false,false,false,false,false,false,false,true,
2026-06-16,3669,圓展,listed,36.35,36.55,34.4,35.0,-0.7,-1.9608,506000,17755050,313,TWSE,common_stock,true,false,false,false,false,false,false,false,true,
2026-06-16,3673,TPK-KY,listed,80.5,81.5,78.5,78.8,-0.7,-0.8805,13806000,1101662700,7854,TWSE,common_stock,true,false,false,false,false,false,false,false,true,
2026-06-16,3679,新至陞,listed,113.5,113.5,111.5,112.0,-1.5,-1.3216,113000,12667000,95,TWSE,common_stock,true,false,false,false,false,false,false,false,true,
2026-06-16,3686,達能,listed,17.5,17.5,17.05,17.1,-0.3,-1.7241,228000,3905900,130,TWSE,common_stock,true,false,false,false,false,false,false,false,true,
2026-06-16,3694,海華,listed,62.6,62.6,60.6,61.8,0.0,0.0,917000,56266200,571,TWSE,common_stock,true,false,false,false,false,false,false,false,true,
2026-06-16,3701,大眾控,listed,49.85,50.3,47.85,47.85,-0.9,-1.8462,929000,45217800,680,TWSE,common_stock,true,false,false,false,false,false,false,false,true,
2026-06-16,3702,大聯大,listed,109.0,109.5,106.5,109.0,1.5,1.3953,9965000,1081852000,4624,TWSE,common_stock,true,false,false,false,false,false,false,false,true,
2026-06-16,3703,欣陸,listed,22.1,22.2,21.75,21.85,-0.15,-0.6818,1398000,30702200,533,TWSE,common_stock,true,false,false,false,false,false,false,false,true,
2026-06-16,3704,合勤控,listed,48.5,48.5,45.7,46.7,-1.0,-2.0964,3639000,169764400,2240,TWSE,common_stock,true,false,false,false,false,false,false,false,true,
2026-06-16,3705,永信,listed,57.6,57.7,56.8,57.0,-0.3,-0.5236,178000,10178600,131,TWSE,common_stock,true,false,false,false,false,false,false,false,true,
2026-06-16,3706,神達,listed,86.3,86.7,84.2,84.3,-1.3,-1.5187,16453000,1397699900,8850,TWSE,common_stock,true,false,false,false,false,false,false,false,true,
2026-06-16,3708,上緯投控,listed,120.0,121.0,117.0,117.0,-2.0,-1.6807,529000,62537000,415,TWSE,common_stock,true,false,false,false,false,false,false,false,true,
2026-06-16,3711,日月光投控,listed,600.0,600.0,580.0,592.0,2.0,0.339,14963000,8825300000,9723,TWSE,common_stock,true,false,false,false,false,false,false,false,true,
2026-06-16,3712,永崴投控,listed,17.8,18.35,17.8,17.85,-0.1,-0.5571,902000,16280150,430,TWSE,common_stock,true,false,false,false,false,false,false,false,true,
2026-06-16,3714,富采,listed,67.6,67.8,64.3,64.3,-2.0,-3.0166,9425000,619646200,5432,TWSE,common_stock,true,false,false,false,false,false,false,false,true,
2026-06-16,3715,定穎投控,listed,171.5,174.0,170.0,171.0,2.0,1.1834,6275000,1080883000,4185,TWSE,common_stock,true,false,false,false,false,false,false,false,true,
2026-06-16,3716,中化控股,listed,35.3,35.3,34.55,34.85,0.05,0.1437,160000,5548400,103,TWSE,common_stock,true,false,false,false,false,false,false,false,true,
2026-06-16,3717,聯嘉投控,listed,22.0,23.35,21.65,21.65,-0.6,-2.6966,4294000,96760500,1953,TWSE,common_stock,true,false,false,false,false,false,false,false,true,
2026-06-16,4104,佳醫,listed,69.9,70.4,69.5,69.5,-0.1,-0.1437,167000,11631200,118,TWSE,common_stock,true,false,false,false,false,false,false,false,true,
2026-06-16,4106,雃博,listed,23.45,23.5,23.0,23.4,0.2,0.8621,86000,1998250,64,TWSE,common_stock,true,false,false,false,false,false,false,false,true,
2026-06-16,4108,懷特,listed,12.2,12.3,12.0,12.05,-0.1,-0.823,309000,3739500,139,TWSE,common_stock,true,false,false,false,false,false,false,false,true,
2026-06-16,4119,旭富,listed,42.15,42.3,41.9,42.1,-0.05,-0.1186,90000,3791850,67,TWSE,common_stock,true,false,false,false,false,false,false,false,true,
2026-06-16,4133,亞諾法,listed,20.75,20.85,20.4,20.6,0.0,0.0,125000,2571850,79,TWSE,common_stock,true,false,false,false,false,false,false,false,true,
2026-06-16,4137,麗豐-KY,listed,109.5,110.5,108.5,110.0,0.5,0.4566,120000,13137000,87,TWSE,common_stock,true,false,false,false,false,false,false,false,true,
2026-06-16,4142,國光生,listed,17.75,17.75,17.45,17.45,-0.25,-1.4124,872000,15266950,461,TWSE,common_stock,true,false,false,false,false,false,false,false,true,
2026-06-16,4148,全宇生技-KY,listed,31.05,31.05,30.1,30.3,-0.7,-2.2581,30000,919550,25,TWSE,common_stock,true,false,false,false,false,false,false,false,true,
2026-06-16,4155,訊映,listed,15.1,15.15,14.75,15.0,0.0,0.0,242000,3613750,149,TWSE,common_stock,true,false,false,false,false,false,false,false,true,
2026-06-16,4164,承業醫,listed,30.85,31.1,30.65,30.8,0.0,0.0,596000,18380200,266,TWSE,common_stock,true,false,false,false,false,false,false,false,true,
2026-06-16,4169,泰宗,listed,156.5,156.5,151.5,152.5,0.5,0.3289,57000,8758500,54,TWSE,common_stock,true,false,false,false,false,false,false,false,true,
2026-06-16,4178,永笙-KY,listed,17.5,17.7,17.25,17.5,0.0,0.0,351000,6133550,186,TWSE,common_stock,true,false,false,false,false,false,false,false,true,
2026-06-16,4190,佐登-KY,listed,24.95,25.0,24.5,24.6,-0.15,-0.6061,76000,1877150,62,TWSE,common_stock,true,false,false,false,false,false,false,false,true,
2026-06-16,4195,基米-創,listed,15.6,15.9,15.35,15.7,0.0,0.0,341000,5315450,136,TWSE,common_stock,true,false,false,false,false,false,false,false,true,
2026-06-16,4306,炎洲,listed,16.3,16.4,15.9,15.95,-0.2,-1.2384,2799000,45063450,1165,TWSE,common_stock,true,false,false,false,false,false,false,false,true,
2026-06-16,4414,如興,listed,8.46,8.47,8.37,8.42,-0.04,-0.4728,187000,1575300,84,TWSE,common_stock,true,false,false,false,false,false,false,false,true,
2026-06-16,4426,利勤,listed,8.11,8.11,7.97,7.97,-0.14,-1.7263,208000,1670080,95,TWSE,common_stock,true,false,false,false,false,false,false,false,true,
2026-06-16,4438,廣越,listed,63.0,63.0,61.4,62.0,0.1,0.1616,63000,3904500,54,TWSE,common_stock,true,false,false,false,false,false,false,false,true,
2026-06-16,4439,冠星-KY,listed,89.2,90.4,88.8,90.4,1.2,1.3453,19000,1695200,13,TWSE,common_stock,true,false,false,false,false,false,false,false,true,
2026-06-16,4440,宜新實業,listed,17.25,17.4,17.2,17.3,0.05,0.2899,57000,985150,30,TWSE,common_stock,true,false,false,false,false,false,false,false,true,
2026-06-16,4441,振大環球,listed,201.5,207.0,198.0,203.5,8.5,4.359,141000,28587000,127,TWSE,common_stock,true,false,false,false,false,false,false,false,true,
2026-06-16,4526,東台,listed,38.85,39.2,38.0,38.05,-0.5,-1.297,3313000,127391250,1944,TWSE,common_stock,true,false,false,false,false,false,false,false,true,
2026-06-16,4532,瑞智,listed,24.7,24.7,24.1,24.2,-0.35,-1.4257,745000,18069900,439,TWSE,common_stock,true,false,false,false,false,false,false,false,true,
2026-06-16,4536,拓凱,listed,166.5,166.5,163.5,165.5,-0.5,-0.3012,161000,26553500,120,TWSE,common_stock,true,false,false,false,false,false,false,false,true,
2026-06-16,4540,全球傳動,listed,62.2,62.3,59.3,59.6,-1.8,-2.9316,2620000,157989500,1777,TWSE,common_stock,true,false,false,false,false,false,false,false,true,
2026-06-16,4545,銘鈺,listed,36.3,36.9,35.75,35.85,0.0,0.0,170000,6146400,116,TWSE,common_stock,true,false,false,false,false,false,false,false,true,
2026-06-16,4551,智伸科,listed,183.0,183.5,182.0,183.5,16.5,9.8802,2357000,432124500,802,TWSE,common_stock,true,false,false,false,false,false,false,false,true,
2026-06-16,4552,力達-KY,listed,21.05,21.6,21.05,21.45,0.4,1.9002,199000,4268750,106,TWSE,common_stock,true,false,false,false,false,false,false,false,true,
2026-06-16,4555,氣立,listed,47.0,47.0,45.35,46.2,0.2,0.4348,280000,12928350,221,TWSE,common_stock,true,false,false,false,false,false,false,false,true,
2026-06-16,4557,永新-KY,listed,47.5,48.1,47.25,47.95,0.45,0.9474,45000,2140150,34,TWSE,common_stock,true,false,false,false,false,false,false,false,true,
2026-06-16,4560,強信-KY,listed,32.7,33.05,32.65,32.7,0.1,0.3067,106000,3477750,48,TWSE,common_stock,true,false,false,false,false,false,false,false,true,
2026-06-16,4562,穎漢,listed,36.5,36.9,35.45,35.45,-1.0,-2.7435,348000,12464950,274,TWSE,common_stock,true,false,false,false,false,false,false,false,true,
2026-06-16,4564,元翎,listed,15.6,16.15,15.45,15.95,0.35,2.2436,788000,12499700,456,TWSE,common_stock,true,false,false,false,false,false,false,false,true,
2026-06-16,4566,時碩工業,listed,64.5,65.9,63.2,63.2,-1.1,-1.7107,752000,48307500,407,TWSE,common_stock,true,false,false,false,false,false,false,false,true,
2026-06-16,4569,六方科-KY,listed,183.0,184.0,173.0,174.0,-3.5,-1.9718,116000,20652500,109,TWSE,common_stock,true,false,false,false,false,false,false,false,true,
2026-06-16,4571,鈞興-KY,listed,183.0,183.0,178.5,179.5,-0.5,-0.2778,225000,40569500,181,TWSE,common_stock,true,false,false,false,false,false,false,false,true,
2026-06-16,4572,駐龍,listed,145.0,146.0,143.5,146.0,0.0,0.0,30000,4330500,28,TWSE,common_stock,true,false,false,false,false,false,false,false,true,
2026-06-16,4576,大銀微系統,listed,218.0,218.0,205.0,206.5,-8.5,-3.9535,1138000,238342500,930,TWSE,common_stock,true,false,false,false,false,false,false,false,true,
2026-06-16,4581,光隆精密-KY,listed,50.0,50.0,49.8,49.8,0.0,0.0,11000,548800,11,TWSE,common_stock,true,false,false,false,false,false,false,false,true,
2026-06-16,4582,聚恆-創,listed,26.05,26.15,25.6,25.75,-0.4,-1.5296,387000,10005200,103,TWSE,common_stock,true,false,false,false,false,false,false,false,true,
2026-06-16,4583,台灣精銳,listed,634.0,634.0,621.0,621.0,-7.0,-1.1146,43000,26898000,39,TWSE,common_stock,true,false,false,false,false,false,false,false,true,
2026-06-16,4585,達明,listed,312.0,312.0,305.5,306.5,-2.5,-0.8091,172000,52827500,146,TWSE,common_stock,true,false,false,false,false,false,false,false,true,
2026-06-16,4588,玖鼎電力,listed,58.7,59.2,58.1,58.1,-1.1,-1.8581,63000,3683000,59,TWSE,common_stock,true,false,false,false,false,false,false,false,true,
2026-06-16,4590,富田-創,listed,76.3,77.1,75.9,76.8,0.1,0.1304,178000,13645000,112,TWSE,common_stock,true,false,false,false,false,false,false,false,true,
2026-06-16,4720,德淵,listed,24.3,24.6,23.85,23.85,-0.1,-0.4175,1267000,30646450,639,TWSE,common_stock,true,false,false,false,false,false,false,false,true,
2026-06-16,4722,國精化,listed,247.0,251.0,237.5,240.0,-0.5,-0.2079,2895000,711608000,2036,TWSE,common_stock,true,false,false,false,false,false,false,false,true,
2026-06-16,4736,泰博,listed,125.0,126.0,124.5,126.0,1.5,1.2048,169000,21173500,113,TWSE,common_stock,true,false,false,false,false,false,false,false,true,
2026-06-16,4737,華廣,listed,54.9,55.8,53.9,55.8,0.9,1.6393,105000,5743400,100,TWSE,common_stock,true,false,false,false,false,false,false,false,true,
2026-06-16,4739,康普,listed,125.0,128.0,115.0,116.0,-6.5,-5.3061,6729000,805593000,4224,TWSE,common_stock,true,false,false,false,false,false,false,false,true,
2026-06-16,4746,台耀,listed,52.3,52.4,51.3,51.3,-0.5,-0.9653,440000,22764600,282,TWSE,common_stock,true,false,false,false,false,false,false,false,true,
2026-06-16,4755,三福化,listed,141.0,147.0,141.0,144.0,3.5,2.4911,477000,68427000,341,TWSE,common_stock,true,false,false,false,false,false,false,false,true,
2026-06-16,4763,材料*-KY,listed,44.85,45.25,44.6,44.8,0.0,0.0,3672000,165048650,1861,TWSE,common_stock,true,false,false,false,false,false,false,false,true,
2026-06-16,4764,雙鍵,listed,284.0,305.5,279.5,305.5,27.5,9.8921,2959000,878729000,1880,TWSE,common_stock,true,false,false,false,false,false,false,false,true,
2026-06-16,4766,南寶,listed,371.0,371.0,363.5,365.5,-3.5,-0.9485,355000,129911000,309,TWSE,common_stock,true,false,false,false,false,false,false,false,true,
2026-06-16,4770,上品,listed,216.5,216.5,213.0,214.0,0.0,0.0,229000,49075500,201,TWSE,common_stock,true,false,false,false,false,false,false,false,true,
2026-06-16,4771,望隼,listed,188.5,188.5,186.5,187.0,-2.0,-1.0582,115000,21515000,104,TWSE,common_stock,true,false,false,false,false,false,false,false,true,
2026-06-16,4807,日成-KY,listed,45.9,45.9,42.05,42.05,-2.95,-6.5556,464000,19970700,266,TWSE,common_stock,true,false,false,false,false,false,false,false,true,
2026-06-16,4904,遠傳,listed,111.0,113.0,110.0,112.5,2.5,2.2727,13143000,1471941000,5518,TWSE,common_stock,true,false,false,false,false,false,false,false,true,
2026-06-16,4906,正文,listed,44.65,45.25,42.7,42.9,-1.55,-3.4871,9452000,414582000,4233,TWSE,common_stock,true,false,false,false,false,false,false,false,true,
2026-06-16,4912,聯德控股-KY,listed,91.8,92.2,88.8,88.8,-2.4,-2.6316,395000,35538100,297,TWSE,common_stock,true,false,false,false,false,false,false,false,true,
2026-06-16,4915,致伸,listed,78.2,78.2,75.4,75.7,-1.8,-2.3226,7122000,542706600,4255,TWSE,common_stock,true,false,false,false,false,false,false,false,true,
2026-06-16,4916,事欣科,listed,101.0,101.5,97.6,99.0,-0.5,-0.5025,7409000,738009000,4925,TWSE,common_stock,true,false,false,false,false,false,false,false,true,
2026-06-16,4919,新唐,listed,200.0,205.5,181.5,183.0,-10.0,-5.1813,29586000,5643785000,19373,TWSE,common_stock,true,false,false,false,false,false,false,false,true,
2026-06-16,4927,泰鼎-KY,listed,52.2,52.9,49.55,49.6,-2.0,-3.876,5797000,294056700,3282,TWSE,common_stock,true,false,false,false,false,false,false,false,true,
2026-06-16,4930,燦星網,listed,17.5,17.55,17.2,17.55,0.05,0.2857,38000,664100,33,TWSE,common_stock,true,false,false,false,false,false,false,false,true,
2026-06-16,4934,太極,listed,18.05,18.2,17.3,17.3,-0.65,-3.6212,1513000,26589800,768,TWSE,common_stock,true,false,false,false,false,false,false,false,true,
2026-06-16,4935,茂林-KY,listed,38.8,41.95,38.4,41.7,2.9,7.4742,478000,19522450,398,TWSE,common_stock,true,false,false,false,false,false,false,false,true,
2026-06-16,4938,和碩,listed,84.5,84.8,82.3,83.0,-0.5,-0.5988,24251000,2012536600,12451,TWSE,common_stock,true,false,false,false,false,false,false,false,true,
2026-06-16,4942,嘉彰,listed,37.8,37.9,37.6,37.75,-0.1,-0.2642,59000,2227450,41,TWSE,common_stock,true,false,false,false,false,false,false,false,true,
2026-06-16,4943,康控-KY,listed,9.08,9.08,9.07,9.07,0.0,0.0,26000,236000,9,TWSE,common_stock,true,false,false,false,false,false,false,false,true,
2026-06-16,4949,有成精密,listed,90.6,91.3,84.8,85.1,-3.0,-3.4052,1504000,130735200,1198,TWSE,common_stock,true,false,false,false,false,false,false,false,true,
2026-06-16,4952,凌通,listed,59.0,59.0,55.5,56.0,-2.5,-4.2735,2863000,163201800,1932,TWSE,common_stock,true,false,false,false,false,false,false,false,true,
2026-06-16,4956,光鋐,listed,39.3,39.9,37.35,37.35,-1.15,-2.987,1474000,56699900,977,TWSE,common_stock,true,false,false,false,false,false,false,false,true,
2026-06-16,4958,臻鼎-KY,listed,596.0,639.0,592.0,624.0,34.0,5.7627,42190000,26265078000,31115,TWSE,common_stock,true,false,false,false,false,false,false,false,true,
2026-06-16,4960,誠美材,listed,30.0,31.7,29.65,30.15,0.2,0.6678,6605000,202947800,3831,TWSE,common_stock,true,false,false,false,false,false,false,false,true,
2026-06-16,4961,天鈺,listed,172.5,173.0,166.5,168.0,-3.0,-1.7544,481000,81222000,437,TWSE,common_stock,true,false,false,false,false,false,false,false,true,
2026-06-16,4967,十銓,listed,281.0,281.5,272.0,275.0,-2.0,-0.722,5946000,1645238000,4498,TWSE,common_stock,true,false,false,false,false,false,false,false,true,
2026-06-16,4968,立積,listed,110.0,111.0,107.0,107.0,-2.5,-2.2831,425000,46111500,336,TWSE,common_stock,true,false,false,false,false,false,false,false,true,
2026-06-16,4976,佳凌,listed,34.6,38.05,34.5,38.05,3.45,9.9711,6774000,250039700,3028,TWSE,common_stock,true,false,false,false,false,false,false,false,true,
2026-06-16,4977,眾達-KY,listed,184.0,190.0,180.5,180.5,0.5,0.2778,3330000,617612000,2441,TWSE,common_stock,true,false,false,false,false,false,false,false,true,
2026-06-16,4989,榮科,listed,82.0,83.9,78.4,78.7,-2.1,-2.599,4524000,362220600,3013,TWSE,common_stock,true,false,false,false,false,false,false,false,true,
2026-06-16,4994,傳奇,listed,86.8,93.0,85.2,93.0,6.4,7.3903,60000,5362600,58,TWSE,common_stock,true,false,false,false,false,false,false,false,true,
2026-06-16,4999,鑫禾,listed,20.5,20.8,20.5,20.6,0.1,0.4878,51000,1051700,36,TWSE,common_stock,true,false,false,false,false,false,false,false,true,
2026-06-16,5007,三星,listed,57.0,57.0,56.2,56.2,-0.3,-0.531,42000,2383200,30,TWSE,common_stock,true,false,false,false,false,false,false,false,true,
2026-06-16,5203,訊連,listed,69.5,70.4,68.7,70.0,1.3,1.8923,325000,22647700,210,TWSE,common_stock,true,false,false,false,false,false,false,false,true,
2026-06-16,5215,科嘉-KY,listed,44.35,44.35,43.45,43.7,0.0,0.0,129000,5642450,103,TWSE,common_stock,true,false,false,false,false,false,false,false,true,
2026-06-16,5222,全訊,listed,115.0,115.5,112.5,112.5,-2.0,-1.7467,240000,27158000,221,TWSE,common_stock,true,false,false,false,false,false,false,false,true,
2026-06-16,5225,東科-KY,listed,74.0,74.0,72.8,73.7,0.3,0.4087,204000,14964600,159,TWSE,common_stock,true,false,false,false,false,false,false,false,true,
2026-06-16,5234,達興材料,listed,393.5,395.0,388.5,388.5,-0.5,-0.1285,211000,82573500,185,TWSE,common_stock,true,false,false,false,false,false,false,false,true,
2026-06-16,5243,乙盛-KY,listed,113.5,113.5,105.5,106.0,-6.0,-5.3571,2906000,314476500,2010,TWSE,common_stock,true,false,false,false,false,false,false,false,true,
2026-06-16,5244,弘凱,listed,37.85,38.1,37.45,37.8,0.25,0.6658,152000,5733800,126,TWSE,common_stock,true,false,false,false,false,false,false,false,true,
2026-06-16,5258,虹堡,listed,51.2,51.2,49.1,49.25,-1.15,-2.2817,597000,29831500,355,TWSE,common_stock,true,false,false,false,false,false,false,false,true,
2026-06-16,5269,祥碩,listed,1395.0,1400.0,1365.0,1380.0,0.0,0.0,607000,839105000,552,TWSE,common_stock,true,false,false,false,false,false,false,false,true,
2026-06-16,5283,禾聯碩,listed,52.9,52.9,52.3,52.4,-0.3,-0.5693,63000,3308700,43,TWSE,common_stock,true,false,false,false,false,false,false,false,true,
2026-06-16,5284,jpp-KY,listed,378.0,385.5,370.5,385.0,10.0,2.6667,782000,297572500,608,TWSE,common_stock,true,false,false,false,false,false,false,false,true,
2026-06-16,5285,界霖,listed,89.6,89.9,86.2,87.8,-0.4,-0.4535,1284000,112270000,946,TWSE,common_stock,true,false,false,false,false,false,false,false,true,
2026-06-16,5288,豐祥-KY,listed,183.5,184.5,180.5,183.0,0.5,0.274,177000,32278500,156,TWSE,common_stock,true,false,false,false,false,false,false,false,true,
2026-06-16,5292,華懋,listed,230.0,230.0,221.0,224.0,-2.5,-1.1038,109000,24487500,103,TWSE,common_stock,true,false,false,false,false,false,false,false,true,
2026-06-16,5306,桂盟,listed,88.8,88.8,87.1,87.4,-0.6,-0.6818,140000,12265200,108,TWSE,common_stock,true,false,false,false,false,false,false,false,true,
2026-06-16,5388,中磊,listed,86.5,86.9,84.2,84.2,-2.3,-2.659,2433000,206899700,1621,TWSE,common_stock,true,false,false,false,false,false,false,false,true,
2026-06-16,5434,崇越,listed,470.0,480.0,469.5,470.5,2.5,0.5342,1013000,480213000,880,TWSE,common_stock,true,false,false,false,false,false,false,false,true,
2026-06-16,5469,瀚宇博,listed,88.0,88.7,85.6,85.7,-1.8,-2.0571,5042000,439569800,3090,TWSE,common_stock,true,false,false,false,false,false,false,false,true,
2026-06-16,5471,松翰,listed,58.5,59.6,57.3,57.5,0.1,0.1742,16210000,949297400,8819,TWSE,common_stock,true,false,false,false,false,false,false,false,true,
2026-06-16,5484,慧友,listed,49.3,49.45,46.55,46.8,-1.85,-3.8027,1023000,48676400,685,TWSE,common_stock,true,false,false,false,false,false,false,false,true,
2026-06-16,5515,建國,listed,44.5,44.5,43.25,43.3,-0.65,-1.479,551000,24109200,379,TWSE,common_stock,true,false,false,false,false,false,false,false,true,
2026-06-16,5519,隆大,listed,35.0,35.0,34.3,34.4,-0.3,-0.8646,663000,22966600,398,TWSE,common_stock,true,false,false,false,false,false,false,false,true,
2026-06-16,5521,工信,listed,10.65,10.8,10.5,10.65,0.05,0.4717,4743000,50550950,1523,TWSE,common_stock,true,false,false,false,false,false,false,false,true,
2026-06-16,5522,遠雄,listed,77.5,78.0,76.2,76.2,-1.5,-1.9305,1206000,92629800,874,TWSE,common_stock,true,false,false,false,false,false,false,false,true,
2026-06-16,5525,順天,listed,22.55,22.55,22.05,22.2,-0.1,-0.4484,91000,2019050,59,TWSE,common_stock,true,false,false,false,false,false,false,false,true,
2026-06-16,5531,鄉林,listed,8.16,8.2,8.07,8.08,-0.06,-0.7371,521000,4234620,239,TWSE,common_stock,true,false,false,false,false,false,false,false,true,
2026-06-16,5533,皇鼎,listed,14.1,14.2,14.05,14.05,-0.05,-0.3546,107000,1506000,59,TWSE,common_stock,true,false,false,false,false,false,false,false,true,
2026-06-16,5534,長虹,listed,82.4,83.2,82.2,82.3,-0.1,-0.1214,801000,66290200,642,TWSE,common_stock,true,false,false,false,false,false,false,false,true,
2026-06-16,5538,東明-KY,listed,32.4,32.55,31.9,32.05,-0.5,-1.5361,40000,1286750,32,TWSE,common_stock,true,false,false,false,false,false,false,false,true,
2026-06-16,5546,永固-KY,listed,16.85,16.95,16.75,16.75,-0.05,-0.2976,19000,319700,15,TWSE,common_stock,true,false,false,false,false,false,false,false,true,
2026-06-16,5607,遠雄港,listed,53.0,53.0,51.7,52.0,-0.2,-0.3831,602000,31422000,341,TWSE,common_stock,true,false,false,false,false,false,false,false,true,
2026-06-16,5608,四維航,listed,15.4,15.4,14.85,14.9,-0.2,-1.3245,1102000,16558150,526,TWSE,common_stock,true,false,false,false,false,false,false,false,true,
2026-06-16,5706,鳳凰,listed,53.0,53.2,52.4,53.0,0.5,0.9524,266000,14069800,158,TWSE,common_stock,true,false,false,false,false,false,false,false,true,
2026-06-16,5871,中租-KY,listed,118.5,118.5,114.0,116.5,-2.0,-1.6878,13823000,1595834000,6184,TWSE,common_stock,true,false,false,false,false,false,false,false,true,
2026-06-16,5871A,中租-KY甲特,listed,103.0,103.0,102.5,103.0,0.5,0.4878,37000,3801500,26,TWSE,warrant,false,false,true,false,false,false,false,false,false,security_type=warrant;symbol_not_4_digit
2026-06-16,5876,上海商銀,listed,43.3,43.3,42.5,42.6,-0.3,-0.6993,13307000,570072800,4520,TWSE,common_stock,true,false,false,false,false,false,false,false,true,
2026-06-16,5880,合庫金,listed,24.25,24.7,24.1,24.6,0.45,1.8634,40829000,999597050,10011,TWSE,common_stock,true,false,false,false,false,false,false,false,true,
2026-06-16,5906,台南-KY,listed,45.5,45.5,45.4,45.4,0.0,0.0,3000,136300,3,TWSE,common_stock,true,false,false,false,false,false,false,false,true,
2026-06-16,5907,大洋-KY,listed,5.0,5.06,4.98,4.99,-0.01,-0.2,367000,1836470,145,TWSE,common_stock,true,false,false,false,false,false,false,false,true,
2026-06-16,6005,群益證,listed,41.0,41.1,39.7,39.75,-0.3,-0.7491,18086000,728052650,6822,TWSE,etf,false,true,false,false,false,false,false,false,false,security_type=etf
2026-06-16,6024,群益期,listed,61.8,62.5,61.7,61.8,0.0,0.0,359000,22252200,252,TWSE,etf,false,true,false,false,false,false,false,false,false,security_type=etf
2026-06-16,6108,競國,listed,19.45,19.6,18.9,18.95,-0.6,-3.0691,632000,12075250,362,TWSE,common_stock,true,false,false,false,false,false,false,false,true,
2026-06-16,6112,邁達特,listed,47.2,47.2,45.5,45.5,-1.05,-2.2556,785000,36040700,554,TWSE,common_stock,true,false,false,false,false,false,false,false,true,
2026-06-16,6115,鎰勝,listed,49.2,49.4,48.8,48.8,-0.4,-0.813,212000,10394500,125,TWSE,common_stock,true,false,false,false,false,false,false,false,true,
2026-06-16,6116,彩晶,listed,17.0,17.0,16.5,16.6,0.1,0.6061,17465000,292005000,5631,TWSE,common_stock,true,false,false,false,false,false,false,false,true,
2026-06-16,6117,迎廣,listed,77.5,77.5,75.5,75.5,-1.7,-2.2021,324000,24753800,248,TWSE,common_stock,true,false,false,false,false,false,false,false,true,
2026-06-16,6120,達運,listed,14.2,14.25,13.8,13.8,-0.3,-2.1277,2150000,30079550,831,TWSE,common_stock,true,false,false,false,false,false,false,false,true,
2026-06-16,6128,上福,listed,21.65,21.65,20.9,20.95,-0.6,-2.7842,217000,4580800,96,TWSE,common_stock,true,false,false,false,false,false,false,false,true,
2026-06-16,6133,金橋,listed,24.3,24.55,23.15,23.5,-0.5,-2.0833,1497000,35334500,829,TWSE,common_stock,true,false,false,false,false,false,false,false,true,
2026-06-16,6136,富爾特,listed,25.3,25.3,25.15,25.15,-0.1,-0.396,246000,6195250,124,TWSE,common_stock,true,false,false,false,false,false,false,false,true,
2026-06-16,6139,亞翔,listed,884.0,884.0,797.0,812.0,-73.0,-8.2486,9521000,7839480000,7371,TWSE,common_stock,true,false,false,false,false,false,false,false,true,
2026-06-16,6141,柏承,listed,38.75,38.75,35.5,35.6,0.35,0.9929,2963000,112424350,1324,TWSE,common_stock,true,false,false,false,false,false,false,false,true,
2026-06-16,6142,友勁,listed,8.74,8.82,8.41,8.54,-0.2,-2.2883,470000,4018000,207,TWSE,common_stock,true,false,false,false,false,false,false,false,true,
2026-06-16,6152,百一,listed,15.05,15.3,14.5,14.5,-0.55,-3.6545,2009000,29457300,850,TWSE,common_stock,true,false,false,false,false,false,false,false,true,
2026-06-16,6153,嘉聯益,listed,25.0,25.0,22.95,23.1,-1.35,-5.5215,47912000,1148028100,18286,TWSE,common_stock,true,false,false,false,false,false,false,false,true,
2026-06-16,6155,鈞寶,listed,92.5,95.0,87.5,87.6,-2.6,-2.8825,34910000,3177984900,22374,TWSE,common_stock,true,false,false,false,false,false,false,false,true,
2026-06-16,6164,華興,listed,13.2,13.2,12.8,12.85,-0.3,-2.2814,505000,6542750,259,TWSE,common_stock,true,false,false,false,false,false,false,false,true,
2026-06-16,6165,浪凡,listed,49.1,49.5,48.7,49.4,0.6,1.2295,466000,22902200,261,TWSE,common_stock,true,false,false,false,false,false,false,false,true,
2026-06-16,6166,凌華,listed,144.0,149.0,135.0,138.0,-3.0,-2.1277,3856000,541531000,2851,TWSE,common_stock,true,false,false,false,false,false,false,false,true,
2026-06-16,6168,宏齊,listed,28.5,29.5,27.5,28.15,0.55,1.9928,18141000,519157450,9130,TWSE,common_stock,true,false,false,false,false,false,false,false,true,
2026-06-16,6176,瑞儀,listed,89.0,89.0,86.8,87.3,-1.4,-1.5784,7657000,668789000,4655,TWSE,common_stock,true,false,false,false,false,false,false,false,true,
2026-06-16,6177,達麗,listed,46.75,47.45,46.75,46.9,-0.3,-0.6356,744000,34984050,443,TWSE,common_stock,true,false,false,false,false,false,false,false,true,
2026-06-16,6183,關貿,listed,91.6,91.6,90.1,90.4,-0.6,-0.6593,26000,2355000,23,TWSE,common_stock,true,false,false,false,false,false,false,false,true,
2026-06-16,6184,大豐電,listed,47.0,47.3,46.9,47.0,0.0,0.0,63000,2963500,40,TWSE,common_stock,true,false,false,false,false,false,false,false,true,
2026-06-16,6189,豐藝,listed,57.9,60.5,56.6,56.6,1.1,1.982,13048000,761658400,8045,TWSE,common_stock,true,false,false,false,false,false,false,false,true,
2026-06-16,6191,精成科,listed,104.5,105.5,100.0,100.5,-2.5,-2.4272,19420000,1997510000,10736,TWSE,common_stock,true,false,false,false,false,false,false,false,true,
2026-06-16,6192,巨路,listed,116.5,118.0,116.5,117.5,1.0,0.8584,177000,20727500,134,TWSE,common_stock,true,false,false,false,false,false,false,false,true,
2026-06-16,6196,帆宣,listed,575.0,580.0,538.0,541.0,-32.0,-5.5846,3432000,1899883000,2879,TWSE,common_stock,true,false,false,false,false,false,false,false,true,
2026-06-16,6197,佳必琪,listed,334.0,335.5,318.0,320.5,-11.0,-3.3183,3387000,1095031000,2734,TWSE,common_stock,true,false,false,false,false,false,false,false,true,
2026-06-16,6201,亞弘電,listed,47.6,48.3,47.6,48.0,0.5,1.0526,41000,1962350,28,TWSE,common_stock,true,false,false,false,false,false,false,false,true,
2026-06-16,6202,盛群,listed,65.8,66.1,61.4,62.0,-3.2,-4.908,11234000,714615400,7107,TWSE,common_stock,true,false,false,false,false,false,false,false,true,
2026-06-16,6205,詮欣,listed,85.9,85.9,80.2,80.4,-2.9,-3.4814,1118000,91972900,851,TWSE,common_stock,true,false,false,false,false,false,false,false,true,
2026-06-16,6206,飛捷,listed,130.5,130.5,127.5,129.0,-0.5,-0.3861,946000,121624500,614,TWSE,common_stock,true,false,false,false,false,false,false,false,true,
2026-06-16,6209,今國光,listed,87.2,95.3,86.4,95.3,8.6,9.9193,49387000,4549917200,27919,TWSE,common_stock,true,false,false,false,false,false,false,false,true,
2026-06-16,6213,聯茂,listed,267.0,270.5,255.0,258.0,-5.5,-2.0873,7518000,1966818000,5465,TWSE,common_stock,true,false,false,false,false,false,false,false,true,
2026-06-16,6214,精誠,listed,144.0,144.0,140.0,141.0,-2.0,-1.3986,2040000,289046000,1314,TWSE,common_stock,true,false,false,false,false,false,false,false,true,
2026-06-16,6215,和椿,listed,109.0,109.5,106.0,106.5,-1.5,-1.3889,763000,81634500,579,TWSE,common_stock,true,false,false,false,false,false,false,false,true,
2026-06-16,6216,居易,listed,22.95,23.2,22.75,22.75,-0.15,-0.655,166000,3795150,97,TWSE,common_stock,true,false,false,false,false,false,false,false,true,
2026-06-16,6224,聚鼎,listed,81.0,81.9,75.2,75.3,-4.2,-5.283,1519000,117423400,1131,TWSE,common_stock,true,false,false,false,false,false,false,false,true,
2026-06-16,6225,天瀚,listed,23.25,23.25,23.25,23.25,-0.25,-1.0638,1000,23250,1,TWSE,common_stock,true,false,false,false,false,false,false,false,true,
2026-06-16,6226,光鼎,listed,12.3,12.35,12.05,12.05,-0.25,-2.0325,737000,8964850,364,TWSE,common_stock,true,false,false,false,false,false,false,false,true,
2026-06-16,6230,尼得科超眾,listed,140.0,140.0,132.0,133.5,-4.0,-2.9091,76000,10243000,72,TWSE,common_stock,true,false,false,false,false,false,false,false,true,
2026-06-16,6235,華孚,listed,42.5,42.5,40.75,40.75,-1.3,-3.0916,589000,24272650,370,TWSE,common_stock,true,false,false,false,false,false,false,false,true,
2026-06-16,6239,力成,listed,329.0,357.0,321.0,346.5,19.5,5.9633,51468000,17509334000,34840,TWSE,common_stock,true,false,false,false,false,false,false,false,true,
2026-06-16,6243,迅杰,listed,31.85,32.0,31.1,31.2,-0.4,-1.2658,144000,4544750,130,TWSE,common_stock,true,false,false,false,false,false,false,false,true,
2026-06-16,6257,矽格,listed,224.0,224.5,214.0,214.0,-8.0,-3.6036,6480000,1411401500,4337,TWSE,common_stock,true,false,false,false,false,false,false,false,true,
2026-06-16,6269,台郡,listed,74.2,79.5,72.4,73.3,-0.3,-0.4076,12731000,966870500,7797,TWSE,common_stock,true,false,false,false,false,false,false,false,true,
2026-06-16,6271,同欣電,listed,248.5,248.5,224.5,224.5,-19.5,-7.9918,8902000,2060993500,6484,TWSE,common_stock,true,false,false,false,false,false,false,false,true,
2026-06-16,6272,驊陞,listed,32.85,32.85,31.7,32.05,-0.85,-2.5836,503000,16135150,269,TWSE,common_stock,true,false,false,false,false,false,false,false,true,
2026-06-16,6277,宏正,listed,74.8,75.4,72.0,72.5,-1.7,-2.2911,242000,17660100,209,TWSE,common_stock,true,false,false,false,false,false,false,false,true,
2026-06-16,6278,台表科,listed,218.0,220.0,209.5,209.5,-6.5,-3.0093,10180000,2173682500,6843,TWSE,common_stock,true,false,false,false,false,false,false,false,true,
2026-06-16,6281,全國電,listed,51.5,51.7,51.3,51.5,0.1,0.1946,79000,4065300,55,TWSE,common_stock,true,false,false,false,false,false,false,false,true,
2026-06-16,6282,康舒,listed,59.2,59.9,57.7,57.7,-0.6,-1.0292,19791000,1156033300,10891,TWSE,common_stock,true,false,false,false,false,false,false,false,true,
2026-06-16,6283,淳安,listed,24.0,24.0,23.25,23.65,-0.25,-1.046,246000,5802850,163,TWSE,common_stock,true,false,false,false,false,false,false,false,true,
2026-06-16,6285,啟碁,listed,279.5,281.0,265.5,265.5,-9.0,-3.2787,18999000,5156408500,13604,TWSE,common_stock,true,false,false,false,false,false,false,false,true,
2026-06-16,6405,悅城,listed,62.5,63.6,59.1,59.1,-3.4,-5.44,2293000,139980800,1548,TWSE,common_stock,true,false,false,false,false,false,false,false,true,
2026-06-16,6409,旭隼,listed,933.0,933.0,903.0,903.0,-34.0,-3.6286,822000,749794000,759,TWSE,common_stock,true,false,false,false,false,false,false,false,true,
2026-06-16,6412,群電,listed,94.3,95.2,91.3,91.6,-2.6,-2.7601,5396000,503028600,3579,TWSE,common_stock,true,false,false,false,false,false,false,false,true,
2026-06-16,6414,樺漢,listed,368.5,376.0,360.0,367.0,0.0,0.0,2765000,1011034000,2193,TWSE,common_stock,true,false,false,false,false,false,false,false,true,
2026-06-16,6415,矽力*-KY,listed,570.0,588.0,562.0,588.0,53.0,9.9065,4548000,2642124000,3119,TWSE,common_stock,true,false,false,false,false,false,false,false,true,
2026-06-16,6416,瑞祺電通,listed,86.0,86.0,83.2,83.9,-1.1,-1.2941,177000,14884200,141,TWSE,common_stock,true,false,false,false,false,false,false,false,true,
2026-06-16,6426,統新,listed,210.5,213.5,198.5,198.5,-10.5,-5.0239,1075000,219986000,919,TWSE,common_stock,true,false,false,false,false,false,false,false,true,
2026-06-16,6431,光麗-KY,listed,19.4,19.45,18.85,19.45,-0.05,-0.2564,114000,2189900,69,TWSE,common_stock,true,false,false,false,false,false,false,false,true,
2026-06-16,6438,迅得,listed,153.5,153.5,149.0,149.0,-3.0,-1.9737,364000,54927000,289,TWSE,common_stock,true,false,false,false,false,false,false,false,true,
2026-06-16,6442,光聖,listed,1940.0,1955.0,1875.0,1875.0,-45.0,-2.3438,638000,1216535000,594,TWSE,common_stock,true,false,false,false,false,false,false,false,true,
2026-06-16,6443,元晶,listed,41.5,41.6,39.0,39.05,-2.15,-5.2184,21608000,861797600,12008,TWSE,common_stock,true,false,false,false,false,false,false,false,true,
2026-06-16,6446,藥華藥,listed,961.0,997.0,952.0,991.0,39.0,4.0966,1918000,1874032000,1630,TWSE,common_stock,true,false,false,false,false,false,false,false,true,
2026-06-16,6449,鈺邦,listed,455.5,483.5,417.0,418.5,-44.5,-9.6112,5365000,2359968000,4026,TWSE,common_stock,true,false,false,false,false,false,false,false,true,
2026-06-16,6451,訊芯-KY,listed,540.0,576.0,535.0,549.0,25.0,4.771,8263000,4629203000,5914,TWSE,common_stock,true,false,false,false,false,false,false,false,true,
2026-06-16,6456,GIS-KY,listed,74.5,75.1,71.0,71.1,-2.4,-3.2653,3443000,251196700,2267,TWSE,common_stock,true,false,false,false,false,false,false,false,true,
2026-06-16,6464,台數科,listed,78.0,78.0,77.6,78.0,0.0,0.0,25000,1949100,11,TWSE,common_stock,true,false,false,false,false,false,false,false,true,
2026-06-16,6472,保瑞,listed,407.0,412.5,398.5,405.5,-4.5,-1.0976,1403000,567241000,1228,TWSE,common_stock,true,false,false,false,false,false,false,false,true,
2026-06-16,6477,安集,listed,33.5,33.65,32.0,32.05,-1.45,-4.3284,1284000,41653450,739,TWSE,common_stock,true,false,false,false,false,false,false,false,true,
2026-06-16,6491,晶碩,listed,315.5,315.5,307.0,311.0,0.0,0.0,437000,135050000,340,TWSE,common_stock,true,false,false,false,false,false,false,false,true,
2026-06-16,6504,南六,listed,35.9,36.05,35.4,36.05,0.1,0.2782,38000,1364050,29,TWSE,common_stock,true,false,false,false,false,false,false,false,true,
2026-06-16,6505,台塑化,listed,53.7,54.3,52.6,52.7,-0.6,-1.1257,6700000,357704800,3069,TWSE,common_stock,true,false,false,false,false,false,false,false,true,
2026-06-16,6515,穎崴,listed,9955.0,10150.0,9745.0,9945.0,20.0,0.2015,331000,3304880000,328,TWSE,common_stock,true,false,false,false,false,false,false,false,true,
2026-06-16,6525,捷敏-KY,listed,130.5,131.5,124.5,127.0,-4.5,-3.4221,4361000,555755500,2599,TWSE,common_stock,true,false,false,false,false,false,false,false,true,
2026-06-16,6526,達發,listed,659.0,671.0,646.0,660.0,5.0,0.7634,528000,349714000,490,TWSE,common_stock,true,false,false,false,false,false,false,false,true,
2026-06-16,6531,愛普*,listed,945.0,974.0,920.0,924.0,-7.0,-0.7519,3771000,3548065000,3196,TWSE,common_stock,true,false,false,false,false,false,false,false,true,
2026-06-16,6533,晶心科,listed,209.5,209.5,201.5,201.5,-5.0,-2.4213,334000,67812500,287,TWSE,common_stock,true,false,false,false,false,false,false,false,true,
2026-06-16,6534,正瀚-創,listed,90.5,90.9,89.6,90.4,-0.1,-0.1105,75000,6785700,34,TWSE,common_stock,true,false,false,false,false,false,false,false,true,
2026-06-16,6541,泰福-KY,listed,40.15,40.75,39.6,40.5,0.35,0.8717,259000,10473450,175,TWSE,common_stock,true,false,false,false,false,false,false,false,true,
2026-06-16,6550,北極星藥業-KY,listed,13.2,13.4,13.0,13.2,0.0,0.0,1039000,13723750,484,TWSE,common_stock,true,false,false,false,false,false,false,false,true,
2026-06-16,6552,易華電,listed,30.0,30.3,29.05,29.25,-0.55,-1.8456,192000,5696800,137,TWSE,common_stock,true,false,false,false,false,false,false,false,true,
2026-06-16,6558,興能高,listed,31.25,31.3,30.0,30.3,-0.95,-3.04,532000,16255350,329,TWSE,common_stock,true,false,false,false,false,false,false,false,true,
2026-06-16,6573,虹揚-KY,listed,15.2,15.3,14.6,14.8,-0.3,-1.9868,283000,4192050,162,TWSE,common_stock,true,false,false,false,false,false,false,false,true,
2026-06-16,6579,研揚,listed,168.0,168.0,163.0,165.0,-1.5,-0.9009,472000,77908500,366,TWSE,common_stock,true,false,false,false,false,false,false,false,true,
2026-06-16,6581,鋼聯,listed,108.5,110.0,108.5,109.5,0.5,0.4587,12000,1311000,11,TWSE,common_stock,true,false,false,false,false,false,false,false,true,
2026-06-16,6582,申豐,listed,31.65,31.65,31.35,31.6,-0.05,-0.158,35000,1101600,25,TWSE,common_stock,true,false,false,false,false,false,false,false,true,
2026-06-16,6585,鼎基,listed,136.5,139.5,134.5,138.5,2.5,1.8382,913000,125061500,705,TWSE,common_stock,true,false,false,false,false,false,false,false,true,
2026-06-16,6589,台康生技,listed,45.25,45.25,44.35,45.0,-0.15,-0.3322,655000,29281250,465,TWSE,common_stock,true,false,false,false,false,false,false,false,true,
2026-06-16,6591,動力-KY,listed,55.0,55.3,54.5,54.7,0.0,0.0,197000,10822200,129,TWSE,common_stock,true,false,false,false,false,false,false,false,true,
2026-06-16,6592,和潤企業,listed,66.0,66.0,64.9,65.4,0.5,0.7704,402000,26215900,316,TWSE,common_stock,true,false,false,false,false,false,false,false,true,
2026-06-16,6592A,和潤企業甲特,listed,97.9,98.0,97.7,97.7,0.0,0.0,8000,783400,6,TWSE,warrant,false,false,true,false,false,false,false,false,false,security_type=warrant;symbol_not_4_digit
2026-06-16,6592B,和潤企業乙特,listed,97.5,97.5,97.4,97.4,-0.1,-0.1026,3000,292400,3,TWSE,warrant,false,false,true,false,false,false,false,false,false,security_type=warrant;symbol_not_4_digit
2026-06-16,6598,ABC-KY,listed,24.7,25.0,24.4,24.4,-0.6,-2.4,135000,3305950,75,TWSE,common_stock,true,false,false,false,false,false,false,false,true,
2026-06-16,6605,帝寶,listed,144.5,144.5,141.0,141.5,-2.0,-1.3937,453000,64465000,352,TWSE,common_stock,true,false,false,false,false,false,false,false,true,
2026-06-16,6606,建德工業,listed,26.35,26.35,25.8,25.8,-0.55,-2.0873,307000,7977900,96,TWSE,common_stock,true,false,false,false,false,false,false,false,true,
2026-06-16,6614,資拓宏宇,listed,40.5,40.5,40.2,40.25,-0.25,-0.6173,34000,1369400,27,TWSE,common_stock,true,false,false,false,false,false,false,false,true,
2026-06-16,6625,必應,listed,77.8,78.1,77.4,77.9,0.3,0.3866,181000,14063500,126,TWSE,common_stock,true,false,false,false,false,false,false,false,true,
2026-06-16,6641,基士德-KY,listed,18.7,18.7,18.35,18.4,-0.05,-0.271,27000,498050,17,TWSE,common_stock,true,false,false,false,false,false,false,false,true,
2026-06-16,6645,金萬林-創,listed,15.05,15.15,14.3,14.5,-0.8,-5.2288,91000,1345750,63,TWSE,common_stock,true,false,false,false,false,false,false,false,true,
2026-06-16,6655,科定,listed,125.5,125.5,121.0,125.0,3.0,2.459,11000,1353000,11,TWSE,common_stock,true,false,false,false,false,false,false,false,true,
2026-06-16,6657,華安,listed,35.6,36.5,34.8,36.0,1.1,3.1519,224000,7981550,174,TWSE,common_stock,true,false,false,false,false,false,false,false,true,
2026-06-16,6658,聯策,listed,184.0,196.5,183.0,186.5,2.5,1.3587,1515000,286581500,1213,TWSE,common_stock,true,false,false,false,false,false,false,false,true,
2026-06-16,6666,羅麗芬-KY,listed,43.2,43.2,42.45,42.65,-0.1,-0.2339,45000,1917600,34,TWSE,common_stock,true,false,false,false,false,false,false,false,true,
2026-06-16,6668,中揚光,listed,40.1,43.8,39.5,43.8,3.95,9.9122,4927000,209704500,2617,TWSE,common_stock,true,false,false,false,false,false,false,false,true,
2026-06-16,6669,緯穎,listed,5030.0,5085.0,4880.0,4880.0,-20.0,-0.4082,1652000,8181755000,1512,TWSE,common_stock,true,false,false,false,false,false,false,false,true,
2026-06-16,6670,復盛應用,listed,286.0,290.5,282.5,287.5,1.5,0.5245,1239000,355952000,989,TWSE,common_stock,true,false,false,false,false,false,false,false,true,
2026-06-16,6671,三能-KY,listed,25.95,26.45,25.6,26.05,0.05,0.1923,162000,4202700,43,TWSE,common_stock,true,false,false,false,false,false,false,false,true,
2026-06-16,6672,騰輝電子-KY,listed,237.0,237.5,220.5,222.0,-13.5,-5.7325,5650000,1276299500,4389,TWSE,common_stock,true,false,false,false,false,false,false,false,true,
2026-06-16,6674,鋐寶科技,listed,17.5,17.5,17.3,17.3,-0.05,-0.2882,23000,399600,17,TWSE,common_stock,true,false,false,false,false,false,false,false,true,
2026-06-16,6689,伊雲谷,listed,67.6,67.9,67.0,67.8,0.5,0.7429,108000,7285200,95,TWSE,common_stock,true,false,false,false,false,false,false,false,true,
2026-06-16,6691,洋基工程,listed,782.0,782.0,702.0,710.0,-47.0,-6.2087,2261000,1638694000,1858,TWSE,common_stock,true,false,false,false,false,false,false,false,true,
2026-06-16,6695,芯鼎,listed,55.0,57.1,52.2,52.6,-2.7,-4.8825,2507000,137838500,1610,TWSE,common_stock,true,false,false,false,false,false,false,false,true,
2026-06-16,6698,旭暉應材,listed,38.65,39.8,38.5,39.0,0.55,1.4304,644000,25177100,446,TWSE,common_stock,true,false,false,false,false,false,false,false,true,
2026-06-16,6706,惠特,listed,167.5,178.0,165.5,165.5,2.0,1.2232,5384000,915686500,3971,TWSE,common_stock,true,false,false,false,false,false,false,false,true,
2026-06-16,6715,嘉基,listed,407.0,432.0,407.0,432.0,39.0,9.9237,803000,343202500,534,TWSE,common_stock,true,false,false,false,false,false,false,false,true,
2026-06-16,6719,力智,listed,249.0,254.0,238.0,239.5,-1.0,-0.4158,2788000,682696500,2234,TWSE,common_stock,true,false,false,false,false,false,false,false,true,
2026-06-16,6722,輝創,listed,38.1,38.1,37.45,37.8,0.0,0.0,86000,3243850,44,TWSE,common_stock,true,false,false,false,false,false,false,false,true,
2026-06-16,6742,澤米,listed,60.0,63.2,58.3,61.4,3.4,5.8621,6794000,412591700,4511,TWSE,common_stock,true,false,false,false,false,false,false,false,true,
2026-06-16,6743,安普新,listed,29.3,29.3,28.65,28.8,-0.1,-0.346,239000,6889950,153,TWSE,common_stock,true,false,false,false,false,false,false,false,true,
2026-06-16,6753,龍德造船,listed,122.0,122.0,118.5,119.0,-2.5,-2.0576,483000,57865000,354,TWSE,common_stock,true,false,false,false,false,false,false,false,true,
2026-06-16,6754,匯僑設計,listed,45.5,45.55,45.05,45.4,0.35,0.7769,23000,1044250,21,TWSE,common_stock,true,false,false,false,false,false,false,false,true,
2026-06-16,6756,威鋒電子,listed,101.5,103.0,97.0,97.7,-3.3,-3.2673,326000,32233200,278,TWSE,common_stock,true,false,false,false,false,false,false,false,true,
2026-06-16,6757,台灣虎航,listed,58.5,58.8,55.7,56.4,-2.1,-3.5897,3746000,211991400,2424,TWSE,common_stock,true,false,false,false,false,false,false,false,true,
2026-06-16,6768,志強-KY,listed,88.8,88.8,86.2,87.1,-0.9,-1.0227,301000,26193400,254,TWSE,common_stock,true,false,false,false,false,false,false,false,true,
2026-06-16,6770,力積電,listed,75.0,77.6,71.0,71.0,-2.3,-3.1378,288574000,21444532500,129067,TWSE,common_stock,true,false,false,false,false,false,false,false,true,
2026-06-16,6771,平和環保-創,listed,42.0,42.0,41.6,41.95,-0.05,-0.119,39000,1627300,28,TWSE,common_stock,true,false,false,false,false,false,false,false,true,
2026-06-16,6776,展碁國際,listed,59.8,59.8,58.8,59.3,-0.2,-0.3361,262000,15512100,200,TWSE,common_stock,true,false,false,false,false,false,false,false,true,
2026-06-16,6781,AES-KY,listed,1195.0,1210.0,1155.0,1155.0,-15.0,-1.2821,1028000,1211865000,901,TWSE,common_stock,true,false,false,false,false,false,false,false,true,
2026-06-16,6782,視陽,listed,193.5,193.5,190.0,190.0,-2.0,-1.0417,209000,39859000,181,TWSE,common_stock,true,false,false,false,false,false,false,false,true,
2026-06-16,6789,采鈺,listed,498.5,512.0,486.5,488.0,-0.5,-0.1024,2581000,1283746500,2115,TWSE,common_stock,true,false,false,false,false,false,false,false,true,
2026-06-16,6790,永豐實,listed,39.9,39.9,39.65,39.65,-0.1,-0.2516,163000,6476400,119,TWSE,etf,false,true,false,false,false,false,false,false,false,security_type=etf
2026-06-16,6792,詠業,listed,70.3,71.9,68.1,68.5,-1.3,-1.8625,150000,10432400,124,TWSE,common_stock,true,false,false,false,false,false,false,false,true,
2026-06-16,6794,向榮生技,listed,79.0,80.8,79.0,79.9,0.9,1.1392,30000,2383300,24,TWSE,common_stock,true,false,false,false,false,false,false,false,true,
2026-06-16,6796,晉弘,listed,62.0,62.0,59.9,59.9,-0.8,-1.318,41000,2475800,36,TWSE,common_stock,true,false,false,false,false,false,false,false,true,
2026-06-16,6799,來頡,listed,91.0,92.5,90.3,90.3,0.0,0.0,412000,37603700,354,TWSE,common_stock,true,false,false,false,false,false,false,false,true,
2026-06-16,6805,富世達,listed,1740.0,1765.0,1720.0,1725.0,-10.0,-0.5764,968000,1683135000,875,TWSE,common_stock,true,false,false,false,false,false,false,false,true,
2026-06-16,6806,森崴能源,listed,3.3,3.64,3.3,3.64,0.0,0.0,5148000,17525200,1953,TWSE,common_stock,true,false,false,false,false,false,false,false,true,
2026-06-16,6807,峰源-KY,listed,33.8,33.8,32.5,33.25,-0.15,-0.4491,50000,1646350,28,TWSE,common_stock,true,false,false,false,false,false,false,false,true,
2026-06-16,6830,汎銓,listed,510.0,520.0,500.0,500.0,-14.0,-2.7237,528000,268674000,495,TWSE,common_stock,true,false,false,false,false,false,false,false,true,
2026-06-16,6831,邁科,listed,749.0,752.0,705.0,705.0,-42.0,-5.6225,630000,457064000,581,TWSE,common_stock,true,false,false,false,false,false,false,false,true,
2026-06-16,6834,天二科技,listed,89.0,92.5,83.3,84.0,-6.9,-7.5908,12476000,1093332500,7312,TWSE,common_stock,true,false,false,false,false,false,false,false,true,
2026-06-16,6835,圓裕,listed,36.75,36.9,36.35,36.35,-0.45,-1.2228,41000,1499850,40,TWSE,common_stock,true,false,false,false,false,false,false,false,true,
2026-06-16,6838,台新藥,listed,25.0,25.55,24.7,25.4,0.4,1.6,194000,4874850,118,TWSE,common_stock,true,false,false,false,false,false,false,false,true,
2026-06-16,6854,錼創科技-KY創,listed,133.0,133.0,128.0,129.0,-2.5,-1.9011,380000,49176500,258,TWSE,common_stock,true,false,false,false,false,false,false,false,true,
2026-06-16,6861,睿生光電,listed,318.0,342.0,315.0,342.0,31.0,9.9678,504000,169066500,356,TWSE,common_stock,true,false,false,false,false,false,false,false,true,
2026-06-16,6862,三集瑞-KY,listed,205.0,207.0,188.0,188.0,-14.0,-6.9307,1581000,309973500,1312,TWSE,common_stock,true,false,false,false,false,false,false,false,true,
2026-06-16,6863,永道-KY,listed,97.7,97.7,95.5,96.5,-0.3,-0.3099,60000,5782300,50,TWSE,common_stock,true,false,false,false,false,false,false,false,true,
2026-06-16,6869,雲豹能源,listed,79.1,79.3,77.7,78.2,-0.6,-0.7614,538000,42062300,353,TWSE,common_stock,true,false,false,false,false,false,false,false,true,
2026-06-16,6873,泓德能源,listed,81.4,81.6,78.7,78.7,-2.5,-3.0788,938000,74713100,703,TWSE,common_stock,true,false,false,false,false,false,false,false,true,
2026-06-16,6885,全福生技,listed,23.1,23.1,22.4,22.55,-0.45,-1.9565,311000,7055450,219,TWSE,common_stock,true,false,false,false,false,false,false,false,true,
2026-06-16,6887,寶綠特-KY,listed,34.6,35.0,34.55,34.6,0.0,0.0,19000,658100,13,TWSE,common_stock,true,false,false,false,false,false,false,false,true,
2026-06-16,6890,來億-KY,listed,222.0,237.5,220.0,227.5,-3.0,-1.3015,643000,146170000,506,TWSE,common_stock,true,false,false,false,false,false,false,false,true,
2026-06-16,6901,鑽石投資,listed,16.0,16.25,15.5,15.55,-0.45,-2.8125,2625000,41268100,1292,TWSE,common_stock,true,false,false,false,false,false,false,false,true,
2026-06-16,6902,GOGOLOOK,listed,130.0,130.0,125.5,128.5,0.0,0.0,129000,16367500,117,TWSE,common_stock,true,false,false,false,false,false,false,false,true,
2026-06-16,6906,現觀科,listed,89.4,91.7,88.1,89.6,1.2,1.3575,121000,10874600,105,TWSE,common_stock,true,false,false,false,false,false,false,false,true,
2026-06-16,6908,宏碁遊戲-創,listed,38.5,38.85,38.5,38.85,0.35,0.9091,14000,540150,11,TWSE,common_stock,true,false,false,false,false,false,false,false,true,
2026-06-16,6909,創控,listed,49.15,49.15,45.8,46.3,-1.35,-2.8332,564000,26684550,451,TWSE,common_stock,true,false,false,false,false,false,false,false,true,
2026-06-16,6914,阜爾運通,listed,142.5,142.5,142.0,142.0,-0.5,-0.3509,34000,4833000,24,TWSE,common_stock,true,false,false,false,false,false,false,false,true,
2026-06-16,6916,華凌,listed,23.5,23.6,21.6,21.6,0.05,0.232,1042000,23443150,645,TWSE,common_stock,true,false,false,false,false,false,false,false,true,
2026-06-16,6918,愛派司,listed,74.0,74.0,73.3,73.6,-0.4,-0.5405,20000,1475800,15,TWSE,common_stock,true,false,false,false,false,false,false,false,true,
2026-06-16,6919,康霈*,listed,96.3,97.5,94.3,96.6,1.1,1.1518,3126000,300283100,2076,TWSE,common_stock,true,false,false,false,false,false,false,false,true,
2026-06-16,6921,嘉雨思-創,listed,69.4,70.0,69.2,70.0,1.5,2.1898,11000,765200,10,TWSE,common_stock,true,false,false,false,false,false,false,false,true,
2026-06-16,6923,中台,listed,81.6,82.2,78.0,80.0,-0.8,-0.9901,218000,17662400,146,TWSE,common_stock,true,false,false,false,false,false,false,false,true,
2026-06-16,6924,榮惠-KY創,listed,113.5,114.0,113.0,113.0,3.5,3.1963,12000,1358000,11,TWSE,common_stock,true,false,false,false,false,false,false,false,true,
2026-06-16,6928,攸泰科技,listed,50.0,50.4,47.0,47.15,-1.05,-2.1784,382000,18473150,285,TWSE,common_stock,true,false,false,false,false,false,false,false,true,
2026-06-16,6931,青松健康,listed,41.15,41.15,40.6,40.8,-0.35,-0.8505,43000,1757700,34,TWSE,common_stock,true,false,false,false,false,false,false,false,true,
2026-06-16,6933,AMAX-KY,listed,155.0,158.0,154.0,154.0,0.0,0.0,132000,20513000,99,TWSE,common_stock,true,false,false,false,false,false,false,false,true,
2026-06-16,6934,心誠鎂,listed,68.8,70.0,67.6,67.6,-1.1,-1.6012,52000,3551800,43,TWSE,common_stock,true,false,false,false,false,false,false,false,true,
2026-06-16,6936,永鴻生技,listed,33.2,33.8,33.2,33.6,-0.15,-0.4444,24000,801300,19,TWSE,common_stock,true,false,false,false,false,false,false,false,true,
2026-06-16,6937,天虹,listed,278.0,278.0,264.5,270.5,1.5,0.5576,506000,137349000,473,TWSE,common_stock,true,false,false,false,false,false,false,false,true,
2026-06-16,6944,兆聯實業,listed,1005.0,1010.0,981.0,998.0,-7.0,-0.6965,982000,977676000,892,TWSE,common_stock,true,false,false,false,false,false,false,false,true,
2026-06-16,6949,沛爾生醫-創,listed,748.0,814.0,743.0,814.0,74.0,10.0,434000,349170000,270,TWSE,common_stock,true,false,false,false,false,false,false,false,true,
2026-06-16,6951,青新-創,listed,79.3,79.3,78.8,79.2,0.2,0.2532,32000,2531400,25,TWSE,common_stock,true,false,false,false,false,false,false,false,true,
2026-06-16,6952,大武山,listed,36.0,36.1,35.9,35.95,-0.05,-0.1389,11000,395850,11,TWSE,common_stock,true,false,false,false,false,false,false,false,true,
2026-06-16,6955,邦睿生技-創,listed,136.5,136.5,134.5,135.5,-1.5,-1.0949,20000,2709500,17,TWSE,common_stock,true,false,false,false,false,false,false,false,true,
2026-06-16,6957,裕慶-KY,listed,193.5,194.5,192.0,193.0,0.5,0.2597,95000,18360000,72,TWSE,common_stock,true,false,false,false,false,false,false,false,true,
2026-06-16,6958,日盛台駿,listed,18.05,18.05,17.4,17.4,-0.25,-1.4164,57000,1009200,40,TWSE,common_stock,true,false,false,false,false,false,false,false,true,
2026-06-16,6958A,日盛台駿甲特,listed,18.2,18.25,18.2,18.25,0.05,0.2747,6000,109450,2,TWSE,warrant,false,false,true,false,false,false,false,false,false,security_type=warrant;symbol_not_4_digit
2026-06-16,6962,奕力-KY,listed,37.8,37.9,36.9,37.0,-0.7,-1.8568,3388000,126099750,1661,TWSE,common_stock,true,false,false,false,false,false,false,false,true,
2026-06-16,6965,中傑-KY,listed,81.2,82.1,81.1,81.1,-0.9,-1.0976,45000,3660700,33,TWSE,common_stock,true,false,false,false,false,false,false,false,true,
2026-06-16,6969,成信實業*-創,listed,27.0,27.5,26.6,26.6,-0.05,-0.1876,55000,1478150,23,TWSE,common_stock,true,false,false,false,false,false,false,false,true,
2026-06-16,6988,威力暘-創,listed,14.2,14.2,13.8,13.9,-0.15,-1.0676,47000,657000,26,TWSE,common_stock,true,false,false,false,false,false,false,false,true,
2026-06-16,6994,富威電力,listed,57.3,57.4,55.5,55.5,-1.6,-2.8021,348000,19536000,290,TWSE,common_stock,true,false,false,false,false,false,false,false,true,
2026-06-16,7610,聯友金屬-創,listed,1915.0,1915.0,1915.0,1915.0,170.0,9.7421,181000,346615000,147,TWSE,common_stock,true,false,false,false,false,false,false,false,true,
2026-06-16,7631,聚賢研發-創,listed,131.5,133.0,128.5,130.0,-6.0,-4.4118,54000,7054500,47,TWSE,common_stock,true,false,false,false,false,false,false,false,true,
2026-06-16,7705,三商餐飲,listed,31.7,31.7,31.3,31.4,-0.2,-0.6329,19000,598900,18,TWSE,common_stock,true,false,false,false,false,false,false,false,true,
2026-06-16,7711,永擎,listed,372.5,376.5,364.5,365.0,-1.5,-0.4093,394000,145985000,330,TWSE,common_stock,true,false,false,false,false,false,false,false,true,
2026-06-16,7721,微程式,listed,83.4,84.5,77.5,78.3,-4.0,-4.8603,761000,60722500,595,TWSE,common_stock,true,false,false,false,false,false,false,false,true,
2026-06-16,7722,LINEPAY,listed,328.0,351.5,321.0,333.0,6.0,1.8349,464000,157171500,425,TWSE,common_stock,true,false,false,false,false,false,false,false,true,
2026-06-16,7730,暉盛-創,listed,178.0,178.5,170.5,173.0,-2.5,-1.4245,107000,18538000,86,TWSE,common_stock,true,false,false,false,false,false,false,false,true,
2026-06-16,7732,金興精密,listed,35.95,36.0,35.9,35.95,0.0,0.0,14000,503550,12,TWSE,common_stock,true,false,false,false,false,false,false,false,true,
2026-06-16,7736,虎山,listed,73.8,73.8,72.1,72.7,0.2,0.2759,26000,1888900,21,TWSE,common_stock,true,false,false,false,false,false,false,false,true,
2026-06-16,7740,熙特爾-創,listed,167.5,168.0,162.5,164.0,-1.5,-0.9063,274000,45009500,214,TWSE,common_stock,true,false,false,false,false,false,false,false,true,
2026-06-16,7749,意騰-KY,listed,505.0,505.0,486.0,486.5,-12.0,-2.4072,413000,203368000,373,TWSE,common_stock,true,false,false,false,false,false,false,false,true,
2026-06-16,7750,新代,listed,2185.0,2280.0,2160.0,2275.0,105.0,4.8387,208000,465050000,195,TWSE,common_stock,true,false,false,false,false,false,false,false,true,
2026-06-16,7760,享溫馨,listed,32.65,32.65,32.0,32.3,0.3,0.9375,97000,3128850,67,TWSE,common_stock,true,false,false,false,false,false,false,false,true,
2026-06-16,7765,中華資安,listed,252.0,252.0,247.0,247.0,-4.0,-1.5936,63000,15682500,57,TWSE,common_stock,true,false,false,false,false,false,false,false,true,
2026-06-16,7768,頌勝科技,listed,382.0,382.0,369.0,370.0,-10.5,-2.7595,210000,78512500,158,TWSE,common_stock,true,false,false,false,false,false,false,false,true,
2026-06-16,7769,鴻勁,listed,7205.0,7460.0,7010.0,7360.0,155.0,2.1513,528000,3816610000,477,TWSE,common_stock,true,false,false,false,false,false,false,false,true,
2026-06-16,7780,大研生醫*,listed,19.35,19.4,18.95,18.95,-0.4,-2.0672,1819000,34764950,917,TWSE,common_stock,true,false,false,false,false,false,false,false,true,
2026-06-16,7786,東方風能,listed,128.5,130.0,125.0,129.0,2.0,1.5748,305000,38609500,197,TWSE,common_stock,true,false,false,false,false,false,false,false,true,
2026-06-16,7788,松川精密,listed,256.5,277.5,248.0,274.0,18.0,7.0312,3911000,1039342500,3054,TWSE,common_stock,true,false,false,false,false,false,false,false,true,
2026-06-16,7791,皇家可口,listed,63.0,63.4,62.5,62.8,0.1,0.1595,38000,2389800,33,TWSE,common_stock,true,false,false,false,false,false,false,false,true,
2026-06-16,7795,長廣,listed,381.0,408.0,377.5,393.5,17.5,4.6543,471000,187501500,384,TWSE,common_stock,true,false,false,false,false,false,false,false,true,
2026-06-16,7799,禾榮科,listed,361.0,378.5,355.5,355.5,3.5,0.9943,648000,237006500,569,TWSE,common_stock,true,false,false,false,false,false,false,false,true,
2026-06-16,7803,雲象科技-創,listed,23.15,23.35,23.0,23.1,-0.25,-1.0707,133000,3073350,56,TWSE,common_stock,true,false,false,false,false,false,false,false,true,
2026-06-16,7818,溢泰實業,listed,61.8,61.8,60.1,61.2,-0.1,-0.1631,481000,29279000,281,TWSE,common_stock,true,false,false,false,false,false,false,false,true,
2026-06-16,7821,神數,listed,45.5,45.5,44.8,44.8,-0.25,-0.5549,170000,7669400,119,TWSE,common_stock,true,false,false,false,false,false,false,false,true,
2026-06-16,7822,倍利科,listed,1205.0,1210.0,1100.0,1120.0,20.0,1.8182,571000,669165000,531,TWSE,common_stock,true,false,false,false,false,false,false,false,true,
2026-06-16,7823,奧義賽博-KY創,listed,83.0,83.0,81.0,82.0,-1.0,-1.2048,18000,1471700,18,TWSE,common_stock,true,false,false,false,false,false,false,false,true,
2026-06-16,7827,漢康-KY創,listed,165.5,172.0,162.0,169.5,6.0,3.6697,933000,157644500,519,TWSE,common_stock,true,false,false,false,false,false,false,false,true,
2026-06-16,8011,台通,listed,18.7,18.75,18.4,18.4,-0.2,-1.0753,664000,12290200,280,TWSE,common_stock,true,false,false,false,false,false,false,false,true,
2026-06-16,8016,矽創,listed,278.0,281.0,270.0,278.5,4.5,1.6423,1938000,533462000,1415,TWSE,common_stock,true,false,false,false,false,false,false,false,true,
2026-06-16,8021,尖點,listed,495.0,523.0,495.0,518.0,12.0,2.3715,1919000,985596000,1544,TWSE,common_stock,true,false,false,false,false,false,false,false,true,
2026-06-16,8028,昇陽半導體,listed,325.0,337.0,314.0,314.0,-4.5,-1.4129,9550000,3095124000,7255,TWSE,common_stock,true,false,false,false,false,false,false,false,true,
2026-06-16,8033,雷虎,listed,129.0,129.0,124.5,125.0,-4.0,-3.1008,2740000,344753500,1767,TWSE,common_stock,true,false,false,false,false,false,false,false,true,
2026-06-16,8039,台虹,listed,150.0,151.0,141.0,141.5,-6.0,-4.0678,7241000,1041956000,4630,TWSE,common_stock,true,false,false,false,false,false,false,false,true,
2026-06-16,8045,達運光電,listed,64.0,65.2,61.2,61.4,-2.6,-4.0625,120000,7589500,92,TWSE,common_stock,true,false,false,false,false,false,false,false,true,
2026-06-16,8046,南電,listed,860.0,929.0,858.0,902.0,42.0,4.8837,15772000,14182304000,12078,TWSE,common_stock,true,false,false,false,false,false,false,false,true,
2026-06-16,8070,長華*,listed,57.5,57.6,55.3,55.8,-1.2,-2.1053,7125000,399732600,3828,TWSE,common_stock,true,false,false,false,false,false,false,false,true,
2026-06-16,8072,陞泰,listed,29.0,29.0,28.3,28.3,-0.45,-1.5652,146000,4149650,103,TWSE,common_stock,true,false,false,false,false,false,false,false,true,
2026-06-16,8081,致新,listed,284.5,288.0,282.0,282.5,-1.5,-0.5282,930000,264712000,743,TWSE,common_stock,true,false,false,false,false,false,false,false,true,
2026-06-16,8101,華冠,listed,14.95,15.0,14.95,15.0,0.0,0.0,3000,44950,3,TWSE,common_stock,true,false,false,false,false,false,false,false,true,
2026-06-16,8103,瀚荃,listed,97.3,98.5,93.0,93.0,-3.6,-3.7267,795000,75217800,661,TWSE,common_stock,true,false,false,false,false,false,false,false,true,
2026-06-16,8104,錸寶,listed,39.5,40.15,37.5,38.65,-0.25,-0.6427,2229000,86201900,1194,TWSE,common_stock,true,false,false,false,false,false,false,false,true,
2026-06-16,8105,凌巨,listed,21.55,21.8,20.9,21.7,0.3,1.4019,15799000,338129350,7376,TWSE,common_stock,true,false,false,false,false,false,false,false,true,
2026-06-16,8110,華東,listed,58.1,61.5,57.2,58.4,0.9,1.5652,26037000,1543483000,15425,TWSE,common_stock,true,false,false,false,false,false,false,false,true,
2026-06-16,8112,至上,listed,98.0,99.3,95.8,95.8,-1.5,-1.5416,20596000,1994260300,12395,TWSE,common_stock,true,false,false,false,false,false,false,false,true,
2026-06-16,8112A,至上甲特,listed,46.7,46.85,46.7,46.85,0.15,0.3212,15000,701600,10,TWSE,warrant,false,false,true,false,false,false,false,false,false,security_type=warrant;symbol_not_4_digit
2026-06-16,8114,振樺電,listed,212.0,215.5,206.5,208.0,-1.0,-0.4785,1346000,282967000,891,TWSE,common_stock,true,false,false,false,false,false,false,false,true,
2026-06-16,8131,福懋科,listed,77.7,78.8,76.0,76.0,0.3,0.3963,16744000,1295951300,10042,TWSE,common_stock,true,false,false,false,false,false,false,false,true,
2026-06-16,8150,南茂,listed,96.6,101.5,94.4,94.6,-1.3,-1.3556,47040000,4580414500,28363,TWSE,common_stock,true,false,false,false,false,false,false,false,true,
2026-06-16,8162,微矽電子-創,listed,75.0,75.0,69.3,70.0,-2.9,-3.9781,374000,26591300,287,TWSE,common_stock,true,false,false,false,false,false,false,false,true,
2026-06-16,8163,達方,listed,45.4,45.45,43.6,43.6,-1.4,-3.1111,4828000,213620950,2588,TWSE,common_stock,true,false,false,false,false,false,false,false,true,
2026-06-16,8201,無敵,listed,13.3,13.5,13.25,13.4,0.1,0.7519,93000,1241900,55,TWSE,common_stock,true,false,false,false,false,false,false,false,true,
2026-06-16,8210,勤誠,listed,1440.0,1440.0,1330.0,1350.0,-80.0,-5.5944,1702000,2321135000,1585,TWSE,common_stock,true,false,false,false,false,false,false,false,true,
2026-06-16,8213,志超,listed,36.8,36.85,36.1,36.15,-0.6,-1.6327,602000,21875300,312,TWSE,common_stock,true,false,false,false,false,false,false,false,true,
2026-06-16,8215,明基材,listed,30.5,30.55,29.15,29.15,-1.4,-4.5827,3000000,89101750,1941,TWSE,common_stock,true,false,false,false,false,false,false,false,true,
2026-06-16,8222,寶一,listed,35.4,35.4,34.6,34.6,-0.7,-1.983,274000,9551050,180,TWSE,common_stock,true,false,false,false,false,false,false,false,true,
2026-06-16,8249,菱光,listed,50.7,54.8,50.2,53.8,3.1,6.1144,2560000,137350600,1557,TWSE,common_stock,true,false,false,false,false,false,false,false,true,
2026-06-16,8261,富鼎,listed,183.0,187.0,173.5,178.0,-8.0,-4.3011,12012000,2153788500,8339,TWSE,common_stock,true,false,false,false,false,false,false,false,true,
2026-06-16,8271,宇瞻,listed,213.0,215.5,204.5,206.0,-2.5,-1.199,2637000,550113000,1941,TWSE,common_stock,true,false,false,false,false,false,false,false,true,
2026-06-16,8341,日友,listed,81.0,81.0,79.8,80.0,-1.0,-1.2346,248000,19914500,206,TWSE,common_stock,true,false,false,false,false,false,false,false,true,
2026-06-16,8367,建新國際,listed,40.7,40.9,40.45,40.5,0.2,0.4963,23000,933250,19,TWSE,common_stock,true,false,false,false,false,false,false,false,true,
2026-06-16,8374,羅昇,listed,94.7,94.7,90.0,90.0,-2.5,-2.7027,391000,35677300,333,TWSE,common_stock,true,false,false,false,false,false,false,false,true,
2026-06-16,8404,百和興業-KY,listed,17.1,17.1,16.6,16.75,-0.05,-0.2976,332000,5549550,176,TWSE,common_stock,true,false,false,false,false,false,false,false,true,
2026-06-16,8411,福貞-KY,listed,12.15,12.2,12.0,12.05,-0.2,-1.6327,349000,4207350,116,TWSE,common_stock,true,false,false,false,false,false,false,false,true,
2026-06-16,8422,可寧衛*,listed,29.0,29.0,28.05,28.05,-0.7,-2.4348,12162000,343689800,5750,TWSE,common_stock,true,false,false,false,false,false,false,false,true,
2026-06-16,8429,金麗-KY,listed,6.68,6.68,6.57,6.67,-0.01,-0.1497,200000,1324510,104,TWSE,common_stock,true,false,false,false,false,false,false,false,true,
2026-06-16,8438,昶昕,listed,84.4,84.4,80.8,81.5,-1.0,-1.2121,340000,27751900,183,TWSE,common_stock,true,false,false,false,false,false,false,false,true,
2026-06-16,8442,威宏-KY,listed,40.0,40.45,39.9,40.1,-0.3,-0.7426,67000,2692450,52,TWSE,common_stock,true,false,false,false,false,false,false,false,true,
2026-06-16,8443,阿瘦,listed,11.4,11.45,11.4,11.4,0.0,0.0,7000,79900,7,TWSE,common_stock,true,false,false,false,false,false,false,false,true,
2026-06-16,8454,富邦媒,listed,305.5,321.0,300.0,321.0,0.0,0.0,2082000,647705000,1369,TWSE,etf,false,true,false,false,false,false,false,false,false,security_type=etf
2026-06-16,8462,柏文,listed,146.5,147.0,144.5,146.0,1.0,0.6897,98000,14268500,79,TWSE,common_stock,true,false,false,false,false,false,false,false,true,
2026-06-16,8463,潤泰材,listed,22.25,22.25,22.0,22.1,-0.15,-0.6742,95000,2098000,61,TWSE,common_stock,true,false,false,false,false,false,false,false,true,
2026-06-16,8464,億豐,listed,347.5,354.0,341.0,351.0,7.0,2.0349,928000,324887500,775,TWSE,common_stock,true,false,false,false,false,false,false,false,true,
2026-06-16,8466,美吉吉-KY,listed,16.3,16.3,15.95,16.0,-0.2,-1.2346,42000,677200,33,TWSE,common_stock,true,false,false,false,false,false,false,false,true,
2026-06-16,8467,波力-KY,listed,128.0,130.5,127.0,129.0,4.0,3.2,7000,901500,7,TWSE,common_stock,true,false,false,false,false,false,false,false,true,
2026-06-16,8473,山林水,listed,52.1,52.1,49.45,49.5,-2.0,-3.8835,1757000,88118600,1143,TWSE,common_stock,true,false,false,false,false,false,false,false,true,
2026-06-16,8476,台境*,listed,19.65,20.0,19.6,19.9,0.2,1.0152,959000,18981700,414,TWSE,common_stock,true,false,false,false,false,false,false,false,true,
2026-06-16,8478,東哥遊艇,listed,151.0,152.5,150.0,151.5,1.0,0.6645,157000,23770500,129,TWSE,common_stock,true,false,false,false,false,false,false,false,true,
2026-06-16,8481,政伸,listed,42.1,42.25,41.85,42.15,0.1,0.2378,26000,1094300,25,TWSE,common_stock,true,false,false,false,false,false,false,false,true,
2026-06-16,8482,商億-KY,listed,49.2,49.45,49.0,49.0,1.4,2.9412,14000,688500,14,TWSE,common_stock,true,false,false,false,false,false,false,false,true,
2026-06-16,8487,愛爾達-創,listed,80.6,80.6,77.7,78.6,-2.0,-2.4814,116000,9113500,98,TWSE,common_stock,true,false,false,false,false,false,false,false,true,
2026-06-16,8488,吉源-KY,listed,10.3,10.8,10.3,10.5,0.2,1.9417,34000,359750,22,TWSE,common_stock,true,false,false,false,false,false,false,false,true,
2026-06-16,8499,鼎炫-KY,listed,292.5,305.0,290.0,300.0,11.0,3.8062,125000,37325000,121,TWSE,common_stock,true,false,false,false,false,false,false,false,true,
2026-06-16,8926,台汽電,listed,72.5,78.6,72.5,76.8,4.4,6.0773,14146000,1071159700,8238,TWSE,common_stock,true,false,false,false,false,false,false,false,true,
2026-06-16,8940,新天地,listed,16.6,16.75,16.5,16.55,-0.05,-0.3012,47000,781050,32,TWSE,common_stock,true,false,false,false,false,false,false,false,true,
2026-06-16,8996,高力,listed,1310.0,1380.0,1265.0,1380.0,125.0,9.9602,3364000,4568655000,2259,TWSE,common_stock,true,false,false,false,false,false,false,false,true,
2026-06-16,9103,美德醫療-DR,listed,5.48,5.49,5.22,5.26,-0.2,-3.663,1714000,9116750,624,TWSE,dr,false,false,false,false,false,false,false,true,false,security_type=dr
2026-06-16,910322,康師傅-DR,listed,22.0,22.0,21.5,21.55,-0.55,-2.4887,14000,302300,10,TWSE,dr,false,false,false,false,false,false,false,true,false,security_type=dr;symbol_not_4_digit
2026-06-16,9105,泰金寶-DR,listed,10.3,10.3,9.52,9.55,-0.4,-4.0201,66996000,659993420,16520,TWSE,dr,false,false,false,false,false,false,false,true,false,security_type=dr
2026-06-16,910861,神州-DR,listed,4.65,4.66,4.6,4.64,-0.04,-0.8547,33000,152240,13,TWSE,dr,false,false,false,false,false,false,false,true,false,security_type=dr;symbol_not_4_digit
2026-06-16,9110,越南控-DR,listed,3.55,3.55,3.31,3.5,-0.05,-1.4085,23000,80040,12,TWSE,dr,false,false,false,false,false,false,false,true,false,security_type=dr
2026-06-16,911608,明輝-DR,listed,2.9,2.9,2.85,2.86,-0.03,-1.0381,58000,166360,26,TWSE,dr,false,false,false,false,false,false,false,true,false,security_type=dr;symbol_not_4_digit
2026-06-16,911622,泰聚亨-DR,listed,3.7,3.75,3.7,3.75,-0.04,-1.0554,28000,104750,12,TWSE,dr,false,false,false,false,false,false,false,true,false,security_type=dr;symbol_not_4_digit
2026-06-16,911868,同方友友-DR,listed,1.25,1.26,1.24,1.26,0.01,0.8,356000,444370,64,TWSE,dr,false,false,false,false,false,false,false,true,false,security_type=dr;symbol_not_4_digit
2026-06-16,912000,晨訊科-DR,listed,2.8,2.8,2.74,2.74,-0.05,-1.7921,968000,2674010,152,TWSE,dr,false,false,false,false,false,false,false,true,false,security_type=dr;symbol_not_4_digit
2026-06-16,9136,巨騰-DR,listed,16.85,16.9,16.4,16.45,-0.2,-1.2012,1056000,17534700,476,TWSE,dr,false,false,false,false,false,false,false,true,false,security_type=dr
2026-06-16,9802,鈺齊-KY,listed,79.4,79.4,76.2,77.7,-0.3,-0.3846,879000,67871800,523,TWSE,common_stock,true,false,false,false,false,false,false,false,true,
2026-06-16,9902,台火,listed,14.0,14.0,13.5,13.65,-0.1,-0.7273,319000,4357750,109,TWSE,common_stock,true,false,false,false,false,false,false,false,true,
2026-06-16,9904,寶成,listed,26.8,26.8,26.2,26.2,-0.45,-1.6886,22405000,591235350,5934,TWSE,common_stock,true,false,false,false,false,false,false,false,true,
2026-06-16,9905,大華,listed,21.0,21.0,20.9,21.0,0.05,0.2387,141000,2958450,84,TWSE,common_stock,true,false,false,false,false,false,false,false,true,
2026-06-16,9906,欣巴巴,listed,42.0,44.35,42.0,43.3,1.25,2.9727,314000,13659500,227,TWSE,common_stock,true,false,false,false,false,false,false,false,true,
2026-06-16,9907,統一實,listed,16.75,16.8,16.5,16.65,-0.1,-0.597,6964000,115860700,2284,TWSE,etf,false,true,false,false,false,false,false,false,false,security_type=etf
2026-06-16,9908,大台北,listed,29.6,29.7,29.5,29.7,0.15,0.5076,229000,6770850,137,TWSE,common_stock,true,false,false,false,false,false,false,false,true,
2026-06-16,9910,豐泰,listed,79.5,79.5,71.2,78.0,-1.1,-1.3906,16606000,1219080600,9618,TWSE,common_stock,true,false,false,false,false,false,false,false,true,
2026-06-16,9911,櫻花,listed,83.5,83.6,83.0,83.3,-0.2,-0.2395,126000,10497100,113,TWSE,common_stock,true,false,false,false,false,false,false,false,true,
2026-06-16,9912,偉聯,listed,12.5,12.65,12.5,12.5,-0.05,-0.3984,66000,828500,22,TWSE,common_stock,true,false,false,false,false,false,false,false,true,
2026-06-16,9914,美利達,listed,73.7,76.3,73.2,74.1,0.4,0.5427,2043000,152224100,1286,TWSE,common_stock,true,false,false,false,false,false,false,false,true,
2026-06-16,9917,中保科,listed,119.5,119.5,118.0,118.0,-1.0,-0.8403,1280000,151567000,787,TWSE,common_stock,true,false,false,false,false,false,false,false,true,
2026-06-16,9918,欣天然,listed,43.3,44.25,43.3,43.85,0.55,1.2702,90000,3925200,66,TWSE,common_stock,true,false,false,false,false,false,false,false,true,
2026-06-16,9919,康那香,listed,14.15,14.2,14.05,14.15,0.0,0.0,235000,3312850,116,TWSE,common_stock,true,false,false,false,false,false,false,false,true,
2026-06-16,9921,巨大,listed,77.0,78.2,75.4,76.7,0.5,0.6562,2443000,188106900,1403,TWSE,common_stock,true,false,false,false,false,false,false,false,true,
2026-06-16,9924,福興,listed,40.7,40.85,40.35,40.5,-0.4,-0.978,106000,4298750,84,TWSE,common_stock,true,false,false,false,false,false,false,false,true,
2026-06-16,9925,新保,listed,40.85,40.85,40.65,40.65,-0.15,-0.3676,358000,14576350,179,TWSE,common_stock,true,false,false,false,false,false,false,false,true,
2026-06-16,9926,新海,listed,49.7,49.95,49.7,49.7,0.0,0.0,17000,846550,13,TWSE,common_stock,true,false,false,false,false,false,false,false,true,
2026-06-16,9927,泰銘,listed,70.3,70.3,69.3,69.6,-0.1,-0.1435,82000,5707600,77,TWSE,common_stock,true,false,false,false,false,false,false,false,true,
2026-06-16,9928,中視,listed,17.9,18.25,17.9,18.05,0.15,0.838,57000,1032600,51,TWSE,common_stock,true,false,false,false,false,false,false,false,true,
2026-06-16,9929,秋雨,listed,11.8,12.7,11.8,12.4,0.6,5.0847,41000,502000,31,TWSE,common_stock,true,false,false,false,false,false,false,false,true,
2026-06-16,9930,中聯資源,listed,70.0,70.0,69.0,69.8,0.0,0.0,122000,8473500,101,TWSE,common_stock,true,false,false,false,false,false,false,false,true,
2026-06-16,9931,欣高,listed,35.1,35.35,34.85,35.05,0.0,0.0,35000,1226550,28,TWSE,common_stock,true,false,false,false,false,false,false,false,true,
2026-06-16,9933,中鼎,listed,43.25,43.3,42.3,42.35,-0.45,-1.0514,4419000,188662850,2375,TWSE,common_stock,true,false,false,false,false,false,false,false,true,
2026-06-16,9934,成霖,listed,10.45,10.45,10.25,10.3,-0.15,-1.4354,854000,8829100,300,TWSE,common_stock,true,false,false,false,false,false,false,false,true,
2026-06-16,9935,慶豐富,listed,19.4,19.45,19.25,19.3,-0.1,-0.5155,140000,2702750,83,TWSE,common_stock,true,false,false,false,false,false,false,false,true,
2026-06-16,9937,全國,listed,55.2,56.0,55.2,55.4,-0.3,-0.5386,38000,2115000,30,TWSE,common_stock,true,false,false,false,false,false,false,false,true,
2026-06-16,9938,百和,listed,44.65,44.65,43.95,44.0,-0.35,-0.7892,1219000,53733050,748,TWSE,common_stock,true,false,false,false,false,false,false,false,true,
2026-06-16,9939,宏全,listed,133.5,134.5,132.0,133.0,-0.5,-0.3745,1022000,135959500,573,TWSE,common_stock,true,false,false,false,false,false,false,false,true,
2026-06-16,9940,信義,listed,19.6,20.25,19.6,20.25,0.65,3.3163,954000,18997350,461,TWSE,common_stock,true,false,false,false,false,false,false,false,true,
2026-06-16,9941,裕融,listed,83.1,83.2,81.3,81.6,-1.4,-1.6867,2133000,174343200,1585,TWSE,common_stock,true,false,false,false,false,false,false,false,true,
2026-06-16,9941A,裕融甲特,listed,50.5,50.5,50.5,50.5,0.1,0.1984,7000,353500,3,TWSE,warrant,false,false,true,false,false,false,false,false,false,security_type=warrant;symbol_not_4_digit
2026-06-16,9942,茂順,listed,118.5,119.5,118.0,119.0,0.5,0.4219,66000,7828000,52,TWSE,common_stock,true,false,false,false,false,false,false,false,true,
2026-06-16,9943,好樂迪,listed,57.5,57.7,57.2,57.6,0.2,0.3484,60000,3448600,44,TWSE,common_stock,true,false,false,false,false,false,false,false,true,
2026-06-16,9944,新麗,listed,17.4,17.8,17.35,17.6,0.2,1.1494,106000,1852950,40,TWSE,common_stock,true,false,false,false,false,false,false,false,true,
2026-06-16,9945,潤泰新,listed,27.1,27.45,26.7,26.7,-0.35,-1.2939,10562000,284556800,3407,TWSE,common_stock,true,false,false,false,false,false,false,false,true,
2026-06-16,9946,三發地產,listed,20.1,21.0,19.5,19.95,0.65,3.3679,4520000,90880500,2052,TWSE,common_stock,true,false,false,false,false,false,false,false,true,
2026-06-16,9955,佳龍,listed,27.65,27.8,26.85,26.9,-0.7,-2.5362,320000,8685950,218,TWSE,common_stock,true,false,false,false,false,false,false,false,true,
2026-06-16,9958,世紀鋼,listed,110.0,114.0,109.0,113.5,3.5,3.1818,2978000,334802000,2014,TWSE,common_stock,true,false,false,false,false,false,false,false,true,
