date,symbol,name,market,open,high,low,close,change,change_pct,volume,turnover,transactions,source,security_type,is_common_stock,is_etf,is_warrant,is_bond_etf,is_leveraged_inverse,is_etn,is_preferred_stock,is_dr,scan_eligible,exclude_reason
2025-09-23,0050,元大台灣50,listed,57.85,58.6,57.85,58.45,1.05,1.8293,92241987,5370469463,65359,TWSE,etf,false,true,false,false,false,false,false,false,false,security_type=etf
2025-09-23,0051,元大中型100,listed,87.35,87.35,86.3,86.75,0.45,0.5214,155074,13457314,292,TWSE,etf,false,true,false,false,false,false,false,false,false,security_type=etf
2025-09-23,0052,富邦科技,listed,229.1,232.0,228.75,231.9,5.65,2.4972,1543555,355883354,2175,TWSE,etf,false,true,false,false,false,false,false,false,false,security_type=etf
2025-09-23,0053,元大電子,listed,127.0,128.15,126.35,128.15,2.6,2.0709,28001,3573764,150,TWSE,etf,false,true,false,false,false,false,false,false,false,security_type=etf
2025-09-23,0055,元大MSCI金融,listed,30.74,30.76,30.63,30.74,0.0,0.0,172339,5298234,317,TWSE,etf,false,true,false,false,false,false,false,false,false,security_type=etf
2025-09-23,0056,元大高股息,listed,36.88,37.07,36.83,36.94,0.14,0.3804,56878480,2103029340,25640,TWSE,etf,false,true,false,false,false,false,false,false,false,security_type=etf
2025-09-23,0057,富邦摩台,listed,170.55,172.2,170.15,171.45,2.5,1.4797,192364,32833425,131,TWSE,etf,false,true,false,false,false,false,false,false,false,security_type=etf
2025-09-23,0061,元大寶滬深,listed,21.35,21.59,21.21,21.27,-0.12,-0.561,857320,18293002,441,TWSE,etf,false,true,false,false,false,false,false,false,false,security_type=etf
2025-09-23,006203,元大MSCI台灣,listed,104.8,106.7,104.8,105.55,1.1,1.0531,12679,1342969,117,TWSE,etf,false,true,false,false,false,false,false,false,false,security_type=etf;symbol_not_4_digit
2025-09-23,006204,永豐臺灣加權,listed,133.1,133.75,133.1,133.75,1.5,1.1342,4885,651587,119,TWSE,etf,false,true,false,false,false,false,false,false,false,security_type=etf;symbol_not_4_digit
2025-09-23,006205,富邦上証,listed,36.54,36.75,36.05,36.14,-0.52,-1.4184,1287859,46810743,436,TWSE,etf,false,true,false,false,false,false,false,false,false,security_type=etf;symbol_not_4_digit
2025-09-23,006206,元大上證50,listed,33.59,33.73,33.15,33.28,-0.32,-0.9524,258473,8623163,133,TWSE,etf,false,true,false,false,false,false,false,false,false,security_type=etf;symbol_not_4_digit
2025-09-23,006207,復華滬深,listed,28.23,28.3,27.8,27.8,-0.35,-1.2433,112432,3157123,109,TWSE,etf,false,true,false,false,false,false,false,false,false,security_type=etf;symbol_not_4_digit
2025-09-23,006208,富邦台50,listed,135.25,136.7,135.05,136.3,2.6,1.9447,9801060,1331017962,13338,TWSE,etf,false,true,false,false,false,false,false,false,false,security_type=etf;symbol_not_4_digit
2025-09-23,00625K,富邦上証+R,listed,,,,,0.0,,0,0,0,TWSE,etf,false,true,true,false,false,false,false,false,false,security_type=etf;symbol_not_4_digit;invalid_close;invalid_volume;invalid_turnover
2025-09-23,00631L,元大台灣50正2,listed,298.9,304.4,297.5,302.45,7.55,2.5602,4572235,1377680856,5461,TWSE,leveraged_inverse,false,true,true,false,true,false,false,false,false,security_type=leveraged_inverse;symbol_not_4_digit
2025-09-23,00632R,元大台灣50反1,listed,18.4,18.43,18.24,18.29,-0.22,-1.1885,78345121,1436293699,13670,TWSE,leveraged_inverse,false,true,true,false,true,false,false,false,false,security_type=leveraged_inverse;symbol_not_4_digit
2025-09-23,00633L,富邦上証正2,listed,47.97,48.64,46.84,47.2,-0.61,-1.2759,8037693,382430366,1693,TWSE,leveraged_inverse,false,true,true,false,true,false,false,false,false,security_type=leveraged_inverse;symbol_not_4_digit
2025-09-23,00634R,富邦上証反1,listed,3.29,3.32,3.26,3.31,0.02,0.6079,630050,2080306,36,TWSE,leveraged_inverse,false,true,true,false,true,false,false,false,false,security_type=leveraged_inverse;symbol_not_4_digit
2025-09-23,00635U,期元大S&P黃金,listed,40.57,40.78,40.53,40.68,0.56,1.3958,3327567,135247880,1931,TWSE,etf,false,true,true,false,false,false,false,false,false,security_type=etf;symbol_not_4_digit
2025-09-23,00636,國泰中國A50,listed,25.14,25.3,24.83,24.9,-0.24,-0.9547,4988261,124480408,679,TWSE,etf,false,true,false,false,false,false,false,false,false,security_type=etf;symbol_not_4_digit
2025-09-23,00636K,國泰中國A50+U,listed,8.27,8.27,8.27,8.27,-0.04,-0.4813,200,1654,2,TWSE,etf,false,true,true,false,false,false,false,false,false,security_type=etf;symbol_not_4_digit
2025-09-23,00637L,元大滬深300正2,listed,19.19,19.61,18.88,19.04,-0.27,-1.3982,83334363,1596899580,10009,TWSE,leveraged_inverse,false,true,true,false,true,false,false,false,false,security_type=leveraged_inverse;symbol_not_4_digit
2025-09-23,00638R,元大滬深300反1,listed,6.86,6.97,6.84,6.93,0.02,0.2894,1005629,6975433,131,TWSE,leveraged_inverse,false,true,true,false,true,false,false,false,false,security_type=leveraged_inverse;symbol_not_4_digit
2025-09-23,00639,富邦深100,listed,14.22,14.4,14.0,14.11,-0.11,-0.7736,1842614,26085209,516,TWSE,etf,false,true,false,false,false,false,false,false,false,security_type=etf;symbol_not_4_digit
2025-09-23,00640L,富邦日本正2,listed,66.8,67.25,66.7,66.8,0.05,0.0749,303056,20277494,118,TWSE,leveraged_inverse,false,true,true,false,true,false,false,false,false,security_type=leveraged_inverse;symbol_not_4_digit
2025-09-23,00641R,富邦日本反1,listed,5.01,5.01,4.97,5.0,-0.01,-0.1996,375221,1872216,62,TWSE,leveraged_inverse,false,true,true,false,true,false,false,false,false,security_type=leveraged_inverse;symbol_not_4_digit
2025-09-23,00642U,期元大S&P石油,listed,16.02,16.04,15.95,16.0,-0.19,-1.1736,11270919,180150923,2391,TWSE,etf,false,true,true,false,false,false,false,false,false,security_type=etf;symbol_not_4_digit
2025-09-23,00643,群益深証中小,listed,15.9,16.08,15.56,15.68,-0.21,-1.3216,4174357,65746334,397,TWSE,etf,false,true,false,false,false,false,false,false,false,security_type=etf;symbol_not_4_digit
2025-09-23,00643K,群益深証中小+R,listed,,,,,0.0,,0,0,0,TWSE,etf,false,true,true,false,false,false,false,false,false,security_type=etf;symbol_not_4_digit;invalid_close;invalid_volume;invalid_turnover
2025-09-23,00645,富邦日本,listed,44.0,44.16,43.98,44.01,0.01,0.0227,199127,8780699,328,TWSE,etf,false,true,false,false,false,false,false,false,false,security_type=etf;symbol_not_4_digit
2025-09-23,00646,元大S&P500,listed,63.35,63.5,63.3,63.45,0.25,0.3956,5446614,345623709,2226,TWSE,etf,false,true,false,false,false,false,false,false,false,security_type=etf;symbol_not_4_digit
2025-09-23,00647L,元大S&P500正2,listed,110.8,111.1,110.75,110.95,0.85,0.772,70768,7852917,331,TWSE,leveraged_inverse,false,true,true,false,true,false,false,false,false,security_type=leveraged_inverse;symbol_not_4_digit
2025-09-23,00648R,元大S&P500反1,listed,4.4,4.41,4.4,4.41,-0.02,-0.4515,767328,3378350,94,TWSE,leveraged_inverse,false,true,true,false,true,false,false,false,false,security_type=leveraged_inverse;symbol_not_4_digit
2025-09-23,00650L,復華香港正2,listed,18.43,18.45,17.95,18.02,-0.28,-1.5301,7615716,138007900,1476,TWSE,leveraged_inverse,false,true,true,false,true,false,false,false,false,security_type=leveraged_inverse;symbol_not_4_digit
2025-09-23,00651R,復華香港反1,listed,5.24,5.28,5.22,5.27,0.03,0.5725,624837,3287010,84,TWSE,leveraged_inverse,false,true,true,false,true,false,false,false,false,security_type=leveraged_inverse;symbol_not_4_digit
2025-09-23,00652,富邦印度,listed,35.99,35.99,35.63,35.65,-0.35,-0.9722,254625,9102858,449,TWSE,etf,false,true,false,false,false,false,false,false,false,security_type=etf;symbol_not_4_digit
2025-09-23,00653L,富邦印度正2,listed,56.5,56.5,55.65,55.65,-0.95,-1.6784,363289,20344294,183,TWSE,leveraged_inverse,false,true,true,false,true,false,false,false,false,security_type=leveraged_inverse;symbol_not_4_digit
2025-09-23,00654R,富邦印度反1,listed,6.29,6.33,6.29,6.33,0.04,0.6359,109023,688254,16,TWSE,leveraged_inverse,false,true,true,false,true,false,false,false,false,security_type=leveraged_inverse;symbol_not_4_digit
2025-09-23,00655L,國泰中國A50正2,listed,33.03,33.8,32.52,32.79,-0.48,-1.4427,4905857,162668855,846,TWSE,leveraged_inverse,false,true,true,false,true,false,false,false,false,security_type=leveraged_inverse;symbol_not_4_digit
2025-09-23,00656R,國泰中國A50反1,listed,6.11,6.17,6.05,6.17,0.06,0.982,278009,1696114,34,TWSE,leveraged_inverse,false,true,true,false,true,false,false,false,false,security_type=leveraged_inverse;symbol_not_4_digit
2025-09-23,00657,國泰日經225,listed,53.6,53.75,53.55,53.65,0.1,0.1867,147336,7902893,126,TWSE,etf,false,true,false,false,false,false,false,false,false,security_type=etf;symbol_not_4_digit
2025-09-23,00657K,國泰日經225+U,listed,17.73,17.73,17.73,17.73,-0.09,-0.5051,200,3546,2,TWSE,etf,false,true,true,false,false,false,false,false,false,security_type=etf;symbol_not_4_digit
2025-09-23,00660,元大歐洲50,listed,39.49,39.52,39.42,39.42,-0.13,-0.3287,69981,2761065,253,TWSE,etf,false,true,false,false,false,false,false,false,false,security_type=etf;symbol_not_4_digit
2025-09-23,00661,元大日經225,listed,58.6,58.8,58.45,58.6,0.15,0.2566,247137,14464567,212,TWSE,etf,false,true,false,false,false,false,false,false,false,security_type=etf;symbol_not_4_digit
2025-09-23,00662,富邦NASDAQ,listed,96.35,96.4,96.15,96.4,0.5,0.5214,7119214,685713833,2590,TWSE,etf,false,true,false,false,false,false,false,false,false,security_type=etf;symbol_not_4_digit
2025-09-23,00663L,國泰臺灣加權正2,listed,39.07,39.8,38.9,39.49,0.95,2.465,6387332,251212224,2824,TWSE,leveraged_inverse,false,true,true,false,true,false,false,false,false,security_type=leveraged_inverse;symbol_not_4_digit
2025-09-23,00664R,國泰臺灣加權反1,listed,2.97,2.99,2.95,2.96,-0.03,-1.0033,24096478,71380667,1670,TWSE,leveraged_inverse,false,true,true,false,true,false,false,false,false,security_type=leveraged_inverse;symbol_not_4_digit
2025-09-23,00665L,富邦恒生國企正2,listed,11.94,11.95,11.6,11.65,-0.24,-2.0185,37162985,435756859,4280,TWSE,leveraged_inverse,false,true,true,false,true,false,false,false,false,security_type=leveraged_inverse;symbol_not_4_digit
2025-09-23,00666R,富邦恒生國企反1,listed,8.5,8.61,8.48,8.6,0.09,1.0576,221106,1895355,45,TWSE,leveraged_inverse,false,true,true,false,true,false,false,false,false,security_type=leveraged_inverse;symbol_not_4_digit
2025-09-23,00668,國泰美國道瓊,listed,51.05,51.1,51.0,51.05,0.0,0.0,73449,3751883,116,TWSE,etf,false,true,false,false,false,false,false,false,false,security_type=etf;symbol_not_4_digit
2025-09-23,00668K,國泰美國道瓊+U,listed,16.94,16.94,16.94,16.94,0.03,0.1774,200,3388,2,TWSE,etf,false,true,true,false,false,false,false,false,false,security_type=etf;symbol_not_4_digit
2025-09-23,00669R,國泰美國道瓊反1,listed,5.82,5.82,5.8,5.81,-0.03,-0.5137,788469,4581440,115,TWSE,leveraged_inverse,false,true,true,false,true,false,false,false,false,security_type=leveraged_inverse;symbol_not_4_digit
2025-09-23,00670L,富邦NASDAQ正2,listed,159.15,159.45,159.05,159.2,1.65,1.0473,623766,99352136,930,TWSE,leveraged_inverse,false,true,true,false,true,false,false,false,false,security_type=leveraged_inverse;symbol_not_4_digit
2025-09-23,00671R,富邦NASDAQ反1,listed,2.91,2.92,2.91,2.92,-0.01,-0.3413,4841477,14098598,250,TWSE,leveraged_inverse,false,true,true,false,true,false,false,false,false,security_type=leveraged_inverse;symbol_not_4_digit
2025-09-23,00673R,期元大S&P原油反1,listed,6.72,6.77,6.72,6.75,0.09,1.3514,16058234,108286069,1000,TWSE,leveraged_inverse,false,true,true,false,true,false,false,false,false,security_type=leveraged_inverse;symbol_not_4_digit
2025-09-23,00674R,期元大S&P黃金反1,listed,6.8,6.81,6.77,6.8,-0.09,-1.3062,2926318,19858073,381,TWSE,leveraged_inverse,false,true,true,false,true,false,false,false,false,security_type=leveraged_inverse;symbol_not_4_digit
2025-09-23,00675L,富邦臺灣加權正2,listed,118.95,121.1,118.35,120.3,2.95,2.5138,3377520,404679250,3221,TWSE,leveraged_inverse,false,true,true,false,true,false,false,false,false,security_type=leveraged_inverse;symbol_not_4_digit
2025-09-23,00676R,富邦臺灣加權反1,listed,10.11,10.12,10.01,10.05,-0.12,-1.1799,3988077,40166688,671,TWSE,leveraged_inverse,false,true,true,false,true,false,false,false,false,security_type=leveraged_inverse;symbol_not_4_digit
2025-09-23,00678,群益那斯達克生技,listed,28.4,28.42,28.4,28.42,0.04,0.1409,217653,6183457,84,TWSE,etf,false,true,false,false,false,false,false,false,false,security_type=etf;symbol_not_4_digit
2025-09-23,00680L,元大美債20正2,listed,7.35,7.36,7.33,7.35,0.01,0.1362,23921508,175645175,1075,TWSE,bond_etf,false,true,true,true,true,false,false,false,false,security_type=bond_etf;symbol_not_4_digit
2025-09-23,00681R,元大美債20反1,listed,20.53,20.54,20.52,20.52,-0.04,-0.1946,69001,1416260,15,TWSE,bond_etf,false,true,true,true,true,false,false,false,false,security_type=bond_etf;symbol_not_4_digit
2025-09-23,00682U,期元大美元指數,listed,19.86,19.94,19.86,19.89,0.0,0.0,10000,198870,6,TWSE,etf,false,true,true,false,false,false,false,false,false,security_type=etf;symbol_not_4_digit
2025-09-23,00683L,期元大美元指正2,listed,20.19,20.2,20.15,20.19,-0.19,-0.9323,66603,1342877,34,TWSE,leveraged_inverse,false,true,true,false,true,false,false,false,false,security_type=leveraged_inverse;symbol_not_4_digit
2025-09-23,00684R,期元大美元指反1,listed,15.86,15.86,15.86,15.86,0.08,0.507,1000,15860,1,TWSE,leveraged_inverse,false,true,true,false,true,false,false,false,false,security_type=leveraged_inverse;symbol_not_4_digit
2025-09-23,00685L,群益臺灣加權正2,listed,106.8,108.75,106.45,108.15,2.7,2.5605,602794,64871444,506,TWSE,leveraged_inverse,false,true,true,false,true,false,false,false,false,security_type=leveraged_inverse;symbol_not_4_digit
2025-09-23,00686R,群益臺灣加權反1,listed,1.81,1.81,1.79,1.8,-0.02,-1.0989,3754769,6768306,301,TWSE,leveraged_inverse,false,true,true,false,true,false,false,false,false,security_type=leveraged_inverse;symbol_not_4_digit
2025-09-23,00688L,國泰20年美債正2,listed,7.31,7.33,7.3,7.33,0.02,0.2736,11914833,87149263,568,TWSE,bond_etf,false,true,true,true,true,false,false,false,false,security_type=bond_etf;symbol_not_4_digit
2025-09-23,00689R,國泰20年美債反1,listed,21.1,21.1,21.1,21.1,-0.02,-0.0947,125521,2648534,4,TWSE,bond_etf,false,true,true,true,true,false,false,false,false,security_type=bond_etf;symbol_not_4_digit
2025-09-23,00690,兆豐藍籌30,listed,41.0,41.45,41.0,41.23,0.33,0.8068,733951,30257479,374,TWSE,etf,false,true,false,false,false,false,false,false,false,security_type=etf;symbol_not_4_digit
2025-09-23,00692,富邦公司治理,listed,52.4,52.95,52.35,52.8,0.85,1.6362,2244364,118101658,2161,TWSE,etf,false,true,false,false,false,false,false,false,false,security_type=etf;symbol_not_4_digit
2025-09-23,00693U,期街口S&P黃豆,listed,19.68,19.74,19.63,19.68,-0.34,-1.6983,2812259,55332631,768,TWSE,warrant,false,false,true,false,false,false,false,false,false,security_type=warrant;symbol_not_4_digit
2025-09-23,00700,富邦恒生國企,listed,18.5,18.5,18.23,18.26,-0.24,-1.2973,725664,13277929,407,TWSE,etf,false,true,false,false,false,false,false,false,false,security_type=etf;symbol_not_4_digit
2025-09-23,00701,國泰股利精選30,listed,27.67,27.69,27.59,27.64,-0.07,-0.2526,2587786,71522577,1145,TWSE,etf,false,true,false,false,false,false,false,false,false,security_type=etf;symbol_not_4_digit
2025-09-23,00702,國泰標普低波高息,listed,22.5,22.52,22.47,22.47,-0.09,-0.3989,24986,561664,133,TWSE,etf,false,true,false,false,false,false,false,false,false,security_type=etf;symbol_not_4_digit
2025-09-23,00703,台新MSCI中國,listed,21.87,22.0,21.64,21.68,-0.32,-1.4545,186235,4041434,133,TWSE,other,false,false,false,false,false,false,false,false,false,symbol_not_4_digit
2025-09-23,00706L,期元大S&P日圓正2,listed,5.88,5.89,5.86,5.87,0.03,0.5137,3612514,21222914,353,TWSE,leveraged_inverse,false,true,true,false,true,false,false,false,false,security_type=leveraged_inverse;symbol_not_4_digit
2025-09-23,00707R,期元大S&P日圓反1,listed,,,,,0.0,,0,0,0,TWSE,leveraged_inverse,false,true,true,false,true,false,false,false,false,security_type=leveraged_inverse;symbol_not_4_digit;invalid_close;invalid_volume;invalid_turnover
2025-09-23,00708L,期元大S&P黃金正2,listed,70.25,70.8,70.05,70.4,1.85,2.6988,3735109,263148623,1480,TWSE,leveraged_inverse,false,true,true,false,true,false,false,false,false,security_type=leveraged_inverse;symbol_not_4_digit
2025-09-23,00709,富邦歐洲,listed,33.27,33.31,33.15,33.21,-0.02,-0.0602,136999,4552660,276,TWSE,etf,false,true,false,false,false,false,false,false,false,security_type=etf;symbol_not_4_digit
2025-09-23,00710B,復華彭博非投等債,listed,18.4,18.45,18.39,18.42,-0.03,-0.1626,175572,3236862,81,TWSE,bond_etf,false,true,true,true,false,false,false,false,false,security_type=bond_etf;symbol_not_4_digit
2025-09-23,00711B,復華彭博新興債,listed,15.73,15.74,15.71,15.72,-0.01,-0.0636,149944,2358417,122,TWSE,bond_etf,false,true,true,true,false,false,false,false,false,security_type=bond_etf;symbol_not_4_digit
2025-09-23,00712,復華富時不動產,listed,8.7,8.71,8.66,8.69,-0.15,-1.6968,78546017,681719478,18281,TWSE,etf,false,true,false,false,false,false,false,false,false,security_type=etf;symbol_not_4_digit
2025-09-23,00713,元大台灣高息低波,listed,51.35,51.5,51.25,51.35,0.0,0.0,12537691,644027421,7923,TWSE,etf,false,true,false,false,false,false,false,false,false,security_type=etf;symbol_not_4_digit
2025-09-23,00714,群益道瓊美國地產,listed,19.78,19.78,19.71,19.76,-0.02,-0.1011,349188,6897420,109,TWSE,etf,false,true,false,false,false,false,false,false,false,security_type=etf;symbol_not_4_digit
2025-09-23,00715L,期街口布蘭特正2,listed,11.02,11.03,10.91,10.98,-0.25,-2.2262,139796128,1533320986,14833,TWSE,leveraged_inverse,false,true,true,false,true,false,false,false,false,security_type=leveraged_inverse;symbol_not_4_digit
2025-09-23,00717,富邦美國特別股,listed,14.95,14.95,14.88,14.91,-0.05,-0.3342,84727,1262952,136,TWSE,preferred_stock,false,true,false,false,false,false,true,false,false,security_type=preferred_stock;symbol_not_4_digit
2025-09-23,00728,第一金工業30,listed,34.0,34.47,34.0,34.33,0.44,1.2983,270184,9252031,280,TWSE,other,false,false,false,false,false,false,false,false,false,symbol_not_4_digit
2025-09-23,00730,富邦臺灣優質高息,listed,24.82,24.87,24.68,24.77,-0.05,-0.2015,414720,10258948,451,TWSE,etf,false,true,false,false,false,false,false,false,false,security_type=etf;symbol_not_4_digit
2025-09-23,00731,復華富時高息低波,listed,67.7,68.0,67.6,67.95,0.25,0.3693,538613,36592328,581,TWSE,etf,false,true,false,false,false,false,false,false,false,security_type=etf;symbol_not_4_digit
2025-09-23,00733,富邦臺灣中小,listed,47.79,48.15,47.56,47.71,0.1,0.21,1810350,86732135,1547,TWSE,etf,false,true,false,false,false,false,false,false,false,security_type=etf;symbol_not_4_digit
2025-09-23,00735,國泰臺韓科技,listed,42.2,42.69,42.2,42.66,0.64,1.5231,562032,23916047,247,TWSE,etf,false,true,false,false,false,false,false,false,false,security_type=etf;symbol_not_4_digit
2025-09-23,00736,國泰新興市場,listed,26.4,26.4,26.1,26.1,-0.25,-0.9488,274832,7208551,130,TWSE,etf,false,true,false,false,false,false,false,false,false,security_type=etf;symbol_not_4_digit
2025-09-23,00737,國泰AI機器人,listed,35.48,35.81,35.48,35.77,0.59,1.6771,1049806,37481307,345,TWSE,etf,false,true,false,false,false,false,false,false,false,security_type=etf;symbol_not_4_digit
2025-09-23,00738U,期元大道瓊白銀,listed,36.65,36.77,36.45,36.75,0.32,0.8784,3388302,124135173,1118,TWSE,etf,false,true,true,false,false,false,false,false,false,security_type=etf;symbol_not_4_digit
2025-09-23,00739,元大MSCI A股,listed,25.55,25.6,25.07,25.17,-0.28,-1.1002,116548,2944613,128,TWSE,etf,false,true,false,false,false,false,false,false,false,security_type=etf;symbol_not_4_digit
2025-09-23,00752,中信中國50,listed,26.74,26.75,26.23,26.3,-0.4,-1.4981,9672083,254844163,2227,TWSE,etf,false,true,false,false,false,false,false,false,false,security_type=etf;symbol_not_4_digit
2025-09-23,00753L,中信中國50正2,listed,13.56,13.57,13.07,13.1,-0.37,-2.7468,35703052,473021344,5531,TWSE,leveraged_inverse,false,true,true,false,true,false,false,false,false,security_type=leveraged_inverse;symbol_not_4_digit
2025-09-23,00757,統一FANG+,listed,118.3,118.3,117.95,118.0,-0.15,-0.127,8578380,1012672555,7079,TWSE,etf,false,true,false,false,false,false,false,false,false,security_type=etf;symbol_not_4_digit
2025-09-23,00762,元大全球AI,listed,82.5,82.5,82.05,82.05,0.05,0.061,770036,63349833,864,TWSE,etf,false,true,false,false,false,false,false,false,false,security_type=etf;symbol_not_4_digit
2025-09-23,00763U,期街口道瓊銅,listed,25.67,25.68,25.57,25.59,-0.06,-0.2339,490981,12579222,239,TWSE,warrant,false,false,true,false,false,false,false,false,false,security_type=warrant;symbol_not_4_digit
2025-09-23,00770,國泰北美科技,listed,54.05,54.15,54.0,54.1,0.4,0.7449,500868,27089158,882,TWSE,etf,false,true,false,false,false,false,false,false,false,security_type=etf;symbol_not_4_digit
2025-09-23,00771,元大US高息特別股,listed,16.05,16.05,16.0,16.0,-0.04,-0.2494,129507,2072848,109,TWSE,preferred_stock,false,true,false,false,false,false,true,false,false,security_type=preferred_stock;symbol_not_4_digit
2025-09-23,00775B,台新投等債15+,listed,31.86,31.86,31.81,31.81,0.0,0.0,2041,64985,6,TWSE,bond_etf,false,true,true,true,false,false,false,false,false,security_type=bond_etf;symbol_not_4_digit
2025-09-23,00783,富邦中証500,listed,23.56,23.65,23.1,23.21,-0.33,-1.4019,320286,7482471,49,TWSE,etf,false,true,false,false,false,false,false,false,false,security_type=etf;symbol_not_4_digit
2025-09-23,00830,國泰費城半導體,listed,49.15,49.22,49.1,49.19,0.59,1.214,23610496,1160847157,4774,TWSE,etf,false,true,false,false,false,false,false,false,false,security_type=etf;symbol_not_4_digit
2025-09-23,00850,元大臺灣ESG永續,listed,51.0,51.4,50.9,51.2,0.6,1.1858,1130961,57858216,1427,TWSE,etf,false,true,false,false,false,false,false,false,false,security_type=etf;symbol_not_4_digit
2025-09-23,00851,台新全球AI,listed,55.2,55.55,55.2,55.5,0.35,0.6346,1050944,58245148,163,TWSE,other,false,false,false,false,false,false,false,false,false,symbol_not_4_digit
2025-09-23,00852L,國泰美國道瓊正2,listed,28.27,28.3,28.23,28.27,0.14,0.4977,203529,5752102,81,TWSE,leveraged_inverse,false,true,true,false,true,false,false,false,false,security_type=leveraged_inverse;symbol_not_4_digit
2025-09-23,00861,元大全球未來通訊,listed,48.71,48.92,48.71,48.88,0.5,1.0335,89682,4379821,230,TWSE,etf,false,true,false,false,false,false,false,false,false,security_type=etf;symbol_not_4_digit
2025-09-23,00865B,國泰US短期公債,listed,45.0,45.0,44.84,44.91,-0.04,-0.089,1358954,61013153,407,TWSE,bond_etf,false,true,true,true,false,false,false,false,false,security_type=bond_etf;symbol_not_4_digit
2025-09-23,00875,國泰網路資安,listed,39.79,39.84,39.79,39.83,0.14,0.3527,138234,5502625,367,TWSE,etf,false,true,false,false,false,false,false,false,false,security_type=etf;symbol_not_4_digit
2025-09-23,00876,元大全球5G,listed,44.46,44.72,44.41,44.5,0.32,0.7243,3816032,170053936,318,TWSE,etf,false,true,false,false,false,false,false,false,false,security_type=etf;symbol_not_4_digit
2025-09-23,00878,國泰永續高股息,listed,21.41,21.52,21.35,21.43,0.05,0.2339,64651475,1386287429,22568,TWSE,etf,false,true,false,false,false,false,false,false,false,security_type=etf;symbol_not_4_digit
2025-09-23,00881,國泰台灣科技龍頭,listed,29.24,29.4,29.12,29.31,0.38,1.3135,15615815,457407220,7999,TWSE,etf,false,true,false,false,false,false,false,false,false,security_type=etf;symbol_not_4_digit
2025-09-23,00882,中信中國高股息,listed,14.05,14.06,13.8,13.84,-0.21,-1.4947,36852498,511762989,8944,TWSE,etf,false,true,false,false,false,false,false,false,false,security_type=etf;symbol_not_4_digit
2025-09-23,00885,富邦越南,listed,15.72,15.76,15.66,15.73,-0.04,-0.2536,7567821,118855955,1910,TWSE,etf,false,true,false,false,false,false,false,false,false,security_type=etf;symbol_not_4_digit
2025-09-23,00891,中信關鍵半導體,listed,18.66,18.69,18.52,18.62,0.1,0.54,5406495,100712751,2440,TWSE,etf,false,true,false,false,false,false,false,false,false,security_type=etf;symbol_not_4_digit
2025-09-23,00892,富邦台灣半導體,listed,19.76,19.83,19.6,19.75,0.22,1.1265,1956252,38640227,1040,TWSE,etf,false,true,false,false,false,false,false,false,false,security_type=etf;symbol_not_4_digit
2025-09-23,00893,國泰智能電動車,listed,28.82,28.86,28.73,28.78,0.28,0.9825,2022916,58262345,1235,TWSE,etf,false,true,false,false,false,false,false,false,false,security_type=etf;symbol_not_4_digit
2025-09-23,00894,中信小資高價30,listed,24.61,24.63,24.45,24.51,0.16,0.6571,2126593,52182930,816,TWSE,etf,false,true,false,false,false,false,false,false,false,security_type=etf;symbol_not_4_digit
2025-09-23,00895,富邦未來車,listed,35.25,35.52,35.25,35.49,0.63,1.8072,1327205,47057331,1242,TWSE,etf,false,true,false,false,false,false,false,false,false,security_type=etf;symbol_not_4_digit
2025-09-23,00896,中信綠能及電動車,listed,18.51,18.61,18.49,18.51,0.09,0.4886,1750246,32450611,702,TWSE,etf,false,true,false,false,false,false,false,false,false,security_type=etf;symbol_not_4_digit
2025-09-23,00897,富邦基因免疫生技,listed,7.39,7.41,7.38,7.41,0.07,0.9537,682756,5050434,289,TWSE,etf,false,true,false,false,false,false,false,false,false,security_type=etf;symbol_not_4_digit
2025-09-23,00898,國泰基因免疫革命,listed,6.69,6.71,6.69,6.69,0.0,0.0,431476,2890806,184,TWSE,etf,false,true,false,false,false,false,false,false,false,security_type=etf;symbol_not_4_digit
2025-09-23,00899,FT潔淨能源,listed,17.6,17.78,17.6,17.78,0.53,3.0725,532341,9415674,276,TWSE,other,false,false,false,false,false,false,false,false,false,symbol_not_4_digit
2025-09-23,00900,富邦特選高股息30,listed,13.64,13.65,13.56,13.58,-0.05,-0.3668,15148441,205822857,4389,TWSE,etf,false,true,false,false,false,false,false,false,false,security_type=etf;symbol_not_4_digit
2025-09-23,00901,永豐智能車供應鏈,listed,25.05,25.25,25.03,25.15,0.3,1.2072,376994,9474385,257,TWSE,etf,false,true,false,false,false,false,false,false,false,security_type=etf;symbol_not_4_digit
2025-09-23,00902,中信電池及儲能,listed,10.97,11.15,10.92,11.0,0.05,0.4566,6221498,68675621,1044,TWSE,etf,false,true,false,false,false,false,false,false,false,security_type=etf;symbol_not_4_digit
2025-09-23,00903,富邦元宇宙,listed,17.04,17.06,17.03,17.04,0.12,0.7092,626355,10675276,433,TWSE,etf,false,true,false,false,false,false,false,false,false,security_type=etf;symbol_not_4_digit
2025-09-23,00904,台新臺灣半導體30,listed,20.32,20.35,20.13,20.26,0.16,0.796,668017,13538701,385,TWSE,other,false,false,false,false,false,false,false,false,false,symbol_not_4_digit
2025-09-23,00905,FT臺灣Smart,listed,16.11,16.21,16.07,16.16,0.17,1.0632,2669281,43107088,1424,TWSE,other,false,false,false,false,false,false,false,false,false,symbol_not_4_digit
2025-09-23,00907,永豐優息存股,listed,15.44,15.5,15.41,15.45,0.03,0.1946,1684363,26023148,443,TWSE,etf,false,true,false,false,false,false,false,false,false,security_type=etf;symbol_not_4_digit
2025-09-23,00908,富邦入息REITs+,listed,13.45,13.45,13.4,13.42,-0.07,-0.5189,488766,6559377,82,TWSE,etf,false,true,false,false,false,false,false,false,false,security_type=etf;symbol_not_4_digit
2025-09-23,00909,國泰數位支付服務,listed,42.19,42.46,42.19,42.42,1.07,2.5877,3180122,134741868,2967,TWSE,etf,false,true,false,false,false,false,false,false,false,security_type=etf;symbol_not_4_digit
2025-09-23,00910,第一金太空衛星,listed,39.4,39.5,39.29,39.37,0.36,0.9228,1728201,68089615,3051,TWSE,other,false,false,false,false,false,false,false,false,false,symbol_not_4_digit
2025-09-23,00911,兆豐洲際半導體,listed,28.3,28.42,28.3,28.4,0.34,1.2117,490189,13917241,863,TWSE,etf,false,true,false,false,false,false,false,false,false,security_type=etf;symbol_not_4_digit
2025-09-23,00912,中信臺灣智慧50,listed,20.32,20.47,20.3,20.41,0.21,1.0396,1167233,23786187,432,TWSE,etf,false,true,false,false,false,false,false,false,false,security_type=etf;symbol_not_4_digit
2025-09-23,00913,兆豐台灣晶圓製造,listed,21.86,21.94,21.74,21.86,0.2,0.9234,234467,5110766,73,TWSE,etf,false,true,false,false,false,false,false,false,false,security_type=etf;symbol_not_4_digit
2025-09-23,00915,凱基優選高股息30,listed,22.88,22.94,22.8,22.85,-0.05,-0.2183,6181576,141390972,2080,TWSE,etf,false,true,false,false,false,false,false,false,false,security_type=etf;symbol_not_4_digit
2025-09-23,00916,國泰全球品牌50,listed,26.11,26.2,26.11,26.18,0.12,0.4605,347731,9100049,393,TWSE,etf,false,true,false,false,false,false,false,false,false,security_type=etf;symbol_not_4_digit
2025-09-23,00917,中信特選金融,listed,23.49,23.52,23.49,23.51,0.03,0.1278,202190,4753169,189,TWSE,etf,false,true,false,false,false,false,false,false,false,security_type=etf;symbol_not_4_digit
2025-09-23,00918,大華優利高填息30,listed,22.6,22.65,22.52,22.56,-0.02,-0.0886,16241723,366771356,5861,TWSE,other,false,false,false,false,false,false,false,false,false,symbol_not_4_digit
2025-09-23,00919,群益台灣精選高息,listed,21.48,21.51,21.39,21.44,-0.02,-0.0932,82372466,1765980529,28862,TWSE,etf,false,true,false,false,false,false,false,false,false,security_type=etf;symbol_not_4_digit
2025-09-23,00920,富邦ESG綠色電力,listed,15.95,16.06,15.95,16.03,0.24,1.5199,356593,5719453,204,TWSE,etf,false,true,false,false,false,false,false,false,false,security_type=etf;symbol_not_4_digit
2025-09-23,00921,兆豐龍頭等權重,listed,17.43,17.46,17.38,17.39,-0.03,-0.1722,986397,17176529,274,TWSE,etf,false,true,false,false,false,false,false,false,false,security_type=etf;symbol_not_4_digit
2025-09-23,00922,國泰台灣領袖50,listed,24.58,24.79,24.54,24.73,0.34,1.394,10057494,248118250,4374,TWSE,etf,false,true,false,false,false,false,false,false,false,security_type=etf;symbol_not_4_digit
2025-09-23,00923,群益台ESG低碳50,listed,23.38,23.53,23.29,23.46,0.29,1.2516,5063652,118638434,2177,TWSE,etf,false,true,false,false,false,false,false,false,false,security_type=etf;symbol_not_4_digit
2025-09-23,00924,復華S&P500成長,listed,27.69,27.74,27.68,27.73,0.21,0.7631,6289122,174335693,2342,TWSE,etf,false,true,false,false,false,false,false,false,false,security_type=etf;symbol_not_4_digit
2025-09-23,00926,凱基全球菁英55,listed,22.64,22.66,22.61,22.65,0.16,0.7114,933405,21133004,534,TWSE,etf,false,true,false,false,false,false,false,false,false,security_type=etf;symbol_not_4_digit
2025-09-23,00927,群益半導體收益,listed,20.08,20.08,19.83,19.92,0.01,0.0502,6691072,133407275,1891,TWSE,etf,false,true,false,false,false,false,false,false,false,security_type=etf;symbol_not_4_digit
2025-09-23,00929,復華台灣科技優息,listed,18.92,19.0,18.81,18.92,0.05,0.265,81473708,1542211356,15061,TWSE,etf,false,true,false,false,false,false,false,false,false,security_type=etf;symbol_not_4_digit
2025-09-23,00930,永豐ESG低碳高息,listed,17.52,17.6,17.48,17.54,0.02,0.1142,1357514,23829792,577,TWSE,etf,false,true,false,false,false,false,false,false,false,security_type=etf;symbol_not_4_digit
2025-09-23,00932,兆豐永續高息等權,listed,14.93,14.93,14.8,14.8,-0.1,-0.6711,941364,13985747,353,TWSE,etf,false,true,false,false,false,false,false,false,false,security_type=etf;symbol_not_4_digit
2025-09-23,00934,中信成長高股息,listed,20.26,20.28,20.15,20.17,-0.03,-0.1485,2979717,60156039,854,TWSE,etf,false,true,false,false,false,false,false,false,false,security_type=etf;symbol_not_4_digit
2025-09-23,00935,野村臺灣新科技50,listed,26.68,26.74,26.54,26.6,0.15,0.5671,5297076,141118107,1991,TWSE,other,false,false,false,false,false,false,false,false,false,symbol_not_4_digit
2025-09-23,00936,台新永續高息中小,listed,16.03,16.07,15.93,16.0,-0.01,-0.0625,2752376,44000188,713,TWSE,other,false,false,false,false,false,false,false,false,false,symbol_not_4_digit
2025-09-23,00938,凱基優選30,listed,15.95,16.06,15.91,16.02,0.15,0.9452,1030717,16490758,324,TWSE,etf,false,true,false,false,false,false,false,false,false,security_type=etf;symbol_not_4_digit
2025-09-23,00939,統一台灣高息動能,listed,14.25,14.29,14.19,14.24,0.03,0.2111,18524571,264107298,2941,TWSE,etf,false,true,false,false,false,false,false,false,false,security_type=etf;symbol_not_4_digit
2025-09-23,00940,元大台灣價值高息,listed,9.54,9.58,9.52,9.55,0.03,0.3151,75509669,721662148,9300,TWSE,etf,false,true,false,false,false,false,false,false,false,security_type=etf;symbol_not_4_digit
2025-09-23,00941,中信上游半導體,listed,15.3,15.35,15.27,15.31,0.14,0.9229,13266107,203324405,3046,TWSE,etf,false,true,false,false,false,false,false,false,false,security_type=etf;symbol_not_4_digit
2025-09-23,00943,兆豐電子高息等權,listed,15.04,15.05,14.87,14.87,-0.12,-0.8005,324042,4853002,134,TWSE,etf,false,true,false,false,false,false,false,false,false,security_type=etf;symbol_not_4_digit
2025-09-23,00944,野村趨勢動能高息,listed,14.5,14.54,14.46,14.48,-0.04,-0.2755,1131601,16430834,285,TWSE,other,false,false,false,false,false,false,false,false,false,symbol_not_4_digit
2025-09-23,00945B,凱基美國非投等債,listed,14.03,14.03,13.99,14.01,-0.02,-0.1426,4447873,62301988,681,TWSE,bond_etf,false,true,true,true,false,false,false,false,false,security_type=bond_etf;symbol_not_4_digit
2025-09-23,00946,群益科技高息成長,listed,10.43,10.45,10.36,10.39,0.0,0.0,9547672,99502209,1883,TWSE,etf,false,true,false,false,false,false,false,false,false,security_type=etf;symbol_not_4_digit
2025-09-23,00947,台新臺灣IC設計,listed,15.76,15.79,15.62,15.69,0.03,0.1916,2998234,47022211,1741,TWSE,other,false,false,false,false,false,false,false,false,false,symbol_not_4_digit
2025-09-23,00949,復華日本龍頭,listed,17.43,17.44,17.35,17.37,0.06,0.3466,958954,16675553,463,TWSE,etf,false,true,false,false,false,false,false,false,false,security_type=etf;symbol_not_4_digit
2025-09-23,00951,台新日本半導體,listed,10.16,10.16,10.08,10.1,0.04,0.3976,8654718,87526875,972,TWSE,other,false,false,false,false,false,false,false,false,false,symbol_not_4_digit
2025-09-23,00952,凱基台灣AI50,listed,11.26,11.32,11.17,11.24,0.06,0.5367,4280892,48226062,813,TWSE,etf,false,true,false,false,false,false,false,false,false,security_type=etf;symbol_not_4_digit
2025-09-23,00953B,群益優選非投等債,listed,9.48,9.48,9.46,9.48,0.0,0.0,26737527,253333157,3912,TWSE,bond_etf,false,true,true,true,false,false,false,false,false,security_type=bond_etf;symbol_not_4_digit
2025-09-23,00954,中信日本半導體,listed,10.64,10.68,10.63,10.64,0.02,0.1883,2541464,27067853,401,TWSE,etf,false,true,false,false,false,false,false,false,false,security_type=etf;symbol_not_4_digit
2025-09-23,00956,中信日經高股息,listed,10.57,10.59,10.57,10.57,0.01,0.0947,301279,3186405,170,TWSE,etf,false,true,false,false,false,false,false,false,false,security_type=etf;symbol_not_4_digit
2025-09-23,00960,野村全球航運龍頭,listed,14.26,14.26,14.15,14.18,-0.08,-0.561,578729,8214804,441,TWSE,other,false,false,false,false,false,false,false,false,false,symbol_not_4_digit
2025-09-23,00961,FT臺灣永續高息,listed,9.43,9.44,9.38,9.39,-0.03,-0.3185,10180323,95771244,1114,TWSE,other,false,false,false,false,false,false,false,false,false,symbol_not_4_digit
2025-09-23,00962,台新AI優息動能,listed,10.65,10.76,10.65,10.69,0.05,0.4699,1170156,12509990,289,TWSE,other,false,false,false,false,false,false,false,false,false,symbol_not_4_digit
2025-09-23,00963,中信全球高股息,listed,10.63,10.63,10.58,10.59,-0.03,-0.2825,1736700,18399939,419,TWSE,etf,false,true,false,false,false,false,false,false,false,security_type=etf;symbol_not_4_digit
2025-09-23,00964,中信亞太高股息,listed,10.92,10.92,10.81,10.81,-0.07,-0.6434,568434,6173317,63,TWSE,etf,false,true,false,false,false,false,false,false,false,security_type=etf;symbol_not_4_digit
2025-09-23,00965,元大航太防衛科技,listed,21.8,21.84,21.75,21.79,0.08,0.3685,3266652,71168585,2178,TWSE,etf,false,true,false,false,false,false,false,false,false,security_type=etf;symbol_not_4_digit
2025-09-23,00971,野村美國研發龍頭,listed,16.1,16.11,16.07,16.09,0.06,0.3743,877746,14128238,409,TWSE,other,false,false,false,false,false,false,false,false,false,symbol_not_4_digit
2025-09-23,00972,野村日本動能高息,listed,16.54,16.59,16.53,16.56,0.0,0.0,171450,2839077,50,TWSE,other,false,false,false,false,false,false,false,false,false,symbol_not_4_digit
2025-09-23,009800,中信NASDAQ,listed,10.4,10.42,10.39,10.41,0.04,0.3857,2111187,21981625,883,TWSE,etf,false,true,false,false,false,false,false,false,false,security_type=etf;symbol_not_4_digit
2025-09-23,009801,中信美國創新科技,listed,10.85,10.86,10.83,10.84,0.08,0.7435,1422702,15434427,893,TWSE,etf,false,true,false,false,false,false,false,false,false,security_type=etf;symbol_not_4_digit
2025-09-23,009802,富邦旗艦50,listed,10.71,10.74,10.68,10.69,0.01,0.0936,5442840,58286546,848,TWSE,etf,false,true,false,false,false,false,false,false,false,security_type=etf;symbol_not_4_digit
2025-09-23,009803,玉山市值動能50,listed,11.94,12.01,11.88,11.99,0.17,1.4382,3224181,38497981,512,TWSE,other,false,false,false,false,false,false,false,false,false,symbol_not_4_digit
2025-09-23,009804,聯邦台精彩50,listed,13.3,13.41,13.28,13.36,0.15,1.1355,1318851,17594585,445,TWSE,other,false,false,false,false,false,false,false,false,false,symbol_not_4_digit
2025-09-23,009805,台新美國電力基建,listed,11.96,12.0,11.94,12.0,0.22,1.8676,12363898,147923216,2775,TWSE,other,false,false,false,false,false,false,false,false,false,symbol_not_4_digit
2025-09-23,009808,華南永昌優選50,listed,18.34,18.49,18.34,18.45,0.2,1.0959,1756968,32296391,124,TWSE,other,false,false,false,false,false,false,false,false,false,symbol_not_4_digit
2025-09-23,00980A,主動野村臺灣優選,listed,13.69,13.72,13.6,13.65,0.05,0.3676,8395347,114757443,1979,TWSE,etf,false,true,true,false,false,false,false,false,false,security_type=etf;symbol_not_4_digit
2025-09-23,009810,玉山全球藍籌100,listed,16.88,16.93,16.88,16.91,0.11,0.6548,509857,8624379,163,TWSE,other,false,false,false,false,false,false,false,false,false,symbol_not_4_digit
2025-09-23,009811,統一美國50,listed,11.07,11.07,11.05,11.06,0.06,0.5455,9317024,103066642,2237,TWSE,etf,false,true,false,false,false,false,false,false,false,security_type=etf;symbol_not_4_digit
2025-09-23,009812,野村日本東證,listed,10.03,10.05,10.02,10.04,0.02,0.1996,6132267,61569786,1254,TWSE,other,false,false,false,false,false,false,false,false,false,symbol_not_4_digit
2025-09-23,00981A,主動統一台股增長,listed,13.97,13.99,13.8,13.83,0.02,0.1448,69014591,958446854,10736,TWSE,etf,false,true,true,false,false,false,false,false,false,security_type=etf;symbol_not_4_digit
2025-09-23,00982A,主動群益台灣強棒,listed,13.17,13.2,13.04,13.08,0.09,0.6928,46273560,607328139,8139,TWSE,etf,false,true,true,false,false,false,false,false,false,security_type=etf;symbol_not_4_digit
2025-09-23,00983A,主動中信ARK創新,listed,12.41,12.41,12.37,12.37,-0.03,-0.2419,7533622,93296704,2477,TWSE,etf,false,true,true,false,false,false,false,false,false,security_type=etf;symbol_not_4_digit
2025-09-23,00984A,主動安聯台灣高息,listed,10.56,10.58,10.5,10.5,-0.02,-0.1901,6898363,72603958,1223,TWSE,etf,false,true,true,false,false,false,false,false,false,security_type=etf;symbol_not_4_digit
2025-09-23,00985A,主動野村台灣50,listed,11.52,11.57,11.45,11.52,0.12,1.0526,13511939,155599517,2804,TWSE,etf,false,true,true,false,false,false,false,false,false,security_type=etf;symbol_not_4_digit
2025-09-23,00985B,群益ESG投等債0-5,listed,9.89,9.89,9.86,9.88,-0.01,-0.1011,7714627,76187709,722,TWSE,bond_etf,false,true,true,true,false,false,false,false,false,security_type=bond_etf;symbol_not_4_digit
2025-09-23,00986A,主動台新龍頭成長,listed,10.71,10.71,10.66,10.69,0.01,0.0936,2859875,30571408,577,TWSE,etf,false,true,true,false,false,false,false,false,false,security_type=etf;symbol_not_4_digit
2025-09-23,01001T,土銀富邦R1,listed,12.58,12.58,12.58,12.58,0.0,0.0,7001,88073,6,TWSE,etf,false,true,true,false,false,false,false,false,false,security_type=etf;symbol_not_4_digit
2025-09-23,01002T,土銀國泰R1,listed,14.7,14.77,14.7,14.77,0.13,0.888,23007,338485,7,TWSE,etf,false,true,true,false,false,false,false,false,false,security_type=etf;symbol_not_4_digit
2025-09-23,01004T,土銀富邦R2,listed,11.31,11.38,11.28,11.38,-0.03,-0.2629,405502,4582980,38,TWSE,etf,false,true,true,false,false,false,false,false,false,security_type=etf;symbol_not_4_digit
2025-09-23,01007T,兆豐國泰R2,listed,14.18,14.25,14.18,14.25,-0.01,-0.0701,6002,85180,3,TWSE,etf,false,true,true,false,false,false,false,false,false,security_type=etf;symbol_not_4_digit
2025-09-23,01009T,王道圓滿R1,listed,7.07,7.14,7.07,7.13,0.01,0.1404,17684,125793,28,TWSE,warrant,false,false,true,false,false,false,false,false,false,security_type=warrant;symbol_not_4_digit
2025-09-23,01010T,京城樂富R1,listed,10.02,10.02,10.01,10.01,-0.01,-0.0998,60003,601130,5,TWSE,warrant,false,false,true,false,false,false,false,false,false,security_type=warrant;symbol_not_4_digit
2025-09-23,020000,富邦特選蘋果N,listed,,,,,0.0,,0,0,0,TWSE,etf,false,true,false,false,false,false,false,false,false,security_type=etf;symbol_not_4_digit;invalid_close;invalid_volume;invalid_turnover
2025-09-23,020011,統一微波高息20N,listed,,,,,0.0,,0,0,0,TWSE,etf,false,true,false,false,false,false,false,false,false,security_type=etf;symbol_not_4_digit;invalid_close;invalid_volume;invalid_turnover
2025-09-23,020012,富邦行動通訊N,listed,,,,,0.0,,0,0,0,TWSE,etf,false,true,false,false,false,false,false,false,false,security_type=etf;symbol_not_4_digit;invalid_close;invalid_volume;invalid_turnover
2025-09-23,02001L,富邦蘋果正二N,listed,41.19,41.55,41.05,41.22,0.53,1.3025,150000,6206640,45,TWSE,etf,false,true,true,false,false,false,false,false,false,security_type=etf;symbol_not_4_digit
2025-09-23,02001R,富邦蘋果反一N,listed,0.98,0.98,0.97,0.97,-0.02,-2.0202,161000,156480,9,TWSE,etf,false,true,true,false,false,false,false,false,false,security_type=etf;symbol_not_4_digit
2025-09-23,02001S,策元大加權策略N,listed,,,,,0.0,,0,0,0,TWSE,etf,false,true,true,false,false,false,false,false,false,security_type=etf;symbol_not_4_digit;invalid_close;invalid_volume;invalid_turnover
2025-09-23,020020,元大台股領航N,listed,14.49,14.51,14.48,14.49,0.08,0.5552,46000,666790,11,TWSE,etf,false,true,false,false,false,false,false,false,false,security_type=etf;symbol_not_4_digit
2025-09-23,020028,元大特選電動車N,listed,12.15,12.2,12.15,12.2,0.14,1.1609,93000,1131500,9,TWSE,etf,false,true,false,false,false,false,false,false,false,security_type=etf;symbol_not_4_digit
2025-09-23,020029,元大ESG高股息N,listed,9.6,9.6,9.54,9.58,-0.02,-0.2083,75000,716790,10,TWSE,etf,false,true,false,false,false,false,false,false,false,security_type=etf;symbol_not_4_digit
2025-09-23,020030,統一智慧電動車N,listed,8.0,8.01,7.99,7.99,0.06,0.7566,17000,136030,8,TWSE,etf,false,true,false,false,false,false,false,false,false,security_type=etf;symbol_not_4_digit
2025-09-23,020031,統一IC設計臺灣N,listed,6.36,6.36,6.36,6.36,0.0,0.0,1000,6360,1,TWSE,etf,false,true,false,false,false,false,false,false,false,security_type=etf;symbol_not_4_digit
2025-09-23,020032,元大綠能N,listed,7.35,7.35,7.34,7.34,-0.01,-0.1361,11000,80770,9,TWSE,etf,false,true,false,false,false,false,false,false,false,security_type=etf;symbol_not_4_digit
2025-09-23,020034,元大IC設計N,listed,7.69,7.69,7.61,7.61,-0.12,-1.5524,38000,290560,11,TWSE,etf,false,true,false,false,false,false,false,false,false,security_type=etf;symbol_not_4_digit
2025-09-23,020036,元大金融配息N,listed,,,,,0.0,,0,0,0,TWSE,etf,false,true,false,false,false,false,false,false,false,security_type=etf;symbol_not_4_digit;invalid_close;invalid_volume;invalid_turnover
2025-09-23,020037,元大金融高股息N,listed,7.69,7.74,7.69,7.74,0.0,0.0,3000,23170,2,TWSE,etf,false,true,false,false,false,false,false,false,false,security_type=etf;symbol_not_4_digit
2025-09-23,020038,元大ESG配息N,listed,7.92,7.93,7.9,7.9,-0.03,-0.3783,9000,71230,7,TWSE,etf,false,true,false,false,false,false,false,false,false,security_type=etf;symbol_not_4_digit
2025-09-23,020039,元大加權N,listed,8.22,8.28,8.22,8.27,0.12,1.4724,27000,222900,15,TWSE,etf,false,true,false,false,false,false,false,false,false,security_type=etf;symbol_not_4_digit
2025-09-23,1101,台泥,listed,24.05,24.05,23.5,23.75,-0.85,-3.4553,66096545,1571012503,23423,TWSE,common_stock,true,false,false,false,false,false,false,false,true,
2025-09-23,1101B,台泥乙特,listed,45.45,45.65,45.45,45.65,0.1,0.2195,9369,426600,16,TWSE,warrant,false,false,true,false,false,false,false,false,false,security_type=warrant;symbol_not_4_digit
2025-09-23,1102,亞泥,listed,37.2,37.25,36.65,36.85,-0.2,-0.5398,5949084,219221559,3062,TWSE,common_stock,true,false,false,false,false,false,false,false,true,
2025-09-23,1103,嘉泥,listed,13.6,13.6,13.45,13.5,-0.1,-0.7353,317531,4286232,275,TWSE,common_stock,true,false,false,false,false,false,false,false,true,
2025-09-23,1104,環泥,listed,29.75,29.95,29.7,29.8,-0.05,-0.1675,886793,26404577,613,TWSE,common_stock,true,false,false,false,false,false,false,false,true,
2025-09-23,1108,幸福,listed,15.15,15.15,15.0,15.05,0.0,0.0,70231,1056817,51,TWSE,common_stock,true,false,false,false,false,false,false,false,true,
2025-09-23,1109,信大,listed,15.75,15.8,15.65,15.7,-0.1,-0.6329,146558,2303890,83,TWSE,common_stock,true,false,false,false,false,false,false,false,true,
2025-09-23,1110,東泥,listed,17.05,17.15,16.85,16.95,-0.15,-0.8772,131571,2230145,97,TWSE,common_stock,true,false,false,false,false,false,false,false,true,
2025-09-23,1201,味全,listed,15.5,15.5,15.4,15.45,-0.05,-0.3226,202905,3137808,231,TWSE,common_stock,true,false,false,false,false,false,false,false,true,
2025-09-23,1203,味王,listed,39.35,40.05,39.35,40.05,0.15,0.3759,39088,1558282,75,TWSE,common_stock,true,false,false,false,false,false,false,false,true,
2025-09-23,1210,大成,listed,52.6,52.6,51.8,52.0,-0.7,-1.3283,2318487,120809461,2655,TWSE,common_stock,true,false,false,false,false,false,false,false,true,
2025-09-23,1213,大飲,listed,12.2,12.2,12.05,12.05,-0.1,-0.823,15041,181897,15,TWSE,common_stock,true,false,false,false,false,false,false,false,true,
2025-09-23,1215,卜蜂,listed,133.5,135.0,132.5,134.0,0.5,0.3745,737415,98630114,1056,TWSE,common_stock,true,false,false,false,false,false,false,false,true,
2025-09-23,1216,統一,listed,78.2,78.5,78.2,78.4,-0.2,-0.2545,8343420,653545158,3136,TWSE,etf,false,true,false,false,false,false,false,false,false,security_type=etf
2025-09-23,1217,愛之味,listed,10.7,10.7,10.6,10.6,-0.05,-0.4695,547057,5815214,366,TWSE,common_stock,true,false,false,false,false,false,false,false,true,
2025-09-23,1218,泰山,listed,19.05,19.05,18.9,19.0,-0.1,-0.5236,405240,7690863,278,TWSE,common_stock,true,false,false,false,false,false,false,false,true,
2025-09-23,1219,福壽,listed,13.4,13.4,13.3,13.35,-0.05,-0.3731,215128,2870555,175,TWSE,common_stock,true,false,false,false,false,false,false,false,true,
2025-09-23,1220,台榮,listed,13.05,13.05,12.85,12.85,-0.15,-1.1538,95920,1236508,99,TWSE,common_stock,true,false,false,false,false,false,false,false,true,
2025-09-23,1225,福懋油,listed,32.0,32.6,31.5,31.65,-0.25,-0.7837,1538100,48878084,442,TWSE,common_stock,true,false,false,false,false,false,false,false,true,
2025-09-23,1227,佳格,listed,30.15,30.15,30.0,30.1,-0.1,-0.3311,753892,22665247,727,TWSE,common_stock,true,false,false,false,false,false,false,false,true,
2025-09-23,1229,聯華,listed,49.6,49.6,48.15,48.6,-0.8,-1.6194,1908896,93023934,7073,TWSE,common_stock,true,false,false,false,false,false,false,false,true,
2025-09-23,1231,聯華食,listed,130.0,130.5,127.5,128.5,-2.0,-1.5326,639463,82179698,2022,TWSE,common_stock,true,false,false,false,false,false,false,false,true,
2025-09-23,1232,大統益,listed,147.0,147.5,147.0,147.5,0.5,0.3401,41166,6064665,150,TWSE,common_stock,true,false,false,false,false,false,false,false,true,
2025-09-23,1233,天仁,listed,30.8,30.8,30.6,30.65,-0.05,-0.1629,17204,528477,25,TWSE,common_stock,true,false,false,false,false,false,false,false,true,
2025-09-23,1234,黑松,listed,38.35,38.5,38.25,38.25,-0.15,-0.3906,170525,6529131,200,TWSE,common_stock,true,false,false,false,false,false,false,false,true,
2025-09-23,1235,興泰,listed,64.3,64.4,62.0,62.6,0.0,0.0,22566,1416788,82,TWSE,common_stock,true,false,false,false,false,false,false,false,true,
2025-09-23,1236,宏亞,listed,23.8,24.0,23.75,23.95,0.15,0.6303,50346,1203265,103,TWSE,common_stock,true,false,false,false,false,false,false,false,true,
2025-09-23,1256,鮮活果汁-KY,listed,175.5,175.5,169.5,171.5,-2.5,-1.4368,42636,7294207,425,TWSE,common_stock,true,false,false,false,false,false,false,false,true,
2025-09-23,1301,台塑,listed,38.75,39.2,38.5,38.6,-0.05,-0.1294,11586075,449526521,7374,TWSE,common_stock,true,false,false,false,false,false,false,false,true,
2025-09-23,1303,南亞,listed,40.75,42.45,39.8,39.8,-0.75,-1.8496,130969991,5372811783,58778,TWSE,common_stock,true,false,false,false,false,false,false,false,true,
2025-09-23,1304,台聚,listed,10.25,10.45,10.2,10.2,-0.05,-0.4878,1399868,14406524,719,TWSE,common_stock,true,false,false,false,false,false,false,false,true,
2025-09-23,1305,華夏,listed,11.5,11.65,11.45,11.55,0.05,0.4348,777804,8963801,347,TWSE,common_stock,true,false,false,false,false,false,false,false,true,
2025-09-23,1307,三芳,listed,30.5,30.6,30.1,30.3,-0.1,-0.3289,457959,13870527,276,TWSE,common_stock,true,false,false,false,false,false,false,false,true,
2025-09-23,1308,亞聚,listed,11.85,11.9,11.7,11.75,-0.1,-0.8439,922849,10896661,409,TWSE,common_stock,true,false,false,false,false,false,false,false,true,
2025-09-23,1309,台達化,listed,10.85,11.0,10.75,10.8,-0.05,-0.4608,443689,4810230,365,TWSE,common_stock,true,false,false,false,false,false,false,false,true,
2025-09-23,1310,台苯,listed,8.58,8.7,8.58,8.65,0.07,0.8159,597957,5174740,359,TWSE,common_stock,true,false,false,false,false,false,false,false,true,
2025-09-23,1312,國喬,listed,9.4,9.57,9.37,9.51,0.11,1.1702,4934954,46738065,1616,TWSE,common_stock,true,false,false,false,false,false,false,false,true,
2025-09-23,1312A,國喬特,listed,21.3,21.3,21.3,21.3,0.0,0.0,1000,21300,1,TWSE,warrant,false,false,true,false,false,false,false,false,false,security_type=warrant;symbol_not_4_digit
2025-09-23,1313,聯成,listed,10.3,10.95,10.3,10.55,0.4,3.9409,7307403,78033990,2809,TWSE,common_stock,true,false,false,false,false,false,false,false,true,
2025-09-23,1314,中石化,listed,7.35,7.38,7.26,7.26,-0.07,-0.955,9410716,68575574,2534,TWSE,common_stock,true,false,false,false,false,false,false,false,true,
2025-09-23,1315,達新,listed,63.9,64.2,63.9,64.1,-0.1,-0.1558,12318,789414,21,TWSE,common_stock,true,false,false,false,false,false,false,false,true,
2025-09-23,1316,上曜,listed,14.5,15.1,14.35,14.85,0.4,2.7682,9844794,145721598,4026,TWSE,common_stock,true,false,false,false,false,false,false,false,true,
2025-09-23,1319,東陽,listed,96.0,96.1,94.1,94.1,-1.5,-1.569,2980363,282465694,2952,TWSE,common_stock,true,false,false,false,false,false,false,false,true,
2025-09-23,1321,大洋,listed,36.55,36.65,36.2,36.55,0.0,0.0,127001,4624086,70,TWSE,common_stock,true,false,false,false,false,false,false,false,true,
2025-09-23,1323,永裕,listed,19.8,19.8,19.7,19.8,0.0,0.0,16168,319215,26,TWSE,common_stock,true,false,false,false,false,false,false,false,true,
2025-09-23,1324,地球,listed,11.15,11.3,11.1,11.15,0.0,0.0,75452,844811,78,TWSE,common_stock,true,false,false,false,false,false,false,false,true,
2025-09-23,1325,恆大,listed,29.5,29.5,29.0,29.3,-0.1,-0.3401,340128,9922991,323,TWSE,common_stock,true,false,false,false,false,false,false,false,true,
2025-09-23,1326,台化,listed,29.1,29.45,28.85,28.95,-0.15,-0.5155,9296538,270730089,4698,TWSE,common_stock,true,false,false,false,false,false,false,false,true,
2025-09-23,1337,再生-KY,listed,5.01,5.04,4.94,4.99,0.06,1.217,510498,2538294,294,TWSE,common_stock,true,false,false,false,false,false,false,false,true,
2025-09-23,1338,廣華-KY,listed,22.25,22.3,22.05,22.15,-0.05,-0.2252,91088,2020455,64,TWSE,common_stock,true,false,false,false,false,false,false,false,true,
2025-09-23,1339,昭輝,listed,42.65,42.7,42.3,42.35,-0.65,-1.5116,46255,1965993,411,TWSE,common_stock,true,false,false,false,false,false,false,false,true,
2025-09-23,1340,勝悅-KY,listed,8.1,8.57,8.0,8.13,0.32,4.0973,2905144,23873607,1645,TWSE,common_stock,true,false,false,false,false,false,false,false,true,
2025-09-23,1341,富林-KY,listed,57.9,60.0,57.9,58.4,-1.6,-2.6667,5003,293273,8,TWSE,common_stock,true,false,false,false,false,false,false,false,true,
2025-09-23,1342,八貫,listed,85.5,85.8,84.8,85.1,-0.4,-0.4678,169098,14405034,577,TWSE,common_stock,true,false,false,false,false,false,false,false,true,
2025-09-23,1402,遠東新,listed,27.85,28.1,27.8,27.8,-0.15,-0.5367,5036635,140518989,2461,TWSE,common_stock,true,false,false,false,false,false,false,false,true,
2025-09-23,1409,新纖,listed,14.55,14.55,14.15,14.2,-0.2,-1.3889,6013371,85767394,2145,TWSE,common_stock,true,false,false,false,false,false,false,false,true,
2025-09-23,1410,南染,listed,34.85,35.4,34.55,34.55,-0.35,-1.0029,34012,1181720,25,TWSE,common_stock,true,false,false,false,false,false,false,false,true,
2025-09-23,1413,宏洲,listed,11.2,11.2,10.75,10.8,0.0,0.0,9621,104799,25,TWSE,common_stock,true,false,false,false,false,false,false,false,true,
2025-09-23,1414,東和,listed,18.7,18.95,18.45,18.9,0.3,1.6129,629304,11760757,347,TWSE,common_stock,true,false,false,false,false,false,false,false,true,
2025-09-23,1416,廣豐,listed,11.25,11.25,11.15,11.2,0.0,0.0,129269,1446716,122,TWSE,common_stock,true,false,false,false,false,false,false,false,true,
2025-09-23,1417,嘉裕,listed,8.3,8.3,8.22,8.25,-0.05,-0.6024,54258,447226,68,TWSE,common_stock,true,false,false,false,false,false,false,false,true,
2025-09-23,1418,東華,listed,21.55,21.55,20.85,20.85,-0.1,-0.4773,13010,272806,20,TWSE,common_stock,true,false,false,false,false,false,false,false,true,
2025-09-23,1419,新紡,listed,55.0,56.1,54.5,55.8,0.8,1.4545,418703,23235500,382,TWSE,common_stock,true,false,false,false,false,false,false,false,true,
2025-09-23,1423,利華,listed,38.0,38.0,38.0,38.0,0.0,0.0,8184,310986,20,TWSE,common_stock,true,false,false,false,false,false,false,false,true,
2025-09-23,1432,大魯閣,listed,17.45,17.55,17.45,17.5,0.05,0.2865,68619,1200548,175,TWSE,common_stock,true,false,false,false,false,false,false,false,true,
2025-09-23,1434,福懋,listed,15.15,15.3,15.0,15.15,0.0,0.0,1451751,21986421,899,TWSE,common_stock,true,false,false,false,false,false,false,false,true,
2025-09-23,1435,中福,listed,25.05,26.0,25.05,26.0,0.0,0.0,4631,117805,19,TWSE,common_stock,true,false,false,false,false,false,false,false,true,
2025-09-23,1436,華友聯,listed,73.6,73.8,72.9,73.2,-0.7,-0.9472,212646,15588216,245,TWSE,common_stock,true,false,false,false,false,false,false,false,true,
2025-09-23,1437,勤益控,listed,31.2,31.45,31.15,31.15,-0.3,-0.9539,118250,3688961,121,TWSE,common_stock,true,false,false,false,false,false,false,false,true,
2025-09-23,1438,三地開發,listed,37.5,37.65,37.5,37.55,-0.1,-0.2656,29330,1102167,57,TWSE,common_stock,true,false,false,false,false,false,false,false,true,
2025-09-23,1439,雋揚,listed,28.85,28.95,28.7,28.85,-0.1,-0.3454,13040,375500,12,TWSE,common_stock,true,false,false,false,false,false,false,false,true,
2025-09-23,1440,南紡,listed,13.8,13.85,13.65,13.7,-0.15,-1.083,1275981,17488860,538,TWSE,common_stock,true,false,false,false,false,false,false,false,true,
2025-09-23,1441,大東,listed,11.25,11.3,11.15,11.15,-0.1,-0.8889,27484,308617,73,TWSE,common_stock,true,false,false,false,false,false,false,false,true,
2025-09-23,1442,名軒,listed,45.25,45.35,43.75,44.6,-0.75,-1.6538,1346027,59875067,1022,TWSE,common_stock,true,false,false,false,false,false,false,false,true,
2025-09-23,1443,立益物流,listed,28.55,28.55,28.5,28.5,-0.05,-0.1751,8814,251275,16,TWSE,common_stock,true,false,false,false,false,false,false,false,true,
2025-09-23,1444,力麗,listed,6.62,6.63,6.52,6.53,-0.11,-1.6566,716858,4702488,511,TWSE,common_stock,true,false,false,false,false,false,false,false,true,
2025-09-23,1445,大宇,listed,15.1,15.3,15.0,15.1,0.0,0.0,109197,1648354,42,TWSE,common_stock,true,false,false,false,false,false,false,false,true,
2025-09-23,1446,宏和,listed,20.15,20.15,19.85,20.0,-0.05,-0.2494,225090,4490305,146,TWSE,common_stock,true,false,false,false,false,false,false,false,true,
2025-09-23,1447,力鵬,listed,5.88,5.88,5.77,5.78,-0.1,-1.7007,444406,2585158,254,TWSE,common_stock,true,false,false,false,false,false,false,false,true,
2025-09-23,1449,佳和,listed,11.75,11.75,11.55,11.6,-0.1,-0.8547,400970,4655285,239,TWSE,common_stock,true,false,false,false,false,false,false,false,true,
2025-09-23,1451,年興,listed,17.85,17.85,17.65,17.75,-0.05,-0.2809,96692,1712413,84,TWSE,common_stock,true,false,false,false,false,false,false,false,true,
2025-09-23,1452,宏益,listed,13.95,14.05,13.8,13.9,-0.05,-0.3584,106636,1485449,91,TWSE,common_stock,true,false,false,false,false,false,false,false,true,
2025-09-23,1453,大將,listed,13.55,13.8,13.55,13.65,0.0,0.0,31306,428809,50,TWSE,common_stock,true,false,false,false,false,false,false,false,true,
2025-09-23,1454,台富,listed,14.25,14.25,14.0,14.1,-0.25,-1.7422,65635,928028,244,TWSE,common_stock,true,false,false,false,false,false,false,false,true,
2025-09-23,1455,集盛,listed,8.99,9.0,8.93,8.96,-0.03,-0.3337,434792,3893014,251,TWSE,common_stock,true,false,false,false,false,false,false,false,true,
2025-09-23,1456,怡華,listed,12.0,12.3,12.0,12.3,0.15,1.2346,29675,362093,36,TWSE,common_stock,true,false,false,false,false,false,false,false,true,
2025-09-23,1457,宜進,listed,16.55,16.55,16.2,16.35,-0.15,-0.9091,170230,2775857,114,TWSE,common_stock,true,false,false,false,false,false,false,false,true,
2025-09-23,1459,聯發,listed,11.6,11.65,11.5,11.65,0.0,0.0,108662,1257261,90,TWSE,common_stock,true,false,false,false,false,false,false,false,true,
2025-09-23,1460,宏遠,listed,5.93,5.93,5.65,5.85,-0.06,-1.0152,1253664,7294716,484,TWSE,common_stock,true,false,false,false,false,false,false,false,true,
2025-09-23,1463,強盛新,listed,19.45,19.6,19.4,19.5,0.0,0.0,40369,787030,50,TWSE,common_stock,true,false,false,false,false,false,false,false,true,
2025-09-23,1464,得力,listed,11.0,11.05,10.9,11.0,0.05,0.4566,302473,3318332,371,TWSE,common_stock,true,false,false,false,false,false,false,false,true,
2025-09-23,1465,偉全,listed,13.1,13.2,13.1,13.2,-0.05,-0.3774,42876,563920,62,TWSE,common_stock,true,false,false,false,false,false,false,false,true,
2025-09-23,1466,聚隆,listed,17.85,17.9,17.05,17.2,-0.5,-2.8249,760349,13201339,496,TWSE,common_stock,true,false,false,false,false,false,false,false,true,
2025-09-23,1467,南緯,listed,7.57,7.57,7.48,7.5,-0.02,-0.266,79151,594071,58,TWSE,common_stock,true,false,false,false,false,false,false,false,true,
2025-09-23,1468,昶和,listed,13.4,13.4,12.9,13.3,-0.1,-0.7463,70019,914995,54,TWSE,common_stock,true,false,false,false,false,false,false,false,true,
2025-09-23,1470,大統新創,listed,21.6,22.3,21.6,22.3,0.0,0.0,15718,347055,18,TWSE,common_stock,true,false,false,false,false,false,false,false,true,
2025-09-23,1471,首利,listed,9.89,9.89,9.72,9.75,-0.05,-0.5102,177932,1733872,143,TWSE,common_stock,true,false,false,false,false,false,false,false,true,
2025-09-23,1472,三洋實業,listed,91.0,91.0,90.7,90.8,-0.2,-0.2198,71043,6449771,53,TWSE,common_stock,true,false,false,false,false,false,false,false,true,
2025-09-23,1473,台南,listed,24.8,25.15,24.8,24.95,-0.2,-0.7952,138268,3441197,147,TWSE,common_stock,true,false,false,false,false,false,false,false,true,
2025-09-23,1474,弘裕,listed,12.05,12.2,11.8,12.2,0.1,0.8264,362642,4325365,356,TWSE,common_stock,true,false,false,false,false,false,false,false,true,
2025-09-23,1475,業旺,listed,33.65,33.65,33.45,33.45,-0.2,-0.5944,22220,745041,64,TWSE,common_stock,true,false,false,false,false,false,false,false,true,
2025-09-23,1476,儒鴻,listed,437.5,438.0,427.5,431.5,-6.0,-1.3714,674371,290866607,2314,TWSE,common_stock,true,false,false,false,false,false,false,false,true,
2025-09-23,1477,聚陽,listed,294.0,296.0,291.0,294.0,0.0,0.0,942957,277530422,1143,TWSE,common_stock,true,false,false,false,false,false,false,false,true,
2025-09-23,1503,士電,listed,184.5,185.0,181.5,183.0,-1.5,-0.813,1122115,205106377,1643,TWSE,common_stock,true,false,false,false,false,false,false,false,true,
2025-09-23,1504,東元,listed,88.0,94.0,87.8,94.0,8.5,9.9415,124482074,11529738022,55033,TWSE,common_stock,true,false,false,false,false,false,false,false,true,
2025-09-23,1506,正道,listed,13.15,13.3,13.0,13.2,0.05,0.3802,235664,3076669,101,TWSE,common_stock,true,false,false,false,false,false,false,false,true,
2025-09-23,1512,瑞利,listed,8.93,8.93,8.4,8.42,0.06,0.7177,135533,1159552,88,TWSE,common_stock,true,false,false,false,false,false,false,false,true,
2025-09-23,1513,中興電,listed,161.0,161.5,159.0,159.0,-1.0,-0.625,3110608,496397692,3488,TWSE,common_stock,true,false,false,false,false,false,false,false,true,
2025-09-23,1514,亞力,listed,103.5,103.5,102.0,102.5,-1.0,-0.9662,1200560,123263163,1245,TWSE,common_stock,true,false,false,false,false,false,false,false,true,
2025-09-23,1515,力山,listed,29.75,29.8,29.0,29.0,-0.75,-2.521,655614,19215515,410,TWSE,common_stock,true,false,false,false,false,false,false,false,true,
2025-09-23,1516,川飛,listed,15.35,15.4,15.3,15.4,-0.1,-0.6452,51281,789150,47,TWSE,common_stock,true,false,false,false,false,false,false,false,true,
2025-09-23,1517,利奇,listed,10.75,10.9,10.65,10.8,0.05,0.4651,439276,4745558,262,TWSE,common_stock,true,false,false,false,false,false,false,false,true,
2025-09-23,1519,華城,listed,589.0,594.0,582.0,586.0,-1.0,-0.1704,1114157,655052250,3218,TWSE,common_stock,true,false,false,false,false,false,false,false,true,
2025-09-23,1521,大億,listed,25.75,25.8,25.45,25.5,-0.15,-0.5848,29725,760436,44,TWSE,common_stock,true,false,false,false,false,false,false,false,true,
2025-09-23,1522,堤維西,listed,43.65,43.8,42.7,43.0,-0.4,-0.9217,877940,37801550,1312,TWSE,common_stock,true,false,false,false,false,false,false,false,true,
2025-09-23,1522A,堤維西甲特,listed,48.7,48.7,48.7,48.7,0.3,0.6198,2907,141138,7,TWSE,warrant,false,false,true,false,false,false,false,false,false,security_type=warrant;symbol_not_4_digit
2025-09-23,1524,耿鼎,listed,28.95,29.0,28.6,28.6,-0.3,-1.0381,743277,21331078,549,TWSE,common_stock,true,false,false,false,false,false,false,false,true,
2025-09-23,1525,江申,listed,69.1,69.8,69.1,69.8,0.7,1.013,4016,278917,6,TWSE,common_stock,true,false,false,false,false,false,false,false,true,
2025-09-23,1526,日馳,listed,17.4,17.4,17.1,17.25,-0.25,-1.4286,62615,1083528,72,TWSE,common_stock,true,false,false,false,false,false,false,false,true,
2025-09-23,1527,鑽全,listed,32.9,32.95,32.65,32.85,-0.2,-0.6051,163417,5352018,182,TWSE,common_stock,true,false,false,false,false,false,false,false,true,
2025-09-23,1528,恩德,listed,16.3,16.65,16.0,16.05,-0.15,-0.9259,3182571,51500248,1399,TWSE,common_stock,true,false,false,false,false,false,false,false,true,
2025-09-23,1529,樂事綠能,listed,23.5,23.6,23.0,23.2,-0.2,-0.8547,410402,9524768,333,TWSE,common_stock,true,false,false,false,false,false,false,false,true,
2025-09-23,1530,亞崴,listed,27.85,28.05,27.85,28.05,0.1,0.3578,6234,174653,47,TWSE,common_stock,true,false,false,false,false,false,false,false,true,
2025-09-23,1531,高林股,listed,11.7,11.7,11.5,11.55,-0.15,-1.2821,132350,1534645,165,TWSE,common_stock,true,false,false,false,false,false,false,false,true,
2025-09-23,1532,勤美,listed,27.15,27.25,26.75,26.9,-0.3,-1.1029,622061,16739558,573,TWSE,common_stock,true,false,false,false,false,false,false,false,true,
2025-09-23,1533,車王電,listed,32.3,32.75,32.0,32.15,-0.15,-0.4644,93214,3015888,124,TWSE,common_stock,true,false,false,false,false,false,false,false,true,
2025-09-23,1535,中宇,listed,55.1,55.4,54.8,55.3,0.0,0.0,54509,3009271,46,TWSE,common_stock,true,false,false,false,false,false,false,false,true,
2025-09-23,1536,和大,listed,66.5,66.8,65.2,65.3,-0.8,-1.2103,2707968,177908166,2547,TWSE,common_stock,true,false,false,false,false,false,false,false,true,
2025-09-23,1537,廣隆,listed,129.0,129.0,128.5,129.0,1.0,0.7812,79111,10183117,130,TWSE,common_stock,true,false,false,false,false,false,false,false,true,
2025-09-23,1538,正峰,listed,26.7,29.3,26.7,26.7,0.0,0.0,5214,144199,9,TWSE,common_stock,true,false,false,false,false,false,false,false,true,
2025-09-23,1539,巨庭,listed,18.3,18.3,18.0,18.0,-0.2,-1.0989,80933,1461441,73,TWSE,common_stock,true,false,false,false,false,false,false,false,true,
2025-09-23,1540,喬福,listed,25.8,25.8,25.3,25.45,-0.1,-0.3914,246355,6290159,210,TWSE,common_stock,true,false,false,false,false,false,false,false,true,
2025-09-23,1541,錩泰,listed,25.65,26.3,25.1,25.85,-0.5,-1.8975,50051,1297761,40,TWSE,common_stock,true,false,false,false,false,false,false,false,true,
2025-09-23,1558,伸興,listed,91.3,91.3,90.5,90.8,-0.5,-0.5476,94162,8549401,186,TWSE,common_stock,true,false,false,false,false,false,false,false,true,
2025-09-23,1560,中砂,listed,336.5,347.0,336.0,339.0,6.0,1.8018,5853576,1997326456,6776,TWSE,common_stock,true,false,false,false,false,false,false,false,true,
2025-09-23,1563,巧新,listed,50.0,50.0,49.35,49.4,-0.6,-1.2,363090,18004250,286,TWSE,common_stock,true,false,false,false,false,false,false,false,true,
2025-09-23,1568,倉佑,listed,23.5,23.65,23.45,23.55,-0.05,-0.2119,31491,740453,49,TWSE,common_stock,true,false,false,false,false,false,false,false,true,
2025-09-23,1582,信錦,listed,70.0,70.1,69.1,69.4,-0.6,-0.8571,399924,27814475,1007,TWSE,common_stock,true,false,false,false,false,false,false,false,true,
2025-09-23,1583,程泰,listed,50.4,50.4,50.2,50.4,0.0,0.0,9894,498524,50,TWSE,common_stock,true,false,false,false,false,false,false,false,true,
2025-09-23,1587,吉茂,listed,41.8,44.25,40.0,43.9,1.9,4.5238,3434129,146048632,3314,TWSE,common_stock,true,false,false,false,false,false,false,false,true,
2025-09-23,1589,永冠-KY,listed,21.25,22.0,21.1,21.2,-0.35,-1.6241,1788541,38448724,1251,TWSE,common_stock,true,false,false,false,false,false,false,false,true,
2025-09-23,1590,亞德客-KY,listed,770.0,777.0,763.0,765.0,0.0,0.0,1011436,778697611,2058,TWSE,common_stock,true,false,false,false,false,false,false,false,true,
2025-09-23,1597,直得,listed,82.5,83.0,81.3,81.3,-0.7,-0.8537,322667,26408909,501,TWSE,common_stock,true,false,false,false,false,false,false,false,true,
2025-09-23,1598,岱宇,listed,23.2,23.2,22.0,22.6,-0.4,-1.7391,521207,11790312,331,TWSE,common_stock,true,false,false,false,false,false,false,false,true,
2025-09-23,1603,華電,listed,39.0,40.0,38.95,39.9,0.75,1.9157,588560,23357468,481,TWSE,common_stock,true,false,false,false,false,false,false,false,true,
2025-09-23,1604,聲寶,listed,24.75,24.9,24.7,24.75,-0.05,-0.2016,132634,3283725,173,TWSE,common_stock,true,false,false,false,false,false,false,false,true,
2025-09-23,1605,華新,listed,24.5,24.7,23.7,24.05,-0.4,-1.636,40280701,973576455,13726,TWSE,common_stock,true,false,false,false,false,false,false,false,true,
2025-09-23,1608,華榮,listed,30.25,30.3,29.65,29.7,-0.4,-1.3289,1731766,51794270,1069,TWSE,common_stock,true,false,false,false,false,false,false,false,true,
2025-09-23,1609,大亞,listed,40.1,40.35,39.5,39.85,-0.05,-0.1253,4384115,174889662,3564,TWSE,common_stock,true,false,false,false,false,false,false,false,true,
2025-09-23,1611,中電,listed,12.95,12.95,12.7,12.8,-0.1,-0.7752,500475,6395940,386,TWSE,common_stock,true,false,false,false,false,false,false,false,true,
2025-09-23,1612,宏泰,listed,36.3,36.5,36.0,36.25,0.05,0.1381,753754,27325314,489,TWSE,common_stock,true,false,false,false,false,false,false,false,true,
2025-09-23,1614,三洋電,listed,37.05,37.7,37.05,37.1,-0.05,-0.1346,29700,1103994,29,TWSE,common_stock,true,false,false,false,false,false,false,false,true,
2025-09-23,1615,大山,listed,49.1,49.3,47.65,48.05,-1.4,-2.8311,451762,21749761,511,TWSE,common_stock,true,false,false,false,false,false,false,false,true,
2025-09-23,1616,億泰,listed,35.0,35.1,34.25,34.8,-0.15,-0.4292,1886808,65431486,1345,TWSE,common_stock,true,false,false,false,false,false,false,false,true,
2025-09-23,1617,榮星,listed,14.65,14.65,14.45,14.5,-0.15,-1.0239,131717,1913305,160,TWSE,common_stock,true,false,false,false,false,false,false,false,true,
2025-09-23,1618,合機,listed,46.9,47.15,46.2,46.95,0.25,0.5353,994132,46452729,761,TWSE,common_stock,true,false,false,false,false,false,false,false,true,
2025-09-23,1626,艾美特-KY,listed,11.85,11.95,11.85,11.85,0.0,0.0,32517,386465,49,TWSE,common_stock,true,false,false,false,false,false,false,false,true,
2025-09-23,1702,南僑,listed,40.4,40.75,40.3,40.3,-0.1,-0.2475,303203,12233487,362,TWSE,common_stock,true,false,false,false,false,false,false,false,true,
2025-09-23,1707,葡萄王,listed,128.5,130.0,128.5,128.5,0.0,0.0,114129,14710639,196,TWSE,common_stock,true,false,false,false,false,false,false,false,true,
2025-09-23,1708,東鹼,listed,30.5,30.6,30.4,30.45,-0.05,-0.1639,548433,16714570,465,TWSE,common_stock,true,false,false,false,false,false,false,false,true,
2025-09-23,1709,和益,listed,16.25,16.3,16.15,16.2,-0.05,-0.3077,361856,5864536,351,TWSE,common_stock,true,false,false,false,false,false,false,false,true,
2025-09-23,1710,東聯,listed,12.3,12.4,12.15,12.3,0.0,0.0,899456,11038930,405,TWSE,common_stock,true,false,false,false,false,false,false,false,true,
2025-09-23,1711,永光,listed,19.7,19.75,19.2,19.2,-0.4,-2.0408,4121328,79781562,1923,TWSE,common_stock,true,false,false,false,false,false,false,false,true,
2025-09-23,1712,興農,listed,42.95,44.0,42.8,43.6,0.65,1.5134,1026502,44713574,899,TWSE,common_stock,true,false,false,false,false,false,false,false,true,
2025-09-23,1713,國化,listed,48.65,49.4,48.65,49.05,0.4,0.8222,272934,13402707,232,TWSE,common_stock,true,false,false,false,false,false,false,false,true,
2025-09-23,1714,和桐,listed,7.8,7.82,7.77,7.79,-0.01,-0.1282,598600,4659059,346,TWSE,common_stock,true,false,false,false,false,false,false,false,true,
2025-09-23,1717,長興,listed,42.15,42.15,40.5,40.7,-1.0,-2.3981,11349281,464656886,7244,TWSE,common_stock,true,false,false,false,false,false,false,false,true,
2025-09-23,1718,中纖,listed,6.47,6.5,6.41,6.42,-0.06,-0.9259,1480039,9518141,837,TWSE,common_stock,true,false,false,false,false,false,false,false,true,
2025-09-23,1720,生達,listed,55.8,56.2,55.8,56.0,0.1,0.1789,140421,7872517,148,TWSE,common_stock,true,false,false,false,false,false,false,false,true,
2025-09-23,1721,三晃,listed,13.1,13.2,12.9,13.05,0.0,0.0,647509,8427600,330,TWSE,common_stock,true,false,false,false,false,false,false,false,true,
2025-09-23,1722,台肥,listed,49.2,49.45,48.95,49.3,0.15,0.3052,2124379,104526949,1002,TWSE,common_stock,true,false,false,false,false,false,false,false,true,
2025-09-23,1723,中碳,listed,81.6,81.9,81.6,81.7,0.0,0.0,134470,10991558,216,TWSE,common_stock,true,false,false,false,false,false,false,false,true,
2025-09-23,1725,元禎,listed,27.45,27.45,26.75,27.0,-0.35,-1.2797,100373,2705495,68,TWSE,common_stock,true,false,false,false,false,false,false,false,true,
2025-09-23,1726,永記,listed,75.5,75.9,75.1,75.4,-0.3,-0.3963,19042,1434882,20,TWSE,common_stock,true,false,false,false,false,false,false,false,true,
2025-09-23,1727,中華化,listed,34.85,35.2,33.95,34.7,0.05,0.1443,1433131,49398764,1137,TWSE,common_stock,true,false,false,false,false,false,false,false,true,
2025-09-23,1730,花仙子,listed,52.1,52.3,52.1,52.1,-0.3,-0.5725,31123,1623399,61,TWSE,common_stock,true,false,false,false,false,false,false,false,true,
2025-09-23,1731,美吾華,listed,21.8,21.9,21.8,21.9,0.05,0.2288,39973,872954,35,TWSE,common_stock,true,false,false,false,false,false,false,false,true,
2025-09-23,1732,毛寶,listed,28.8,28.8,28.4,28.75,0.05,0.1742,148359,4244777,132,TWSE,common_stock,true,false,false,false,false,false,false,false,true,
2025-09-23,1733,五鼎,listed,33.2,35.05,33.2,35.05,3.15,9.8746,5020307,175294964,4794,TWSE,common_stock,true,false,false,false,false,false,false,false,true,
2025-09-23,1734,杏輝,listed,30.7,30.7,30.5,30.55,-0.1,-0.3263,155530,4756083,195,TWSE,common_stock,true,false,false,false,false,false,false,false,true,
2025-09-23,1735,日勝化,listed,15.0,15.0,14.15,14.5,-0.55,-3.6545,586427,8523868,1649,TWSE,common_stock,true,false,false,false,false,false,false,false,true,
2025-09-23,1736,喬山,listed,170.0,177.0,166.5,167.0,-4.0,-2.3392,1540985,262458800,7727,TWSE,common_stock,true,false,false,false,false,false,false,false,true,
2025-09-23,1737,臺鹽,listed,32.2,32.25,32.1,32.2,0.0,0.0,54344,1747115,112,TWSE,common_stock,true,false,false,false,false,false,false,false,true,
2025-09-23,1752,南光,listed,37.4,37.4,36.8,37.05,-0.3,-0.8032,144673,5354140,144,TWSE,common_stock,true,false,false,false,false,false,false,false,true,
2025-09-23,1760,寶齡富錦,listed,70.2,70.4,69.2,69.5,-0.2,-0.2869,141482,9862524,197,TWSE,common_stock,true,false,false,false,false,false,false,false,true,
2025-09-23,1762,中化生,listed,25.55,25.55,25.3,25.45,-0.1,-0.3914,110079,2801961,249,TWSE,common_stock,true,false,false,false,false,false,false,false,true,
2025-09-23,1773,勝一,listed,137.5,139.5,137.5,138.0,1.0,0.7299,498635,69012090,696,TWSE,common_stock,true,false,false,false,false,false,false,false,true,
2025-09-23,1776,展宇,listed,15.25,15.55,15.15,15.2,0.05,0.33,52602,806857,45,TWSE,common_stock,true,false,false,false,false,false,false,false,true,
2025-09-23,1783,和康生,listed,44.5,44.85,44.0,44.55,0.2,0.451,69062,3064304,102,TWSE,common_stock,true,false,false,false,false,false,false,false,true,
2025-09-23,1786,科妍,listed,92.0,94.6,91.6,94.0,2.9,3.1833,1200841,112419746,1123,TWSE,common_stock,true,false,false,false,false,false,false,false,true,
2025-09-23,1789,神隆,listed,18.7,19.1,18.45,18.6,-0.15,-0.8,1379055,25901417,715,TWSE,common_stock,true,false,false,false,false,false,false,false,true,
2025-09-23,1795,美時,listed,190.5,193.5,189.5,192.0,2.0,1.0526,713670,136919565,886,TWSE,common_stock,true,false,false,false,false,false,false,false,true,
2025-09-23,1802,台玻,listed,27.2,27.3,25.85,25.95,-0.9,-3.352,47917497,1266427287,20141,TWSE,common_stock,true,false,false,false,false,false,false,false,true,
2025-09-23,1805,寶徠,listed,11.55,11.6,11.45,11.5,-0.1,-0.8621,71278,820860,39,TWSE,common_stock,true,false,false,false,false,false,false,false,true,
2025-09-23,1806,冠軍,listed,9.44,9.44,9.37,9.38,-0.06,-0.6356,423439,3978718,261,TWSE,common_stock,true,false,false,false,false,false,false,false,true,
2025-09-23,1808,潤隆,listed,31.0,31.1,30.7,30.85,-0.15,-0.4839,1733089,53427495,1140,TWSE,common_stock,true,false,false,false,false,false,false,false,true,
2025-09-23,1809,中釉,listed,19.6,19.6,19.05,19.1,-0.35,-1.7995,902143,17286962,727,TWSE,common_stock,true,false,false,false,false,false,false,false,true,
2025-09-23,1810,和成,listed,20.05,20.05,19.3,19.35,-0.7,-3.4913,2433338,47490743,1491,TWSE,common_stock,true,false,false,false,false,false,false,false,true,
2025-09-23,1817,凱撒衛,listed,39.35,39.35,39.1,39.1,-0.35,-0.8872,13024,510702,29,TWSE,common_stock,true,false,false,false,false,false,false,false,true,
2025-09-23,1903,士紙,listed,52.7,53.1,52.4,53.1,0.4,0.759,152118,8022761,132,TWSE,common_stock,true,false,false,false,false,false,false,false,true,
2025-09-23,1904,正隆,listed,17.65,17.75,17.5,17.75,0.05,0.2825,983854,17322357,784,TWSE,common_stock,true,false,false,false,false,false,false,false,true,
2025-09-23,1905,華紙,listed,12.35,12.5,12.1,12.2,-0.3,-2.4,2151656,26304122,952,TWSE,common_stock,true,false,false,false,false,false,false,false,true,
2025-09-23,1906,寶隆,listed,13.25,13.25,12.8,13.15,-0.2,-1.4981,63585,832037,104,TWSE,common_stock,true,false,false,false,false,false,false,false,true,
2025-09-23,1907,永豐餘,listed,25.0,25.0,24.5,25.0,0.05,0.2004,1324750,32788756,959,TWSE,etf,false,true,false,false,false,false,false,false,false,security_type=etf
2025-09-23,1909,榮成,listed,9.99,10.0,9.89,9.89,-0.1,-1.001,1015706,10083747,585,TWSE,common_stock,true,false,false,false,false,false,false,false,true,
2025-09-23,2002,中鋼,listed,19.55,19.7,19.45,19.45,0.0,0.0,21143800,412677895,6680,TWSE,common_stock,true,false,false,false,false,false,false,false,true,
2025-09-23,2002A,中鋼特,listed,39.6,39.7,39.6,39.6,0.0,0.0,7000,277550,7,TWSE,warrant,false,false,true,false,false,false,false,false,false,security_type=warrant;symbol_not_4_digit
2025-09-23,2006,東和鋼鐵,listed,59.4,60.0,59.4,59.5,0.1,0.1684,1451250,86450740,1458,TWSE,common_stock,true,false,false,false,false,false,false,false,true,
2025-09-23,2007,燁興,listed,7.99,7.99,7.7,7.76,-0.04,-0.5128,179682,1397886,155,TWSE,common_stock,true,false,false,false,false,false,false,false,true,
2025-09-23,2008,高興昌,listed,26.75,26.8,26.75,26.8,0.05,0.1869,5500,147200,11,TWSE,common_stock,true,false,false,false,false,false,false,false,true,
2025-09-23,2009,第一銅,listed,33.95,34.15,33.6,33.95,0.15,0.4438,843772,28566376,748,TWSE,common_stock,true,false,false,false,false,false,false,false,true,
2025-09-23,2010,春源,listed,20.25,20.35,20.15,20.3,0.05,0.2469,523056,10601142,333,TWSE,common_stock,true,false,false,false,false,false,false,false,true,
2025-09-23,2012,春雨,listed,17.1,17.2,17.05,17.1,-0.1,-0.5814,33908,580871,77,TWSE,common_stock,true,false,false,false,false,false,false,false,true,
2025-09-23,2013,中鋼構,listed,41.75,42.3,41.7,42.15,0.4,0.9581,53844,2255549,138,TWSE,common_stock,true,false,false,false,false,false,false,false,true,
2025-09-23,2014,中鴻,listed,16.05,16.25,15.9,15.9,-0.15,-0.9346,2828186,45221240,1149,TWSE,common_stock,true,false,false,false,false,false,false,false,true,
2025-09-23,2015,豐興,listed,64.1,64.4,64.0,64.0,-0.2,-0.3115,122720,7864620,214,TWSE,common_stock,true,false,false,false,false,false,false,false,true,
2025-09-23,2017,官田鋼,listed,9.51,9.55,9.47,9.48,-0.04,-0.4202,316342,3003653,264,TWSE,common_stock,true,false,false,false,false,false,false,false,true,
2025-09-23,2020,美亞,listed,24.65,24.7,24.5,24.5,-0.15,-0.6085,176273,4330117,191,TWSE,common_stock,true,false,false,false,false,false,false,false,true,
2025-09-23,2022,聚亨,listed,7.73,7.78,7.72,7.78,0.05,0.6468,407249,3155846,282,TWSE,common_stock,true,false,false,false,false,false,false,false,true,
2025-09-23,2023,燁輝,listed,15.35,15.7,15.35,15.45,0.1,0.6515,1703792,26388797,893,TWSE,common_stock,true,false,false,false,false,false,false,false,true,
2025-09-23,2024,志聯,listed,17.55,17.55,17.0,17.15,0.0,0.0,41283,711006,67,TWSE,common_stock,true,false,false,false,false,false,false,false,true,
2025-09-23,2025,千興,listed,11.4,11.4,11.15,11.2,0.05,0.4484,62519,697252,88,TWSE,common_stock,true,false,false,false,false,false,false,false,true,
2025-09-23,2027,大成鋼,listed,38.3,38.65,37.9,37.9,-0.3,-0.7853,16340048,624175537,7084,TWSE,common_stock,true,false,false,false,false,false,false,false,true,
2025-09-23,2028,威致,listed,16.9,17.5,16.75,17.1,0.3,1.7857,178359,3047656,131,TWSE,common_stock,true,false,false,false,false,false,false,false,true,
2025-09-23,2029,盛餘,listed,22.35,22.35,22.15,22.3,0.15,0.6772,148588,3300211,94,TWSE,common_stock,true,false,false,false,false,false,false,false,true,
2025-09-23,2030,彰源,listed,14.0,14.0,13.85,14.0,0.0,0.0,181632,2528555,144,TWSE,common_stock,true,false,false,false,false,false,false,false,true,
2025-09-23,2031,新光鋼,listed,42.3,42.7,42.2,42.3,0.05,0.1183,547343,23184447,380,TWSE,common_stock,true,false,false,false,false,false,false,false,true,
2025-09-23,2032,新鋼,listed,14.65,14.8,14.6,14.6,-0.05,-0.3413,150589,2209228,114,TWSE,common_stock,true,false,false,false,false,false,false,false,true,
2025-09-23,2033,佳大,listed,17.85,19.4,17.7,19.4,1.75,9.915,366430,6907356,300,TWSE,common_stock,true,false,false,false,false,false,false,false,true,
2025-09-23,2034,允強,listed,19.9,20.0,19.75,19.75,-0.15,-0.7538,494302,9805720,315,TWSE,common_stock,true,false,false,false,false,false,false,false,true,
2025-09-23,2038,海光,listed,15.4,15.45,15.1,15.15,-0.25,-1.6234,249709,3799398,187,TWSE,common_stock,true,false,false,false,false,false,false,false,true,
2025-09-23,2049,上銀,listed,220.5,221.0,217.0,217.5,-3.0,-1.3605,2971672,650091720,3489,TWSE,common_stock,true,false,false,false,false,false,false,false,true,
2025-09-23,2059,川湖,listed,3255.0,3300.0,3210.0,3220.0,-30.0,-0.9231,502835,1638125565,1698,TWSE,common_stock,true,false,false,false,false,false,false,false,true,
2025-09-23,2062,橋椿,listed,22.1,22.2,21.75,22.15,0.0,0.0,438867,9651173,324,TWSE,common_stock,true,false,false,false,false,false,false,false,true,
2025-09-23,2069,運錩,listed,14.85,15.05,14.8,14.9,0.05,0.3367,473619,7072044,181,TWSE,common_stock,true,false,false,false,false,false,false,false,true,
2025-09-23,2101,南港,listed,41.0,41.45,40.2,41.15,0.15,0.3659,2434973,99301211,2075,TWSE,common_stock,true,false,false,false,false,false,false,false,true,
2025-09-23,2102,泰豐,listed,19.45,19.5,19.25,19.45,-0.05,-0.2564,332975,6457723,217,TWSE,common_stock,true,false,false,false,false,false,false,false,true,
2025-09-23,2103,台橡,listed,16.55,16.55,16.25,16.4,-0.15,-0.9063,2210488,36205593,917,TWSE,common_stock,true,false,false,false,false,false,false,false,true,
2025-09-23,2104,國際中橡,listed,10.8,10.85,10.7,10.75,0.0,0.0,1041094,11202783,438,TWSE,common_stock,true,false,false,false,false,false,false,false,true,
2025-09-23,2105,正新,listed,38.5,38.5,37.8,38.1,-0.4,-1.039,5008431,190417013,2665,TWSE,common_stock,true,false,false,false,false,false,false,false,true,
2025-09-23,2106,建大,listed,20.5,20.5,20.15,20.2,-0.2,-0.9804,504456,10221903,469,TWSE,common_stock,true,false,false,false,false,false,false,false,true,
2025-09-23,2107,厚生,listed,23.95,23.95,23.8,23.9,-0.1,-0.4167,292393,6975690,278,TWSE,common_stock,true,false,false,false,false,false,false,false,true,
2025-09-23,2108,南帝,listed,23.45,23.6,23.35,23.45,-0.15,-0.6356,305767,7163339,317,TWSE,common_stock,true,false,false,false,false,false,false,false,true,
2025-09-23,2109,華豐,listed,16.45,16.5,16.4,16.45,0.0,0.0,134730,2214306,121,TWSE,common_stock,true,false,false,false,false,false,false,false,true,
2025-09-23,2114,鑫永銓,listed,91.3,91.3,90.5,90.8,-0.2,-0.2198,19752,1797897,85,TWSE,common_stock,true,false,false,false,false,false,false,false,true,
2025-09-23,2115,六暉-KY,listed,26.8,26.8,26.45,26.45,-0.55,-2.037,37000,981400,17,TWSE,common_stock,true,false,false,false,false,false,false,false,true,
2025-09-23,2201,裕隆,listed,35.25,35.6,35.0,35.05,-0.3,-0.8487,1731198,60980047,1762,TWSE,common_stock,true,false,false,false,false,false,false,false,true,
2025-09-23,2204,中華,listed,64.1,64.2,62.5,63.4,-0.6,-0.9375,1130561,71367416,1714,TWSE,common_stock,true,false,false,false,false,false,false,false,true,
2025-09-23,2206,三陽工業,listed,62.9,62.9,62.2,62.2,-0.8,-1.2698,657798,41073833,814,TWSE,common_stock,true,false,false,false,false,false,false,false,true,
2025-09-23,2207,和泰車,listed,581.0,585.0,578.0,582.0,-5.0,-0.8518,123287,71720538,1036,TWSE,common_stock,true,false,false,false,false,false,false,false,true,
2025-09-23,2208,台船,listed,25.6,25.6,24.55,24.55,-1.4,-5.395,25590262,638162790,15686,TWSE,common_stock,true,false,false,false,false,false,false,false,true,
2025-09-23,2211,長榮鋼,listed,93.9,94.3,93.3,94.1,0.2,0.213,573348,53795645,917,TWSE,common_stock,true,false,false,false,false,false,false,false,true,
2025-09-23,2227,裕日車,listed,55.4,55.4,55.0,55.1,-0.3,-0.5415,40462,2233330,75,TWSE,common_stock,true,false,false,false,false,false,false,false,true,
2025-09-23,2228,劍麟,listed,115.5,115.5,105.0,108.5,-6.0,-5.2402,4936971,535994950,4193,TWSE,common_stock,true,false,false,false,false,false,false,false,true,
2025-09-23,2231,為升,listed,134.0,134.0,125.5,130.0,-5.5,-4.059,4847586,631068556,3636,TWSE,common_stock,true,false,false,false,false,false,false,false,true,
2025-09-23,2233,宇隆,listed,221.0,226.5,217.0,217.0,-4.0,-1.81,876445,192549076,1015,TWSE,common_stock,true,false,false,false,false,false,false,false,true,
2025-09-23,2236,百達-KY,listed,109.5,109.5,106.5,106.5,-2.5,-2.2936,550700,59067248,367,TWSE,common_stock,true,false,false,false,false,false,false,false,true,
2025-09-23,2239,英利-KY,listed,37.25,37.5,35.75,35.9,-0.7,-1.9126,428214,15590568,284,TWSE,common_stock,true,false,false,false,false,false,false,false,true,
2025-09-23,2241,艾姆勒,listed,29.3,29.4,28.2,28.3,-0.85,-2.916,695903,19983606,576,TWSE,common_stock,true,false,false,false,false,false,false,false,true,
2025-09-23,2243,宏旭-KY,listed,12.0,12.1,11.8,11.8,-0.05,-0.4219,285992,3402745,169,TWSE,common_stock,true,false,false,false,false,false,false,false,true,
2025-09-23,2247,汎德永業,listed,296.5,296.5,294.0,295.0,-0.5,-0.1692,91027,26855300,264,TWSE,common_stock,true,false,false,false,false,false,false,false,true,
2025-09-23,2248,華勝-KY,listed,42.85,43.25,42.7,42.95,0.1,0.2334,33088,1420740,24,TWSE,common_stock,true,false,false,false,false,false,false,false,true,
2025-09-23,2250,IKKA-KY,listed,90.9,94.4,90.6,91.3,1.5,1.6704,705755,65426060,748,TWSE,common_stock,true,false,false,false,false,false,false,false,true,
2025-09-23,2254,巨鎧精密-創,listed,60.5,60.5,59.8,60.4,0.1,0.1658,7103,428680,6,TWSE,common_stock,true,false,false,false,false,false,false,false,true,
2025-09-23,2258,鴻華先進-創,listed,38.85,39.0,38.6,39.0,0.0,0.0,432228,16759349,272,TWSE,common_stock,true,false,false,false,false,false,false,false,true,
2025-09-23,2301,光寶科,listed,185.0,189.5,179.0,183.0,-2.5,-1.3477,68259245,12544248302,47695,TWSE,common_stock,true,false,false,false,false,false,false,false,true,
2025-09-23,2302,麗正,listed,18.2,18.2,17.55,17.8,-0.45,-2.4658,1335869,23793302,834,TWSE,common_stock,true,false,false,false,false,false,false,false,true,
2025-09-23,2303,聯電,listed,43.55,44.45,43.35,43.9,0.85,1.9744,84792615,3723034095,35102,TWSE,common_stock,true,false,false,false,false,false,false,false,true,
2025-09-23,2305,全友,listed,12.1,12.15,11.7,11.85,-0.2,-1.6598,556566,6588336,286,TWSE,common_stock,true,false,false,false,false,false,false,false,true,
2025-09-23,2308,台達電,listed,913.0,917.0,890.0,893.0,-14.0,-1.5436,18003354,16224469287,53970,TWSE,common_stock,true,false,false,false,false,false,false,false,true,
2025-09-23,2312,金寶,listed,19.7,19.8,19.5,19.6,0.1,0.5128,6501988,127704248,2911,TWSE,common_stock,true,false,false,false,false,false,false,false,true,
2025-09-23,2313,華通,listed,79.6,80.2,77.0,77.0,-1.7,-2.1601,22772387,1779588267,19335,TWSE,common_stock,true,false,false,false,false,false,false,false,true,
2025-09-23,2314,台揚,listed,10.5,10.65,10.5,10.65,0.3,2.8986,646332,6838516,544,TWSE,common_stock,true,false,false,false,false,false,false,false,true,
2025-09-23,2316,楠梓電,listed,108.5,110.0,102.0,103.5,-4.5,-4.1667,11920737,1260173735,8140,TWSE,common_stock,true,false,false,false,false,false,false,false,true,
2025-09-23,2317,鴻海,listed,218.0,222.0,217.5,221.0,5.0,2.3148,106127922,23372213555,80860,TWSE,common_stock,true,false,false,false,false,false,false,false,true,
2025-09-23,2321,東訊,listed,15.5,17.0,15.5,16.95,1.45,9.3548,97174,1572525,77,TWSE,common_stock,true,false,false,false,false,false,false,false,true,
2025-09-23,2323,中環,listed,8.97,9.04,8.85,8.96,0.02,0.2237,3849579,34531908,1282,TWSE,common_stock,true,false,false,false,false,false,false,false,true,
2025-09-23,2324,仁寶,listed,31.65,32.45,31.4,31.4,0.2,0.641,50772619,1616702132,22721,TWSE,common_stock,true,false,false,false,false,false,false,false,true,
2025-09-23,2327,國巨*,listed,180.5,180.5,175.5,176.0,-2.5,-1.4006,49084617,8700858965,40803,TWSE,common_stock,true,false,false,false,false,false,false,false,true,
2025-09-23,2328,廣宇,listed,54.5,54.9,53.9,54.1,-0.3,-0.5515,8653411,469763179,6254,TWSE,common_stock,true,false,false,false,false,false,false,false,true,
2025-09-23,2329,華泰,listed,49.0,49.15,47.5,47.7,-0.95,-1.9527,11555328,556524573,7727,TWSE,common_stock,true,false,false,false,false,false,false,false,true,
2025-09-23,2330,台積電,listed,1320.0,1340.0,1315.0,1340.0,45.0,3.4749,37523254,49887403390,84161,TWSE,common_stock,true,false,false,false,false,false,false,false,true,
2025-09-23,2331,精英,listed,21.0,21.5,20.75,21.5,0.6,2.8708,3769036,79540057,1698,TWSE,common_stock,true,false,false,false,false,false,false,false,true,
2025-09-23,2332,友訊,listed,17.85,18.0,17.6,17.8,0.05,0.2817,3174681,56485309,1366,TWSE,common_stock,true,false,false,false,false,false,false,false,true,
2025-09-23,2337,旺宏,listed,26.35,27.65,26.35,26.75,0.65,2.4904,114276034,3073240424,42912,TWSE,common_stock,true,false,false,false,false,false,false,false,true,
2025-09-23,2338,光罩,listed,41.8,41.9,40.65,41.2,-0.3,-0.7229,1930044,79450554,1673,TWSE,common_stock,true,false,false,false,false,false,false,false,true,
2025-09-23,2340,台亞,listed,28.15,28.6,27.5,27.8,-0.35,-1.2433,9791348,273480832,5357,TWSE,common_stock,true,false,false,false,false,false,false,false,true,
2025-09-23,2342,茂矽,listed,31.6,32.0,30.45,31.85,0.55,1.7572,3274328,102588789,2308,TWSE,common_stock,true,false,false,false,false,false,false,false,true,
2025-09-23,2344,華邦電,listed,35.0,36.85,34.9,36.45,2.2,6.4234,534413768,19178872328,195728,TWSE,common_stock,true,false,false,false,false,false,false,false,true,
2025-09-23,2345,智邦,listed,992.0,1020.0,992.0,1005.0,16.0,1.6178,4067579,4101486022,5832,TWSE,common_stock,true,false,false,false,false,false,false,false,true,
2025-09-23,2347,聯強,listed,62.5,62.6,61.9,62.2,-0.4,-0.639,3964032,246749469,2885,TWSE,common_stock,true,false,false,false,false,false,false,false,true,
2025-09-23,2348,海悅,listed,89.8,90.5,87.8,89.0,-0.8,-0.8909,1130653,100439058,1384,TWSE,common_stock,true,false,false,false,false,false,false,false,true,
2025-09-23,2348A,海悅甲特,listed,36.15,36.25,36.15,36.25,0.0,0.0,3000,108550,3,TWSE,warrant,false,false,true,false,false,false,false,false,false,security_type=warrant;symbol_not_4_digit
2025-09-23,2349,錸德,listed,10.65,10.65,10.5,10.55,-0.1,-0.939,1210978,12796252,562,TWSE,common_stock,true,false,false,false,false,false,false,false,true,
2025-09-23,2351,順德,listed,82.0,83.0,80.5,81.9,0.4,0.4908,1176794,96099754,1429,TWSE,common_stock,true,false,false,false,false,false,false,false,true,
2025-09-23,2352,佳世達,listed,29.6,30.5,29.6,30.0,0.4,1.3514,6938675,209266596,4657,TWSE,common_stock,true,false,false,false,false,false,false,false,true,
2025-09-23,2353,宏碁,listed,31.25,31.3,31.0,31.2,-0.1,-0.3195,13796606,429283706,6385,TWSE,common_stock,true,false,false,false,false,false,false,false,true,
2025-09-23,2354,鴻準,listed,71.3,71.9,70.7,70.7,0.1,0.1416,12283479,875689236,7966,TWSE,common_stock,true,false,false,false,false,false,false,false,true,
2025-09-23,2355,敬鵬,listed,37.6,37.7,36.55,36.55,-0.75,-2.0107,2485165,91683771,1691,TWSE,common_stock,true,false,false,false,false,false,false,false,true,
2025-09-23,2356,英業達,listed,44.95,45.3,44.75,45.0,0.35,0.7839,19185879,864336893,10734,TWSE,common_stock,true,false,false,false,false,false,false,false,true,
2025-09-23,2357,華碩,listed,689.0,693.0,682.0,684.0,0.0,0.0,2540463,1746043261,3920,TWSE,common_stock,true,false,false,false,false,false,false,false,true,
2025-09-23,2359,所羅門,listed,146.0,147.0,144.0,144.5,-1.5,-1.0274,1419608,206057457,1744,TWSE,common_stock,true,false,false,false,false,false,false,false,true,
2025-09-23,2360,致茂,listed,613.0,633.0,603.0,614.0,19.0,3.1933,4821510,2979836212,5926,TWSE,common_stock,true,false,false,false,false,false,false,false,true,
2025-09-23,2362,藍天,listed,41.7,41.8,41.1,41.45,-0.35,-0.8373,441491,18270081,400,TWSE,common_stock,true,false,false,false,false,false,false,false,true,
2025-09-23,2363,矽統,listed,60.1,60.5,58.6,58.6,-1.4,-2.3333,13025409,771523184,10425,TWSE,common_stock,true,false,false,false,false,false,false,false,true,
2025-09-23,2364,倫飛,listed,79.1,79.5,78.1,78.1,-0.8,-1.0139,173898,13700929,272,TWSE,common_stock,true,false,false,false,false,false,false,false,true,
2025-09-23,2365,昆盈,listed,43.7,43.75,42.55,42.6,-0.65,-1.5029,3103832,133147662,2766,TWSE,common_stock,true,false,false,false,false,false,false,false,true,
2025-09-23,2367,燿華,listed,28.05,28.25,27.5,27.5,-0.45,-1.61,4769391,132223346,2939,TWSE,common_stock,true,false,false,false,false,false,false,false,true,
2025-09-23,2368,金像電,listed,460.0,464.5,454.0,455.0,5.5,1.2236,8186129,3754336713,9923,TWSE,common_stock,true,false,false,false,false,false,false,false,true,
2025-09-23,2369,菱生,listed,19.4,19.5,19.05,19.1,-0.3,-1.5464,4446372,85468720,2200,TWSE,common_stock,true,false,false,false,false,false,false,false,true,
2025-09-23,2371,大同,listed,39.4,39.95,39.1,39.85,0.5,1.2706,10286116,407476952,5858,TWSE,common_stock,true,false,false,false,false,false,false,false,true,
2025-09-23,2373,震旦行,listed,56.8,57.0,56.7,56.8,0.0,0.0,17575,997803,28,TWSE,common_stock,true,false,false,false,false,false,false,false,true,
2025-09-23,2374,佳能,listed,86.3,91.5,86.0,88.8,2.8,3.2558,78005703,6923002555,54035,TWSE,common_stock,true,false,false,false,false,false,false,false,true,
2025-09-23,2375,凱美,listed,72.5,73.0,69.5,73.0,0.6,0.8287,8602468,610959633,6429,TWSE,common_stock,true,false,false,false,false,false,false,false,true,
2025-09-23,2376,技嘉,listed,281.5,285.0,281.5,283.0,2.0,0.7117,4023963,1141955151,4675,TWSE,common_stock,true,false,false,false,false,false,false,false,true,
2025-09-23,2377,微星,listed,121.5,122.0,119.0,119.5,-1.0,-0.8299,4643008,558290173,5274,TWSE,common_stock,true,false,false,false,false,false,false,false,true,
2025-09-23,2379,瑞昱,listed,542.0,546.0,540.0,540.0,-3.0,-0.5525,1636573,887052577,2188,TWSE,common_stock,true,false,false,false,false,false,false,false,true,
2025-09-23,2380,虹光,listed,5.5,5.5,5.26,5.4,-0.25,-4.4248,163837,893496,117,TWSE,common_stock,true,false,false,false,false,false,false,false,true,
2025-09-23,2382,廣達,listed,283.0,288.0,283.0,286.5,5.5,1.9573,36526183,10454471563,33568,TWSE,common_stock,true,false,false,false,false,false,false,false,true,
2025-09-23,2383,台光電,listed,1305.0,1390.0,1295.0,1345.0,45.0,3.4615,4099125,5529215005,8481,TWSE,common_stock,true,false,false,false,false,false,false,false,true,
2025-09-23,2385,群光,listed,142.5,143.5,139.0,140.0,-2.0,-1.4085,2393523,336384969,2256,TWSE,common_stock,true,false,false,false,false,false,false,false,true,
2025-09-23,2387,精元,listed,41.7,41.9,41.5,41.7,-0.1,-0.2392,355496,14797330,346,TWSE,common_stock,true,false,false,false,false,false,false,false,true,
2025-09-23,2388,威盛,listed,60.8,61.2,59.5,59.5,-1.1,-1.8152,3949801,236646311,3047,TWSE,common_stock,true,false,false,false,false,false,false,false,true,
2025-09-23,2390,云辰,listed,10.45,10.45,10.3,10.3,-0.15,-1.4354,340836,3525389,278,TWSE,common_stock,true,false,false,false,false,false,false,false,true,
2025-09-23,2392,正崴,listed,49.25,49.3,48.5,48.8,-0.25,-0.5097,1384843,67641781,1150,TWSE,common_stock,true,false,false,false,false,false,false,false,true,
2025-09-23,2393,億光,listed,63.5,63.7,63.0,63.1,-0.4,-0.6299,1425191,90139813,1755,TWSE,common_stock,true,false,false,false,false,false,false,false,true,
2025-09-23,2395,研華,listed,329.5,333.5,326.0,327.5,2.5,0.7692,1599508,525625491,1888,TWSE,common_stock,true,false,false,false,false,false,false,false,true,
2025-09-23,2397,友通,listed,72.6,72.8,72.0,72.2,-0.2,-0.2762,320059,23151084,313,TWSE,common_stock,true,false,false,false,false,false,false,false,true,
2025-09-23,2399,映泰,listed,19.7,19.8,19.3,19.3,-0.4,-2.0305,1203225,23395301,657,TWSE,common_stock,true,false,false,false,false,false,false,false,true,
2025-09-23,2401,凌陽,listed,24.0,24.0,23.55,23.65,-0.2,-0.8386,3814068,90628562,1937,TWSE,common_stock,true,false,false,false,false,false,false,false,true,
2025-09-23,2402,毅嘉,listed,54.7,55.1,53.1,53.5,-1.0,-1.8349,5582983,300038650,3777,TWSE,common_stock,true,false,false,false,false,false,false,false,true,
2025-09-23,2404,漢唐,listed,990.0,995.0,955.0,987.0,2.0,0.203,2449942,2394404093,5685,TWSE,common_stock,true,false,false,false,false,false,false,false,true,
2025-09-23,2405,輔信,listed,19.55,19.55,18.9,18.95,-0.4,-2.0672,3909589,74621207,1862,TWSE,common_stock,true,false,false,false,false,false,false,false,true,
2025-09-23,2406,國碩,listed,22.15,22.2,21.4,21.75,-0.25,-1.1364,5898290,127989479,2727,TWSE,common_stock,true,false,false,false,false,false,false,false,true,
2025-09-23,2408,南亞科,listed,80.8,81.0,78.3,81.0,0.2,0.2475,46967368,3752421482,26914,TWSE,common_stock,true,false,false,false,false,false,false,false,true,
2025-09-23,2409,友達,listed,13.65,13.95,13.35,13.7,0.2,1.4815,80243882,1095825372,14832,TWSE,common_stock,true,false,false,false,false,false,false,false,true,
2025-09-23,2412,中華電,listed,133.5,134.0,133.0,133.5,0.0,0.0,3398690,453934829,2622,TWSE,common_stock,true,false,false,false,false,false,false,false,true,
2025-09-23,2413,環科,listed,21.95,22.0,21.3,21.5,-0.3,-1.3761,398790,8573082,352,TWSE,common_stock,true,false,false,false,false,false,false,false,true,
2025-09-23,2414,精技,listed,43.55,43.6,43.0,43.4,-0.15,-0.3444,242171,10471719,244,TWSE,common_stock,true,false,false,false,false,false,false,false,true,
2025-09-23,2415,錩新,listed,26.25,26.25,25.7,25.9,-0.05,-0.1927,44907,1162928,45,TWSE,common_stock,true,false,false,false,false,false,false,false,true,
2025-09-23,2417,圓剛,listed,43.0,43.0,42.1,42.25,-0.45,-1.0539,575388,24395732,591,TWSE,common_stock,true,false,false,false,false,false,false,false,true,
2025-09-23,2419,仲琦,listed,24.75,25.5,24.0,24.35,0.5,2.0964,5586255,138228357,3229,TWSE,common_stock,true,false,false,false,false,false,false,false,true,
2025-09-23,2420,新巨,listed,51.4,51.6,50.9,51.3,0.0,0.0,205769,10545794,233,TWSE,common_stock,true,false,false,false,false,false,false,false,true,
2025-09-23,2421,建準,listed,133.5,136.0,129.0,129.0,-2.5,-1.9011,6106126,808362258,5247,TWSE,common_stock,true,false,false,false,false,false,false,false,true,
2025-09-23,2423,固緯,listed,54.8,55.3,54.8,55.0,0.1,0.1821,118160,6502988,161,TWSE,common_stock,true,false,false,false,false,false,false,false,true,
2025-09-23,2424,隴華,listed,62.8,64.1,61.9,62.4,0.6,0.9709,55256,3472169,36,TWSE,common_stock,true,false,false,false,false,false,false,false,true,
2025-09-23,2425,承啟,listed,32.5,32.5,31.9,31.9,-0.5,-1.5432,451240,14461808,371,TWSE,common_stock,true,false,false,false,false,false,false,false,true,
2025-09-23,2426,鼎元,listed,18.3,18.45,17.95,18.2,-0.05,-0.274,1049953,19099163,685,TWSE,common_stock,true,false,false,false,false,false,false,false,true,
2025-09-23,2427,三商電,listed,27.5,27.65,27.15,27.2,-0.25,-0.9107,819922,22364828,574,TWSE,common_stock,true,false,false,false,false,false,false,false,true,
2025-09-23,2428,興勤,listed,161.0,163.0,157.0,160.5,3.0,1.9048,2061246,330095885,2268,TWSE,common_stock,true,false,false,false,false,false,false,false,true,
2025-09-23,2429,銘旺科,listed,133.0,133.0,128.0,131.5,-1.5,-1.1278,461165,60269074,344,TWSE,common_stock,true,false,false,false,false,false,false,false,true,
2025-09-23,2430,燦坤,listed,24.5,24.5,24.45,24.45,-0.05,-0.2041,29491,721593,71,TWSE,common_stock,true,false,false,false,false,false,false,false,true,
2025-09-23,2431,聯昌,listed,13.3,14.5,13.2,14.5,1.3,9.8485,8040023,113438222,3363,TWSE,common_stock,true,false,false,false,false,false,false,false,true,
2025-09-23,2432,倚天酷碁-創,listed,27.3,27.6,27.3,27.6,0.3,1.0989,9000,247200,5,TWSE,common_stock,true,false,false,false,false,false,false,false,true,
2025-09-23,2433,互盛電,listed,49.0,49.1,48.95,49.1,0.1,0.2041,18796,921074,35,TWSE,common_stock,true,false,false,false,false,false,false,false,true,
2025-09-23,2434,統懋,listed,29.45,29.5,29.2,29.2,-0.2,-0.6803,9699,284698,11,TWSE,common_stock,true,false,false,false,false,false,false,false,true,
2025-09-23,2436,偉詮電,listed,56.0,56.9,54.9,56.0,0.3,0.5386,2712767,151793183,2372,TWSE,common_stock,true,false,false,false,false,false,false,false,true,
2025-09-23,2438,翔耀,listed,24.2,24.2,23.5,23.7,-0.45,-1.8634,65542,1566072,72,TWSE,common_stock,true,false,false,false,false,false,false,false,true,
2025-09-23,2439,美律,listed,102.0,105.0,102.0,104.0,2.0,1.9608,2635603,273329834,2288,TWSE,common_stock,true,false,false,false,false,false,false,false,true,
2025-09-23,2440,太空梭,listed,12.35,12.5,12.3,12.4,-0.05,-0.4016,126459,1562312,74,TWSE,common_stock,true,false,false,false,false,false,false,false,true,
2025-09-23,2441,超豐,listed,64.4,67.6,64.2,65.3,1.2,1.8721,5903552,389142532,7701,TWSE,common_stock,true,false,false,false,false,false,false,false,true,
2025-09-23,2442,新美齊,listed,25.15,25.4,25.05,25.2,0.05,0.1988,449329,11305455,347,TWSE,common_stock,true,false,false,false,false,false,false,false,true,
2025-09-23,2444,兆勁,listed,12.15,12.15,11.75,11.8,-0.35,-2.8807,542908,6476616,298,TWSE,common_stock,true,false,false,false,false,false,false,false,true,
2025-09-23,2449,京元電子,listed,173.0,173.5,166.0,167.0,-4.0,-2.3392,22415852,3775480163,18963,TWSE,common_stock,true,false,false,false,false,false,false,false,true,
2025-09-23,2450,神腦,listed,28.9,29.0,28.75,28.8,0.1,0.3484,353458,10188197,510,TWSE,common_stock,true,false,false,false,false,false,false,false,true,
2025-09-23,2451,創見,listed,122.0,122.0,117.0,118.0,-3.0,-2.4793,2202083,260689382,1973,TWSE,common_stock,true,false,false,false,false,false,false,false,true,
2025-09-23,2453,凌群,listed,62.2,62.6,61.0,61.2,-0.3,-0.4878,1274731,78520451,966,TWSE,common_stock,true,false,false,false,false,false,false,false,true,
2025-09-23,2454,聯發科,listed,1390.0,1405.0,1375.0,1375.0,-30.0,-2.1352,12576021,17416626380,64002,TWSE,common_stock,true,false,false,false,false,false,false,false,true,
2025-09-23,2455,全新,listed,167.0,167.5,159.5,160.0,-7.5,-4.4776,6456323,1040962835,10484,TWSE,common_stock,true,false,false,false,false,false,false,false,true,
2025-09-23,2457,飛宏,listed,25.0,25.05,24.75,24.95,-0.05,-0.2,2012215,50112937,1156,TWSE,common_stock,true,false,false,false,false,false,false,false,true,
2025-09-23,2458,義隆,listed,134.0,134.5,132.0,132.5,-1.5,-1.1194,2372498,315434867,2305,TWSE,common_stock,true,false,false,false,false,false,false,false,true,
2025-09-23,2459,敦吉,listed,64.1,64.1,63.4,63.8,-0.1,-0.1565,28511,1814786,37,TWSE,common_stock,true,false,false,false,false,false,false,false,true,
2025-09-23,2460,建通,listed,19.25,19.25,18.6,18.85,-0.15,-0.7895,111302,2084719,116,TWSE,common_stock,true,false,false,false,false,false,false,false,true,
2025-09-23,2461,光群雷,listed,16.7,16.75,16.6,16.7,-0.15,-0.8902,154604,2577745,129,TWSE,common_stock,true,false,false,false,false,false,false,false,true,
2025-09-23,2462,良得電,listed,25.55,25.75,24.85,25.45,-0.3,-1.165,484733,12266789,444,TWSE,common_stock,true,false,false,false,false,false,false,false,true,
2025-09-23,2464,盟立,listed,71.9,74.0,71.6,72.3,0.7,0.9777,3967772,289261839,3460,TWSE,common_stock,true,false,false,false,false,false,false,false,true,
2025-09-23,2465,麗臺,listed,57.1,57.1,56.3,56.4,-0.7,-1.2259,273090,15446135,340,TWSE,common_stock,true,false,false,false,false,false,false,false,true,
2025-09-23,2466,冠西電,listed,69.6,71.6,69.6,71.1,1.5,2.1552,163191,11552484,132,TWSE,common_stock,true,false,false,false,false,false,false,false,true,
2025-09-23,2467,志聖,listed,197.5,207.0,195.5,197.0,1.0,0.5102,4673857,939659237,5514,TWSE,common_stock,true,false,false,false,false,false,false,false,true,
2025-09-23,2468,華經,listed,52.6,52.8,51.6,52.0,0.2,0.3861,836601,43511841,842,TWSE,common_stock,true,false,false,false,false,false,false,false,true,
2025-09-23,2471,資通,listed,50.2,50.4,49.95,50.0,-0.4,-0.7937,154851,7753532,167,TWSE,common_stock,true,false,false,false,false,false,false,false,true,
2025-09-23,2472,立隆電,listed,92.0,92.1,89.2,89.4,-2.4,-2.6144,3932103,354229005,5021,TWSE,common_stock,true,false,false,false,false,false,false,false,true,
2025-09-23,2474,可成,listed,188.0,190.0,188.0,189.0,1.0,0.5319,1878452,355163671,1569,TWSE,common_stock,true,false,false,false,false,false,false,false,true,
2025-09-23,2476,鉅祥,listed,110.5,111.5,108.0,108.5,-1.5,-1.3636,4095377,445938788,3242,TWSE,common_stock,true,false,false,false,false,false,false,false,true,
2025-09-23,2477,美隆電,listed,24.95,25.25,24.5,24.55,-0.4,-1.6032,241968,5975236,200,TWSE,common_stock,true,false,false,false,false,false,false,false,true,
2025-09-23,2478,大毅,listed,49.2,49.5,47.25,48.4,-0.7,-1.4257,1343223,64455195,4399,TWSE,common_stock,true,false,false,false,false,false,false,false,true,
2025-09-23,2480,敦陽科,listed,169.5,172.0,169.5,171.5,2.0,1.1799,165275,28305957,279,TWSE,common_stock,true,false,false,false,false,false,false,false,true,
2025-09-23,2481,強茂,listed,72.5,72.6,70.5,71.7,-1.1,-1.511,14985193,1069369486,17433,TWSE,common_stock,true,false,false,false,false,false,false,false,true,
2025-09-23,2482,連宇,listed,19.85,20.0,19.65,19.85,-0.1,-0.5013,146179,2891767,141,TWSE,common_stock,true,false,false,false,false,false,false,false,true,
2025-09-23,2483,百容,listed,21.1,21.7,20.5,21.0,0.25,1.2048,497818,10585879,339,TWSE,common_stock,true,false,false,false,false,false,false,false,true,
2025-09-23,2484,希華,listed,23.05,23.15,22.6,22.75,-0.25,-1.087,645891,14730802,662,TWSE,common_stock,true,false,false,false,false,false,false,false,true,
2025-09-23,2485,兆赫,listed,13.7,13.8,13.5,13.65,0.0,0.0,922366,12572291,463,TWSE,common_stock,true,false,false,false,false,false,false,false,true,
2025-09-23,2486,一詮,listed,83.2,83.8,82.2,82.3,-0.5,-0.6039,2169421,179466231,2576,TWSE,common_stock,true,false,false,false,false,false,false,false,true,
2025-09-23,2488,漢平,listed,43.7,43.9,43.3,43.8,0.15,0.3436,449046,19554484,388,TWSE,common_stock,true,false,false,false,false,false,false,false,true,
2025-09-23,2489,瑞軒,listed,13.6,13.7,13.45,13.55,0.0,0.0,3194515,43302960,1479,TWSE,common_stock,true,false,false,false,false,false,false,false,true,
2025-09-23,2491,吉祥全,listed,13.0,13.0,12.8,12.95,-0.25,-1.8939,99205,1278981,100,TWSE,common_stock,true,false,false,false,false,false,false,false,true,
2025-09-23,2492,華新科,listed,105.0,105.0,98.8,99.9,-5.1,-4.8571,26669398,2709059937,16100,TWSE,common_stock,true,false,false,false,false,false,false,false,true,
2025-09-23,2493,揚博,listed,117.0,119.5,114.5,118.0,2.5,2.1645,1645140,193026115,1552,TWSE,common_stock,true,false,false,false,false,false,false,false,true,
2025-09-23,2495,普安,listed,21.85,23.9,21.7,23.25,1.45,6.6514,9744413,225134267,6542,TWSE,common_stock,true,false,false,false,false,false,false,false,true,
2025-09-23,2496,卓越,listed,67.1,67.4,66.4,66.6,-0.5,-0.7452,82211,5480152,73,TWSE,common_stock,true,false,false,false,false,false,false,false,true,
2025-09-23,2497,怡利電,listed,49.1,49.4,48.2,48.6,-0.25,-0.5118,609922,29735708,403,TWSE,common_stock,true,false,false,false,false,false,false,false,true,
2025-09-23,2498,宏達電,listed,65.2,66.0,64.4,64.6,0.0,0.0,21337659,1389383667,16714,TWSE,common_stock,true,false,false,false,false,false,false,false,true,
2025-09-23,2501,國建,listed,22.4,22.8,22.35,22.8,0.35,1.559,2257286,50961291,1108,TWSE,common_stock,true,false,false,false,false,false,false,false,true,
2025-09-23,2504,國產,listed,36.1,36.25,35.65,35.9,-0.2,-0.554,1668181,59733519,1273,TWSE,common_stock,true,false,false,false,false,false,false,false,true,
2025-09-23,2505,國揚,listed,18.9,19.0,18.8,18.85,-0.15,-0.7895,211004,3981880,149,TWSE,common_stock,true,false,false,false,false,false,false,false,true,
2025-09-23,2506,太設,listed,9.73,9.8,9.71,9.71,-0.02,-0.2055,98461,957966,107,TWSE,common_stock,true,false,false,false,false,false,false,false,true,
2025-09-23,2509,全坤建,listed,16.2,16.3,15.95,16.1,-0.1,-0.6173,285353,4591723,280,TWSE,common_stock,true,false,false,false,false,false,false,false,true,
2025-09-23,2511,太子,listed,9.13,9.14,9.08,9.09,-0.04,-0.4381,894079,8135960,543,TWSE,common_stock,true,false,false,false,false,false,false,false,true,
2025-09-23,2514,龍邦,listed,14.8,14.85,14.65,14.7,-0.05,-0.339,83736,1233260,169,TWSE,common_stock,true,false,false,false,false,false,false,false,true,
2025-09-23,2515,中工,listed,11.1,11.1,10.9,10.9,-0.2,-1.8018,7276244,79776317,2375,TWSE,common_stock,true,false,false,false,false,false,false,false,true,
2025-09-23,2516,新建,listed,14.6,14.6,14.35,14.5,-0.1,-0.6849,442159,6394514,189,TWSE,common_stock,true,false,false,false,false,false,false,false,true,
2025-09-23,2520,冠德,listed,36.6,37.0,36.4,36.65,0.05,0.1366,2825758,103669028,1965,TWSE,common_stock,true,false,false,false,false,false,false,false,true,
2025-09-23,2524,京城,listed,45.85,48.65,45.6,47.4,1.45,3.1556,547136,25665781,479,TWSE,common_stock,true,false,false,false,false,false,false,false,true,
2025-09-23,2527,宏璟,listed,25.0,25.25,24.95,25.05,-0.15,-0.5952,139009,3490553,98,TWSE,common_stock,true,false,false,false,false,false,false,false,true,
2025-09-23,2528,皇普,listed,29.0,29.05,28.6,28.85,-0.2,-0.6885,367926,10583299,233,TWSE,common_stock,true,false,false,false,false,false,false,false,true,
2025-09-23,2530,華建,listed,29.95,30.1,29.85,29.9,-0.05,-0.1669,541130,16198863,345,TWSE,common_stock,true,false,false,false,false,false,false,false,true,
2025-09-23,2534,宏盛,listed,21.7,21.8,21.5,21.7,-0.1,-0.4587,357863,7749475,258,TWSE,common_stock,true,false,false,false,false,false,false,false,true,
2025-09-23,2535,達欣工,listed,59.8,60.0,59.8,60.0,0.2,0.3344,136754,8194513,191,TWSE,common_stock,true,false,false,false,false,false,false,false,true,
2025-09-23,2536,宏普,listed,27.35,28.35,27.25,27.5,0.0,0.0,405635,11183310,172,TWSE,common_stock,true,false,false,false,false,false,false,false,true,
2025-09-23,2537,聯上發,listed,10.9,11.05,10.8,11.0,0.1,0.9174,809036,8831577,396,TWSE,common_stock,true,false,false,false,false,false,false,false,true,
2025-09-23,2538,基泰,listed,11.1,11.15,11.0,11.1,-0.05,-0.4484,524774,5809934,235,TWSE,common_stock,true,false,false,false,false,false,false,false,true,
2025-09-23,2539,櫻花建,listed,48.05,48.3,47.8,48.0,-0.05,-0.1041,832078,39947933,850,TWSE,common_stock,true,false,false,false,false,false,false,false,true,
2025-09-23,2540,愛山林,listed,82.7,82.9,81.1,81.7,-0.9,-1.0896,1303524,106712350,1600,TWSE,common_stock,true,false,false,false,false,false,false,false,true,
2025-09-23,2542,興富發,listed,45.35,45.35,44.6,44.8,-0.2,-0.4444,7991596,358475367,3559,TWSE,common_stock,true,false,false,false,false,false,false,false,true,
2025-09-23,2543,皇昌,listed,72.8,74.3,72.6,72.7,0.3,0.4144,1750425,128503097,1383,TWSE,common_stock,true,false,false,false,false,false,false,false,true,
2025-09-23,2545,皇翔,listed,43.0,43.4,42.45,43.2,0.45,1.0526,583667,25054580,583,TWSE,common_stock,true,false,false,false,false,false,false,false,true,
2025-09-23,2546,根基,listed,85.6,86.4,85.0,85.8,0.5,0.5862,93605,8009605,850,TWSE,common_stock,true,false,false,false,false,false,false,false,true,
2025-09-23,2547,日勝生,listed,11.1,11.2,11.0,11.15,0.05,0.4505,1428165,15849236,424,TWSE,common_stock,true,false,false,false,false,false,false,false,true,
2025-09-23,2548,華固,listed,96.5,96.6,95.7,96.6,-0.1,-0.1034,886800,85287584,1230,TWSE,common_stock,true,false,false,false,false,false,false,false,true,
2025-09-23,2597,潤弘,listed,153.5,154.5,153.0,153.5,0.5,0.3268,229535,35282518,383,TWSE,common_stock,true,false,false,false,false,false,false,false,true,
2025-09-23,2601,益航,listed,5.78,5.78,5.68,5.71,-0.08,-1.3817,1544889,8823396,691,TWSE,common_stock,true,false,false,false,false,false,false,false,true,
2025-09-23,2603,長榮,listed,183.5,183.5,182.0,182.0,-1.5,-0.8174,11887707,2169204222,17253,TWSE,common_stock,true,false,false,false,false,false,false,false,true,
2025-09-23,2605,新興,listed,22.7,22.8,22.4,22.6,-0.3,-1.31,2202094,49677877,1280,TWSE,common_stock,true,false,false,false,false,false,false,false,true,
2025-09-23,2606,裕民,listed,56.0,56.0,54.8,55.3,-1.2,-2.1239,4508156,248851569,3009,TWSE,common_stock,true,false,false,false,false,false,false,false,true,
2025-09-23,2607,榮運,listed,34.8,35.5,34.8,35.15,0.4,1.1511,2443480,85934037,1575,TWSE,common_stock,true,false,false,false,false,false,false,false,true,
2025-09-23,2608,嘉里大榮,listed,34.1,34.25,34.1,34.2,0.0,0.0,117572,4014084,126,TWSE,common_stock,true,false,false,false,false,false,false,false,true,
2025-09-23,2609,陽明,listed,55.8,55.8,55.2,55.2,-0.7,-1.2522,15773195,874436568,12952,TWSE,common_stock,true,false,false,false,false,false,false,false,true,
2025-09-23,2610,華航,listed,21.0,21.0,20.8,20.95,0.0,0.0,13116434,274151574,4098,TWSE,common_stock,true,false,false,false,false,false,false,false,true,
2025-09-23,2611,志信,listed,15.55,15.55,15.3,15.35,-0.2,-1.2862,460524,7096917,1336,TWSE,common_stock,true,false,false,false,false,false,false,false,true,
2025-09-23,2612,中航,listed,51.9,52.3,51.1,51.7,-0.3,-0.5769,809497,41781033,705,TWSE,common_stock,true,false,false,false,false,false,false,false,true,
2025-09-23,2613,中櫃,listed,25.8,26.05,25.6,25.8,-0.1,-0.3861,403989,10394136,290,TWSE,common_stock,true,false,false,false,false,false,false,false,true,
2025-09-23,2614,東森,listed,20.8,20.8,20.4,20.6,-0.25,-1.199,1475002,30328509,1108,TWSE,common_stock,true,false,false,false,false,false,false,false,true,
2025-09-23,2615,萬海,listed,79.3,79.5,77.9,77.9,-1.4,-1.7654,6648855,520198589,6995,TWSE,common_stock,true,false,false,false,false,false,false,false,true,
2025-09-23,2616,山隆,listed,14.7,14.7,14.45,14.55,-0.05,-0.3425,49696,724698,171,TWSE,common_stock,true,false,false,false,false,false,false,false,true,
2025-09-23,2617,台航,listed,27.2,27.2,26.75,26.85,-0.3,-1.105,742568,19943263,450,TWSE,common_stock,true,false,false,false,false,false,false,false,true,
2025-09-23,2618,長榮航,listed,38.7,39.0,38.55,38.85,0.2,0.5175,18001518,698622821,6964,TWSE,common_stock,true,false,false,false,false,false,false,false,true,
2025-09-23,2630,亞航,listed,62.6,62.6,55.2,55.2,-6.1,-9.9511,27758558,1580691340,17711,TWSE,common_stock,true,false,false,false,false,false,false,false,true,
2025-09-23,2633,台灣高鐵,listed,27.9,27.95,27.8,27.9,-0.05,-0.1789,1643424,45819865,1128,TWSE,common_stock,true,false,false,false,false,false,false,false,true,
2025-09-23,2634,漢翔,listed,64.9,65.0,62.5,62.6,-2.3,-3.5439,39270743,2485142695,26227,TWSE,common_stock,true,false,false,false,false,false,false,false,true,
2025-09-23,2636,台驊控股,listed,70.7,70.7,70.1,70.3,-0.4,-0.5658,216531,15223129,279,TWSE,common_stock,true,false,false,false,false,false,false,false,true,
2025-09-23,2637,慧洋-KY,listed,58.9,58.9,58.1,58.4,-0.5,-0.8489,2750406,160356932,1989,TWSE,common_stock,true,false,false,false,false,false,false,false,true,
2025-09-23,2642,宅配通,listed,29.15,29.2,28.9,29.0,-0.15,-0.5146,88283,2561839,124,TWSE,common_stock,true,false,false,false,false,false,false,false,true,
2025-09-23,2645,長榮航太,listed,174.0,175.0,165.5,168.5,-6.5,-3.7143,6589275,1112761474,5910,TWSE,common_stock,true,false,false,false,false,false,false,false,true,
2025-09-23,2646,星宇航空,listed,25.1,25.15,24.9,24.9,-0.25,-0.994,5948437,148470885,3367,TWSE,common_stock,true,false,false,false,false,false,false,false,true,
2025-09-23,2701,萬企,listed,11.15,11.15,11.1,11.1,-0.05,-0.4484,48338,537937,52,TWSE,common_stock,true,false,false,false,false,false,false,false,true,
2025-09-23,2702,華園,listed,12.3,12.3,12.1,12.2,-0.05,-0.4082,46193,563687,112,TWSE,common_stock,true,false,false,false,false,false,false,false,true,
2025-09-23,2704,國賓,listed,43.85,43.9,43.2,43.45,-0.4,-0.9122,152163,6622686,215,TWSE,common_stock,true,false,false,false,false,false,false,false,true,
2025-09-23,2705,六福,listed,17.15,17.15,16.95,17.05,-0.1,-0.5831,175319,2987074,190,TWSE,common_stock,true,false,false,false,false,false,false,false,true,
2025-09-23,2706,第一店,listed,13.35,13.35,13.25,13.25,-0.1,-0.7491,101626,1351779,88,TWSE,common_stock,true,false,false,false,false,false,false,false,true,
2025-09-23,2707,晶華,listed,199.5,199.5,197.0,198.5,0.0,0.0,67577,13376927,163,TWSE,common_stock,true,false,false,false,false,false,false,false,true,
2025-09-23,2712,遠雄來,listed,20.0,20.0,19.7,19.7,-0.1,-0.5051,10215,203021,12,TWSE,common_stock,true,false,false,false,false,false,false,false,true,
2025-09-23,2722,夏都,listed,28.5,28.6,28.05,28.1,-0.1,-0.3546,23672,666938,52,TWSE,common_stock,true,false,false,false,false,false,false,false,true,
2025-09-23,2723,美食-KY,listed,75.8,75.8,75.1,75.6,-0.1,-0.1321,320415,24165601,353,TWSE,common_stock,true,false,false,false,false,false,false,false,true,
2025-09-23,2727,王品,listed,231.0,231.0,229.0,230.0,-1.0,-0.4329,201457,46305104,965,TWSE,common_stock,true,false,false,false,false,false,false,false,true,
2025-09-23,2731,雄獅,listed,160.5,161.0,158.5,158.5,-2.0,-1.2461,520551,82877521,898,TWSE,common_stock,true,false,false,false,false,false,false,false,true,
2025-09-23,2739,寒舍,listed,37.9,38.1,37.6,37.9,0.1,0.2646,74031,2801005,95,TWSE,common_stock,true,false,false,false,false,false,false,false,true,
2025-09-23,2748,雲品,listed,47.15,47.15,46.5,46.55,-0.2,-0.4278,80938,3771698,82,TWSE,common_stock,true,false,false,false,false,false,false,false,true,
2025-09-23,2753,八方雲集,listed,205.5,206.0,203.0,205.0,0.5,0.2445,261377,53546944,679,TWSE,common_stock,true,false,false,false,false,false,false,false,true,
2025-09-23,2762,世界健身-KY,listed,74.4,74.4,73.9,74.0,-0.5,-0.6711,101146,7495498,197,TWSE,common_stock,true,false,false,false,false,false,false,false,true,
2025-09-23,2801,彰銀,listed,19.5,19.6,19.45,19.5,0.0,0.0,14070053,274767443,3233,TWSE,common_stock,true,false,false,false,false,false,false,false,true,
2025-09-23,2812,台中銀,listed,22.6,23.3,22.6,23.15,0.55,2.4336,12674418,291266678,5179,TWSE,common_stock,true,false,false,false,false,false,false,false,true,
2025-09-23,2816,旺旺保,listed,26.65,26.8,26.5,26.7,0.0,0.0,55733,1485220,58,TWSE,common_stock,true,false,false,false,false,false,false,false,true,
2025-09-23,2820,華票,listed,16.25,16.3,16.1,16.2,-0.05,-0.3077,914555,14797474,345,TWSE,common_stock,true,false,false,false,false,false,false,false,true,
2025-09-23,2832,台產,listed,35.75,36.35,35.35,36.2,0.5,1.4006,981997,35328634,736,TWSE,common_stock,true,false,false,false,false,false,false,false,true,
2025-09-23,2834,臺企銀,listed,15.5,15.55,15.45,15.55,0.0,0.0,10666070,165398653,3836,TWSE,common_stock,true,false,false,false,false,false,false,false,true,
2025-09-23,2836,高雄銀,listed,11.8,11.85,11.75,11.8,0.0,0.0,570678,6733212,296,TWSE,common_stock,true,false,false,false,false,false,false,false,true,
2025-09-23,2836A,高雄銀甲特,listed,23.1,23.1,23.1,23.1,0.25,1.0941,1000,23100,1,TWSE,warrant,false,false,true,false,false,false,false,false,false,security_type=warrant;symbol_not_4_digit
2025-09-23,2838,聯邦銀,listed,17.55,17.75,17.45,17.7,0.1,0.5682,3650761,64429292,1172,TWSE,common_stock,true,false,false,false,false,false,false,false,true,
2025-09-23,2838A,聯邦銀甲特,listed,54.3,54.4,54.2,54.4,0.0,0.0,50000,2714000,21,TWSE,warrant,false,false,true,false,false,false,false,false,false,security_type=warrant;symbol_not_4_digit
2025-09-23,2845,遠東銀,listed,12.3,12.4,12.2,12.3,0.0,0.0,9065920,111470698,1712,TWSE,common_stock,true,false,false,false,false,false,false,false,true,
2025-09-23,2849,安泰銀,listed,13.15,13.15,13.05,13.05,-0.1,-0.7605,149038,1956757,393,TWSE,common_stock,true,false,false,false,false,false,false,false,true,
2025-09-23,2850,新產,listed,114.5,117.0,114.5,116.5,2.0,1.7467,273398,31721347,387,TWSE,common_stock,true,false,false,false,false,false,false,false,true,
2025-09-23,2851,中再保,listed,23.75,23.95,23.7,23.9,0.0,0.0,744261,17748525,338,TWSE,common_stock,true,false,false,false,false,false,false,false,true,
2025-09-23,2852,第一保,listed,26.85,26.95,26.75,26.8,-0.05,-0.1862,291148,7810522,232,TWSE,common_stock,true,false,false,false,false,false,false,false,true,
2025-09-23,2855,統一證,listed,22.7,23.15,22.7,23.0,0.3,1.3216,4685677,107752891,2039,TWSE,etf,false,true,false,false,false,false,false,false,false,security_type=etf
2025-09-23,2867,三商壽,listed,5.66,5.74,5.65,5.7,0.03,0.5291,6188338,35190176,1435,TWSE,common_stock,true,false,false,false,false,false,false,false,true,
2025-09-23,2880,華南金,listed,29.2,29.35,29.15,29.25,0.0,0.0,11964439,350061523,2979,TWSE,common_stock,true,false,false,false,false,false,false,false,true,
2025-09-23,2881,富邦金,listed,88.5,89.1,88.3,88.4,-0.2,-0.2257,13761600,1222909414,10031,TWSE,etf,false,true,false,false,false,false,false,false,false,security_type=etf
2025-09-23,2881A,富邦特,listed,63.0,63.2,63.0,63.2,0.0,0.0,39287,2479729,27,TWSE,etf,false,true,true,false,false,false,false,false,false,security_type=etf;symbol_not_4_digit
2025-09-23,2881B,富邦金乙特,listed,61.9,62.1,61.9,62.1,0.1,0.1613,117761,7296885,42,TWSE,etf,false,true,true,false,false,false,false,false,false,security_type=etf;symbol_not_4_digit
2025-09-23,2881C,富邦金丙特,listed,54.0,54.1,54.0,54.1,0.1,0.1852,13940,751856,55,TWSE,etf,false,true,true,false,false,false,false,false,false,security_type=etf;symbol_not_4_digit
2025-09-23,2882,國泰金,listed,65.9,66.3,65.7,66.2,0.2,0.303,11827534,781771337,5415,TWSE,etf,false,true,false,false,false,false,false,false,false,security_type=etf
2025-09-23,2882A,國泰特,listed,61.0,61.1,60.9,61.1,0.0,0.0,85452,5209414,32,TWSE,etf,false,true,true,false,false,false,false,false,false,security_type=etf;symbol_not_4_digit
2025-09-23,2882B,國泰金乙特,listed,60.2,60.3,60.2,60.3,0.0,0.0,67761,4079164,23,TWSE,etf,false,true,true,false,false,false,false,false,false,security_type=etf;symbol_not_4_digit
2025-09-23,2883,凱基金,listed,15.15,15.2,15.0,15.0,-0.1,-0.6623,47234446,711563313,9587,TWSE,etf,false,true,false,false,false,false,false,false,false,security_type=etf
2025-09-23,2883B,凱基金乙特,listed,7.71,7.76,7.67,7.7,-0.01,-0.1297,5478220,42222847,346,TWSE,etf,false,true,true,false,false,false,false,false,false,security_type=etf;symbol_not_4_digit
2025-09-23,2884,玉山金,listed,33.45,33.45,33.0,33.15,-0.4,-1.1923,27817688,921443402,13531,TWSE,common_stock,true,false,false,false,false,false,false,false,true,
2025-09-23,2885,元大金,listed,34.9,35.2,34.75,35.1,-0.05,-0.1422,21133309,740975027,8342,TWSE,etf,false,true,false,false,false,false,false,false,false,security_type=etf
2025-09-23,2886,兆豐金,listed,41.5,41.7,41.4,41.7,0.1,0.2404,12556556,522625097,6721,TWSE,etf,false,true,false,false,false,false,false,false,false,security_type=etf
2025-09-23,2887,台新新光金,listed,17.45,17.65,17.4,17.65,0.15,0.8571,67588660,1187888786,9638,TWSE,common_stock,true,false,false,false,false,false,false,false,true,
2025-09-23,2887E,台新新光戊特一,listed,48.55,48.6,48.45,48.5,-0.1,-0.2058,296073,14357212,101,TWSE,warrant,false,false,true,false,false,false,false,false,false,security_type=warrant;symbol_not_4_digit
2025-09-23,2887F,台新新光戊特二,listed,44.45,44.5,44.4,44.4,-0.05,-0.1125,17235,765613,21,TWSE,warrant,false,false,true,false,false,false,false,false,false,security_type=warrant;symbol_not_4_digit
2025-09-23,2887G,台新新光庚特一,listed,36.65,36.7,36.6,36.7,0.05,0.1364,16714,612017,16,TWSE,warrant,false,false,true,false,false,false,false,false,false,security_type=warrant;symbol_not_4_digit
2025-09-23,2887H,台新新光庚特二,listed,36.6,36.65,36.55,36.55,-0.05,-0.1366,125893,4606112,135,TWSE,warrant,false,false,true,false,false,false,false,false,false,security_type=warrant;symbol_not_4_digit
2025-09-23,2887I,台新新光辛特,listed,9.25,9.27,9.24,9.25,0.0,0.0,27637655,255754677,1347,TWSE,warrant,false,false,true,false,false,false,false,false,false,security_type=warrant;symbol_not_4_digit
2025-09-23,2887Z1,台新新光己特,listed,16.05,16.1,16.0,16.1,0.05,0.3115,45660,732692,42,TWSE,warrant,false,false,true,false,false,false,false,false,false,security_type=warrant;symbol_not_4_digit
2025-09-23,2889,國票金,listed,14.9,14.9,14.8,14.9,0.0,0.0,1494897,22223234,1029,TWSE,common_stock,true,false,false,false,false,false,false,false,true,
2025-09-23,2890,永豐金,listed,24.6,24.75,24.45,24.7,0.15,0.611,28293251,697033110,8757,TWSE,etf,false,true,false,false,false,false,false,false,false,security_type=etf
2025-09-23,2891,中信金,listed,43.25,43.3,43.0,43.25,0.05,0.1157,21347556,922107771,5748,TWSE,etf,false,true,false,false,false,false,false,false,false,security_type=etf
2025-09-23,2891B,中信金乙特,listed,63.2,63.3,63.1,63.3,0.0,0.0,47739,3015857,32,TWSE,etf,false,true,true,false,false,false,false,false,false,security_type=etf;symbol_not_4_digit
2025-09-23,2891C,中信金丙特,listed,59.9,60.3,59.9,60.3,0.0,0.0,2908,174484,49,TWSE,etf,false,true,true,false,false,false,false,false,false,security_type=etf;symbol_not_4_digit
2025-09-23,2892,第一金,listed,29.8,29.85,29.55,29.8,0.0,0.0,9461124,281674265,4119,TWSE,common_stock,true,false,false,false,false,false,false,false,true,
2025-09-23,2897,王道銀行,listed,9.0,9.03,9.0,9.02,0.01,0.111,2414418,21750386,596,TWSE,common_stock,true,false,false,false,false,false,false,false,true,
2025-09-23,2897B,王道銀乙特,listed,11.85,11.9,11.85,11.9,0.05,0.4219,63527,754594,19,TWSE,warrant,false,false,true,false,false,false,false,false,false,security_type=warrant;symbol_not_4_digit
2025-09-23,2901,欣欣,listed,25.3,26.2,25.3,26.2,0.3,1.1583,35296,903678,55,TWSE,common_stock,true,false,false,false,false,false,false,false,true,
2025-09-23,2903,遠百,listed,22.2,22.3,22.1,22.25,0.0,0.0,1158055,25707389,706,TWSE,common_stock,true,false,false,false,false,false,false,false,true,
2025-09-23,2904,匯僑,listed,17.5,17.6,17.5,17.5,-0.05,-0.2849,34075,598015,20,TWSE,common_stock,true,false,false,false,false,false,false,false,true,
2025-09-23,2905,三商,listed,12.15,12.15,12.05,12.1,0.0,0.0,246069,2976469,184,TWSE,common_stock,true,false,false,false,false,false,false,false,true,
2025-09-23,2906,高林,listed,14.45,14.5,14.35,14.5,0.05,0.346,158199,2280255,126,TWSE,common_stock,true,false,false,false,false,false,false,false,true,
2025-09-23,2908,特力,listed,19.9,19.9,19.7,19.7,-0.2,-1.005,306229,6061611,169,TWSE,common_stock,true,false,false,false,false,false,false,false,true,
2025-09-23,2910,統領,listed,20.6,20.95,20.6,20.95,-0.05,-0.2381,13036,272356,8,TWSE,common_stock,true,false,false,false,false,false,false,false,true,
2025-09-23,2911,麗嬰房,listed,5.05,5.19,5.01,5.17,-0.03,-0.5769,30803,155653,67,TWSE,common_stock,true,false,false,false,false,false,false,false,true,
2025-09-23,2912,統一超,listed,249.0,250.0,248.5,250.0,0.5,0.2004,994027,247852431,1968,TWSE,etf,false,true,false,false,false,false,false,false,false,security_type=etf
2025-09-23,2913,農林,listed,14.3,14.35,14.0,14.1,-0.2,-1.3986,1996801,28197203,1143,TWSE,common_stock,true,false,false,false,false,false,false,false,true,
2025-09-23,2915,潤泰全,listed,52.8,52.9,52.2,52.3,-0.5,-0.947,2163782,113302421,1617,TWSE,common_stock,true,false,false,false,false,false,false,false,true,
2025-09-23,2923,鼎固-KY,listed,21.3,21.3,20.8,21.3,-0.2,-0.9302,95126,1996086,190,TWSE,common_stock,true,false,false,false,false,false,false,false,true,
2025-09-23,2929,淘帝-KY,listed,9.21,9.28,9.16,9.18,-0.03,-0.3257,282267,2600000,176,TWSE,common_stock,true,false,false,false,false,false,false,false,true,
2025-09-23,2939,永邑-KY,listed,25.65,27.25,25.5,27.25,1.55,6.0311,37000,957300,24,TWSE,common_stock,true,false,false,false,false,false,false,false,true,
2025-09-23,2945,三商家購,listed,37.55,38.2,37.55,38.2,0.25,0.6588,3372,127369,17,TWSE,warrant,false,false,true,false,false,false,false,false,false,security_type=warrant
2025-09-23,3002,歐格,listed,16.95,16.95,16.4,16.5,-0.1,-0.6024,186621,3086898,152,TWSE,common_stock,true,false,false,false,false,false,false,false,true,
2025-09-23,3003,健和興,listed,55.3,55.4,53.2,53.7,-1.2,-2.1858,1156599,62362792,1076,TWSE,common_stock,true,false,false,false,false,false,false,false,true,
2025-09-23,3004,豐達科,listed,139.5,141.0,133.0,134.5,-4.5,-3.2374,1471436,199767936,1637,TWSE,common_stock,true,false,false,false,false,false,false,false,true,
2025-09-23,3005,神基,listed,163.0,165.5,162.0,163.5,1.0,0.6154,4501913,737548016,4251,TWSE,common_stock,true,false,false,false,false,false,false,false,true,
2025-09-23,3006,晶豪科,listed,81.8,82.8,78.5,81.0,0.5,0.6211,35475667,2863165832,22919,TWSE,common_stock,true,false,false,false,false,false,false,false,true,
2025-09-23,3008,大立光,listed,2390.0,2390.0,2340.0,2360.0,0.0,0.0,530641,1251861680,2049,TWSE,common_stock,true,false,false,false,false,false,false,false,true,
2025-09-23,3010,華立,listed,99.4,100.0,98.7,98.8,-0.6,-0.6036,541481,53747552,883,TWSE,common_stock,true,false,false,false,false,false,false,false,true,
2025-09-23,3011,今皓,listed,15.55,15.65,14.8,14.85,-0.5,-3.2573,935486,14135390,514,TWSE,common_stock,true,false,false,false,false,false,false,false,true,
2025-09-23,3013,晟銘電,listed,124.0,125.0,121.0,121.0,-2.5,-2.0243,2156564,263840118,2491,TWSE,common_stock,true,false,false,false,false,false,false,false,true,
2025-09-23,3014,聯陽,listed,135.5,136.5,135.0,135.0,0.0,0.0,572734,77618395,596,TWSE,common_stock,true,false,false,false,false,false,false,false,true,
2025-09-23,3015,全漢,listed,55.2,55.3,54.3,54.8,0.0,0.0,352399,19346290,298,TWSE,common_stock,true,false,false,false,false,false,false,false,true,
2025-09-23,3016,嘉晶,listed,54.9,55.8,52.7,55.8,1.4,2.5735,6764835,364850535,4937,TWSE,common_stock,true,false,false,false,false,false,false,false,true,
2025-09-23,3017,奇鋐,listed,1060.0,1080.0,1010.0,1015.0,0.0,0.0,6659412,6956825835,10004,TWSE,common_stock,true,false,false,false,false,false,false,false,true,
2025-09-23,3018,隆銘綠能,listed,14.0,14.0,13.95,14.0,0.05,0.3584,7236,101366,44,TWSE,common_stock,true,false,false,false,false,false,false,false,true,
2025-09-23,3019,亞光,listed,165.0,166.0,161.0,161.5,-3.5,-2.1212,6804743,1107828810,6666,TWSE,common_stock,true,false,false,false,false,false,false,false,true,
2025-09-23,3021,鴻名,listed,18.15,18.15,17.9,17.95,-0.15,-0.8287,78279,1412066,66,TWSE,common_stock,true,false,false,false,false,false,false,false,true,
2025-09-23,3022,威強電,listed,67.6,67.8,67.0,67.2,-0.4,-0.5917,336677,22652902,493,TWSE,common_stock,true,false,false,false,false,false,false,false,true,
2025-09-23,3023,信邦,listed,238.5,239.5,236.0,236.5,-0.5,-0.211,1197194,283714254,1447,TWSE,common_stock,true,false,false,false,false,false,false,false,true,
2025-09-23,3024,憶聲,listed,13.5,13.5,13.1,13.25,-0.15,-1.1194,1029105,13585517,449,TWSE,common_stock,true,false,false,false,false,false,false,false,true,
2025-09-23,3025,星通,listed,44.2,44.35,43.9,43.9,-0.15,-0.3405,271554,11951787,231,TWSE,common_stock,true,false,false,false,false,false,false,false,true,
2025-09-23,3026,禾伸堂,listed,98.6,98.6,95.2,97.0,-2.8,-2.8056,3993524,385961796,3473,TWSE,common_stock,true,false,false,false,false,false,false,false,true,
2025-09-23,3027,盛達,listed,26.5,26.5,26.0,26.35,-0.15,-0.566,278033,7290335,198,TWSE,common_stock,true,false,false,false,false,false,false,false,true,
2025-09-23,3028,增你強,listed,31.7,31.8,31.55,31.8,0.1,0.3155,364142,11539257,242,TWSE,common_stock,true,false,false,false,false,false,false,false,true,
2025-09-23,3029,零壹,listed,125.0,125.5,124.0,125.0,0.0,0.0,768009,95905989,953,TWSE,common_stock,true,false,false,false,false,false,false,false,true,
2025-09-23,3030,德律,listed,188.5,196.0,188.0,189.0,-0.5,-0.2639,3465392,662354520,3740,TWSE,common_stock,true,false,false,false,false,false,false,false,true,
2025-09-23,3031,佰鴻,listed,21.15,21.15,20.5,20.6,-0.55,-2.6005,1048409,21700419,715,TWSE,common_stock,true,false,false,false,false,false,false,false,true,
2025-09-23,3032,偉訓,listed,100.5,100.5,97.3,97.5,-2.0,-2.0101,1130171,111187717,988,TWSE,common_stock,true,false,false,false,false,false,false,false,true,
2025-09-23,3033,威健,listed,28.5,28.7,28.2,28.25,-0.45,-1.5679,1757641,49820082,1223,TWSE,common_stock,true,false,false,false,false,false,false,false,true,
2025-09-23,3034,聯詠,listed,438.5,451.5,436.0,443.0,6.5,1.4891,6717088,2995204680,8732,TWSE,common_stock,true,false,false,false,false,false,false,false,true,
2025-09-23,3035,智原,listed,172.0,180.0,168.5,174.0,5.5,3.2641,20688831,3626307641,18979,TWSE,common_stock,true,false,false,false,false,false,false,false,true,
2025-09-23,3036,文曄,listed,135.5,139.0,135.5,137.5,3.5,2.6119,5023502,690494180,3572,TWSE,common_stock,true,false,false,false,false,false,false,false,true,
2025-09-23,3036A,文曄甲特,listed,50.6,50.7,50.5,50.7,0.0,0.0,51500,2605000,48,TWSE,warrant,false,false,true,false,false,false,false,false,false,security_type=warrant;symbol_not_4_digit
2025-09-23,3037,欣興,listed,160.0,165.0,159.0,159.0,0.5,0.3155,49227532,7945299387,31890,TWSE,common_stock,true,false,false,false,false,false,false,false,true,
2025-09-23,3038,全台,listed,22.1,22.3,21.7,21.85,-0.25,-1.1312,328855,7213565,249,TWSE,common_stock,true,false,false,false,false,false,false,false,true,
2025-09-23,3040,遠見,listed,64.6,65.4,63.6,64.7,0.3,0.4658,280431,18067186,365,TWSE,common_stock,true,false,false,false,false,false,false,false,true,
2025-09-23,3041,揚智,listed,30.9,31.5,30.35,30.35,-0.5,-1.6207,2112541,65133949,1882,TWSE,common_stock,true,false,false,false,false,false,false,false,true,
2025-09-23,3042,晶技,listed,97.1,97.6,93.0,93.0,-5.6,-5.6795,7439617,704047981,8218,TWSE,common_stock,true,false,false,false,false,false,false,false,true,
2025-09-23,3043,科風,listed,24.15,24.15,23.65,23.65,-0.5,-2.0704,108092,2579295,134,TWSE,common_stock,true,false,false,false,false,false,false,false,true,
2025-09-23,3044,健鼎,listed,310.0,311.5,306.0,309.5,2.5,0.8143,2568420,794527495,3675,TWSE,common_stock,true,false,false,false,false,false,false,false,true,
2025-09-23,3045,台灣大,listed,106.0,106.5,105.5,106.0,0.0,0.0,7455960,790851990,4568,TWSE,common_stock,true,false,false,false,false,false,false,false,true,
2025-09-23,3046,建碁,listed,44.15,44.2,43.7,43.9,-0.25,-0.5663,116118,5089443,137,TWSE,common_stock,true,false,false,false,false,false,false,false,true,
2025-09-23,3047,訊舟,listed,19.8,20.15,19.4,19.55,-0.05,-0.2551,1620896,31785099,1031,TWSE,common_stock,true,false,false,false,false,false,false,false,true,
2025-09-23,3048,益登,listed,39.3,42.55,39.3,42.55,3.85,9.9483,20041462,829099155,12160,TWSE,common_stock,true,false,false,false,false,false,false,false,true,
2025-09-23,3049,精金,listed,6.48,6.53,6.36,6.47,0.01,0.1548,1128336,7262163,693,TWSE,common_stock,true,false,false,false,false,false,false,false,true,
2025-09-23,3050,鈺德,listed,13.05,13.05,12.7,12.8,-0.15,-1.1583,610447,7799774,326,TWSE,common_stock,true,false,false,false,false,false,false,false,true,
2025-09-23,3051,力特,listed,23.1,23.15,22.8,22.9,-0.1,-0.4348,357699,8200305,285,TWSE,common_stock,true,false,false,false,false,false,false,false,true,
2025-09-23,3052,夆典,listed,11.35,11.35,11.25,11.3,0.0,0.0,358697,4052459,191,TWSE,common_stock,true,false,false,false,false,false,false,false,true,
2025-09-23,3054,立萬利,listed,23.8,24.0,23.7,23.9,-0.05,-0.2088,34030,813920,11,TWSE,common_stock,true,false,false,false,false,false,false,false,true,
2025-09-23,3055,蔚華科,listed,59.1,59.1,57.0,57.5,-0.7,-1.2027,366075,21109566,397,TWSE,common_stock,true,false,false,false,false,false,false,false,true,
2025-09-23,3056,富華新,listed,20.2,20.25,20.05,20.05,-0.1,-0.4963,1724664,34676278,1492,TWSE,common_stock,true,false,false,false,false,false,false,false,true,
2025-09-23,3057,喬鼎,listed,9.54,9.62,9.49,9.51,-0.03,-0.3145,187381,1785039,509,TWSE,common_stock,true,false,false,false,false,false,false,false,true,
2025-09-23,3058,立德,listed,12.0,12.1,11.7,11.8,-0.2,-1.6667,762629,9040898,359,TWSE,common_stock,true,false,false,false,false,false,false,false,true,
2025-09-23,3059,華晶科,listed,53.7,54.3,52.7,52.8,-0.6,-1.1236,8708235,463157223,7008,TWSE,common_stock,true,false,false,false,false,false,false,false,true,
2025-09-23,3060,銘異,listed,26.9,28.1,24.85,25.9,0.35,1.3699,21145074,562230679,9789,TWSE,common_stock,true,false,false,false,false,false,false,false,true,
2025-09-23,3062,建漢,listed,24.15,24.55,24.05,24.1,0.0,0.0,1304395,31583585,811,TWSE,common_stock,true,false,false,false,false,false,false,false,true,
2025-09-23,3090,日電貿,listed,76.0,76.4,74.6,74.8,-1.0,-1.3193,1970517,148073513,3957,TWSE,common_stock,true,false,false,false,false,false,false,false,true,
2025-09-23,3092,鴻碩,listed,16.25,16.35,16.15,16.25,-0.45,-2.6946,168349,2737575,229,TWSE,common_stock,true,false,false,false,false,false,false,false,true,
2025-09-23,3094,聯傑,listed,27.1,27.1,26.4,27.05,0.15,0.5576,437105,11661945,374,TWSE,common_stock,true,false,false,false,false,false,false,false,true,
2025-09-23,3130,一零四,listed,224.0,224.5,224.0,224.0,0.0,0.0,14436,3237384,128,TWSE,common_stock,true,false,false,false,false,false,false,false,true,
2025-09-23,3135,凌航,listed,39.85,41.35,38.6,40.05,1.0,2.5608,2997207,119485125,2005,TWSE,common_stock,true,false,false,false,false,false,false,false,true,
2025-09-23,3138,耀登,listed,97.6,107.0,96.2,107.0,9.6,9.8563,1431408,148567156,4955,TWSE,common_stock,true,false,false,false,false,false,false,false,true,
2025-09-23,3149,正達,listed,46.0,46.8,43.0,44.3,-0.2,-0.4494,22293644,994628022,19252,TWSE,common_stock,true,false,false,false,false,false,false,false,true,
2025-09-23,3150,鈺寶-創,listed,22.1,22.1,21.4,22.1,-0.25,-1.1186,57000,1240650,29,TWSE,common_stock,true,false,false,false,false,false,false,false,true,
2025-09-23,3164,景岳,listed,19.4,19.45,19.35,19.35,-0.1,-0.5141,21509,417533,82,TWSE,common_stock,true,false,false,false,false,false,false,false,true,
2025-09-23,3167,大量,listed,204.0,205.5,199.5,205.0,6.0,3.0151,2959453,601294883,3701,TWSE,common_stock,true,false,false,false,false,false,false,false,true,
2025-09-23,3168,眾福科,listed,49.7,49.7,48.9,49.0,-0.7,-1.4085,196146,9706658,83,TWSE,common_stock,true,false,false,false,false,false,false,false,true,
2025-09-23,3189,景碩,listed,113.5,116.5,111.0,111.5,-2.0,-1.7621,16951612,1926453435,9979,TWSE,common_stock,true,false,false,false,false,false,false,false,true,
2025-09-23,3209,全科,listed,32.25,32.25,31.7,31.7,-0.55,-1.7054,418349,13326916,496,TWSE,common_stock,true,false,false,false,false,false,false,false,true,
2025-09-23,3229,晟鈦,listed,14.45,14.5,14.3,14.5,0.05,0.346,19000,272800,12,TWSE,common_stock,true,false,false,false,false,false,false,false,true,
2025-09-23,3231,緯創,listed,122.5,126.0,122.0,122.5,1.0,0.823,76758569,9493250250,43644,TWSE,common_stock,true,false,false,false,false,false,false,false,true,
2025-09-23,3257,虹冠電,listed,71.5,74.5,69.3,73.0,2.1,2.9619,8522115,620487237,6567,TWSE,common_stock,true,false,false,false,false,false,false,false,true,
2025-09-23,3266,昇陽,listed,14.1,14.1,13.95,14.0,-0.1,-0.7092,21050,294405,19,TWSE,common_stock,true,false,false,false,false,false,false,false,true,
2025-09-23,3296,勝德,listed,23.05,23.1,22.35,22.5,-0.1,-0.4425,171850,3899164,165,TWSE,common_stock,true,false,false,false,false,false,false,false,true,
2025-09-23,3305,昇貿,listed,119.0,119.5,113.5,114.0,-4.0,-3.3898,8167972,946838913,7353,TWSE,common_stock,true,false,false,false,false,false,false,false,true,
2025-09-23,3308,聯德,listed,16.6,16.8,16.35,16.45,0.1,0.6116,59878,987691,72,TWSE,common_stock,true,false,false,false,false,false,false,false,true,
2025-09-23,3311,閎暉,listed,35.5,35.9,34.75,34.85,-0.5,-1.4144,762577,26761658,730,TWSE,common_stock,true,false,false,false,false,false,false,false,true,
2025-09-23,3312,弘憶股,listed,44.9,45.65,44.1,44.1,0.3,0.6849,1398053,62433502,1033,TWSE,common_stock,true,false,false,false,false,false,false,false,true,
2025-09-23,3321,同泰,listed,13.3,13.5,13.15,13.35,-0.15,-1.1111,45886,611240,97,TWSE,common_stock,true,false,false,false,false,false,false,false,true,
2025-09-23,3338,泰碩,listed,60.0,61.1,59.5,59.9,0.5,0.8418,494587,29757704,442,TWSE,common_stock,true,false,false,false,false,false,false,false,true,
2025-09-23,3346,麗清,listed,23.2,23.2,22.9,23.0,-0.3,-1.2876,314838,7244963,257,TWSE,common_stock,true,false,false,false,false,false,false,false,true,
2025-09-23,3356,奇偶,listed,54.2,55.0,53.1,54.2,0.6,1.1194,806756,43644067,822,TWSE,common_stock,true,false,false,false,false,false,false,false,true,
2025-09-23,3376,新日興,listed,240.5,243.5,234.0,237.0,-1.5,-0.6289,5193509,1236509318,4746,TWSE,common_stock,true,false,false,false,false,false,false,false,true,
2025-09-23,3380,明泰,listed,32.2,32.2,32.2,32.2,2.9,9.8976,4012268,129194979,1613,TWSE,common_stock,true,false,false,false,false,false,false,false,true,
2025-09-23,3406,玉晶光,listed,454.0,454.0,440.5,443.5,1.0,0.226,1244110,554127375,2067,TWSE,common_stock,true,false,false,false,false,false,false,false,true,
2025-09-23,3413,京鼎,listed,307.0,315.0,305.5,306.0,4.0,1.3245,2617560,811307734,7804,TWSE,common_stock,true,false,false,false,false,false,false,false,true,
2025-09-23,3416,融程電,listed,186.5,187.5,182.5,184.0,-0.5,-0.271,805775,148410666,983,TWSE,common_stock,true,false,false,false,false,false,false,false,true,
2025-09-23,3419,譁裕,listed,13.1,14.35,13.1,14.35,1.3,9.9617,1437232,20268686,637,TWSE,common_stock,true,false,false,false,false,false,false,false,true,
2025-09-23,3432,台端,listed,15.75,15.75,15.1,15.25,-0.4,-2.5559,30764,472506,64,TWSE,common_stock,true,false,false,false,false,false,false,false,true,
2025-09-23,3437,榮創,listed,15.65,15.85,15.45,15.55,-0.1,-0.639,336819,5235884,214,TWSE,common_stock,true,false,false,false,false,false,false,false,true,
2025-09-23,3443,創意,listed,1310.0,1330.0,1290.0,1315.0,15.0,1.1538,2052766,2699011860,5262,TWSE,common_stock,true,false,false,false,false,false,false,false,true,
2025-09-23,3447,展達,listed,69.0,69.0,67.0,67.1,-1.9,-2.7536,779869,52876526,1870,TWSE,common_stock,true,false,false,false,false,false,false,false,true,
2025-09-23,3450,聯鈞,listed,263.5,280.0,261.0,278.0,19.5,7.5435,51958770,14155319598,43644,TWSE,common_stock,true,false,false,false,false,false,false,false,true,
2025-09-23,3454,晶睿,listed,94.1,94.5,93.2,94.1,0.1,0.1064,87929,8259832,156,TWSE,common_stock,true,false,false,false,false,false,false,false,true,
2025-09-23,3481,群創,listed,14.1,14.25,13.85,14.15,0.1,0.7117,73768800,1037399953,15398,TWSE,common_stock,true,false,false,false,false,false,false,false,true,
2025-09-23,3494,誠研,listed,10.3,10.65,9.9,10.0,-0.3,-2.9126,373925,3747745,566,TWSE,common_stock,true,false,false,false,false,false,false,false,true,
2025-09-23,3501,維熹,listed,52.3,52.3,51.8,51.8,-0.3,-0.5758,213731,11103171,165,TWSE,common_stock,true,false,false,false,false,false,false,false,true,
2025-09-23,3504,揚明光,listed,64.0,65.4,62.1,62.1,-0.8,-1.2719,1496323,94843820,2185,TWSE,common_stock,true,false,false,false,false,false,false,false,true,
2025-09-23,3515,華擎,listed,283.0,283.5,276.5,278.0,0.0,0.0,554082,154979593,1046,TWSE,common_stock,true,false,false,false,false,false,false,false,true,
2025-09-23,3518,柏騰,listed,23.2,23.2,22.35,22.95,0.15,0.6579,411293,9362538,284,TWSE,common_stock,true,false,false,false,false,false,false,false,true,
2025-09-23,3528,安馳,listed,71.9,71.9,70.9,71.1,0.0,0.0,232937,16581780,205,TWSE,common_stock,true,false,false,false,false,false,false,false,true,
2025-09-23,3530,晶相光,listed,67.0,67.7,64.9,66.0,-1.9,-2.7982,598422,39668388,885,TWSE,common_stock,true,false,false,false,false,false,false,false,true,
2025-09-23,3532,台勝科,listed,122.0,122.0,110.5,110.5,-12.0,-9.7959,10366728,1183849626,8154,TWSE,common_stock,true,false,false,false,false,false,false,false,true,
2025-09-23,3533,嘉澤,listed,1625.0,1625.0,1590.0,1605.0,-20.0,-1.2308,450161,723298230,1636,TWSE,common_stock,true,false,false,false,false,false,false,false,true,
2025-09-23,3535,晶彩科,listed,83.1,86.0,82.1,84.0,0.9,1.083,14361456,1205912364,9700,TWSE,common_stock,true,false,false,false,false,false,false,false,true,
2025-09-23,3543,州巧,listed,36.25,37.15,34.5,36.5,0.2,0.551,4846315,174299105,3219,TWSE,common_stock,true,false,false,false,false,false,false,false,true,
2025-09-23,3545,敦泰,listed,70.0,70.0,67.2,67.4,-1.6,-2.3188,1709273,116348729,1553,TWSE,common_stock,true,false,false,false,false,false,false,false,true,
2025-09-23,3550,聯穎,listed,15.15,16.1,15.0,15.2,0.35,2.3569,868560,13421832,582,TWSE,common_stock,true,false,false,false,false,false,false,false,true,
2025-09-23,3557,嘉威,listed,38.55,38.55,38.0,38.0,-0.55,-1.4267,129533,4943768,233,TWSE,common_stock,true,false,false,false,false,false,false,false,true,
2025-09-23,3563,牧德,listed,556.0,558.0,542.0,544.0,-4.0,-0.7299,667179,365630869,1208,TWSE,common_stock,true,false,false,false,false,false,false,false,true,
2025-09-23,3576,聯合再生,listed,6.81,6.82,6.66,6.78,-0.03,-0.4405,3931932,26395829,1593,TWSE,common_stock,true,false,false,false,false,false,false,false,true,
2025-09-23,3583,辛耘,listed,385.0,398.0,384.0,388.0,13.5,3.6048,5762821,2261855046,7709,TWSE,common_stock,true,false,false,false,false,false,false,false,true,
2025-09-23,3588,通嘉,listed,52.0,52.9,50.5,51.0,-0.8,-1.5444,615970,31638587,612,TWSE,common_stock,true,false,false,false,false,false,false,false,true,
2025-09-23,3591,艾笛森,listed,18.5,18.8,18.35,18.55,-0.1,-0.5362,443431,8258399,219,TWSE,common_stock,true,false,false,false,false,false,false,false,true,
2025-09-23,3592,瑞鼎,listed,297.0,302.0,295.0,296.5,-0.5,-0.1684,297018,88594375,600,TWSE,common_stock,true,false,false,false,false,false,false,false,true,
2025-09-23,3593,力銘,listed,7.25,7.25,7.0,7.1,-0.15,-2.069,22002,155562,15,TWSE,common_stock,true,false,false,false,false,false,false,false,true,
2025-09-23,3596,智易,listed,223.0,224.5,221.0,223.0,0.0,0.0,480151,107039185,2451,TWSE,common_stock,true,false,false,false,false,false,false,false,true,
2025-09-23,3605,宏致,listed,75.5,75.5,72.9,73.3,-1.7,-2.2667,4380214,323082505,3884,TWSE,common_stock,true,false,false,false,false,false,false,false,true,
2025-09-23,3607,谷崧,listed,13.75,13.75,13.45,13.55,-0.3,-2.1661,509197,6914666,314,TWSE,common_stock,true,false,false,false,false,false,false,false,true,
2025-09-23,3617,碩天,listed,218.0,218.5,214.5,217.0,-1.0,-0.4587,175444,37964712,250,TWSE,common_stock,true,false,false,false,false,false,false,false,true,
2025-09-23,3622,洋華,listed,53.0,53.0,51.8,52.5,-0.2,-0.3795,248295,12977206,278,TWSE,common_stock,true,false,false,false,false,false,false,false,true,
2025-09-23,3645,達邁,listed,72.7,75.6,72.7,73.1,0.5,0.6887,10156876,756300479,8549,TWSE,common_stock,true,false,false,false,false,false,false,false,true,
2025-09-23,3652,精聯,listed,31.2,31.2,30.8,30.85,-0.35,-1.1218,64091,1980221,40,TWSE,common_stock,true,false,false,false,false,false,false,false,true,
2025-09-23,3653,健策,listed,2325.0,2410.0,2295.0,2355.0,60.0,2.6144,1536862,3624101030,3359,TWSE,common_stock,true,false,false,false,false,false,false,false,true,
2025-09-23,3661,世芯-KY,listed,3810.0,3825.0,3690.0,3700.0,-60.0,-1.5957,1326411,4965693935,9106,TWSE,common_stock,true,false,false,false,false,false,false,false,true,
2025-09-23,3665,貿聯-KY,listed,1135.0,1145.0,1085.0,1085.0,-35.0,-3.125,2281366,2507910110,5020,TWSE,common_stock,true,false,false,false,false,false,false,false,true,
2025-09-23,3669,圓展,listed,32.2,32.25,31.95,31.95,-0.2,-0.6221,38283,1226782,54,TWSE,common_stock,true,false,false,false,false,false,false,false,true,
2025-09-23,3673,TPK-KY,listed,39.5,39.55,38.5,39.3,0.0,0.0,1750104,68273642,1233,TWSE,common_stock,true,false,false,false,false,false,false,false,true,
2025-09-23,3679,新至陞,listed,115.0,116.0,115.0,115.0,0.0,0.0,53563,6167578,57,TWSE,common_stock,true,false,false,false,false,false,false,false,true,
2025-09-23,3686,達能,listed,18.05,19.85,18.05,19.85,1.8,9.9723,1705440,32883129,1276,TWSE,common_stock,true,false,false,false,false,false,false,false,true,
2025-09-23,3694,海華,listed,83.9,84.6,81.9,83.8,0.3,0.3593,2265844,188510157,2224,TWSE,common_stock,true,false,false,false,false,false,false,false,true,
2025-09-23,3701,大眾控,listed,43.0,43.05,42.1,42.1,-0.9,-2.093,1165788,49471530,921,TWSE,common_stock,true,false,false,false,false,false,false,false,true,
2025-09-23,3702,大聯大,listed,65.7,66.5,65.7,66.1,0.4,0.6088,4277548,282907553,2692,TWSE,common_stock,true,false,false,false,false,false,false,false,true,
2025-09-23,3703,欣陸,listed,23.15,23.25,22.95,23.0,-0.15,-0.6479,1053544,24289257,496,TWSE,common_stock,true,false,false,false,false,false,false,false,true,
2025-09-23,3704,合勤控,listed,36.05,36.1,35.0,35.7,-0.25,-0.6954,3837113,136296429,2668,TWSE,common_stock,true,false,false,false,false,false,false,false,true,
2025-09-23,3705,永信,listed,55.8,56.3,55.6,55.9,-0.1,-0.1786,395619,22134351,290,TWSE,common_stock,true,false,false,false,false,false,false,false,true,
2025-09-23,3706,神達,listed,90.2,91.5,88.4,90.0,2.2,2.5057,91591965,8244725724,61320,TWSE,common_stock,true,false,false,false,false,false,false,false,true,
2025-09-23,3708,上緯投控,listed,118.0,119.0,114.0,114.5,-3.5,-2.9661,1743481,201713466,1589,TWSE,common_stock,true,false,false,false,false,false,false,false,true,
2025-09-23,3711,日月光投控,listed,177.5,177.5,173.5,174.5,2.0,1.1594,26525378,4640518997,11820,TWSE,common_stock,true,false,false,false,false,false,false,false,true,
2025-09-23,3712,永崴投控,listed,34.55,34.85,34.15,34.3,-0.25,-0.7236,756249,25973310,621,TWSE,common_stock,true,false,false,false,false,false,false,false,true,
2025-09-23,3714,富采,listed,39.8,39.95,39.3,39.75,0.15,0.3788,2107952,83583227,1586,TWSE,common_stock,true,false,false,false,false,false,false,false,true,
2025-09-23,3715,定穎投控,listed,93.0,93.6,90.1,90.1,-2.0,-2.1716,13811129,1263252492,10355,TWSE,common_stock,true,false,false,false,false,false,false,false,true,
2025-09-23,3716,中化控股,listed,33.3,33.35,33.2,33.2,-0.1,-0.3003,48192,1601881,196,TWSE,common_stock,true,false,false,false,false,false,false,false,true,
2025-09-23,3717,聯嘉投控,listed,20.1,20.1,19.6,19.9,-0.15,-0.7481,652537,12966668,437,TWSE,common_stock,true,false,false,false,false,false,false,false,true,
2025-09-23,4104,佳醫,listed,84.8,85.0,84.5,84.6,-0.3,-0.3534,228450,19338298,357,TWSE,common_stock,true,false,false,false,false,false,false,false,true,
2025-09-23,4106,雃博,listed,22.1,22.1,21.9,22.0,-0.1,-0.4525,62024,1362168,114,TWSE,common_stock,true,false,false,false,false,false,false,false,true,
2025-09-23,4108,懷特,listed,15.15,15.5,15.15,15.3,-0.2,-1.2903,181359,2782393,162,TWSE,common_stock,true,false,false,false,false,false,false,false,true,
2025-09-23,4119,旭富,listed,57.8,59.5,57.6,59.1,1.4,2.4263,222778,13046417,331,TWSE,common_stock,true,false,false,false,false,false,false,false,true,
2025-09-23,4133,亞諾法,listed,25.75,25.85,25.75,25.8,0.0,0.0,50030,1290849,95,TWSE,common_stock,true,false,false,false,false,false,false,false,true,
2025-09-23,4137,麗豐-KY,listed,105.5,105.5,103.5,104.5,-0.5,-0.4762,165988,17326295,197,TWSE,common_stock,true,false,false,false,false,false,false,false,true,
2025-09-23,4142,國光生,listed,18.25,18.4,18.15,18.35,0.1,0.5479,942201,17220111,490,TWSE,common_stock,true,false,false,false,false,false,false,false,true,
2025-09-23,4148,全宇生技-KY,listed,40.9,40.9,39.1,39.35,-0.25,-0.6313,47250,1868909,49,TWSE,common_stock,true,false,false,false,false,false,false,false,true,
2025-09-23,4155,訊映,listed,14.95,14.95,14.7,14.95,0.0,0.0,136142,2017396,184,TWSE,common_stock,true,false,false,false,false,false,false,false,true,
2025-09-23,4164,承業醫,listed,47.55,47.55,46.55,47.0,-0.55,-1.1567,850409,39966593,643,TWSE,common_stock,true,false,false,false,false,false,false,false,true,
2025-09-23,4190,佐登-KY,listed,33.9,34.0,33.8,33.85,0.05,0.1479,15156,513694,42,TWSE,common_stock,true,false,false,false,false,false,false,false,true,
2025-09-23,4306,炎洲,listed,14.15,14.15,14.0,14.05,0.0,0.0,909925,12792653,500,TWSE,common_stock,true,false,false,false,false,false,false,false,true,
2025-09-23,4414,如興,listed,11.3,11.4,11.25,11.3,-0.15,-1.31,262699,2972891,172,TWSE,common_stock,true,false,false,false,false,false,false,false,true,
2025-09-23,4426,利勤,listed,10.3,10.4,10.25,10.25,-0.1,-0.9662,48585,499296,57,TWSE,common_stock,true,false,false,false,false,false,false,false,true,
2025-09-23,4438,廣越,listed,71.3,71.3,70.2,71.0,-0.3,-0.4208,121977,8625793,117,TWSE,common_stock,true,false,false,false,false,false,false,false,true,
2025-09-23,4439,冠星-KY,listed,97.5,97.9,95.0,97.8,1.0,1.0331,7275,704297,101,TWSE,common_stock,true,false,false,false,false,false,false,false,true,
2025-09-23,4440,宜新實業,listed,17.0,17.35,16.9,17.0,-0.25,-1.4493,55451,944963,48,TWSE,common_stock,true,false,false,false,false,false,false,false,true,
2025-09-23,4441,振大環球,listed,248.5,252.0,246.5,251.0,2.5,1.006,478199,119584110,431,TWSE,common_stock,true,false,false,false,false,false,false,false,true,
2025-09-23,4526,東台,listed,37.1,38.5,36.75,36.75,-0.15,-0.4065,7097059,265955421,5190,TWSE,common_stock,true,false,false,false,false,false,false,false,true,
2025-09-23,4532,瑞智,listed,24.45,24.45,24.1,24.15,-0.2,-0.8214,1151141,27921256,757,TWSE,common_stock,true,false,false,false,false,false,false,false,true,
2025-09-23,4536,拓凱,listed,193.5,193.5,191.5,191.5,-0.5,-0.2604,268445,51630549,470,TWSE,common_stock,true,false,false,false,false,false,false,false,true,
2025-09-23,4540,全球傳動,listed,43.75,43.8,42.5,42.55,-0.8,-1.8454,1146242,49103092,1100,TWSE,common_stock,true,false,false,false,false,false,false,false,true,
2025-09-23,4545,銘鈺,listed,33.35,34.45,32.45,33.1,0.0,0.0,427463,14281536,388,TWSE,common_stock,true,false,false,false,false,false,false,false,true,
2025-09-23,4551,智伸科,listed,146.5,146.5,139.5,139.5,-6.5,-4.4521,1261043,178771965,1431,TWSE,common_stock,true,false,false,false,false,false,false,false,true,
2025-09-23,4552,力達-KY,listed,22.85,22.85,22.7,22.8,-0.1,-0.4367,49974,1138739,72,TWSE,common_stock,true,false,false,false,false,false,false,false,true,
2025-09-23,4555,氣立,listed,43.8,43.95,42.9,42.9,-0.35,-0.8092,519293,22472273,667,TWSE,common_stock,true,false,false,false,false,false,false,false,true,
2025-09-23,4557,永新-KY,listed,82.1,82.1,80.3,81.5,-0.8,-0.9721,251096,20378990,250,TWSE,common_stock,true,false,false,false,false,false,false,false,true,
2025-09-23,4560,強信-KY,listed,33.45,33.85,33.4,33.6,0.25,0.7496,63000,2121100,42,TWSE,common_stock,true,false,false,false,false,false,false,false,true,
2025-09-23,4562,穎漢,listed,47.0,47.35,46.0,46.1,-0.65,-1.3904,311961,14418586,338,TWSE,common_stock,true,false,false,false,false,false,false,false,true,
2025-09-23,4564,元翎,listed,20.2,20.35,19.7,19.85,-0.15,-0.75,1920320,38320221,1211,TWSE,common_stock,true,false,false,false,false,false,false,false,true,
2025-09-23,4566,時碩工業,listed,57.3,57.4,55.7,55.7,-1.5,-2.6224,596733,33526498,551,TWSE,common_stock,true,false,false,false,false,false,false,false,true,
2025-09-23,4569,六方科-KY,listed,163.5,165.5,160.0,160.5,-2.0,-1.2308,54172,8771020,261,TWSE,common_stock,true,false,false,false,false,false,false,false,true,
2025-09-23,4571,鈞興-KY,listed,180.5,181.0,178.0,178.5,-1.0,-0.5571,311157,55768835,608,TWSE,common_stock,true,false,false,false,false,false,false,false,true,
2025-09-23,4572,駐龍,listed,166.0,166.0,164.0,164.5,-0.5,-0.303,150443,24741322,667,TWSE,common_stock,true,false,false,false,false,false,false,false,true,
2025-09-23,4576,大銀微系統,listed,121.0,123.0,119.5,120.0,-0.5,-0.4149,767123,92792053,1046,TWSE,common_stock,true,false,false,false,false,false,false,false,true,
2025-09-23,4581,光隆精密-KY,listed,55.4,55.4,54.4,54.4,0.0,0.0,11066,604807,12,TWSE,common_stock,true,false,false,false,false,false,false,false,true,
2025-09-23,4583,台灣精銳,listed,701.0,704.0,695.0,695.0,-6.0,-0.8559,188046,131470433,518,TWSE,common_stock,true,false,false,false,false,false,false,false,true,
2025-09-23,4588,玖鼎電力,listed,62.6,62.6,61.7,62.4,-0.3,-0.4785,82051,5100198,110,TWSE,common_stock,true,false,false,false,false,false,false,false,true,
2025-09-23,4720,德淵,listed,15.7,15.75,15.5,15.5,-0.2,-1.2739,232896,3625091,105,TWSE,common_stock,true,false,false,false,false,false,false,false,true,
2025-09-23,4722,國精化,listed,178.5,180.5,162.0,166.0,-1.0,-0.5988,20378987,3491459589,13114,TWSE,common_stock,true,false,false,false,false,false,false,false,true,
2025-09-23,4736,泰博,listed,119.5,120.0,119.0,119.5,-1.0,-0.8299,134617,16098509,196,TWSE,common_stock,true,false,false,false,false,false,false,false,true,
2025-09-23,4737,華廣,listed,64.1,64.8,62.7,62.7,-1.8,-2.7907,140564,8874710,187,TWSE,common_stock,true,false,false,false,false,false,false,false,true,
2025-09-23,4739,康普,listed,64.1,65.6,63.6,64.6,0.5,0.78,561592,36292203,874,TWSE,common_stock,true,false,false,false,false,false,false,false,true,
2025-09-23,4746,台耀,listed,64.9,65.4,64.6,65.1,0.3,0.463,431861,28077771,395,TWSE,common_stock,true,false,false,false,false,false,false,false,true,
2025-09-23,4755,三福化,listed,129.5,134.0,129.0,132.0,2.5,1.9305,302502,39997395,390,TWSE,common_stock,true,false,false,false,false,false,false,false,true,
2025-09-23,4763,材料*-KY,listed,66.0,67.1,66.0,66.4,0.4,0.6061,5198656,346318047,3725,TWSE,common_stock,true,false,false,false,false,false,false,false,true,
2025-09-23,4764,雙鍵,listed,41.1,41.5,41.0,41.4,0.15,0.3636,27000,1113500,20,TWSE,common_stock,true,false,false,false,false,false,false,false,true,
2025-09-23,4766,南寶,listed,420.0,423.0,410.5,416.5,-0.5,-0.1199,1251470,520177816,1818,TWSE,common_stock,true,false,false,false,false,false,false,false,true,
2025-09-23,4770,上品,listed,307.0,312.0,305.0,308.0,2.0,0.6536,715032,220590686,1067,TWSE,common_stock,true,false,false,false,false,false,false,false,true,
2025-09-23,4771,望隼,listed,178.0,178.5,177.0,177.5,-0.5,-0.2809,73536,13056609,95,TWSE,common_stock,true,false,false,false,false,false,false,false,true,
2025-09-23,4807,日成-KY,listed,17.4,17.65,17.4,17.4,0.0,0.0,30584,534203,201,TWSE,common_stock,true,false,false,false,false,false,false,false,true,
2025-09-23,4904,遠傳,listed,85.5,86.4,85.0,85.9,0.4,0.4678,9531862,819048962,4937,TWSE,common_stock,true,false,false,false,false,false,false,false,true,
2025-09-23,4906,正文,listed,25.6,25.9,25.25,25.35,-0.05,-0.1969,2369043,60392559,1311,TWSE,common_stock,true,false,false,false,false,false,false,false,true,
2025-09-23,4912,聯德控股-KY,listed,79.2,80.0,78.5,79.4,0.0,0.0,241725,19142124,333,TWSE,common_stock,true,false,false,false,false,false,false,false,true,
2025-09-23,4915,致伸,listed,80.2,80.6,78.6,78.6,-1.1,-1.3802,1258784,99838261,1198,TWSE,common_stock,true,false,false,false,false,false,false,false,true,
2025-09-23,4916,事欣科,listed,61.0,61.9,59.4,59.6,-2.0,-3.2468,6738506,404841237,6263,TWSE,common_stock,true,false,false,false,false,false,false,false,true,
2025-09-23,4919,新唐,listed,66.3,66.8,64.6,64.6,-1.7,-2.5641,3290672,214632876,3089,TWSE,common_stock,true,false,false,false,false,false,false,false,true,
2025-09-23,4927,泰鼎-KY,listed,26.3,26.45,24.85,24.85,-1.25,-4.7893,10698715,272555124,7457,TWSE,common_stock,true,false,false,false,false,false,false,false,true,
2025-09-23,4930,燦星網,listed,23.45,23.45,23.3,23.3,-0.15,-0.6397,23614,551840,112,TWSE,common_stock,true,false,false,false,false,false,false,false,true,
2025-09-23,4934,太極,listed,14.2,15.35,13.75,15.15,0.7,4.8443,4149715,60113642,2127,TWSE,common_stock,true,false,false,false,false,false,false,false,true,
2025-09-23,4935,茂林-KY,listed,46.45,46.45,45.55,45.55,-0.8,-1.726,86471,3969007,144,TWSE,common_stock,true,false,false,false,false,false,false,false,true,
2025-09-23,4938,和碩,listed,71.0,72.1,71.0,71.1,0.4,0.5658,9767542,697763749,5726,TWSE,common_stock,true,false,false,false,false,false,false,false,true,
2025-09-23,4942,嘉彰,listed,36.1,36.1,35.55,35.8,-0.3,-0.831,228656,8178986,147,TWSE,common_stock,true,false,false,false,false,false,false,false,true,
2025-09-23,4943,康控-KY,listed,9.49,9.49,9.47,9.47,0.02,0.2116,8218,77649,18,TWSE,common_stock,true,false,false,false,false,false,false,false,true,
2025-09-23,4949,有成精密,listed,42.5,42.5,40.7,41.15,-1.05,-2.4882,663935,27375967,1178,TWSE,common_stock,true,false,false,false,false,false,false,false,true,
2025-09-23,4952,凌通,listed,43.05,43.05,42.2,42.55,-0.35,-0.8159,211803,9013012,223,TWSE,common_stock,true,false,false,false,false,false,false,false,true,
2025-09-23,4956,光鋐,listed,22.35,22.35,21.55,21.8,-0.15,-0.6834,587619,12788613,321,TWSE,common_stock,true,false,false,false,false,false,false,false,true,
2025-09-23,4958,臻鼎-KY,listed,176.5,178.0,169.5,171.5,-3.5,-2.0,22962397,3989056343,15364,TWSE,common_stock,true,false,false,false,false,false,false,false,true,
2025-09-23,4960,誠美材,listed,15.05,15.1,14.4,14.45,-0.65,-4.3046,2189020,31934683,954,TWSE,common_stock,true,false,false,false,false,false,false,false,true,
2025-09-23,4961,天鈺,listed,177.5,177.5,173.5,173.5,-3.0,-1.6997,407350,71354296,1462,TWSE,common_stock,true,false,false,false,false,false,false,false,true,
2025-09-23,4967,十銓,listed,88.5,89.0,86.4,88.5,-0.5,-0.5618,3906748,342882412,9461,TWSE,common_stock,true,false,false,false,false,false,false,false,true,
2025-09-23,4968,立積,listed,155.0,156.5,150.5,151.5,-5.0,-3.1949,2765240,420255129,2900,TWSE,common_stock,true,false,false,false,false,false,false,false,true,
2025-09-23,4976,佳凌,listed,42.9,42.95,40.5,40.95,-1.95,-4.5455,3186448,131565035,2702,TWSE,common_stock,true,false,false,false,false,false,false,false,true,
2025-09-23,4977,眾達-KY,listed,128.0,128.5,125.0,127.0,-0.5,-0.3922,6471519,818314733,5542,TWSE,common_stock,true,false,false,false,false,false,false,false,true,
2025-09-23,4989,榮科,listed,26.85,28.35,25.65,25.65,-0.85,-3.2075,3251696,86432104,1941,TWSE,common_stock,true,false,false,false,false,false,false,false,true,
2025-09-23,4994,傳奇,listed,95.0,95.0,93.8,94.6,0.3,0.3181,30528,2889788,43,TWSE,common_stock,true,false,false,false,false,false,false,false,true,
2025-09-23,4999,鑫禾,listed,26.5,26.5,26.15,26.25,-0.15,-0.5682,68589,1804619,119,TWSE,common_stock,true,false,false,false,false,false,false,false,true,
2025-09-23,5007,三星,listed,51.1,51.7,51.1,51.7,-0.2,-0.3854,61492,3151765,48,TWSE,common_stock,true,false,false,false,false,false,false,false,true,
2025-09-23,5203,訊連,listed,99.0,99.2,97.6,97.6,-1.1,-1.1145,189287,18621299,301,TWSE,common_stock,true,false,false,false,false,false,false,false,true,
2025-09-23,5215,科嘉-KY,listed,34.4,34.55,34.15,34.15,-0.3,-0.8708,42288,1450025,35,TWSE,common_stock,true,false,false,false,false,false,false,false,true,
2025-09-23,5222,全訊,listed,146.0,147.0,139.0,140.0,-5.5,-3.7801,1840037,260680740,4667,TWSE,common_stock,true,false,false,false,false,false,false,false,true,
2025-09-23,5225,東科-KY,listed,111.0,113.5,111.0,112.5,2.0,1.81,603420,67760528,538,TWSE,common_stock,true,false,false,false,false,false,false,false,true,
2025-09-23,5234,達興材料,listed,380.5,407.5,380.5,399.0,20.5,5.4161,2397692,949547284,3403,TWSE,common_stock,true,false,false,false,false,false,false,false,true,
2025-09-23,5243,乙盛-KY,listed,75.7,75.8,73.7,73.8,-1.9,-2.5099,1605858,119518078,3186,TWSE,common_stock,true,false,false,false,false,false,false,false,true,
2025-09-23,5244,弘凱,listed,45.8,46.1,44.95,45.0,-0.4,-0.8811,723874,32720613,504,TWSE,common_stock,true,false,false,false,false,false,false,false,true,
2025-09-23,5258,虹堡,listed,77.0,78.6,77.0,78.2,1.1,1.4267,428290,33391203,483,TWSE,common_stock,true,false,false,false,false,false,false,false,true,
2025-09-23,5269,祥碩,listed,1540.0,1540.0,1510.0,1525.0,-5.0,-0.3268,378886,577748665,1413,TWSE,common_stock,true,false,false,false,false,false,false,false,true,
2025-09-23,5283,禾聯碩,listed,68.4,69.2,68.4,69.0,0.7,1.0249,107442,7393898,373,TWSE,common_stock,true,false,false,false,false,false,false,false,true,
2025-09-23,5284,jpp-KY,listed,291.0,293.0,283.5,286.5,-2.0,-0.6932,2555014,734047404,3651,TWSE,common_stock,true,false,false,false,false,false,false,false,true,
2025-09-23,5285,界霖,listed,49.8,50.5,49.0,50.0,0.4,0.8065,161055,8011461,166,TWSE,common_stock,true,false,false,false,false,false,false,false,true,
2025-09-23,5288,豐祥-KY,listed,111.5,111.5,108.0,110.5,-1.5,-1.3393,296533,32561116,415,TWSE,common_stock,true,false,false,false,false,false,false,false,true,
2025-09-23,5292,華懋,listed,155.5,159.0,155.5,157.5,1.5,0.9615,110238,17358037,248,TWSE,common_stock,true,false,false,false,false,false,false,false,true,
2025-09-23,5306,桂盟,listed,88.5,88.8,87.5,87.8,-0.7,-0.791,126373,11117620,185,TWSE,common_stock,true,false,false,false,false,false,false,false,true,
2025-09-23,5388,中磊,listed,104.0,106.0,103.5,105.5,2.5,2.4272,2397261,252430773,1757,TWSE,common_stock,true,false,false,false,false,false,false,false,true,
2025-09-23,5434,崇越,listed,299.0,305.0,298.0,302.5,5.5,1.8519,1033439,311945366,1585,TWSE,common_stock,true,false,false,false,false,false,false,false,true,
2025-09-23,5469,瀚宇博,listed,113.5,115.0,103.5,104.0,-3.0,-2.8037,41713088,4550786736,33619,TWSE,common_stock,true,false,false,false,false,false,false,false,true,
2025-09-23,5471,松翰,listed,38.8,38.95,38.05,38.8,0.3,0.7792,494275,19004434,585,TWSE,common_stock,true,false,false,false,false,false,false,false,true,
2025-09-23,5484,慧友,listed,42.15,42.5,41.0,42.4,0.5,1.1933,342631,14320672,332,TWSE,common_stock,true,false,false,false,false,false,false,false,true,
2025-09-23,5515,建國,listed,23.95,24.1,23.8,23.8,-0.1,-0.4184,135348,3240366,152,TWSE,common_stock,true,false,false,false,false,false,false,false,true,
2025-09-23,5519,隆大,listed,29.55,29.8,29.4,29.65,0.15,0.5085,214871,6351906,177,TWSE,common_stock,true,false,false,false,false,false,false,false,true,
2025-09-23,5521,工信,listed,12.15,12.2,12.05,12.15,0.0,0.0,1144190,13876621,485,TWSE,common_stock,true,false,false,false,false,false,false,false,true,
2025-09-23,5522,遠雄,listed,63.3,63.4,62.5,63.2,-0.6,-0.9404,1044872,65708485,901,TWSE,common_stock,true,false,false,false,false,false,false,false,true,
2025-09-23,5525,順天,listed,29.0,29.0,28.5,28.85,0.0,0.0,75100,2156010,51,TWSE,common_stock,true,false,false,false,false,false,false,false,true,
2025-09-23,5531,鄉林,listed,9.17,9.2,9.15,9.2,0.03,0.3272,264582,2427222,158,TWSE,common_stock,true,false,false,false,false,false,false,false,true,
2025-09-23,5533,皇鼎,listed,15.0,15.0,14.8,14.95,-0.05,-0.3333,272959,4067441,161,TWSE,common_stock,true,false,false,false,false,false,false,false,true,
2025-09-23,5534,長虹,listed,77.8,77.8,76.8,77.4,-0.3,-0.3861,677121,52322879,954,TWSE,common_stock,true,false,false,false,false,false,false,false,true,
2025-09-23,5538,東明-KY,listed,29.35,29.35,29.2,29.2,-0.05,-0.1709,11000,322200,9,TWSE,common_stock,true,false,false,false,false,false,false,false,true,
2025-09-23,5546,永固-KY,listed,25.75,25.75,24.55,25.35,-0.05,-0.1969,22732,571739,30,TWSE,common_stock,true,false,false,false,false,false,false,false,true,
2025-09-23,5607,遠雄港,listed,49.5,49.7,49.15,49.25,-0.25,-0.5051,346026,17095434,597,TWSE,common_stock,true,false,false,false,false,false,false,false,true,
2025-09-23,5608,四維航,listed,17.2,17.25,16.75,17.0,-0.25,-1.4493,2621061,44352191,1451,TWSE,common_stock,true,false,false,false,false,false,false,false,true,
2025-09-23,5706,鳳凰,listed,53.7,53.7,53.0,53.6,-0.1,-0.1862,255235,13611280,616,TWSE,common_stock,true,false,false,false,false,false,false,false,true,
2025-09-23,5871,中租-KY,listed,119.0,119.5,117.5,118.0,-1.0,-0.8403,3892352,459537476,3356,TWSE,common_stock,true,false,false,false,false,false,false,false,true,
2025-09-23,5871A,中租-KY甲特,listed,101.5,101.5,101.0,101.5,0.0,0.0,117438,11916938,42,TWSE,warrant,false,false,true,false,false,false,false,false,false,security_type=warrant;symbol_not_4_digit
2025-09-23,5876,上海商銀,listed,41.8,42.0,41.55,42.0,0.0,0.0,6141274,256294783,3076,TWSE,common_stock,true,false,false,false,false,false,false,false,true,
2025-09-23,5880,合庫金,listed,24.25,24.3,24.2,24.3,0.0,0.0,6030864,146223601,3656,TWSE,common_stock,true,false,false,false,false,false,false,false,true,
2025-09-23,5906,台南-KY,listed,48.5,49.4,48.5,49.4,0.0,0.0,7004,341291,8,TWSE,common_stock,true,false,false,false,false,false,false,false,true,
2025-09-23,5907,大洋-KY,listed,5.95,6.04,5.88,5.99,0.07,1.1824,248353,1475435,135,TWSE,common_stock,true,false,false,false,false,false,false,false,true,
2025-09-23,6005,群益證,listed,24.0,24.2,23.9,24.0,0.05,0.2088,4136754,99453285,1711,TWSE,etf,false,true,false,false,false,false,false,false,false,security_type=etf
2025-09-23,6024,群益期,listed,48.6,48.7,48.55,48.55,-0.05,-0.1029,124164,6037907,248,TWSE,etf,false,true,false,false,false,false,false,false,false,security_type=etf
2025-09-23,6108,競國,listed,14.65,14.75,14.45,14.65,0.05,0.3425,88958,1299352,92,TWSE,common_stock,true,false,false,false,false,false,false,false,true,
2025-09-23,6112,邁達特,listed,52.5,52.9,51.4,51.4,-0.5,-0.9634,1127184,58572830,1387,TWSE,common_stock,true,false,false,false,false,false,false,false,true,
2025-09-23,6115,鎰勝,listed,47.85,47.85,47.5,47.7,-0.25,-0.5214,24927,1185481,211,TWSE,common_stock,true,false,false,false,false,false,false,false,true,
2025-09-23,6116,彩晶,listed,7.9,8.05,7.74,8.04,0.27,3.4749,13721334,108991561,3982,TWSE,common_stock,true,false,false,false,false,false,false,false,true,
2025-09-23,6117,迎廣,listed,87.9,88.3,85.8,85.8,-1.3,-1.4925,485791,42021241,627,TWSE,common_stock,true,false,false,false,false,false,false,false,true,
2025-09-23,6128,上福,listed,28.2,28.25,27.95,28.0,0.0,0.0,36580,1023883,38,TWSE,common_stock,true,false,false,false,false,false,false,false,true,
2025-09-23,6133,金橋,listed,17.2,17.45,17.1,17.1,-0.1,-0.5814,730485,12599616,309,TWSE,common_stock,true,false,false,false,false,false,false,false,true,
2025-09-23,6136,富爾特,listed,23.5,23.5,23.3,23.3,-0.2,-0.8511,75083,1752322,91,TWSE,common_stock,true,false,false,false,false,false,false,false,true,
2025-09-23,6139,亞翔,listed,357.5,363.0,353.5,358.5,3.0,0.8439,2919585,1045795849,3577,TWSE,common_stock,true,false,false,false,false,false,false,false,true,
2025-09-23,6141,柏承,listed,12.45,12.45,12.1,12.15,-0.25,-2.0161,363449,4420866,281,TWSE,common_stock,true,false,false,false,false,false,false,false,true,
2025-09-23,6142,友勁,listed,10.0,10.1,9.9,10.05,0.06,0.6006,315079,3148227,201,TWSE,common_stock,true,false,false,false,false,false,false,false,true,
2025-09-23,6152,百一,listed,9.55,9.78,9.46,9.7,0.15,1.5707,559940,5385456,334,TWSE,common_stock,true,false,false,false,false,false,false,false,true,
2025-09-23,6153,嘉聯益,listed,15.95,16.5,15.6,16.0,0.25,1.5873,11592768,186060590,4765,TWSE,common_stock,true,false,false,false,false,false,false,false,true,
2025-09-23,6155,鈞寶,listed,25.75,25.8,24.1,24.7,-1.0,-3.8911,850911,21008844,678,TWSE,common_stock,true,false,false,false,false,false,false,false,true,
2025-09-23,6164,華興,listed,10.35,10.35,10.0,10.15,-0.2,-1.9324,199542,2029163,192,TWSE,common_stock,true,false,false,false,false,false,false,false,true,
2025-09-23,6165,浪凡,listed,51.8,52.9,51.2,52.4,1.1,2.1442,892602,46565849,616,TWSE,common_stock,true,false,false,false,false,false,false,false,true,
2025-09-23,6166,凌華,listed,63.9,64.0,62.3,62.4,-1.4,-2.1944,590564,37053073,673,TWSE,common_stock,true,false,false,false,false,false,false,false,true,
2025-09-23,6168,宏齊,listed,21.7,21.75,21.25,21.4,-0.25,-1.1547,1114742,23970128,668,TWSE,common_stock,true,false,false,false,false,false,false,false,true,
2025-09-23,6176,瑞儀,listed,142.5,143.0,141.5,142.0,0.0,0.0,1276245,181430665,1147,TWSE,common_stock,true,false,false,false,false,false,false,false,true,
2025-09-23,6177,達麗,listed,50.2,50.4,49.75,50.1,-0.1,-0.1992,1525481,76271526,1807,TWSE,common_stock,true,false,false,false,false,false,false,false,true,
2025-09-23,6183,關貿,listed,97.6,98.2,97.6,98.2,0.4,0.409,19881,1947057,72,TWSE,common_stock,true,false,false,false,false,false,false,false,true,
2025-09-23,6184,大豐電,listed,50.5,50.7,50.4,50.6,0.1,0.198,134060,6768562,165,TWSE,common_stock,true,false,false,false,false,false,false,false,true,
2025-09-23,6189,豐藝,listed,49.85,49.85,49.25,49.25,-0.6,-1.2036,647990,31983074,872,TWSE,common_stock,true,false,false,false,false,false,false,false,true,
2025-09-23,6191,精成科,listed,134.0,135.5,124.5,125.5,-7.0,-5.283,31650221,4049702232,23323,TWSE,common_stock,true,false,false,false,false,false,false,false,true,
2025-09-23,6192,巨路,listed,105.0,105.0,104.5,104.5,-0.5,-0.4762,134445,14078514,219,TWSE,common_stock,true,false,false,false,false,false,false,false,true,
2025-09-23,6196,帆宣,listed,260.0,260.0,253.0,255.0,-2.0,-0.7782,821486,210180426,2168,TWSE,common_stock,true,false,false,false,false,false,false,false,true,
2025-09-23,6197,佳必琪,listed,160.0,161.0,159.0,160.0,0.5,0.3135,809790,129571893,890,TWSE,common_stock,true,false,false,false,false,false,false,false,true,
2025-09-23,6201,亞弘電,listed,57.3,57.7,57.2,57.5,0.1,0.1742,9002,516415,10,TWSE,common_stock,true,false,false,false,false,false,false,false,true,
2025-09-23,6202,盛群,listed,42.5,42.5,41.55,41.55,-0.9,-2.1201,1189564,49692722,1062,TWSE,common_stock,true,false,false,false,false,false,false,false,true,
2025-09-23,6205,詮欣,listed,43.1,43.6,42.9,43.6,0.5,1.1601,125436,5434724,95,TWSE,common_stock,true,false,false,false,false,false,false,false,true,
2025-09-23,6206,飛捷,listed,106.5,107.5,106.0,106.5,0.0,0.0,610739,65243387,546,TWSE,common_stock,true,false,false,false,false,false,false,false,true,
2025-09-23,6209,今國光,listed,41.95,41.95,38.05,38.05,-4.2,-9.9408,15263447,586406620,11250,TWSE,common_stock,true,false,false,false,false,false,false,false,true,
2025-09-23,6213,聯茂,listed,114.5,115.5,110.5,111.5,-1.5,-1.3274,11735923,1326805106,7884,TWSE,common_stock,true,false,false,false,false,false,false,false,true,
2025-09-23,6214,精誠,listed,122.5,123.0,121.5,122.5,0.0,0.0,482827,59029773,579,TWSE,common_stock,true,false,false,false,false,false,false,false,true,
2025-09-23,6215,和椿,listed,124.0,124.5,121.0,122.5,-2.0,-1.6064,2077591,253963996,2008,TWSE,common_stock,true,false,false,false,false,false,false,false,true,
2025-09-23,6216,居易,listed,28.0,28.0,27.6,27.7,-0.3,-1.0714,121441,3370856,183,TWSE,common_stock,true,false,false,false,false,false,false,false,true,
2025-09-23,6224,聚鼎,listed,45.5,45.5,43.9,44.2,-0.4,-0.8969,135374,5992614,215,TWSE,common_stock,true,false,false,false,false,false,false,false,true,
2025-09-23,6225,天瀚,listed,16.65,17.35,16.65,16.65,0.0,0.0,9848,165012,22,TWSE,common_stock,true,false,false,false,false,false,false,false,true,
2025-09-23,6226,光鼎,listed,7.15,7.2,7.02,7.18,0.03,0.4196,190133,1349815,75,TWSE,common_stock,true,false,false,false,false,false,false,false,true,
2025-09-23,6230,尼得科超眾,listed,164.0,164.5,155.0,157.5,-4.0,-2.4768,1011464,160870283,1417,TWSE,common_stock,true,false,false,false,false,false,false,false,true,
2025-09-23,6235,華孚,listed,71.5,71.9,67.4,68.7,-1.1,-1.5759,9910070,689391737,10918,TWSE,common_stock,true,false,false,false,false,false,false,false,true,
2025-09-23,6239,力成,listed,152.0,153.0,148.5,150.5,-0.5,-0.3311,7772318,1168155303,5909,TWSE,common_stock,true,false,false,false,false,false,false,false,true,
2025-09-23,6243,迅杰,listed,36.9,36.95,36.05,36.05,-0.4,-1.0974,115971,4203888,194,TWSE,common_stock,true,false,false,false,false,false,false,false,true,
2025-09-23,6257,矽格,listed,94.1,94.5,92.5,93.0,-0.7,-0.7471,4054626,379653030,8705,TWSE,common_stock,true,false,false,false,false,false,false,false,true,
2025-09-23,6269,台郡,listed,67.9,68.3,66.6,66.8,-0.8,-1.1834,2410649,161935688,3325,TWSE,common_stock,true,false,false,false,false,false,false,false,true,
2025-09-23,6271,同欣電,listed,125.0,125.5,120.0,120.5,-2.5,-2.0325,2170437,264480120,2229,TWSE,common_stock,true,false,false,false,false,false,false,false,true,
2025-09-23,6277,宏正,listed,61.6,61.6,61.1,61.4,-0.1,-0.1626,67146,4120053,194,TWSE,common_stock,true,false,false,false,false,false,false,false,true,
2025-09-23,6278,台表科,listed,108.5,109.0,107.0,107.0,-1.0,-0.9259,1802526,194202875,1353,TWSE,common_stock,true,false,false,false,false,false,false,false,true,
2025-09-23,6281,全國電,listed,68.6,68.8,67.6,68.6,0.0,0.0,106795,7279884,190,TWSE,common_stock,true,false,false,false,false,false,false,false,true,
2025-09-23,6282,康舒,listed,30.0,30.7,30.0,30.1,0.3,1.0067,6463451,196033910,3594,TWSE,common_stock,true,false,false,false,false,false,false,false,true,
2025-09-23,6283,淳安,listed,27.0,27.0,25.6,25.9,-0.9,-3.3582,654747,17041790,510,TWSE,common_stock,true,false,false,false,false,false,false,false,true,
2025-09-23,6285,啟碁,listed,122.5,123.0,119.5,121.0,0.0,0.0,3318293,401158831,2789,TWSE,common_stock,true,false,false,false,false,false,false,false,true,
2025-09-23,6405,悅城,listed,28.85,28.85,27.1,27.45,-1.05,-3.6842,644424,17824807,609,TWSE,common_stock,true,false,false,false,false,false,false,false,true,
2025-09-23,6409,旭隼,listed,952.0,978.0,948.0,969.0,26.0,2.7572,759016,732117733,1584,TWSE,common_stock,true,false,false,false,false,false,false,false,true,
2025-09-23,6412,群電,listed,101.5,102.0,100.0,100.0,-1.5,-1.4778,1288592,129959039,1081,TWSE,common_stock,true,false,false,false,false,false,false,false,true,
2025-09-23,6414,樺漢,listed,302.5,304.0,298.5,299.0,-1.0,-0.3333,546166,163887894,904,TWSE,common_stock,true,false,false,false,false,false,false,false,true,
2025-09-23,6415,矽力*-KY,listed,276.0,279.0,273.0,273.0,-2.0,-0.7273,1522384,418829223,2114,TWSE,common_stock,true,false,false,false,false,false,false,false,true,
2025-09-23,6416,瑞祺電通,listed,88.0,88.0,86.9,86.9,-1.0,-1.1377,184323,16093591,312,TWSE,common_stock,true,false,false,false,false,false,false,false,true,
2025-09-23,6423,億而得-創,listed,80.0,80.8,80.0,80.8,1.3,1.6352,37398,2994979,24,TWSE,common_stock,true,false,false,false,false,false,false,false,true,
2025-09-23,6426,統新,listed,72.7,73.7,71.8,72.0,-0.6,-0.8264,180452,13029197,174,TWSE,common_stock,true,false,false,false,false,false,false,false,true,
2025-09-23,6431,光麗-KY,listed,16.15,16.6,16.1,16.45,0.05,0.3049,57018,927747,26,TWSE,common_stock,true,false,false,false,false,false,false,false,true,
2025-09-23,6438,迅得,listed,180.0,182.0,176.0,176.0,-1.5,-0.8451,1881598,336280870,2147,TWSE,common_stock,true,false,false,false,false,false,false,false,true,
2025-09-23,6442,光聖,listed,857.0,862.0,823.0,826.0,-14.0,-1.6667,3419077,2861419373,6094,TWSE,common_stock,true,false,false,false,false,false,false,false,true,
2025-09-23,6443,元晶,listed,15.5,15.55,15.1,15.3,-0.1,-0.6494,2813788,42789761,1326,TWSE,common_stock,true,false,false,false,false,false,false,false,true,
2025-09-23,6446,藥華藥,listed,500.0,524.0,498.5,517.0,22.0,4.4444,5461762,2805837001,8664,TWSE,common_stock,true,false,false,false,false,false,false,false,true,
2025-09-23,6449,鈺邦,listed,209.5,212.5,190.0,198.5,-10.5,-5.0239,12203932,2443632990,10987,TWSE,common_stock,true,false,false,false,false,false,false,false,true,
2025-09-23,6451,訊芯-KY,listed,166.0,170.0,164.5,164.5,-1.0,-0.6042,1980537,332150275,1880,TWSE,common_stock,true,false,false,false,false,false,false,false,true,
2025-09-23,6456,GIS-KY,listed,64.4,65.6,62.8,63.4,-0.3,-0.471,1899332,121134257,1425,TWSE,common_stock,true,false,false,false,false,false,false,false,true,
2025-09-23,6464,台數科,listed,77.6,77.6,77.5,77.5,-0.1,-0.1289,817000,63722300,8,TWSE,common_stock,true,false,false,false,false,false,false,false,true,
2025-09-23,6472,保瑞,listed,690.0,699.0,688.0,693.0,4.0,0.5806,471269,326837664,2146,TWSE,common_stock,true,false,false,false,false,false,false,false,true,
2025-09-23,6477,安集,listed,44.95,44.95,42.6,43.15,-1.5,-3.3595,3472130,150760543,5374,TWSE,common_stock,true,false,false,false,false,false,false,false,true,
2025-09-23,6491,晶碩,listed,317.0,318.0,315.0,316.0,-1.5,-0.4724,133372,42243553,292,TWSE,common_stock,true,false,false,false,false,false,false,false,true,
2025-09-23,6504,南六,listed,46.95,47.05,46.0,46.0,-0.7,-1.4989,112503,5218139,93,TWSE,common_stock,true,false,false,false,false,false,false,false,true,
2025-09-23,6505,台塑化,listed,39.0,39.55,39.0,39.25,0.05,0.1276,4364248,171729106,2163,TWSE,common_stock,true,false,false,false,false,false,false,false,true,
2025-09-23,6515,穎崴,listed,2070.0,2080.0,1950.0,2015.0,-5.0,-0.2475,1607667,3256673725,4543,TWSE,common_stock,true,false,false,false,false,false,false,false,true,
2025-09-23,6525,捷敏-KY,listed,84.3,85.1,83.5,83.7,-0.6,-0.7117,494029,41707759,495,TWSE,common_stock,true,false,false,false,false,false,false,false,true,
2025-09-23,6526,達發,listed,541.0,546.0,536.0,537.0,-2.0,-0.3711,368077,198288448,964,TWSE,common_stock,true,false,false,false,false,false,false,false,true,
2025-09-23,6531,愛普*,listed,343.0,346.5,334.0,344.0,-1.0,-0.2899,2517810,857124310,2704,TWSE,common_stock,true,false,false,false,false,false,false,false,true,
2025-09-23,6533,晶心科,listed,320.5,332.0,320.5,325.5,8.0,2.5197,1178039,386696623,3134,TWSE,common_stock,true,false,false,false,false,false,false,false,true,
2025-09-23,6534,正瀚-創,listed,113.0,113.0,110.5,111.0,-2.0,-1.7699,61787,6900308,48,TWSE,common_stock,true,false,false,false,false,false,false,false,true,
2025-09-23,6541,泰福-KY,listed,48.7,49.45,48.6,48.8,0.15,0.3083,281540,13771844,225,TWSE,common_stock,true,false,false,false,false,false,false,false,true,
2025-09-23,6550,北極星藥業-KY,listed,36.2,36.7,35.9,36.5,-0.1,-0.2732,554139,20102076,403,TWSE,common_stock,true,false,false,false,false,false,false,false,true,
2025-09-23,6552,易華電,listed,28.7,28.9,28.55,28.75,-0.15,-0.519,74370,2130404,67,TWSE,common_stock,true,false,false,false,false,false,false,false,true,
2025-09-23,6558,興能高,listed,48.9,49.25,48.4,48.45,-0.05,-0.1031,1225582,59615514,941,TWSE,common_stock,true,false,false,false,false,false,false,false,true,
2025-09-23,6573,虹揚-KY,listed,10.25,10.25,9.9,10.25,-0.15,-1.4423,156807,1576879,89,TWSE,common_stock,true,false,false,false,false,false,false,false,true,
2025-09-23,6579,研揚,listed,124.0,124.5,123.0,123.5,-0.5,-0.4032,76574,9450469,123,TWSE,common_stock,true,false,false,false,false,false,false,false,true,
2025-09-23,6581,鋼聯,listed,111.0,111.0,110.0,110.0,-1.0,-0.9009,3363,372212,107,TWSE,common_stock,true,false,false,false,false,false,false,false,true,
2025-09-23,6582,申豐,listed,29.3,29.5,29.3,29.4,0.1,0.3413,53663,1578362,64,TWSE,common_stock,true,false,false,false,false,false,false,false,true,
2025-09-23,6585,鼎基,listed,102.5,103.5,101.5,102.5,0.0,0.0,128129,13115203,144,TWSE,common_stock,true,false,false,false,false,false,false,false,true,
2025-09-23,6589,台康生技,listed,60.4,60.8,60.3,60.6,0.1,0.1653,338176,20450968,296,TWSE,common_stock,true,false,false,false,false,false,false,false,true,
2025-09-23,6591,動力-KY,listed,85.0,86.3,82.3,83.0,-1.4,-1.6588,2345657,197394781,3130,TWSE,common_stock,true,false,false,false,false,false,false,false,true,
2025-09-23,6592,和潤企業,listed,68.3,69.5,68.3,69.3,0.7,1.0204,309185,21308679,785,TWSE,common_stock,true,false,false,false,false,false,false,false,true,
2025-09-23,6592A,和潤企業甲特,listed,98.3,98.3,98.3,98.3,0.1,0.1018,3000,294900,3,TWSE,warrant,false,false,true,false,false,false,false,false,false,security_type=warrant;symbol_not_4_digit
2025-09-23,6592B,和潤企業乙特,listed,98.8,98.8,98.5,98.6,0.0,0.0,22301,2198881,16,TWSE,warrant,false,false,true,false,false,false,false,false,false,security_type=warrant;symbol_not_4_digit
2025-09-23,6598,ABC-KY,listed,22.45,22.65,22.0,22.6,0.15,0.6682,83218,1863488,80,TWSE,common_stock,true,false,false,false,false,false,false,false,true,
2025-09-23,6605,帝寶,listed,134.0,135.5,133.0,134.0,0.0,0.0,341244,45777050,462,TWSE,common_stock,true,false,false,false,false,false,false,false,true,
2025-09-23,6606,建德工業,listed,25.3,25.45,24.9,24.9,-0.4,-1.581,95161,2392925,38,TWSE,common_stock,true,false,false,false,false,false,false,false,true,
2025-09-23,6625,必應,listed,84.7,85.0,83.6,84.5,-0.2,-0.2361,291615,24532102,449,TWSE,common_stock,true,false,false,false,false,false,false,false,true,
2025-09-23,6641,基士德-KY,listed,20.0,20.05,19.9,20.0,-0.05,-0.2494,21607,431608,29,TWSE,common_stock,true,false,false,false,false,false,false,false,true,
2025-09-23,6645,金萬林-創,listed,24.25,24.35,23.8,23.9,-0.1,-0.4167,48829,1171261,87,TWSE,common_stock,true,false,false,false,false,false,false,false,true,
2025-09-23,6655,科定,listed,117.0,117.5,117.0,117.5,-2.0,-1.6736,10165,1189868,17,TWSE,common_stock,true,false,false,false,false,false,false,false,true,
2025-09-23,6657,華安,listed,52.3,52.4,51.0,52.0,-0.3,-0.5736,424225,21923467,296,TWSE,common_stock,true,false,false,false,false,false,false,false,true,
2025-09-23,6658,聯策,listed,60.8,61.6,59.9,60.0,-0.5,-0.8264,282286,17085616,271,TWSE,common_stock,true,false,false,false,false,false,false,false,true,
2025-09-23,6666,羅麗芬-KY,listed,51.5,52.2,51.4,52.2,0.2,0.3846,6189,320058,27,TWSE,common_stock,true,false,false,false,false,false,false,false,true,
2025-09-23,6668,中揚光,listed,45.15,45.2,44.1,44.8,-0.1,-0.2227,413966,18439473,425,TWSE,common_stock,true,false,false,false,false,false,false,false,true,
2025-09-23,6669,緯穎,listed,3150.0,3170.0,3115.0,3140.0,15.0,0.48,1207496,3794295035,4323,TWSE,common_stock,true,false,false,false,false,false,false,false,true,
2025-09-23,6670,復盛應用,listed,268.0,269.0,265.0,265.0,-3.0,-1.1194,378078,101015359,779,TWSE,common_stock,true,false,false,false,false,false,false,false,true,
2025-09-23,6671,三能-KY,listed,37.0,37.0,36.95,36.95,0.0,0.0,4000,147950,4,TWSE,common_stock,true,false,false,false,false,false,false,false,true,
2025-09-23,6672,騰輝電子-KY,listed,107.0,107.0,102.0,102.5,-4.0,-3.7559,2631307,272060880,2391,TWSE,common_stock,true,false,false,false,false,false,false,false,true,
2025-09-23,6674,鋐寶科技,listed,21.0,21.15,20.7,21.1,0.2,0.9569,71130,1490617,58,TWSE,common_stock,true,false,false,false,false,false,false,false,true,
2025-09-23,6689,伊雲谷,listed,77.4,78.9,76.6,76.7,0.0,0.0,293231,22740902,411,TWSE,common_stock,true,false,false,false,false,false,false,false,true,
2025-09-23,6691,洋基工程,listed,446.0,454.5,446.0,449.0,5.0,1.1261,591087,266260656,1158,TWSE,common_stock,true,false,false,false,false,false,false,false,true,
2025-09-23,6695,芯鼎,listed,51.5,53.6,50.7,52.6,1.7,3.3399,1498232,78096202,1126,TWSE,common_stock,true,false,false,false,false,false,false,false,true,
2025-09-23,6698,旭暉應材,listed,36.4,36.4,35.15,35.7,-0.2,-0.5571,246600,8763411,266,TWSE,common_stock,true,false,false,false,false,false,false,false,true,
2025-09-23,6706,惠特,listed,79.0,82.5,78.3,79.7,0.9,1.1421,6490802,522964110,5628,TWSE,common_stock,true,false,false,false,false,false,false,false,true,
2025-09-23,6715,嘉基,listed,96.5,96.5,94.3,95.0,-0.8,-0.8351,57076,5446200,100,TWSE,common_stock,true,false,false,false,false,false,false,false,true,
2025-09-23,6719,力智,listed,215.5,215.5,210.0,214.0,-0.5,-0.2331,609670,129664816,1347,TWSE,common_stock,true,false,false,false,false,false,false,false,true,
2025-09-23,6742,澤米,listed,55.0,56.0,54.8,54.9,-0.3,-0.5435,601201,33312651,521,TWSE,common_stock,true,false,false,false,false,false,false,false,true,
2025-09-23,6743,安普新,listed,33.2,33.55,32.45,33.4,0.3,0.9063,211516,6948871,199,TWSE,common_stock,true,false,false,false,false,false,false,false,true,
2025-09-23,6753,龍德造船,listed,159.0,160.0,150.0,151.5,-9.0,-5.6075,6598838,1011219135,6521,TWSE,common_stock,true,false,false,false,false,false,false,false,true,
2025-09-23,6754,匯僑設計,listed,49.5,49.65,49.0,49.0,-0.4,-0.8097,18670,916925,41,TWSE,common_stock,true,false,false,false,false,false,false,false,true,
2025-09-23,6756,威鋒電子,listed,92.8,93.0,91.3,92.0,-0.7,-0.7551,104592,9629719,214,TWSE,common_stock,true,false,false,false,false,false,false,false,true,
2025-09-23,6757,台灣虎航,listed,77.7,77.8,75.7,75.8,-1.7,-2.1935,3566778,271843009,4829,TWSE,common_stock,true,false,false,false,false,false,false,false,true,
2025-09-23,6768,志強-KY,listed,108.0,108.0,104.0,104.5,-3.0,-2.7907,1406473,148463710,957,TWSE,common_stock,true,false,false,false,false,false,false,false,true,
2025-09-23,6770,力積電,listed,21.65,23.45,21.65,23.45,2.1,9.8361,259556236,5992042796,64792,TWSE,common_stock,true,false,false,false,false,false,false,false,true,
2025-09-23,6771,平和環保-創,listed,51.8,51.8,51.4,51.5,-0.3,-0.5792,37359,1922840,76,TWSE,common_stock,true,false,false,false,false,false,false,false,true,
2025-09-23,6776,展碁國際,listed,54.1,54.1,53.0,53.2,-0.4,-0.7463,124275,6623682,116,TWSE,common_stock,true,false,false,false,false,false,false,false,true,
2025-09-23,6781,AES-KY,listed,1225.0,1250.0,1195.0,1195.0,-10.0,-0.8299,1052742,1279420185,2818,TWSE,common_stock,true,false,false,false,false,false,false,false,true,
2025-09-23,6782,視陽,listed,190.0,192.5,189.0,192.5,2.5,1.3158,166348,31795208,215,TWSE,common_stock,true,false,false,false,false,false,false,false,true,
2025-09-23,6789,采鈺,listed,315.0,315.0,302.0,305.5,-6.0,-1.9262,3701710,1136903256,6180,TWSE,common_stock,true,false,false,false,false,false,false,false,true,
2025-09-23,6790,永豐實,listed,38.5,38.6,38.4,38.5,0.05,0.13,183899,7077241,115,TWSE,etf,false,true,false,false,false,false,false,false,false,security_type=etf
2025-09-23,6792,詠業,listed,58.8,58.8,57.8,58.3,-0.4,-0.6814,56784,3296370,119,TWSE,common_stock,true,false,false,false,false,false,false,false,true,
2025-09-23,6794,向榮生技,listed,94.3,94.5,89.1,93.0,-2.0,-2.1053,190966,17447995,258,TWSE,common_stock,true,false,false,false,false,false,false,false,true,
2025-09-23,6796,晉弘,listed,72.5,72.7,72.0,72.3,0.0,0.0,35715,2586614,167,TWSE,common_stock,true,false,false,false,false,false,false,false,true,
2025-09-23,6799,來頡,listed,91.1,91.2,89.4,90.3,-0.6,-0.6601,289865,26131096,305,TWSE,common_stock,true,false,false,false,false,false,false,false,true,
2025-09-23,6805,富世達,listed,987.0,1035.0,986.0,1010.0,37.0,3.8027,3081452,3116205408,5566,TWSE,common_stock,true,false,false,false,false,false,false,false,true,
2025-09-23,6806,森崴能源,listed,57.4,58.1,56.8,57.1,-0.7,-1.2111,870576,49711574,896,TWSE,common_stock,true,false,false,false,false,false,false,false,true,
2025-09-23,6807,峰源-KY,listed,49.4,50.7,49.4,50.0,0.0,0.0,23360,1168498,74,TWSE,common_stock,true,false,false,false,false,false,false,false,true,
2025-09-23,6830,汎銓,listed,173.5,178.5,173.5,177.0,3.0,1.7241,1009176,178464658,1141,TWSE,common_stock,true,false,false,false,false,false,false,false,true,
2025-09-23,6834,天二科技,listed,30.4,30.4,29.3,29.4,-0.6,-2.0,203801,6025867,180,TWSE,common_stock,true,false,false,false,false,false,false,false,true,
2025-09-23,6835,圓裕,listed,39.5,39.7,39.1,39.25,-0.25,-0.6329,42087,1654922,35,TWSE,common_stock,true,false,false,false,false,false,false,false,true,
2025-09-23,6838,台新藥,listed,30.05,30.4,29.95,30.25,0.2,0.6656,182522,5510081,165,TWSE,common_stock,true,false,false,false,false,false,false,false,true,
2025-09-23,6854,錼創科技-KY創,listed,159.0,161.5,156.5,158.5,2.0,1.278,302726,48231519,280,TWSE,common_stock,true,false,false,false,false,false,false,false,true,
2025-09-23,6861,睿生光電,listed,63.0,63.0,61.4,62.0,0.3,0.4862,104434,6479419,400,TWSE,common_stock,true,false,false,false,false,false,false,false,true,
2025-09-23,6862,三集瑞-KY,listed,164.0,165.0,160.0,162.0,-2.0,-1.2195,362846,58866146,569,TWSE,common_stock,true,false,false,false,false,false,false,false,true,
2025-09-23,6863,永道-KY,listed,143.0,143.5,141.5,141.5,-1.5,-1.049,184449,26217478,240,TWSE,common_stock,true,false,false,false,false,false,false,false,true,
2025-09-23,6869,雲豹能源,listed,120.0,121.0,119.0,119.0,-1.0,-0.8333,418758,50169218,536,TWSE,common_stock,true,false,false,false,false,false,false,false,true,
2025-09-23,6873,泓德能源,listed,127.0,127.5,125.5,125.5,-1.5,-1.1811,616790,77709546,671,TWSE,common_stock,true,false,false,false,false,false,false,false,true,
2025-09-23,6885,全福生技,listed,31.4,31.8,31.1,31.7,0.3,0.9554,350599,11035521,201,TWSE,common_stock,true,false,false,false,false,false,false,false,true,
2025-09-23,6887,寶綠特-KY,listed,72.5,78.7,72.5,73.8,2.2,3.0726,779454,57502339,403,TWSE,common_stock,true,false,false,false,false,false,false,false,true,
2025-09-23,6890,來億-KY,listed,224.0,225.5,222.0,224.0,1.0,0.4484,481518,107670078,891,TWSE,common_stock,true,false,false,false,false,false,false,false,true,
2025-09-23,6901,鑽石投資,listed,19.2,19.3,19.0,19.1,-0.25,-1.292,740273,14141646,501,TWSE,common_stock,true,false,false,false,false,false,false,false,true,
2025-09-23,6902,GOGOLOOK,listed,76.1,76.1,74.8,75.5,-1.4,-1.8205,81002,6106322,211,TWSE,common_stock,true,false,false,false,false,false,false,false,true,
2025-09-23,6906,現觀科,listed,119.0,119.0,116.0,116.0,-3.0,-2.521,80255,9377250,401,TWSE,common_stock,true,false,false,false,false,false,false,false,true,
2025-09-23,6909,創控,listed,45.7,46.1,45.5,45.9,0.0,0.0,117047,5354820,87,TWSE,common_stock,true,false,false,false,false,false,false,false,true,
2025-09-23,6914,阜爾運通,listed,143.5,143.5,141.0,142.5,-1.0,-0.6969,128457,18251392,249,TWSE,common_stock,true,false,false,false,false,false,false,false,true,
2025-09-23,6916,華凌,listed,18.55,18.7,18.4,18.7,0.0,0.0,19570,362772,19,TWSE,common_stock,true,false,false,false,false,false,false,false,true,
2025-09-23,6918,愛派司,listed,91.0,92.0,90.2,91.6,1.4,1.5521,66889,6095918,74,TWSE,common_stock,true,false,false,false,false,false,false,false,true,
2025-09-23,6919,康霈*,listed,198.5,203.0,193.5,196.5,1.5,0.7692,22652534,4493373561,21296,TWSE,common_stock,true,false,false,false,false,false,false,false,true,
2025-09-23,6923,中台,listed,108.5,111.0,102.0,103.5,-4.5,-4.1667,1302409,137585523,1032,TWSE,common_stock,true,false,false,false,false,false,false,false,true,
2025-09-23,6924,榮惠-KY創,listed,61.9,61.9,58.1,60.0,0.3,0.5025,13000,771200,11,TWSE,common_stock,true,false,false,false,false,false,false,false,true,
2025-09-23,6928,攸泰科技,listed,69.0,69.3,62.8,63.0,-6.6,-9.4828,3095181,201398595,2639,TWSE,common_stock,true,false,false,false,false,false,false,false,true,
2025-09-23,6931,青松健康,listed,51.1,51.9,51.0,51.9,0.4,0.7767,40196,2064735,101,TWSE,common_stock,true,false,false,false,false,false,false,false,true,
2025-09-23,6933,AMAX-KY,listed,187.0,202.0,187.0,196.5,11.5,6.2162,762609,149529733,1538,TWSE,common_stock,true,false,false,false,false,false,false,false,true,
2025-09-23,6936,永鴻生技,listed,35.5,35.5,35.05,35.45,-0.05,-0.1408,32588,1148445,58,TWSE,common_stock,true,false,false,false,false,false,false,false,true,
2025-09-23,6937,天虹,listed,252.5,262.0,249.5,252.5,2.5,1.0,767356,196319543,1218,TWSE,common_stock,true,false,false,false,false,false,false,false,true,
2025-09-23,6944,兆聯實業,listed,526.0,540.0,526.0,534.0,9.0,1.7143,448179,239546459,1047,TWSE,common_stock,true,false,false,false,false,false,false,false,true,
2025-09-23,6949,沛爾生醫-創,listed,418.5,426.5,408.5,421.0,2.5,0.5974,116128,48708906,163,TWSE,common_stock,true,false,false,false,false,false,false,false,true,
2025-09-23,6951,青新-創,listed,74.6,75.1,74.5,75.0,-0.3,-0.3984,22603,1692980,50,TWSE,common_stock,true,false,false,false,false,false,false,false,true,
2025-09-23,6952,大武山,listed,46.85,46.9,46.8,46.8,-0.6,-1.2658,9176,429722,17,TWSE,common_stock,true,false,false,false,false,false,false,false,true,
2025-09-23,6955,邦睿生技-創,listed,,,,,0.0,,0,0,0,TWSE,other,false,false,false,false,false,false,false,false,false,invalid_close;invalid_volume;invalid_turnover
2025-09-23,6957,裕慶-KY,listed,184.0,188.0,182.5,183.0,-0.5,-0.2725,86973,16061621,293,TWSE,common_stock,true,false,false,false,false,false,false,false,true,
2025-09-23,6958,日盛台駿,listed,17.9,17.95,17.8,17.9,-0.1,-0.5556,55189,986213,62,TWSE,common_stock,true,false,false,false,false,false,false,false,true,
2025-09-23,6962,奕力-KY,listed,44.7,44.75,43.85,43.9,-0.6,-1.3483,2312405,101877400,1535,TWSE,common_stock,true,false,false,false,false,false,false,false,true,
2025-09-23,6965,中傑-KY,listed,99.3,101.0,98.1,99.1,-0.9,-0.9,99849,9926482,233,TWSE,common_stock,true,false,false,false,false,false,false,false,true,
2025-09-23,6969,成信實業*-創,listed,39.5,39.5,39.25,39.35,-0.15,-0.3797,16000,630000,13,TWSE,common_stock,true,false,false,false,false,false,false,false,true,
2025-09-23,6988,威力暘-創,listed,17.0,17.15,17.0,17.15,-0.3,-1.7192,11009,187757,6,TWSE,common_stock,true,false,false,false,false,false,false,false,true,
2025-09-23,6994,富威電力,listed,95.2,95.5,94.2,94.3,-0.8,-0.8412,120159,11394923,150,TWSE,common_stock,true,false,false,false,false,false,false,false,true,
2025-09-23,7610,聯友金屬-創,listed,108.5,109.0,104.0,105.5,0.0,0.0,853136,91280683,1390,TWSE,common_stock,true,false,false,false,false,false,false,false,true,
2025-09-23,7631,聚賢研發-創,listed,144.0,146.0,143.5,146.0,0.0,0.0,12048,1744460,10,TWSE,common_stock,true,false,false,false,false,false,false,false,true,
2025-09-23,7705,三商餐飲,listed,43.55,43.55,43.2,43.4,-0.15,-0.3444,48406,2098690,128,TWSE,common_stock,true,false,false,false,false,false,false,false,true,
2025-09-23,7721,微程式,listed,62.3,64.0,61.6,63.8,1.5,2.4077,141711,8889224,133,TWSE,common_stock,true,false,false,false,false,false,false,false,true,
2025-09-23,7722,LINEPAY,listed,604.0,613.0,604.0,606.0,-1.0,-0.1647,51003,30984337,438,TWSE,common_stock,true,false,false,false,false,false,false,false,true,
2025-09-23,7732,金興精密,listed,35.9,37.0,35.9,37.0,0.15,0.4071,28000,1023350,11,TWSE,common_stock,true,false,false,false,false,false,false,false,true,
2025-09-23,7736,虎山,listed,92.5,92.6,92.0,92.0,-1.5,-1.6043,50023,4625550,27,TWSE,common_stock,true,false,false,false,false,false,false,false,true,
2025-09-23,7740,熙特爾-創,listed,215.0,222.0,213.5,213.5,-0.5,-0.2336,134324,29140447,172,TWSE,common_stock,true,false,false,false,false,false,false,false,true,
2025-09-23,7749,意騰-KY,listed,533.0,544.0,527.0,541.0,8.0,1.5009,265177,142115567,748,TWSE,common_stock,true,false,false,false,false,false,false,false,true,
2025-09-23,7750,新代,listed,973.0,975.0,913.0,932.0,-44.0,-4.5082,1008155,948058515,4177,TWSE,common_stock,true,false,false,false,false,false,false,false,true,
2025-09-23,7765,中華資安,listed,311.5,311.5,308.5,309.5,0.0,0.0,103044,31908765,236,TWSE,common_stock,true,false,false,false,false,false,false,false,true,
2025-09-23,7780,大研生醫*,listed,214.0,214.0,204.5,207.5,-6.0,-2.8103,902598,187514651,1619,TWSE,common_stock,true,false,false,false,false,false,false,false,true,
2025-09-23,7799,禾榮科,listed,671.0,718.0,653.0,695.0,20.0,2.963,775396,533717243,2361,TWSE,common_stock,true,false,false,false,false,false,false,false,true,
2025-09-23,8011,台通,listed,22.6,22.95,22.25,22.35,-0.2,-0.8869,1112767,24960161,623,TWSE,common_stock,true,false,false,false,false,false,false,false,true,
2025-09-23,8016,矽創,listed,228.0,228.5,221.0,225.0,-5.0,-2.1739,1675514,375648825,6196,TWSE,common_stock,true,false,false,false,false,false,false,false,true,
2025-09-23,8021,尖點,listed,94.5,102.5,92.8,92.9,-0.5,-0.5353,74805009,7316654475,47022,TWSE,common_stock,true,false,false,false,false,false,false,false,true,
2025-09-23,8028,昇陽半導體,listed,185.0,187.0,179.0,179.5,-2.5,-1.3736,18520058,3394922441,26175,TWSE,common_stock,true,false,false,false,false,false,false,false,true,
2025-09-23,8033,雷虎,listed,151.0,151.0,147.0,148.5,-5.0,-3.2573,1434666,213532374,1434,TWSE,common_stock,true,false,false,false,false,false,false,false,true,
2025-09-23,8039,台虹,listed,64.4,65.8,63.3,63.3,-0.5,-0.7837,13241572,852108740,8451,TWSE,common_stock,true,false,false,false,false,false,false,false,true,
2025-09-23,8045,達運光電,listed,99.7,99.7,95.4,95.5,-3.5,-3.5354,439496,42567674,534,TWSE,common_stock,true,false,false,false,false,false,false,false,true,
2025-09-23,8046,南電,listed,239.0,248.0,231.0,234.5,-1.0,-0.4246,45575544,10918352056,35763,TWSE,common_stock,true,false,false,false,false,false,false,false,true,
2025-09-23,8070,長華*,listed,41.05,41.05,40.5,40.6,-0.3,-0.7335,1579280,64334863,966,TWSE,common_stock,true,false,false,false,false,false,false,false,true,
2025-09-23,8072,陞泰,listed,34.8,35.2,34.5,34.85,0.05,0.1437,385158,13407136,463,TWSE,common_stock,true,false,false,false,false,false,false,false,true,
2025-09-23,8081,致新,listed,232.5,238.0,232.5,236.0,3.5,1.5054,717471,169401560,992,TWSE,common_stock,true,false,false,false,false,false,false,false,true,
2025-09-23,8101,華冠,listed,17.25,17.25,17.0,17.0,-0.8,-4.4944,19097,326147,38,TWSE,common_stock,true,false,false,false,false,false,false,false,true,
2025-09-23,8103,瀚荃,listed,53.5,55.0,52.8,53.8,0.7,1.3183,1490733,80250567,1344,TWSE,common_stock,true,false,false,false,false,false,false,false,true,
2025-09-23,8104,錸寶,listed,39.0,39.0,37.55,37.85,-0.65,-1.6883,808033,30723532,599,TWSE,common_stock,true,false,false,false,false,false,false,false,true,
2025-09-23,8105,凌巨,listed,13.35,14.05,13.15,14.0,0.75,5.6604,4690835,64346940,1536,TWSE,common_stock,true,false,false,false,false,false,false,false,true,
2025-09-23,8110,華東,listed,17.25,18.05,17.25,17.7,0.45,2.6087,14735825,259378236,6549,TWSE,common_stock,true,false,false,false,false,false,false,false,true,
2025-09-23,8112,至上,listed,46.75,46.8,44.85,45.05,-1.65,-3.5332,9314152,422502415,6828,TWSE,common_stock,true,false,false,false,false,false,false,false,true,
2025-09-23,8112A,至上甲特,listed,43.2,43.2,43.1,43.1,-0.1,-0.2315,6088,262281,26,TWSE,warrant,false,false,true,false,false,false,false,false,false,security_type=warrant;symbol_not_4_digit
2025-09-23,8114,振樺電,listed,230.0,231.5,228.5,229.5,0.5,0.2183,222006,51017082,765,TWSE,common_stock,true,false,false,false,false,false,false,false,true,
2025-09-23,8131,福懋科,listed,31.0,31.25,30.4,30.95,0.15,0.487,1027413,31622942,802,TWSE,common_stock,true,false,false,false,false,false,false,false,true,
2025-09-23,8150,南茂,listed,29.95,31.3,29.8,30.45,0.85,2.8716,9317723,284771231,6366,TWSE,common_stock,true,false,false,false,false,false,false,false,true,
2025-09-23,8162,微矽電子-創,listed,43.7,44.1,42.4,43.2,-0.1,-0.2309,139367,5974543,140,TWSE,common_stock,true,false,false,false,false,false,false,false,true,
2025-09-23,8163,達方,listed,37.3,37.3,36.35,36.95,-0.05,-0.1351,829278,30460832,790,TWSE,common_stock,true,false,false,false,false,false,false,false,true,
2025-09-23,8201,無敵,listed,16.75,16.75,15.95,16.5,-0.05,-0.3021,290745,4722211,243,TWSE,common_stock,true,false,false,false,false,false,false,false,true,
2025-09-23,8210,勤誠,listed,601.0,612.0,597.0,600.0,5.0,0.8403,1357995,820101970,2045,TWSE,common_stock,true,false,false,false,false,false,false,false,true,
2025-09-23,8213,志超,listed,36.6,36.7,35.8,36.05,-0.45,-1.2329,663200,23992360,1034,TWSE,common_stock,true,false,false,false,false,false,false,false,true,
2025-09-23,8215,明基材,listed,24.4,24.55,24.05,24.15,-0.3,-1.227,311922,7560430,246,TWSE,common_stock,true,false,false,false,false,false,false,false,true,
2025-09-23,8222,寶一,listed,50.8,50.9,49.85,49.9,-1.3,-2.5391,994006,49813392,1574,TWSE,common_stock,true,false,false,false,false,false,false,false,true,
2025-09-23,8249,菱光,listed,58.7,62.4,58.7,60.9,2.7,4.6392,7963125,484943971,6312,TWSE,common_stock,true,false,false,false,false,false,false,false,true,
2025-09-23,8261,富鼎,listed,95.5,95.9,93.7,95.5,0.5,0.5263,2559520,242849507,2275,TWSE,common_stock,true,false,false,false,false,false,false,false,true,
2025-09-23,8271,宇瞻,listed,70.2,70.5,67.6,68.3,-1.9,-2.7066,4352484,298195604,5379,TWSE,common_stock,true,false,false,false,false,false,false,false,true,
2025-09-23,8341,日友,listed,78.4,78.4,77.2,77.5,-0.7,-0.8951,231013,17965570,330,TWSE,common_stock,true,false,false,false,false,false,false,false,true,
2025-09-23,8367,建新國際,listed,45.25,45.4,45.15,45.2,0.05,0.1107,23000,1039850,18,TWSE,common_stock,true,false,false,false,false,false,false,false,true,
2025-09-23,8374,羅昇,listed,103.0,103.0,98.1,99.5,-2.5,-2.451,896990,90194406,956,TWSE,common_stock,true,false,false,false,false,false,false,false,true,
2025-09-23,8404,百和興業-KY,listed,26.2,26.45,24.2,24.45,-1.5,-5.7803,3254433,80784728,2429,TWSE,common_stock,true,false,false,false,false,false,false,false,true,
2025-09-23,8411,福貞-KY,listed,12.95,12.95,12.8,12.8,-0.25,-1.9157,76810,988177,114,TWSE,common_stock,true,false,false,false,false,false,false,false,true,
2025-09-23,8422,可寧衛*,listed,200.0,203.0,199.0,201.0,2.0,1.005,921726,185646437,2139,TWSE,common_stock,true,false,false,false,false,false,false,false,true,
2025-09-23,8429,金麗-KY,listed,7.9,7.9,7.82,7.82,-0.04,-0.5089,203473,1599550,152,TWSE,common_stock,true,false,false,false,false,false,false,false,true,
2025-09-23,8438,昶昕,listed,30.1,30.4,30.1,30.4,0.25,0.8292,26004,786564,33,TWSE,common_stock,true,false,false,false,false,false,false,false,true,
2025-09-23,8442,威宏-KY,listed,72.9,73.5,72.8,73.3,0.5,0.6868,44506,3254391,35,TWSE,common_stock,true,false,false,false,false,false,false,false,true,
2025-09-23,8443,阿瘦,listed,12.05,12.1,12.0,12.1,0.0,0.0,33005,397155,67,TWSE,common_stock,true,false,false,false,false,false,false,false,true,
2025-09-23,8454,富邦媒,listed,244.5,245.5,242.0,243.0,-1.5,-0.6135,148827,36201245,750,TWSE,etf,false,true,false,false,false,false,false,false,false,security_type=etf
2025-09-23,8462,柏文,listed,157.0,157.0,154.5,155.5,-1.5,-0.9554,117256,18236777,446,TWSE,common_stock,true,false,false,false,false,false,false,false,true,
2025-09-23,8463,潤泰材,listed,25.35,25.4,25.3,25.3,-0.15,-0.5894,67311,1703704,44,TWSE,common_stock,true,false,false,false,false,false,false,false,true,
2025-09-23,8464,億豐,listed,451.0,455.5,442.0,442.0,-10.5,-2.3204,700951,313610243,914,TWSE,common_stock,true,false,false,false,false,false,false,false,true,
2025-09-23,8466,美吉吉-KY,listed,25.05,25.45,25.05,25.1,-0.2,-0.7905,80226,2018014,51,TWSE,common_stock,true,false,false,false,false,false,false,false,true,
2025-09-23,8467,波力-KY,listed,174.0,177.0,174.0,176.5,3.5,2.0231,54431,9562549,92,TWSE,common_stock,true,false,false,false,false,false,false,false,true,
2025-09-23,8473,山林水,listed,35.9,35.9,35.35,35.7,-0.05,-0.1399,204397,7271293,219,TWSE,common_stock,true,false,false,false,false,false,false,false,true,
2025-09-23,8476,台境*,listed,20.0,20.0,18.6,19.3,-0.7,-3.5,648892,12421542,527,TWSE,common_stock,true,false,false,false,false,false,false,false,true,
2025-09-23,8478,東哥遊艇,listed,219.5,221.5,215.5,217.0,-2.0,-0.9132,435694,94982287,1038,TWSE,common_stock,true,false,false,false,false,false,false,false,true,
2025-09-23,8481,政伸,listed,43.4,43.95,43.35,43.5,-0.2,-0.4577,18359,801637,21,TWSE,common_stock,true,false,false,false,false,false,false,false,true,
2025-09-23,8482,商億-KY,listed,52.6,54.7,52.5,52.5,-0.7,-1.3158,46225,2458693,46,TWSE,common_stock,true,false,false,false,false,false,false,false,true,
2025-09-23,8487,愛爾達-創,listed,80.5,80.5,80.2,80.5,-0.2,-0.2478,20565,1652427,38,TWSE,common_stock,true,false,false,false,false,false,false,false,true,
2025-09-23,8488,吉源-KY,listed,11.85,11.85,11.55,11.55,-0.3,-2.5316,15000,174600,13,TWSE,common_stock,true,false,false,false,false,false,false,false,true,
2025-09-23,8499,鼎炫-KY,listed,270.5,273.0,260.5,261.5,-7.5,-2.7881,169281,44927975,436,TWSE,common_stock,true,false,false,false,false,false,false,false,true,
2025-09-23,8926,台汽電,listed,46.05,47.1,46.05,46.7,0.65,1.4115,977528,45604844,869,TWSE,common_stock,true,false,false,false,false,false,false,false,true,
2025-09-23,8940,新天地,listed,20.1,20.1,19.95,20.1,0.0,0.0,48849,978510,51,TWSE,common_stock,true,false,false,false,false,false,false,false,true,
2025-09-23,8996,高力,listed,337.0,343.5,330.5,331.5,-2.5,-0.7485,2911773,979555724,3212,TWSE,common_stock,true,false,false,false,false,false,false,false,true,
2025-09-23,9103,美德醫療-DR,listed,4.84,4.89,4.77,4.79,0.0,0.0,210391,1009713,98,TWSE,dr,false,false,false,false,false,false,false,true,false,security_type=dr
2025-09-23,910322,康師傅-DR,listed,20.7,20.9,20.45,20.45,-0.4,-1.9185,140751,2897684,94,TWSE,dr,false,false,false,false,false,false,false,true,false,security_type=dr;symbol_not_4_digit
2025-09-23,9105,泰金寶-DR,listed,6.05,6.07,6.02,6.02,-0.01,-0.1658,10910582,65864193,1955,TWSE,dr,false,false,false,false,false,false,false,true,false,security_type=dr
2025-09-23,910861,神州-DR,listed,6.3,6.36,6.2,6.2,-0.07,-1.1164,255082,1594415,24,TWSE,dr,false,false,false,false,false,false,false,true,false,security_type=dr;symbol_not_4_digit
2025-09-23,9110,越南控-DR,listed,4.4,4.5,4.4,4.5,0.1,2.2727,9000,40140,8,TWSE,dr,false,false,false,false,false,false,false,true,false,security_type=dr
2025-09-23,911608,明輝-DR,listed,2.82,2.84,2.8,2.84,0.0,0.0,48691,136597,25,TWSE,dr,false,false,false,false,false,false,false,true,false,security_type=dr;symbol_not_4_digit
2025-09-23,911622,泰聚亨-DR,listed,3.88,3.92,3.88,3.92,-0.01,-0.2545,3000,11680,2,TWSE,dr,false,false,false,false,false,false,false,true,false,security_type=dr;symbol_not_4_digit
2025-09-23,911868,同方友友-DR,listed,1.3,1.32,1.3,1.32,0.0,0.0,125500,164199,40,TWSE,dr,false,false,false,false,false,false,false,true,false,security_type=dr;symbol_not_4_digit
2025-09-23,912000,晨訊科-DR,listed,2.6,2.6,2.57,2.59,-0.01,-0.3846,312356,807758,88,TWSE,dr,false,false,false,false,false,false,false,true,false,security_type=dr;symbol_not_4_digit
2025-09-23,9136,巨騰-DR,listed,6.15,6.16,6.09,6.14,-0.01,-0.1626,138000,845050,37,TWSE,dr,false,false,false,false,false,false,false,true,false,security_type=dr
2025-09-23,9802,鈺齊-KY,listed,103.5,104.0,101.5,101.5,-2.0,-1.9324,821950,83991856,791,TWSE,common_stock,true,false,false,false,false,false,false,false,true,
2025-09-23,9902,台火,listed,16.5,16.5,16.25,16.35,-0.05,-0.3049,180325,2945036,159,TWSE,common_stock,true,false,false,false,false,false,false,false,true,
2025-09-23,9904,寶成,listed,28.95,29.1,28.7,28.9,-0.05,-0.1727,9442328,272296638,3544,TWSE,common_stock,true,false,false,false,false,false,false,false,true,
2025-09-23,9905,大華,listed,21.1,21.1,20.9,20.95,-0.15,-0.7109,252478,5302018,182,TWSE,common_stock,true,false,false,false,false,false,false,false,true,
2025-09-23,9906,欣巴巴,listed,61.6,62.9,61.1,61.9,0.3,0.487,138567,8563852,163,TWSE,common_stock,true,false,false,false,false,false,false,false,true,
2025-09-23,9907,統一實,listed,17.55,17.7,17.5,17.7,0.1,0.5682,933613,16437023,543,TWSE,etf,false,true,false,false,false,false,false,false,false,security_type=etf
2025-09-23,9908,大台北,listed,30.0,30.0,29.95,30.0,-0.05,-0.1664,141792,4249580,90,TWSE,common_stock,true,false,false,false,false,false,false,false,true,
2025-09-23,9910,豐泰,listed,112.0,112.5,111.0,111.0,-2.0,-1.7699,842083,93881133,859,TWSE,common_stock,true,false,false,false,false,false,false,false,true,
2025-09-23,9911,櫻花,listed,85.7,86.1,85.1,85.3,-0.5,-0.5828,348053,29725757,640,TWSE,common_stock,true,false,false,false,false,false,false,false,true,
2025-09-23,9912,偉聯,listed,11.85,11.9,11.85,11.9,0.0,0.0,29516,351146,33,TWSE,common_stock,true,false,false,false,false,false,false,false,true,
2025-09-23,9914,美利達,listed,110.0,110.5,108.0,108.0,-1.0,-0.9174,621676,67911565,723,TWSE,common_stock,true,false,false,false,false,false,false,false,true,
2025-09-23,9917,中保科,listed,112.0,112.5,111.5,111.5,-0.5,-0.4464,626964,70094511,806,TWSE,common_stock,true,false,false,false,false,false,false,false,true,
2025-09-23,9918,欣天然,listed,39.5,39.5,39.5,39.5,0.0,0.0,1343,52950,19,TWSE,common_stock,true,false,false,false,false,false,false,false,true,
2025-09-23,9919,康那香,listed,17.15,17.15,17.0,17.05,0.0,0.0,197963,3378090,186,TWSE,common_stock,true,false,false,false,false,false,false,false,true,
2025-09-23,9921,巨大,listed,102.0,102.0,101.0,101.0,-0.5,-0.4926,616421,62538596,790,TWSE,common_stock,true,false,false,false,false,false,false,false,true,
2025-09-23,9924,福興,listed,44.15,44.5,44.15,44.3,0.1,0.2262,253422,11252546,331,TWSE,common_stock,true,false,false,false,false,false,false,false,true,
2025-09-23,9925,新保,listed,40.85,40.9,40.75,40.75,-0.2,-0.4884,141087,5752395,88,TWSE,common_stock,true,false,false,false,false,false,false,false,true,
2025-09-23,9926,新海,listed,49.8,49.9,49.8,49.9,-0.3,-0.5976,11100,553180,12,TWSE,common_stock,true,false,false,false,false,false,false,false,true,
2025-09-23,9927,泰銘,listed,55.7,56.1,55.6,55.9,0.3,0.5396,270911,15118389,221,TWSE,common_stock,true,false,false,false,false,false,false,false,true,
2025-09-23,9928,中視,listed,17.8,17.8,17.5,17.55,-0.15,-0.8475,22030,387425,17,TWSE,common_stock,true,false,false,false,false,false,false,false,true,
2025-09-23,9929,秋雨,listed,13.1,13.1,13.1,13.1,-0.05,-0.3802,1080,14116,2,TWSE,common_stock,true,false,false,false,false,false,false,false,true,
2025-09-23,9930,中聯資源,listed,70.8,71.3,70.8,71.0,0.1,0.141,55543,3947658,71,TWSE,common_stock,true,false,false,false,false,false,false,false,true,
2025-09-23,9931,欣高,listed,34.0,34.1,34.0,34.0,0.0,0.0,22021,750573,13,TWSE,common_stock,true,false,false,false,false,false,false,false,true,
2025-09-23,9933,中鼎,listed,32.5,32.6,32.2,32.4,-0.15,-0.4608,3658915,118500671,2875,TWSE,common_stock,true,false,false,false,false,false,false,false,true,
2025-09-23,9934,成霖,listed,10.45,10.45,10.3,10.3,-0.15,-1.4354,423133,4380213,202,TWSE,common_stock,true,false,false,false,false,false,false,false,true,
2025-09-23,9935,慶豐富,listed,20.8,20.8,20.4,20.65,0.1,0.4866,301147,6163751,212,TWSE,common_stock,true,false,false,false,false,false,false,false,true,
2025-09-23,9937,全國,listed,62.3,62.3,61.5,61.7,-0.1,-0.1618,18237,1126285,25,TWSE,common_stock,true,false,false,false,false,false,false,false,true,
2025-09-23,9938,百和,listed,55.8,55.9,54.9,55.5,0.0,0.0,1338983,73994683,784,TWSE,common_stock,true,false,false,false,false,false,false,false,true,
2025-09-23,9939,宏全,listed,130.0,130.0,129.0,129.0,-1.0,-0.7692,950360,123129876,1214,TWSE,common_stock,true,false,false,false,false,false,false,false,true,
2025-09-23,9940,信義,listed,24.15,24.2,24.05,24.15,0.0,0.0,153603,3703475,207,TWSE,common_stock,true,false,false,false,false,false,false,false,true,
2025-09-23,9941,裕融,listed,100.0,101.0,99.7,100.5,0.0,0.0,839166,84167549,753,TWSE,common_stock,true,false,false,false,false,false,false,false,true,
2025-09-23,9941A,裕融甲特,listed,50.4,50.4,50.3,50.4,0.1,0.1988,29816,1502442,16,TWSE,warrant,false,false,true,false,false,false,false,false,false,security_type=warrant;symbol_not_4_digit
2025-09-23,9942,茂順,listed,109.5,109.5,109.0,109.0,-0.5,-0.4566,24741,2697900,44,TWSE,common_stock,true,false,false,false,false,false,false,false,true,
2025-09-23,9943,好樂迪,listed,65.8,65.9,65.6,65.6,-0.1,-0.1522,40730,2679779,67,TWSE,common_stock,true,false,false,false,false,false,false,false,true,
2025-09-23,9944,新麗,listed,17.0,17.0,16.75,16.8,-0.2,-1.1765,77561,1313835,62,TWSE,common_stock,true,false,false,false,false,false,false,false,true,
2025-09-23,9945,潤泰新,listed,29.9,30.05,29.8,29.8,-0.05,-0.1675,3511524,104857412,1963,TWSE,common_stock,true,false,false,false,false,false,false,false,true,
2025-09-23,9946,三發地產,listed,18.7,18.85,18.4,18.6,-0.15,-0.8,221694,4118513,154,TWSE,common_stock,true,false,false,false,false,false,false,false,true,
2025-09-23,9955,佳龍,listed,30.9,31.2,30.2,30.25,0.1,0.3317,1272124,38857853,1078,TWSE,common_stock,true,false,false,false,false,false,false,false,true,
2025-09-23,9958,世紀鋼,listed,173.5,175.5,171.0,171.5,0.0,0.0,2138157,370895027,2172,TWSE,common_stock,true,false,false,false,false,false,false,false,true,
