date,symbol,name,market,open,high,low,close,change,change_pct,volume,turnover,transactions,source,security_type,is_common_stock,is_etf,is_warrant,is_bond_etf,is_leveraged_inverse,is_etn,is_preferred_stock,is_dr,scan_eligible,exclude_reason
2025-06-27,0050,元大台灣50,listed,48.32,48.37,48.0,48.29,0.05,0.1036,95810636,4616631122,38294,TWSE,etf,false,true,false,false,false,false,false,false,false,security_type=etf
2025-06-27,0051,元大中型100,listed,74.7,75.05,74.7,75.0,0.55,0.7388,53998,4045371,220,TWSE,etf,false,true,false,false,false,false,false,false,false,security_type=etf
2025-06-27,0052,富邦科技,listed,187.85,188.0,186.4,187.8,0.25,0.1333,557469,104451146,799,TWSE,etf,false,true,false,false,false,false,false,false,false,security_type=etf
2025-06-27,0053,元大電子,listed,102.6,102.6,102.1,102.45,-0.55,-0.534,24467,2499761,118,TWSE,etf,false,true,false,false,false,false,false,false,false,security_type=etf
2025-06-27,0055,元大MSCI金融,listed,29.0,29.05,28.88,29.05,0.14,0.4843,260257,7546577,329,TWSE,etf,false,true,false,false,false,false,false,false,false,security_type=etf
2025-06-27,0056,元大高股息,listed,34.7,34.74,34.63,34.69,0.04,0.1154,59408298,2060527679,14289,TWSE,etf,false,true,false,false,false,false,false,false,false,security_type=etf
2025-06-27,0057,富邦摩台,listed,142.9,142.9,142.15,142.7,0.1,0.0701,48283,6885609,97,TWSE,etf,false,true,false,false,false,false,false,false,false,security_type=etf
2025-06-27,0061,元大寶滬深,listed,17.85,17.87,17.61,17.67,-0.14,-0.7861,187168,3314393,165,TWSE,etf,false,true,false,false,false,false,false,false,false,security_type=etf
2025-06-27,006203,元大MSCI台灣,listed,89.3,89.3,88.6,89.05,-0.25,-0.28,5139,456509,113,TWSE,etf,false,true,false,false,false,false,false,false,false,security_type=etf;symbol_not_4_digit
2025-06-27,006204,永豐臺灣加權,listed,113.4,113.65,113.35,113.6,-0.4,-0.3509,55409,6293804,104,TWSE,etf,false,true,false,false,false,false,false,false,false,security_type=etf;symbol_not_4_digit
2025-06-27,006205,富邦上証,listed,30.7,30.71,30.24,30.29,-0.48,-1.56,984135,29941453,296,TWSE,etf,false,true,false,false,false,false,false,false,false,security_type=etf;symbol_not_4_digit
2025-06-27,006206,元大上證50,listed,29.95,29.95,29.3,29.44,-0.32,-1.0753,144929,4277541,105,TWSE,etf,false,true,false,false,false,false,false,false,false,security_type=etf;symbol_not_4_digit
2025-06-27,006207,復華滬深,listed,23.25,23.25,22.93,22.93,-0.31,-1.3339,441047,10147367,111,TWSE,etf,false,true,false,false,false,false,false,false,false,security_type=etf;symbol_not_4_digit
2025-06-27,006208,富邦台50,listed,113.15,113.4,112.6,113.25,0.35,0.31,14436528,1631416144,9570,TWSE,etf,false,true,false,false,false,false,false,false,false,security_type=etf;symbol_not_4_digit
2025-06-27,00625K,富邦上証+R,listed,,,,,0.0,,0,0,0,TWSE,etf,false,true,true,false,false,false,false,false,false,security_type=etf;symbol_not_4_digit;invalid_close;invalid_volume;invalid_turnover
2025-06-27,00631L,元大台灣50正2,listed,214.0,214.2,210.6,212.2,-0.5,-0.2351,6631237,1407061271,4212,TWSE,leveraged_inverse,false,true,true,false,true,false,false,false,false,security_type=leveraged_inverse;symbol_not_4_digit
2025-06-27,00632R,元大台灣50反1,listed,21.99,22.16,21.98,22.08,0.01,0.0453,34412854,759904604,4119,TWSE,leveraged_inverse,false,true,true,false,true,false,false,false,false,security_type=leveraged_inverse;symbol_not_4_digit
2025-06-27,00633L,富邦上証正2,listed,38.33,38.39,37.28,37.37,-0.96,-2.5046,8379832,317456664,1211,TWSE,leveraged_inverse,false,true,true,false,true,false,false,false,false,security_type=leveraged_inverse;symbol_not_4_digit
2025-06-27,00634R,富邦上証反1,listed,3.66,3.7,3.66,3.69,0.03,0.8197,366020,1349892,13,TWSE,leveraged_inverse,false,true,true,false,true,false,false,false,false,security_type=leveraged_inverse;symbol_not_4_digit
2025-06-27,00635U,期元大S&P黃金,listed,36.31,36.31,35.91,35.94,-0.55,-1.5073,14518809,522641446,2818,TWSE,etf,false,true,true,false,false,false,false,false,false,security_type=etf;symbol_not_4_digit
2025-06-27,00636,國泰中國A50,listed,21.61,21.63,21.19,21.22,-0.38,-1.7593,2112150,45163529,410,TWSE,etf,false,true,false,false,false,false,false,false,false,security_type=etf;symbol_not_4_digit
2025-06-27,00636K,國泰中國A50+U,listed,7.29,7.29,7.29,7.29,-0.06,-0.8163,200,1458,2,TWSE,etf,false,true,true,false,false,false,false,false,false,security_type=etf;symbol_not_4_digit
2025-06-27,00637L,元大滬深300正2,listed,15.25,15.26,14.79,14.82,-0.41,-2.6921,62946551,945547395,6107,TWSE,leveraged_inverse,false,true,true,false,true,false,false,false,false,security_type=leveraged_inverse;symbol_not_4_digit
2025-06-27,00638R,元大滬深300反1,listed,7.56,7.63,7.54,7.63,0.07,0.9259,1674293,12719396,53,TWSE,leveraged_inverse,false,true,true,false,true,false,false,false,false,security_type=leveraged_inverse;symbol_not_4_digit
2025-06-27,00639,富邦深100,listed,10.61,10.62,10.54,10.55,-0.09,-0.8459,1264503,13386638,252,TWSE,etf,false,true,false,false,false,false,false,false,false,security_type=etf;symbol_not_4_digit
2025-06-27,00640L,富邦日本正2,listed,53.2,54.1,53.2,53.9,1.75,3.3557,1439224,77591023,418,TWSE,leveraged_inverse,false,true,true,false,true,false,false,false,false,security_type=leveraged_inverse;symbol_not_4_digit
2025-06-27,00641R,富邦日本反1,listed,5.61,5.62,5.6,5.62,-0.09,-1.5762,2386848,13391137,219,TWSE,leveraged_inverse,false,true,true,false,true,false,false,false,false,security_type=leveraged_inverse;symbol_not_4_digit
2025-06-27,00642U,期元大S&P石油,listed,16.04,16.1,16.04,16.08,0.11,0.6888,1015472,16314887,420,TWSE,etf,false,true,true,false,false,false,false,false,false,security_type=etf;symbol_not_4_digit
2025-06-27,00643,群益深証中小,listed,12.01,12.03,11.94,11.96,-0.07,-0.5819,2726513,32671493,149,TWSE,etf,false,true,false,false,false,false,false,false,false,security_type=etf;symbol_not_4_digit
2025-06-27,00643K,群益深証中小+R,listed,,,,,0.0,,0,0,0,TWSE,etf,false,true,true,false,false,false,false,false,false,security_type=etf;symbol_not_4_digit;invalid_close;invalid_volume;invalid_turnover
2025-06-27,00645,富邦日本,listed,39.28,39.35,39.17,39.33,0.66,1.7067,1127802,44338968,578,TWSE,etf,false,true,false,false,false,false,false,false,false,security_type=etf;symbol_not_4_digit
2025-06-27,00646,元大S&P500,listed,55.85,55.95,55.55,55.7,0.15,0.27,3785032,210754333,1101,TWSE,etf,false,true,false,false,false,false,false,false,false,security_type=etf;symbol_not_4_digit
2025-06-27,00647L,元大S&P500正2,listed,93.2,93.2,93.0,93.15,1.1,1.195,231531,21549965,179,TWSE,leveraged_inverse,false,true,true,false,true,false,false,false,false,security_type=leveraged_inverse;symbol_not_4_digit
2025-06-27,00648R,元大S&P500反1,listed,4.75,4.75,4.73,4.74,-0.04,-0.8368,2538260,12018638,170,TWSE,leveraged_inverse,false,true,true,false,true,false,false,false,false,security_type=leveraged_inverse;symbol_not_4_digit
2025-06-27,00650L,復華香港正2,listed,15.14,15.22,14.84,14.84,-0.23,-1.5262,10753941,161568398,1189,TWSE,leveraged_inverse,false,true,true,false,true,false,false,false,false,security_type=leveraged_inverse;symbol_not_4_digit
2025-06-27,00651R,復華香港反1,listed,5.68,5.69,5.64,5.69,0.0,0.0,1685979,9561126,100,TWSE,leveraged_inverse,false,true,true,false,true,false,false,false,false,security_type=leveraged_inverse;symbol_not_4_digit
2025-06-27,00652,富邦印度,listed,36.2,36.35,36.1,36.11,0.21,0.585,348133,12593139,261,TWSE,etf,false,true,false,false,false,false,false,false,false,security_type=etf;symbol_not_4_digit
2025-06-27,00653L,富邦印度正2,listed,58.2,58.5,58.0,58.2,0.9,1.5707,418673,24391983,219,TWSE,leveraged_inverse,false,true,true,false,true,false,false,false,false,security_type=leveraged_inverse;symbol_not_4_digit
2025-06-27,00654R,富邦印度反1,listed,6.11,6.12,6.09,6.1,-0.08,-1.2945,566725,3457638,47,TWSE,leveraged_inverse,false,true,true,false,true,false,false,false,false,security_type=leveraged_inverse;symbol_not_4_digit
2025-06-27,00655L,國泰中國A50正2,listed,26.7,26.7,25.89,25.94,-0.73,-2.7372,4454685,117055447,589,TWSE,leveraged_inverse,false,true,true,false,true,false,false,false,false,security_type=leveraged_inverse;symbol_not_4_digit
2025-06-27,00656R,國泰中國A50反1,listed,6.7,6.76,6.7,6.74,0.04,0.597,232040,1562839,18,TWSE,leveraged_inverse,false,true,true,false,true,false,false,false,false,security_type=leveraged_inverse;symbol_not_4_digit
2025-06-27,00657,國泰日經225,listed,47.0,47.15,47.0,47.05,0.87,1.8839,650410,30631160,157,TWSE,etf,false,true,false,false,false,false,false,false,false,security_type=etf;symbol_not_4_digit
2025-06-27,00657K,國泰日經225+U,listed,16.29,16.29,16.29,16.29,0.39,2.4528,200,3258,2,TWSE,etf,false,true,true,false,false,false,false,false,false,security_type=etf;symbol_not_4_digit
2025-06-27,00660,元大歐洲50,listed,38.36,38.36,38.14,38.15,-0.18,-0.4696,120077,4596388,428,TWSE,etf,false,true,false,false,false,false,false,false,false,security_type=etf;symbol_not_4_digit
2025-06-27,00661,元大日經225,listed,51.2,51.45,51.2,51.3,0.9,1.7857,1184310,60813390,329,TWSE,etf,false,true,false,false,false,false,false,false,false,security_type=etf;symbol_not_4_digit
2025-06-27,00662,富邦NASDAQ,listed,83.9,84.05,83.4,83.5,0.15,0.18,4701778,393057204,1148,TWSE,etf,false,true,false,false,false,false,false,false,false,security_type=etf;symbol_not_4_digit
2025-06-27,00663L,國泰臺灣加權正2,listed,27.92,27.94,27.5,27.69,-0.04,-0.1442,6437450,177868696,1183,TWSE,leveraged_inverse,false,true,true,false,true,false,false,false,false,security_type=leveraged_inverse;symbol_not_4_digit
2025-06-27,00664R,國泰臺灣加權反1,listed,3.55,3.58,3.55,3.57,0.0,0.0,9431459,33618260,526,TWSE,leveraged_inverse,false,true,true,false,true,false,false,false,false,security_type=leveraged_inverse;symbol_not_4_digit
2025-06-27,00665L,富邦恒生國企正2,listed,10.29,10.33,10.05,10.05,-0.19,-1.8555,28768182,293059820,2518,TWSE,leveraged_inverse,false,true,true,false,true,false,false,false,false,security_type=leveraged_inverse;symbol_not_4_digit
2025-06-27,00666R,富邦恒生國企反1,listed,9.04,9.09,9.01,9.08,0.04,0.4425,481135,4359840,48,TWSE,leveraged_inverse,false,true,true,false,true,false,false,false,false,security_type=leveraged_inverse;symbol_not_4_digit
2025-06-27,00668,國泰美國道瓊,listed,46.12,46.13,45.89,45.91,0.12,0.2621,855677,39341092,126,TWSE,etf,false,true,false,false,false,false,false,false,false,security_type=etf;symbol_not_4_digit
2025-06-27,00668K,國泰美國道瓊+U,listed,15.84,15.84,15.84,15.84,0.13,0.8275,200,3168,2,TWSE,etf,false,true,true,false,false,false,false,false,false,security_type=etf;symbol_not_4_digit
2025-06-27,00669R,國泰美國道瓊反1,listed,6.1,6.1,6.07,6.07,-0.09,-1.461,3734017,22707568,407,TWSE,leveraged_inverse,false,true,true,false,true,false,false,false,false,security_type=leveraged_inverse;symbol_not_4_digit
2025-06-27,00670L,富邦NASDAQ正2,listed,134.3,134.75,134.25,134.6,2.3,1.7385,1525320,205168942,1286,TWSE,leveraged_inverse,false,true,true,false,true,false,false,false,false,security_type=leveraged_inverse;symbol_not_4_digit
2025-06-27,00671R,富邦NASDAQ反1,listed,3.21,3.21,3.2,3.21,-0.03,-0.9259,10306227,33048392,415,TWSE,leveraged_inverse,false,true,true,false,true,false,false,false,false,security_type=leveraged_inverse;symbol_not_4_digit
2025-06-27,00673R,期元大S&P原油反1,listed,6.68,6.68,6.63,6.63,-0.06,-0.8969,18463456,122610595,705,TWSE,leveraged_inverse,false,true,true,false,true,false,false,false,false,security_type=leveraged_inverse;symbol_not_4_digit
2025-06-27,00674R,期元大S&P黃金反1,listed,7.6,7.67,7.59,7.65,0.1,1.3245,2702571,20624839,293,TWSE,leveraged_inverse,false,true,true,false,true,false,false,false,false,security_type=leveraged_inverse;symbol_not_4_digit
2025-06-27,00675L,富邦臺灣加權正2,listed,85.25,85.25,83.8,84.4,-0.15,-0.1774,3539619,298733516,2056,TWSE,leveraged_inverse,false,true,true,false,true,false,false,false,false,security_type=leveraged_inverse;symbol_not_4_digit
2025-06-27,00676R,富邦臺灣加權反1,listed,12.06,12.14,12.05,12.1,0.01,0.0827,1236868,14958701,168,TWSE,leveraged_inverse,false,true,true,false,true,false,false,false,false,security_type=leveraged_inverse;symbol_not_4_digit
2025-06-27,00678,群益那斯達克生技,listed,24.15,24.15,24.03,24.07,-0.09,-0.3725,349976,8418932,99,TWSE,etf,false,true,false,false,false,false,false,false,false,security_type=etf;symbol_not_4_digit
2025-06-27,00680L,元大美債20正2,listed,7.13,7.14,7.12,7.12,-0.01,-0.1403,27567207,196503720,1309,TWSE,bond_etf,false,true,true,true,true,false,false,false,false,security_type=bond_etf;symbol_not_4_digit
2025-06-27,00681R,元大美債20反1,listed,20.73,20.75,20.73,20.74,-0.04,-0.1925,194000,4022640,20,TWSE,bond_etf,false,true,true,true,true,false,false,false,false,security_type=bond_etf;symbol_not_4_digit
2025-06-27,00682U,期元大美元指數,listed,19.81,19.81,19.77,19.8,-0.01,-0.0505,23560,466017,9,TWSE,etf,false,true,true,false,false,false,false,false,false,security_type=etf;symbol_not_4_digit
2025-06-27,00683L,期元大美元指正2,listed,20.01,20.01,19.96,19.98,-0.08,-0.3988,141668,2830188,59,TWSE,leveraged_inverse,false,true,true,false,true,false,false,false,false,security_type=leveraged_inverse;symbol_not_4_digit
2025-06-27,00684R,期元大美元指反1,listed,15.96,15.96,15.92,15.92,0.0,0.0,212540,3389268,48,TWSE,leveraged_inverse,false,true,true,false,true,false,false,false,false,security_type=leveraged_inverse;symbol_not_4_digit
2025-06-27,00685L,群益臺灣加權正2,listed,76.4,76.4,75.15,75.7,-0.15,-0.1978,473462,35860248,315,TWSE,leveraged_inverse,false,true,true,false,true,false,false,false,false,security_type=leveraged_inverse;symbol_not_4_digit
2025-06-27,00686R,群益臺灣加權反1,listed,2.15,2.18,2.15,2.17,0.0,0.0,1097336,2375266,169,TWSE,leveraged_inverse,false,true,true,false,true,false,false,false,false,security_type=leveraged_inverse;symbol_not_4_digit
2025-06-27,00688L,國泰20年美債正2,listed,7.11,7.11,7.09,7.09,0.0,0.0,11442352,81220052,634,TWSE,bond_etf,false,true,true,true,true,false,false,false,false,security_type=bond_etf;symbol_not_4_digit
2025-06-27,00689R,國泰20年美債反1,listed,21.09,21.11,21.08,21.09,-0.12,-0.5658,9000,189800,4,TWSE,bond_etf,false,true,true,true,true,false,false,false,false,security_type=bond_etf;symbol_not_4_digit
2025-06-27,00690,兆豐藍籌30,listed,34.14,34.25,34.12,34.22,0.11,0.3225,825830,28223208,255,TWSE,etf,false,true,false,false,false,false,false,false,false,security_type=etf;symbol_not_4_digit
2025-06-27,00692,富邦公司治理,listed,44.48,44.59,44.27,44.47,0.04,0.09,2615675,116133729,1563,TWSE,etf,false,true,false,false,false,false,false,false,false,security_type=etf;symbol_not_4_digit
2025-06-27,00693U,期街口S&P黃豆,listed,19.66,19.7,19.63,19.64,-0.08,-0.4057,623263,12248006,197,TWSE,warrant,false,false,true,false,false,false,false,false,false,security_type=warrant;symbol_not_4_digit
2025-06-27,00700,富邦恒生國企,listed,16.69,16.72,16.38,16.38,-0.24,-1.444,769038,12745360,316,TWSE,etf,false,true,false,false,false,false,false,false,false,security_type=etf;symbol_not_4_digit
2025-06-27,00701,國泰股利精選30,listed,28.1,28.25,28.1,28.2,0.1,0.3559,486059,13696894,362,TWSE,etf,false,true,false,false,false,false,false,false,false,security_type=etf;symbol_not_4_digit
2025-06-27,00702,國泰標普低波高息,listed,21.54,21.55,21.48,21.48,-0.01,-0.0465,123757,2664086,106,TWSE,etf,false,true,false,false,false,false,false,false,false,security_type=etf;symbol_not_4_digit
2025-06-27,00703,台新MSCI中國,listed,18.39,18.39,18.14,18.14,-0.25,-1.3594,75245,1371543,77,TWSE,other,false,false,false,false,false,false,false,false,false,symbol_not_4_digit
2025-06-27,00706L,期元大S&P日圓正2,listed,6.23,6.26,6.22,6.23,0.01,0.1608,9792524,61089259,509,TWSE,leveraged_inverse,false,true,true,false,true,false,false,false,false,security_type=leveraged_inverse;symbol_not_4_digit
2025-06-27,00707R,期元大S&P日圓反1,listed,,,,,0.0,,0,0,0,TWSE,leveraged_inverse,false,true,true,false,true,false,false,false,false,security_type=leveraged_inverse;symbol_not_4_digit;invalid_close;invalid_volume;invalid_turnover
2025-06-27,00708L,期元大S&P黃金正2,listed,56.5,56.6,55.4,55.6,-1.45,-2.5416,4582671,256095352,2244,TWSE,leveraged_inverse,false,true,true,false,true,false,false,false,false,security_type=leveraged_inverse;symbol_not_4_digit
2025-06-27,00709,富邦歐洲,listed,30.95,30.95,30.84,30.85,-0.1,-0.3231,298487,9223797,1202,TWSE,etf,false,true,false,false,false,false,false,false,false,security_type=etf;symbol_not_4_digit
2025-06-27,00710B,復華彭博非投等債,listed,17.7,17.7,17.58,17.58,-0.12,-0.678,186496,3285324,112,TWSE,bond_etf,false,true,true,true,false,false,false,false,false,security_type=bond_etf;symbol_not_4_digit
2025-06-27,00711B,復華彭博新興債,listed,14.37,14.37,14.34,14.36,-0.12,-0.8287,128709,1846938,133,TWSE,bond_etf,false,true,true,true,false,false,false,false,false,security_type=bond_etf;symbol_not_4_digit
2025-06-27,00712,復華富時不動產,listed,8.14,8.17,8.09,8.11,0.02,0.2472,20826034,168869917,5465,TWSE,etf,false,true,false,false,false,false,false,false,false,security_type=etf;symbol_not_4_digit
2025-06-27,00713,元大台灣高息低波,listed,50.4,50.45,50.3,50.45,0.15,0.2982,5762522,290235116,4213,TWSE,etf,false,true,false,false,false,false,false,false,false,security_type=etf;symbol_not_4_digit
2025-06-27,00714,群益道瓊美國地產,listed,18.7,18.7,18.55,18.56,-0.2,-1.0661,215584,4007286,125,TWSE,etf,false,true,false,false,false,false,false,false,false,security_type=etf;symbol_not_4_digit
2025-06-27,00715L,期街口布蘭特正2,listed,10.53,10.59,10.52,10.57,0.09,0.8588,23199725,244913444,2784,TWSE,leveraged_inverse,false,true,true,false,true,false,false,false,false,security_type=leveraged_inverse;symbol_not_4_digit
2025-06-27,00717,富邦美國特別股,listed,13.8,13.8,13.72,13.73,-0.05,-0.3628,84416,1159041,130,TWSE,preferred_stock,false,true,false,false,false,false,true,false,false,security_type=preferred_stock;symbol_not_4_digit
2025-06-27,00728,第一金工業30,listed,30.4,30.4,30.26,30.29,-0.02,-0.066,191559,5804980,162,TWSE,other,false,false,false,false,false,false,false,false,false,symbol_not_4_digit
2025-06-27,00730,富邦臺灣優質高息,listed,22.03,22.03,21.83,21.86,-0.24,-1.086,219447,4802493,341,TWSE,etf,false,true,false,false,false,false,false,false,false,security_type=etf;symbol_not_4_digit
2025-06-27,00731,復華富時高息低波,listed,66.55,66.7,66.4,66.6,0.4,0.6042,705023,46913786,249,TWSE,etf,false,true,false,false,false,false,false,false,false,security_type=etf;symbol_not_4_digit
2025-06-27,00733,富邦臺灣中小,listed,39.0,39.11,38.64,38.72,-0.06,-0.1547,765439,29717237,950,TWSE,etf,false,true,false,false,false,false,false,false,false,security_type=etf;symbol_not_4_digit
2025-06-27,00735,國泰臺韓科技,listed,34.22,34.23,34.06,34.08,-0.17,-0.4964,212510,7247537,112,TWSE,etf,false,true,false,false,false,false,false,false,false,security_type=etf;symbol_not_4_digit
2025-06-27,00736,國泰新興市場,listed,23.64,23.64,23.62,23.63,-0.06,-0.2533,109949,2597300,84,TWSE,etf,false,true,false,false,false,false,false,false,false,security_type=etf;symbol_not_4_digit
2025-06-27,00737,國泰AI機器人,listed,30.48,30.61,30.38,30.45,0.31,1.0285,233368,7106214,125,TWSE,etf,false,true,false,false,false,false,false,false,false,security_type=etf;symbol_not_4_digit
2025-06-27,00738U,期元大道瓊白銀,listed,30.75,30.83,30.55,30.63,-0.03,-0.0978,1775845,54534230,472,TWSE,etf,false,true,true,false,false,false,false,false,false,security_type=etf;symbol_not_4_digit
2025-06-27,00739,元大MSCI A股,listed,21.0,21.0,20.7,20.74,-0.27,-1.2851,83946,1738983,93,TWSE,etf,false,true,false,false,false,false,false,false,false,security_type=etf;symbol_not_4_digit
2025-06-27,00752,中信中國50,listed,22.52,22.52,22.12,22.13,-0.23,-1.0286,2570678,57218794,685,TWSE,etf,false,true,false,false,false,false,false,false,false,security_type=etf;symbol_not_4_digit
2025-06-27,00753L,中信中國50正2,listed,10.05,10.05,9.78,9.79,-0.13,-1.3105,23168448,229689979,2532,TWSE,leveraged_inverse,false,true,true,false,true,false,false,false,false,security_type=leveraged_inverse;symbol_not_4_digit
2025-06-27,00757,統一FANG+,listed,101.9,102.05,101.5,101.65,0.8,0.7933,4749772,482873736,2702,TWSE,etf,false,true,false,false,false,false,false,false,false,security_type=etf;symbol_not_4_digit
2025-06-27,00762,元大全球AI,listed,67.2,67.2,66.7,66.75,0.0,0.0,259864,17346162,441,TWSE,etf,false,true,false,false,false,false,false,false,false,security_type=etf;symbol_not_4_digit
2025-06-27,00763U,期街口道瓊銅,listed,28.61,28.62,28.43,28.48,0.59,2.1155,430960,12293495,201,TWSE,warrant,false,false,true,false,false,false,false,false,false,security_type=warrant;symbol_not_4_digit
2025-06-27,00770,國泰北美科技,listed,45.07,45.2,44.9,44.92,0.11,0.2455,457065,20548272,387,TWSE,etf,false,true,false,false,false,false,false,false,false,security_type=etf;symbol_not_4_digit
2025-06-27,00771,元大US高息特別股,listed,14.95,14.95,14.89,14.89,-0.05,-0.3347,47610,710438,104,TWSE,preferred_stock,false,true,false,false,false,false,true,false,false,security_type=preferred_stock;symbol_not_4_digit
2025-06-27,00775B,台新投等債15+,listed,29.64,29.66,29.6,29.6,-0.19,-0.6378,13964,413181,76,TWSE,bond_etf,false,true,true,true,false,false,false,false,false,security_type=bond_etf;symbol_not_4_digit
2025-06-27,00783,富邦中証500,listed,18.22,18.29,18.18,18.18,-0.12,-0.6557,241267,4396014,32,TWSE,etf,false,true,false,false,false,false,false,false,false,security_type=etf;symbol_not_4_digit
2025-06-27,00830,國泰費城半導體,listed,41.49,41.55,41.28,41.31,0.0,0.0,9766526,404088847,2286,TWSE,etf,false,true,false,false,false,false,false,false,false,security_type=etf;symbol_not_4_digit
2025-06-27,00850,元大臺灣ESG永續,listed,43.51,43.69,43.42,43.59,0.08,0.1839,1938853,84366281,941,TWSE,etf,false,true,false,false,false,false,false,false,false,security_type=etf;symbol_not_4_digit
2025-06-27,00851,台新全球AI,listed,47.72,47.72,47.6,47.6,-0.02,-0.042,43637,2078590,44,TWSE,other,false,false,false,false,false,false,false,false,false,symbol_not_4_digit
2025-06-27,00852L,國泰美國道瓊正2,listed,24.47,24.48,24.39,24.4,0.36,1.4975,1013973,24759982,112,TWSE,leveraged_inverse,false,true,true,false,true,false,false,false,false,security_type=leveraged_inverse;symbol_not_4_digit
2025-06-27,00861,元大全球未來通訊,listed,42.32,42.32,41.87,41.9,-0.1,-0.2381,34918,1463765,145,TWSE,etf,false,true,false,false,false,false,false,false,false,security_type=etf;symbol_not_4_digit
2025-06-27,00865B,國泰US短期公債,listed,42.99,44.0,42.87,44.0,1.01,2.3494,223177,9597994,143,TWSE,bond_etf,false,true,true,true,false,false,false,false,false,security_type=bond_etf;symbol_not_4_digit
2025-06-27,00875,國泰網路資安,listed,37.37,37.42,37.3,37.33,-0.03,-0.0803,169550,6337577,1076,TWSE,etf,false,true,false,false,false,false,false,false,false,security_type=etf;symbol_not_4_digit
2025-06-27,00876,元大全球5G,listed,36.4,36.4,36.07,36.13,0.1,0.2775,149434,5406887,140,TWSE,etf,false,true,false,false,false,false,false,false,false,security_type=etf;symbol_not_4_digit
2025-06-27,00878,國泰永續高股息,listed,20.94,20.98,20.89,20.95,0.03,0.1434,27130086,567917140,11844,TWSE,etf,false,true,false,false,false,false,false,false,false,security_type=etf;symbol_not_4_digit
2025-06-27,00881,國泰台灣科技龍頭,listed,23.76,23.78,23.65,23.75,0.03,0.1265,5952724,141157696,2326,TWSE,etf,false,true,false,false,false,false,false,false,false,security_type=etf;symbol_not_4_digit
2025-06-27,00882,中信中國高股息,listed,13.23,13.23,12.95,12.97,-0.18,-1.3688,12660751,165219632,2486,TWSE,etf,false,true,false,false,false,false,false,false,false,security_type=etf;symbol_not_4_digit
2025-06-27,00885,富邦越南,listed,12.07,12.1,11.98,12.06,0.0,0.0,4307900,51944536,669,TWSE,etf,false,true,false,false,false,false,false,false,false,security_type=etf;symbol_not_4_digit
2025-06-27,00891,中信關鍵半導體,listed,16.76,16.91,16.75,16.86,0.13,0.777,5313219,89534490,1621,TWSE,etf,false,true,false,false,false,false,false,false,false,security_type=etf;symbol_not_4_digit
2025-06-27,00892,富邦台灣半導體,listed,17.26,17.36,17.2,17.34,0.18,1.049,2467658,42714932,613,TWSE,etf,false,true,false,false,false,false,false,false,false,security_type=etf;symbol_not_4_digit
2025-06-27,00893,國泰智能電動車,listed,23.4,23.4,23.25,23.29,-0.08,-0.3423,1215811,28344807,574,TWSE,etf,false,true,false,false,false,false,false,false,false,security_type=etf;symbol_not_4_digit
2025-06-27,00894,中信小資高價30,listed,19.78,19.8,19.66,19.7,0.01,0.0508,914610,18038877,456,TWSE,etf,false,true,false,false,false,false,false,false,false,security_type=etf;symbol_not_4_digit
2025-06-27,00895,富邦未來車,listed,29.9,29.95,29.75,29.75,-0.02,-0.0672,1608870,47968309,503,TWSE,etf,false,true,false,false,false,false,false,false,false,security_type=etf;symbol_not_4_digit
2025-06-27,00896,中信綠能及電動車,listed,15.72,15.72,15.56,15.59,-0.01,-0.0641,883687,13794026,313,TWSE,etf,false,true,false,false,false,false,false,false,false,security_type=etf;symbol_not_4_digit
2025-06-27,00897,富邦基因免疫生技,listed,6.38,6.38,6.34,6.35,-0.01,-0.1572,710650,4515780,152,TWSE,etf,false,true,false,false,false,false,false,false,false,security_type=etf;symbol_not_4_digit
2025-06-27,00898,國泰基因免疫革命,listed,5.96,5.96,5.92,5.94,-0.03,-0.5025,126528,750690,169,TWSE,etf,false,true,false,false,false,false,false,false,false,security_type=etf;symbol_not_4_digit
2025-06-27,00899,FT潔淨能源,listed,14.09,14.09,14.06,14.06,0.03,0.2138,60793,855305,73,TWSE,other,false,false,false,false,false,false,false,false,false,symbol_not_4_digit
2025-06-27,00900,富邦特選高股息30,listed,12.91,12.95,12.84,12.88,0.01,0.0777,11216975,144459256,2160,TWSE,etf,false,true,false,false,false,false,false,false,false,security_type=etf;symbol_not_4_digit
2025-06-27,00901,永豐智能車供應鏈,listed,20.0,20.06,19.95,20.0,0.0,0.0,189229,3784109,124,TWSE,etf,false,true,false,false,false,false,false,false,false,security_type=etf;symbol_not_4_digit
2025-06-27,00902,中信電池及儲能,listed,7.73,7.8,7.67,7.68,-0.06,-0.7752,1994308,15408386,295,TWSE,etf,false,true,false,false,false,false,false,false,false,security_type=etf;symbol_not_4_digit
2025-06-27,00903,富邦元宇宙,listed,14.31,14.31,14.22,14.22,0.07,0.4947,729618,10389187,168,TWSE,etf,false,true,false,false,false,false,false,false,false,security_type=etf;symbol_not_4_digit
2025-06-27,00904,台新臺灣半導體30,listed,17.55,17.63,17.54,17.58,0.05,0.2852,833464,14655936,158,TWSE,other,false,false,false,false,false,false,false,false,false,symbol_not_4_digit
2025-06-27,00905,FT臺灣Smart,listed,13.59,13.61,13.51,13.55,0.0,0.0,4084131,55370765,864,TWSE,other,false,false,false,false,false,false,false,false,false,symbol_not_4_digit
2025-06-27,00907,永豐優息存股,listed,14.91,14.95,14.85,14.92,0.1,0.6748,853190,12713197,272,TWSE,etf,false,true,false,false,false,false,false,false,false,security_type=etf;symbol_not_4_digit
2025-06-27,00908,富邦入息REITs+,listed,12.76,12.81,12.72,12.72,0.0,0.0,640860,8179942,101,TWSE,etf,false,true,false,false,false,false,false,false,false,security_type=etf;symbol_not_4_digit
2025-06-27,00909,國泰數位支付服務,listed,31.58,31.63,31.45,31.53,0.78,2.5366,6278840,197989608,3960,TWSE,etf,false,true,false,false,false,false,false,false,false,security_type=etf;symbol_not_4_digit
2025-06-27,00910,第一金太空衛星,listed,31.12,31.58,31.12,31.39,0.93,3.0532,2773531,87168359,1726,TWSE,other,false,false,false,false,false,false,false,false,false,symbol_not_4_digit
2025-06-27,00911,兆豐洲際半導體,listed,25.0,25.0,24.88,24.89,0.18,0.7285,562149,13993580,200,TWSE,etf,false,true,false,false,false,false,false,false,false,security_type=etf;symbol_not_4_digit
2025-06-27,00912,中信臺灣智慧50,listed,18.35,18.35,18.25,18.3,0.04,0.2191,389835,7134768,202,TWSE,etf,false,true,false,false,false,false,false,false,false,security_type=etf;symbol_not_4_digit
2025-06-27,00913,兆豐台灣晶圓製造,listed,19.73,19.78,19.66,19.73,0.11,0.5607,222020,4375974,38,TWSE,etf,false,true,false,false,false,false,false,false,false,security_type=etf;symbol_not_4_digit
2025-06-27,00915,凱基優選高股息30,listed,22.37,22.47,22.36,22.4,0.1,0.4484,5590974,125268486,1269,TWSE,etf,false,true,false,false,false,false,false,false,false,security_type=etf;symbol_not_4_digit
2025-06-27,00916,國泰全球品牌50,listed,22.7,22.72,22.57,22.59,-0.08,-0.3529,1298753,29383200,749,TWSE,etf,false,true,false,false,false,false,false,false,false,security_type=etf;symbol_not_4_digit
2025-06-27,00917,中信特選金融,listed,21.35,21.37,21.22,21.22,-0.03,-0.1412,663010,14118310,184,TWSE,etf,false,true,false,false,false,false,false,false,false,security_type=etf;symbol_not_4_digit
2025-06-27,00918,大華優利高填息30,listed,21.71,21.75,21.67,21.68,0.0,0.0,12022335,260912481,3393,TWSE,other,false,false,false,false,false,false,false,false,false,symbol_not_4_digit
2025-06-27,00919,群益台灣精選高息,listed,21.52,21.6,21.51,21.6,0.09,0.4184,50510409,1088683122,14036,TWSE,etf,false,true,false,false,false,false,false,false,false,security_type=etf;symbol_not_4_digit
2025-06-27,00920,富邦ESG綠色電力,listed,12.37,12.37,12.34,12.34,0.03,0.2437,118256,1462132,82,TWSE,etf,false,true,false,false,false,false,false,false,false,security_type=etf;symbol_not_4_digit
2025-06-27,00921,兆豐龍頭等權重,listed,16.66,16.69,16.6,16.61,0.02,0.1206,356532,5936224,150,TWSE,etf,false,true,false,false,false,false,false,false,false,security_type=etf;symbol_not_4_digit
2025-06-27,00922,國泰台灣領袖50,listed,20.75,20.8,20.66,20.76,0.06,0.2899,12948638,268592681,4059,TWSE,etf,false,true,false,false,false,false,false,false,false,security_type=etf;symbol_not_4_digit
2025-06-27,00923,群益台ESG低碳50,listed,21.05,21.1,21.01,21.08,0.03,0.1425,3164391,66662701,1029,TWSE,etf,false,true,false,false,false,false,false,false,false,security_type=etf;symbol_not_4_digit
2025-06-27,00924,復華S&P500成長,listed,23.77,23.78,23.65,23.68,0.05,0.2116,3437102,81505098,1298,TWSE,etf,false,true,false,false,false,false,false,false,false,security_type=etf;symbol_not_4_digit
2025-06-27,00926,凱基全球菁英55,listed,20.06,20.06,19.94,19.94,-0.04,-0.2002,1557850,31137594,540,TWSE,etf,false,true,false,false,false,false,false,false,false,security_type=etf;symbol_not_4_digit
2025-06-27,00927,群益半導體收益,listed,17.14,17.2,17.12,17.17,0.05,0.2921,4549141,78102383,980,TWSE,etf,false,true,false,false,false,false,false,false,false,security_type=etf;symbol_not_4_digit
2025-06-27,00929,復華台灣科技優息,listed,17.45,17.51,17.42,17.46,0.01,0.0573,32655923,570649612,3917,TWSE,etf,false,true,false,false,false,false,false,false,false,security_type=etf;symbol_not_4_digit
2025-06-27,00930,永豐ESG低碳高息,listed,17.1,17.2,17.1,17.17,0.09,0.5269,2674933,45925932,572,TWSE,etf,false,true,false,false,false,false,false,false,false,security_type=etf;symbol_not_4_digit
2025-06-27,00932,兆豐永續高息等權,listed,13.91,13.94,13.86,13.88,0.03,0.2166,1534324,21314136,236,TWSE,etf,false,true,false,false,false,false,false,false,false,security_type=etf;symbol_not_4_digit
2025-06-27,00934,中信成長高股息,listed,18.24,18.3,18.07,18.07,-0.15,-0.8233,4350849,79061700,631,TWSE,etf,false,true,false,false,false,false,false,false,false,security_type=etf;symbol_not_4_digit
2025-06-27,00935,野村臺灣新科技50,listed,21.55,21.6,21.48,21.53,0.04,0.1861,1878441,40466196,760,TWSE,other,false,false,false,false,false,false,false,false,false,symbol_not_4_digit
2025-06-27,00936,台新永續高息中小,listed,14.67,14.71,14.54,14.56,-0.07,-0.4785,3435157,50144836,365,TWSE,other,false,false,false,false,false,false,false,false,false,symbol_not_4_digit
2025-06-27,00938,凱基優選30,listed,14.45,14.48,14.37,14.42,0.01,0.0694,1921294,27675741,168,TWSE,etf,false,true,false,false,false,false,false,false,false,security_type=etf;symbol_not_4_digit
2025-06-27,00939,統一台灣高息動能,listed,13.77,13.8,13.74,13.78,0.01,0.0726,5338296,73534988,850,TWSE,etf,false,true,false,false,false,false,false,false,false,security_type=etf;symbol_not_4_digit
2025-06-27,00940,元大台灣價值高息,listed,9.0,9.04,8.99,9.01,0.01,0.1111,22443852,202394466,3432,TWSE,etf,false,true,false,false,false,false,false,false,false,security_type=etf;symbol_not_4_digit
2025-06-27,00941,中信上游半導體,listed,13.31,13.4,13.31,13.35,0.06,0.4515,4567315,61095487,916,TWSE,etf,false,true,false,false,false,false,false,false,false,security_type=etf;symbol_not_4_digit
2025-06-27,00943,兆豐電子高息等權,listed,13.69,13.72,13.67,13.67,0.01,0.0732,413398,5662560,93,TWSE,etf,false,true,false,false,false,false,false,false,false,security_type=etf;symbol_not_4_digit
2025-06-27,00944,野村趨勢動能高息,listed,14.0,14.0,13.94,13.95,0.05,0.3597,2133816,29808989,227,TWSE,other,false,false,false,false,false,false,false,false,false,symbol_not_4_digit
2025-06-27,00945B,凱基美國非投等債,listed,13.38,13.38,13.3,13.32,-0.08,-0.597,12428101,165615939,1941,TWSE,bond_etf,false,true,true,true,false,false,false,false,false,security_type=bond_etf;symbol_not_4_digit
2025-06-27,00946,群益科技高息成長,listed,9.11,9.12,9.0,9.01,-0.06,-0.6615,3207569,29013379,604,TWSE,etf,false,true,false,false,false,false,false,false,false,security_type=etf;symbol_not_4_digit
2025-06-27,00947,台新臺灣IC設計,listed,13.54,13.61,13.53,13.54,0.06,0.4451,1399012,18987614,415,TWSE,other,false,false,false,false,false,false,false,false,false,symbol_not_4_digit
2025-06-27,00949,復華日本龍頭,listed,15.51,15.62,15.46,15.47,0.26,1.7094,6461316,100475191,714,TWSE,etf,false,true,false,false,false,false,false,false,false,security_type=etf;symbol_not_4_digit
2025-06-27,00951,台新日本半導體,listed,8.5,8.58,8.45,8.49,0.12,1.4337,7341965,62674280,1110,TWSE,other,false,false,false,false,false,false,false,false,false,symbol_not_4_digit
2025-06-27,00952,凱基台灣AI50,listed,9.52,9.55,9.44,9.44,-0.05,-0.5269,1735717,16454310,334,TWSE,etf,false,true,false,false,false,false,false,false,false,security_type=etf;symbol_not_4_digit
2025-06-27,00953B,群益優選非投等債,listed,9.06,9.07,8.99,8.99,-0.09,-0.9912,75624945,682666596,8943,TWSE,bond_etf,false,true,true,true,false,false,false,false,false,security_type=bond_etf;symbol_not_4_digit
2025-06-27,00954,中信日本半導體,listed,8.95,9.03,8.9,8.94,0.12,1.3605,3296294,29627408,437,TWSE,etf,false,true,false,false,false,false,false,false,false,security_type=etf;symbol_not_4_digit
2025-06-27,00956,中信日經高股息,listed,9.13,9.14,9.08,9.1,0.06,0.6637,2313353,21078611,242,TWSE,etf,false,true,false,false,false,false,false,false,false,security_type=etf;symbol_not_4_digit
2025-06-27,00960,野村全球航運龍頭,listed,13.46,13.46,13.36,13.37,-0.09,-0.6686,1253580,16771693,602,TWSE,other,false,false,false,false,false,false,false,false,false,symbol_not_4_digit
2025-06-27,00961,FT臺灣永續高息,listed,9.25,9.29,9.22,9.23,0.0,0.0,3979277,36823066,178,TWSE,other,false,false,false,false,false,false,false,false,false,symbol_not_4_digit
2025-06-27,00962,台新AI優息動能,listed,9.43,9.43,9.37,9.37,-0.03,-0.3191,564896,5313068,137,TWSE,other,false,false,false,false,false,false,false,false,false,symbol_not_4_digit
2025-06-27,00963,中信全球高股息,listed,9.91,9.91,9.83,9.83,-0.03,-0.3043,3198966,31528803,475,TWSE,etf,false,true,false,false,false,false,false,false,false,security_type=etf;symbol_not_4_digit
2025-06-27,00964,中信亞太高股息,listed,9.97,9.97,9.88,9.88,-0.08,-0.8032,1694641,16837662,106,TWSE,etf,false,true,false,false,false,false,false,false,false,security_type=etf;symbol_not_4_digit
2025-06-27,00965,元大航太防衛科技,listed,19.38,19.47,19.22,19.28,0.31,1.6342,12177208,235744451,1682,TWSE,etf,false,true,false,false,false,false,false,false,false,security_type=etf;symbol_not_4_digit
2025-06-27,00971,野村美國研發龍頭,listed,13.67,13.79,13.67,13.71,0.05,0.366,1327038,18183087,319,TWSE,other,false,false,false,false,false,false,false,false,false,symbol_not_4_digit
2025-06-27,00972,野村日本動能高息,listed,14.42,14.58,14.42,14.45,0.07,0.4868,791733,11479766,57,TWSE,other,false,false,false,false,false,false,false,false,false,symbol_not_4_digit
2025-06-27,009800,中信NASDAQ,listed,9.09,9.11,9.05,9.06,0.02,0.2212,5830011,52901780,575,TWSE,etf,false,true,false,false,false,false,false,false,false,security_type=etf;symbol_not_4_digit
2025-06-27,009801,中信美國創新科技,listed,9.22,9.24,9.19,9.19,0.03,0.3275,4749430,43720398,518,TWSE,etf,false,true,false,false,false,false,false,false,false,security_type=etf;symbol_not_4_digit
2025-06-27,009802,富邦旗艦50,listed,9.63,9.66,9.6,9.62,-0.01,-0.1038,7038644,67778539,1481,TWSE,etf,false,true,false,false,false,false,false,false,false,security_type=etf;symbol_not_4_digit
2025-06-27,009803,玉山市值動能50,listed,10.33,10.33,10.28,10.29,-0.01,-0.0971,4537323,46724310,380,TWSE,other,false,false,false,false,false,false,false,false,false,symbol_not_4_digit
2025-06-27,009804,聯邦台精彩50,listed,11.58,11.6,11.56,11.59,0.01,0.0864,2139208,24761799,235,TWSE,other,false,false,false,false,false,false,false,false,false,symbol_not_4_digit
2025-06-27,009805,台新美國電力基建,listed,10.23,10.23,10.15,10.16,0.02,0.1972,985152,10029072,136,TWSE,other,false,false,false,false,false,false,false,false,false,symbol_not_4_digit
2025-06-27,009808,華南永昌優選50,listed,15.53,15.56,15.49,15.54,0.0,0.0,2587488,40173604,106,TWSE,other,false,false,false,false,false,false,false,false,false,symbol_not_4_digit
2025-06-27,00980A,主動野村臺灣優選,listed,11.29,11.31,11.25,11.28,0.02,0.1776,2606938,29403715,733,TWSE,etf,false,true,true,false,false,false,false,false,false,security_type=etf;symbol_not_4_digit
2025-06-27,00981A,主動統一台股增長,listed,10.98,10.98,10.88,10.9,-0.01,-0.0917,8677754,94643516,1340,TWSE,etf,false,true,true,false,false,false,false,false,false,security_type=etf;symbol_not_4_digit
2025-06-27,00982A,主動群益台灣強棒,listed,10.96,10.96,10.86,10.87,-0.03,-0.2752,27401642,298999504,2568,TWSE,etf,false,true,true,false,false,false,false,false,false,security_type=etf;symbol_not_4_digit
2025-06-27,00983A,主動中信ARK創新,listed,10.42,10.43,10.37,10.38,0.06,0.5814,7185169,74673778,1029,TWSE,etf,false,true,true,false,false,false,false,false,false,security_type=etf;symbol_not_4_digit
2025-06-27,01001T,土銀富邦R1,listed,,,,,0.0,,1,13,1,TWSE,etf,false,true,true,false,false,false,false,false,false,security_type=etf;symbol_not_4_digit;invalid_close
2025-06-27,01002T,土銀國泰R1,listed,15.05,15.08,15.0,15.01,-0.08,-0.5302,367099,5516595,52,TWSE,etf,false,true,true,false,false,false,false,false,false,security_type=etf;symbol_not_4_digit
2025-06-27,01004T,土銀富邦R2,listed,11.68,11.7,11.6,11.6,-0.09,-0.7699,298001,3474372,22,TWSE,etf,false,true,true,false,false,false,false,false,false,security_type=etf;symbol_not_4_digit
2025-06-27,01007T,兆豐國泰R2,listed,14.98,14.98,14.91,14.91,-0.07,-0.4673,146000,2182810,55,TWSE,etf,false,true,true,false,false,false,false,false,false,security_type=etf;symbol_not_4_digit
2025-06-27,01009T,王道圓滿R1,listed,7.39,7.39,7.09,7.2,0.03,0.4184,26301,186875,111,TWSE,warrant,false,false,true,false,false,false,false,false,false,security_type=warrant;symbol_not_4_digit
2025-06-27,01010T,京城樂富R1,listed,10.04,10.04,10.01,10.01,-0.03,-0.2988,5201,51971,16,TWSE,warrant,false,false,true,false,false,false,false,false,false,security_type=warrant;symbol_not_4_digit
2025-06-27,020000,富邦特選蘋果N,listed,11.78,11.78,11.78,11.78,0.0,0.0,1000,11780,1,TWSE,etf,false,true,false,false,false,false,false,false,false,security_type=etf;symbol_not_4_digit
2025-06-27,020011,統一微波高息20N,listed,,,,,0.0,,0,0,0,TWSE,etf,false,true,false,false,false,false,false,false,false,security_type=etf;symbol_not_4_digit;invalid_close;invalid_volume;invalid_turnover
2025-06-27,020012,富邦行動通訊N,listed,,,,,0.0,,0,0,0,TWSE,etf,false,true,false,false,false,false,false,false,false,security_type=etf;symbol_not_4_digit;invalid_close;invalid_volume;invalid_turnover
2025-06-27,020018,統一價值成長30N,listed,24.35,24.35,24.35,24.35,0.04,0.1645,1000,24350,1,TWSE,etf,false,true,false,false,false,false,false,false,false,security_type=etf;symbol_not_4_digit
2025-06-27,020019,統一特選台灣5GN,listed,,,,,0.0,,0,0,0,TWSE,etf,false,true,false,false,false,false,false,false,false,security_type=etf;symbol_not_4_digit;invalid_close;invalid_volume;invalid_turnover
2025-06-27,02001L,富邦蘋果正二N,listed,23.7,23.71,23.46,23.62,-0.09,-0.3796,60000,1417050,17,TWSE,etf,false,true,true,false,false,false,false,false,false,security_type=etf;symbol_not_4_digit
2025-06-27,02001R,富邦蘋果反一N,listed,1.33,1.33,1.33,1.33,0.0,0.0,24000,31920,1,TWSE,etf,false,true,true,false,false,false,false,false,false,security_type=etf;symbol_not_4_digit
2025-06-27,02001S,策元大加權策略N,listed,,,,,0.0,,0,0,0,TWSE,etf,false,true,true,false,false,false,false,false,false,security_type=etf;symbol_not_4_digit;invalid_close;invalid_volume;invalid_turnover
2025-06-27,020020,元大台股領航N,listed,12.07,12.08,12.07,12.08,0.03,0.249,64000,773060,6,TWSE,etf,false,true,false,false,false,false,false,false,false,security_type=etf;symbol_not_4_digit
2025-06-27,020028,元大特選電動車N,listed,9.04,9.05,9.02,9.02,0.01,0.111,36000,325300,11,TWSE,etf,false,true,false,false,false,false,false,false,false,security_type=etf;symbol_not_4_digit
2025-06-27,020029,元大ESG高股息N,listed,9.25,9.25,9.25,9.25,-0.01,-0.108,1000,9250,1,TWSE,etf,false,true,false,false,false,false,false,false,false,security_type=etf;symbol_not_4_digit
2025-06-27,020030,統一智慧電動車N,listed,6.33,6.33,6.33,6.33,0.01,0.1582,133000,841890,8,TWSE,etf,false,true,false,false,false,false,false,false,false,security_type=etf;symbol_not_4_digit
2025-06-27,020031,統一IC設計臺灣N,listed,6.05,6.08,6.03,6.03,0.09,1.5152,31000,187900,9,TWSE,etf,false,true,false,false,false,false,false,false,false,security_type=etf;symbol_not_4_digit
2025-06-27,020032,元大綠能N,listed,5.58,5.58,5.58,5.58,0.03,0.5405,11000,61380,4,TWSE,etf,false,true,false,false,false,false,false,false,false,security_type=etf;symbol_not_4_digit
2025-06-27,020034,元大IC設計N,listed,7.73,7.76,7.73,7.76,0.02,0.2584,41000,317980,9,TWSE,etf,false,true,false,false,false,false,false,false,false,security_type=etf;symbol_not_4_digit
2025-06-27,020036,元大金融配息N,listed,,,,,0.0,,0,0,0,TWSE,etf,false,true,false,false,false,false,false,false,false,security_type=etf;symbol_not_4_digit;invalid_close;invalid_volume;invalid_turnover
2025-06-27,020037,元大金融高股息N,listed,7.26,7.3,7.26,7.3,0.0,0.0,2000,14560,2,TWSE,etf,false,true,false,false,false,false,false,false,false,security_type=etf;symbol_not_4_digit
2025-06-27,020038,元大ESG配息N,listed,7.66,7.67,7.66,7.67,0.0,0.0,6000,45980,3,TWSE,etf,false,true,false,false,false,false,false,false,false,security_type=etf;symbol_not_4_digit
2025-06-27,020039,元大加權N,listed,6.92,6.95,6.91,6.95,-0.01,-0.1437,33000,229110,7,TWSE,etf,false,true,false,false,false,false,false,false,false,security_type=etf;symbol_not_4_digit
2025-06-27,1101,台泥,listed,26.15,26.4,26.0,26.2,0.4,1.5504,17125138,448593376,6589,TWSE,common_stock,true,false,false,false,false,false,false,false,true,
2025-06-27,1101B,台泥乙特,listed,48.2,48.35,48.2,48.35,0.05,0.1035,11009,531736,8,TWSE,warrant,false,false,true,false,false,false,false,false,false,security_type=warrant;symbol_not_4_digit
2025-06-27,1102,亞泥,listed,42.65,43.3,42.65,43.2,0.55,1.2896,7470816,321894860,4595,TWSE,common_stock,true,false,false,false,false,false,false,false,true,
2025-06-27,1103,嘉泥,listed,14.6,14.8,14.6,14.7,0.05,0.3413,387714,5706826,299,TWSE,common_stock,true,false,false,false,false,false,false,false,true,
2025-06-27,1104,環泥,listed,28.1,28.15,27.8,28.1,-0.05,-0.1776,348570,9768802,357,TWSE,common_stock,true,false,false,false,false,false,false,false,true,
2025-06-27,1108,幸福,listed,14.95,15.0,14.75,14.85,-0.05,-0.3356,220164,3272994,136,TWSE,common_stock,true,false,false,false,false,false,false,false,true,
2025-06-27,1109,信大,listed,16.85,16.95,16.75,16.9,0.05,0.2967,58830,993006,86,TWSE,common_stock,true,false,false,false,false,false,false,false,true,
2025-06-27,1110,東泥,listed,19.75,20.0,19.7,19.8,0.1,0.5076,183673,3644825,147,TWSE,common_stock,true,false,false,false,false,false,false,false,true,
2025-06-27,1201,味全,listed,16.1,16.4,16.1,16.15,0.1,0.6231,414845,6734141,329,TWSE,common_stock,true,false,false,false,false,false,false,false,true,
2025-06-27,1203,味王,listed,40.9,40.9,39.8,40.45,0.1,0.2478,41123,1664183,82,TWSE,common_stock,true,false,false,false,false,false,false,false,true,
2025-06-27,1210,大成,listed,64.1,66.2,63.7,65.8,1.9,2.9734,7296505,476079631,5213,TWSE,common_stock,true,false,false,false,false,false,false,false,true,
2025-06-27,1213,大飲,listed,12.6,12.65,12.6,12.6,-0.05,-0.3953,5074,64024,7,TWSE,common_stock,true,false,false,false,false,false,false,false,true,
2025-06-27,1215,卜蜂,listed,119.5,127.5,119.5,125.0,5.5,4.6025,3428189,426605514,4169,TWSE,common_stock,true,false,false,false,false,false,false,false,true,
2025-06-27,1216,統一,listed,80.3,80.9,79.9,80.1,-0.2,-0.2491,28475652,2288895697,14321,TWSE,etf,false,true,false,false,false,false,false,false,false,security_type=etf
2025-06-27,1217,愛之味,listed,10.55,10.7,10.55,10.7,0.2,1.9048,720140,7653893,412,TWSE,common_stock,true,false,false,false,false,false,false,false,true,
2025-06-27,1218,泰山,listed,20.4,20.95,20.4,20.85,0.5,2.457,1448472,29977810,707,TWSE,common_stock,true,false,false,false,false,false,false,false,true,
2025-06-27,1219,福壽,listed,14.6,14.95,14.6,14.95,0.45,3.1034,783569,11588946,356,TWSE,common_stock,true,false,false,false,false,false,false,false,true,
2025-06-27,1220,台榮,listed,14.05,14.2,13.95,14.15,0.2,1.4337,205913,2899857,179,TWSE,common_stock,true,false,false,false,false,false,false,false,true,
2025-06-27,1225,福懋油,listed,36.0,36.0,32.6,32.6,-3.4,-9.4444,1369928,46674976,1539,TWSE,common_stock,true,false,false,false,false,false,false,false,true,
2025-06-27,1227,佳格,listed,32.6,32.9,32.45,32.75,0.15,0.4601,454295,14873268,451,TWSE,common_stock,true,false,false,false,false,false,false,false,true,
2025-06-27,1229,聯華,listed,43.15,43.7,43.05,43.55,0.45,1.0441,1084958,47033125,1153,TWSE,common_stock,true,false,false,false,false,false,false,false,true,
2025-06-27,1231,聯華食,listed,138.5,145.5,138.5,142.5,5.5,4.0146,766724,108168928,1138,TWSE,common_stock,true,false,false,false,false,false,false,false,true,
2025-06-27,1232,大統益,listed,152.5,154.0,151.5,153.5,1.0,0.6557,106333,16255545,256,TWSE,common_stock,true,false,false,false,false,false,false,false,true,
2025-06-27,1233,天仁,listed,31.0,31.6,30.9,31.5,-0.05,-0.1585,16922,528037,39,TWSE,common_stock,true,false,false,false,false,false,false,false,true,
2025-06-27,1234,黑松,listed,41.5,42.3,41.4,42.1,0.65,1.5682,852584,35739288,588,TWSE,common_stock,true,false,false,false,false,false,false,false,true,
2025-06-27,1235,興泰,listed,67.9,68.4,65.9,67.0,0.8,1.2085,19738,1328155,36,TWSE,common_stock,true,false,false,false,false,false,false,false,true,
2025-06-27,1236,宏亞,listed,22.25,22.25,21.9,22.2,-0.1,-0.4484,19442,429701,80,TWSE,common_stock,true,false,false,false,false,false,false,false,true,
2025-06-27,1256,鮮活果汁-KY,listed,121.5,125.5,121.5,124.0,1.5,1.2245,26058,3237598,130,TWSE,common_stock,true,false,false,false,false,false,false,false,true,
2025-06-27,1301,台塑,listed,35.75,36.0,34.85,35.25,-0.25,-0.7042,13630795,480468521,7530,TWSE,common_stock,true,false,false,false,false,false,false,false,true,
2025-06-27,1303,南亞,listed,28.8,28.95,27.8,28.1,-0.45,-1.5762,29735793,836548001,11149,TWSE,common_stock,true,false,false,false,false,false,false,false,true,
2025-06-27,1304,台聚,listed,9.56,9.73,9.51,9.51,-0.05,-0.523,956115,9152015,730,TWSE,common_stock,true,false,false,false,false,false,false,false,true,
2025-06-27,1305,華夏,listed,10.15,10.25,10.0,10.05,0.0,0.0,546512,5527370,378,TWSE,common_stock,true,false,false,false,false,false,false,false,true,
2025-06-27,1307,三芳,listed,37.8,38.0,37.4,37.8,0.3,0.8,772199,29141566,599,TWSE,common_stock,true,false,false,false,false,false,false,false,true,
2025-06-27,1308,亞聚,listed,11.85,12.0,11.65,11.7,-0.05,-0.4255,652857,7711745,425,TWSE,common_stock,true,false,false,false,false,false,false,false,true,
2025-06-27,1309,台達化,listed,10.45,10.55,10.3,10.3,0.0,0.0,337861,3510314,269,TWSE,common_stock,true,false,false,false,false,false,false,false,true,
2025-06-27,1310,台苯,listed,7.87,7.97,7.79,7.8,-0.03,-0.3831,494157,3876720,444,TWSE,common_stock,true,false,false,false,false,false,false,false,true,
2025-06-27,1312,國喬,listed,9.54,9.67,9.47,9.55,0.01,0.1048,1117657,10670207,698,TWSE,common_stock,true,false,false,false,false,false,false,false,true,
2025-06-27,1312A,國喬特,listed,21.65,21.7,21.65,21.7,0.15,0.6961,2000,43350,2,TWSE,warrant,false,false,true,false,false,false,false,false,false,security_type=warrant;symbol_not_4_digit
2025-06-27,1313,聯成,listed,7.85,7.88,7.71,7.78,0.02,0.2577,833115,6477644,460,TWSE,common_stock,true,false,false,false,false,false,false,false,true,
2025-06-27,1314,中石化,listed,6.57,6.64,6.54,6.64,0.1,1.5291,7336460,48413821,2056,TWSE,common_stock,true,false,false,false,false,false,false,false,true,
2025-06-27,1315,達新,listed,65.8,66.6,65.7,66.4,0.4,0.6061,8230,544300,12,TWSE,common_stock,true,false,false,false,false,false,false,false,true,
2025-06-27,1316,上曜,listed,13.75,14.1,13.7,13.7,0.0,0.0,3639398,50438902,1579,TWSE,common_stock,true,false,false,false,false,false,false,false,true,
2025-06-27,1319,東陽,listed,101.0,101.0,99.1,99.1,-1.9,-1.8812,2677759,266209471,2396,TWSE,common_stock,true,false,false,false,false,false,false,false,true,
2025-06-27,1321,大洋,listed,36.3,36.6,36.05,36.6,0.1,0.274,114001,4154443,119,TWSE,common_stock,true,false,false,false,false,false,false,false,true,
2025-06-27,1323,永裕,listed,19.6,19.75,19.55,19.75,-0.05,-0.2525,36351,715478,32,TWSE,common_stock,true,false,false,false,false,false,false,false,true,
2025-06-27,1324,地球,listed,11.1,11.25,10.8,10.85,0.05,0.463,39884,434303,127,TWSE,common_stock,true,false,false,false,false,false,false,false,true,
2025-06-27,1325,恆大,listed,30.9,31.75,30.65,31.1,0.2,0.6472,728635,22753886,518,TWSE,common_stock,true,false,false,false,false,false,false,false,true,
2025-06-27,1326,台化,listed,23.6,23.95,23.35,23.55,0.15,0.641,9162650,216040767,4147,TWSE,common_stock,true,false,false,false,false,false,false,false,true,
2025-06-27,1337,再生-KY,listed,5.43,5.43,5.26,5.3,-0.08,-1.487,196873,1044802,205,TWSE,common_stock,true,false,false,false,false,false,false,false,true,
2025-06-27,1338,廣華-KY,listed,24.35,24.85,24.05,24.8,0.1,0.4049,47635,1166901,59,TWSE,common_stock,true,false,false,false,false,false,false,false,true,
2025-06-27,1339,昭輝,listed,48.5,49.6,47.85,49.2,0.65,1.3388,91479,4449881,94,TWSE,common_stock,true,false,false,false,false,false,false,false,true,
2025-06-27,1340,勝悅-KY,listed,6.43,6.69,6.42,6.66,0.23,3.577,97057,632368,180,TWSE,common_stock,true,false,false,false,false,false,false,false,true,
2025-06-27,1341,富林-KY,listed,67.2,67.2,65.5,66.8,-0.5,-0.7429,8693,575978,20,TWSE,common_stock,true,false,false,false,false,false,false,false,true,
2025-06-27,1342,八貫,listed,87.6,88.3,87.0,87.3,0.2,0.2296,164890,14424642,198,TWSE,common_stock,true,false,false,false,false,false,false,false,true,
2025-06-27,1402,遠東新,listed,33.25,33.4,32.85,33.15,0.0,0.0,9230627,306483983,4586,TWSE,common_stock,true,false,false,false,false,false,false,false,true,
2025-06-27,1409,新纖,listed,12.3,12.6,12.3,12.45,0.15,1.2195,3184066,39671577,1074,TWSE,common_stock,true,false,false,false,false,false,false,false,true,
2025-06-27,1410,南染,listed,37.75,38.2,37.4,37.55,-0.05,-0.133,72800,2745669,169,TWSE,common_stock,true,false,false,false,false,false,false,false,true,
2025-06-27,1413,宏洲,listed,12.0,12.0,11.85,11.95,-0.05,-0.4167,52731,632288,27,TWSE,common_stock,true,false,false,false,false,false,false,false,true,
2025-06-27,1414,東和,listed,18.3,18.5,18.15,18.45,0.2,1.0959,345723,6344948,235,TWSE,common_stock,true,false,false,false,false,false,false,false,true,
2025-06-27,1416,廣豐,listed,11.95,12.1,11.9,12.0,0.15,1.2658,149484,1795181,119,TWSE,common_stock,true,false,false,false,false,false,false,false,true,
2025-06-27,1417,嘉裕,listed,8.05,8.05,7.91,8.03,-0.02,-0.2484,179519,1433433,122,TWSE,common_stock,true,false,false,false,false,false,false,false,true,
2025-06-27,1418,東華,listed,21.0,21.0,20.65,20.75,-0.25,-1.1905,23466,487709,32,TWSE,common_stock,true,false,false,false,false,false,false,false,true,
2025-06-27,1419,新紡,listed,65.0,68.7,64.5,66.3,3.8,6.08,7467792,501679433,5034,TWSE,common_stock,true,false,false,false,false,false,false,false,true,
2025-06-27,1423,利華,listed,37.2,37.7,36.25,37.55,-0.15,-0.3979,30386,1124266,42,TWSE,common_stock,true,false,false,false,false,false,false,false,true,
2025-06-27,1432,大魯閣,listed,17.05,17.2,17.05,17.2,0.1,0.5848,86569,1484700,175,TWSE,common_stock,true,false,false,false,false,false,false,false,true,
2025-06-27,1434,福懋,listed,15.85,16.0,15.75,15.9,0.1,0.6329,1151765,18284708,855,TWSE,common_stock,true,false,false,false,false,false,false,false,true,
2025-06-27,1435,中福,listed,33.4,35.15,33.0,34.1,0.6,1.791,14447,499059,29,TWSE,common_stock,true,false,false,false,false,false,false,false,true,
2025-06-27,1436,華友聯,listed,119.0,121.0,118.0,119.0,1.0,0.8475,434858,52013689,423,TWSE,common_stock,true,false,false,false,false,false,false,false,true,
2025-06-27,1437,勤益控,listed,32.5,32.8,32.45,32.65,0.25,0.7716,78666,2564640,70,TWSE,common_stock,true,false,false,false,false,false,false,false,true,
2025-06-27,1438,三地開發,listed,39.7,40.5,39.0,39.35,-0.3,-0.7566,99234,3945587,157,TWSE,common_stock,true,false,false,false,false,false,false,false,true,
2025-06-27,1439,雋揚,listed,30.85,30.85,30.1,30.25,0.0,0.0,16230,493519,60,TWSE,common_stock,true,false,false,false,false,false,false,false,true,
2025-06-27,1440,南紡,listed,13.4,14.2,13.4,13.85,0.55,4.1353,5058641,69613706,2139,TWSE,common_stock,true,false,false,false,false,false,false,false,true,
2025-06-27,1441,大東,listed,11.9,11.9,11.7,11.85,-0.05,-0.4202,6572,77979,40,TWSE,common_stock,true,false,false,false,false,false,false,false,true,
2025-06-27,1442,名軒,listed,72.3,74.6,72.0,74.6,2.3,3.1812,515246,38002201,391,TWSE,common_stock,true,false,false,false,false,false,false,false,true,
2025-06-27,1443,立益物流,listed,32.05,32.05,31.0,31.7,-0.05,-0.1575,26839,845122,33,TWSE,common_stock,true,false,false,false,false,false,false,false,true,
2025-06-27,1444,力麗,listed,6.42,6.53,6.38,6.49,0.02,0.3091,2425118,15612252,679,TWSE,common_stock,true,false,false,false,false,false,false,false,true,
2025-06-27,1445,大宇,listed,15.05,15.1,14.9,15.05,0.0,0.0,38775,583378,37,TWSE,common_stock,true,false,false,false,false,false,false,false,true,
2025-06-27,1446,宏和,listed,25.2,25.4,24.9,25.15,0.2,0.8016,211570,5329310,159,TWSE,common_stock,true,false,false,false,false,false,false,false,true,
2025-06-27,1447,力鵬,listed,5.92,5.98,5.9,5.95,0.03,0.5068,460678,2732000,239,TWSE,common_stock,true,false,false,false,false,false,false,false,true,
2025-06-27,1449,佳和,listed,12.3,12.35,11.9,12.1,-0.1,-0.8197,282460,3422440,175,TWSE,common_stock,true,false,false,false,false,false,false,false,true,
2025-06-27,1451,年興,listed,19.0,19.05,18.8,19.05,0.2,1.061,82130,1554027,114,TWSE,common_stock,true,false,false,false,false,false,false,false,true,
2025-06-27,1452,宏益,listed,11.6,11.7,11.5,11.6,0.0,0.0,119932,1388394,70,TWSE,common_stock,true,false,false,false,false,false,false,false,true,
2025-06-27,1453,大將,listed,14.15,14.15,13.85,13.9,-0.05,-0.3584,59194,826262,169,TWSE,common_stock,true,false,false,false,false,false,false,false,true,
2025-06-27,1454,台富,listed,15.0,15.1,14.6,15.05,0.15,1.0067,48159,717708,66,TWSE,common_stock,true,false,false,false,false,false,false,false,true,
2025-06-27,1455,集盛,listed,8.99,9.15,8.88,9.11,0.11,1.2222,570784,5138019,331,TWSE,common_stock,true,false,false,false,false,false,false,false,true,
2025-06-27,1456,怡華,listed,13.1,13.2,12.5,13.15,0.25,1.938,85882,1103374,74,TWSE,common_stock,true,false,false,false,false,false,false,false,true,
2025-06-27,1457,宜進,listed,17.55,17.55,17.3,17.4,-0.15,-0.8547,112279,1959259,108,TWSE,common_stock,true,false,false,false,false,false,false,false,true,
2025-06-27,1459,聯發,listed,11.95,11.95,11.75,11.95,0.05,0.4202,51137,606277,65,TWSE,common_stock,true,false,false,false,false,false,false,false,true,
2025-06-27,1460,宏遠,listed,6.77,6.8,6.65,6.77,0.1,1.4993,528202,3557916,201,TWSE,common_stock,true,false,false,false,false,false,false,false,true,
2025-06-27,1463,強盛新,listed,19.9,20.15,19.85,20.0,0.1,0.5025,111160,2226073,116,TWSE,common_stock,true,false,false,false,false,false,false,false,true,
2025-06-27,1464,得力,listed,12.65,12.75,12.55,12.7,0.1,0.7937,506680,6408802,316,TWSE,common_stock,true,false,false,false,false,false,false,false,true,
2025-06-27,1465,偉全,listed,13.55,13.85,13.45,13.6,-0.1,-0.7299,236688,3212456,257,TWSE,common_stock,true,false,false,false,false,false,false,false,true,
2025-06-27,1466,聚隆,listed,16.9,16.9,16.0,16.0,-0.7,-4.1916,463620,7546639,354,TWSE,common_stock,true,false,false,false,false,false,false,false,true,
2025-06-27,1467,南緯,listed,8.16,8.22,8.12,8.16,0.0,0.0,200307,1642128,133,TWSE,common_stock,true,false,false,false,false,false,false,false,true,
2025-06-27,1468,昶和,listed,14.3,14.35,14.15,14.35,0.05,0.3497,36400,518827,31,TWSE,common_stock,true,false,false,false,false,false,false,false,true,
2025-06-27,1470,大統新創,listed,21.55,22.2,21.05,22.2,0.0,0.0,8075,175654,17,TWSE,common_stock,true,false,false,false,false,false,false,false,true,
2025-06-27,1471,首利,listed,10.65,10.65,10.2,10.4,-0.15,-1.4218,321082,3342671,179,TWSE,common_stock,true,false,false,false,false,false,false,false,true,
2025-06-27,1472,三洋實業,listed,90.1,92.0,90.1,91.8,0.0,0.0,38662,3532781,76,TWSE,common_stock,true,false,false,false,false,false,false,false,true,
2025-06-27,1473,台南,listed,26.4,26.8,26.35,26.75,0.65,2.4904,320904,8528068,160,TWSE,common_stock,true,false,false,false,false,false,false,false,true,
2025-06-27,1474,弘裕,listed,13.1,13.35,12.8,13.35,0.1,0.7547,460015,6022302,283,TWSE,common_stock,true,false,false,false,false,false,false,false,true,
2025-06-27,1475,業旺,listed,43.6,44.4,43.6,43.85,-0.15,-0.3409,88979,3914478,88,TWSE,common_stock,true,false,false,false,false,false,false,false,true,
2025-06-27,1476,儒鴻,listed,414.0,422.0,410.5,420.0,18.0,4.4776,1750913,733874993,1735,TWSE,common_stock,true,false,false,false,false,false,false,false,true,
2025-06-27,1477,聚陽,listed,241.0,245.5,237.5,245.0,7.0,2.9412,1861033,451569137,1990,TWSE,common_stock,true,false,false,false,false,false,false,false,true,
2025-06-27,1503,士電,listed,186.5,189.0,183.5,184.0,0.5,0.2725,5957843,1109023422,5217,TWSE,common_stock,true,false,false,false,false,false,false,false,true,
2025-06-27,1504,東元,listed,49.4,49.75,48.85,49.45,0.35,0.7128,3088900,152344749,1800,TWSE,common_stock,true,false,false,false,false,false,false,false,true,
2025-06-27,1506,正道,listed,11.8,11.8,11.55,11.65,0.1,0.8658,49647,575992,68,TWSE,common_stock,true,false,false,false,false,false,false,false,true,
2025-06-27,1512,瑞利,listed,7.66,7.66,7.51,7.65,-0.01,-0.1305,13881,105759,35,TWSE,common_stock,true,false,false,false,false,false,false,false,true,
2025-06-27,1513,中興電,listed,167.0,167.5,164.5,166.0,0.5,0.3021,5121519,849111864,6390,TWSE,common_stock,true,false,false,false,false,false,false,false,true,
2025-06-27,1514,亞力,listed,112.5,112.5,109.5,110.0,-1.0,-0.9009,2160477,239245377,1914,TWSE,common_stock,true,false,false,false,false,false,false,false,true,
2025-06-27,1515,力山,listed,27.85,28.0,27.5,27.55,-0.05,-0.1812,189292,5236398,202,TWSE,common_stock,true,false,false,false,false,false,false,false,true,
2025-06-27,1516,川飛,listed,16.3,16.45,16.0,16.05,0.15,0.9434,33336,539546,43,TWSE,common_stock,true,false,false,false,false,false,false,false,true,
2025-06-27,1517,利奇,listed,10.5,10.6,10.5,10.5,0.0,0.0,76545,805959,103,TWSE,common_stock,true,false,false,false,false,false,false,false,true,
2025-06-27,1519,華城,listed,579.0,584.0,572.0,576.0,4.0,0.6993,3205541,1849448455,4517,TWSE,common_stock,true,false,false,false,false,false,false,false,true,
2025-06-27,1521,大億,listed,25.65,25.85,25.5,25.75,0.0,0.0,47919,1229051,81,TWSE,common_stock,true,false,false,false,false,false,false,false,true,
2025-06-27,1522,堤維西,listed,47.5,48.2,47.3,47.65,0.3,0.6336,1188586,56634554,876,TWSE,common_stock,true,false,false,false,false,false,false,false,true,
2025-06-27,1522A,堤維西甲特,listed,,,,,0.0,,0,0,0,TWSE,warrant,false,false,true,false,false,false,false,false,false,security_type=warrant;symbol_not_4_digit;invalid_close;invalid_volume;invalid_turnover
2025-06-27,1524,耿鼎,listed,28.8,28.9,28.4,28.5,-0.15,-0.5236,708890,20276170,498,TWSE,common_stock,true,false,false,false,false,false,false,false,true,
2025-06-27,1525,江申,listed,64.7,64.7,61.9,62.1,-0.3,-0.4808,42216,2644300,43,TWSE,common_stock,true,false,false,false,false,false,false,false,true,
2025-06-27,1526,日馳,listed,19.3,19.7,19.3,19.6,0.0,0.0,42419,825428,63,TWSE,common_stock,true,false,false,false,false,false,false,false,true,
2025-06-27,1527,鑽全,listed,37.3,37.45,36.85,37.3,0.25,0.6748,101583,3786810,113,TWSE,common_stock,true,false,false,false,false,false,false,false,true,
2025-06-27,1528,恩德,listed,12.85,12.95,12.6,12.65,-0.2,-1.5564,707095,9007803,425,TWSE,common_stock,true,false,false,false,false,false,false,false,true,
2025-06-27,1529,樂事綠能,listed,27.85,27.85,27.1,27.2,-0.3,-1.0909,365969,10027241,269,TWSE,common_stock,true,false,false,false,false,false,false,false,true,
2025-06-27,1530,亞崴,listed,30.1,30.75,29.9,30.1,0.05,0.1664,36325,1093659,65,TWSE,common_stock,true,false,false,false,false,false,false,false,true,
2025-06-27,1531,高林股,listed,11.9,11.9,11.6,11.9,0.05,0.4219,73187,862208,90,TWSE,common_stock,true,false,false,false,false,false,false,false,true,
2025-06-27,1532,勤美,listed,27.05,27.25,26.8,26.95,0.0,0.0,729213,19675785,362,TWSE,common_stock,true,false,false,false,false,false,false,false,true,
2025-06-27,1533,車王電,listed,31.1,31.1,29.3,29.75,-0.35,-1.1628,82895,2488446,118,TWSE,common_stock,true,false,false,false,false,false,false,false,true,
2025-06-27,1535,中宇,listed,57.9,57.9,57.3,57.4,0.2,0.3497,25167,1445607,53,TWSE,common_stock,true,false,false,false,false,false,false,false,true,
2025-06-27,1536,和大,listed,60.8,60.9,58.8,58.9,-1.4,-2.3217,2695605,160204134,2256,TWSE,common_stock,true,false,false,false,false,false,false,false,true,
2025-06-27,1537,廣隆,listed,140.5,141.0,140.0,140.0,-0.5,-0.3559,65163,9141613,82,TWSE,common_stock,true,false,false,false,false,false,false,false,true,
2025-06-27,1538,正峰,listed,26.8,27.65,25.0,26.0,0.3,1.1673,21957,563310,26,TWSE,common_stock,true,false,false,false,false,false,false,false,true,
2025-06-27,1539,巨庭,listed,20.9,20.95,19.6,20.05,-0.75,-3.6058,2170959,43937273,1374,TWSE,common_stock,true,false,false,false,false,false,false,false,true,
2025-06-27,1540,喬福,listed,29.7,29.7,29.15,29.3,-0.05,-0.1704,217979,6391306,185,TWSE,common_stock,true,false,false,false,false,false,false,false,true,
2025-06-27,1541,錩泰,listed,31.15,31.45,30.4,30.95,-0.2,-0.6421,41206,1270330,53,TWSE,common_stock,true,false,false,false,false,false,false,false,true,
2025-06-27,1558,伸興,listed,99.9,100.5,99.9,100.0,0.1,0.1001,36766,3679461,53,TWSE,common_stock,true,false,false,false,false,false,false,false,true,
2025-06-27,1560,中砂,listed,327.5,327.5,311.0,316.5,-7.5,-2.3148,5443789,1723204521,11676,TWSE,common_stock,true,false,false,false,false,false,false,false,true,
2025-06-27,1563,巧新,listed,53.9,54.2,53.5,54.0,0.5,0.9346,170625,9169536,180,TWSE,common_stock,true,false,false,false,false,false,false,false,true,
2025-06-27,1568,倉佑,listed,23.7,24.05,23.3,23.85,0.0,0.0,52071,1235723,104,TWSE,common_stock,true,false,false,false,false,false,false,false,true,
2025-06-27,1582,信錦,listed,71.2,71.2,70.7,70.8,-0.4,-0.5618,507877,36009215,488,TWSE,common_stock,true,false,false,false,false,false,false,false,true,
2025-06-27,1583,程泰,listed,59.1,59.1,59.0,59.0,-0.1,-0.1692,13665,806846,90,TWSE,common_stock,true,false,false,false,false,false,false,false,true,
2025-06-27,1587,吉茂,listed,29.6,30.2,29.6,29.9,0.3,1.0135,110333,3292265,80,TWSE,common_stock,true,false,false,false,false,false,false,false,true,
2025-06-27,1589,永冠-KY,listed,24.8,25.05,24.45,25.0,0.2,0.8065,149722,3706939,236,TWSE,common_stock,true,false,false,false,false,false,false,false,true,
2025-06-27,1590,亞德客-KY,listed,868.0,882.0,864.0,868.0,5.0,0.5794,461553,402887417,649,TWSE,common_stock,true,false,false,false,false,false,false,false,true,
2025-06-27,1597,直得,listed,86.8,86.9,85.1,85.5,0.1,0.1171,648659,55701220,850,TWSE,common_stock,true,false,false,false,false,false,false,false,true,
2025-06-27,1598,岱宇,listed,21.5,22.2,21.5,21.95,0.2,0.9195,116620,2555176,116,TWSE,common_stock,true,false,false,false,false,false,false,false,true,
2025-06-27,1603,華電,listed,39.65,39.65,39.05,39.45,-0.25,-0.6297,606461,23868128,474,TWSE,common_stock,true,false,false,false,false,false,false,false,true,
2025-06-27,1604,聲寶,listed,25.25,25.4,25.2,25.3,0.1,0.3968,129263,3272299,152,TWSE,common_stock,true,false,false,false,false,false,false,false,true,
2025-06-27,1605,華新,listed,21.2,23.0,21.15,21.75,0.15,0.6944,71228060,1576016429,36909,TWSE,common_stock,true,false,false,false,false,false,false,false,true,
2025-06-27,1608,華榮,listed,26.2,26.4,25.9,25.95,0.25,0.9728,1829873,47810146,1050,TWSE,common_stock,true,false,false,false,false,false,false,false,true,
2025-06-27,1609,大亞,listed,38.7,38.95,38.25,38.4,0.1,0.2611,2029107,78270087,1818,TWSE,common_stock,true,false,false,false,false,false,false,false,true,
2025-06-27,1611,中電,listed,12.8,12.95,12.7,12.85,0.05,0.3906,269414,3463080,251,TWSE,common_stock,true,false,false,false,false,false,false,false,true,
2025-06-27,1612,宏泰,listed,38.4,38.75,38.15,38.25,0.1,0.2621,1526617,58594001,1165,TWSE,common_stock,true,false,false,false,false,false,false,false,true,
2025-06-27,1614,三洋電,listed,39.2,39.2,38.85,38.95,-0.05,-0.1282,46143,1801761,43,TWSE,common_stock,true,false,false,false,false,false,false,false,true,
2025-06-27,1615,大山,listed,51.6,51.7,50.6,51.3,0.1,0.1953,38201,1963883,59,TWSE,common_stock,true,false,false,false,false,false,false,false,true,
2025-06-27,1616,億泰,listed,39.6,40.2,39.15,39.6,0.2,0.5076,7766345,307295686,4624,TWSE,common_stock,true,false,false,false,false,false,false,false,true,
2025-06-27,1617,榮星,listed,17.15,17.15,16.7,16.75,-0.25,-1.4706,152184,2569109,142,TWSE,common_stock,true,false,false,false,false,false,false,false,true,
2025-06-27,1618,合機,listed,47.8,48.8,47.8,48.65,1.2,2.529,1886455,91303951,1321,TWSE,common_stock,true,false,false,false,false,false,false,false,true,
2025-06-27,1626,艾美特-KY,listed,11.35,11.35,11.0,11.15,0.05,0.4505,79856,896861,57,TWSE,common_stock,true,false,false,false,false,false,false,false,true,
2025-06-27,1702,南僑,listed,40.8,41.45,40.65,41.45,0.8,1.968,758285,31207491,660,TWSE,common_stock,true,false,false,false,false,false,false,false,true,
2025-06-27,1707,葡萄王,listed,126.5,127.5,126.0,127.0,1.0,0.7937,118083,14989785,259,TWSE,common_stock,true,false,false,false,false,false,false,false,true,
2025-06-27,1708,東鹼,listed,31.05,31.2,30.95,31.05,0.05,0.1613,535267,16640906,339,TWSE,common_stock,true,false,false,false,false,false,false,false,true,
2025-06-27,1709,和益,listed,18.3,18.35,18.05,18.2,-0.05,-0.274,141539,2577556,146,TWSE,common_stock,true,false,false,false,false,false,false,false,true,
2025-06-27,1710,東聯,listed,12.0,12.25,11.95,12.05,0.05,0.4167,666079,8031259,437,TWSE,common_stock,true,false,false,false,false,false,false,false,true,
2025-06-27,1711,永光,listed,16.5,16.65,16.3,16.45,0.15,0.9202,956698,15751699,628,TWSE,common_stock,true,false,false,false,false,false,false,false,true,
2025-06-27,1712,興農,listed,41.35,42.1,41.3,42.1,0.8,1.937,343737,14374996,306,TWSE,common_stock,true,false,false,false,false,false,false,false,true,
2025-06-27,1713,國化,listed,55.7,55.7,54.9,54.9,-0.6,-1.0811,186635,10275641,313,TWSE,common_stock,true,false,false,false,false,false,false,false,true,
2025-06-27,1714,和桐,listed,7.55,7.61,7.52,7.58,0.06,0.7979,537784,4068935,262,TWSE,common_stock,true,false,false,false,false,false,false,false,true,
2025-06-27,1717,長興,listed,24.3,24.6,24.3,24.5,0.25,1.0309,1441544,35274294,775,TWSE,common_stock,true,false,false,false,false,false,false,false,true,
2025-06-27,1718,中纖,listed,6.09,6.16,6.06,6.15,0.1,1.6529,1878434,11486714,759,TWSE,common_stock,true,false,false,false,false,false,false,false,true,
2025-06-27,1720,生達,listed,57.4,57.7,57.3,57.5,-0.1,-0.1736,92031,5286307,101,TWSE,common_stock,true,false,false,false,false,false,false,false,true,
2025-06-27,1721,三晃,listed,11.6,11.8,11.55,11.6,0.0,0.0,353487,4119003,271,TWSE,common_stock,true,false,false,false,false,false,false,false,true,
2025-06-27,1722,台肥,listed,54.1,55.5,54.1,55.2,1.1,2.0333,6790250,372496347,3360,TWSE,common_stock,true,false,false,false,false,false,false,false,true,
2025-06-27,1723,中碳,listed,91.8,92.5,91.6,92.0,0.6,0.6565,183629,16917859,244,TWSE,common_stock,true,false,false,false,false,false,false,false,true,
2025-06-27,1725,元禎,listed,31.2,31.2,30.2,30.2,-0.5,-1.6287,65552,1993424,49,TWSE,common_stock,true,false,false,false,false,false,false,false,true,
2025-06-27,1726,永記,listed,78.5,78.5,77.8,78.4,0.4,0.5128,22423,1754033,45,TWSE,common_stock,true,false,false,false,false,false,false,false,true,
2025-06-27,1727,中華化,listed,22.1,22.5,22.0,22.2,0.15,0.6803,186124,4131150,132,TWSE,common_stock,true,false,false,false,false,false,false,false,true,
2025-06-27,1730,花仙子,listed,55.5,56.0,55.4,55.8,-0.2,-0.3571,24300,1352314,81,TWSE,common_stock,true,false,false,false,false,false,false,false,true,
2025-06-27,1731,美吾華,listed,23.15,23.2,23.0,23.2,0.2,0.8696,219720,5079135,190,TWSE,common_stock,true,false,false,false,false,false,false,false,true,
2025-06-27,1732,毛寶,listed,26.4,26.6,26.3,26.55,0.15,0.5682,135378,3583854,117,TWSE,common_stock,true,false,false,false,false,false,false,false,true,
2025-06-27,1733,五鼎,listed,28.5,29.15,28.5,28.55,-0.05,-0.1748,80138,2304442,96,TWSE,common_stock,true,false,false,false,false,false,false,false,true,
2025-06-27,1734,杏輝,listed,32.6,32.8,32.4,32.65,0.35,1.0836,244249,7974441,247,TWSE,common_stock,true,false,false,false,false,false,false,false,true,
2025-06-27,1735,日勝化,listed,16.0,16.0,15.75,15.95,-0.05,-0.3125,46052,730488,120,TWSE,common_stock,true,false,false,false,false,false,false,false,true,
2025-06-27,1736,喬山,listed,179.5,183.0,174.0,174.0,-7.5,-4.1322,4329365,771006530,5028,TWSE,common_stock,true,false,false,false,false,false,false,false,true,
2025-06-27,1737,臺鹽,listed,32.95,32.95,32.75,32.9,0.1,0.3049,80354,2641699,94,TWSE,common_stock,true,false,false,false,false,false,false,false,true,
2025-06-27,1752,南光,listed,36.65,36.7,36.2,36.5,-0.15,-0.4093,26625,968933,49,TWSE,common_stock,true,false,false,false,false,false,false,false,true,
2025-06-27,1760,寶齡富錦,listed,73.1,74.0,72.9,73.2,0.6,0.8264,179473,13168895,221,TWSE,common_stock,true,false,false,false,false,false,false,false,true,
2025-06-27,1762,中化生,listed,26.1,26.15,25.7,25.9,-0.1,-0.3846,38966,1010828,129,TWSE,common_stock,true,false,false,false,false,false,false,false,true,
2025-06-27,1773,勝一,listed,120.0,121.0,119.5,120.5,0.5,0.4167,162863,19623298,222,TWSE,common_stock,true,false,false,false,false,false,false,false,true,
2025-06-27,1776,展宇,listed,16.2,16.2,16.0,16.1,0.1,0.625,57537,923726,56,TWSE,common_stock,true,false,false,false,false,false,false,false,true,
2025-06-27,1783,和康生,listed,44.0,44.0,43.15,43.15,-0.6,-1.3714,48623,2107995,121,TWSE,common_stock,true,false,false,false,false,false,false,false,true,
2025-06-27,1786,科妍,listed,91.3,91.9,89.8,91.0,0.0,0.0,185648,16845737,166,TWSE,common_stock,true,false,false,false,false,false,false,false,true,
2025-06-27,1789,神隆,listed,17.55,17.85,17.5,17.55,0.05,0.2857,682624,12046363,441,TWSE,common_stock,true,false,false,false,false,false,false,false,true,
2025-06-27,1795,美時,listed,221.5,222.5,218.0,220.0,-1.0,-0.4525,680024,149330174,893,TWSE,common_stock,true,false,false,false,false,false,false,false,true,
2025-06-27,1802,台玻,listed,16.2,16.35,15.8,16.0,-0.2,-1.2346,7914972,126791156,3231,TWSE,common_stock,true,false,false,false,false,false,false,false,true,
2025-06-27,1805,寶徠,listed,13.7,13.75,13.3,13.4,-0.15,-1.107,71619,967285,78,TWSE,common_stock,true,false,false,false,false,false,false,false,true,
2025-06-27,1806,冠軍,listed,12.15,12.15,11.65,11.9,0.05,0.4219,2932268,34792138,1488,TWSE,common_stock,true,false,false,false,false,false,false,false,true,
2025-06-27,1808,潤隆,listed,29.85,30.15,29.8,30.1,0.3,1.0067,1484098,44531182,828,TWSE,common_stock,true,false,false,false,false,false,false,false,true,
2025-06-27,1809,中釉,listed,15.95,16.0,15.75,15.95,0.1,0.6309,183933,2918290,187,TWSE,common_stock,true,false,false,false,false,false,false,false,true,
2025-06-27,1810,和成,listed,15.45,15.5,15.2,15.35,0.0,0.0,871667,13360707,440,TWSE,common_stock,true,false,false,false,false,false,false,false,true,
2025-06-27,1817,凱撒衛,listed,42.3,42.9,42.3,42.7,0.8,1.9093,163938,6974881,200,TWSE,common_stock,true,false,false,false,false,false,false,false,true,
2025-06-27,1903,士紙,listed,59.6,62.5,58.8,58.8,0.2,0.3413,4290786,259673346,3346,TWSE,common_stock,true,false,false,false,false,false,false,false,true,
2025-06-27,1904,正隆,listed,17.3,17.75,17.2,17.7,0.4,2.3121,1081964,18917317,919,TWSE,common_stock,true,false,false,false,false,false,false,false,true,
2025-06-27,1905,華紙,listed,11.8,12.15,11.8,11.95,0.05,0.4202,903442,10819122,601,TWSE,common_stock,true,false,false,false,false,false,false,false,true,
2025-06-27,1906,寶隆,listed,12.5,12.5,12.25,12.45,0.05,0.4032,36170,447377,103,TWSE,common_stock,true,false,false,false,false,false,false,false,true,
2025-06-27,1907,永豐餘,listed,23.45,23.65,23.25,23.4,0.0,0.0,1948661,47133453,809,TWSE,etf,false,true,false,false,false,false,false,false,false,security_type=etf
2025-06-27,1909,榮成,listed,8.79,8.89,8.75,8.86,0.04,0.4535,1309175,11563417,715,TWSE,common_stock,true,false,false,false,false,false,false,false,true,
2025-06-27,2002,中鋼,listed,19.0,19.2,19.0,19.1,0.1,0.5263,18374682,350294090,6300,TWSE,common_stock,true,false,false,false,false,false,false,false,true,
2025-06-27,2002A,中鋼特,listed,40.4,40.4,40.1,40.4,0.0,0.0,20000,805300,12,TWSE,warrant,false,false,true,false,false,false,false,false,false,security_type=warrant;symbol_not_4_digit
2025-06-27,2006,東和鋼鐵,listed,64.6,65.0,63.9,64.2,-0.4,-0.6192,2004010,128765774,1292,TWSE,common_stock,true,false,false,false,false,false,false,false,true,
2025-06-27,2007,燁興,listed,7.64,7.64,7.37,7.45,-0.02,-0.2677,182839,1377187,131,TWSE,common_stock,true,false,false,false,false,false,false,false,true,
2025-06-27,2008,高興昌,listed,26.6,26.6,25.15,26.05,0.05,0.1923,23376,605372,37,TWSE,common_stock,true,false,false,false,false,false,false,false,true,
2025-06-27,2009,第一銅,listed,35.75,35.85,34.2,34.4,1.2,3.6145,6618644,230665182,3984,TWSE,common_stock,true,false,false,false,false,false,false,false,true,
2025-06-27,2010,春源,listed,18.9,19.05,18.9,18.9,0.0,0.0,805735,15291619,429,TWSE,common_stock,true,false,false,false,false,false,false,false,true,
2025-06-27,2012,春雨,listed,18.75,19.35,18.75,19.2,-0.05,-0.2597,50902,968787,47,TWSE,common_stock,true,false,false,false,false,false,false,false,true,
2025-06-27,2013,中鋼構,listed,43.7,43.9,43.45,43.45,-0.3,-0.6857,106692,4650555,166,TWSE,common_stock,true,false,false,false,false,false,false,false,true,
2025-06-27,2014,中鴻,listed,14.45,14.8,14.45,14.75,0.3,2.0761,2512102,36857966,1161,TWSE,common_stock,true,false,false,false,false,false,false,false,true,
2025-06-27,2015,豐興,listed,63.7,65.0,62.9,65.0,1.8,2.8481,1508401,97264690,1040,TWSE,common_stock,true,false,false,false,false,false,false,false,true,
2025-06-27,2017,官田鋼,listed,9.7,9.89,9.66,9.89,0.26,2.6999,481455,4722247,330,TWSE,common_stock,true,false,false,false,false,false,false,false,true,
2025-06-27,2020,美亞,listed,23.9,24.1,23.75,23.85,-0.05,-0.2092,191311,4573466,183,TWSE,common_stock,true,false,false,false,false,false,false,false,true,
2025-06-27,2022,聚亨,listed,7.77,7.9,7.77,7.86,0.08,1.0283,219539,1722798,184,TWSE,common_stock,true,false,false,false,false,false,false,false,true,
2025-06-27,2023,燁輝,listed,15.4,15.5,15.35,15.5,0.1,0.6494,968298,14957367,544,TWSE,common_stock,true,false,false,false,false,false,false,false,true,
2025-06-27,2024,志聯,listed,17.4,17.5,17.15,17.15,-0.25,-1.4368,21276,370345,27,TWSE,common_stock,true,false,false,false,false,false,false,false,true,
2025-06-27,2025,千興,listed,14.5,14.55,14.3,14.35,-0.1,-0.692,61288,884696,53,TWSE,common_stock,true,false,false,false,false,false,false,false,true,
2025-06-27,2027,大成鋼,listed,34.85,35.2,34.8,35.15,0.55,1.5896,7821447,274082755,4006,TWSE,common_stock,true,false,false,false,false,false,false,false,true,
2025-06-27,2028,威致,listed,18.35,18.45,17.75,18.25,0.25,1.3889,180991,3292552,133,TWSE,common_stock,true,false,false,false,false,false,false,false,true,
2025-06-27,2029,盛餘,listed,23.25,23.7,23.2,23.6,0.2,0.8547,255677,6009113,176,TWSE,common_stock,true,false,false,false,false,false,false,false,true,
2025-06-27,2030,彰源,listed,14.85,15.05,14.75,14.95,0.1,0.6734,275421,4111409,195,TWSE,common_stock,true,false,false,false,false,false,false,false,true,
2025-06-27,2031,新光鋼,listed,40.4,40.7,40.15,40.45,0.35,0.8728,951367,38507691,475,TWSE,common_stock,true,false,false,false,false,false,false,false,true,
2025-06-27,2032,新鋼,listed,13.85,14.15,13.8,13.95,0.0,0.0,243245,3394356,203,TWSE,common_stock,true,false,false,false,false,false,false,false,true,
2025-06-27,2033,佳大,listed,16.6,16.6,16.35,16.45,-0.05,-0.303,42291,696711,35,TWSE,common_stock,true,false,false,false,false,false,false,false,true,
2025-06-27,2034,允強,listed,21.85,22.25,21.8,22.1,0.45,2.0785,1350927,29807661,729,TWSE,common_stock,true,false,false,false,false,false,false,false,true,
2025-06-27,2038,海光,listed,15.3,15.65,15.3,15.45,0.0,0.0,249280,3853949,177,TWSE,common_stock,true,false,false,false,false,false,false,false,true,
2025-06-27,2049,上銀,listed,215.5,216.0,210.0,211.5,-2.0,-0.9368,2959795,628393874,4772,TWSE,common_stock,true,false,false,false,false,false,false,false,true,
2025-06-27,2059,川湖,listed,2045.0,2065.0,2010.0,2050.0,0.0,0.0,733546,1496405780,1925,TWSE,common_stock,true,false,false,false,false,false,false,false,true,
2025-06-27,2062,橋椿,listed,24.4,24.65,24.3,24.6,0.25,1.0267,180433,4416887,155,TWSE,common_stock,true,false,false,false,false,false,false,false,true,
2025-06-27,2069,運錩,listed,14.85,14.85,14.6,14.85,0.0,0.0,79025,1167112,64,TWSE,common_stock,true,false,false,false,false,false,false,false,true,
2025-06-27,2101,南港,listed,36.55,37.05,36.4,36.95,0.4,1.0944,2300278,84792771,1112,TWSE,common_stock,true,false,false,false,false,false,false,false,true,
2025-06-27,2102,泰豐,listed,21.9,21.9,21.1,21.25,-0.65,-2.968,938379,20089081,631,TWSE,common_stock,true,false,false,false,false,false,false,false,true,
2025-06-27,2103,台橡,listed,18.0,18.2,17.9,18.15,0.1,0.554,526570,9499481,360,TWSE,common_stock,true,false,false,false,false,false,false,false,true,
2025-06-27,2104,國際中橡,listed,10.9,11.1,10.85,10.95,0.05,0.4587,494243,5409912,365,TWSE,common_stock,true,false,false,false,false,false,false,false,true,
2025-06-27,2105,正新,listed,39.5,39.55,38.75,39.15,-0.35,-0.8861,5299090,206969650,3347,TWSE,common_stock,true,false,false,false,false,false,false,false,true,
2025-06-27,2106,建大,listed,21.75,22.0,21.65,21.85,0.1,0.4598,472098,10294564,383,TWSE,common_stock,true,false,false,false,false,false,false,false,true,
2025-06-27,2107,厚生,listed,24.7,24.9,24.55,24.9,0.3,1.2195,369937,9173274,251,TWSE,common_stock,true,false,false,false,false,false,false,false,true,
2025-06-27,2108,南帝,listed,24.05,24.25,23.8,23.8,-0.1,-0.4184,286404,6858848,251,TWSE,common_stock,true,false,false,false,false,false,false,false,true,
2025-06-27,2109,華豐,listed,16.9,16.9,16.75,16.85,0.1,0.597,86771,1459233,73,TWSE,common_stock,true,false,false,false,false,false,false,false,true,
2025-06-27,2114,鑫永銓,listed,90.0,90.1,89.5,90.1,-0.1,-0.1109,19301,1732048,25,TWSE,common_stock,true,false,false,false,false,false,false,false,true,
2025-06-27,2115,六暉-KY,listed,28.1,28.1,27.55,27.8,0.0,0.0,25200,698958,41,TWSE,common_stock,true,false,false,false,false,false,false,false,true,
2025-06-27,2201,裕隆,listed,34.5,34.6,33.95,34.5,0.5,1.4706,2545963,87571586,1787,TWSE,common_stock,true,false,false,false,false,false,false,false,true,
2025-06-27,2204,中華,listed,60.9,61.4,60.5,61.2,0.5,0.8237,1290593,78714547,1262,TWSE,common_stock,true,false,false,false,false,false,false,false,true,
2025-06-27,2206,三陽工業,listed,62.6,63.0,62.1,62.7,0.2,0.32,1310725,82015156,928,TWSE,common_stock,true,false,false,false,false,false,false,false,true,
2025-06-27,2207,和泰車,listed,571.0,575.0,566.0,573.0,6.0,1.0582,421790,240676634,634,TWSE,common_stock,true,false,false,false,false,false,false,false,true,
2025-06-27,2208,台船,listed,17.95,18.55,17.9,18.45,0.6,3.3613,8270199,151839753,3119,TWSE,common_stock,true,false,false,false,false,false,false,false,true,
2025-06-27,2211,長榮鋼,listed,85.2,86.5,84.8,85.1,0.1,0.1176,1507070,128444971,877,TWSE,common_stock,true,false,false,false,false,false,false,false,true,
2025-06-27,2227,裕日車,listed,60.0,62.3,60.0,61.0,1.0,1.6667,113118,6917329,179,TWSE,common_stock,true,false,false,false,false,false,false,false,true,
2025-06-27,2228,劍麟,listed,96.1,97.2,95.6,97.1,1.6,1.6754,328915,31803241,345,TWSE,common_stock,true,false,false,false,false,false,false,false,true,
2025-06-27,2231,為升,listed,72.7,72.8,72.0,72.0,-0.5,-0.6897,136835,9884180,222,TWSE,common_stock,true,false,false,false,false,false,false,false,true,
2025-06-27,2233,宇隆,listed,202.0,208.5,192.5,196.0,-2.0,-1.0101,8991715,1810229195,7437,TWSE,common_stock,true,false,false,false,false,false,false,false,true,
2025-06-27,2236,百達-KY,listed,100.0,101.0,99.0,99.5,-0.4,-0.4004,137054,13647888,126,TWSE,common_stock,true,false,false,false,false,false,false,false,true,
2025-06-27,2239,英利-KY,listed,31.5,31.5,30.25,30.3,-0.5,-1.6234,106431,3237831,63,TWSE,common_stock,true,false,false,false,false,false,false,false,true,
2025-06-27,2241,艾姆勒,listed,26.05,27.05,24.65,24.9,-0.7,-2.7344,1506689,38724407,1002,TWSE,common_stock,true,false,false,false,false,false,false,false,true,
2025-06-27,2243,宏旭-KY,listed,12.0,12.45,12.0,12.15,0.05,0.4132,342167,4190098,236,TWSE,common_stock,true,false,false,false,false,false,false,false,true,
2025-06-27,2247,汎德永業,listed,285.0,288.0,284.0,286.0,0.5,0.1751,103539,29608467,216,TWSE,common_stock,true,false,false,false,false,false,false,false,true,
2025-06-27,2248,華勝-KY,listed,48.0,48.0,47.5,47.85,0.35,0.7368,26905,1287469,138,TWSE,common_stock,true,false,false,false,false,false,false,false,true,
2025-06-27,2250,IKKA-KY,listed,94.9,96.2,92.8,93.5,-0.9,-0.9534,207240,19504347,245,TWSE,common_stock,true,false,false,false,false,false,false,false,true,
2025-06-27,2254,巨鎧精密-創,listed,64.6,65.3,64.2,65.3,-0.1,-0.1529,8000,518900,7,TWSE,common_stock,true,false,false,false,false,false,false,false,true,
2025-06-27,2258,鴻華先進-創,listed,43.1,43.8,42.8,43.15,0.45,1.0539,570261,24728610,490,TWSE,common_stock,true,false,false,false,false,false,false,false,true,
2025-06-27,2301,光寶科,listed,111.5,112.5,110.5,111.5,0.5,0.4505,11143378,1244827352,7642,TWSE,common_stock,true,false,false,false,false,false,false,false,true,
2025-06-27,2302,麗正,listed,15.85,15.9,15.7,15.75,-0.05,-0.3165,148080,2341300,113,TWSE,common_stock,true,false,false,false,false,false,false,false,true,
2025-06-27,2303,聯電,listed,43.85,44.3,43.6,44.3,1.05,2.4277,49404482,2179543611,20871,TWSE,common_stock,true,false,false,false,false,false,false,false,true,
2025-06-27,2305,全友,listed,10.55,10.75,10.45,10.5,0.05,0.4785,449763,4747560,224,TWSE,common_stock,true,false,false,false,false,false,false,false,true,
2025-06-27,2308,台達電,listed,421.0,426.5,419.5,424.0,4.0,0.9524,7476761,3160634045,6773,TWSE,common_stock,true,false,false,false,false,false,false,false,true,
2025-06-27,2312,金寶,listed,20.45,20.55,20.25,20.4,0.05,0.2457,4736688,96524772,1692,TWSE,common_stock,true,false,false,false,false,false,false,false,true,
2025-06-27,2313,華通,listed,57.8,57.8,57.0,57.4,0.4,0.7018,5713280,328068293,3375,TWSE,common_stock,true,false,false,false,false,false,false,false,true,
2025-06-27,2314,台揚,listed,11.9,11.9,11.25,11.35,-0.55,-4.6218,1058850,12073097,466,TWSE,common_stock,true,false,false,false,false,false,false,false,true,
2025-06-27,2316,楠梓電,listed,54.0,57.6,51.4,52.0,-0.5,-0.9524,17188033,926747979,10438,TWSE,common_stock,true,false,false,false,false,false,false,false,true,
2025-06-27,2317,鴻海,listed,163.0,165.5,162.5,165.0,2.0,1.227,75664710,12435280695,40110,TWSE,common_stock,true,false,false,false,false,false,false,false,true,
2025-06-27,2321,東訊,listed,15.0,15.0,14.35,14.5,-1.0,-6.4516,9458,139167,17,TWSE,common_stock,true,false,false,false,false,false,false,false,true,
2025-06-27,2323,中環,listed,8.15,8.16,8.05,8.07,-0.04,-0.4932,1341175,10861644,670,TWSE,common_stock,true,false,false,false,false,false,false,false,true,
2025-06-27,2324,仁寶,listed,28.4,28.85,28.35,28.7,0.7,2.5,45090554,1290211745,12722,TWSE,common_stock,true,false,false,false,false,false,false,false,true,
2025-06-27,2327,國巨*,listed,482.0,496.0,481.5,490.5,11.5,2.4008,5003916,2455589541,6692,TWSE,common_stock,true,false,false,false,false,false,false,false,true,
2025-06-27,2328,廣宇,listed,40.7,40.8,39.7,39.7,0.0,0.0,11833474,475495440,7266,TWSE,common_stock,true,false,false,false,false,false,false,false,true,
2025-06-27,2329,華泰,listed,41.5,41.5,40.2,40.2,-0.5,-1.2285,4720397,191801936,2750,TWSE,common_stock,true,false,false,false,false,false,false,false,true,
2025-06-27,2330,台積電,listed,1070.0,1080.0,1060.0,1080.0,5.0,0.4651,34877892,37353695324,38535,TWSE,common_stock,true,false,false,false,false,false,false,false,true,
2025-06-27,2331,精英,listed,18.35,18.6,18.25,18.4,0.1,0.5464,749462,13788199,479,TWSE,common_stock,true,false,false,false,false,false,false,false,true,
2025-06-27,2332,友訊,listed,17.3,17.8,17.05,17.35,0.3,1.7595,11520208,201165345,4494,TWSE,common_stock,true,false,false,false,false,false,false,false,true,
2025-06-27,2337,旺宏,listed,21.95,22.15,21.75,21.85,0.15,0.6912,5684427,124513072,2383,TWSE,common_stock,true,false,false,false,false,false,false,false,true,
2025-06-27,2338,光罩,listed,31.7,31.9,30.1,30.25,-2.1,-6.4915,7046573,217417429,4707,TWSE,common_stock,true,false,false,false,false,false,false,false,true,
2025-06-27,2340,台亞,listed,21.1,23.0,21.05,21.9,0.9,4.2857,7345638,161788070,4272,TWSE,common_stock,true,false,false,false,false,false,false,false,true,
2025-06-27,2342,茂矽,listed,22.35,22.55,22.2,22.35,0.0,0.0,178635,3992760,204,TWSE,common_stock,true,false,false,false,false,false,false,false,true,
2025-06-27,2344,華邦電,listed,21.2,21.7,20.7,21.15,0.3,1.4388,169640197,3590424030,45152,TWSE,common_stock,true,false,false,false,false,false,false,false,true,
2025-06-27,2345,智邦,listed,744.0,748.0,729.0,732.0,-11.0,-1.4805,3025568,2226669967,4367,TWSE,common_stock,true,false,false,false,false,false,false,false,true,
2025-06-27,2347,聯強,listed,64.8,65.4,63.7,63.9,-0.7,-1.0836,8167559,524254048,5045,TWSE,common_stock,true,false,false,false,false,false,false,false,true,
2025-06-27,2348,海悅,listed,104.0,107.0,103.0,104.5,1.0,0.9662,1109491,116146148,991,TWSE,common_stock,true,false,false,false,false,false,false,false,true,
2025-06-27,2348A,海悅甲特,listed,36.0,36.0,36.0,36.0,0.0,0.0,26000,936000,10,TWSE,warrant,false,false,true,false,false,false,false,false,false,security_type=warrant;symbol_not_4_digit
2025-06-27,2349,錸德,listed,10.4,10.45,10.2,10.35,0.05,0.4854,1451692,14964339,583,TWSE,common_stock,true,false,false,false,false,false,false,false,true,
2025-06-27,2351,順德,listed,72.9,73.0,72.0,72.9,0.8,1.1096,814843,59156047,687,TWSE,common_stock,true,false,false,false,false,false,false,false,true,
2025-06-27,2352,佳世達,listed,26.3,26.5,26.15,26.15,-0.1,-0.381,1873432,49140376,1009,TWSE,common_stock,true,false,false,false,false,false,false,false,true,
2025-06-27,2353,宏碁,listed,31.35,31.5,30.6,30.9,-0.25,-0.8026,20193627,623320190,10505,TWSE,common_stock,true,false,false,false,false,false,false,false,true,
2025-06-27,2354,鴻準,listed,65.1,65.2,64.5,64.6,0.1,0.155,5926433,383756348,4115,TWSE,common_stock,true,false,false,false,false,false,false,false,true,
2025-06-27,2355,敬鵬,listed,32.05,32.35,32.0,32.1,0.05,0.156,1003380,32269050,653,TWSE,common_stock,true,false,false,false,false,false,false,false,true,
2025-06-27,2356,英業達,listed,42.25,42.5,42.0,42.5,0.4,0.9501,9375029,397098465,5673,TWSE,common_stock,true,false,false,false,false,false,false,false,true,
2025-06-27,2357,華碩,listed,644.0,648.0,636.0,640.0,-1.0,-0.156,6968511,4460231182,8585,TWSE,common_stock,true,false,false,false,false,false,false,false,true,
2025-06-27,2359,所羅門,listed,139.5,140.0,137.0,138.0,0.5,0.3636,1361945,187944002,1357,TWSE,common_stock,true,false,false,false,false,false,false,false,true,
2025-06-27,2360,致茂,listed,417.0,437.0,415.5,429.5,-0.5,-0.1163,8142014,3510203036,7817,TWSE,common_stock,true,false,false,false,false,false,false,false,true,
2025-06-27,2362,藍天,listed,45.55,45.55,44.8,45.2,0.05,0.1107,725951,32762935,545,TWSE,common_stock,true,false,false,false,false,false,false,false,true,
2025-06-27,2363,矽統,listed,49.2,50.2,49.0,49.6,0.9,1.848,6020339,299252436,4529,TWSE,common_stock,true,false,false,false,false,false,false,false,true,
2025-06-27,2364,倫飛,listed,86.8,87.8,86.8,87.1,0.2,0.2301,120181,10492875,152,TWSE,common_stock,true,false,false,false,false,false,false,false,true,
2025-06-27,2365,昆盈,listed,37.05,37.35,36.4,36.95,0.15,0.4076,1889025,69451979,1328,TWSE,common_stock,true,false,false,false,false,false,false,false,true,
2025-06-27,2367,燿華,listed,24.4,24.45,24.2,24.4,0.15,0.6186,2474830,60263368,1124,TWSE,common_stock,true,false,false,false,false,false,false,false,true,
2025-06-27,2368,金像電,listed,270.5,277.0,269.0,276.0,6.5,2.4119,6735165,1849461957,6407,TWSE,common_stock,true,false,false,false,false,false,false,false,true,
2025-06-27,2369,菱生,listed,15.5,15.5,15.25,15.35,-0.05,-0.3247,503653,7742937,393,TWSE,common_stock,true,false,false,false,false,false,false,false,true,
2025-06-27,2371,大同,listed,40.5,40.75,39.8,40.4,-0.1,-0.2469,20094972,809032931,9153,TWSE,common_stock,true,false,false,false,false,false,false,false,true,
2025-06-27,2373,震旦行,listed,61.9,62.4,61.9,62.3,0.4,0.6462,58384,3632548,62,TWSE,common_stock,true,false,false,false,false,false,false,false,true,
2025-06-27,2374,佳能,listed,54.5,54.7,53.1,53.3,-0.6,-1.1132,2849121,152769200,2247,TWSE,common_stock,true,false,false,false,false,false,false,false,true,
2025-06-27,2375,凱美,listed,56.6,58.1,56.6,57.3,0.5,0.8803,309186,17808375,296,TWSE,common_stock,true,false,false,false,false,false,false,false,true,
2025-06-27,2376,技嘉,listed,287.0,287.0,279.0,281.5,-2.5,-0.8803,4123766,1164419328,5394,TWSE,common_stock,true,false,false,false,false,false,false,false,true,
2025-06-27,2377,微星,listed,141.0,143.5,141.0,143.0,2.5,1.7794,3354019,477936089,2920,TWSE,common_stock,true,false,false,false,false,false,false,false,true,
2025-06-27,2379,瑞昱,listed,556.0,568.0,556.0,564.0,4.0,0.7143,1382676,780927077,1951,TWSE,common_stock,true,false,false,false,false,false,false,false,true,
2025-06-27,2380,虹光,listed,3.81,3.81,3.81,3.81,-0.04,-1.039,28997,110622,87,TWSE,common_stock,true,false,false,false,false,false,false,false,true,
2025-06-27,2382,廣達,listed,290.0,290.0,285.0,285.5,-4.5,-1.5517,22435667,6437131905,21767,TWSE,common_stock,true,false,false,false,false,false,false,false,true,
2025-06-27,2383,台光電,listed,858.0,877.0,856.0,866.0,11.0,1.2865,4825691,4175025918,5979,TWSE,common_stock,true,false,false,false,false,false,false,false,true,
2025-06-27,2385,群光,listed,130.0,132.0,130.0,131.0,1.0,0.7692,3599484,470626977,2535,TWSE,common_stock,true,false,false,false,false,false,false,false,true,
2025-06-27,2387,精元,listed,45.0,46.1,44.65,45.35,0.8,1.7957,2146908,97141441,1468,TWSE,common_stock,true,false,false,false,false,false,false,false,true,
2025-06-27,2388,威盛,listed,63.5,63.9,63.0,63.6,0.5,0.7924,1222192,77538593,1002,TWSE,common_stock,true,false,false,false,false,false,false,false,true,
2025-06-27,2390,云辰,listed,10.9,11.1,10.85,10.85,-0.05,-0.4587,243629,2657773,230,TWSE,common_stock,true,false,false,false,false,false,false,false,true,
2025-06-27,2392,正崴,listed,53.6,53.7,52.4,52.9,-0.1,-0.1887,1390418,73488044,1108,TWSE,common_stock,true,false,false,false,false,false,false,false,true,
2025-06-27,2393,億光,listed,69.1,70.6,69.1,70.6,1.9,2.7656,2871180,201060067,2111,TWSE,common_stock,true,false,false,false,false,false,false,false,true,
2025-06-27,2395,研華,listed,339.5,340.0,336.0,339.5,3.0,0.8915,896490,303222849,1028,TWSE,common_stock,true,false,false,false,false,false,false,false,true,
2025-06-27,2397,友通,listed,61.9,61.9,60.8,61.0,-0.6,-0.974,109287,6686953,152,TWSE,common_stock,true,false,false,false,false,false,false,false,true,
2025-06-27,2399,映泰,listed,19.3,19.3,18.95,19.0,-0.15,-0.7833,673558,12837095,460,TWSE,common_stock,true,false,false,false,false,false,false,false,true,
2025-06-27,2401,凌陽,listed,20.25,20.4,19.4,19.55,0.15,0.7732,5063246,100104683,2899,TWSE,common_stock,true,false,false,false,false,false,false,false,true,
2025-06-27,2402,毅嘉,listed,40.1,40.55,39.85,40.5,0.45,1.1236,2042792,82191275,1228,TWSE,common_stock,true,false,false,false,false,false,false,false,true,
2025-06-27,2404,漢唐,listed,625.0,628.0,610.0,610.0,-12.0,-1.9293,1622776,999266194,3158,TWSE,common_stock,true,false,false,false,false,false,false,false,true,
2025-06-27,2405,輔信,listed,16.6,16.6,16.35,16.35,-0.1,-0.6079,804848,13227183,467,TWSE,common_stock,true,false,false,false,false,false,false,false,true,
2025-06-27,2406,國碩,listed,11.6,11.75,11.45,11.65,0.05,0.431,658466,7634195,445,TWSE,common_stock,true,false,false,false,false,false,false,false,true,
2025-06-27,2408,南亞科,listed,54.8,55.2,52.9,53.1,-0.8,-1.4842,89191262,4784071296,35360,TWSE,common_stock,true,false,false,false,false,false,false,false,true,
2025-06-27,2409,友達,listed,12.65,12.8,12.5,12.7,0.25,2.008,27712173,351359919,6398,TWSE,common_stock,true,false,false,false,false,false,false,false,true,
2025-06-27,2412,中華電,listed,136.5,137.5,136.0,136.5,-0.5,-0.365,10364811,1415571124,5631,TWSE,common_stock,true,false,false,false,false,false,false,false,true,
2025-06-27,2413,環科,listed,18.3,18.35,17.9,18.0,0.05,0.2786,174017,3149607,136,TWSE,common_stock,true,false,false,false,false,false,false,false,true,
2025-06-27,2414,精技,listed,40.8,40.8,40.1,40.6,0.0,0.0,133339,5389875,116,TWSE,common_stock,true,false,false,false,false,false,false,false,true,
2025-06-27,2415,錩新,listed,25.1,25.25,24.8,24.8,-0.3,-1.1952,30712,766033,35,TWSE,common_stock,true,false,false,false,false,false,false,false,true,
2025-06-27,2417,圓剛,listed,37.6,37.85,37.1,37.55,0.3,0.8054,209766,7852150,238,TWSE,common_stock,true,false,false,false,false,false,false,false,true,
2025-06-27,2419,仲琦,listed,23.05,23.15,22.75,23.05,0.2,0.8753,597767,13709027,445,TWSE,common_stock,true,false,false,false,false,false,false,false,true,
2025-06-27,2420,新巨,listed,53.0,53.0,52.1,52.6,-0.1,-0.1898,239711,12560419,301,TWSE,common_stock,true,false,false,false,false,false,false,false,true,
2025-06-27,2421,建準,listed,102.5,102.5,99.3,100.5,-1.5,-1.4706,1411429,141738373,1381,TWSE,common_stock,true,false,false,false,false,false,false,false,true,
2025-06-27,2423,固緯,listed,43.1,43.2,42.6,43.2,0.45,1.0526,144785,6228039,135,TWSE,common_stock,true,false,false,false,false,false,false,false,true,
2025-06-27,2424,隴華,listed,88.7,91.8,86.0,86.0,-2.7,-3.044,123306,10843111,256,TWSE,common_stock,true,false,false,false,false,false,false,false,true,
2025-06-27,2425,承啟,listed,37.1,37.5,36.6,37.35,0.45,1.2195,511136,18988186,367,TWSE,common_stock,true,false,false,false,false,false,false,false,true,
2025-06-27,2426,鼎元,listed,15.95,16.6,15.9,16.55,0.65,4.0881,1172177,19192864,700,TWSE,common_stock,true,false,false,false,false,false,false,false,true,
2025-06-27,2427,三商電,listed,28.5,28.75,27.9,27.95,-0.2,-0.7105,1818339,51533638,1222,TWSE,common_stock,true,false,false,false,false,false,false,false,true,
2025-06-27,2428,興勤,listed,133.0,135.0,133.0,134.5,1.5,1.1278,129744,17420424,145,TWSE,common_stock,true,false,false,false,false,false,false,false,true,
2025-06-27,2429,銘旺科,listed,74.3,75.3,73.3,74.3,0.4,0.5413,6689917,495858455,4170,TWSE,common_stock,true,false,false,false,false,false,false,false,true,
2025-06-27,2430,燦坤,listed,24.25,24.4,24.0,24.1,-0.25,-1.0267,41159,995205,62,TWSE,common_stock,true,false,false,false,false,false,false,false,true,
2025-06-27,2431,聯昌,listed,11.2,11.25,11.1,11.1,-0.05,-0.4484,182231,2034096,132,TWSE,common_stock,true,false,false,false,false,false,false,false,true,
2025-06-27,2432,倚天酷碁-創,listed,29.75,29.75,29.0,29.3,0.75,2.627,51600,1516237,42,TWSE,common_stock,true,false,false,false,false,false,false,false,true,
2025-06-27,2433,互盛電,listed,51.0,51.0,50.4,50.9,-0.1,-0.1961,30523,1550610,30,TWSE,common_stock,true,false,false,false,false,false,false,false,true,
2025-06-27,2434,統懋,listed,29.55,30.0,29.5,29.7,0.15,0.5076,30691,915053,27,TWSE,common_stock,true,false,false,false,false,false,false,false,true,
2025-06-27,2436,偉詮電,listed,50.8,52.0,49.9,51.5,1.4,2.7944,2008608,102737757,1496,TWSE,common_stock,true,false,false,false,false,false,false,false,true,
2025-06-27,2438,翔耀,listed,29.6,29.6,29.1,29.1,-0.1,-0.3425,42282,1239875,68,TWSE,common_stock,true,false,false,false,false,false,false,false,true,
2025-06-27,2439,美律,listed,112.5,113.5,111.5,111.5,0.0,0.0,2768506,311040181,1999,TWSE,common_stock,true,false,false,false,false,false,false,false,true,
2025-06-27,2440,太空梭,listed,13.0,13.25,12.8,12.95,-0.2,-1.5209,192179,2491687,136,TWSE,common_stock,true,false,false,false,false,false,false,false,true,
2025-06-27,2441,超豐,listed,57.6,57.9,56.7,57.3,0.0,0.0,1122794,64339678,866,TWSE,common_stock,true,false,false,false,false,false,false,false,true,
2025-06-27,2442,新美齊,listed,24.9,25.15,24.85,24.85,-0.1,-0.4008,335600,8369552,305,TWSE,common_stock,true,false,false,false,false,false,false,false,true,
2025-06-27,2444,兆勁,listed,12.15,12.2,11.9,11.95,-0.15,-1.2397,98454,1181563,103,TWSE,common_stock,true,false,false,false,false,false,false,false,true,
2025-06-27,2449,京元電子,listed,103.0,105.0,102.0,105.0,2.5,2.439,11490110,1199042276,7215,TWSE,common_stock,true,false,false,false,false,false,false,false,true,
2025-06-27,2450,神腦,listed,29.55,29.75,29.25,29.55,0.05,0.1695,112532,3324582,164,TWSE,common_stock,true,false,false,false,false,false,false,false,true,
2025-06-27,2451,創見,listed,106.5,106.5,101.0,101.0,-3.5,-3.3493,4438707,454614895,3243,TWSE,common_stock,true,false,false,false,false,false,false,false,true,
2025-06-27,2453,凌群,listed,58.1,58.9,58.0,58.2,0.3,0.5181,646514,37775974,576,TWSE,common_stock,true,false,false,false,false,false,false,false,true,
2025-06-27,2454,聯發科,listed,1285.0,1300.0,1280.0,1285.0,-5.0,-0.3876,5979958,7704618190,8692,TWSE,common_stock,true,false,false,false,false,false,false,false,true,
2025-06-27,2455,全新,listed,130.0,130.5,126.5,130.0,1.0,0.7752,6701698,860810963,6134,TWSE,common_stock,true,false,false,false,false,false,false,false,true,
2025-06-27,2457,飛宏,listed,21.8,22.3,21.65,21.8,0.0,0.0,1640465,35997468,1109,TWSE,common_stock,true,false,false,false,false,false,false,false,true,
2025-06-27,2458,義隆,listed,125.0,125.5,122.5,122.5,-1.0,-0.8097,1968190,243535081,1604,TWSE,common_stock,true,false,false,false,false,false,false,false,true,
2025-06-27,2459,敦吉,listed,60.1,60.2,59.6,59.7,-0.4,-0.6656,100370,6016072,255,TWSE,common_stock,true,false,false,false,false,false,false,false,true,
2025-06-27,2460,建通,listed,18.45,18.6,17.65,17.95,-0.5,-2.71,738198,13383140,693,TWSE,common_stock,true,false,false,false,false,false,false,false,true,
2025-06-27,2461,光群雷,listed,16.5,16.65,16.35,16.5,0.15,0.9174,199148,3283372,154,TWSE,common_stock,true,false,false,false,false,false,false,false,true,
2025-06-27,2462,良得電,listed,20.85,20.85,20.45,20.65,0.05,0.2427,98404,2028670,158,TWSE,common_stock,true,false,false,false,false,false,false,false,true,
2025-06-27,2464,盟立,listed,61.2,61.9,59.5,59.7,-1.3,-2.1311,2507389,150933768,2298,TWSE,common_stock,true,false,false,false,false,false,false,false,true,
2025-06-27,2465,麗臺,listed,61.3,63.1,61.3,62.8,1.5,2.447,483159,30234493,644,TWSE,common_stock,true,false,false,false,false,false,false,false,true,
2025-06-27,2466,冠西電,listed,88.0,89.4,87.1,87.1,-0.8,-0.9101,691771,61092399,525,TWSE,common_stock,true,false,false,false,false,false,false,false,true,
2025-06-27,2467,志聖,listed,155.5,155.5,151.5,153.0,-1.5,-0.9709,385721,59216484,509,TWSE,common_stock,true,false,false,false,false,false,false,false,true,
2025-06-27,2468,華經,listed,62.3,68.1,62.2,65.0,2.6,4.1667,18027370,1190404570,12916,TWSE,common_stock,true,false,false,false,false,false,false,false,true,
2025-06-27,2471,資通,listed,56.3,57.7,56.1,56.7,0.4,0.7105,568805,32475950,672,TWSE,common_stock,true,false,false,false,false,false,false,false,true,
2025-06-27,2472,立隆電,listed,77.5,78.3,76.3,77.7,1.0,1.3038,1663163,128752194,1401,TWSE,common_stock,true,false,false,false,false,false,false,false,true,
2025-06-27,2474,可成,listed,212.0,213.0,209.5,213.0,1.5,0.7092,4398370,931759228,2932,TWSE,common_stock,true,false,false,false,false,false,false,false,true,
2025-06-27,2476,鉅祥,listed,73.5,73.5,72.5,72.6,-0.3,-0.4115,462296,33676700,553,TWSE,common_stock,true,false,false,false,false,false,false,false,true,
2025-06-27,2477,美隆電,listed,20.25,20.3,19.95,20.25,0.2,0.9975,71920,1450392,75,TWSE,common_stock,true,false,false,false,false,false,false,false,true,
2025-06-27,2478,大毅,listed,42.35,42.35,41.55,41.65,0.05,0.1202,82557,3453951,221,TWSE,common_stock,true,false,false,false,false,false,false,false,true,
2025-06-27,2480,敦陽科,listed,154.0,159.0,154.0,157.0,2.5,1.6181,401808,63033760,549,TWSE,common_stock,true,false,false,false,false,false,false,false,true,
2025-06-27,2481,強茂,listed,51.1,51.2,50.7,50.9,0.1,0.1969,705147,35946228,648,TWSE,common_stock,true,false,false,false,false,false,false,false,true,
2025-06-27,2482,連宇,listed,19.6,21.2,19.6,20.25,0.75,3.8462,2696304,55252638,2118,TWSE,common_stock,true,false,false,false,false,false,false,false,true,
2025-06-27,2483,百容,listed,17.45,17.65,17.45,17.6,0.2,1.1494,29011,506589,21,TWSE,common_stock,true,false,false,false,false,false,false,false,true,
2025-06-27,2484,希華,listed,20.55,20.75,20.45,20.7,0.15,0.7299,221494,4551876,157,TWSE,common_stock,true,false,false,false,false,false,false,false,true,
2025-06-27,2485,兆赫,listed,12.5,12.65,11.8,11.95,-0.15,-1.2397,5787713,70541953,2613,TWSE,common_stock,true,false,false,false,false,false,false,false,true,
2025-06-27,2486,一詮,listed,80.0,80.4,77.5,77.5,-2.2,-2.7604,4019420,315053384,2791,TWSE,common_stock,true,false,false,false,false,false,false,false,true,
2025-06-27,2488,漢平,listed,46.0,46.05,45.6,45.85,-0.1,-0.2176,82867,3805707,91,TWSE,common_stock,true,false,false,false,false,false,false,false,true,
2025-06-27,2489,瑞軒,listed,14.3,14.45,14.15,14.25,0.0,0.0,1024444,14606892,699,TWSE,common_stock,true,false,false,false,false,false,false,false,true,
2025-06-27,2491,吉祥全,listed,10.05,10.05,10.0,10.0,-0.05,-0.4975,13248,132787,20,TWSE,common_stock,true,false,false,false,false,false,false,false,true,
2025-06-27,2492,華新科,listed,81.8,84.0,81.6,82.3,1.1,1.3547,1303094,107991307,1275,TWSE,common_stock,true,false,false,false,false,false,false,false,true,
2025-06-27,2493,揚博,listed,97.7,97.8,96.8,97.2,0.0,0.0,74049,7199892,98,TWSE,common_stock,true,false,false,false,false,false,false,false,true,
2025-06-27,2495,普安,listed,22.9,22.95,22.55,22.7,0.0,0.0,609038,13856758,377,TWSE,common_stock,true,false,false,false,false,false,false,false,true,
2025-06-27,2496,卓越,listed,72.3,72.3,71.7,71.8,-0.8,-1.1019,22468,1617823,47,TWSE,common_stock,true,false,false,false,false,false,false,false,true,
2025-06-27,2497,怡利電,listed,41.7,42.2,41.0,41.35,-0.15,-0.3614,129781,5378307,152,TWSE,common_stock,true,false,false,false,false,false,false,false,true,
2025-06-27,2498,宏達電,listed,39.5,39.85,39.2,39.4,0.4,1.0256,3532269,139489241,2185,TWSE,common_stock,true,false,false,false,false,false,false,false,true,
2025-06-27,2501,國建,listed,19.55,19.9,19.55,19.7,0.15,0.7673,1128443,22248188,778,TWSE,common_stock,true,false,false,false,false,false,false,false,true,
2025-06-27,2504,國產,listed,39.6,40.3,38.8,40.3,1.0,2.5445,8090024,320593098,4289,TWSE,common_stock,true,false,false,false,false,false,false,false,true,
2025-06-27,2505,國揚,listed,20.05,20.1,19.8,20.0,0.0,0.0,198922,3965854,133,TWSE,common_stock,true,false,false,false,false,false,false,false,true,
2025-06-27,2506,太設,listed,10.0,10.15,9.97,10.05,0.1,1.005,247452,2485412,153,TWSE,common_stock,true,false,false,false,false,false,false,false,true,
2025-06-27,2509,全坤建,listed,14.0,14.2,13.8,14.0,0.05,0.3584,82484,1149748,70,TWSE,common_stock,true,false,false,false,false,false,false,false,true,
2025-06-27,2511,太子,listed,9.27,9.37,9.24,9.36,0.09,0.9709,744675,6947245,416,TWSE,common_stock,true,false,false,false,false,false,false,false,true,
2025-06-27,2514,龍邦,listed,16.85,17.0,16.7,16.8,0.05,0.2985,104380,1755947,181,TWSE,common_stock,true,false,false,false,false,false,false,false,true,
2025-06-27,2515,中工,listed,11.4,11.5,11.3,11.5,0.15,1.3216,6973812,79626872,2002,TWSE,common_stock,true,false,false,false,false,false,false,false,true,
2025-06-27,2516,新建,listed,16.6,16.6,16.2,16.35,-0.25,-1.506,262303,4296217,177,TWSE,common_stock,true,false,false,false,false,false,false,false,true,
2025-06-27,2520,冠德,listed,50.4,50.7,50.0,50.6,0.1,0.198,1332675,67127314,970,TWSE,common_stock,true,false,false,false,false,false,false,false,true,
2025-06-27,2524,京城,listed,44.75,46.55,44.75,45.25,0.5,1.1173,446956,20427058,368,TWSE,common_stock,true,false,false,false,false,false,false,false,true,
2025-06-27,2527,宏璟,listed,27.45,27.85,27.45,27.8,0.15,0.5425,141238,3907682,124,TWSE,common_stock,true,false,false,false,false,false,false,false,true,
2025-06-27,2528,皇普,listed,32.55,32.55,31.2,31.6,-0.15,-0.4724,334089,10572301,243,TWSE,common_stock,true,false,false,false,false,false,false,false,true,
2025-06-27,2530,華建,listed,31.3,31.75,31.2,31.65,0.3,0.9569,614461,19383625,299,TWSE,common_stock,true,false,false,false,false,false,false,false,true,
2025-06-27,2534,宏盛,listed,25.4,25.6,25.15,25.3,-0.15,-0.5894,1612662,42897031,404,TWSE,common_stock,true,false,false,false,false,false,false,false,true,
2025-06-27,2535,達欣工,listed,57.0,57.4,56.7,56.9,0.1,0.1761,195746,11176114,188,TWSE,common_stock,true,false,false,false,false,false,false,false,true,
2025-06-27,2536,宏普,listed,30.45,30.55,30.15,30.3,0.2,0.6645,137904,4182066,96,TWSE,common_stock,true,false,false,false,false,false,false,false,true,
2025-06-27,2537,聯上發,listed,11.95,12.5,11.9,12.05,0.15,1.2605,3371736,41036069,1500,TWSE,common_stock,true,false,false,false,false,false,false,false,true,
2025-06-27,2538,基泰,listed,13.7,13.7,13.3,13.5,-0.2,-1.4599,316466,4259232,217,TWSE,common_stock,true,false,false,false,false,false,false,false,true,
2025-06-27,2539,櫻花建,listed,64.0,65.0,63.3,64.7,0.9,1.4107,1153532,74160147,1435,TWSE,common_stock,true,false,false,false,false,false,false,false,true,
2025-06-27,2540,愛山林,listed,80.7,81.9,79.8,80.6,0.4,0.4988,876924,70823381,1434,TWSE,common_stock,true,false,false,false,false,false,false,false,true,
2025-06-27,2542,興富發,listed,41.8,41.95,40.95,41.2,-0.8,-1.9048,5081830,209945033,3401,TWSE,common_stock,true,false,false,false,false,false,false,false,true,
2025-06-27,2543,皇昌,listed,84.9,84.9,82.0,82.6,-0.8,-0.9592,2699578,224567469,2201,TWSE,common_stock,true,false,false,false,false,false,false,false,true,
2025-06-27,2545,皇翔,listed,44.4,44.6,43.55,43.8,-0.4,-0.905,766152,33705550,568,TWSE,common_stock,true,false,false,false,false,false,false,false,true,
2025-06-27,2546,根基,listed,82.0,82.3,81.3,82.1,0.1,0.122,69309,5682607,98,TWSE,common_stock,true,false,false,false,false,false,false,false,true,
2025-06-27,2547,日勝生,listed,12.35,12.5,12.3,12.35,0.05,0.4065,1405674,17418244,482,TWSE,common_stock,true,false,false,false,false,false,false,false,true,
2025-06-27,2548,華固,listed,107.5,108.5,106.5,108.0,1.5,1.4085,543354,58583805,580,TWSE,common_stock,true,false,false,false,false,false,false,false,true,
2025-06-27,2597,潤弘,listed,171.0,172.5,170.5,170.5,-1.0,-0.5831,651014,111321292,571,TWSE,common_stock,true,false,false,false,false,false,false,false,true,
2025-06-27,2601,益航,listed,5.94,6.03,5.94,5.96,0.02,0.3367,1007264,6016745,527,TWSE,common_stock,true,false,false,false,false,false,false,false,true,
2025-06-27,2603,長榮,listed,206.5,207.5,205.0,205.5,0.5,0.2439,9774579,2010669196,9917,TWSE,common_stock,true,false,false,false,false,false,false,false,true,
2025-06-27,2605,新興,listed,22.4,22.5,22.3,22.35,0.05,0.2242,1305694,29229202,794,TWSE,common_stock,true,false,false,false,false,false,false,false,true,
2025-06-27,2606,裕民,listed,51.5,51.5,50.0,50.1,-0.9,-1.7647,7588181,382032619,4587,TWSE,common_stock,true,false,false,false,false,false,false,false,true,
2025-06-27,2607,榮運,listed,33.9,34.25,33.75,34.2,0.4,1.1834,4343989,147834142,1873,TWSE,common_stock,true,false,false,false,false,false,false,false,true,
2025-06-27,2608,嘉里大榮,listed,34.45,34.5,34.25,34.25,-0.1,-0.2911,133334,4583940,162,TWSE,common_stock,true,false,false,false,false,false,false,false,true,
2025-06-27,2609,陽明,listed,72.5,72.9,72.0,72.6,0.5,0.6935,26055103,1884063583,14489,TWSE,common_stock,true,false,false,false,false,false,false,false,true,
2025-06-27,2610,華航,listed,21.45,21.9,21.45,21.9,0.3,1.3889,27575129,599384072,8324,TWSE,common_stock,true,false,false,false,false,false,false,false,true,
2025-06-27,2611,志信,listed,20.2,20.4,20.2,20.3,0.1,0.495,355547,7203874,268,TWSE,common_stock,true,false,false,false,false,false,false,false,true,
2025-06-27,2612,中航,listed,44.25,44.6,44.05,44.25,-0.35,-0.7848,292865,12977393,251,TWSE,common_stock,true,false,false,false,false,false,false,false,true,
2025-06-27,2613,中櫃,listed,28.0,28.0,27.5,27.5,-0.25,-0.9009,259040,7154005,262,TWSE,common_stock,true,false,false,false,false,false,false,false,true,
2025-06-27,2614,東森,listed,17.45,17.6,17.35,17.35,-0.05,-0.2874,176619,3077239,200,TWSE,common_stock,true,false,false,false,false,false,false,false,true,
2025-06-27,2615,萬海,listed,93.8,94.1,92.0,92.0,-1.5,-1.6043,11393476,1057331485,8534,TWSE,common_stock,true,false,false,false,false,false,false,false,true,
2025-06-27,2616,山隆,listed,15.15,15.2,14.9,15.05,-0.05,-0.3311,88392,1330618,247,TWSE,common_stock,true,false,false,false,false,false,false,false,true,
2025-06-27,2617,台航,listed,28.1,28.45,28.1,28.3,0.2,0.7117,347609,9824604,283,TWSE,common_stock,true,false,false,false,false,false,false,false,true,
2025-06-27,2618,長榮航,listed,39.7,40.05,39.6,40.05,0.35,0.8816,29048598,1159075589,13941,TWSE,common_stock,true,false,false,false,false,false,false,false,true,
2025-06-27,2630,亞航,listed,35.3,35.6,35.15,35.2,0.0,0.0,647309,22878637,584,TWSE,common_stock,true,false,false,false,false,false,false,false,true,
2025-06-27,2633,台灣高鐵,listed,28.85,29.0,28.7,28.75,-0.1,-0.3466,2785208,80282011,1651,TWSE,common_stock,true,false,false,false,false,false,false,false,true,
2025-06-27,2634,漢翔,listed,44.0,44.25,43.65,43.9,-0.25,-0.5663,3809581,167090549,2541,TWSE,common_stock,true,false,false,false,false,false,false,false,true,
2025-06-27,2636,台驊控股,listed,73.7,73.7,72.6,72.7,-0.4,-0.5472,170340,12424068,203,TWSE,common_stock,true,false,false,false,false,false,false,false,true,
2025-06-27,2637,慧洋-KY,listed,57.0,57.0,55.3,55.9,-0.4,-0.7105,2934086,164176575,2063,TWSE,common_stock,true,false,false,false,false,false,false,false,true,
2025-06-27,2642,宅配通,listed,25.65,26.0,25.6,25.9,0.25,0.9747,37607,967653,83,TWSE,common_stock,true,false,false,false,false,false,false,false,true,
2025-06-27,2645,長榮航太,listed,106.0,106.0,104.5,105.5,-0.5,-0.4717,707953,74473419,761,TWSE,common_stock,true,false,false,false,false,false,false,false,true,
2025-06-27,2646,星宇航空,listed,26.0,26.0,25.7,25.8,0.05,0.1942,2619430,67631610,1841,TWSE,common_stock,true,false,false,false,false,false,false,false,true,
2025-06-27,2701,萬企,listed,11.5,11.55,11.4,11.5,0.0,0.0,67143,773104,57,TWSE,common_stock,true,false,false,false,false,false,false,false,true,
2025-06-27,2702,華園,listed,13.55,13.6,13.35,13.5,-0.1,-0.7353,67668,909232,89,TWSE,common_stock,true,false,false,false,false,false,false,false,true,
2025-06-27,2704,國賓,listed,45.35,45.35,44.7,45.1,0.1,0.2222,122343,5509641,171,TWSE,common_stock,true,false,false,false,false,false,false,false,true,
2025-06-27,2705,六福,listed,17.95,18.9,17.8,18.75,1.0,5.6338,935445,17396213,717,TWSE,common_stock,true,false,false,false,false,false,false,false,true,
2025-06-27,2706,第一店,listed,13.5,13.6,13.45,13.45,0.0,0.0,104749,1415707,126,TWSE,common_stock,true,false,false,false,false,false,false,false,true,
2025-06-27,2707,晶華,listed,191.5,193.5,191.5,191.5,-1.0,-0.5195,96659,18573165,270,TWSE,common_stock,true,false,false,false,false,false,false,false,true,
2025-06-27,2712,遠雄來,listed,19.3,21.0,19.3,20.25,0.05,0.2475,37244,766540,33,TWSE,common_stock,true,false,false,false,false,false,false,false,true,
2025-06-27,2722,夏都,listed,29.35,30.1,29.0,29.8,0.95,3.2929,190651,5670324,174,TWSE,common_stock,true,false,false,false,false,false,false,false,true,
2025-06-27,2723,美食-KY,listed,83.2,83.4,82.7,83.1,0.0,0.0,186092,15468365,164,TWSE,common_stock,true,false,false,false,false,false,false,false,true,
2025-06-27,2727,王品,listed,252.0,255.0,252.0,253.0,2.0,0.7968,860769,218042875,1502,TWSE,common_stock,true,false,false,false,false,false,false,false,true,
2025-06-27,2731,雄獅,listed,165.5,170.0,162.5,164.5,0.5,0.3049,4658994,769344934,3860,TWSE,common_stock,true,false,false,false,false,false,false,false,true,
2025-06-27,2739,寒舍,listed,40.9,42.05,40.9,41.6,0.85,2.0859,186763,7801336,157,TWSE,common_stock,true,false,false,false,false,false,false,false,true,
2025-06-27,2748,雲品,listed,50.3,51.8,50.0,50.6,0.9,1.8109,175109,8901109,192,TWSE,common_stock,true,false,false,false,false,false,false,false,true,
2025-06-27,2753,八方雲集,listed,173.0,179.0,173.0,179.0,5.5,3.17,356069,63056573,526,TWSE,common_stock,true,false,false,false,false,false,false,false,true,
2025-06-27,2762,世界健身-KY,listed,78.0,78.1,77.7,77.7,0.0,0.0,69478,5414826,88,TWSE,common_stock,true,false,false,false,false,false,false,false,true,
2025-06-27,2801,彰銀,listed,18.95,19.0,18.9,19.0,0.0,0.0,17604790,333815338,4965,TWSE,common_stock,true,false,false,false,false,false,false,false,true,
2025-06-27,2809,京城銀,listed,52.4,52.6,51.6,52.3,0.2,0.3839,7988523,416514510,2748,TWSE,common_stock,true,false,false,false,false,false,false,false,true,
2025-06-27,2812,台中銀,listed,21.5,21.8,21.5,21.7,0.2,0.9302,8048726,174583710,3064,TWSE,common_stock,true,false,false,false,false,false,false,false,true,
2025-06-27,2816,旺旺保,listed,26.55,27.1,26.35,27.0,0.65,2.4668,435719,11657412,324,TWSE,common_stock,true,false,false,false,false,false,false,false,true,
2025-06-27,2820,華票,listed,15.55,15.6,15.5,15.6,0.05,0.3215,3413917,53144327,849,TWSE,common_stock,true,false,false,false,false,false,false,false,true,
2025-06-27,2832,台產,listed,32.2,32.2,31.6,31.65,-0.55,-1.7081,684284,21726412,526,TWSE,common_stock,true,false,false,false,false,false,false,false,true,
2025-06-27,2834,臺企銀,listed,15.4,15.6,15.35,15.6,0.15,0.9709,16707735,259254933,4872,TWSE,common_stock,true,false,false,false,false,false,false,false,true,
2025-06-27,2836,高雄銀,listed,11.8,11.9,11.8,11.9,0.05,0.4219,958776,11384444,530,TWSE,common_stock,true,false,false,false,false,false,false,false,true,
2025-06-27,2836A,高雄銀甲特,listed,22.65,22.7,22.65,22.65,0.05,0.2212,21378,484223,13,TWSE,warrant,false,false,true,false,false,false,false,false,false,security_type=warrant;symbol_not_4_digit
2025-06-27,2838,聯邦銀,listed,18.0,18.05,17.9,18.0,-0.05,-0.277,2225640,39988058,1439,TWSE,common_stock,true,false,false,false,false,false,false,false,true,
2025-06-27,2838A,聯邦銀甲特,listed,54.9,54.9,54.7,54.9,0.1,0.1825,58050,3182540,29,TWSE,warrant,false,false,true,false,false,false,false,false,false,security_type=warrant;symbol_not_4_digit
2025-06-27,2845,遠東銀,listed,13.05,13.2,13.0,13.05,0.0,0.0,15088696,197380649,3413,TWSE,common_stock,true,false,false,false,false,false,false,false,true,
2025-06-27,2849,安泰銀,listed,13.7,13.75,13.5,13.55,-0.1,-0.7326,187483,2559543,151,TWSE,common_stock,true,false,false,false,false,false,false,false,true,
2025-06-27,2850,新產,listed,97.0,98.6,96.7,98.6,0.0,0.0,2149951,209215458,1702,TWSE,common_stock,true,false,false,false,false,false,false,false,true,
2025-06-27,2851,中再保,listed,23.4,23.45,23.25,23.3,0.0,0.0,6662915,155529066,2276,TWSE,common_stock,true,false,false,false,false,false,false,false,true,
2025-06-27,2852,第一保,listed,29.4,29.5,29.1,29.35,0.05,0.1706,463522,13575749,254,TWSE,common_stock,true,false,false,false,false,false,false,false,true,
2025-06-27,2855,統一證,listed,22.3,22.75,22.3,22.75,0.5,2.2472,3070565,69308315,1471,TWSE,etf,false,true,false,false,false,false,false,false,false,security_type=etf
2025-06-27,2867,三商壽,listed,5.08,5.08,5.01,5.03,-0.02,-0.396,3317375,16734708,994,TWSE,common_stock,true,false,false,false,false,false,false,false,true,
2025-06-27,2880,華南金,listed,27.25,27.7,27.25,27.5,0.3,1.1029,26743267,735250267,6575,TWSE,common_stock,true,false,false,false,false,false,false,false,true,
2025-06-27,2881,富邦金,listed,85.9,86.3,85.1,86.1,0.0,0.0,42650415,3695255158,12327,TWSE,etf,false,true,false,false,false,false,false,false,false,security_type=etf
2025-06-27,2881A,富邦特,listed,64.3,64.4,64.3,64.3,0.0,0.0,47328,3044144,38,TWSE,etf,false,true,true,false,false,false,false,false,false,security_type=etf;symbol_not_4_digit
2025-06-27,2881B,富邦金乙特,listed,62.3,62.4,62.2,62.4,0.0,0.0,77243,4811936,28,TWSE,etf,false,true,true,false,false,false,false,false,false,security_type=etf;symbol_not_4_digit
2025-06-27,2881C,富邦金丙特,listed,52.7,52.7,52.5,52.6,-0.4,-0.7547,27122,1426456,30,TWSE,etf,false,true,true,false,false,false,false,false,false,security_type=etf;symbol_not_4_digit
2025-06-27,2882,國泰金,listed,66.5,67.9,66.0,67.9,1.2,1.7991,84631551,5681169452,25076,TWSE,etf,false,true,false,false,false,false,false,false,false,security_type=etf
2025-06-27,2882A,國泰特,listed,62.3,62.4,62.2,62.4,0.1,0.1605,202250,12598752,107,TWSE,etf,false,true,true,false,false,false,false,false,false,security_type=etf;symbol_not_4_digit
2025-06-27,2882B,國泰金乙特,listed,61.1,61.2,61.0,61.2,0.0,0.0,127116,7763976,38,TWSE,etf,false,true,true,false,false,false,false,false,false,security_type=etf;symbol_not_4_digit
2025-06-27,2883,凱基金,listed,16.3,16.35,16.1,16.1,-0.3,-1.8293,144368462,2338040650,22695,TWSE,etf,false,true,false,false,false,false,false,false,false,security_type=etf
2025-06-27,2883B,凱基金乙特,listed,7.75,7.75,7.72,7.75,0.0,0.0,2968794,22978444,366,TWSE,etf,false,true,true,false,false,false,false,false,false,security_type=etf;symbol_not_4_digit
2025-06-27,2884,玉山金,listed,32.2,33.0,32.2,33.0,0.6,1.8519,50345926,1649749759,14142,TWSE,common_stock,true,false,false,false,false,false,false,false,true,
2025-06-27,2885,元大金,listed,33.85,33.9,33.55,33.7,-0.15,-0.4431,39278960,1325505111,9260,TWSE,etf,false,true,false,false,false,false,false,false,false,security_type=etf
2025-06-27,2886,兆豐金,listed,40.8,41.3,40.75,41.15,0.2,0.4884,30618581,1255520296,9296,TWSE,etf,false,true,false,false,false,false,false,false,false,security_type=etf
2025-06-27,2887,台新新光金,listed,15.9,16.05,15.85,15.95,0.1,0.6309,48801646,777398022,7844,TWSE,common_stock,true,false,false,false,false,false,false,false,true,
2025-06-27,2887E,台新新光戊特一,listed,50.3,50.4,50.3,50.3,0.0,0.0,62247,3131930,33,TWSE,warrant,false,false,true,false,false,false,false,false,false,security_type=warrant;symbol_not_4_digit
2025-06-27,2887F,台新新光戊特二,listed,45.65,45.75,45.65,45.7,0.05,0.1095,24217,1106686,11,TWSE,warrant,false,false,true,false,false,false,false,false,false,security_type=warrant;symbol_not_4_digit
2025-06-27,2887Z1,台新新光己特,listed,15.7,15.7,15.65,15.65,-0.05,-0.3185,89582,1404140,47,TWSE,warrant,false,false,true,false,false,false,false,false,false,security_type=warrant;symbol_not_4_digit
2025-06-27,2888,新光金,listed,11.6,11.65,11.55,11.6,0.0,0.0,142859856,1715404081,4676,TWSE,common_stock,true,false,false,false,false,false,false,false,true,
2025-06-27,2888A,新光金甲特,listed,37.7,37.7,37.5,37.55,-0.15,-0.3979,165049,6203156,59,TWSE,warrant,false,false,true,false,false,false,false,false,false,security_type=warrant;symbol_not_4_digit
2025-06-27,2888B,新光金乙特,listed,37.9,37.95,37.75,37.9,0.0,0.0,628515,23828041,210,TWSE,warrant,false,false,true,false,false,false,false,false,false,security_type=warrant;symbol_not_4_digit
2025-06-27,2889,國票金,listed,13.45,13.7,13.45,13.55,0.1,0.7435,5947066,80550157,1823,TWSE,common_stock,true,false,false,false,false,false,false,false,true,
2025-06-27,2890,永豐金,listed,24.35,24.4,24.1,24.3,0.0,0.0,30212015,732336147,7246,TWSE,etf,false,true,false,false,false,false,false,false,false,security_type=etf
2025-06-27,2891,中信金,listed,44.3,44.75,44.25,44.5,0.2,0.4515,49995762,2223355884,18700,TWSE,etf,false,true,false,false,false,false,false,false,false,security_type=etf
2025-06-27,2891B,中信金乙特,listed,63.4,63.6,63.4,63.6,0.0,0.0,54087,3429310,9,TWSE,etf,false,true,true,false,false,false,false,false,false,security_type=etf;symbol_not_4_digit
2025-06-27,2891C,中信金丙特,listed,59.6,59.8,59.6,59.8,0.0,0.0,2687,160192,32,TWSE,etf,false,true,true,false,false,false,false,false,false,security_type=etf;symbol_not_4_digit
2025-06-27,2892,第一金,listed,28.4,28.9,28.4,28.9,0.3,1.049,44280080,1273931474,8927,TWSE,common_stock,true,false,false,false,false,false,false,false,true,
2025-06-27,2897,王道銀行,listed,9.28,9.32,9.25,9.28,0.01,0.1079,2871504,26660506,832,TWSE,common_stock,true,false,false,false,false,false,false,false,true,
2025-06-27,2897B,王道銀乙特,listed,11.9,11.95,11.9,11.95,0.05,0.4202,17115,204273,8,TWSE,warrant,false,false,true,false,false,false,false,false,false,security_type=warrant;symbol_not_4_digit
2025-06-27,2901,欣欣,listed,27.55,27.55,26.6,27.1,0.1,0.3704,22992,620848,46,TWSE,common_stock,true,false,false,false,false,false,false,false,true,
2025-06-27,2903,遠百,listed,21.35,21.9,21.35,21.9,0.55,2.5761,2465619,53552057,1313,TWSE,common_stock,true,false,false,false,false,false,false,false,true,
2025-06-27,2904,匯僑,listed,18.4,18.4,18.25,18.3,-0.1,-0.5435,21432,393082,27,TWSE,common_stock,true,false,false,false,false,false,false,false,true,
2025-06-27,2905,三商,listed,12.5,12.65,12.45,12.5,0.05,0.4016,511638,6426356,317,TWSE,common_stock,true,false,false,false,false,false,false,false,true,
2025-06-27,2906,高林,listed,15.9,16.15,15.75,15.85,0.0,0.0,200770,3190109,145,TWSE,common_stock,true,false,false,false,false,false,false,false,true,
2025-06-27,2908,特力,listed,20.05,20.05,19.6,19.85,-0.1,-0.5013,535774,10603317,201,TWSE,common_stock,true,false,false,false,false,false,false,false,true,
2025-06-27,2910,統領,listed,22.35,22.65,21.8,22.6,0.2,0.8929,31489,702116,29,TWSE,common_stock,true,false,false,false,false,false,false,false,true,
2025-06-27,2911,麗嬰房,listed,5.45,5.49,5.44,5.46,0.01,0.1835,45796,249878,62,TWSE,common_stock,true,false,false,false,false,false,false,false,true,
2025-06-27,2912,統一超,listed,257.5,260.5,257.5,260.0,1.5,0.5803,925045,240265142,1204,TWSE,etf,false,true,false,false,false,false,false,false,false,security_type=etf
2025-06-27,2913,農林,listed,15.45,16.25,15.45,15.8,0.45,2.9316,4928545,78361082,2281,TWSE,common_stock,true,false,false,false,false,false,false,false,true,
2025-06-27,2915,潤泰全,listed,53.8,54.3,53.7,54.1,0.3,0.5576,1625715,87839477,1177,TWSE,common_stock,true,false,false,false,false,false,false,false,true,
2025-06-27,2923,鼎固-KY,listed,25.4,25.95,24.55,25.9,0.9,3.6,193000,4905148,216,TWSE,common_stock,true,false,false,false,false,false,false,false,true,
2025-06-27,2929,淘帝-KY,listed,9.13,9.3,9.13,9.18,0.09,0.9901,501328,4624239,327,TWSE,common_stock,true,false,false,false,false,false,false,false,true,
2025-06-27,2939,永邑-KY,listed,29.5,30.0,29.05,29.9,0.4,1.3559,12272,362593,38,TWSE,common_stock,true,false,false,false,false,false,false,false,true,
2025-06-27,2945,三商家購,listed,39.9,39.9,39.45,39.75,0.5,1.2739,9410,373540,20,TWSE,warrant,false,false,true,false,false,false,false,false,false,security_type=warrant
2025-06-27,3002,歐格,listed,13.6,13.85,13.6,13.75,0.1,0.7326,132579,1811640,61,TWSE,common_stock,true,false,false,false,false,false,false,false,true,
2025-06-27,3003,健和興,listed,51.1,51.4,50.8,51.0,0.0,0.0,214213,10939112,186,TWSE,common_stock,true,false,false,false,false,false,false,false,true,
2025-06-27,3004,豐達科,listed,137.0,137.0,133.0,134.0,-1.0,-0.7407,564592,75992241,672,TWSE,common_stock,true,false,false,false,false,false,false,false,true,
2025-06-27,3005,神基,listed,114.0,115.5,111.5,113.0,0.0,0.0,4985802,563506168,3660,TWSE,common_stock,true,false,false,false,false,false,false,false,true,
2025-06-27,3006,晶豪科,listed,57.0,57.1,55.2,55.5,-0.9,-1.5957,1546594,86540214,1203,TWSE,common_stock,true,false,false,false,false,false,false,false,true,
2025-06-27,3008,大立光,listed,2340.0,2360.0,2315.0,2360.0,30.0,1.2876,528084,1236430020,1521,TWSE,common_stock,true,false,false,false,false,false,false,false,true,
2025-06-27,3010,華立,listed,94.2,95.0,93.1,95.0,1.2,1.2793,1021238,96183732,1473,TWSE,common_stock,true,false,false,false,false,false,false,false,true,
2025-06-27,3011,今皓,listed,11.75,12.05,11.6,11.95,0.1,0.8439,263555,3142124,168,TWSE,common_stock,true,false,false,false,false,false,false,false,true,
2025-06-27,3013,晟銘電,listed,132.0,133.0,129.0,132.5,1.5,1.145,10505625,1377452888,7383,TWSE,common_stock,true,false,false,false,false,false,false,false,true,
2025-06-27,3014,聯陽,listed,140.0,141.0,138.0,141.0,2.5,1.8051,1283513,179996421,1224,TWSE,common_stock,true,false,false,false,false,false,false,false,true,
2025-06-27,3015,全漢,listed,57.6,57.6,56.2,56.5,-0.7,-1.2238,503155,28562313,499,TWSE,common_stock,true,false,false,false,false,false,false,false,true,
2025-06-27,3016,嘉晶,listed,34.5,34.5,33.0,33.3,-1.2,-3.4783,1167715,39279130,920,TWSE,common_stock,true,false,false,false,false,false,false,false,true,
2025-06-27,3017,奇鋐,listed,742.0,743.0,731.0,737.0,-1.0,-0.1355,4019238,2961572815,5320,TWSE,common_stock,true,false,false,false,false,false,false,false,true,
2025-06-27,3018,隆銘綠能,listed,19.95,20.1,19.95,19.95,0.0,0.0,15338,306800,30,TWSE,common_stock,true,false,false,false,false,false,false,false,true,
2025-06-27,3019,亞光,listed,142.5,143.0,138.0,138.0,-3.0,-2.1277,9704545,1355350448,8298,TWSE,common_stock,true,false,false,false,false,false,false,false,true,
2025-06-27,3021,鴻名,listed,18.25,18.25,17.85,18.2,0.0,0.0,123323,2227249,93,TWSE,common_stock,true,false,false,false,false,false,false,false,true,
2025-06-27,3022,威強電,listed,79.3,79.6,78.3,78.9,0.2,0.2541,639714,50471183,587,TWSE,common_stock,true,false,false,false,false,false,false,false,true,
2025-06-27,3023,信邦,listed,218.5,219.5,216.5,218.0,-0.5,-0.2288,2162740,471311731,2030,TWSE,common_stock,true,false,false,false,false,false,false,false,true,
2025-06-27,3024,憶聲,listed,13.75,14.0,13.7,13.9,0.25,1.8315,802232,11109895,317,TWSE,common_stock,true,false,false,false,false,false,false,false,true,
2025-06-27,3025,星通,listed,49.95,49.95,49.2,49.3,-0.45,-0.9045,122743,6063031,138,TWSE,common_stock,true,false,false,false,false,false,false,false,true,
2025-06-27,3026,禾伸堂,listed,77.8,78.3,77.5,78.3,0.9,1.1628,186484,14535751,215,TWSE,common_stock,true,false,false,false,false,false,false,false,true,
2025-06-27,3027,盛達,listed,31.1,31.4,31.05,31.05,0.0,0.0,237245,7403798,186,TWSE,common_stock,true,false,false,false,false,false,false,false,true,
2025-06-27,3028,增你強,listed,34.15,34.15,33.85,34.0,0.05,0.1473,293475,9971849,223,TWSE,common_stock,true,false,false,false,false,false,false,false,true,
2025-06-27,3029,零壹,listed,108.0,110.0,107.0,108.5,1.5,1.4019,1356689,147671381,1406,TWSE,common_stock,true,false,false,false,false,false,false,false,true,
2025-06-27,3030,德律,listed,149.5,152.5,144.0,149.5,1.5,1.0135,12417207,1843391656,9197,TWSE,common_stock,true,false,false,false,false,false,false,false,true,
2025-06-27,3031,佰鴻,listed,17.95,18.05,17.9,17.95,0.1,0.5602,124972,2248387,102,TWSE,common_stock,true,false,false,false,false,false,false,false,true,
2025-06-27,3032,偉訓,listed,86.5,87.1,83.5,87.0,0.5,0.578,8557813,735018105,5863,TWSE,common_stock,true,false,false,false,false,false,false,false,true,
2025-06-27,3033,威健,listed,33.55,33.9,33.5,33.85,0.35,1.0448,874759,29534060,648,TWSE,common_stock,true,false,false,false,false,false,false,false,true,
2025-06-27,3034,聯詠,listed,528.0,543.0,528.0,539.0,8.0,1.5066,3736530,2016199669,3753,TWSE,common_stock,true,false,false,false,false,false,false,false,true,
2025-06-27,3035,智原,listed,184.0,190.0,183.5,184.5,2.0,1.0959,14088603,2627840454,14459,TWSE,common_stock,true,false,false,false,false,false,false,false,true,
2025-06-27,3036,文曄,listed,136.0,154.0,132.0,133.5,-6.5,-4.6429,60556757,8704415022,35348,TWSE,common_stock,true,false,false,false,false,false,false,false,true,
2025-06-27,3036A,文曄甲特,listed,51.3,51.4,51.3,51.4,0.2,0.3906,64323,3304940,44,TWSE,warrant,false,false,true,false,false,false,false,false,false,security_type=warrant;symbol_not_4_digit
2025-06-27,3037,欣興,listed,114.0,115.0,110.5,113.0,-1.0,-0.8772,21443953,2419369859,12586,TWSE,common_stock,true,false,false,false,false,false,false,false,true,
2025-06-27,3038,全台,listed,22.4,22.6,22.35,22.55,0.2,0.8949,138911,3123420,126,TWSE,common_stock,true,false,false,false,false,false,false,false,true,
2025-06-27,3040,遠見,listed,63.5,65.4,63.4,65.4,0.0,0.0,1708113,110527035,1386,TWSE,common_stock,true,false,false,false,false,false,false,false,true,
2025-06-27,3041,揚智,listed,25.6,25.8,25.3,25.75,0.25,0.9804,320594,8209025,340,TWSE,common_stock,true,false,false,false,false,false,false,false,true,
2025-06-27,3042,晶技,listed,85.0,86.1,84.4,86.1,2.3,2.7446,2107298,180272926,1958,TWSE,common_stock,true,false,false,false,false,false,false,false,true,
2025-06-27,3043,科風,listed,23.3,23.45,22.95,23.2,0.0,0.0,48679,1131581,57,TWSE,common_stock,true,false,false,false,false,false,false,false,true,
2025-06-27,3044,健鼎,listed,244.0,252.5,241.0,245.5,2.5,1.0288,4412996,1085040602,7514,TWSE,common_stock,true,false,false,false,false,false,false,false,true,
2025-06-27,3045,台灣大,listed,114.5,116.0,114.0,116.0,2.0,1.7544,10590057,1221256584,3896,TWSE,common_stock,true,false,false,false,false,false,false,false,true,
2025-06-27,3046,建碁,listed,50.8,50.8,50.2,50.6,-0.2,-0.3937,107609,5428303,177,TWSE,common_stock,true,false,false,false,false,false,false,false,true,
2025-06-27,3047,訊舟,listed,18.6,18.6,18.25,18.5,0.05,0.271,793715,14588065,501,TWSE,common_stock,true,false,false,false,false,false,false,false,true,
2025-06-27,3048,益登,listed,27.2,27.35,26.9,26.9,-0.3,-1.1029,613682,16595629,557,TWSE,common_stock,true,false,false,false,false,false,false,false,true,
2025-06-27,3049,精金,listed,6.17,6.24,6.12,6.19,0.07,1.1438,785097,4850978,481,TWSE,common_stock,true,false,false,false,false,false,false,false,true,
2025-06-27,3050,鈺德,listed,13.25,13.35,13.1,13.35,0.2,1.5209,413511,5460870,240,TWSE,common_stock,true,false,false,false,false,false,false,false,true,
2025-06-27,3051,力特,listed,27.0,27.4,26.8,26.9,0.0,0.0,261302,7086286,231,TWSE,common_stock,true,false,false,false,false,false,false,false,true,
2025-06-27,3052,夆典,listed,13.6,13.7,13.4,13.6,0.15,1.1152,587933,7956464,249,TWSE,common_stock,true,false,false,false,false,false,false,false,true,
2025-06-27,3054,立萬利,listed,23.8,23.9,23.25,23.9,0.15,0.6316,19122,454049,24,TWSE,common_stock,true,false,false,false,false,false,false,false,true,
2025-06-27,3055,蔚華科,listed,65.1,65.5,63.8,64.0,-0.3,-0.4666,738594,47640241,772,TWSE,common_stock,true,false,false,false,false,false,false,false,true,
2025-06-27,3056,富華新,listed,33.85,33.95,33.55,33.85,0.25,0.744,1120190,37804117,887,TWSE,common_stock,true,false,false,false,false,false,false,false,true,
2025-06-27,3057,喬鼎,listed,10.9,10.9,10.4,10.6,-0.3,-2.7523,262342,2790764,230,TWSE,common_stock,true,false,false,false,false,false,false,false,true,
2025-06-27,3058,立德,listed,9.99,10.05,9.93,9.93,-0.07,-0.7,522054,5208485,376,TWSE,common_stock,true,false,false,false,false,false,false,false,true,
2025-06-27,3059,華晶科,listed,40.7,40.7,39.85,39.95,-0.15,-0.3741,1530023,61406178,1164,TWSE,common_stock,true,false,false,false,false,false,false,false,true,
2025-06-27,3060,銘異,listed,22.3,22.6,22.1,22.1,-0.1,-0.4505,446231,9966483,320,TWSE,common_stock,true,false,false,false,false,false,false,false,true,
2025-06-27,3062,建漢,listed,24.65,25.0,24.35,24.95,0.35,1.4228,4193584,104035865,2001,TWSE,common_stock,true,false,false,false,false,false,false,false,true,
2025-06-27,3090,日電貿,listed,77.0,79.1,75.4,75.4,0.6,0.8021,4966129,381948088,3674,TWSE,common_stock,true,false,false,false,false,false,false,false,true,
2025-06-27,3092,鴻碩,listed,18.6,18.9,18.6,18.8,0.3,1.6216,92963,1740687,90,TWSE,common_stock,true,false,false,false,false,false,false,false,true,
2025-06-27,3094,聯傑,listed,25.65,25.75,25.15,25.3,-0.25,-0.9785,296085,7536075,178,TWSE,common_stock,true,false,false,false,false,false,false,false,true,
2025-06-27,3130,一零四,listed,229.5,231.0,229.5,231.0,1.5,0.6536,31680,7294329,177,TWSE,common_stock,true,false,false,false,false,false,false,false,true,
2025-06-27,3138,耀登,listed,86.7,87.3,85.5,85.7,-1.3,-1.4943,65308,5636533,110,TWSE,common_stock,true,false,false,false,false,false,false,false,true,
2025-06-27,3149,正達,listed,33.15,33.4,32.9,33.05,0.15,0.4559,1322903,43754038,839,TWSE,common_stock,true,false,false,false,false,false,false,false,true,
2025-06-27,3150,鈺寶-創,listed,22.7,22.95,22.6,22.6,0.0,0.0,17000,386050,14,TWSE,common_stock,true,false,false,false,false,false,false,false,true,
2025-06-27,3164,景岳,listed,20.35,20.55,20.0,20.55,0.05,0.2439,33067,674934,52,TWSE,common_stock,true,false,false,false,false,false,false,false,true,
2025-06-27,3167,大量,listed,123.5,124.5,121.5,122.0,-0.5,-0.4082,7518779,922939167,5138,TWSE,common_stock,true,false,false,false,false,false,false,false,true,
2025-06-27,3168,眾福科,listed,44.05,44.85,43.6,44.85,0.05,0.1116,28419,1262401,27,TWSE,common_stock,true,false,false,false,false,false,false,false,true,
2025-06-27,3189,景碩,listed,85.6,85.8,84.4,85.2,0.4,0.4717,2157064,182936730,1702,TWSE,common_stock,true,false,false,false,false,false,false,false,true,
2025-06-27,3209,全科,listed,37.65,37.9,37.5,37.65,0.05,0.133,279296,10513484,331,TWSE,common_stock,true,false,false,false,false,false,false,false,true,
2025-06-27,3229,晟鈦,listed,14.0,14.35,13.95,14.35,0.35,2.5,22224,311071,28,TWSE,common_stock,true,false,false,false,false,false,false,false,true,
2025-06-27,3231,緯創,listed,125.0,125.5,120.5,121.0,-4.0,-3.2,62641467,7615947351,32817,TWSE,common_stock,true,false,false,false,false,false,false,false,true,
2025-06-27,3257,虹冠電,listed,61.9,62.1,59.9,59.9,-1.1,-1.8033,642582,38938517,900,TWSE,common_stock,true,false,false,false,false,false,false,false,true,
2025-06-27,3266,昇陽,listed,15.7,15.7,15.5,15.5,0.05,0.3236,56033,872730,39,TWSE,common_stock,true,false,false,false,false,false,false,false,true,
2025-06-27,3296,勝德,listed,18.8,20.35,18.8,19.95,1.45,7.8378,736442,14653960,517,TWSE,common_stock,true,false,false,false,false,false,false,false,true,
2025-06-27,3305,昇貿,listed,58.5,58.8,57.9,58.4,0.5,0.8636,378974,22140945,313,TWSE,common_stock,true,false,false,false,false,false,false,false,true,
2025-06-27,3308,聯德,listed,18.5,18.55,17.9,18.05,-0.1,-0.551,94563,1729357,97,TWSE,common_stock,true,false,false,false,false,false,false,false,true,
2025-06-27,3311,閎暉,listed,32.65,32.7,32.15,32.25,-0.25,-0.7692,136260,4413976,242,TWSE,common_stock,true,false,false,false,false,false,false,false,true,
2025-06-27,3312,弘憶股,listed,49.9,51.5,49.25,50.1,0.6,1.2121,1450089,72902760,1121,TWSE,common_stock,true,false,false,false,false,false,false,false,true,
2025-06-27,3321,同泰,listed,6.1,6.2,6.06,6.18,-0.04,-0.6431,56446,343176,71,TWSE,common_stock,true,false,false,false,false,false,false,false,true,
2025-06-27,3338,泰碩,listed,53.4,53.7,52.7,52.9,-0.4,-0.7505,170559,9050527,192,TWSE,common_stock,true,false,false,false,false,false,false,false,true,
2025-06-27,3346,麗清,listed,25.4,25.9,25.0,25.05,0.0,0.0,430295,10890131,376,TWSE,common_stock,true,false,false,false,false,false,false,false,true,
2025-06-27,3356,奇偶,listed,50.1,50.1,49.55,49.65,-0.35,-0.7,155008,7721538,262,TWSE,common_stock,true,false,false,false,false,false,false,false,true,
2025-06-27,3376,新日興,listed,225.0,226.0,217.5,219.5,-2.5,-1.1261,8789243,1942744137,7381,TWSE,common_stock,true,false,false,false,false,false,false,false,true,
2025-06-27,3380,明泰,listed,29.25,29.45,29.05,29.3,0.1,0.3425,558791,16351121,439,TWSE,common_stock,true,false,false,false,false,false,false,false,true,
2025-06-27,3406,玉晶光,listed,411.0,417.5,411.0,415.0,6.5,1.5912,894371,371425965,1167,TWSE,common_stock,true,false,false,false,false,false,false,false,true,
2025-06-27,3413,京鼎,listed,304.0,304.5,300.0,302.5,-1.0,-0.3295,669723,202549503,948,TWSE,common_stock,true,false,false,false,false,false,false,false,true,
2025-06-27,3416,融程電,listed,140.0,141.0,138.5,138.5,-0.5,-0.3597,328163,45741246,321,TWSE,common_stock,true,false,false,false,false,false,false,false,true,
2025-06-27,3419,譁裕,listed,13.1,13.15,12.95,12.95,-0.05,-0.3846,37782,491772,50,TWSE,common_stock,true,false,false,false,false,false,false,false,true,
2025-06-27,3432,台端,listed,15.2,15.2,14.6,14.8,-0.4,-2.6316,7619,113926,11,TWSE,common_stock,true,false,false,false,false,false,false,false,true,
2025-06-27,3437,榮創,listed,15.4,15.4,15.25,15.4,0.15,0.9836,101395,1558454,122,TWSE,common_stock,true,false,false,false,false,false,false,false,true,
2025-06-27,3443,創意,listed,1240.0,1335.0,1220.0,1305.0,90.0,7.4074,6046289,7784901825,11772,TWSE,common_stock,true,false,false,false,false,false,false,false,true,
2025-06-27,3447,展達,listed,49.0,49.95,47.55,47.55,-0.85,-1.7562,524228,25368791,515,TWSE,common_stock,true,false,false,false,false,false,false,false,true,
2025-06-27,3450,聯鈞,listed,219.0,220.5,212.0,214.5,-1.5,-0.6944,11013643,2364756545,8651,TWSE,common_stock,true,false,false,false,false,false,false,false,true,
2025-06-27,3454,晶睿,listed,110.0,110.0,108.5,109.0,-0.5,-0.4566,158975,17381715,152,TWSE,common_stock,true,false,false,false,false,false,false,false,true,
2025-06-27,3481,群創,listed,12.1,12.3,11.85,12.0,0.4,3.4483,100746842,1212615653,21694,TWSE,common_stock,true,false,false,false,false,false,false,false,true,
2025-06-27,3494,誠研,listed,14.05,14.15,14.0,14.1,0.05,0.3559,42815,601640,41,TWSE,common_stock,true,false,false,false,false,false,false,false,true,
2025-06-27,3501,維熹,listed,60.4,60.6,59.1,59.3,-0.6,-1.0017,704843,42262622,509,TWSE,common_stock,true,false,false,false,false,false,false,false,true,
2025-06-27,3504,揚明光,listed,46.7,46.8,46.1,46.15,-0.35,-0.7527,131582,6103603,130,TWSE,common_stock,true,false,false,false,false,false,false,false,true,
2025-06-27,3515,華擎,listed,244.0,250.0,238.5,249.5,10.0,4.1754,2647766,652770519,2782,TWSE,common_stock,true,false,false,false,false,false,false,false,true,
2025-06-27,3518,柏騰,listed,16.05,16.25,15.9,15.95,-0.05,-0.3125,128966,2063864,99,TWSE,common_stock,true,false,false,false,false,false,false,false,true,
2025-06-27,3528,安馳,listed,76.2,81.3,75.9,77.0,1.3,1.7173,3307965,260420533,2717,TWSE,common_stock,true,false,false,false,false,false,false,false,true,
2025-06-27,3530,晶相光,listed,59.5,61.4,59.4,60.4,1.0,1.6835,95914,5821170,116,TWSE,common_stock,true,false,false,false,false,false,false,false,true,
2025-06-27,3532,台勝科,listed,80.7,81.0,79.0,80.4,0.2,0.2494,508582,40834213,803,TWSE,common_stock,true,false,false,false,false,false,false,false,true,
2025-06-27,3533,嘉澤,listed,1370.0,1385.0,1355.0,1360.0,5.0,0.369,523471,716137375,1139,TWSE,common_stock,true,false,false,false,false,false,false,false,true,
2025-06-27,3535,晶彩科,listed,43.0,47.1,42.9,47.1,4.25,9.9183,10710426,491526203,6881,TWSE,common_stock,true,false,false,false,false,false,false,false,true,
2025-06-27,3543,州巧,listed,19.75,20.3,19.65,20.2,0.1,0.4975,62265,1244675,55,TWSE,common_stock,true,false,false,false,false,false,false,false,true,
2025-06-27,3545,敦泰,listed,62.8,68.9,62.7,67.2,4.5,7.177,7196755,481502735,5910,TWSE,common_stock,true,false,false,false,false,false,false,false,true,
2025-06-27,3550,聯穎,listed,14.55,14.7,14.3,14.35,-0.2,-1.3746,190507,2750509,137,TWSE,common_stock,true,false,false,false,false,false,false,false,true,
2025-06-27,3557,嘉威,listed,45.9,46.25,45.4,46.15,-0.05,-0.1082,130862,5989504,113,TWSE,common_stock,true,false,false,false,false,false,false,false,true,
2025-06-27,3563,牧德,listed,557.0,558.0,544.0,544.0,-8.0,-1.4493,748292,411374639,1240,TWSE,common_stock,true,false,false,false,false,false,false,false,true,
2025-06-27,3576,聯合再生,listed,6.66,6.72,6.56,6.6,0.0,0.0,2447032,16179892,1159,TWSE,common_stock,true,false,false,false,false,false,false,false,true,
2025-06-27,3583,辛耘,listed,360.0,364.5,350.0,354.0,0.0,0.0,1349132,481809468,2138,TWSE,common_stock,true,false,false,false,false,false,false,false,true,
2025-06-27,3588,通嘉,listed,47.8,48.15,47.1,47.35,0.35,0.7447,83261,3954837,94,TWSE,common_stock,true,false,false,false,false,false,false,false,true,
2025-06-27,3591,艾笛森,listed,18.45,18.55,18.25,18.45,0.15,0.8197,150919,2781679,154,TWSE,common_stock,true,false,false,false,false,false,false,false,true,
2025-06-27,3592,瑞鼎,listed,366.5,368.0,361.0,368.0,4.0,1.0989,559435,204243414,547,TWSE,common_stock,true,false,false,false,false,false,false,false,true,
2025-06-27,3593,力銘,listed,7.3,7.38,7.3,7.3,0.0,0.0,12022,88154,29,TWSE,common_stock,true,false,false,false,false,false,false,false,true,
2025-06-27,3596,智易,listed,198.0,202.5,196.5,199.5,2.0,1.0127,2527367,503901896,1877,TWSE,common_stock,true,false,false,false,false,false,false,false,true,
2025-06-27,3605,宏致,listed,58.8,59.1,57.3,58.7,0.4,0.6861,3355950,195497843,2541,TWSE,common_stock,true,false,false,false,false,false,false,false,true,
2025-06-27,3607,谷崧,listed,15.6,15.75,15.2,15.2,-0.15,-0.9772,136371,2093880,142,TWSE,common_stock,true,false,false,false,false,false,false,false,true,
2025-06-27,3617,碩天,listed,269.0,271.0,253.5,253.5,-8.0,-3.0593,1383621,359634454,1721,TWSE,common_stock,true,false,false,false,false,false,false,false,true,
2025-06-27,3622,洋華,listed,52.9,53.6,52.6,52.9,0.0,0.0,121103,6436136,119,TWSE,common_stock,true,false,false,false,false,false,false,false,true,
2025-06-27,3645,達邁,listed,60.1,61.5,59.5,60.4,1.2,2.027,4510897,272716018,3370,TWSE,common_stock,true,false,false,false,false,false,false,false,true,
2025-06-27,3652,精聯,listed,29.0,29.35,28.6,28.7,-0.05,-0.1739,139031,4025920,98,TWSE,common_stock,true,false,false,false,false,false,false,false,true,
2025-06-27,3653,健策,listed,1485.0,1505.0,1475.0,1500.0,10.0,0.6711,752946,1122340305,984,TWSE,common_stock,true,false,false,false,false,false,false,false,true,
2025-06-27,3661,世芯-KY,listed,2915.0,3100.0,2875.0,3000.0,120.0,4.1667,5643375,16954317155,20019,TWSE,common_stock,true,false,false,false,false,false,false,false,true,
2025-06-27,3665,貿聯-KY,listed,815.0,816.0,799.0,809.0,6.0,0.7472,2078159,1679525529,2554,TWSE,common_stock,true,false,false,false,false,false,false,false,true,
2025-06-27,3669,圓展,listed,33.2,33.4,32.75,33.1,0.0,0.0,72089,2379298,87,TWSE,common_stock,true,false,false,false,false,false,false,false,true,
2025-06-27,3673,TPK-KY,listed,31.8,32.25,31.55,31.7,-0.05,-0.1575,810571,25806118,638,TWSE,common_stock,true,false,false,false,false,false,false,false,true,
2025-06-27,3679,新至陞,listed,129.5,130.0,128.5,129.5,0.0,0.0,125950,16297491,98,TWSE,common_stock,true,false,false,false,false,false,false,false,true,
2025-06-27,3686,達能,listed,16.55,16.75,16.2,16.4,-0.15,-0.9063,497036,8160181,217,TWSE,common_stock,true,false,false,false,false,false,false,false,true,
2025-06-27,3694,海華,listed,59.1,59.6,58.5,59.0,0.5,0.8547,1997157,118199751,1396,TWSE,common_stock,true,false,false,false,false,false,false,false,true,
2025-06-27,3701,大眾控,listed,33.3,33.3,32.8,33.0,0.25,0.7634,165364,5454285,147,TWSE,common_stock,true,false,false,false,false,false,false,false,true,
2025-06-27,3702,大聯大,listed,68.3,69.2,67.7,68.9,0.4,0.5839,6713056,461248495,4232,TWSE,common_stock,true,false,false,false,false,false,false,false,true,
2025-06-27,3703,欣陸,listed,23.3,23.65,23.25,23.3,0.0,0.0,527658,12349322,403,TWSE,common_stock,true,false,false,false,false,false,false,false,true,
2025-06-27,3704,合勤控,listed,28.25,28.25,27.95,28.0,0.15,0.5386,752293,21127475,509,TWSE,common_stock,true,false,false,false,false,false,false,false,true,
2025-06-27,3705,永信,listed,60.4,60.5,59.6,60.2,0.0,0.0,580627,34860879,473,TWSE,common_stock,true,false,false,false,false,false,false,false,true,
2025-06-27,3706,神達,listed,67.4,67.4,65.6,65.7,-1.2,-1.7937,29021763,1923139369,15467,TWSE,common_stock,true,false,false,false,false,false,false,false,true,
2025-06-27,3708,上緯投控,listed,72.1,72.4,71.4,71.9,0.5,0.7003,216047,15511389,280,TWSE,common_stock,true,false,false,false,false,false,false,false,true,
2025-06-27,3711,日月光投控,listed,151.0,152.0,148.5,150.0,-2.5,-1.6393,20832642,3125622540,9175,TWSE,common_stock,true,false,false,false,false,false,false,false,true,
2025-06-27,3712,永崴投控,listed,47.35,47.45,46.85,47.2,0.35,0.7471,737851,34840370,622,TWSE,common_stock,true,false,false,false,false,false,false,false,true,
2025-06-27,3714,富采,listed,36.1,36.9,36.1,36.5,0.55,1.5299,2686988,98214991,1632,TWSE,common_stock,true,false,false,false,false,false,false,false,true,
2025-06-27,3715,定穎投控,listed,47.7,48.15,46.0,46.3,-1.9,-3.9419,9920922,465541953,6458,TWSE,common_stock,true,false,false,false,false,false,false,false,true,
2025-06-27,3716,中化控股,listed,36.3,36.5,36.0,36.35,0.05,0.1377,123300,4479164,116,TWSE,common_stock,true,false,false,false,false,false,false,false,true,
2025-06-27,4104,佳醫,listed,85.0,85.0,84.8,84.9,0.2,0.2361,43018,3654242,151,TWSE,common_stock,true,false,false,false,false,false,false,false,true,
2025-06-27,4106,雃博,listed,22.15,22.45,22.1,22.15,-0.2,-0.8949,25789,573178,197,TWSE,common_stock,true,false,false,false,false,false,false,false,true,
2025-06-27,4108,懷特,listed,13.95,14.05,13.95,13.95,0.0,0.0,56175,785520,75,TWSE,common_stock,true,false,false,false,false,false,false,false,true,
2025-06-27,4119,旭富,listed,64.1,65.3,64.1,64.7,0.6,0.936,83367,5398808,155,TWSE,common_stock,true,false,false,false,false,false,false,false,true,
2025-06-27,4133,亞諾法,listed,27.85,27.85,27.05,27.15,-0.75,-2.6882,292177,7984964,400,TWSE,common_stock,true,false,false,false,false,false,false,false,true,
2025-06-27,4137,麗豐-KY,listed,117.0,118.0,117.0,117.5,0.5,0.4274,67337,7892132,88,TWSE,common_stock,true,false,false,false,false,false,false,false,true,
2025-06-27,4142,國光生,listed,16.75,16.9,16.75,16.9,0.15,0.8955,627699,10576491,323,TWSE,common_stock,true,false,false,false,false,false,false,false,true,
2025-06-27,4148,全宇生技-KY,listed,43.35,43.45,43.35,43.45,0.1,0.2307,4211,183036,8,TWSE,common_stock,true,false,false,false,false,false,false,false,true,
2025-06-27,4155,訊映,listed,16.8,16.8,16.5,16.7,0.0,0.0,61225,1017363,149,TWSE,common_stock,true,false,false,false,false,false,false,false,true,
2025-06-27,4164,承業醫,listed,46.75,47.2,45.15,45.35,-1.05,-2.2629,2027145,92870480,1371,TWSE,common_stock,true,false,false,false,false,false,false,false,true,
2025-06-27,4190,佐登-KY,listed,34.05,36.2,34.0,35.05,0.05,0.1429,22168,774955,108,TWSE,common_stock,true,false,false,false,false,false,false,false,true,
2025-06-27,4306,炎洲,listed,15.95,16.05,15.9,16.0,0.15,0.9464,871496,13902306,505,TWSE,common_stock,true,false,false,false,false,false,false,false,true,
2025-06-27,4414,如興,listed,3.12,3.19,3.12,3.14,0.01,0.3195,341632,1072589,106,TWSE,common_stock,true,false,false,false,false,false,false,false,true,
2025-06-27,4426,利勤,listed,10.6,10.6,10.35,10.45,0.05,0.4808,122449,1286884,99,TWSE,common_stock,true,false,false,false,false,false,false,false,true,
2025-06-27,4438,廣越,listed,78.5,79.3,78.3,78.6,0.1,0.1274,19211,1511008,25,TWSE,common_stock,true,false,false,false,false,false,false,false,true,
2025-06-27,4439,冠星-KY,listed,91.0,92.0,87.5,92.0,2.5,2.7933,33246,3021704,36,TWSE,common_stock,true,false,false,false,false,false,false,false,true,
2025-06-27,4440,宜新實業,listed,16.95,16.95,16.65,16.7,-0.15,-0.8902,24247,405654,26,TWSE,common_stock,true,false,false,false,false,false,false,false,true,
2025-06-27,4526,東台,listed,26.6,26.6,25.85,25.9,-0.35,-1.3333,1390820,36170624,786,TWSE,common_stock,true,false,false,false,false,false,false,false,true,
2025-06-27,4532,瑞智,listed,24.6,24.8,24.5,24.6,-0.05,-0.2028,1227034,30236499,784,TWSE,common_stock,true,false,false,false,false,false,false,false,true,
2025-06-27,4536,拓凱,listed,187.0,187.5,186.5,187.0,0.5,0.2681,126142,23592437,168,TWSE,common_stock,true,false,false,false,false,false,false,false,true,
2025-06-27,4540,全球傳動,listed,40.5,40.5,38.35,38.5,-1.3,-3.2663,1304780,50891738,1222,TWSE,common_stock,true,false,false,false,false,false,false,false,true,
2025-06-27,4545,銘鈺,listed,33.4,33.4,31.95,32.3,0.15,0.4666,87411,2822359,93,TWSE,common_stock,true,false,false,false,false,false,false,false,true,
2025-06-27,4551,智伸科,listed,126.0,126.0,122.5,123.5,-3.0,-2.3715,1218995,151232671,1424,TWSE,common_stock,true,false,false,false,false,false,false,false,true,
2025-06-27,4552,力達-KY,listed,23.05,23.2,22.9,23.2,0.15,0.6508,69402,1597554,44,TWSE,common_stock,true,false,false,false,false,false,false,false,true,
2025-06-27,4555,氣立,listed,35.65,37.8,35.65,35.8,0.0,0.0,272310,9937021,277,TWSE,common_stock,true,false,false,false,false,false,false,false,true,
2025-06-27,4557,永新-KY,listed,101.5,102.0,100.5,101.5,0.0,0.0,78258,7916282,102,TWSE,common_stock,true,false,false,false,false,false,false,false,true,
2025-06-27,4560,強信-KY,listed,39.0,39.55,38.8,39.2,-0.2,-0.5076,313201,12261706,133,TWSE,common_stock,true,false,false,false,false,false,false,false,true,
2025-06-27,4562,穎漢,listed,59.5,59.9,57.8,58.2,-1.1,-1.855,1809801,105853953,1469,TWSE,common_stock,true,false,false,false,false,false,false,false,true,
2025-06-27,4564,元翎,listed,16.55,16.85,16.4,16.45,-0.1,-0.6042,712942,11818995,511,TWSE,common_stock,true,false,false,false,false,false,false,false,true,
2025-06-27,4566,時碩工業,listed,61.0,64.9,60.4,61.3,0.8,1.3223,3991028,248549508,2815,TWSE,common_stock,true,false,false,false,false,false,false,false,true,
2025-06-27,4569,六方科-KY,listed,153.0,154.0,151.0,151.5,-3.5,-2.2581,46085,7021759,87,TWSE,common_stock,true,false,false,false,false,false,false,false,true,
2025-06-27,4571,鈞興-KY,listed,175.5,176.0,170.0,173.0,-2.5,-1.4245,3114252,538311521,3009,TWSE,common_stock,true,false,false,false,false,false,false,false,true,
2025-06-27,4572,駐龍,listed,165.5,166.5,164.5,164.5,-0.5,-0.303,67593,11156014,94,TWSE,common_stock,true,false,false,false,false,false,false,false,true,
2025-06-27,4576,大銀微系統,listed,126.0,126.5,121.0,121.5,-3.5,-2.8,2668407,328901105,3400,TWSE,common_stock,true,false,false,false,false,false,false,false,true,
2025-06-27,4581,光隆精密-KY,listed,53.2,54.0,53.2,54.0,0.5,0.9346,17300,929180,17,TWSE,common_stock,true,false,false,false,false,false,false,false,true,
2025-06-27,4583,台灣精銳,listed,862.0,862.0,820.0,821.0,-26.0,-3.0697,1108358,926035913,2731,TWSE,common_stock,true,false,false,false,false,false,false,false,true,
2025-06-27,4588,玖鼎電力,listed,74.8,74.8,72.8,73.4,0.4,0.5479,60655,4479805,137,TWSE,common_stock,true,false,false,false,false,false,false,false,true,
2025-06-27,4720,德淵,listed,16.15,16.25,16.0,16.1,0.0,0.0,232282,3737410,132,TWSE,common_stock,true,false,false,false,false,false,false,false,true,
2025-06-27,4722,國精化,listed,67.9,69.7,66.2,69.6,1.9,2.8065,3418717,233708179,2015,TWSE,common_stock,true,false,false,false,false,false,false,false,true,
2025-06-27,4736,泰博,listed,127.5,127.5,126.0,127.5,1.5,1.1905,119463,15160619,154,TWSE,common_stock,true,false,false,false,false,false,false,false,true,
2025-06-27,4737,華廣,listed,74.6,76.4,74.5,74.8,-0.4,-0.5319,66483,4985896,51,TWSE,common_stock,true,false,false,false,false,false,false,false,true,
2025-06-27,4739,康普,listed,55.4,57.8,53.4,55.3,1.9,3.5581,7899048,441565941,5450,TWSE,common_stock,true,false,false,false,false,false,false,false,true,
2025-06-27,4746,台耀,listed,69.3,69.9,68.8,69.1,-0.2,-0.2886,129679,8989284,145,TWSE,common_stock,true,false,false,false,false,false,false,false,true,
2025-06-27,4755,三福化,listed,112.5,114.5,112.5,113.0,0.0,0.0,151939,17178217,196,TWSE,common_stock,true,false,false,false,false,false,false,false,true,
2025-06-27,4764,雙鍵,listed,41.85,43.5,41.8,43.5,0.95,2.2327,8695,373638,24,TWSE,common_stock,true,false,false,false,false,false,false,false,true,
2025-06-27,4766,南寶,listed,312.0,312.5,307.0,307.0,-2.5,-0.8078,217615,67065129,439,TWSE,common_stock,true,false,false,false,false,false,false,false,true,
2025-06-27,4770,上品,listed,259.5,260.5,251.5,254.5,-2.5,-0.9728,1023038,262542588,1071,TWSE,common_stock,true,false,false,false,false,false,false,false,true,
2025-06-27,4771,望隼,listed,183.0,188.0,182.0,184.0,0.0,0.0,64451,11952222,72,TWSE,common_stock,true,false,false,false,false,false,false,false,true,
2025-06-27,4807,日成-KY,listed,16.35,16.35,16.05,16.05,-0.15,-0.9259,34182,553870,33,TWSE,common_stock,true,false,false,false,false,false,false,false,true,
2025-06-27,4904,遠傳,listed,89.0,89.3,88.3,89.3,1.0,1.1325,8629078,767497826,4042,TWSE,common_stock,true,false,false,false,false,false,false,false,true,
2025-06-27,4906,正文,listed,26.35,26.75,26.15,26.55,0.3,1.1429,1788958,47327686,948,TWSE,common_stock,true,false,false,false,false,false,false,false,true,
2025-06-27,4912,聯德控股-KY,listed,81.1,81.6,80.0,80.0,-1.1,-1.3564,115950,9342879,119,TWSE,common_stock,true,false,false,false,false,false,false,false,true,
2025-06-27,4915,致伸,listed,73.0,73.8,72.2,73.8,1.1,1.5131,3394697,248470294,2082,TWSE,common_stock,true,false,false,false,false,false,false,false,true,
2025-06-27,4916,事欣科,listed,42.15,42.35,41.45,41.45,-0.75,-1.7773,2024859,84523687,1519,TWSE,common_stock,true,false,false,false,false,false,false,false,true,
2025-06-27,4919,新唐,listed,74.7,75.5,74.1,75.2,0.8,1.0753,1021545,76620158,898,TWSE,common_stock,true,false,false,false,false,false,false,false,true,
2025-06-27,4927,泰鼎-KY,listed,23.35,23.85,23.2,23.2,0.0,0.0,1067469,24969963,672,TWSE,common_stock,true,false,false,false,false,false,false,false,true,
2025-06-27,4930,燦星網,listed,23.45,23.85,23.25,23.6,0.35,1.5054,54954,1294243,71,TWSE,common_stock,true,false,false,false,false,false,false,false,true,
2025-06-27,4934,太極,listed,11.7,11.75,11.5,11.55,-0.05,-0.431,299866,3472846,175,TWSE,common_stock,true,false,false,false,false,false,false,false,true,
2025-06-27,4935,茂林-KY,listed,39.95,40.0,39.5,39.85,-0.15,-0.375,54443,2166719,47,TWSE,common_stock,true,false,false,false,false,false,false,false,true,
2025-06-27,4938,和碩,listed,75.3,75.9,75.1,75.7,0.5,0.6649,10967610,828183425,5410,TWSE,common_stock,true,false,false,false,false,false,false,false,true,
2025-06-27,4942,嘉彰,listed,38.7,38.8,38.3,38.8,0.1,0.2584,81564,3150798,89,TWSE,common_stock,true,false,false,false,false,false,false,false,true,
2025-06-27,4943,康控-KY,listed,9.45,9.6,9.15,9.6,0.12,1.2658,37542,347271,43,TWSE,common_stock,true,false,false,false,false,false,false,false,true,
2025-06-27,4949,有成精密,listed,57.9,59.0,56.5,56.5,-0.2,-0.3527,8328085,478098681,5519,TWSE,common_stock,true,false,false,false,false,false,false,false,true,
2025-06-27,4952,凌通,listed,40.9,41.3,40.6,41.0,0.2,0.4902,110737,4536791,193,TWSE,common_stock,true,false,false,false,false,false,false,false,true,
2025-06-27,4956,光鋐,listed,26.65,26.65,26.0,26.2,-0.1,-0.3802,289433,7574950,264,TWSE,common_stock,true,false,false,false,false,false,false,false,true,
2025-06-27,4958,臻鼎-KY,listed,99.4,100.5,98.0,100.5,1.8,1.8237,4860061,486098857,3159,TWSE,common_stock,true,false,false,false,false,false,false,false,true,
2025-06-27,4960,誠美材,listed,13.8,13.8,13.55,13.75,0.05,0.365,1463797,20031867,869,TWSE,common_stock,true,false,false,false,false,false,false,false,true,
2025-06-27,4961,天鈺,listed,216.5,228.5,214.5,226.5,12.5,5.8411,2724030,611268294,3222,TWSE,common_stock,true,false,false,false,false,false,false,false,true,
2025-06-27,4967,十銓,listed,75.1,75.7,74.4,74.9,-0.1,-0.1333,623652,46738704,583,TWSE,common_stock,true,false,false,false,false,false,false,false,true,
2025-06-27,4968,立積,listed,122.0,123.5,121.0,121.5,1.0,0.8299,1021953,124776781,1105,TWSE,common_stock,true,false,false,false,false,false,false,false,true,
2025-06-27,4976,佳凌,listed,29.7,29.7,28.65,29.35,-0.15,-0.5085,306677,8932064,345,TWSE,common_stock,true,false,false,false,false,false,false,false,true,
2025-06-27,4977,眾達-KY,listed,94.3,94.3,91.5,92.4,-0.7,-0.7519,1779566,164452519,1618,TWSE,common_stock,true,false,false,false,false,false,false,false,true,
2025-06-27,4989,榮科,listed,15.9,16.15,15.65,15.75,-0.05,-0.3165,313046,4965066,228,TWSE,common_stock,true,false,false,false,false,false,false,false,true,
2025-06-27,4994,傳奇,listed,94.4,94.5,93.0,94.5,0.0,0.0,42702,4005229,102,TWSE,common_stock,true,false,false,false,false,false,false,false,true,
2025-06-27,4999,鑫禾,listed,24.35,24.45,24.2,24.3,0.0,0.0,49732,1208001,121,TWSE,common_stock,true,false,false,false,false,false,false,false,true,
2025-06-27,5007,三星,listed,53.8,53.8,53.0,53.7,0.0,0.0,104920,5598272,97,TWSE,common_stock,true,false,false,false,false,false,false,false,true,
2025-06-27,5203,訊連,listed,106.5,108.0,105.0,105.5,-1.0,-0.939,195493,20722537,177,TWSE,common_stock,true,false,false,false,false,false,false,false,true,
2025-06-27,5215,科嘉-KY,listed,37.55,37.95,36.7,37.8,-0.1,-0.2639,21816,820708,28,TWSE,common_stock,true,false,false,false,false,false,false,false,true,
2025-06-27,5222,全訊,listed,113.5,115.0,112.0,113.5,0.5,0.4425,133219,15121099,179,TWSE,common_stock,true,false,false,false,false,false,false,false,true,
2025-06-27,5225,東科-KY,listed,83.8,84.4,83.5,84.3,0.7,0.8373,236444,19842428,244,TWSE,common_stock,true,false,false,false,false,false,false,false,true,
2025-06-27,5234,達興材料,listed,282.0,283.0,268.5,274.0,-7.5,-2.6643,1878011,514941935,2673,TWSE,common_stock,true,false,false,false,false,false,false,false,true,
2025-06-27,5243,乙盛-KY,listed,57.3,57.7,56.5,56.7,-0.5,-0.8741,449706,25636380,442,TWSE,common_stock,true,false,false,false,false,false,false,false,true,
2025-06-27,5244,弘凱,listed,47.3,47.4,46.1,46.45,-0.6,-1.2752,1174510,54608607,1037,TWSE,common_stock,true,false,false,false,false,false,false,false,true,
2025-06-27,5258,虹堡,listed,62.5,62.5,61.4,62.3,-0.3,-0.4792,223788,13849711,282,TWSE,common_stock,true,false,false,false,false,false,false,false,true,
2025-06-27,5269,祥碩,listed,1960.0,1975.0,1925.0,1940.0,-5.0,-0.2571,504867,984824310,892,TWSE,common_stock,true,false,false,false,false,false,false,false,true,
2025-06-27,5283,禾聯碩,listed,80.1,80.8,80.1,80.5,-0.1,-0.1241,47111,3789745,103,TWSE,common_stock,true,false,false,false,false,false,false,false,true,
2025-06-27,5284,jpp-KY,listed,198.0,199.0,194.0,195.5,-2.5,-1.2626,902889,177335050,1668,TWSE,common_stock,true,false,false,false,false,false,false,false,true,
2025-06-27,5285,界霖,listed,49.9,50.4,48.6,49.0,-0.9,-1.8036,145410,7143854,272,TWSE,common_stock,true,false,false,false,false,false,false,false,true,
2025-06-27,5288,豐祥-KY,listed,137.5,138.0,135.5,137.0,-1.0,-0.7246,94279,12911578,107,TWSE,common_stock,true,false,false,false,false,false,false,false,true,
2025-06-27,5292,華懋,listed,152.0,154.5,152.0,154.5,2.0,1.3115,20982,3210844,43,TWSE,common_stock,true,false,false,false,false,false,false,false,true,
2025-06-27,5306,桂盟,listed,93.0,94.5,93.0,94.4,2.0,2.1645,179029,16855572,464,TWSE,common_stock,true,false,false,false,false,false,false,false,true,
2025-06-27,5388,中磊,listed,100.0,101.0,98.6,98.6,-1.4,-1.4,2226419,221127743,1697,TWSE,common_stock,true,false,false,false,false,false,false,false,true,
2025-06-27,5434,崇越,listed,280.0,280.0,276.0,280.0,0.0,0.0,669631,186656294,810,TWSE,common_stock,true,false,false,false,false,false,false,false,true,
2025-06-27,5469,瀚宇博,listed,62.0,62.8,61.3,61.6,0.3,0.4894,9910715,614891703,8387,TWSE,common_stock,true,false,false,false,false,false,false,false,true,
2025-06-27,5471,松翰,listed,33.1,33.55,33.05,33.5,0.45,1.3616,220708,7358231,245,TWSE,common_stock,true,false,false,false,false,false,false,false,true,
2025-06-27,5484,慧友,listed,37.65,38.4,37.2,37.55,0.0,0.0,206118,7736708,191,TWSE,common_stock,true,false,false,false,false,false,false,false,true,
2025-06-27,5515,建國,listed,27.4,27.45,27.1,27.25,0.05,0.1838,268118,7317182,499,TWSE,common_stock,true,false,false,false,false,false,false,false,true,
2025-06-27,5519,隆大,listed,30.2,30.35,29.95,30.2,0.15,0.4992,199010,6015494,183,TWSE,common_stock,true,false,false,false,false,false,false,false,true,
2025-06-27,5521,工信,listed,12.0,12.1,11.95,11.95,0.0,0.0,759021,9112302,268,TWSE,common_stock,true,false,false,false,false,false,false,false,true,
2025-06-27,5522,遠雄,listed,65.5,65.5,63.9,65.3,0.5,0.7716,783545,50602609,674,TWSE,common_stock,true,false,false,false,false,false,false,false,true,
2025-06-27,5525,順天,listed,33.35,33.35,32.6,32.9,-0.25,-0.7541,45830,1516426,48,TWSE,common_stock,true,false,false,false,false,false,false,false,true,
2025-06-27,5531,鄉林,listed,9.47,9.47,9.37,9.4,0.03,0.3202,580160,5452165,303,TWSE,common_stock,true,false,false,false,false,false,false,false,true,
2025-06-27,5533,皇鼎,listed,17.1,17.2,17.05,17.15,0.05,0.2924,70265,1202213,76,TWSE,common_stock,true,false,false,false,false,false,false,false,true,
2025-06-27,5534,長虹,listed,86.0,86.4,84.7,85.6,0.1,0.117,554222,47413461,579,TWSE,common_stock,true,false,false,false,false,false,false,false,true,
2025-06-27,5538,東明-KY,listed,31.75,31.75,31.25,31.25,0.25,0.8065,26403,833572,30,TWSE,common_stock,true,false,false,false,false,false,false,false,true,
2025-06-27,5546,永固-KY,listed,30.3,30.3,29.7,30.0,-0.3,-0.9901,9200,276179,11,TWSE,common_stock,true,false,false,false,false,false,false,false,true,
2025-06-27,5607,遠雄港,listed,41.9,42.25,41.7,41.8,0.05,0.1198,247806,10411541,253,TWSE,common_stock,true,false,false,false,false,false,false,false,true,
2025-06-27,5608,四維航,listed,15.85,16.0,15.65,15.65,-0.1,-0.6349,591195,9308509,378,TWSE,common_stock,true,false,false,false,false,false,false,false,true,
2025-06-27,5706,鳳凰,listed,62.8,64.0,61.1,63.2,1.0,1.6077,1303506,82350218,1165,TWSE,common_stock,true,false,false,false,false,false,false,false,true,
2025-06-27,5871,中租-KY,listed,125.0,126.5,125.0,126.5,1.5,1.2,4450847,560803090,3527,TWSE,common_stock,true,false,false,false,false,false,false,false,true,
2025-06-27,5871A,中租-KY甲特,listed,101.5,102.0,101.5,102.0,0.0,0.0,114042,11594313,41,TWSE,warrant,false,false,true,false,false,false,false,false,false,security_type=warrant;symbol_not_4_digit
2025-06-27,5876,上海商銀,listed,47.45,47.5,46.75,46.95,-0.55,-1.1579,11050746,519288512,5679,TWSE,common_stock,true,false,false,false,false,false,false,false,true,
2025-06-27,5880,合庫金,listed,24.75,25.0,24.75,25.0,0.1,0.4016,10477227,261155034,3973,TWSE,common_stock,true,false,false,false,false,false,false,false,true,
2025-06-27,5906,台南-KY,listed,48.0,49.85,48.0,49.75,0.65,1.3238,8180,403738,9,TWSE,common_stock,true,false,false,false,false,false,false,false,true,
2025-06-27,5907,大洋-KY,listed,6.6,6.6,6.47,6.47,-0.09,-1.372,218819,1425841,150,TWSE,common_stock,true,false,false,false,false,false,false,false,true,
2025-06-27,6005,群益證,listed,20.25,20.55,19.95,19.95,-0.2,-0.9926,17106934,344470398,5433,TWSE,etf,false,true,false,false,false,false,false,false,false,security_type=etf
2025-06-27,6024,群益期,listed,47.6,47.9,47.6,47.85,0.45,0.9494,120092,5744997,159,TWSE,etf,false,true,false,false,false,false,false,false,false,security_type=etf
2025-06-27,6108,競國,listed,14.05,14.05,13.55,13.9,-0.05,-0.3584,145127,2002141,140,TWSE,common_stock,true,false,false,false,false,false,false,false,true,
2025-06-27,6112,邁達特,listed,50.9,51.5,49.9,49.95,-0.45,-0.8929,1382227,70008058,1103,TWSE,common_stock,true,false,false,false,false,false,false,false,true,
2025-06-27,6115,鎰勝,listed,51.8,52.2,51.8,52.0,-0.1,-0.1919,63445,3299664,60,TWSE,common_stock,true,false,false,false,false,false,false,false,true,
2025-06-27,6116,彩晶,listed,7.32,7.47,7.27,7.33,0.17,2.3743,8512059,62697777,2937,TWSE,common_stock,true,false,false,false,false,false,false,false,true,
2025-06-27,6117,迎廣,listed,95.8,96.3,93.8,94.4,-0.8,-0.8403,1206883,114226169,1155,TWSE,common_stock,true,false,false,false,false,false,false,false,true,
2025-06-27,6120,達運,listed,10.95,11.05,10.9,10.9,0.05,0.4608,467740,5130200,280,TWSE,common_stock,true,false,false,false,false,false,false,false,true,
2025-06-27,6128,上福,listed,30.4,30.5,30.3,30.4,0.0,0.0,47042,1431098,49,TWSE,common_stock,true,false,false,false,false,false,false,false,true,
2025-06-27,6133,金橋,listed,14.15,14.4,14.1,14.15,0.05,0.3546,225569,3213674,160,TWSE,common_stock,true,false,false,false,false,false,false,false,true,
2025-06-27,6136,富爾特,listed,24.0,24.1,23.95,23.95,-0.05,-0.2083,88057,2113504,88,TWSE,common_stock,true,false,false,false,false,false,false,false,true,
2025-06-27,6139,亞翔,listed,334.0,334.5,306.5,309.5,-24.5,-7.3353,17346702,5475492067,17728,TWSE,common_stock,true,false,false,false,false,false,false,false,true,
2025-06-27,6141,柏承,listed,12.7,12.9,12.45,12.45,0.0,0.0,1108705,13986486,588,TWSE,common_stock,true,false,false,false,false,false,false,false,true,
2025-06-27,6142,友勁,listed,9.55,9.55,9.37,9.44,-0.01,-0.1058,291740,2761400,143,TWSE,common_stock,true,false,false,false,false,false,false,false,true,
2025-06-27,6152,百一,listed,8.75,8.75,8.46,8.55,0.04,0.47,261196,2235105,164,TWSE,common_stock,true,false,false,false,false,false,false,false,true,
2025-06-27,6153,嘉聯益,listed,14.05,14.45,13.55,13.9,0.15,1.0909,32265565,449406580,11425,TWSE,common_stock,true,false,false,false,false,false,false,false,true,
2025-06-27,6155,鈞寶,listed,22.6,22.7,22.35,22.4,-0.05,-0.2227,35850,806599,41,TWSE,common_stock,true,false,false,false,false,false,false,false,true,
2025-06-27,6164,華興,listed,11.0,11.05,10.9,11.0,0.05,0.4566,84327,925538,117,TWSE,common_stock,true,false,false,false,false,false,false,false,true,
2025-06-27,6165,浪凡,listed,57.2,58.5,57.1,57.1,0.2,0.3515,952560,54930675,807,TWSE,common_stock,true,false,false,false,false,false,false,false,true,
2025-06-27,6166,凌華,listed,63.3,64.0,62.7,63.2,0.3,0.4769,326501,20629382,313,TWSE,common_stock,true,false,false,false,false,false,false,false,true,
2025-06-27,6168,宏齊,listed,16.1,16.2,16.0,16.1,0.05,0.3115,182010,2936723,143,TWSE,common_stock,true,false,false,false,false,false,false,false,true,
2025-06-27,6176,瑞儀,listed,135.5,138.0,135.0,137.5,2.0,1.476,2925578,398793185,2046,TWSE,common_stock,true,false,false,false,false,false,false,false,true,
2025-06-27,6177,達麗,listed,48.6,49.3,48.5,48.8,0.6,1.2448,777152,37941445,622,TWSE,common_stock,true,false,false,false,false,false,false,false,true,
2025-06-27,6183,關貿,listed,93.8,93.8,91.7,92.8,-0.4,-0.4292,33809,3127023,53,TWSE,common_stock,true,false,false,false,false,false,false,false,true,
2025-06-27,6184,大豐電,listed,50.9,51.0,50.8,50.9,0.1,0.1969,143654,7311367,100,TWSE,common_stock,true,false,false,false,false,false,false,false,true,
2025-06-27,6189,豐藝,listed,75.6,75.9,74.7,75.1,-0.4,-0.5298,1343781,101085157,1685,TWSE,common_stock,true,false,false,false,false,false,false,false,true,
2025-06-27,6191,精成科,listed,81.9,88.6,81.4,88.6,8.0,9.9256,62362023,5424839935,29481,TWSE,common_stock,true,false,false,false,false,false,false,false,true,
2025-06-27,6192,巨路,listed,97.6,97.8,96.9,97.2,-0.3,-0.3077,91975,8952442,114,TWSE,common_stock,true,false,false,false,false,false,false,false,true,
2025-06-27,6196,帆宣,listed,190.0,190.0,185.5,188.0,-0.5,-0.2653,968760,181689676,1315,TWSE,common_stock,true,false,false,false,false,false,false,false,true,
2025-06-27,6197,佳必琪,listed,144.5,149.5,141.5,142.5,2.0,1.4235,3508619,507641083,2966,TWSE,common_stock,true,false,false,false,false,false,false,false,true,
2025-06-27,6201,亞弘電,listed,60.3,61.1,60.2,61.1,0.1,0.1639,28242,1712300,27,TWSE,common_stock,true,false,false,false,false,false,false,false,true,
2025-06-27,6202,盛群,listed,43.2,43.9,43.2,43.8,0.5,1.1547,416589,18129935,383,TWSE,common_stock,true,false,false,false,false,false,false,false,true,
2025-06-27,6205,詮欣,listed,46.15,46.4,45.7,45.75,-0.4,-0.8667,94380,4340258,84,TWSE,common_stock,true,false,false,false,false,false,false,false,true,
2025-06-27,6206,飛捷,listed,119.5,125.0,118.0,118.0,1.0,0.8547,8443322,1021383154,6585,TWSE,common_stock,true,false,false,false,false,false,false,false,true,
2025-06-27,6209,今國光,listed,25.3,25.55,25.0,25.15,-0.15,-0.5929,361639,9099681,280,TWSE,common_stock,true,false,false,false,false,false,false,false,true,
2025-06-27,6213,聯茂,listed,87.9,89.2,86.8,87.6,0.4,0.4587,6115023,536980029,3876,TWSE,common_stock,true,false,false,false,false,false,false,false,true,
2025-06-27,6214,精誠,listed,104.5,107.0,104.0,106.0,1.5,1.4354,819002,86525168,803,TWSE,common_stock,true,false,false,false,false,false,false,false,true,
2025-06-27,6215,和椿,listed,105.0,106.5,102.0,103.5,-1.0,-0.9569,3708622,383689053,2843,TWSE,common_stock,true,false,false,false,false,false,false,false,true,
2025-06-27,6216,居易,listed,32.0,32.0,31.5,31.9,0.2,0.6309,110325,3514585,85,TWSE,common_stock,true,false,false,false,false,false,false,false,true,
2025-06-27,6224,聚鼎,listed,46.5,47.3,46.25,46.65,-0.6,-1.2698,52436,2453812,79,TWSE,common_stock,true,false,false,false,false,false,false,false,true,
2025-06-27,6225,天瀚,listed,11.65,12.0,11.4,11.4,0.1,0.885,11000,127450,7,TWSE,common_stock,true,false,false,false,false,false,false,false,true,
2025-06-27,6226,光鼎,listed,6.94,7.03,6.88,6.98,0.04,0.5764,56007,389145,58,TWSE,common_stock,true,false,false,false,false,false,false,false,true,
2025-06-27,6230,尼得科超眾,listed,132.0,133.0,131.0,131.0,-0.5,-0.3802,53655,7081279,123,TWSE,common_stock,true,false,false,false,false,false,false,false,true,
2025-06-27,6235,華孚,listed,52.5,52.5,51.7,52.4,0.1,0.1912,339401,17666607,298,TWSE,common_stock,true,false,false,false,false,false,false,false,true,
2025-06-27,6239,力成,listed,132.5,133.5,131.0,132.0,0.5,0.3802,3644113,480860559,3574,TWSE,common_stock,true,false,false,false,false,false,false,false,true,
2025-06-27,6243,迅杰,listed,38.8,39.1,38.3,38.3,-0.1,-0.2604,132893,5126242,142,TWSE,common_stock,true,false,false,false,false,false,false,false,true,
2025-06-27,6257,矽格,listed,81.1,82.3,79.9,82.1,1.3,1.6089,11283805,922334327,6743,TWSE,common_stock,true,false,false,false,false,false,false,false,true,
2025-06-27,6269,台郡,listed,55.4,56.5,54.7,56.0,-0.1,-0.1783,5016328,280125661,3616,TWSE,common_stock,true,false,false,false,false,false,false,false,true,
2025-06-27,6271,同欣電,listed,108.0,110.0,107.5,108.5,2.0,1.8779,1120189,121919880,1189,TWSE,common_stock,true,false,false,false,false,false,false,false,true,
2025-06-27,6277,宏正,listed,59.2,59.7,58.8,59.4,0.6,1.0204,111370,6583114,271,TWSE,common_stock,true,false,false,false,false,false,false,false,true,
2025-06-27,6278,台表科,listed,108.0,108.0,107.0,107.5,0.5,0.4673,913330,98066799,848,TWSE,common_stock,true,false,false,false,false,false,false,false,true,
2025-06-27,6281,全國電,listed,72.0,72.0,71.5,71.8,-0.2,-0.2778,13459,967194,23,TWSE,common_stock,true,false,false,false,false,false,false,false,true,
2025-06-27,6282,康舒,listed,26.7,26.75,26.4,26.7,0.2,0.7547,1354220,36013596,990,TWSE,common_stock,true,false,false,false,false,false,false,false,true,
2025-06-27,6283,淳安,listed,21.75,21.75,20.75,20.8,-0.35,-1.6548,191438,4005636,110,TWSE,common_stock,true,false,false,false,false,false,false,false,true,
2025-06-27,6285,啟碁,listed,123.0,124.5,122.0,122.5,-0.5,-0.4065,2643943,325742965,2006,TWSE,common_stock,true,false,false,false,false,false,false,false,true,
2025-06-27,6288,聯嘉,listed,20.1,20.1,19.85,20.0,0.2,1.0101,242342,4837423,157,TWSE,common_stock,true,false,false,false,false,false,false,false,true,
2025-06-27,6405,悅城,listed,24.8,25.3,24.75,24.8,-0.05,-0.2012,107639,2687457,96,TWSE,common_stock,true,false,false,false,false,false,false,false,true,
2025-06-27,6409,旭隼,listed,1300.0,1325.0,1285.0,1295.0,-5.0,-0.3846,236950,308137250,666,TWSE,common_stock,true,false,false,false,false,false,false,false,true,
2025-06-27,6412,群電,listed,111.5,111.5,106.0,106.0,-3.5,-3.1963,1476192,158950918,1367,TWSE,common_stock,true,false,false,false,false,false,false,false,true,
2025-06-27,6414,樺漢,listed,293.5,294.0,280.0,280.0,0.0,0.0,5126311,1451402742,5251,TWSE,common_stock,true,false,false,false,false,false,false,false,true,
2025-06-27,6415,矽力*-KY,listed,371.5,383.5,368.5,376.0,9.0,2.4523,1968410,743887170,2163,TWSE,common_stock,true,false,false,false,false,false,false,false,true,
2025-06-27,6416,瑞祺電通,listed,91.5,92.2,90.7,91.2,-0.3,-0.3279,106800,9760570,123,TWSE,common_stock,true,false,false,false,false,false,false,false,true,
2025-06-27,6423,億而得-創,listed,95.5,95.5,94.9,95.5,0.6,0.6322,26460,2518593,34,TWSE,common_stock,true,false,false,false,false,false,false,false,true,
2025-06-27,6426,統新,listed,75.9,76.0,73.8,74.2,-0.8,-1.0667,306573,22939254,376,TWSE,common_stock,true,false,false,false,false,false,false,false,true,
2025-06-27,6431,光麗-KY,listed,16.75,17.35,16.6,17.0,0.35,2.1021,594245,10077664,84,TWSE,common_stock,true,false,false,false,false,false,false,false,true,
2025-06-27,6438,迅得,listed,175.0,175.0,170.0,170.0,-2.5,-1.4493,1012740,173700841,1100,TWSE,common_stock,true,false,false,false,false,false,false,false,true,
2025-06-27,6442,光聖,listed,492.0,493.0,471.0,477.0,-4.0,-0.8316,2874175,1380627882,3379,TWSE,common_stock,true,false,false,false,false,false,false,false,true,
2025-06-27,6443,元晶,listed,15.3,15.45,15.15,15.35,0.25,1.6556,2964058,45367639,1531,TWSE,common_stock,true,false,false,false,false,false,false,false,true,
2025-06-27,6446,藥華藥,listed,553.0,555.0,544.0,547.0,-5.0,-0.9058,1076939,590681282,1772,TWSE,common_stock,true,false,false,false,false,false,false,false,true,
2025-06-27,6449,鈺邦,listed,114.0,114.0,112.0,112.5,1.5,1.3514,277423,31290229,251,TWSE,common_stock,true,false,false,false,false,false,false,false,true,
2025-06-27,6451,訊芯-KY,listed,144.0,144.5,142.5,143.0,0.0,0.0,481476,69112292,529,TWSE,common_stock,true,false,false,false,false,false,false,false,true,
2025-06-27,6456,GIS-KY,listed,41.0,41.8,40.9,41.3,0.35,0.8547,487777,20112747,376,TWSE,common_stock,true,false,false,false,false,false,false,false,true,
2025-06-27,6464,台數科,listed,80.9,81.2,80.6,81.2,0.5,0.6196,15733,1274633,21,TWSE,common_stock,true,false,false,false,false,false,false,false,true,
2025-06-27,6472,保瑞,listed,815.0,822.0,811.0,817.0,5.0,0.6158,434212,354898020,1026,TWSE,common_stock,true,false,false,false,false,false,false,false,true,
2025-06-27,6477,安集,listed,29.8,29.8,29.2,29.35,0.0,0.0,144755,4250824,155,TWSE,common_stock,true,false,false,false,false,false,false,false,true,
2025-06-27,6491,晶碩,listed,302.0,303.0,300.0,303.0,0.5,0.1653,105413,31764212,252,TWSE,common_stock,true,false,false,false,false,false,false,false,true,
2025-06-27,6504,南六,listed,61.6,61.6,59.9,61.2,0.7,1.157,53628,3278159,52,TWSE,common_stock,true,false,false,false,false,false,false,false,true,
2025-06-27,6505,台塑化,listed,37.1,37.5,36.65,36.8,-0.05,-0.1357,5453342,202014257,3121,TWSE,common_stock,true,false,false,false,false,false,false,false,true,
2025-06-27,6515,穎崴,listed,1225.0,1245.0,1210.0,1230.0,5.0,0.4082,959134,1182987025,1728,TWSE,common_stock,true,false,false,false,false,false,false,false,true,
2025-06-27,6525,捷敏-KY,listed,67.8,67.8,66.4,66.6,-0.3,-0.4484,85527,5700104,101,TWSE,common_stock,true,false,false,false,false,false,false,false,true,
2025-06-27,6526,達發,listed,537.0,545.0,537.0,541.0,3.0,0.5576,232614,125969693,566,TWSE,common_stock,true,false,false,false,false,false,false,false,true,
2025-06-27,6531,愛普*,listed,293.0,293.0,280.5,282.5,-7.0,-2.418,2586671,739486666,3002,TWSE,common_stock,true,false,false,false,false,false,false,false,true,
2025-06-27,6533,晶心科,listed,275.0,301.0,274.5,299.0,25.0,9.1241,2403796,703522012,6242,TWSE,common_stock,true,false,false,false,false,false,false,false,true,
2025-06-27,6534,正瀚-創,listed,78.0,78.5,76.5,78.5,0.4,0.5122,70012,5388702,40,TWSE,common_stock,true,false,false,false,false,false,false,false,true,
2025-06-27,6541,泰福-KY,listed,52.0,52.8,51.5,52.4,0.5,0.9634,168631,8811454,141,TWSE,common_stock,true,false,false,false,false,false,false,false,true,
2025-06-27,6550,北極星藥業-KY,listed,39.7,39.75,38.95,39.6,0.3,0.7634,414201,16287325,383,TWSE,common_stock,true,false,false,false,false,false,false,false,true,
2025-06-27,6552,易華電,listed,25.5,25.55,25.25,25.45,-0.05,-0.1961,35605,905626,61,TWSE,common_stock,true,false,false,false,false,false,false,false,true,
2025-06-27,6558,興能高,listed,55.8,59.4,53.7,57.3,3.2,5.915,100835067,5687526567,52663,TWSE,common_stock,true,false,false,false,false,false,false,false,true,
2025-06-27,6573,虹揚-KY,listed,9.94,9.94,9.7,9.78,-0.17,-1.7085,22375,220014,27,TWSE,common_stock,true,false,false,false,false,false,false,false,true,
2025-06-27,6579,研揚,listed,124.5,124.5,121.0,122.0,-0.5,-0.4082,45454,5550778,85,TWSE,common_stock,true,false,false,false,false,false,false,false,true,
2025-06-27,6581,鋼聯,listed,109.5,109.5,107.5,107.5,-2.0,-1.8265,35347,3816868,88,TWSE,common_stock,true,false,false,false,false,false,false,false,true,
2025-06-27,6582,申豐,listed,37.05,37.05,35.3,35.4,-1.0,-2.7473,70014,2512995,108,TWSE,common_stock,true,false,false,false,false,false,false,false,true,
2025-06-27,6585,鼎基,listed,119.5,120.5,118.0,120.0,2.0,1.6949,290945,34751316,284,TWSE,common_stock,true,false,false,false,false,false,false,false,true,
2025-06-27,6591,動力-KY,listed,71.0,71.0,68.1,68.7,-1.5,-2.1368,5299157,366843725,4144,TWSE,common_stock,true,false,false,false,false,false,false,false,true,
2025-06-27,6592,和潤企業,listed,69.8,69.8,69.0,69.1,0.0,0.0,153156,10621221,400,TWSE,common_stock,true,false,false,false,false,false,false,false,true,
2025-06-27,6592A,和潤企業甲特,listed,93.6,93.8,93.6,93.8,0.2,0.2137,19360,1815507,22,TWSE,warrant,false,false,true,false,false,false,false,false,false,security_type=warrant;symbol_not_4_digit
2025-06-27,6592B,和潤企業乙特,listed,94.6,94.6,94.5,94.5,-0.1,-0.1057,75238,7110190,33,TWSE,warrant,false,false,true,false,false,false,false,false,false,security_type=warrant;symbol_not_4_digit
2025-06-27,6598,ABC-KY,listed,19.6,19.75,19.6,19.75,0.15,0.7653,20271,398975,43,TWSE,common_stock,true,false,false,false,false,false,false,false,true,
2025-06-27,6605,帝寶,listed,194.5,196.5,191.5,196.0,3.0,1.5544,1571215,305079413,1456,TWSE,common_stock,true,false,false,false,false,false,false,false,true,
2025-06-27,6606,建德工業,listed,24.25,24.85,24.25,24.65,0.0,0.0,81202,1995298,39,TWSE,common_stock,true,false,false,false,false,false,false,false,true,
2025-06-27,6625,必應,listed,91.6,95.9,91.5,93.0,1.6,1.7505,1285415,120236175,2497,TWSE,common_stock,true,false,false,false,false,false,false,false,true,
2025-06-27,6641,基士德-KY,listed,22.7,22.95,22.4,22.95,0.6,2.6846,27033,614741,22,TWSE,common_stock,true,false,false,false,false,false,false,false,true,
2025-06-27,6645,金萬林-創,listed,21.35,21.35,19.7,20.0,0.45,2.3018,35767,735976,31,TWSE,common_stock,true,false,false,false,false,false,false,false,true,
2025-06-27,6655,科定,listed,126.5,128.0,126.5,127.0,0.5,0.3953,7791,988864,19,TWSE,common_stock,true,false,false,false,false,false,false,false,true,
2025-06-27,6657,華安,listed,68.6,70.4,67.5,69.7,1.0,1.4556,1264858,87349869,1058,TWSE,common_stock,true,false,false,false,false,false,false,false,true,
2025-06-27,6658,聯策,listed,89.1,89.3,84.6,84.8,-4.1,-4.6119,4772513,412518094,3862,TWSE,common_stock,true,false,false,false,false,false,false,false,true,
2025-06-27,6666,羅麗芬-KY,listed,40.8,43.45,40.8,43.35,1.85,4.4578,39485,1685581,45,TWSE,common_stock,true,false,false,false,false,false,false,false,true,
2025-06-27,6668,中揚光,listed,49.35,49.6,48.65,49.25,0.45,0.9221,411029,20248582,276,TWSE,common_stock,true,false,false,false,false,false,false,false,true,
2025-06-27,6669,緯穎,listed,2640.0,2645.0,2510.0,2530.0,-90.0,-3.4351,3491634,8933197740,11117,TWSE,common_stock,true,false,false,false,false,false,false,false,true,
2025-06-27,6670,復盛應用,listed,298.5,299.0,294.5,299.0,0.0,0.0,759122,225747719,908,TWSE,common_stock,true,false,false,false,false,false,false,false,true,
2025-06-27,6671,三能-KY,listed,41.0,41.0,39.5,40.5,-0.4,-0.978,26200,1062280,26,TWSE,common_stock,true,false,false,false,false,false,false,false,true,
2025-06-27,6672,騰輝電子-KY,listed,73.2,73.2,71.4,71.4,0.0,0.0,301052,21600090,312,TWSE,common_stock,true,false,false,false,false,false,false,false,true,
2025-06-27,6674,鋐寶科技,listed,27.1,27.85,26.5,26.9,0.15,0.5607,391200,10686958,285,TWSE,common_stock,true,false,false,false,false,false,false,false,true,
2025-06-27,6689,伊雲谷,listed,81.3,81.5,80.1,80.7,0.1,0.1241,148780,12014265,207,TWSE,common_stock,true,false,false,false,false,false,false,false,true,
2025-06-27,6691,洋基工程,listed,444.5,447.5,432.0,432.0,-12.0,-2.7027,1152577,503895430,1919,TWSE,common_stock,true,false,false,false,false,false,false,false,true,
2025-06-27,6695,芯鼎,listed,45.0,45.0,43.55,44.55,0.0,0.0,706290,31334938,678,TWSE,common_stock,true,false,false,false,false,false,false,false,true,
2025-06-27,6698,旭暉應材,listed,30.45,30.45,29.75,30.1,-0.4,-1.3115,147830,4449338,158,TWSE,common_stock,true,false,false,false,false,false,false,false,true,
2025-06-27,6706,惠特,listed,64.0,64.3,61.0,61.6,-2.0,-3.1447,1279620,79516718,1214,TWSE,common_stock,true,false,false,false,false,false,false,false,true,
2025-06-27,6715,嘉基,listed,122.0,122.0,119.0,119.0,0.0,0.0,47631,5724121,64,TWSE,common_stock,true,false,false,false,false,false,false,false,true,
2025-06-27,6719,力智,listed,202.5,210.0,202.5,209.0,6.5,3.2099,535157,111147228,670,TWSE,common_stock,true,false,false,false,false,false,false,false,true,
2025-06-27,6742,澤米,listed,54.7,54.9,53.9,54.2,0.2,0.3704,411158,22348798,345,TWSE,common_stock,true,false,false,false,false,false,false,false,true,
2025-06-27,6743,安普新,listed,30.85,30.85,29.7,30.15,0.0,0.0,82570,2474117,82,TWSE,common_stock,true,false,false,false,false,false,false,false,true,
2025-06-27,6753,龍德造船,listed,100.5,100.5,98.9,99.7,-0.1,-0.1002,285401,28421421,354,TWSE,common_stock,true,false,false,false,false,false,false,false,true,
2025-06-27,6754,匯僑設計,listed,61.8,63.5,61.5,63.0,1.2,1.9417,49298,3095434,62,TWSE,common_stock,true,false,false,false,false,false,false,false,true,
2025-06-27,6756,威鋒電子,listed,104.5,104.5,102.0,102.5,-0.5,-0.4854,52894,5444609,100,TWSE,common_stock,true,false,false,false,false,false,false,false,true,
2025-06-27,6757,台灣虎航,listed,85.5,86.5,85.2,86.4,1.2,1.4085,3375326,290346464,2967,TWSE,common_stock,true,false,false,false,false,false,false,false,true,
2025-06-27,6768,志強-KY,listed,110.0,111.0,107.0,107.5,0.0,0.0,1063941,115309731,892,TWSE,common_stock,true,false,false,false,false,false,false,false,true,
2025-06-27,6770,力積電,listed,15.55,15.75,15.35,15.45,0.05,0.3247,8993203,139583868,3189,TWSE,common_stock,true,false,false,false,false,false,false,false,true,
2025-06-27,6771,平和環保-創,listed,56.5,57.0,56.5,57.0,0.5,0.885,11000,623300,9,TWSE,common_stock,true,false,false,false,false,false,false,false,true,
2025-06-27,6776,展碁國際,listed,58.0,59.0,57.4,58.6,1.2,2.0906,163676,9518129,127,TWSE,common_stock,true,false,false,false,false,false,false,false,true,
2025-06-27,6781,AES-KY,listed,1105.0,1110.0,1050.0,1060.0,-40.0,-3.6364,1326649,1426956315,2231,TWSE,common_stock,true,false,false,false,false,false,false,false,true,
2025-06-27,6782,視陽,listed,181.0,181.0,179.0,180.0,-2.0,-1.0989,92606,16656905,127,TWSE,common_stock,true,false,false,false,false,false,false,false,true,
2025-06-27,6789,采鈺,listed,228.5,235.5,224.0,233.0,0.0,0.0,1969473,451569510,2210,TWSE,common_stock,true,false,false,false,false,false,false,false,true,
2025-06-27,6790,永豐實,listed,42.5,42.65,42.0,42.65,0.3,0.7084,73539,3125991,70,TWSE,etf,false,true,false,false,false,false,false,false,false,security_type=etf
2025-06-27,6792,詠業,listed,52.5,52.8,52.2,52.2,-0.3,-0.5714,32826,1718867,38,TWSE,common_stock,true,false,false,false,false,false,false,false,true,
2025-06-27,6794,向榮生技,listed,62.9,62.9,61.6,62.8,0.6,0.9646,23010,1430830,24,TWSE,common_stock,true,false,false,false,false,false,false,false,true,
2025-06-27,6796,晉弘,listed,82.5,82.5,81.8,82.5,0.0,0.0,21036,1731884,22,TWSE,common_stock,true,false,false,false,false,false,false,false,true,
2025-06-27,6799,來頡,listed,97.9,98.2,96.0,96.3,-1.2,-1.2308,324057,31328644,358,TWSE,common_stock,true,false,false,false,false,false,false,false,true,
2025-06-27,6805,富世達,listed,830.0,835.0,801.0,811.0,-9.0,-1.0976,2290200,1858938254,3437,TWSE,common_stock,true,false,false,false,false,false,false,false,true,
2025-06-27,6806,森崴能源,listed,83.0,83.4,82.2,83.2,0.7,0.8485,667808,55348627,704,TWSE,common_stock,true,false,false,false,false,false,false,false,true,
2025-06-27,6807,峰源-KY,listed,72.0,72.3,71.6,72.2,0.2,0.2778,14300,1029640,16,TWSE,common_stock,true,false,false,false,false,false,false,false,true,
2025-06-27,6830,汎銓,listed,126.0,126.5,122.0,123.5,-2.5,-1.9841,227403,28230842,268,TWSE,common_stock,true,false,false,false,false,false,false,false,true,
2025-06-27,6834,天二科技,listed,31.55,32.0,30.95,31.2,0.15,0.4831,177400,5576159,133,TWSE,common_stock,true,false,false,false,false,false,false,false,true,
2025-06-27,6835,圓裕,listed,47.3,47.7,45.05,45.65,-1.8,-3.7935,734350,34036359,551,TWSE,common_stock,true,false,false,false,false,false,false,false,true,
2025-06-27,6838,台新藥,listed,38.4,40.2,37.85,38.0,0.1,0.2639,2889067,112255783,2246,TWSE,common_stock,true,false,false,false,false,false,false,false,true,
2025-06-27,6854,錼創科技-KY創,listed,182.0,199.5,179.5,197.0,15.5,8.5399,2519307,482988645,4201,TWSE,common_stock,true,false,false,false,false,false,false,false,true,
2025-06-27,6861,睿生光電,listed,47.7,48.5,47.6,47.8,0.05,0.1047,37025,1781562,50,TWSE,common_stock,true,false,false,false,false,false,false,false,true,
2025-06-27,6862,三集瑞-KY,listed,146.0,147.5,142.5,142.5,-2.5,-1.7241,118238,17062914,485,TWSE,common_stock,true,false,false,false,false,false,false,false,true,
2025-06-27,6863,永道-KY,listed,157.5,160.0,157.0,158.0,0.5,0.3175,113193,17900915,354,TWSE,common_stock,true,false,false,false,false,false,false,false,true,
2025-06-27,6869,雲豹能源,listed,170.5,170.5,166.0,166.5,-2.5,-1.4793,924326,154818611,1246,TWSE,common_stock,true,false,false,false,false,false,false,false,true,
2025-06-27,6873,泓德能源,listed,242.5,243.5,235.5,236.0,-6.5,-2.6804,1479952,352198820,2127,TWSE,common_stock,true,false,false,false,false,false,false,false,true,
2025-06-27,6885,全福生技,listed,34.0,36.4,34.0,34.25,0.65,1.9345,1647002,57238349,1251,TWSE,common_stock,true,false,false,false,false,false,false,false,true,
2025-06-27,6887,寶綠特-KY,listed,83.9,83.9,82.8,83.7,-0.2,-0.2384,23350,1946465,24,TWSE,common_stock,true,false,false,false,false,false,false,false,true,
2025-06-27,6890,來億-KY,listed,292.0,293.5,284.0,284.5,-3.5,-1.2153,1117282,321382829,1350,TWSE,common_stock,true,false,false,false,false,false,false,false,true,
2025-06-27,6901,鑽石投資,listed,21.15,21.15,20.6,20.6,-0.25,-1.199,459965,9534714,310,TWSE,common_stock,true,false,false,false,false,false,false,false,true,
2025-06-27,6902,GOGOLOOK,listed,82.1,82.3,80.6,80.6,-2.0,-2.4213,144129,11720533,293,TWSE,common_stock,true,false,false,false,false,false,false,false,true,
2025-06-27,6906,現觀科,listed,135.5,135.5,132.5,133.0,-1.0,-0.7463,21955,2935698,47,TWSE,common_stock,true,false,false,false,false,false,false,false,true,
2025-06-27,6909,創控,listed,48.9,48.9,46.4,46.9,-1.55,-3.1992,673592,31778533,464,TWSE,common_stock,true,false,false,false,false,false,false,false,true,
2025-06-27,6914,阜爾運通,listed,149.0,149.0,147.0,149.0,1.0,0.6757,82427,12217716,87,TWSE,common_stock,true,false,false,false,false,false,false,false,true,
2025-06-27,6916,華凌,listed,20.85,22.1,20.75,21.1,0.4,1.9324,304293,6517264,247,TWSE,common_stock,true,false,false,false,false,false,false,false,true,
2025-06-27,6918,愛派司,listed,101.5,101.5,100.0,100.0,-0.5,-0.4975,206097,20700119,256,TWSE,common_stock,true,false,false,false,false,false,false,false,true,
2025-06-27,6919,康霈*,listed,1300.0,1355.0,1270.0,1335.0,75.0,5.9524,2273200,2992831915,6136,TWSE,common_stock,true,false,false,false,false,false,false,false,true,
2025-06-27,6923,中台,listed,80.2,80.5,80.0,80.1,-0.1,-0.1247,65340,5237728,48,TWSE,common_stock,true,false,false,false,false,false,false,false,true,
2025-06-27,6924,榮惠-KY創,listed,71.5,71.5,70.0,70.9,-1.9,-2.6099,6037,428686,8,TWSE,common_stock,true,false,false,false,false,false,false,false,true,
2025-06-27,6928,攸泰科技,listed,44.8,44.8,44.1,44.45,-0.55,-1.2222,28843,1280943,42,TWSE,common_stock,true,false,false,false,false,false,false,false,true,
2025-06-27,6931,青松健康,listed,52.3,56.0,52.2,53.3,0.9,1.7176,144397,7679447,134,TWSE,common_stock,true,false,false,false,false,false,false,false,true,
2025-06-27,6933,AMAX-KY,listed,133.0,133.0,124.5,129.0,-4.0,-3.0075,114873,14812996,366,TWSE,common_stock,true,false,false,false,false,false,false,false,true,
2025-06-27,6936,永鴻生技,listed,38.45,38.85,38.15,38.5,0.05,0.13,247391,9532144,175,TWSE,common_stock,true,false,false,false,false,false,false,false,true,
2025-06-27,6937,天虹,listed,224.0,233.5,222.5,227.0,4.0,1.7937,1078301,244966759,1131,TWSE,common_stock,true,false,false,false,false,false,false,false,true,
2025-06-27,6944,兆聯實業,listed,441.0,448.0,430.5,430.5,-12.5,-2.8217,760854,333720157,1785,TWSE,common_stock,true,false,false,false,false,false,false,false,true,
2025-06-27,6949,沛爾生醫-創,listed,136.0,142.0,136.0,140.0,4.0,2.9412,220947,30883915,148,TWSE,common_stock,true,false,false,false,false,false,false,false,true,
2025-06-27,6951,青新-創,listed,77.1,77.7,77.1,77.5,0.4,0.5188,82015,6354019,79,TWSE,common_stock,true,false,false,false,false,false,false,false,true,
2025-06-27,6952,大武山,listed,48.0,48.15,47.4,48.15,0.15,0.3125,27701,1320477,32,TWSE,common_stock,true,false,false,false,false,false,false,false,true,
2025-06-27,6955,邦睿生技-創,listed,190.0,190.0,190.0,190.0,0.0,0.0,2150,408050,3,TWSE,common_stock,true,false,false,false,false,false,false,false,true,
2025-06-27,6957,裕慶-KY,listed,173.0,177.0,172.0,175.0,6.0,3.5503,197824,34566393,339,TWSE,common_stock,true,false,false,false,false,false,false,false,true,
2025-06-27,6958,日盛台駿,listed,22.35,22.35,21.65,22.3,0.15,0.6772,75354,1661572,58,TWSE,common_stock,true,false,false,false,false,false,false,false,true,
2025-06-27,6962,奕力-KY,listed,54.1,55.0,53.5,54.3,0.3,0.5556,4148610,225459548,2619,TWSE,common_stock,true,false,false,false,false,false,false,false,true,
2025-06-27,6965,中傑-KY,listed,96.0,102.0,96.0,101.0,5.0,5.2083,573025,57567146,453,TWSE,common_stock,true,false,false,false,false,false,false,false,true,
2025-06-27,6969,成信實業*-創,listed,35.2,35.2,34.8,34.95,0.05,0.1433,17000,595350,13,TWSE,common_stock,true,false,false,false,false,false,false,false,true,
2025-06-27,6988,威力暘-創,listed,17.9,18.1,17.85,18.1,0.2,1.1173,7000,125550,7,TWSE,common_stock,true,false,false,false,false,false,false,false,true,
2025-06-27,6994,富威電力,listed,115.0,115.0,111.5,111.5,-3.5,-3.0435,236538,26689891,296,TWSE,common_stock,true,false,false,false,false,false,false,false,true,
2025-06-27,7631,聚賢研發-創,listed,119.0,121.0,115.0,117.0,0.0,0.0,33540,3955817,61,TWSE,common_stock,true,false,false,false,false,false,false,false,true,
2025-06-27,7705,三商餐飲,listed,51.5,52.5,50.9,51.9,0.4,0.7767,77978,4034239,114,TWSE,common_stock,true,false,false,false,false,false,false,false,true,
2025-06-27,7722,LINEPAY,listed,728.0,762.0,718.0,762.0,69.0,9.9567,2635403,1952618459,8262,TWSE,common_stock,true,false,false,false,false,false,false,false,true,
2025-06-27,7732,金興精密,listed,41.0,41.0,40.05,40.85,-0.15,-0.3659,10200,416336,41,TWSE,common_stock,true,false,false,false,false,false,false,false,true,
2025-06-27,7736,虎山,listed,103.5,106.5,103.0,103.5,1.5,1.4706,84912,8905347,90,TWSE,common_stock,true,false,false,false,false,false,false,false,true,
2025-06-27,7740,熙特爾-創,listed,213.5,213.5,208.0,210.0,-3.0,-1.4085,100253,21132845,103,TWSE,common_stock,true,false,false,false,false,false,false,false,true,
2025-06-27,7749,意騰-KY,listed,691.0,691.0,656.0,670.0,-18.0,-2.6163,689308,462815123,2274,TWSE,common_stock,true,false,false,false,false,false,false,false,true,
2025-06-27,8011,台通,listed,20.45,20.75,20.2,20.6,0.4,1.9802,671767,13774257,363,TWSE,common_stock,true,false,false,false,false,false,false,false,true,
2025-06-27,8016,矽創,listed,207.5,210.5,206.5,210.0,3.0,1.4493,590416,123743081,668,TWSE,common_stock,true,false,false,false,false,false,false,false,true,
2025-06-27,8021,尖點,listed,42.05,42.5,39.7,41.85,0.2,0.4802,11976761,491059747,6530,TWSE,common_stock,true,false,false,false,false,false,false,false,true,
2025-06-27,8028,昇陽半導體,listed,141.0,142.0,137.0,138.5,-2.5,-1.773,4019676,558081590,3854,TWSE,common_stock,true,false,false,false,false,false,false,false,true,
2025-06-27,8033,雷虎,listed,60.8,61.2,60.5,60.7,0.0,0.0,1192469,72528377,983,TWSE,common_stock,true,false,false,false,false,false,false,false,true,
2025-06-27,8039,台虹,listed,45.85,46.2,45.4,45.75,-0.1,-0.2181,571662,26151739,515,TWSE,common_stock,true,false,false,false,false,false,false,false,true,
2025-06-27,8045,達運光電,listed,71.1,71.5,69.5,70.9,-0.1,-0.1408,162334,11400646,198,TWSE,common_stock,true,false,false,false,false,false,false,false,true,
2025-06-27,8046,南電,listed,114.5,114.5,111.0,112.5,-0.5,-0.4425,2091988,235703759,1728,TWSE,common_stock,true,false,false,false,false,false,false,false,true,
2025-06-27,8070,長華*,listed,39.75,39.85,38.3,38.3,-0.95,-2.4204,4499690,174787647,3428,TWSE,common_stock,true,false,false,false,false,false,false,false,true,
2025-06-27,8072,陞泰,listed,49.15,49.9,48.65,48.9,-0.25,-0.5086,6974806,343134797,4471,TWSE,common_stock,true,false,false,false,false,false,false,false,true,
2025-06-27,8081,致新,listed,237.0,238.0,235.0,237.0,0.5,0.2114,1057708,250698007,1108,TWSE,common_stock,true,false,false,false,false,false,false,false,true,
2025-06-27,8101,華冠,listed,16.55,16.55,16.55,16.55,0.3,1.8462,1670,26973,4,TWSE,common_stock,true,false,false,false,false,false,false,false,true,
2025-06-27,8103,瀚荃,listed,47.6,47.7,47.1,47.45,0.25,0.5297,341681,16190265,289,TWSE,common_stock,true,false,false,false,false,false,false,false,true,
2025-06-27,8104,錸寶,listed,39.7,39.7,38.15,38.15,-1.3,-3.2953,1443169,55571084,1267,TWSE,common_stock,true,false,false,false,false,false,false,false,true,
2025-06-27,8105,凌巨,listed,12.55,13.4,12.55,12.9,0.35,2.7888,1179626,15228050,601,TWSE,common_stock,true,false,false,false,false,false,false,false,true,
2025-06-27,8110,華東,listed,14.2,14.3,13.9,13.95,-0.1,-0.7117,5843861,82379347,2412,TWSE,common_stock,true,false,false,false,false,false,false,false,true,
2025-06-27,8112,至上,listed,46.9,47.45,46.3,46.85,0.8,1.7372,6186554,290728390,3952,TWSE,common_stock,true,false,false,false,false,false,false,false,true,
2025-06-27,8112A,至上甲特,listed,42.5,42.5,42.5,42.5,-0.05,-0.1175,24117,1024973,12,TWSE,warrant,false,false,true,false,false,false,false,false,false,security_type=warrant;symbol_not_4_digit
2025-06-27,8114,振樺電,listed,290.0,290.5,276.5,280.0,0.0,0.0,917016,257196778,1753,TWSE,common_stock,true,false,false,false,false,false,false,false,true,
2025-06-27,8131,福懋科,listed,28.65,29.2,28.15,28.35,0.0,0.0,477498,13558383,352,TWSE,common_stock,true,false,false,false,false,false,false,false,true,
2025-06-27,8150,南茂,listed,27.0,27.2,26.65,27.15,0.0,0.0,2570679,69129897,1493,TWSE,common_stock,true,false,false,false,false,false,false,false,true,
2025-06-27,8162,微矽電子-創,listed,38.95,38.95,38.2,38.7,0.25,0.6502,38003,1468516,21,TWSE,common_stock,true,false,false,false,false,false,false,false,true,
2025-06-27,8163,達方,listed,34.8,34.8,34.15,34.25,-0.05,-0.1458,419505,14434726,573,TWSE,common_stock,true,false,false,false,false,false,false,false,true,
2025-06-27,8201,無敵,listed,10.55,10.7,10.5,10.5,-0.05,-0.4739,28002,296220,15,TWSE,common_stock,true,false,false,false,false,false,false,false,true,
2025-06-27,8210,勤誠,listed,487.5,490.0,475.5,483.5,3.5,0.7292,2501226,1210508920,2928,TWSE,common_stock,true,false,false,false,false,false,false,false,true,
2025-06-27,8213,志超,listed,30.55,30.85,30.55,30.75,0.3,0.9852,238705,7329939,193,TWSE,common_stock,true,false,false,false,false,false,false,false,true,
2025-06-27,8215,明基材,listed,23.85,24.1,23.75,23.75,0.05,0.211,144313,3449612,133,TWSE,common_stock,true,false,false,false,false,false,false,false,true,
2025-06-27,8222,寶一,listed,51.6,52.6,51.6,52.5,0.7,1.3514,1581284,82564561,1134,TWSE,common_stock,true,false,false,false,false,false,false,false,true,
2025-06-27,8249,菱光,listed,52.4,53.1,52.0,52.5,0.5,0.9615,1492831,78400990,1039,TWSE,common_stock,true,false,false,false,false,false,false,false,true,
2025-06-27,8261,富鼎,listed,83.7,84.4,83.5,84.3,0.6,0.7168,241158,20255078,226,TWSE,common_stock,true,false,false,false,false,false,false,false,true,
2025-06-27,8271,宇瞻,listed,55.1,55.1,53.6,54.0,-0.9,-1.6393,387430,20985601,1025,TWSE,common_stock,true,false,false,false,false,false,false,false,true,
2025-06-27,8341,日友,listed,73.1,73.3,72.8,73.0,0.0,0.0,61400,4484189,196,TWSE,common_stock,true,false,false,false,false,false,false,false,true,
2025-06-27,8367,建新國際,listed,47.2,47.2,47.0,47.2,0.05,0.106,71301,3359272,86,TWSE,common_stock,true,false,false,false,false,false,false,false,true,
2025-06-27,8374,羅昇,listed,101.5,102.0,98.0,98.0,-1.5,-1.5075,1033262,102783019,1061,TWSE,common_stock,true,false,false,false,false,false,false,false,true,
2025-06-27,8404,百和興業-KY,listed,20.45,20.5,20.25,20.5,0.5,2.5,368791,7524344,271,TWSE,common_stock,true,false,false,false,false,false,false,false,true,
2025-06-27,8411,福貞-KY,listed,12.9,12.9,12.75,12.75,-0.1,-0.7782,92223,1180762,101,TWSE,common_stock,true,false,false,false,false,false,false,false,true,
2025-06-27,8422,可寧衛*,listed,180.0,182.0,180.0,181.5,1.5,0.8333,145284,26328031,309,TWSE,common_stock,true,false,false,false,false,false,false,false,true,
2025-06-27,8429,金麗-KY,listed,8.09,8.12,8.04,8.07,0.02,0.2484,175107,1414008,149,TWSE,common_stock,true,false,false,false,false,false,false,false,true,
2025-06-27,8438,昶昕,listed,31.5,32.3,31.45,31.5,0.15,0.4785,56513,1795682,72,TWSE,common_stock,true,false,false,false,false,false,false,false,true,
2025-06-27,8442,威宏-KY,listed,84.6,85.2,84.0,84.2,-1.3,-1.5205,123187,10403632,265,TWSE,common_stock,true,false,false,false,false,false,false,false,true,
2025-06-27,8443,阿瘦,listed,12.1,12.2,12.1,12.15,-0.05,-0.4098,37868,459388,76,TWSE,common_stock,true,false,false,false,false,false,false,false,true,
2025-06-27,8454,富邦媒,listed,270.0,274.0,269.0,273.5,2.5,0.9225,220547,59998455,687,TWSE,etf,false,true,false,false,false,false,false,false,false,security_type=etf
2025-06-27,8462,柏文,listed,127.5,130.0,126.5,129.5,2.5,1.9685,108458,13954039,144,TWSE,common_stock,true,false,false,false,false,false,false,false,true,
2025-06-27,8463,潤泰材,listed,23.7,23.7,22.85,23.1,0.05,0.2169,50400,1158320,42,TWSE,common_stock,true,false,false,false,false,false,false,false,true,
2025-06-27,8464,億豐,listed,403.0,410.5,402.5,407.5,4.5,1.1166,777228,315669428,698,TWSE,common_stock,true,false,false,false,false,false,false,false,true,
2025-06-27,8466,美吉吉-KY,listed,26.7,27.0,26.45,26.85,0.15,0.5618,46368,1236324,99,TWSE,common_stock,true,false,false,false,false,false,false,false,true,
2025-06-27,8467,波力-KY,listed,175.0,175.0,169.0,169.0,-4.5,-2.5937,71759,12309993,238,TWSE,common_stock,true,false,false,false,false,false,false,false,true,
2025-06-27,8473,山林水,listed,32.15,32.2,31.7,31.85,-0.3,-0.9331,159832,5098512,148,TWSE,common_stock,true,false,false,false,false,false,false,false,true,
2025-06-27,8476,台境*,listed,21.95,23.0,21.5,22.45,1.0,4.662,227925,5123785,225,TWSE,common_stock,true,false,false,false,false,false,false,false,true,
2025-06-27,8478,東哥遊艇,listed,184.5,200.0,184.5,189.0,6.5,3.5616,5659382,1094493011,6228,TWSE,common_stock,true,false,false,false,false,false,false,false,true,
2025-06-27,8481,政伸,listed,46.55,47.2,46.05,47.15,0.7,1.507,20001,935551,21,TWSE,common_stock,true,false,false,false,false,false,false,false,true,
2025-06-27,8482,商億-KY,listed,62.4,62.5,61.0,61.0,-1.4,-2.2436,59462,3665060,120,TWSE,common_stock,true,false,false,false,false,false,false,false,true,
2025-06-27,8487,愛爾達-創,listed,77.6,77.6,77.2,77.5,-0.2,-0.2574,28767,2226581,59,TWSE,common_stock,true,false,false,false,false,false,false,false,true,
2025-06-27,8488,吉源-KY,listed,11.55,11.55,11.15,11.4,-0.15,-1.2987,28222,319470,27,TWSE,common_stock,true,false,false,false,false,false,false,false,true,
2025-06-27,8499,鼎炫-KY,listed,173.5,173.5,173.5,173.5,15.5,9.8101,124224,21552851,153,TWSE,common_stock,true,false,false,false,false,false,false,false,true,
2025-06-27,8926,台汽電,listed,45.45,45.45,45.15,45.3,-0.1,-0.2203,736986,33372759,592,TWSE,common_stock,true,false,false,false,false,false,false,false,true,
2025-06-27,8940,新天地,listed,20.9,20.9,20.55,20.6,-0.05,-0.2421,30503,632042,36,TWSE,common_stock,true,false,false,false,false,false,false,false,true,
2025-06-27,8996,高力,listed,264.0,267.5,250.5,261.0,0.0,0.0,3578446,925285500,3991,TWSE,common_stock,true,false,false,false,false,false,false,false,true,
2025-06-27,9103,美德醫療-DR,listed,5.07,5.14,5.07,5.08,-0.01,-0.1965,180470,918539,92,TWSE,dr,false,false,false,false,false,false,false,true,false,security_type=dr
2025-06-27,910322,康師傅-DR,listed,21.5,21.55,21.4,21.4,-0.1,-0.4651,40565,870725,26,TWSE,dr,false,false,false,false,false,false,false,true,false,security_type=dr;symbol_not_4_digit
2025-06-27,9105,泰金寶-DR,listed,6.25,6.26,6.17,6.18,-0.03,-0.4831,5631718,34979043,1654,TWSE,dr,false,false,false,false,false,false,false,true,false,security_type=dr
2025-06-27,910861,神州-DR,listed,5.94,5.96,5.9,5.9,-0.03,-0.5059,29531,175091,19,TWSE,dr,false,false,false,false,false,false,false,true,false,security_type=dr;symbol_not_4_digit
2025-06-27,9110,越南控-DR,listed,6.0,6.03,6.0,6.02,-0.05,-0.8237,11000,66250,6,TWSE,dr,false,false,false,false,false,false,false,true,false,security_type=dr
2025-06-27,911608,明輝-DR,listed,,,,,0.0,,0,0,0,TWSE,dr,false,false,false,false,false,false,false,true,false,security_type=dr;symbol_not_4_digit;invalid_close;invalid_volume;invalid_turnover
2025-06-27,911622,泰聚亨-DR,listed,4.01,4.02,3.94,4.02,-0.08,-1.9512,16000,63678,18,TWSE,dr,false,false,false,false,false,false,false,true,false,security_type=dr;symbol_not_4_digit
2025-06-27,911868,同方友友-DR,listed,1.22,1.24,1.22,1.24,0.0,0.0,143301,176299,42,TWSE,dr,false,false,false,false,false,false,false,true,false,security_type=dr;symbol_not_4_digit
2025-06-27,912000,晨訊科-DR,listed,2.6,2.65,2.57,2.62,0.03,1.1583,562041,1467048,244,TWSE,dr,false,false,false,false,false,false,false,true,false,security_type=dr;symbol_not_4_digit
2025-06-27,9136,巨騰-DR,listed,5.94,5.94,5.83,5.83,-0.03,-0.5119,626998,3673426,120,TWSE,dr,false,false,false,false,false,false,false,true,false,security_type=dr
2025-06-27,9802,鈺齊-KY,listed,110.0,110.5,104.5,105.0,-2.5,-2.3256,1646693,175400559,1278,TWSE,common_stock,true,false,false,false,false,false,false,false,true,
2025-06-27,9902,台火,listed,18.95,20.35,18.75,19.7,1.2,6.4865,8917306,176700029,5018,TWSE,common_stock,true,false,false,false,false,false,false,false,true,
2025-06-27,9904,寶成,listed,30.65,31.2,30.4,30.9,0.25,0.8157,24566586,757220930,9565,TWSE,common_stock,true,false,false,false,false,false,false,false,true,
2025-06-27,9905,大華,listed,23.05,23.05,22.9,23.0,0.05,0.2179,53311,1224950,45,TWSE,common_stock,true,false,false,false,false,false,false,false,true,
2025-06-27,9906,欣巴巴,listed,76.8,78.9,76.8,78.1,0.6,0.7742,133196,10399198,153,TWSE,common_stock,true,false,false,false,false,false,false,false,true,
2025-06-27,9907,統一實,listed,19.7,20.0,19.6,19.95,0.45,2.3077,4725633,93704334,1862,TWSE,etf,false,true,false,false,false,false,false,false,false,security_type=etf
2025-06-27,9908,大台北,listed,31.2,31.35,31.1,31.25,-0.05,-0.1597,113118,3534126,105,TWSE,common_stock,true,false,false,false,false,false,false,false,true,
2025-06-27,9910,豐泰,listed,125.0,125.5,118.0,123.5,9.0,7.8603,4307454,532481818,3494,TWSE,common_stock,true,false,false,false,false,false,false,false,true,
2025-06-27,9911,櫻花,listed,85.8,86.1,85.5,85.5,-0.3,-0.3497,137937,11832264,428,TWSE,common_stock,true,false,false,false,false,false,false,false,true,
2025-06-27,9912,偉聯,listed,12.05,12.1,11.95,12.05,0.0,0.0,50663,606399,42,TWSE,common_stock,true,false,false,false,false,false,false,false,true,
2025-06-27,9914,美利達,listed,104.0,105.0,104.0,104.5,1.0,0.9662,622484,64993159,632,TWSE,common_stock,true,false,false,false,false,false,false,false,true,
2025-06-27,9917,中保科,listed,113.0,114.0,112.0,112.5,-0.5,-0.4425,1172547,132109755,1310,TWSE,common_stock,true,false,false,false,false,false,false,false,true,
2025-06-27,9918,欣天然,listed,40.1,40.45,39.85,40.25,0.15,0.3741,15524,625907,26,TWSE,common_stock,true,false,false,false,false,false,false,false,true,
2025-06-27,9919,康那香,listed,17.8,17.8,17.55,17.75,0.1,0.5666,376106,6649877,254,TWSE,common_stock,true,false,false,false,false,false,false,false,true,
2025-06-27,9921,巨大,listed,108.0,110.0,108.0,109.0,1.0,0.9259,916387,99775043,893,TWSE,common_stock,true,false,false,false,false,false,false,false,true,
2025-06-27,9924,福興,listed,46.75,46.95,46.75,46.75,0.05,0.1071,77728,3642729,162,TWSE,common_stock,true,false,false,false,false,false,false,false,true,
2025-06-27,9925,新保,listed,41.55,41.7,41.4,41.65,0.15,0.3614,187535,7791085,168,TWSE,common_stock,true,false,false,false,false,false,false,false,true,
2025-06-27,9926,新海,listed,51.3,52.5,51.2,52.3,0.6,1.1605,12400,648099,20,TWSE,common_stock,true,false,false,false,false,false,false,false,true,
2025-06-27,9927,泰銘,listed,69.7,70.0,69.5,69.7,0.1,0.1437,80450,5613724,83,TWSE,common_stock,true,false,false,false,false,false,false,false,true,
2025-06-27,9928,中視,listed,16.25,16.25,15.8,15.8,-0.3,-1.8634,50254,799382,33,TWSE,common_stock,true,false,false,false,false,false,false,false,true,
2025-06-27,9929,秋雨,listed,14.9,14.9,14.05,14.05,-0.4,-2.7682,4200,61050,6,TWSE,common_stock,true,false,false,false,false,false,false,false,true,
2025-06-27,9930,中聯資源,listed,75.4,75.9,75.3,75.5,-0.1,-0.1323,79668,6020010,99,TWSE,common_stock,true,false,false,false,false,false,false,false,true,
2025-06-27,9931,欣高,listed,34.3,34.3,34.0,34.0,-0.15,-0.4392,31325,1068962,37,TWSE,common_stock,true,false,false,false,false,false,false,false,true,
2025-06-27,9933,中鼎,listed,26.5,26.8,26.45,26.6,0.1,0.3774,1405281,37371065,890,TWSE,common_stock,true,false,false,false,false,false,false,false,true,
2025-06-27,9934,成霖,listed,10.1,10.3,10.05,10.05,0.05,0.5,521716,5288695,239,TWSE,common_stock,true,false,false,false,false,false,false,false,true,
2025-06-27,9935,慶豐富,listed,24.05,24.2,23.95,24.0,-0.05,-0.2079,596457,14345184,363,TWSE,common_stock,true,false,false,false,false,false,false,false,true,
2025-06-27,9937,全國,listed,64.4,65.4,63.4,65.4,1.6,2.5078,125448,8123019,134,TWSE,common_stock,true,false,false,false,false,false,false,false,true,
2025-06-27,9938,百和,listed,55.0,55.6,54.7,55.1,0.5,0.9158,814614,44856624,624,TWSE,common_stock,true,false,false,false,false,false,false,false,true,
2025-06-27,9939,宏全,listed,159.0,161.0,158.5,159.0,-1.0,-0.625,1609369,256396485,1322,TWSE,common_stock,true,false,false,false,false,false,false,false,true,
2025-06-27,9940,信義,listed,25.3,25.45,25.15,25.2,-0.25,-0.9823,399594,10108596,332,TWSE,common_stock,true,false,false,false,false,false,false,false,true,
2025-06-27,9941,裕融,listed,100.5,101.5,99.8,101.0,0.5,0.4975,666558,66891843,945,TWSE,common_stock,true,false,false,false,false,false,false,false,true,
2025-06-27,9941A,裕融甲特,listed,51.1,51.3,51.1,51.3,0.2,0.3914,16000,819200,11,TWSE,warrant,false,false,true,false,false,false,false,false,false,security_type=warrant;symbol_not_4_digit
2025-06-27,9942,茂順,listed,115.0,115.0,114.0,114.5,-0.5,-0.4348,25374,2908476,289,TWSE,common_stock,true,false,false,false,false,false,false,false,true,
2025-06-27,9943,好樂迪,listed,78.3,78.5,77.8,78.2,0.4,0.5141,51271,4010038,75,TWSE,common_stock,true,false,false,false,false,false,false,false,true,
2025-06-27,9944,新麗,listed,17.1,17.2,17.0,17.05,-0.05,-0.2924,24884,425079,66,TWSE,common_stock,true,false,false,false,false,false,false,false,true,
2025-06-27,9945,潤泰新,listed,30.45,31.0,30.45,30.65,0.35,1.1551,5786198,177390125,3447,TWSE,common_stock,true,false,false,false,false,false,false,false,true,
2025-06-27,9946,三發地產,listed,20.65,20.7,20.4,20.5,0.0,0.0,127581,2623838,116,TWSE,common_stock,true,false,false,false,false,false,false,false,true,
2025-06-27,9955,佳龍,listed,28.75,29.0,28.65,28.7,-0.2,-0.692,360511,10376811,379,TWSE,common_stock,true,false,false,false,false,false,false,false,true,
2025-06-27,9958,世紀鋼,listed,239.0,246.0,237.5,243.0,6.0,2.5316,10900981,2637112824,8022,TWSE,common_stock,true,false,false,false,false,false,false,false,true,
