date,symbol,name,market,open,high,low,close,change,change_pct,volume,turnover,transactions,source,security_type,is_common_stock,is_etf,is_warrant,is_bond_etf,is_leveraged_inverse,is_etn,is_preferred_stock,is_dr,scan_eligible,exclude_reason
2025-06-30,0050,元大台灣50,listed,48.37,48.42,48.24,48.36,0.07,0.145,60476067,2923441387,33764,TWSE,etf,false,true,false,false,false,false,false,false,false,security_type=etf
2025-06-30,0051,元大中型100,listed,75.0,75.0,74.6,74.9,-0.1,-0.1333,65794,4924014,340,TWSE,etf,false,true,false,false,false,false,false,false,false,security_type=etf
2025-06-30,0052,富邦科技,listed,188.3,188.7,187.45,188.1,0.3,0.1597,686860,129177671,1116,TWSE,etf,false,true,false,false,false,false,false,false,false,security_type=etf
2025-06-30,0053,元大電子,listed,102.45,102.95,102.4,102.9,0.45,0.4392,15667,1605772,121,TWSE,etf,false,true,false,false,false,false,false,false,false,security_type=etf
2025-06-30,0055,元大MSCI金融,listed,28.9,29.0,28.82,29.0,-0.05,-0.1721,89488,2588976,265,TWSE,etf,false,true,false,false,false,false,false,false,false,security_type=etf
2025-06-30,0056,元大高股息,listed,34.71,34.78,34.6,34.62,-0.07,-0.2018,39779276,1378773390,23403,TWSE,etf,false,true,false,false,false,false,false,false,false,security_type=etf
2025-06-30,0057,富邦摩台,listed,142.85,142.85,142.6,142.6,-0.1,-0.0701,16618,2369899,24,TWSE,etf,false,true,false,false,false,false,false,false,false,security_type=etf
2025-06-30,0061,元大寶滬深,listed,17.67,17.7,17.6,17.67,0.0,0.0,140418,2480657,105,TWSE,etf,false,true,false,false,false,false,false,false,false,security_type=etf
2025-06-30,006203,元大MSCI台灣,listed,89.4,89.45,88.9,89.4,0.35,0.393,10712,954314,123,TWSE,etf,false,true,false,false,false,false,false,false,false,security_type=etf;symbol_not_4_digit
2025-06-30,006204,永豐臺灣加權,listed,114.15,114.15,113.9,113.9,0.3,0.2641,3231,367756,99,TWSE,etf,false,true,false,false,false,false,false,false,false,security_type=etf;symbol_not_4_digit
2025-06-30,006205,富邦上証,listed,30.32,30.49,30.29,30.49,0.2,0.6603,678745,20643446,224,TWSE,etf,false,true,false,false,false,false,false,false,false,security_type=etf;symbol_not_4_digit
2025-06-30,006206,元大上證50,listed,29.38,29.61,29.23,29.41,-0.03,-0.1019,192451,5648661,166,TWSE,etf,false,true,false,false,false,false,false,false,false,security_type=etf;symbol_not_4_digit
2025-06-30,006207,復華滬深,listed,22.98,23.15,22.95,23.15,0.22,0.9594,111761,2578662,70,TWSE,etf,false,true,false,false,false,false,false,false,false,security_type=etf;symbol_not_4_digit
2025-06-30,006208,富邦台50,listed,113.4,113.75,112.8,113.05,-0.2,-0.1766,22703686,2568884886,14124,TWSE,etf,false,true,false,false,false,false,false,false,false,security_type=etf;symbol_not_4_digit
2025-06-30,00625K,富邦上証+R,listed,,,,,0.0,,0,0,0,TWSE,etf,false,true,true,false,false,false,false,false,false,security_type=etf;symbol_not_4_digit;invalid_close;invalid_volume;invalid_turnover
2025-06-30,00631L,元大台灣50正2,listed,213.5,214.15,212.45,213.5,1.3,0.6126,4906274,1046472129,3613,TWSE,leveraged_inverse,false,true,true,false,true,false,false,false,false,security_type=leveraged_inverse;symbol_not_4_digit
2025-06-30,00632R,元大台灣50反1,listed,22.0,22.06,21.97,22.05,-0.03,-0.1359,36487420,803293337,5517,TWSE,leveraged_inverse,false,true,true,false,true,false,false,false,false,security_type=leveraged_inverse;symbol_not_4_digit
2025-06-30,00633L,富邦上証正2,listed,37.45,37.45,36.91,37.17,-0.2,-0.5352,3022650,112365978,599,TWSE,leveraged_inverse,false,true,true,false,true,false,false,false,false,security_type=leveraged_inverse;symbol_not_4_digit
2025-06-30,00634R,富邦上証反1,listed,3.71,3.72,3.71,3.72,0.03,0.813,93401,347029,19,TWSE,leveraged_inverse,false,true,true,false,true,false,false,false,false,security_type=leveraged_inverse;symbol_not_4_digit
2025-06-30,00635U,期元大S&P黃金,listed,35.68,35.92,35.56,35.92,-0.02,-0.0556,2887510,103285765,1259,TWSE,etf,false,true,true,false,false,false,false,false,false,security_type=etf;symbol_not_4_digit
2025-06-30,00636,國泰中國A50,listed,21.4,21.4,21.23,21.38,0.16,0.754,1011038,21553628,265,TWSE,etf,false,true,false,false,false,false,false,false,false,security_type=etf;symbol_not_4_digit
2025-06-30,00636K,國泰中國A50+U,listed,7.32,7.32,7.32,7.32,0.03,0.4115,200,1464,2,TWSE,etf,false,true,true,false,false,false,false,false,false,security_type=etf;symbol_not_4_digit
2025-06-30,00637L,元大滬深300正2,listed,14.8,14.87,14.65,14.79,-0.03,-0.2024,27762664,410035985,3058,TWSE,leveraged_inverse,false,true,true,false,true,false,false,false,false,security_type=leveraged_inverse;symbol_not_4_digit
2025-06-30,00638R,元大滬深300反1,listed,7.66,7.69,7.66,7.68,0.05,0.6553,141957,1089514,43,TWSE,leveraged_inverse,false,true,true,false,true,false,false,false,false,security_type=leveraged_inverse;symbol_not_4_digit
2025-06-30,00639,富邦深100,listed,10.6,10.68,10.56,10.65,0.1,0.9479,1125694,11959442,203,TWSE,etf,false,true,false,false,false,false,false,false,false,security_type=etf;symbol_not_4_digit
2025-06-30,00640L,富邦日本正2,listed,54.7,55.0,54.3,54.35,0.45,0.8349,828116,45313321,450,TWSE,leveraged_inverse,false,true,true,false,true,false,false,false,false,security_type=leveraged_inverse;symbol_not_4_digit
2025-06-30,00641R,富邦日本反1,listed,5.57,5.61,5.56,5.6,-0.02,-0.3559,2275471,12690747,182,TWSE,leveraged_inverse,false,true,true,false,true,false,false,false,false,security_type=leveraged_inverse;symbol_not_4_digit
2025-06-30,00642U,期元大S&P石油,listed,15.88,16.02,15.86,16.01,-0.07,-0.4353,3455728,55112497,660,TWSE,etf,false,true,true,false,false,false,false,false,false,security_type=etf;symbol_not_4_digit
2025-06-30,00643,群益深証中小,listed,12.04,12.1,11.98,12.1,0.14,1.1706,1599130,19322312,130,TWSE,etf,false,true,false,false,false,false,false,false,false,security_type=etf;symbol_not_4_digit
2025-06-30,00643K,群益深証中小+R,listed,,,,,0.0,,0,0,0,TWSE,etf,false,true,true,false,false,false,false,false,false,security_type=etf;symbol_not_4_digit;invalid_close;invalid_volume;invalid_turnover
2025-06-30,00645,富邦日本,listed,39.56,39.7,39.43,39.46,0.13,0.3305,278539,11030546,500,TWSE,etf,false,true,false,false,false,false,false,false,false,security_type=etf;symbol_not_4_digit
2025-06-30,00646,元大S&P500,listed,56.15,56.6,56.1,56.5,0.8,1.4363,2987882,168488570,1632,TWSE,etf,false,true,false,false,false,false,false,false,false,security_type=etf;symbol_not_4_digit
2025-06-30,00647L,元大S&P500正2,listed,94.0,94.85,94.0,94.8,1.65,1.7713,227344,21472256,225,TWSE,leveraged_inverse,false,true,true,false,true,false,false,false,false,security_type=leveraged_inverse;symbol_not_4_digit
2025-06-30,00648R,元大S&P500反1,listed,4.72,4.72,4.7,4.71,-0.03,-0.6329,1466039,6901063,128,TWSE,leveraged_inverse,false,true,true,false,true,false,false,false,false,security_type=leveraged_inverse;symbol_not_4_digit
2025-06-30,00650L,復華香港正2,listed,14.92,15.02,14.78,14.96,0.12,0.8086,8346948,124306454,723,TWSE,leveraged_inverse,false,true,true,false,true,false,false,false,false,security_type=leveraged_inverse;symbol_not_4_digit
2025-06-30,00651R,復華香港反1,listed,5.69,5.73,5.69,5.69,0.0,0.0,173010,986905,49,TWSE,leveraged_inverse,false,true,true,false,true,false,false,false,false,security_type=leveraged_inverse;symbol_not_4_digit
2025-06-30,00652,富邦印度,listed,36.33,36.38,36.2,36.27,0.16,0.4431,372321,13516643,263,TWSE,etf,false,true,false,false,false,false,false,false,false,security_type=etf;symbol_not_4_digit
2025-06-30,00653L,富邦印度正2,listed,58.4,58.8,58.3,58.3,0.1,0.1718,346677,20333094,125,TWSE,leveraged_inverse,false,true,true,false,true,false,false,false,false,security_type=leveraged_inverse;symbol_not_4_digit
2025-06-30,00654R,富邦印度反1,listed,6.09,6.12,6.08,6.12,0.02,0.3279,323000,1967100,18,TWSE,leveraged_inverse,false,true,true,false,true,false,false,false,false,security_type=leveraged_inverse;symbol_not_4_digit
2025-06-30,00655L,國泰中國A50正2,listed,25.82,25.99,25.63,25.86,-0.08,-0.3084,3455176,89229355,338,TWSE,leveraged_inverse,false,true,true,false,true,false,false,false,false,security_type=leveraged_inverse;symbol_not_4_digit
2025-06-30,00656R,國泰中國A50反1,listed,6.8,6.83,6.8,6.82,0.08,1.1869,997069,6786799,42,TWSE,leveraged_inverse,false,true,true,false,true,false,false,false,false,security_type=leveraged_inverse;symbol_not_4_digit
2025-06-30,00657,國泰日經225,listed,47.6,47.83,47.4,47.45,0.4,0.8502,541686,25827456,143,TWSE,etf,false,true,false,false,false,false,false,false,false,security_type=etf;symbol_not_4_digit
2025-06-30,00657K,國泰日經225+U,listed,16.5,16.5,16.5,16.5,0.21,1.2891,200,3300,2,TWSE,etf,false,true,true,false,false,false,false,false,false,security_type=etf;symbol_not_4_digit
2025-06-30,00660,元大歐洲50,listed,38.71,38.97,38.71,38.95,0.8,2.097,121336,4715240,211,TWSE,etf,false,true,false,false,false,false,false,false,false,security_type=etf;symbol_not_4_digit
2025-06-30,00661,元大日經225,listed,51.95,52.2,51.75,51.8,0.5,0.9747,195893,10194777,259,TWSE,etf,false,true,false,false,false,false,false,false,false,security_type=etf;symbol_not_4_digit
2025-06-30,00662,富邦NASDAQ,listed,84.25,85.0,84.25,84.8,1.3,1.5569,2007520,169746798,1554,TWSE,etf,false,true,false,false,false,false,false,false,false,security_type=etf;symbol_not_4_digit
2025-06-30,00663L,國泰臺灣加權正2,listed,27.89,27.94,27.73,27.81,0.12,0.4334,7197304,200195839,1256,TWSE,leveraged_inverse,false,true,true,false,true,false,false,false,false,security_type=leveraged_inverse;symbol_not_4_digit
2025-06-30,00664R,國泰臺灣加權反1,listed,3.56,3.57,3.55,3.56,-0.01,-0.2801,6085714,21655652,497,TWSE,leveraged_inverse,false,true,true,false,true,false,false,false,false,security_type=leveraged_inverse;symbol_not_4_digit
2025-06-30,00665L,富邦恒生國企正2,listed,10.09,10.16,9.97,10.1,0.05,0.4975,17293843,174124877,1602,TWSE,leveraged_inverse,false,true,true,false,true,false,false,false,false,security_type=leveraged_inverse;symbol_not_4_digit
2025-06-30,00666R,富邦恒生國企反1,listed,9.12,9.16,9.11,9.11,0.03,0.3304,264869,2418227,39,TWSE,leveraged_inverse,false,true,true,false,true,false,false,false,false,security_type=leveraged_inverse;symbol_not_4_digit
2025-06-30,00668,國泰美國道瓊,listed,46.63,46.94,46.49,46.89,0.98,2.1346,551344,25787521,281,TWSE,etf,false,true,false,false,false,false,false,false,false,security_type=etf;symbol_not_4_digit
2025-06-30,00668K,國泰美國道瓊+U,listed,16.0,16.0,16.0,16.0,0.16,1.0101,200,3200,2,TWSE,etf,false,true,true,false,false,false,false,false,false,security_type=etf;symbol_not_4_digit
2025-06-30,00669R,國泰美國道瓊反1,listed,6.01,6.03,6.01,6.02,-0.05,-0.8237,3678766,22138351,281,TWSE,leveraged_inverse,false,true,true,false,true,false,false,false,false,security_type=leveraged_inverse;symbol_not_4_digit
2025-06-30,00670L,富邦NASDAQ正2,listed,136.15,136.9,136.05,136.75,2.15,1.5973,1332631,181757639,1165,TWSE,leveraged_inverse,false,true,true,false,true,false,false,false,false,security_type=leveraged_inverse;symbol_not_4_digit
2025-06-30,00671R,富邦NASDAQ反1,listed,3.19,3.19,3.18,3.19,-0.02,-0.6231,18002575,57318730,557,TWSE,leveraged_inverse,false,true,true,false,true,false,false,false,false,security_type=leveraged_inverse;symbol_not_4_digit
2025-06-30,00673R,期元大S&P原油反1,listed,6.74,6.75,6.68,6.68,0.05,0.7541,15156756,101900320,796,TWSE,leveraged_inverse,false,true,true,false,true,false,false,false,false,security_type=leveraged_inverse;symbol_not_4_digit
2025-06-30,00674R,期元大S&P黃金反1,listed,7.73,7.73,7.67,7.67,0.02,0.2614,3156840,24300924,245,TWSE,leveraged_inverse,false,true,true,false,true,false,false,false,false,security_type=leveraged_inverse;symbol_not_4_digit
2025-06-30,00675L,富邦臺灣加權正2,listed,85.0,85.2,84.45,84.9,0.5,0.5924,6339608,537812805,2293,TWSE,leveraged_inverse,false,true,true,false,true,false,false,false,false,security_type=leveraged_inverse;symbol_not_4_digit
2025-06-30,00676R,富邦臺灣加權反1,listed,12.07,12.09,12.04,12.09,-0.01,-0.0826,1015815,12253482,202,TWSE,leveraged_inverse,false,true,true,false,true,false,false,false,false,security_type=leveraged_inverse;symbol_not_4_digit
2025-06-30,00678,群益那斯達克生技,listed,24.22,24.36,24.2,24.34,0.27,1.1217,288733,7022170,146,TWSE,etf,false,true,false,false,false,false,false,false,false,security_type=etf;symbol_not_4_digit
2025-06-30,00680L,元大美債20正2,listed,7.07,7.07,7.04,7.06,-0.06,-0.8427,23025333,162418843,1387,TWSE,bond_etf,false,true,true,true,true,false,false,false,false,security_type=bond_etf;symbol_not_4_digit
2025-06-30,00681R,元大美債20反1,listed,20.8,20.89,20.8,20.89,0.15,0.7232,302000,6299490,25,TWSE,bond_etf,false,true,true,true,true,false,false,false,false,security_type=bond_etf;symbol_not_4_digit
2025-06-30,00682U,期元大美元指數,listed,19.79,19.79,19.76,19.76,-0.04,-0.202,7202,142396,10,TWSE,etf,false,true,true,false,false,false,false,false,false,security_type=etf;symbol_not_4_digit
2025-06-30,00683L,期元大美元指正2,listed,19.95,19.95,19.86,19.86,-0.12,-0.6006,125927,2506323,63,TWSE,leveraged_inverse,false,true,true,false,true,false,false,false,false,security_type=leveraged_inverse;symbol_not_4_digit
2025-06-30,00684R,期元大美元指反1,listed,15.98,15.99,15.97,15.99,0.07,0.4397,43053,688175,21,TWSE,leveraged_inverse,false,true,true,false,true,false,false,false,false,security_type=leveraged_inverse;symbol_not_4_digit
2025-06-30,00685L,群益臺灣加權正2,listed,76.3,76.4,75.85,76.1,0.4,0.5284,663708,50538630,282,TWSE,leveraged_inverse,false,true,true,false,true,false,false,false,false,security_type=leveraged_inverse;symbol_not_4_digit
2025-06-30,00686R,群益臺灣加權反1,listed,2.16,2.17,2.15,2.16,-0.01,-0.4608,1535575,3319369,126,TWSE,leveraged_inverse,false,true,true,false,true,false,false,false,false,security_type=leveraged_inverse;symbol_not_4_digit
2025-06-30,00688L,國泰20年美債正2,listed,7.02,7.04,7.01,7.03,-0.06,-0.8463,7697550,54062326,561,TWSE,bond_etf,false,true,true,true,true,false,false,false,false,security_type=bond_etf;symbol_not_4_digit
2025-06-30,00689R,國泰20年美債反1,listed,21.21,21.31,21.21,21.31,0.22,1.0431,209090,4439509,11,TWSE,bond_etf,false,true,true,true,true,false,false,false,false,security_type=bond_etf;symbol_not_4_digit
2025-06-30,00690,兆豐藍籌30,listed,34.26,34.33,34.2,34.29,0.07,0.2046,722301,24754632,244,TWSE,etf,false,true,false,false,false,false,false,false,false,security_type=etf;symbol_not_4_digit
2025-06-30,00692,富邦公司治理,listed,44.53,44.6,44.43,44.56,0.09,0.2024,1671728,74428915,1448,TWSE,etf,false,true,false,false,false,false,false,false,false,security_type=etf;symbol_not_4_digit
2025-06-30,00693U,期街口S&P黃豆,listed,19.87,19.89,19.83,19.88,0.24,1.222,226052,4491266,79,TWSE,warrant,false,false,true,false,false,false,false,false,false,security_type=warrant;symbol_not_4_digit
2025-06-30,00700,富邦恒生國企,listed,16.38,16.6,16.38,16.51,0.13,0.7937,337114,5560997,184,TWSE,etf,false,true,false,false,false,false,false,false,false,security_type=etf;symbol_not_4_digit
2025-06-30,00701,國泰股利精選30,listed,28.2,28.23,28.11,28.17,-0.03,-0.1064,279706,7886184,392,TWSE,etf,false,true,false,false,false,false,false,false,false,security_type=etf;symbol_not_4_digit
2025-06-30,00702,國泰標普低波高息,listed,21.5,21.57,21.5,21.57,0.09,0.419,120424,2593615,37,TWSE,etf,false,true,false,false,false,false,false,false,false,security_type=etf;symbol_not_4_digit
2025-06-30,00703,台新MSCI中國,listed,18.14,18.23,18.09,18.22,0.08,0.441,172100,3124261,22,TWSE,other,false,false,false,false,false,false,false,false,false,symbol_not_4_digit
2025-06-30,00706L,期元大S&P日圓正2,listed,6.23,6.3,6.22,6.29,0.06,0.9631,12523430,78478686,848,TWSE,leveraged_inverse,false,true,true,false,true,false,false,false,false,security_type=leveraged_inverse;symbol_not_4_digit
2025-06-30,00707R,期元大S&P日圓反1,listed,,,,,0.0,,0,0,0,TWSE,leveraged_inverse,false,true,true,false,true,false,false,false,false,security_type=leveraged_inverse;symbol_not_4_digit;invalid_close;invalid_volume;invalid_turnover
2025-06-30,00708L,期元大S&P黃金正2,listed,55.0,55.45,54.4,55.45,-0.15,-0.2698,2590763,142437892,1105,TWSE,leveraged_inverse,false,true,true,false,true,false,false,false,false,security_type=leveraged_inverse;symbol_not_4_digit
2025-06-30,00709,富邦歐洲,listed,30.86,31.36,30.86,31.33,0.48,1.5559,180021,5631408,266,TWSE,etf,false,true,false,false,false,false,false,false,false,security_type=etf;symbol_not_4_digit
2025-06-30,00710B,復華彭博非投等債,listed,17.56,17.75,17.56,17.7,0.12,0.6826,990384,17510039,110,TWSE,bond_etf,false,true,true,true,false,false,false,false,false,security_type=bond_etf;symbol_not_4_digit
2025-06-30,00711B,復華彭博新興債,listed,14.42,14.46,14.41,14.44,0.08,0.5571,162315,2342813,104,TWSE,bond_etf,false,true,true,true,false,false,false,false,false,security_type=bond_etf;symbol_not_4_digit
2025-06-30,00712,復華富時不動產,listed,8.12,8.19,8.12,8.16,0.05,0.6165,17087458,139283912,2785,TWSE,etf,false,true,false,false,false,false,false,false,false,security_type=etf;symbol_not_4_digit
2025-06-30,00713,元大台灣高息低波,listed,50.45,50.45,50.25,50.25,-0.2,-0.3964,8220512,413845978,7992,TWSE,etf,false,true,false,false,false,false,false,false,false,security_type=etf;symbol_not_4_digit
2025-06-30,00714,群益道瓊美國地產,listed,18.56,18.77,18.56,18.73,0.17,0.9159,569888,10670136,125,TWSE,etf,false,true,false,false,false,false,false,false,false,security_type=etf;symbol_not_4_digit
2025-06-30,00715L,期街口布蘭特正2,listed,10.3,10.5,10.29,10.49,-0.08,-0.7569,27021024,280306225,3481,TWSE,leveraged_inverse,false,true,true,false,true,false,false,false,false,security_type=leveraged_inverse;symbol_not_4_digit
2025-06-30,00717,富邦美國特別股,listed,13.75,13.82,13.75,13.8,0.07,0.5098,151172,2082175,164,TWSE,preferred_stock,false,true,false,false,false,false,true,false,false,security_type=preferred_stock;symbol_not_4_digit
2025-06-30,00728,第一金工業30,listed,30.29,30.43,30.29,30.41,0.12,0.3962,70305,2135743,141,TWSE,other,false,false,false,false,false,false,false,false,false,symbol_not_4_digit
2025-06-30,00730,富邦臺灣優質高息,listed,21.84,21.93,21.65,21.8,-0.06,-0.2745,417638,9110460,347,TWSE,etf,false,true,false,false,false,false,false,false,false,security_type=etf;symbol_not_4_digit
2025-06-30,00731,復華富時高息低波,listed,66.5,66.75,66.3,66.3,-0.3,-0.4505,608994,40501357,324,TWSE,etf,false,true,false,false,false,false,false,false,false,security_type=etf;symbol_not_4_digit
2025-06-30,00733,富邦臺灣中小,listed,38.72,38.73,38.54,38.58,-0.14,-0.3616,692132,26722207,961,TWSE,etf,false,true,false,false,false,false,false,false,false,security_type=etf;symbol_not_4_digit
2025-06-30,00735,國泰臺韓科技,listed,34.02,34.21,34.01,34.07,-0.01,-0.0293,176561,6021642,123,TWSE,etf,false,true,false,false,false,false,false,false,false,security_type=etf;symbol_not_4_digit
2025-06-30,00736,國泰新興市場,listed,23.55,23.55,23.48,23.49,-0.14,-0.5925,117839,2768228,88,TWSE,etf,false,true,false,false,false,false,false,false,false,security_type=etf;symbol_not_4_digit
2025-06-30,00737,國泰AI機器人,listed,30.63,30.87,30.6,30.8,0.35,1.1494,179544,5518875,169,TWSE,etf,false,true,false,false,false,false,false,false,false,security_type=etf;symbol_not_4_digit
2025-06-30,00738U,期元大道瓊白銀,listed,30.18,30.42,30.08,30.4,-0.23,-0.7509,1598886,48409284,452,TWSE,etf,false,true,true,false,false,false,false,false,false,security_type=etf;symbol_not_4_digit
2025-06-30,00739,元大MSCI A股,listed,20.67,20.86,20.67,20.85,0.11,0.5304,41145,854707,125,TWSE,etf,false,true,false,false,false,false,false,false,false,security_type=etf;symbol_not_4_digit
2025-06-30,00752,中信中國50,listed,22.2,22.35,22.12,22.22,0.09,0.4067,1157935,25686583,417,TWSE,etf,false,true,false,false,false,false,false,false,false,security_type=etf;symbol_not_4_digit
2025-06-30,00753L,中信中國50正2,listed,9.84,9.91,9.74,9.82,0.03,0.3064,14321461,140663193,1526,TWSE,leveraged_inverse,false,true,true,false,true,false,false,false,false,security_type=leveraged_inverse;symbol_not_4_digit
2025-06-30,00757,統一FANG+,listed,103.2,103.95,102.95,103.8,2.15,2.1151,5679917,587181802,6902,TWSE,etf,false,true,false,false,false,false,false,false,false,security_type=etf;symbol_not_4_digit
2025-06-30,00762,元大全球AI,listed,66.85,67.9,66.85,67.75,1.0,1.4981,583659,39444125,686,TWSE,etf,false,true,false,false,false,false,false,false,false,security_type=etf;symbol_not_4_digit
2025-06-30,00763U,期街口道瓊銅,listed,28.5,28.59,28.39,28.59,0.11,0.3862,503625,14355981,110,TWSE,warrant,false,false,true,false,false,false,false,false,false,security_type=warrant;symbol_not_4_digit
2025-06-30,00770,國泰北美科技,listed,45.0,45.61,45.0,45.5,0.58,1.2912,1110997,50448504,846,TWSE,etf,false,true,false,false,false,false,false,false,false,security_type=etf;symbol_not_4_digit
2025-06-30,00771,元大US高息特別股,listed,14.88,14.99,14.88,14.99,0.1,0.6716,14311,213214,79,TWSE,preferred_stock,false,true,false,false,false,false,true,false,false,security_type=preferred_stock;symbol_not_4_digit
2025-06-30,00775B,台新投等債15+,listed,29.55,29.65,29.55,29.65,0.05,0.1689,42987,1270162,114,TWSE,bond_etf,false,true,true,true,false,false,false,false,false,security_type=bond_etf;symbol_not_4_digit
2025-06-30,00783,富邦中証500,listed,18.32,18.41,18.32,18.35,0.17,0.9351,155055,2847480,52,TWSE,etf,false,true,false,false,false,false,false,false,false,security_type=etf;symbol_not_4_digit
2025-06-30,00830,國泰費城半導體,listed,41.67,42.04,41.57,41.91,0.6,1.4524,13978918,583706284,4889,TWSE,etf,false,true,false,false,false,false,false,false,false,security_type=etf;symbol_not_4_digit
2025-06-30,00850,元大臺灣ESG永續,listed,43.59,43.65,43.49,43.62,0.03,0.0688,1170444,51017279,1170,TWSE,etf,false,true,false,false,false,false,false,false,false,security_type=etf;symbol_not_4_digit
2025-06-30,00851,台新全球AI,listed,47.9,48.3,47.9,48.22,0.62,1.3025,68197,3284881,83,TWSE,other,false,false,false,false,false,false,false,false,false,symbol_not_4_digit
2025-06-30,00852L,國泰美國道瓊正2,listed,24.64,25.21,24.64,25.2,0.8,3.2787,1959322,49195036,287,TWSE,leveraged_inverse,false,true,true,false,true,false,false,false,false,security_type=leveraged_inverse;symbol_not_4_digit
2025-06-30,00861,元大全球未來通訊,listed,41.95,42.3,41.95,42.25,0.35,0.8353,75156,3168235,150,TWSE,etf,false,true,false,false,false,false,false,false,false,security_type=etf;symbol_not_4_digit
2025-06-30,00865B,國泰US短期公債,listed,43.27,43.27,42.87,43.0,-1.0,-2.2727,989783,42536512,359,TWSE,bond_etf,false,true,true,true,false,false,false,false,false,security_type=bond_etf;symbol_not_4_digit
2025-06-30,00875,國泰網路資安,listed,37.22,37.54,37.22,37.44,0.11,0.2947,224375,8397718,666,TWSE,etf,false,true,false,false,false,false,false,false,false,security_type=etf;symbol_not_4_digit
2025-06-30,00876,元大全球5G,listed,36.36,36.65,36.36,36.62,0.49,1.3562,102267,3737051,239,TWSE,etf,false,true,false,false,false,false,false,false,false,security_type=etf;symbol_not_4_digit
2025-06-30,00878,國泰永續高股息,listed,20.94,20.95,20.86,20.9,-0.05,-0.2387,26238669,548710983,14743,TWSE,etf,false,true,false,false,false,false,false,false,false,security_type=etf;symbol_not_4_digit
2025-06-30,00881,國泰台灣科技龍頭,listed,23.78,23.83,23.72,23.76,0.01,0.0421,5544536,131862130,2495,TWSE,etf,false,true,false,false,false,false,false,false,false,security_type=etf;symbol_not_4_digit
2025-06-30,00882,中信中國高股息,listed,13.0,13.05,12.95,13.02,0.05,0.3855,6340720,82519670,1238,TWSE,etf,false,true,false,false,false,false,false,false,false,security_type=etf;symbol_not_4_digit
2025-06-30,00885,富邦越南,listed,12.14,12.26,12.14,12.24,0.18,1.4925,7190065,87882014,1473,TWSE,etf,false,true,false,false,false,false,false,false,false,security_type=etf;symbol_not_4_digit
2025-06-30,00891,中信關鍵半導體,listed,16.85,16.88,16.79,16.8,-0.06,-0.3559,2416720,40698047,1364,TWSE,etf,false,true,false,false,false,false,false,false,false,security_type=etf;symbol_not_4_digit
2025-06-30,00892,富邦台灣半導體,listed,17.35,17.35,17.26,17.26,-0.08,-0.4614,747408,12941740,411,TWSE,etf,false,true,false,false,false,false,false,false,false,security_type=etf;symbol_not_4_digit
2025-06-30,00893,國泰智能電動車,listed,23.29,23.65,23.29,23.6,0.31,1.331,3267665,76959712,1090,TWSE,etf,false,true,false,false,false,false,false,false,false,security_type=etf;symbol_not_4_digit
2025-06-30,00894,中信小資高價30,listed,19.79,19.83,19.74,19.74,0.04,0.203,1016242,20106238,620,TWSE,etf,false,true,false,false,false,false,false,false,false,security_type=etf;symbol_not_4_digit
2025-06-30,00895,富邦未來車,listed,29.99,30.25,29.99,30.17,0.42,1.4118,2894382,87208641,1277,TWSE,etf,false,true,false,false,false,false,false,false,false,security_type=etf;symbol_not_4_digit
2025-06-30,00896,中信綠能及電動車,listed,15.65,15.67,15.57,15.6,0.01,0.0641,415359,6484838,426,TWSE,etf,false,true,false,false,false,false,false,false,false,security_type=etf;symbol_not_4_digit
2025-06-30,00897,富邦基因免疫生技,listed,6.35,6.38,6.31,6.36,0.01,0.1575,488153,3100692,177,TWSE,etf,false,true,false,false,false,false,false,false,false,security_type=etf;symbol_not_4_digit
2025-06-30,00898,國泰基因免疫革命,listed,5.95,5.99,5.92,5.96,0.02,0.3367,424602,2530964,124,TWSE,etf,false,true,false,false,false,false,false,false,false,security_type=etf;symbol_not_4_digit
2025-06-30,00899,FT潔淨能源,listed,14.06,14.11,14.04,14.1,0.04,0.2845,45972,646385,77,TWSE,other,false,false,false,false,false,false,false,false,false,symbol_not_4_digit
2025-06-30,00900,富邦特選高股息30,listed,12.89,12.92,12.83,12.83,-0.05,-0.3882,6274303,80724182,2362,TWSE,etf,false,true,false,false,false,false,false,false,false,security_type=etf;symbol_not_4_digit
2025-06-30,00901,永豐智能車供應鏈,listed,20.01,20.05,19.93,20.0,0.0,0.0,115865,2317092,116,TWSE,etf,false,true,false,false,false,false,false,false,false,security_type=etf;symbol_not_4_digit
2025-06-30,00902,中信電池及儲能,listed,7.73,7.81,7.73,7.79,0.11,1.4323,1538866,11986669,378,TWSE,etf,false,true,false,false,false,false,false,false,false,security_type=etf;symbol_not_4_digit
2025-06-30,00903,富邦元宇宙,listed,14.2,14.49,14.2,14.46,0.24,1.6878,643674,9280049,263,TWSE,etf,false,true,false,false,false,false,false,false,false,security_type=etf;symbol_not_4_digit
2025-06-30,00904,台新臺灣半導體30,listed,17.58,17.62,17.49,17.54,-0.04,-0.2275,208656,3663530,202,TWSE,other,false,false,false,false,false,false,false,false,false,symbol_not_4_digit
2025-06-30,00905,FT臺灣Smart,listed,13.6,13.61,13.53,13.53,-0.02,-0.1476,2005955,27209519,935,TWSE,other,false,false,false,false,false,false,false,false,false,symbol_not_4_digit
2025-06-30,00907,永豐優息存股,listed,14.92,14.92,14.8,14.8,-0.12,-0.8043,657549,9757361,262,TWSE,etf,false,true,false,false,false,false,false,false,false,security_type=etf;symbol_not_4_digit
2025-06-30,00908,富邦入息REITs+,listed,12.8,12.85,12.8,12.82,0.1,0.7862,490943,6299146,81,TWSE,etf,false,true,false,false,false,false,false,false,false,security_type=etf;symbol_not_4_digit
2025-06-30,00909,國泰數位支付服務,listed,31.53,32.0,31.53,31.85,0.32,1.0149,5882936,187099771,3353,TWSE,etf,false,true,false,false,false,false,false,false,false,security_type=etf;symbol_not_4_digit
2025-06-30,00910,第一金太空衛星,listed,31.41,31.62,31.39,31.6,0.21,0.669,1440408,45409382,1303,TWSE,other,false,false,false,false,false,false,false,false,false,symbol_not_4_digit
2025-06-30,00911,兆豐洲際半導體,listed,24.88,25.13,24.88,25.05,0.16,0.6428,463599,11596272,255,TWSE,etf,false,true,false,false,false,false,false,false,false,security_type=etf;symbol_not_4_digit
2025-06-30,00912,中信臺灣智慧50,listed,18.35,18.35,18.24,18.27,-0.03,-0.1639,298650,5463108,296,TWSE,etf,false,true,false,false,false,false,false,false,false,security_type=etf;symbol_not_4_digit
2025-06-30,00913,兆豐台灣晶圓製造,listed,19.78,19.78,19.7,19.74,0.01,0.0507,171918,3391376,37,TWSE,etf,false,true,false,false,false,false,false,false,false,security_type=etf;symbol_not_4_digit
2025-06-30,00915,凱基優選高股息30,listed,22.44,22.44,22.29,22.33,-0.07,-0.3125,5607188,125358636,1707,TWSE,etf,false,true,false,false,false,false,false,false,false,security_type=etf;symbol_not_4_digit
2025-06-30,00916,國泰全球品牌50,listed,22.94,23.04,22.84,23.01,0.42,1.8592,585747,13451960,396,TWSE,etf,false,true,false,false,false,false,false,false,false,security_type=etf;symbol_not_4_digit
2025-06-30,00917,中信特選金融,listed,21.48,21.56,21.45,21.54,0.32,1.508,547232,11775493,303,TWSE,etf,false,true,false,false,false,false,false,false,false,security_type=etf;symbol_not_4_digit
2025-06-30,00918,大華優利高填息30,listed,21.7,21.76,21.62,21.64,-0.04,-0.1845,15375714,333549661,4725,TWSE,other,false,false,false,false,false,false,false,false,false,symbol_not_4_digit
2025-06-30,00919,群益台灣精選高息,listed,21.6,21.63,21.45,21.46,-0.14,-0.6481,66473271,1428273163,33675,TWSE,etf,false,true,false,false,false,false,false,false,false,security_type=etf;symbol_not_4_digit
2025-06-30,00920,富邦ESG綠色電力,listed,12.35,12.43,12.34,12.39,0.05,0.4052,667447,8255474,86,TWSE,etf,false,true,false,false,false,false,false,false,false,security_type=etf;symbol_not_4_digit
2025-06-30,00921,兆豐龍頭等權重,listed,16.62,16.67,16.56,16.59,-0.02,-0.1204,95893,1593408,217,TWSE,etf,false,true,false,false,false,false,false,false,false,security_type=etf;symbol_not_4_digit
2025-06-30,00922,國泰台灣領袖50,listed,20.81,20.84,20.73,20.75,-0.01,-0.0482,5628820,116927342,2196,TWSE,etf,false,true,false,false,false,false,false,false,false,security_type=etf;symbol_not_4_digit
2025-06-30,00923,群益台ESG低碳50,listed,21.1,21.12,21.05,21.06,-0.02,-0.0949,2341958,49395011,1335,TWSE,etf,false,true,false,false,false,false,false,false,false,security_type=etf;symbol_not_4_digit
2025-06-30,00924,復華S&P500成長,listed,23.88,24.12,23.88,24.06,0.38,1.6047,5984891,143710206,2415,TWSE,etf,false,true,false,false,false,false,false,false,false,security_type=etf;symbol_not_4_digit
2025-06-30,00926,凱基全球菁英55,listed,20.22,20.27,20.13,20.21,0.27,1.3541,2061693,41632405,495,TWSE,etf,false,true,false,false,false,false,false,false,false,security_type=etf;symbol_not_4_digit
2025-06-30,00927,群益半導體收益,listed,17.17,17.2,17.1,17.12,-0.05,-0.2912,1676678,28784534,844,TWSE,etf,false,true,false,false,false,false,false,false,false,security_type=etf;symbol_not_4_digit
2025-06-30,00929,復華台灣科技優息,listed,17.4,17.48,17.37,17.38,-0.08,-0.4582,17331695,301944080,4119,TWSE,etf,false,true,false,false,false,false,false,false,false,security_type=etf;symbol_not_4_digit
2025-06-30,00930,永豐ESG低碳高息,listed,17.17,17.2,17.1,17.1,-0.07,-0.4077,997055,17104210,385,TWSE,etf,false,true,false,false,false,false,false,false,false,security_type=etf;symbol_not_4_digit
2025-06-30,00932,兆豐永續高息等權,listed,13.89,13.89,13.78,13.8,-0.08,-0.5764,480216,6643650,320,TWSE,etf,false,true,false,false,false,false,false,false,false,security_type=etf;symbol_not_4_digit
2025-06-30,00934,中信成長高股息,listed,18.11,18.17,18.03,18.04,-0.03,-0.166,2219249,40179659,620,TWSE,etf,false,true,false,false,false,false,false,false,false,security_type=etf;symbol_not_4_digit
2025-06-30,00935,野村臺灣新科技50,listed,21.56,21.6,21.51,21.55,0.02,0.0929,2753886,59385818,966,TWSE,other,false,false,false,false,false,false,false,false,false,symbol_not_4_digit
2025-06-30,00936,台新永續高息中小,listed,14.55,14.63,14.51,14.52,-0.04,-0.2747,2454195,35761631,554,TWSE,other,false,false,false,false,false,false,false,false,false,symbol_not_4_digit
2025-06-30,00938,凱基優選30,listed,14.44,14.47,14.38,14.41,-0.01,-0.0693,341751,4934762,184,TWSE,etf,false,true,false,false,false,false,false,false,false,security_type=etf;symbol_not_4_digit
2025-06-30,00939,統一台灣高息動能,listed,13.77,13.77,13.72,13.74,-0.04,-0.2903,3551406,48816963,1260,TWSE,etf,false,true,false,false,false,false,false,false,false,security_type=etf;symbol_not_4_digit
2025-06-30,00940,元大台灣價值高息,listed,9.0,9.02,8.97,8.98,-0.03,-0.333,18563994,166915196,3747,TWSE,etf,false,true,false,false,false,false,false,false,false,security_type=etf;symbol_not_4_digit
2025-06-30,00941,中信上游半導體,listed,13.44,13.59,13.44,13.52,0.17,1.2734,4751156,64341086,1235,TWSE,etf,false,true,false,false,false,false,false,false,false,security_type=etf;symbol_not_4_digit
2025-06-30,00943,兆豐電子高息等權,listed,13.67,13.67,13.58,13.6,-0.07,-0.5121,348068,4739992,108,TWSE,etf,false,true,false,false,false,false,false,false,false,security_type=etf;symbol_not_4_digit
2025-06-30,00944,野村趨勢動能高息,listed,13.97,14.0,13.89,13.9,-0.05,-0.3584,352452,4907538,301,TWSE,other,false,false,false,false,false,false,false,false,false,symbol_not_4_digit
2025-06-30,00945B,凱基美國非投等債,listed,13.38,13.45,13.36,13.42,0.1,0.7508,6050188,81058231,669,TWSE,bond_etf,false,true,true,true,false,false,false,false,false,security_type=bond_etf;symbol_not_4_digit
2025-06-30,00946,群益科技高息成長,listed,9.03,9.06,8.98,9.0,-0.01,-0.111,2211465,19955196,636,TWSE,etf,false,true,false,false,false,false,false,false,false,security_type=etf;symbol_not_4_digit
2025-06-30,00947,台新臺灣IC設計,listed,13.54,13.54,13.4,13.41,-0.13,-0.9601,457685,6160202,363,TWSE,other,false,false,false,false,false,false,false,false,false,symbol_not_4_digit
2025-06-30,00949,復華日本龍頭,listed,15.62,15.76,15.62,15.66,0.19,1.2282,3939128,61823585,965,TWSE,etf,false,true,false,false,false,false,false,false,false,security_type=etf;symbol_not_4_digit
2025-06-30,00951,台新日本半導體,listed,8.65,8.79,8.64,8.68,0.19,2.2379,9878655,86116751,1437,TWSE,other,false,false,false,false,false,false,false,false,false,symbol_not_4_digit
2025-06-30,00952,凱基台灣AI50,listed,9.49,9.52,9.44,9.46,0.02,0.2119,1174449,11132056,328,TWSE,etf,false,true,false,false,false,false,false,false,false,security_type=etf;symbol_not_4_digit
2025-06-30,00953B,群益優選非投等債,listed,9.05,9.1,9.04,9.09,0.1,1.1123,40280598,365074799,2495,TWSE,bond_etf,false,true,true,true,false,false,false,false,false,security_type=bond_etf;symbol_not_4_digit
2025-06-30,00954,中信日本半導體,listed,9.13,9.25,9.11,9.14,0.2,2.2371,2911046,26769398,524,TWSE,etf,false,true,false,false,false,false,false,false,false,security_type=etf;symbol_not_4_digit
2025-06-30,00956,中信日經高股息,listed,9.19,9.25,9.17,9.22,0.12,1.3187,342071,3154024,199,TWSE,etf,false,true,false,false,false,false,false,false,false,security_type=etf;symbol_not_4_digit
2025-06-30,00960,野村全球航運龍頭,listed,13.36,13.37,13.31,13.36,-0.01,-0.0748,814721,10876130,403,TWSE,other,false,false,false,false,false,false,false,false,false,symbol_not_4_digit
2025-06-30,00961,FT臺灣永續高息,listed,9.27,9.27,9.2,9.2,-0.03,-0.325,1664944,15342628,239,TWSE,other,false,false,false,false,false,false,false,false,false,symbol_not_4_digit
2025-06-30,00962,台新AI優息動能,listed,9.4,9.44,9.37,9.37,0.0,0.0,574756,5406176,202,TWSE,other,false,false,false,false,false,false,false,false,false,symbol_not_4_digit
2025-06-30,00963,中信全球高股息,listed,9.92,9.98,9.92,9.96,0.13,1.3225,1797913,17889130,313,TWSE,etf,false,true,false,false,false,false,false,false,false,security_type=etf;symbol_not_4_digit
2025-06-30,00964,中信亞太高股息,listed,9.94,9.94,9.9,9.93,0.05,0.5061,726598,7199438,85,TWSE,etf,false,true,false,false,false,false,false,false,false,security_type=etf;symbol_not_4_digit
2025-06-30,00965,元大航太防衛科技,listed,19.35,19.52,19.35,19.48,0.2,1.0373,9822320,191214826,2631,TWSE,etf,false,true,false,false,false,false,false,false,false,security_type=etf;symbol_not_4_digit
2025-06-30,00971,野村美國研發龍頭,listed,13.83,14.0,13.82,13.99,0.28,2.0423,3119790,43553696,711,TWSE,other,false,false,false,false,false,false,false,false,false,symbol_not_4_digit
2025-06-30,00972,野村日本動能高息,listed,14.63,14.75,14.61,14.72,0.27,1.8685,1633847,24001547,96,TWSE,other,false,false,false,false,false,false,false,false,false,symbol_not_4_digit
2025-06-30,009800,中信NASDAQ,listed,9.12,9.22,9.12,9.21,0.15,1.6556,7743907,71069388,1280,TWSE,etf,false,true,false,false,false,false,false,false,false,security_type=etf;symbol_not_4_digit
2025-06-30,009801,中信美國創新科技,listed,9.27,9.38,9.27,9.35,0.16,1.741,4574852,42703761,929,TWSE,etf,false,true,false,false,false,false,false,false,false,security_type=etf;symbol_not_4_digit
2025-06-30,009802,富邦旗艦50,listed,9.62,9.63,9.58,9.58,-0.04,-0.4158,5810988,55803817,660,TWSE,etf,false,true,false,false,false,false,false,false,false,security_type=etf;symbol_not_4_digit
2025-06-30,009803,玉山市值動能50,listed,10.32,10.32,10.28,10.28,-0.01,-0.0972,1043912,10752701,445,TWSE,other,false,false,false,false,false,false,false,false,false,symbol_not_4_digit
2025-06-30,009804,聯邦台精彩50,listed,11.68,11.68,11.59,11.61,0.02,0.1726,2395965,27856375,311,TWSE,other,false,false,false,false,false,false,false,false,false,symbol_not_4_digit
2025-06-30,009805,台新美國電力基建,listed,10.24,10.35,10.24,10.34,0.18,1.7717,3261786,33650724,326,TWSE,other,false,false,false,false,false,false,false,false,false,symbol_not_4_digit
2025-06-30,009808,華南永昌優選50,listed,15.56,15.61,15.54,15.55,0.01,0.0644,2347056,36575875,153,TWSE,other,false,false,false,false,false,false,false,false,false,symbol_not_4_digit
2025-06-30,00980A,主動野村臺灣優選,listed,11.3,11.31,11.26,11.27,-0.01,-0.0887,3449397,38917838,865,TWSE,etf,false,true,true,false,false,false,false,false,false,security_type=etf;symbol_not_4_digit
2025-06-30,00981A,主動統一台股增長,listed,10.96,10.99,10.91,10.95,0.05,0.4587,8068570,88392102,1271,TWSE,etf,false,true,true,false,false,false,false,false,false,security_type=etf;symbol_not_4_digit
2025-06-30,00982A,主動群益台灣強棒,listed,10.89,10.92,10.85,10.87,0.0,0.0,20328476,221337799,1905,TWSE,etf,false,true,true,false,false,false,false,false,false,security_type=etf;symbol_not_4_digit
2025-06-30,00983A,主動中信ARK創新,listed,10.4,10.42,10.33,10.39,0.01,0.0963,6619564,68641946,1138,TWSE,etf,false,true,true,false,false,false,false,false,false,security_type=etf;symbol_not_4_digit
2025-06-30,01001T,土銀富邦R1,listed,12.66,12.66,12.66,12.66,0.0,0.0,3008,38084,4,TWSE,etf,false,true,true,false,false,false,false,false,false,security_type=etf;symbol_not_4_digit
2025-06-30,01002T,土銀國泰R1,listed,15.02,15.02,15.01,15.01,0.0,0.0,287005,4308815,16,TWSE,etf,false,true,true,false,false,false,false,false,false,security_type=etf;symbol_not_4_digit
2025-06-30,01004T,土銀富邦R2,listed,11.62,11.62,11.61,11.61,0.01,0.0862,27003,313757,3,TWSE,etf,false,true,true,false,false,false,false,false,false,security_type=etf;symbol_not_4_digit
2025-06-30,01007T,兆豐國泰R2,listed,14.92,14.92,14.92,14.92,0.01,0.0671,2000,29840,1,TWSE,etf,false,true,true,false,false,false,false,false,false,security_type=etf;symbol_not_4_digit
2025-06-30,01009T,王道圓滿R1,listed,7.2,7.2,7.2,7.2,0.0,0.0,2100,15100,102,TWSE,warrant,false,false,true,false,false,false,false,false,false,security_type=warrant;symbol_not_4_digit
2025-06-30,01010T,京城樂富R1,listed,10.02,10.02,10.01,10.01,0.0,0.0,16022,160491,30,TWSE,warrant,false,false,true,false,false,false,false,false,false,security_type=warrant;symbol_not_4_digit
2025-06-30,020000,富邦特選蘋果N,listed,11.79,11.82,11.79,11.82,0.04,0.3396,2000,23610,2,TWSE,etf,false,true,false,false,false,false,false,false,false,security_type=etf;symbol_not_4_digit
2025-06-30,020011,統一微波高息20N,listed,,,,,0.0,,0,0,0,TWSE,etf,false,true,false,false,false,false,false,false,false,security_type=etf;symbol_not_4_digit;invalid_close;invalid_volume;invalid_turnover
2025-06-30,020012,富邦行動通訊N,listed,,,,,0.0,,0,0,0,TWSE,etf,false,true,false,false,false,false,false,false,false,security_type=etf;symbol_not_4_digit;invalid_close;invalid_volume;invalid_turnover
2025-06-30,020018,統一價值成長30N,listed,,,,,0.0,,0,0,0,TWSE,etf,false,true,false,false,false,false,false,false,false,security_type=etf;symbol_not_4_digit;invalid_close;invalid_volume;invalid_turnover
2025-06-30,020019,統一特選台灣5GN,listed,,,,,0.0,,0,0,0,TWSE,etf,false,true,false,false,false,false,false,false,false,security_type=etf;symbol_not_4_digit;invalid_close;invalid_volume;invalid_turnover
2025-06-30,02001L,富邦蘋果正二N,listed,23.55,23.66,23.54,23.54,-0.08,-0.3387,17000,400760,3,TWSE,etf,false,true,true,false,false,false,false,false,false,security_type=etf;symbol_not_4_digit
2025-06-30,02001R,富邦蘋果反一N,listed,1.33,1.33,1.33,1.33,0.0,0.0,10000,13300,1,TWSE,etf,false,true,true,false,false,false,false,false,false,security_type=etf;symbol_not_4_digit
2025-06-30,02001S,策元大加權策略N,listed,,,,,0.0,,0,0,0,TWSE,etf,false,true,true,false,false,false,false,false,false,security_type=etf;symbol_not_4_digit;invalid_close;invalid_volume;invalid_turnover
2025-06-30,020020,元大台股領航N,listed,12.04,12.07,12.02,12.06,-0.02,-0.1656,241000,2902240,10,TWSE,etf,false,true,false,false,false,false,false,false,false,security_type=etf;symbol_not_4_digit
2025-06-30,020028,元大特選電動車N,listed,9.04,9.04,9.01,9.02,0.0,0.0,28000,252440,6,TWSE,etf,false,true,false,false,false,false,false,false,false,security_type=etf;symbol_not_4_digit
2025-06-30,020029,元大ESG高股息N,listed,9.25,9.28,9.25,9.28,0.03,0.3243,43000,398160,6,TWSE,etf,false,true,false,false,false,false,false,false,false,security_type=etf;symbol_not_4_digit
2025-06-30,020030,統一智慧電動車N,listed,6.34,6.35,6.33,6.33,0.0,0.0,40000,253270,6,TWSE,etf,false,true,false,false,false,false,false,false,false,security_type=etf;symbol_not_4_digit
2025-06-30,020031,統一IC設計臺灣N,listed,6.03,6.03,6.03,6.03,0.0,0.0,30000,180900,1,TWSE,etf,false,true,false,false,false,false,false,false,false,security_type=etf;symbol_not_4_digit
2025-06-30,020032,元大綠能N,listed,5.54,5.54,5.54,5.54,-0.04,-0.7168,2000,11080,1,TWSE,etf,false,true,false,false,false,false,false,false,false,security_type=etf;symbol_not_4_digit
2025-06-30,020034,元大IC設計N,listed,7.68,7.68,7.68,7.68,-0.08,-1.0309,17000,130560,2,TWSE,etf,false,true,false,false,false,false,false,false,false,security_type=etf;symbol_not_4_digit
2025-06-30,020036,元大金融配息N,listed,,,,,0.0,,0,0,0,TWSE,etf,false,true,false,false,false,false,false,false,false,security_type=etf;symbol_not_4_digit;invalid_close;invalid_volume;invalid_turnover
2025-06-30,020037,元大金融高股息N,listed,7.3,7.3,7.3,7.3,0.0,0.0,3000,21900,1,TWSE,etf,false,true,false,false,false,false,false,false,false,security_type=etf;symbol_not_4_digit
2025-06-30,020038,元大ESG配息N,listed,7.68,7.68,7.67,7.67,0.0,0.0,36000,276470,3,TWSE,etf,false,true,false,false,false,false,false,false,false,security_type=etf;symbol_not_4_digit
2025-06-30,020039,元大加權N,listed,6.95,6.97,6.94,6.94,-0.01,-0.1439,153000,1064920,5,TWSE,etf,false,true,false,false,false,false,false,false,false,security_type=etf;symbol_not_4_digit
2025-06-30,1101,台泥,listed,26.0,26.05,25.5,25.5,-0.7,-2.6718,21430048,550001929,8358,TWSE,common_stock,true,false,false,false,false,false,false,false,true,
2025-06-30,1101B,台泥乙特,listed,48.35,48.35,48.25,48.35,0.0,0.0,28064,1355599,21,TWSE,warrant,false,false,true,false,false,false,false,false,false,security_type=warrant;symbol_not_4_digit
2025-06-30,1102,亞泥,listed,43.05,43.3,42.65,42.65,-0.55,-1.2731,6836238,293080637,3790,TWSE,common_stock,true,false,false,false,false,false,false,false,true,
2025-06-30,1103,嘉泥,listed,14.7,14.7,14.55,14.65,-0.05,-0.3401,140752,2056507,181,TWSE,common_stock,true,false,false,false,false,false,false,false,true,
2025-06-30,1104,環泥,listed,28.1,28.15,27.8,27.85,-0.25,-0.8897,333435,9302202,249,TWSE,common_stock,true,false,false,false,false,false,false,false,true,
2025-06-30,1108,幸福,listed,14.9,14.9,14.75,14.8,-0.05,-0.3367,62096,919667,53,TWSE,common_stock,true,false,false,false,false,false,false,false,true,
2025-06-30,1109,信大,listed,16.85,16.85,16.75,16.85,-0.05,-0.2959,57574,968079,115,TWSE,common_stock,true,false,false,false,false,false,false,false,true,
2025-06-30,1110,東泥,listed,19.9,19.9,19.35,19.5,-0.3,-1.5152,63304,1235978,71,TWSE,common_stock,true,false,false,false,false,false,false,false,true,
2025-06-30,1201,味全,listed,16.2,16.25,16.1,16.2,0.05,0.3096,188618,3048868,219,TWSE,common_stock,true,false,false,false,false,false,false,false,true,
2025-06-30,1203,味王,listed,40.05,40.5,40.05,40.05,-0.4,-0.9889,16058,646822,40,TWSE,common_stock,true,false,false,false,false,false,false,false,true,
2025-06-30,1210,大成,listed,66.3,66.9,65.5,65.9,0.1,0.152,5492916,362283310,4131,TWSE,common_stock,true,false,false,false,false,false,false,false,true,
2025-06-30,1213,大飲,listed,12.6,12.75,12.6,12.65,0.05,0.3968,15115,191107,18,TWSE,common_stock,true,false,false,false,false,false,false,false,true,
2025-06-30,1215,卜蜂,listed,126.0,128.0,125.0,127.5,2.5,2.0,2480324,314950893,2323,TWSE,common_stock,true,false,false,false,false,false,false,false,true,
2025-06-30,1216,統一,listed,80.8,82.4,80.5,81.0,0.9,1.1236,28802549,2346859084,10733,TWSE,etf,false,true,false,false,false,false,false,false,false,security_type=etf
2025-06-30,1217,愛之味,listed,10.65,10.65,10.5,10.55,-0.15,-1.4019,459828,4863718,363,TWSE,common_stock,true,false,false,false,false,false,false,false,true,
2025-06-30,1218,泰山,listed,21.0,21.0,20.5,20.5,-0.35,-1.6787,905006,18679257,585,TWSE,common_stock,true,false,false,false,false,false,false,false,true,
2025-06-30,1219,福壽,listed,14.95,14.95,14.65,14.8,-0.15,-1.0033,321693,4748177,209,TWSE,common_stock,true,false,false,false,false,false,false,false,true,
2025-06-30,1220,台榮,listed,14.2,14.2,13.9,14.1,-0.05,-0.3534,169702,2380730,112,TWSE,common_stock,true,false,false,false,false,false,false,false,true,
2025-06-30,1225,福懋油,listed,33.4,34.3,32.7,32.7,0.1,0.3067,945730,31591088,834,TWSE,common_stock,true,false,false,false,false,false,false,false,true,
2025-06-30,1227,佳格,listed,32.8,32.95,32.6,32.75,0.0,0.0,431601,14164909,507,TWSE,common_stock,true,false,false,false,false,false,false,false,true,
2025-06-30,1229,聯華,listed,43.45,43.6,43.0,43.0,-0.55,-1.2629,1042801,45180127,1382,TWSE,common_stock,true,false,false,false,false,false,false,false,true,
2025-06-30,1231,聯華食,listed,141.5,142.0,139.0,140.5,-2.0,-1.4035,321808,45328091,918,TWSE,common_stock,true,false,false,false,false,false,false,false,true,
2025-06-30,1232,大統益,listed,153.5,153.5,152.0,152.0,-1.5,-0.9772,64436,9844985,406,TWSE,common_stock,true,false,false,false,false,false,false,false,true,
2025-06-30,1233,天仁,listed,31.5,31.55,31.5,31.5,0.0,0.0,6005,189203,7,TWSE,common_stock,true,false,false,false,false,false,false,false,true,
2025-06-30,1234,黑松,listed,40.05,40.15,39.85,39.95,0.0,0.0,350106,14010543,579,TWSE,common_stock,true,false,false,false,false,false,false,false,true,
2025-06-30,1235,興泰,listed,65.2,66.9,65.2,66.9,-0.1,-0.1493,4238,280511,11,TWSE,common_stock,true,false,false,false,false,false,false,false,true,
2025-06-30,1236,宏亞,listed,22.0,22.05,21.9,21.9,-0.3,-1.3514,9618,211462,31,TWSE,common_stock,true,false,false,false,false,false,false,false,true,
2025-06-30,1256,鮮活果汁-KY,listed,124.0,124.0,122.5,122.5,-1.5,-1.2097,11209,1387269,338,TWSE,common_stock,true,false,false,false,false,false,false,false,true,
2025-06-30,1301,台塑,listed,35.0,35.2,34.35,34.85,-0.4,-1.1348,11783762,411057046,6516,TWSE,common_stock,true,false,false,false,false,false,false,false,true,
2025-06-30,1303,南亞,listed,28.1,28.1,27.25,27.3,-0.8,-2.847,25367810,698222342,7386,TWSE,common_stock,true,false,false,false,false,false,false,false,true,
2025-06-30,1304,台聚,listed,9.48,9.48,9.27,9.27,-0.24,-2.5237,1072342,9997574,916,TWSE,common_stock,true,false,false,false,false,false,false,false,true,
2025-06-30,1305,華夏,listed,10.05,10.05,9.81,9.81,-0.24,-2.3881,673581,6664923,577,TWSE,common_stock,true,false,false,false,false,false,false,false,true,
2025-06-30,1307,三芳,listed,38.15,38.35,37.75,37.95,0.15,0.3968,988221,37568996,669,TWSE,common_stock,true,false,false,false,false,false,false,false,true,
2025-06-30,1308,亞聚,listed,11.65,11.75,11.45,11.5,-0.2,-1.7094,458517,5291789,397,TWSE,common_stock,true,false,false,false,false,false,false,false,true,
2025-06-30,1309,台達化,listed,10.35,10.35,10.05,10.1,-0.2,-1.9417,352931,3598127,273,TWSE,common_stock,true,false,false,false,false,false,false,false,true,
2025-06-30,1310,台苯,listed,7.81,7.81,7.65,7.65,-0.15,-1.9231,618806,4777547,386,TWSE,common_stock,true,false,false,false,false,false,false,false,true,
2025-06-30,1312,國喬,listed,9.52,9.52,9.31,9.32,-0.23,-2.4084,1589393,14919356,1066,TWSE,common_stock,true,false,false,false,false,false,false,false,true,
2025-06-30,1312A,國喬特,listed,21.55,21.6,21.55,21.6,-0.1,-0.4608,5000,107850,4,TWSE,warrant,false,false,true,false,false,false,false,false,false,security_type=warrant;symbol_not_4_digit
2025-06-30,1313,聯成,listed,7.79,7.79,7.62,7.65,-0.13,-1.671,752591,5786822,420,TWSE,common_stock,true,false,false,false,false,false,false,false,true,
2025-06-30,1314,中石化,listed,6.64,6.64,6.52,6.54,-0.1,-1.506,4974416,32620919,1523,TWSE,common_stock,true,false,false,false,false,false,false,false,true,
2025-06-30,1315,達新,listed,66.5,66.5,66.4,66.4,0.0,0.0,5143,341870,12,TWSE,common_stock,true,false,false,false,false,false,false,false,true,
2025-06-30,1316,上曜,listed,13.75,13.85,13.5,13.6,-0.1,-0.7299,1483097,20193842,714,TWSE,common_stock,true,false,false,false,false,false,false,false,true,
2025-06-30,1319,東陽,listed,99.2,99.6,98.2,98.2,-0.9,-0.9082,2286410,225170512,1800,TWSE,common_stock,true,false,false,false,false,false,false,false,true,
2025-06-30,1321,大洋,listed,36.6,36.6,35.9,36.15,-0.45,-1.2295,222551,8029902,171,TWSE,common_stock,true,false,false,false,false,false,false,false,true,
2025-06-30,1323,永裕,listed,19.6,19.75,19.6,19.7,-0.05,-0.2532,11437,225181,12,TWSE,common_stock,true,false,false,false,false,false,false,false,true,
2025-06-30,1324,地球,listed,10.85,10.9,10.75,10.85,0.0,0.0,225597,2442891,87,TWSE,common_stock,true,false,false,false,false,false,false,false,true,
2025-06-30,1325,恆大,listed,31.4,31.9,30.9,31.4,0.3,0.9646,1153452,36253582,841,TWSE,common_stock,true,false,false,false,false,false,false,false,true,
2025-06-30,1326,台化,listed,23.55,23.55,22.9,22.9,-0.65,-2.7601,10733893,247559881,4142,TWSE,common_stock,true,false,false,false,false,false,false,false,true,
2025-06-30,1337,再生-KY,listed,5.23,5.23,5.18,5.18,-0.12,-2.2642,131478,684268,191,TWSE,common_stock,true,false,false,false,false,false,false,false,true,
2025-06-30,1338,廣華-KY,listed,24.55,24.7,24.05,24.35,-0.45,-1.8145,107112,2625778,75,TWSE,common_stock,true,false,false,false,false,false,false,false,true,
2025-06-30,1339,昭輝,listed,48.55,49.45,48.55,49.4,0.2,0.4065,38421,1884915,60,TWSE,common_stock,true,false,false,false,false,false,false,false,true,
2025-06-30,1340,勝悅-KY,listed,6.67,6.67,6.47,6.48,-0.18,-2.7027,61404,404532,113,TWSE,common_stock,true,false,false,false,false,false,false,false,true,
2025-06-30,1341,富林-KY,listed,66.0,66.7,64.5,64.5,-2.3,-3.4431,10748,702843,24,TWSE,common_stock,true,false,false,false,false,false,false,false,true,
2025-06-30,1342,八貫,listed,87.3,87.3,85.6,86.0,-1.3,-1.4891,166482,14352511,228,TWSE,common_stock,true,false,false,false,false,false,false,false,true,
2025-06-30,1402,遠東新,listed,33.05,33.6,32.9,32.9,-0.25,-0.7541,9807270,325742653,4527,TWSE,common_stock,true,false,false,false,false,false,false,false,true,
2025-06-30,1409,新纖,listed,12.45,12.5,12.15,12.15,-0.3,-2.4096,2064327,25314901,901,TWSE,common_stock,true,false,false,false,false,false,false,false,true,
2025-06-30,1410,南染,listed,37.65,37.65,37.3,37.4,-0.15,-0.3995,42000,1574000,26,TWSE,common_stock,true,false,false,false,false,false,false,false,true,
2025-06-30,1413,宏洲,listed,11.9,12.0,11.9,11.95,0.0,0.0,37000,443100,11,TWSE,common_stock,true,false,false,false,false,false,false,false,true,
2025-06-30,1414,東和,listed,18.5,18.65,18.1,18.15,-0.3,-1.626,128029,2336876,108,TWSE,common_stock,true,false,false,false,false,false,false,false,true,
2025-06-30,1416,廣豐,listed,12.05,12.1,11.85,11.85,-0.15,-1.25,171212,2049087,120,TWSE,common_stock,true,false,false,false,false,false,false,false,true,
2025-06-30,1417,嘉裕,listed,7.97,7.99,7.91,7.93,-0.1,-1.2453,53557,425499,73,TWSE,common_stock,true,false,false,false,false,false,false,false,true,
2025-06-30,1418,東華,listed,20.75,20.75,20.05,20.3,-0.45,-2.1687,106429,2151987,122,TWSE,common_stock,true,false,false,false,false,false,false,false,true,
2025-06-30,1419,新紡,listed,66.1,66.8,62.4,62.8,-3.5,-5.279,2415767,155690650,1840,TWSE,common_stock,true,false,false,false,false,false,false,false,true,
2025-06-30,1423,利華,listed,37.55,37.55,36.75,36.75,-0.8,-2.1305,3425,127708,13,TWSE,common_stock,true,false,false,false,false,false,false,false,true,
2025-06-30,1432,大魯閣,listed,17.15,17.15,16.95,16.95,-0.25,-1.4535,131872,2244479,208,TWSE,common_stock,true,false,false,false,false,false,false,false,true,
2025-06-30,1434,福懋,listed,15.9,15.9,15.6,15.6,-0.3,-1.8868,1084687,17041901,828,TWSE,common_stock,true,false,false,false,false,false,false,false,true,
2025-06-30,1435,中福,listed,34.1,35.8,32.0,35.8,1.7,4.9853,12008,394007,19,TWSE,common_stock,true,false,false,false,false,false,false,false,true,
2025-06-30,1436,華友聯,listed,120.0,120.0,117.0,117.0,-2.0,-1.6807,217938,25719907,338,TWSE,common_stock,true,false,false,false,false,false,false,false,true,
2025-06-30,1437,勤益控,listed,32.5,32.6,32.3,32.6,-0.05,-0.1531,33369,1085571,34,TWSE,common_stock,true,false,false,false,false,false,false,false,true,
2025-06-30,1438,三地開發,listed,38.95,39.1,38.6,38.6,-0.75,-1.906,21144,818166,30,TWSE,common_stock,true,false,false,false,false,false,false,false,true,
2025-06-30,1439,雋揚,listed,30.85,30.85,30.15,30.15,-0.1,-0.3306,7484,227939,60,TWSE,common_stock,true,false,false,false,false,false,false,false,true,
2025-06-30,1440,南紡,listed,13.9,13.9,13.35,13.35,-0.5,-3.6101,2387652,32420955,1015,TWSE,common_stock,true,false,false,false,false,false,false,false,true,
2025-06-30,1441,大東,listed,11.7,11.75,11.5,11.75,-0.1,-0.8439,15326,178606,60,TWSE,common_stock,true,false,false,false,false,false,false,false,true,
2025-06-30,1442,名軒,listed,75.0,75.0,71.9,71.9,-2.7,-3.6193,1447215,104542632,584,TWSE,common_stock,true,false,false,false,false,false,false,false,true,
2025-06-30,1443,立益物流,listed,31.25,31.7,31.25,31.7,0.0,0.0,11300,354403,16,TWSE,common_stock,true,false,false,false,false,false,false,false,true,
2025-06-30,1444,力麗,listed,6.47,6.5,6.36,6.43,-0.06,-0.9245,420370,2698289,301,TWSE,common_stock,true,false,false,false,false,false,false,false,true,
2025-06-30,1445,大宇,listed,15.05,15.05,14.65,14.8,-0.25,-1.6611,45933,678872,35,TWSE,common_stock,true,false,false,false,false,false,false,false,true,
2025-06-30,1446,宏和,listed,25.2,25.2,24.65,24.65,-0.5,-1.9881,113759,2821695,97,TWSE,common_stock,true,false,false,false,false,false,false,false,true,
2025-06-30,1447,力鵬,listed,5.95,5.95,5.85,5.92,-0.03,-0.5042,562370,3326497,291,TWSE,common_stock,true,false,false,false,false,false,false,false,true,
2025-06-30,1449,佳和,listed,12.2,12.2,11.85,11.9,-0.2,-1.6529,256313,3060527,179,TWSE,common_stock,true,false,false,false,false,false,false,false,true,
2025-06-30,1451,年興,listed,19.05,19.1,18.55,18.75,-0.3,-1.5748,80914,1526943,125,TWSE,common_stock,true,false,false,false,false,false,false,false,true,
2025-06-30,1452,宏益,listed,11.6,11.7,11.5,11.55,-0.05,-0.431,147668,1711682,68,TWSE,common_stock,true,false,false,false,false,false,false,false,true,
2025-06-30,1453,大將,listed,13.95,14.0,13.65,13.65,-0.25,-1.7986,30492,421815,78,TWSE,common_stock,true,false,false,false,false,false,false,false,true,
2025-06-30,1454,台富,listed,14.8,14.9,14.5,14.85,-0.2,-1.3289,24518,361673,44,TWSE,common_stock,true,false,false,false,false,false,false,false,true,
2025-06-30,1455,集盛,listed,9.1,9.13,8.92,8.92,-0.19,-2.0856,242397,2181347,253,TWSE,common_stock,true,false,false,false,false,false,false,false,true,
2025-06-30,1456,怡華,listed,13.2,13.3,12.75,13.2,0.05,0.3802,64160,834331,59,TWSE,common_stock,true,false,false,false,false,false,false,false,true,
2025-06-30,1457,宜進,listed,17.3,17.4,17.3,17.4,0.0,0.0,28674,497344,41,TWSE,common_stock,true,false,false,false,false,false,false,false,true,
2025-06-30,1459,聯發,listed,11.95,12.15,11.55,11.95,0.0,0.0,69679,829590,47,TWSE,common_stock,true,false,false,false,false,false,false,false,true,
2025-06-30,1460,宏遠,listed,6.8,6.94,6.8,6.91,0.14,2.0679,572013,3925243,219,TWSE,common_stock,true,false,false,false,false,false,false,false,true,
2025-06-30,1463,強盛新,listed,20.1,20.3,20.0,20.0,0.0,0.0,156220,3148257,108,TWSE,common_stock,true,false,false,false,false,false,false,false,true,
2025-06-30,1464,得力,listed,12.7,12.7,12.45,12.45,-0.25,-1.9685,376376,4709103,362,TWSE,common_stock,true,false,false,false,false,false,false,false,true,
2025-06-30,1465,偉全,listed,13.6,13.8,13.45,13.65,0.05,0.3676,25917,353198,66,TWSE,common_stock,true,false,false,false,false,false,false,false,true,
2025-06-30,1466,聚隆,listed,16.05,16.05,14.9,15.15,-0.85,-5.3125,2212990,33665296,465,TWSE,common_stock,true,false,false,false,false,false,false,false,true,
2025-06-30,1467,南緯,listed,8.16,8.21,8.12,8.13,-0.03,-0.3676,165228,1349009,96,TWSE,common_stock,true,false,false,false,false,false,false,false,true,
2025-06-30,1468,昶和,listed,14.4,14.4,14.15,14.25,-0.1,-0.6969,34000,485300,22,TWSE,common_stock,true,false,false,false,false,false,false,false,true,
2025-06-30,1470,大統新創,listed,22.3,22.3,22.3,22.3,0.1,0.4505,3000,66900,3,TWSE,common_stock,true,false,false,false,false,false,false,false,true,
2025-06-30,1471,首利,listed,10.35,10.55,10.25,10.4,0.0,0.0,96618,1000369,78,TWSE,common_stock,true,false,false,false,false,false,false,false,true,
2025-06-30,1472,三洋實業,listed,92.9,92.9,90.6,91.5,-0.3,-0.3268,11003,1009176,13,TWSE,common_stock,true,false,false,false,false,false,false,false,true,
2025-06-30,1473,台南,listed,27.0,27.0,26.3,26.65,-0.1,-0.3738,107397,2868032,95,TWSE,common_stock,true,false,false,false,false,false,false,false,true,
2025-06-30,1474,弘裕,listed,13.4,13.4,12.6,13.05,-0.3,-2.2472,407159,5276530,221,TWSE,common_stock,true,false,false,false,false,false,false,false,true,
2025-06-30,1475,業旺,listed,44.0,44.2,43.5,43.6,-0.25,-0.5701,53493,2337426,117,TWSE,common_stock,true,false,false,false,false,false,false,false,true,
2025-06-30,1476,儒鴻,listed,425.0,426.5,410.0,410.0,-10.0,-2.381,756484,314112690,1104,TWSE,common_stock,true,false,false,false,false,false,false,false,true,
2025-06-30,1477,聚陽,listed,245.0,245.5,236.0,236.0,-9.0,-3.6735,3830226,917012165,2917,TWSE,common_stock,true,false,false,false,false,false,false,false,true,
2025-06-30,1503,士電,listed,185.0,185.0,179.5,179.5,-4.5,-2.4457,2199989,397889348,2752,TWSE,common_stock,true,false,false,false,false,false,false,false,true,
2025-06-30,1504,東元,listed,49.45,49.45,46.8,47.3,-2.15,-4.3478,17448837,827925494,6692,TWSE,common_stock,true,false,false,false,false,false,false,false,true,
2025-06-30,1506,正道,listed,11.65,11.65,11.35,11.55,-0.1,-0.8584,102720,1180924,60,TWSE,common_stock,true,false,false,false,false,false,false,false,true,
2025-06-30,1512,瑞利,listed,7.5,7.59,7.5,7.52,-0.13,-1.6993,11210,84120,43,TWSE,common_stock,true,false,false,false,false,false,false,false,true,
2025-06-30,1513,中興電,listed,167.0,167.5,162.0,162.0,-4.0,-2.4096,5926598,967975811,5415,TWSE,common_stock,true,false,false,false,false,false,false,false,true,
2025-06-30,1514,亞力,listed,111.5,111.5,108.0,108.5,-1.5,-1.3636,1718031,187202992,1731,TWSE,common_stock,true,false,false,false,false,false,false,false,true,
2025-06-30,1515,力山,listed,27.85,27.85,26.7,27.0,-0.55,-1.9964,225376,6118964,187,TWSE,common_stock,true,false,false,false,false,false,false,false,true,
2025-06-30,1516,川飛,listed,15.75,16.15,15.75,15.9,-0.15,-0.9346,21758,345278,42,TWSE,common_stock,true,false,false,false,false,false,false,false,true,
2025-06-30,1517,利奇,listed,10.5,10.5,10.3,10.3,-0.2,-1.9048,76918,795323,132,TWSE,common_stock,true,false,false,false,false,false,false,false,true,
2025-06-30,1519,華城,listed,578.0,579.0,560.0,563.0,-13.0,-2.2569,2974639,1683444466,5958,TWSE,common_stock,true,false,false,false,false,false,false,false,true,
2025-06-30,1521,大億,listed,25.75,25.75,25.6,25.6,-0.15,-0.5825,7539,193634,31,TWSE,common_stock,true,false,false,false,false,false,false,false,true,
2025-06-30,1522,堤維西,listed,47.65,47.65,46.9,46.9,-0.75,-1.574,600778,28328182,549,TWSE,common_stock,true,false,false,false,false,false,false,false,true,
2025-06-30,1522A,堤維西甲特,listed,49.0,49.15,49.0,49.15,0.0,0.0,4261,209089,179,TWSE,warrant,false,false,true,false,false,false,false,false,false,security_type=warrant;symbol_not_4_digit
2025-06-30,1524,耿鼎,listed,28.55,28.65,28.15,28.15,-0.35,-1.2281,520033,14692075,383,TWSE,common_stock,true,false,false,false,false,false,false,false,true,
2025-06-30,1525,江申,listed,62.1,64.5,62.0,62.8,0.7,1.1272,21180,1328378,23,TWSE,common_stock,true,false,false,false,false,false,false,false,true,
2025-06-30,1526,日馳,listed,19.15,19.4,19.0,19.1,-0.5,-2.551,38169,730181,61,TWSE,common_stock,true,false,false,false,false,false,false,false,true,
2025-06-30,1527,鑽全,listed,37.3,37.3,36.9,37.0,-0.3,-0.8043,131197,4854395,238,TWSE,common_stock,true,false,false,false,false,false,false,false,true,
2025-06-30,1528,恩德,listed,12.7,12.7,12.4,12.4,-0.25,-1.9763,425043,5311205,308,TWSE,common_stock,true,false,false,false,false,false,false,false,true,
2025-06-30,1529,樂事綠能,listed,27.25,27.45,26.35,26.6,-0.6,-2.2059,589837,15768026,456,TWSE,common_stock,true,false,false,false,false,false,false,false,true,
2025-06-30,1530,亞崴,listed,30.1,30.1,29.8,29.8,-0.3,-0.9967,16810,503421,247,TWSE,common_stock,true,false,false,false,false,false,false,false,true,
2025-06-30,1531,高林股,listed,11.8,11.8,11.7,11.7,-0.2,-1.6807,69931,820921,111,TWSE,common_stock,true,false,false,false,false,false,false,false,true,
2025-06-30,1532,勤美,listed,26.9,27.0,26.4,26.4,-0.55,-2.0408,842883,22374294,562,TWSE,common_stock,true,false,false,false,false,false,false,false,true,
2025-06-30,1533,車王電,listed,30.4,30.4,29.25,29.4,-0.35,-1.1765,32348,954481,45,TWSE,common_stock,true,false,false,false,false,false,false,false,true,
2025-06-30,1535,中宇,listed,58.8,59.0,57.6,57.6,0.2,0.3484,47973,2779791,66,TWSE,common_stock,true,false,false,false,false,false,false,false,true,
2025-06-30,1536,和大,listed,59.0,59.1,57.6,57.9,-1.0,-1.6978,2061707,119744916,1622,TWSE,common_stock,true,false,false,false,false,false,false,false,true,
2025-06-30,1537,廣隆,listed,140.0,140.5,139.5,139.5,-0.5,-0.3571,50374,7045197,67,TWSE,common_stock,true,false,false,false,false,false,false,false,true,
2025-06-30,1538,正峰,listed,26.6,26.6,24.5,26.4,0.4,1.5385,23205,584290,21,TWSE,common_stock,true,false,false,false,false,false,false,false,true,
2025-06-30,1539,巨庭,listed,20.1,20.1,19.35,19.5,-0.55,-2.7431,353078,6907313,272,TWSE,common_stock,true,false,false,false,false,false,false,false,true,
2025-06-30,1540,喬福,listed,29.4,29.4,28.75,28.8,-0.5,-1.7065,184783,5331872,185,TWSE,common_stock,true,false,false,false,false,false,false,false,true,
2025-06-30,1541,錩泰,listed,30.95,31.15,30.5,30.65,-0.3,-0.9693,14000,431850,12,TWSE,common_stock,true,false,false,false,false,false,false,false,true,
2025-06-30,1558,伸興,listed,100.0,100.0,99.8,99.9,-0.1,-0.1,49263,4924142,66,TWSE,common_stock,true,false,false,false,false,false,false,false,true,
2025-06-30,1560,中砂,listed,318.0,328.0,315.0,320.5,4.0,1.2638,4535961,1463355520,5359,TWSE,common_stock,true,false,false,false,false,false,false,false,true,
2025-06-30,1563,巧新,listed,53.7,53.7,52.7,52.9,-1.1,-2.037,259179,13722012,221,TWSE,common_stock,true,false,false,false,false,false,false,false,true,
2025-06-30,1568,倉佑,listed,23.85,23.85,23.4,23.65,-0.2,-0.8386,45926,1087146,67,TWSE,common_stock,true,false,false,false,false,false,false,false,true,
2025-06-30,1582,信錦,listed,70.7,71.0,69.8,69.9,-0.9,-1.2712,519199,36508633,569,TWSE,common_stock,true,false,false,false,false,false,false,false,true,
2025-06-30,1583,程泰,listed,59.0,59.0,59.0,59.0,0.0,0.0,1018,60060,5,TWSE,common_stock,true,false,false,false,false,false,false,false,true,
2025-06-30,1587,吉茂,listed,29.65,29.65,29.15,29.3,-0.6,-2.0067,53284,1565887,132,TWSE,common_stock,true,false,false,false,false,false,false,false,true,
2025-06-30,1589,永冠-KY,listed,25.0,25.0,23.95,23.95,-1.05,-4.2,213754,5157222,316,TWSE,common_stock,true,false,false,false,false,false,false,false,true,
2025-06-30,1590,亞德客-KY,listed,875.0,889.0,871.0,871.0,3.0,0.3456,638528,560853320,610,TWSE,common_stock,true,false,false,false,false,false,false,false,true,
2025-06-30,1597,直得,listed,85.5,85.5,83.5,83.5,-2.0,-2.3392,433039,36475248,509,TWSE,common_stock,true,false,false,false,false,false,false,false,true,
2025-06-30,1598,岱宇,listed,21.95,21.95,21.5,21.75,-0.2,-0.9112,152971,3309409,148,TWSE,common_stock,true,false,false,false,false,false,false,false,true,
2025-06-30,1603,華電,listed,39.7,39.75,38.5,38.5,-0.95,-2.4081,409640,15921703,363,TWSE,common_stock,true,false,false,false,false,false,false,false,true,
2025-06-30,1604,聲寶,listed,25.25,25.3,25.05,25.3,0.0,0.0,138207,3481242,131,TWSE,common_stock,true,false,false,false,false,false,false,false,true,
2025-06-30,1605,華新,listed,21.75,22.55,21.55,21.6,-0.15,-0.6897,25255918,552488376,12136,TWSE,common_stock,true,false,false,false,false,false,false,false,true,
2025-06-30,1608,華榮,listed,26.2,26.3,25.6,25.6,-0.35,-1.3487,857198,22164713,604,TWSE,common_stock,true,false,false,false,false,false,false,false,true,
2025-06-30,1609,大亞,listed,38.5,38.95,37.75,37.9,-0.5,-1.3021,2099159,80121213,1592,TWSE,common_stock,true,false,false,false,false,false,false,false,true,
2025-06-30,1611,中電,listed,12.85,12.85,12.65,12.7,-0.15,-1.1673,198893,2526392,280,TWSE,common_stock,true,false,false,false,false,false,false,false,true,
2025-06-30,1612,宏泰,listed,38.45,38.6,37.85,37.85,-0.4,-1.0458,1571543,60009165,1181,TWSE,common_stock,true,false,false,false,false,false,false,false,true,
2025-06-30,1614,三洋電,listed,39.3,39.45,38.85,38.85,-0.1,-0.2567,153142,6013592,41,TWSE,common_stock,true,false,false,false,false,false,false,false,true,
2025-06-30,1615,大山,listed,51.6,51.6,50.8,50.9,-0.4,-0.7797,29872,1529393,52,TWSE,common_stock,true,false,false,false,false,false,false,false,true,
2025-06-30,1616,億泰,listed,39.6,39.6,38.2,38.9,-0.7,-1.7677,6165602,238654265,3947,TWSE,common_stock,true,false,false,false,false,false,false,false,true,
2025-06-30,1617,榮星,listed,16.95,17.25,16.4,16.4,-0.35,-2.0896,155453,2579539,190,TWSE,common_stock,true,false,false,false,false,false,false,false,true,
2025-06-30,1618,合機,listed,49.0,49.35,47.3,47.3,-1.35,-2.7749,1543427,74023962,1224,TWSE,common_stock,true,false,false,false,false,false,false,false,true,
2025-06-30,1626,艾美特-KY,listed,11.05,11.1,11.0,11.0,-0.15,-1.3453,44590,492278,57,TWSE,common_stock,true,false,false,false,false,false,false,false,true,
2025-06-30,1702,南僑,listed,41.5,41.5,40.85,40.85,-0.6,-1.4475,549342,22545035,502,TWSE,common_stock,true,false,false,false,false,false,false,false,true,
2025-06-30,1707,葡萄王,listed,127.0,127.0,125.0,125.5,-1.5,-1.1811,74619,9381293,286,TWSE,common_stock,true,false,false,false,false,false,false,false,true,
2025-06-30,1708,東鹼,listed,31.05,31.05,30.4,30.4,-0.65,-2.0934,620748,19008267,538,TWSE,common_stock,true,false,false,false,false,false,false,false,true,
2025-06-30,1709,和益,listed,18.25,18.25,17.95,17.95,-0.25,-1.3736,86439,1555703,100,TWSE,common_stock,true,false,false,false,false,false,false,false,true,
2025-06-30,1710,東聯,listed,12.2,12.3,11.85,11.85,-0.2,-1.6598,1572967,18875163,772,TWSE,common_stock,true,false,false,false,false,false,false,false,true,
2025-06-30,1711,永光,listed,16.55,16.55,16.1,16.1,-0.35,-2.1277,536141,8712991,435,TWSE,common_stock,true,false,false,false,false,false,false,false,true,
2025-06-30,1712,興農,listed,42.0,42.0,41.55,41.75,-0.35,-0.8314,241737,10095165,270,TWSE,common_stock,true,false,false,false,false,false,false,false,true,
2025-06-30,1713,國化,listed,54.9,54.9,54.3,54.5,-0.4,-0.7286,133079,7265514,140,TWSE,common_stock,true,false,false,false,false,false,false,false,true,
2025-06-30,1714,和桐,listed,7.58,7.59,7.46,7.5,-0.08,-1.0554,384971,2892054,275,TWSE,common_stock,true,false,false,false,false,false,false,false,true,
2025-06-30,1717,長興,listed,24.35,24.35,24.0,24.0,-0.5,-2.0408,1767806,42625652,858,TWSE,common_stock,true,false,false,false,false,false,false,false,true,
2025-06-30,1718,中纖,listed,6.12,6.16,6.08,6.08,-0.07,-1.1382,1258706,7687832,544,TWSE,common_stock,true,false,false,false,false,false,false,false,true,
2025-06-30,1720,生達,listed,57.3,57.6,57.0,57.0,-0.5,-0.8696,93341,5343762,128,TWSE,common_stock,true,false,false,false,false,false,false,false,true,
2025-06-30,1721,三晃,listed,11.6,11.6,11.25,11.25,-0.35,-3.0172,479314,5473402,286,TWSE,common_stock,true,false,false,false,false,false,false,false,true,
2025-06-30,1722,台肥,listed,54.8,54.8,53.1,53.1,-2.1,-3.8043,2274310,122000152,2001,TWSE,common_stock,true,false,false,false,false,false,false,false,true,
2025-06-30,1723,中碳,listed,91.9,92.0,90.7,92.0,0.0,0.0,190518,17419554,234,TWSE,common_stock,true,false,false,false,false,false,false,false,true,
2025-06-30,1725,元禎,listed,30.25,30.9,30.0,30.25,0.05,0.1656,40639,1232185,101,TWSE,common_stock,true,false,false,false,false,false,false,false,true,
2025-06-30,1726,永記,listed,78.4,78.4,77.8,77.8,-0.6,-0.7653,8053,628734,16,TWSE,common_stock,true,false,false,false,false,false,false,false,true,
2025-06-30,1727,中華化,listed,22.1,22.3,21.7,21.75,-0.45,-2.027,158394,3458341,135,TWSE,common_stock,true,false,false,false,false,false,false,false,true,
2025-06-30,1730,花仙子,listed,55.9,56.4,55.9,56.3,0.5,0.8961,49242,2771512,123,TWSE,common_stock,true,false,false,false,false,false,false,false,true,
2025-06-30,1731,美吾華,listed,22.0,22.05,21.8,21.85,0.0,0.0,209333,4589903,168,TWSE,common_stock,true,false,false,false,false,false,false,false,true,
2025-06-30,1732,毛寶,listed,26.6,26.65,26.0,26.0,-0.55,-2.0716,158714,4160217,145,TWSE,common_stock,true,false,false,false,false,false,false,false,true,
2025-06-30,1733,五鼎,listed,28.55,29.2,28.55,28.65,0.1,0.3503,66446,1920104,75,TWSE,common_stock,true,false,false,false,false,false,false,false,true,
2025-06-30,1734,杏輝,listed,32.65,32.75,32.35,32.6,-0.05,-0.1531,220317,7163310,308,TWSE,common_stock,true,false,false,false,false,false,false,false,true,
2025-06-30,1735,日勝化,listed,15.75,15.85,15.75,15.75,-0.2,-1.2539,9192,145214,60,TWSE,common_stock,true,false,false,false,false,false,false,false,true,
2025-06-30,1736,喬山,listed,173.0,176.5,172.0,173.5,-0.5,-0.2874,1236661,215438454,1082,TWSE,common_stock,true,false,false,false,false,false,false,false,true,
2025-06-30,1737,臺鹽,listed,32.95,32.95,32.75,32.85,-0.05,-0.152,64756,2127036,106,TWSE,common_stock,true,false,false,false,false,false,false,false,true,
2025-06-30,1752,南光,listed,36.5,36.55,36.2,36.2,-0.3,-0.8219,23409,853152,44,TWSE,common_stock,true,false,false,false,false,false,false,false,true,
2025-06-30,1760,寶齡富錦,listed,73.6,73.6,72.3,72.3,-0.9,-1.2295,127255,9265251,155,TWSE,common_stock,true,false,false,false,false,false,false,false,true,
2025-06-30,1762,中化生,listed,25.7,25.95,25.7,25.8,-0.1,-0.3861,18551,478456,93,TWSE,common_stock,true,false,false,false,false,false,false,false,true,
2025-06-30,1773,勝一,listed,120.5,122.5,120.5,121.5,1.0,0.8299,312184,38020843,345,TWSE,common_stock,true,false,false,false,false,false,false,false,true,
2025-06-30,1776,展宇,listed,16.05,16.05,15.8,15.85,-0.25,-1.5528,31827,507281,40,TWSE,common_stock,true,false,false,false,false,false,false,false,true,
2025-06-30,1783,和康生,listed,43.15,43.35,42.8,42.8,-0.35,-0.8111,94030,4057592,64,TWSE,common_stock,true,false,false,false,false,false,false,false,true,
2025-06-30,1786,科妍,listed,91.5,91.5,90.5,90.7,-0.3,-0.3297,64547,5873252,99,TWSE,common_stock,true,false,false,false,false,false,false,false,true,
2025-06-30,1789,神隆,listed,17.5,17.5,16.9,17.0,-0.55,-3.1339,985762,16907323,516,TWSE,common_stock,true,false,false,false,false,false,false,false,true,
2025-06-30,1795,美時,listed,222.0,223.5,221.0,221.5,1.5,0.6818,642401,142633172,724,TWSE,common_stock,true,false,false,false,false,false,false,false,true,
2025-06-30,1802,台玻,listed,16.05,16.35,15.9,16.0,0.0,0.0,9057508,145963047,2727,TWSE,common_stock,true,false,false,false,false,false,false,false,true,
2025-06-30,1805,寶徠,listed,13.3,13.3,13.0,13.0,-0.4,-2.9851,22054,289659,18,TWSE,common_stock,true,false,false,false,false,false,false,false,true,
2025-06-30,1806,冠軍,listed,12.05,12.05,11.65,11.8,-0.1,-0.8403,1962600,23152236,1104,TWSE,common_stock,true,false,false,false,false,false,false,false,true,
2025-06-30,1808,潤隆,listed,30.05,30.6,29.8,30.15,0.05,0.1661,3231386,97740076,1439,TWSE,common_stock,true,false,false,false,false,false,false,false,true,
2025-06-30,1809,中釉,listed,15.8,15.95,15.6,15.6,-0.35,-2.1944,121421,1910263,242,TWSE,common_stock,true,false,false,false,false,false,false,false,true,
2025-06-30,1810,和成,listed,15.35,15.5,15.0,15.05,-0.3,-1.9544,1311163,19877244,595,TWSE,common_stock,true,false,false,false,false,false,false,false,true,
2025-06-30,1817,凱撒衛,listed,41.0,41.3,39.9,40.0,0.0,0.0,252391,10157925,264,TWSE,common_stock,true,false,false,false,false,false,false,false,true,
2025-06-30,1903,士紙,listed,59.2,59.2,56.1,56.1,-2.7,-4.5918,1018617,58231389,925,TWSE,common_stock,true,false,false,false,false,false,false,false,true,
2025-06-30,1904,正隆,listed,17.7,18.0,17.45,17.6,-0.1,-0.565,897068,15855130,875,TWSE,common_stock,true,false,false,false,false,false,false,false,true,
2025-06-30,1905,華紙,listed,12.1,12.1,11.7,12.0,0.05,0.4184,745631,8923804,404,TWSE,common_stock,true,false,false,false,false,false,false,false,true,
2025-06-30,1906,寶隆,listed,12.4,12.4,12.4,12.4,-0.05,-0.4016,23502,291563,50,TWSE,common_stock,true,false,false,false,false,false,false,false,true,
2025-06-30,1907,永豐餘,listed,23.45,23.45,22.9,22.9,-0.5,-2.1368,1715373,39572705,1008,TWSE,etf,false,true,false,false,false,false,false,false,false,security_type=etf
2025-06-30,1909,榮成,listed,8.83,8.95,8.76,8.91,0.05,0.5643,1137588,10108318,651,TWSE,common_stock,true,false,false,false,false,false,false,false,true,
2025-06-30,2002,中鋼,listed,18.95,19.0,18.75,18.8,-0.3,-1.5707,17184001,323316828,6861,TWSE,common_stock,true,false,false,false,false,false,false,false,true,
2025-06-30,2002A,中鋼特,listed,40.2,40.45,40.15,40.45,0.05,0.1238,7198,289558,9,TWSE,warrant,false,false,true,false,false,false,false,false,false,security_type=warrant;symbol_not_4_digit
2025-06-30,2006,東和鋼鐵,listed,64.3,64.4,63.3,63.5,-0.7,-1.0903,1479813,94212770,1131,TWSE,common_stock,true,false,false,false,false,false,false,false,true,
2025-06-30,2007,燁興,listed,7.35,7.45,7.23,7.31,-0.14,-1.8792,99122,724354,112,TWSE,common_stock,true,false,false,false,false,false,false,false,true,
2025-06-30,2008,高興昌,listed,26.05,26.05,26.05,26.05,0.0,0.0,1000,26050,1,TWSE,common_stock,true,false,false,false,false,false,false,false,true,
2025-06-30,2009,第一銅,listed,35.4,35.65,34.05,34.25,-0.15,-0.436,3657659,127024865,2163,TWSE,common_stock,true,false,false,false,false,false,false,false,true,
2025-06-30,2010,春源,listed,18.85,18.95,18.8,18.8,-0.1,-0.5291,493540,9291880,294,TWSE,common_stock,true,false,false,false,false,false,false,false,true,
2025-06-30,2012,春雨,listed,18.75,18.8,18.5,18.5,-0.7,-3.6458,46613,870396,56,TWSE,common_stock,true,false,false,false,false,false,false,false,true,
2025-06-30,2013,中鋼構,listed,43.35,43.85,43.3,43.85,0.4,0.9206,43219,1881021,71,TWSE,common_stock,true,false,false,false,false,false,false,false,true,
2025-06-30,2014,中鴻,listed,14.8,14.8,14.25,14.25,-0.5,-3.3898,2536621,36458893,1319,TWSE,common_stock,true,false,false,false,false,false,false,false,true,
2025-06-30,2015,豐興,listed,64.7,65.6,63.7,65.6,0.6,0.9231,976917,63339102,557,TWSE,common_stock,true,false,false,false,false,false,false,false,true,
2025-06-30,2017,官田鋼,listed,9.88,9.98,9.63,9.67,-0.22,-2.2245,305700,2967366,221,TWSE,common_stock,true,false,false,false,false,false,false,false,true,
2025-06-30,2020,美亞,listed,23.85,23.85,23.5,23.65,-0.2,-0.8386,161808,3824691,158,TWSE,common_stock,true,false,false,false,false,false,false,false,true,
2025-06-30,2022,聚亨,listed,7.88,7.88,7.71,7.75,-0.11,-1.3995,211706,1640983,217,TWSE,common_stock,true,false,false,false,false,false,false,false,true,
2025-06-30,2023,燁輝,listed,15.4,15.5,15.25,15.3,-0.2,-1.2903,1132953,17334724,455,TWSE,common_stock,true,false,false,false,false,false,false,false,true,
2025-06-30,2024,志聯,listed,17.3,17.3,17.3,17.3,0.15,0.8746,5417,93484,17,TWSE,common_stock,true,false,false,false,false,false,false,false,true,
2025-06-30,2025,千興,listed,14.75,14.75,14.05,14.4,0.05,0.3484,81603,1157154,101,TWSE,common_stock,true,false,false,false,false,false,false,false,true,
2025-06-30,2027,大成鋼,listed,35.25,35.25,34.35,34.65,-0.5,-1.4225,8381925,290390886,3668,TWSE,common_stock,true,false,false,false,false,false,false,false,true,
2025-06-30,2028,威致,listed,18.2,18.35,17.65,18.2,-0.05,-0.274,112693,2026390,68,TWSE,common_stock,true,false,false,false,false,false,false,false,true,
2025-06-30,2029,盛餘,listed,23.6,23.6,23.3,23.45,-0.15,-0.6356,95383,2234094,69,TWSE,common_stock,true,false,false,false,false,false,false,false,true,
2025-06-30,2030,彰源,listed,14.95,15.0,14.7,15.0,0.05,0.3344,244324,3641886,222,TWSE,common_stock,true,false,false,false,false,false,false,false,true,
2025-06-30,2031,新光鋼,listed,40.45,40.5,39.25,39.25,-1.2,-2.9666,509629,20202638,423,TWSE,common_stock,true,false,false,false,false,false,false,false,true,
2025-06-30,2032,新鋼,listed,14.0,14.0,13.55,13.6,-0.35,-2.509,172140,2345802,110,TWSE,common_stock,true,false,false,false,false,false,false,false,true,
2025-06-30,2033,佳大,listed,16.2,16.4,16.0,16.4,-0.05,-0.304,53252,861538,51,TWSE,common_stock,true,false,false,false,false,false,false,false,true,
2025-06-30,2034,允強,listed,22.3,22.3,21.8,22.15,0.05,0.2262,453694,9999184,294,TWSE,common_stock,true,false,false,false,false,false,false,false,true,
2025-06-30,2038,海光,listed,15.45,15.45,15.05,15.05,-0.4,-2.589,141576,2144832,111,TWSE,common_stock,true,false,false,false,false,false,false,false,true,
2025-06-30,2049,上銀,listed,212.0,212.5,208.0,210.0,-1.5,-0.7092,2637823,553614349,2841,TWSE,common_stock,true,false,false,false,false,false,false,false,true,
2025-06-30,2059,川湖,listed,2050.0,2090.0,2030.0,2035.0,-15.0,-0.7317,473260,976692585,1152,TWSE,common_stock,true,false,false,false,false,false,false,false,true,
2025-06-30,2062,橋椿,listed,24.55,24.55,24.2,24.3,-0.3,-1.2195,125776,3064491,115,TWSE,common_stock,true,false,false,false,false,false,false,false,true,
2025-06-30,2069,運錩,listed,14.9,14.9,14.55,14.7,-0.15,-1.0101,63383,928347,56,TWSE,common_stock,true,false,false,false,false,false,false,false,true,
2025-06-30,2101,南港,listed,36.95,36.95,36.35,36.4,-0.55,-1.4885,1558489,56930042,942,TWSE,common_stock,true,false,false,false,false,false,false,false,true,
2025-06-30,2102,泰豐,listed,21.1,21.1,20.1,20.25,-1.0,-4.7059,1358479,27687197,833,TWSE,common_stock,true,false,false,false,false,false,false,false,true,
2025-06-30,2103,台橡,listed,18.15,18.15,17.9,17.95,-0.2,-1.1019,685874,12360327,390,TWSE,common_stock,true,false,false,false,false,false,false,false,true,
2025-06-30,2104,國際中橡,listed,10.9,10.9,10.7,10.7,-0.25,-2.2831,585568,6292248,374,TWSE,common_stock,true,false,false,false,false,false,false,false,true,
2025-06-30,2105,正新,listed,39.0,39.1,37.8,37.8,-1.35,-3.4483,7970179,303815413,4593,TWSE,common_stock,true,false,false,false,false,false,false,false,true,
2025-06-30,2106,建大,listed,21.8,21.95,21.75,21.75,-0.1,-0.4577,470100,10259368,379,TWSE,common_stock,true,false,false,false,false,false,false,false,true,
2025-06-30,2107,厚生,listed,24.75,25.0,24.75,24.85,-0.05,-0.2008,193280,4804451,201,TWSE,common_stock,true,false,false,false,false,false,false,false,true,
2025-06-30,2108,南帝,listed,23.85,24.0,23.6,23.75,-0.05,-0.2101,146887,3490307,167,TWSE,common_stock,true,false,false,false,false,false,false,false,true,
2025-06-30,2109,華豐,listed,16.9,16.9,16.6,16.65,-0.2,-1.1869,156605,2616434,115,TWSE,common_stock,true,false,false,false,false,false,false,false,true,
2025-06-30,2114,鑫永銓,listed,90.1,90.1,88.8,89.9,-0.2,-0.222,17224,1542623,26,TWSE,common_stock,true,false,false,false,false,false,false,false,true,
2025-06-30,2115,六暉-KY,listed,27.8,27.8,27.55,27.7,-0.1,-0.3597,18321,505977,18,TWSE,common_stock,true,false,false,false,false,false,false,false,true,
2025-06-30,2201,裕隆,listed,34.25,34.3,33.6,33.65,-0.85,-2.4638,1960841,66425816,1437,TWSE,common_stock,true,false,false,false,false,false,false,false,true,
2025-06-30,2204,中華,listed,61.0,62.0,60.5,61.5,0.3,0.4902,1005294,61753340,951,TWSE,common_stock,true,false,false,false,false,false,false,false,true,
2025-06-30,2206,三陽工業,listed,62.8,62.8,62.0,62.1,-0.6,-0.9569,789122,49099958,650,TWSE,common_stock,true,false,false,false,false,false,false,false,true,
2025-06-30,2207,和泰車,listed,573.0,574.0,564.0,564.0,-9.0,-1.5707,416939,236196968,646,TWSE,common_stock,true,false,false,false,false,false,false,false,true,
2025-06-30,2208,台船,listed,18.7,18.7,18.15,18.2,-0.25,-1.355,3338648,61109298,1296,TWSE,common_stock,true,false,false,false,false,false,false,false,true,
2025-06-30,2211,長榮鋼,listed,85.3,86.1,85.0,85.0,-0.1,-0.1175,854725,72985393,558,TWSE,common_stock,true,false,false,false,false,false,false,false,true,
2025-06-30,2227,裕日車,listed,61.0,62.0,60.3,60.3,-0.7,-1.1475,39956,2449142,61,TWSE,common_stock,true,false,false,false,false,false,false,false,true,
2025-06-30,2228,劍麟,listed,97.4,97.5,95.7,95.8,-1.3,-1.3388,245662,23641276,264,TWSE,common_stock,true,false,false,false,false,false,false,false,true,
2025-06-30,2231,為升,listed,73.0,74.0,69.4,69.4,-2.6,-3.6111,615634,43751123,661,TWSE,common_stock,true,false,false,false,false,false,false,false,true,
2025-06-30,2233,宇隆,listed,197.0,197.0,181.0,182.0,-14.0,-7.1429,3148548,582756481,3090,TWSE,common_stock,true,false,false,false,false,false,false,false,true,
2025-06-30,2236,百達-KY,listed,100.0,101.0,98.2,99.2,-0.3,-0.3015,146361,14519723,230,TWSE,common_stock,true,false,false,false,false,false,false,false,true,
2025-06-30,2239,英利-KY,listed,30.0,30.75,29.8,29.9,-0.4,-1.3201,50367,1508839,38,TWSE,common_stock,true,false,false,false,false,false,false,false,true,
2025-06-30,2241,艾姆勒,listed,25.0,25.0,24.35,24.5,-0.4,-1.6064,205384,5049796,172,TWSE,common_stock,true,false,false,false,false,false,false,false,true,
2025-06-30,2243,宏旭-KY,listed,12.45,12.45,11.8,11.85,-0.3,-2.4691,191639,2299733,164,TWSE,common_stock,true,false,false,false,false,false,false,false,true,
2025-06-30,2247,汎德永業,listed,286.5,290.0,285.5,289.0,3.0,1.049,202929,58651449,345,TWSE,common_stock,true,false,false,false,false,false,false,false,true,
2025-06-30,2248,華勝-KY,listed,47.5,47.85,46.75,47.85,0.0,0.0,13000,615050,9,TWSE,common_stock,true,false,false,false,false,false,false,false,true,
2025-06-30,2250,IKKA-KY,listed,94.6,94.6,91.1,91.5,-2.0,-2.139,135344,12462804,149,TWSE,common_stock,true,false,false,false,false,false,false,false,true,
2025-06-30,2254,巨鎧精密-創,listed,63.1,65.4,63.1,65.4,0.1,0.1531,6000,387500,6,TWSE,common_stock,true,false,false,false,false,false,false,false,true,
2025-06-30,2258,鴻華先進-創,listed,43.15,43.15,42.0,42.0,-1.15,-2.6651,219666,9313197,193,TWSE,common_stock,true,false,false,false,false,false,false,false,true,
2025-06-30,2301,光寶科,listed,111.0,112.5,109.5,110.5,-1.0,-0.8969,9395829,1041234977,4862,TWSE,common_stock,true,false,false,false,false,false,false,false,true,
2025-06-30,2302,麗正,listed,16.1,16.1,15.6,15.65,-0.1,-0.6349,185257,2916316,94,TWSE,common_stock,true,false,false,false,false,false,false,false,true,
2025-06-30,2303,聯電,listed,44.1,44.4,43.95,44.2,-0.1,-0.2257,27637348,1219704306,11891,TWSE,common_stock,true,false,false,false,false,false,false,false,true,
2025-06-30,2305,全友,listed,10.65,10.65,10.25,10.25,-0.25,-2.381,180545,1869137,131,TWSE,common_stock,true,false,false,false,false,false,false,false,true,
2025-06-30,2308,台達電,listed,420.5,425.0,413.0,413.0,-11.0,-2.5943,5401385,2264082395,5497,TWSE,common_stock,true,false,false,false,false,false,false,false,true,
2025-06-30,2312,金寶,listed,20.4,20.55,20.1,20.25,-0.15,-0.7353,6254484,126651094,1876,TWSE,common_stock,true,false,false,false,false,false,false,false,true,
2025-06-30,2313,華通,listed,57.8,58.5,57.6,57.9,0.5,0.8711,6580821,381261565,3371,TWSE,common_stock,true,false,false,false,false,false,false,false,true,
2025-06-30,2314,台揚,listed,10.55,10.65,10.25,10.25,-1.1,-9.6916,1055138,11022601,456,TWSE,common_stock,true,false,false,false,false,false,false,false,true,
2025-06-30,2316,楠梓電,listed,51.9,54.9,51.5,53.5,1.5,2.8846,8021778,429379101,5337,TWSE,common_stock,true,false,false,false,false,false,false,false,true,
2025-06-30,2317,鴻海,listed,166.0,166.5,161.0,161.0,-4.0,-2.4242,62308280,10165201855,41102,TWSE,common_stock,true,false,false,false,false,false,false,false,true,
2025-06-30,2321,東訊,listed,14.05,15.45,14.05,15.45,0.95,6.5517,6938,102184,18,TWSE,common_stock,true,false,false,false,false,false,false,false,true,
2025-06-30,2323,中環,listed,8.07,8.12,7.98,8.01,-0.06,-0.7435,1069311,8569715,515,TWSE,common_stock,true,false,false,false,false,false,false,false,true,
2025-06-30,2324,仁寶,listed,28.55,29.6,28.35,29.0,0.3,1.0453,86183001,2503808476,19785,TWSE,common_stock,true,false,false,false,false,false,false,false,true,
2025-06-30,2327,國巨*,listed,490.5,491.5,485.0,485.0,-5.5,-1.1213,1626541,792270263,2763,TWSE,common_stock,true,false,false,false,false,false,false,false,true,
2025-06-30,2328,廣宇,listed,39.85,40.65,39.15,40.1,0.4,1.0076,12757153,510776862,6989,TWSE,common_stock,true,false,false,false,false,false,false,false,true,
2025-06-30,2329,華泰,listed,40.3,40.5,38.05,38.4,-1.8,-4.4776,9145264,354254129,4869,TWSE,common_stock,true,false,false,false,false,false,false,false,true,
2025-06-30,2330,台積電,listed,1075.0,1080.0,1060.0,1060.0,-20.0,-1.8519,35763093,38268458555,39464,TWSE,common_stock,true,false,false,false,false,false,false,false,true,
2025-06-30,2331,精英,listed,18.45,18.7,18.2,18.35,-0.05,-0.2717,1014461,18704423,510,TWSE,common_stock,true,false,false,false,false,false,false,false,true,
2025-06-30,2332,友訊,listed,17.45,17.5,17.0,17.05,-0.3,-1.7291,3800854,65270428,1733,TWSE,common_stock,true,false,false,false,false,false,false,false,true,
2025-06-30,2337,旺宏,listed,21.9,21.95,21.05,21.25,-0.6,-2.746,9577688,204696877,4173,TWSE,common_stock,true,false,false,false,false,false,false,false,true,
2025-06-30,2338,光罩,listed,30.25,30.25,28.6,28.7,-1.55,-5.124,4472718,129905381,3048,TWSE,common_stock,true,false,false,false,false,false,false,false,true,
2025-06-30,2340,台亞,listed,22.1,22.1,20.65,21.1,-0.8,-3.653,3514131,74452965,2143,TWSE,common_stock,true,false,false,false,false,false,false,false,true,
2025-06-30,2342,茂矽,listed,22.6,22.6,22.0,22.0,-0.35,-1.566,149097,3301927,162,TWSE,common_stock,true,false,false,false,false,false,false,false,true,
2025-06-30,2344,華邦電,listed,21.25,21.3,20.15,20.15,-1.0,-4.7281,104406100,2132274832,25612,TWSE,common_stock,true,false,false,false,false,false,false,false,true,
2025-06-30,2345,智邦,listed,732.0,739.0,725.0,730.0,-2.0,-0.2732,3124944,2279641576,3608,TWSE,common_stock,true,false,false,false,false,false,false,false,true,
2025-06-30,2347,聯強,listed,63.7,64.5,63.2,64.4,0.5,0.7825,11247590,720260031,4492,TWSE,common_stock,true,false,false,false,false,false,false,false,true,
2025-06-30,2348,海悅,listed,105.5,105.5,102.0,102.0,-2.5,-2.3923,954109,98219576,1000,TWSE,common_stock,true,false,false,false,false,false,false,false,true,
2025-06-30,2348A,海悅甲特,listed,36.0,36.05,36.0,36.0,0.0,0.0,75685,2725057,33,TWSE,warrant,false,false,true,false,false,false,false,false,false,security_type=warrant;symbol_not_4_digit
2025-06-30,2349,錸德,listed,10.35,10.35,10.05,10.05,-0.3,-2.8986,1065124,10818394,479,TWSE,common_stock,true,false,false,false,false,false,false,false,true,
2025-06-30,2351,順德,listed,73.0,73.0,71.3,71.3,-1.6,-2.1948,603616,43364454,626,TWSE,common_stock,true,false,false,false,false,false,false,false,true,
2025-06-30,2352,佳世達,listed,26.15,26.25,25.9,26.05,-0.1,-0.3824,2776435,72352411,1041,TWSE,common_stock,true,false,false,false,false,false,false,false,true,
2025-06-30,2353,宏碁,listed,30.9,31.0,30.1,30.3,-0.6,-1.9417,51943079,1574781984,12416,TWSE,common_stock,true,false,false,false,false,false,false,false,true,
2025-06-30,2354,鴻準,listed,64.7,64.9,63.5,63.5,-1.1,-1.7028,5789822,369767304,4251,TWSE,common_stock,true,false,false,false,false,false,false,false,true,
2025-06-30,2355,敬鵬,listed,32.1,32.65,32.0,32.15,0.05,0.1558,825531,26642480,622,TWSE,common_stock,true,false,false,false,false,false,false,false,true,
2025-06-30,2356,英業達,listed,42.6,43.0,42.25,42.3,-0.2,-0.4706,11789868,502661079,6608,TWSE,common_stock,true,false,false,false,false,false,false,false,true,
2025-06-30,2357,華碩,listed,645.0,654.0,640.0,644.0,4.0,0.625,11285072,7288134805,9682,TWSE,common_stock,true,false,false,false,false,false,false,false,true,
2025-06-30,2359,所羅門,listed,137.5,138.0,135.5,136.5,-1.5,-1.087,1543621,210728849,1245,TWSE,common_stock,true,false,false,false,false,false,false,false,true,
2025-06-30,2360,致茂,listed,432.5,449.5,427.0,442.5,13.0,3.0268,6407782,2818215321,6085,TWSE,common_stock,true,false,false,false,false,false,false,false,true,
2025-06-30,2362,藍天,listed,45.2,45.35,44.6,44.6,-0.6,-1.3274,334156,15004366,336,TWSE,common_stock,true,false,false,false,false,false,false,false,true,
2025-06-30,2363,矽統,listed,49.6,50.0,48.2,48.4,-1.2,-2.4194,3372587,164117506,2642,TWSE,common_stock,true,false,false,false,false,false,false,false,true,
2025-06-30,2364,倫飛,listed,87.8,87.8,86.3,86.9,-0.2,-0.2296,140146,12178353,327,TWSE,common_stock,true,false,false,false,false,false,false,false,true,
2025-06-30,2365,昆盈,listed,37.2,37.35,36.4,36.8,-0.15,-0.406,1421073,52344130,952,TWSE,common_stock,true,false,false,false,false,false,false,false,true,
2025-06-30,2367,燿華,listed,24.25,25.0,24.25,24.5,0.1,0.4098,3688181,90861327,1820,TWSE,common_stock,true,false,false,false,false,false,false,false,true,
2025-06-30,2368,金像電,listed,276.0,303.5,275.0,295.0,19.0,6.8841,26899628,7923331994,23590,TWSE,common_stock,true,false,false,false,false,false,false,false,true,
2025-06-30,2369,菱生,listed,15.35,15.45,15.0,15.0,-0.35,-2.2801,532219,8035500,521,TWSE,common_stock,true,false,false,false,false,false,false,false,true,
2025-06-30,2371,大同,listed,40.45,40.6,39.7,39.7,-0.7,-1.7327,55193122,2206089504,10188,TWSE,common_stock,true,false,false,false,false,false,false,false,true,
2025-06-30,2373,震旦行,listed,62.0,62.0,61.5,61.5,-0.8,-1.2841,20166,1245728,37,TWSE,common_stock,true,false,false,false,false,false,false,false,true,
2025-06-30,2374,佳能,listed,53.4,54.0,52.7,53.7,0.4,0.7505,2423059,129459327,1932,TWSE,common_stock,true,false,false,false,false,false,false,false,true,
2025-06-30,2375,凱美,listed,57.5,57.6,56.2,56.5,-0.8,-1.3962,122699,6956837,146,TWSE,common_stock,true,false,false,false,false,false,false,false,true,
2025-06-30,2376,技嘉,listed,285.5,288.0,283.0,283.0,1.5,0.5329,3715866,1058687694,3480,TWSE,common_stock,true,false,false,false,false,false,false,false,true,
2025-06-30,2377,微星,listed,143.5,144.5,142.0,143.5,0.5,0.3497,3039716,436119912,2571,TWSE,common_stock,true,false,false,false,false,false,false,false,true,
2025-06-30,2379,瑞昱,listed,564.0,569.0,561.0,567.0,3.0,0.5319,1224752,694142548,1476,TWSE,common_stock,true,false,false,false,false,false,false,false,true,
2025-06-30,2380,虹光,listed,3.7,4.05,3.64,4.05,0.24,6.2992,43342,160044,53,TWSE,common_stock,true,false,false,false,false,false,false,false,true,
2025-06-30,2382,廣達,listed,275.0,279.0,271.5,274.5,0.0,0.0,35114041,9653014966,27967,TWSE,common_stock,true,false,false,false,false,false,false,false,true,
2025-06-30,2383,台光電,listed,869.0,903.0,869.0,882.0,16.0,1.8476,8094376,7192001186,11076,TWSE,common_stock,true,false,false,false,false,false,false,false,true,
2025-06-30,2385,群光,listed,131.5,132.5,129.5,130.0,-1.0,-0.7634,3779528,493078321,2748,TWSE,common_stock,true,false,false,false,false,false,false,false,true,
2025-06-30,2387,精元,listed,45.9,45.9,44.75,44.9,-0.45,-0.9923,777905,35145075,547,TWSE,common_stock,true,false,false,false,false,false,false,false,true,
2025-06-30,2388,威盛,listed,63.6,63.9,61.8,61.8,-1.8,-2.8302,1738807,108445894,1391,TWSE,common_stock,true,false,false,false,false,false,false,false,true,
2025-06-30,2390,云辰,listed,10.95,10.95,10.7,10.75,-0.1,-0.9217,160447,1728195,175,TWSE,common_stock,true,false,false,false,false,false,false,false,true,
2025-06-30,2392,正崴,listed,52.8,53.0,51.8,51.8,-1.1,-2.0794,1279176,66771275,1120,TWSE,common_stock,true,false,false,false,false,false,false,false,true,
2025-06-30,2393,億光,listed,70.8,70.8,69.5,70.2,-0.4,-0.5666,2238312,156578607,1715,TWSE,common_stock,true,false,false,false,false,false,false,false,true,
2025-06-30,2395,研華,listed,339.5,341.5,336.0,340.0,0.5,0.1473,808797,274787301,871,TWSE,common_stock,true,false,false,false,false,false,false,false,true,
2025-06-30,2397,友通,listed,60.2,60.8,59.3,59.5,-1.5,-2.459,180662,10840600,185,TWSE,common_stock,true,false,false,false,false,false,false,false,true,
2025-06-30,2399,映泰,listed,19.0,19.05,18.6,18.6,-0.4,-2.1053,633607,11868343,406,TWSE,common_stock,true,false,false,false,false,false,false,false,true,
2025-06-30,2401,凌陽,listed,19.55,19.55,18.95,18.95,-0.6,-3.0691,1308049,24973425,1055,TWSE,common_stock,true,false,false,false,false,false,false,false,true,
2025-06-30,2402,毅嘉,listed,40.9,40.9,40.2,40.55,0.05,0.1235,1687049,68383930,1105,TWSE,common_stock,true,false,false,false,false,false,false,false,true,
2025-06-30,2404,漢唐,listed,614.0,629.0,612.0,623.0,13.0,2.1311,2327761,1449387403,2745,TWSE,common_stock,true,false,false,false,false,false,false,false,true,
2025-06-30,2405,輔信,listed,16.45,16.45,16.05,16.05,-0.3,-1.8349,612251,9882353,358,TWSE,common_stock,true,false,false,false,false,false,false,false,true,
2025-06-30,2406,國碩,listed,11.65,11.65,11.25,11.35,-0.3,-2.5751,460809,5234125,437,TWSE,common_stock,true,false,false,false,false,false,false,false,true,
2025-06-30,2408,南亞科,listed,53.5,53.7,51.0,51.2,-1.9,-3.5782,74175534,3862575554,29424,TWSE,common_stock,true,false,false,false,false,false,false,false,true,
2025-06-30,2409,友達,listed,12.6,12.65,12.3,12.35,-0.35,-2.7559,20212684,251752383,4927,TWSE,common_stock,true,false,false,false,false,false,false,false,true,
2025-06-30,2412,中華電,listed,136.5,136.5,135.0,135.0,-1.5,-1.0989,10927688,1481700918,5954,TWSE,common_stock,true,false,false,false,false,false,false,false,true,
2025-06-30,2413,環科,listed,17.95,17.95,17.65,17.75,-0.25,-1.3889,72132,1279329,51,TWSE,common_stock,true,false,false,false,false,false,false,false,true,
2025-06-30,2414,精技,listed,40.55,40.7,40.4,40.5,-0.1,-0.2463,70436,2857471,61,TWSE,common_stock,true,false,false,false,false,false,false,false,true,
2025-06-30,2415,錩新,listed,24.5,24.5,23.75,23.8,-1.0,-4.0323,91592,2196743,137,TWSE,common_stock,true,false,false,false,false,false,false,false,true,
2025-06-30,2417,圓剛,listed,37.8,37.8,36.7,37.2,-0.35,-0.9321,201746,7469029,349,TWSE,common_stock,true,false,false,false,false,false,false,false,true,
2025-06-30,2419,仲琦,listed,23.05,23.05,22.4,22.5,-0.55,-2.3861,590648,13354244,349,TWSE,common_stock,true,false,false,false,false,false,false,false,true,
2025-06-30,2420,新巨,listed,52.6,52.6,51.6,51.7,-0.9,-1.711,323829,16797278,354,TWSE,common_stock,true,false,false,false,false,false,false,false,true,
2025-06-30,2421,建準,listed,100.5,102.0,100.0,100.5,0.0,0.0,1425093,144147837,1075,TWSE,common_stock,true,false,false,false,false,false,false,false,true,
2025-06-30,2423,固緯,listed,43.35,43.35,42.75,42.8,-0.4,-0.9259,62173,2670037,71,TWSE,common_stock,true,false,false,false,false,false,false,false,true,
2025-06-30,2424,隴華,listed,85.0,88.0,82.0,83.9,-2.1,-2.4419,100433,8560752,167,TWSE,common_stock,true,false,false,false,false,false,false,false,true,
2025-06-30,2425,承啟,listed,37.7,37.7,36.5,37.1,-0.25,-0.6693,643230,23790593,459,TWSE,common_stock,true,false,false,false,false,false,false,false,true,
2025-06-30,2426,鼎元,listed,16.5,16.5,16.0,16.0,-0.55,-3.3233,624457,10059470,459,TWSE,common_stock,true,false,false,false,false,false,false,false,true,
2025-06-30,2427,三商電,listed,28.1,28.15,27.7,27.85,-0.1,-0.3578,879603,24512835,535,TWSE,common_stock,true,false,false,false,false,false,false,false,true,
2025-06-30,2428,興勤,listed,135.0,135.0,132.5,132.5,-2.0,-1.487,112827,15001229,164,TWSE,common_stock,true,false,false,false,false,false,false,false,true,
2025-06-30,2429,銘旺科,listed,74.3,75.1,70.1,71.2,-3.1,-4.1723,5992179,428439698,3716,TWSE,common_stock,true,false,false,false,false,false,false,false,true,
2025-06-30,2430,燦坤,listed,24.1,24.1,23.5,23.7,-0.4,-1.6598,113959,2705947,98,TWSE,common_stock,true,false,false,false,false,false,false,false,true,
2025-06-30,2431,聯昌,listed,11.15,11.65,10.8,11.65,0.55,4.955,847806,9414756,398,TWSE,common_stock,true,false,false,false,false,false,false,false,true,
2025-06-30,2432,倚天酷碁-創,listed,29.3,29.4,29.25,29.3,0.0,0.0,16063,470862,18,TWSE,common_stock,true,false,false,false,false,false,false,false,true,
2025-06-30,2433,互盛電,listed,50.4,50.5,50.2,50.5,-0.4,-0.7859,45964,2313829,62,TWSE,common_stock,true,false,false,false,false,false,false,false,true,
2025-06-30,2434,統懋,listed,29.8,29.9,29.3,29.6,-0.1,-0.3367,9047,268463,10,TWSE,common_stock,true,false,false,false,false,false,false,false,true,
2025-06-30,2436,偉詮電,listed,51.6,52.0,51.0,51.8,0.3,0.5825,1521453,78463830,1008,TWSE,common_stock,true,false,false,false,false,false,false,false,true,
2025-06-30,2438,翔耀,listed,29.15,29.15,28.05,28.25,-0.85,-2.921,83428,2366043,83,TWSE,common_stock,true,false,false,false,false,false,false,false,true,
2025-06-30,2439,美律,listed,111.5,112.5,109.5,110.0,-1.5,-1.3453,2555468,282600474,2074,TWSE,common_stock,true,false,false,false,false,false,false,false,true,
2025-06-30,2440,太空梭,listed,12.9,13.0,12.6,13.0,0.05,0.3861,123800,1576584,97,TWSE,common_stock,true,false,false,false,false,false,false,false,true,
2025-06-30,2441,超豐,listed,57.7,58.3,57.5,57.7,0.4,0.6981,990639,57329755,933,TWSE,common_stock,true,false,false,false,false,false,false,false,true,
2025-06-30,2442,新美齊,listed,24.7,24.9,24.35,24.35,-0.5,-2.0121,419909,10300292,346,TWSE,common_stock,true,false,false,false,false,false,false,false,true,
2025-06-30,2444,兆勁,listed,11.95,11.95,11.75,11.8,-0.15,-1.2552,112199,1326849,85,TWSE,common_stock,true,false,false,false,false,false,false,false,true,
2025-06-30,2449,京元電子,listed,105.5,106.0,102.0,102.0,-3.0,-2.8571,16454971,1698519951,8370,TWSE,common_stock,true,false,false,false,false,false,false,false,true,
2025-06-30,2450,神腦,listed,29.5,29.5,29.15,29.15,-0.4,-1.3536,125385,3667874,326,TWSE,common_stock,true,false,false,false,false,false,false,false,true,
2025-06-30,2451,創見,listed,101.0,102.5,100.0,100.5,-0.5,-0.495,4146406,419823492,3193,TWSE,common_stock,true,false,false,false,false,false,false,false,true,
2025-06-30,2453,凌群,listed,58.3,58.4,57.3,57.4,-0.8,-1.3746,277909,16013250,325,TWSE,common_stock,true,false,false,false,false,false,false,false,true,
2025-06-30,2454,聯發科,listed,1290.0,1300.0,1250.0,1250.0,-35.0,-2.7237,7970814,10093427225,14769,TWSE,common_stock,true,false,false,false,false,false,false,false,true,
2025-06-30,2455,全新,listed,129.5,130.0,124.5,125.0,-5.0,-3.8462,5808263,733033483,5793,TWSE,common_stock,true,false,false,false,false,false,false,false,true,
2025-06-30,2457,飛宏,listed,21.9,21.9,21.0,21.05,-0.75,-3.4404,902414,19207017,713,TWSE,common_stock,true,false,false,false,false,false,false,false,true,
2025-06-30,2458,義隆,listed,123.0,123.5,120.5,121.5,-1.0,-0.8163,2592023,315905631,1600,TWSE,common_stock,true,false,false,false,false,false,false,false,true,
2025-06-30,2459,敦吉,listed,59.9,59.9,59.1,59.7,0.0,0.0,99239,5900767,101,TWSE,common_stock,true,false,false,false,false,false,false,false,true,
2025-06-30,2460,建通,listed,18.15,18.15,17.5,17.5,-0.45,-2.507,121591,2144117,211,TWSE,common_stock,true,false,false,false,false,false,false,false,true,
2025-06-30,2461,光群雷,listed,16.45,16.75,16.3,16.55,0.05,0.303,292028,4814584,173,TWSE,common_stock,true,false,false,false,false,false,false,false,true,
2025-06-30,2462,良得電,listed,20.55,20.65,20.2,20.4,-0.25,-1.2107,110493,2254690,133,TWSE,common_stock,true,false,false,false,false,false,false,false,true,
2025-06-30,2464,盟立,listed,60.2,60.2,58.3,59.1,-0.6,-1.005,1319983,77779638,1214,TWSE,common_stock,true,false,false,false,false,false,false,false,true,
2025-06-30,2465,麗臺,listed,62.6,62.6,60.5,60.5,-2.3,-3.6624,348008,21240149,751,TWSE,common_stock,true,false,false,false,false,false,false,false,true,
2025-06-30,2466,冠西電,listed,88.0,88.0,86.4,86.9,-0.2,-0.2296,284624,24755804,251,TWSE,common_stock,true,false,false,false,false,false,false,false,true,
2025-06-30,2467,志聖,listed,154.5,154.5,151.0,151.0,-2.0,-1.3072,404703,61601847,428,TWSE,common_stock,true,false,false,false,false,false,false,false,true,
2025-06-30,2468,華經,listed,66.0,66.5,63.5,63.5,-1.5,-2.3077,5123418,329795962,4826,TWSE,common_stock,true,false,false,false,false,false,false,false,true,
2025-06-30,2471,資通,listed,56.7,56.8,55.6,55.8,-0.9,-1.5873,241663,13542282,306,TWSE,common_stock,true,false,false,false,false,false,false,false,true,
2025-06-30,2472,立隆電,listed,77.1,77.5,76.0,76.0,-1.7,-2.1879,971957,74297582,943,TWSE,common_stock,true,false,false,false,false,false,false,false,true,
2025-06-30,2474,可成,listed,213.0,213.5,210.0,212.0,-1.0,-0.4695,6115132,1296036898,4385,TWSE,common_stock,true,false,false,false,false,false,false,false,true,
2025-06-30,2476,鉅祥,listed,72.8,72.9,71.1,71.1,-1.5,-2.0661,731991,52408755,752,TWSE,common_stock,true,false,false,false,false,false,false,false,true,
2025-06-30,2477,美隆電,listed,20.15,20.15,19.9,20.05,-0.2,-0.9877,65145,1307213,58,TWSE,common_stock,true,false,false,false,false,false,false,false,true,
2025-06-30,2478,大毅,listed,41.15,41.3,41.15,41.15,-0.5,-1.2005,128473,5293620,270,TWSE,common_stock,true,false,false,false,false,false,false,false,true,
2025-06-30,2480,敦陽科,listed,157.0,157.0,154.0,155.5,-1.5,-0.9554,247325,38468487,546,TWSE,common_stock,true,false,false,false,false,false,false,false,true,
2025-06-30,2481,強茂,listed,51.0,51.4,49.95,50.0,-0.9,-1.7682,970588,48806029,951,TWSE,common_stock,true,false,false,false,false,false,false,false,true,
2025-06-30,2482,連宇,listed,20.15,20.4,19.3,20.4,0.15,0.7407,639603,12675472,546,TWSE,common_stock,true,false,false,false,false,false,false,false,true,
2025-06-30,2483,百容,listed,17.25,17.3,17.2,17.3,-0.3,-1.7045,19087,328735,21,TWSE,common_stock,true,false,false,false,false,false,false,false,true,
2025-06-30,2484,希華,listed,20.6,20.6,20.25,20.25,-0.45,-2.1739,128493,2616865,106,TWSE,common_stock,true,false,false,false,false,false,false,false,true,
2025-06-30,2485,兆赫,listed,11.95,11.95,11.6,11.8,-0.15,-1.2552,854404,10028720,491,TWSE,common_stock,true,false,false,false,false,false,false,false,true,
2025-06-30,2486,一詮,listed,78.0,78.6,76.0,76.5,-1.0,-1.2903,2591062,199019167,1900,TWSE,common_stock,true,false,false,false,false,false,false,false,true,
2025-06-30,2488,漢平,listed,45.85,45.95,45.6,45.9,0.05,0.1091,68722,3146880,81,TWSE,common_stock,true,false,false,false,false,false,false,false,true,
2025-06-30,2489,瑞軒,listed,14.3,14.35,13.95,14.0,-0.25,-1.7544,962161,13537705,633,TWSE,common_stock,true,false,false,false,false,false,false,false,true,
2025-06-30,2491,吉祥全,listed,10.0,10.4,10.0,10.4,0.4,4.0,31113,316215,20,TWSE,common_stock,true,false,false,false,false,false,false,false,true,
2025-06-30,2492,華新科,listed,82.3,82.3,80.7,81.3,-1.0,-1.2151,608152,49453742,613,TWSE,common_stock,true,false,false,false,false,false,false,false,true,
2025-06-30,2493,揚博,listed,97.8,97.8,96.5,96.6,-0.6,-0.6173,104060,10091353,126,TWSE,common_stock,true,false,false,false,false,false,false,false,true,
2025-06-30,2495,普安,listed,22.7,22.75,22.3,22.3,-0.4,-1.7621,384250,8632046,285,TWSE,common_stock,true,false,false,false,false,false,false,false,true,
2025-06-30,2496,卓越,listed,72.4,72.4,72.4,72.4,0.6,0.8357,3085,223325,10,TWSE,common_stock,true,false,false,false,false,false,false,false,true,
2025-06-30,2497,怡利電,listed,41.35,41.35,40.55,40.55,-0.8,-1.9347,139960,5714731,159,TWSE,common_stock,true,false,false,false,false,false,false,false,true,
2025-06-30,2498,宏達電,listed,39.7,39.8,39.0,39.45,0.05,0.1269,3679170,145095729,2500,TWSE,common_stock,true,false,false,false,false,false,false,false,true,
2025-06-30,2501,國建,listed,19.6,19.7,19.45,19.45,-0.25,-1.269,761408,14862456,529,TWSE,common_stock,true,false,false,false,false,false,false,false,true,
2025-06-30,2504,國產,listed,40.0,40.05,38.6,39.15,-1.15,-2.8536,20506162,801513706,9933,TWSE,common_stock,true,false,false,false,false,false,false,false,true,
2025-06-30,2505,國揚,listed,19.8,20.0,19.7,20.0,0.0,0.0,157473,3127456,92,TWSE,common_stock,true,false,false,false,false,false,false,false,true,
2025-06-30,2506,太設,listed,10.25,10.25,9.95,9.96,-0.09,-0.8955,202156,2025086,107,TWSE,common_stock,true,false,false,false,false,false,false,false,true,
2025-06-30,2509,全坤建,listed,13.75,13.95,13.5,13.5,-0.5,-3.5714,106784,1459046,178,TWSE,common_stock,true,false,false,false,false,false,false,false,true,
2025-06-30,2511,太子,listed,9.37,9.37,9.26,9.27,-0.09,-0.9615,705763,6696854,395,TWSE,common_stock,true,false,false,false,false,false,false,false,true,
2025-06-30,2514,龍邦,listed,16.75,16.75,16.4,16.4,-0.4,-2.381,76894,1275967,157,TWSE,common_stock,true,false,false,false,false,false,false,false,true,
2025-06-30,2515,中工,listed,11.5,11.65,11.35,11.4,-0.1,-0.8696,4861619,55737882,1278,TWSE,common_stock,true,false,false,false,false,false,false,false,true,
2025-06-30,2516,新建,listed,16.35,16.5,16.1,16.35,0.0,0.0,277782,4538999,144,TWSE,common_stock,true,false,false,false,false,false,false,false,true,
2025-06-30,2520,冠德,listed,50.3,51.1,50.2,50.4,-0.2,-0.3953,3955000,207629202,868,TWSE,common_stock,true,false,false,false,false,false,false,false,true,
2025-06-30,2524,京城,listed,44.4,45.2,44.05,45.0,-0.25,-0.5525,209790,9377298,208,TWSE,common_stock,true,false,false,false,false,false,false,false,true,
2025-06-30,2527,宏璟,listed,27.5,27.65,27.2,27.25,-0.55,-1.9784,104195,2853626,103,TWSE,common_stock,true,false,false,false,false,false,false,false,true,
2025-06-30,2528,皇普,listed,31.7,31.7,31.0,31.1,-0.5,-1.5823,234393,7320229,184,TWSE,common_stock,true,false,false,false,false,false,false,false,true,
2025-06-30,2530,華建,listed,31.9,32.2,30.8,30.95,-0.7,-2.2117,1148282,36047473,569,TWSE,common_stock,true,false,false,false,false,false,false,false,true,
2025-06-30,2534,宏盛,listed,25.1,25.25,25.05,25.1,-0.2,-0.7905,1160549,31354476,194,TWSE,common_stock,true,false,false,false,false,false,false,false,true,
2025-06-30,2535,達欣工,listed,56.7,57.0,56.6,56.6,-0.3,-0.5272,103070,5849647,170,TWSE,common_stock,true,false,false,false,false,false,false,false,true,
2025-06-30,2536,宏普,listed,30.25,30.25,29.95,29.95,-0.35,-1.1551,101110,3038500,66,TWSE,common_stock,true,false,false,false,false,false,false,false,true,
2025-06-30,2537,聯上發,listed,12.05,12.05,11.6,11.6,-0.45,-3.7344,1171262,13772700,642,TWSE,common_stock,true,false,false,false,false,false,false,false,true,
2025-06-30,2538,基泰,listed,13.5,13.6,13.2,13.6,0.1,0.7407,301367,4016400,165,TWSE,common_stock,true,false,false,false,false,false,false,false,true,
2025-06-30,2539,櫻花建,listed,64.7,66.5,64.4,66.5,1.8,2.7821,1293914,85002065,1126,TWSE,common_stock,true,false,false,false,false,false,false,false,true,
2025-06-30,2540,愛山林,listed,80.6,80.6,78.6,78.7,-1.9,-2.3573,432370,34276468,779,TWSE,common_stock,true,false,false,false,false,false,false,false,true,
2025-06-30,2542,興富發,listed,41.05,41.5,41.05,41.4,0.2,0.4854,4628047,191134691,2917,TWSE,common_stock,true,false,false,false,false,false,false,false,true,
2025-06-30,2543,皇昌,listed,82.7,82.9,80.8,80.8,-1.8,-2.1792,2426599,197479442,1937,TWSE,common_stock,true,false,false,false,false,false,false,false,true,
2025-06-30,2545,皇翔,listed,43.8,44.0,43.15,43.15,-0.65,-1.484,506471,22007570,395,TWSE,common_stock,true,false,false,false,false,false,false,false,true,
2025-06-30,2546,根基,listed,81.6,82.3,81.6,82.0,-0.1,-0.1218,50672,4156710,207,TWSE,common_stock,true,false,false,false,false,false,false,false,true,
2025-06-30,2547,日勝生,listed,12.45,12.45,12.2,12.2,-0.15,-1.2146,1177791,14494898,436,TWSE,common_stock,true,false,false,false,false,false,false,false,true,
2025-06-30,2548,華固,listed,108.0,108.0,107.0,107.0,-1.0,-0.9259,367677,39477895,489,TWSE,common_stock,true,false,false,false,false,false,false,false,true,
2025-06-30,2597,潤弘,listed,172.5,176.0,170.5,174.5,4.0,2.346,653116,113736812,778,TWSE,common_stock,true,false,false,false,false,false,false,false,true,
2025-06-30,2601,益航,listed,5.97,5.97,5.84,5.84,-0.12,-2.0134,884621,5200439,505,TWSE,common_stock,true,false,false,false,false,false,false,false,true,
2025-06-30,2603,長榮,listed,206.5,206.5,199.0,199.0,-6.5,-3.163,25892205,5197754015,27886,TWSE,common_stock,true,false,false,false,false,false,false,false,true,
2025-06-30,2605,新興,listed,22.35,22.35,21.7,21.7,-0.65,-2.9083,2189448,48004906,1563,TWSE,common_stock,true,false,false,false,false,false,false,false,true,
2025-06-30,2606,裕民,listed,50.1,50.1,48.4,48.4,-1.7,-3.3932,7830523,382669206,5338,TWSE,common_stock,true,false,false,false,false,false,false,false,true,
2025-06-30,2607,榮運,listed,34.25,34.25,33.45,33.85,-0.35,-1.0234,2767597,93657803,1745,TWSE,common_stock,true,false,false,false,false,false,false,false,true,
2025-06-30,2608,嘉里大榮,listed,34.25,34.25,33.7,33.85,-0.4,-1.1679,103691,3512450,146,TWSE,common_stock,true,false,false,false,false,false,false,false,true,
2025-06-30,2609,陽明,listed,72.6,72.6,71.0,71.1,-1.5,-2.0661,36994068,2643552943,23084,TWSE,common_stock,true,false,false,false,false,false,false,false,true,
2025-06-30,2610,華航,listed,21.95,22.05,21.6,21.6,-0.3,-1.3699,29550432,644372317,8055,TWSE,common_stock,true,false,false,false,false,false,false,false,true,
2025-06-30,2611,志信,listed,20.35,20.35,19.95,19.95,-0.35,-1.7241,512067,10274447,534,TWSE,common_stock,true,false,false,false,false,false,false,false,true,
2025-06-30,2612,中航,listed,44.1,44.1,42.6,42.6,-1.65,-3.7288,473930,20443049,377,TWSE,common_stock,true,false,false,false,false,false,false,false,true,
2025-06-30,2613,中櫃,listed,27.45,27.45,26.8,26.8,-0.7,-2.5455,440355,11869414,375,TWSE,common_stock,true,false,false,false,false,false,false,false,true,
2025-06-30,2614,東森,listed,17.35,17.45,17.1,17.1,-0.25,-1.4409,159885,2754504,257,TWSE,common_stock,true,false,false,false,false,false,false,false,true,
2025-06-30,2615,萬海,listed,92.1,92.6,88.9,89.0,-3.0,-3.2609,13268594,1194274602,9796,TWSE,common_stock,true,false,false,false,false,false,false,false,true,
2025-06-30,2616,山隆,listed,15.05,15.05,14.6,14.75,-0.3,-1.9934,139007,2060678,424,TWSE,common_stock,true,false,false,false,false,false,false,false,true,
2025-06-30,2617,台航,listed,28.3,28.3,27.95,27.95,-0.35,-1.2367,455490,12791187,269,TWSE,common_stock,true,false,false,false,false,false,false,false,true,
2025-06-30,2618,長榮航,listed,40.15,40.5,39.9,39.9,-0.15,-0.3745,28387396,1138651752,10955,TWSE,common_stock,true,false,false,false,false,false,false,false,true,
2025-06-30,2630,亞航,listed,35.15,35.2,34.5,34.5,-0.7,-1.9886,973026,33789759,810,TWSE,common_stock,true,false,false,false,false,false,false,false,true,
2025-06-30,2633,台灣高鐵,listed,28.75,28.8,28.25,28.25,-0.5,-1.7391,2727154,77475070,1240,TWSE,common_stock,true,false,false,false,false,false,false,false,true,
2025-06-30,2634,漢翔,listed,43.75,43.85,43.2,43.2,-0.7,-1.5945,3127151,135608409,2185,TWSE,common_stock,true,false,false,false,false,false,false,false,true,
2025-06-30,2636,台驊控股,listed,73.4,73.4,72.0,72.1,-0.6,-0.8253,96931,7010916,157,TWSE,common_stock,true,false,false,false,false,false,false,false,true,
2025-06-30,2637,慧洋-KY,listed,56.2,56.2,54.2,54.2,-1.7,-3.0411,2980555,162797503,2273,TWSE,common_stock,true,false,false,false,false,false,false,false,true,
2025-06-30,2642,宅配通,listed,25.75,25.8,25.65,25.75,-0.15,-0.5792,13036,335795,65,TWSE,common_stock,true,false,false,false,false,false,false,false,true,
2025-06-30,2645,長榮航太,listed,105.5,106.0,104.5,105.0,-0.5,-0.4739,550629,57841194,580,TWSE,common_stock,true,false,false,false,false,false,false,false,true,
2025-06-30,2646,星宇航空,listed,25.8,26.0,25.7,25.7,-0.1,-0.3876,3274538,84660428,2216,TWSE,common_stock,true,false,false,false,false,false,false,false,true,
2025-06-30,2701,萬企,listed,11.45,11.45,11.35,11.35,-0.15,-1.3043,60025,685694,43,TWSE,common_stock,true,false,false,false,false,false,false,false,true,
2025-06-30,2702,華園,listed,13.35,13.75,13.0,13.35,-0.15,-1.1111,120269,1607073,110,TWSE,common_stock,true,false,false,false,false,false,false,false,true,
2025-06-30,2704,國賓,listed,44.6,44.7,44.1,44.15,-0.95,-2.1064,53688,2381911,169,TWSE,common_stock,true,false,false,false,false,false,false,false,true,
2025-06-30,2705,六福,listed,18.85,18.85,18.2,18.4,-0.35,-1.8667,336170,6196103,354,TWSE,common_stock,true,false,false,false,false,false,false,false,true,
2025-06-30,2706,第一店,listed,13.45,13.45,13.3,13.3,-0.15,-1.1152,60358,808157,103,TWSE,common_stock,true,false,false,false,false,false,false,false,true,
2025-06-30,2707,晶華,listed,192.0,192.5,191.0,191.5,0.0,0.0,146323,28046243,178,TWSE,common_stock,true,false,false,false,false,false,false,false,true,
2025-06-30,2712,遠雄來,listed,20.25,20.25,19.6,20.2,-0.05,-0.2469,13001,260069,11,TWSE,common_stock,true,false,false,false,false,false,false,false,true,
2025-06-30,2722,夏都,listed,29.8,30.7,29.65,30.65,0.85,2.8523,170549,5155922,174,TWSE,common_stock,true,false,false,false,false,false,false,false,true,
2025-06-30,2723,美食-KY,listed,83.4,83.4,81.7,81.7,-1.4,-1.6847,148626,12212690,215,TWSE,common_stock,true,false,false,false,false,false,false,false,true,
2025-06-30,2727,王品,listed,251.5,251.5,247.0,248.0,-5.0,-1.9763,551103,137363529,10944,TWSE,common_stock,true,false,false,false,false,false,false,false,true,
2025-06-30,2731,雄獅,listed,167.0,172.0,165.5,167.0,2.5,1.5198,4391244,740778044,3347,TWSE,common_stock,true,false,false,false,false,false,false,false,true,
2025-06-30,2739,寒舍,listed,41.6,41.65,41.1,41.3,-0.3,-0.7212,51166,2119033,60,TWSE,common_stock,true,false,false,false,false,false,false,false,true,
2025-06-30,2748,雲品,listed,51.1,51.1,50.3,50.9,0.3,0.5929,63349,3220854,67,TWSE,common_stock,true,false,false,false,false,false,false,false,true,
2025-06-30,2753,八方雲集,listed,179.0,179.0,176.0,176.5,-2.5,-1.3966,108864,19226051,795,TWSE,common_stock,true,false,false,false,false,false,false,false,true,
2025-06-30,2762,世界健身-KY,listed,77.7,78.3,77.7,78.0,0.3,0.3861,33153,2585679,45,TWSE,common_stock,true,false,false,false,false,false,false,false,true,
2025-06-30,2801,彰銀,listed,18.95,18.95,18.7,18.7,-0.3,-1.5789,44160590,830432678,5536,TWSE,common_stock,true,false,false,false,false,false,false,false,true,
2025-06-30,2809,京城銀,listed,52.2,52.7,52.1,52.6,0.3,0.5736,3282789,172312104,1264,TWSE,common_stock,true,false,false,false,false,false,false,false,true,
2025-06-30,2812,台中銀,listed,21.7,22.0,21.7,21.95,0.25,1.1521,9967623,217960545,3181,TWSE,common_stock,true,false,false,false,false,false,false,false,true,
2025-06-30,2816,旺旺保,listed,26.8,26.8,26.35,26.5,-0.5,-1.8519,76071,2020655,105,TWSE,common_stock,true,false,false,false,false,false,false,false,true,
2025-06-30,2820,華票,listed,14.9,14.95,14.8,14.9,0.0,0.0,2873525,42777534,890,TWSE,common_stock,true,false,false,false,false,false,false,false,true,
2025-06-30,2832,台產,listed,31.65,31.75,31.55,31.55,-0.1,-0.316,218928,6925430,179,TWSE,common_stock,true,false,false,false,false,false,false,false,true,
2025-06-30,2834,臺企銀,listed,15.5,15.55,15.3,15.35,-0.25,-1.6026,15359770,236429328,4315,TWSE,common_stock,true,false,false,false,false,false,false,false,true,
2025-06-30,2836,高雄銀,listed,11.85,12.2,11.8,12.1,0.2,1.6807,12469410,150088685,1454,TWSE,common_stock,true,false,false,false,false,false,false,false,true,
2025-06-30,2836A,高雄銀甲特,listed,22.65,22.65,22.65,22.65,0.0,0.0,1100,24910,2,TWSE,warrant,false,false,true,false,false,false,false,false,false,security_type=warrant;symbol_not_4_digit
2025-06-30,2838,聯邦銀,listed,17.8,17.9,17.7,17.9,-0.1,-0.5556,1769500,31501964,1071,TWSE,common_stock,true,false,false,false,false,false,false,false,true,
2025-06-30,2838A,聯邦銀甲特,listed,54.9,55.0,54.9,54.9,0.0,0.0,27220,1494478,18,TWSE,warrant,false,false,true,false,false,false,false,false,false,security_type=warrant;symbol_not_4_digit
2025-06-30,2845,遠東銀,listed,13.05,13.1,12.9,12.9,-0.15,-1.1494,7568211,98214515,1785,TWSE,common_stock,true,false,false,false,false,false,false,false,true,
2025-06-30,2849,安泰銀,listed,13.55,13.55,13.45,13.45,-0.1,-0.738,35331,477252,31,TWSE,common_stock,true,false,false,false,false,false,false,false,true,
2025-06-30,2850,新產,listed,98.8,99.6,98.0,98.0,-0.6,-0.6085,1397740,137553212,1045,TWSE,common_stock,true,false,false,false,false,false,false,false,true,
2025-06-30,2851,中再保,listed,23.3,23.4,22.8,22.8,-0.5,-2.1459,2838138,65048135,1668,TWSE,common_stock,true,false,false,false,false,false,false,false,true,
2025-06-30,2852,第一保,listed,29.45,29.45,28.85,28.85,-0.5,-1.7036,519558,15090840,335,TWSE,common_stock,true,false,false,false,false,false,false,false,true,
2025-06-30,2855,統一證,listed,22.75,22.85,22.55,22.55,-0.2,-0.8791,2615671,59309031,1338,TWSE,etf,false,true,false,false,false,false,false,false,false,security_type=etf
2025-06-30,2867,三商壽,listed,5.02,5.05,4.97,4.98,-0.05,-0.994,5121500,25564384,1233,TWSE,common_stock,true,false,false,false,false,false,false,false,true,
2025-06-30,2880,華南金,listed,27.45,27.75,27.2,27.2,-0.3,-1.0909,27824720,764601931,8036,TWSE,common_stock,true,false,false,false,false,false,false,false,true,
2025-06-30,2881,富邦金,listed,85.9,88.0,85.1,87.3,1.2,1.3937,121457028,10587513647,30191,TWSE,etf,false,true,false,false,false,false,false,false,false,security_type=etf
2025-06-30,2881A,富邦特,listed,64.3,64.5,64.3,64.5,0.2,0.311,292364,18832628,104,TWSE,etf,false,true,true,false,false,false,false,false,false,security_type=etf;symbol_not_4_digit
2025-06-30,2881B,富邦金乙特,listed,62.3,62.6,62.3,62.6,0.2,0.3205,259856,16219005,104,TWSE,etf,false,true,true,false,false,false,false,false,false,security_type=etf;symbol_not_4_digit
2025-06-30,2881C,富邦金丙特,listed,52.7,53.5,52.7,53.0,0.4,0.7605,147112,7783571,129,TWSE,etf,false,true,true,false,false,false,false,false,false,security_type=etf;symbol_not_4_digit
2025-06-30,2882,國泰金,listed,63.8,63.8,62.5,62.8,0.0,0.0,61926973,3907600233,28809,TWSE,etf,false,true,false,false,false,false,false,false,false,security_type=etf
2025-06-30,2882A,國泰特,listed,60.2,60.5,60.2,60.5,0.0,0.0,225852,13625433,107,TWSE,etf,false,true,true,false,false,false,false,false,false,security_type=etf;symbol_not_4_digit
2025-06-30,2882B,國泰金乙特,listed,59.3,60.0,59.2,60.0,0.0,0.0,126047,7494625,79,TWSE,etf,false,true,true,false,false,false,false,false,false,security_type=etf;symbol_not_4_digit
2025-06-30,2883,凱基金,listed,14.8,15.25,14.75,14.95,0.0,0.0,151378613,2289673087,22184,TWSE,etf,false,true,false,false,false,false,false,false,false,security_type=etf
2025-06-30,2883B,凱基金乙特,listed,7.42,7.45,7.4,7.45,0.0,0.0,3295239,24450173,479,TWSE,etf,false,true,true,false,false,false,false,false,false,security_type=etf;symbol_not_4_digit
2025-06-30,2884,玉山金,listed,32.9,32.9,32.55,32.85,-0.15,-0.4545,45155454,1481405658,12961,TWSE,common_stock,true,false,false,false,false,false,false,false,true,
2025-06-30,2885,元大金,listed,33.75,34.55,33.45,34.15,0.45,1.3353,162942639,5557051460,28212,TWSE,etf,false,true,false,false,false,false,false,false,false,security_type=etf
2025-06-30,2886,兆豐金,listed,40.7,41.35,40.7,41.05,-0.1,-0.243,26079388,1072426801,7396,TWSE,etf,false,true,false,false,false,false,false,false,false,security_type=etf
2025-06-30,2887,台新新光金,listed,16.0,16.0,15.75,15.75,-0.2,-1.2539,37640097,595200373,9263,TWSE,common_stock,true,false,false,false,false,false,false,false,true,
2025-06-30,2887E,台新新光戊特一,listed,50.3,50.4,50.2,50.3,0.0,0.0,187737,9437014,55,TWSE,warrant,false,false,true,false,false,false,false,false,false,security_type=warrant;symbol_not_4_digit
2025-06-30,2887F,台新新光戊特二,listed,45.7,45.7,45.6,45.6,-0.1,-0.2188,57440,2619952,19,TWSE,warrant,false,false,true,false,false,false,false,false,false,security_type=warrant;symbol_not_4_digit
2025-06-30,2887Z1,台新新光己特,listed,15.7,15.7,15.6,15.65,0.0,0.0,153236,2397700,44,TWSE,warrant,false,false,true,false,false,false,false,false,false,security_type=warrant;symbol_not_4_digit
2025-06-30,2888,新光金,listed,11.55,11.6,11.25,11.3,-0.3,-2.5862,112791591,1285033527,10161,TWSE,common_stock,true,false,false,false,false,false,false,false,true,
2025-06-30,2888A,新光金甲特,listed,37.5,37.6,37.5,37.55,0.0,0.0,155804,5851904,107,TWSE,warrant,false,false,true,false,false,false,false,false,false,security_type=warrant;symbol_not_4_digit
2025-06-30,2888B,新光金乙特,listed,37.9,38.0,37.85,37.85,-0.05,-0.1319,381151,14449852,255,TWSE,warrant,false,false,true,false,false,false,false,false,false,security_type=warrant;symbol_not_4_digit
2025-06-30,2889,國票金,listed,13.5,13.6,13.4,13.45,-0.1,-0.738,4589481,61879831,1529,TWSE,common_stock,true,false,false,false,false,false,false,false,true,
2025-06-30,2890,永豐金,listed,24.3,24.45,24.2,24.2,-0.1,-0.4115,26190306,637141556,7731,TWSE,etf,false,true,false,false,false,false,false,false,false,security_type=etf
2025-06-30,2891,中信金,listed,44.25,44.25,43.7,43.7,-0.8,-1.7978,45064865,1976499734,18382,TWSE,etf,false,true,false,false,false,false,false,false,false,security_type=etf
2025-06-30,2891B,中信金乙特,listed,63.4,63.6,63.4,63.6,0.0,0.0,7140,452988,8,TWSE,etf,false,true,true,false,false,false,false,false,false,security_type=etf;symbol_not_4_digit
2025-06-30,2891C,中信金丙特,listed,59.6,59.8,59.6,59.8,0.0,0.0,2015,120292,6,TWSE,etf,false,true,true,false,false,false,false,false,false,security_type=etf;symbol_not_4_digit
2025-06-30,2892,第一金,listed,28.7,29.1,28.7,29.05,0.15,0.519,41577151,1206497941,8666,TWSE,common_stock,true,false,false,false,false,false,false,false,true,
2025-06-30,2897,王道銀行,listed,9.31,9.31,9.23,9.23,-0.05,-0.5388,3471998,32122961,881,TWSE,common_stock,true,false,false,false,false,false,false,false,true,
2025-06-30,2897B,王道銀乙特,listed,11.95,11.95,11.9,11.95,0.0,0.0,15000,178750,4,TWSE,warrant,false,false,true,false,false,false,false,false,false,security_type=warrant;symbol_not_4_digit
2025-06-30,2901,欣欣,listed,27.1,27.1,26.75,26.75,-0.35,-1.2915,7643,206406,29,TWSE,common_stock,true,false,false,false,false,false,false,false,true,
2025-06-30,2903,遠百,listed,21.85,21.85,21.4,21.5,-0.4,-1.8265,2091056,45060000,1100,TWSE,common_stock,true,false,false,false,false,false,false,false,true,
2025-06-30,2904,匯僑,listed,18.35,18.4,18.3,18.3,0.0,0.0,8984,164876,27,TWSE,common_stock,true,false,false,false,false,false,false,false,true,
2025-06-30,2905,三商,listed,12.35,12.4,12.2,12.3,-0.2,-1.6,306126,3766169,272,TWSE,common_stock,true,false,false,false,false,false,false,false,true,
2025-06-30,2906,高林,listed,15.85,15.95,15.8,15.85,0.0,0.0,100527,1598304,77,TWSE,common_stock,true,false,false,false,false,false,false,false,true,
2025-06-30,2908,特力,listed,19.85,19.85,19.65,19.85,0.0,0.0,444921,8778116,147,TWSE,common_stock,true,false,false,false,false,false,false,false,true,
2025-06-30,2910,統領,listed,22.05,22.05,21.9,21.9,-0.7,-3.0973,24030,528265,17,TWSE,common_stock,true,false,false,false,false,false,false,false,true,
2025-06-30,2911,麗嬰房,listed,5.46,5.46,5.46,5.46,0.0,0.0,23188,126588,36,TWSE,common_stock,true,false,false,false,false,false,false,false,true,
2025-06-30,2912,統一超,listed,259.0,261.0,256.5,256.5,-3.5,-1.3462,996100,256823971,1314,TWSE,etf,false,true,false,false,false,false,false,false,false,security_type=etf
2025-06-30,2913,農林,listed,15.65,15.7,15.35,15.4,-0.4,-2.5316,1569737,24305610,931,TWSE,common_stock,true,false,false,false,false,false,false,false,true,
2025-06-30,2915,潤泰全,listed,53.8,54.1,53.4,53.5,-0.6,-1.1091,1488513,80077958,1066,TWSE,common_stock,true,false,false,false,false,false,false,false,true,
2025-06-30,2923,鼎固-KY,listed,25.8,25.8,25.05,25.05,-0.85,-3.2819,17693,452624,64,TWSE,common_stock,true,false,false,false,false,false,false,false,true,
2025-06-30,2929,淘帝-KY,listed,9.2,9.2,8.96,9.03,-0.15,-1.634,274020,2487652,127,TWSE,common_stock,true,false,false,false,false,false,false,false,true,
2025-06-30,2939,永邑-KY,listed,29.9,30.0,29.25,30.0,0.1,0.3344,8090,241663,10,TWSE,common_stock,true,false,false,false,false,false,false,false,true,
2025-06-30,2945,三商家購,listed,39.75,39.75,39.75,39.75,0.0,0.0,7035,279627,7,TWSE,warrant,false,false,true,false,false,false,false,false,false,security_type=warrant
2025-06-30,3002,歐格,listed,13.7,13.8,13.55,13.65,-0.1,-0.7273,25062,343054,50,TWSE,common_stock,true,false,false,false,false,false,false,false,true,
2025-06-30,3003,健和興,listed,51.2,51.3,50.2,50.2,-0.8,-1.5686,157826,7987141,147,TWSE,common_stock,true,false,false,false,false,false,false,false,true,
2025-06-30,3004,豐達科,listed,134.0,136.0,132.0,135.0,1.0,0.7463,673006,90178180,556,TWSE,common_stock,true,false,false,false,false,false,false,false,true,
2025-06-30,3005,神基,listed,113.5,114.0,110.5,111.0,-2.0,-1.7699,3606033,403300409,2459,TWSE,common_stock,true,false,false,false,false,false,false,false,true,
2025-06-30,3006,晶豪科,listed,56.0,56.1,54.0,54.6,-0.9,-1.6216,1297959,71172313,1009,TWSE,common_stock,true,false,false,false,false,false,false,false,true,
2025-06-30,3008,大立光,listed,2365.0,2390.0,2365.0,2380.0,20.0,0.8475,385771,916900975,1305,TWSE,common_stock,true,false,false,false,false,false,false,false,true,
2025-06-30,3010,華立,listed,94.2,94.8,93.6,94.6,-0.4,-0.4211,686399,64706823,651,TWSE,common_stock,true,false,false,false,false,false,false,false,true,
2025-06-30,3011,今皓,listed,12.05,12.1,11.85,11.9,-0.05,-0.4184,150488,1800001,125,TWSE,common_stock,true,false,false,false,false,false,false,false,true,
2025-06-30,3013,晟銘電,listed,133.0,133.0,128.5,132.0,-0.5,-0.3774,8351694,1095927344,5931,TWSE,common_stock,true,false,false,false,false,false,false,false,true,
2025-06-30,3014,聯陽,listed,142.5,142.5,140.0,141.0,0.0,0.0,1154192,162765331,1054,TWSE,common_stock,true,false,false,false,false,false,false,false,true,
2025-06-30,3015,全漢,listed,56.6,56.6,55.7,56.0,-0.5,-0.885,254396,14236037,255,TWSE,common_stock,true,false,false,false,false,false,false,false,true,
2025-06-30,3016,嘉晶,listed,33.8,33.8,32.45,32.65,-0.65,-1.952,464041,15228943,365,TWSE,common_stock,true,false,false,false,false,false,false,false,true,
2025-06-30,3017,奇鋐,listed,737.0,745.0,732.0,743.0,6.0,0.8141,4109704,3039581757,5301,TWSE,common_stock,true,false,false,false,false,false,false,false,true,
2025-06-30,3018,隆銘綠能,listed,18.0,18.0,18.0,18.0,-1.95,-9.7744,75893,1366074,651,TWSE,common_stock,true,false,false,false,false,false,false,false,true,
2025-06-30,3019,亞光,listed,138.5,139.0,135.5,137.0,-1.0,-0.7246,5435437,746592739,4587,TWSE,common_stock,true,false,false,false,false,false,false,false,true,
2025-06-30,3021,鴻名,listed,18.25,18.25,17.8,18.2,0.0,0.0,87340,1578815,67,TWSE,common_stock,true,false,false,false,false,false,false,false,true,
2025-06-30,3022,威強電,listed,79.3,79.3,77.6,77.9,-1.0,-1.2674,686858,53552838,607,TWSE,common_stock,true,false,false,false,false,false,false,false,true,
2025-06-30,3023,信邦,listed,219.5,221.5,214.0,218.5,0.5,0.2294,2159299,471409823,1946,TWSE,common_stock,true,false,false,false,false,false,false,false,true,
2025-06-30,3024,憶聲,listed,14.0,14.0,13.5,13.5,-0.4,-2.8777,552918,7553219,256,TWSE,common_stock,true,false,false,false,false,false,false,false,true,
2025-06-30,3025,星通,listed,50.2,50.2,48.5,48.65,-0.65,-1.3185,152508,7438318,149,TWSE,common_stock,true,false,false,false,false,false,false,false,true,
2025-06-30,3026,禾伸堂,listed,78.0,78.4,77.6,78.0,-0.3,-0.3831,225824,17599455,254,TWSE,common_stock,true,false,false,false,false,false,false,false,true,
2025-06-30,3027,盛達,listed,31.05,31.05,30.2,30.4,-0.65,-2.0934,324446,9885431,241,TWSE,common_stock,true,false,false,false,false,false,false,false,true,
2025-06-30,3028,增你強,listed,34.0,34.0,33.75,34.0,0.0,0.0,319663,10845212,349,TWSE,common_stock,true,false,false,false,false,false,false,false,true,
2025-06-30,3029,零壹,listed,108.5,109.0,106.5,106.5,-2.0,-1.8433,773212,83002953,957,TWSE,common_stock,true,false,false,false,false,false,false,false,true,
2025-06-30,3030,德律,listed,153.0,153.0,145.0,146.0,-3.5,-2.3411,8672459,1281020538,5966,TWSE,common_stock,true,false,false,false,false,false,false,false,true,
2025-06-30,3031,佰鴻,listed,17.9,17.9,17.65,17.65,-0.3,-1.6713,137286,2431457,119,TWSE,common_stock,true,false,false,false,false,false,false,false,true,
2025-06-30,3032,偉訓,listed,87.0,88.5,85.5,88.3,1.3,1.4943,5650433,493281008,4565,TWSE,common_stock,true,false,false,false,false,false,false,false,true,
2025-06-30,3033,威健,listed,33.85,33.85,33.3,33.3,-0.55,-1.6248,772428,25908091,641,TWSE,common_stock,true,false,false,false,false,false,false,false,true,
2025-06-30,3034,聯詠,listed,539.0,550.0,539.0,545.0,6.0,1.1132,3661665,2000222555,4141,TWSE,common_stock,true,false,false,false,false,false,false,false,true,
2025-06-30,3035,智原,listed,186.0,187.5,183.5,185.5,1.0,0.542,5800222,1075293784,6943,TWSE,common_stock,true,false,false,false,false,false,false,false,true,
2025-06-30,3036,文曄,listed,128.5,131.5,126.5,128.5,0.0,0.0,16291554,2094618965,14980,TWSE,common_stock,true,false,false,false,false,false,false,false,true,
2025-06-30,3036A,文曄甲特,listed,49.6,50.0,49.6,49.95,0.0,0.0,104110,5191250,64,TWSE,warrant,false,false,true,false,false,false,false,false,false,security_type=warrant;symbol_not_4_digit
2025-06-30,3037,欣興,listed,113.5,115.0,111.5,114.0,1.0,0.885,14542516,1652115252,8485,TWSE,common_stock,true,false,false,false,false,false,false,false,true,
2025-06-30,3038,全台,listed,22.4,22.5,22.25,22.25,-0.3,-1.3304,53019,1185655,103,TWSE,common_stock,true,false,false,false,false,false,false,false,true,
2025-06-30,3040,遠見,listed,67.9,70.0,67.9,69.5,4.1,6.2691,2033910,140767551,1573,TWSE,common_stock,true,false,false,false,false,false,false,false,true,
2025-06-30,3041,揚智,listed,25.8,26.05,25.1,25.65,-0.1,-0.3883,492835,12559606,614,TWSE,common_stock,true,false,false,false,false,false,false,false,true,
2025-06-30,3042,晶技,listed,86.1,86.7,85.1,85.8,-0.3,-0.3484,1483383,127045268,1316,TWSE,common_stock,true,false,false,false,false,false,false,false,true,
2025-06-30,3043,科風,listed,23.2,23.2,22.7,22.95,-0.25,-1.0776,59923,1373406,80,TWSE,common_stock,true,false,false,false,false,false,false,false,true,
2025-06-30,3044,健鼎,listed,244.5,251.5,243.5,247.5,2.0,0.8147,4028394,1001500233,3634,TWSE,common_stock,true,false,false,false,false,false,false,false,true,
2025-06-30,3045,台灣大,listed,114.5,116.5,114.5,115.0,-1.0,-0.8621,21612358,2494511934,4794,TWSE,common_stock,true,false,false,false,false,false,false,false,true,
2025-06-30,3046,建碁,listed,50.6,50.6,49.3,49.4,-1.2,-2.3715,143039,7103750,182,TWSE,common_stock,true,false,false,false,false,false,false,false,true,
2025-06-30,3047,訊舟,listed,18.7,18.7,18.0,18.0,-0.5,-2.7027,960124,17431299,580,TWSE,common_stock,true,false,false,false,false,false,false,false,true,
2025-06-30,3048,益登,listed,26.95,26.95,26.2,26.2,-0.7,-2.6022,706199,18685487,600,TWSE,common_stock,true,false,false,false,false,false,false,false,true,
2025-06-30,3049,精金,listed,6.19,6.19,6.01,6.06,-0.13,-2.1002,505335,3074823,337,TWSE,common_stock,true,false,false,false,false,false,false,false,true,
2025-06-30,3050,鈺德,listed,13.35,13.4,12.85,13.0,-0.35,-2.6217,569303,7422289,277,TWSE,common_stock,true,false,false,false,false,false,false,false,true,
2025-06-30,3051,力特,listed,26.9,26.9,26.25,26.25,-0.65,-2.4164,152924,4034474,167,TWSE,common_stock,true,false,false,false,false,false,false,false,true,
2025-06-30,3052,夆典,listed,13.5,13.6,13.15,13.2,-0.4,-2.9412,4398591,58542345,627,TWSE,common_stock,true,false,false,false,false,false,false,false,true,
2025-06-30,3054,立萬利,listed,23.9,24.35,23.8,23.8,-0.1,-0.4184,72135,1735658,56,TWSE,common_stock,true,false,false,false,false,false,false,false,true,
2025-06-30,3055,蔚華科,listed,64.0,65.0,61.4,63.4,-0.6,-0.9375,773586,48640614,655,TWSE,common_stock,true,false,false,false,false,false,false,false,true,
2025-06-30,3056,富華新,listed,34.0,34.0,33.5,33.5,-0.35,-1.034,1434659,48306786,902,TWSE,common_stock,true,false,false,false,false,false,false,false,true,
2025-06-30,3057,喬鼎,listed,10.6,10.75,10.4,10.4,-0.2,-1.8868,275666,2901271,127,TWSE,common_stock,true,false,false,false,false,false,false,false,true,
2025-06-30,3058,立德,listed,10.1,10.1,9.6,9.64,-0.29,-2.9204,405141,3929099,358,TWSE,common_stock,true,false,false,false,false,false,false,false,true,
2025-06-30,3059,華晶科,listed,40.15,40.45,39.3,39.35,-0.6,-1.5019,1468505,58055554,1154,TWSE,common_stock,true,false,false,false,false,false,false,false,true,
2025-06-30,3060,銘異,listed,22.3,22.3,21.3,21.3,-0.8,-3.6199,395209,8572971,339,TWSE,common_stock,true,false,false,false,false,false,false,false,true,
2025-06-30,3062,建漢,listed,25.0,25.05,24.0,24.1,-0.85,-3.4068,3310650,80960848,1836,TWSE,common_stock,true,false,false,false,false,false,false,false,true,
2025-06-30,3090,日電貿,listed,76.0,77.4,75.4,75.8,0.4,0.5305,2982679,227644840,2075,TWSE,common_stock,true,false,false,false,false,false,false,false,true,
2025-06-30,3092,鴻碩,listed,18.9,18.9,18.55,18.6,-0.2,-1.0638,37844,704706,50,TWSE,common_stock,true,false,false,false,false,false,false,false,true,
2025-06-30,3094,聯傑,listed,25.35,25.35,24.8,24.8,-0.5,-1.9763,146139,3642605,196,TWSE,common_stock,true,false,false,false,false,false,false,false,true,
2025-06-30,3130,一零四,listed,230.5,231.5,229.0,231.5,0.5,0.2165,43108,9924841,267,TWSE,common_stock,true,false,false,false,false,false,false,false,true,
2025-06-30,3138,耀登,listed,87.9,87.9,83.4,83.6,-2.1,-2.4504,93480,7882202,138,TWSE,common_stock,true,false,false,false,false,false,false,false,true,
2025-06-30,3149,正達,listed,33.0,33.0,31.6,31.6,-1.45,-4.3873,2143740,68480961,1488,TWSE,common_stock,true,false,false,false,false,false,false,false,true,
2025-06-30,3150,鈺寶-創,listed,22.2,22.2,21.6,22.0,-0.6,-2.6549,67674,1482530,47,TWSE,common_stock,true,false,false,false,false,false,false,false,true,
2025-06-30,3164,景岳,listed,20.5,20.5,19.95,20.4,-0.15,-0.7299,17356,351442,58,TWSE,common_stock,true,false,false,false,false,false,false,false,true,
2025-06-30,3167,大量,listed,124.5,133.0,120.5,129.5,7.5,6.1475,32247031,4126305669,21414,TWSE,common_stock,true,false,false,false,false,false,false,false,true,
2025-06-30,3168,眾福科,listed,43.85,44.5,43.65,44.4,-0.45,-1.0033,19161,846834,19,TWSE,common_stock,true,false,false,false,false,false,false,false,true,
2025-06-30,3189,景碩,listed,85.1,85.5,83.4,83.7,-1.5,-1.7606,2144559,180236575,1890,TWSE,common_stock,true,false,false,false,false,false,false,false,true,
2025-06-30,3209,全科,listed,37.65,37.7,37.15,37.15,-0.5,-1.328,376173,14041608,326,TWSE,common_stock,true,false,false,false,false,false,false,false,true,
2025-06-30,3229,晟鈦,listed,13.9,13.9,13.65,13.85,-0.5,-3.4843,7071,97788,14,TWSE,common_stock,true,false,false,false,false,false,false,false,true,
2025-06-30,3231,緯創,listed,122.5,123.0,121.0,122.5,1.5,1.2397,28775594,3513859180,14502,TWSE,common_stock,true,false,false,false,false,false,false,false,true,
2025-06-30,3257,虹冠電,listed,60.7,60.7,59.1,59.2,-0.7,-1.1686,235794,14037910,259,TWSE,common_stock,true,false,false,false,false,false,false,false,true,
2025-06-30,3266,昇陽,listed,15.55,15.55,15.15,15.3,-0.2,-1.2903,29373,450495,25,TWSE,common_stock,true,false,false,false,false,false,false,false,true,
2025-06-30,3296,勝德,listed,19.65,20.15,18.85,19.05,-0.9,-4.5113,206864,3997219,370,TWSE,common_stock,true,false,false,false,false,false,false,false,true,
2025-06-30,3305,昇貿,listed,58.6,58.6,57.0,57.0,-1.4,-2.3973,272118,15629259,260,TWSE,common_stock,true,false,false,false,false,false,false,false,true,
2025-06-30,3308,聯德,listed,18.05,18.2,17.9,17.95,-0.1,-0.554,106988,1925829,83,TWSE,common_stock,true,false,false,false,false,false,false,false,true,
2025-06-30,3311,閎暉,listed,32.15,32.65,31.55,31.6,-0.65,-2.0155,77893,2475726,212,TWSE,common_stock,true,false,false,false,false,false,false,false,true,
2025-06-30,3312,弘憶股,listed,50.1,50.1,48.85,48.95,-1.15,-2.2954,732860,36037576,570,TWSE,common_stock,true,false,false,false,false,false,false,false,true,
2025-06-30,3321,同泰,listed,6.1,6.16,6.08,6.16,-0.02,-0.3236,22934,138962,102,TWSE,common_stock,true,false,false,false,false,false,false,false,true,
2025-06-30,3338,泰碩,listed,53.4,53.6,52.6,52.9,0.0,0.0,160324,8504858,156,TWSE,common_stock,true,false,false,false,false,false,false,false,true,
2025-06-30,3346,麗清,listed,25.2,25.75,24.7,24.7,-0.35,-1.3972,273724,6880685,281,TWSE,common_stock,true,false,false,false,false,false,false,false,true,
2025-06-30,3356,奇偶,listed,49.65,51.7,49.45,50.3,0.65,1.3092,625111,31716046,644,TWSE,common_stock,true,false,false,false,false,false,false,false,true,
2025-06-30,3376,新日興,listed,215.5,218.5,211.5,214.5,-5.0,-2.2779,10373771,2221940757,7957,TWSE,common_stock,true,false,false,false,false,false,false,false,true,
2025-06-30,3380,明泰,listed,29.15,29.15,28.5,28.5,-0.8,-2.7304,732258,21071639,576,TWSE,common_stock,true,false,false,false,false,false,false,false,true,
2025-06-30,3406,玉晶光,listed,417.0,427.0,416.5,418.0,3.0,0.7229,1138429,479074149,1565,TWSE,common_stock,true,false,false,false,false,false,false,false,true,
2025-06-30,3413,京鼎,listed,301.0,302.0,297.5,297.5,-5.0,-1.6529,509212,152121306,810,TWSE,common_stock,true,false,false,false,false,false,false,false,true,
2025-06-30,3416,融程電,listed,133.0,135.5,132.5,134.0,0.0,0.0,270061,36238787,291,TWSE,common_stock,true,false,false,false,false,false,false,false,true,
2025-06-30,3419,譁裕,listed,12.75,12.75,12.55,12.7,-0.25,-1.9305,94914,1201026,75,TWSE,common_stock,true,false,false,false,false,false,false,false,true,
2025-06-30,3432,台端,listed,14.7,14.7,14.45,14.55,-0.25,-1.6892,10250,149500,8,TWSE,common_stock,true,false,false,false,false,false,false,false,true,
2025-06-30,3437,榮創,listed,15.25,15.25,15.0,15.05,-0.35,-2.2727,203563,3071947,213,TWSE,common_stock,true,false,false,false,false,false,false,false,true,
2025-06-30,3443,創意,listed,1330.0,1340.0,1300.0,1305.0,0.0,0.0,2545663,3361438170,4832,TWSE,common_stock,true,false,false,false,false,false,false,false,true,
2025-06-30,3447,展達,listed,47.6,48.4,46.5,48.25,0.7,1.4721,376727,17811935,254,TWSE,common_stock,true,false,false,false,false,false,false,false,true,
2025-06-30,3450,聯鈞,listed,216.0,216.5,208.5,209.0,-5.5,-2.5641,8483896,1788626084,6882,TWSE,common_stock,true,false,false,false,false,false,false,false,true,
2025-06-30,3454,晶睿,listed,111.0,111.5,109.0,109.0,0.0,0.0,111749,12299813,139,TWSE,common_stock,true,false,false,false,false,false,false,false,true,
2025-06-30,3481,群創,listed,12.0,12.0,11.7,11.7,-0.3,-2.5,45854694,538914311,10386,TWSE,common_stock,true,false,false,false,false,false,false,false,true,
2025-06-30,3494,誠研,listed,14.05,14.15,13.7,14.0,-0.1,-0.7092,78403,1090211,97,TWSE,common_stock,true,false,false,false,false,false,false,false,true,
2025-06-30,3501,維熹,listed,59.5,59.5,58.2,58.2,-1.1,-1.855,303902,17778808,328,TWSE,common_stock,true,false,false,false,false,false,false,false,true,
2025-06-30,3504,揚明光,listed,46.5,47.6,46.0,46.05,-0.1,-0.2167,219203,10183549,217,TWSE,common_stock,true,false,false,false,false,false,false,false,true,
2025-06-30,3515,華擎,listed,274.0,274.0,274.0,274.0,24.5,9.8196,1810729,496139746,1713,TWSE,common_stock,true,false,false,false,false,false,false,false,true,
2025-06-30,3518,柏騰,listed,16.35,16.35,15.8,15.8,-0.15,-0.9404,76238,1211280,82,TWSE,common_stock,true,false,false,false,false,false,false,false,true,
2025-06-30,3528,安馳,listed,77.4,77.4,75.1,75.1,-1.9,-2.4675,840961,63789873,799,TWSE,common_stock,true,false,false,false,false,false,false,false,true,
2025-06-30,3530,晶相光,listed,61.0,61.3,59.8,60.9,0.5,0.8278,78010,4730019,100,TWSE,common_stock,true,false,false,false,false,false,false,false,true,
2025-06-30,3532,台勝科,listed,81.0,81.0,77.8,78.5,-1.9,-2.3632,436387,34393598,490,TWSE,common_stock,true,false,false,false,false,false,false,false,true,
2025-06-30,3533,嘉澤,listed,1375.0,1375.0,1350.0,1350.0,-10.0,-0.7353,474802,645492715,953,TWSE,common_stock,true,false,false,false,false,false,false,false,true,
2025-06-30,3535,晶彩科,listed,47.55,51.8,47.55,51.8,4.7,9.9788,33459547,1677657090,18021,TWSE,common_stock,true,false,false,false,false,false,false,false,true,
2025-06-30,3543,州巧,listed,20.0,20.25,19.85,20.05,-0.15,-0.7426,40072,802080,37,TWSE,common_stock,true,false,false,false,false,false,false,false,true,
2025-06-30,3545,敦泰,listed,66.3,66.7,65.2,66.1,-1.1,-1.6369,3768996,248994806,3152,TWSE,common_stock,true,false,false,false,false,false,false,false,true,
2025-06-30,3550,聯穎,listed,14.35,14.4,14.1,14.3,-0.05,-0.3484,150016,2137292,119,TWSE,common_stock,true,false,false,false,false,false,false,false,true,
2025-06-30,3557,嘉威,listed,46.35,46.4,45.4,45.45,-0.7,-1.5168,72948,3328520,104,TWSE,common_stock,true,false,false,false,false,false,false,false,true,
2025-06-30,3563,牧德,listed,545.0,548.0,536.0,536.0,-8.0,-1.4706,551295,298565594,941,TWSE,common_stock,true,false,false,false,false,false,false,false,true,
2025-06-30,3576,聯合再生,listed,6.62,6.62,6.5,6.51,-0.09,-1.3636,2763663,18051193,1121,TWSE,common_stock,true,false,false,false,false,false,false,false,true,
2025-06-30,3583,辛耘,listed,350.0,353.0,344.0,345.0,0.0,0.0,1007432,351069161,1833,TWSE,common_stock,true,false,false,false,false,false,false,false,true,
2025-06-30,3588,通嘉,listed,48.2,49.5,47.0,47.0,-0.35,-0.7392,272036,13131702,279,TWSE,common_stock,true,false,false,false,false,false,false,false,true,
2025-06-30,3591,艾笛森,listed,18.35,18.45,18.1,18.35,-0.1,-0.542,197940,3605964,179,TWSE,common_stock,true,false,false,false,false,false,false,false,true,
2025-06-30,3592,瑞鼎,listed,368.0,370.0,363.5,366.0,-2.0,-0.5435,414304,151358963,410,TWSE,common_stock,true,false,false,false,false,false,false,false,true,
2025-06-30,3593,力銘,listed,7.87,7.87,7.74,7.74,0.44,6.0274,13075,101898,39,TWSE,common_stock,true,false,false,false,false,false,false,false,true,
2025-06-30,3596,智易,listed,199.5,202.0,199.0,200.5,1.0,0.5013,1903793,380819831,1689,TWSE,common_stock,true,false,false,false,false,false,false,false,true,
2025-06-30,3605,宏致,listed,58.9,59.6,57.8,57.8,-0.9,-1.5332,2847708,166628427,2076,TWSE,common_stock,true,false,false,false,false,false,false,false,true,
2025-06-30,3607,谷崧,listed,15.15,15.15,15.0,15.15,-0.05,-0.3289,86229,1301794,62,TWSE,common_stock,true,false,false,false,false,false,false,false,true,
2025-06-30,3617,碩天,listed,254.5,262.0,254.0,258.5,5.0,1.9724,830324,214929399,982,TWSE,common_stock,true,false,false,false,false,false,false,false,true,
2025-06-30,3622,洋華,listed,53.2,53.3,52.5,52.8,-0.1,-0.189,114673,6068325,123,TWSE,common_stock,true,false,false,false,false,false,false,false,true,
2025-06-30,3645,達邁,listed,62.1,66.4,61.4,62.5,2.1,3.4768,39280287,2556104946,23172,TWSE,common_stock,true,false,false,false,false,false,false,false,true,
2025-06-30,3652,精聯,listed,28.5,28.5,27.55,27.8,-0.9,-3.1359,30100,841210,31,TWSE,common_stock,true,false,false,false,false,false,false,false,true,
2025-06-30,3653,健策,listed,1500.0,1520.0,1475.0,1510.0,10.0,0.6667,852705,1277554705,1283,TWSE,common_stock,true,false,false,false,false,false,false,false,true,
2025-06-30,3661,世芯-KY,listed,3050.0,3100.0,3000.0,3095.0,95.0,3.1667,3380315,10368228105,10761,TWSE,common_stock,true,false,false,false,false,false,false,false,true,
2025-06-30,3665,貿聯-KY,listed,815.0,858.0,814.0,848.0,39.0,4.8208,5474490,4616079246,6768,TWSE,common_stock,true,false,false,false,false,false,false,false,true,
2025-06-30,3669,圓展,listed,33.1,33.4,32.85,32.9,-0.2,-0.6042,9171,303232,21,TWSE,common_stock,true,false,false,false,false,false,false,false,true,
2025-06-30,3673,TPK-KY,listed,31.75,32.05,31.15,31.15,-0.55,-1.735,588283,18483677,439,TWSE,common_stock,true,false,false,false,false,false,false,false,true,
2025-06-30,3679,新至陞,listed,129.5,129.5,127.5,128.0,-1.5,-1.1583,74743,9588681,92,TWSE,common_stock,true,false,false,false,false,false,false,false,true,
2025-06-30,3686,達能,listed,16.25,16.25,15.8,15.85,-0.55,-3.3537,127869,2042200,129,TWSE,common_stock,true,false,false,false,false,false,false,false,true,
2025-06-30,3694,海華,listed,59.0,60.0,57.7,59.0,0.0,0.0,2706930,159834776,2022,TWSE,common_stock,true,false,false,false,false,false,false,false,true,
2025-06-30,3701,大眾控,listed,33.1,33.4,32.25,32.35,-0.65,-1.9697,99285,3240160,231,TWSE,common_stock,true,false,false,false,false,false,false,false,true,
2025-06-30,3702,大聯大,listed,68.4,70.7,68.4,70.2,1.3,1.8868,9610581,674004294,4933,TWSE,common_stock,true,false,false,false,false,false,false,false,true,
2025-06-30,3703,欣陸,listed,23.5,23.5,23.1,23.2,-0.1,-0.4292,487167,11326675,365,TWSE,common_stock,true,false,false,false,false,false,false,false,true,
2025-06-30,3704,合勤控,listed,28.2,28.2,27.15,27.15,-0.85,-3.0357,829337,22766807,775,TWSE,common_stock,true,false,false,false,false,false,false,false,true,
2025-06-30,3705,永信,listed,60.5,61.0,59.3,59.5,-0.7,-1.1628,530172,31771104,592,TWSE,common_stock,true,false,false,false,false,false,false,false,true,
2025-06-30,3706,神達,listed,66.2,67.5,65.8,66.5,0.8,1.2177,33150162,2212396607,18528,TWSE,common_stock,true,false,false,false,false,false,false,false,true,
2025-06-30,3708,上緯投控,listed,72.8,72.8,70.1,70.1,-1.8,-2.5035,370566,26245175,450,TWSE,common_stock,true,false,false,false,false,false,false,false,true,
2025-06-30,3711,日月光投控,listed,150.0,150.0,147.5,147.5,-2.5,-1.6667,19277350,2858022253,7224,TWSE,common_stock,true,false,false,false,false,false,false,false,true,
2025-06-30,3712,永崴投控,listed,47.05,47.45,46.8,47.1,-0.1,-0.2119,550541,25924679,525,TWSE,common_stock,true,false,false,false,false,false,false,false,true,
2025-06-30,3714,富采,listed,36.7,36.9,35.4,35.4,-1.1,-3.0137,2321097,83641058,2024,TWSE,common_stock,true,false,false,false,false,false,false,false,true,
2025-06-30,3715,定穎投控,listed,46.85,47.2,45.15,45.3,-1.0,-2.1598,9505528,436381784,5842,TWSE,common_stock,true,false,false,false,false,false,false,false,true,
2025-06-30,3716,中化控股,listed,36.3,36.3,35.95,36.2,-0.15,-0.4127,118268,4421592,109,TWSE,common_stock,true,false,false,false,false,false,false,false,true,
2025-06-30,4104,佳醫,listed,84.9,84.9,84.4,84.6,-0.3,-0.3534,59103,5001971,182,TWSE,common_stock,true,false,false,false,false,false,false,false,true,
2025-06-30,4106,雃博,listed,22.2,22.2,22.05,22.05,-0.1,-0.4515,29657,656985,190,TWSE,common_stock,true,false,false,false,false,false,false,false,true,
2025-06-30,4108,懷特,listed,13.95,14.0,13.85,13.85,-0.1,-0.7168,55365,769486,83,TWSE,common_stock,true,false,false,false,false,false,false,false,true,
2025-06-30,4119,旭富,listed,64.5,64.9,64.2,64.7,0.0,0.0,83260,5380352,159,TWSE,common_stock,true,false,false,false,false,false,false,false,true,
2025-06-30,4133,亞諾法,listed,27.4,27.5,26.75,26.75,-0.4,-1.4733,151881,4101854,186,TWSE,common_stock,true,false,false,false,false,false,false,false,true,
2025-06-30,4137,麗豐-KY,listed,118.0,119.0,117.0,118.0,0.5,0.4255,88250,10400082,134,TWSE,common_stock,true,false,false,false,false,false,false,false,true,
2025-06-30,4142,國光生,listed,16.95,16.95,16.6,16.6,-0.3,-1.7751,478394,7989365,321,TWSE,common_stock,true,false,false,false,false,false,false,false,true,
2025-06-30,4148,全宇生技-KY,listed,43.9,43.9,42.0,42.05,-1.4,-3.2221,14118,600622,21,TWSE,common_stock,true,false,false,false,false,false,false,false,true,
2025-06-30,4155,訊映,listed,16.7,16.7,16.3,16.5,-0.2,-1.1976,111773,1839490,484,TWSE,common_stock,true,false,false,false,false,false,false,false,true,
2025-06-30,4164,承業醫,listed,45.35,45.5,44.8,44.95,-0.4,-0.882,1052780,47534150,673,TWSE,common_stock,true,false,false,false,false,false,false,false,true,
2025-06-30,4190,佐登-KY,listed,35.05,35.05,34.3,34.9,-0.15,-0.428,10471,362727,83,TWSE,common_stock,true,false,false,false,false,false,false,false,true,
2025-06-30,4306,炎洲,listed,16.05,16.05,15.75,15.75,-0.25,-1.5625,571056,9040606,439,TWSE,common_stock,true,false,false,false,false,false,false,false,true,
2025-06-30,4414,如興,listed,3.09,3.13,3.05,3.12,-0.02,-0.6369,618094,1907419,271,TWSE,common_stock,true,false,false,false,false,false,false,false,true,
2025-06-30,4426,利勤,listed,10.4,10.4,10.1,10.1,-0.35,-3.3493,252975,2584582,128,TWSE,common_stock,true,false,false,false,false,false,false,false,true,
2025-06-30,4438,廣越,listed,78.6,78.6,76.7,77.1,-1.5,-1.9084,47235,3650540,41,TWSE,common_stock,true,false,false,false,false,false,false,false,true,
2025-06-30,4439,冠星-KY,listed,93.1,95.8,93.1,95.8,3.8,4.1304,61704,5836909,55,TWSE,common_stock,true,false,false,false,false,false,false,false,true,
2025-06-30,4440,宜新實業,listed,16.7,16.7,16.45,16.45,-0.25,-1.497,31306,518079,28,TWSE,common_stock,true,false,false,false,false,false,false,false,true,
2025-06-30,4526,東台,listed,26.2,26.2,25.3,25.6,-0.3,-1.1583,1104879,28241739,691,TWSE,common_stock,true,false,false,false,false,false,false,false,true,
2025-06-30,4532,瑞智,listed,24.65,24.65,24.2,24.35,-0.25,-1.0163,1537119,37501111,1031,TWSE,common_stock,true,false,false,false,false,false,false,false,true,
2025-06-30,4536,拓凱,listed,188.5,189.5,187.0,187.5,0.5,0.2674,148490,27953293,188,TWSE,common_stock,true,false,false,false,false,false,false,false,true,
2025-06-30,4540,全球傳動,listed,38.7,38.95,37.7,37.7,-0.8,-2.0779,850881,32355461,754,TWSE,common_stock,true,false,false,false,false,false,false,false,true,
2025-06-30,4545,銘鈺,listed,32.0,32.6,31.8,31.8,-0.5,-1.548,59143,1890090,60,TWSE,common_stock,true,false,false,false,false,false,false,false,true,
2025-06-30,4551,智伸科,listed,123.5,124.0,118.0,123.0,-0.5,-0.4049,1333704,161860005,1213,TWSE,common_stock,true,false,false,false,false,false,false,false,true,
2025-06-30,4552,力達-KY,listed,23.05,23.2,22.75,22.9,-0.3,-1.2931,63009,1446357,38,TWSE,common_stock,true,false,false,false,false,false,false,false,true,
2025-06-30,4555,氣立,listed,35.5,35.95,34.65,35.0,-0.8,-2.2346,92360,3242748,88,TWSE,common_stock,true,false,false,false,false,false,false,false,true,
2025-06-30,4557,永新-KY,listed,101.5,101.5,100.5,100.5,-1.0,-0.9852,29252,2949938,41,TWSE,common_stock,true,false,false,false,false,false,false,false,true,
2025-06-30,4560,強信-KY,listed,39.55,40.25,38.95,39.8,0.6,1.5306,197080,7843262,86,TWSE,common_stock,true,false,false,false,false,false,false,false,true,
2025-06-30,4562,穎漢,listed,58.2,58.2,57.0,57.1,-1.1,-1.89,1022063,58664653,789,TWSE,common_stock,true,false,false,false,false,false,false,false,true,
2025-06-30,4564,元翎,listed,16.3,16.35,15.7,15.75,-0.7,-4.2553,1199488,19022194,759,TWSE,common_stock,true,false,false,false,false,false,false,false,true,
2025-06-30,4566,時碩工業,listed,61.4,61.9,59.7,59.7,-1.6,-2.6101,1125947,67988786,893,TWSE,common_stock,true,false,false,false,false,false,false,false,true,
2025-06-30,4569,六方科-KY,listed,152.0,153.0,146.5,147.5,-4.0,-2.6403,323991,48640675,133,TWSE,common_stock,true,false,false,false,false,false,false,false,true,
2025-06-30,4571,鈞興-KY,listed,173.0,175.0,171.5,172.5,-0.5,-0.289,904993,156303977,1037,TWSE,common_stock,true,false,false,false,false,false,false,false,true,
2025-06-30,4572,駐龍,listed,165.5,165.5,163.0,164.5,0.0,0.0,208576,34239364,206,TWSE,common_stock,true,false,false,false,false,false,false,false,true,
2025-06-30,4576,大銀微系統,listed,122.0,122.5,118.5,119.0,-2.5,-2.0576,1168648,139873251,1206,TWSE,common_stock,true,false,false,false,false,false,false,false,true,
2025-06-30,4581,光隆精密-KY,listed,54.0,54.4,53.9,54.4,0.4,0.7407,11069,599226,18,TWSE,common_stock,true,false,false,false,false,false,false,false,true,
2025-06-30,4583,台灣精銳,listed,823.0,830.0,807.0,810.0,-11.0,-1.3398,528700,432042766,1150,TWSE,common_stock,true,false,false,false,false,false,false,false,true,
2025-06-30,4588,玖鼎電力,listed,72.6,72.7,71.5,71.5,-1.9,-2.5886,33541,2423631,40,TWSE,common_stock,true,false,false,false,false,false,false,false,true,
2025-06-30,4720,德淵,listed,16.1,16.15,15.85,15.85,-0.25,-1.5528,435060,6947815,185,TWSE,common_stock,true,false,false,false,false,false,false,false,true,
2025-06-30,4722,國精化,listed,69.8,69.9,67.6,67.6,-2.0,-2.8736,1245671,85331162,1056,TWSE,common_stock,true,false,false,false,false,false,false,false,true,
2025-06-30,4736,泰博,listed,127.0,127.0,125.5,125.5,-2.0,-1.5686,88832,11205476,123,TWSE,common_stock,true,false,false,false,false,false,false,false,true,
2025-06-30,4737,華廣,listed,74.9,74.9,72.0,72.5,-2.3,-3.0749,119444,8713871,93,TWSE,common_stock,true,false,false,false,false,false,false,false,true,
2025-06-30,4739,康普,listed,55.3,55.3,52.0,52.3,-3.0,-5.425,1480954,78426902,1374,TWSE,common_stock,true,false,false,false,false,false,false,false,true,
2025-06-30,4746,台耀,listed,69.3,69.6,68.8,69.4,0.3,0.4342,152565,10563780,177,TWSE,common_stock,true,false,false,false,false,false,false,false,true,
2025-06-30,4755,三福化,listed,113.0,115.0,113.0,113.5,0.5,0.4425,98454,11239403,126,TWSE,common_stock,true,false,false,false,false,false,false,false,true,
2025-06-30,4763,材料*-KY,listed,90.2,93.5,88.9,90.5,0.0,0.0,34939728,3193911569,21514,TWSE,common_stock,true,false,false,false,false,false,false,false,true,
2025-06-30,4764,雙鍵,listed,43.5,43.5,42.75,43.45,-0.05,-0.1149,6000,258850,6,TWSE,common_stock,true,false,false,false,false,false,false,false,true,
2025-06-30,4766,南寶,listed,309.0,309.0,298.5,299.5,-7.5,-2.443,602068,181645380,891,TWSE,common_stock,true,false,false,false,false,false,false,false,true,
2025-06-30,4770,上品,listed,255.5,256.5,250.5,251.5,-3.0,-1.1788,563835,142125961,697,TWSE,common_stock,true,false,false,false,false,false,false,false,true,
2025-06-30,4771,望隼,listed,183.0,184.5,181.5,182.0,-2.0,-1.087,22329,4080036,42,TWSE,common_stock,true,false,false,false,false,false,false,false,true,
2025-06-30,4807,日成-KY,listed,16.05,16.25,15.8,15.9,-0.15,-0.9346,58583,935155,42,TWSE,common_stock,true,false,false,false,false,false,false,false,true,
2025-06-30,4904,遠傳,listed,88.5,90.0,88.5,89.6,0.3,0.3359,12055592,1078018152,6944,TWSE,common_stock,true,false,false,false,false,false,false,false,true,
2025-06-30,4906,正文,listed,26.6,26.6,26.05,26.2,-0.35,-1.3183,1903615,50075528,1036,TWSE,common_stock,true,false,false,false,false,false,false,false,true,
2025-06-30,4912,聯德控股-KY,listed,79.3,80.1,76.1,77.2,-2.8,-3.5,442648,34289067,401,TWSE,common_stock,true,false,false,false,false,false,false,false,true,
2025-06-30,4915,致伸,listed,74.2,74.2,72.0,72.9,-0.9,-1.2195,3172387,230188797,2591,TWSE,common_stock,true,false,false,false,false,false,false,false,true,
2025-06-30,4916,事欣科,listed,41.2,41.3,40.2,40.2,-1.25,-3.0157,2676307,108495337,1906,TWSE,common_stock,true,false,false,false,false,false,false,false,true,
2025-06-30,4919,新唐,listed,76.0,76.0,72.3,72.3,-2.9,-3.8564,1254236,92313813,1421,TWSE,common_stock,true,false,false,false,false,false,false,false,true,
2025-06-30,4927,泰鼎-KY,listed,23.2,23.3,22.6,23.2,0.0,0.0,932282,21374978,538,TWSE,common_stock,true,false,false,false,false,false,false,false,true,
2025-06-30,4930,燦星網,listed,23.4,23.55,23.3,23.3,-0.3,-1.2712,21483,503360,59,TWSE,common_stock,true,false,false,false,false,false,false,false,true,
2025-06-30,4934,太極,listed,11.55,11.55,11.15,11.2,-0.35,-3.0303,300304,3383900,190,TWSE,common_stock,true,false,false,false,false,false,false,false,true,
2025-06-30,4935,茂林-KY,listed,39.85,39.85,38.9,38.9,-0.95,-2.3839,49483,1944549,45,TWSE,common_stock,true,false,false,false,false,false,false,false,true,
2025-06-30,4938,和碩,listed,75.7,78.2,75.3,76.8,1.1,1.4531,17463284,1348443878,7771,TWSE,common_stock,true,false,false,false,false,false,false,false,true,
2025-06-30,4942,嘉彰,listed,38.6,38.65,38.6,38.65,-0.15,-0.3866,10100,390170,16,TWSE,common_stock,true,false,false,false,false,false,false,false,true,
2025-06-30,4943,康控-KY,listed,9.49,9.6,9.49,9.5,-0.1,-1.0417,15389,146679,17,TWSE,common_stock,true,false,false,false,false,false,false,false,true,
2025-06-30,4949,有成精密,listed,56.1,56.2,53.0,53.0,-3.5,-6.1947,5736418,311160149,3775,TWSE,common_stock,true,false,false,false,false,false,false,false,true,
2025-06-30,4952,凌通,listed,41.0,41.0,40.0,40.35,-0.65,-1.5854,47105,1896682,84,TWSE,common_stock,true,false,false,false,false,false,false,false,true,
2025-06-30,4956,光鋐,listed,26.45,26.5,25.85,25.85,-0.35,-1.3359,244363,6357279,219,TWSE,common_stock,true,false,false,false,false,false,false,false,true,
2025-06-30,4958,臻鼎-KY,listed,100.5,102.5,100.0,100.5,0.0,0.0,4248242,430089623,3063,TWSE,common_stock,true,false,false,false,false,false,false,false,true,
2025-06-30,4960,誠美材,listed,13.7,13.85,13.45,13.55,-0.2,-1.4545,1327930,18085495,729,TWSE,common_stock,true,false,false,false,false,false,false,false,true,
2025-06-30,4961,天鈺,listed,230.5,230.5,218.5,218.5,-8.0,-3.532,1830930,408480309,2060,TWSE,common_stock,true,false,false,false,false,false,false,false,true,
2025-06-30,4967,十銓,listed,75.3,75.8,73.0,73.0,-1.9,-2.5367,946320,69837528,808,TWSE,common_stock,true,false,false,false,false,false,false,false,true,
2025-06-30,4968,立積,listed,123.0,124.0,118.0,118.0,-3.5,-2.8807,961626,115327787,1152,TWSE,common_stock,true,false,false,false,false,false,false,false,true,
2025-06-30,4976,佳凌,listed,29.15,29.15,28.5,28.5,-0.85,-2.8961,186703,5360572,237,TWSE,common_stock,true,false,false,false,false,false,false,false,true,
2025-06-30,4977,眾達-KY,listed,92.0,92.3,90.4,90.4,-2.0,-2.1645,1345561,122347857,1283,TWSE,common_stock,true,false,false,false,false,false,false,false,true,
2025-06-30,4989,榮科,listed,15.8,15.8,15.35,15.35,-0.4,-2.5397,155068,2403780,101,TWSE,common_stock,true,false,false,false,false,false,false,false,true,
2025-06-30,4994,傳奇,listed,94.3,94.6,93.4,93.4,-1.1,-1.164,10103,951856,13,TWSE,common_stock,true,false,false,false,false,false,false,false,true,
2025-06-30,4999,鑫禾,listed,24.05,24.2,24.0,24.1,-0.2,-0.823,36442,877472,168,TWSE,common_stock,true,false,false,false,false,false,false,false,true,
2025-06-30,5007,三星,listed,53.7,53.7,52.8,52.8,-0.9,-1.676,33130,1759430,28,TWSE,common_stock,true,false,false,false,false,false,false,false,true,
2025-06-30,5203,訊連,listed,105.5,105.5,103.0,103.5,-2.0,-1.8957,231831,24119334,215,TWSE,common_stock,true,false,false,false,false,false,false,false,true,
2025-06-30,5215,科嘉-KY,listed,37.8,37.8,37.45,37.5,-0.3,-0.7937,15399,577470,27,TWSE,common_stock,true,false,false,false,false,false,false,false,true,
2025-06-30,5222,全訊,listed,114.0,114.5,113.0,114.0,0.5,0.4405,170847,19443996,236,TWSE,common_stock,true,false,false,false,false,false,false,false,true,
2025-06-30,5225,東科-KY,listed,84.8,85.0,82.3,82.3,-2.0,-2.3725,238137,19736656,315,TWSE,common_stock,true,false,false,false,false,false,false,false,true,
2025-06-30,5234,達興材料,listed,274.0,276.0,267.0,268.0,-6.0,-2.1898,1088929,294297881,2229,TWSE,common_stock,true,false,false,false,false,false,false,false,true,
2025-06-30,5243,乙盛-KY,listed,56.7,56.8,55.6,56.0,-0.7,-1.2346,383085,21532262,336,TWSE,common_stock,true,false,false,false,false,false,false,false,true,
2025-06-30,5244,弘凱,listed,46.8,46.8,45.75,46.0,-0.45,-0.9688,546455,25178292,427,TWSE,common_stock,true,false,false,false,false,false,false,false,true,
2025-06-30,5258,虹堡,listed,62.0,62.1,60.8,61.5,-0.8,-1.2841,208756,12805304,222,TWSE,common_stock,true,false,false,false,false,false,false,false,true,
2025-06-30,5269,祥碩,listed,1945.0,1960.0,1910.0,1910.0,-30.0,-1.5464,428588,829420950,808,TWSE,common_stock,true,false,false,false,false,false,false,false,true,
2025-06-30,5283,禾聯碩,listed,80.1,80.1,79.0,79.4,-1.1,-1.3665,90761,7216370,187,TWSE,common_stock,true,false,false,false,false,false,false,false,true,
2025-06-30,5284,jpp-KY,listed,197.0,203.0,195.0,198.0,2.5,1.2788,2021720,402664859,2366,TWSE,common_stock,true,false,false,false,false,false,false,false,true,
2025-06-30,5285,界霖,listed,49.0,49.0,48.05,48.05,-0.95,-1.9388,146652,7092769,212,TWSE,common_stock,true,false,false,false,false,false,false,false,true,
2025-06-30,5288,豐祥-KY,listed,137.0,137.0,134.0,135.0,-2.0,-1.4599,106538,14457836,131,TWSE,common_stock,true,false,false,false,false,false,false,false,true,
2025-06-30,5292,華懋,listed,156.0,156.0,153.5,154.0,-0.5,-0.3236,50861,7846141,104,TWSE,common_stock,true,false,false,false,false,false,false,false,true,
2025-06-30,5306,桂盟,listed,93.5,93.8,92.9,93.0,0.0,0.0,91521,8540511,117,TWSE,common_stock,true,false,false,false,false,false,false,false,true,
2025-06-30,5388,中磊,listed,99.5,99.6,95.0,95.0,-3.6,-3.6511,3997133,383441084,3189,TWSE,common_stock,true,false,false,false,false,false,false,false,true,
2025-06-30,5434,崇越,listed,277.0,279.0,274.5,274.5,-5.5,-1.9643,1204908,332540814,1165,TWSE,common_stock,true,false,false,false,false,false,false,false,true,
2025-06-30,5469,瀚宇博,listed,61.8,62.5,60.7,61.5,-0.1,-0.1623,4159988,256403012,3505,TWSE,common_stock,true,false,false,false,false,false,false,false,true,
2025-06-30,5471,松翰,listed,33.6,33.65,33.05,33.1,-0.4,-1.194,209138,7205028,194,TWSE,common_stock,true,false,false,false,false,false,false,false,true,
2025-06-30,5484,慧友,listed,37.55,38.65,36.6,38.3,0.75,1.9973,239426,9088052,229,TWSE,common_stock,true,false,false,false,false,false,false,false,true,
2025-06-30,5515,建國,listed,27.25,27.4,27.15,27.15,-0.1,-0.367,296234,8070915,394,TWSE,common_stock,true,false,false,false,false,false,false,false,true,
2025-06-30,5519,隆大,listed,30.2,30.2,29.95,29.95,-0.25,-0.8278,113296,3401198,127,TWSE,common_stock,true,false,false,false,false,false,false,false,true,
2025-06-30,5521,工信,listed,11.95,11.95,11.7,11.75,-0.2,-1.6736,814828,9605478,306,TWSE,common_stock,true,false,false,false,false,false,false,false,true,
2025-06-30,5522,遠雄,listed,65.3,65.3,64.1,64.1,-1.2,-1.8377,406616,26168407,369,TWSE,common_stock,true,false,false,false,false,false,false,false,true,
2025-06-30,5525,順天,listed,32.7,32.7,32.3,32.7,-0.2,-0.6079,37000,1204350,21,TWSE,common_stock,true,false,false,false,false,false,false,false,true,
2025-06-30,5531,鄉林,listed,9.4,9.4,9.2,9.23,-0.17,-1.8085,439740,4074395,283,TWSE,common_stock,true,false,false,false,false,false,false,false,true,
2025-06-30,5533,皇鼎,listed,17.0,17.3,16.95,17.3,0.15,0.8746,66197,1134546,50,TWSE,common_stock,true,false,false,false,false,false,false,false,true,
2025-06-30,5534,長虹,listed,85.4,86.3,84.7,85.0,-0.6,-0.7009,604302,51340847,464,TWSE,common_stock,true,false,false,false,false,false,false,false,true,
2025-06-30,5538,東明-KY,listed,31.25,31.25,30.5,30.5,-0.75,-2.4,5000,153300,5,TWSE,common_stock,true,false,false,false,false,false,false,false,true,
2025-06-30,5546,永固-KY,listed,29.8,29.8,29.7,29.75,-0.25,-0.8333,4000,118950,4,TWSE,common_stock,true,false,false,false,false,false,false,false,true,
2025-06-30,5607,遠雄港,listed,41.4,41.9,41.3,41.5,-0.3,-0.7177,129729,5402815,171,TWSE,common_stock,true,false,false,false,false,false,false,false,true,
2025-06-30,5608,四維航,listed,15.8,15.8,15.1,15.1,-0.55,-3.5144,777316,11904988,545,TWSE,common_stock,true,false,false,false,false,false,false,false,true,
2025-06-30,5706,鳳凰,listed,64.5,64.5,63.5,63.5,0.3,0.4747,766816,49064102,711,TWSE,common_stock,true,false,false,false,false,false,false,false,true,
2025-06-30,5871,中租-KY,listed,126.5,127.0,125.0,126.5,0.0,0.0,4765711,601547646,2693,TWSE,common_stock,true,false,false,false,false,false,false,false,true,
2025-06-30,5871A,中租-KY甲特,listed,102.0,102.0,102.0,102.0,0.0,0.0,103509,10557913,34,TWSE,warrant,false,false,true,false,false,false,false,false,false,security_type=warrant;symbol_not_4_digit
2025-06-30,5876,上海商銀,listed,46.95,47.2,46.4,46.4,-0.55,-1.1715,14375400,671530030,5858,TWSE,common_stock,true,false,false,false,false,false,false,false,true,
2025-06-30,5880,合庫金,listed,24.75,24.9,24.7,24.75,-0.25,-1.0,14794620,366752779,5456,TWSE,common_stock,true,false,false,false,false,false,false,false,true,
2025-06-30,5906,台南-KY,listed,49.75,49.75,49.75,49.75,0.0,0.0,1000,49750,1,TWSE,common_stock,true,false,false,false,false,false,false,false,true,
2025-06-30,5907,大洋-KY,listed,6.57,6.57,6.33,6.33,-0.14,-2.1638,206031,1315349,107,TWSE,common_stock,true,false,false,false,false,false,false,false,true,
2025-06-30,6005,群益證,listed,20.0,20.1,19.6,19.6,-0.35,-1.7544,9813021,193346461,3988,TWSE,etf,false,true,false,false,false,false,false,false,false,security_type=etf
2025-06-30,6024,群益期,listed,47.9,47.9,47.5,47.55,-0.3,-0.627,89846,4276412,136,TWSE,etf,false,true,false,false,false,false,false,false,false,security_type=etf
2025-06-30,6108,競國,listed,13.7,14.1,13.7,13.9,0.0,0.0,55067,763966,60,TWSE,common_stock,true,false,false,false,false,false,false,false,true,
2025-06-30,6112,邁達特,listed,50.4,51.7,49.85,51.3,1.35,2.7027,1720894,87879947,1287,TWSE,common_stock,true,false,false,false,false,false,false,false,true,
2025-06-30,6115,鎰勝,listed,51.9,52.1,51.9,52.1,0.1,0.1923,66270,3445966,52,TWSE,common_stock,true,false,false,false,false,false,false,false,true,
2025-06-30,6116,彩晶,listed,7.47,7.47,7.11,7.12,-0.21,-2.8649,5965284,43029747,1842,TWSE,common_stock,true,false,false,false,false,false,false,false,true,
2025-06-30,6117,迎廣,listed,95.2,102.0,94.2,99.2,4.8,5.0847,6780598,672356450,5058,TWSE,common_stock,true,false,false,false,false,false,false,false,true,
2025-06-30,6120,達運,listed,10.95,11.05,10.7,10.9,0.0,0.0,391877,4262735,286,TWSE,common_stock,true,false,false,false,false,false,false,false,true,
2025-06-30,6128,上福,listed,30.4,30.4,29.95,29.95,-0.45,-1.4803,136570,4110417,106,TWSE,common_stock,true,false,false,false,false,false,false,false,true,
2025-06-30,6133,金橋,listed,14.15,15.15,14.15,14.8,0.65,4.5936,1346951,19884948,839,TWSE,common_stock,true,false,false,false,false,false,false,false,true,
2025-06-30,6136,富爾特,listed,23.95,23.95,23.6,23.65,-0.3,-1.2526,283324,6728145,212,TWSE,common_stock,true,false,false,false,false,false,false,false,true,
2025-06-30,6139,亞翔,listed,309.5,313.5,305.5,306.5,-3.0,-0.9693,5963303,1843570995,5886,TWSE,common_stock,true,false,false,false,false,false,false,false,true,
2025-06-30,6141,柏承,listed,12.5,12.55,12.05,12.1,-0.35,-2.8112,619447,7553082,357,TWSE,common_stock,true,false,false,false,false,false,false,false,true,
2025-06-30,6142,友勁,listed,9.54,9.59,9.24,9.45,0.01,0.1059,172412,1617387,105,TWSE,common_stock,true,false,false,false,false,false,false,false,true,
2025-06-30,6152,百一,listed,8.61,8.61,8.36,8.57,0.02,0.2339,254624,2157608,134,TWSE,common_stock,true,false,false,false,false,false,false,false,true,
2025-06-30,6153,嘉聯益,listed,13.75,14.45,13.35,13.85,-0.05,-0.3597,14972207,208841466,6029,TWSE,common_stock,true,false,false,false,false,false,false,false,true,
2025-06-30,6155,鈞寶,listed,22.5,22.65,22.25,22.4,0.0,0.0,37159,836110,33,TWSE,common_stock,true,false,false,false,false,false,false,false,true,
2025-06-30,6164,華興,listed,10.95,10.95,10.8,10.9,-0.1,-0.9091,112630,1225444,157,TWSE,common_stock,true,false,false,false,false,false,false,false,true,
2025-06-30,6165,浪凡,listed,57.5,57.5,54.3,56.6,-0.5,-0.8757,1291774,72127407,902,TWSE,common_stock,true,false,false,false,false,false,false,false,true,
2025-06-30,6166,凌華,listed,63.0,63.0,61.1,61.1,-2.1,-3.3228,290303,17901003,331,TWSE,common_stock,true,false,false,false,false,false,false,false,true,
2025-06-30,6168,宏齊,listed,16.05,16.05,15.7,15.7,-0.4,-2.4845,102702,1628239,93,TWSE,common_stock,true,false,false,false,false,false,false,false,true,
2025-06-30,6176,瑞儀,listed,138.0,138.0,134.0,134.5,-3.0,-2.1818,3106810,419833590,2607,TWSE,common_stock,true,false,false,false,false,false,false,false,true,
2025-06-30,6177,達麗,listed,48.6,48.7,48.35,48.45,-0.35,-0.7172,539196,26162321,469,TWSE,common_stock,true,false,false,false,false,false,false,false,true,
2025-06-30,6183,關貿,listed,92.5,92.5,92.4,92.4,-0.4,-0.431,2990,276963,31,TWSE,common_stock,true,false,false,false,false,false,false,false,true,
2025-06-30,6184,大豐電,listed,51.0,51.1,50.8,50.9,0.0,0.0,72624,3703400,63,TWSE,common_stock,true,false,false,false,false,false,false,false,true,
2025-06-30,6189,豐藝,listed,75.1,76.3,75.1,76.3,1.2,1.5979,1216615,92276932,1101,TWSE,common_stock,true,false,false,false,false,false,false,false,true,
2025-06-30,6191,精成科,listed,89.6,92.2,85.2,89.2,0.6,0.6772,113489389,10118659365,65017,TWSE,common_stock,true,false,false,false,false,false,false,false,true,
2025-06-30,6192,巨路,listed,97.2,98.5,96.9,98.0,0.8,0.823,98140,9571167,267,TWSE,common_stock,true,false,false,false,false,false,false,false,true,
2025-06-30,6196,帆宣,listed,188.0,191.5,186.0,189.0,1.0,0.5319,1601667,303180031,4208,TWSE,common_stock,true,false,false,false,false,false,false,false,true,
2025-06-30,6197,佳必琪,listed,144.5,150.0,144.5,145.5,3.0,2.1053,4824550,711507019,4289,TWSE,common_stock,true,false,false,false,false,false,false,false,true,
2025-06-30,6201,亞弘電,listed,61.0,61.0,60.1,60.4,-0.7,-1.1457,15368,927936,30,TWSE,common_stock,true,false,false,false,false,false,false,false,true,
2025-06-30,6202,盛群,listed,43.5,43.6,42.6,42.6,-1.2,-2.7397,356383,15286637,392,TWSE,common_stock,true,false,false,false,false,false,false,false,true,
2025-06-30,6205,詮欣,listed,45.5,45.8,45.0,45.0,-0.75,-1.6393,119632,5410378,99,TWSE,common_stock,true,false,false,false,false,false,false,false,true,
2025-06-30,6206,飛捷,listed,118.5,121.0,117.5,119.5,1.5,1.2712,2396506,286104712,1950,TWSE,common_stock,true,false,false,false,false,false,false,false,true,
2025-06-30,6209,今國光,listed,25.2,26.05,24.75,24.8,-0.35,-1.3917,1736896,44192846,985,TWSE,common_stock,true,false,false,false,false,false,false,false,true,
2025-06-30,6213,聯茂,listed,88.9,89.8,87.2,87.2,-0.4,-0.4566,6387618,565091580,4511,TWSE,common_stock,true,false,false,false,false,false,false,false,true,
2025-06-30,6214,精誠,listed,106.0,106.5,104.5,104.5,-1.5,-1.4151,440120,46274968,487,TWSE,common_stock,true,false,false,false,false,false,false,false,true,
2025-06-30,6215,和椿,listed,103.0,103.5,101.0,102.0,-1.5,-1.4493,2058182,209684676,1589,TWSE,common_stock,true,false,false,false,false,false,false,false,true,
2025-06-30,6216,居易,listed,31.75,32.0,31.75,31.8,-0.1,-0.3135,54359,1732366,64,TWSE,common_stock,true,false,false,false,false,false,false,false,true,
2025-06-30,6224,聚鼎,listed,45.9,46.5,45.45,45.75,-0.9,-1.9293,104503,4810642,83,TWSE,common_stock,true,false,false,false,false,false,false,false,true,
2025-06-30,6225,天瀚,listed,11.75,11.75,11.4,11.6,0.2,1.7544,17579,201933,14,TWSE,common_stock,true,false,false,false,false,false,false,false,true,
2025-06-30,6226,光鼎,listed,6.98,7.03,6.9,6.9,-0.08,-1.1461,24370,169566,37,TWSE,common_stock,true,false,false,false,false,false,false,false,true,
2025-06-30,6230,尼得科超眾,listed,131.0,131.0,125.5,126.0,-5.0,-3.8168,119505,15207193,244,TWSE,common_stock,true,false,false,false,false,false,false,false,true,
2025-06-30,6235,華孚,listed,52.3,52.3,50.0,50.2,-2.2,-4.1985,437020,22188162,749,TWSE,common_stock,true,false,false,false,false,false,false,false,true,
2025-06-30,6239,力成,listed,132.5,133.5,131.0,131.5,-0.5,-0.3788,2894792,382523228,2472,TWSE,common_stock,true,false,false,false,false,false,false,false,true,
2025-06-30,6243,迅杰,listed,38.35,38.35,37.35,37.55,-0.75,-1.9582,106047,3992525,160,TWSE,common_stock,true,false,false,false,false,false,false,false,true,
2025-06-30,6257,矽格,listed,81.6,82.2,79.0,79.3,-2.8,-3.4105,8177752,654350502,14586,TWSE,common_stock,true,false,false,false,false,false,false,false,true,
2025-06-30,6269,台郡,listed,56.1,56.8,54.9,56.2,0.2,0.3571,3236188,180655897,2607,TWSE,common_stock,true,false,false,false,false,false,false,false,true,
2025-06-30,6271,同欣電,listed,109.5,109.5,106.5,107.0,-1.5,-1.3825,1101327,118762598,1184,TWSE,common_stock,true,false,false,false,false,false,false,false,true,
2025-06-30,6277,宏正,listed,59.4,59.5,58.6,58.9,-0.5,-0.8418,64352,3796620,77,TWSE,common_stock,true,false,false,false,false,false,false,false,true,
2025-06-30,6278,台表科,listed,107.0,107.5,104.0,104.0,-3.5,-3.2558,3456536,362974089,2187,TWSE,common_stock,true,false,false,false,false,false,false,false,true,
2025-06-30,6281,全國電,listed,71.3,71.8,71.3,71.4,-0.4,-0.5571,29102,2085326,46,TWSE,common_stock,true,false,false,false,false,false,false,false,true,
2025-06-30,6282,康舒,listed,26.45,26.55,25.9,26.05,-0.65,-2.4345,1470601,38436780,1172,TWSE,common_stock,true,false,false,false,false,false,false,false,true,
2025-06-30,6283,淳安,listed,20.95,20.95,20.35,20.35,-0.45,-2.1635,140476,2885039,88,TWSE,common_stock,true,false,false,false,false,false,false,false,true,
2025-06-30,6285,啟碁,listed,122.5,122.5,119.5,121.5,-1.0,-0.8163,3264327,395334493,2037,TWSE,common_stock,true,false,false,false,false,false,false,false,true,
2025-06-30,6288,聯嘉,listed,20.05,20.05,19.55,19.55,-0.45,-2.25,223622,4407700,155,TWSE,common_stock,true,false,false,false,false,false,false,false,true,
2025-06-30,6405,悅城,listed,25.25,25.25,24.15,24.7,-0.1,-0.4032,98560,2424618,102,TWSE,common_stock,true,false,false,false,false,false,false,false,true,
2025-06-30,6409,旭隼,listed,1295.0,1295.0,1260.0,1260.0,-35.0,-2.7027,227228,288895540,928,TWSE,common_stock,true,false,false,false,false,false,false,false,true,
2025-06-30,6412,群電,listed,106.0,109.0,105.0,106.5,0.5,0.4717,2681272,287299878,1500,TWSE,common_stock,true,false,false,false,false,false,false,false,true,
2025-06-30,6414,樺漢,listed,285.0,290.5,285.0,288.0,8.0,2.8571,1702335,490191391,1813,TWSE,common_stock,true,false,false,false,false,false,false,false,true,
2025-06-30,6415,矽力*-KY,listed,378.0,378.0,355.5,355.5,-20.5,-5.4521,2459274,887858778,3428,TWSE,common_stock,true,false,false,false,false,false,false,false,true,
2025-06-30,6416,瑞祺電通,listed,91.3,91.3,89.1,89.8,-1.4,-1.5351,159631,14352406,192,TWSE,common_stock,true,false,false,false,false,false,false,false,true,
2025-06-30,6423,億而得-創,listed,95.0,95.0,94.0,95.0,-0.5,-0.5236,7568,713400,17,TWSE,common_stock,true,false,false,false,false,false,false,false,true,
2025-06-30,6426,統新,listed,74.2,74.2,72.5,73.5,-0.7,-0.9434,110432,8076963,136,TWSE,common_stock,true,false,false,false,false,false,false,false,true,
2025-06-30,6431,光麗-KY,listed,16.8,16.9,16.0,16.8,-0.2,-1.1765,126462,2072810,61,TWSE,common_stock,true,false,false,false,false,false,false,false,true,
2025-06-30,6438,迅得,listed,171.0,171.0,166.5,166.5,-3.5,-2.0588,1140022,191301019,1213,TWSE,common_stock,true,false,false,false,false,false,false,false,true,
2025-06-30,6442,光聖,listed,478.0,480.5,462.5,464.0,-13.0,-2.7254,1472267,688751245,2121,TWSE,common_stock,true,false,false,false,false,false,false,false,true,
2025-06-30,6443,元晶,listed,15.4,15.45,14.85,14.9,-0.45,-2.9316,2527098,37874885,1516,TWSE,common_stock,true,false,false,false,false,false,false,false,true,
2025-06-30,6446,藥華藥,listed,550.0,552.0,545.0,548.0,1.0,0.1828,1001065,548823480,1489,TWSE,common_stock,true,false,false,false,false,false,false,false,true,
2025-06-30,6449,鈺邦,listed,114.0,114.0,110.0,112.0,-0.5,-0.4444,319799,35828751,314,TWSE,common_stock,true,false,false,false,false,false,false,false,true,
2025-06-30,6451,訊芯-KY,listed,144.0,144.5,140.0,140.5,-2.5,-1.7483,558196,78993864,544,TWSE,common_stock,true,false,false,false,false,false,false,false,true,
2025-06-30,6456,GIS-KY,listed,41.15,41.15,40.2,40.2,-1.1,-2.6634,483207,19614981,366,TWSE,common_stock,true,false,false,false,false,false,false,false,true,
2025-06-30,6464,台數科,listed,81.2,81.2,80.6,80.6,-0.6,-0.7389,6161,498166,13,TWSE,common_stock,true,false,false,false,false,false,false,false,true,
2025-06-30,6472,保瑞,listed,821.0,838.0,816.0,831.0,14.0,1.7136,1159260,960205946,2654,TWSE,common_stock,true,false,false,false,false,false,false,false,true,
2025-06-30,6477,安集,listed,29.1,29.1,28.2,28.6,-0.75,-2.5554,376646,10751768,330,TWSE,common_stock,true,false,false,false,false,false,false,false,true,
2025-06-30,6491,晶碩,listed,303.0,303.0,297.0,297.0,-6.0,-1.9802,104577,31229495,317,TWSE,common_stock,true,false,false,false,false,false,false,false,true,
2025-06-30,6504,南六,listed,62.2,62.2,60.9,61.5,0.3,0.4902,90695,5586631,91,TWSE,common_stock,true,false,false,false,false,false,false,false,true,
2025-06-30,6505,台塑化,listed,36.9,36.9,36.0,36.0,-0.8,-2.1739,4605008,166503860,2825,TWSE,common_stock,true,false,false,false,false,false,false,false,true,
2025-06-30,6515,穎崴,listed,1240.0,1295.0,1230.0,1295.0,65.0,5.2846,1672240,2125167910,2889,TWSE,common_stock,true,false,false,false,false,false,false,false,true,
2025-06-30,6525,捷敏-KY,listed,66.7,66.7,65.9,66.0,-0.6,-0.9009,111260,7353888,110,TWSE,common_stock,true,false,false,false,false,false,false,false,true,
2025-06-30,6526,達發,listed,541.0,541.0,530.0,530.0,-11.0,-2.0333,196824,105224177,543,TWSE,common_stock,true,false,false,false,false,false,false,false,true,
2025-06-30,6531,愛普*,listed,288.0,309.0,286.0,299.0,16.5,5.8407,7641138,2285165793,7045,TWSE,common_stock,true,false,false,false,false,false,false,false,true,
2025-06-30,6533,晶心科,listed,309.0,319.5,291.5,295.0,-4.0,-1.3378,4049935,1230707691,5047,TWSE,common_stock,true,false,false,false,false,false,false,false,true,
2025-06-30,6534,正瀚-創,listed,77.7,78.6,77.7,78.6,0.1,0.1274,16565,1293843,17,TWSE,common_stock,true,false,false,false,false,false,false,false,true,
2025-06-30,6541,泰福-KY,listed,55.3,56.0,51.5,52.5,0.1,0.1908,758025,40107431,547,TWSE,common_stock,true,false,false,false,false,false,false,false,true,
2025-06-30,6550,北極星藥業-KY,listed,39.7,39.7,38.6,38.6,-1.0,-2.5253,400674,15575270,416,TWSE,common_stock,true,false,false,false,false,false,false,false,true,
2025-06-30,6552,易華電,listed,25.45,25.45,25.0,25.0,-0.45,-1.7682,26164,657059,43,TWSE,common_stock,true,false,false,false,false,false,false,false,true,
2025-06-30,6558,興能高,listed,57.5,57.6,55.5,55.7,-1.6,-2.7923,18053525,1018775764,10549,TWSE,common_stock,true,false,false,false,false,false,false,false,true,
2025-06-30,6573,虹揚-KY,listed,9.66,9.78,9.54,9.54,-0.24,-2.454,38100,364907,17,TWSE,common_stock,true,false,false,false,false,false,false,false,true,
2025-06-30,6579,研揚,listed,122.0,122.0,118.5,119.0,-3.0,-2.459,80817,9659695,138,TWSE,common_stock,true,false,false,false,false,false,false,false,true,
2025-06-30,6581,鋼聯,listed,107.0,107.0,106.5,106.5,-1.0,-0.9302,34491,3688910,28,TWSE,common_stock,true,false,false,false,false,false,false,false,true,
2025-06-30,6582,申豐,listed,35.5,35.5,35.35,35.35,-0.05,-0.1412,65256,2481936,17,TWSE,common_stock,true,false,false,false,false,false,false,false,true,
2025-06-30,6585,鼎基,listed,114.0,114.0,107.5,109.5,0.0,0.0,403937,44376208,457,TWSE,common_stock,true,false,false,false,false,false,false,false,true,
2025-06-30,6591,動力-KY,listed,68.8,69.3,67.3,68.0,-0.7,-1.0189,2095395,142703128,1733,TWSE,common_stock,true,false,false,false,false,false,false,false,true,
2025-06-30,6592,和潤企業,listed,69.2,69.2,67.3,67.3,-1.8,-2.6049,237299,16154802,507,TWSE,common_stock,true,false,false,false,false,false,false,false,true,
2025-06-30,6592A,和潤企業甲特,listed,93.8,93.9,93.8,93.9,0.1,0.1066,4429,415630,13,TWSE,warrant,false,false,true,false,false,false,false,false,false,security_type=warrant;symbol_not_4_digit
2025-06-30,6592B,和潤企業乙特,listed,94.6,95.0,94.6,95.0,0.5,0.5291,7480,708738,18,TWSE,warrant,false,false,true,false,false,false,false,false,false,security_type=warrant;symbol_not_4_digit
2025-06-30,6598,ABC-KY,listed,19.9,20.0,19.6,19.65,-0.1,-0.5063,26465,522933,81,TWSE,common_stock,true,false,false,false,false,false,false,false,true,
2025-06-30,6605,帝寶,listed,196.0,196.5,191.0,191.5,-4.5,-2.2959,1026902,198023994,1946,TWSE,common_stock,true,false,false,false,false,false,false,false,true,
2025-06-30,6606,建德工業,listed,24.65,24.65,24.35,24.45,-0.2,-0.8114,23002,562598,20,TWSE,common_stock,true,false,false,false,false,false,false,false,true,
2025-06-30,6625,必應,listed,93.7,97.8,93.3,97.5,4.5,4.8387,2239133,215590873,3130,TWSE,common_stock,true,false,false,false,false,false,false,false,true,
2025-06-30,6641,基士德-KY,listed,22.9,22.9,22.2,22.5,-0.45,-1.9608,21216,476537,21,TWSE,common_stock,true,false,false,false,false,false,false,false,true,
2025-06-30,6645,金萬林-創,listed,20.05,20.05,19.75,19.75,-0.25,-1.25,29385,585210,23,TWSE,common_stock,true,false,false,false,false,false,false,false,true,
2025-06-30,6655,科定,listed,124.0,124.0,124.0,124.0,0.0,0.0,2114,262059,10,TWSE,common_stock,true,false,false,false,false,false,false,false,true,
2025-06-30,6657,華安,listed,70.1,70.8,67.3,67.3,-2.4,-3.4433,620909,42316365,604,TWSE,common_stock,true,false,false,false,false,false,false,false,true,
2025-06-30,6658,聯策,listed,85.5,87.0,84.6,85.8,1.0,1.1792,1703946,145764632,1376,TWSE,common_stock,true,false,false,false,false,false,false,false,true,
2025-06-30,6666,羅麗芬-KY,listed,43.2,44.55,41.75,42.4,-0.95,-2.1915,26300,1139414,40,TWSE,common_stock,true,false,false,false,false,false,false,false,true,
2025-06-30,6668,中揚光,listed,49.0,49.0,45.65,46.1,-3.15,-6.3959,993869,46471735,770,TWSE,common_stock,true,false,false,false,false,false,false,false,true,
2025-06-30,6669,緯穎,listed,2550.0,2575.0,2520.0,2530.0,0.0,0.0,1493416,3794622205,3929,TWSE,common_stock,true,false,false,false,false,false,false,false,true,
2025-06-30,6670,復盛應用,listed,300.0,300.0,297.0,297.0,-2.0,-0.6689,447488,133176136,545,TWSE,common_stock,true,false,false,false,false,false,false,false,true,
2025-06-30,6671,三能-KY,listed,40.5,40.65,40.35,40.65,0.15,0.3704,19012,770201,19,TWSE,common_stock,true,false,false,false,false,false,false,false,true,
2025-06-30,6672,騰輝電子-KY,listed,72.0,73.9,71.5,71.5,0.1,0.1401,420073,30464826,379,TWSE,common_stock,true,false,false,false,false,false,false,false,true,
2025-06-30,6674,鋐寶科技,listed,27.1,27.2,25.6,26.25,-0.65,-2.4164,219237,5762863,163,TWSE,common_stock,true,false,false,false,false,false,false,false,true,
2025-06-30,6689,伊雲谷,listed,80.7,80.8,79.3,79.5,-1.2,-1.487,218206,17412188,254,TWSE,common_stock,true,false,false,false,false,false,false,false,true,
2025-06-30,6691,洋基工程,listed,432.5,442.0,432.5,435.0,3.0,0.6944,1026011,447349132,1111,TWSE,common_stock,true,false,false,false,false,false,false,false,true,
2025-06-30,6695,芯鼎,listed,45.0,45.0,42.75,42.75,-1.8,-4.0404,504881,21910526,485,TWSE,common_stock,true,false,false,false,false,false,false,false,true,
2025-06-30,6698,旭暉應材,listed,30.05,30.05,29.3,29.3,-0.8,-2.6578,114728,3388931,165,TWSE,common_stock,true,false,false,false,false,false,false,false,true,
2025-06-30,6706,惠特,listed,62.3,62.3,60.3,60.3,-1.3,-2.1104,788112,47874379,693,TWSE,common_stock,true,false,false,false,false,false,false,false,true,
2025-06-30,6715,嘉基,listed,119.0,121.0,117.0,119.0,0.0,0.0,62101,7366519,57,TWSE,common_stock,true,false,false,false,false,false,false,false,true,
2025-06-30,6719,力智,listed,210.0,210.0,202.5,202.5,-6.5,-3.11,473564,96870099,579,TWSE,common_stock,true,false,false,false,false,false,false,false,true,
2025-06-30,6742,澤米,listed,54.5,59.6,54.5,59.6,5.4,9.9631,9703245,561620473,6563,TWSE,common_stock,true,false,false,false,false,false,false,false,true,
2025-06-30,6743,安普新,listed,29.8,30.0,29.7,29.95,-0.2,-0.6633,26688,795624,29,TWSE,common_stock,true,false,false,false,false,false,false,false,true,
2025-06-30,6753,龍德造船,listed,100.0,100.0,98.7,98.7,-1.0,-1.003,207021,20501964,224,TWSE,common_stock,true,false,false,false,false,false,false,false,true,
2025-06-30,6754,匯僑設計,listed,64.4,64.4,63.0,63.0,0.0,0.0,102462,6522393,162,TWSE,common_stock,true,false,false,false,false,false,false,false,true,
2025-06-30,6756,威鋒電子,listed,104.0,105.0,99.1,99.1,-3.4,-3.3171,169369,16974327,241,TWSE,common_stock,true,false,false,false,false,false,false,false,true,
2025-06-30,6757,台灣虎航,listed,86.8,89.4,86.5,86.5,0.1,0.1157,9827690,863246978,7364,TWSE,common_stock,true,false,false,false,false,false,false,false,true,
2025-06-30,6768,志強-KY,listed,108.0,108.5,104.0,106.5,-1.0,-0.9302,744828,78809879,645,TWSE,common_stock,true,false,false,false,false,false,false,false,true,
2025-06-30,6770,力積電,listed,15.45,15.55,15.3,15.4,-0.05,-0.3236,7862855,121130056,2286,TWSE,common_stock,true,false,false,false,false,false,false,false,true,
2025-06-30,6771,平和環保-創,listed,56.5,57.3,56.5,57.3,0.3,0.5263,3000,170300,2,TWSE,common_stock,true,false,false,false,false,false,false,false,true,
2025-06-30,6776,展碁國際,listed,58.6,60.6,58.6,58.7,0.1,0.1706,323498,19307599,268,TWSE,common_stock,true,false,false,false,false,false,false,false,true,
2025-06-30,6781,AES-KY,listed,1065.0,1085.0,1040.0,1060.0,0.0,0.0,956570,1016849470,1265,TWSE,common_stock,true,false,false,false,false,false,false,false,true,
2025-06-30,6782,視陽,listed,178.5,185.0,176.0,183.0,3.0,1.6667,198512,35983774,237,TWSE,common_stock,true,false,false,false,false,false,false,false,true,
2025-06-30,6789,采鈺,listed,237.0,245.0,231.5,231.5,-1.5,-0.6438,3221050,766281070,3471,TWSE,common_stock,true,false,false,false,false,false,false,false,true,
2025-06-30,6790,永豐實,listed,42.6,42.75,42.45,42.75,0.1,0.2345,76414,3254721,62,TWSE,etf,false,true,false,false,false,false,false,false,false,security_type=etf
2025-06-30,6792,詠業,listed,52.1,52.1,50.9,51.7,-0.5,-0.9579,52799,2725987,63,TWSE,common_stock,true,false,false,false,false,false,false,false,true,
2025-06-30,6794,向榮生技,listed,63.1,63.1,61.9,62.1,-0.7,-1.1146,15011,932093,15,TWSE,common_stock,true,false,false,false,false,false,false,false,true,
2025-06-30,6796,晉弘,listed,82.1,83.4,82.1,83.1,0.6,0.7273,39090,3242707,43,TWSE,common_stock,true,false,false,false,false,false,false,false,true,
2025-06-30,6799,來頡,listed,95.8,96.5,94.0,94.0,-2.3,-2.3884,244023,23105834,315,TWSE,common_stock,true,false,false,false,false,false,false,false,true,
2025-06-30,6805,富世達,listed,815.0,825.0,802.0,812.0,1.0,0.1233,1649587,1340827312,2418,TWSE,common_stock,true,false,false,false,false,false,false,false,true,
2025-06-30,6806,森崴能源,listed,82.4,83.0,80.3,80.4,-2.8,-3.3654,1054095,85228736,1167,TWSE,common_stock,true,false,false,false,false,false,false,false,true,
2025-06-30,6807,峰源-KY,listed,71.1,71.5,71.0,71.1,-1.1,-1.5235,25010,1779615,24,TWSE,common_stock,true,false,false,false,false,false,false,false,true,
2025-06-30,6830,汎銓,listed,123.5,123.5,120.5,121.0,-2.5,-2.0243,176345,21472984,231,TWSE,common_stock,true,false,false,false,false,false,false,false,true,
2025-06-30,6834,天二科技,listed,31.05,31.05,30.25,30.4,-0.8,-2.5641,112459,3438066,100,TWSE,common_stock,true,false,false,false,false,false,false,false,true,
2025-06-30,6835,圓裕,listed,45.5,45.5,43.65,44.0,-1.65,-3.6145,245064,10882130,223,TWSE,common_stock,true,false,false,false,false,false,false,false,true,
2025-06-30,6838,台新藥,listed,37.5,38.7,36.9,36.9,-1.1,-2.8947,1642155,61137082,1081,TWSE,common_stock,true,false,false,false,false,false,false,false,true,
2025-06-30,6854,錼創科技-KY創,listed,197.0,199.0,189.5,195.0,-2.0,-1.0152,1364701,264487802,1237,TWSE,common_stock,true,false,false,false,false,false,false,false,true,
2025-06-30,6861,睿生光電,listed,47.8,47.8,47.0,47.5,-0.3,-0.6276,46077,2183372,68,TWSE,common_stock,true,false,false,false,false,false,false,false,true,
2025-06-30,6862,三集瑞-KY,listed,142.5,142.5,139.0,140.0,-2.5,-1.7544,87924,12331901,158,TWSE,common_stock,true,false,false,false,false,false,false,false,true,
2025-06-30,6863,永道-KY,listed,157.5,157.5,154.0,154.0,-4.0,-2.5316,126704,19652103,243,TWSE,common_stock,true,false,false,false,false,false,false,false,true,
2025-06-30,6869,雲豹能源,listed,167.0,168.0,163.0,164.0,-2.5,-1.5015,790571,130184064,994,TWSE,common_stock,true,false,false,false,false,false,false,false,true,
2025-06-30,6873,泓德能源,listed,237.0,237.5,233.0,235.0,-1.0,-0.4237,588485,138099549,806,TWSE,common_stock,true,false,false,false,false,false,false,false,true,
2025-06-30,6885,全福生技,listed,33.9,34.45,32.5,32.9,-1.35,-3.9416,1637066,54549912,1086,TWSE,common_stock,true,false,false,false,false,false,false,false,true,
2025-06-30,6887,寶綠特-KY,listed,82.9,83.9,82.8,83.3,-0.4,-0.4779,15000,1245800,9,TWSE,common_stock,true,false,false,false,false,false,false,false,true,
2025-06-30,6890,來億-KY,listed,286.0,286.5,279.0,280.0,-4.5,-1.5817,625973,176005750,875,TWSE,common_stock,true,false,false,false,false,false,false,false,true,
2025-06-30,6901,鑽石投資,listed,20.65,20.75,20.4,20.45,-0.15,-0.7282,359769,7396446,244,TWSE,common_stock,true,false,false,false,false,false,false,false,true,
2025-06-30,6902,GOGOLOOK,listed,80.4,80.4,78.8,78.8,-1.8,-2.2333,139042,11026087,203,TWSE,common_stock,true,false,false,false,false,false,false,false,true,
2025-06-30,6906,現觀科,listed,132.5,133.0,130.0,131.5,-1.5,-1.1278,43149,5677893,65,TWSE,common_stock,true,false,false,false,false,false,false,false,true,
2025-06-30,6909,創控,listed,47.6,47.6,45.6,45.8,-1.1,-2.3454,328078,15296004,272,TWSE,common_stock,true,false,false,false,false,false,false,false,true,
2025-06-30,6914,阜爾運通,listed,148.0,148.0,147.5,147.5,-1.5,-1.0067,46645,6891636,80,TWSE,common_stock,true,false,false,false,false,false,false,false,true,
2025-06-30,6916,華凌,listed,20.9,20.9,20.4,20.5,-0.6,-2.8436,63101,1297913,62,TWSE,common_stock,true,false,false,false,false,false,false,false,true,
2025-06-30,6918,愛派司,listed,100.5,101.5,95.8,96.3,-3.7,-3.7,565529,55241463,673,TWSE,common_stock,true,false,false,false,false,false,false,false,true,
2025-06-30,6919,康霈*,listed,1345.0,1355.0,1265.0,1345.0,10.0,0.7491,2213755,2912339170,4309,TWSE,common_stock,true,false,false,false,false,false,false,false,true,
2025-06-30,6923,中台,listed,81.1,83.0,80.3,80.5,0.4,0.4994,329808,26845564,285,TWSE,common_stock,true,false,false,false,false,false,false,false,true,
2025-06-30,6924,榮惠-KY創,listed,71.0,71.0,70.8,70.8,-0.1,-0.141,8000,567000,6,TWSE,common_stock,true,false,false,false,false,false,false,false,true,
2025-06-30,6928,攸泰科技,listed,43.95,43.95,42.7,42.8,-1.65,-3.712,85277,3666878,107,TWSE,common_stock,true,false,false,false,false,false,false,false,true,
2025-06-30,6931,青松健康,listed,52.4,52.4,51.8,51.8,-1.5,-2.8143,56124,2917737,60,TWSE,common_stock,true,false,false,false,false,false,false,false,true,
2025-06-30,6933,AMAX-KY,listed,126.0,128.0,125.5,127.0,-2.0,-1.5504,30731,3891883,78,TWSE,common_stock,true,false,false,false,false,false,false,false,true,
2025-06-30,6936,永鴻生技,listed,38.75,38.75,38.0,38.4,-0.1,-0.2597,119080,4567037,107,TWSE,common_stock,true,false,false,false,false,false,false,false,true,
2025-06-30,6937,天虹,listed,227.0,227.0,215.5,216.0,-11.0,-4.8458,724829,159804175,1086,TWSE,common_stock,true,false,false,false,false,false,false,false,true,
2025-06-30,6944,兆聯實業,listed,432.5,437.0,428.0,431.5,1.0,0.2323,433103,186930373,828,TWSE,common_stock,true,false,false,false,false,false,false,false,true,
2025-06-30,6949,沛爾生醫-創,listed,143.0,154.0,143.0,151.0,11.0,7.8571,318780,47311648,480,TWSE,common_stock,true,false,false,false,false,false,false,false,true,
2025-06-30,6951,青新-創,listed,77.5,77.6,77.0,77.5,0.0,0.0,63644,4925506,70,TWSE,common_stock,true,false,false,false,false,false,false,false,true,
2025-06-30,6952,大武山,listed,48.1,48.15,47.5,47.65,-0.5,-1.0384,21000,1007200,14,TWSE,common_stock,true,false,false,false,false,false,false,false,true,
2025-06-30,6955,邦睿生技-創,listed,190.5,191.0,190.0,190.0,0.0,0.0,11832,2247170,29,TWSE,common_stock,true,false,false,false,false,false,false,false,true,
2025-06-30,6957,裕慶-KY,listed,177.0,179.0,175.0,175.5,0.5,0.2857,113370,20020606,174,TWSE,common_stock,true,false,false,false,false,false,false,false,true,
2025-06-30,6958,日盛台駿,listed,22.3,22.3,22.0,22.1,-0.2,-0.8969,36200,801150,25,TWSE,common_stock,true,false,false,false,false,false,false,false,true,
2025-06-30,6962,奕力-KY,listed,54.7,54.8,53.5,53.5,-0.8,-1.4733,3747951,202541136,2232,TWSE,common_stock,true,false,false,false,false,false,false,false,true,
2025-06-30,6965,中傑-KY,listed,101.0,101.5,98.0,100.0,-1.0,-0.9901,199895,19873073,189,TWSE,common_stock,true,false,false,false,false,false,false,false,true,
2025-06-30,6969,成信實業*-創,listed,35.0,35.6,35.0,35.6,0.65,1.8598,26000,914800,15,TWSE,common_stock,true,false,false,false,false,false,false,false,true,
2025-06-30,6988,威力暘-創,listed,18.1,18.1,18.1,18.1,0.0,0.0,1054,19085,2,TWSE,common_stock,true,false,false,false,false,false,false,false,true,
2025-06-30,6994,富威電力,listed,112.0,112.0,102.5,104.0,-7.5,-6.7265,711860,75375038,752,TWSE,common_stock,true,false,false,false,false,false,false,false,true,
2025-06-30,7631,聚賢研發-創,listed,114.0,120.0,113.5,120.0,3.0,2.5641,40200,4703600,37,TWSE,common_stock,true,false,false,false,false,false,false,false,true,
2025-06-30,7705,三商餐飲,listed,52.0,52.0,51.1,51.5,-0.4,-0.7707,43149,2216943,178,TWSE,common_stock,true,false,false,false,false,false,false,false,true,
2025-06-30,7722,LINEPAY,listed,774.0,795.0,732.0,732.0,-30.0,-3.937,3044923,2351175183,9145,TWSE,common_stock,true,false,false,false,false,false,false,false,true,
2025-06-30,7732,金興精密,listed,40.85,40.85,40.85,40.85,0.0,0.0,2010,82099,3,TWSE,common_stock,true,false,false,false,false,false,false,false,true,
2025-06-30,7736,虎山,listed,102.0,102.0,100.5,100.5,0.0,0.0,34199,3451031,31,TWSE,common_stock,true,false,false,false,false,false,false,false,true,
2025-06-30,7740,熙特爾-創,listed,211.0,211.5,204.5,204.5,-5.5,-2.619,147184,30492005,161,TWSE,common_stock,true,false,false,false,false,false,false,false,true,
2025-06-30,7749,意騰-KY,listed,678.0,683.0,658.0,660.0,-10.0,-1.4925,424044,284387011,1259,TWSE,common_stock,true,false,false,false,false,false,false,false,true,
2025-06-30,8011,台通,listed,20.7,20.7,20.05,20.05,-0.55,-2.6699,408067,8254047,308,TWSE,common_stock,true,false,false,false,false,false,false,false,true,
2025-06-30,8016,矽創,listed,209.5,210.0,202.5,202.5,-7.5,-3.5714,1480276,302189297,4621,TWSE,common_stock,true,false,false,false,false,false,false,false,true,
2025-06-30,8021,尖點,listed,41.7,46.0,41.1,45.7,3.85,9.1995,24414339,1073973135,15754,TWSE,common_stock,true,false,false,false,false,false,false,false,true,
2025-06-30,8028,昇陽半導體,listed,139.5,140.0,136.5,136.5,-2.0,-1.444,3007231,414285437,2678,TWSE,common_stock,true,false,false,false,false,false,false,false,true,
2025-06-30,8033,雷虎,listed,60.7,60.8,59.6,59.6,-1.1,-1.8122,1402588,84173605,1319,TWSE,common_stock,true,false,false,false,false,false,false,false,true,
2025-06-30,8039,台虹,listed,45.8,46.5,45.5,45.7,-0.05,-0.1093,577257,26588397,440,TWSE,common_stock,true,false,false,false,false,false,false,false,true,
2025-06-30,8045,達運光電,listed,70.9,70.9,66.1,66.4,-4.5,-6.347,427328,28886393,612,TWSE,common_stock,true,false,false,false,false,false,false,false,true,
2025-06-30,8046,南電,listed,112.5,113.0,110.5,112.0,-0.5,-0.4444,838314,93730752,905,TWSE,common_stock,true,false,false,false,false,false,false,false,true,
2025-06-30,8070,長華*,listed,38.3,38.8,37.85,38.0,-0.3,-0.7833,4662222,177969201,3001,TWSE,common_stock,true,false,false,false,false,false,false,false,true,
2025-06-30,8072,陞泰,listed,49.2,49.9,48.2,49.9,1.0,2.045,6549814,321819685,4219,TWSE,common_stock,true,false,false,false,false,false,false,false,true,
2025-06-30,8081,致新,listed,219.5,220.5,213.5,215.5,0.0,0.0,2072630,448637729,2011,TWSE,common_stock,true,false,false,false,false,false,false,false,true,
2025-06-30,8101,華冠,listed,16.95,16.95,15.15,15.15,-1.4,-8.4592,13403,210700,23,TWSE,common_stock,true,false,false,false,false,false,false,false,true,
2025-06-30,8103,瀚荃,listed,47.8,47.8,46.7,46.95,-0.5,-1.0537,204362,9618790,190,TWSE,common_stock,true,false,false,false,false,false,false,false,true,
2025-06-30,8104,錸寶,listed,38.3,38.75,37.8,38.45,0.3,0.7864,952053,36447552,723,TWSE,common_stock,true,false,false,false,false,false,false,false,true,
2025-06-30,8105,凌巨,listed,12.9,12.9,12.6,12.6,-0.3,-2.3256,571976,7276358,266,TWSE,common_stock,true,false,false,false,false,false,false,false,true,
2025-06-30,8110,華東,listed,13.95,13.95,13.45,13.45,-0.5,-3.5842,1954477,26714378,1162,TWSE,common_stock,true,false,false,false,false,false,false,false,true,
2025-06-30,8112,至上,listed,47.2,47.5,44.8,44.95,-1.9,-4.0555,6944184,315908113,5146,TWSE,common_stock,true,false,false,false,false,false,false,false,true,
2025-06-30,8112A,至上甲特,listed,42.5,42.5,42.5,42.5,0.0,0.0,14269,606405,14,TWSE,warrant,false,false,true,false,false,false,false,false,false,security_type=warrant;symbol_not_4_digit
2025-06-30,8114,振樺電,listed,279.0,293.0,279.0,289.0,9.0,3.2143,578829,166228300,679,TWSE,common_stock,true,false,false,false,false,false,false,false,true,
2025-06-30,8131,福懋科,listed,28.35,28.35,27.8,27.9,-0.45,-1.5873,275775,7709051,256,TWSE,common_stock,true,false,false,false,false,false,false,false,true,
2025-06-30,8150,南茂,listed,27.15,27.2,26.85,26.95,-0.2,-0.7366,949500,25622520,407,TWSE,common_stock,true,false,false,false,false,false,false,false,true,
2025-06-30,8162,微矽電子-創,listed,39.8,39.8,38.7,38.7,0.0,0.0,28020,1095043,18,TWSE,common_stock,true,false,false,false,false,false,false,false,true,
2025-06-30,8163,達方,listed,34.25,34.25,33.65,33.65,-0.6,-1.7518,274980,9297755,412,TWSE,common_stock,true,false,false,false,false,false,false,false,true,
2025-06-30,8201,無敵,listed,10.5,10.7,10.5,10.55,0.05,0.4762,15171,160835,21,TWSE,common_stock,true,false,false,false,false,false,false,false,true,
2025-06-30,8210,勤誠,listed,485.0,497.0,482.0,487.0,3.5,0.7239,2793954,1365202339,3115,TWSE,common_stock,true,false,false,false,false,false,false,false,true,
2025-06-30,8213,志超,listed,30.75,30.75,30.35,30.6,-0.15,-0.4878,211831,6470685,187,TWSE,common_stock,true,false,false,false,false,false,false,false,true,
2025-06-30,8215,明基材,listed,23.8,23.9,23.55,23.55,-0.2,-0.8421,86431,2048088,106,TWSE,common_stock,true,false,false,false,false,false,false,false,true,
2025-06-30,8222,寶一,listed,52.3,52.5,51.2,51.2,-1.3,-2.4762,1609048,82797833,1135,TWSE,common_stock,true,false,false,false,false,false,false,false,true,
2025-06-30,8249,菱光,listed,52.9,53.5,52.3,52.3,-0.2,-0.381,2288470,120897883,1725,TWSE,common_stock,true,false,false,false,false,false,false,false,true,
2025-06-30,8261,富鼎,listed,84.6,84.6,81.3,81.4,-2.9,-3.4401,376722,31019751,393,TWSE,common_stock,true,false,false,false,false,false,false,false,true,
2025-06-30,8271,宇瞻,listed,53.9,53.9,52.5,53.0,-1.0,-1.8519,372153,19685761,649,TWSE,common_stock,true,false,false,false,false,false,false,false,true,
2025-06-30,8341,日友,listed,73.0,73.0,72.5,72.6,-0.4,-0.5479,51818,3766796,113,TWSE,common_stock,true,false,false,false,false,false,false,false,true,
2025-06-30,8367,建新國際,listed,47.2,47.35,46.75,46.95,-0.25,-0.5297,43155,2029260,72,TWSE,common_stock,true,false,false,false,false,false,false,false,true,
2025-06-30,8374,羅昇,listed,99.0,99.4,96.2,96.7,-1.3,-1.3265,451125,43797832,477,TWSE,common_stock,true,false,false,false,false,false,false,false,true,
2025-06-30,8404,百和興業-KY,listed,20.35,20.55,20.1,20.15,-0.35,-1.7073,258665,5237132,185,TWSE,common_stock,true,false,false,false,false,false,false,false,true,
2025-06-30,8411,福貞-KY,listed,12.85,12.85,12.65,12.8,0.05,0.3922,50364,644554,52,TWSE,common_stock,true,false,false,false,false,false,false,false,true,
2025-06-30,8422,可寧衛*,listed,182.0,183.0,181.5,182.0,0.5,0.2755,309974,56462411,346,TWSE,common_stock,true,false,false,false,false,false,false,false,true,
2025-06-30,8429,金麗-KY,listed,8.07,8.08,8.0,8.01,-0.06,-0.7435,89218,718299,113,TWSE,common_stock,true,false,false,false,false,false,false,false,true,
2025-06-30,8438,昶昕,listed,31.5,31.5,30.95,30.95,-0.55,-1.746,4001,124383,5,TWSE,common_stock,true,false,false,false,false,false,false,false,true,
2025-06-30,8442,威宏-KY,listed,84.2,84.4,82.7,83.5,-0.7,-0.8314,89980,7503570,392,TWSE,common_stock,true,false,false,false,false,false,false,false,true,
2025-06-30,8443,阿瘦,listed,12.1,12.15,12.0,12.15,0.0,0.0,39267,472945,67,TWSE,common_stock,true,false,false,false,false,false,false,false,true,
2025-06-30,8454,富邦媒,listed,272.0,272.5,269.0,269.0,-4.5,-1.6453,172336,46652726,682,TWSE,etf,false,true,false,false,false,false,false,false,false,security_type=etf
2025-06-30,8462,柏文,listed,126.0,127.5,125.0,126.5,0.0,0.0,31532,3979908,53,TWSE,common_stock,true,false,false,false,false,false,false,false,true,
2025-06-30,8463,潤泰材,listed,23.1,23.55,23.0,23.0,-0.1,-0.4329,105019,2426788,45,TWSE,common_stock,true,false,false,false,false,false,false,false,true,
2025-06-30,8464,億豐,listed,406.0,407.5,402.0,407.5,0.0,0.0,357393,145286721,337,TWSE,common_stock,true,false,false,false,false,false,false,false,true,
2025-06-30,8466,美吉吉-KY,listed,26.55,27.1,26.5,26.7,-0.15,-0.5587,41260,1102535,64,TWSE,common_stock,true,false,false,false,false,false,false,false,true,
2025-06-30,8467,波力-KY,listed,171.0,171.0,165.5,165.5,-3.5,-2.071,46527,7790505,58,TWSE,common_stock,true,false,false,false,false,false,false,false,true,
2025-06-30,8473,山林水,listed,31.85,32.05,31.8,31.8,-0.05,-0.157,98237,3133090,98,TWSE,common_stock,true,false,false,false,false,false,false,false,true,
2025-06-30,8476,台境*,listed,21.35,21.4,20.5,20.5,0.0,0.0,119969,2501569,136,TWSE,common_stock,true,false,false,false,false,false,false,false,true,
2025-06-30,8478,東哥遊艇,listed,190.0,196.0,185.0,191.5,2.5,1.3228,2458249,469475232,2934,TWSE,common_stock,true,false,false,false,false,false,false,false,true,
2025-06-30,8481,政伸,listed,47.0,47.5,46.05,47.5,0.35,0.7423,12548,590151,16,TWSE,common_stock,true,false,false,false,false,false,false,false,true,
2025-06-30,8482,商億-KY,listed,60.8,61.2,60.4,60.4,-0.6,-0.9836,38205,2321141,41,TWSE,common_stock,true,false,false,false,false,false,false,false,true,
2025-06-30,8487,愛爾達-創,listed,77.6,77.7,77.1,77.2,-0.3,-0.3871,46861,3637148,74,TWSE,common_stock,true,false,false,false,false,false,false,false,true,
2025-06-30,8488,吉源-KY,listed,11.5,11.5,11.3,11.3,-0.1,-0.8772,12883,145800,13,TWSE,common_stock,true,false,false,false,false,false,false,false,true,
2025-06-30,8499,鼎炫-KY,listed,176.0,179.5,170.0,172.5,-1.0,-0.5764,582455,101955895,1908,TWSE,common_stock,true,false,false,false,false,false,false,false,true,
2025-06-30,8926,台汽電,listed,45.15,45.15,44.65,44.65,-0.65,-1.4349,2925601,131244389,1463,TWSE,common_stock,true,false,false,false,false,false,false,false,true,
2025-06-30,8940,新天地,listed,21.2,21.2,20.75,20.75,0.15,0.7282,16170,339819,18,TWSE,common_stock,true,false,false,false,false,false,false,false,true,
2025-06-30,8996,高力,listed,262.5,262.5,257.0,257.0,-4.0,-1.5326,1175126,305026576,1454,TWSE,common_stock,true,false,false,false,false,false,false,false,true,
2025-06-30,9103,美德醫療-DR,listed,5.11,5.11,5.0,5.03,-0.05,-0.9843,210661,1059993,87,TWSE,dr,false,false,false,false,false,false,false,true,false,security_type=dr
2025-06-30,910322,康師傅-DR,listed,21.6,21.6,21.6,21.6,0.2,0.9346,5071,109406,25,TWSE,dr,false,false,false,false,false,false,false,true,false,security_type=dr;symbol_not_4_digit
2025-06-30,9105,泰金寶-DR,listed,6.18,6.2,6.12,6.14,-0.04,-0.6472,6058191,37238824,1520,TWSE,dr,false,false,false,false,false,false,false,true,false,security_type=dr
2025-06-30,910861,神州-DR,listed,,,,,0.0,,230,1409,3,TWSE,dr,false,false,false,false,false,false,false,true,false,security_type=dr;symbol_not_4_digit;invalid_close
2025-06-30,9110,越南控-DR,listed,,,,,0.0,,0,0,0,TWSE,dr,false,false,false,false,false,false,false,true,false,security_type=dr;invalid_close;invalid_volume;invalid_turnover
2025-06-30,911608,明輝-DR,listed,,,,,0.0,,0,0,0,TWSE,dr,false,false,false,false,false,false,false,true,false,security_type=dr;symbol_not_4_digit;invalid_close;invalid_volume;invalid_turnover
2025-06-30,911622,泰聚亨-DR,listed,3.93,4.01,3.93,4.0,-0.02,-0.4975,16000,63189,13,TWSE,dr,false,false,false,false,false,false,false,true,false,security_type=dr;symbol_not_4_digit
2025-06-30,911868,同方友友-DR,listed,1.23,1.24,1.22,1.23,-0.01,-0.8065,166901,204591,54,TWSE,dr,false,false,false,false,false,false,false,true,false,security_type=dr;symbol_not_4_digit
2025-06-30,912000,晨訊科-DR,listed,2.65,2.65,2.57,2.6,-0.02,-0.7634,569000,1480340,265,TWSE,dr,false,false,false,false,false,false,false,true,false,security_type=dr;symbol_not_4_digit
2025-06-30,9136,巨騰-DR,listed,5.86,5.86,5.79,5.8,-0.03,-0.5146,731163,4252346,110,TWSE,dr,false,false,false,false,false,false,false,true,false,security_type=dr
2025-06-30,9802,鈺齊-KY,listed,105.0,106.5,104.0,104.5,-0.5,-0.4762,538939,56617078,507,TWSE,common_stock,true,false,false,false,false,false,false,false,true,
2025-06-30,9902,台火,listed,19.4,19.4,18.3,18.4,-1.3,-6.599,2797834,52558245,1894,TWSE,common_stock,true,false,false,false,false,false,false,false,true,
2025-06-30,9904,寶成,listed,31.05,31.7,30.95,30.95,0.05,0.1618,42392380,1325634616,9483,TWSE,common_stock,true,false,false,false,false,false,false,false,true,
2025-06-30,9905,大華,listed,23.0,23.0,22.8,22.9,-0.1,-0.4348,105102,2401885,42,TWSE,common_stock,true,false,false,false,false,false,false,false,true,
2025-06-30,9906,欣巴巴,listed,77.5,77.7,76.4,76.9,-1.2,-1.5365,105449,8109440,113,TWSE,common_stock,true,false,false,false,false,false,false,false,true,
2025-06-30,9907,統一實,listed,20.0,20.05,19.65,19.65,-0.3,-1.5038,2228336,44123472,1033,TWSE,etf,false,true,false,false,false,false,false,false,false,security_type=etf
2025-06-30,9908,大台北,listed,31.1,31.4,31.05,31.35,0.1,0.32,103378,3223849,61,TWSE,common_stock,true,false,false,false,false,false,false,false,true,
2025-06-30,9910,豐泰,listed,122.5,124.0,121.0,122.5,-1.0,-0.8097,2764918,339338967,2168,TWSE,common_stock,true,false,false,false,false,false,false,false,true,
2025-06-30,9911,櫻花,listed,85.6,85.8,85.1,85.5,0.0,0.0,227934,19493448,298,TWSE,common_stock,true,false,false,false,false,false,false,false,true,
2025-06-30,9912,偉聯,listed,12.05,12.05,11.9,11.9,-0.15,-1.2448,44778,535414,31,TWSE,common_stock,true,false,false,false,false,false,false,false,true,
2025-06-30,9914,美利達,listed,104.0,105.5,102.5,103.0,-1.5,-1.4354,1080224,112344095,887,TWSE,common_stock,true,false,false,false,false,false,false,false,true,
2025-06-30,9917,中保科,listed,113.0,113.5,110.0,110.0,-2.5,-2.2222,3032710,335861178,3128,TWSE,common_stock,true,false,false,false,false,false,false,false,true,
2025-06-30,9918,欣天然,listed,40.25,40.25,39.65,39.85,-0.4,-0.9938,21127,843260,27,TWSE,common_stock,true,false,false,false,false,false,false,false,true,
2025-06-30,9919,康那香,listed,17.8,17.9,17.7,17.8,0.05,0.2817,325497,5793585,211,TWSE,common_stock,true,false,false,false,false,false,false,false,true,
2025-06-30,9921,巨大,listed,109.5,111.0,107.0,108.5,-0.5,-0.4587,972845,105769650,835,TWSE,common_stock,true,false,false,false,false,false,false,false,true,
2025-06-30,9924,福興,listed,46.7,46.7,46.3,46.3,-0.45,-0.9626,106791,4955152,108,TWSE,common_stock,true,false,false,false,false,false,false,false,true,
2025-06-30,9925,新保,listed,41.5,41.75,41.4,41.55,-0.1,-0.2401,185001,7687489,143,TWSE,common_stock,true,false,false,false,false,false,false,false,true,
2025-06-30,9926,新海,listed,51.5,51.8,51.5,51.8,-0.5,-0.956,9038,467876,7,TWSE,common_stock,true,false,false,false,false,false,false,false,true,
2025-06-30,9927,泰銘,listed,69.7,69.8,69.5,69.7,0.0,0.0,76989,5364566,88,TWSE,common_stock,true,false,false,false,false,false,false,false,true,
2025-06-30,9928,中視,listed,15.8,16.15,15.8,16.15,0.35,2.2152,37028,593201,26,TWSE,common_stock,true,false,false,false,false,false,false,false,true,
2025-06-30,9929,秋雨,listed,14.1,14.1,14.1,14.1,0.05,0.3559,2000,28200,2,TWSE,common_stock,true,false,false,false,false,false,false,false,true,
2025-06-30,9930,中聯資源,listed,75.5,75.8,75.2,75.2,-0.3,-0.3974,74921,5649861,103,TWSE,common_stock,true,false,false,false,false,false,false,false,true,
2025-06-30,9931,欣高,listed,34.35,34.35,34.3,34.3,0.3,0.8824,6174,212009,21,TWSE,common_stock,true,false,false,false,false,false,false,false,true,
2025-06-30,9933,中鼎,listed,26.35,26.6,26.05,26.05,-0.55,-2.0677,1631075,42746813,1282,TWSE,common_stock,true,false,false,false,false,false,false,false,true,
2025-06-30,9934,成霖,listed,10.1,10.1,9.93,9.93,-0.12,-1.194,337881,3368113,226,TWSE,common_stock,true,false,false,false,false,false,false,false,true,
2025-06-30,9935,慶豐富,listed,24.0,24.2,23.35,23.5,-0.5,-2.0833,1668824,39633100,625,TWSE,common_stock,true,false,false,false,false,false,false,false,true,
2025-06-30,9937,全國,listed,65.6,67.4,65.3,66.4,1.0,1.5291,121019,8057710,112,TWSE,common_stock,true,false,false,false,false,false,false,false,true,
2025-06-30,9938,百和,listed,55.5,55.5,53.8,54.0,-1.1,-1.9964,891977,48351534,582,TWSE,common_stock,true,false,false,false,false,false,false,false,true,
2025-06-30,9939,宏全,listed,160.0,160.0,158.0,158.0,-1.0,-0.6289,1076716,170835110,2599,TWSE,common_stock,true,false,false,false,false,false,false,false,true,
2025-06-30,9940,信義,listed,25.2,25.25,25.05,25.1,-0.1,-0.3968,233634,5872026,237,TWSE,common_stock,true,false,false,false,false,false,false,false,true,
2025-06-30,9941,裕融,listed,101.0,103.0,100.5,103.0,2.0,1.9802,704389,72011332,803,TWSE,common_stock,true,false,false,false,false,false,false,false,true,
2025-06-30,9941A,裕融甲特,listed,51.2,51.3,51.2,51.3,0.0,0.0,4000,205100,4,TWSE,warrant,false,false,true,false,false,false,false,false,false,security_type=warrant;symbol_not_4_digit
2025-06-30,9942,茂順,listed,115.0,115.0,113.5,113.5,-1.0,-0.8734,45171,5164193,43,TWSE,common_stock,true,false,false,false,false,false,false,false,true,
2025-06-30,9943,好樂迪,listed,78.5,78.7,78.2,78.2,0.0,0.0,29841,2339736,102,TWSE,common_stock,true,false,false,false,false,false,false,false,true,
2025-06-30,9944,新麗,listed,17.05,17.05,16.95,17.0,-0.05,-0.2933,19063,324172,41,TWSE,common_stock,true,false,false,false,false,false,false,false,true,
2025-06-30,9945,潤泰新,listed,30.6,30.75,29.75,29.75,-0.9,-2.9364,5635493,169114940,3254,TWSE,common_stock,true,false,false,false,false,false,false,false,true,
2025-06-30,9946,三發地產,listed,20.4,20.4,20.1,20.1,-0.4,-1.9512,191863,3872689,117,TWSE,common_stock,true,false,false,false,false,false,false,false,true,
2025-06-30,9955,佳龍,listed,28.6,28.6,28.2,28.3,-0.4,-1.3937,454115,12867358,470,TWSE,common_stock,true,false,false,false,false,false,false,false,true,
2025-06-30,9958,世紀鋼,listed,245.0,246.5,229.0,237.0,-6.0,-2.4691,12986790,3070807861,9021,TWSE,common_stock,true,false,false,false,false,false,false,false,true,
