date,symbol,name,market,open,high,low,close,change,change_pct,volume,turnover,transactions,source,security_type,is_common_stock,is_etf,is_warrant,is_bond_etf,is_leveraged_inverse,is_etn,is_preferred_stock,is_dr,scan_eligible,exclude_reason
2026-08-26,00400A,主動國泰動能高息,listed,14.34,14.73,14.33,14.71,0.33,2.2949,28771914,420203228,5727,TWSE,etf,false,true,true,false,false,false,false,false,false,security_type=etf;symbol_not_4_digit
2026-08-26,00401A,主動摩根台灣鑫收,listed,13.33,13.52,13.28,13.5,0.24,1.81,6353979,85435332,723,TWSE,etf,false,true,true,false,false,false,false,false,false,security_type=etf;symbol_not_4_digit
2026-08-26,00402A,主動安聯美國科技,listed,9.58,9.58,9.45,9.51,0.05,0.5285,6100263,57887412,1619,TWSE,etf,false,true,true,false,false,false,false,false,false,security_type=etf;symbol_not_4_digit
2026-08-26,00403A,主動統一升級50,listed,9.92,10.17,9.84,10.16,0.22,2.2133,248628961,2507428260,33775,TWSE,etf,false,true,true,false,false,false,false,false,false,security_type=etf;symbol_not_4_digit
2026-08-26,00404A,主動聯博動能50,listed,9.46,9.64,9.44,9.63,0.17,1.797,1788268,17091166,543,TWSE,etf,false,true,true,false,false,false,false,false,false,security_type=etf;symbol_not_4_digit
2026-08-26,00405A,主動富邦台灣龍耀,listed,8.3,8.64,8.28,8.63,0.3,3.6014,69525510,592828809,8527,TWSE,etf,false,true,true,false,false,false,false,false,false,security_type=etf;symbol_not_4_digit
2026-08-26,00406A,主動中信台灣收益,listed,9.43,9.68,9.39,9.66,0.25,2.6567,198117948,1892794889,18706,TWSE,etf,false,true,true,false,false,false,false,false,false,security_type=etf;symbol_not_4_digit
2026-08-26,00407A,主動凱基台灣,listed,9.42,9.69,9.41,9.68,0.24,2.5424,41405838,397503094,5681,TWSE,etf,false,true,true,false,false,false,false,false,false,security_type=etf;symbol_not_4_digit
2026-08-26,00408A,主動第一金優股息,listed,10.24,10.44,10.21,10.44,0.2,1.9531,1575688,16347394,282,TWSE,etf,false,true,true,false,false,false,false,false,false,security_type=etf;symbol_not_4_digit
2026-08-26,00410A,主動永豐科技趨勢,listed,11.28,11.73,11.25,11.73,0.44,3.8973,7774516,90015546,904,TWSE,etf,false,true,true,false,false,false,false,false,false,security_type=etf;symbol_not_4_digit
2026-08-26,0050,元大台灣50,listed,104.1,106.05,103.5,105.9,1.5,1.4368,88919251,9385535872,82153,TWSE,etf,false,true,false,false,false,false,false,false,false,security_type=etf
2026-08-26,0051,元大中型100,listed,143.3,144.55,143.2,144.5,2.25,1.5817,50980,7337630,515,TWSE,etf,false,true,false,false,false,false,false,false,false,security_type=etf
2026-08-26,0052,富邦科技,listed,60.7,62.0,60.6,61.95,0.95,1.5574,12160814,749008592,12166,TWSE,etf,false,true,false,false,false,false,false,false,false,security_type=etf
2026-08-26,0053,元大電子,listed,236.55,241.15,236.55,241.15,5.0,2.1173,34159,8168432,1310,TWSE,etf,false,true,false,false,false,false,false,false,false,security_type=etf
2026-08-26,0055,元大MSCI金融,listed,45.12,45.19,44.36,44.52,0.03,0.0674,414454,18555545,2828,TWSE,etf,false,true,false,false,false,false,false,false,false,security_type=etf
2026-08-26,0056,元大高股息,listed,52.45,53.3,52.4,53.25,0.7,1.3321,31139381,1652774768,21549,TWSE,etf,false,true,false,false,false,false,false,false,false,security_type=etf
2026-08-26,0057,富邦摩台,listed,312.0,317.6,312.0,317.0,5.8,1.8638,15055,4750034,1144,TWSE,etf,false,true,false,false,false,false,false,false,false,security_type=etf
2026-08-26,0061,元大寶滬深,listed,24.17,24.5,24.17,24.38,0.14,0.5776,136385,3326059,187,TWSE,etf,false,true,false,false,false,false,false,false,false,security_type=etf
2026-08-26,006203,元大MSCI台灣,listed,191.35,193.2,191.35,193.2,4.65,2.4662,11949,2305975,1165,TWSE,etf,false,true,false,false,false,false,false,false,false,security_type=etf;symbol_not_4_digit
2026-08-26,006204,永豐臺灣加權,listed,224.2,228.6,224.2,228.1,5.3,2.3788,105137,23985353,124,TWSE,etf,false,true,false,false,false,false,false,false,false,security_type=etf;symbol_not_4_digit
2026-08-26,006205,富邦上証,listed,40.38,40.84,40.14,40.62,0.33,0.8191,204504,8286393,217,TWSE,etf,false,true,false,false,false,false,false,false,false,security_type=etf;symbol_not_4_digit
2026-08-26,006206,元大上證50,listed,37.48,38.0,37.42,37.73,0.3,0.8015,63311,2385061,215,TWSE,etf,false,true,false,false,false,false,false,false,false,security_type=etf;symbol_not_4_digit
2026-08-26,006207,復華滬深,listed,32.22,32.52,32.22,32.49,0.29,0.9006,140871,4571701,124,TWSE,etf,false,true,false,false,false,false,false,false,false,security_type=etf;symbol_not_4_digit
2026-08-26,006208,富邦台50,listed,238.75,243.2,238.15,242.85,3.4,1.4199,1939774,468554591,7758,TWSE,etf,false,true,false,false,false,false,false,false,false,security_type=etf;symbol_not_4_digit
2026-08-26,00625K,富邦上証+R,listed,,,,,0.0,,0,0,0,TWSE,etf,false,true,true,false,false,false,false,false,false,security_type=etf;symbol_not_4_digit;invalid_close;invalid_volume;invalid_turnover
2026-08-26,00631L,元大台灣50正2,listed,34.54,35.84,34.44,35.71,1.03,2.97,176717583,6242501430,49875,TWSE,leveraged_inverse,false,true,true,false,true,false,false,false,false,security_type=leveraged_inverse;symbol_not_4_digit
2026-08-26,00632R,元大台灣50反1,listed,10.17,10.2,9.97,9.99,-0.17,-1.6732,192975076,1939565844,20481,TWSE,leveraged_inverse,false,true,true,false,true,false,false,false,false,security_type=leveraged_inverse;symbol_not_4_digit
2026-08-26,00633L,富邦上証正2,listed,47.96,49.05,47.59,48.63,0.67,1.397,1602479,77600765,547,TWSE,leveraged_inverse,false,true,true,false,true,false,false,false,false,security_type=leveraged_inverse;symbol_not_4_digit
2026-08-26,00634R,富邦上証反1,listed,3.15,3.15,3.11,3.12,-0.03,-0.9524,38010,118631,12,TWSE,leveraged_inverse,false,true,true,false,true,false,false,false,false,security_type=leveraged_inverse;symbol_not_4_digit
2026-08-26,00635U,期元大S&P黃金,listed,47.97,48.32,47.97,48.1,0.03,0.0624,5331065,256402183,3251,TWSE,etf,false,true,true,false,false,false,false,false,false,security_type=etf;symbol_not_4_digit
2026-08-26,00636,國泰中國A50,listed,27.69,28.02,27.63,27.89,0.18,0.6496,232528,6470807,199,TWSE,etf,false,true,false,false,false,false,false,false,false,security_type=etf;symbol_not_4_digit
2026-08-26,00636K,國泰中國A50+U,listed,8.76,8.76,8.76,8.76,0.1,1.1547,200,1752,2,TWSE,etf,false,true,true,false,false,false,false,false,false,security_type=etf;symbol_not_4_digit
2026-08-26,00637L,元大滬深300正2,listed,19.8,20.26,19.65,20.12,0.3,1.5136,21095979,420319702,2728,TWSE,leveraged_inverse,false,true,true,false,true,false,false,false,false,security_type=leveraged_inverse;symbol_not_4_digit
2026-08-26,00638R,元大滬深300反1,listed,6.73,6.73,6.62,6.66,-0.07,-1.0401,53500,356190,13,TWSE,leveraged_inverse,false,true,true,false,true,false,false,false,false,security_type=leveraged_inverse;symbol_not_4_digit
2026-08-26,00639,富邦深100,listed,16.55,16.76,16.51,16.65,0.08,0.4828,629389,10466774,200,TWSE,etf,false,true,false,false,false,false,false,false,false,security_type=etf;symbol_not_4_digit
2026-08-26,00640L,富邦日本正2,listed,107.9,109.5,107.9,108.75,1.2,1.1158,39238,4266062,67,TWSE,leveraged_inverse,false,true,true,false,true,false,false,false,false,security_type=leveraged_inverse;symbol_not_4_digit
2026-08-26,00641R,富邦日本反1,listed,3.69,3.69,3.65,3.65,-0.04,-1.084,1425071,5227585,128,TWSE,leveraged_inverse,false,true,true,false,true,false,false,false,false,security_type=leveraged_inverse;symbol_not_4_digit
2026-08-26,00642U,期元大S&P石油,listed,26.81,26.88,26.66,26.86,-1.39,-4.9204,4855877,129929845,1466,TWSE,etf,false,true,true,false,false,false,false,false,false,security_type=etf;symbol_not_4_digit
2026-08-26,00643,群益深証中小,listed,18.35,18.58,18.22,18.52,0.12,0.6522,2447920,45361441,168,TWSE,etf,false,true,false,false,false,false,false,false,false,security_type=etf;symbol_not_4_digit
2026-08-26,00643K,群益深証中小+R,listed,3.88,3.89,3.88,3.89,0.05,1.3021,10000,38850,2,TWSE,etf,false,true,true,false,false,false,false,false,false,security_type=etf;symbol_not_4_digit
2026-08-26,00645,富邦日本,listed,57.7,58.15,57.7,58.05,0.3,0.5195,68309,3961236,275,TWSE,etf,false,true,false,false,false,false,false,false,false,security_type=etf;symbol_not_4_digit
2026-08-26,00646,元大S&P500,listed,76.8,77.0,76.75,76.95,0.0,0.0,3053784,234766612,3359,TWSE,etf,false,true,false,false,false,false,false,false,false,security_type=etf;symbol_not_4_digit
2026-08-26,00647L,元大S&P500正2,listed,138.65,138.65,138.0,138.5,0.0,0.0,17097,2367529,41,TWSE,leveraged_inverse,false,true,true,false,true,false,false,false,false,security_type=leveraged_inverse;symbol_not_4_digit
2026-08-26,00648R,元大S&P500反1,listed,3.92,3.94,3.92,3.92,0.0,0.0,857391,3363775,68,TWSE,leveraged_inverse,false,true,true,false,true,false,false,false,false,security_type=leveraged_inverse;symbol_not_4_digit
2026-08-26,00650L,復華香港正2,listed,17.29,17.62,17.29,17.45,0.22,1.2768,1142262,19993983,305,TWSE,leveraged_inverse,false,true,true,false,true,false,false,false,false,security_type=leveraged_inverse;symbol_not_4_digit
2026-08-26,00651R,復華香港反1,listed,5.11,5.13,5.09,5.12,-0.04,-0.7752,372199,1900300,47,TWSE,leveraged_inverse,false,true,true,false,true,false,false,false,false,security_type=leveraged_inverse;symbol_not_4_digit
2026-08-26,00652,富邦印度,listed,33.49,33.59,33.42,33.44,0.24,0.7229,109339,3668284,324,TWSE,etf,false,true,false,false,false,false,false,false,false,security_type=etf;symbol_not_4_digit
2026-08-26,00653L,富邦印度正2,listed,47.4,47.81,47.4,47.5,0.8,1.7131,136231,6498091,65,TWSE,leveraged_inverse,false,true,true,false,true,false,false,false,false,security_type=leveraged_inverse;symbol_not_4_digit
2026-08-26,00654R,富邦印度反1,listed,6.66,6.68,6.64,6.68,-0.03,-0.4471,47166,313572,20,TWSE,leveraged_inverse,false,true,true,false,true,false,false,false,false,security_type=leveraged_inverse;symbol_not_4_digit
2026-08-26,00655L,國泰中國A50正2,listed,33.3,34.13,33.07,33.83,0.48,1.4393,806910,26987609,221,TWSE,leveraged_inverse,false,true,true,false,true,false,false,false,false,security_type=leveraged_inverse;symbol_not_4_digit
2026-08-26,00656R,國泰中國A50反1,listed,5.9,5.92,5.84,5.86,-0.04,-0.678,2252540,13223577,33,TWSE,leveraged_inverse,false,true,true,false,true,false,false,false,false,security_type=leveraged_inverse;symbol_not_4_digit
2026-08-26,00657,國泰日經225,listed,77.8,78.1,77.8,78.0,0.6,0.7752,135962,10582507,77,TWSE,etf,false,true,false,false,false,false,false,false,false,security_type=etf;symbol_not_4_digit
2026-08-26,00657K,國泰日經225+U,listed,24.51,24.51,24.51,24.51,0.16,0.6571,200,4902,2,TWSE,etf,false,true,true,false,false,false,false,false,false,security_type=etf;symbol_not_4_digit
2026-08-26,00660,元大歐洲50,listed,46.62,46.62,46.46,46.6,-0.01,-0.0215,18091,842450,72,TWSE,etf,false,true,false,false,false,false,false,false,false,security_type=etf;symbol_not_4_digit
2026-08-26,00661,元大日經225,listed,84.8,85.95,84.8,85.9,0.6,0.7034,96417,8259649,210,TWSE,etf,false,true,false,false,false,false,false,false,false,security_type=etf;symbol_not_4_digit
2026-08-26,00662,富邦NASDAQ,listed,119.05,119.55,118.85,119.4,0.0,0.0,3535980,421647785,3328,TWSE,etf,false,true,false,false,false,false,false,false,false,security_type=etf;symbol_not_4_digit
2026-08-26,00663L,國泰臺灣加權正2,listed,99.0,103.05,98.8,102.9,3.7,3.7298,6423058,651722553,3180,TWSE,leveraged_inverse,false,true,true,false,true,false,false,false,false,security_type=leveraged_inverse;symbol_not_4_digit
2026-08-26,00664R,國泰臺灣加權反1,listed,1.64,1.65,1.61,1.61,-0.04,-2.4242,31110382,50553659,1379,TWSE,leveraged_inverse,false,true,true,false,true,false,false,false,false,security_type=leveraged_inverse;symbol_not_4_digit
2026-08-26,00665L,富邦恒生國企正2,listed,9.46,9.71,9.46,9.61,0.21,2.234,10357792,99624997,851,TWSE,leveraged_inverse,false,true,true,false,true,false,false,false,false,security_type=leveraged_inverse;symbol_not_4_digit
2026-08-26,00666R,富邦恒生國企反1,listed,8.97,8.97,8.88,8.93,-0.12,-1.326,53432,476462,15,TWSE,leveraged_inverse,false,true,true,false,true,false,false,false,false,security_type=leveraged_inverse;symbol_not_4_digit
2026-08-26,00668,國泰美國道瓊,listed,62.35,62.5,62.35,62.35,0.0,0.0,10046,627012,89,TWSE,etf,false,true,false,false,false,false,false,false,false,security_type=etf;symbol_not_4_digit
2026-08-26,00668K,國泰美國道瓊+U,listed,19.6,19.6,19.6,19.6,0.06,0.3071,200,3920,2,TWSE,etf,false,true,true,false,false,false,false,false,false,security_type=etf;symbol_not_4_digit
2026-08-26,00669R,國泰美國道瓊反1,listed,5.18,5.18,5.16,5.16,-0.02,-0.3861,359615,1856538,90,TWSE,leveraged_inverse,false,true,true,false,true,false,false,false,false,security_type=leveraged_inverse;symbol_not_4_digit
2026-08-26,00670L,富邦NASDAQ正2,listed,194.8,196.6,194.3,196.25,0.25,0.1276,514241,100621628,761,TWSE,leveraged_inverse,false,true,true,false,true,false,false,false,false,security_type=leveraged_inverse;symbol_not_4_digit
2026-08-26,00671R,富邦NASDAQ反1,listed,2.45,2.47,2.45,2.45,0.0,0.0,3734131,9172363,134,TWSE,leveraged_inverse,false,true,true,false,true,false,false,false,false,security_type=leveraged_inverse;symbol_not_4_digit
2026-08-26,00673R,期元大S&P原油反1,listed,12.82,12.89,12.78,12.8,0.58,4.7463,30799307,395163268,3305,TWSE,leveraged_inverse,false,true,true,false,true,false,false,false,false,security_type=leveraged_inverse;symbol_not_4_digit
2026-08-26,00674R,期元大S&P黃金反1,listed,26.36,26.4,26.24,26.37,0.0,0.0,198988,5238826,101,TWSE,leveraged_inverse,false,true,true,false,true,false,false,false,false,security_type=leveraged_inverse;symbol_not_4_digit
2026-08-26,00675L,富邦臺灣加權正2,listed,299.55,312.5,299.35,311.85,11.25,3.7425,1146028,352660537,1480,TWSE,leveraged_inverse,false,true,true,false,true,false,false,false,false,security_type=leveraged_inverse;symbol_not_4_digit
2026-08-26,00676R,富邦臺灣加權反1,listed,5.63,5.64,5.52,5.53,-0.1,-1.7762,8799913,48941646,939,TWSE,leveraged_inverse,false,true,true,false,true,false,false,false,false,security_type=leveraged_inverse;symbol_not_4_digit
2026-08-26,00678,群益那斯達克生技,listed,44.85,45.09,44.85,45.04,0.53,1.1907,528809,23803069,170,TWSE,etf,false,true,false,false,false,false,false,false,false,security_type=etf;symbol_not_4_digit
2026-08-26,00680L,元大美債20正2,listed,6.56,6.58,6.54,6.54,0.09,1.3953,9366135,61430045,608,TWSE,bond_etf,false,true,true,true,true,false,false,false,false,security_type=bond_etf;symbol_not_4_digit
2026-08-26,00681R,元大美債20反1,listed,21.51,21.52,21.49,21.52,-0.16,-0.738,602140,12948662,17,TWSE,bond_etf,false,true,true,true,true,false,false,false,false,security_type=bond_etf;symbol_not_4_digit
2026-08-26,00682U,期元大美元指數,listed,,,,,0.0,,0,0,0,TWSE,etf,false,true,true,false,false,false,false,false,false,security_type=etf;symbol_not_4_digit;invalid_close;invalid_volume;invalid_turnover
2026-08-26,00683L,期元大美元指正2,listed,21.2,21.2,21.2,21.2,-0.06,-0.2822,2010,42612,2,TWSE,leveraged_inverse,false,true,true,false,true,false,false,false,false,security_type=leveraged_inverse;symbol_not_4_digit
2026-08-26,00684R,期元大美元指反1,listed,,,,,0.0,,0,0,0,TWSE,leveraged_inverse,false,true,true,false,true,false,false,false,false,security_type=leveraged_inverse;symbol_not_4_digit;invalid_close;invalid_volume;invalid_turnover
2026-08-26,00685L,群益臺灣加權正2,listed,11.3,11.77,11.29,11.75,0.41,3.6155,227436835,2636079471,31457,TWSE,leveraged_inverse,false,true,true,false,true,false,false,false,false,security_type=leveraged_inverse;symbol_not_4_digit
2026-08-26,00686R,群益臺灣加權反1,listed,1.01,1.01,0.98,0.99,-0.02,-1.9802,11219309,11143221,504,TWSE,leveraged_inverse,false,true,true,false,true,false,false,false,false,security_type=leveraged_inverse;symbol_not_4_digit
2026-08-26,00688L,國泰20年美債正2,listed,6.55,6.56,6.53,6.54,0.11,1.7107,5987749,39184910,324,TWSE,bond_etf,false,true,true,true,true,false,false,false,false,security_type=bond_etf;symbol_not_4_digit
2026-08-26,00689R,國泰20年美債反1,listed,22.49,22.57,22.49,22.57,-0.17,-0.7476,115185,2593883,8,TWSE,bond_etf,false,true,true,true,true,false,false,false,false,security_type=bond_etf;symbol_not_4_digit
2026-08-26,00690,兆豐藍籌30,listed,75.0,76.95,75.0,76.85,1.85,2.4667,162977,12431137,524,TWSE,etf,false,true,false,false,false,false,false,false,false,security_type=etf;symbol_not_4_digit
2026-08-26,00692,富邦公司治理,listed,89.7,91.3,89.45,91.0,1.3,1.4493,876048,79529353,1136,TWSE,etf,false,true,false,false,false,false,false,false,false,security_type=etf;symbol_not_4_digit
2026-08-26,00693U,期街口S&P黃豆,listed,22.5,22.6,22.48,22.52,0.19,0.8509,950358,21417664,236,TWSE,warrant,false,false,true,false,false,false,false,false,false,security_type=warrant;symbol_not_4_digit
2026-08-26,00700,富邦恒生國企,listed,17.45,17.66,17.45,17.56,0.21,1.2104,80670,1421737,136,TWSE,etf,false,true,false,false,false,false,false,false,false,security_type=etf;symbol_not_4_digit
2026-08-26,00701,國泰股利精選30,listed,37.98,38.18,37.65,37.79,-0.1,-0.2639,549526,20806118,567,TWSE,etf,false,true,false,false,false,false,false,false,false,security_type=etf;symbol_not_4_digit
2026-08-26,00702,國泰標普低波高息,listed,25.35,25.35,25.34,25.34,-0.03,-0.1182,104849,2656819,61,TWSE,etf,false,true,false,false,false,false,false,false,false,security_type=etf;symbol_not_4_digit
2026-08-26,00703,台新MSCI中國,listed,19.57,19.79,19.57,19.71,0.21,1.0769,49614,980117,66,TWSE,other,false,false,false,false,false,false,false,false,false,symbol_not_4_digit
2026-08-26,00706L,期元大S&P日圓正2,listed,18.96,19.05,18.96,18.98,0.02,0.1055,254056,4823418,67,TWSE,leveraged_inverse,false,true,true,false,true,false,false,false,false,security_type=leveraged_inverse;symbol_not_4_digit
2026-08-26,00707R,期元大S&P日圓反1,listed,,,,,0.0,,0,0,0,TWSE,leveraged_inverse,false,true,true,false,true,false,false,false,false,security_type=leveraged_inverse;symbol_not_4_digit;invalid_close;invalid_volume;invalid_turnover
2026-08-26,00708L,期元大S&P黃金正2,listed,90.5,91.9,90.5,90.85,0.05,0.0551,4928407,448880117,2331,TWSE,leveraged_inverse,false,true,true,false,true,false,false,false,false,security_type=leveraged_inverse;symbol_not_4_digit
2026-08-26,00709,富邦歐洲,listed,41.4,41.47,41.29,41.29,-0.01,-0.0242,14154,585832,108,TWSE,etf,false,true,false,false,false,false,false,false,false,security_type=etf;symbol_not_4_digit
2026-08-26,00710B,復華彭博非投等債,listed,19.15,19.15,19.13,19.14,0.02,0.1046,175345,3356268,37,TWSE,bond_etf,false,true,true,true,false,false,false,false,false,security_type=bond_etf;symbol_not_4_digit
2026-08-26,00711B,復華彭博新興債,listed,15.73,15.73,15.69,15.7,0.04,0.2554,134762,2115880,83,TWSE,bond_etf,false,true,true,true,false,false,false,false,false,security_type=bond_etf;symbol_not_4_digit
2026-08-26,00712,復華富時不動產,listed,8.85,8.86,8.83,8.84,-0.03,-0.3382,20739884,183244129,4262,TWSE,etf,false,true,false,false,false,false,false,false,false,security_type=etf;symbol_not_4_digit
2026-08-26,00713,元大台灣高息低波,listed,61.7,61.8,61.45,61.65,0.0,0.0,5793258,356753101,3175,TWSE,etf,false,true,false,false,false,false,false,false,false,security_type=etf;symbol_not_4_digit
2026-08-26,00714,群益道瓊美國地產,listed,22.36,22.36,22.34,22.34,0.02,0.0896,102761,2295745,68,TWSE,etf,false,true,false,false,false,false,false,false,false,security_type=etf;symbol_not_4_digit
2026-08-26,00715L,期街口布蘭特正2,listed,45.81,46.36,45.59,46.36,-5.34,-10.3288,11022201,505281825,3603,TWSE,leveraged_inverse,false,true,true,false,true,false,false,false,false,security_type=leveraged_inverse;symbol_not_4_digit
2026-08-26,00717,富邦美國特別股,listed,14.81,14.88,14.81,14.82,0.04,0.2706,41521,616629,147,TWSE,preferred_stock,false,true,false,false,false,false,true,false,false,security_type=preferred_stock;symbol_not_4_digit
2026-08-26,00728,第一金工業30,listed,67.1,68.35,67.05,68.25,1.05,1.5625,250247,17012479,383,TWSE,other,false,false,false,false,false,false,false,false,false,symbol_not_4_digit
2026-08-26,00730,富邦臺灣優質高息,listed,28.7,29.13,28.7,29.13,0.44,1.5336,136680,3960842,336,TWSE,etf,false,true,false,false,false,false,false,false,false,security_type=etf;symbol_not_4_digit
2026-08-26,00731,復華富時高息低波,listed,93.2,93.5,92.55,92.95,0.55,0.5952,659874,61428719,260,TWSE,etf,false,true,false,false,false,false,false,false,false,security_type=etf;symbol_not_4_digit
2026-08-26,00733,富邦臺灣中小,listed,65.6,67.2,65.6,67.15,1.85,2.8331,271178,18052958,613,TWSE,etf,false,true,false,false,false,false,false,false,false,security_type=etf;symbol_not_4_digit
2026-08-26,00735,國泰臺韓科技,listed,100.9,103.1,100.7,102.65,1.2,1.1828,1846449,188746531,1670,TWSE,etf,false,true,false,false,false,false,false,false,false,security_type=etf;symbol_not_4_digit
2026-08-26,00736,國泰新興市場,listed,31.65,31.85,31.64,31.78,0.41,1.307,116550,3704365,101,TWSE,etf,false,true,false,false,false,false,false,false,false,security_type=etf;symbol_not_4_digit
2026-08-26,00737,國泰AI機器人,listed,40.6,40.8,40.55,40.67,0.07,0.1724,83937,3415185,101,TWSE,etf,false,true,false,false,false,false,false,false,false,security_type=etf;symbol_not_4_digit
2026-08-26,00738U,期元大道瓊白銀,listed,54.35,55.55,54.35,55.2,0.9,1.6575,3720283,205048003,1634,TWSE,etf,false,true,true,false,false,false,false,false,false,security_type=etf;symbol_not_4_digit
2026-08-26,00739,元大MSCI A股,listed,27.64,28.0,27.64,27.84,0.14,0.5054,46826,1301700,206,TWSE,etf,false,true,false,false,false,false,false,false,false,security_type=etf;symbol_not_4_digit
2026-08-26,00752,中信中國50,listed,23.26,23.54,23.26,23.4,0.28,1.2111,598157,14024518,417,TWSE,etf,false,true,false,false,false,false,false,false,false,security_type=etf;symbol_not_4_digit
2026-08-26,00753L,中信中國50正2,listed,9.53,9.74,9.53,9.68,0.25,2.6511,7188119,69351499,1117,TWSE,leveraged_inverse,false,true,true,false,true,false,false,false,false,security_type=leveraged_inverse;symbol_not_4_digit
2026-08-26,00757,統一FANG+,listed,137.2,137.5,136.8,137.2,-0.05,-0.0364,566620,77704883,1478,TWSE,etf,false,true,false,false,false,false,false,false,false,security_type=etf;symbol_not_4_digit
2026-08-26,00762,元大全球AI,listed,110.4,111.2,110.3,111.05,0.3,0.2709,192369,21319879,476,TWSE,etf,false,true,false,false,false,false,false,false,false,security_type=etf;symbol_not_4_digit
2026-08-26,00763U,期街口道瓊銅,listed,35.48,35.89,35.48,35.88,0.86,2.4557,1006367,35983261,460,TWSE,warrant,false,false,true,false,false,false,false,false,false,security_type=warrant;symbol_not_4_digit
2026-08-26,00770,國泰北美科技,listed,66.6,66.8,66.35,66.75,0.15,0.2252,177251,11812638,503,TWSE,etf,false,true,false,false,false,false,false,false,false,security_type=etf;symbol_not_4_digit
2026-08-26,00771,元大US高息特別股,listed,15.48,15.48,15.45,15.45,0.02,0.1296,17721,273875,81,TWSE,preferred_stock,false,true,false,false,false,false,true,false,false,security_type=preferred_stock;symbol_not_4_digit
2026-08-26,00775B,台新投等債15+,listed,31.23,31.23,31.1,31.1,0.24,0.7777,181968,5661485,88,TWSE,bond_etf,false,true,true,true,false,false,false,false,false,security_type=bond_etf;symbol_not_4_digit
2026-08-26,00783,富邦中証500,listed,28.01,28.18,27.89,28.14,0.26,0.9326,143430,4009289,130,TWSE,etf,false,true,false,false,false,false,false,false,false,security_type=etf;symbol_not_4_digit
2026-08-26,00830,國泰費城半導體,listed,81.9,82.5,81.45,82.2,-0.05,-0.0608,8701580,712797847,10944,TWSE,etf,false,true,false,false,false,false,false,false,false,security_type=etf;symbol_not_4_digit
2026-08-26,00850,元大臺灣ESG永續,listed,88.8,90.6,88.5,90.4,1.6,1.8018,912715,82041578,1249,TWSE,etf,false,true,false,false,false,false,false,false,false,security_type=etf;symbol_not_4_digit
2026-08-26,00851,台新全球AI,listed,69.75,70.05,69.75,69.95,0.25,0.3587,44185,3090058,99,TWSE,other,false,false,false,false,false,false,false,false,false,symbol_not_4_digit
2026-08-26,00852L,國泰美國道瓊正2,listed,35.97,36.0,35.89,35.89,0.13,0.3635,118250,4247559,31,TWSE,leveraged_inverse,false,true,true,false,true,false,false,false,false,security_type=leveraged_inverse;symbol_not_4_digit
2026-08-26,00861,元大全球未來通訊,listed,85.5,85.55,84.4,85.35,0.6,0.708,45184,3847057,629,TWSE,etf,false,true,false,false,false,false,false,false,false,security_type=etf;symbol_not_4_digit
2026-08-26,00865B,國泰US短期公債,listed,48.89,48.89,48.84,48.86,-0.03,-0.0614,1574710,76945561,553,TWSE,bond_etf,false,true,true,true,false,false,false,false,false,security_type=bond_etf;symbol_not_4_digit
2026-08-26,00875,國泰網路資安,listed,53.65,53.65,52.4,52.5,-0.8,-1.5009,483851,25431827,692,TWSE,etf,false,true,false,false,false,false,false,false,false,security_type=etf;symbol_not_4_digit
2026-08-26,00876,元大全球5G,listed,84.75,86.7,84.75,86.7,0.75,0.8726,143894,12399183,891,TWSE,etf,false,true,false,false,false,false,false,false,false,security_type=etf;symbol_not_4_digit
2026-08-26,00878,國泰永續高股息,listed,32.7,32.85,32.6,32.82,0.18,0.5515,26684547,874520640,14440,TWSE,etf,false,true,false,false,false,false,false,false,false,security_type=etf;symbol_not_4_digit
2026-08-26,00881,國泰台灣科技龍頭,listed,48.5,49.58,48.41,49.53,1.03,2.1237,19665326,966864656,11004,TWSE,etf,false,true,false,false,false,false,false,false,false,security_type=etf;symbol_not_4_digit
2026-08-26,00882,中信中國高股息,listed,15.08,15.19,15.08,15.11,0.03,0.1989,2502063,37897531,884,TWSE,etf,false,true,false,false,false,false,false,false,false,security_type=etf;symbol_not_4_digit
2026-08-26,00885,富邦越南,listed,18.5,18.51,18.36,18.41,-0.09,-0.4865,1711159,31510099,833,TWSE,etf,false,true,false,false,false,false,false,false,false,security_type=etf;symbol_not_4_digit
2026-08-26,00891,中信關鍵半導體,listed,33.63,34.38,33.59,34.36,0.69,2.0493,11588943,394928676,5145,TWSE,etf,false,true,false,false,false,false,false,false,false,security_type=etf;symbol_not_4_digit
2026-08-26,00892,富邦台灣半導體,listed,39.17,39.76,39.05,39.73,0.53,1.352,2675372,106002374,886,TWSE,etf,false,true,false,false,false,false,false,false,false,security_type=etf;symbol_not_4_digit
2026-08-26,00893,國泰智能電動車,listed,42.07,42.75,42.01,42.66,0.59,1.4024,677707,28821714,617,TWSE,etf,false,true,false,false,false,false,false,false,false,security_type=etf;symbol_not_4_digit
2026-08-26,00894,中信小資高價30,listed,45.2,46.25,45.1,46.2,1.0,2.2124,1127202,51641603,878,TWSE,etf,false,true,false,false,false,false,false,false,false,security_type=etf;symbol_not_4_digit
2026-08-26,00895,富邦未來車,listed,49.85,49.99,49.46,49.87,0.57,1.1562,258437,12856218,341,TWSE,etf,false,true,false,false,false,false,false,false,false,security_type=etf;symbol_not_4_digit
2026-08-26,00896,中信綠能及電動車,listed,27.09,27.6,27.0,27.6,0.51,1.8826,1660804,45450670,992,TWSE,etf,false,true,false,false,false,false,false,false,false,security_type=etf;symbol_not_4_digit
2026-08-26,00897,富邦基因免疫生技,listed,13.66,13.89,13.66,13.88,0.6,4.5181,2419251,33473493,964,TWSE,etf,false,true,false,false,false,false,false,false,false,security_type=etf;symbol_not_4_digit
2026-08-26,00898,國泰基因免疫革命,listed,11.17,11.31,11.17,11.29,0.3,2.7298,2508516,28277057,679,TWSE,etf,false,true,false,false,false,false,false,false,false,security_type=etf;symbol_not_4_digit
2026-08-26,00899,FT潔淨能源,listed,23.59,23.62,23.48,23.61,0.35,1.5047,54607,1286703,125,TWSE,other,false,false,false,false,false,false,false,false,false,symbol_not_4_digit
2026-08-26,00900,富邦特選高股息30,listed,18.84,18.98,18.81,18.94,0.2,1.0672,5307693,100418380,1889,TWSE,etf,false,true,false,false,false,false,false,false,false,security_type=etf;symbol_not_4_digit
2026-08-26,00901,永豐智能車供應鏈,listed,44.58,45.45,44.58,45.45,1.01,2.2727,293228,13175049,245,TWSE,etf,false,true,false,false,false,false,false,false,false,security_type=etf;symbol_not_4_digit
2026-08-26,00902,中信電池及儲能,listed,13.5,13.51,13.29,13.45,-0.05,-0.3704,568345,7599545,328,TWSE,etf,false,true,false,false,false,false,false,false,false,security_type=etf;symbol_not_4_digit
2026-08-26,00903,富邦元宇宙,listed,20.92,21.17,20.92,21.14,0.1,0.4753,338414,7147327,148,TWSE,etf,false,true,false,false,false,false,false,false,false,security_type=etf;symbol_not_4_digit
2026-08-26,00904,台新臺灣半導體30,listed,39.47,40.24,39.39,40.22,0.86,2.185,886169,35362798,603,TWSE,other,false,false,false,false,false,false,false,false,false,symbol_not_4_digit
2026-08-26,00905,FT臺灣Smart,listed,25.8,26.24,25.7,26.21,0.48,1.8655,624236,16276119,686,TWSE,other,false,false,false,false,false,false,false,false,false,symbol_not_4_digit
2026-08-26,00907,永豐優息存股,listed,17.4,17.4,17.16,17.18,-0.12,-0.6936,1642488,28271146,676,TWSE,etf,false,true,false,false,false,false,false,false,false,security_type=etf;symbol_not_4_digit
2026-08-26,00908,富邦入息REITs+,listed,15.71,15.72,15.69,15.69,0.0,0.0,66441,1043664,85,TWSE,etf,false,true,false,false,false,false,false,false,false,security_type=etf;symbol_not_4_digit
2026-08-26,00909,國泰數位支付服務,listed,47.29,47.77,47.22,47.69,1.33,2.8689,1583095,75259666,1470,TWSE,etf,false,true,false,false,false,false,false,false,false,security_type=etf;symbol_not_4_digit
2026-08-26,00910,第一金太空衛星,listed,58.6,58.7,58.2,58.65,-0.15,-0.2551,510487,29854736,1490,TWSE,other,false,false,false,false,false,false,false,false,false,symbol_not_4_digit
2026-08-26,00911,兆豐洲際半導體,listed,51.95,52.2,51.65,52.15,0.15,0.2885,522492,27164140,4058,TWSE,etf,false,true,false,false,false,false,false,false,false,security_type=etf;symbol_not_4_digit
2026-08-26,00912,中信臺灣智慧50,listed,33.75,34.38,33.75,34.38,0.29,0.8507,171402,5861619,257,TWSE,etf,false,true,false,false,false,false,false,false,false,security_type=etf;symbol_not_4_digit
2026-08-26,00913,兆豐台灣晶圓製造,listed,45.61,46.5,45.56,46.44,0.48,1.0444,952794,43893888,573,TWSE,etf,false,true,false,false,false,false,false,false,false,security_type=etf;symbol_not_4_digit
2026-08-26,00915,凱基優選高股息30,listed,31.7,31.73,31.5,31.68,0.13,0.412,1820987,57480455,526,TWSE,etf,false,true,false,false,false,false,false,false,false,security_type=etf;symbol_not_4_digit
2026-08-26,00916,國泰全球品牌50,listed,26.89,26.98,26.81,26.91,0.02,0.0744,258491,6957301,340,TWSE,etf,false,true,false,false,false,false,false,false,false,security_type=etf;symbol_not_4_digit
2026-08-26,00917,中信特選金融,listed,24.25,24.34,24.25,24.32,0.07,0.2887,666993,16213236,234,TWSE,etf,false,true,false,false,false,false,false,false,false,security_type=etf;symbol_not_4_digit
2026-08-26,00918,大華優利高填息30,listed,34.02,34.25,33.92,34.18,0.29,0.8557,10143068,346082202,4537,TWSE,other,false,false,false,false,false,false,false,false,false,symbol_not_4_digit
2026-08-26,00919,群益台灣精選高息,listed,31.3,31.42,30.98,31.21,0.14,0.4506,60139317,1874328269,25172,TWSE,etf,false,true,false,false,false,false,false,false,false,security_type=etf;symbol_not_4_digit
2026-08-26,00920,富邦ESG綠色電力,listed,24.04,24.25,24.04,24.24,0.19,0.79,74804,1809092,277,TWSE,etf,false,true,false,false,false,false,false,false,false,security_type=etf;symbol_not_4_digit
2026-08-26,00921,兆豐龍頭等權重,listed,23.97,24.37,23.97,24.37,0.51,2.1375,141831,3438215,243,TWSE,etf,false,true,false,false,false,false,false,false,false,security_type=etf;symbol_not_4_digit
2026-08-26,00922,國泰台灣領袖50,listed,40.3,41.05,40.2,41.01,0.64,1.5853,8388386,342830973,2975,TWSE,etf,false,true,false,false,false,false,false,false,false,security_type=etf;symbol_not_4_digit
2026-08-26,00923,群益台ESG低碳50,listed,38.63,39.38,38.57,39.27,0.59,1.5253,4421352,172521095,2546,TWSE,etf,false,true,false,false,false,false,false,false,false,security_type=etf;symbol_not_4_digit
2026-08-26,00924,復華S&P500成長,listed,32.8,33.05,32.8,33.03,0.13,0.3951,1299199,42758368,1177,TWSE,etf,false,true,false,false,false,false,false,false,false,security_type=etf;symbol_not_4_digit
2026-08-26,00926,凱基全球菁英55,listed,26.02,26.08,26.0,26.06,0.04,0.1537,470266,12252464,242,TWSE,etf,false,true,false,false,false,false,false,false,false,security_type=etf;symbol_not_4_digit
2026-08-26,00927,群益半導體收益,listed,35.82,36.38,35.7,36.36,0.53,1.4792,6738358,243490286,3583,TWSE,etf,false,true,false,false,false,false,false,false,false,security_type=etf;symbol_not_4_digit
2026-08-26,00929,復華台灣科技優息,listed,28.55,29.02,28.55,28.98,0.45,1.5773,22096690,638169518,6940,TWSE,etf,false,true,false,false,false,false,false,false,false,security_type=etf;symbol_not_4_digit
2026-08-26,00930,永豐ESG低碳高息,listed,23.65,23.92,23.65,23.92,0.3,1.2701,519040,12355842,225,TWSE,etf,false,true,false,false,false,false,false,false,false,security_type=etf;symbol_not_4_digit
2026-08-26,00932,兆豐永續高息等權,listed,17.54,17.6,17.43,17.6,0.11,0.6289,606478,10639031,200,TWSE,etf,false,true,false,false,false,false,false,false,false,security_type=etf;symbol_not_4_digit
2026-08-26,00934,中信成長高股息,listed,28.7,29.34,28.7,29.3,0.64,2.2331,3504747,101971015,1214,TWSE,etf,false,true,false,false,false,false,false,false,false,security_type=etf;symbol_not_4_digit
2026-08-26,00935,野村臺灣新科技50,listed,55.55,57.05,55.45,57.0,1.05,1.8767,4810098,271698924,3608,TWSE,other,false,false,false,false,false,false,false,false,false,symbol_not_4_digit
2026-08-26,00936,台新永續高息中小,listed,21.37,21.45,21.28,21.41,0.14,0.6582,1322495,28259942,294,TWSE,other,false,false,false,false,false,false,false,false,false,symbol_not_4_digit
2026-08-26,00938,凱基優選30,listed,24.93,25.11,24.9,25.05,0.12,0.4813,1858306,46453328,208,TWSE,etf,false,true,false,false,false,false,false,false,false,security_type=etf;symbol_not_4_digit
2026-08-26,00939,統一台灣高息動能,listed,22.8,22.83,22.57,22.69,0.02,0.0882,4374671,99247879,1738,TWSE,etf,false,true,false,false,false,false,false,false,false,security_type=etf;symbol_not_4_digit
2026-08-26,00940,元大台灣價值高息,listed,12.56,12.66,12.54,12.65,0.12,0.9577,17348213,218975807,3786,TWSE,etf,false,true,false,false,false,false,false,false,false,security_type=etf;symbol_not_4_digit
2026-08-26,00941,中信上游半導體,listed,25.55,25.56,25.35,25.55,-0.01,-0.0391,1108414,28199842,929,TWSE,etf,false,true,false,false,false,false,false,false,false,security_type=etf;symbol_not_4_digit
2026-08-26,00943,兆豐電子高息等權,listed,21.31,21.35,21.25,21.35,0.14,0.6601,22984,490534,80,TWSE,etf,false,true,false,false,false,false,false,false,false,security_type=etf;symbol_not_4_digit
2026-08-26,00944,野村趨勢動能高息,listed,20.78,20.89,20.73,20.88,0.11,0.5296,157161,3270388,210,TWSE,other,false,false,false,false,false,false,false,false,false,symbol_not_4_digit
2026-08-26,00945B,凱基美國非投等債,listed,14.46,14.48,14.45,14.48,0.02,0.1383,2023320,29271710,374,TWSE,bond_etf,false,true,true,true,false,false,false,false,false,security_type=bond_etf;symbol_not_4_digit
2026-08-26,00946,群益科技高息成長,listed,15.35,15.57,15.34,15.55,0.21,1.369,2111806,32648699,738,TWSE,etf,false,true,false,false,false,false,false,false,false,security_type=etf;symbol_not_4_digit
2026-08-26,00947,台新臺灣IC設計,listed,36.09,37.45,36.09,37.45,1.38,3.8259,5596993,207176747,3087,TWSE,other,false,false,false,false,false,false,false,false,false,symbol_not_4_digit
2026-08-26,00949,復華日本龍頭,listed,21.71,21.95,21.71,21.87,0.16,0.737,335529,7332725,402,TWSE,etf,false,true,false,false,false,false,false,false,false,security_type=etf;symbol_not_4_digit
2026-08-26,00951,台新日本半導體,listed,16.83,17.24,16.74,17.2,0.09,0.526,1526045,26028229,682,TWSE,other,false,false,false,false,false,false,false,false,false,symbol_not_4_digit
2026-08-26,00952,凱基台灣AI50,listed,17.77,18.11,17.72,18.09,0.32,1.8008,1396675,25128641,420,TWSE,etf,false,true,false,false,false,false,false,false,false,security_type=etf;symbol_not_4_digit
2026-08-26,00953B,群益優選非投等債,listed,9.69,9.7,9.68,9.7,0.02,0.2066,18990489,184011529,3427,TWSE,bond_etf,false,true,true,true,false,false,false,false,false,security_type=bond_etf;symbol_not_4_digit
2026-08-26,00954,中信日本半導體,listed,17.91,18.38,17.87,18.31,0.06,0.3288,1040032,18917576,480,TWSE,etf,false,true,false,false,false,false,false,false,false,security_type=etf;symbol_not_4_digit
2026-08-26,00956,中信日經高股息,listed,13.44,13.5,13.42,13.44,0.04,0.2985,146773,1975486,157,TWSE,etf,false,true,false,false,false,false,false,false,false,security_type=etf;symbol_not_4_digit
2026-08-26,00960,野村全球航運龍頭,listed,21.63,21.63,21.14,21.19,-0.45,-2.0795,5230237,111329897,3233,TWSE,other,false,false,false,false,false,false,false,false,false,symbol_not_4_digit
2026-08-26,00961,FT臺灣永續高息,listed,13.12,13.16,13.07,13.16,0.04,0.3049,13717223,179960399,2968,TWSE,other,false,false,false,false,false,false,false,false,false,symbol_not_4_digit
2026-08-26,00962,台新AI優息動能,listed,14.94,15.23,14.94,15.21,0.31,2.0805,1174122,17777421,277,TWSE,other,false,false,false,false,false,false,false,false,false,symbol_not_4_digit
2026-08-26,00963,中信全球高股息,listed,13.28,13.28,13.22,13.23,-0.05,-0.3765,1214221,16073620,369,TWSE,etf,false,true,false,false,false,false,false,false,false,security_type=etf;symbol_not_4_digit
2026-08-26,00964,中信亞太高股息,listed,14.8,14.83,14.78,14.82,0.03,0.2028,846764,12540667,238,TWSE,etf,false,true,false,false,false,false,false,false,false,security_type=etf;symbol_not_4_digit
2026-08-26,00965,元大航太防衛科技,listed,25.69,25.69,25.55,25.67,-0.02,-0.0779,1102333,28260282,631,TWSE,etf,false,true,false,false,false,false,false,false,false,security_type=etf;symbol_not_4_digit
2026-08-26,00971,野村美國研發龍頭,listed,17.47,17.53,17.46,17.53,-0.01,-0.057,75310,1317015,230,TWSE,other,false,false,false,false,false,false,false,false,false,symbol_not_4_digit
2026-08-26,00972,野村日本動能高息,listed,22.0,22.1,22.0,22.02,0.09,0.4104,34071,750169,29,TWSE,other,false,false,false,false,false,false,false,false,false,symbol_not_4_digit
2026-08-26,009800,中信NASDAQ,listed,12.86,12.95,12.86,12.93,0.0,0.0,1444200,18644522,677,TWSE,etf,false,true,false,false,false,false,false,false,false,security_type=etf;symbol_not_4_digit
2026-08-26,009801,中信美國創新科技,listed,11.04,11.09,11.02,11.08,0.04,0.3623,754592,8349585,422,TWSE,etf,false,true,false,false,false,false,false,false,false,security_type=etf;symbol_not_4_digit
2026-08-26,009802,富邦旗艦50,listed,18.64,19.18,18.64,19.18,0.53,2.8418,1963224,37282427,802,TWSE,etf,false,true,false,false,false,false,false,false,false,security_type=etf;symbol_not_4_digit
2026-08-26,009803,玉山市值動能50,listed,21.15,21.55,21.12,21.55,0.37,1.7469,1417097,30308123,720,TWSE,other,false,false,false,false,false,false,false,false,false,symbol_not_4_digit
2026-08-26,009804,聯邦台精彩50,listed,21.99,22.36,21.93,22.35,0.49,2.2415,1107136,24534798,343,TWSE,other,false,false,false,false,false,false,false,false,false,symbol_not_4_digit
2026-08-26,009805,台新美國電力基建,listed,15.2,15.22,15.13,15.18,-0.07,-0.459,8824528,133817155,3681,TWSE,other,false,false,false,false,false,false,false,false,false,symbol_not_4_digit
2026-08-26,009808,華南永昌優選50,listed,29.99,30.42,29.99,30.37,0.33,1.0985,167338,5064565,52,TWSE,other,false,false,false,false,false,false,false,false,false,symbol_not_4_digit
2026-08-26,009809,富邦淨零ESG50,listed,17.46,17.7,17.44,17.7,0.23,1.3165,213250,3758463,82,TWSE,etf,false,true,false,false,false,false,false,false,false,security_type=etf;symbol_not_4_digit
2026-08-26,00980A,主動野村臺灣優選,listed,23.84,24.52,23.81,24.52,0.68,2.8523,10241641,248436551,2776,TWSE,etf,false,true,true,false,false,false,false,false,false,security_type=etf;symbol_not_4_digit
2026-08-26,009810,玉山全球藍籌100,listed,21.27,21.28,21.23,21.28,0.01,0.047,160312,3405130,48,TWSE,other,false,false,false,false,false,false,false,false,false,symbol_not_4_digit
2026-08-26,009811,統一美國50,listed,13.3,13.3,13.17,13.21,0.02,0.1516,2163590,28583600,736,TWSE,etf,false,true,false,false,false,false,false,false,false,security_type=etf;symbol_not_4_digit
2026-08-26,009812,野村日本東證,listed,12.85,12.94,12.85,12.89,0.09,0.7031,184676,2381504,137,TWSE,other,false,false,false,false,false,false,false,false,false,symbol_not_4_digit
2026-08-26,009813,貝萊德標普卓越50,listed,11.19,11.21,11.17,11.21,0.02,0.1787,651049,7289318,383,TWSE,other,false,false,false,false,false,false,false,false,false,symbol_not_4_digit
2026-08-26,009816,凱基台灣TOP50,listed,15.2,15.48,15.18,15.43,0.22,1.4464,84543431,1300193240,18551,TWSE,etf,false,true,false,false,false,false,false,false,false,security_type=etf;symbol_not_4_digit
2026-08-26,009817,國泰日本不動產,listed,9.14,9.18,9.13,9.15,0.02,0.2191,244420,2237687,135,TWSE,etf,false,true,false,false,false,false,false,false,false,security_type=etf;symbol_not_4_digit
2026-08-26,009818,華南永昌NASDAQxT,listed,19.49,19.58,19.48,19.56,0.0,0.0,160883,3144948,44,TWSE,other,false,false,false,false,false,false,false,false,false,symbol_not_4_digit
2026-08-26,009819,中信數據及電力,listed,9.85,9.85,9.78,9.81,0.01,0.102,4828256,47343892,1364,TWSE,etf,false,true,false,false,false,false,false,false,false,security_type=etf;symbol_not_4_digit
2026-08-26,00981A,主動統一台股增長,listed,28.66,29.45,28.42,29.44,0.67,2.3288,150955269,4393559417,40847,TWSE,etf,false,true,true,false,false,false,false,false,false,security_type=etf;symbol_not_4_digit
2026-08-26,00981T,平衡凱基雙核收息,listed,11.75,11.86,11.75,11.86,0.11,0.9362,2429210,28749508,263,TWSE,etf,false,true,true,false,false,false,false,false,false,security_type=etf;symbol_not_4_digit
2026-08-26,009820,元大納斯達克精選,listed,9.67,9.69,9.63,9.68,0.03,0.3109,3112971,30051982,762,TWSE,etf,false,true,false,false,false,false,false,false,false,security_type=etf;symbol_not_4_digit
2026-08-26,009821,野村稀土關鍵資源,listed,15.99,16.1,15.96,16.09,0.38,2.4188,21704577,347958101,5651,TWSE,other,false,false,false,false,false,false,false,false,false,symbol_not_4_digit
2026-08-26,009824,群益美國科技巨頭,listed,9.85,9.89,9.83,9.88,0.03,0.3046,2490165,24550203,1026,TWSE,etf,false,true,false,false,false,false,false,false,false,security_type=etf;symbol_not_4_digit
2026-08-26,009826,貝萊德世界股票,listed,10.15,10.16,10.12,10.16,0.02,0.1972,13087730,132766388,3026,TWSE,other,false,false,false,false,false,false,false,false,false,symbol_not_4_digit
2026-08-26,009829,大華韓國KOSPI50,listed,10.34,10.54,10.29,10.42,0.09,0.8712,31284664,326185913,4029,TWSE,other,false,false,false,false,false,false,false,false,false,symbol_not_4_digit
2026-08-26,00982A,主動群益台灣強棒,listed,21.61,22.19,21.5,22.19,0.54,2.4942,20489280,449752922,5424,TWSE,etf,false,true,true,false,false,false,false,false,false,security_type=etf;symbol_not_4_digit
2026-08-26,00982D,主動富邦動態入息,listed,9.75,9.76,9.75,9.75,0.04,0.4119,294534,2874134,138,TWSE,etf,false,true,true,false,false,false,false,false,false,security_type=etf;symbol_not_4_digit
2026-08-26,00982T,平衡兆豐台美動能,listed,15.14,15.29,15.13,15.29,0.41,2.7554,49602,755625,22,TWSE,etf,false,true,true,false,false,false,false,false,false,security_type=etf;symbol_not_4_digit
2026-08-26,00983A,主動中信ARK創新,listed,12.58,12.73,12.58,12.71,0.22,1.7614,3385575,42991834,801,TWSE,etf,false,true,true,false,false,false,false,false,false,security_type=etf;symbol_not_4_digit
2026-08-26,00983D,主動富邦複合收益,listed,9.96,9.98,9.96,9.98,0.04,0.4024,1028477,10255728,126,TWSE,etf,false,true,true,false,false,false,false,false,false,security_type=etf;symbol_not_4_digit
2026-08-26,00984A,主動安聯台灣高息,listed,15.28,15.56,15.28,15.55,0.31,2.0341,4068872,62972337,1558,TWSE,etf,false,true,true,false,false,false,false,false,false,security_type=etf;symbol_not_4_digit
2026-08-26,00984D,主動聯博全球非投,listed,10.05,10.07,10.05,10.07,0.03,0.2988,14954581,150443766,1150,TWSE,etf,false,true,true,false,false,false,false,false,false,security_type=etf;symbol_not_4_digit
2026-08-26,00985A,主動野村台灣50,listed,22.55,23.02,22.54,23.02,0.5,2.2202,3071567,70184287,1550,TWSE,etf,false,true,true,false,false,false,false,false,false,security_type=etf;symbol_not_4_digit
2026-08-26,00985B,群益ESG投等債0-5,listed,10.25,10.27,10.25,10.26,0.01,0.0976,5966216,61193582,514,TWSE,bond_etf,false,true,true,true,false,false,false,false,false,security_type=bond_etf;symbol_not_4_digit
2026-08-26,00986A,主動台新龍頭成長,listed,14.18,14.27,14.17,14.25,0.06,0.4228,154668,2202370,123,TWSE,etf,false,true,true,false,false,false,false,false,false,security_type=etf;symbol_not_4_digit
2026-08-26,00987A,主動台新優勢成長,listed,15.69,16.27,15.69,16.27,0.54,3.4329,3873111,62244051,863,TWSE,etf,false,true,true,false,false,false,false,false,false,security_type=etf;symbol_not_4_digit
2026-08-26,00988A,主動統一全球創新,listed,16.12,16.29,16.04,16.23,0.1,0.62,22824405,369282434,7810,TWSE,etf,false,true,true,false,false,false,false,false,false,security_type=etf;symbol_not_4_digit
2026-08-26,00989A,主動摩根美國科技,listed,16.57,16.67,16.56,16.65,-0.03,-0.1799,551135,9162869,147,TWSE,etf,false,true,true,false,false,false,false,false,false,security_type=etf;symbol_not_4_digit
2026-08-26,00990A,主動元大AI新經濟,listed,15.15,15.27,15.02,15.24,0.14,0.9272,9577939,145350597,3267,TWSE,etf,false,true,true,false,false,false,false,false,false,security_type=etf;symbol_not_4_digit
2026-08-26,00991A,主動復華未來50,listed,17.56,18.02,17.48,18.02,0.39,2.2121,72670018,1293870301,15487,TWSE,etf,false,true,true,false,false,false,false,false,false,security_type=etf;symbol_not_4_digit
2026-08-26,00991B,貝萊德A級公司債,listed,14.97,14.97,14.96,14.96,0.1,0.6729,337190,5044445,16,TWSE,bond_etf,false,true,true,true,false,false,false,false,false,security_type=bond_etf;symbol_not_4_digit
2026-08-26,00992A,主動群益科技創新,listed,17.65,18.16,17.6,18.16,0.46,2.5989,35074053,629470648,8372,TWSE,etf,false,true,true,false,false,false,false,false,false,security_type=etf;symbol_not_4_digit
2026-08-26,00993A,主動安聯台灣,listed,13.15,13.4,13.08,13.39,0.24,1.8251,4355334,57780368,1215,TWSE,etf,false,true,true,false,false,false,false,false,false,security_type=etf;symbol_not_4_digit
2026-08-26,00994A,主動第一金台股優,listed,16.79,17.2,16.72,17.2,0.4,2.381,2069461,35172570,894,TWSE,etf,false,true,true,false,false,false,false,false,false,security_type=etf;symbol_not_4_digit
2026-08-26,00995A,主動中信台灣卓越,listed,16.61,17.06,16.58,17.03,0.34,2.0371,2253921,37911897,745,TWSE,etf,false,true,true,false,false,false,false,false,false,security_type=etf;symbol_not_4_digit
2026-08-26,00996A,主動兆豐台灣豐收,listed,13.51,13.93,13.51,13.93,0.39,2.8804,4070794,56207137,836,TWSE,etf,false,true,true,false,false,false,false,false,false,security_type=etf;symbol_not_4_digit
2026-08-26,00997A,主動群益美國增長,listed,11.09,11.11,11.0,11.07,0.03,0.2717,6379003,70568482,2007,TWSE,etf,false,true,true,false,false,false,false,false,false,security_type=etf;symbol_not_4_digit
2026-08-26,00999A,主動野村臺灣高息,listed,11.1,11.3,11.08,11.29,0.19,1.7117,8365164,93974319,1904,TWSE,etf,false,true,true,false,false,false,false,false,false,security_type=etf;symbol_not_4_digit
2026-08-26,01001T,土銀富邦R1,listed,11.27,11.28,11.27,11.27,0.0,0.0,30030,338660,7,TWSE,etf,false,true,true,false,false,false,false,false,false,security_type=etf;symbol_not_4_digit
2026-08-26,01002T,土銀國泰R1,listed,13.11,13.17,13.11,13.14,0.03,0.2288,16932,222083,21,TWSE,etf,false,true,true,false,false,false,false,false,false,security_type=etf;symbol_not_4_digit
2026-08-26,01004T,土銀富邦R2,listed,10.16,10.16,10.12,10.12,-0.01,-0.0987,61632,624851,43,TWSE,etf,false,true,true,false,false,false,false,false,false,security_type=etf;symbol_not_4_digit
2026-08-26,01007T,兆豐國泰R2,listed,11.47,11.47,11.42,11.46,-0.01,-0.0872,124000,1418550,85,TWSE,etf,false,true,true,false,false,false,false,false,false,security_type=etf;symbol_not_4_digit
2026-08-26,01009T,王道圓滿R1,listed,5.66,5.66,5.66,5.66,-0.03,-0.5272,4000,22640,2,TWSE,warrant,false,false,true,false,false,false,false,false,false,security_type=warrant;symbol_not_4_digit
2026-08-26,01010T,京城樂富R1,listed,9.99,10.0,9.99,10.0,0.0,0.0,32010,319809,7,TWSE,warrant,false,false,true,false,false,false,false,false,false,security_type=warrant;symbol_not_4_digit
2026-08-26,020000,富邦特選蘋果N,listed,31.01,31.12,30.69,31.12,0.66,2.1668,12000,372140,5,TWSE,etf,false,true,false,false,false,false,false,false,false,security_type=etf;symbol_not_4_digit
2026-08-26,020011,統一微波高息20N,listed,,,,,0.0,,0,0,0,TWSE,etf,false,true,false,false,false,false,false,false,false,security_type=etf;symbol_not_4_digit;invalid_close;invalid_volume;invalid_turnover
2026-08-26,020012,富邦行動通訊N,listed,,,,,0.0,,0,0,0,TWSE,etf,false,true,false,false,false,false,false,false,false,security_type=etf;symbol_not_4_digit;invalid_close;invalid_volume;invalid_turnover
2026-08-26,02001L,富邦蘋果正二N,listed,138.0,144.2,136.8,144.2,5.75,4.1531,131000,18426300,39,TWSE,etf,false,true,true,false,false,false,false,false,false,security_type=etf;symbol_not_4_digit
2026-08-26,020020,元大台股領航N,listed,26.81,27.28,26.81,27.27,0.86,3.2563,171000,4618310,9,TWSE,etf,false,true,false,false,false,false,false,false,false,security_type=etf;symbol_not_4_digit
2026-08-26,020028,元大特選電動車N,listed,20.07,20.3,20.07,20.3,0.0,0.0,46000,930240,12,TWSE,etf,false,true,false,false,false,false,false,false,false,security_type=etf;symbol_not_4_digit
2026-08-26,020029,元大ESG高股息N,listed,,,,,0.0,,0,0,0,TWSE,etf,false,true,false,false,false,false,false,false,false,security_type=etf;symbol_not_4_digit;invalid_close;invalid_volume;invalid_turnover
2026-08-26,020030,統一智慧電動車N,listed,19.13,19.35,19.13,19.34,0.0,0.0,19000,366630,6,TWSE,etf,false,true,false,false,false,false,false,false,false,security_type=etf;symbol_not_4_digit
2026-08-26,020031,統一IC設計臺灣N,listed,10.0,10.39,10.0,10.37,0.53,5.3862,68000,704490,17,TWSE,etf,false,true,false,false,false,false,false,false,false,security_type=etf;symbol_not_4_digit
2026-08-26,020032,元大綠能N,listed,,,,,0.0,,0,0,0,TWSE,etf,false,true,false,false,false,false,false,false,false,security_type=etf;symbol_not_4_digit;invalid_close;invalid_volume;invalid_turnover
2026-08-26,020034,元大IC設計N,listed,14.86,15.25,14.86,15.25,1.11,7.8501,30000,455480,10,TWSE,etf,false,true,false,false,false,false,false,false,false,security_type=etf;symbol_not_4_digit
2026-08-26,020036,元大金融配息N,listed,10.46,10.46,10.46,10.46,0.0,0.0,1000,10460,1,TWSE,etf,false,true,false,false,false,false,false,false,false,security_type=etf;symbol_not_4_digit
2026-08-26,020037,元大金融高股息N,listed,11.71,11.71,11.71,11.71,0.02,0.1711,4000,46840,1,TWSE,etf,false,true,false,false,false,false,false,false,false,security_type=etf;symbol_not_4_digit
2026-08-26,020038,元大ESG配息N,listed,14.25,14.25,14.25,14.25,0.07,0.4937,1000,14250,1,TWSE,etf,false,true,false,false,false,false,false,false,false,security_type=etf;symbol_not_4_digit
2026-08-26,020039,元大加權N,listed,14.56,14.56,14.56,14.56,0.0,0.0,1000,14560,1,TWSE,etf,false,true,false,false,false,false,false,false,false,security_type=etf;symbol_not_4_digit
2026-08-26,1101,台泥,listed,24.65,24.7,24.25,24.3,-0.3,-1.2195,36118949,879383904,10969,TWSE,common_stock,true,false,false,false,false,false,false,false,true,
2026-08-26,1101B,台泥乙特,listed,43.2,43.2,43.2,43.2,0.0,0.0,7042,304216,7,TWSE,warrant,false,false,true,false,false,false,false,false,false,security_type=warrant;symbol_not_4_digit
2026-08-26,1102,亞泥,listed,35.1,35.3,34.8,35.2,0.3,0.8596,9546163,335191447,4088,TWSE,common_stock,true,false,false,false,false,false,false,false,true,
2026-08-26,1103,嘉泥,listed,13.25,13.35,13.15,13.3,0.05,0.3774,300969,3985683,246,TWSE,common_stock,true,false,false,false,false,false,false,false,true,
2026-08-26,1104,環泥,listed,26.7,26.85,26.4,26.8,0.15,0.5629,924959,24621701,700,TWSE,common_stock,true,false,false,false,false,false,false,false,true,
2026-08-26,1108,幸福,listed,11.7,11.8,11.7,11.8,0.1,0.8547,153104,1795773,86,TWSE,common_stock,true,false,false,false,false,false,false,false,true,
2026-08-26,1109,信大,listed,13.55,13.75,13.5,13.75,0.25,1.8519,56766,774274,74,TWSE,common_stock,true,false,false,false,false,false,false,false,true,
2026-08-26,1110,東泥,listed,16.0,16.15,15.9,16.0,0.05,0.3135,106097,1700352,93,TWSE,common_stock,true,false,false,false,false,false,false,false,true,
2026-08-26,1201,味全,listed,12.3,12.3,12.2,12.25,0.05,0.4098,462600,5664416,328,TWSE,common_stock,true,false,false,false,false,false,false,false,true,
2026-08-26,1203,味王,listed,44.55,47.0,44.55,46.9,2.35,5.275,38788,1782889,119,TWSE,common_stock,true,false,false,false,false,false,false,false,true,
2026-08-26,1210,大成,listed,52.7,53.0,52.5,52.7,0.1,0.1901,763409,40170257,1154,TWSE,common_stock,true,false,false,false,false,false,false,false,true,
2026-08-26,1213,大飲,listed,7.25,7.25,7.18,7.18,0.0,0.0,20131,144840,11,TWSE,common_stock,true,false,false,false,false,false,false,false,true,
2026-08-26,1215,卜蜂,listed,109.5,109.5,108.0,109.0,0.0,0.0,503376,54721920,729,TWSE,common_stock,true,false,false,false,false,false,false,false,true,
2026-08-26,1216,統一,listed,77.4,77.7,76.9,77.7,-0.2,-0.2567,9397597,726711530,5754,TWSE,etf,false,true,false,false,false,false,false,false,false,security_type=etf
2026-08-26,1217,愛之味,listed,10.0,10.05,9.97,9.99,-0.01,-0.1,410362,4098415,513,TWSE,common_stock,true,false,false,false,false,false,false,false,true,
2026-08-26,1218,泰山,listed,14.7,14.85,14.45,14.65,-0.05,-0.3401,2394501,34934639,1055,TWSE,common_stock,true,false,false,false,false,false,false,false,true,
2026-08-26,1219,福壽,listed,11.2,11.9,11.2,11.9,0.75,6.7265,1839863,21372936,699,TWSE,common_stock,true,false,false,false,false,false,false,false,true,
2026-08-26,1220,台榮,listed,10.9,10.95,10.9,10.9,0.05,0.4608,41220,450049,100,TWSE,common_stock,true,false,false,false,false,false,false,false,true,
2026-08-26,1225,福懋油,listed,25.05,27.0,25.05,26.0,1.35,5.4767,357811,9262447,329,TWSE,common_stock,true,false,false,false,false,false,false,false,true,
2026-08-26,1227,佳格,listed,28.85,29.0,28.75,28.95,0.1,0.3466,387990,11203972,385,TWSE,common_stock,true,false,false,false,false,false,false,false,true,
2026-08-26,1229,聯華,listed,41.8,42.1,41.65,41.95,0.25,0.5995,1153950,48327467,1544,TWSE,common_stock,true,false,false,false,false,false,false,false,true,
2026-08-26,1231,聯華食,listed,80.9,81.4,80.6,81.2,0.4,0.495,228381,18519227,329,TWSE,common_stock,true,false,false,false,false,false,false,false,true,
2026-08-26,1232,大統益,listed,156.5,158.0,156.0,157.5,1.0,0.639,99677,15646823,204,TWSE,common_stock,true,false,false,false,false,false,false,false,true,
2026-08-26,1233,天仁,listed,28.5,28.6,28.5,28.5,0.15,0.5291,19150,546639,27,TWSE,common_stock,true,false,false,false,false,false,false,false,true,
2026-08-26,1234,黑松,listed,33.25,33.5,33.2,33.35,0.05,0.1502,87660,2920457,119,TWSE,common_stock,true,false,false,false,false,false,false,false,true,
2026-08-26,1235,興泰,listed,36.7,38.5,36.7,38.35,1.55,4.212,35602,1341486,31,TWSE,common_stock,true,false,false,false,false,false,false,false,true,
2026-08-26,1236,宏亞,listed,25.6,25.85,25.3,25.6,0.15,0.5894,49387,1265148,43,TWSE,common_stock,true,false,false,false,false,false,false,false,true,
2026-08-26,1256,鮮活果汁-KY,listed,181.0,186.0,181.0,186.0,4.0,2.1978,62418,11508993,157,TWSE,common_stock,true,false,false,false,false,false,false,false,true,
2026-08-26,1301,台塑,listed,58.5,61.2,58.0,60.1,2.3,3.9792,35648630,2136081675,18458,TWSE,common_stock,true,false,false,false,false,false,false,false,true,
2026-08-26,1303,南亞,listed,186.5,207.0,186.5,207.0,18.5,9.8143,107407041,21584520229,77280,TWSE,common_stock,true,false,false,false,false,false,false,false,true,
2026-08-26,1304,台聚,listed,12.0,12.5,12.0,12.3,0.45,3.7975,4031878,49444615,1774,TWSE,common_stock,true,false,false,false,false,false,false,false,true,
2026-08-26,1305,華夏,listed,12.0,12.35,12.0,12.2,0.4,3.3898,3108966,37876794,1437,TWSE,common_stock,true,false,false,false,false,false,false,false,true,
2026-08-26,1307,三芳,listed,30.7,30.95,30.7,30.85,0.25,0.817,355487,10953470,333,TWSE,common_stock,true,false,false,false,false,false,false,false,true,
2026-08-26,1308,亞聚,listed,13.9,14.3,13.8,14.1,0.45,3.2967,2653223,37496259,1151,TWSE,common_stock,true,false,false,false,false,false,false,false,true,
2026-08-26,1309,台達化,listed,13.3,13.55,13.25,13.45,0.4,3.0651,2749697,36875910,1414,TWSE,common_stock,true,false,false,false,false,false,false,false,true,
2026-08-26,1310,台苯,listed,8.22,8.55,8.09,8.2,0.17,2.1171,5494310,45406699,1931,TWSE,common_stock,true,false,false,false,false,false,false,false,true,
2026-08-26,1312,國喬,listed,13.0,13.0,13.0,13.0,1.15,9.7046,7416765,96417945,1997,TWSE,common_stock,true,false,false,false,false,false,false,false,true,
2026-08-26,1312A,國喬特,listed,21.5,22.85,21.5,22.2,0.0,0.0,28000,615250,14,TWSE,warrant,false,false,true,false,false,false,false,false,false,security_type=warrant;symbol_not_4_digit
2026-08-26,1313,聯成,listed,11.85,12.05,11.8,11.9,0.25,2.1459,4027456,48145264,1392,TWSE,common_stock,true,false,false,false,false,false,false,false,true,
2026-08-26,1314,中石化,listed,7.95,8.1,7.94,7.99,0.09,1.1392,17894579,143480008,3996,TWSE,common_stock,true,false,false,false,false,false,false,false,true,
2026-08-26,1315,達新,listed,66.3,66.5,66.0,66.3,0.0,0.0,69669,4619849,102,TWSE,common_stock,true,false,false,false,false,false,false,false,true,
2026-08-26,1316,上曜,listed,11.2,11.8,11.15,11.6,0.55,4.9774,7382497,85059779,2509,TWSE,common_stock,true,false,false,false,false,false,false,false,true,
2026-08-26,1319,東陽,listed,82.9,83.1,81.7,82.3,-0.3,-0.3632,1332744,109710736,2164,TWSE,common_stock,true,false,false,false,false,false,false,false,true,
2026-08-26,1321,大洋,listed,33.1,34.1,33.05,33.75,0.7,2.118,507831,17067754,419,TWSE,common_stock,true,false,false,false,false,false,false,false,true,
2026-08-26,1323,永裕,listed,21.6,21.6,21.35,21.55,-0.05,-0.2315,26256,563306,47,TWSE,common_stock,true,false,false,false,false,false,false,false,true,
2026-08-26,1324,地球,listed,10.05,10.15,10.05,10.15,0.17,1.7034,14145,142990,28,TWSE,common_stock,true,false,false,false,false,false,false,false,true,
2026-08-26,1325,恆大,listed,25.9,26.2,25.9,26.0,0.15,0.5803,86374,2245246,79,TWSE,common_stock,true,false,false,false,false,false,false,false,true,
2026-08-26,1326,台化,listed,57.9,60.9,57.7,60.3,2.3,3.9655,28273104,1698320111,14985,TWSE,common_stock,true,false,false,false,false,false,false,false,true,
2026-08-26,1337,再生-KY,listed,4.66,4.72,4.63,4.68,0.06,1.2987,270303,1266953,169,TWSE,common_stock,true,false,false,false,false,false,false,false,true,
2026-08-26,1338,廣華-KY,listed,14.4,14.5,14.35,14.45,0.1,0.6969,46342,668358,62,TWSE,common_stock,true,false,false,false,false,false,false,false,true,
2026-08-26,1339,昭輝,listed,45.8,46.4,45.3,46.3,0.95,2.0948,350661,16102793,282,TWSE,common_stock,true,false,false,false,false,false,false,false,true,
2026-08-26,1340,勝悅-KY,listed,5.34,5.4,5.29,5.33,0.0,0.0,162274,865344,219,TWSE,common_stock,true,false,false,false,false,false,false,false,true,
2026-08-26,1341,富林-KY,listed,59.9,59.9,59.9,59.9,0.0,0.0,1002,60019,3,TWSE,common_stock,true,false,false,false,false,false,false,false,true,
2026-08-26,1342,八貫,listed,103.0,104.0,102.5,103.5,0.5,0.4854,106595,11006850,143,TWSE,common_stock,true,false,false,false,false,false,false,false,true,
2026-08-26,1402,遠東新,listed,29.0,29.05,28.3,28.55,-0.45,-1.5517,15096081,430312720,6146,TWSE,common_stock,true,false,false,false,false,false,false,false,true,
2026-08-26,1409,新纖,listed,24.65,25.2,24.6,24.85,0.4,1.636,12666963,314941242,4649,TWSE,common_stock,true,false,false,false,false,false,false,false,true,
2026-08-26,1410,南染,listed,24.65,25.2,24.5,24.75,0.0,0.0,233732,5797467,251,TWSE,common_stock,true,false,false,false,false,false,false,false,true,
2026-08-26,1413,宏洲,listed,9.3,9.48,9.25,9.41,0.11,1.1828,28770,268411,24,TWSE,common_stock,true,false,false,false,false,false,false,false,true,
2026-08-26,1414,東和,listed,19.55,19.75,18.85,19.0,-0.6,-3.0612,751316,14500923,476,TWSE,common_stock,true,false,false,false,false,false,false,false,true,
2026-08-26,1416,廣豐,listed,11.9,11.9,11.65,11.9,0.0,0.0,425409,4998937,255,TWSE,common_stock,true,false,false,false,false,false,false,false,true,
2026-08-26,1417,嘉裕,listed,8.27,8.3,8.23,8.28,0.05,0.6075,132069,1092224,129,TWSE,common_stock,true,false,false,false,false,false,false,false,true,
2026-08-26,1418,東華,listed,17.8,17.95,17.55,17.95,0.15,0.8427,11606,206439,37,TWSE,common_stock,true,false,false,false,false,false,false,false,true,
2026-08-26,1419,新紡,listed,65.3,66.7,64.6,66.7,1.4,2.144,114836,7504944,203,TWSE,common_stock,true,false,false,false,false,false,false,false,true,
2026-08-26,1423,利華,listed,34.85,35.5,34.85,35.5,0.3,0.8523,12596,443799,19,TWSE,common_stock,true,false,false,false,false,false,false,false,true,
2026-08-26,1432,大魯閣,listed,15.05,15.1,15.0,15.05,0.0,0.0,49327,741641,241,TWSE,common_stock,true,false,false,false,false,false,false,false,true,
2026-08-26,1434,福懋,listed,17.7,18.0,17.7,17.9,0.2,1.1299,2537928,45396041,1102,TWSE,common_stock,true,false,false,false,false,false,false,false,true,
2026-08-26,1435,中福,listed,22.0,23.55,22.0,23.55,1.65,7.5342,18230,426025,37,TWSE,common_stock,true,false,false,false,false,false,false,false,true,
2026-08-26,1436,華友聯,listed,38.15,38.8,38.15,38.8,0.65,1.7038,123956,4767105,152,TWSE,common_stock,true,false,false,false,false,false,false,false,true,
2026-08-26,1437,勤益控,listed,31.7,32.25,31.55,32.15,0.4,1.2598,81083,2586409,104,TWSE,common_stock,true,false,false,false,false,false,false,false,true,
2026-08-26,1438,三地開發,listed,22.4,22.65,22.0,22.4,0.1,0.4484,75207,1677983,66,TWSE,common_stock,true,false,false,false,false,false,false,false,true,
2026-08-26,1439,雋揚,listed,29.7,29.7,29.25,29.55,-0.1,-0.3373,8002,236508,10,TWSE,common_stock,true,false,false,false,false,false,false,false,true,
2026-08-26,1440,南紡,listed,13.55,13.75,13.5,13.75,0.25,1.8519,696101,9502654,447,TWSE,common_stock,true,false,false,false,false,false,false,false,true,
2026-08-26,1441,大東,listed,9.06,9.06,8.89,8.98,0.1,1.1261,10617,95049,41,TWSE,common_stock,true,false,false,false,false,false,false,false,true,
2026-08-26,1442,名軒,listed,30.1,30.45,30.0,30.25,0.15,0.4983,81521,2457123,93,TWSE,common_stock,true,false,false,false,false,false,false,false,true,
2026-08-26,1443,立益物流,listed,25.1,25.15,25.05,25.15,0.05,0.1992,8201,206075,11,TWSE,common_stock,true,false,false,false,false,false,false,false,true,
2026-08-26,1444,力麗,listed,7.18,7.27,7.16,7.21,0.04,0.5579,1052346,7598220,475,TWSE,common_stock,true,false,false,false,false,false,false,false,true,
2026-08-26,1445,大宇,listed,10.3,10.5,10.2,10.35,-0.1,-0.9569,94002,970520,51,TWSE,common_stock,true,false,false,false,false,false,false,false,true,
2026-08-26,1446,宏和,listed,13.55,13.65,13.55,13.55,0.0,0.0,123510,1678383,69,TWSE,common_stock,true,false,false,false,false,false,false,false,true,
2026-08-26,1447,力鵬,listed,6.85,6.96,6.85,6.94,0.09,1.3139,732513,5077334,392,TWSE,common_stock,true,false,false,false,false,false,false,false,true,
2026-08-26,1449,佳和,listed,12.45,12.65,12.4,12.55,-0.05,-0.3968,247450,3098687,186,TWSE,common_stock,true,false,false,false,false,false,false,false,true,
2026-08-26,1451,年興,listed,17.45,17.45,17.25,17.35,0.1,0.5797,78653,1363871,75,TWSE,common_stock,true,false,false,false,false,false,false,false,true,
2026-08-26,1452,宏益,listed,11.45,11.5,11.35,11.45,0.0,0.0,87262,995529,53,TWSE,common_stock,true,false,false,false,false,false,false,false,true,
2026-08-26,1453,大將,listed,11.25,11.45,11.25,11.45,0.2,1.7778,25661,292262,50,TWSE,common_stock,true,false,false,false,false,false,false,false,true,
2026-08-26,1454,台富,listed,12.4,12.5,12.35,12.5,0.25,2.0408,25957,321894,26,TWSE,common_stock,true,false,false,false,false,false,false,false,true,
2026-08-26,1455,集盛,listed,9.99,10.0,9.87,9.99,0.05,0.503,637918,6335971,555,TWSE,common_stock,true,false,false,false,false,false,false,false,true,
2026-08-26,1456,怡華,listed,13.6,14.15,13.6,14.15,0.55,4.0441,109436,1520349,51,TWSE,common_stock,true,false,false,false,false,false,false,false,true,
2026-08-26,1457,宜進,listed,14.3,14.5,14.3,14.5,0.2,1.3986,51687,747173,70,TWSE,common_stock,true,false,false,false,false,false,false,false,true,
2026-08-26,1459,聯發,listed,14.95,15.6,14.85,15.6,0.65,4.3478,319094,4872265,188,TWSE,common_stock,true,false,false,false,false,false,false,false,true,
2026-08-26,1460,宏遠,listed,6.66,6.72,6.6,6.7,0.05,0.7519,166338,1108924,129,TWSE,common_stock,true,false,false,false,false,false,false,false,true,
2026-08-26,1463,強盛新,listed,17.5,17.7,17.5,17.6,0.1,0.5714,20290,356604,30,TWSE,common_stock,true,false,false,false,false,false,false,false,true,
2026-08-26,1464,得力,listed,10.3,10.4,10.25,10.3,0.0,0.0,177741,1834314,181,TWSE,common_stock,true,false,false,false,false,false,false,false,true,
2026-08-26,1465,偉全,listed,12.0,12.15,11.95,12.1,0.1,0.8333,147989,1776303,106,TWSE,common_stock,true,false,false,false,false,false,false,false,true,
2026-08-26,1466,聚隆,listed,15.8,16.1,15.8,15.9,0.1,0.6329,202480,3232094,149,TWSE,common_stock,true,false,false,false,false,false,false,false,true,
2026-08-26,1467,南緯,listed,8.34,8.34,8.2,8.26,-0.04,-0.4819,217556,1792103,140,TWSE,common_stock,true,false,false,false,false,false,false,false,true,
2026-08-26,1468,昶和,listed,12.95,13.25,12.7,13.25,0.2,1.5326,76000,981000,54,TWSE,common_stock,true,false,false,false,false,false,false,false,true,
2026-08-26,1470,大統新創,listed,23.45,24.65,23.45,24.5,0.5,2.0833,11397,275363,17,TWSE,common_stock,true,false,false,false,false,false,false,false,true,
2026-08-26,1471,首利,listed,9.84,9.98,9.81,9.88,-0.01,-0.1011,301635,2980646,186,TWSE,common_stock,true,false,false,false,false,false,false,false,true,
2026-08-26,1472,三洋實業,listed,88.8,88.8,88.2,88.2,-0.6,-0.6757,4129,365456,51,TWSE,common_stock,true,false,false,false,false,false,false,false,true,
2026-08-26,1473,台南,listed,19.85,20.05,19.85,20.05,0.05,0.25,21710,434285,58,TWSE,common_stock,true,false,false,false,false,false,false,false,true,
2026-08-26,1474,弘裕,listed,10.0,10.05,9.98,10.05,0.05,0.5,27572,276189,26,TWSE,common_stock,true,false,false,false,false,false,false,false,true,
2026-08-26,1475,業旺,listed,26.1,26.8,26.1,26.6,0.6,2.3077,9000,238300,9,TWSE,common_stock,true,false,false,false,false,false,false,false,true,
2026-08-26,1476,儒鴻,listed,318.5,319.0,315.5,316.0,-3.0,-0.9404,591807,187286370,1840,TWSE,common_stock,true,false,false,false,false,false,false,false,true,
2026-08-26,1477,聚陽,listed,200.0,201.5,196.0,197.0,-4.0,-1.99,1944065,383854361,3001,TWSE,common_stock,true,false,false,false,false,false,false,false,true,
2026-08-26,1503,士電,listed,201.0,202.0,197.5,202.0,2.5,1.2531,975343,195383135,1385,TWSE,common_stock,true,false,false,false,false,false,false,false,true,
2026-08-26,1504,東元,listed,71.1,71.9,70.5,71.4,0.6,0.8475,4280351,305422427,3594,TWSE,common_stock,true,false,false,false,false,false,false,false,true,
2026-08-26,1506,正道,listed,10.15,10.25,10.15,10.2,0.05,0.4926,80382,819605,45,TWSE,common_stock,true,false,false,false,false,false,false,false,true,
2026-08-26,1512,瑞利,listed,6.48,6.56,6.45,6.56,0.08,1.2346,76062,494939,47,TWSE,common_stock,true,false,false,false,false,false,false,false,true,
2026-08-26,1513,中興電,listed,165.0,166.5,164.5,166.0,0.5,0.3021,1417131,234768439,1925,TWSE,common_stock,true,false,false,false,false,false,false,false,true,
2026-08-26,1514,亞力,listed,100.5,102.0,100.0,102.0,1.5,1.4925,591858,59910255,790,TWSE,common_stock,true,false,false,false,false,false,false,false,true,
2026-08-26,1515,力山,listed,34.3,36.3,33.85,36.3,3.05,9.1729,4333033,153036327,3120,TWSE,common_stock,true,false,false,false,false,false,false,false,true,
2026-08-26,1516,川飛,listed,15.2,15.2,14.65,15.0,0.0,0.0,17590,261369,40,TWSE,common_stock,true,false,false,false,false,false,false,false,true,
2026-08-26,1517,利奇,listed,11.4,11.45,11.3,11.4,0.0,0.0,270112,3067600,188,TWSE,common_stock,true,false,false,false,false,false,false,false,true,
2026-08-26,1519,華城,listed,719.0,723.0,715.0,717.0,0.0,0.0,1635218,1175567555,6825,TWSE,common_stock,true,false,false,false,false,false,false,false,true,
2026-08-26,1521,大億,listed,25.55,26.1,25.55,25.8,0.25,0.9785,16381,422959,23,TWSE,common_stock,true,false,false,false,false,false,false,false,true,
2026-08-26,1522,堤維西,listed,28.25,28.4,28.1,28.35,0.1,0.354,237795,6728044,272,TWSE,common_stock,true,false,false,false,false,false,false,false,true,
2026-08-26,1522A,堤維西甲特,listed,51.0,51.0,51.0,51.0,0.0,0.0,7000,357000,3,TWSE,warrant,false,false,true,false,false,false,false,false,false,security_type=warrant;symbol_not_4_digit
2026-08-26,1524,耿鼎,listed,27.6,27.8,27.4,27.5,-0.1,-0.3623,256738,7076554,395,TWSE,common_stock,true,false,false,false,false,false,false,false,true,
2026-08-26,1525,江申,listed,66.9,68.1,66.9,66.9,-1.2,-1.7621,11091,745988,17,TWSE,common_stock,true,false,false,false,false,false,false,false,true,
2026-08-26,1526,日馳,listed,16.45,16.55,16.25,16.3,0.0,0.0,174390,2850935,138,TWSE,common_stock,true,false,false,false,false,false,false,false,true,
2026-08-26,1527,鑽全,listed,32.55,32.8,32.5,32.8,0.1,0.3058,118644,3868137,278,TWSE,common_stock,true,false,false,false,false,false,false,false,true,
2026-08-26,1528,恩德,listed,18.5,19.15,18.5,19.1,0.65,3.523,852020,16169108,606,TWSE,common_stock,true,false,false,false,false,false,false,false,true,
2026-08-26,1529,樂事綠能,listed,17.0,17.1,16.9,16.9,-0.1,-0.5882,372127,6316460,214,TWSE,common_stock,true,false,false,false,false,false,false,false,true,
2026-08-26,1530,亞崴,listed,29.0,29.35,28.75,29.35,0.45,1.5571,20212,587851,49,TWSE,common_stock,true,false,false,false,false,false,false,false,true,
2026-08-26,1531,高林股,listed,13.15,13.25,13.15,13.15,0.0,0.0,257064,3388979,171,TWSE,common_stock,true,false,false,false,false,false,false,false,true,
2026-08-26,1532,勤美,listed,22.9,23.1,22.85,23.0,0.1,0.4367,367895,8453032,237,TWSE,common_stock,true,false,false,false,false,false,false,false,true,
2026-08-26,1533,車王電,listed,32.0,32.0,31.65,31.8,0.2,0.6329,39688,1259547,44,TWSE,common_stock,true,false,false,false,false,false,false,false,true,
2026-08-26,1535,中宇,listed,46.25,46.3,46.0,46.2,0.15,0.3257,22285,1028423,27,TWSE,common_stock,true,false,false,false,false,false,false,false,true,
2026-08-26,1536,和大,listed,49.6,50.4,49.45,50.1,0.5,1.0081,696518,34804430,728,TWSE,common_stock,true,false,false,false,false,false,false,false,true,
2026-08-26,1537,廣隆,listed,119.5,120.0,119.0,119.5,0.0,0.0,162323,19375370,173,TWSE,common_stock,true,false,false,false,false,false,false,false,true,
2026-08-26,1538,正峰,listed,,,,,0.0,,700,6165,4,TWSE,other,false,false,false,false,false,false,false,false,false,invalid_close
2026-08-26,1539,巨庭,listed,15.75,15.8,15.65,15.65,0.0,0.0,40709,639288,42,TWSE,common_stock,true,false,false,false,false,false,false,false,true,
2026-08-26,1540,喬福,listed,19.3,19.5,19.25,19.25,0.05,0.2604,102964,1995488,292,TWSE,common_stock,true,false,false,false,false,false,false,false,true,
2026-08-26,1541,錩泰,listed,22.05,22.05,21.45,21.9,0.3,1.3889,12050,262750,13,TWSE,common_stock,true,false,false,false,false,false,false,false,true,
2026-08-26,1558,伸興,listed,101.5,103.0,101.5,102.5,-1.0,-0.9662,78947,8083499,217,TWSE,common_stock,true,false,false,false,false,false,false,false,true,
2026-08-26,1560,中砂,listed,677.0,690.0,677.0,682.0,5.0,0.7386,471953,322741696,1219,TWSE,common_stock,true,false,false,false,false,false,false,false,true,
2026-08-26,1563,巧新,listed,65.6,67.3,64.0,66.0,0.9,1.3825,3214635,212154513,2699,TWSE,common_stock,true,false,false,false,false,false,false,false,true,
2026-08-26,1568,倉佑,listed,28.35,29.35,28.35,29.25,0.9,3.1746,200256,5776447,154,TWSE,common_stock,true,false,false,false,false,false,false,false,true,
2026-08-26,1582,信錦,listed,73.1,75.0,73.1,75.0,1.8,2.459,405566,30268281,430,TWSE,common_stock,true,false,false,false,false,false,false,false,true,
2026-08-26,1583,程泰,listed,47.4,49.55,47.4,48.9,0.0,0.0,70856,3424678,75,TWSE,common_stock,true,false,false,false,false,false,false,false,true,
2026-08-26,1587,吉茂,listed,24.3,24.4,24.1,24.25,0.2,0.8316,73226,1772446,71,TWSE,common_stock,true,false,false,false,false,false,false,false,true,
2026-08-26,1590,亞德客-KY,listed,1460.0,1505.0,1440.0,1470.0,10.0,0.6849,487223,717909045,918,TWSE,common_stock,true,false,false,false,false,false,false,false,true,
2026-08-26,1597,直得,listed,129.0,134.5,128.0,134.5,4.5,3.4615,739590,97779971,794,TWSE,common_stock,true,false,false,false,false,false,false,false,true,
2026-08-26,1598,岱宇,listed,20.5,20.8,20.35,20.6,0.05,0.2433,119284,2446004,113,TWSE,common_stock,true,false,false,false,false,false,false,false,true,
2026-08-26,1603,華電,listed,31.1,31.15,30.75,31.0,0.05,0.1616,78380,2429215,72,TWSE,common_stock,true,false,false,false,false,false,false,false,true,
2026-08-26,1604,聲寶,listed,23.35,23.4,23.2,23.35,0.05,0.2146,177676,4137265,169,TWSE,common_stock,true,false,false,false,false,false,false,false,true,
2026-08-26,1605,華新,listed,38.4,39.55,38.2,39.4,0.95,2.4707,27490805,1071725713,13442,TWSE,common_stock,true,false,false,false,false,false,false,false,true,
2026-08-26,1608,華榮,listed,36.7,38.0,36.45,37.6,1.0,2.7322,6421359,239227519,3506,TWSE,common_stock,true,false,false,false,false,false,false,false,true,
2026-08-26,1609,大亞,listed,37.2,38.0,37.1,38.0,0.65,1.7403,3083828,116270072,2200,TWSE,common_stock,true,false,false,false,false,false,false,false,true,
2026-08-26,1611,中電,listed,11.95,11.95,11.8,11.95,0.05,0.4202,666214,7926669,498,TWSE,common_stock,true,false,false,false,false,false,false,false,true,
2026-08-26,1612,宏泰,listed,34.6,35.1,34.45,35.0,0.45,1.3025,681559,23711615,435,TWSE,common_stock,true,false,false,false,false,false,false,false,true,
2026-08-26,1614,三洋電,listed,30.8,31.0,30.6,30.95,0.15,0.487,27111,837831,34,TWSE,common_stock,true,false,false,false,false,false,false,false,true,
2026-08-26,1615,大山,listed,44.45,44.8,44.2,44.7,0.5,1.1312,171377,7629278,162,TWSE,common_stock,true,false,false,false,false,false,false,false,true,
2026-08-26,1616,億泰,listed,19.7,19.7,19.45,19.6,0.05,0.2558,243568,4768714,159,TWSE,common_stock,true,false,false,false,false,false,false,false,true,
2026-08-26,1617,榮星,listed,17.45,18.0,17.0,17.8,0.6,3.4884,394499,6903106,359,TWSE,common_stock,true,false,false,false,false,false,false,false,true,
2026-08-26,1618,合機,listed,39.95,39.95,39.4,39.6,-0.1,-0.2519,451488,17885250,517,TWSE,common_stock,true,false,false,false,false,false,false,false,true,
2026-08-26,1623,大東電,listed,198.5,203.0,197.0,201.0,4.5,2.2901,62744,12546090,142,TWSE,common_stock,true,false,false,false,false,false,false,false,true,
2026-08-26,1626,艾美特-KY,listed,9.61,9.89,9.49,9.72,0.08,0.8299,154778,1493329,83,TWSE,common_stock,true,false,false,false,false,false,false,false,true,
2026-08-26,1702,南僑,listed,32.9,33.0,32.75,32.95,0.25,0.7645,127347,4188622,145,TWSE,common_stock,true,false,false,false,false,false,false,false,true,
2026-08-26,1707,葡萄王,listed,90.1,90.8,89.3,90.2,0.1,0.111,648712,58411203,684,TWSE,common_stock,true,false,false,false,false,false,false,false,true,
2026-08-26,1708,東鹼,listed,50.6,51.0,49.95,50.1,-0.5,-0.9881,3090076,155159039,2510,TWSE,common_stock,true,false,false,false,false,false,false,false,true,
2026-08-26,1709,和益,listed,35.0,37.1,33.15,37.1,3.35,9.9259,19572536,704547147,11156,TWSE,common_stock,true,false,false,false,false,false,false,false,true,
2026-08-26,1710,東聯,listed,15.85,16.05,15.55,15.8,-0.1,-0.6289,4905210,77146545,2145,TWSE,common_stock,true,false,false,false,false,false,false,false,true,
2026-08-26,1711,永光,listed,42.5,44.2,42.25,44.2,2.95,7.1515,10820094,469192157,7373,TWSE,common_stock,true,false,false,false,false,false,false,false,true,
2026-08-26,1712,興農,listed,40.0,40.15,39.55,39.9,-0.1,-0.25,872219,34648062,955,TWSE,common_stock,true,false,false,false,false,false,false,false,true,
2026-08-26,1713,國化,listed,43.65,44.0,43.65,43.85,0.2,0.4582,62529,2743006,67,TWSE,common_stock,true,false,false,false,false,false,false,false,true,
2026-08-26,1714,和桐,listed,16.45,16.7,16.4,16.55,0.05,0.303,6063768,100632419,2458,TWSE,common_stock,true,false,false,false,false,false,false,false,true,
2026-08-26,1717,長興,listed,72.5,73.3,71.8,71.9,0.2,0.2789,7655120,553778474,5810,TWSE,common_stock,true,false,false,false,false,false,false,false,true,
2026-08-26,1718,中纖,listed,10.6,10.9,10.6,10.7,0.05,0.4695,15325407,164394299,3353,TWSE,common_stock,true,false,false,false,false,false,false,false,true,
2026-08-26,1720,生達,listed,57.2,57.4,57.0,57.1,-0.1,-0.1748,83029,4747034,133,TWSE,common_stock,true,false,false,false,false,false,false,false,true,
2026-08-26,1721,三晃,listed,19.4,20.15,19.05,20.1,0.7,3.6082,641561,12786277,447,TWSE,common_stock,true,false,false,false,false,false,false,false,true,
2026-08-26,1722,台肥,listed,44.5,44.7,44.5,44.6,0.0,0.0,1808901,80616118,1311,TWSE,common_stock,true,false,false,false,false,false,false,false,true,
2026-08-26,1723,中碳,listed,87.6,88.1,86.6,88.0,0.6,0.6865,327767,28702100,667,TWSE,common_stock,true,false,false,false,false,false,false,false,true,
2026-08-26,1725,元禎,listed,31.1,31.55,31.0,31.5,0.3,0.9615,35026,1097319,28,TWSE,common_stock,true,false,false,false,false,false,false,false,true,
2026-08-26,1726,永記,listed,77.5,78.2,77.4,78.2,0.7,0.9032,29164,2266224,45,TWSE,common_stock,true,false,false,false,false,false,false,false,true,
2026-08-26,1727,中華化,listed,91.8,96.5,91.2,94.4,3.1,3.3954,6360155,597213392,6735,TWSE,common_stock,true,false,false,false,false,false,false,false,true,
2026-08-26,1730,花仙子,listed,52.0,52.0,51.5,51.7,-0.2,-0.3854,69587,3599106,114,TWSE,common_stock,true,false,false,false,false,false,false,false,true,
2026-08-26,1731,美吾華,listed,21.1,21.1,20.9,20.95,-0.05,-0.2381,73684,1546133,74,TWSE,common_stock,true,false,false,false,false,false,false,false,true,
2026-08-26,1732,毛寶,listed,26.55,27.0,26.45,26.6,0.1,0.3774,209300,5582647,153,TWSE,common_stock,true,false,false,false,false,false,false,false,true,
2026-08-26,1733,五鼎,listed,32.3,32.35,32.2,32.3,0.1,0.3106,112519,3632520,86,TWSE,common_stock,true,false,false,false,false,false,false,false,true,
2026-08-26,1734,杏輝,listed,32.5,32.55,32.3,32.5,0.05,0.1541,425887,13796397,760,TWSE,common_stock,true,false,false,false,false,false,false,false,true,
2026-08-26,1735,日勝化,listed,20.1,20.5,20.05,20.45,0.25,1.2376,72189,1471580,113,TWSE,common_stock,true,false,false,false,false,false,false,false,true,
2026-08-26,1736,喬山,listed,126.5,128.5,126.0,128.5,2.0,1.581,182078,23207925,228,TWSE,common_stock,true,false,false,false,false,false,false,false,true,
2026-08-26,1737,臺鹽,listed,31.0,31.0,30.8,30.9,-0.05,-0.1616,203750,6295473,303,TWSE,common_stock,true,false,false,false,false,false,false,false,true,
2026-08-26,1752,南光,listed,31.6,31.85,31.5,31.6,-0.1,-0.3155,69294,2191695,54,TWSE,common_stock,true,false,false,false,false,false,false,false,true,
2026-08-26,1760,寶齡富錦,listed,58.2,58.7,58.2,58.4,0.2,0.3436,45231,2641252,70,TWSE,common_stock,true,false,false,false,false,false,false,false,true,
2026-08-26,1762,中化生,listed,35.75,36.05,35.75,35.95,0.15,0.419,58572,2102735,163,TWSE,common_stock,true,false,false,false,false,false,false,false,true,
2026-08-26,1773,勝一,listed,160.0,161.0,157.0,160.5,2.5,1.5823,231040,36915041,276,TWSE,common_stock,true,false,false,false,false,false,false,false,true,
2026-08-26,1776,展宇,listed,17.2,17.2,17.0,17.0,-0.1,-0.5848,30122,514142,33,TWSE,common_stock,true,false,false,false,false,false,false,false,true,
2026-08-26,1783,和康生,listed,40.3,40.7,40.1,40.55,0.15,0.3713,53717,2167037,64,TWSE,common_stock,true,false,false,false,false,false,false,false,true,
2026-08-26,1786,科妍,listed,49.15,49.85,49.15,49.55,0.7,1.433,80883,3999240,94,TWSE,common_stock,true,false,false,false,false,false,false,false,true,
2026-08-26,1789,神隆,listed,18.95,19.1,18.9,19.05,0.1,0.5277,275986,5245313,207,TWSE,common_stock,true,false,false,false,false,false,false,false,true,
2026-08-26,1795,美時,listed,193.0,198.5,193.0,195.5,1.5,0.7732,897630,175629308,1277,TWSE,common_stock,true,false,false,false,false,false,false,false,true,
2026-08-26,1802,台玻,listed,58.3,61.2,57.9,59.7,1.7,2.931,67224239,4050985900,35531,TWSE,common_stock,true,false,false,false,false,false,false,false,true,
2026-08-26,1805,寶徠,listed,10.15,10.3,10.15,10.3,0.1,0.9804,57212,585485,45,TWSE,common_stock,true,false,false,false,false,false,false,false,true,
2026-08-26,1806,冠軍,listed,7.98,8.06,7.95,8.05,0.06,0.7509,124977,1001653,204,TWSE,common_stock,true,false,false,false,false,false,false,false,true,
2026-08-26,1808,潤隆,listed,36.15,36.35,34.65,35.6,-0.75,-2.0633,2830968,99688041,3243,TWSE,common_stock,true,false,false,false,false,false,false,false,true,
2026-08-26,1809,中釉,listed,37.7,40.75,37.7,40.1,2.4,6.366,2960706,117694302,2522,TWSE,common_stock,true,false,false,false,false,false,false,false,true,
2026-08-26,1810,和成,listed,25.05,25.8,25.05,25.55,0.8,3.2323,4058351,103474934,2562,TWSE,common_stock,true,false,false,false,false,false,false,false,true,
2026-08-26,1817,凱撒衛,listed,39.95,40.3,39.95,40.25,0.25,0.625,37986,1526967,40,TWSE,common_stock,true,false,false,false,false,false,false,false,true,
2026-08-26,1903,士紙,listed,48.4,48.8,48.15,48.7,0.2,0.4124,97314,4719424,97,TWSE,common_stock,true,false,false,false,false,false,false,false,true,
2026-08-26,1904,正隆,listed,25.5,25.5,25.2,25.35,0.0,0.0,1493357,37848210,1232,TWSE,common_stock,true,false,false,false,false,false,false,false,true,
2026-08-26,1905,華紙,listed,13.55,13.65,13.45,13.55,0.0,0.0,1200683,16306158,650,TWSE,common_stock,true,false,false,false,false,false,false,false,true,
2026-08-26,1906,寶隆,listed,11.4,11.65,11.4,11.65,0.05,0.431,52809,611480,56,TWSE,common_stock,true,false,false,false,false,false,false,false,true,
2026-08-26,1907,永豐餘,listed,30.45,30.45,30.1,30.4,-0.05,-0.1642,1010534,30588795,845,TWSE,etf,false,true,false,false,false,false,false,false,false,security_type=etf
2026-08-26,1909,榮成,listed,11.0,11.2,10.9,11.0,0.0,0.0,3532135,39025890,944,TWSE,common_stock,true,false,false,false,false,false,false,false,true,
2026-08-26,2002,中鋼,listed,19.2,19.35,19.05,19.35,0.3,1.5748,25294148,486625478,7081,TWSE,common_stock,true,false,false,false,false,false,false,false,true,
2026-08-26,2002A,中鋼特,listed,37.35,37.35,37.2,37.25,-0.1,-0.2677,14258,531189,17,TWSE,warrant,false,false,true,false,false,false,false,false,false,security_type=warrant;symbol_not_4_digit
2026-08-26,2006,東和鋼鐵,listed,81.8,82.8,80.2,82.2,0.2,0.2439,1337607,108904855,1441,TWSE,common_stock,true,false,false,false,false,false,false,false,true,
2026-08-26,2007,燁興,listed,7.06,7.11,7.05,7.09,0.1,1.4306,159232,1127930,120,TWSE,common_stock,true,false,false,false,false,false,false,false,true,
2026-08-26,2008,高興昌,listed,30.5,31.15,30.5,31.1,0.6,1.9672,34483,1061585,53,TWSE,common_stock,true,false,false,false,false,false,false,false,true,
2026-08-26,2009,第一銅,listed,41.4,43.3,40.9,43.2,1.95,4.7273,6315401,267337739,4948,TWSE,common_stock,true,false,false,false,false,false,false,false,true,
2026-08-26,2010,春源,listed,22.65,22.8,22.65,22.8,0.15,0.6623,638183,14491585,379,TWSE,common_stock,true,false,false,false,false,false,false,false,true,
2026-08-26,2012,春雨,listed,14.8,14.9,14.6,14.9,0.05,0.3367,54076,798826,73,TWSE,common_stock,true,false,false,false,false,false,false,false,true,
2026-08-26,2013,中鋼構,listed,41.8,42.1,41.55,42.1,0.15,0.3576,70009,2938916,113,TWSE,common_stock,true,false,false,false,false,false,false,false,true,
2026-08-26,2014,中鴻,listed,17.2,17.35,17.15,17.25,0.05,0.2907,1077444,18592551,652,TWSE,common_stock,true,false,false,false,false,false,false,false,true,
2026-08-26,2015,豐興,listed,64.2,64.9,64.2,64.9,0.2,0.3091,126816,8191259,122,TWSE,common_stock,true,false,false,false,false,false,false,false,true,
2026-08-26,2017,官田鋼,listed,9.15,9.16,9.0,9.05,0.02,0.2215,267413,2428916,195,TWSE,common_stock,true,false,false,false,false,false,false,false,true,
2026-08-26,2020,美亞,listed,21.85,22.0,21.65,21.85,0.0,0.0,291769,6352979,207,TWSE,common_stock,true,false,false,false,false,false,false,false,true,
2026-08-26,2022,聚亨,listed,7.73,7.73,7.63,7.66,-0.01,-0.1304,184265,1411478,317,TWSE,common_stock,true,false,false,false,false,false,false,false,true,
2026-08-26,2023,燁輝,listed,13.85,13.9,13.75,13.85,0.0,0.0,1186944,16425180,620,TWSE,common_stock,true,false,false,false,false,false,false,false,true,
2026-08-26,2024,志聯,listed,13.35,13.55,13.35,13.55,0.0,0.0,7684,103553,32,TWSE,common_stock,true,false,false,false,false,false,false,false,true,
2026-08-26,2025,千興,listed,13.0,13.6,12.85,13.45,0.5,3.861,1185821,15754448,520,TWSE,common_stock,true,false,false,false,false,false,false,false,true,
2026-08-26,2027,大成鋼,listed,50.6,50.8,49.6,50.0,-0.6,-1.1858,10774807,539543399,8538,TWSE,common_stock,true,false,false,false,false,false,false,false,true,
2026-08-26,2028,威致,listed,15.8,15.85,15.75,15.85,0.1,0.6349,74350,1175399,89,TWSE,common_stock,true,false,false,false,false,false,false,false,true,
2026-08-26,2029,盛餘,listed,22.3,22.55,22.2,22.45,0.15,0.6726,342490,7669787,268,TWSE,common_stock,true,false,false,false,false,false,false,false,true,
2026-08-26,2030,彰源,listed,23.65,23.75,22.75,23.5,-0.15,-0.6342,4476395,103953792,2617,TWSE,common_stock,true,false,false,false,false,false,false,false,true,
2026-08-26,2031,新光鋼,listed,46.35,46.6,45.6,46.55,0.2,0.4315,899118,41645353,739,TWSE,common_stock,true,false,false,false,false,false,false,false,true,
2026-08-26,2032,新鋼,listed,17.45,17.5,16.65,17.3,-0.1,-0.5747,420725,7236862,285,TWSE,common_stock,true,false,false,false,false,false,false,false,true,
2026-08-26,2033,佳大,listed,23.7,24.25,22.75,23.0,-0.75,-3.1579,648626,15122608,532,TWSE,common_stock,true,false,false,false,false,false,false,false,true,
2026-08-26,2034,允強,listed,20.35,20.4,20.1,20.35,0.0,0.0,1252606,25328679,551,TWSE,common_stock,true,false,false,false,false,false,false,false,true,
2026-08-26,2038,海光,listed,13.0,13.0,12.75,13.0,0.1,0.7752,216969,2792926,158,TWSE,common_stock,true,false,false,false,false,false,false,false,true,
2026-08-26,2049,上銀,listed,345.0,354.0,342.0,353.0,7.5,2.1708,2091342,731475383,3121,TWSE,common_stock,true,false,false,false,false,false,false,false,true,
2026-08-26,2059,川湖,listed,14295.0,14590.0,13855.0,14510.0,225.0,1.5751,501767,7161151985,7754,TWSE,common_stock,true,false,false,false,false,false,false,false,true,
2026-08-26,2062,橋椿,listed,19.15,19.35,19.15,19.35,0.05,0.2591,103203,1987168,94,TWSE,common_stock,true,false,false,false,false,false,false,false,true,
2026-08-26,2069,運錩,listed,20.8,22.0,20.75,21.8,1.1,5.314,1296332,27851046,708,TWSE,common_stock,true,false,false,false,false,false,false,false,true,
2026-08-26,2072,世紀風電,listed,150.0,150.0,148.5,149.0,0.0,0.0,318008,47382036,437,TWSE,common_stock,true,false,false,false,false,false,false,false,true,
2026-08-26,2101,南港,listed,33.1,33.3,32.7,33.0,-0.15,-0.4525,836770,27574252,1139,TWSE,common_stock,true,false,false,false,false,false,false,false,true,
2026-08-26,2102,泰豐,listed,18.6,18.8,18.45,18.6,0.0,0.0,297056,5542386,307,TWSE,common_stock,true,false,false,false,false,false,false,false,true,
2026-08-26,2103,台橡,listed,28.0,28.3,27.85,28.2,0.1,0.3559,2989053,84041303,1507,TWSE,common_stock,true,false,false,false,false,false,false,false,true,
2026-08-26,2104,國際中橡,listed,10.35,10.7,10.35,10.65,0.45,4.4118,5488501,57915515,1715,TWSE,common_stock,true,false,false,false,false,false,false,false,true,
2026-08-26,2105,正新,listed,31.2,31.4,31.0,31.4,0.05,0.1595,3983418,124359487,1938,TWSE,common_stock,true,false,false,false,false,false,false,false,true,
2026-08-26,2106,建大,listed,17.25,17.4,17.0,17.25,0.0,0.0,1943718,33496837,1212,TWSE,common_stock,true,false,false,false,false,false,false,false,true,
2026-08-26,2107,厚生,listed,26.7,27.15,26.55,26.95,0.25,0.9363,520217,13951770,583,TWSE,common_stock,true,false,false,false,false,false,false,false,true,
2026-08-26,2108,南帝,listed,30.05,30.8,29.6,30.65,0.6,1.9967,814539,24562865,651,TWSE,common_stock,true,false,false,false,false,false,false,false,true,
2026-08-26,2109,華豐,listed,14.75,14.9,14.75,14.85,0.1,0.678,80898,1198312,75,TWSE,common_stock,true,false,false,false,false,false,false,false,true,
2026-08-26,2114,鑫永銓,listed,88.6,90.0,88.5,89.8,1.5,1.6988,110885,9908953,107,TWSE,common_stock,true,false,false,false,false,false,false,false,true,
2026-08-26,2115,六暉-KY,listed,24.2,24.2,23.85,24.05,0.1,0.4175,33108,793964,34,TWSE,common_stock,true,false,false,false,false,false,false,false,true,
2026-08-26,2201,裕隆,listed,28.7,28.85,28.5,28.8,0.1,0.3484,1196987,34388382,916,TWSE,common_stock,true,false,false,false,false,false,false,false,true,
2026-08-26,2204,中華,listed,53.9,54.3,53.6,54.2,0.2,0.3704,577777,31196437,787,TWSE,common_stock,true,false,false,false,false,false,false,false,true,
2026-08-26,2206,三陽工業,listed,63.7,63.8,63.0,63.6,-0.3,-0.4695,484752,30688925,746,TWSE,common_stock,true,false,false,false,false,false,false,false,true,
2026-08-26,2207,和泰車,listed,518.0,524.0,516.0,523.0,4.0,0.7707,176902,92318885,508,TWSE,common_stock,true,false,false,false,false,false,false,false,true,
2026-08-26,2208,台船,listed,19.2,19.4,19.15,19.2,0.1,0.5236,1803143,34699024,946,TWSE,common_stock,true,false,false,false,false,false,false,false,true,
2026-08-26,2211,長榮鋼,listed,83.5,83.8,83.0,83.7,0.0,0.0,415175,34618353,491,TWSE,common_stock,true,false,false,false,false,false,false,false,true,
2026-08-26,2227,裕日車,listed,48.0,48.4,47.5,48.35,0.0,0.0,50063,2407626,84,TWSE,common_stock,true,false,false,false,false,false,false,false,true,
2026-08-26,2228,劍麟,listed,74.1,74.1,73.5,73.7,-0.4,-0.5398,85445,6303177,281,TWSE,common_stock,true,false,false,false,false,false,false,false,true,
2026-08-26,2231,為升,listed,90.7,92.9,90.7,92.4,1.7,1.8743,267293,24589333,225,TWSE,common_stock,true,false,false,false,false,false,false,false,true,
2026-08-26,2233,宇隆,listed,167.0,177.0,163.5,177.0,9.5,5.6716,1319582,226309575,1479,TWSE,common_stock,true,false,false,false,false,false,false,false,true,
2026-08-26,2236,百達-KY,listed,122.5,123.5,118.0,119.5,-3.0,-2.449,329102,39490148,577,TWSE,common_stock,true,false,false,false,false,false,false,false,true,
2026-08-26,2237,華德動能-創,listed,27.9,27.95,27.6,27.75,-0.05,-0.1799,169777,4716405,112,TWSE,common_stock,true,false,false,false,false,false,false,false,true,
2026-08-26,2239,英利-KY,listed,19.55,20.15,19.55,20.15,0.5,2.5445,34553,687830,39,TWSE,common_stock,true,false,false,false,false,false,false,false,true,
2026-08-26,2241,艾姆勒,listed,34.35,34.7,34.05,34.45,0.3,0.8785,252900,8697116,212,TWSE,common_stock,true,false,false,false,false,false,false,false,true,
2026-08-26,2243,宏旭-KY,listed,40.25,41.85,40.1,41.4,0.35,0.8526,163174,6654514,688,TWSE,common_stock,true,false,false,false,false,false,false,false,true,
2026-08-26,2247,汎德永業,listed,225.0,226.0,224.0,226.0,0.5,0.2217,19726,4442225,74,TWSE,common_stock,true,false,false,false,false,false,false,false,true,
2026-08-26,2248,華勝-KY,listed,63.6,64.5,63.0,64.0,0.4,0.6289,34409,2189095,43,TWSE,common_stock,true,false,false,false,false,false,false,false,true,
2026-08-26,2250,IKKA-KY,listed,60.9,62.2,60.2,62.1,1.6,2.6446,104882,6445775,110,TWSE,common_stock,true,false,false,false,false,false,false,false,true,
2026-08-26,2254,巨鎧精密-創,listed,59.9,61.5,59.9,60.6,1.7,2.8862,165000,10044200,89,TWSE,common_stock,true,false,false,false,false,false,false,false,true,
2026-08-26,2258,鴻華先進-創,listed,31.0,31.7,31.0,31.55,0.55,1.7742,306931,9608821,234,TWSE,common_stock,true,false,false,false,false,false,false,false,true,
2026-08-26,2301,光寶科,listed,295.0,312.5,291.0,307.0,11.0,3.7162,51305099,15584552462,48664,TWSE,common_stock,true,false,false,false,false,false,false,false,true,
2026-08-26,2302,麗正,listed,41.65,45.6,41.1,44.9,3.3,7.9327,6077680,269805352,4916,TWSE,common_stock,true,false,false,false,false,false,false,false,true,
2026-08-26,2303,聯電,listed,124.0,124.5,122.0,123.5,-1.5,-1.2,85108376,10486344236,48491,TWSE,common_stock,true,false,false,false,false,false,false,false,true,
2026-08-26,2305,全友,listed,28.0,31.0,27.8,31.0,2.8,9.9291,10630104,319411011,6435,TWSE,common_stock,true,false,false,false,false,false,false,false,true,
2026-08-26,2308,台達電,listed,1680.0,1760.0,1670.0,1750.0,40.0,2.3392,10798374,18615202305,29967,TWSE,common_stock,true,false,false,false,false,false,false,false,true,
2026-08-26,2312,金寶,listed,31.5,31.95,31.2,31.9,0.5,1.5924,6668262,211447216,3777,TWSE,common_stock,true,false,false,false,false,false,false,false,true,
2026-08-26,2313,華通,listed,218.0,224.0,215.5,222.0,4.5,2.069,30057074,6618833780,23475,TWSE,common_stock,true,false,false,false,false,false,false,false,true,
2026-08-26,2314,台揚,listed,11.8,11.9,11.5,11.9,0.05,0.4219,131097,1535889,142,TWSE,common_stock,true,false,false,false,false,false,false,false,true,
2026-08-26,2316,楠梓電,listed,157.5,161.0,157.0,161.0,5.0,3.2051,1575441,251355540,1427,TWSE,common_stock,true,false,false,false,false,false,false,false,true,
2026-08-26,2317,鴻海,listed,243.0,248.0,241.5,246.5,3.5,1.4403,24910439,6110716235,25675,TWSE,common_stock,true,false,false,false,false,false,false,false,true,
2026-08-26,2321,東訊,listed,14.75,14.75,14.75,14.75,0.0,0.0,1262,18600,6,TWSE,common_stock,true,false,false,false,false,false,false,false,true,
2026-08-26,2323,中環,listed,10.85,10.9,10.7,10.85,0.05,0.463,3275609,35464826,1259,TWSE,common_stock,true,false,false,false,false,false,false,false,true,
2026-08-26,2324,仁寶,listed,40.8,41.25,39.85,40.95,0.15,0.3676,57384438,2334061518,25115,TWSE,common_stock,true,false,false,false,false,false,false,false,true,
2026-08-26,2327,國巨*,listed,535.0,540.0,526.0,537.0,-7.0,-1.2868,27582304,14734132083,52235,TWSE,common_stock,true,false,false,false,false,false,false,false,true,
2026-08-26,2328,廣宇,listed,45.0,45.6,44.7,45.35,0.65,1.4541,1176022,53236002,937,TWSE,common_stock,true,false,false,false,false,false,false,false,true,
2026-08-26,2329,華泰,listed,43.4,44.3,43.4,44.15,0.8,1.8454,1913400,84185976,1517,TWSE,common_stock,true,false,false,false,false,false,false,false,true,
2026-08-26,2330,台積電,listed,2375.0,2425.0,2375.0,2415.0,15.0,0.625,19467241,46818064372,67273,TWSE,common_stock,true,false,false,false,false,false,false,false,true,
2026-08-26,2331,精英,listed,19.6,19.9,19.6,19.75,0.2,1.023,599727,11851668,443,TWSE,common_stock,true,false,false,false,false,false,false,false,true,
2026-08-26,2332,友訊,listed,20.2,20.6,20.0,20.0,-0.1,-0.4975,11410558,230787404,4477,TWSE,common_stock,true,false,false,false,false,false,false,false,true,
2026-08-26,2337,旺宏,listed,123.0,125.5,121.5,125.5,3.5,2.8689,23901798,2952003052,15948,TWSE,common_stock,true,false,false,false,false,false,false,false,true,
2026-08-26,2338,光罩,listed,38.55,39.75,38.5,39.65,1.1,2.8534,992359,39131741,1133,TWSE,common_stock,true,false,false,false,false,false,false,false,true,
2026-08-26,2340,台亞,listed,32.25,35.0,31.75,34.75,2.15,6.5951,7533659,259040141,5275,TWSE,common_stock,true,false,false,false,false,false,false,false,true,
2026-08-26,2342,茂矽,listed,39.0,41.95,39.0,41.35,2.1,5.3503,3716631,152624134,2976,TWSE,common_stock,true,false,false,false,false,false,false,false,true,
2026-08-26,2344,華邦電,listed,179.5,182.5,178.0,181.5,2.5,1.3966,85770151,15475554491,56224,TWSE,common_stock,true,false,false,false,false,false,false,false,true,
2026-08-26,2345,智邦,listed,2040.0,2070.0,1985.0,2055.0,25.0,1.2315,3430799,6924401265,11355,TWSE,common_stock,true,false,false,false,false,false,false,false,true,
2026-08-26,2347,聯強,listed,87.2,87.8,86.8,87.1,0.4,0.4614,1544628,134720318,1389,TWSE,common_stock,true,false,false,false,false,false,false,false,true,
2026-08-26,2348,海悅,listed,70.1,71.3,70.0,71.1,1.0,1.4265,210474,14889973,237,TWSE,common_stock,true,false,false,false,false,false,false,false,true,
2026-08-26,2348A,海悅甲特,listed,38.3,38.3,38.0,38.25,-0.05,-0.1305,32072,1221193,17,TWSE,warrant,false,false,true,false,false,false,false,false,false,security_type=warrant;symbol_not_4_digit
2026-08-26,2349,錸德,listed,10.95,11.15,10.95,11.15,0.3,2.765,1370083,15202821,512,TWSE,common_stock,true,false,false,false,false,false,false,false,true,
2026-08-26,2351,順德,listed,202.0,219.0,201.5,219.0,19.5,9.7744,5733030,1239030070,4891,TWSE,common_stock,true,false,false,false,false,false,false,false,true,
2026-08-26,2352,佳世達,listed,28.2,28.5,28.0,28.1,-0.05,-0.1776,4009545,112984332,2586,TWSE,common_stock,true,false,false,false,false,false,false,false,true,
2026-08-26,2353,宏碁,listed,31.0,31.5,30.9,31.4,0.35,1.1272,8644574,270452444,4118,TWSE,common_stock,true,false,false,false,false,false,false,false,true,
2026-08-26,2354,鴻準,listed,60.5,61.8,60.2,61.5,1.0,1.6529,5409560,331812722,4072,TWSE,common_stock,true,false,false,false,false,false,false,false,true,
2026-08-26,2355,敬鵬,listed,41.7,42.7,41.65,42.65,1.0,2.401,2059881,87244209,1603,TWSE,common_stock,true,false,false,false,false,false,false,false,true,
2026-08-26,2356,英業達,listed,65.6,67.0,65.5,66.8,1.4,2.1407,12955703,860375769,9089,TWSE,common_stock,true,false,false,false,false,false,false,false,true,
2026-08-26,2357,華碩,listed,923.0,980.0,919.0,971.0,46.0,4.973,3391704,3244122071,9196,TWSE,common_stock,true,false,false,false,false,false,false,false,true,
2026-08-26,2359,所羅門,listed,145.0,147.5,143.0,146.5,1.5,1.0345,3811992,555557395,4483,TWSE,common_stock,true,false,false,false,false,false,false,false,true,
2026-08-26,2360,致茂,listed,1935.0,1990.0,1875.0,1980.0,15.0,0.7634,2424062,4687180960,6956,TWSE,common_stock,true,false,false,false,false,false,false,false,true,
2026-08-26,2362,藍天,listed,48.8,49.4,48.35,49.2,0.65,1.3388,1145710,56183020,933,TWSE,common_stock,true,false,false,false,false,false,false,false,true,
2026-08-26,2363,矽統,listed,50.5,51.6,50.4,51.3,0.9,1.7857,1927373,98621256,1692,TWSE,common_stock,true,false,false,false,false,false,false,false,true,
2026-08-26,2364,倫飛,listed,75.2,76.2,74.5,75.0,-0.1,-0.1332,595841,44725724,849,TWSE,common_stock,true,false,false,false,false,false,false,false,true,
2026-08-26,2365,昆盈,listed,30.05,30.7,29.8,30.35,0.35,1.1667,919441,27995575,530,TWSE,common_stock,true,false,false,false,false,false,false,false,true,
2026-08-26,2367,燿華,listed,43.1,44.95,43.05,44.8,1.75,4.065,6858809,303537579,5432,TWSE,common_stock,true,false,false,false,false,false,false,false,true,
2026-08-26,2368,金像電,listed,970.0,1060.0,966.0,1040.0,69.0,7.1061,8709942,8948062507,16645,TWSE,common_stock,true,false,false,false,false,false,false,false,true,
2026-08-26,2369,菱生,listed,31.25,32.2,31.1,31.8,0.55,1.76,3977086,126615563,3107,TWSE,common_stock,true,false,false,false,false,false,false,false,true,
2026-08-26,2371,大同,listed,27.7,27.85,27.35,27.65,-0.05,-0.1805,7019152,193945398,3976,TWSE,common_stock,true,false,false,false,false,false,false,false,true,
2026-08-26,2373,震旦行,listed,53.3,53.6,53.0,53.6,0.2,0.3745,29233,1560789,56,TWSE,common_stock,true,false,false,false,false,false,false,false,true,
2026-08-26,2374,佳能,listed,67.1,70.4,67.1,70.1,3.2,4.7833,5051998,350276827,4223,TWSE,common_stock,true,false,false,false,false,false,false,false,true,
2026-08-26,2375,凱美,listed,122.5,125.0,121.0,124.0,1.5,1.2245,2028884,249893040,1836,TWSE,common_stock,true,false,false,false,false,false,false,false,true,
2026-08-26,2376,技嘉,listed,348.5,354.0,346.5,351.5,4.0,1.1511,5282809,1846276925,5497,TWSE,common_stock,true,false,false,false,false,false,false,false,true,
2026-08-26,2377,微星,listed,144.5,147.0,144.0,146.0,2.0,1.3889,6865243,1000620155,5566,TWSE,common_stock,true,false,false,false,false,false,false,false,true,
2026-08-26,2379,瑞昱,listed,729.0,738.0,722.0,734.0,4.0,0.5479,1205547,883092901,2385,TWSE,common_stock,true,false,false,false,false,false,false,false,true,
2026-08-26,2380,虹光,listed,18.8,19.35,18.2,19.0,0.0,0.0,210293,3974352,837,TWSE,common_stock,true,false,false,false,false,false,false,false,true,
2026-08-26,2382,廣達,listed,327.5,333.0,325.0,332.5,4.0,1.2177,8806245,2906519138,9867,TWSE,common_stock,true,false,false,false,false,false,false,false,true,
2026-08-26,2383,台光電,listed,5565.0,5920.0,5555.0,5895.0,300.0,5.3619,1871519,10903340430,12027,TWSE,common_stock,true,false,false,false,false,false,false,false,true,
2026-08-26,2385,群光,listed,106.0,107.0,106.0,107.0,1.0,0.9434,1754372,187177000,1484,TWSE,common_stock,true,false,false,false,false,false,false,false,true,
2026-08-26,2387,精元,listed,36.7,36.75,36.4,36.55,-0.15,-0.4087,257316,9418165,201,TWSE,common_stock,true,false,false,false,false,false,false,false,true,
2026-08-26,2388,威盛,listed,72.6,74.7,72.0,74.0,2.1,2.9207,3026628,222465180,2673,TWSE,common_stock,true,false,false,false,false,false,false,false,true,
2026-08-26,2390,云辰,listed,10.35,10.75,10.35,10.65,0.4,3.9024,674924,7178133,446,TWSE,common_stock,true,false,false,false,false,false,false,false,true,
2026-08-26,2392,正崴,listed,44.8,45.3,43.8,45.15,0.05,0.1109,5149062,229930381,3819,TWSE,common_stock,true,false,false,false,false,false,false,false,true,
2026-08-26,2393,億光,listed,65.3,67.0,65.0,66.8,1.6,2.454,2560420,169904603,2047,TWSE,common_stock,true,false,false,false,false,false,false,false,true,
2026-08-26,2395,研華,listed,666.0,693.0,665.0,688.0,18.0,2.6866,2326596,1586905575,3671,TWSE,common_stock,true,false,false,false,false,false,false,false,true,
2026-08-26,2397,友通,listed,62.5,63.1,62.3,62.9,0.4,0.64,147341,9245717,143,TWSE,common_stock,true,false,false,false,false,false,false,false,true,
2026-08-26,2399,映泰,listed,47.7,49.5,47.55,47.9,0.2,0.4193,10112134,491387269,6523,TWSE,common_stock,true,false,false,false,false,false,false,false,true,
2026-08-26,2401,凌陽,listed,25.2,25.85,25.1,25.65,0.5,1.9881,1826895,46745468,1263,TWSE,common_stock,true,false,false,false,false,false,false,false,true,
2026-08-26,2402,毅嘉,listed,55.8,56.7,55.5,56.1,0.3,0.5376,1074330,60361191,1263,TWSE,common_stock,true,false,false,false,false,false,false,false,true,
2026-08-26,2404,漢唐,listed,1070.0,1100.0,1070.0,1080.0,10.0,0.9346,687620,744100475,1977,TWSE,common_stock,true,false,false,false,false,false,false,false,true,
2026-08-26,2405,輔信,listed,15.4,15.6,15.35,15.5,0.15,0.9772,618885,9588377,365,TWSE,common_stock,true,false,false,false,false,false,false,false,true,
2026-08-26,2406,國碩,listed,28.4,29.25,28.35,28.85,0.55,1.9435,3213169,93134009,2179,TWSE,common_stock,true,false,false,false,false,false,false,false,true,
2026-08-26,2408,南亞科,listed,510.0,522.0,504.0,517.0,7.0,1.3725,61614233,31621168190,57650,TWSE,common_stock,true,false,false,false,false,false,false,false,true,
2026-08-26,2409,友達,listed,25.8,25.95,25.5,25.5,-0.15,-0.5848,62561686,1606299029,21892,TWSE,common_stock,true,false,false,false,false,false,false,false,true,
2026-08-26,2412,中華電,listed,136.5,136.5,135.5,136.0,-0.5,-0.3663,7842434,1065538684,5470,TWSE,common_stock,true,false,false,false,false,false,false,false,true,
2026-08-26,2413,環科,listed,43.4,44.5,43.25,44.05,1.25,2.9206,552548,24267847,474,TWSE,common_stock,true,false,false,false,false,false,false,false,true,
2026-08-26,2414,精技,listed,51.8,52.6,51.6,52.2,0.5,0.9671,184852,9618840,226,TWSE,common_stock,true,false,false,false,false,false,false,false,true,
2026-08-26,2415,錩新,listed,30.7,31.35,30.35,30.8,0.1,0.3257,281344,8651722,251,TWSE,common_stock,true,false,false,false,false,false,false,false,true,
2026-08-26,2417,圓剛,listed,43.35,44.3,43.1,43.9,0.9,2.093,408926,17907074,398,TWSE,common_stock,true,false,false,false,false,false,false,false,true,
2026-08-26,2419,仲琦,listed,24.8,25.35,24.8,25.0,0.4,1.626,412450,10376403,358,TWSE,common_stock,true,false,false,false,false,false,false,false,true,
2026-08-26,2420,新巨,listed,53.1,53.7,52.7,53.6,0.0,0.0,901896,48096333,1428,TWSE,common_stock,true,false,false,false,false,false,false,false,true,
2026-08-26,2421,建準,listed,144.0,151.5,143.5,151.5,7.5,5.2083,2780994,413649144,2740,TWSE,common_stock,true,false,false,false,false,false,false,false,true,
2026-08-26,2423,固緯,listed,74.2,75.0,73.8,74.4,0.6,0.813,141791,10535265,173,TWSE,common_stock,true,false,false,false,false,false,false,false,true,
2026-08-26,2424,隴華,listed,8.21,8.21,8.1,8.15,-0.22,-2.6284,22213,180741,25,TWSE,common_stock,true,false,false,false,false,false,false,false,true,
2026-08-26,2425,承啟,listed,37.8,38.35,37.8,38.0,0.25,0.6623,855739,32587191,1284,TWSE,common_stock,true,false,false,false,false,false,false,false,true,
2026-08-26,2426,鼎元,listed,89.8,99.8,88.2,99.8,9.0,9.9119,82191163,7941938649,50252,TWSE,common_stock,true,false,false,false,false,false,false,false,true,
2026-08-26,2427,三商電,listed,22.55,22.7,22.45,22.7,0.25,1.1136,310945,7016947,512,TWSE,common_stock,true,false,false,false,false,false,false,false,true,
2026-08-26,2428,興勤,listed,252.5,253.5,246.5,252.0,2.5,1.002,1784744,444412772,1935,TWSE,common_stock,true,false,false,false,false,false,false,false,true,
2026-08-26,2429,銘旺科,listed,32.6,33.95,32.4,33.95,1.2,3.6641,311836,10352108,296,TWSE,common_stock,true,false,false,false,false,false,false,false,true,
2026-08-26,2430,燦坤,listed,17.6,17.75,17.5,17.7,-0.05,-0.2817,76925,1357148,123,TWSE,common_stock,true,false,false,false,false,false,false,false,true,
2026-08-26,2431,聯昌,listed,10.25,10.4,10.25,10.4,0.15,1.4634,60871,630267,49,TWSE,common_stock,true,false,false,false,false,false,false,false,true,
2026-08-26,2432,倚天酷碁-創,listed,27.7,27.75,27.55,27.75,0.2,0.726,16000,442300,12,TWSE,common_stock,true,false,false,false,false,false,false,false,true,
2026-08-26,2433,互盛電,listed,41.7,41.8,41.7,41.75,0.05,0.1199,19595,817889,20,TWSE,common_stock,true,false,false,false,false,false,false,false,true,
2026-08-26,2434,統懋,listed,51.5,53.2,50.9,52.8,0.6,1.1494,683656,35678244,739,TWSE,common_stock,true,false,false,false,false,false,false,false,true,
2026-08-26,2436,偉詮電,listed,62.9,64.7,62.9,64.3,0.7,1.1006,3745958,238961585,2728,TWSE,common_stock,true,false,false,false,false,false,false,false,true,
2026-08-26,2438,翔耀,listed,17.7,18.05,17.7,18.05,0.35,1.9774,45554,816199,48,TWSE,common_stock,true,false,false,false,false,false,false,false,true,
2026-08-26,2439,美律,listed,82.3,82.4,82.0,82.1,-0.2,-0.243,1650286,135690899,1368,TWSE,common_stock,true,false,false,false,false,false,false,false,true,
2026-08-26,2440,太空梭,listed,13.8,14.2,13.8,14.0,0.0,0.0,181305,2550216,146,TWSE,common_stock,true,false,false,false,false,false,false,false,true,
2026-08-26,2441,超豐,listed,115.0,119.0,114.0,118.0,3.0,2.6087,4474330,524244808,3711,TWSE,common_stock,true,false,false,false,false,false,false,false,true,
2026-08-26,2442,新美齊,listed,19.7,19.85,19.7,19.7,0.05,0.2545,965457,19083341,578,TWSE,common_stock,true,false,false,false,false,false,false,false,true,
2026-08-26,2444,兆勁,listed,11.0,11.2,11.0,11.15,0.15,1.3636,119987,1339937,110,TWSE,common_stock,true,false,false,false,false,false,false,false,true,
2026-08-26,2449,京元電子,listed,236.0,246.5,234.0,244.0,4.5,1.8789,11870523,2875515655,14581,TWSE,common_stock,true,false,false,false,false,false,false,false,true,
2026-08-26,2450,神腦,listed,28.2,28.3,28.15,28.3,0.1,0.3546,82950,2343385,92,TWSE,common_stock,true,false,false,false,false,false,false,false,true,
2026-08-26,2451,創見,listed,302.0,305.5,297.0,301.0,2.0,0.6689,3762910,1129856614,4754,TWSE,common_stock,true,false,false,false,false,false,false,false,true,
2026-08-26,2453,凌群,listed,52.5,52.6,51.9,52.1,0.0,0.0,111646,5820855,131,TWSE,common_stock,true,false,false,false,false,false,false,false,true,
2026-08-26,2454,聯發科,listed,3730.0,3965.0,3710.0,3945.0,210.0,5.6225,8370053,32482789520,49065,TWSE,common_stock,true,false,false,false,false,false,false,false,true,
2026-08-26,2455,全新,listed,419.0,430.0,415.0,428.0,8.5,2.0262,3496416,1483930811,5670,TWSE,common_stock,true,false,false,false,false,false,false,false,true,
2026-08-26,2457,飛宏,listed,22.8,23.25,22.75,23.2,0.4,1.7544,776583,17876686,512,TWSE,common_stock,true,false,false,false,false,false,false,false,true,
2026-08-26,2458,義隆,listed,138.0,140.0,137.0,139.5,2.0,1.4545,881642,122497673,1087,TWSE,common_stock,true,false,false,false,false,false,false,false,true,
2026-08-26,2459,敦吉,listed,67.4,67.5,66.6,67.3,0.6,0.8996,110378,7390142,90,TWSE,common_stock,true,false,false,false,false,false,false,false,true,
2026-08-26,2460,建通,listed,29.05,29.3,28.7,29.2,0.75,2.6362,157324,4567958,131,TWSE,common_stock,true,false,false,false,false,false,false,false,true,
2026-08-26,2461,光群雷,listed,18.15,18.3,18.05,18.25,0.1,0.551,1319815,22332683,253,TWSE,common_stock,true,false,false,false,false,false,false,false,true,
2026-08-26,2462,良得電,listed,19.75,20.5,19.7,20.35,0.7,3.5623,294993,5947708,240,TWSE,common_stock,true,false,false,false,false,false,false,false,true,
2026-08-26,2464,盟立,listed,193.0,194.0,187.5,192.0,-1.0,-0.5181,10392650,1981151520,11335,TWSE,common_stock,true,false,false,false,false,false,false,false,true,
2026-08-26,2465,麗臺,listed,92.5,94.4,89.4,93.6,4.2,4.698,3896409,359280748,4152,TWSE,common_stock,true,false,false,false,false,false,false,false,true,
2026-08-26,2466,冠西電,listed,104.0,109.0,102.5,105.0,2.0,1.9417,2213511,231577914,2044,TWSE,common_stock,true,false,false,false,false,false,false,false,true,
2026-08-26,2467,志聖,listed,540.0,575.0,534.0,570.0,35.0,6.5421,1132206,631177876,2300,TWSE,common_stock,true,false,false,false,false,false,false,false,true,
2026-08-26,2468,華經,listed,33.55,34.35,33.55,34.35,0.85,2.5373,178177,6058611,141,TWSE,common_stock,true,false,false,false,false,false,false,false,true,
2026-08-26,2471,資通,listed,49.0,49.6,48.9,49.55,0.55,1.1224,93332,4601027,108,TWSE,common_stock,true,false,false,false,false,false,false,false,true,
2026-08-26,2472,立隆電,listed,218.0,221.0,216.0,218.5,0.5,0.2294,1109988,242384421,2703,TWSE,common_stock,true,false,false,false,false,false,false,false,true,
2026-08-26,2474,可成,listed,204.0,207.5,203.5,206.5,2.0,0.978,2669441,549574407,2364,TWSE,common_stock,true,false,false,false,false,false,false,false,true,
2026-08-26,2476,鉅祥,listed,120.0,127.0,119.5,125.5,5.0,4.1494,3530774,438415819,3918,TWSE,common_stock,true,false,false,false,false,false,false,false,true,
2026-08-26,2477,美隆電,listed,20.6,20.95,20.6,20.9,0.3,1.4563,47127,981635,49,TWSE,common_stock,true,false,false,false,false,false,false,false,true,
2026-08-26,2478,大毅,listed,120.0,122.5,118.0,122.0,1.5,1.2448,2844701,342420146,2572,TWSE,common_stock,true,false,false,false,false,false,false,false,true,
2026-08-26,2480,敦陽科,listed,160.0,160.0,155.0,156.0,-3.0,-1.8868,271450,42410618,1349,TWSE,common_stock,true,false,false,false,false,false,false,false,true,
2026-08-26,2481,強茂,listed,135.0,150.5,134.5,150.5,13.5,9.854,40353759,5900356168,33526,TWSE,common_stock,true,false,false,false,false,false,false,false,true,
2026-08-26,2482,連宇,listed,16.1,16.25,15.9,16.05,0.05,0.3125,117756,1890221,122,TWSE,common_stock,true,false,false,false,false,false,false,false,true,
2026-08-26,2483,百容,listed,35.45,36.0,35.05,35.7,0.45,1.2766,659524,23478994,596,TWSE,common_stock,true,false,false,false,false,false,false,false,true,
2026-08-26,2484,希華,listed,79.3,81.0,76.0,76.7,-2.6,-3.2787,35920731,2791938109,26518,TWSE,common_stock,true,false,false,false,false,false,false,false,true,
2026-08-26,2485,兆赫,listed,41.15,43.5,41.15,43.05,1.9,4.6173,4109194,175462420,3668,TWSE,common_stock,true,false,false,false,false,false,false,false,true,
2026-08-26,2486,一詮,listed,255.0,267.5,250.0,262.5,4.5,1.7442,17556293,4566869682,17809,TWSE,common_stock,true,false,false,false,false,false,false,false,true,
2026-08-26,2488,漢平,listed,48.4,48.9,48.2,48.45,0.1,0.2068,73645,3565071,76,TWSE,common_stock,true,false,false,false,false,false,false,false,true,
2026-08-26,2489,瑞軒,listed,40.9,43.5,40.7,41.5,0.95,2.3428,127754504,5391727079,65639,TWSE,common_stock,true,false,false,false,false,false,false,false,true,
2026-08-26,2491,吉祥全,listed,42.75,46.8,42.75,46.65,4.1,9.6357,5839405,269088404,5174,TWSE,common_stock,true,false,false,false,false,false,false,false,true,
2026-08-26,2492,華新科,listed,263.0,270.0,259.5,269.5,1.5,0.5597,11351766,3006623315,14837,TWSE,common_stock,true,false,false,false,false,false,false,false,true,
2026-08-26,2493,揚博,listed,173.0,186.0,172.0,181.5,10.5,6.1404,1961331,351716688,3555,TWSE,common_stock,true,false,false,false,false,false,false,false,true,
2026-08-26,2495,普安,listed,38.8,39.15,38.55,38.6,-0.1,-0.2584,879627,34084596,778,TWSE,common_stock,true,false,false,false,false,false,false,false,true,
2026-08-26,2496,卓越,listed,55.0,55.1,54.9,55.1,0.2,0.3643,6716,369137,31,TWSE,common_stock,true,false,false,false,false,false,false,false,true,
2026-08-26,2497,怡利電,listed,45.5,45.9,45.15,45.65,0.4,0.884,130274,5935195,126,TWSE,common_stock,true,false,false,false,false,false,false,false,true,
2026-08-26,2498,宏達電,listed,41.2,41.2,40.6,40.7,0.2,0.4938,1973238,80485920,1477,TWSE,common_stock,true,false,false,false,false,false,false,false,true,
2026-08-26,2501,國建,listed,22.9,23.0,22.65,23.0,0.1,0.4367,1708439,38991553,799,TWSE,common_stock,true,false,false,false,false,false,false,false,true,
2026-08-26,2504,國產,listed,31.9,32.15,31.45,32.1,0.25,0.7849,1833656,58394921,1041,TWSE,common_stock,true,false,false,false,false,false,false,false,true,
2026-08-26,2505,國揚,listed,17.45,17.5,17.25,17.4,-0.05,-0.2865,205994,3571218,171,TWSE,common_stock,true,false,false,false,false,false,false,false,true,
2026-08-26,2506,太設,listed,8.55,8.66,8.55,8.64,0.07,0.8168,96483,831362,120,TWSE,common_stock,true,false,false,false,false,false,false,false,true,
2026-08-26,2509,全坤建,listed,14.9,15.55,14.8,15.5,0.75,5.0847,446915,6824232,319,TWSE,common_stock,true,false,false,false,false,false,false,false,true,
2026-08-26,2511,太子,listed,8.32,8.39,8.3,8.38,0.04,0.4796,610401,5092360,375,TWSE,common_stock,true,false,false,false,false,false,false,false,true,
2026-08-26,2514,龍邦,listed,11.95,12.1,11.9,12.05,0.2,1.6878,125081,1502893,304,TWSE,common_stock,true,false,false,false,false,false,false,false,true,
2026-08-26,2515,中工,listed,12.0,12.05,11.9,12.0,0.0,0.0,4453841,53326133,1252,TWSE,common_stock,true,false,false,false,false,false,false,false,true,
2026-08-26,2516,新建,listed,14.3,14.45,14.3,14.35,0.05,0.3497,84858,1217968,73,TWSE,common_stock,true,false,false,false,false,false,false,false,true,
2026-08-26,2520,冠德,listed,35.4,35.9,35.25,35.8,0.4,1.1299,1248665,44351340,819,TWSE,common_stock,true,false,false,false,false,false,false,false,true,
2026-08-26,2524,京城,listed,34.75,35.8,34.75,35.8,1.0,2.8736,77401,2739853,95,TWSE,common_stock,true,false,false,false,false,false,false,false,true,
2026-08-26,2527,宏璟,listed,41.8,43.1,41.3,42.7,0.75,1.7878,545179,22994872,459,TWSE,common_stock,true,false,false,false,false,false,false,false,true,
2026-08-26,2528,皇普,listed,20.45,20.8,20.45,20.8,0.3,1.4634,352175,7283615,248,TWSE,common_stock,true,false,false,false,false,false,false,false,true,
2026-08-26,2530,華建,listed,19.35,19.65,19.3,19.6,0.25,1.292,334033,6512605,293,TWSE,common_stock,true,false,false,false,false,false,false,false,true,
2026-08-26,2534,宏盛,listed,17.35,17.4,17.25,17.35,0.05,0.289,245599,4254075,213,TWSE,common_stock,true,false,false,false,false,false,false,false,true,
2026-08-26,2535,達欣工,listed,89.8,90.8,89.6,90.4,0.2,0.2217,119180,10758538,360,TWSE,common_stock,true,false,false,false,false,false,false,false,true,
2026-08-26,2536,宏普,listed,20.9,21.2,20.8,21.0,0.05,0.2387,881544,18571430,432,TWSE,common_stock,true,false,false,false,false,false,false,false,true,
2026-08-26,2537,聯上發,listed,11.5,11.65,11.35,11.65,0.25,2.193,854105,9820683,355,TWSE,common_stock,true,false,false,false,false,false,false,false,true,
2026-08-26,2538,基泰,listed,9.13,9.14,9.0,9.14,0.06,0.6608,406081,3670062,258,TWSE,common_stock,true,false,false,false,false,false,false,false,true,
2026-08-26,2539,櫻花建,listed,34.9,35.2,34.6,34.9,0.0,0.0,817333,28455001,820,TWSE,common_stock,true,false,false,false,false,false,false,false,true,
2026-08-26,2540,愛山林,listed,46.55,47.55,46.3,47.2,0.6,1.2876,477603,22366775,484,TWSE,common_stock,true,false,false,false,false,false,false,false,true,
2026-08-26,2542,興富發,listed,47.5,48.0,47.25,48.0,0.5,1.0526,5420281,258862322,3082,TWSE,common_stock,true,false,false,false,false,false,false,false,true,
2026-08-26,2543,皇昌,listed,38.75,38.8,38.2,38.6,0.1,0.2597,538623,20755745,709,TWSE,common_stock,true,false,false,false,false,false,false,false,true,
2026-08-26,2545,皇翔,listed,34.75,34.95,34.7,34.9,0.3,0.8671,191404,6666510,271,TWSE,common_stock,true,false,false,false,false,false,false,false,true,
2026-08-26,2546,根基,listed,107.5,107.5,104.5,107.0,-0.5,-0.4651,203767,21557206,598,TWSE,common_stock,true,false,false,false,false,false,false,false,true,
2026-08-26,2547,日勝生,listed,10.1,10.2,10.05,10.2,0.15,1.4925,880221,8917789,331,TWSE,common_stock,true,false,false,false,false,false,false,false,true,
2026-08-26,2548,華固,listed,96.4,96.8,95.7,96.0,-0.4,-0.4149,707320,67960491,783,TWSE,common_stock,true,false,false,false,false,false,false,false,true,
2026-08-26,2597,潤弘,listed,168.5,172.5,168.5,171.5,3.5,2.0833,377825,64477360,444,TWSE,common_stock,true,false,false,false,false,false,false,false,true,
2026-08-26,2601,益航,listed,7.08,7.17,6.88,6.9,-0.27,-3.7657,6398171,44548496,3754,TWSE,common_stock,true,false,false,false,false,false,false,false,true,
2026-08-26,2603,長榮,listed,243.0,245.5,228.0,231.0,-15.0,-6.0976,28187454,6592817312,26169,TWSE,common_stock,true,false,false,false,false,false,false,false,true,
2026-08-26,2605,新興,listed,36.2,37.25,34.3,34.85,-1.85,-5.0409,23658234,836016972,14248,TWSE,common_stock,true,false,false,false,false,false,false,false,true,
2026-08-26,2606,裕民,listed,76.0,78.8,71.0,72.0,-6.0,-7.6923,22974195,1690017943,16403,TWSE,common_stock,true,false,false,false,false,false,false,false,true,
2026-08-26,2607,榮運,listed,52.5,52.5,51.2,52.4,0.3,0.5758,503602,26151224,475,TWSE,common_stock,true,false,false,false,false,false,false,false,true,
2026-08-26,2608,嘉里大榮,listed,28.7,28.85,28.65,28.8,0.1,0.3484,175350,5039186,123,TWSE,common_stock,true,false,false,false,false,false,false,false,true,
2026-08-26,2609,陽明,listed,63.5,64.4,57.3,57.6,-6.0,-9.434,157663706,9364201699,140024,TWSE,common_stock,true,false,false,false,false,false,false,false,true,
2026-08-26,2610,華航,listed,20.55,20.95,20.55,20.8,0.4,1.9608,39471879,821724946,9209,TWSE,common_stock,true,false,false,false,false,false,false,false,true,
2026-08-26,2611,志信,listed,15.75,16.15,15.15,15.2,-1.0,-6.1728,2084733,32221109,1433,TWSE,common_stock,true,false,false,false,false,false,false,false,true,
2026-08-26,2612,中航,listed,63.6,65.8,60.1,61.5,-2.3,-3.605,3540248,220641365,4179,TWSE,common_stock,true,false,false,false,false,false,false,false,true,
2026-08-26,2613,中櫃,listed,24.3,24.7,22.9,23.0,-1.5,-6.1224,2666731,62459405,3067,TWSE,common_stock,true,false,false,false,false,false,false,false,true,
2026-08-26,2614,東森,listed,18.5,18.7,18.35,18.55,0.05,0.2703,455209,8433298,639,TWSE,common_stock,true,false,false,false,false,false,false,false,true,
2026-08-26,2615,萬海,listed,127.0,129.5,114.0,115.0,-11.5,-9.0909,81128921,9690438259,81275,TWSE,common_stock,true,false,false,false,false,false,false,false,true,
2026-08-26,2616,山隆,listed,13.35,13.5,13.3,13.5,0.1,0.7463,123524,1656878,168,TWSE,common_stock,true,false,false,false,false,false,false,false,true,
2026-08-26,2617,台航,listed,31.9,32.85,30.65,30.85,-1.0,-3.1397,3221571,100613298,2102,TWSE,common_stock,true,false,false,false,false,false,false,false,true,
2026-08-26,2618,長榮航,listed,42.85,43.4,42.8,43.0,0.8,1.8957,28471617,1224930787,8859,TWSE,common_stock,true,false,false,false,false,false,false,false,true,
2026-08-26,2630,亞航,listed,50.8,52.4,50.2,51.4,1.95,3.9434,2981475,152769646,2395,TWSE,common_stock,true,false,false,false,false,false,false,false,true,
2026-08-26,2633,台灣高鐵,listed,26.25,26.35,26.15,26.35,0.05,0.1901,2433013,63957629,1160,TWSE,common_stock,true,false,false,false,false,false,false,false,true,
2026-08-26,2634,漢翔,listed,67.0,69.9,67.0,69.0,2.3,3.4483,31147981,2137860240,18996,TWSE,common_stock,true,false,false,false,false,false,false,false,true,
2026-08-26,2636,台驊控股,listed,74.5,75.2,69.1,69.9,-4.4,-5.9219,2045210,145177794,6386,TWSE,common_stock,true,false,false,false,false,false,false,false,true,
2026-08-26,2637,慧洋-KY,listed,94.0,98.1,90.0,91.2,-4.3,-4.5026,11259226,1037105067,13255,TWSE,common_stock,true,false,false,false,false,false,false,false,true,
2026-08-26,2642,宅配通,listed,20.55,20.7,20.5,20.65,0.25,1.2255,46535,957757,77,TWSE,common_stock,true,false,false,false,false,false,false,false,true,
2026-08-26,2645,長榮航太,listed,172.0,181.0,172.0,179.0,8.5,4.9853,3035106,539135199,3240,TWSE,common_stock,true,false,false,false,false,false,false,false,true,
2026-08-26,2646,星宇航空,listed,21.15,21.3,21.1,21.2,0.1,0.4739,2370531,50239009,1426,TWSE,common_stock,true,false,false,false,false,false,false,false,true,
2026-08-26,2701,萬企,listed,10.65,10.75,10.6,10.75,0.1,0.939,86326,923926,58,TWSE,common_stock,true,false,false,false,false,false,false,false,true,
2026-08-26,2702,華園,listed,12.6,12.8,12.55,12.8,0.25,1.992,66476,844691,57,TWSE,common_stock,true,false,false,false,false,false,false,false,true,
2026-08-26,2704,國賓,listed,45.4,46.35,45.4,46.35,0.8,1.7563,140752,6445855,206,TWSE,common_stock,true,false,false,false,false,false,false,false,true,
2026-08-26,2705,六福,listed,15.8,15.95,15.75,15.85,0.05,0.3165,67575,1070389,118,TWSE,common_stock,true,false,false,false,false,false,false,false,true,
2026-08-26,2706,第一店,listed,12.55,12.6,12.5,12.6,0.15,1.2048,52759,663161,87,TWSE,common_stock,true,false,false,false,false,false,false,false,true,
2026-08-26,2707,晶華,listed,180.5,181.0,180.0,181.0,0.5,0.277,83266,15036016,130,TWSE,common_stock,true,false,false,false,false,false,false,false,true,
2026-08-26,2712,遠雄來,listed,14.5,14.55,14.35,14.55,-0.05,-0.3425,15151,218452,17,TWSE,common_stock,true,false,false,false,false,false,false,false,true,
2026-08-26,2722,夏都,listed,22.0,22.3,22.0,22.3,0.2,0.905,36152,800315,62,TWSE,common_stock,true,false,false,false,false,false,false,false,true,
2026-08-26,2723,美食-KY,listed,77.7,80.0,76.7,79.9,2.2,2.8314,1432079,112931504,1138,TWSE,common_stock,true,false,false,false,false,false,false,false,true,
2026-08-26,2727,王品,listed,236.5,238.0,234.0,235.0,-2.0,-0.8439,241327,56694468,3663,TWSE,common_stock,true,false,false,false,false,false,false,false,true,
2026-08-26,2731,雄獅,listed,146.5,146.5,145.0,145.0,-0.5,-0.3436,142620,20789046,253,TWSE,common_stock,true,false,false,false,false,false,false,false,true,
2026-08-26,2739,寒舍,listed,38.0,38.7,37.85,38.15,0.3,0.7926,260024,9939936,260,TWSE,common_stock,true,false,false,false,false,false,false,false,true,
2026-08-26,2748,雲品,listed,38.8,38.8,38.4,38.65,0.1,0.2594,52742,2033121,74,TWSE,common_stock,true,false,false,false,false,false,false,false,true,
2026-08-26,2753,八方雲集,listed,180.5,180.5,179.0,179.0,0.0,0.0,236257,42443693,4466,TWSE,common_stock,true,false,false,false,false,false,false,false,true,
2026-08-26,2762,世界健身-KY,listed,82.9,85.1,82.9,85.0,2.1,2.5332,103982,8791154,221,TWSE,common_stock,true,false,false,false,false,false,false,false,true,
2026-08-26,2801,彰銀,listed,23.8,24.0,23.75,23.9,0.15,0.6316,10525575,251692260,3874,TWSE,common_stock,true,false,false,false,false,false,false,false,true,
2026-08-26,2812,台中銀,listed,18.95,19.05,18.85,19.0,0.05,0.2639,7003880,132862228,2457,TWSE,common_stock,true,false,false,false,false,false,false,false,true,
2026-08-26,2816,旺旺保,listed,37.55,39.55,37.55,38.85,1.3,3.4621,979752,37913047,688,TWSE,common_stock,true,false,false,false,false,false,false,false,true,
2026-08-26,2820,華票,listed,16.7,16.8,16.6,16.7,0.35,2.1407,5282144,88207325,1370,TWSE,common_stock,true,false,false,false,false,false,false,false,true,
2026-08-26,2832,台產,listed,60.5,60.8,60.0,60.3,-0.2,-0.3306,200920,12111201,372,TWSE,common_stock,true,false,false,false,false,false,false,false,true,
2026-08-26,2834,臺企銀,listed,16.35,16.5,16.25,16.45,0.1,0.6116,38109258,623666614,9597,TWSE,common_stock,true,false,false,false,false,false,false,false,true,
2026-08-26,2836,高雄銀,listed,12.05,12.1,12.0,12.05,0.05,0.4167,589646,7101414,432,TWSE,common_stock,true,false,false,false,false,false,false,false,true,
2026-08-26,2836A,高雄銀甲特,listed,24.1,24.1,24.1,24.1,0.05,0.2079,2000,48200,2,TWSE,warrant,false,false,true,false,false,false,false,false,false,security_type=warrant;symbol_not_4_digit
2026-08-26,2838,聯邦銀,listed,20.2,20.4,20.05,20.3,0.05,0.2469,2669467,55533967,974,TWSE,common_stock,true,false,false,false,false,false,false,false,true,
2026-08-26,2838A,聯邦銀甲特,listed,51.9,51.9,51.9,51.9,0.0,0.0,13196,684857,7,TWSE,warrant,false,false,true,false,false,false,false,false,false,security_type=warrant;symbol_not_4_digit
2026-08-26,2845,遠東銀,listed,13.5,13.55,13.4,13.45,-0.05,-0.3704,11283231,151707340,2714,TWSE,common_stock,true,false,false,false,false,false,false,false,true,
2026-08-26,2849,安泰銀,listed,14.25,14.6,14.25,14.6,0.35,2.4561,140005,2028905,162,TWSE,common_stock,true,false,false,false,false,false,false,false,true,
2026-08-26,2850,新產,listed,163.0,164.0,162.0,163.5,0.5,0.3067,137734,22471938,240,TWSE,common_stock,true,false,false,false,false,false,false,false,true,
2026-08-26,2851,中再保,listed,43.8,46.45,43.75,46.0,2.25,5.1429,6696274,305787678,4850,TWSE,common_stock,true,false,false,false,false,false,false,false,true,
2026-08-26,2852,第一保,listed,29.55,30.3,29.45,30.05,0.65,2.2109,1186472,35527767,693,TWSE,common_stock,true,false,false,false,false,false,false,false,true,
2026-08-26,2855,統一證,listed,46.6,47.6,46.45,47.4,1.2,2.5974,3267102,153794759,2137,TWSE,etf,false,true,false,false,false,false,false,false,false,security_type=etf
2026-08-26,2880,華南金,listed,39.6,40.1,39.25,39.6,-0.2,-0.5025,13831992,547414503,8813,TWSE,common_stock,true,false,false,false,false,false,false,false,true,
2026-08-26,2881,富邦金,listed,140.0,143.5,138.0,138.5,-3.0,-2.1201,28710843,4006286461,31598,TWSE,etf,false,true,false,false,false,false,false,false,false,security_type=etf
2026-08-26,2881A,富邦特,listed,61.9,61.9,61.6,61.9,-0.1,-0.1613,56620,3494592,37,TWSE,etf,false,true,true,false,false,false,false,false,false,security_type=etf;symbol_not_4_digit
2026-08-26,2881B,富邦金乙特,listed,60.8,60.9,60.8,60.9,0.0,0.0,2092,127295,6,TWSE,etf,false,true,true,false,false,false,false,false,false,security_type=etf;symbol_not_4_digit
2026-08-26,2881C,富邦金丙特,listed,51.4,51.5,51.4,51.5,0.1,0.1946,19555,1006450,60,TWSE,etf,false,true,true,false,false,false,false,false,false,security_type=etf;symbol_not_4_digit
2026-08-26,2882,國泰金,listed,104.0,106.5,102.0,102.5,-0.5,-0.4854,25034402,2601222268,10892,TWSE,etf,false,true,false,false,false,false,false,false,false,security_type=etf
2026-08-26,2882A,國泰特,listed,60.4,60.4,60.1,60.3,0.0,0.0,148090,8918810,42,TWSE,etf,false,true,true,false,false,false,false,false,false,security_type=etf;symbol_not_4_digit
2026-08-26,2882B,國泰金乙特,listed,58.8,58.9,58.4,58.9,0.0,0.0,107027,6273789,34,TWSE,etf,false,true,true,false,false,false,false,false,false,security_type=etf;symbol_not_4_digit
2026-08-26,2883,凱基金,listed,31.65,33.1,31.6,32.25,0.55,1.735,65204736,2119091067,17580,TWSE,etf,false,true,false,false,false,false,false,false,false,security_type=etf
2026-08-26,2883B,凱基金乙特,listed,8.17,8.19,8.17,8.19,0.0,0.0,1279782,10467945,130,TWSE,etf,false,true,true,false,false,false,false,false,false,security_type=etf;symbol_not_4_digit
2026-08-26,2884,玉山金,listed,38.9,39.4,38.4,38.7,-0.3,-0.7692,34333485,1326994279,19705,TWSE,common_stock,true,false,false,false,false,false,false,false,true,
2026-08-26,2885,元大金,listed,62.3,63.4,62.3,62.8,0.4,0.641,14552604,915711524,6756,TWSE,etf,false,true,false,false,false,false,false,false,false,security_type=etf
2026-08-26,2886,兆豐金,listed,46.9,47.65,46.35,46.6,-0.4,-0.8511,23809379,1110383143,11070,TWSE,etf,false,true,false,false,false,false,false,false,false,security_type=etf
2026-08-26,2887,台新新光金,listed,37.1,38.0,36.95,37.5,0.35,0.9421,48013247,1799858889,15190,TWSE,common_stock,true,false,false,false,false,false,false,false,true,
2026-08-26,2887E,台新新光戊特一,listed,48.65,48.7,48.6,48.7,0.05,0.1028,102363,4979910,94,TWSE,warrant,false,false,true,false,false,false,false,false,false,security_type=warrant;symbol_not_4_digit
2026-08-26,2887F,台新新光戊特二,listed,45.8,45.85,45.8,45.85,0.05,0.1092,20248,927411,20,TWSE,warrant,false,false,true,false,false,false,false,false,false,security_type=warrant;symbol_not_4_digit
2026-08-26,2887G,台新新光庚特一,listed,44.15,44.15,43.9,44.1,-0.05,-0.1133,66124,2911987,43,TWSE,warrant,false,false,true,false,false,false,false,false,false,security_type=warrant;symbol_not_4_digit
2026-08-26,2887H,台新新光庚特二,listed,42.1,42.1,42.0,42.05,-0.05,-0.1188,58526,2461989,35,TWSE,warrant,false,false,true,false,false,false,false,false,false,security_type=warrant;symbol_not_4_digit
2026-08-26,2887I,台新新光辛特,listed,9.53,9.53,9.51,9.52,-0.01,-0.1049,5751395,54748504,767,TWSE,warrant,false,false,true,false,false,false,false,false,false,security_type=warrant;symbol_not_4_digit
2026-08-26,2887Z1,台新新光己特,listed,19.0,19.25,19.0,19.25,0.1,0.5222,68022,1296052,24,TWSE,warrant,false,false,true,false,false,false,false,false,false,security_type=warrant;symbol_not_4_digit
2026-08-26,2889,國票金,listed,15.7,15.95,15.6,15.75,0.15,0.9615,22821932,360151111,4249,TWSE,common_stock,true,false,false,false,false,false,false,false,true,
2026-08-26,2890,永豐金,listed,39.25,39.85,39.0,39.15,-0.15,-0.3817,17073543,671384574,10921,TWSE,etf,false,true,false,false,false,false,false,false,false,security_type=etf
2026-08-26,2891,中信金,listed,64.0,65.3,63.9,64.6,0.1,0.155,28409411,1837090958,10342,TWSE,etf,false,true,false,false,false,false,false,false,false,security_type=etf
2026-08-26,2891B,中信金乙特,listed,62.2,62.4,62.1,62.4,0.1,0.1605,14821,921789,27,TWSE,etf,false,true,true,false,false,false,false,false,false,security_type=etf;symbol_not_4_digit
2026-08-26,2891C,中信金丙特,listed,61.9,61.9,61.2,61.9,0.0,0.0,3291,202887,13,TWSE,etf,false,true,true,false,false,false,false,false,false,security_type=etf;symbol_not_4_digit
2026-08-26,2892,第一金,listed,33.5,34.0,33.25,33.4,-0.4,-1.1834,38426399,1285900490,14574,TWSE,common_stock,true,false,false,false,false,false,false,false,true,
2026-08-26,2897,王道銀行,listed,10.2,10.35,10.2,10.3,0.1,0.9804,6004038,61636526,1079,TWSE,common_stock,true,false,false,false,false,false,false,false,true,
2026-08-26,2897B,王道銀乙特,listed,11.55,11.55,11.5,11.5,-0.05,-0.4329,110142,1267934,15,TWSE,warrant,false,false,true,false,false,false,false,false,false,security_type=warrant;symbol_not_4_digit
2026-08-26,2901,欣欣,listed,23.9,23.9,23.55,23.55,-0.25,-1.0504,12263,291131,48,TWSE,common_stock,true,false,false,false,false,false,false,false,true,
2026-08-26,2903,遠百,listed,22.7,22.7,22.4,22.6,-0.05,-0.2208,1487155,33450804,1735,TWSE,common_stock,true,false,false,false,false,false,false,false,true,
2026-08-26,2904,匯僑,listed,13.05,13.1,12.9,13.0,0.15,1.1673,74235,964378,61,TWSE,common_stock,true,false,false,false,false,false,false,false,true,
2026-08-26,2905,三商,listed,17.4,17.6,17.05,17.55,0.1,0.5731,1361455,23757105,723,TWSE,common_stock,true,false,false,false,false,false,false,false,true,
2026-08-26,2906,高林,listed,14.25,14.35,13.9,14.1,-0.1,-0.7042,298866,4207368,299,TWSE,common_stock,true,false,false,false,false,false,false,false,true,
2026-08-26,2908,特力,listed,21.95,22.05,21.85,22.05,0.05,0.2273,181237,3980987,122,TWSE,common_stock,true,false,false,false,false,false,false,false,true,
2026-08-26,2910,統領,listed,24.55,24.75,24.45,24.6,0.4,1.6529,14009,343767,17,TWSE,common_stock,true,false,false,false,false,false,false,false,true,
2026-08-26,2911,麗嬰房,listed,6.42,6.69,6.42,6.55,-0.01,-0.1524,105468,688895,154,TWSE,common_stock,true,false,false,false,false,false,false,false,true,
2026-08-26,2912,統一超,listed,223.5,224.0,222.0,223.0,-1.0,-0.4464,590476,131649471,2206,TWSE,etf,false,true,false,false,false,false,false,false,false,security_type=etf
2026-08-26,2913,農林,listed,11.25,11.3,11.2,11.25,0.0,0.0,812075,9140543,351,TWSE,common_stock,true,false,false,false,false,false,false,false,true,
2026-08-26,2915,潤泰全,listed,59.2,59.3,58.6,59.3,0.3,0.5085,2002537,118033362,2056,TWSE,common_stock,true,false,false,false,false,false,false,false,true,
2026-08-26,2923,鼎固-KY,listed,24.65,27.1,24.65,27.1,2.45,9.9391,245649,6495280,402,TWSE,common_stock,true,false,false,false,false,false,false,false,true,
2026-08-26,2929,淘帝-KY,listed,5.59,5.69,5.59,5.61,-0.07,-1.2324,118302,666807,96,TWSE,common_stock,true,false,false,false,false,false,false,false,true,
2026-08-26,2939,永邑-KY,listed,19.35,19.7,19.35,19.55,-0.2,-1.0127,4200,82107,9,TWSE,common_stock,true,false,false,false,false,false,false,false,true,
2026-08-26,2945,三商家購,listed,40.25,40.45,39.85,40.1,0.15,0.3755,6344,254343,14,TWSE,warrant,false,false,true,false,false,false,false,false,false,security_type=warrant
2026-08-26,3002,歐格,listed,17.0,17.25,17.0,17.1,0.1,0.5882,63082,1079810,57,TWSE,common_stock,true,false,false,false,false,false,false,false,true,
2026-08-26,3003,健和興,listed,64.6,65.8,64.6,65.1,-0.2,-0.3063,419491,27365411,426,TWSE,common_stock,true,false,false,false,false,false,false,false,true,
2026-08-26,3004,豐達科,listed,120.0,120.0,118.0,119.5,1.0,0.8439,211402,25129947,267,TWSE,common_stock,true,false,false,false,false,false,false,false,true,
2026-08-26,3005,神基,listed,115.5,116.5,115.0,116.0,1.0,0.8696,1699532,197021572,1369,TWSE,common_stock,true,false,false,false,false,false,false,false,true,
2026-08-26,3006,晶豪科,listed,270.0,273.5,265.0,273.5,3.5,1.2963,12165843,3288478739,11675,TWSE,common_stock,true,false,false,false,false,false,false,false,true,
2026-08-26,3008,大立光,listed,5920.0,6290.0,5875.0,6290.0,570.0,9.965,2001695,12376773295,15137,TWSE,common_stock,true,false,false,false,false,false,false,false,true,
2026-08-26,3010,華立,listed,129.0,130.0,127.5,129.5,-0.5,-0.3846,494297,63667065,735,TWSE,common_stock,true,false,false,false,false,false,false,false,true,
2026-08-26,3011,今皓,listed,10.7,10.8,10.45,10.6,0.05,0.4739,334995,3547012,210,TWSE,common_stock,true,false,false,false,false,false,false,false,true,
2026-08-26,3013,晟銘電,listed,85.1,87.5,85.1,87.2,2.1,2.4677,799524,69352672,1033,TWSE,common_stock,true,false,false,false,false,false,false,false,true,
2026-08-26,3014,聯陽,listed,131.5,132.5,130.5,132.5,2.0,1.5326,645402,85107597,770,TWSE,common_stock,true,false,false,false,false,false,false,false,true,
2026-08-26,3015,全漢,listed,53.0,53.9,53.0,53.7,0.7,1.3208,281396,15087860,282,TWSE,common_stock,true,false,false,false,false,false,false,false,true,
2026-08-26,3016,嘉晶,listed,97.6,105.0,97.1,102.0,5.2,5.3719,5178243,531278114,3965,TWSE,common_stock,true,false,false,false,false,false,false,false,true,
2026-08-26,3017,奇鋐,listed,2880.0,3155.0,2850.0,3155.0,205.0,6.9492,5242984,15993879540,19337,TWSE,common_stock,true,false,false,false,false,false,false,false,true,
2026-08-26,3018,隆銘綠能,listed,12.85,13.15,12.7,12.9,0.05,0.3891,24824,319746,48,TWSE,common_stock,true,false,false,false,false,false,false,false,true,
2026-08-26,3019,亞光,listed,133.0,137.5,132.5,136.0,3.0,2.2556,2844962,387507520,2556,TWSE,common_stock,true,false,false,false,false,false,false,false,true,
2026-08-26,3021,鴻名,listed,20.05,20.7,19.85,20.3,0.3,1.5,202435,4090740,127,TWSE,common_stock,true,false,false,false,false,false,false,false,true,
2026-08-26,3022,威強電,listed,93.4,93.9,92.0,92.5,-0.5,-0.5376,1301838,120910898,1217,TWSE,common_stock,true,false,false,false,false,false,false,false,true,
2026-08-26,3023,信邦,listed,318.5,321.5,312.5,314.5,-6.0,-1.8721,451912,142845278,15162,TWSE,common_stock,true,false,false,false,false,false,false,false,true,
2026-08-26,3024,憶聲,listed,14.5,14.9,14.5,14.65,0.15,1.0345,1828208,26844658,814,TWSE,common_stock,true,false,false,false,false,false,false,false,true,
2026-08-26,3025,星通,listed,55.7,57.2,55.7,57.2,1.5,2.693,318979,18067881,316,TWSE,common_stock,true,false,false,false,false,false,false,false,true,
2026-08-26,3026,禾伸堂,listed,627.0,630.0,591.0,614.0,-14.0,-2.2293,8416228,5143378351,12674,TWSE,common_stock,true,false,false,false,false,false,false,false,true,
2026-08-26,3027,盛達,listed,18.1,18.35,18.0,18.3,0.4,2.2346,161848,2954027,131,TWSE,common_stock,true,false,false,false,false,false,false,false,true,
2026-08-26,3028,增你強,listed,66.2,66.8,65.9,66.3,0.3,0.4545,352703,23400510,381,TWSE,common_stock,true,false,false,false,false,false,false,false,true,
2026-08-26,3029,零壹,listed,110.5,111.5,109.5,110.0,-0.5,-0.4525,621841,68538299,667,TWSE,common_stock,true,false,false,false,false,false,false,false,true,
2026-08-26,3030,德律,listed,285.0,290.5,282.0,288.5,6.0,2.1239,512442,147317478,1674,TWSE,common_stock,true,false,false,false,false,false,false,false,true,
2026-08-26,3031,佰鴻,listed,24.2,25.45,24.2,24.8,0.6,2.4793,2076103,52065397,1360,TWSE,common_stock,true,false,false,false,false,false,false,false,true,
2026-08-26,3032,偉訓,listed,79.2,80.5,78.9,79.7,0.1,0.1256,214713,17108515,475,TWSE,common_stock,true,false,false,false,false,false,false,false,true,
2026-08-26,3033,威健,listed,46.1,46.15,45.3,45.4,-0.55,-1.197,4060919,184996386,3312,TWSE,common_stock,true,false,false,false,false,false,false,false,true,
2026-08-26,3034,聯詠,listed,556.0,567.0,550.0,557.0,2.0,0.3604,4833293,2692433675,5812,TWSE,common_stock,true,false,false,false,false,false,false,false,true,
2026-08-26,3035,智原,listed,172.5,183.0,171.5,180.5,8.5,4.9419,3542363,632120605,4059,TWSE,common_stock,true,false,false,false,false,false,false,false,true,
2026-08-26,3036,文曄,listed,200.0,200.5,196.0,196.5,-2.0,-1.0076,7267853,1433041537,8326,TWSE,common_stock,true,false,false,false,false,false,false,false,true,
2026-08-26,3037,欣興,listed,1090.0,1180.0,1080.0,1160.0,65.0,5.9361,22926945,25982191035,40434,TWSE,common_stock,true,false,false,false,false,false,false,false,true,
2026-08-26,3038,全台,listed,20.45,20.5,20.3,20.35,-0.1,-0.489,117351,2392251,133,TWSE,common_stock,true,false,false,false,false,false,false,false,true,
2026-08-26,3040,遠見,listed,37.25,38.3,37.25,38.05,0.1,0.2635,93554,3543286,183,TWSE,common_stock,true,false,false,false,false,false,false,false,true,
2026-08-26,3041,揚智,listed,22.45,23.1,22.4,23.0,0.75,3.3708,772975,17659691,588,TWSE,common_stock,true,false,false,false,false,false,false,false,true,
2026-08-26,3042,晶技,listed,180.5,188.5,180.0,185.5,0.5,0.2703,12500262,2299268847,10898,TWSE,common_stock,true,false,false,false,false,false,false,false,true,
2026-08-26,3043,科風,listed,21.0,22.45,21.0,21.9,0.75,3.5461,235862,5167766,229,TWSE,common_stock,true,false,false,false,false,false,false,false,true,
2026-08-26,3044,健鼎,listed,458.0,489.0,458.0,481.0,18.0,3.8877,2900758,1386021879,4386,TWSE,common_stock,true,false,false,false,false,false,false,false,true,
2026-08-26,3045,台灣大,listed,115.0,115.5,114.5,115.5,0.0,0.0,9525190,1095928071,2907,TWSE,common_stock,true,false,false,false,false,false,false,false,true,
2026-08-26,3046,建碁,listed,57.5,57.5,56.7,57.5,0.3,0.5245,195673,11180168,238,TWSE,common_stock,true,false,false,false,false,false,false,false,true,
2026-08-26,3047,訊舟,listed,13.85,13.95,13.75,13.85,0.1,0.7273,451897,6255833,275,TWSE,common_stock,true,false,false,false,false,false,false,false,true,
2026-08-26,3048,益登,listed,55.8,56.6,55.5,56.2,0.6,1.0791,1068627,59969993,1118,TWSE,common_stock,true,false,false,false,false,false,false,false,true,
2026-08-26,3049,精金,listed,13.35,13.75,13.2,13.35,-0.15,-1.1111,22879098,307794508,9987,TWSE,common_stock,true,false,false,false,false,false,false,false,true,
2026-08-26,3050,鈺德,listed,11.7,11.75,11.6,11.75,0.05,0.4274,344781,4028505,213,TWSE,common_stock,true,false,false,false,false,false,false,false,true,
2026-08-26,3051,力特,listed,23.1,23.5,23.05,23.45,0.5,2.1786,498366,11603463,374,TWSE,common_stock,true,false,false,false,false,false,false,false,true,
2026-08-26,3052,夆典,listed,11.3,11.3,11.2,11.25,0.05,0.4464,326514,3671386,190,TWSE,common_stock,true,false,false,false,false,false,false,false,true,
2026-08-26,3054,立萬利,listed,52.9,54.9,51.5,54.5,3.1,6.0311,135673,7305263,139,TWSE,common_stock,true,false,false,false,false,false,false,false,true,
2026-08-26,3055,蔚華科,listed,118.5,127.0,115.5,127.0,11.5,9.9567,1745493,216024243,1796,TWSE,common_stock,true,false,false,false,false,false,false,false,true,
2026-08-26,3056,富華新,listed,14.15,14.2,14.0,14.2,0.05,0.3534,328915,4658202,301,TWSE,common_stock,true,false,false,false,false,false,false,false,true,
2026-08-26,3057,喬鼎,listed,16.7,16.9,16.55,16.85,-0.15,-0.8824,60464,1012453,98,TWSE,common_stock,true,false,false,false,false,false,false,false,true,
2026-08-26,3058,立德,listed,8.08,8.23,8.08,8.14,0.06,0.7426,355571,2892414,184,TWSE,common_stock,true,false,false,false,false,false,false,false,true,
2026-08-26,3059,華晶科,listed,39.1,40.1,39.05,39.7,0.65,1.6645,1543627,61379520,1094,TWSE,common_stock,true,false,false,false,false,false,false,false,true,
2026-08-26,3060,銘異,listed,27.3,27.55,27.15,27.35,0.2,0.7366,660561,18066399,489,TWSE,common_stock,true,false,false,false,false,false,false,false,true,
2026-08-26,3062,建漢,listed,20.65,20.95,20.65,20.85,0.2,0.9685,551460,11470459,431,TWSE,common_stock,true,false,false,false,false,false,false,false,true,
2026-08-26,3090,日電貿,listed,166.0,167.0,162.0,165.5,-0.5,-0.3012,3412028,563345715,4291,TWSE,common_stock,true,false,false,false,false,false,false,false,true,
2026-08-26,3092,鴻碩,listed,24.2,24.7,24.0,24.65,0.45,1.8595,132015,3211658,142,TWSE,common_stock,true,false,false,false,false,false,false,false,true,
2026-08-26,3094,聯傑,listed,38.35,39.0,37.65,38.15,-0.2,-0.5215,2174601,83048698,2171,TWSE,common_stock,true,false,false,false,false,false,false,false,true,
2026-08-26,3130,一零四,listed,212.0,212.0,210.5,212.0,0.0,0.0,46771,9890464,181,TWSE,common_stock,true,false,false,false,false,false,false,false,true,
2026-08-26,3135,凌航,listed,185.0,187.5,183.0,185.5,5.5,3.0556,5984570,1107382660,5932,TWSE,common_stock,true,false,false,false,false,false,false,false,true,
2026-08-26,3138,耀登,listed,95.0,96.9,93.7,96.8,2.3,2.4339,128608,12295400,189,TWSE,common_stock,true,false,false,false,false,false,false,false,true,
2026-08-26,3149,正達,listed,64.6,68.9,64.6,68.0,3.6,5.5901,9751405,656479483,9119,TWSE,common_stock,true,false,false,false,false,false,false,false,true,
2026-08-26,3150,鈺寶-創,listed,17.1,17.2,17.1,17.2,0.3,1.7751,7001,119965,7,TWSE,common_stock,true,false,false,false,false,false,false,false,true,
2026-08-26,3164,景岳,listed,15.8,16.35,15.8,16.1,0.25,1.5773,31412,504245,54,TWSE,common_stock,true,false,false,false,false,false,false,false,true,
2026-08-26,3167,大量,listed,671.0,723.0,670.0,716.0,42.0,6.2315,4154654,2905198803,6605,TWSE,common_stock,true,false,false,false,false,false,false,false,true,
2026-08-26,3168,眾福科,listed,42.0,42.3,41.9,42.1,0.1,0.2381,15100,633900,18,TWSE,common_stock,true,false,false,false,false,false,false,false,true,
2026-08-26,3189,景碩,listed,820.0,881.0,812.0,881.0,46.0,5.509,23277987,19562894456,33111,TWSE,common_stock,true,false,false,false,false,false,false,false,true,
2026-08-26,3209,全科,listed,52.0,52.3,51.5,51.8,-0.2,-0.3846,1998453,103481139,1236,TWSE,common_stock,true,false,false,false,false,false,false,false,true,
2026-08-26,3229,晟鈦,listed,57.8,62.5,57.5,58.1,0.7,1.2195,5671791,339622345,3705,TWSE,common_stock,true,false,false,false,false,false,false,false,true,
2026-08-26,3231,緯創,listed,177.0,182.0,176.0,182.0,3.5,1.9608,21024695,3786187071,17112,TWSE,common_stock,true,false,false,false,false,false,false,false,true,
2026-08-26,3257,虹冠電,listed,49.05,50.4,49.05,50.2,1.35,2.7636,226838,11334786,177,TWSE,common_stock,true,false,false,false,false,false,false,false,true,
2026-08-26,3266,昇陽,listed,13.95,14.15,13.95,14.15,0.15,1.0714,51580,724850,47,TWSE,common_stock,true,false,false,false,false,false,false,false,true,
2026-08-26,3296,勝德,listed,24.1,24.3,24.0,24.3,0.3,1.25,8898,214951,35,TWSE,common_stock,true,false,false,false,false,false,false,false,true,
2026-08-26,3305,昇貿,listed,107.5,109.5,107.0,108.0,1.0,0.9346,877654,94922388,964,TWSE,common_stock,true,false,false,false,false,false,false,false,true,
2026-08-26,3308,聯德,listed,22.2,23.5,22.2,22.95,0.9,4.0816,1492648,33975352,1229,TWSE,common_stock,true,false,false,false,false,false,false,false,true,
2026-08-26,3311,閎暉,listed,32.1,32.9,32.1,32.8,0.75,2.3401,152562,4973984,141,TWSE,common_stock,true,false,false,false,false,false,false,false,true,
2026-08-26,3312,弘憶股,listed,52.3,52.3,51.4,51.8,0.3,0.5825,514847,26692244,590,TWSE,common_stock,true,false,false,false,false,false,false,false,true,
2026-08-26,3321,同泰,listed,18.1,18.5,18.1,18.45,0.35,1.9337,142393,2615934,139,TWSE,common_stock,true,false,false,false,false,false,false,false,true,
2026-08-26,3338,泰碩,listed,61.0,62.3,60.8,62.3,2.1,3.4884,225381,13934450,241,TWSE,common_stock,true,false,false,false,false,false,false,false,true,
2026-08-26,3346,麗清,listed,20.4,21.25,20.1,20.6,0.3,1.4778,306700,6364430,290,TWSE,common_stock,true,false,false,false,false,false,false,false,true,
2026-08-26,3356,奇偶,listed,61.9,62.3,61.5,62.0,0.1,0.1616,288611,17872243,693,TWSE,common_stock,true,false,false,false,false,false,false,false,true,
2026-08-26,3376,新日興,listed,188.5,194.5,188.5,194.0,5.0,2.6455,2811965,541429532,3510,TWSE,common_stock,true,false,false,false,false,false,false,false,true,
2026-08-26,3380,明泰,listed,27.3,27.9,27.3,27.75,0.5,1.8349,757937,20980322,580,TWSE,common_stock,true,false,false,false,false,false,false,false,true,
2026-08-26,3406,玉晶光,listed,690.0,759.0,690.0,759.0,69.0,10.0,9354491,6916114156,14256,TWSE,common_stock,true,false,false,false,false,false,false,false,true,
2026-08-26,3413,京鼎,listed,285.5,288.5,285.0,287.5,2.0,0.7005,468604,134490777,943,TWSE,common_stock,true,false,false,false,false,false,false,false,true,
2026-08-26,3416,融程電,listed,176.5,181.5,175.0,180.5,5.5,3.1429,177588,31789716,267,TWSE,common_stock,true,false,false,false,false,false,false,false,true,
2026-08-26,3419,譁裕,listed,11.95,12.25,11.75,11.95,0.0,0.0,166849,1994092,131,TWSE,common_stock,true,false,false,false,false,false,false,false,true,
2026-08-26,3432,台端,listed,15.0,15.0,14.5,14.5,0.05,0.346,18255,268324,21,TWSE,common_stock,true,false,false,false,false,false,false,false,true,
2026-08-26,3437,榮創,listed,17.75,19.15,17.75,18.35,0.45,2.514,1256438,23429776,976,TWSE,common_stock,true,false,false,false,false,false,false,false,true,
2026-08-26,3443,創意,listed,5640.0,6125.0,5570.0,6125.0,555.0,9.9641,2298730,13695514970,15838,TWSE,common_stock,true,false,false,false,false,false,false,false,true,
2026-08-26,3447,展達,listed,26.85,27.65,26.85,27.45,0.5,1.8553,49425,1356480,51,TWSE,common_stock,true,false,false,false,false,false,false,false,true,
2026-08-26,3450,聯鈞,listed,528.0,584.0,527.0,574.0,41.0,7.6923,17184221,9675927064,22195,TWSE,common_stock,true,false,false,false,false,false,false,false,true,
2026-08-26,3481,群創,listed,46.8,47.1,46.4,46.4,-0.4,-0.8547,116092014,5425659702,59441,TWSE,common_stock,true,false,false,false,false,false,false,false,true,
2026-08-26,3494,誠研,listed,7.14,7.14,7.07,7.1,0.01,0.141,58829,417616,82,TWSE,common_stock,true,false,false,false,false,false,false,false,true,
2026-08-26,3501,維熹,listed,40.45,40.5,40.05,40.3,0.2,0.4988,104765,4215076,207,TWSE,common_stock,true,false,false,false,false,false,false,false,true,
2026-08-26,3504,揚明光,listed,81.0,87.0,81.0,85.6,4.9,6.0719,7041794,600474511,6183,TWSE,common_stock,true,false,false,false,false,false,false,false,true,
2026-08-26,3515,華擎,listed,222.0,222.0,218.0,219.0,-2.0,-0.905,205659,45135400,436,TWSE,common_stock,true,false,false,false,false,false,false,false,true,
2026-08-26,3518,柏騰,listed,27.5,27.8,27.25,27.7,0.35,1.2797,101630,2809096,108,TWSE,common_stock,true,false,false,false,false,false,false,false,true,
2026-08-26,3528,安馳,listed,83.1,84.2,83.1,83.4,0.0,0.0,155617,13012244,338,TWSE,common_stock,true,false,false,false,false,false,false,false,true,
2026-08-26,3530,晶相光,listed,61.2,63.8,60.8,61.3,1.9,3.1987,908627,56526103,925,TWSE,common_stock,true,false,false,false,false,false,false,false,true,
2026-08-26,3532,台勝科,listed,378.0,386.0,370.5,382.0,4.0,1.0582,9820232,3727896939,10664,TWSE,common_stock,true,false,false,false,false,false,false,false,true,
2026-08-26,3533,嘉澤,listed,1620.0,1635.0,1610.0,1625.0,20.0,1.2461,1297643,2101317105,3413,TWSE,common_stock,true,false,false,false,false,false,false,false,true,
2026-08-26,3535,晶彩科,listed,86.1,89.9,86.0,88.3,2.8,3.2749,533898,47323797,744,TWSE,common_stock,true,false,false,false,false,false,false,false,true,
2026-08-26,3543,州巧,listed,40.95,45.1,40.95,45.1,4.1,10.0,6967542,311661836,4242,TWSE,common_stock,true,false,false,false,false,false,false,false,true,
2026-08-26,3545,敦泰,listed,51.5,51.5,50.0,50.0,0.05,0.1001,540413,27348756,461,TWSE,common_stock,true,false,false,false,false,false,false,false,true,
2026-08-26,3550,聯穎,listed,23.7,24.5,23.45,23.75,0.45,1.9313,1840694,44004480,1233,TWSE,common_stock,true,false,false,false,false,false,false,false,true,
2026-08-26,3557,嘉威,listed,24.3,24.65,24.3,24.65,0.35,1.4403,10936,267987,39,TWSE,common_stock,true,false,false,false,false,false,false,false,true,
2026-08-26,3563,牧德,listed,664.0,686.0,660.0,685.0,29.0,4.4207,358657,243617060,883,TWSE,common_stock,true,false,false,false,false,false,false,false,true,
2026-08-26,3576,聯合再生,listed,17.35,17.5,17.05,17.05,-0.05,-0.2924,7360775,126666910,3233,TWSE,common_stock,true,false,false,false,false,false,false,false,true,
2026-08-26,3583,辛耘,listed,697.0,750.0,695.0,741.0,48.0,6.9264,1177440,858692221,2708,TWSE,common_stock,true,false,false,false,false,false,false,false,true,
2026-08-26,3588,通嘉,listed,52.1,54.3,52.1,53.6,2.0,3.876,192958,10277862,227,TWSE,common_stock,true,false,false,false,false,false,false,false,true,
2026-08-26,3591,艾笛森,listed,21.85,22.85,21.85,22.2,0.4,1.8349,1034759,23171253,922,TWSE,common_stock,true,false,false,false,false,false,false,false,true,
2026-08-26,3592,瑞鼎,listed,227.0,228.5,225.5,227.0,1.5,0.6652,138418,31476572,285,TWSE,common_stock,true,false,false,false,false,false,false,false,true,
2026-08-26,3593,力銘,listed,10.95,11.0,10.8,11.0,0.05,0.4566,21029,228166,23,TWSE,common_stock,true,false,false,false,false,false,false,false,true,
2026-08-26,3596,智易,listed,161.0,161.0,158.0,159.5,0.0,0.0,1396950,222842766,1429,TWSE,common_stock,true,false,false,false,false,false,false,false,true,
2026-08-26,3605,宏致,listed,114.5,115.0,111.0,112.0,-4.5,-3.8627,8401678,945424749,7341,TWSE,common_stock,true,false,false,false,false,false,false,false,true,
2026-08-26,3607,谷崧,listed,14.05,14.3,13.95,14.15,0.15,1.0714,229037,3251144,137,TWSE,common_stock,true,false,false,false,false,false,false,false,true,
2026-08-26,3617,碩天,listed,249.0,252.5,246.0,251.5,4.0,1.6162,402452,100460545,545,TWSE,common_stock,true,false,false,false,false,false,false,false,true,
2026-08-26,3622,洋華,listed,54.0,54.0,52.9,53.1,-0.4,-0.7477,649097,34563795,613,TWSE,common_stock,true,false,false,false,false,false,false,false,true,
2026-08-26,3645,達邁,listed,64.2,67.2,64.2,66.5,2.4,3.7441,1108046,73414017,1213,TWSE,common_stock,true,false,false,false,false,false,false,false,true,
2026-08-26,3652,精聯,listed,33.0,33.8,33.0,33.8,0.9,2.7356,85140,2853507,91,TWSE,common_stock,true,false,false,false,false,false,false,false,true,
2026-08-26,3653,健策,listed,5155.0,5725.0,5140.0,5725.0,520.0,9.9904,1732681,9655762375,10534,TWSE,common_stock,true,false,false,false,false,false,false,false,true,
2026-08-26,3661,世芯-KY,listed,3855.0,4045.0,3830.0,3960.0,95.0,2.458,2375440,9435379130,12273,TWSE,common_stock,true,false,false,false,false,false,false,false,true,
2026-08-26,3665,貿聯-KY,listed,2035.0,2055.0,1930.0,2005.0,-70.0,-3.3735,4874749,9697668925,20392,TWSE,common_stock,true,false,false,false,false,false,false,false,true,
2026-08-26,3669,圓展,listed,36.6,36.7,36.1,36.3,0.2,0.554,239126,8698409,200,TWSE,common_stock,true,false,false,false,false,false,false,false,true,
2026-08-26,3673,TPK-KY,listed,66.1,69.0,65.8,68.1,2.1,3.1818,9758874,662248510,6919,TWSE,common_stock,true,false,false,false,false,false,false,false,true,
2026-08-26,3679,新至陞,listed,110.0,110.0,109.0,109.0,-0.5,-0.4566,9198,1007217,15,TWSE,common_stock,true,false,false,false,false,false,false,false,true,
2026-08-26,3686,達能,listed,14.25,14.6,14.25,14.45,0.1,0.6969,36021,519896,83,TWSE,common_stock,true,false,false,false,false,false,false,false,true,
2026-08-26,3694,海華,listed,51.4,51.9,50.8,51.5,1.2,2.3857,618460,31819933,521,TWSE,common_stock,true,false,false,false,false,false,false,false,true,
2026-08-26,3701,大眾控,listed,40.1,41.85,40.1,41.45,0.7,1.7178,566443,23432513,499,TWSE,common_stock,true,false,false,false,false,false,false,false,true,
2026-08-26,3702,大聯大,listed,109.5,110.0,107.0,108.0,-2.0,-1.8182,11908338,1286443481,6744,TWSE,common_stock,true,false,false,false,false,false,false,false,true,
2026-08-26,3703,欣陸,listed,19.65,19.75,19.5,19.65,0.0,0.0,1047003,20555925,600,TWSE,common_stock,true,false,false,false,false,false,false,false,true,
2026-08-26,3704,合勤控,listed,41.75,42.4,41.5,42.0,0.6,1.4493,1191750,50042682,945,TWSE,common_stock,true,false,false,false,false,false,false,false,true,
2026-08-26,3705,永信,listed,55.6,55.8,55.0,55.8,0.2,0.3597,116029,6444359,101,TWSE,common_stock,true,false,false,false,false,false,false,false,true,
2026-08-26,3706,神達,listed,91.4,91.7,90.9,91.5,0.1,0.1094,4605668,420565142,3905,TWSE,common_stock,true,false,false,false,false,false,false,false,true,
2026-08-26,3708,上緯投控,listed,101.5,103.0,101.5,102.5,1.0,0.9852,322412,32926232,286,TWSE,common_stock,true,false,false,false,false,false,false,false,true,
2026-08-26,3711,日月光投控,listed,580.0,593.0,575.0,592.0,1.0,0.1692,12219806,7162079679,20949,TWSE,common_stock,true,false,false,false,false,false,false,false,true,
2026-08-26,3712,永崴投控,listed,20.8,21.2,20.75,21.2,0.4,1.9231,2119365,44376328,941,TWSE,common_stock,true,false,false,false,false,false,false,false,true,
2026-08-26,3714,富采,listed,61.3,64.2,60.7,62.7,3.1,5.2013,27039043,1694317798,18683,TWSE,common_stock,true,false,false,false,false,false,false,false,true,
2026-08-26,3715,定穎投控,listed,110.0,115.0,108.5,114.0,4.5,4.1096,3086079,347618057,3185,TWSE,common_stock,true,false,false,false,false,false,false,false,true,
2026-08-26,3716,中化控股,listed,35.6,35.95,35.4,35.8,0.15,0.4208,292905,10457512,522,TWSE,common_stock,true,false,false,false,false,false,false,false,true,
2026-08-26,3717,聯嘉投控,listed,22.7,23.1,22.7,22.85,0.1,0.4396,945677,21621180,539,TWSE,common_stock,true,false,false,false,false,false,false,false,true,
2026-08-26,4104,佳醫,listed,71.7,71.7,71.2,71.5,0.0,0.0,85182,6077380,762,TWSE,common_stock,true,false,false,false,false,false,false,false,true,
2026-08-26,4106,雃博,listed,24.55,24.85,24.4,24.85,0.3,1.222,102581,2524542,83,TWSE,common_stock,true,false,false,false,false,false,false,false,true,
2026-08-26,4108,懷特,listed,11.1,11.4,11.1,11.35,0.25,2.2523,192532,2170200,148,TWSE,common_stock,true,false,false,false,false,false,false,false,true,
2026-08-26,4119,旭富,listed,52.1,52.3,51.6,52.2,0.4,0.7722,70744,3681754,80,TWSE,common_stock,true,false,false,false,false,false,false,false,true,
2026-08-26,4133,亞諾法,listed,20.75,20.85,20.55,20.8,0.05,0.241,59299,1228919,109,TWSE,common_stock,true,false,false,false,false,false,false,false,true,
2026-08-26,4137,麗豐-KY,listed,87.7,87.8,87.0,87.2,-0.2,-0.2288,252120,22031207,311,TWSE,common_stock,true,false,false,false,false,false,false,false,true,
2026-08-26,4142,國光生,listed,17.7,18.3,17.7,18.0,0.3,1.6949,2011846,36459939,883,TWSE,common_stock,true,false,false,false,false,false,false,false,true,
2026-08-26,4148,全宇生技-KY,listed,31.9,32.9,31.8,32.9,1.3,4.1139,50160,1629690,44,TWSE,common_stock,true,false,false,false,false,false,false,false,true,
2026-08-26,4155,訊映,listed,14.5,14.6,14.4,14.55,0.05,0.3448,129809,1882891,126,TWSE,common_stock,true,false,false,false,false,false,false,false,true,
2026-08-26,4164,承業醫,listed,26.35,26.55,26.2,26.55,0.35,1.3359,246135,6497440,189,TWSE,common_stock,true,false,false,false,false,false,false,false,true,
2026-08-26,4169,泰宗,listed,156.5,158.5,156.0,156.0,0.0,0.0,73077,11477025,208,TWSE,common_stock,true,false,false,false,false,false,false,false,true,
2026-08-26,4178,永笙-KY,listed,17.2,17.65,17.15,17.45,0.2,1.1594,77244,1343809,63,TWSE,common_stock,true,false,false,false,false,false,false,false,true,
2026-08-26,4190,佐登-KY,listed,25.45,25.95,25.4,25.95,0.7,2.7723,14530,374004,22,TWSE,common_stock,true,false,false,false,false,false,false,false,true,
2026-08-26,4195,基米-創,listed,14.2,14.5,14.2,14.4,0.2,1.4085,50370,722632,58,TWSE,common_stock,true,false,false,false,false,false,false,false,true,
2026-08-26,4306,炎洲,listed,15.15,15.15,15.0,15.1,-0.05,-0.33,827732,12472044,606,TWSE,common_stock,true,false,false,false,false,false,false,false,true,
2026-08-26,4414,如興,listed,8.49,8.49,8.35,8.42,0.0,0.0,167789,1412314,117,TWSE,common_stock,true,false,false,false,false,false,false,false,true,
2026-08-26,4426,利勤,listed,7.65,7.79,7.62,7.75,0.05,0.6494,60328,464539,55,TWSE,common_stock,true,false,false,false,false,false,false,false,true,
2026-08-26,4438,廣越,listed,60.3,60.9,60.2,60.5,0.2,0.3317,76588,4628521,85,TWSE,common_stock,true,false,false,false,false,false,false,false,true,
2026-08-26,4439,冠星-KY,listed,96.0,97.4,96.0,97.4,1.4,1.4583,5756,557283,24,TWSE,common_stock,true,false,false,false,false,false,false,false,true,
2026-08-26,4440,宜新實業,listed,17.6,17.7,17.6,17.65,0.1,0.5698,33561,592702,25,TWSE,common_stock,true,false,false,false,false,false,false,false,true,
2026-08-26,4441,振大環球,listed,176.5,177.0,175.5,176.5,0.5,0.2841,58304,10263910,76,TWSE,common_stock,true,false,false,false,false,false,false,false,true,
2026-08-26,4526,東台,listed,29.75,30.6,29.6,30.6,1.1,3.7288,1248058,37684757,852,TWSE,common_stock,true,false,false,false,false,false,false,false,true,
2026-08-26,4532,瑞智,listed,24.0,24.2,23.95,24.15,0.15,0.625,476415,11460691,342,TWSE,common_stock,true,false,false,false,false,false,false,false,true,
2026-08-26,4536,拓凱,listed,169.5,171.0,169.0,169.5,0.0,0.0,115589,19626038,134,TWSE,common_stock,true,false,false,false,false,false,false,false,true,
2026-08-26,4540,全球傳動,listed,56.8,57.7,56.2,57.3,1.1,1.9573,800682,45617530,903,TWSE,common_stock,true,false,false,false,false,false,false,false,true,
2026-08-26,4545,銘鈺,listed,31.95,32.25,31.85,32.1,0.1,0.3125,49009,1568000,45,TWSE,common_stock,true,false,false,false,false,false,false,false,true,
2026-08-26,4551,智伸科,listed,155.0,162.0,154.5,160.0,5.0,3.2258,512821,81292205,595,TWSE,common_stock,true,false,false,false,false,false,false,false,true,
2026-08-26,4552,力達-KY,listed,17.0,17.1,16.9,17.1,0.05,0.2933,112235,1910750,66,TWSE,common_stock,true,false,false,false,false,false,false,false,true,
2026-08-26,4555,氣立,listed,45.3,46.9,45.3,46.1,0.8,1.766,91311,4209092,97,TWSE,common_stock,true,false,false,false,false,false,false,false,true,
2026-08-26,4557,永新-KY,listed,53.6,53.6,52.4,52.8,0.2,0.3802,27092,1430608,31,TWSE,common_stock,true,false,false,false,false,false,false,false,true,
2026-08-26,4560,強信-KY,listed,32.45,32.5,30.5,31.05,-2.4,-7.1749,1158723,36320258,700,TWSE,common_stock,true,false,false,false,false,false,false,false,true,
2026-08-26,4562,穎漢,listed,31.7,31.7,31.05,31.55,0.55,1.7742,92722,2906052,99,TWSE,common_stock,true,false,false,false,false,false,false,false,true,
2026-08-26,4564,元翎,listed,16.95,17.25,16.85,17.2,0.35,2.0772,639859,10924846,426,TWSE,common_stock,true,false,false,false,false,false,false,false,true,
2026-08-26,4566,時碩工業,listed,65.6,67.9,65.6,66.8,1.7,2.6114,1523623,101650621,1363,TWSE,common_stock,true,false,false,false,false,false,false,false,true,
2026-08-26,4569,六方科-KY,listed,166.5,174.0,164.5,168.5,3.5,2.1212,87128,14619867,138,TWSE,common_stock,true,false,false,false,false,false,false,false,true,
2026-08-26,4571,鈞興-KY,listed,157.0,158.5,156.5,158.5,2.0,1.278,82612,13040609,257,TWSE,common_stock,true,false,false,false,false,false,false,false,true,
2026-08-26,4572,駐龍,listed,140.5,140.5,138.5,140.0,1.0,0.7194,11060,1546910,18,TWSE,common_stock,true,false,false,false,false,false,false,false,true,
2026-08-26,4576,大銀微系統,listed,199.0,204.0,195.5,203.0,6.0,3.0457,1034928,206641983,1214,TWSE,common_stock,true,false,false,false,false,false,false,false,true,
2026-08-26,4581,光隆精密-KY,listed,48.0,48.65,48.0,48.55,0.35,0.7261,4120,198954,6,TWSE,common_stock,true,false,false,false,false,false,false,false,true,
2026-08-26,4582,聚恆-創,listed,22.8,23.4,22.8,23.2,0.0,0.0,112658,2610037,87,TWSE,common_stock,true,false,false,false,false,false,false,false,true,
2026-08-26,4583,台灣精銳,listed,458.0,469.0,458.0,463.0,5.0,1.0917,51300,23785317,211,TWSE,common_stock,true,false,false,false,false,false,false,false,true,
2026-08-26,4585,達明,listed,299.0,302.0,297.5,301.0,1.0,0.3333,169325,50852019,307,TWSE,common_stock,true,false,false,false,false,false,false,false,true,
2026-08-26,4588,玖鼎電力,listed,52.0,52.5,51.8,52.3,0.3,0.5769,22072,1150976,21,TWSE,common_stock,true,false,false,false,false,false,false,false,true,
2026-08-26,4590,富田-創,listed,85.2,88.4,85.2,87.6,2.9,3.4238,236745,20632710,286,TWSE,common_stock,true,false,false,false,false,false,false,false,true,
2026-08-26,4720,德淵,listed,17.9,18.25,17.9,18.25,0.5,2.8169,574121,10378371,308,TWSE,common_stock,true,false,false,false,false,false,false,false,true,
2026-08-26,4722,國精化,listed,207.5,218.0,205.5,211.0,6.0,2.9268,797526,168826368,956,TWSE,common_stock,true,false,false,false,false,false,false,false,true,
2026-08-26,4736,泰博,listed,137.0,139.0,137.0,139.0,2.0,1.4599,708438,97882168,799,TWSE,common_stock,true,false,false,false,false,false,false,false,true,
2026-08-26,4737,華廣,listed,56.9,57.7,56.9,57.6,0.7,1.2302,43792,2510221,55,TWSE,common_stock,true,false,false,false,false,false,false,false,true,
2026-08-26,4739,康普,listed,84.4,90.4,83.6,88.8,5.5,6.6026,2442470,214460176,2220,TWSE,common_stock,true,false,false,false,false,false,false,false,true,
2026-08-26,4746,台耀,listed,49.5,49.55,49.1,49.35,0.3,0.6116,889713,41235924,417,TWSE,common_stock,true,false,false,false,false,false,false,false,true,
2026-08-26,4755,三福化,listed,116.0,118.5,114.0,118.0,3.0,2.6087,356667,41508361,282,TWSE,common_stock,true,false,false,false,false,false,false,false,true,
2026-08-26,4763,材料*-KY,listed,44.95,47.0,44.9,46.6,1.65,3.6707,7471377,344446954,4185,TWSE,common_stock,true,false,false,false,false,false,false,false,true,
2026-08-26,4764,雙鍵,listed,212.0,233.0,210.5,233.0,21.0,9.9057,1782913,403150152,2539,TWSE,common_stock,true,false,false,false,false,false,false,false,true,
2026-08-26,4766,南寶,listed,343.0,347.5,342.5,344.5,1.0,0.2911,112924,38926297,277,TWSE,common_stock,true,false,false,false,false,false,false,false,true,
2026-08-26,4770,上品,listed,206.5,210.0,206.5,209.0,2.5,1.2107,213200,44391933,293,TWSE,common_stock,true,false,false,false,false,false,false,false,true,
2026-08-26,4771,望隼,listed,204.0,210.0,203.0,207.5,3.5,1.7157,508114,104998143,1498,TWSE,common_stock,true,false,false,false,false,false,false,false,true,
2026-08-26,4807,日成-KY,listed,27.4,28.1,27.35,27.45,-0.4,-1.4363,144823,4001180,189,TWSE,common_stock,true,false,false,false,false,false,false,false,true,
2026-08-26,4904,遠傳,listed,102.5,102.5,100.5,101.0,-1.5,-1.4634,6238470,631330256,2741,TWSE,common_stock,true,false,false,false,false,false,false,false,true,
2026-08-26,4906,正文,listed,34.95,37.35,34.75,37.3,2.75,7.9595,10273769,375616250,5336,TWSE,common_stock,true,false,false,false,false,false,false,false,true,
2026-08-26,4912,聯德控股-KY,listed,89.4,90.0,89.0,89.3,-0.1,-0.1119,324121,29040961,1007,TWSE,common_stock,true,false,false,false,false,false,false,false,true,
2026-08-26,4915,致伸,listed,59.7,60.4,59.7,60.2,0.4,0.6689,1353267,81244259,959,TWSE,common_stock,true,false,false,false,false,false,false,false,true,
2026-08-26,4916,事欣科,listed,101.0,103.0,101.0,102.5,1.0,0.9852,2300950,235015753,2485,TWSE,common_stock,true,false,false,false,false,false,false,false,true,
2026-08-26,4919,新唐,listed,117.5,122.0,116.0,121.0,4.0,3.4188,2796717,336436341,2789,TWSE,common_stock,true,false,false,false,false,false,false,false,true,
2026-08-26,4927,泰鼎-KY,listed,35.5,37.55,35.4,37.0,1.45,4.0788,4681244,172017913,3097,TWSE,common_stock,true,false,false,false,false,false,false,false,true,
2026-08-26,4930,燦星網,listed,16.1,16.25,16.1,16.15,-0.05,-0.3086,9850,159260,27,TWSE,common_stock,true,false,false,false,false,false,false,false,true,
2026-08-26,4934,太極,listed,14.35,14.65,14.3,14.5,0.2,1.3986,333455,4832378,226,TWSE,common_stock,true,false,false,false,false,false,false,false,true,
2026-08-26,4935,茂林-KY,listed,33.7,33.9,33.55,33.75,0.0,0.0,71374,2405025,66,TWSE,common_stock,true,false,false,false,false,false,false,false,true,
2026-08-26,4938,和碩,listed,88.7,89.8,88.1,89.3,0.5,0.5631,6068292,540278400,3773,TWSE,common_stock,true,false,false,false,false,false,false,false,true,
2026-08-26,4942,嘉彰,listed,33.1,33.25,33.0,33.25,0.1,0.3017,52407,1735174,52,TWSE,common_stock,true,false,false,false,false,false,false,false,true,
2026-08-26,4943,康控-KY,listed,8.38,8.38,8.1,8.19,-0.19,-2.2673,20264,166249,37,TWSE,common_stock,true,false,false,false,false,false,false,false,true,
2026-08-26,4949,有成精密,listed,71.5,74.1,70.9,73.2,2.2,3.0986,458002,33383002,624,TWSE,common_stock,true,false,false,false,false,false,false,false,true,
2026-08-26,4952,凌通,listed,51.4,52.1,51.0,51.7,0.5,0.9766,459029,23765648,454,TWSE,common_stock,true,false,false,false,false,false,false,false,true,
2026-08-26,4956,光鋐,listed,36.3,38.6,35.8,37.2,2.1,5.9829,9758595,368053163,6369,TWSE,common_stock,true,false,false,false,false,false,false,false,true,
2026-08-26,4958,臻鼎-KY,listed,444.0,454.0,438.0,453.0,9.0,2.027,14315952,6412319133,19138,TWSE,common_stock,true,false,false,false,false,false,false,false,true,
2026-08-26,4960,誠美材,listed,21.2,22.5,20.95,22.2,1.0,4.717,4621917,101988511,2352,TWSE,common_stock,true,false,false,false,false,false,false,false,true,
2026-08-26,4961,天鈺,listed,164.5,165.5,162.5,165.5,1.0,0.6079,199842,32874719,906,TWSE,common_stock,true,false,false,false,false,false,false,false,true,
2026-08-26,4967,十銓,listed,274.0,274.5,270.5,272.5,0.0,0.0,2741103,746215480,3825,TWSE,common_stock,true,false,false,false,false,false,false,false,true,
2026-08-26,4968,立積,listed,90.5,93.4,90.0,93.2,3.5,3.9019,494273,45588578,608,TWSE,common_stock,true,false,false,false,false,false,false,false,true,
2026-08-26,4976,佳凌,listed,37.6,41.1,37.6,39.6,2.2,5.8824,9665517,386780634,6479,TWSE,common_stock,true,false,false,false,false,false,false,false,true,
2026-08-26,4977,眾達-KY,listed,156.0,170.5,155.0,170.5,15.5,10.0,7963102,1309479692,7396,TWSE,common_stock,true,false,false,false,false,false,false,false,true,
2026-08-26,4989,榮科,listed,61.5,66.9,61.2,66.9,6.0,9.8522,7774622,510507724,6343,TWSE,common_stock,true,false,false,false,false,false,false,false,true,
2026-08-26,4994,傳奇,listed,85.9,85.9,82.8,85.6,2.1,2.515,16124,1359628,400,TWSE,common_stock,true,false,false,false,false,false,false,false,true,
2026-08-26,4999,鑫禾,listed,18.8,19.1,18.75,19.1,0.3,1.5957,31418,595933,102,TWSE,common_stock,true,false,false,false,false,false,false,false,true,
2026-08-26,5007,三星,listed,56.0,56.5,56.0,56.5,0.5,0.8929,25268,1423482,45,TWSE,common_stock,true,false,false,false,false,false,false,false,true,
2026-08-26,5203,訊連,listed,59.2,59.5,58.8,58.9,-0.3,-0.5068,91582,5410320,235,TWSE,common_stock,true,false,false,false,false,false,false,false,true,
2026-08-26,5215,科嘉-KY,listed,40.2,40.25,38.35,39.2,-1.35,-3.3292,303770,11814184,360,TWSE,common_stock,true,false,false,false,false,false,false,false,true,
2026-08-26,5222,全訊,listed,104.0,106.5,104.0,105.5,1.0,0.9569,155731,16412942,232,TWSE,common_stock,true,false,false,false,false,false,false,false,true,
2026-08-26,5225,東科-KY,listed,59.6,61.0,59.6,60.9,1.4,2.3529,286530,17263111,249,TWSE,common_stock,true,false,false,false,false,false,false,false,true,
2026-08-26,5234,達興材料,listed,299.0,302.0,298.0,300.0,1.0,0.3344,227961,68439869,491,TWSE,common_stock,true,false,false,false,false,false,false,false,true,
2026-08-26,5236,凌陽創新,listed,136.5,139.5,136.5,138.5,2.0,1.4652,104680,14483460,148,TWSE,common_stock,true,false,false,false,false,false,false,false,true,
2026-08-26,5243,乙盛-KY,listed,89.1,91.9,88.6,91.5,2.4,2.6936,768477,69819993,1123,TWSE,common_stock,true,false,false,false,false,false,false,false,true,
2026-08-26,5244,弘凱,listed,34.2,35.4,34.2,35.15,1.05,3.0792,231107,8083271,331,TWSE,common_stock,true,false,false,false,false,false,false,false,true,
2026-08-26,5258,虹堡,listed,48.2,48.65,47.8,47.95,-0.25,-0.5187,218767,10508386,318,TWSE,common_stock,true,false,false,false,false,false,false,false,true,
2026-08-26,5269,祥碩,listed,1430.0,1465.0,1415.0,1455.0,40.0,2.8269,622471,899854790,2323,TWSE,common_stock,true,false,false,false,false,false,false,false,true,
2026-08-26,5283,禾聯碩,listed,60.8,60.8,59.0,59.4,-0.5,-0.8347,139002,8274024,667,TWSE,common_stock,true,false,false,false,false,false,false,false,true,
2026-08-26,5284,jpp-KY,listed,323.0,330.0,315.5,328.0,6.0,1.8634,273877,88471024,1225,TWSE,common_stock,true,false,false,false,false,false,false,false,true,
2026-08-26,5285,界霖,listed,78.2,83.5,78.2,82.6,4.4,5.6266,1583875,130258499,1694,TWSE,common_stock,true,false,false,false,false,false,false,false,true,
2026-08-26,5288,豐祥-KY,listed,187.5,190.5,187.5,189.5,1.0,0.5305,32357,6131664,55,TWSE,common_stock,true,false,false,false,false,false,false,false,true,
2026-08-26,5292,華懋,listed,210.0,220.0,210.0,216.0,2.0,0.9346,224786,48609047,626,TWSE,common_stock,true,false,false,false,false,false,false,false,true,
2026-08-26,5306,桂盟,listed,94.4,95.5,94.4,95.2,0.4,0.4219,37022,3516046,62,TWSE,common_stock,true,false,false,false,false,false,false,false,true,
2026-08-26,5388,中磊,listed,77.7,77.9,76.8,77.4,0.3,0.3891,2553064,197428168,2200,TWSE,common_stock,true,false,false,false,false,false,false,false,true,
2026-08-26,5434,崇越,listed,521.0,537.0,517.0,536.0,15.0,2.8791,521865,276768698,1087,TWSE,common_stock,true,false,false,false,false,false,false,false,true,
2026-08-26,5469,瀚宇博,listed,71.3,72.8,71.2,72.1,0.7,0.9804,865014,62432163,838,TWSE,common_stock,true,false,false,false,false,false,false,false,true,
2026-08-26,5471,松翰,listed,56.6,61.0,56.5,60.6,4.6,8.2143,7749749,458640663,5563,TWSE,common_stock,true,false,false,false,false,false,false,false,true,
2026-08-26,5484,慧友,listed,40.7,40.7,39.65,40.4,0.05,0.1239,181166,7277169,167,TWSE,common_stock,true,false,false,false,false,false,false,false,true,
2026-08-26,5515,建國,listed,53.7,53.9,52.7,53.2,-0.2,-0.3745,622282,33080988,524,TWSE,common_stock,true,false,false,false,false,false,false,false,true,
2026-08-26,5519,隆大,listed,27.9,28.0,27.8,28.0,0.2,0.7194,157412,4394184,167,TWSE,common_stock,true,false,false,false,false,false,false,false,true,
2026-08-26,5521,工信,listed,10.8,10.95,10.7,10.85,0.0,0.0,1372972,14813438,594,TWSE,common_stock,true,false,false,false,false,false,false,false,true,
2026-08-26,5522,遠雄,listed,63.8,64.1,63.4,64.0,0.3,0.471,351589,22435079,569,TWSE,common_stock,true,false,false,false,false,false,false,false,true,
2026-08-26,5525,順天,listed,22.45,22.45,22.0,22.1,-0.05,-0.2257,71755,1589248,69,TWSE,common_stock,true,false,false,false,false,false,false,false,true,
2026-08-26,5531,鄉林,listed,7.43,7.43,7.35,7.4,0.03,0.4071,386651,2854993,239,TWSE,common_stock,true,false,false,false,false,false,false,false,true,
2026-08-26,5533,皇鼎,listed,13.95,14.0,13.9,14.0,0.05,0.3584,53426,745571,40,TWSE,common_stock,true,false,false,false,false,false,false,false,true,
2026-08-26,5534,長虹,listed,75.3,77.2,75.3,76.9,1.6,2.1248,1250078,95858827,1028,TWSE,common_stock,true,false,false,false,false,false,false,false,true,
2026-08-26,5538,東明-KY,listed,37.55,37.85,36.9,37.75,0.85,2.3035,106084,3978548,95,TWSE,common_stock,true,false,false,false,false,false,false,false,true,
2026-08-26,5546,永固-KY,listed,13.85,15.0,13.85,14.9,0.9,6.4286,85583,1256827,87,TWSE,common_stock,true,false,false,false,false,false,false,false,true,
2026-08-26,5607,遠雄港,listed,54.0,54.8,53.7,54.3,0.4,0.7421,894057,48506596,943,TWSE,common_stock,true,false,false,false,false,false,false,false,true,
2026-08-26,5608,四維航,listed,18.1,18.45,16.75,17.05,-1.05,-5.8011,23191275,401568180,10892,TWSE,common_stock,true,false,false,false,false,false,false,false,true,
2026-08-26,5706,鳳凰,listed,45.4,45.5,45.3,45.5,0.45,0.9989,52377,2377629,104,TWSE,common_stock,true,false,false,false,false,false,false,false,true,
2026-08-26,5871,中租-KY,listed,115.0,117.5,113.5,117.0,2.0,1.7391,6832753,793953618,4115,TWSE,common_stock,true,false,false,false,false,false,false,false,true,
2026-08-26,5871A,中租-KY甲特,listed,100.0,100.0,99.9,100.0,0.1,0.1001,22331,2232866,15,TWSE,warrant,false,false,true,false,false,false,false,false,false,security_type=warrant;symbol_not_4_digit
2026-08-26,5876,上海商銀,listed,43.6,44.0,43.15,43.3,-0.45,-1.0286,4701798,203883883,2388,TWSE,common_stock,true,false,false,false,false,false,false,false,true,
2026-08-26,5880,合庫金,listed,25.0,25.1,24.85,25.0,-0.05,-0.1996,8363717,208840331,3428,TWSE,common_stock,true,false,false,false,false,false,false,false,true,
2026-08-26,5906,台南-KY,listed,40.5,40.5,40.45,40.45,-0.05,-0.1235,2023,81844,4,TWSE,common_stock,true,false,false,false,false,false,false,false,true,
2026-08-26,5907,大洋-KY,listed,5.18,5.18,4.98,5.01,-0.19,-3.6538,884737,4440548,229,TWSE,common_stock,true,false,false,false,false,false,false,false,true,
2026-08-26,6005,群益證,listed,30.4,31.05,30.4,30.7,0.35,1.1532,3933891,121153974,2444,TWSE,etf,false,true,false,false,false,false,false,false,false,security_type=etf
2026-08-26,6024,群益期,listed,62.2,62.8,62.2,62.7,0.5,0.8039,118259,7402496,222,TWSE,etf,false,true,false,false,false,false,false,false,false,security_type=etf
2026-08-26,6108,競國,listed,22.85,23.3,22.45,22.75,-0.1,-0.4376,3947429,90014868,1852,TWSE,common_stock,true,false,false,false,false,false,false,false,true,
2026-08-26,6112,邁達特,listed,44.5,45.6,44.5,45.3,1.15,2.6048,369064,16682505,400,TWSE,common_stock,true,false,false,false,false,false,false,false,true,
2026-08-26,6115,鎰勝,listed,44.2,44.2,43.95,44.05,0.0,0.0,328304,14444115,315,TWSE,common_stock,true,false,false,false,false,false,false,false,true,
2026-08-26,6116,彩晶,listed,14.1,14.9,14.0,14.4,0.3,2.1277,34235773,495498123,10355,TWSE,common_stock,true,false,false,false,false,false,false,false,true,
2026-08-26,6117,迎廣,listed,63.0,63.0,62.1,62.4,-0.6,-0.9524,91998,5754197,142,TWSE,common_stock,true,false,false,false,false,false,false,false,true,
2026-08-26,6120,達運,listed,12.6,12.75,12.55,12.6,0.1,0.8,902314,11398561,548,TWSE,common_stock,true,false,false,false,false,false,false,false,true,
2026-08-26,6128,上福,listed,20.15,20.45,20.15,20.45,0.2,0.9877,42703,865112,35,TWSE,common_stock,true,false,false,false,false,false,false,false,true,
2026-08-26,6133,金橋,listed,22.3,22.8,22.3,22.45,0.05,0.2232,487489,10980817,254,TWSE,common_stock,true,false,false,false,false,false,false,false,true,
2026-08-26,6136,富爾特,listed,25.05,25.15,25.0,25.1,0.05,0.1996,110052,2758800,79,TWSE,common_stock,true,false,false,false,false,false,false,false,true,
2026-08-26,6139,亞翔,listed,770.0,801.0,768.0,800.0,32.0,4.1667,2347380,1844661255,4947,TWSE,common_stock,true,false,false,false,false,false,false,false,true,
2026-08-26,6141,柏承,listed,46.0,50.4,45.2,50.4,4.55,9.9237,7151867,351286202,6060,TWSE,common_stock,true,false,false,false,false,false,false,false,true,
2026-08-26,6142,友勁,listed,8.69,8.83,8.69,8.74,0.14,1.6279,294685,2590973,197,TWSE,common_stock,true,false,false,false,false,false,false,false,true,
2026-08-26,6152,百一,listed,13.7,14.1,13.7,14.0,0.25,1.8182,591520,8254808,344,TWSE,common_stock,true,false,false,false,false,false,false,false,true,
2026-08-26,6153,嘉聯益,listed,16.55,17.25,16.55,17.0,0.5,3.0303,2713623,46039377,1455,TWSE,common_stock,true,false,false,false,false,false,false,false,true,
2026-08-26,6155,鈞寶,listed,55.8,56.3,55.0,56.0,0.7,1.2658,787033,43826221,819,TWSE,common_stock,true,false,false,false,false,false,false,false,true,
2026-08-26,6164,華興,listed,12.1,12.5,12.05,12.2,0.15,1.2448,863894,10609257,363,TWSE,common_stock,true,false,false,false,false,false,false,false,true,
2026-08-26,6165,浪凡,listed,47.9,48.1,47.5,47.8,0.1,0.2096,120812,5778492,112,TWSE,common_stock,true,false,false,false,false,false,false,false,true,
2026-08-26,6166,凌華,listed,117.0,120.5,115.5,120.0,4.0,3.4483,1247573,147163670,1265,TWSE,common_stock,true,false,false,false,false,false,false,false,true,
2026-08-26,6168,宏齊,listed,27.6,29.5,27.5,28.5,0.75,2.7027,9726626,280865368,6444,TWSE,common_stock,true,false,false,false,false,false,false,false,true,
2026-08-26,6176,瑞儀,listed,99.5,100.0,98.2,98.2,-1.7,-1.7017,2524770,249205378,4286,TWSE,common_stock,true,false,false,false,false,false,false,false,true,
2026-08-26,6177,達麗,listed,48.1,48.9,47.85,48.35,0.3,0.6243,1198734,57905879,934,TWSE,common_stock,true,false,false,false,false,false,false,false,true,
2026-08-26,6183,關貿,listed,94.0,94.9,93.5,94.1,0.1,0.1064,36448,3430557,94,TWSE,common_stock,true,false,false,false,false,false,false,false,true,
2026-08-26,6184,大豐電,listed,41.6,41.6,41.5,41.6,0.05,0.1203,111627,4638982,61,TWSE,common_stock,true,false,false,false,false,false,false,false,true,
2026-08-26,6189,豐藝,listed,48.0,48.6,47.85,48.55,-0.3,-0.6141,425584,20501976,357,TWSE,common_stock,true,false,false,false,false,false,false,false,true,
2026-08-26,6191,精成科,listed,81.3,82.8,81.2,82.1,1.2,1.4833,1226551,100706468,1814,TWSE,common_stock,true,false,false,false,false,false,false,false,true,
2026-08-26,6192,巨路,listed,115.0,116.5,115.0,116.5,1.0,0.8658,77005,8930185,120,TWSE,common_stock,true,false,false,false,false,false,false,false,true,
2026-08-26,6196,帆宣,listed,489.0,504.0,486.0,500.0,23.0,4.8218,1566653,780534829,2885,TWSE,common_stock,true,false,false,false,false,false,false,false,true,
2026-08-26,6197,佳必琪,listed,303.0,309.0,301.5,307.0,8.0,2.6756,1733571,531174484,3111,TWSE,common_stock,true,false,false,false,false,false,false,false,true,
2026-08-26,6201,亞弘電,listed,44.5,45.0,44.5,45.0,0.2,0.4464,21147,947718,21,TWSE,common_stock,true,false,false,false,false,false,false,false,true,
2026-08-26,6202,盛群,listed,56.9,59.5,56.2,58.6,1.9,3.351,1349095,78481529,1305,TWSE,common_stock,true,false,false,false,false,false,false,false,true,
2026-08-26,6205,詮欣,listed,61.9,66.0,61.6,64.3,2.8,4.5528,1027781,65924414,954,TWSE,common_stock,true,false,false,false,false,false,false,false,true,
2026-08-26,6206,飛捷,listed,138.5,143.0,137.5,142.5,3.0,2.1505,1407749,198054890,1428,TWSE,common_stock,true,false,false,false,false,false,false,false,true,
2026-08-26,6209,今國光,listed,68.9,75.8,68.9,74.7,5.7,8.2609,13383738,982467058,10308,TWSE,common_stock,true,false,false,false,false,false,false,false,true,
2026-08-26,6213,聯茂,listed,530.0,583.0,525.0,583.0,53.0,10.0,29746728,16672947522,29102,TWSE,common_stock,true,false,false,false,false,false,false,false,true,
2026-08-26,6214,精誠,listed,181.5,184.0,180.5,181.0,-0.5,-0.2755,1731568,314445803,3095,TWSE,common_stock,true,false,false,false,false,false,false,false,true,
2026-08-26,6215,和椿,listed,96.7,99.2,96.6,98.2,1.5,1.5512,398474,39100093,521,TWSE,common_stock,true,false,false,false,false,false,false,false,true,
2026-08-26,6216,居易,listed,21.15,21.15,20.9,21.1,0.0,0.0,280903,5923264,202,TWSE,common_stock,true,false,false,false,false,false,false,false,true,
2026-08-26,6224,聚鼎,listed,79.5,81.0,75.4,79.1,-0.8,-1.0013,2004209,157848774,2663,TWSE,common_stock,true,false,false,false,false,false,false,false,true,
2026-08-26,6225,天瀚,listed,69.0,70.0,68.3,68.5,2.4,3.6309,152696,10578817,177,TWSE,common_stock,true,false,false,false,false,false,false,false,true,
2026-08-26,6226,光鼎,listed,27.8,28.15,27.7,28.15,2.55,9.9609,7681500,215149385,3108,TWSE,common_stock,true,false,false,false,false,false,false,false,true,
2026-08-26,6230,尼得科超眾,listed,108.5,110.0,108.5,109.0,2.5,2.3474,35046,3830977,67,TWSE,common_stock,true,false,false,false,false,false,false,false,true,
2026-08-26,6235,華孚,listed,38.15,38.7,38.1,38.55,0.45,1.1811,305487,11726878,285,TWSE,common_stock,true,false,false,false,false,false,false,false,true,
2026-08-26,6239,力成,listed,273.0,293.0,272.0,286.0,12.5,4.5704,15810572,4469240945,15565,TWSE,common_stock,true,false,false,false,false,false,false,false,true,
2026-08-26,6243,迅杰,listed,41.15,42.6,41.15,42.2,1.15,2.8015,575730,24239765,643,TWSE,common_stock,true,false,false,false,false,false,false,false,true,
2026-08-26,6257,矽格,listed,200.5,205.0,199.0,204.0,5.5,2.7708,4184178,850069723,4603,TWSE,common_stock,true,false,false,false,false,false,false,false,true,
2026-08-26,6269,台郡,listed,62.8,67.2,62.4,66.3,4.4,7.1082,4899914,317907645,4586,TWSE,common_stock,true,false,false,false,false,false,false,false,true,
2026-08-26,6271,同欣電,listed,199.5,208.0,198.5,208.0,8.5,4.2607,5223151,1068747102,7559,TWSE,common_stock,true,false,false,false,false,false,false,false,true,
2026-08-26,6272,驊陞,listed,23.25,23.75,23.25,23.3,0.05,0.2151,81018,1896246,64,TWSE,common_stock,true,false,false,false,false,false,false,false,true,
2026-08-26,6277,宏正,listed,79.4,81.6,79.4,81.2,1.5,1.8821,350758,28347674,342,TWSE,common_stock,true,false,false,false,false,false,false,false,true,
2026-08-26,6278,台表科,listed,180.0,199.5,179.0,199.5,18.0,9.9174,15168883,2945260651,18099,TWSE,common_stock,true,false,false,false,false,false,false,false,true,
2026-08-26,6281,全國電,listed,51.5,51.5,51.1,51.5,-0.2,-0.3868,30422,1565260,38,TWSE,common_stock,true,false,false,false,false,false,false,false,true,
2026-08-26,6282,康舒,listed,44.25,45.3,44.15,45.3,1.3,2.9545,5752616,257979259,4833,TWSE,common_stock,true,false,false,false,false,false,false,false,true,
2026-08-26,6283,淳安,listed,19.75,20.6,19.75,20.05,0.2,1.0076,191020,3852699,143,TWSE,common_stock,true,false,false,false,false,false,false,false,true,
2026-08-26,6285,啟碁,listed,234.5,244.0,231.5,242.0,8.5,3.6403,3455646,821743921,4236,TWSE,common_stock,true,false,false,false,false,false,false,false,true,
2026-08-26,6405,悅城,listed,38.25,41.65,38.1,41.65,3.75,9.8945,535361,21603293,461,TWSE,common_stock,true,false,false,false,false,false,false,false,true,
2026-08-26,6409,旭隼,listed,1035.0,1085.0,1030.0,1030.0,10.0,0.9804,577564,607543085,1393,TWSE,common_stock,true,false,false,false,false,false,false,false,true,
2026-08-26,6412,群電,listed,77.9,78.6,77.9,78.0,0.4,0.5155,495075,38736776,525,TWSE,common_stock,true,false,false,false,false,false,false,false,true,
2026-08-26,6414,樺漢,listed,395.0,398.5,392.0,398.0,4.0,1.0152,777016,307855199,1389,TWSE,common_stock,true,false,false,false,false,false,false,false,true,
2026-08-26,6415,矽力*-KY,listed,454.5,476.0,447.5,469.0,17.5,3.876,2853938,1326933613,3759,TWSE,common_stock,true,false,false,false,false,false,false,false,true,
2026-08-26,6416,瑞祺電通,listed,100.0,101.5,98.7,100.5,1.5,1.5152,394700,39485261,537,TWSE,common_stock,true,false,false,false,false,false,false,false,true,
2026-08-26,6426,統新,listed,251.0,275.0,250.0,268.0,13.0,5.098,4222515,1112317186,5497,TWSE,common_stock,true,false,false,false,false,false,false,false,true,
2026-08-26,6431,光麗-KY,listed,19.05,20.3,19.0,20.3,1.1,5.7292,190260,3768953,103,TWSE,common_stock,true,false,false,false,false,false,false,false,true,
2026-08-26,6438,迅得,listed,144.0,147.0,144.0,147.0,3.0,2.0833,199590,29171462,283,TWSE,common_stock,true,false,false,false,false,false,false,false,true,
2026-08-26,6442,光聖,listed,1620.0,1675.0,1575.0,1610.0,5.0,0.3115,4259959,6964998255,9601,TWSE,common_stock,true,false,false,false,false,false,false,false,true,
2026-08-26,6443,元晶,listed,26.45,26.75,26.25,26.3,-0.15,-0.5671,3973334,105195027,2552,TWSE,common_stock,true,false,false,false,false,false,false,false,true,
2026-08-26,6446,藥華藥,listed,1520.0,1600.0,1515.0,1585.0,95.0,6.3758,3972402,6266769010,9197,TWSE,common_stock,true,false,false,false,false,false,false,false,true,
2026-08-26,6449,鈺邦,listed,219.5,219.5,208.0,212.0,-12.0,-5.3571,1641023,347313464,2260,TWSE,common_stock,true,false,false,false,false,false,false,false,true,
2026-08-26,6451,訊芯-KY,listed,423.0,463.5,420.0,454.5,31.5,7.4468,6516404,2939427426,7732,TWSE,common_stock,true,false,false,false,false,false,false,false,true,
2026-08-26,6456,GIS-KY,listed,66.8,69.5,66.8,69.0,1.3,1.9202,2706724,186117858,2169,TWSE,common_stock,true,false,false,false,false,false,false,false,true,
2026-08-26,6464,台數科,listed,78.9,79.0,78.5,78.9,0.2,0.2541,520020,41075672,28,TWSE,common_stock,true,false,false,false,false,false,false,false,true,
2026-08-26,6472,保瑞,listed,463.0,476.0,456.5,457.0,-13.0,-2.766,1906387,885052986,4070,TWSE,common_stock,true,false,false,false,false,false,false,false,true,
2026-08-26,6477,安集,listed,36.1,37.25,36.05,36.75,1.1,3.0856,1493310,54922235,1308,TWSE,common_stock,true,false,false,false,false,false,false,false,true,
2026-08-26,6491,晶碩,listed,371.5,379.0,368.5,379.0,6.5,1.745,195782,73456472,411,TWSE,common_stock,true,false,false,false,false,false,false,false,true,
2026-08-26,6504,南六,listed,38.3,38.3,38.0,38.0,0.05,0.1318,8114,309674,19,TWSE,common_stock,true,false,false,false,false,false,false,false,true,
2026-08-26,6505,台塑化,listed,70.2,70.8,69.2,70.4,-0.6,-0.8451,14882438,1042350822,11932,TWSE,common_stock,true,false,false,false,false,false,false,false,true,
2026-08-26,6515,穎崴,listed,6155.0,6220.0,5925.0,6025.0,-230.0,-3.6771,427914,2573336815,8788,TWSE,common_stock,true,false,false,false,false,false,false,false,true,
2026-08-26,6525,捷敏-KY,listed,136.5,143.0,135.5,141.5,5.5,4.0441,1417728,199432421,1490,TWSE,common_stock,true,false,false,false,false,false,false,false,true,
2026-08-26,6526,達發,listed,580.0,596.0,575.0,595.0,17.0,2.9412,293274,172863467,726,TWSE,common_stock,true,false,false,false,false,false,false,false,true,
2026-08-26,6531,愛普*,listed,868.0,926.0,857.0,916.0,40.0,4.5662,3319006,2997272058,6336,TWSE,common_stock,true,false,false,false,false,false,false,false,true,
2026-08-26,6533,晶心科,listed,251.5,273.0,249.0,269.0,17.5,6.9583,3206805,849830203,5997,TWSE,common_stock,true,false,false,false,false,false,false,false,true,
2026-08-26,6534,正瀚-創,listed,91.9,92.6,91.7,92.0,-0.1,-0.1086,26420,2429885,167,TWSE,common_stock,true,false,false,false,false,false,false,false,true,
2026-08-26,6541,泰福-KY,listed,36.25,37.0,36.25,36.8,0.55,1.5172,176209,6483268,195,TWSE,common_stock,true,false,false,false,false,false,false,false,true,
2026-08-26,6550,北極星藥業-KY,listed,11.1,11.8,11.1,11.55,0.55,5.0,2053060,23566681,870,TWSE,common_stock,true,false,false,false,false,false,false,false,true,
2026-08-26,6552,易華電,listed,25.2,25.65,25.2,25.6,0.25,0.9862,83896,2139060,102,TWSE,common_stock,true,false,false,false,false,false,false,false,true,
2026-08-26,6558,興能高,listed,24.4,25.55,24.4,25.5,0.8,3.2389,247354,6221922,198,TWSE,common_stock,true,false,false,false,false,false,false,false,true,
2026-08-26,6573,虹揚-KY,listed,17.8,18.8,17.4,18.2,0.3,1.676,535111,9699912,361,TWSE,common_stock,true,false,false,false,false,false,false,false,true,
2026-08-26,6579,研揚,listed,146.5,147.0,144.5,146.5,1.0,0.6873,202640,29548103,315,TWSE,common_stock,true,false,false,false,false,false,false,false,true,
2026-08-26,6581,鋼聯,listed,108.0,109.0,108.0,108.5,0.5,0.463,8389,910624,71,TWSE,common_stock,true,false,false,false,false,false,false,false,true,
2026-08-26,6582,申豐,listed,32.35,32.95,32.35,32.7,0.3,0.9259,73257,2391042,141,TWSE,common_stock,true,false,false,false,false,false,false,false,true,
2026-08-26,6585,鼎基,listed,113.5,115.5,113.0,115.0,2.0,1.7699,130149,14927648,125,TWSE,common_stock,true,false,false,false,false,false,false,false,true,
2026-08-26,6589,台康生技,listed,49.8,50.7,49.8,50.5,0.8,1.6097,450509,22633510,376,TWSE,common_stock,true,false,false,false,false,false,false,false,true,
2026-08-26,6591,動力-KY,listed,42.55,42.85,42.5,42.8,-0.15,-0.3492,86565,3689027,251,TWSE,common_stock,true,false,false,false,false,false,false,false,true,
2026-08-26,6592,和潤企業,listed,61.5,62.1,61.5,62.1,0.5,0.8117,420387,26014263,378,TWSE,common_stock,true,false,false,false,false,false,false,false,true,
2026-08-26,6592A,和潤企業甲特,listed,95.2,95.2,95.1,95.2,0.0,0.0,13000,1237400,6,TWSE,warrant,false,false,true,false,false,false,false,false,false,security_type=warrant;symbol_not_4_digit
2026-08-26,6592B,和潤企業乙特,listed,94.7,94.7,94.5,94.5,-0.2,-0.2112,31507,2977837,22,TWSE,warrant,false,false,true,false,false,false,false,false,false,security_type=warrant;symbol_not_4_digit
2026-08-26,6598,ABC-KY,listed,28.15,28.15,27.75,27.85,0.15,0.5415,91949,2566497,107,TWSE,common_stock,true,false,false,false,false,false,false,false,true,
2026-08-26,6605,帝寶,listed,138.5,139.5,138.0,139.5,1.0,0.722,168262,23351826,446,TWSE,common_stock,true,false,false,false,false,false,false,false,true,
2026-08-26,6606,建德工業,listed,25.95,26.3,25.8,26.2,0.35,1.354,75142,1963644,41,TWSE,common_stock,true,false,false,false,false,false,false,false,true,
2026-08-26,6614,資拓宏宇,listed,35.95,36.2,35.95,36.05,0.2,0.5579,26101,940998,25,TWSE,common_stock,true,false,false,false,false,false,false,false,true,
2026-08-26,6625,必應,listed,77.3,78.4,77.3,78.3,1.0,1.2937,136083,10609434,187,TWSE,common_stock,true,false,false,false,false,false,false,false,true,
2026-08-26,6641,基士德-KY,listed,18.1,18.1,17.9,18.0,-0.05,-0.277,13225,237794,14,TWSE,common_stock,true,false,false,false,false,false,false,false,true,
2026-08-26,6645,金萬林-創,listed,12.9,13.05,12.9,12.95,-0.15,-1.145,18758,242541,31,TWSE,common_stock,true,false,false,false,false,false,false,false,true,
2026-08-26,6655,科定,listed,115.5,117.0,115.5,117.0,2.0,1.7391,6012,698404,7,TWSE,common_stock,true,false,false,false,false,false,false,false,true,
2026-08-26,6657,華安,listed,29.95,30.7,29.8,30.55,0.95,3.2095,74205,2247617,66,TWSE,common_stock,true,false,false,false,false,false,false,false,true,
2026-08-26,6658,聯策,listed,158.5,162.0,158.5,160.0,3.0,1.9108,142357,22848309,212,TWSE,common_stock,true,false,false,false,false,false,false,false,true,
2026-08-26,6666,羅麗芬-KY,listed,43.5,44.35,43.5,44.3,0.15,0.3398,36115,1589001,39,TWSE,common_stock,true,false,false,false,false,false,false,false,true,
2026-08-26,6668,中揚光,listed,35.7,39.05,35.7,39.05,3.55,10.0,2825261,107939705,2045,TWSE,common_stock,true,false,false,false,false,false,false,false,true,
2026-08-26,6669,緯穎,listed,6325.0,6925.0,6300.0,6785.0,345.0,5.3571,1898480,12778230055,17387,TWSE,common_stock,true,false,false,false,false,false,false,false,true,
2026-08-26,6670,復盛應用,listed,263.5,265.0,263.5,264.5,0.5,0.1894,55184,14585849,113,TWSE,common_stock,true,false,false,false,false,false,false,false,true,
2026-08-26,6671,三能-KY,listed,23.1,23.5,23.1,23.4,0.4,1.7391,27200,632667,22,TWSE,common_stock,true,false,false,false,false,false,false,false,true,
2026-08-26,6672,騰輝電子-KY,listed,272.0,281.5,270.0,276.5,6.0,2.2181,3222064,893428813,6093,TWSE,common_stock,true,false,false,false,false,false,false,false,true,
2026-08-26,6674,鋐寶科技,listed,16.75,17.05,16.2,16.2,-0.1,-0.6135,112432,1860868,99,TWSE,common_stock,true,false,false,false,false,false,false,false,true,
2026-08-26,6689,伊雲谷,listed,60.7,63.0,60.7,63.0,1.6,2.6059,107217,6659047,198,TWSE,common_stock,true,false,false,false,false,false,false,false,true,
2026-08-26,6691,洋基工程,listed,615.0,631.0,612.0,625.0,9.0,1.461,756632,471672551,1992,TWSE,common_stock,true,false,false,false,false,false,false,false,true,
2026-08-26,6695,芯鼎,listed,46.6,48.6,46.6,48.45,1.55,3.3049,330036,15849801,618,TWSE,common_stock,true,false,false,false,false,false,false,false,true,
2026-08-26,6698,旭暉應材,listed,30.75,33.25,30.75,32.55,1.8,5.8537,249764,8080307,277,TWSE,common_stock,true,false,false,false,false,false,false,false,true,
2026-08-26,6706,惠特,listed,123.0,126.0,121.0,123.0,0.0,0.0,2837173,351284593,8465,TWSE,common_stock,true,false,false,false,false,false,false,false,true,
2026-08-26,6715,嘉基,listed,359.0,374.5,352.0,363.0,-0.5,-0.1376,1721829,622778679,2300,TWSE,common_stock,true,false,false,false,false,false,false,false,true,
2026-08-26,6719,力智,listed,193.0,197.5,191.5,195.0,3.0,1.5625,610137,118971932,1301,TWSE,common_stock,true,false,false,false,false,false,false,false,true,
2026-08-26,6722,輝創,listed,32.6,33.8,32.55,33.2,0.6,1.8405,54611,1809760,53,TWSE,common_stock,true,false,false,false,false,false,false,false,true,
2026-08-26,6742,澤米,listed,43.35,44.75,43.35,44.15,0.9,2.0809,262346,11611384,304,TWSE,common_stock,true,false,false,false,false,false,false,false,true,
2026-08-26,6743,安普新,listed,25.4,27.25,25.35,27.1,1.7,6.6929,270969,7159854,292,TWSE,common_stock,true,false,false,false,false,false,false,false,true,
2026-08-26,6753,龍德造船,listed,141.0,145.5,141.0,144.0,4.5,3.2258,1516964,218433601,1483,TWSE,common_stock,true,false,false,false,false,false,false,false,true,
2026-08-26,6754,匯僑設計,listed,42.0,43.0,42.0,42.45,0.45,1.0714,8023,341279,9,TWSE,common_stock,true,false,false,false,false,false,false,false,true,
2026-08-26,6756,威鋒電子,listed,101.5,104.0,101.0,102.0,0.0,0.0,155060,15867095,249,TWSE,common_stock,true,false,false,false,false,false,false,false,true,
2026-08-26,6757,台灣虎航,listed,56.1,56.6,55.9,56.3,0.5,0.8961,875463,49247629,908,TWSE,common_stock,true,false,false,false,false,false,false,false,true,
2026-08-26,6768,志強-KY,listed,65.7,66.7,65.0,65.6,-0.1,-0.1522,292954,19157795,286,TWSE,common_stock,true,false,false,false,false,false,false,false,true,
2026-08-26,6770,力積電,listed,69.8,71.4,69.2,70.2,1.2,1.7391,109500620,7725423742,58767,TWSE,common_stock,true,false,false,false,false,false,false,false,true,
2026-08-26,6771,平和環保-創,listed,43.6,43.7,42.1,42.5,-1.0,-2.2989,125607,5424120,182,TWSE,common_stock,true,false,false,false,false,false,false,false,true,
2026-08-26,6776,展碁國際,listed,53.4,53.5,53.1,53.5,0.0,0.0,69063,3680378,79,TWSE,common_stock,true,false,false,false,false,false,false,false,true,
2026-08-26,6781,AES-KY,listed,1065.0,1065.0,1035.0,1040.0,-25.0,-2.3474,675988,708627310,2350,TWSE,common_stock,true,false,false,false,false,false,false,false,true,
2026-08-26,6782,視陽,listed,225.0,248.0,225.0,246.0,16.0,6.9565,2103168,504616093,2963,TWSE,common_stock,true,false,false,false,false,false,false,false,true,
2026-08-26,6789,采鈺,listed,422.5,461.0,422.5,458.5,38.0,9.0369,2091189,934423840,4808,TWSE,common_stock,true,false,false,false,false,false,false,false,true,
2026-08-26,6790,永豐實,listed,38.0,38.15,38.0,38.15,0.2,0.527,48723,1854485,78,TWSE,etf,false,true,false,false,false,false,false,false,false,security_type=etf
2026-08-26,6792,詠業,listed,60.2,60.6,59.1,59.8,-0.3,-0.4992,23616,1413174,50,TWSE,common_stock,true,false,false,false,false,false,false,false,true,
2026-08-26,6794,向榮生技,listed,75.5,81.0,75.5,79.5,4.0,5.298,77510,6081744,81,TWSE,common_stock,true,false,false,false,false,false,false,false,true,
2026-08-26,6796,晉弘,listed,60.8,62.2,60.1,61.7,-0.1,-0.1618,88201,5368674,94,TWSE,common_stock,true,false,false,false,false,false,false,false,true,
2026-08-26,6799,來頡,listed,79.3,81.6,79.3,81.4,2.1,2.6482,191862,15496426,223,TWSE,common_stock,true,false,false,false,false,false,false,false,true,
2026-08-26,6805,富世達,listed,1830.0,2025.0,1825.0,2025.0,180.0,9.7561,3229488,6416685735,13372,TWSE,common_stock,true,false,false,false,false,false,false,false,true,
2026-08-26,6807,峰源-KY,listed,34.0,34.0,33.05,33.7,-0.7,-2.0349,17037,569968,20,TWSE,common_stock,true,false,false,false,false,false,false,false,true,
2026-08-26,6830,汎銓,listed,501.0,539.0,501.0,526.0,35.0,7.1283,4626293,2430729805,8607,TWSE,common_stock,true,false,false,false,false,false,false,false,true,
2026-08-26,6831,邁科,listed,550.0,578.0,545.0,576.0,14.0,2.4911,1530915,863308444,2083,TWSE,common_stock,true,false,false,false,false,false,false,false,true,
2026-08-26,6834,天二科技,listed,90.0,91.8,88.1,90.2,0.1,0.111,2090896,188210094,1905,TWSE,common_stock,true,false,false,false,false,false,false,false,true,
2026-08-26,6835,圓裕,listed,31.55,31.55,30.85,31.1,0.3,0.974,9004,279320,12,TWSE,common_stock,true,false,false,false,false,false,false,false,true,
2026-08-26,6838,台新藥,listed,23.0,23.25,22.85,23.05,0.05,0.2174,50538,1161550,220,TWSE,common_stock,true,false,false,false,false,false,false,false,true,
2026-08-26,6854,錼創科技-KY創,listed,89.5,95.1,89.5,92.9,3.4,3.7989,261728,24223411,236,TWSE,common_stock,true,false,false,false,false,false,false,false,true,
2026-08-26,6861,睿生光電,listed,188.0,198.0,188.0,193.5,5.5,2.9255,335481,64890124,506,TWSE,common_stock,true,false,false,false,false,false,false,false,true,
2026-08-26,6862,三集瑞-KY,listed,141.5,141.5,135.5,139.5,1.5,1.087,97005,13475268,128,TWSE,common_stock,true,false,false,false,false,false,false,false,true,
2026-08-26,6863,永道-KY,listed,110.0,112.5,109.5,112.0,2.5,2.2831,82812,9203375,104,TWSE,common_stock,true,false,false,false,false,false,false,false,true,
2026-08-26,6869,雲豹能源,listed,68.0,69.2,67.0,68.1,0.5,0.7396,361562,24604247,517,TWSE,common_stock,true,false,false,false,false,false,false,false,true,
2026-08-26,6873,泓德能源,listed,68.1,69.5,67.1,69.0,0.7,1.0249,322156,22036411,374,TWSE,common_stock,true,false,false,false,false,false,false,false,true,
2026-08-26,6885,全福生技,listed,22.05,22.95,21.95,22.95,2.05,9.8086,353887,8070847,177,TWSE,common_stock,true,false,false,false,false,false,false,false,true,
2026-08-26,6887,寶綠特-KY,listed,38.2,39.5,37.3,38.4,1.2,3.2258,44093,1682023,39,TWSE,common_stock,true,false,false,false,false,false,false,false,true,
2026-08-26,6890,來億-KY,listed,168.5,175.0,168.5,175.0,15.5,9.7179,1011751,176004945,977,TWSE,common_stock,true,false,false,false,false,false,false,false,true,
2026-08-26,6901,鑽石投資,listed,16.4,16.9,16.4,16.7,0.35,2.1407,1538590,25766788,954,TWSE,common_stock,true,false,false,false,false,false,false,false,true,
2026-08-26,6902,GOGOLOOK,listed,125.5,127.0,124.5,126.0,1.0,0.8,65922,8265568,71,TWSE,common_stock,true,false,false,false,false,false,false,false,true,
2026-08-26,6906,現觀科,listed,73.3,73.4,72.0,72.4,0.0,0.0,16476,1193889,23,TWSE,common_stock,true,false,false,false,false,false,false,false,true,
2026-08-26,6908,宏碁遊戲-創,listed,30.65,31.0,30.5,31.0,0.35,1.1419,17225,530112,17,TWSE,common_stock,true,false,false,false,false,false,false,false,true,
2026-08-26,6909,創控,listed,40.5,41.0,40.15,40.55,0.45,1.1222,170906,6951983,174,TWSE,common_stock,true,false,false,false,false,false,false,false,true,
2026-08-26,6914,阜爾運通,listed,120.5,122.0,120.0,121.5,0.0,0.0,411351,49687731,733,TWSE,common_stock,true,false,false,false,false,false,false,false,true,
2026-08-26,6916,華凌,listed,18.55,18.75,18.45,18.5,0.0,0.0,37484,695523,25,TWSE,common_stock,true,false,false,false,false,false,false,false,true,
2026-08-26,6918,愛派司,listed,74.6,75.0,74.0,74.5,0.5,0.6757,25014,1860843,27,TWSE,common_stock,true,false,false,false,false,false,false,false,true,
2026-08-26,6919,康霈*,listed,105.5,108.5,104.5,106.0,0.5,0.4739,5161579,547935956,3443,TWSE,common_stock,true,false,false,false,false,false,false,false,true,
2026-08-26,6921,嘉雨思-創,listed,67.3,67.3,66.3,66.3,-1.0,-1.4859,4044,270550,8,TWSE,common_stock,true,false,false,false,false,false,false,false,true,
2026-08-26,6923,中台,listed,75.4,77.0,75.4,76.9,0.7,0.9186,26023,1996854,29,TWSE,common_stock,true,false,false,false,false,false,false,false,true,
2026-08-26,6924,榮惠-KY創,listed,112.0,112.0,109.0,110.0,-1.5,-1.3453,36600,4058149,34,TWSE,common_stock,true,false,false,false,false,false,false,false,true,
2026-08-26,6928,攸泰科技,listed,48.05,48.1,47.25,48.0,0.95,2.0191,36575,1745902,52,TWSE,common_stock,true,false,false,false,false,false,false,false,true,
2026-08-26,6931,青松健康,listed,41.8,42.0,41.55,41.65,0.15,0.3614,48476,2019975,115,TWSE,common_stock,true,false,false,false,false,false,false,false,true,
2026-08-26,6933,AMAX-KY,listed,199.0,215.0,197.5,215.0,19.5,9.9744,1533341,321929841,2634,TWSE,common_stock,true,false,false,false,false,false,false,false,true,
2026-08-26,6934,心誠鎂,listed,74.9,75.0,73.0,74.7,0.5,0.6739,10204,762149,15,TWSE,common_stock,true,false,false,false,false,false,false,false,true,
2026-08-26,6936,永鴻生技,listed,32.35,32.65,32.35,32.4,0.0,0.0,22871,743360,31,TWSE,common_stock,true,false,false,false,false,false,false,false,true,
2026-08-26,6937,天虹,listed,265.0,275.5,262.0,274.0,12.0,4.5802,267573,72300951,434,TWSE,common_stock,true,false,false,false,false,false,false,false,true,
2026-08-26,6944,兆聯實業,listed,716.0,731.0,716.0,727.0,15.0,2.1067,197029,142376981,638,TWSE,common_stock,true,false,false,false,false,false,false,false,true,
2026-08-26,6947,台鎔科技,listed,72.7,72.7,69.9,70.1,0.0,0.0,168897,11948941,214,TWSE,common_stock,true,false,false,false,false,false,false,false,true,
2026-08-26,6949,沛爾生醫-創,listed,1405.0,1490.0,1400.0,1490.0,135.0,9.9631,562127,829389230,462,TWSE,common_stock,true,false,false,false,false,false,false,false,true,
2026-08-26,6951,青新-創,listed,71.5,71.8,71.5,71.8,0.0,0.0,10554,757235,33,TWSE,common_stock,true,false,false,false,false,false,false,false,true,
2026-08-26,6952,大武山,listed,38.65,38.65,37.7,37.7,0.2,0.5333,4421,169153,10,TWSE,common_stock,true,false,false,false,false,false,false,false,true,
2026-08-26,6955,邦睿生技-創,listed,98.0,107.0,97.8,107.0,0.0,0.0,32000,3268200,24,TWSE,common_stock,true,false,false,false,false,false,false,false,true,
2026-08-26,6957,裕慶-KY,listed,221.0,222.0,217.0,218.5,-0.5,-0.2283,78122,17094964,692,TWSE,common_stock,true,false,false,false,false,false,false,false,true,
2026-08-26,6958,日盛台駿,listed,17.75,18.0,17.65,18.0,0.45,2.5641,31380,561617,35,TWSE,common_stock,true,false,false,false,false,false,false,false,true,
2026-08-26,6958A,日盛台駿甲特,listed,20.1,20.1,20.1,20.1,0.05,0.2494,15060,302709,7,TWSE,warrant,false,false,true,false,false,false,false,false,false,security_type=warrant;symbol_not_4_digit
2026-08-26,6962,奕力-KY,listed,31.6,32.35,31.45,31.7,0.45,1.44,2316394,73963901,1550,TWSE,common_stock,true,false,false,false,false,false,false,false,true,
2026-08-26,6965,中傑-KY,listed,74.9,75.2,73.3,74.7,-0.2,-0.267,28015,2084300,44,TWSE,common_stock,true,false,false,false,false,false,false,false,true,
2026-08-26,6969,成信實業*-創,listed,33.3,34.45,33.2,33.65,0.45,1.3554,160552,5444016,95,TWSE,common_stock,true,false,false,false,false,false,false,false,true,
2026-08-26,6988,威力暘-創,listed,11.5,11.75,11.35,11.7,0.15,1.2987,70060,803990,28,TWSE,common_stock,true,false,false,false,false,false,false,false,true,
2026-08-26,6994,富威電力,listed,36.8,37.2,36.35,36.4,-0.15,-0.4104,544841,19974624,407,TWSE,common_stock,true,false,false,false,false,false,false,false,true,
2026-08-26,7610,聯友金屬-創,listed,1615.0,1670.0,1590.0,1610.0,-25.0,-1.5291,492577,798724000,2626,TWSE,common_stock,true,false,false,false,false,false,false,false,true,
2026-08-26,7631,聚賢研發-創,listed,145.5,147.5,145.5,146.0,-1.0,-0.6803,43221,6323081,42,TWSE,common_stock,true,false,false,false,false,false,false,false,true,
2026-08-26,7689,大鵬科CLMX,listed,180.0,180.0,175.0,180.0,-0.5,-0.277,127168,22593899,169,TWSE,common_stock,true,false,false,false,false,false,false,false,true,
2026-08-26,7705,三商餐飲,listed,30.6,30.9,30.6,30.9,0.2,0.6515,35636,1093886,49,TWSE,common_stock,true,false,false,false,false,false,false,false,true,
2026-08-26,7711,永擎,listed,510.0,510.0,489.0,493.0,-22.0,-4.2718,1451678,721205686,6245,TWSE,common_stock,true,false,false,false,false,false,false,false,true,
2026-08-26,7721,微程式,listed,62.3,62.7,61.5,62.1,0.1,0.1613,48584,3016993,52,TWSE,common_stock,true,false,false,false,false,false,false,false,true,
2026-08-26,7722,LINEPAY,listed,283.5,289.0,283.5,289.0,6.0,2.1201,59963,17216688,286,TWSE,common_stock,true,false,false,false,false,false,false,false,true,
2026-08-26,7730,暉盛-創,listed,185.0,187.5,178.0,179.0,-3.5,-1.9178,125803,22841131,128,TWSE,common_stock,true,false,false,false,false,false,false,false,true,
2026-08-26,7732,金興精密,listed,34.8,34.8,34.5,34.8,0.25,0.7236,4000,138900,4,TWSE,common_stock,true,false,false,false,false,false,false,false,true,
2026-08-26,7736,虎山,listed,69.0,70.0,68.9,68.9,-0.5,-0.7205,16200,1122300,17,TWSE,common_stock,true,false,false,false,false,false,false,false,true,
2026-08-26,7740,熙特爾-創,listed,134.5,138.0,133.0,135.0,1.0,0.7463,123681,16624763,123,TWSE,common_stock,true,false,false,false,false,false,false,false,true,
2026-08-26,7749,意騰-KY,listed,387.0,387.0,375.5,376.5,-5.5,-1.4398,164601,62441565,359,TWSE,common_stock,true,false,false,false,false,false,false,false,true,
2026-08-26,7750,新代,listed,2370.0,2485.0,2270.0,2370.0,20.0,0.8511,1083452,2563265360,2517,TWSE,common_stock,true,false,false,false,false,false,false,false,true,
2026-08-26,7760,享溫馨,listed,33.0,33.2,32.8,33.0,0.15,0.4566,77000,2541650,27,TWSE,common_stock,true,false,false,false,false,false,false,false,true,
2026-08-26,7765,中華資安,listed,224.0,226.0,224.0,224.5,0.5,0.2232,16798,3782846,42,TWSE,common_stock,true,false,false,false,false,false,false,false,true,
2026-08-26,7768,頌勝科技,listed,285.0,291.5,284.0,291.5,8.5,3.0035,55781,16048577,212,TWSE,common_stock,true,false,false,false,false,false,false,false,true,
2026-08-26,7769,鴻勁,listed,6210.0,6345.0,6085.0,6335.0,125.0,2.0129,355931,2211513130,4103,TWSE,common_stock,true,false,false,false,false,false,false,false,true,
2026-08-26,7780,大研生醫*,listed,16.8,16.95,16.7,16.9,0.05,0.2967,476015,8016427,298,TWSE,common_stock,true,false,false,false,false,false,false,false,true,
2026-08-26,7786,東方風能,listed,121.5,121.5,120.0,120.0,-1.0,-0.8264,163329,19664434,262,TWSE,common_stock,true,false,false,false,false,false,false,false,true,
2026-08-26,7788,松川精密,listed,256.5,278.0,252.5,273.5,15.0,5.8027,1463681,389523346,3102,TWSE,common_stock,true,false,false,false,false,false,false,false,true,
2026-08-26,7791,皇家可口,listed,57.0,57.0,56.0,56.8,0.0,0.0,49165,2773519,56,TWSE,common_stock,true,false,false,false,false,false,false,false,true,
2026-08-26,7795,長廣,listed,560.0,604.0,560.0,580.0,29.0,5.2632,1300247,761172930,5022,TWSE,common_stock,true,false,false,false,false,false,false,false,true,
2026-08-26,7799,禾榮科,listed,356.5,373.5,356.5,366.0,9.5,2.6648,247608,90595049,393,TWSE,common_stock,true,false,false,false,false,false,false,false,true,
2026-08-26,7803,雲象科技-創,listed,19.35,19.65,19.0,19.6,-0.15,-0.7595,54399,1048451,51,TWSE,common_stock,true,false,false,false,false,false,false,false,true,
2026-08-26,7818,溢泰實業,listed,61.0,61.6,61.0,61.1,0.0,0.0,65359,4000744,146,TWSE,common_stock,true,false,false,false,false,false,false,false,true,
2026-08-26,7821,神數,listed,39.3,39.3,38.7,39.15,0.3,0.7722,50591,1970798,59,TWSE,common_stock,true,false,false,false,false,false,false,false,true,
2026-08-26,7822,倍利科,listed,933.0,950.0,915.0,928.0,3.0,0.3243,138845,128392744,877,TWSE,common_stock,true,false,false,false,false,false,false,false,true,
2026-08-26,7823,奧義賽博-KY創,listed,82.7,84.0,82.5,83.4,0.7,0.8464,41211,3438546,40,TWSE,common_stock,true,false,false,false,false,false,false,false,true,
2026-08-26,7827,漢康-KY創,listed,160.0,164.5,160.0,164.0,5.0,3.1447,505450,82085938,401,TWSE,common_stock,true,false,false,false,false,false,false,false,true,
2026-08-26,7835,永悅健康-創,listed,21.95,21.95,21.0,21.0,0.0,0.0,18210,387210,24,TWSE,common_stock,true,false,false,false,false,false,false,false,true,
2026-08-26,7855,和運租車,listed,43.6,43.65,43.4,43.5,-0.1,-0.2294,1103403,47987684,710,TWSE,common_stock,true,false,false,false,false,false,false,false,true,
2026-08-26,8011,台通,listed,15.9,16.05,15.9,16.05,0.15,0.9434,224941,3600255,143,TWSE,common_stock,true,false,false,false,false,false,false,false,true,
2026-08-26,8016,矽創,listed,295.0,296.5,291.0,296.0,3.5,1.1966,360025,106003280,1222,TWSE,common_stock,true,false,false,false,false,false,false,false,true,
2026-08-26,8021,尖點,listed,404.0,437.5,398.5,418.5,14.5,3.5891,8167498,3435272331,10504,TWSE,common_stock,true,false,false,false,false,false,false,false,true,
2026-08-26,8028,昇陽半導體,listed,241.5,246.5,240.5,246.5,4.5,1.8595,1327218,323975405,3036,TWSE,common_stock,true,false,false,false,false,false,false,false,true,
2026-08-26,8033,雷虎,listed,182.0,196.5,182.0,192.5,13.5,7.5419,10764926,2045419990,10464,TWSE,common_stock,true,false,false,false,false,false,false,false,true,
2026-08-26,8039,台虹,listed,302.0,320.5,294.0,320.5,29.0,9.9485,45654657,14245584781,27156,TWSE,common_stock,true,false,false,false,false,false,false,false,true,
2026-08-26,8045,達運光電,listed,52.2,52.3,51.4,51.6,-0.5,-0.9597,151240,7852979,193,TWSE,common_stock,true,false,false,false,false,false,false,false,true,
2026-08-26,8046,南電,listed,1140.0,1200.0,1125.0,1180.0,20.0,1.7241,14184956,16561528990,18490,TWSE,common_stock,true,false,false,false,false,false,false,false,true,
2026-08-26,8070,長華*,listed,49.8,52.2,49.65,51.3,2.0,4.0568,4085266,208938532,3057,TWSE,common_stock,true,false,false,false,false,false,false,false,true,
2026-08-26,8072,陞泰,listed,26.25,26.3,26.0,26.2,0.1,0.3831,120702,3159620,121,TWSE,common_stock,true,false,false,false,false,false,false,false,true,
2026-08-26,8081,致新,listed,256.0,263.0,256.0,262.0,9.0,3.5573,588110,152939166,819,TWSE,common_stock,true,false,false,false,false,false,false,false,true,
2026-08-26,8101,華冠,listed,13.2,13.25,12.7,12.7,-0.3,-2.3077,5212,68233,11,TWSE,common_stock,true,false,false,false,false,false,false,false,true,
2026-08-26,8103,瀚荃,listed,102.0,113.5,102.0,113.5,10.0,9.6618,10909449,1191202954,11337,TWSE,common_stock,true,false,false,false,false,false,false,false,true,
2026-08-26,8104,錸寶,listed,31.15,31.7,31.0,31.55,0.75,2.4351,274433,8646746,218,TWSE,common_stock,true,false,false,false,false,false,false,false,true,
2026-08-26,8110,華東,listed,45.85,46.1,45.55,45.8,0.15,0.3286,2747856,125739478,2009,TWSE,common_stock,true,false,false,false,false,false,false,false,true,
2026-08-26,8112,至上,listed,94.1,94.5,92.9,93.1,-0.9,-0.9574,8221408,768181647,6939,TWSE,common_stock,true,false,false,false,false,false,false,false,true,
2026-08-26,8112A,至上甲特,listed,45.0,45.0,45.0,45.0,0.0,0.0,40100,1804500,10,TWSE,warrant,false,false,true,false,false,false,false,false,false,security_type=warrant;symbol_not_4_digit
2026-08-26,8114,振樺電,listed,196.0,199.0,195.5,198.0,3.0,1.5385,309642,61194009,435,TWSE,common_stock,true,false,false,false,false,false,false,false,true,
2026-08-26,8131,福懋科,listed,61.9,63.3,61.5,62.8,1.3,2.1138,1234008,77119945,1307,TWSE,common_stock,true,false,false,false,false,false,false,false,true,
2026-08-26,8150,南茂,listed,87.9,93.4,87.1,91.1,3.6,4.1143,32700202,2989719123,23936,TWSE,common_stock,true,false,false,false,false,false,false,false,true,
2026-08-26,8162,微矽電子-創,listed,66.4,67.7,65.2,66.2,-0.2,-0.3012,236766,15686904,293,TWSE,common_stock,true,false,false,false,false,false,false,false,true,
2026-08-26,8163,達方,listed,31.2,31.55,31.0,31.3,0.35,1.1309,437076,13668686,423,TWSE,common_stock,true,false,false,false,false,false,false,false,true,
2026-08-26,8201,無敵,listed,11.9,12.05,11.8,11.8,-0.1,-0.8403,38316,455129,29,TWSE,common_stock,true,false,false,false,false,false,false,false,true,
2026-08-26,8210,勤誠,listed,968.0,984.0,966.0,974.0,9.0,0.9326,847542,825761431,2490,TWSE,common_stock,true,false,false,false,false,false,false,false,true,
2026-08-26,8213,志超,listed,32.95,32.95,32.7,32.8,0.15,0.4594,227346,7463480,203,TWSE,common_stock,true,false,false,false,false,false,false,false,true,
2026-08-26,8215,明基材,listed,24.2,24.5,24.2,24.35,0.15,0.6198,275858,6713795,255,TWSE,common_stock,true,false,false,false,false,false,false,false,true,
2026-08-26,8222,寶一,listed,38.6,40.75,38.6,40.5,2.0,5.1948,983389,39355527,920,TWSE,common_stock,true,false,false,false,false,false,false,false,true,
2026-08-26,8249,菱光,listed,40.3,41.4,40.2,41.15,1.1,2.7466,215985,8852494,211,TWSE,common_stock,true,false,false,false,false,false,false,false,true,
2026-08-26,8261,富鼎,listed,177.5,188.0,175.5,186.0,8.5,4.7887,6665018,1231278261,7923,TWSE,common_stock,true,false,false,false,false,false,false,false,true,
2026-08-26,8271,宇瞻,listed,231.0,232.0,228.0,231.0,1.0,0.4348,2037831,469156988,2325,TWSE,common_stock,true,false,false,false,false,false,false,false,true,
2026-08-26,8341,日友,listed,76.8,77.2,76.5,76.8,0.0,0.0,98678,7576841,217,TWSE,common_stock,true,false,false,false,false,false,false,false,true,
2026-08-26,8367,建新國際,listed,40.5,40.95,40.4,40.75,0.1,0.246,9130,371806,12,TWSE,common_stock,true,false,false,false,false,false,false,false,true,
2026-08-26,8374,羅昇,listed,81.5,82.6,80.9,81.7,0.8,0.9889,268464,21984969,495,TWSE,common_stock,true,false,false,false,false,false,false,false,true,
2026-08-26,8404,百和興業-KY,listed,16.25,16.45,16.25,16.45,0.15,0.9202,144135,2359426,120,TWSE,common_stock,true,false,false,false,false,false,false,false,true,
2026-08-26,8411,福貞-KY,listed,12.8,12.85,12.75,12.8,0.1,0.7874,28948,370638,32,TWSE,common_stock,true,false,false,false,false,false,false,false,true,
2026-08-26,8422,可寧衛*,listed,27.2,27.5,27.15,27.25,0.05,0.1838,3728937,101835250,2155,TWSE,common_stock,true,false,false,false,false,false,false,false,true,
2026-08-26,8429,金麗-KY,listed,6.05,6.1,6.03,6.05,0.02,0.3317,161940,981766,107,TWSE,common_stock,true,false,false,false,false,false,false,false,true,
2026-08-26,8438,昶昕,listed,68.3,71.0,68.0,70.3,2.3,3.3824,320841,22289468,373,TWSE,common_stock,true,false,false,false,false,false,false,false,true,
2026-08-26,8442,威宏-KY,listed,45.55,46.6,44.3,45.85,0.0,0.0,336754,15323834,322,TWSE,common_stock,true,false,false,false,false,false,false,false,true,
2026-08-26,8443,阿瘦,listed,11.3,11.4,11.3,11.4,0.05,0.4405,40480,461365,43,TWSE,common_stock,true,false,false,false,false,false,false,false,true,
2026-08-26,8454,富邦媒,listed,250.0,258.5,250.0,255.0,3.5,1.3917,402061,102901133,1205,TWSE,etf,false,true,false,false,false,false,false,false,false,security_type=etf
2026-08-26,8462,柏文,listed,174.5,177.0,174.0,175.5,1.0,0.5731,48175,8445317,657,TWSE,common_stock,true,false,false,false,false,false,false,false,true,
2026-08-26,8463,潤泰材,listed,21.2,21.4,21.15,21.4,0.0,0.0,26000,552350,19,TWSE,common_stock,true,false,false,false,false,false,false,false,true,
2026-08-26,8464,億豐,listed,367.0,373.5,364.5,373.5,6.0,1.6327,397989,147473557,475,TWSE,common_stock,true,false,false,false,false,false,false,false,true,
2026-08-26,8466,美吉吉-KY,listed,15.45,16.1,15.45,15.85,0.4,2.589,36154,563440,16,TWSE,common_stock,true,false,false,false,false,false,false,false,true,
2026-08-26,8467,波力-KY,listed,94.5,96.7,94.4,94.7,3.2,3.4973,27129,2587465,35,TWSE,common_stock,true,false,false,false,false,false,false,false,true,
2026-08-26,8473,山林水,listed,45.2,45.65,44.85,45.5,0.5,1.1111,426538,19299104,304,TWSE,common_stock,true,false,false,false,false,false,false,false,true,
2026-08-26,8476,台境*,listed,19.9,20.1,19.75,20.1,0.2,1.005,288184,5740144,155,TWSE,common_stock,true,false,false,false,false,false,false,false,true,
2026-08-26,8478,東哥遊艇,listed,142.0,144.5,141.5,144.0,2.0,1.4085,169652,24228395,218,TWSE,common_stock,true,false,false,false,false,false,false,false,true,
2026-08-26,8481,政伸,listed,41.0,41.05,40.9,41.0,0.0,0.0,9010,369310,10,TWSE,common_stock,true,false,false,false,false,false,false,false,true,
2026-08-26,8482,商億-KY,listed,49.0,49.9,49.0,49.85,0.9,1.8386,7070,350755,10,TWSE,common_stock,true,false,false,false,false,false,false,false,true,
2026-08-26,8487,愛爾達-創,listed,71.7,71.7,71.6,71.6,0.3,0.4208,2330,166776,23,TWSE,common_stock,true,false,false,false,false,false,false,false,true,
2026-08-26,8488,吉源-KY,listed,9.88,9.93,9.86,9.86,0.05,0.5097,6000,59350,6,TWSE,common_stock,true,false,false,false,false,false,false,false,true,
2026-08-26,8499,鼎炫-KY,listed,267.5,268.0,261.0,268.0,3.0,1.1321,16644,4412367,27,TWSE,common_stock,true,false,false,false,false,false,false,false,true,
2026-08-26,8926,台汽電,listed,57.0,57.3,56.7,57.1,0.1,0.1754,1628595,92812030,1420,TWSE,common_stock,true,false,false,false,false,false,false,false,true,
2026-08-26,8940,新天地,listed,15.3,15.35,15.15,15.35,0.0,0.0,23330,355911,47,TWSE,common_stock,true,false,false,false,false,false,false,false,true,
2026-08-26,8996,高力,listed,1195.0,1210.0,1150.0,1195.0,-20.0,-1.6461,3093732,3662896280,6110,TWSE,common_stock,true,false,false,false,false,false,false,false,true,
2026-08-26,9103,美德醫療-DR,listed,5.05,5.18,5.05,5.15,0.04,0.7828,511129,2616433,203,TWSE,dr,false,false,false,false,false,false,false,true,false,security_type=dr
2026-08-26,910322,康師傅-DR,listed,26.5,26.5,26.0,26.0,-0.4,-1.5152,35857,939924,18,TWSE,dr,false,false,false,false,false,false,false,true,false,security_type=dr;symbol_not_4_digit
2026-08-26,9105,泰金寶-DR,listed,8.35,8.45,8.32,8.32,0.02,0.241,8703051,72840061,2245,TWSE,dr,false,false,false,false,false,false,false,true,false,security_type=dr
2026-08-26,910861,神州-DR,listed,3.85,3.86,3.81,3.85,0.0,0.0,39021,149388,28,TWSE,dr,false,false,false,false,false,false,false,true,false,security_type=dr;symbol_not_4_digit
2026-08-26,9110,越南控-DR,listed,2.88,3.05,2.88,3.05,0.0,0.0,23201,67190,10,TWSE,dr,false,false,false,false,false,false,false,true,false,security_type=dr
2026-08-26,911608,明輝-DR,listed,2.64,2.64,2.6,2.62,-0.02,-0.7576,9000,23540,7,TWSE,dr,false,false,false,false,false,false,false,true,false,security_type=dr;symbol_not_4_digit
2026-08-26,911622,泰聚亨-DR,listed,3.61,3.61,3.61,3.61,0.06,1.6901,2000,7220,2,TWSE,dr,false,false,false,false,false,false,false,true,false,security_type=dr;symbol_not_4_digit
2026-08-26,911868,同方友友-DR,listed,1.17,1.18,1.16,1.17,0.0,0.0,218970,256130,45,TWSE,dr,false,false,false,false,false,false,false,true,false,security_type=dr;symbol_not_4_digit
2026-08-26,912000,晨訊科-DR,listed,2.55,2.55,2.41,2.51,-0.01,-0.3968,1429277,3540775,300,TWSE,dr,false,false,false,false,false,false,false,true,false,security_type=dr;symbol_not_4_digit
2026-08-26,9136,巨騰-DR,listed,10.95,11.15,10.8,11.0,0.05,0.4566,204415,2238415,95,TWSE,dr,false,false,false,false,false,false,false,true,false,security_type=dr
2026-08-26,9802,鈺齊-KY,listed,73.0,73.2,72.2,72.6,-0.4,-0.5479,479521,34931498,585,TWSE,common_stock,true,false,false,false,false,false,false,false,true,
2026-08-26,9902,台火,listed,13.75,13.85,13.75,13.75,-0.05,-0.3623,45237,624107,84,TWSE,common_stock,true,false,false,false,false,false,false,false,true,
2026-08-26,9904,寶成,listed,25.05,25.6,25.05,25.05,-0.05,-0.1992,17060789,430797683,5222,TWSE,common_stock,true,false,false,false,false,false,false,false,true,
2026-08-26,9905,大華,listed,21.4,21.55,21.35,21.45,0.05,0.2336,93356,2001603,78,TWSE,common_stock,true,false,false,false,false,false,false,false,true,
2026-08-26,9906,欣巴巴,listed,39.85,40.7,39.6,40.65,1.5,3.8314,58930,2366417,85,TWSE,common_stock,true,false,false,false,false,false,false,false,true,
2026-08-26,9907,統一實,listed,15.35,15.4,15.2,15.35,0.0,0.0,1395396,21376135,848,TWSE,etf,false,true,false,false,false,false,false,false,false,security_type=etf
2026-08-26,9908,大台北,listed,29.0,29.15,28.95,29.15,0.15,0.5172,158679,4607502,136,TWSE,common_stock,true,false,false,false,false,false,false,false,true,
2026-08-26,9910,豐泰,listed,69.5,69.7,67.8,67.9,-2.1,-3.0,2367751,161587683,2150,TWSE,common_stock,true,false,false,false,false,false,false,false,true,
2026-08-26,9911,櫻花,listed,83.0,83.4,82.9,83.2,0.2,0.241,124486,10354441,178,TWSE,common_stock,true,false,false,false,false,false,false,false,true,
2026-08-26,9912,偉聯,listed,12.85,12.95,12.85,12.95,0.1,0.7782,88226,1138233,91,TWSE,common_stock,true,false,false,false,false,false,false,false,true,
2026-08-26,9914,美利達,listed,86.2,87.6,84.5,84.9,-1.3,-1.5081,2199108,187980865,3425,TWSE,common_stock,true,false,false,false,false,false,false,false,true,
2026-08-26,9917,中保科,listed,110.0,111.0,110.0,111.0,0.5,0.4525,325272,35996602,452,TWSE,common_stock,true,false,false,false,false,false,false,false,true,
2026-08-26,9918,欣天然,listed,43.0,43.5,42.7,43.2,0.55,1.2896,56945,2449735,165,TWSE,common_stock,true,false,false,false,false,false,false,false,true,
2026-08-26,9919,康那香,listed,13.9,14.0,13.9,14.0,0.15,1.083,157898,2202029,120,TWSE,common_stock,true,false,false,false,false,false,false,false,true,
2026-08-26,9921,巨大,listed,104.5,108.0,103.0,104.5,0.0,0.0,2256337,236007664,1840,TWSE,common_stock,true,false,false,false,false,false,false,false,true,
2026-08-26,9924,福興,listed,38.8,38.9,38.35,38.9,0.15,0.3871,102127,3948961,188,TWSE,common_stock,true,false,false,false,false,false,false,false,true,
2026-08-26,9925,新保,listed,39.95,40.1,39.9,39.95,0.05,0.1253,569162,22748953,533,TWSE,common_stock,true,false,false,false,false,false,false,false,true,
2026-08-26,9926,新海,listed,49.2,49.85,49.2,49.7,0.85,1.74,35355,1751606,51,TWSE,common_stock,true,false,false,false,false,false,false,false,true,
2026-08-26,9927,泰銘,listed,69.3,69.5,69.1,69.3,0.3,0.4348,50457,3496067,66,TWSE,common_stock,true,false,false,false,false,false,false,false,true,
2026-08-26,9928,中視,listed,18.15,18.2,17.9,18.1,-0.05,-0.2755,66193,1194684,41,TWSE,common_stock,true,false,false,false,false,false,false,false,true,
2026-08-26,9929,秋雨,listed,11.3,11.35,11.3,11.35,-0.05,-0.4386,7639,86306,14,TWSE,common_stock,true,false,false,false,false,false,false,false,true,
2026-08-26,9930,中聯資源,listed,62.8,63.7,62.8,63.7,0.5,0.7911,92475,5862849,95,TWSE,common_stock,true,false,false,false,false,false,false,false,true,
2026-08-26,9931,欣高,listed,33.9,34.5,33.9,34.35,0.45,1.3274,30985,1057698,46,TWSE,common_stock,true,false,false,false,false,false,false,false,true,
2026-08-26,9933,中鼎,listed,42.3,42.35,41.95,42.0,-0.2,-0.4739,1221946,51518713,1138,TWSE,common_stock,true,false,false,false,false,false,false,false,true,
2026-08-26,9934,成霖,listed,11.2,11.3,11.2,11.25,0.05,0.4464,484191,5440529,171,TWSE,common_stock,true,false,false,false,false,false,false,false,true,
2026-08-26,9935,慶豐富,listed,20.5,20.5,20.1,20.2,0.05,0.2481,428338,8655233,326,TWSE,common_stock,true,false,false,false,false,false,false,false,true,
2026-08-26,9937,全國,listed,55.1,55.3,55.1,55.3,0.3,0.5455,27237,1503928,39,TWSE,common_stock,true,false,false,false,false,false,false,false,true,
2026-08-26,9938,百和,listed,42.4,42.85,42.2,42.75,0.2,0.47,749849,31936107,514,TWSE,common_stock,true,false,false,false,false,false,false,false,true,
2026-08-26,9939,宏全,listed,132.5,133.0,131.5,133.0,0.5,0.3774,505892,66962206,580,TWSE,common_stock,true,false,false,false,false,false,false,false,true,
2026-08-26,9940,信義,listed,20.5,20.7,20.45,20.55,0.05,0.2439,212345,4361204,176,TWSE,common_stock,true,false,false,false,false,false,false,false,true,
2026-08-26,9941,裕融,listed,86.6,87.1,85.7,85.8,-1.0,-1.1521,1425649,122772132,3062,TWSE,common_stock,true,false,false,false,false,false,false,false,true,
2026-08-26,9941A,裕融甲特,listed,51.2,51.2,51.2,51.2,0.0,0.0,20110,1029610,16,TWSE,warrant,false,false,true,false,false,false,false,false,false,security_type=warrant;symbol_not_4_digit
2026-08-26,9942,茂順,listed,114.0,115.5,114.0,114.5,0.5,0.4386,108069,12360084,104,TWSE,common_stock,true,false,false,false,false,false,false,false,true,
2026-08-26,9943,好樂迪,listed,51.4,51.8,51.4,51.7,0.3,0.5837,44330,2288648,62,TWSE,common_stock,true,false,false,false,false,false,false,false,true,
2026-08-26,9944,新麗,listed,17.25,17.5,17.25,17.5,0.25,1.4493,23726,411381,49,TWSE,common_stock,true,false,false,false,false,false,false,false,true,
2026-08-26,9945,潤泰新,listed,28.7,29.0,28.6,28.9,0.15,0.5217,4263893,122857890,2142,TWSE,common_stock,true,false,false,false,false,false,false,false,true,
2026-08-26,9946,三發地產,listed,19.15,19.15,18.8,19.1,-0.05,-0.2611,964482,18334562,438,TWSE,common_stock,true,false,false,false,false,false,false,false,true,
2026-08-26,9955,佳龍,listed,24.7,25.2,24.7,24.95,0.2,0.8081,299527,7470977,258,TWSE,common_stock,true,false,false,false,false,false,false,false,true,
2026-08-26,9958,世紀鋼,listed,94.5,95.8,94.5,95.3,0.5,0.5274,1084081,103203291,1387,TWSE,common_stock,true,false,false,false,false,false,false,false,true,
