date,symbol,name,market,open,high,low,close,change,change_pct,volume,turnover,transactions,source,security_type,is_common_stock,is_etf,is_warrant,is_bond_etf,is_leveraged_inverse,is_etn,is_preferred_stock,is_dr,scan_eligible,exclude_reason
2026-08-28,00400A,主動國泰動能高息,listed,14.96,15.05,14.91,15.0,0.19,1.2829,41461478,621924604,7417,TWSE,etf,false,true,true,false,false,false,false,false,false,security_type=etf;symbol_not_4_digit
2026-08-28,00401A,主動摩根台灣鑫收,listed,13.74,13.8,13.71,13.77,0.14,1.0271,3028373,41696359,698,TWSE,etf,false,true,true,false,false,false,false,false,false,security_type=etf;symbol_not_4_digit
2026-08-28,00402A,主動安聯美國科技,listed,9.67,9.67,9.6,9.6,-0.03,-0.3115,2986392,28758487,1061,TWSE,etf,false,true,true,false,false,false,false,false,false,security_type=etf;symbol_not_4_digit
2026-08-28,00403A,主動統一升級50,listed,10.32,10.44,10.32,10.36,0.11,1.0732,429927703,4472390014,51807,TWSE,etf,false,true,true,false,false,false,false,false,false,security_type=etf;symbol_not_4_digit
2026-08-28,00404A,主動聯博動能50,listed,9.64,9.73,9.64,9.69,0.08,0.8325,5640304,54665878,627,TWSE,etf,false,true,true,false,false,false,false,false,false,security_type=etf;symbol_not_4_digit
2026-08-28,00405A,主動富邦台灣龍耀,listed,8.73,8.88,8.72,8.78,0.1,1.1521,76541823,674344943,8796,TWSE,etf,false,true,true,false,false,false,false,false,false,security_type=etf;symbol_not_4_digit
2026-08-28,00406A,主動中信台灣收益,listed,9.8,9.86,9.75,9.81,0.11,1.134,176496160,1732910241,23120,TWSE,etf,false,true,true,false,false,false,false,false,false,security_type=etf;symbol_not_4_digit
2026-08-28,00407A,主動凱基台灣,listed,9.84,9.95,9.84,9.87,0.1,1.0235,94839471,939722920,10514,TWSE,etf,false,true,true,false,false,false,false,false,false,security_type=etf;symbol_not_4_digit
2026-08-28,00408A,主動第一金優股息,listed,10.6,10.63,10.55,10.56,0.07,0.6673,2297150,24339167,381,TWSE,etf,false,true,true,false,false,false,false,false,false,security_type=etf;symbol_not_4_digit
2026-08-28,00410A,主動永豐科技趨勢,listed,12.18,12.25,12.11,12.17,0.07,0.5785,12496747,152151320,1312,TWSE,etf,false,true,true,false,false,false,false,false,false,security_type=etf;symbol_not_4_digit
2026-08-28,0050,元大台灣50,listed,107.1,107.35,106.7,106.95,0.9,0.8487,78158934,8369173993,70286,TWSE,etf,false,true,false,false,false,false,false,false,false,security_type=etf
2026-08-28,0051,元大中型100,listed,146.15,146.95,145.55,146.0,0.2,0.1372,34272,5008629,387,TWSE,etf,false,true,false,false,false,false,false,false,false,security_type=etf
2026-08-28,0052,富邦科技,listed,62.5,62.7,62.25,62.35,0.45,0.727,15230150,951382135,11119,TWSE,etf,false,true,false,false,false,false,false,false,false,security_type=etf
2026-08-28,0053,元大電子,listed,244.0,244.2,243.2,243.5,1.95,0.8073,44722,10896245,1358,TWSE,etf,false,true,false,false,false,false,false,false,false,security_type=etf
2026-08-28,0055,元大MSCI金融,listed,44.99,45.16,44.85,45.11,0.58,1.3025,310242,13965920,551,TWSE,etf,false,true,false,false,false,false,false,false,false,security_type=etf
2026-08-28,0056,元大高股息,listed,54.0,54.45,53.75,53.85,0.25,0.4664,19255570,1040682170,16647,TWSE,etf,false,true,false,false,false,false,false,false,false,security_type=etf
2026-08-28,0057,富邦摩台,listed,320.75,320.8,319.0,319.55,0.6,0.1881,12554,4012242,1101,TWSE,etf,false,true,false,false,false,false,false,false,false,security_type=etf
2026-08-28,0061,元大寶滬深,listed,24.31,24.46,24.29,24.37,-0.11,-0.4493,51361,1250599,132,TWSE,etf,false,true,false,false,false,false,false,false,false,security_type=etf
2026-08-28,006203,元大MSCI台灣,listed,193.85,195.3,193.85,195.3,1.8,0.9302,12442,2422505,910,TWSE,etf,false,true,false,false,false,false,false,false,false,security_type=etf;symbol_not_4_digit
2026-08-28,006204,永豐臺灣加權,listed,231.85,231.85,230.6,230.7,0.9,0.3916,24754,5711603,93,TWSE,etf,false,true,false,false,false,false,false,false,false,security_type=etf;symbol_not_4_digit
2026-08-28,006205,富邦上証,listed,40.74,40.74,40.62,40.62,-0.12,-0.2946,95798,3898135,160,TWSE,etf,false,true,false,false,false,false,false,false,false,security_type=etf;symbol_not_4_digit
2026-08-28,006206,元大上證50,listed,37.88,37.88,37.56,37.72,-0.08,-0.2116,7195,271249,135,TWSE,etf,false,true,false,false,false,false,false,false,false,security_type=etf;symbol_not_4_digit
2026-08-28,006207,復華滬深,listed,32.45,32.45,32.35,32.35,-0.1,-0.3082,105705,3423975,100,TWSE,etf,false,true,false,false,false,false,false,false,false,security_type=etf;symbol_not_4_digit
2026-08-28,006208,富邦台50,listed,244.9,245.8,244.25,245.1,1.95,0.802,2087772,511939492,7703,TWSE,etf,false,true,false,false,false,false,false,false,false,security_type=etf;symbol_not_4_digit
2026-08-28,00625K,富邦上証+R,listed,,,,,0.0,,0,0,0,TWSE,etf,false,true,true,false,false,false,false,false,false,security_type=etf;symbol_not_4_digit;invalid_close;invalid_volume;invalid_turnover
2026-08-28,00631L,元大台灣50正2,listed,36.58,36.65,36.18,36.3,0.35,0.9736,129529441,4716475260,35224,TWSE,leveraged_inverse,false,true,true,false,true,false,false,false,false,security_type=leveraged_inverse;symbol_not_4_digit
2026-08-28,00632R,元大台灣50反1,listed,9.87,9.92,9.85,9.89,-0.06,-0.603,111539659,1102103481,11769,TWSE,leveraged_inverse,false,true,true,false,true,false,false,false,false,security_type=leveraged_inverse;symbol_not_4_digit
2026-08-28,00633L,富邦上証正2,listed,48.86,49.28,48.5,48.77,0.07,0.1437,917761,44938780,285,TWSE,leveraged_inverse,false,true,true,false,true,false,false,false,false,security_type=leveraged_inverse;symbol_not_4_digit
2026-08-28,00634R,富邦上証反1,listed,3.11,3.11,3.09,3.11,-0.01,-0.3205,14200,44021,13,TWSE,leveraged_inverse,false,true,true,false,true,false,false,false,false,security_type=leveraged_inverse;symbol_not_4_digit
2026-08-28,00635U,期元大S&P黃金,listed,47.5,47.63,47.3,47.38,-0.42,-0.8787,3564275,168968356,3418,TWSE,etf,false,true,true,false,false,false,false,false,false,security_type=etf;symbol_not_4_digit
2026-08-28,00636,國泰中國A50,listed,27.84,27.86,27.64,27.65,-0.17,-0.6111,656610,18222132,224,TWSE,etf,false,true,false,false,false,false,false,false,false,security_type=etf;symbol_not_4_digit
2026-08-28,00636K,國泰中國A50+U,listed,8.79,8.79,8.79,8.79,0.01,0.1139,200,1758,2,TWSE,etf,false,true,true,false,false,false,false,false,false,security_type=etf;symbol_not_4_digit
2026-08-28,00637L,元大滬深300正2,listed,20.12,20.27,19.95,20.05,-0.02,-0.0997,8061421,162267411,1317,TWSE,leveraged_inverse,false,true,true,false,true,false,false,false,false,security_type=leveraged_inverse;symbol_not_4_digit
2026-08-28,00638R,元大滬深300反1,listed,6.6,6.6,6.59,6.59,-0.04,-0.6033,18000,118760,5,TWSE,leveraged_inverse,false,true,true,false,true,false,false,false,false,security_type=leveraged_inverse;symbol_not_4_digit
2026-08-28,00639,富邦深100,listed,16.61,16.67,16.49,16.51,-0.1,-0.602,242874,4021435,237,TWSE,etf,false,true,false,false,false,false,false,false,false,security_type=etf;symbol_not_4_digit
2026-08-28,00640L,富邦日本正2,listed,109.55,111.2,109.55,110.95,2.05,1.8825,72460,8013083,76,TWSE,leveraged_inverse,false,true,true,false,true,false,false,false,false,security_type=leveraged_inverse;symbol_not_4_digit
2026-08-28,00641R,富邦日本反1,listed,3.65,3.65,3.62,3.62,-0.03,-0.8219,1205230,4373973,77,TWSE,leveraged_inverse,false,true,true,false,true,false,false,false,false,security_type=leveraged_inverse;symbol_not_4_digit
2026-08-28,00642U,期元大S&P石油,listed,27.67,27.73,27.56,27.65,0.49,1.8041,1211671,33500822,447,TWSE,etf,false,true,true,false,false,false,false,false,false,security_type=etf;symbol_not_4_digit
2026-08-28,00643,群益深証中小,listed,18.63,18.66,18.5,18.54,-0.08,-0.4296,2528157,46910718,160,TWSE,etf,false,true,false,false,false,false,false,false,false,security_type=etf;symbol_not_4_digit
2026-08-28,00643K,群益深証中小+R,listed,,,,,0.0,,0,0,0,TWSE,etf,false,true,true,false,false,false,false,false,false,security_type=etf;symbol_not_4_digit;invalid_close;invalid_volume;invalid_turnover
2026-08-28,00645,富邦日本,listed,58.3,58.6,58.3,58.5,0.35,0.6019,71730,4193434,225,TWSE,etf,false,true,false,false,false,false,false,false,false,security_type=etf;symbol_not_4_digit
2026-08-28,00646,元大S&P500,listed,77.05,77.05,76.8,76.85,-0.1,-0.13,4054678,311718155,3817,TWSE,etf,false,true,false,false,false,false,false,false,false,security_type=etf;symbol_not_4_digit
2026-08-28,00647L,元大S&P500正2,listed,139.5,139.95,139.5,139.5,0.4,0.2876,23407,3269646,51,TWSE,leveraged_inverse,false,true,true,false,true,false,false,false,false,security_type=leveraged_inverse;symbol_not_4_digit
2026-08-28,00648R,元大S&P500反1,listed,3.89,3.9,3.89,3.9,-0.01,-0.2558,1579120,6150299,59,TWSE,leveraged_inverse,false,true,true,false,true,false,false,false,false,security_type=leveraged_inverse;symbol_not_4_digit
2026-08-28,00650L,復華香港正2,listed,17.26,17.34,16.92,17.29,0.02,0.1158,1590655,27260265,462,TWSE,leveraged_inverse,false,true,true,false,true,false,false,false,false,security_type=leveraged_inverse;symbol_not_4_digit
2026-08-28,00651R,復華香港反1,listed,5.17,5.17,5.11,5.12,-0.02,-0.3891,104799,536751,16,TWSE,leveraged_inverse,false,true,true,false,true,false,false,false,false,security_type=leveraged_inverse;symbol_not_4_digit
2026-08-28,00652,富邦印度,listed,33.0,33.0,32.87,33.0,-0.07,-0.2117,121176,3989063,278,TWSE,etf,false,true,false,false,false,false,false,false,false,security_type=etf;symbol_not_4_digit
2026-08-28,00653L,富邦印度正2,listed,46.6,46.94,46.54,46.83,0.08,0.1711,46056,2146984,36,TWSE,leveraged_inverse,false,true,true,false,true,false,false,false,false,security_type=leveraged_inverse;symbol_not_4_digit
2026-08-28,00654R,富邦印度反1,listed,6.7,6.72,6.68,6.68,-0.01,-0.1495,63003,422200,8,TWSE,leveraged_inverse,false,true,true,false,true,false,false,false,false,security_type=leveraged_inverse;symbol_not_4_digit
2026-08-28,00655L,國泰中國A50正2,listed,33.98,34.27,33.7,33.89,0.04,0.1182,392648,13328727,130,TWSE,leveraged_inverse,false,true,true,false,true,false,false,false,false,security_type=leveraged_inverse;symbol_not_4_digit
2026-08-28,00656R,國泰中國A50反1,listed,5.82,5.84,5.79,5.83,-0.02,-0.3419,1149516,6685672,20,TWSE,leveraged_inverse,false,true,true,false,true,false,false,false,false,security_type=leveraged_inverse;symbol_not_4_digit
2026-08-28,00657,國泰日經225,listed,78.15,78.15,78.0,78.0,0.45,0.5803,36853,2879492,75,TWSE,etf,false,true,false,false,false,false,false,false,false,security_type=etf;symbol_not_4_digit
2026-08-28,00657K,國泰日經225+U,listed,24.8,24.8,24.8,24.8,0.14,0.5677,200,4960,2,TWSE,etf,false,true,true,false,false,false,false,false,false,security_type=etf;symbol_not_4_digit
2026-08-28,00660,元大歐洲50,listed,46.61,46.64,46.55,46.55,-0.06,-0.1287,8015,373318,77,TWSE,etf,false,true,false,false,false,false,false,false,false,security_type=etf;symbol_not_4_digit
2026-08-28,00661,元大日經225,listed,85.85,86.45,85.8,86.2,0.75,0.8777,35494,3054046,146,TWSE,etf,false,true,false,false,false,false,false,false,false,security_type=etf;symbol_not_4_digit
2026-08-28,00662,富邦NASDAQ,listed,120.45,120.45,119.95,120.05,0.2,0.1669,2155189,259012034,2289,TWSE,etf,false,true,false,false,false,false,false,false,false,security_type=etf;symbol_not_4_digit
2026-08-28,00663L,國泰臺灣加權正2,listed,105.35,105.8,104.2,104.7,0.95,0.9157,5250524,551029861,2071,TWSE,leveraged_inverse,false,true,true,false,true,false,false,false,false,security_type=leveraged_inverse;symbol_not_4_digit
2026-08-28,00664R,國泰臺灣加權反1,listed,1.6,1.61,1.59,1.6,-0.02,-1.2346,20320571,32505489,1034,TWSE,leveraged_inverse,false,true,true,false,true,false,false,false,false,security_type=leveraged_inverse;symbol_not_4_digit
2026-08-28,00665L,富邦恒生國企正2,listed,9.45,9.54,9.29,9.5,0.01,0.1054,12325218,116217870,937,TWSE,leveraged_inverse,false,true,true,false,true,false,false,false,false,security_type=leveraged_inverse;symbol_not_4_digit
2026-08-28,00666R,富邦恒生國企反1,listed,8.97,8.97,8.97,8.97,-0.03,-0.3333,1602,14375,8,TWSE,leveraged_inverse,false,true,true,false,true,false,false,false,false,security_type=leveraged_inverse;symbol_not_4_digit
2026-08-28,00668,國泰美國道瓊,listed,62.0,62.0,61.95,61.95,-0.3,-0.4819,8007,496016,96,TWSE,etf,false,true,false,false,false,false,false,false,false,security_type=etf;symbol_not_4_digit
2026-08-28,00668K,國泰美國道瓊+U,listed,19.63,19.63,19.63,19.63,0.06,0.3066,200,3926,2,TWSE,etf,false,true,true,false,false,false,false,false,false,security_type=etf;symbol_not_4_digit
2026-08-28,00669R,國泰美國道瓊反1,listed,5.16,5.16,5.14,5.14,-0.03,-0.5803,346011,1779875,61,TWSE,leveraged_inverse,false,true,true,false,true,false,false,false,false,security_type=leveraged_inverse;symbol_not_4_digit
2026-08-28,00670L,富邦NASDAQ正2,listed,201.2,201.95,200.8,200.8,1.7,0.8538,522674,105291627,582,TWSE,leveraged_inverse,false,true,true,false,true,false,false,false,false,security_type=leveraged_inverse;symbol_not_4_digit
2026-08-28,00671R,富邦NASDAQ反1,listed,2.41,2.43,2.41,2.43,-0.01,-0.4098,14083312,33956262,218,TWSE,leveraged_inverse,false,true,true,false,true,false,false,false,false,security_type=leveraged_inverse;symbol_not_4_digit
2026-08-28,00673R,期元大S&P原油反1,listed,12.4,12.44,12.37,12.39,-0.26,-2.0553,13129616,162774451,1965,TWSE,leveraged_inverse,false,true,true,false,true,false,false,false,false,security_type=leveraged_inverse;symbol_not_4_digit
2026-08-28,00674R,期元大S&P黃金反1,listed,26.7,26.72,26.6,26.69,0.18,0.679,165353,4407948,65,TWSE,leveraged_inverse,false,true,true,false,true,false,false,false,false,security_type=leveraged_inverse;symbol_not_4_digit
2026-08-28,00675L,富邦臺灣加權正2,listed,319.05,320.5,316.0,317.4,3.6,1.1472,685232,217950589,1000,TWSE,leveraged_inverse,false,true,true,false,true,false,false,false,false,security_type=leveraged_inverse;symbol_not_4_digit
2026-08-28,00676R,富邦臺灣加權反1,listed,5.47,5.48,5.44,5.48,-0.02,-0.3636,3941808,21531981,496,TWSE,leveraged_inverse,false,true,true,false,true,false,false,false,false,security_type=leveraged_inverse;symbol_not_4_digit
2026-08-28,00678,群益那斯達克生技,listed,44.66,44.66,44.45,44.45,-0.26,-0.5815,325582,14486873,149,TWSE,etf,false,true,false,false,false,false,false,false,false,security_type=etf;symbol_not_4_digit
2026-08-28,00680L,元大美債20正2,listed,6.5,6.51,6.47,6.48,-0.08,-1.2195,4020271,26071667,334,TWSE,bond_etf,false,true,true,true,true,false,false,false,false,security_type=bond_etf;symbol_not_4_digit
2026-08-28,00681R,元大美債20反1,listed,21.54,21.59,21.54,21.59,0.07,0.3253,2001,43151,3,TWSE,bond_etf,false,true,true,true,true,false,false,false,false,security_type=bond_etf;symbol_not_4_digit
2026-08-28,00682U,期元大美元指數,listed,20.42,20.42,20.42,20.42,0.03,0.1471,3000,61260,1,TWSE,etf,false,true,true,false,false,false,false,false,false,security_type=etf;symbol_not_4_digit
2026-08-28,00683L,期元大美元指正2,listed,,,,,0.0,,175,3711,6,TWSE,leveraged_inverse,false,true,true,false,true,false,false,false,false,security_type=leveraged_inverse;symbol_not_4_digit;invalid_close
2026-08-28,00684R,期元大美元指反1,listed,,,,,0.0,,0,0,0,TWSE,leveraged_inverse,false,true,true,false,true,false,false,false,false,security_type=leveraged_inverse;symbol_not_4_digit;invalid_close;invalid_volume;invalid_turnover
2026-08-28,00685L,群益臺灣加權正2,listed,12.03,12.08,11.91,11.96,0.12,1.0135,166817365,2000689985,22617,TWSE,leveraged_inverse,false,true,true,false,true,false,false,false,false,security_type=leveraged_inverse;symbol_not_4_digit
2026-08-28,00686R,群益臺灣加權反1,listed,0.98,0.99,0.97,0.99,0.0,0.0,7459384,7309248,262,TWSE,leveraged_inverse,false,true,true,false,true,false,false,false,false,security_type=leveraged_inverse;symbol_not_4_digit
2026-08-28,00688L,國泰20年美債正2,listed,6.5,6.51,6.47,6.48,-0.07,-1.0687,1630719,10567040,140,TWSE,bond_etf,false,true,true,true,true,false,false,false,false,security_type=bond_etf;symbol_not_4_digit
2026-08-28,00689R,國泰20年美債反1,listed,22.56,22.59,22.56,22.59,0.05,0.2218,101000,2278590,3,TWSE,bond_etf,false,true,true,true,true,false,false,false,false,security_type=bond_etf;symbol_not_4_digit
2026-08-28,00690,兆豐藍籌30,listed,77.5,78.3,77.5,78.1,1.55,2.0248,359536,28056832,2449,TWSE,etf,false,true,false,false,false,false,false,false,false,security_type=etf;symbol_not_4_digit
2026-08-28,00692,富邦公司治理,listed,92.0,92.0,91.45,91.7,0.55,0.6034,435350,39936490,724,TWSE,etf,false,true,false,false,false,false,false,false,false,security_type=etf;symbol_not_4_digit
2026-08-28,00693U,期街口S&P黃豆,listed,23.31,23.31,23.14,23.15,0.15,0.6522,1328849,30848480,408,TWSE,warrant,false,false,true,false,false,false,false,false,false,security_type=warrant;symbol_not_4_digit
2026-08-28,00700,富邦恒生國企,listed,17.33,17.4,17.19,17.39,0.0,0.0,181723,3140789,145,TWSE,etf,false,true,false,false,false,false,false,false,false,security_type=etf;symbol_not_4_digit
2026-08-28,00701,國泰股利精選30,listed,37.74,38.34,37.74,38.3,0.6,1.5915,644359,24620757,511,TWSE,etf,false,true,false,false,false,false,false,false,false,security_type=etf;symbol_not_4_digit
2026-08-28,00702,國泰標普低波高息,listed,25.1,25.1,25.0,25.04,-0.3,-1.1839,46067,1154269,93,TWSE,etf,false,true,false,false,false,false,false,false,false,security_type=etf;symbol_not_4_digit
2026-08-28,00703,台新MSCI中國,listed,19.5,19.57,19.5,19.57,0.03,0.1535,67256,1314040,17,TWSE,other,false,false,false,false,false,false,false,false,false,symbol_not_4_digit
2026-08-28,00706L,期元大S&P日圓正2,listed,18.88,18.93,18.87,18.88,-0.02,-0.1058,720578,13627267,86,TWSE,leveraged_inverse,false,true,true,false,true,false,false,false,false,security_type=leveraged_inverse;symbol_not_4_digit
2026-08-28,00707R,期元大S&P日圓反1,listed,,,,,0.0,,0,0,0,TWSE,leveraged_inverse,false,true,true,false,true,false,false,false,false,security_type=leveraged_inverse;symbol_not_4_digit;invalid_close;invalid_volume;invalid_turnover
2026-08-28,00708L,期元大S&P黃金正2,listed,88.55,88.95,87.9,88.15,-1.6,-1.7827,5163303,456136756,3404,TWSE,leveraged_inverse,false,true,true,false,true,false,false,false,false,security_type=leveraged_inverse;symbol_not_4_digit
2026-08-28,00709,富邦歐洲,listed,40.88,40.96,40.83,40.83,-0.53,-1.2814,42609,1741559,166,TWSE,etf,false,true,false,false,false,false,false,false,false,security_type=etf;symbol_not_4_digit
2026-08-28,00710B,復華彭博非投等債,listed,19.01,19.09,19.01,19.05,-0.03,-0.1572,254941,4861948,67,TWSE,bond_etf,false,true,true,true,false,false,false,false,false,security_type=bond_etf;symbol_not_4_digit
2026-08-28,00711B,復華彭博新興債,listed,15.6,15.6,15.57,15.57,-0.12,-0.7648,106589,1661689,68,TWSE,bond_etf,false,true,true,true,false,false,false,false,false,security_type=bond_etf;symbol_not_4_digit
2026-08-28,00712,復華富時不動產,listed,8.75,8.76,8.72,8.73,-0.02,-0.2286,34686711,303000838,7690,TWSE,etf,false,true,false,false,false,false,false,false,false,security_type=etf;symbol_not_4_digit
2026-08-28,00713,元大台灣高息低波,listed,61.6,61.8,61.45,61.55,-0.05,-0.0812,2253218,138766493,2398,TWSE,etf,false,true,false,false,false,false,false,false,false,security_type=etf;symbol_not_4_digit
2026-08-28,00714,群益道瓊美國地產,listed,21.9,21.94,21.89,21.89,-0.24,-1.0845,82879,1814388,164,TWSE,etf,false,true,false,false,false,false,false,false,false,security_type=etf;symbol_not_4_digit
2026-08-28,00715L,期街口布蘭特正2,listed,48.9,49.1,48.61,48.76,1.93,4.1213,4227141,206541715,1365,TWSE,leveraged_inverse,false,true,true,false,true,false,false,false,false,security_type=leveraged_inverse;symbol_not_4_digit
2026-08-28,00717,富邦美國特別股,listed,14.79,14.8,14.76,14.76,-0.07,-0.472,40770,602401,133,TWSE,preferred_stock,false,true,false,false,false,false,true,false,false,security_type=preferred_stock;symbol_not_4_digit
2026-08-28,00728,第一金工業30,listed,68.7,69.6,68.7,69.2,0.95,1.3919,793122,55053850,407,TWSE,other,false,false,false,false,false,false,false,false,false,symbol_not_4_digit
2026-08-28,00730,富邦臺灣優質高息,listed,29.19,29.19,28.89,28.93,-0.18,-0.6183,51223,1482804,269,TWSE,etf,false,true,false,false,false,false,false,false,false,security_type=etf;symbol_not_4_digit
2026-08-28,00731,復華富時高息低波,listed,93.8,94.1,93.7,93.95,0.45,0.4813,603870,56763431,246,TWSE,etf,false,true,false,false,false,false,false,false,false,security_type=etf;symbol_not_4_digit
2026-08-28,00733,富邦臺灣中小,listed,68.6,69.5,68.4,68.75,0.5,0.7326,188347,12972918,516,TWSE,etf,false,true,false,false,false,false,false,false,false,security_type=etf;symbol_not_4_digit
2026-08-28,00735,國泰臺韓科技,listed,104.0,104.2,103.3,103.4,0.1,0.0968,1762687,182802437,1567,TWSE,etf,false,true,false,false,false,false,false,false,false,security_type=etf;symbol_not_4_digit
2026-08-28,00736,國泰新興市場,listed,31.8,31.83,31.8,31.83,0.04,0.1258,105063,3344101,11,TWSE,etf,false,true,false,false,false,false,false,false,false,security_type=etf;symbol_not_4_digit
2026-08-28,00737,國泰AI機器人,listed,41.39,41.49,41.33,41.33,0.46,1.1255,522205,21617872,216,TWSE,etf,false,true,false,false,false,false,false,false,false,security_type=etf;symbol_not_4_digit
2026-08-28,00738U,期元大道瓊白銀,listed,55.1,55.4,54.45,54.75,-0.15,-0.2732,2510471,137713317,1321,TWSE,etf,false,true,true,false,false,false,false,false,false,security_type=etf;symbol_not_4_digit
2026-08-28,00739,元大MSCI A股,listed,27.93,28.01,27.83,27.93,-0.01,-0.0358,46284,1292351,112,TWSE,etf,false,true,false,false,false,false,false,false,false,security_type=etf;symbol_not_4_digit
2026-08-28,00752,中信中國50,listed,23.29,23.29,22.94,23.21,-0.04,-0.172,871847,20119889,506,TWSE,etf,false,true,false,false,false,false,false,false,false,security_type=etf;symbol_not_4_digit
2026-08-28,00753L,中信中國50正2,listed,9.53,9.62,9.41,9.58,0.01,0.1045,5479974,52310320,755,TWSE,leveraged_inverse,false,true,true,false,true,false,false,false,false,security_type=leveraged_inverse;symbol_not_4_digit
2026-08-28,00757,統一FANG+,listed,138.9,139.1,138.5,138.7,0.75,0.5437,1525410,211503211,1081,TWSE,etf,false,true,false,false,false,false,false,false,false,security_type=etf;symbol_not_4_digit
2026-08-28,00762,元大全球AI,listed,113.6,113.6,112.55,112.55,-0.1,-0.0888,218624,24763599,364,TWSE,etf,false,true,false,false,false,false,false,false,false,security_type=etf;symbol_not_4_digit
2026-08-28,00763U,期街口道瓊銅,listed,34.94,35.05,34.91,35.01,-0.07,-0.1995,215991,7555125,151,TWSE,warrant,false,false,true,false,false,false,false,false,false,security_type=warrant;symbol_not_4_digit
2026-08-28,00770,國泰北美科技,listed,68.1,68.45,68.1,68.3,0.75,1.1103,80702,5518586,317,TWSE,etf,false,true,false,false,false,false,false,false,false,security_type=etf;symbol_not_4_digit
2026-08-28,00771,元大US高息特別股,listed,15.36,15.42,15.33,15.42,-0.01,-0.0648,32603,501650,81,TWSE,preferred_stock,false,true,false,false,false,false,true,false,false,security_type=preferred_stock;symbol_not_4_digit
2026-08-28,00775B,台新投等債15+,listed,30.9,30.9,30.9,30.9,-0.2,-0.6431,80000,2472000,2,TWSE,bond_etf,false,true,true,true,false,false,false,false,false,security_type=bond_etf;symbol_not_4_digit
2026-08-28,00783,富邦中証500,listed,28.37,28.41,28.22,28.27,-0.08,-0.2822,53877,1526910,67,TWSE,etf,false,true,false,false,false,false,false,false,false,security_type=etf;symbol_not_4_digit
2026-08-28,00830,國泰費城半導體,listed,83.55,83.55,82.8,82.85,-0.8,-0.9564,6948251,577552489,12471,TWSE,etf,false,true,false,false,false,false,false,false,false,security_type=etf;symbol_not_4_digit
2026-08-28,00850,元大臺灣ESG永續,listed,91.0,91.75,91.0,91.4,0.85,0.9387,539345,49353769,829,TWSE,etf,false,true,false,false,false,false,false,false,false,security_type=etf;symbol_not_4_digit
2026-08-28,00851,台新全球AI,listed,70.15,70.15,70.0,70.0,-0.05,-0.0714,43163,3023517,65,TWSE,other,false,false,false,false,false,false,false,false,false,symbol_not_4_digit
2026-08-28,00852L,國泰美國道瓊正2,listed,35.8,35.81,35.79,35.79,-0.05,-0.1395,8000,286400,6,TWSE,leveraged_inverse,false,true,true,false,true,false,false,false,false,security_type=leveraged_inverse;symbol_not_4_digit
2026-08-28,00861,元大全球未來通訊,listed,86.0,86.0,85.35,85.4,-0.6,-0.6977,50808,4343727,451,TWSE,etf,false,true,false,false,false,false,false,false,false,security_type=etf;symbol_not_4_digit
2026-08-28,00865B,國泰US短期公債,listed,48.68,48.68,48.48,48.51,-0.17,-0.3492,2962742,143741954,1195,TWSE,bond_etf,false,true,true,true,false,false,false,false,false,security_type=bond_etf;symbol_not_4_digit
2026-08-28,00875,國泰網路資安,listed,55.95,56.0,55.75,55.75,2.3,4.3031,302595,16916182,509,TWSE,etf,false,true,false,false,false,false,false,false,false,security_type=etf;symbol_not_4_digit
2026-08-28,00876,元大全球5G,listed,87.4,87.8,87.05,87.15,-0.25,-0.286,145616,12715395,514,TWSE,etf,false,true,false,false,false,false,false,false,false,security_type=etf;symbol_not_4_digit
2026-08-28,00878,國泰永續高股息,listed,32.82,33.06,32.82,33.0,0.29,0.8866,34448306,1135989176,14238,TWSE,etf,false,true,false,false,false,false,false,false,false,security_type=etf;symbol_not_4_digit
2026-08-28,00881,國泰台灣科技龍頭,listed,50.1,50.35,49.99,50.0,0.39,0.7861,22249486,1116092532,8713,TWSE,etf,false,true,false,false,false,false,false,false,false,security_type=etf;symbol_not_4_digit
2026-08-28,00882,中信中國高股息,listed,15.0,15.01,14.89,14.98,-0.02,-0.1333,3108291,46447106,1257,TWSE,etf,false,true,false,false,false,false,false,false,false,security_type=etf;symbol_not_4_digit
2026-08-28,00885,富邦越南,listed,18.6,18.65,18.48,18.53,-0.05,-0.2691,2004740,37201923,742,TWSE,etf,false,true,false,false,false,false,false,false,false,security_type=etf;symbol_not_4_digit
2026-08-28,00891,中信關鍵半導體,listed,34.59,34.71,34.41,34.58,0.31,0.9046,8851852,306075238,4039,TWSE,etf,false,true,false,false,false,false,false,false,false,security_type=etf;symbol_not_4_digit
2026-08-28,00892,富邦台灣半導體,listed,40.3,40.3,39.76,40.06,0.04,0.1,3239463,129644564,985,TWSE,etf,false,true,false,false,false,false,false,false,false,security_type=etf;symbol_not_4_digit
2026-08-28,00893,國泰智能電動車,listed,42.86,43.02,42.86,42.89,0.16,0.3744,313051,13446267,383,TWSE,etf,false,true,false,false,false,false,false,false,false,security_type=etf;symbol_not_4_digit
2026-08-28,00894,中信小資高價30,listed,46.79,47.01,46.7,46.94,0.57,1.2292,926079,43447340,804,TWSE,etf,false,true,false,false,false,false,false,false,false,security_type=etf;symbol_not_4_digit
2026-08-28,00895,富邦未來車,listed,50.7,50.7,50.25,50.3,0.35,0.7007,586073,29495317,364,TWSE,etf,false,true,false,false,false,false,false,false,false,security_type=etf;symbol_not_4_digit
2026-08-28,00896,中信綠能及電動車,listed,28.09,28.13,27.92,28.04,0.25,0.8996,1958249,54938558,1118,TWSE,etf,false,true,false,false,false,false,false,false,false,security_type=etf;symbol_not_4_digit
2026-08-28,00897,富邦基因免疫生技,listed,13.5,13.56,13.44,13.44,-0.1,-0.7386,948904,12802924,372,TWSE,etf,false,true,false,false,false,false,false,false,false,security_type=etf;symbol_not_4_digit
2026-08-28,00898,國泰基因免疫革命,listed,11.12,11.13,11.06,11.06,-0.08,-0.7181,702380,7788502,258,TWSE,etf,false,true,false,false,false,false,false,false,false,security_type=etf;symbol_not_4_digit
2026-08-28,00899,FT潔淨能源,listed,23.42,23.45,23.4,23.41,-0.01,-0.0427,26053,610489,142,TWSE,other,false,false,false,false,false,false,false,false,false,symbol_not_4_digit
2026-08-28,00900,富邦特選高股息30,listed,19.07,19.17,19.0,19.03,-0.01,-0.0525,3814419,72743831,1350,TWSE,etf,false,true,false,false,false,false,false,false,false,security_type=etf;symbol_not_4_digit
2026-08-28,00901,永豐智能車供應鏈,listed,46.14,46.38,46.07,46.27,0.54,1.1808,144490,6690530,179,TWSE,etf,false,true,false,false,false,false,false,false,false,security_type=etf;symbol_not_4_digit
2026-08-28,00902,中信電池及儲能,listed,13.69,13.69,13.58,13.64,0.0,0.0,357470,4879348,277,TWSE,etf,false,true,false,false,false,false,false,false,false,security_type=etf;symbol_not_4_digit
2026-08-28,00903,富邦元宇宙,listed,21.3,21.33,21.29,21.31,0.18,0.8519,186061,3965306,148,TWSE,etf,false,true,false,false,false,false,false,false,false,security_type=etf;symbol_not_4_digit
2026-08-28,00904,台新臺灣半導體30,listed,40.6,40.85,40.38,40.5,0.21,0.5212,723528,29358253,511,TWSE,other,false,false,false,false,false,false,false,false,false,symbol_not_4_digit
2026-08-28,00905,FT臺灣Smart,listed,26.59,26.7,26.48,26.57,0.22,0.8349,908399,24153835,621,TWSE,other,false,false,false,false,false,false,false,false,false,symbol_not_4_digit
2026-08-28,00907,永豐優息存股,listed,17.17,17.17,17.08,17.11,-0.09,-0.5233,893644,15299335,491,TWSE,etf,false,true,false,false,false,false,false,false,false,security_type=etf;symbol_not_4_digit
2026-08-28,00908,富邦入息REITs+,listed,15.46,15.46,15.41,15.42,-0.21,-1.3436,218881,3379387,52,TWSE,etf,false,true,false,false,false,false,false,false,false,security_type=etf;symbol_not_4_digit
2026-08-28,00909,國泰數位支付服務,listed,47.8,48.03,47.78,47.82,0.87,1.853,1815484,87046779,1058,TWSE,etf,false,true,false,false,false,false,false,false,false,security_type=etf;symbol_not_4_digit
2026-08-28,00910,第一金太空衛星,listed,58.85,58.85,58.35,58.35,-0.1,-0.1711,558479,32666520,1301,TWSE,other,false,false,false,false,false,false,false,false,false,symbol_not_4_digit
2026-08-28,00911,兆豐洲際半導體,listed,53.25,53.25,52.5,52.5,-0.3,-0.5682,483106,25464510,4267,TWSE,etf,false,true,false,false,false,false,false,false,false,security_type=etf;symbol_not_4_digit
2026-08-28,00912,中信臺灣智慧50,listed,34.81,34.87,34.6,34.74,0.32,0.9297,132756,4611041,216,TWSE,etf,false,true,false,false,false,false,false,false,false,security_type=etf;symbol_not_4_digit
2026-08-28,00913,兆豐台灣晶圓製造,listed,47.29,47.9,47.08,47.53,0.86,1.8427,1189279,56559660,614,TWSE,etf,false,true,false,false,false,false,false,false,false,security_type=etf;symbol_not_4_digit
2026-08-28,00915,凱基優選高股息30,listed,31.7,31.9,31.69,31.76,0.17,0.5381,1077113,34211864,546,TWSE,etf,false,true,false,false,false,false,false,false,false,security_type=etf;symbol_not_4_digit
2026-08-28,00916,國泰全球品牌50,listed,26.85,26.85,26.75,26.75,-0.1,-0.3724,306021,8189600,334,TWSE,etf,false,true,false,false,false,false,false,false,false,security_type=etf;symbol_not_4_digit
2026-08-28,00917,中信特選金融,listed,24.17,24.17,24.07,24.08,-0.1,-0.4136,1006667,24246126,496,TWSE,etf,false,true,false,false,false,false,false,false,false,security_type=etf;symbol_not_4_digit
2026-08-28,00918,大華優利高填息30,listed,34.35,34.39,34.12,34.26,0.14,0.4103,9904942,338999325,4690,TWSE,other,false,false,false,false,false,false,false,false,false,symbol_not_4_digit
2026-08-28,00919,群益台灣精選高息,listed,31.41,31.45,31.29,31.44,0.13,0.4152,46519130,1459796279,21088,TWSE,etf,false,true,false,false,false,false,false,false,false,security_type=etf;symbol_not_4_digit
2026-08-28,00920,富邦ESG綠色電力,listed,24.65,24.7,24.55,24.65,-0.02,-0.0811,159810,3939725,206,TWSE,etf,false,true,false,false,false,false,false,false,false,security_type=etf;symbol_not_4_digit
2026-08-28,00921,兆豐龍頭等權重,listed,24.67,24.67,24.48,24.48,-0.16,-0.6494,127904,3136869,263,TWSE,etf,false,true,false,false,false,false,false,false,false,security_type=etf;symbol_not_4_digit
2026-08-28,00922,國泰台灣領袖50,listed,41.48,41.66,41.4,41.53,0.47,1.1447,6661112,276956469,3079,TWSE,etf,false,true,false,false,false,false,false,false,false,security_type=etf;symbol_not_4_digit
2026-08-28,00923,群益台ESG低碳50,listed,39.75,39.92,39.68,39.77,0.38,0.9647,5381051,214145507,2260,TWSE,etf,false,true,false,false,false,false,false,false,false,security_type=etf;symbol_not_4_digit
2026-08-28,00924,復華S&P500成長,listed,33.12,33.13,33.04,33.05,-0.01,-0.0302,1019955,33751021,1200,TWSE,etf,false,true,false,false,false,false,false,false,false,security_type=etf;symbol_not_4_digit
2026-08-28,00926,凱基全球菁英55,listed,26.23,26.3,26.21,26.23,0.14,0.5366,197803,5193080,240,TWSE,etf,false,true,false,false,false,false,false,false,false,security_type=etf;symbol_not_4_digit
2026-08-28,00927,群益半導體收益,listed,36.53,36.97,36.5,36.71,0.46,1.269,8700570,319434257,3835,TWSE,etf,false,true,false,false,false,false,false,false,false,security_type=etf;symbol_not_4_digit
2026-08-28,00929,復華台灣科技優息,listed,29.31,29.34,29.06,29.13,0.08,0.2754,17202298,502191932,6301,TWSE,etf,false,true,false,false,false,false,false,false,false,security_type=etf;symbol_not_4_digit
2026-08-28,00930,永豐ESG低碳高息,listed,23.97,24.0,23.89,23.89,-0.05,-0.2089,344261,8238683,168,TWSE,etf,false,true,false,false,false,false,false,false,false,security_type=etf;symbol_not_4_digit
2026-08-28,00932,兆豐永續高息等權,listed,17.64,17.67,17.52,17.52,-0.12,-0.6803,226130,3971227,164,TWSE,etf,false,true,false,false,false,false,false,false,false,security_type=etf;symbol_not_4_digit
2026-08-28,00934,中信成長高股息,listed,29.65,29.65,29.45,29.61,0.15,0.5092,2015191,59610895,1124,TWSE,etf,false,true,false,false,false,false,false,false,false,security_type=etf;symbol_not_4_digit
2026-08-28,00935,野村臺灣新科技50,listed,58.0,58.5,57.95,58.2,1.0,1.7483,11691788,681785631,4736,TWSE,other,false,false,false,false,false,false,false,false,false,symbol_not_4_digit
2026-08-28,00936,台新永續高息中小,listed,21.55,21.58,21.33,21.35,-0.11,-0.5126,353717,7584222,382,TWSE,other,false,false,false,false,false,false,false,false,false,symbol_not_4_digit
2026-08-28,00938,凱基優選30,listed,25.12,25.21,25.09,25.16,0.09,0.359,1181219,29704157,160,TWSE,etf,false,true,false,false,false,false,false,false,false,security_type=etf;symbol_not_4_digit
2026-08-28,00939,統一台灣高息動能,listed,22.73,22.83,22.72,22.79,0.07,0.3081,1817921,41404436,822,TWSE,etf,false,true,false,false,false,false,false,false,false,security_type=etf;symbol_not_4_digit
2026-08-28,00940,元大台灣價值高息,listed,12.68,12.75,12.66,12.69,0.02,0.1579,10228377,129855200,2266,TWSE,etf,false,true,false,false,false,false,false,false,false,security_type=etf;symbol_not_4_digit
2026-08-28,00941,中信上游半導體,listed,25.65,25.65,25.45,25.46,-0.22,-0.8567,544723,13901816,732,TWSE,etf,false,true,false,false,false,false,false,false,false,security_type=etf;symbol_not_4_digit
2026-08-28,00943,兆豐電子高息等權,listed,21.4,21.45,21.33,21.38,-0.05,-0.2333,15492,331489,95,TWSE,etf,false,true,false,false,false,false,false,false,false,security_type=etf;symbol_not_4_digit
2026-08-28,00944,野村趨勢動能高息,listed,21.0,21.12,20.96,21.0,0.11,0.5266,140685,2956128,209,TWSE,other,false,false,false,false,false,false,false,false,false,symbol_not_4_digit
2026-08-28,00945B,凱基美國非投等債,listed,14.42,14.42,14.37,14.38,-0.06,-0.4155,4095053,58924572,1079,TWSE,bond_etf,false,true,true,true,false,false,false,false,false,security_type=bond_etf;symbol_not_4_digit
2026-08-28,00946,群益科技高息成長,listed,15.61,15.62,15.46,15.48,-0.07,-0.4502,1940659,30097738,685,TWSE,etf,false,true,false,false,false,false,false,false,false,security_type=etf;symbol_not_4_digit
2026-08-28,00947,台新臺灣IC設計,listed,37.98,38.24,37.41,37.66,0.01,0.0266,5300278,200550402,2551,TWSE,other,false,false,false,false,false,false,false,false,false,symbol_not_4_digit
2026-08-28,00949,復華日本龍頭,listed,21.88,22.02,21.88,21.98,0.24,1.104,367983,8085614,287,TWSE,etf,false,true,false,false,false,false,false,false,false,security_type=etf;symbol_not_4_digit
2026-08-28,00951,台新日本半導體,listed,17.26,17.33,17.03,17.06,-0.13,-0.7563,1178976,20256646,608,TWSE,other,false,false,false,false,false,false,false,false,false,symbol_not_4_digit
2026-08-28,00952,凱基台灣AI50,listed,18.17,18.35,18.12,18.23,0.11,0.6071,2261367,41287411,459,TWSE,etf,false,true,false,false,false,false,false,false,false,security_type=etf;symbol_not_4_digit
2026-08-28,00953B,群益優選非投等債,listed,9.66,9.66,9.62,9.63,-0.05,-0.5165,102907884,991537317,12260,TWSE,bond_etf,false,true,true,true,false,false,false,false,false,security_type=bond_etf;symbol_not_4_digit
2026-08-28,00954,中信日本半導體,listed,18.46,18.47,18.17,18.2,-0.15,-0.8174,1198506,21988382,565,TWSE,etf,false,true,false,false,false,false,false,false,false,security_type=etf;symbol_not_4_digit
2026-08-28,00956,中信日經高股息,listed,13.35,13.4,13.34,13.39,0.08,0.6011,167871,2246276,144,TWSE,etf,false,true,false,false,false,false,false,false,false,security_type=etf;symbol_not_4_digit
2026-08-28,00960,野村全球航運龍頭,listed,20.82,20.82,20.68,20.76,0.25,1.2189,1674874,34711585,622,TWSE,other,false,false,false,false,false,false,false,false,false,symbol_not_4_digit
2026-08-28,00961,FT臺灣永續高息,listed,13.22,13.22,13.12,13.17,0.0,0.0,21331816,280466344,4524,TWSE,other,false,false,false,false,false,false,false,false,false,symbol_not_4_digit
2026-08-28,00962,台新AI優息動能,listed,15.26,15.35,15.18,15.23,0.0,0.0,418188,6380586,267,TWSE,other,false,false,false,false,false,false,false,false,false,symbol_not_4_digit
2026-08-28,00963,中信全球高股息,listed,13.13,13.13,13.04,13.06,-0.09,-0.6844,1828274,23880196,677,TWSE,etf,false,true,false,false,false,false,false,false,false,security_type=etf;symbol_not_4_digit
2026-08-28,00964,中信亞太高股息,listed,14.85,14.88,14.75,14.81,-0.01,-0.0675,1423124,21072017,280,TWSE,etf,false,true,false,false,false,false,false,false,false,security_type=etf;symbol_not_4_digit
2026-08-28,00965,元大航太防衛科技,listed,26.12,26.22,26.12,26.18,0.06,0.2297,688416,18023969,592,TWSE,etf,false,true,false,false,false,false,false,false,false,security_type=etf;symbol_not_4_digit
2026-08-28,00971,野村美國研發龍頭,listed,17.52,17.54,17.48,17.48,0.02,0.1145,582621,10206174,188,TWSE,other,false,false,false,false,false,false,false,false,false,symbol_not_4_digit
2026-08-28,00972,野村日本動能高息,listed,21.75,21.87,21.75,21.85,0.1,0.4598,76192,1661878,30,TWSE,other,false,false,false,false,false,false,false,false,false,symbol_not_4_digit
2026-08-28,009800,中信NASDAQ,listed,13.02,13.05,12.99,12.99,0.01,0.077,796794,10380093,439,TWSE,etf,false,true,false,false,false,false,false,false,false,security_type=etf;symbol_not_4_digit
2026-08-28,009801,中信美國創新科技,listed,11.22,11.22,11.14,11.15,0.0,0.0,438592,4898411,296,TWSE,etf,false,true,false,false,false,false,false,false,false,security_type=etf;symbol_not_4_digit
2026-08-28,009802,富邦旗艦50,listed,19.45,19.54,19.36,19.54,0.27,1.4011,2719131,52980655,866,TWSE,etf,false,true,false,false,false,false,false,false,false,security_type=etf;symbol_not_4_digit
2026-08-28,009803,玉山市值動能50,listed,21.79,21.86,21.72,21.8,0.22,1.0195,1067579,23276784,676,TWSE,other,false,false,false,false,false,false,false,false,false,symbol_not_4_digit
2026-08-28,009804,聯邦台精彩50,listed,22.61,22.8,22.61,22.69,0.29,1.2946,1715383,39006316,462,TWSE,other,false,false,false,false,false,false,false,false,false,symbol_not_4_digit
2026-08-28,009805,台新美國電力基建,listed,15.34,15.34,15.25,15.25,-0.16,-1.0383,7195465,109944462,3346,TWSE,other,false,false,false,false,false,false,false,false,false,symbol_not_4_digit
2026-08-28,009808,華南永昌優選50,listed,30.7,30.76,30.64,30.76,0.33,1.0845,195540,6005071,79,TWSE,other,false,false,false,false,false,false,false,false,false,symbol_not_4_digit
2026-08-28,009809,富邦淨零ESG50,listed,17.8,17.89,17.8,17.82,0.21,1.1925,885412,15799702,78,TWSE,etf,false,true,false,false,false,false,false,false,false,security_type=etf;symbol_not_4_digit
2026-08-28,00980A,主動野村臺灣優選,listed,24.91,25.04,24.8,24.83,0.12,0.4856,6841548,170644448,2453,TWSE,etf,false,true,true,false,false,false,false,false,false,security_type=etf;symbol_not_4_digit
2026-08-28,009810,玉山全球藍籌100,listed,21.43,21.43,21.25,21.25,0.03,0.1414,78256,1665727,64,TWSE,other,false,false,false,false,false,false,false,false,false,symbol_not_4_digit
2026-08-28,009811,統一美國50,listed,13.21,13.21,13.18,13.18,0.0,0.0,718970,9489188,428,TWSE,etf,false,true,false,false,false,false,false,false,false,security_type=etf;symbol_not_4_digit
2026-08-28,009812,野村日本東證,listed,12.86,12.91,12.86,12.89,0.09,0.7031,231619,2985304,128,TWSE,other,false,false,false,false,false,false,false,false,false,symbol_not_4_digit
2026-08-28,009813,貝萊德標普卓越50,listed,11.22,11.23,11.2,11.21,0.02,0.1787,553636,6211608,271,TWSE,other,false,false,false,false,false,false,false,false,false,symbol_not_4_digit
2026-08-28,009816,凱基台灣TOP50,listed,15.62,15.65,15.55,15.59,0.13,0.8409,81908852,1278169723,18310,TWSE,etf,false,true,false,false,false,false,false,false,false,security_type=etf;symbol_not_4_digit
2026-08-28,009817,國泰日本不動產,listed,9.05,9.05,8.97,8.99,-0.13,-1.4254,1184579,10657253,447,TWSE,etf,false,true,false,false,false,false,false,false,false,security_type=etf;symbol_not_4_digit
2026-08-28,009818,華南永昌NASDAQxT,listed,19.94,19.99,19.9,19.9,0.15,0.7595,149833,2987469,63,TWSE,other,false,false,false,false,false,false,false,false,false,symbol_not_4_digit
2026-08-28,009819,中信數據及電力,listed,9.99,9.99,9.89,9.89,-0.02,-0.2018,3964110,39292305,1400,TWSE,etf,false,true,false,false,false,false,false,false,false,security_type=etf;symbol_not_4_digit
2026-08-28,00981A,主動統一台股增長,listed,29.83,30.29,29.75,30.09,0.57,1.9309,217470599,6549785992,60641,TWSE,etf,false,true,true,false,false,false,false,false,false,security_type=etf;symbol_not_4_digit
2026-08-28,00981T,平衡凱基雙核收息,listed,11.83,11.86,11.8,11.81,-0.02,-0.1691,2326577,27497908,386,TWSE,etf,false,true,true,false,false,false,false,false,false,security_type=etf;symbol_not_4_digit
2026-08-28,009820,元大納斯達克精選,listed,9.86,9.88,9.83,9.83,0.03,0.3061,7952057,78284500,601,TWSE,etf,false,true,false,false,false,false,false,false,false,security_type=etf;symbol_not_4_digit
2026-08-28,009821,野村稀土關鍵資源,listed,15.95,16.0,15.87,15.92,0.0,0.0,7953362,126560242,1867,TWSE,other,false,false,false,false,false,false,false,false,false,symbol_not_4_digit
2026-08-28,009824,群益美國科技巨頭,listed,10.03,10.05,10.0,10.01,0.04,0.4012,3931544,39415731,1255,TWSE,etf,false,true,false,false,false,false,false,false,false,security_type=etf;symbol_not_4_digit
2026-08-28,009826,貝萊德世界股票,listed,10.14,10.15,10.12,10.13,-0.03,-0.2953,19445185,197046036,6034,TWSE,other,false,false,false,false,false,false,false,false,false,symbol_not_4_digit
2026-08-28,009829,大華韓國KOSPI50,listed,10.53,10.53,10.37,10.41,-0.13,-1.2334,30336366,316793052,4413,TWSE,other,false,false,false,false,false,false,false,false,false,symbol_not_4_digit
2026-08-28,00982A,主動群益台灣強棒,listed,22.56,22.71,22.45,22.54,0.19,0.8501,19153582,432619150,5143,TWSE,etf,false,true,true,false,false,false,false,false,false,security_type=etf;symbol_not_4_digit
2026-08-28,00982D,主動富邦動態入息,listed,9.71,9.72,9.69,9.71,-0.03,-0.308,419911,4074612,212,TWSE,etf,false,true,true,false,false,false,false,false,false,security_type=etf;symbol_not_4_digit
2026-08-28,00982T,平衡兆豐台美動能,listed,15.6,15.6,15.46,15.52,0.19,1.2394,65606,1017809,21,TWSE,etf,false,true,true,false,false,false,false,false,false,security_type=etf;symbol_not_4_digit
2026-08-28,00983A,主動中信ARK創新,listed,12.7,12.81,12.7,12.74,0.11,0.8709,1931265,24671324,465,TWSE,etf,false,true,true,false,false,false,false,false,false,security_type=etf;symbol_not_4_digit
2026-08-28,00983D,主動富邦複合收益,listed,9.94,9.94,9.9,9.91,-0.03,-0.3018,443052,4390222,258,TWSE,etf,false,true,true,false,false,false,false,false,false,security_type=etf;symbol_not_4_digit
2026-08-28,00984A,主動安聯台灣高息,listed,15.77,15.83,15.7,15.75,0.09,0.5747,3385808,53420102,1358,TWSE,etf,false,true,true,false,false,false,false,false,false,security_type=etf;symbol_not_4_digit
2026-08-28,00984D,主動聯博全球非投,listed,10.03,10.03,10.0,10.01,-0.03,-0.2988,51132892,511767434,5090,TWSE,etf,false,true,true,false,false,false,false,false,false,security_type=etf;symbol_not_4_digit
2026-08-28,00985A,主動野村台灣50,listed,23.47,23.5,23.27,23.29,0.03,0.129,3365389,78697593,1597,TWSE,etf,false,true,true,false,false,false,false,false,false,security_type=etf;symbol_not_4_digit
2026-08-28,00985B,群益ESG投等債0-5,listed,10.21,10.21,10.16,10.17,-0.04,-0.3918,13853093,140986396,1476,TWSE,bond_etf,false,true,true,true,false,false,false,false,false,security_type=bond_etf;symbol_not_4_digit
2026-08-28,00986A,主動台新龍頭成長,listed,14.5,14.5,14.4,14.41,0.01,0.0694,193556,2790301,131,TWSE,etf,false,true,true,false,false,false,false,false,false,security_type=etf;symbol_not_4_digit
2026-08-28,00987A,主動台新優勢成長,listed,16.69,16.87,16.59,16.62,0.03,0.1808,2892491,48367596,825,TWSE,etf,false,true,true,false,false,false,false,false,false,security_type=etf;symbol_not_4_digit
2026-08-28,00988A,主動統一全球創新,listed,16.61,16.61,16.35,16.39,-0.14,-0.8469,32470976,535220223,13260,TWSE,etf,false,true,true,false,false,false,false,false,false,security_type=etf;symbol_not_4_digit
2026-08-28,00989A,主動摩根美國科技,listed,17.03,17.3,17.03,17.23,0.32,1.8924,684757,11814714,197,TWSE,etf,false,true,true,false,false,false,false,false,false,security_type=etf;symbol_not_4_digit
2026-08-28,00990A,主動元大AI新經濟,listed,15.77,15.77,15.36,15.37,-0.19,-1.2211,16283244,251868723,6538,TWSE,etf,false,true,true,false,false,false,false,false,false,security_type=etf;symbol_not_4_digit
2026-08-28,00991A,主動復華未來50,listed,18.41,18.5,18.21,18.3,0.11,0.6047,72340273,1329822184,14820,TWSE,etf,false,true,true,false,false,false,false,false,false,security_type=etf;symbol_not_4_digit
2026-08-28,00991B,貝萊德A級公司債,listed,14.86,14.9,14.81,14.81,-0.11,-0.7373,11162679,165855321,148,TWSE,bond_etf,false,true,true,true,false,false,false,false,false,security_type=bond_etf;symbol_not_4_digit
2026-08-28,00992A,主動群益科技創新,listed,18.64,18.85,18.54,18.68,0.23,1.2466,57481665,1075631827,11339,TWSE,etf,false,true,true,false,false,false,false,false,false,security_type=etf;symbol_not_4_digit
2026-08-28,00993A,主動安聯台灣,listed,13.57,13.66,13.52,13.59,0.13,0.9658,5329348,72557964,1112,TWSE,etf,false,true,true,false,false,false,false,false,false,security_type=etf;symbol_not_4_digit
2026-08-28,00994A,主動第一金台股優,listed,17.32,17.44,17.23,17.28,0.06,0.3484,2904857,50405467,915,TWSE,etf,false,true,true,false,false,false,false,false,false,security_type=etf;symbol_not_4_digit
2026-08-28,00995A,主動中信台灣卓越,listed,17.29,17.51,17.28,17.45,0.32,1.8681,4339822,75690142,1042,TWSE,etf,false,true,true,false,false,false,false,false,false,security_type=etf;symbol_not_4_digit
2026-08-28,00996A,主動兆豐台灣豐收,listed,14.25,14.28,14.13,14.15,0.08,0.5686,3609317,51263999,826,TWSE,etf,false,true,true,false,false,false,false,false,false,security_type=etf;symbol_not_4_digit
2026-08-28,00997A,主動群益美國增長,listed,11.37,11.39,11.26,11.28,-0.09,-0.7916,7386758,83658741,2601,TWSE,etf,false,true,true,false,false,false,false,false,false,security_type=etf;symbol_not_4_digit
2026-08-28,00999A,主動野村臺灣高息,listed,11.4,11.48,11.4,11.44,0.13,1.1494,13861987,158671708,2607,TWSE,etf,false,true,true,false,false,false,false,false,false,security_type=etf;symbol_not_4_digit
2026-08-28,01001T,土銀富邦R1,listed,11.26,11.26,11.24,11.25,-0.02,-0.1775,68087,766073,11,TWSE,etf,false,true,true,false,false,false,false,false,false,security_type=etf;symbol_not_4_digit
2026-08-28,01002T,土銀國泰R1,listed,13.08,13.12,13.08,13.12,0.04,0.3058,32000,418770,11,TWSE,etf,false,true,true,false,false,false,false,false,false,security_type=etf;symbol_not_4_digit
2026-08-28,01004T,土銀富邦R2,listed,10.11,10.15,10.11,10.11,0.0,0.0,41040,415378,35,TWSE,etf,false,true,true,false,false,false,false,false,false,security_type=etf;symbol_not_4_digit
2026-08-28,01007T,兆豐國泰R2,listed,11.46,11.46,11.4,11.4,-0.06,-0.5236,105000,1199530,80,TWSE,etf,false,true,true,false,false,false,false,false,false,security_type=etf;symbol_not_4_digit
2026-08-28,01009T,王道圓滿R1,listed,5.65,5.69,5.65,5.69,0.06,1.0657,20000,113080,4,TWSE,warrant,false,false,true,false,false,false,false,false,false,security_type=warrant;symbol_not_4_digit
2026-08-28,01010T,京城樂富R1,listed,10.0,10.0,9.98,10.0,0.0,0.0,9228,92061,8,TWSE,warrant,false,false,true,false,false,false,false,false,false,security_type=warrant;symbol_not_4_digit
2026-08-28,020000,富邦特選蘋果N,listed,,,,,0.0,,0,0,0,TWSE,etf,false,true,false,false,false,false,false,false,false,security_type=etf;symbol_not_4_digit;invalid_close;invalid_volume;invalid_turnover
2026-08-28,020011,統一微波高息20N,listed,,,,,0.0,,0,0,0,TWSE,etf,false,true,false,false,false,false,false,false,false,security_type=etf;symbol_not_4_digit;invalid_close;invalid_volume;invalid_turnover
2026-08-28,020012,富邦行動通訊N,listed,,,,,0.0,,0,0,0,TWSE,etf,false,true,false,false,false,false,false,false,false,security_type=etf;symbol_not_4_digit;invalid_close;invalid_volume;invalid_turnover
2026-08-28,02001L,富邦蘋果正二N,listed,151.0,155.35,149.2,149.9,2.7,1.8342,141000,21567350,75,TWSE,etf,false,true,true,false,false,false,false,false,false,security_type=etf;symbol_not_4_digit
2026-08-28,020020,元大台股領航N,listed,27.51,27.65,27.51,27.65,0.4,1.4679,6000,165460,5,TWSE,etf,false,true,false,false,false,false,false,false,false,security_type=etf;symbol_not_4_digit
2026-08-28,020028,元大特選電動車N,listed,21.0,21.16,21.0,21.0,0.2,0.9615,33000,696000,9,TWSE,etf,false,true,false,false,false,false,false,false,false,security_type=etf;symbol_not_4_digit
2026-08-28,020029,元大ESG高股息N,listed,18.48,18.62,18.48,18.62,0.34,1.86,14000,260280,8,TWSE,etf,false,true,false,false,false,false,false,false,false,security_type=etf;symbol_not_4_digit
2026-08-28,020030,統一智慧電動車N,listed,19.7,20.05,19.7,19.98,0.28,1.4213,46000,916900,13,TWSE,etf,false,true,false,false,false,false,false,false,false,security_type=etf;symbol_not_4_digit
2026-08-28,020031,統一IC設計臺灣N,listed,10.39,10.39,10.36,10.36,0.07,0.6803,2000,20750,2,TWSE,etf,false,true,false,false,false,false,false,false,false,security_type=etf;symbol_not_4_digit
2026-08-28,020032,元大綠能N,listed,10.61,10.61,10.56,10.56,0.0,0.0,20000,211700,2,TWSE,etf,false,true,false,false,false,false,false,false,false,security_type=etf;symbol_not_4_digit
2026-08-28,020034,元大IC設計N,listed,15.54,15.54,15.4,15.43,-0.11,-0.7079,17000,262450,5,TWSE,etf,false,true,false,false,false,false,false,false,false,security_type=etf;symbol_not_4_digit
2026-08-28,020036,元大金融配息N,listed,,,,,0.0,,0,0,0,TWSE,etf,false,true,false,false,false,false,false,false,false,security_type=etf;symbol_not_4_digit;invalid_close;invalid_volume;invalid_turnover
2026-08-28,020037,元大金融高股息N,listed,11.79,11.82,11.78,11.82,0.09,0.7673,13000,153500,4,TWSE,etf,false,true,false,false,false,false,false,false,false,security_type=etf;symbol_not_4_digit
2026-08-28,020038,元大ESG配息N,listed,14.34,14.34,14.34,14.34,0.13,0.9148,5000,71700,3,TWSE,etf,false,true,false,false,false,false,false,false,false,security_type=etf;symbol_not_4_digit
2026-08-28,020039,元大加權N,listed,14.8,14.88,14.8,14.84,0.04,0.2703,10000,148400,4,TWSE,etf,false,true,false,false,false,false,false,false,false,security_type=etf;symbol_not_4_digit
2026-08-28,1101,台泥,listed,24.1,24.4,24.1,24.3,0.2,0.8299,16839498,409062266,5688,TWSE,common_stock,true,false,false,false,false,false,false,false,true,
2026-08-28,1101B,台泥乙特,listed,43.15,43.2,43.15,43.2,0.05,0.1159,8638,373039,15,TWSE,warrant,false,false,true,false,false,false,false,false,false,security_type=warrant;symbol_not_4_digit
2026-08-28,1102,亞泥,listed,34.9,34.9,34.3,34.55,-0.55,-1.567,8933528,308299162,5307,TWSE,common_stock,true,false,false,false,false,false,false,false,true,
2026-08-28,1103,嘉泥,listed,13.2,13.25,13.15,13.15,-0.05,-0.3788,210363,2778176,177,TWSE,common_stock,true,false,false,false,false,false,false,false,true,
2026-08-28,1104,環泥,listed,26.6,26.65,26.45,26.45,-0.15,-0.5639,931772,24715523,751,TWSE,common_stock,true,false,false,false,false,false,false,false,true,
2026-08-28,1108,幸福,listed,11.75,11.8,11.7,11.75,0.0,0.0,113428,1332635,61,TWSE,common_stock,true,false,false,false,false,false,false,false,true,
2026-08-28,1109,信大,listed,13.6,13.6,13.5,13.5,-0.1,-0.7353,73635,999411,79,TWSE,common_stock,true,false,false,false,false,false,false,false,true,
2026-08-28,1110,東泥,listed,16.05,16.05,15.9,15.95,0.0,0.0,24996,398676,55,TWSE,common_stock,true,false,false,false,false,false,false,false,true,
2026-08-28,1201,味全,listed,12.2,12.3,12.15,12.25,0.05,0.4098,304248,3718592,255,TWSE,common_stock,true,false,false,false,false,false,false,false,true,
2026-08-28,1203,味王,listed,46.0,46.0,45.05,45.2,-0.8,-1.7391,13751,625105,61,TWSE,common_stock,true,false,false,false,false,false,false,false,true,
2026-08-28,1210,大成,listed,52.2,52.4,51.9,52.0,-0.4,-0.7634,1731459,90169117,1462,TWSE,common_stock,true,false,false,false,false,false,false,false,true,
2026-08-28,1213,大飲,listed,8.07,8.07,7.69,7.7,0.36,4.9046,113303,875572,21,TWSE,common_stock,true,false,false,false,false,false,false,false,true,
2026-08-28,1215,卜蜂,listed,108.5,109.0,107.5,108.5,0.0,0.0,451609,48863706,839,TWSE,common_stock,true,false,false,false,false,false,false,false,true,
2026-08-28,1216,統一,listed,76.5,76.5,75.2,75.7,-1.4,-1.8158,11006895,833970794,19185,TWSE,etf,false,true,false,false,false,false,false,false,false,security_type=etf
2026-08-28,1217,愛之味,listed,9.99,10.0,9.97,9.97,-0.03,-0.3,360634,3603134,374,TWSE,common_stock,true,false,false,false,false,false,false,false,true,
2026-08-28,1218,泰山,listed,14.6,14.65,14.35,14.55,-0.05,-0.3425,2440793,35409283,838,TWSE,common_stock,true,false,false,false,false,false,false,false,true,
2026-08-28,1219,福壽,listed,11.7,11.75,11.45,11.5,-0.3,-2.5424,579349,6667518,389,TWSE,common_stock,true,false,false,false,false,false,false,false,true,
2026-08-28,1220,台榮,listed,10.95,10.95,10.8,10.9,0.0,0.0,117164,1275694,166,TWSE,common_stock,true,false,false,false,false,false,false,false,true,
2026-08-28,1225,福懋油,listed,26.4,26.4,25.35,25.45,-0.4,-1.5474,294386,7565239,166,TWSE,common_stock,true,false,false,false,false,false,false,false,true,
2026-08-28,1227,佳格,listed,28.9,28.9,28.6,28.65,-0.2,-0.6932,757742,21741727,663,TWSE,common_stock,true,false,false,false,false,false,false,false,true,
2026-08-28,1229,聯華,listed,42.45,42.45,41.85,42.15,0.0,0.0,1036182,43580261,1870,TWSE,common_stock,true,false,false,false,false,false,false,false,true,
2026-08-28,1231,聯華食,listed,81.1,81.1,80.6,80.6,-0.4,-0.4938,267703,21618752,486,TWSE,common_stock,true,false,false,false,false,false,false,false,true,
2026-08-28,1232,大統益,listed,156.5,157.5,156.0,156.5,-0.5,-0.3185,104906,16444176,143,TWSE,common_stock,true,false,false,false,false,false,false,false,true,
2026-08-28,1233,天仁,listed,28.55,28.9,28.55,28.9,0.45,1.5817,7403,213265,22,TWSE,common_stock,true,false,false,false,false,false,false,false,true,
2026-08-28,1234,黑松,listed,33.25,33.4,33.2,33.25,0.0,0.0,40461,1346580,51,TWSE,common_stock,true,false,false,false,false,false,false,false,true,
2026-08-28,1235,興泰,listed,37.25,37.25,37.0,37.0,-0.8,-2.1164,2718,100656,11,TWSE,common_stock,true,false,false,false,false,false,false,false,true,
2026-08-28,1236,宏亞,listed,25.5,25.75,25.45,25.55,-0.15,-0.5837,112274,2876356,102,TWSE,common_stock,true,false,false,false,false,false,false,false,true,
2026-08-28,1256,鮮活果汁-KY,listed,185.5,188.0,183.5,188.0,5.0,2.7322,111300,20631218,260,TWSE,common_stock,true,false,false,false,false,false,false,false,true,
2026-08-28,1301,台塑,listed,63.2,64.8,62.1,62.7,-0.4,-0.6339,33720847,2138475042,29375,TWSE,common_stock,true,false,false,false,false,false,false,false,true,
2026-08-28,1303,南亞,listed,230.5,238.5,219.0,220.5,-7.0,-3.0769,192491363,43760708317,128558,TWSE,common_stock,true,false,false,false,false,false,false,false,true,
2026-08-28,1304,台聚,listed,12.4,12.55,12.0,12.05,-0.35,-2.8226,2957396,36084549,1317,TWSE,common_stock,true,false,false,false,false,false,false,false,true,
2026-08-28,1305,華夏,listed,12.5,12.55,12.05,12.1,-0.3,-2.4194,1932665,23672279,1000,TWSE,common_stock,true,false,false,false,false,false,false,false,true,
2026-08-28,1307,三芳,listed,31.0,31.1,30.6,30.7,-0.25,-0.8078,598692,18414433,481,TWSE,common_stock,true,false,false,false,false,false,false,false,true,
2026-08-28,1308,亞聚,listed,14.15,14.35,13.85,13.85,-0.25,-1.773,1497972,21061284,1015,TWSE,common_stock,true,false,false,false,false,false,false,false,true,
2026-08-28,1309,台達化,listed,13.4,13.55,13.05,13.1,-0.3,-2.2388,1946446,25722945,967,TWSE,common_stock,true,false,false,false,false,false,false,false,true,
2026-08-28,1310,台苯,listed,8.69,8.78,8.37,8.43,-0.26,-2.9919,5238853,44794246,3077,TWSE,common_stock,true,false,false,false,false,false,false,false,true,
2026-08-28,1312,國喬,listed,15.7,15.7,13.8,14.15,-0.15,-1.049,212554333,3204281781,45778,TWSE,common_stock,true,false,false,false,false,false,false,false,true,
2026-08-28,1312A,國喬特,listed,22.8,22.8,22.35,22.35,-0.25,-1.1062,15999,361277,9,TWSE,warrant,false,false,true,false,false,false,false,false,false,security_type=warrant;symbol_not_4_digit
2026-08-28,1313,聯成,listed,12.25,12.3,11.75,11.85,-0.3,-2.4691,3551660,42549568,1450,TWSE,common_stock,true,false,false,false,false,false,false,false,true,
2026-08-28,1314,中石化,listed,8.21,8.25,8.03,8.05,-0.11,-1.348,18157758,147077805,5504,TWSE,common_stock,true,false,false,false,false,false,false,false,true,
2026-08-28,1315,達新,listed,66.3,66.3,65.2,65.5,0.4,0.6144,73230,4819587,181,TWSE,common_stock,true,false,false,false,false,false,false,false,true,
2026-08-28,1316,上曜,listed,11.85,11.95,11.05,11.15,-0.6,-5.1064,9614361,109059975,3177,TWSE,common_stock,true,false,false,false,false,false,false,false,true,
2026-08-28,1319,東陽,listed,82.0,84.3,82.0,82.1,0.4,0.4896,2802208,232529453,2090,TWSE,common_stock,true,false,false,false,false,false,false,false,true,
2026-08-28,1321,大洋,listed,33.75,33.75,33.0,33.15,-0.6,-1.7778,151698,5040636,140,TWSE,common_stock,true,false,false,false,false,false,false,false,true,
2026-08-28,1323,永裕,listed,21.55,21.55,21.25,21.5,0.2,0.939,24550,525234,47,TWSE,common_stock,true,false,false,false,false,false,false,false,true,
2026-08-28,1324,地球,listed,10.1,10.25,10.0,10.25,0.05,0.4902,42188,424964,65,TWSE,common_stock,true,false,false,false,false,false,false,false,true,
2026-08-28,1325,恆大,listed,26.7,26.7,26.3,26.3,0.0,0.0,130588,3453327,125,TWSE,common_stock,true,false,false,false,false,false,false,false,true,
2026-08-28,1326,台化,listed,63.5,64.2,62.0,62.1,-1.1,-1.7405,23816854,1500741867,15090,TWSE,common_stock,true,false,false,false,false,false,false,false,true,
2026-08-28,1337,再生-KY,listed,4.8,4.8,4.64,4.67,-0.06,-1.2685,376676,1764498,213,TWSE,common_stock,true,false,false,false,false,false,false,false,true,
2026-08-28,1338,廣華-KY,listed,14.5,14.6,14.2,14.2,-0.15,-1.0453,91492,1306476,85,TWSE,common_stock,true,false,false,false,false,false,false,false,true,
2026-08-28,1339,昭輝,listed,43.65,43.65,42.65,43.3,0.2,0.464,124172,5332503,211,TWSE,common_stock,true,false,false,false,false,false,false,false,true,
2026-08-28,1340,勝悅-KY,listed,5.25,5.3,5.23,5.23,-0.02,-0.381,94269,495031,97,TWSE,common_stock,true,false,false,false,false,false,false,false,true,
2026-08-28,1341,富林-KY,listed,60.1,60.1,60.1,60.1,-0.2,-0.3317,1000,60100,1,TWSE,common_stock,true,false,false,false,false,false,false,false,true,
2026-08-28,1342,八貫,listed,105.0,105.0,104.0,104.0,0.0,0.0,124111,12946095,147,TWSE,common_stock,true,false,false,false,false,false,false,false,true,
2026-08-28,1402,遠東新,listed,28.35,28.35,28.0,28.1,-0.3,-1.0563,9013833,253444376,3693,TWSE,common_stock,true,false,false,false,false,false,false,false,true,
2026-08-28,1409,新纖,listed,25.2,25.2,24.1,24.3,-0.7,-2.8,19584388,479119044,8103,TWSE,common_stock,true,false,false,false,false,false,false,false,true,
2026-08-28,1410,南染,listed,24.65,24.85,24.35,24.4,-0.35,-1.4141,70793,1734955,60,TWSE,common_stock,true,false,false,false,false,false,false,false,true,
2026-08-28,1413,宏洲,listed,9.32,9.33,9.18,9.31,-0.01,-0.1073,14641,135437,21,TWSE,common_stock,true,false,false,false,false,false,false,false,true,
2026-08-28,1414,東和,listed,19.3,19.45,18.85,19.3,0.05,0.2597,538753,10321188,293,TWSE,common_stock,true,false,false,false,false,false,false,false,true,
2026-08-28,1416,廣豐,listed,11.8,11.85,11.7,11.8,0.0,0.0,194146,2285218,109,TWSE,common_stock,true,false,false,false,false,false,false,false,true,
2026-08-28,1417,嘉裕,listed,8.33,8.33,8.24,8.29,0.01,0.1208,75045,620875,88,TWSE,common_stock,true,false,false,false,false,false,false,false,true,
2026-08-28,1418,東華,listed,17.75,17.75,17.75,17.75,-0.2,-1.1142,6624,117601,22,TWSE,common_stock,true,false,false,false,false,false,false,false,true,
2026-08-28,1419,新紡,listed,66.1,66.9,65.4,66.9,0.5,0.753,91850,6080877,105,TWSE,common_stock,true,false,false,false,false,false,false,false,true,
2026-08-28,1423,利華,listed,35.8,35.8,34.4,34.95,-0.55,-1.5493,21839,758770,15,TWSE,common_stock,true,false,false,false,false,false,false,false,true,
2026-08-28,1432,大魯閣,listed,15.1,15.1,15.0,15.05,0.0,0.0,72772,1095546,232,TWSE,common_stock,true,false,false,false,false,false,false,false,true,
2026-08-28,1434,福懋,listed,18.15,18.35,17.8,17.85,-0.2,-1.108,2610132,47060660,1165,TWSE,common_stock,true,false,false,false,false,false,false,false,true,
2026-08-28,1435,中福,listed,23.5,23.5,21.85,22.0,-1.0,-4.3478,18279,408791,34,TWSE,common_stock,true,false,false,false,false,false,false,false,true,
2026-08-28,1436,華友聯,listed,39.15,39.15,38.5,38.55,-0.6,-1.5326,99470,3848876,316,TWSE,common_stock,true,false,false,false,false,false,false,false,true,
2026-08-28,1437,勤益控,listed,32.2,32.2,31.8,31.95,-0.2,-0.6221,32375,1033461,32,TWSE,common_stock,true,false,false,false,false,false,false,false,true,
2026-08-28,1438,三地開發,listed,22.45,22.45,22.2,22.35,0.0,0.0,23248,518433,31,TWSE,common_stock,true,false,false,false,false,false,false,false,true,
2026-08-28,1439,雋揚,listed,29.45,29.5,28.95,29.4,0.2,0.6849,32094,944812,16,TWSE,common_stock,true,false,false,false,false,false,false,false,true,
2026-08-28,1440,南紡,listed,13.95,13.95,13.65,13.7,-0.15,-1.083,1147332,15803777,488,TWSE,common_stock,true,false,false,false,false,false,false,false,true,
2026-08-28,1441,大東,listed,9.18,9.18,9.08,9.09,-0.06,-0.6557,14134,128969,58,TWSE,common_stock,true,false,false,false,false,false,false,false,true,
2026-08-28,1442,名軒,listed,30.2,30.4,29.8,29.85,-0.4,-1.3223,121083,3634124,245,TWSE,common_stock,true,false,false,false,false,false,false,false,true,
2026-08-28,1443,立益物流,listed,25.0,25.0,24.9,24.9,-0.1,-0.4,4525,112551,13,TWSE,common_stock,true,false,false,false,false,false,false,false,true,
2026-08-28,1444,力麗,listed,7.2,7.3,7.16,7.17,0.01,0.1397,876247,6323182,506,TWSE,common_stock,true,false,false,false,false,false,false,false,true,
2026-08-28,1445,大宇,listed,10.25,10.5,10.2,10.5,0.2,1.9417,28120,290985,24,TWSE,common_stock,true,false,false,false,false,false,false,false,true,
2026-08-28,1446,宏和,listed,13.6,13.7,13.55,13.65,0.05,0.3676,80772,1100987,54,TWSE,common_stock,true,false,false,false,false,false,false,false,true,
2026-08-28,1447,力鵬,listed,6.91,7.0,6.88,6.88,-0.02,-0.2899,1149646,7948091,548,TWSE,common_stock,true,false,false,false,false,false,false,false,true,
2026-08-28,1449,佳和,listed,12.5,12.5,12.35,12.45,0.0,0.0,276927,3437962,258,TWSE,common_stock,true,false,false,false,false,false,false,false,true,
2026-08-28,1451,年興,listed,17.4,17.4,17.25,17.4,0.1,0.578,83168,1439075,63,TWSE,common_stock,true,false,false,false,false,false,false,false,true,
2026-08-28,1452,宏益,listed,11.4,11.45,11.15,11.4,-0.05,-0.4367,98667,1116471,159,TWSE,common_stock,true,false,false,false,false,false,false,false,true,
2026-08-28,1453,大將,listed,11.45,11.45,11.1,11.25,0.0,0.0,39479,443618,84,TWSE,common_stock,true,false,false,false,false,false,false,false,true,
2026-08-28,1454,台富,listed,12.5,12.5,12.45,12.45,-0.1,-0.7968,7492,93477,46,TWSE,common_stock,true,false,false,false,false,false,false,false,true,
2026-08-28,1455,集盛,listed,10.0,10.05,9.97,9.97,-0.01,-0.1002,901205,9011633,562,TWSE,common_stock,true,false,false,false,false,false,false,false,true,
2026-08-28,1456,怡華,listed,13.9,13.9,13.5,13.65,-0.25,-1.7986,52439,712018,49,TWSE,common_stock,true,false,false,false,false,false,false,false,true,
2026-08-28,1457,宜進,listed,14.45,14.45,14.35,14.45,0.05,0.3472,51405,739938,38,TWSE,common_stock,true,false,false,false,false,false,false,false,true,
2026-08-28,1459,聯發,listed,15.85,15.9,15.3,15.55,0.0,0.0,168696,2611618,125,TWSE,common_stock,true,false,false,false,false,false,false,false,true,
2026-08-28,1460,宏遠,listed,6.64,6.66,6.61,6.62,-0.02,-0.3012,159830,1058776,122,TWSE,common_stock,true,false,false,false,false,false,false,false,true,
2026-08-28,1463,強盛新,listed,17.5,17.5,17.4,17.4,0.0,0.0,13257,230973,20,TWSE,common_stock,true,false,false,false,false,false,false,false,true,
2026-08-28,1464,得力,listed,10.3,10.3,10.15,10.15,-0.2,-1.9324,228355,2334286,159,TWSE,common_stock,true,false,false,false,false,false,false,false,true,
2026-08-28,1465,偉全,listed,12.0,12.45,11.95,12.0,0.05,0.4184,320572,3878427,191,TWSE,common_stock,true,false,false,false,false,false,false,false,true,
2026-08-28,1466,聚隆,listed,16.35,16.35,15.8,15.9,-0.2,-1.2422,384286,6125836,209,TWSE,common_stock,true,false,false,false,false,false,false,false,true,
2026-08-28,1467,南緯,listed,8.36,8.36,8.26,8.28,-0.08,-0.9569,164242,1362286,152,TWSE,common_stock,true,false,false,false,false,false,false,false,true,
2026-08-28,1468,昶和,listed,13.15,13.3,12.95,13.3,0.0,0.0,52001,680113,35,TWSE,common_stock,true,false,false,false,false,false,false,false,true,
2026-08-28,1470,大統新創,listed,24.0,24.0,23.55,23.55,-0.8,-3.2854,5000,118300,5,TWSE,common_stock,true,false,false,false,false,false,false,false,true,
2026-08-28,1471,首利,listed,10.1,10.1,9.82,10.0,-0.1,-0.9901,299929,2987010,171,TWSE,common_stock,true,false,false,false,false,false,false,false,true,
2026-08-28,1472,三洋實業,listed,,,,,0.0,,177,15609,47,TWSE,other,false,false,false,false,false,false,false,false,false,invalid_close
2026-08-28,1473,台南,listed,20.1,20.1,19.9,20.0,-0.1,-0.4975,29817,595915,132,TWSE,common_stock,true,false,false,false,false,false,false,false,true,
2026-08-28,1474,弘裕,listed,10.05,10.15,9.98,10.0,0.0,0.0,70547,710518,48,TWSE,common_stock,true,false,false,false,false,false,false,false,true,
2026-08-28,1475,業旺,listed,26.8,26.8,26.3,26.6,0.0,0.0,22000,585550,12,TWSE,common_stock,true,false,false,false,false,false,false,false,true,
2026-08-28,1476,儒鴻,listed,313.0,314.0,310.5,311.5,-2.5,-0.7962,698479,217991373,1526,TWSE,common_stock,true,false,false,false,false,false,false,false,true,
2026-08-28,1477,聚陽,listed,198.5,198.5,195.5,195.5,-3.0,-1.5113,1170351,229709424,2519,TWSE,common_stock,true,false,false,false,false,false,false,false,true,
2026-08-28,1503,士電,listed,213.5,213.5,205.0,205.5,-7.0,-3.2941,3448529,717807674,6152,TWSE,common_stock,true,false,false,false,false,false,false,false,true,
2026-08-28,1504,東元,listed,73.4,74.3,72.4,72.6,-0.8,-1.0899,13064159,954964869,13627,TWSE,common_stock,true,false,false,false,false,false,false,false,true,
2026-08-28,1506,正道,listed,10.1,10.2,10.05,10.15,0.05,0.495,174703,1769468,68,TWSE,common_stock,true,false,false,false,false,false,false,false,true,
2026-08-28,1512,瑞利,listed,6.46,6.49,6.38,6.41,-0.05,-0.774,34957,224746,33,TWSE,common_stock,true,false,false,false,false,false,false,false,true,
2026-08-28,1513,中興電,listed,173.0,173.0,168.0,168.0,-2.5,-1.4663,2782623,471595299,9599,TWSE,common_stock,true,false,false,false,false,false,false,false,true,
2026-08-28,1514,亞力,listed,111.0,111.5,105.0,105.0,0.0,0.0,6054909,648232509,4898,TWSE,common_stock,true,false,false,false,false,false,false,false,true,
2026-08-28,1515,力山,listed,37.15,38.45,34.6,34.7,-0.7,-1.9774,6522702,235058936,4500,TWSE,common_stock,true,false,false,false,false,false,false,false,true,
2026-08-28,1516,川飛,listed,14.35,14.8,14.35,14.75,-0.15,-1.0067,23514,342097,39,TWSE,common_stock,true,false,false,false,false,false,false,false,true,
2026-08-28,1517,利奇,listed,11.45,11.5,11.2,11.25,-0.15,-1.3158,380772,4306448,277,TWSE,common_stock,true,false,false,false,false,false,false,false,true,
2026-08-28,1519,華城,listed,772.0,773.0,749.0,755.0,-15.0,-1.9481,4024392,3063485136,15662,TWSE,common_stock,true,false,false,false,false,false,false,false,true,
2026-08-28,1521,大億,listed,25.9,25.9,25.5,25.9,-0.1,-0.3846,25233,651931,18,TWSE,common_stock,true,false,false,false,false,false,false,false,true,
2026-08-28,1522,堤維西,listed,28.2,28.2,27.95,28.0,-0.2,-0.7092,332842,9339219,280,TWSE,common_stock,true,false,false,false,false,false,false,false,true,
2026-08-28,1522A,堤維西甲特,listed,51.0,51.0,51.0,51.0,0.0,0.0,9000,459000,4,TWSE,warrant,false,false,true,false,false,false,false,false,false,security_type=warrant;symbol_not_4_digit
2026-08-28,1524,耿鼎,listed,27.65,27.65,27.45,27.5,0.0,0.0,217708,5991803,249,TWSE,common_stock,true,false,false,false,false,false,false,false,true,
2026-08-28,1525,江申,listed,66.5,66.5,66.4,66.5,-0.5,-0.7463,14004,931176,11,TWSE,common_stock,true,false,false,false,false,false,false,false,true,
2026-08-28,1526,日馳,listed,16.6,16.6,16.4,16.45,0.05,0.3049,126458,2083763,117,TWSE,common_stock,true,false,false,false,false,false,false,false,true,
2026-08-28,1527,鑽全,listed,32.95,33.15,32.6,32.7,-0.05,-0.1527,125222,4103242,182,TWSE,common_stock,true,false,false,false,false,false,false,false,true,
2026-08-28,1528,恩德,listed,19.8,19.8,19.3,19.55,0.05,0.2564,740896,14453823,618,TWSE,common_stock,true,false,false,false,false,false,false,false,true,
2026-08-28,1529,樂事綠能,listed,18.0,18.15,17.5,17.6,0.35,2.029,746393,13224901,521,TWSE,common_stock,true,false,false,false,false,false,false,false,true,
2026-08-28,1530,亞崴,listed,29.15,29.15,28.85,29.0,-0.3,-1.0239,24791,718443,76,TWSE,common_stock,true,false,false,false,false,false,false,false,true,
2026-08-28,1531,高林股,listed,13.35,13.7,13.35,13.7,0.4,3.0075,1230467,16581147,468,TWSE,common_stock,true,false,false,false,false,false,false,false,true,
2026-08-28,1532,勤美,listed,23.0,23.0,22.85,22.9,-0.05,-0.2179,308888,7076588,154,TWSE,common_stock,true,false,false,false,false,false,false,false,true,
2026-08-28,1533,車王電,listed,32.3,32.4,31.8,32.2,0.25,0.7825,82481,2644277,51,TWSE,common_stock,true,false,false,false,false,false,false,false,true,
2026-08-28,1535,中宇,listed,46.2,46.2,45.9,45.95,-0.05,-0.1087,27576,1271734,28,TWSE,common_stock,true,false,false,false,false,false,false,false,true,
2026-08-28,1536,和大,listed,51.9,51.9,50.1,50.3,-0.8,-1.5656,1056845,53422800,1450,TWSE,common_stock,true,false,false,false,false,false,false,false,true,
2026-08-28,1537,廣隆,listed,119.5,119.5,118.5,119.0,-0.5,-0.4184,149353,17780796,219,TWSE,common_stock,true,false,false,false,false,false,false,false,true,
2026-08-28,1538,正峰,listed,,,,,0.0,,1,8,1,TWSE,other,false,false,false,false,false,false,false,false,false,invalid_close
2026-08-28,1539,巨庭,listed,15.65,15.75,15.65,15.65,0.0,0.0,23128,362251,25,TWSE,common_stock,true,false,false,false,false,false,false,false,true,
2026-08-28,1540,喬福,listed,19.4,19.5,19.25,19.35,0.0,0.0,105273,2033992,292,TWSE,common_stock,true,false,false,false,false,false,false,false,true,
2026-08-28,1541,錩泰,listed,21.55,21.8,21.55,21.7,-0.15,-0.6865,8000,173900,8,TWSE,common_stock,true,false,false,false,false,false,false,false,true,
2026-08-28,1558,伸興,listed,101.0,102.5,100.5,102.0,0.0,0.0,58760,5977245,217,TWSE,common_stock,true,false,false,false,false,false,false,false,true,
2026-08-28,1560,中砂,listed,697.0,707.0,694.0,695.0,5.0,0.7246,584981,408665762,1472,TWSE,common_stock,true,false,false,false,false,false,false,false,true,
2026-08-28,1568,倉佑,listed,29.15,29.75,29.05,29.1,0.05,0.1721,172554,5052172,131,TWSE,common_stock,true,false,false,false,false,false,false,false,true,
2026-08-28,1582,信錦,listed,76.4,77.7,75.3,76.8,0.9,1.1858,1070262,82261512,1046,TWSE,common_stock,true,false,false,false,false,false,false,false,true,
2026-08-28,1583,程泰,listed,49.1,49.1,48.9,48.9,0.0,0.0,14065,688866,15,TWSE,common_stock,true,false,false,false,false,false,false,false,true,
2026-08-28,1587,吉茂,listed,24.0,24.65,23.95,24.3,0.15,0.6211,230401,5615065,134,TWSE,common_stock,true,false,false,false,false,false,false,false,true,
2026-08-28,1590,亞德客-KY,listed,1495.0,1495.0,1405.0,1415.0,-65.0,-4.3919,673924,965222920,1794,TWSE,common_stock,true,false,false,false,false,false,false,false,true,
2026-08-28,1597,直得,listed,151.0,152.5,139.0,152.0,4.5,3.0508,6997405,1027361989,6508,TWSE,common_stock,true,false,false,false,false,false,false,false,true,
2026-08-28,1598,岱宇,listed,20.7,20.7,20.2,20.6,-0.05,-0.2421,229049,4690520,209,TWSE,common_stock,true,false,false,false,false,false,false,false,true,
2026-08-28,1603,華電,listed,31.2,31.2,30.95,31.05,0.0,0.0,135719,4211635,183,TWSE,common_stock,true,false,false,false,false,false,false,false,true,
2026-08-28,1604,聲寶,listed,23.35,23.35,23.25,23.25,-0.05,-0.2146,112744,2624316,189,TWSE,common_stock,true,false,false,false,false,false,false,false,true,
2026-08-28,1605,華新,listed,39.45,39.65,38.65,39.0,0.1,0.2571,17822420,695961153,10440,TWSE,common_stock,true,false,false,false,false,false,false,false,true,
2026-08-28,1608,華榮,listed,38.5,38.7,37.75,37.85,-0.35,-0.9162,4490041,170966744,3116,TWSE,common_stock,true,false,false,false,false,false,false,false,true,
2026-08-28,1609,大亞,listed,38.25,38.35,37.65,38.1,0.35,0.9272,3635925,138172053,2741,TWSE,common_stock,true,false,false,false,false,false,false,false,true,
2026-08-28,1611,中電,listed,12.1,12.1,11.9,11.95,-0.05,-0.4167,331950,3975661,340,TWSE,common_stock,true,false,false,false,false,false,false,false,true,
2026-08-28,1612,宏泰,listed,35.7,35.8,35.05,35.2,-0.3,-0.8451,488280,17214636,856,TWSE,common_stock,true,false,false,false,false,false,false,false,true,
2026-08-28,1614,三洋電,listed,30.75,30.9,30.45,30.65,0.0,0.0,84202,2579497,84,TWSE,common_stock,true,false,false,false,false,false,false,false,true,
2026-08-28,1615,大山,listed,44.8,44.8,44.45,44.55,-0.45,-1.0,54888,2446109,408,TWSE,common_stock,true,false,false,false,false,false,false,false,true,
2026-08-28,1616,億泰,listed,20.1,20.1,19.7,19.8,-0.3,-1.4925,212135,4200148,196,TWSE,common_stock,true,false,false,false,false,false,false,false,true,
2026-08-28,1617,榮星,listed,18.35,18.4,17.65,17.7,-0.45,-2.4793,468765,8384353,321,TWSE,common_stock,true,false,false,false,false,false,false,false,true,
2026-08-28,1618,合機,listed,41.05,41.05,40.0,40.4,-0.25,-0.615,529453,21348113,806,TWSE,common_stock,true,false,false,false,false,false,false,false,true,
2026-08-28,1623,大東電,listed,206.0,206.0,201.0,202.0,-5.0,-2.4155,79560,16142462,659,TWSE,common_stock,true,false,false,false,false,false,false,false,true,
2026-08-28,1626,艾美特-KY,listed,9.61,9.69,9.6,9.69,0.09,0.9375,76536,736689,51,TWSE,common_stock,true,false,false,false,false,false,false,false,true,
2026-08-28,1702,南僑,listed,32.9,32.9,32.65,32.75,-0.1,-0.3044,109730,3592986,123,TWSE,common_stock,true,false,false,false,false,false,false,false,true,
2026-08-28,1707,葡萄王,listed,90.6,90.6,89.3,89.3,-1.3,-1.4349,522961,46852250,725,TWSE,common_stock,true,false,false,false,false,false,false,false,true,
2026-08-28,1708,東鹼,listed,51.0,51.5,50.5,51.0,0.3,0.5917,3674497,187569722,2779,TWSE,common_stock,true,false,false,false,false,false,false,false,true,
2026-08-28,1709,和益,listed,34.5,36.45,34.15,36.15,0.0,0.0,22958086,821962293,15693,TWSE,common_stock,true,false,false,false,false,false,false,false,true,
2026-08-28,1710,東聯,listed,15.95,15.95,15.7,15.9,0.1,0.6329,2332030,36925968,1075,TWSE,common_stock,true,false,false,false,false,false,false,false,true,
2026-08-28,1711,永光,listed,43.55,45.2,43.25,43.9,0.4,0.9195,7383604,325787580,4552,TWSE,common_stock,true,false,false,false,false,false,false,false,true,
2026-08-28,1712,興農,listed,39.9,40.05,39.7,39.8,-0.05,-0.1255,653544,26061927,610,TWSE,common_stock,true,false,false,false,false,false,false,false,true,
2026-08-28,1713,國化,listed,43.8,44.5,43.75,44.2,0.5,1.1442,158284,6974748,138,TWSE,common_stock,true,false,false,false,false,false,false,false,true,
2026-08-28,1714,和桐,listed,16.75,16.9,16.55,16.7,0.15,0.9063,8101279,135448484,3127,TWSE,common_stock,true,false,false,false,false,false,false,false,true,
2026-08-28,1717,長興,listed,76.5,79.4,75.2,77.7,1.9,2.5066,29123952,2256253974,20859,TWSE,common_stock,true,false,false,false,false,false,false,false,true,
2026-08-28,1718,中纖,listed,10.9,11.1,10.7,10.75,0.05,0.4673,14422709,156283348,4057,TWSE,common_stock,true,false,false,false,false,false,false,false,true,
2026-08-28,1720,生達,listed,56.6,56.7,56.4,56.4,-0.2,-0.3534,214632,12142983,171,TWSE,common_stock,true,false,false,false,false,false,false,false,true,
2026-08-28,1721,三晃,listed,20.45,20.65,20.2,20.4,0.2,0.9901,467433,9524371,432,TWSE,common_stock,true,false,false,false,false,false,false,false,true,
2026-08-28,1722,台肥,listed,44.55,44.65,44.4,44.6,0.0,0.0,1545800,68827878,1038,TWSE,common_stock,true,false,false,false,false,false,false,false,true,
2026-08-28,1723,中碳,listed,86.5,87.0,85.9,86.3,-0.3,-0.3464,369478,31856213,396,TWSE,common_stock,true,false,false,false,false,false,false,false,true,
2026-08-28,1725,元禎,listed,32.25,32.25,31.75,31.75,-0.15,-0.4702,16607,529514,29,TWSE,common_stock,true,false,false,false,false,false,false,false,true,
2026-08-28,1726,永記,listed,77.7,77.7,77.6,77.6,-0.1,-0.1287,8018,622653,23,TWSE,common_stock,true,false,false,false,false,false,false,false,true,
2026-08-28,1727,中華化,listed,97.1,100.5,95.3,98.1,1.2,1.2384,7805835,768634776,8270,TWSE,common_stock,true,false,false,false,false,false,false,false,true,
2026-08-28,1730,花仙子,listed,51.9,51.9,51.5,51.7,-0.2,-0.3854,7067,365970,26,TWSE,common_stock,true,false,false,false,false,false,false,false,true,
2026-08-28,1731,美吾華,listed,21.0,21.1,21.0,21.0,0.1,0.4785,98534,2072877,78,TWSE,common_stock,true,false,false,false,false,false,false,false,true,
2026-08-28,1732,毛寶,listed,26.5,26.85,26.4,26.7,0.2,0.7547,86360,2294375,85,TWSE,common_stock,true,false,false,false,false,false,false,false,true,
2026-08-28,1733,五鼎,listed,32.25,32.45,32.05,32.1,-0.3,-0.9259,109595,3533981,111,TWSE,common_stock,true,false,false,false,false,false,false,false,true,
2026-08-28,1734,杏輝,listed,30.75,30.95,30.6,30.75,0.0,0.0,289351,8904067,564,TWSE,common_stock,true,false,false,false,false,false,false,false,true,
2026-08-28,1735,日勝化,listed,21.4,21.4,20.9,20.9,0.0,0.0,65186,1371973,67,TWSE,common_stock,true,false,false,false,false,false,false,false,true,
2026-08-28,1736,喬山,listed,128.5,128.5,125.5,125.5,-2.5,-1.9531,464503,58881679,362,TWSE,common_stock,true,false,false,false,false,false,false,false,true,
2026-08-28,1737,臺鹽,listed,30.8,31.05,30.8,30.8,0.0,0.0,207144,6386663,324,TWSE,common_stock,true,false,false,false,false,false,false,false,true,
2026-08-28,1752,南光,listed,31.7,31.9,31.5,31.85,0.15,0.4732,55022,1742224,58,TWSE,common_stock,true,false,false,false,false,false,false,false,true,
2026-08-28,1760,寶齡富錦,listed,58.8,58.8,58.1,58.3,-0.3,-0.5119,72759,4244878,107,TWSE,common_stock,true,false,false,false,false,false,false,false,true,
2026-08-28,1762,中化生,listed,35.6,35.65,35.15,35.5,-0.25,-0.6993,74783,2643449,237,TWSE,common_stock,true,false,false,false,false,false,false,false,true,
2026-08-28,1773,勝一,listed,162.0,162.0,159.0,159.5,-0.5,-0.3125,147122,23557819,255,TWSE,common_stock,true,false,false,false,false,false,false,false,true,
2026-08-28,1776,展宇,listed,17.15,17.25,17.1,17.1,-0.1,-0.5814,75462,1294521,51,TWSE,common_stock,true,false,false,false,false,false,false,false,true,
2026-08-28,1783,和康生,listed,40.9,40.9,40.4,40.7,0.0,0.0,57182,2320740,145,TWSE,common_stock,true,false,false,false,false,false,false,false,true,
2026-08-28,1786,科妍,listed,50.1,50.1,48.75,48.8,-0.8,-1.6129,173392,8508672,281,TWSE,common_stock,true,false,false,false,false,false,false,false,true,
2026-08-28,1789,神隆,listed,19.05,19.2,19.05,19.1,0.05,0.2625,156181,2988094,112,TWSE,common_stock,true,false,false,false,false,false,false,false,true,
2026-08-28,1795,美時,listed,193.0,194.5,192.0,193.0,-1.0,-0.5155,1082932,209150267,2696,TWSE,common_stock,true,false,false,false,false,false,false,false,true,
2026-08-28,1802,台玻,listed,59.7,62.7,58.7,60.8,1.6,2.7027,59326831,3619014828,32097,TWSE,common_stock,true,false,false,false,false,false,false,false,true,
2026-08-28,1805,寶徠,listed,10.2,10.35,10.2,10.35,0.1,0.9756,54095,556618,41,TWSE,common_stock,true,false,false,false,false,false,false,false,true,
2026-08-28,1806,冠軍,listed,8.03,8.03,7.98,8.02,0.0,0.0,138507,1107535,233,TWSE,common_stock,true,false,false,false,false,false,false,false,true,
2026-08-28,1808,潤隆,listed,35.9,35.95,34.65,34.8,-1.15,-3.1989,2527720,88560299,1889,TWSE,common_stock,true,false,false,false,false,false,false,false,true,
2026-08-28,1809,中釉,listed,39.85,40.6,39.45,39.7,0.45,1.1465,1277960,50956989,1489,TWSE,common_stock,true,false,false,false,false,false,false,false,true,
2026-08-28,1810,和成,listed,26.7,26.75,25.0,25.25,-0.65,-2.5097,6907268,175400863,4072,TWSE,common_stock,true,false,false,false,false,false,false,false,true,
2026-08-28,1817,凱撒衛,listed,40.45,40.55,40.2,40.45,0.1,0.2478,37545,1514844,46,TWSE,common_stock,true,false,false,false,false,false,false,false,true,
2026-08-28,1903,士紙,listed,48.3,48.45,47.85,48.0,-0.25,-0.5181,78730,3783455,99,TWSE,common_stock,true,false,false,false,false,false,false,false,true,
2026-08-28,1904,正隆,listed,25.5,25.65,24.9,25.15,-0.3,-1.1788,2246288,56637622,2425,TWSE,common_stock,true,false,false,false,false,false,false,false,true,
2026-08-28,1905,華紙,listed,13.55,13.75,13.5,13.7,0.2,1.4815,1803411,24587281,647,TWSE,common_stock,true,false,false,false,false,false,false,false,true,
2026-08-28,1906,寶隆,listed,11.5,11.5,11.4,11.4,-0.1,-0.8696,19118,218859,39,TWSE,common_stock,true,false,false,false,false,false,false,false,true,
2026-08-28,1907,永豐餘,listed,30.5,30.55,29.85,29.9,-0.7,-2.2876,1336509,40143792,1433,TWSE,etf,false,true,false,false,false,false,false,false,false,security_type=etf
2026-08-28,1909,榮成,listed,10.85,10.95,10.75,10.85,-0.05,-0.4587,2659670,28798429,810,TWSE,common_stock,true,false,false,false,false,false,false,false,true,
2026-08-28,2002,中鋼,listed,19.15,19.15,19.0,19.05,-0.1,-0.5222,22552912,429963844,8145,TWSE,common_stock,true,false,false,false,false,false,false,false,true,
2026-08-28,2002A,中鋼特,listed,37.25,37.25,37.2,37.2,-0.05,-0.1342,21335,794100,26,TWSE,warrant,false,false,true,false,false,false,false,false,false,security_type=warrant;symbol_not_4_digit
2026-08-28,2006,東和鋼鐵,listed,81.0,81.0,79.8,80.6,-0.2,-0.2475,937158,75275493,1280,TWSE,common_stock,true,false,false,false,false,false,false,false,true,
2026-08-28,2007,燁興,listed,7.01,7.02,6.97,7.0,-0.01,-0.1427,173137,1211907,116,TWSE,common_stock,true,false,false,false,false,false,false,false,true,
2026-08-28,2008,高興昌,listed,30.5,30.55,30.5,30.55,0.05,0.1639,9003,274645,34,TWSE,common_stock,true,false,false,false,false,false,false,false,true,
2026-08-28,2009,第一銅,listed,42.55,42.8,41.3,41.3,-0.5,-1.1962,2704350,112994190,3131,TWSE,common_stock,true,false,false,false,false,false,false,false,true,
2026-08-28,2010,春源,listed,22.9,22.9,22.65,22.7,-0.2,-0.8734,851474,19371155,432,TWSE,common_stock,true,false,false,false,false,false,false,false,true,
2026-08-28,2012,春雨,listed,14.7,14.8,14.65,14.7,-0.1,-0.6757,32993,485487,55,TWSE,common_stock,true,false,false,false,false,false,false,false,true,
2026-08-28,2013,中鋼構,listed,42.15,42.2,41.7,41.7,-0.05,-0.1198,82887,3475067,92,TWSE,common_stock,true,false,false,false,false,false,false,false,true,
2026-08-28,2014,中鴻,listed,17.15,17.15,17.0,17.05,-0.1,-0.5831,1872870,31969701,809,TWSE,common_stock,true,false,false,false,false,false,false,false,true,
2026-08-28,2015,豐興,listed,65.1,65.1,64.0,64.5,-0.7,-1.0736,217118,13952161,445,TWSE,common_stock,true,false,false,false,false,false,false,false,true,
2026-08-28,2017,官田鋼,listed,9.45,9.47,9.02,9.32,-0.13,-1.3757,1886553,17519931,902,TWSE,common_stock,true,false,false,false,false,false,false,false,true,
2026-08-28,2020,美亞,listed,21.85,21.9,21.75,21.85,0.0,0.0,126964,2770212,132,TWSE,common_stock,true,false,false,false,false,false,false,false,true,
2026-08-28,2022,聚亨,listed,7.61,7.69,7.57,7.65,0.04,0.5256,222689,1693837,202,TWSE,common_stock,true,false,false,false,false,false,false,false,true,
2026-08-28,2023,燁輝,listed,13.85,13.85,13.65,13.65,-0.2,-1.444,1862415,25501521,558,TWSE,common_stock,true,false,false,false,false,false,false,false,true,
2026-08-28,2024,志聯,listed,14.2,14.2,13.55,13.6,0.3,2.2556,20616,285020,38,TWSE,common_stock,true,false,false,false,false,false,false,false,true,
2026-08-28,2025,千興,listed,13.25,13.3,12.85,13.25,0.05,0.3788,777077,10185566,306,TWSE,common_stock,true,false,false,false,false,false,false,false,true,
2026-08-28,2027,大成鋼,listed,48.55,48.9,48.15,48.4,-0.25,-0.5139,10383787,502793933,5998,TWSE,common_stock,true,false,false,false,false,false,false,false,true,
2026-08-28,2028,威致,listed,15.9,15.9,15.75,15.85,-0.05,-0.3145,62000,979600,27,TWSE,common_stock,true,false,false,false,false,false,false,false,true,
2026-08-28,2029,盛餘,listed,22.25,22.35,22.05,22.15,-0.1,-0.4494,262903,5818369,122,TWSE,common_stock,true,false,false,false,false,false,false,false,true,
2026-08-28,2030,彰源,listed,22.9,23.1,22.5,22.8,-0.2,-0.8696,2392381,54473940,1703,TWSE,common_stock,true,false,false,false,false,false,false,false,true,
2026-08-28,2031,新光鋼,listed,45.55,45.7,45.25,45.4,-0.5,-1.0893,722590,32813102,714,TWSE,common_stock,true,false,false,false,false,false,false,false,true,
2026-08-28,2032,新鋼,listed,17.15,17.15,17.05,17.15,0.0,0.0,172096,2941659,106,TWSE,common_stock,true,false,false,false,false,false,false,false,true,
2026-08-28,2033,佳大,listed,23.7,25.65,23.45,25.65,2.3,9.8501,3683348,94071091,1560,TWSE,common_stock,true,false,false,false,false,false,false,false,true,
2026-08-28,2034,允強,listed,20.3,20.5,20.15,20.45,0.1,0.4914,942078,19151730,520,TWSE,common_stock,true,false,false,false,false,false,false,false,true,
2026-08-28,2038,海光,listed,12.9,12.95,12.8,12.8,-0.1,-0.7752,161543,2079782,140,TWSE,common_stock,true,false,false,false,false,false,false,false,true,
2026-08-28,2049,上銀,listed,362.5,365.5,346.0,354.0,-5.5,-1.5299,3576644,1265332183,5424,TWSE,common_stock,true,false,false,false,false,false,false,false,true,
2026-08-28,2059,川湖,listed,14500.0,14595.0,14005.0,14300.0,-40.0,-0.2789,433751,6187081035,8029,TWSE,common_stock,true,false,false,false,false,false,false,false,true,
2026-08-28,2062,橋椿,listed,19.35,19.35,19.2,19.2,-0.2,-1.0309,88247,1699951,70,TWSE,common_stock,true,false,false,false,false,false,false,false,true,
2026-08-28,2069,運錩,listed,21.7,21.8,21.4,21.4,-0.45,-2.0595,530262,11424137,315,TWSE,common_stock,true,false,false,false,false,false,false,false,true,
2026-08-28,2072,世紀風電,listed,144.5,145.0,143.5,144.0,0.0,0.0,252406,36374048,483,TWSE,common_stock,true,false,false,false,false,false,false,false,true,
2026-08-28,2101,南港,listed,32.3,32.4,31.55,31.75,0.0,0.0,2790584,88781013,1988,TWSE,common_stock,true,false,false,false,false,false,false,false,true,
2026-08-28,2102,泰豐,listed,18.75,18.75,18.5,18.55,-0.05,-0.2688,121524,2254827,234,TWSE,common_stock,true,false,false,false,false,false,false,false,true,
2026-08-28,2103,台橡,listed,27.9,28.45,27.85,28.2,0.45,1.6216,3820263,107615893,1889,TWSE,common_stock,true,false,false,false,false,false,false,false,true,
2026-08-28,2104,國際中橡,listed,10.45,10.5,10.2,10.25,-0.2,-1.9139,3114456,32119843,1065,TWSE,common_stock,true,false,false,false,false,false,false,false,true,
2026-08-28,2105,正新,listed,31.05,31.15,30.5,30.55,-0.55,-1.7685,7656679,234950869,4214,TWSE,common_stock,true,false,false,false,false,false,false,false,true,
2026-08-28,2106,建大,listed,17.1,17.1,16.85,16.85,-0.25,-1.462,3651150,61883237,1779,TWSE,common_stock,true,false,false,false,false,false,false,false,true,
2026-08-28,2107,厚生,listed,27.05,27.15,26.75,26.9,-0.15,-0.5545,309966,8369843,258,TWSE,common_stock,true,false,false,false,false,false,false,false,true,
2026-08-28,2108,南帝,listed,30.15,30.5,30.05,30.45,0.3,0.995,674642,20438885,435,TWSE,common_stock,true,false,false,false,false,false,false,false,true,
2026-08-28,2109,華豐,listed,14.9,14.9,14.75,14.8,0.0,0.0,40453,598620,45,TWSE,common_stock,true,false,false,false,false,false,false,false,true,
2026-08-28,2114,鑫永銓,listed,89.8,89.8,89.0,89.0,-0.6,-0.6696,25310,2260622,19,TWSE,common_stock,true,false,false,false,false,false,false,false,true,
2026-08-28,2115,六暉-KY,listed,24.0,24.0,23.85,23.9,0.05,0.2096,8000,191300,8,TWSE,common_stock,true,false,false,false,false,false,false,false,true,
2026-08-28,2201,裕隆,listed,29.05,29.05,28.35,28.4,-0.25,-0.8726,2305544,65845462,1436,TWSE,common_stock,true,false,false,false,false,false,false,false,true,
2026-08-28,2204,中華,listed,53.9,53.9,53.0,53.4,-0.6,-1.1111,796385,42461979,961,TWSE,common_stock,true,false,false,false,false,false,false,false,true,
2026-08-28,2206,三陽工業,listed,63.5,63.7,62.4,63.1,-0.4,-0.6299,1150793,72553498,949,TWSE,common_stock,true,false,false,false,false,false,false,false,true,
2026-08-28,2207,和泰車,listed,525.0,526.0,517.0,520.0,-7.0,-1.3283,136774,71064912,1165,TWSE,common_stock,true,false,false,false,false,false,false,false,true,
2026-08-28,2208,台船,listed,19.75,19.95,19.1,19.2,-0.2,-1.0309,5181542,99860664,2402,TWSE,common_stock,true,false,false,false,false,false,false,false,true,
2026-08-28,2211,長榮鋼,listed,83.6,83.7,82.6,83.1,-0.3,-0.3597,279141,23139851,346,TWSE,common_stock,true,false,false,false,false,false,false,false,true,
2026-08-28,2227,裕日車,listed,47.85,48.0,47.75,48.0,0.15,0.3135,32133,1537377,47,TWSE,common_stock,true,false,false,false,false,false,false,false,true,
2026-08-28,2228,劍麟,listed,73.6,75.3,73.3,74.6,1.0,1.3587,111702,8279029,202,TWSE,common_stock,true,false,false,false,false,false,false,false,true,
2026-08-28,2231,為升,listed,96.9,97.5,92.8,92.9,-2.1,-2.2105,286540,26944126,655,TWSE,common_stock,true,false,false,false,false,false,false,false,true,
2026-08-28,2233,宇隆,listed,176.0,176.0,171.5,172.5,-2.0,-1.1461,567408,98386721,834,TWSE,common_stock,true,false,false,false,false,false,false,false,true,
2026-08-28,2236,百達-KY,listed,121.5,124.5,119.5,121.5,1.0,0.8299,270427,32976516,478,TWSE,common_stock,true,false,false,false,false,false,false,false,true,
2026-08-28,2237,華德動能-創,listed,27.9,28.3,27.5,28.0,0.1,0.3584,289026,8056294,212,TWSE,common_stock,true,false,false,false,false,false,false,false,true,
2026-08-28,2239,英利-KY,listed,20.15,20.4,20.0,20.15,-0.2,-0.9828,29152,586752,33,TWSE,common_stock,true,false,false,false,false,false,false,false,true,
2026-08-28,2241,艾姆勒,listed,35.35,35.95,35.15,35.5,0.15,0.4243,248895,8840095,257,TWSE,common_stock,true,false,false,false,false,false,false,false,true,
2026-08-28,2243,宏旭-KY,listed,42.9,44.1,41.25,41.35,-1.3,-3.0481,235577,10029837,266,TWSE,common_stock,true,false,false,false,false,false,false,false,true,
2026-08-28,2247,汎德永業,listed,229.0,230.0,228.0,230.0,0.0,0.0,17392,3991636,76,TWSE,common_stock,true,false,false,false,false,false,false,false,true,
2026-08-28,2248,華勝-KY,listed,62.2,62.9,61.3,62.9,0.7,1.1254,62088,3843852,50,TWSE,common_stock,true,false,false,false,false,false,false,false,true,
2026-08-28,2250,IKKA-KY,listed,61.0,61.0,59.5,59.7,0.0,0.0,130808,7849675,122,TWSE,common_stock,true,false,false,false,false,false,false,false,true,
2026-08-28,2254,巨鎧精密-創,listed,60.3,63.1,60.2,61.7,1.4,2.3217,538114,33282773,300,TWSE,common_stock,true,false,false,false,false,false,false,false,true,
2026-08-28,2258,鴻華先進-創,listed,31.55,31.9,31.25,31.3,-0.3,-0.9494,226520,7139923,165,TWSE,common_stock,true,false,false,false,false,false,false,false,true,
2026-08-28,2301,光寶科,listed,305.0,322.0,299.0,317.5,16.5,5.4817,50424965,15778679236,46488,TWSE,common_stock,true,false,false,false,false,false,false,false,true,
2026-08-28,2302,麗正,listed,44.3,46.45,43.45,43.85,-0.15,-0.3409,4717776,211205899,3594,TWSE,common_stock,true,false,false,false,false,false,false,false,true,
2026-08-28,2303,聯電,listed,120.5,130.0,120.0,130.0,11.5,9.7046,325935822,41775453587,160833,TWSE,common_stock,true,false,false,false,false,false,false,false,true,
2026-08-28,2305,全友,listed,29.35,29.75,28.6,29.0,-0.45,-1.528,3772104,109843466,2567,TWSE,common_stock,true,false,false,false,false,false,false,false,true,
2026-08-28,2308,台達電,listed,1800.0,1870.0,1780.0,1830.0,60.0,3.3898,13398406,24470322180,41826,TWSE,common_stock,true,false,false,false,false,false,false,false,true,
2026-08-28,2312,金寶,listed,32.05,32.15,31.7,31.8,0.1,0.3155,6218350,198571267,4144,TWSE,common_stock,true,false,false,false,false,false,false,false,true,
2026-08-28,2313,華通,listed,246.5,260.0,240.5,241.0,-3.0,-1.2295,87191617,21585517892,84828,TWSE,common_stock,true,false,false,false,false,false,false,false,true,
2026-08-28,2314,台揚,listed,11.75,11.75,11.5,11.6,-0.15,-1.2766,66950,776593,93,TWSE,common_stock,true,false,false,false,false,false,false,false,true,
2026-08-28,2316,楠梓電,listed,163.0,167.0,161.5,164.0,3.5,2.1807,2372398,390334573,2465,TWSE,common_stock,true,false,false,false,false,false,false,false,true,
2026-08-28,2317,鴻海,listed,255.5,256.5,251.0,253.0,1.0,0.3968,31847341,8078856908,28886,TWSE,common_stock,true,false,false,false,false,false,false,false,true,
2026-08-28,2321,東訊,listed,13.65,13.65,13.65,13.65,-1.1,-7.4576,7226,99174,27,TWSE,common_stock,true,false,false,false,false,false,false,false,true,
2026-08-28,2323,中環,listed,10.95,11.1,10.9,10.9,0.0,0.0,4645823,50985853,1636,TWSE,common_stock,true,false,false,false,false,false,false,false,true,
2026-08-28,2324,仁寶,listed,39.6,40.65,39.3,39.7,-0.05,-0.1258,43593188,1738689099,19336,TWSE,common_stock,true,false,false,false,false,false,false,false,true,
2026-08-28,2327,國巨*,listed,581.0,610.0,576.0,597.0,42.0,7.5676,81106200,48532186934,105563,TWSE,common_stock,true,false,false,false,false,false,false,false,true,
2026-08-28,2328,廣宇,listed,47.0,47.4,46.2,46.6,-0.1,-0.2141,1584646,73982565,2006,TWSE,common_stock,true,false,false,false,false,false,false,false,true,
2026-08-28,2329,華泰,listed,44.35,45.0,43.75,44.1,0.3,0.6849,2027849,89771814,1608,TWSE,common_stock,true,false,false,false,false,false,false,false,true,
2026-08-28,2330,台積電,listed,2440.0,2445.0,2410.0,2420.0,10.0,0.4149,15025832,36465015980,52492,TWSE,common_stock,true,false,false,false,false,false,false,false,true,
2026-08-28,2331,精英,listed,20.0,20.0,19.65,19.7,-0.1,-0.5051,832639,16471372,468,TWSE,common_stock,true,false,false,false,false,false,false,false,true,
2026-08-28,2332,友訊,listed,20.5,20.9,20.05,20.4,0.1,0.4926,11733867,239893853,5391,TWSE,common_stock,true,false,false,false,false,false,false,false,true,
2026-08-28,2337,旺宏,listed,130.0,130.0,125.0,126.5,-1.0,-0.7843,30055663,3826735020,22329,TWSE,common_stock,true,false,false,false,false,false,false,false,true,
2026-08-28,2338,光罩,listed,39.35,43.0,39.05,40.0,0.8,2.0408,3248095,131866658,2401,TWSE,common_stock,true,false,false,false,false,false,false,false,true,
2026-08-28,2340,台亞,listed,34.2,34.8,33.8,34.25,0.05,0.1462,2869808,98514538,2069,TWSE,common_stock,true,false,false,false,false,false,false,false,true,
2026-08-28,2342,茂矽,listed,40.95,41.8,40.5,40.55,0.4,0.9963,2224719,91414259,1857,TWSE,common_stock,true,false,false,false,false,false,false,false,true,
2026-08-28,2344,華邦電,listed,188.5,192.0,180.5,181.5,-4.5,-2.4194,153443947,28428087932,125099,TWSE,common_stock,true,false,false,false,false,false,false,false,true,
2026-08-28,2345,智邦,listed,2120.0,2195.0,2100.0,2125.0,35.0,1.6746,2374655,5081260310,7970,TWSE,common_stock,true,false,false,false,false,false,false,false,true,
2026-08-28,2347,聯強,listed,86.8,87.9,86.0,86.5,-0.3,-0.3456,1841582,159961847,2152,TWSE,common_stock,true,false,false,false,false,false,false,false,true,
2026-08-28,2348,海悅,listed,71.9,72.2,70.7,72.1,0.4,0.5579,277047,19777482,502,TWSE,common_stock,true,false,false,false,false,false,false,false,true,
2026-08-28,2348A,海悅甲特,listed,38.25,38.3,38.15,38.3,0.0,0.0,23840,912174,19,TWSE,warrant,false,false,true,false,false,false,false,false,false,security_type=warrant;symbol_not_4_digit
2026-08-28,2349,錸德,listed,11.2,11.3,11.0,11.1,-0.1,-0.8929,1435342,15977494,508,TWSE,common_stock,true,false,false,false,false,false,false,false,true,
2026-08-28,2351,順德,listed,240.0,247.0,232.0,239.5,-0.5,-0.2083,7423298,1772430600,18461,TWSE,common_stock,true,false,false,false,false,false,false,false,true,
2026-08-28,2352,佳世達,listed,28.3,28.4,28.1,28.2,0.2,0.7143,2871377,81079998,1687,TWSE,common_stock,true,false,false,false,false,false,false,false,true,
2026-08-28,2353,宏碁,listed,31.4,31.45,30.8,30.85,-0.35,-1.1218,8501451,263549583,4823,TWSE,common_stock,true,false,false,false,false,false,false,false,true,
2026-08-28,2354,鴻準,listed,65.3,65.3,63.3,63.9,-0.5,-0.7764,19092306,1220893969,14686,TWSE,common_stock,true,false,false,false,false,false,false,false,true,
2026-08-28,2355,敬鵬,listed,44.6,45.4,43.85,44.5,0.1,0.2252,3413554,153162966,3910,TWSE,common_stock,true,false,false,false,false,false,false,false,true,
2026-08-28,2356,英業達,listed,65.6,66.3,64.8,64.9,-0.7,-1.0671,12171652,793327671,9258,TWSE,common_stock,true,false,false,false,false,false,false,false,true,
2026-08-28,2357,華碩,listed,975.0,981.0,955.0,965.0,-3.0,-0.3099,1844300,1780589776,5975,TWSE,common_stock,true,false,false,false,false,false,false,false,true,
2026-08-28,2359,所羅門,listed,149.0,150.5,144.5,145.5,-2.0,-1.3559,4630305,680589164,5055,TWSE,common_stock,true,false,false,false,false,false,false,false,true,
2026-08-28,2360,致茂,listed,2000.0,2065.0,1995.0,2010.0,20.0,1.005,1899216,3857918710,3622,TWSE,common_stock,true,false,false,false,false,false,false,false,true,
2026-08-28,2362,藍天,listed,48.5,48.65,47.75,47.75,-0.8,-1.6478,1120083,53886797,1518,TWSE,common_stock,true,false,false,false,false,false,false,false,true,
2026-08-28,2363,矽統,listed,51.0,53.3,51.0,51.8,1.1,2.1696,5590442,291879185,4326,TWSE,common_stock,true,false,false,false,false,false,false,false,true,
2026-08-28,2364,倫飛,listed,69.8,70.2,67.0,67.6,0.0,0.0,1823497,125003973,2057,TWSE,common_stock,true,false,false,false,false,false,false,false,true,
2026-08-28,2365,昆盈,listed,30.75,30.8,30.0,30.0,-0.4,-1.3158,733659,22135326,575,TWSE,common_stock,true,false,false,false,false,false,false,false,true,
2026-08-28,2367,燿華,listed,45.65,46.3,44.55,44.8,-0.75,-1.6465,8066316,365584568,6325,TWSE,common_stock,true,false,false,false,false,false,false,false,true,
2026-08-28,2368,金像電,listed,1050.0,1130.0,1045.0,1130.0,100.0,9.7087,10783533,11940367670,22505,TWSE,common_stock,true,false,false,false,false,false,false,false,true,
2026-08-28,2369,菱生,listed,31.9,33.2,31.6,32.35,0.9,2.8617,9172929,297648012,5482,TWSE,common_stock,true,false,false,false,false,false,false,false,true,
2026-08-28,2371,大同,listed,29.55,29.55,28.2,28.5,-0.7,-2.3973,18419762,526247259,10964,TWSE,common_stock,true,false,false,false,false,false,false,false,true,
2026-08-28,2373,震旦行,listed,53.8,53.8,53.1,53.2,-0.1,-0.1876,17900,951799,122,TWSE,common_stock,true,false,false,false,false,false,false,false,true,
2026-08-28,2374,佳能,listed,70.2,70.3,68.8,69.0,-0.1,-0.1447,1943095,134425063,1748,TWSE,common_stock,true,false,false,false,false,false,false,false,true,
2026-08-28,2375,凱美,listed,136.0,143.0,131.0,133.0,2.5,1.9157,19479806,2667263009,16792,TWSE,common_stock,true,false,false,false,false,false,false,false,true,
2026-08-28,2376,技嘉,listed,348.5,353.0,347.0,349.0,4.0,1.1594,3524293,1231930307,4117,TWSE,common_stock,true,false,false,false,false,false,false,false,true,
2026-08-28,2377,微星,listed,146.0,146.5,144.0,145.0,0.0,0.0,5427942,787192702,4989,TWSE,common_stock,true,false,false,false,false,false,false,false,true,
2026-08-28,2379,瑞昱,listed,730.0,733.0,721.0,722.0,-8.0,-1.0959,1158002,840384448,3165,TWSE,common_stock,true,false,false,false,false,false,false,false,true,
2026-08-28,2380,虹光,listed,18.9,19.2,18.75,19.0,0.25,1.3333,142152,2699021,159,TWSE,common_stock,true,false,false,false,false,false,false,false,true,
2026-08-28,2382,廣達,listed,336.5,338.5,330.0,332.5,-1.0,-0.2999,10708500,3563969361,12683,TWSE,common_stock,true,false,false,false,false,false,false,false,true,
2026-08-28,2383,台光電,listed,5480.0,5620.0,5425.0,5490.0,0.0,0.0,1984693,10983116885,11742,TWSE,common_stock,true,false,false,false,false,false,false,false,true,
2026-08-28,2385,群光,listed,108.0,108.5,107.0,108.0,0.0,0.0,2669074,287726812,2084,TWSE,common_stock,true,false,false,false,false,false,false,false,true,
2026-08-28,2387,精元,listed,36.6,36.85,36.6,36.8,0.2,0.5464,251367,9238251,195,TWSE,common_stock,true,false,false,false,false,false,false,false,true,
2026-08-28,2388,威盛,listed,73.1,74.2,72.7,73.3,0.8,1.1034,1551472,113730018,1515,TWSE,common_stock,true,false,false,false,false,false,false,false,true,
2026-08-28,2390,云辰,listed,10.55,10.6,10.4,10.45,0.0,0.0,456284,4797343,289,TWSE,common_stock,true,false,false,false,false,false,false,false,true,
2026-08-28,2392,正崴,listed,47.05,47.2,44.1,44.5,-2.15,-4.6088,7275128,327793688,5563,TWSE,common_stock,true,false,false,false,false,false,false,false,true,
2026-08-28,2393,億光,listed,66.8,67.0,65.7,66.2,-0.3,-0.4511,1325441,87741895,1181,TWSE,common_stock,true,false,false,false,false,false,false,false,true,
2026-08-28,2395,研華,listed,680.0,685.0,667.0,669.0,-6.0,-0.8889,1322160,891998689,3034,TWSE,common_stock,true,false,false,false,false,false,false,false,true,
2026-08-28,2397,友通,listed,63.4,63.8,62.8,62.8,-1.0,-1.5674,177635,11244813,167,TWSE,common_stock,true,false,false,false,false,false,false,false,true,
2026-08-28,2399,映泰,listed,46.95,47.95,46.8,46.9,0.3,0.6438,4144948,196329991,3135,TWSE,common_stock,true,false,false,false,false,false,false,false,true,
2026-08-28,2401,凌陽,listed,25.95,26.4,25.85,25.9,0.15,0.5825,1770783,46128296,1274,TWSE,common_stock,true,false,false,false,false,false,false,false,true,
2026-08-28,2402,毅嘉,listed,57.5,57.7,56.6,56.6,-0.1,-0.1764,1135408,64842940,1557,TWSE,common_stock,true,false,false,false,false,false,false,false,true,
2026-08-28,2404,漢唐,listed,1080.0,1095.0,1070.0,1075.0,0.0,0.0,1240100,1341227250,3204,TWSE,common_stock,true,false,false,false,false,false,false,false,true,
2026-08-28,2405,輔信,listed,15.6,15.65,15.45,15.5,0.0,0.0,665500,10334028,440,TWSE,common_stock,true,false,false,false,false,false,false,false,true,
2026-08-28,2406,國碩,listed,28.9,29.3,28.65,28.65,-0.05,-0.1742,3080599,88952907,2212,TWSE,common_stock,true,false,false,false,false,false,false,false,true,
2026-08-28,2408,南亞科,listed,550.0,569.0,531.0,540.0,-1.0,-0.1848,77043671,42225841912,85034,TWSE,common_stock,true,false,false,false,false,false,false,false,true,
2026-08-28,2409,友達,listed,25.25,26.2,25.2,25.85,0.6,2.3762,126685578,3271471134,38678,TWSE,common_stock,true,false,false,false,false,false,false,false,true,
2026-08-28,2412,中華電,listed,136.0,136.5,135.0,135.5,0.0,0.0,11702399,1586456809,6308,TWSE,common_stock,true,false,false,false,false,false,false,false,true,
2026-08-28,2413,環科,listed,44.15,45.25,43.8,43.85,0.1,0.2286,487266,21626730,470,TWSE,common_stock,true,false,false,false,false,false,false,false,true,
2026-08-28,2414,精技,listed,52.1,52.5,51.9,51.9,-0.2,-0.3839,149970,7832586,187,TWSE,common_stock,true,false,false,false,false,false,false,false,true,
2026-08-28,2415,錩新,listed,28.8,30.0,28.3,29.4,0.65,2.2609,254732,7406740,289,TWSE,common_stock,true,false,false,false,false,false,false,false,true,
2026-08-28,2417,圓剛,listed,44.9,45.4,44.15,44.15,-0.65,-1.4509,941603,41968707,1150,TWSE,common_stock,true,false,false,false,false,false,false,false,true,
2026-08-28,2419,仲琦,listed,25.6,25.65,25.1,25.1,-0.35,-1.3752,294908,7446027,357,TWSE,common_stock,true,false,false,false,false,false,false,false,true,
2026-08-28,2420,新巨,listed,54.8,55.3,54.3,55.3,0.5,0.9124,408121,22391611,409,TWSE,common_stock,true,false,false,false,false,false,false,false,true,
2026-08-28,2421,建準,listed,161.5,165.0,157.0,163.5,4.0,2.5078,8387615,1353088794,11685,TWSE,common_stock,true,false,false,false,false,false,false,false,true,
2026-08-28,2423,固緯,listed,76.5,77.7,74.0,74.6,-1.5,-1.9711,101661,7687587,680,TWSE,common_stock,true,false,false,false,false,false,false,false,true,
2026-08-28,2424,隴華,listed,7.89,8.17,7.89,8.17,0.15,1.8703,13405,106221,13,TWSE,common_stock,true,false,false,false,false,false,false,false,true,
2026-08-28,2425,承啟,listed,38.05,38.6,38.05,38.3,0.35,0.9223,657898,25190083,1016,TWSE,common_stock,true,false,false,false,false,false,false,false,true,
2026-08-28,2426,鼎元,listed,99.0,99.2,93.2,96.1,-0.5,-0.5176,61918218,5951000650,43285,TWSE,common_stock,true,false,false,false,false,false,false,false,true,
2026-08-28,2427,三商電,listed,22.85,22.95,22.55,22.6,-0.25,-1.0941,198118,4495785,237,TWSE,common_stock,true,false,false,false,false,false,false,false,true,
2026-08-28,2428,興勤,listed,256.5,265.5,253.5,262.0,9.0,3.5573,3339298,869077260,3643,TWSE,common_stock,true,false,false,false,false,false,false,false,true,
2026-08-28,2429,銘旺科,listed,34.7,35.0,33.1,33.25,-0.75,-2.2059,381892,12890246,390,TWSE,common_stock,true,false,false,false,false,false,false,false,true,
2026-08-28,2430,燦坤,listed,17.6,17.9,17.6,17.8,0.25,1.4245,59187,1049363,88,TWSE,common_stock,true,false,false,false,false,false,false,false,true,
2026-08-28,2431,聯昌,listed,10.5,10.7,10.3,10.35,0.0,0.0,308788,3240558,158,TWSE,common_stock,true,false,false,false,false,false,false,false,true,
2026-08-28,2432,倚天酷碁-創,listed,27.8,27.9,27.75,27.9,-0.1,-0.3571,18000,500150,8,TWSE,common_stock,true,false,false,false,false,false,false,false,true,
2026-08-28,2433,互盛電,listed,41.75,41.75,41.55,41.7,0.0,0.0,11353,472892,20,TWSE,common_stock,true,false,false,false,false,false,false,false,true,
2026-08-28,2434,統懋,listed,51.2,56.4,51.2,56.4,5.1,9.9415,841487,46839948,612,TWSE,common_stock,true,false,false,false,false,false,false,false,true,
2026-08-28,2436,偉詮電,listed,67.0,69.2,66.4,67.5,0.1,0.1484,7902977,535660452,6029,TWSE,common_stock,true,false,false,false,false,false,false,false,true,
2026-08-28,2438,翔耀,listed,18.0,18.4,18.0,18.15,0.05,0.2762,39369,718212,47,TWSE,common_stock,true,false,false,false,false,false,false,false,true,
2026-08-28,2439,美律,listed,78.4,78.8,78.3,78.5,0.2,0.2554,841519,66024303,1020,TWSE,common_stock,true,false,false,false,false,false,false,false,true,
2026-08-28,2440,太空梭,listed,14.3,14.45,14.05,14.45,0.2,1.4035,212530,3020173,176,TWSE,common_stock,true,false,false,false,false,false,false,false,true,
2026-08-28,2441,超豐,listed,115.0,119.5,115.0,118.5,4.5,3.9474,4798444,565681124,4233,TWSE,common_stock,true,false,false,false,false,false,false,false,true,
2026-08-28,2442,新美齊,listed,19.75,19.75,19.3,19.4,-0.25,-1.2723,2158277,41913763,1237,TWSE,common_stock,true,false,false,false,false,false,false,false,true,
2026-08-28,2444,兆勁,listed,11.1,11.1,11.0,11.0,-0.1,-0.9009,71332,786624,58,TWSE,common_stock,true,false,false,false,false,false,false,false,true,
2026-08-28,2449,京元電子,listed,251.5,272.0,249.5,270.0,22.5,9.0909,56354325,14926356052,68384,TWSE,common_stock,true,false,false,false,false,false,false,false,true,
2026-08-28,2450,神腦,listed,28.3,28.3,28.1,28.3,0.1,0.3546,65894,1858453,109,TWSE,common_stock,true,false,false,false,false,false,false,false,true,
2026-08-28,2451,創見,listed,299.0,300.5,292.5,294.0,-4.0,-1.3423,4263053,1259859355,6169,TWSE,common_stock,true,false,false,false,false,false,false,false,true,
2026-08-28,2453,凌群,listed,52.7,53.0,52.1,52.1,-0.5,-0.9506,134425,7057130,246,TWSE,common_stock,true,false,false,false,false,false,false,false,true,
2026-08-28,2454,聯發科,listed,3935.0,4000.0,3925.0,3985.0,120.0,3.1048,5064877,20027639045,32812,TWSE,common_stock,true,false,false,false,false,false,false,false,true,
2026-08-28,2455,全新,listed,438.0,442.0,431.5,434.0,1.0,0.2309,2121492,926687133,3721,TWSE,common_stock,true,false,false,false,false,false,false,false,true,
2026-08-28,2457,飛宏,listed,23.1,23.35,22.85,22.9,-0.2,-0.8658,1186566,27334993,738,TWSE,common_stock,true,false,false,false,false,false,false,false,true,
2026-08-28,2458,義隆,listed,140.5,141.5,138.5,138.5,-1.0,-0.7168,1408457,196314181,1606,TWSE,common_stock,true,false,false,false,false,false,false,false,true,
2026-08-28,2459,敦吉,listed,67.2,67.2,66.8,67.1,0.0,0.0,70609,4727628,332,TWSE,common_stock,true,false,false,false,false,false,false,false,true,
2026-08-28,2460,建通,listed,29.3,29.4,28.55,28.85,-0.55,-1.8707,249839,7226547,316,TWSE,common_stock,true,false,false,false,false,false,false,false,true,
2026-08-28,2461,光群雷,listed,18.7,18.9,18.3,18.85,0.35,1.8919,1218185,22793197,597,TWSE,common_stock,true,false,false,false,false,false,false,false,true,
2026-08-28,2462,良得電,listed,20.35,20.5,20.1,20.15,-0.2,-0.9828,154177,3120527,166,TWSE,common_stock,true,false,false,false,false,false,false,false,true,
2026-08-28,2464,盟立,listed,216.5,216.5,190.0,190.0,-21.0,-9.9526,25845387,5053398654,24545,TWSE,common_stock,true,false,false,false,false,false,false,false,true,
2026-08-28,2465,麗臺,listed,96.1,97.3,93.5,95.0,-0.4,-0.4193,3743057,357739258,4450,TWSE,common_stock,true,false,false,false,false,false,false,false,true,
2026-08-28,2466,冠西電,listed,107.0,109.0,104.0,104.5,-1.0,-0.9479,1647656,173575578,1534,TWSE,common_stock,true,false,false,false,false,false,false,false,true,
2026-08-28,2467,志聖,listed,600.0,624.0,588.0,610.0,25.0,4.2735,2420640,1481108240,5104,TWSE,common_stock,true,false,false,false,false,false,false,false,true,
2026-08-28,2468,華經,listed,34.45,34.65,33.8,33.9,-0.35,-1.0219,172874,5896436,176,TWSE,common_stock,true,false,false,false,false,false,false,false,true,
2026-08-28,2471,資通,listed,50.0,50.1,49.55,49.85,0.05,0.1004,71246,3552535,103,TWSE,common_stock,true,false,false,false,false,false,false,false,true,
2026-08-28,2472,立隆電,listed,235.0,245.5,227.5,232.5,3.5,1.5284,7298279,1724844399,8492,TWSE,common_stock,true,false,false,false,false,false,false,false,true,
2026-08-28,2474,可成,listed,207.5,208.0,205.5,206.5,-1.0,-0.4819,2294028,474336392,2303,TWSE,common_stock,true,false,false,false,false,false,false,false,true,
2026-08-28,2476,鉅祥,listed,126.5,127.5,123.5,125.5,-1.0,-0.7905,2057693,257176558,3607,TWSE,common_stock,true,false,false,false,false,false,false,false,true,
2026-08-28,2477,美隆電,listed,21.0,21.0,20.7,20.7,-0.1,-0.4808,78858,1639622,141,TWSE,common_stock,true,false,false,false,false,false,false,false,true,
2026-08-28,2478,大毅,listed,130.0,136.0,126.5,129.5,4.5,3.6,11981103,1572250655,10389,TWSE,common_stock,true,false,false,false,false,false,false,false,true,
2026-08-28,2480,敦陽科,listed,156.5,157.5,156.0,157.0,0.5,0.3195,120797,18922392,355,TWSE,common_stock,true,false,false,false,false,false,false,false,true,
2026-08-28,2481,強茂,listed,150.0,161.0,150.0,154.0,7.5,5.1195,42606146,6711949573,30257,TWSE,common_stock,true,false,false,false,false,false,false,false,true,
2026-08-28,2482,連宇,listed,16.15,16.25,15.95,16.0,-0.1,-0.6211,123649,1991830,123,TWSE,common_stock,true,false,false,false,false,false,false,false,true,
2026-08-28,2483,百容,listed,37.1,38.5,36.3,36.6,0.15,0.4115,2052460,76611365,1503,TWSE,common_stock,true,false,false,false,false,false,false,false,true,
2026-08-28,2484,希華,listed,77.2,78.9,74.8,76.1,-0.5,-0.6527,15368786,1176237489,12198,TWSE,common_stock,true,false,false,false,false,false,false,false,true,
2026-08-28,2485,兆赫,listed,44.3,44.4,43.0,43.0,-1.0,-2.2727,4619406,200785869,3968,TWSE,common_stock,true,false,false,false,false,false,false,false,true,
2026-08-28,2486,一詮,listed,262.0,264.0,260.0,261.0,2.0,0.7722,2530720,663649138,3532,TWSE,common_stock,true,false,false,false,false,false,false,false,true,
2026-08-28,2488,漢平,listed,48.5,48.85,48.5,48.5,0.0,0.0,39654,1930731,65,TWSE,common_stock,true,false,false,false,false,false,false,false,true,
2026-08-28,2489,瑞軒,listed,40.0,42.5,39.1,40.2,0.15,0.3745,49524525,2021821504,28816,TWSE,common_stock,true,false,false,false,false,false,false,false,true,
2026-08-28,2491,吉祥全,listed,56.4,56.4,54.2,56.4,5.1,9.9415,4332130,243582074,1933,TWSE,common_stock,true,false,false,false,false,false,false,false,true,
2026-08-28,2492,華新科,listed,299.5,313.5,295.5,313.5,28.5,10.0,52649209,16202989324,52945,TWSE,common_stock,true,false,false,false,false,false,false,false,true,
2026-08-28,2493,揚博,listed,187.5,189.0,180.5,181.5,-3.5,-1.8919,1623176,298257679,2065,TWSE,common_stock,true,false,false,false,false,false,false,false,true,
2026-08-28,2495,普安,listed,39.1,39.3,37.95,38.4,0.0,0.0,1608967,62007243,1022,TWSE,common_stock,true,false,false,false,false,false,false,false,true,
2026-08-28,2496,卓越,listed,54.9,54.9,54.6,54.6,0.1,0.1835,4949,272988,23,TWSE,common_stock,true,false,false,false,false,false,false,false,true,
2026-08-28,2497,怡利電,listed,46.05,46.5,45.45,45.65,-0.2,-0.4362,311167,14252552,266,TWSE,common_stock,true,false,false,false,false,false,false,false,true,
2026-08-28,2498,宏達電,listed,40.65,41.25,40.4,40.55,0.05,0.1235,2636413,107346852,1830,TWSE,common_stock,true,false,false,false,false,false,false,false,true,
2026-08-28,2501,國建,listed,22.9,22.9,22.45,22.5,-0.4,-1.7467,2927061,66156221,1299,TWSE,common_stock,true,false,false,false,false,false,false,false,true,
2026-08-28,2504,國產,listed,31.9,31.9,31.45,31.7,-0.25,-0.7825,1177753,37252303,692,TWSE,common_stock,true,false,false,false,false,false,false,false,true,
2026-08-28,2505,國揚,listed,17.5,17.5,17.25,17.3,-0.1,-0.5747,156764,2713930,160,TWSE,common_stock,true,false,false,false,false,false,false,false,true,
2026-08-28,2506,太設,listed,8.58,8.59,8.56,8.57,-0.01,-0.1166,87339,749566,55,TWSE,common_stock,true,false,false,false,false,false,false,false,true,
2026-08-28,2509,全坤建,listed,15.35,15.6,15.35,15.4,0.05,0.3257,85001,1310866,101,TWSE,common_stock,true,false,false,false,false,false,false,false,true,
2026-08-28,2511,太子,listed,8.36,8.36,8.31,8.32,-0.07,-0.8343,504029,4195851,265,TWSE,common_stock,true,false,false,false,false,false,false,false,true,
2026-08-28,2514,龍邦,listed,11.95,11.95,11.9,11.95,0.0,0.0,25972,310141,95,TWSE,common_stock,true,false,false,false,false,false,false,false,true,
2026-08-28,2515,中工,listed,12.1,12.1,11.9,11.95,-0.1,-0.8299,4659830,55699494,1306,TWSE,common_stock,true,false,false,false,false,false,false,false,true,
2026-08-28,2516,新建,listed,14.2,14.25,14.15,14.15,-0.1,-0.7018,27916,396401,73,TWSE,common_stock,true,false,false,false,false,false,false,false,true,
2026-08-28,2520,冠德,listed,35.6,35.6,34.85,35.3,-0.35,-0.9818,1233012,43363501,1308,TWSE,common_stock,true,false,false,false,false,false,false,false,true,
2026-08-28,2524,京城,listed,35.45,35.6,35.05,35.2,-0.3,-0.8451,64446,2271730,93,TWSE,common_stock,true,false,false,false,false,false,false,false,true,
2026-08-28,2527,宏璟,listed,43.7,44.7,43.5,43.9,0.4,0.9195,635255,27954093,420,TWSE,common_stock,true,false,false,false,false,false,false,false,true,
2026-08-28,2528,皇普,listed,20.75,20.75,20.05,20.4,-0.35,-1.6867,203693,4176194,196,TWSE,common_stock,true,false,false,false,false,false,false,false,true,
2026-08-28,2530,華建,listed,19.35,19.5,19.0,19.25,-0.1,-0.5168,1328719,25464900,516,TWSE,common_stock,true,false,false,false,false,false,false,false,true,
2026-08-28,2534,宏盛,listed,17.7,17.7,17.4,17.5,-0.2,-1.1299,211092,3696825,152,TWSE,common_stock,true,false,false,false,false,false,false,false,true,
2026-08-28,2535,達欣工,listed,91.4,91.7,90.0,91.0,-0.5,-0.5464,352624,32051240,1015,TWSE,common_stock,true,false,false,false,false,false,false,false,true,
2026-08-28,2536,宏普,listed,21.0,21.05,20.6,20.8,-0.3,-1.4218,2155638,44744082,696,TWSE,common_stock,true,false,false,false,false,false,false,false,true,
2026-08-28,2537,聯上發,listed,11.65,11.65,11.45,11.45,-0.2,-1.7167,559076,6443999,238,TWSE,common_stock,true,false,false,false,false,false,false,false,true,
2026-08-28,2538,基泰,listed,9.03,9.03,8.9,8.9,-0.11,-1.2209,972921,8707231,535,TWSE,common_stock,true,false,false,false,false,false,false,false,true,
2026-08-28,2539,櫻花建,listed,34.75,34.75,34.05,34.35,-0.15,-0.4348,1148731,39301973,1129,TWSE,common_stock,true,false,false,false,false,false,false,false,true,
2026-08-28,2540,愛山林,listed,47.6,48.2,47.25,48.2,0.2,0.4167,949498,45525710,893,TWSE,common_stock,true,false,false,false,false,false,false,false,true,
2026-08-28,2542,興富發,listed,47.7,47.7,46.95,47.0,-0.75,-1.5707,5444582,256898103,10581,TWSE,common_stock,true,false,false,false,false,false,false,false,true,
2026-08-28,2543,皇昌,listed,38.7,38.8,38.3,38.3,-0.3,-0.7772,472138,18139529,617,TWSE,common_stock,true,false,false,false,false,false,false,false,true,
2026-08-28,2545,皇翔,listed,35.3,35.3,34.8,34.95,-0.3,-0.8511,161549,5644925,247,TWSE,common_stock,true,false,false,false,false,false,false,false,true,
2026-08-28,2546,根基,listed,107.0,107.0,104.5,106.5,-0.5,-0.4673,125628,13305120,267,TWSE,common_stock,true,false,false,false,false,false,false,false,true,
2026-08-28,2547,日勝生,listed,10.1,10.15,10.0,10.0,-0.1,-0.9901,1279988,12876706,422,TWSE,common_stock,true,false,false,false,false,false,false,false,true,
2026-08-28,2548,華固,listed,96.0,96.0,93.8,93.8,-2.1,-2.1898,1455860,137623897,2260,TWSE,common_stock,true,false,false,false,false,false,false,false,true,
2026-08-28,2597,潤弘,listed,172.5,172.5,170.5,172.0,0.5,0.2915,89621,15359705,327,TWSE,common_stock,true,false,false,false,false,false,false,false,true,
2026-08-28,2601,益航,listed,6.87,6.87,6.75,6.78,-0.08,-1.1662,2326754,15814806,1392,TWSE,common_stock,true,false,false,false,false,false,false,false,true,
2026-08-28,2603,長榮,listed,231.0,232.5,227.0,231.5,-1.0,-0.4301,8259200,1901897429,7930,TWSE,common_stock,true,false,false,false,false,false,false,false,true,
2026-08-28,2605,新興,listed,34.65,35.6,34.45,35.05,0.65,1.8895,8462440,295442388,4797,TWSE,common_stock,true,false,false,false,false,false,false,false,true,
2026-08-28,2606,裕民,listed,73.8,74.2,70.9,72.2,-2.1,-2.8264,7894987,568087858,6746,TWSE,common_stock,true,false,false,false,false,false,false,false,true,
2026-08-28,2607,榮運,listed,52.3,52.3,51.7,51.7,-0.6,-1.1472,264891,13752494,253,TWSE,common_stock,true,false,false,false,false,false,false,false,true,
2026-08-28,2608,嘉里大榮,listed,28.65,28.65,28.55,28.6,-0.05,-0.1745,141247,4036596,188,TWSE,common_stock,true,false,false,false,false,false,false,false,true,
2026-08-28,2609,陽明,listed,57.5,57.5,55.8,56.2,-1.7,-2.9361,42997981,2421100223,43360,TWSE,common_stock,true,false,false,false,false,false,false,false,true,
2026-08-28,2610,華航,listed,20.65,20.65,20.3,20.35,-0.45,-2.1635,26793622,547797234,6474,TWSE,common_stock,true,false,false,false,false,false,false,false,true,
2026-08-28,2611,志信,listed,15.1,15.5,14.8,14.9,-0.2,-1.3245,1135116,16945472,668,TWSE,common_stock,true,false,false,false,false,false,false,false,true,
2026-08-28,2612,中航,listed,62.0,62.0,58.7,60.2,-1.8,-2.9032,1665668,99496772,2054,TWSE,common_stock,true,false,false,false,false,false,false,false,true,
2026-08-28,2613,中櫃,listed,23.2,23.2,22.4,22.7,-0.35,-1.5184,657665,14977628,791,TWSE,common_stock,true,false,false,false,false,false,false,false,true,
2026-08-28,2614,東森,listed,18.5,18.55,18.25,18.25,-0.25,-1.3514,650681,11950378,1013,TWSE,common_stock,true,false,false,false,false,false,false,false,true,
2026-08-28,2615,萬海,listed,113.5,113.5,108.5,111.5,-2.0,-1.7621,21942146,2429271063,14153,TWSE,common_stock,true,false,false,false,false,false,false,false,true,
2026-08-28,2616,山隆,listed,13.4,13.45,13.35,13.4,0.0,0.0,83471,1117284,149,TWSE,common_stock,true,false,false,false,false,false,false,false,true,
2026-08-28,2617,台航,listed,31.45,31.5,30.3,30.45,-0.85,-2.7157,1629903,49824274,1052,TWSE,common_stock,true,false,false,false,false,false,false,false,true,
2026-08-28,2618,長榮航,listed,42.6,42.6,41.6,41.8,-0.95,-2.2222,20564641,861878898,9940,TWSE,common_stock,true,false,false,false,false,false,false,false,true,
2026-08-28,2630,亞航,listed,53.9,54.5,51.0,51.8,-0.9,-1.7078,4680257,244200652,4217,TWSE,common_stock,true,false,false,false,false,false,false,false,true,
2026-08-28,2633,台灣高鐵,listed,26.3,26.35,26.15,26.25,-0.1,-0.3795,2417728,63455359,1102,TWSE,common_stock,true,false,false,false,false,false,false,false,true,
2026-08-28,2634,漢翔,listed,71.8,72.5,67.3,67.8,-2.5,-3.5562,68007288,4691616360,45618,TWSE,common_stock,true,false,false,false,false,false,false,false,true,
2026-08-28,2636,台驊控股,listed,69.5,69.5,68.1,68.9,-0.6,-0.8633,652798,44878855,1357,TWSE,common_stock,true,false,false,false,false,false,false,false,true,
2026-08-28,2637,慧洋-KY,listed,94.6,95.4,90.8,92.1,-2.5,-2.6427,4464181,412643440,15077,TWSE,common_stock,true,false,false,false,false,false,false,false,true,
2026-08-28,2642,宅配通,listed,20.65,20.85,20.6,20.6,-0.05,-0.2421,115501,2391573,94,TWSE,common_stock,true,false,false,false,false,false,false,false,true,
2026-08-28,2645,長榮航太,listed,188.0,188.0,172.0,174.0,-4.5,-2.521,7313938,1288572573,17820,TWSE,common_stock,true,false,false,false,false,false,false,false,true,
2026-08-28,2646,星宇航空,listed,21.1,21.1,20.85,20.85,-0.25,-1.1848,3080669,64469324,2204,TWSE,common_stock,true,false,false,false,false,false,false,false,true,
2026-08-28,2701,萬企,listed,10.7,10.7,10.6,10.6,-0.05,-0.4695,62318,663079,57,TWSE,common_stock,true,false,false,false,false,false,false,false,true,
2026-08-28,2702,華園,listed,12.6,12.7,12.6,12.7,0.05,0.3953,27181,343475,51,TWSE,common_stock,true,false,false,false,false,false,false,false,true,
2026-08-28,2704,國賓,listed,45.95,45.95,45.35,45.35,-0.5,-1.0905,107564,4893580,123,TWSE,common_stock,true,false,false,false,false,false,false,false,true,
2026-08-28,2705,六福,listed,15.7,15.8,15.6,15.7,-0.05,-0.3175,95661,1499944,124,TWSE,common_stock,true,false,false,false,false,false,false,false,true,
2026-08-28,2706,第一店,listed,12.5,12.6,12.5,12.5,0.0,0.0,51445,644045,45,TWSE,common_stock,true,false,false,false,false,false,false,false,true,
2026-08-28,2707,晶華,listed,180.5,180.5,179.0,179.5,-1.5,-0.8287,125979,22611340,616,TWSE,common_stock,true,false,false,false,false,false,false,false,true,
2026-08-28,2712,遠雄來,listed,14.4,14.4,14.35,14.35,-0.15,-1.0345,4000,57500,4,TWSE,common_stock,true,false,false,false,false,false,false,false,true,
2026-08-28,2722,夏都,listed,21.9,21.9,21.55,21.55,-0.1,-0.4619,19423,420341,40,TWSE,common_stock,true,false,false,false,false,false,false,false,true,
2026-08-28,2723,美食-KY,listed,77.2,77.8,76.1,77.2,0.0,0.0,385926,29667681,447,TWSE,common_stock,true,false,false,false,false,false,false,false,true,
2026-08-28,2727,王品,listed,233.0,234.0,231.5,234.0,0.5,0.2141,247967,57705863,678,TWSE,common_stock,true,false,false,false,false,false,false,false,true,
2026-08-28,2731,雄獅,listed,145.0,145.5,144.5,145.0,0.5,0.346,132394,19201332,239,TWSE,common_stock,true,false,false,false,false,false,false,false,true,
2026-08-28,2739,寒舍,listed,38.1,38.25,37.4,37.75,-0.5,-1.3072,157144,5918157,240,TWSE,common_stock,true,false,false,false,false,false,false,false,true,
2026-08-28,2748,雲品,listed,38.7,38.75,38.4,38.75,0.05,0.1292,41580,1602576,60,TWSE,common_stock,true,false,false,false,false,false,false,false,true,
2026-08-28,2753,八方雲集,listed,179.0,180.0,178.0,180.0,1.0,0.5587,95981,17198088,272,TWSE,common_stock,true,false,false,false,false,false,false,false,true,
2026-08-28,2762,世界健身-KY,listed,87.5,87.5,83.7,84.1,-1.7,-1.9814,164008,13952638,260,TWSE,common_stock,true,false,false,false,false,false,false,false,true,
2026-08-28,2801,彰銀,listed,25.15,25.15,24.7,24.85,0.15,0.6073,19034930,473099346,6706,TWSE,common_stock,true,false,false,false,false,false,false,false,true,
2026-08-28,2812,台中銀,listed,19.0,19.0,18.75,18.85,0.0,0.0,7174322,135154286,2889,TWSE,common_stock,true,false,false,false,false,false,false,false,true,
2026-08-28,2816,旺旺保,listed,39.95,39.95,38.05,38.9,-0.25,-0.6386,2529283,98621541,1341,TWSE,common_stock,true,false,false,false,false,false,false,false,true,
2026-08-28,2820,華票,listed,16.7,16.7,16.6,16.65,0.05,0.3012,1853568,30823085,591,TWSE,common_stock,true,false,false,false,false,false,false,false,true,
2026-08-28,2832,台產,listed,59.9,60.5,59.6,59.9,-0.1,-0.1667,179201,10759726,188,TWSE,common_stock,true,false,false,false,false,false,false,false,true,
2026-08-28,2834,臺企銀,listed,16.45,16.55,16.4,16.45,0.1,0.6116,33351515,549706874,8153,TWSE,common_stock,true,false,false,false,false,false,false,false,true,
2026-08-28,2836,高雄銀,listed,12.05,12.05,12.0,12.05,0.05,0.4167,407742,4908463,296,TWSE,common_stock,true,false,false,false,false,false,false,false,true,
2026-08-28,2836A,高雄銀甲特,listed,24.1,24.1,24.05,24.05,0.0,0.0,12410,298543,11,TWSE,warrant,false,false,true,false,false,false,false,false,false,security_type=warrant;symbol_not_4_digit
2026-08-28,2838,聯邦銀,listed,20.45,20.45,20.1,20.2,-0.2,-0.9804,2321183,46889356,941,TWSE,common_stock,true,false,false,false,false,false,false,false,true,
2026-08-28,2838A,聯邦銀甲特,listed,51.9,52.0,51.9,51.9,0.0,0.0,152341,7920525,15,TWSE,warrant,false,false,true,false,false,false,false,false,false,security_type=warrant;symbol_not_4_digit
2026-08-28,2845,遠東銀,listed,13.45,13.5,13.3,13.4,-0.05,-0.3717,21641599,290093517,3646,TWSE,common_stock,true,false,false,false,false,false,false,false,true,
2026-08-28,2849,安泰銀,listed,14.35,14.5,14.35,14.4,0.05,0.3484,58261,838293,32,TWSE,common_stock,true,false,false,false,false,false,false,false,true,
2026-08-28,2850,新產,listed,164.0,164.0,160.0,160.5,-3.0,-1.8349,407875,65802726,765,TWSE,common_stock,true,false,false,false,false,false,false,false,true,
2026-08-28,2851,中再保,listed,45.85,45.85,44.65,45.1,-0.6,-1.3129,2014805,90858454,1911,TWSE,common_stock,true,false,false,false,false,false,false,false,true,
2026-08-28,2852,第一保,listed,28.55,28.55,28.0,28.1,-0.35,-1.2302,522704,14743430,409,TWSE,common_stock,true,false,false,false,false,false,false,false,true,
2026-08-28,2855,統一證,listed,48.35,49.0,48.25,48.55,0.75,1.569,3416514,166324323,2294,TWSE,etf,false,true,false,false,false,false,false,false,false,security_type=etf
2026-08-28,2880,華南金,listed,39.35,41.2,39.35,40.25,0.9,2.2872,30246901,1225339539,12691,TWSE,common_stock,true,false,false,false,false,false,false,false,true,
2026-08-28,2881,富邦金,listed,141.0,144.5,140.5,144.0,2.5,1.7668,16595185,2376991702,10656,TWSE,etf,false,true,false,false,false,false,false,false,false,security_type=etf
2026-08-28,2881A,富邦特,listed,61.8,61.8,61.6,61.8,0.0,0.0,24516,1512567,20,TWSE,etf,false,true,true,false,false,false,false,false,false,security_type=etf;symbol_not_4_digit
2026-08-28,2881B,富邦金乙特,listed,60.8,60.9,60.8,60.9,0.0,0.0,5372,326578,9,TWSE,etf,false,true,true,false,false,false,false,false,false,security_type=etf;symbol_not_4_digit
2026-08-28,2881C,富邦金丙特,listed,51.5,51.6,51.5,51.6,0.1,0.1942,36335,1872989,45,TWSE,etf,false,true,true,false,false,false,false,false,false,security_type=etf;symbol_not_4_digit
2026-08-28,2882,國泰金,listed,104.0,106.0,103.0,105.5,3.0,2.9268,19430471,2041413108,8749,TWSE,etf,false,true,false,false,false,false,false,false,false,security_type=etf
2026-08-28,2882A,國泰特,listed,60.3,60.4,60.2,60.4,0.1,0.1658,122277,7367320,29,TWSE,etf,false,true,true,false,false,false,false,false,false,security_type=etf;symbol_not_4_digit
2026-08-28,2882B,國泰金乙特,listed,58.8,58.8,58.7,58.8,0.0,0.0,15429,906502,29,TWSE,etf,false,true,true,false,false,false,false,false,false,security_type=etf;symbol_not_4_digit
2026-08-28,2883,凱基金,listed,32.5,32.8,32.15,32.75,0.6,1.8663,20878621,681009197,7362,TWSE,etf,false,true,false,false,false,false,false,false,false,security_type=etf
2026-08-28,2883B,凱基金乙特,listed,8.19,8.19,8.16,8.18,-0.01,-0.1221,713335,5831728,141,TWSE,etf,false,true,true,false,false,false,false,false,false,security_type=etf;symbol_not_4_digit
2026-08-28,2884,玉山金,listed,38.5,38.8,38.1,38.75,0.2,0.5188,19760950,760204372,8189,TWSE,common_stock,true,false,false,false,false,false,false,false,true,
2026-08-28,2885,元大金,listed,63.4,64.2,63.4,64.0,0.8,1.2658,14254324,909804468,7566,TWSE,etf,false,true,false,false,false,false,false,false,false,security_type=etf
2026-08-28,2886,兆豐金,listed,46.9,49.05,46.55,48.2,2.05,4.442,62205583,3001332966,20520,TWSE,etf,false,true,false,false,false,false,false,false,false,security_type=etf
2026-08-28,2887,台新新光金,listed,37.45,37.8,36.95,37.5,0.2,0.5362,33694420,1255722400,14806,TWSE,common_stock,true,false,false,false,false,false,false,false,true,
2026-08-28,2887E,台新新光戊特一,listed,48.75,48.8,48.6,48.65,-0.1,-0.2051,136202,6625300,98,TWSE,warrant,false,false,true,false,false,false,false,false,false,security_type=warrant;symbol_not_4_digit
2026-08-28,2887F,台新新光戊特二,listed,45.9,45.9,45.75,45.75,-0.05,-0.1092,17540,803136,22,TWSE,warrant,false,false,true,false,false,false,false,false,false,security_type=warrant;symbol_not_4_digit
2026-08-28,2887G,台新新光庚特一,listed,44.05,44.1,44.0,44.1,0.0,0.0,23387,1030280,26,TWSE,warrant,false,false,true,false,false,false,false,false,false,security_type=warrant;symbol_not_4_digit
2026-08-28,2887H,台新新光庚特二,listed,42.0,42.05,42.0,42.05,0.0,0.0,25158,1057190,16,TWSE,warrant,false,false,true,false,false,false,false,false,false,security_type=warrant;symbol_not_4_digit
2026-08-28,2887I,台新新光辛特,listed,9.52,9.53,9.51,9.51,-0.01,-0.105,1288857,12261321,598,TWSE,warrant,false,false,true,false,false,false,false,false,false,security_type=warrant;symbol_not_4_digit
2026-08-28,2887Z1,台新新光己特,listed,20.3,20.85,20.25,20.85,0.55,2.7094,494832,10081436,88,TWSE,warrant,false,false,true,false,false,false,false,false,false,security_type=warrant;symbol_not_4_digit
2026-08-28,2889,國票金,listed,16.2,16.2,15.8,15.9,-0.3,-1.8519,24759513,395670020,6623,TWSE,common_stock,true,false,false,false,false,false,false,false,true,
2026-08-28,2890,永豐金,listed,39.7,39.9,39.4,39.8,0.45,1.1436,19928878,790632106,8819,TWSE,etf,false,true,false,false,false,false,false,false,false,security_type=etf
2026-08-28,2891,中信金,listed,63.8,64.6,63.7,64.4,0.6,0.9404,33878789,2178310677,8843,TWSE,etf,false,true,false,false,false,false,false,false,false,security_type=etf
2026-08-28,2891B,中信金乙特,listed,62.1,62.2,62.1,62.2,0.0,0.0,16368,1016565,15,TWSE,etf,false,true,true,false,false,false,false,false,false,security_type=etf;symbol_not_4_digit
2026-08-28,2891C,中信金丙特,listed,61.1,61.5,61.0,61.5,0.0,0.0,16262,993618,26,TWSE,etf,false,true,true,false,false,false,false,false,false,security_type=etf;symbol_not_4_digit
2026-08-28,2892,第一金,listed,33.5,34.75,33.45,34.4,1.05,3.1484,68304232,2345039044,17995,TWSE,common_stock,true,false,false,false,false,false,false,false,true,
2026-08-28,2897,王道銀行,listed,10.4,10.45,10.35,10.35,0.0,0.0,4670686,48606184,878,TWSE,common_stock,true,false,false,false,false,false,false,false,true,
2026-08-28,2897B,王道銀乙特,listed,11.55,11.55,11.5,11.5,0.0,0.0,26817,309595,14,TWSE,warrant,false,false,true,false,false,false,false,false,false,security_type=warrant;symbol_not_4_digit
2026-08-28,2901,欣欣,listed,23.55,23.65,23.55,23.65,-0.25,-1.046,2550,60301,19,TWSE,common_stock,true,false,false,false,false,false,false,false,true,
2026-08-28,2903,遠百,listed,22.3,22.3,22.1,22.1,-0.25,-1.1186,1261534,27982011,1272,TWSE,common_stock,true,false,false,false,false,false,false,false,true,
2026-08-28,2904,匯僑,listed,13.0,13.0,12.85,12.95,-0.05,-0.3846,14212,183699,19,TWSE,common_stock,true,false,false,false,false,false,false,false,true,
2026-08-28,2905,三商,listed,17.4,17.6,17.35,17.45,0.05,0.2874,1299334,22684727,585,TWSE,common_stock,true,false,false,false,false,false,false,false,true,
2026-08-28,2906,高林,listed,14.2,14.2,14.0,14.1,0.0,0.0,119379,1682536,93,TWSE,common_stock,true,false,false,false,false,false,false,false,true,
2026-08-28,2908,特力,listed,21.95,21.95,21.8,21.95,-0.05,-0.2273,195023,4272803,77,TWSE,common_stock,true,false,false,false,false,false,false,false,true,
2026-08-28,2910,統領,listed,24.25,24.3,24.25,24.25,0.1,0.4141,4000,97050,4,TWSE,common_stock,true,false,false,false,false,false,false,false,true,
2026-08-28,2911,麗嬰房,listed,6.53,6.65,6.45,6.46,-0.08,-1.2232,49866,323700,105,TWSE,common_stock,true,false,false,false,false,false,false,false,true,
2026-08-28,2912,統一超,listed,220.5,220.5,218.0,218.5,-2.0,-0.907,1100327,240718515,2315,TWSE,etf,false,true,false,false,false,false,false,false,false,security_type=etf
2026-08-28,2913,農林,listed,11.25,11.35,11.1,11.15,-0.1,-0.8889,1537143,17186800,565,TWSE,common_stock,true,false,false,false,false,false,false,false,true,
2026-08-28,2915,潤泰全,listed,58.7,58.8,57.0,57.3,-1.3,-2.2184,3180383,183446132,2100,TWSE,common_stock,true,false,false,false,false,false,false,false,true,
2026-08-28,2923,鼎固-KY,listed,27.0,27.0,25.85,25.85,-1.35,-4.9632,143669,3784551,363,TWSE,common_stock,true,false,false,false,false,false,false,false,true,
2026-08-28,2929,淘帝-KY,listed,5.62,5.72,5.61,5.7,0.0,0.0,61848,351532,62,TWSE,common_stock,true,false,false,false,false,false,false,false,true,
2026-08-28,2939,永邑-KY,listed,19.15,20.0,19.15,20.0,0.8,4.1667,19002,369788,14,TWSE,common_stock,true,false,false,false,false,false,false,false,true,
2026-08-28,2945,三商家購,listed,39.9,40.0,39.9,40.0,-0.1,-0.2494,12026,480438,21,TWSE,warrant,false,false,true,false,false,false,false,false,false,security_type=warrant
2026-08-28,3002,歐格,listed,17.25,17.5,17.1,17.45,0.3,1.7493,60313,1042784,63,TWSE,common_stock,true,false,false,false,false,false,false,false,true,
2026-08-28,3003,健和興,listed,68.6,73.2,68.6,72.1,3.2,4.6444,3029544,217615721,2759,TWSE,common_stock,true,false,false,false,false,false,false,false,true,
2026-08-28,3004,豐達科,listed,123.0,123.0,118.5,119.0,-2.5,-2.0576,409301,49053938,570,TWSE,common_stock,true,false,false,false,false,false,false,false,true,
2026-08-28,3005,神基,listed,116.5,117.0,115.0,116.0,0.0,0.0,1999507,232005478,1611,TWSE,common_stock,true,false,false,false,false,false,false,false,true,
2026-08-28,3006,晶豪科,listed,275.5,279.5,265.0,269.5,-4.5,-1.6423,9546036,2589077638,12556,TWSE,common_stock,true,false,false,false,false,false,false,false,true,
2026-08-28,3008,大立光,listed,7005.0,7270.0,6865.0,7065.0,150.0,2.1692,4885655,34418287073,30542,TWSE,common_stock,true,false,false,false,false,false,false,false,true,
2026-08-28,3010,華立,listed,129.0,129.0,127.0,127.0,-2.0,-1.5504,360580,46175299,495,TWSE,common_stock,true,false,false,false,false,false,false,false,true,
2026-08-28,3011,今皓,listed,10.7,10.7,10.5,10.6,0.0,0.0,293773,3103220,135,TWSE,common_stock,true,false,false,false,false,false,false,false,true,
2026-08-28,3013,晟銘電,listed,90.5,93.6,89.2,89.5,1.6,1.8203,1988850,179962262,2193,TWSE,common_stock,true,false,false,false,false,false,false,false,true,
2026-08-28,3014,聯陽,listed,131.5,133.0,131.0,131.5,-0.5,-0.3788,472713,62414895,514,TWSE,common_stock,true,false,false,false,false,false,false,false,true,
2026-08-28,3015,全漢,listed,55.0,55.2,54.3,54.3,-0.4,-0.7313,429586,23478550,637,TWSE,common_stock,true,false,false,false,false,false,false,false,true,
2026-08-28,3016,嘉晶,listed,101.5,104.0,99.6,99.6,-0.3,-0.3003,3253682,329684180,2702,TWSE,common_stock,true,false,false,false,false,false,false,false,true,
2026-08-28,3017,奇鋐,listed,3360.0,3450.0,3320.0,3360.0,20.0,0.5988,4035280,13676448040,14384,TWSE,common_stock,true,false,false,false,false,false,false,false,true,
2026-08-28,3018,隆銘綠能,listed,12.4,12.6,11.95,11.95,-0.05,-0.4167,112252,1355675,115,TWSE,common_stock,true,false,false,false,false,false,false,false,true,
2026-08-28,3019,亞光,listed,140.5,140.5,136.5,138.5,0.5,0.3623,2471706,342313951,2588,TWSE,common_stock,true,false,false,false,false,false,false,false,true,
2026-08-28,3021,鴻名,listed,20.65,20.7,20.3,20.3,-0.25,-1.2165,144474,2961398,101,TWSE,common_stock,true,false,false,false,false,false,false,false,true,
2026-08-28,3022,威強電,listed,91.8,92.3,90.1,90.3,-1.2,-1.3115,1191175,108356361,1173,TWSE,common_stock,true,false,false,false,false,false,false,false,true,
2026-08-28,3023,信邦,listed,325.0,325.0,315.5,317.0,-3.0,-0.9375,380275,121173050,5280,TWSE,common_stock,true,false,false,false,false,false,false,false,true,
2026-08-28,3024,憶聲,listed,14.6,14.8,14.5,14.65,0.05,0.3425,1505597,22046350,615,TWSE,common_stock,true,false,false,false,false,false,false,false,true,
2026-08-28,3025,星通,listed,54.4,54.5,53.4,53.6,-0.2,-0.3717,109260,5874751,184,TWSE,common_stock,true,false,false,false,false,false,false,false,true,
2026-08-28,3026,禾伸堂,listed,719.0,742.0,707.0,742.0,67.0,9.9259,15081013,11092901494,15546,TWSE,common_stock,true,false,false,false,false,false,false,false,true,
2026-08-28,3027,盛達,listed,18.75,19.0,18.3,18.35,-0.2,-1.0782,230922,4294719,172,TWSE,common_stock,true,false,false,false,false,false,false,false,true,
2026-08-28,3028,增你強,listed,65.8,65.9,64.4,64.4,-1.1,-1.6794,1266937,82270354,1370,TWSE,common_stock,true,false,false,false,false,false,false,false,true,
2026-08-28,3029,零壹,listed,113.0,113.5,111.5,111.5,-0.5,-0.4464,1192473,133664568,980,TWSE,common_stock,true,false,false,false,false,false,false,false,true,
2026-08-28,3030,德律,listed,298.5,299.5,292.5,293.5,-3.0,-1.0118,693781,204627431,3341,TWSE,common_stock,true,false,false,false,false,false,false,false,true,
2026-08-28,3031,佰鴻,listed,25.4,25.4,24.6,24.7,-0.45,-1.7893,728979,18148744,634,TWSE,common_stock,true,false,false,false,false,false,false,false,true,
2026-08-28,3032,偉訓,listed,79.9,80.4,79.6,79.8,0.1,0.1255,231872,18535167,351,TWSE,common_stock,true,false,false,false,false,false,false,false,true,
2026-08-28,3033,威健,listed,45.75,46.05,45.05,45.05,-0.15,-0.3319,3494460,158931365,2430,TWSE,common_stock,true,false,false,false,false,false,false,false,true,
2026-08-28,3034,聯詠,listed,548.0,550.0,539.0,545.0,-3.0,-0.5474,2848078,1550813350,4595,TWSE,common_stock,true,false,false,false,false,false,false,false,true,
2026-08-28,3035,智原,listed,179.0,184.0,178.0,180.5,4.0,2.2663,2656751,480974194,2836,TWSE,common_stock,true,false,false,false,false,false,false,false,true,
2026-08-28,3036,文曄,listed,194.5,197.5,194.0,196.0,3.0,1.5544,5301261,1039790803,5927,TWSE,common_stock,true,false,false,false,false,false,false,false,true,
2026-08-28,3037,欣興,listed,1200.0,1230.0,1070.0,1110.0,-70.0,-5.9322,28940854,33699836215,55450,TWSE,common_stock,true,false,false,false,false,false,false,false,true,
2026-08-28,3038,全台,listed,20.55,20.55,20.1,20.15,-0.4,-1.9465,396623,8056543,214,TWSE,common_stock,true,false,false,false,false,false,false,false,true,
2026-08-28,3040,遠見,listed,37.6,37.6,36.9,37.4,-0.2,-0.5319,140221,5213271,256,TWSE,common_stock,true,false,false,false,false,false,false,false,true,
2026-08-28,3041,揚智,listed,23.0,23.1,22.75,22.9,0.15,0.6593,410878,9407836,355,TWSE,common_stock,true,false,false,false,false,false,false,false,true,
2026-08-28,3042,晶技,listed,192.0,197.0,186.5,188.5,-3.5,-1.8229,15750113,2997649173,16494,TWSE,common_stock,true,false,false,false,false,false,false,false,true,
2026-08-28,3043,科風,listed,21.5,21.5,20.95,21.1,-0.3,-1.4019,122163,2583455,107,TWSE,common_stock,true,false,false,false,false,false,false,false,true,
2026-08-28,3044,健鼎,listed,486.0,499.0,483.5,490.0,9.0,1.8711,2975986,1468603030,4284,TWSE,common_stock,true,false,false,false,false,false,false,false,true,
2026-08-28,3045,台灣大,listed,115.5,115.5,114.5,115.5,0.0,0.0,8414134,967587896,2815,TWSE,common_stock,true,false,false,false,false,false,false,false,true,
2026-08-28,3046,建碁,listed,57.8,58.2,56.3,56.7,-1.0,-1.7331,400656,22751247,896,TWSE,common_stock,true,false,false,false,false,false,false,false,true,
2026-08-28,3047,訊舟,listed,14.25,14.25,13.9,13.95,-0.05,-0.3571,411039,5747046,278,TWSE,common_stock,true,false,false,false,false,false,false,false,true,
2026-08-28,3048,益登,listed,57.3,57.9,55.6,55.6,-0.6,-1.0676,3553464,202070733,3182,TWSE,common_stock,true,false,false,false,false,false,false,false,true,
2026-08-28,3049,精金,listed,13.25,13.95,13.2,13.5,0.8,6.2992,54731497,751109996,18996,TWSE,common_stock,true,false,false,false,false,false,false,false,true,
2026-08-28,3050,鈺德,listed,11.8,11.85,11.6,11.8,0.15,1.2876,527475,6175121,230,TWSE,common_stock,true,false,false,false,false,false,false,false,true,
2026-08-28,3051,力特,listed,23.6,23.85,22.9,23.15,-0.45,-1.9068,633338,14740210,539,TWSE,common_stock,true,false,false,false,false,false,false,false,true,
2026-08-28,3052,夆典,listed,11.3,11.3,11.1,11.15,-0.1,-0.8889,582375,6516009,296,TWSE,common_stock,true,false,false,false,false,false,false,false,true,
2026-08-28,3054,立萬利,listed,54.9,56.7,54.4,56.7,2.4,4.4199,109308,6102206,114,TWSE,common_stock,true,false,false,false,false,false,false,false,true,
2026-08-28,3055,蔚華科,listed,125.5,130.0,123.5,127.5,3.0,2.4096,2876244,366711557,2990,TWSE,common_stock,true,false,false,false,false,false,false,false,true,
2026-08-28,3056,富華新,listed,14.45,14.45,14.1,14.2,-0.2,-1.3889,665198,9454855,458,TWSE,common_stock,true,false,false,false,false,false,false,false,true,
2026-08-28,3057,喬鼎,listed,17.45,17.8,17.05,17.3,0.2,1.1696,119296,2095796,154,TWSE,common_stock,true,false,false,false,false,false,false,false,true,
2026-08-28,3058,立德,listed,8.23,8.23,8.11,8.15,-0.01,-0.1225,371729,3029210,159,TWSE,common_stock,true,false,false,false,false,false,false,false,true,
2026-08-28,3059,華晶科,listed,40.45,40.45,39.65,39.85,-0.15,-0.375,1602297,63997341,1429,TWSE,common_stock,true,false,false,false,false,false,false,false,true,
2026-08-28,3060,銘異,listed,27.55,27.7,26.9,26.9,-0.45,-1.6453,999086,27123356,847,TWSE,common_stock,true,false,false,false,false,false,false,false,true,
2026-08-28,3062,建漢,listed,21.35,21.4,20.95,20.95,-0.25,-1.1792,762555,16098409,552,TWSE,common_stock,true,false,false,false,false,false,false,false,true,
2026-08-28,3090,日電貿,listed,175.5,184.0,171.5,174.0,5.5,3.2641,19371638,3436163817,17646,TWSE,common_stock,true,false,false,false,false,false,false,false,true,
2026-08-28,3092,鴻碩,listed,24.95,24.95,24.1,24.7,-0.15,-0.6036,124740,3075744,135,TWSE,common_stock,true,false,false,false,false,false,false,false,true,
2026-08-28,3094,聯傑,listed,38.05,41.7,38.05,40.8,2.7,7.0866,11056818,448046011,7416,TWSE,common_stock,true,false,false,false,false,false,false,false,true,
2026-08-28,3130,一零四,listed,210.0,210.0,209.0,209.0,-1.5,-0.7126,50043,10484544,330,TWSE,common_stock,true,false,false,false,false,false,false,false,true,
2026-08-28,3135,凌航,listed,183.0,184.5,180.5,181.0,-1.5,-0.8219,1585857,288523586,2092,TWSE,common_stock,true,false,false,false,false,false,false,false,true,
2026-08-28,3138,耀登,listed,99.5,100.0,97.2,97.6,-1.1,-1.1145,166145,16366837,504,TWSE,common_stock,true,false,false,false,false,false,false,false,true,
2026-08-28,3149,正達,listed,67.6,68.3,66.3,66.4,-0.8,-1.1905,4197311,281244740,4967,TWSE,common_stock,true,false,false,false,false,false,false,false,true,
2026-08-28,3150,鈺寶-創,listed,17.3,17.3,16.75,16.75,-0.55,-3.1792,54662,928480,41,TWSE,common_stock,true,false,false,false,false,false,false,false,true,
2026-08-28,3164,景岳,listed,16.2,16.2,16.0,16.15,0.15,0.9375,7811,125495,27,TWSE,common_stock,true,false,false,false,false,false,false,false,true,
2026-08-28,3167,大量,listed,745.0,797.0,740.0,783.0,41.0,5.5256,5596237,4305344215,10044,TWSE,common_stock,true,false,false,false,false,false,false,false,true,
2026-08-28,3168,眾福科,listed,41.9,42.1,41.9,42.1,0.2,0.4773,4813,202427,13,TWSE,common_stock,true,false,false,false,false,false,false,false,true,
2026-08-28,3189,景碩,listed,929.0,933.0,867.0,899.0,-15.0,-1.6411,21576121,19476377313,48126,TWSE,common_stock,true,false,false,false,false,false,false,false,true,
2026-08-28,3209,全科,listed,51.8,52.3,50.8,51.9,0.5,0.9728,3694852,190080499,2410,TWSE,common_stock,true,false,false,false,false,false,false,false,true,
2026-08-28,3229,晟鈦,listed,55.5,58.0,53.5,55.4,0.3,0.5445,1818237,100846352,1668,TWSE,common_stock,true,false,false,false,false,false,false,false,true,
2026-08-28,3231,緯創,listed,182.5,183.5,178.0,178.0,-1.5,-0.8357,26484639,4750106370,22055,TWSE,common_stock,true,false,false,false,false,false,false,false,true,
2026-08-28,3257,虹冠電,listed,50.1,51.6,50.1,50.3,0.35,0.7007,209617,10603012,242,TWSE,common_stock,true,false,false,false,false,false,false,false,true,
2026-08-28,3266,昇陽,listed,14.05,14.15,14.05,14.1,0.0,0.0,18713,263216,35,TWSE,common_stock,true,false,false,false,false,false,false,false,true,
2026-08-28,3296,勝德,listed,24.3,24.3,23.55,24.1,-0.1,-0.4132,28845,688810,82,TWSE,common_stock,true,false,false,false,false,false,false,false,true,
2026-08-28,3305,昇貿,listed,112.5,118.0,111.5,116.5,5.0,4.4843,3940430,456221871,3297,TWSE,common_stock,true,false,false,false,false,false,false,false,true,
2026-08-28,3308,聯德,listed,22.4,23.5,22.2,22.3,-0.25,-1.1086,184710,4156663,196,TWSE,common_stock,true,false,false,false,false,false,false,false,true,
2026-08-28,3311,閎暉,listed,32.9,32.9,32.45,32.6,0.05,0.1536,81017,2641178,94,TWSE,common_stock,true,false,false,false,false,false,false,false,true,
2026-08-28,3312,弘憶股,listed,52.3,52.7,51.8,51.9,0.3,0.5814,631794,32953405,572,TWSE,common_stock,true,false,false,false,false,false,false,false,true,
2026-08-28,3321,同泰,listed,19.0,19.2,18.3,18.55,-0.15,-0.8021,176562,3282130,117,TWSE,common_stock,true,false,false,false,false,false,false,false,true,
2026-08-28,3338,泰碩,listed,65.0,65.0,63.5,64.2,0.3,0.4695,241622,15465953,449,TWSE,common_stock,true,false,false,false,false,false,false,false,true,
2026-08-28,3346,麗清,listed,20.3,20.3,19.95,20.0,-0.15,-0.7444,210877,4224710,227,TWSE,common_stock,true,false,false,false,false,false,false,false,true,
2026-08-28,3356,奇偶,listed,62.4,62.6,61.4,61.9,0.1,0.1618,246759,15267121,618,TWSE,common_stock,true,false,false,false,false,false,false,false,true,
2026-08-28,3376,新日興,listed,210.0,222.0,206.5,217.0,7.0,3.3333,18184638,3937830967,21787,TWSE,common_stock,true,false,false,false,false,false,false,false,true,
2026-08-28,3380,明泰,listed,28.05,28.55,28.0,28.15,0.3,1.0772,992783,28094451,721,TWSE,common_stock,true,false,false,false,false,false,false,false,true,
2026-08-28,3406,玉晶光,listed,840.0,917.0,831.0,917.0,83.0,9.952,14487914,12759894140,22716,TWSE,common_stock,true,false,false,false,false,false,false,false,true,
2026-08-28,3413,京鼎,listed,289.0,289.5,286.0,287.5,0.0,0.0,685489,197287162,1184,TWSE,common_stock,true,false,false,false,false,false,false,false,true,
2026-08-28,3416,融程電,listed,183.5,185.5,179.5,180.5,-2.0,-1.0959,498390,90278376,942,TWSE,common_stock,true,false,false,false,false,false,false,false,true,
2026-08-28,3419,譁裕,listed,12.0,12.0,11.8,11.95,0.05,0.4202,63668,757281,63,TWSE,common_stock,true,false,false,false,false,false,false,false,true,
2026-08-28,3432,台端,listed,14.6,14.6,14.6,14.6,0.0,0.0,12368,180534,14,TWSE,common_stock,true,false,false,false,false,false,false,false,true,
2026-08-28,3437,榮創,listed,18.5,18.8,18.4,18.4,0.0,0.0,398763,7384828,314,TWSE,common_stock,true,false,false,false,false,false,false,false,true,
2026-08-28,3443,創意,listed,5975.0,6245.0,5910.0,6015.0,95.0,1.6047,1881658,11433324680,8337,TWSE,common_stock,true,false,false,false,false,false,false,false,true,
2026-08-28,3447,展達,listed,27.85,28.8,27.8,28.7,1.1,3.9855,158536,4485105,193,TWSE,common_stock,true,false,false,false,false,false,false,false,true,
2026-08-28,3450,聯鈞,listed,586.0,635.0,576.0,635.0,57.0,9.8616,19408073,11986628267,23985,TWSE,common_stock,true,false,false,false,false,false,false,false,true,
2026-08-28,3481,群創,listed,46.7,49.6,46.45,48.6,2.35,5.0811,314569251,15128025049,134467,TWSE,common_stock,true,false,false,false,false,false,false,false,true,
2026-08-28,3494,誠研,listed,7.14,7.38,7.1,7.12,-0.03,-0.4196,54208,389821,45,TWSE,common_stock,true,false,false,false,false,false,false,false,true,
2026-08-28,3501,維熹,listed,40.1,40.1,39.5,39.5,-0.5,-1.25,156023,6192322,178,TWSE,common_stock,true,false,false,false,false,false,false,false,true,
2026-08-28,3504,揚明光,listed,92.5,94.0,88.3,89.5,-4.6,-4.8884,12150179,1105637450,8886,TWSE,common_stock,true,false,false,false,false,false,false,false,true,
2026-08-28,3515,華擎,listed,220.5,221.0,218.5,220.0,2.0,0.9174,271439,59653066,560,TWSE,common_stock,true,false,false,false,false,false,false,false,true,
2026-08-28,3518,柏騰,listed,27.65,27.9,27.5,27.85,0.2,0.7233,160579,4448586,151,TWSE,common_stock,true,false,false,false,false,false,false,false,true,
2026-08-28,3528,安馳,listed,84.3,86.6,83.4,83.6,-0.5,-0.5945,332802,28136883,443,TWSE,common_stock,true,false,false,false,false,false,false,false,true,
2026-08-28,3530,晶相光,listed,61.2,61.2,59.7,59.8,-1.7,-2.7642,216796,13055641,420,TWSE,common_stock,true,false,false,false,false,false,false,false,true,
2026-08-28,3532,台勝科,listed,401.0,418.5,386.0,399.0,5.0,1.269,10689865,4292078990,12688,TWSE,common_stock,true,false,false,false,false,false,false,false,true,
2026-08-28,3533,嘉澤,listed,1645.0,1760.0,1645.0,1735.0,110.0,6.7692,2933845,5019731719,8086,TWSE,common_stock,true,false,false,false,false,false,false,false,true,
2026-08-28,3535,晶彩科,listed,90.2,91.9,89.4,90.2,0.7,0.7821,420222,37952242,666,TWSE,common_stock,true,false,false,false,false,false,false,false,true,
2026-08-28,3543,州巧,listed,54.0,54.5,54.0,54.5,4.9,9.879,4153845,225506619,1660,TWSE,common_stock,true,false,false,false,false,false,false,false,true,
2026-08-28,3545,敦泰,listed,49.6,50.4,49.0,49.0,-1.3,-2.5845,812774,40225163,1028,TWSE,common_stock,true,false,false,false,false,false,false,false,true,
2026-08-28,3550,聯穎,listed,24.15,24.85,24.0,24.3,0.4,1.6736,2063941,50485130,1310,TWSE,common_stock,true,false,false,false,false,false,false,false,true,
2026-08-28,3557,嘉威,listed,24.3,24.3,24.1,24.2,-0.2,-0.8197,21794,528494,46,TWSE,common_stock,true,false,false,false,false,false,false,false,true,
2026-08-28,3563,牧德,listed,696.0,705.0,686.0,697.0,4.0,0.5772,266586,185278097,942,TWSE,common_stock,true,false,false,false,false,false,false,false,true,
2026-08-28,3576,聯合再生,listed,17.4,18.15,17.4,17.5,0.45,2.6393,22670417,402226047,8740,TWSE,common_stock,true,false,false,false,false,false,false,false,true,
2026-08-28,3583,辛耘,listed,763.0,818.0,745.0,749.0,-11.0,-1.4474,1887974,1466390063,5061,TWSE,common_stock,true,false,false,false,false,false,false,false,true,
2026-08-28,3588,通嘉,listed,54.6,55.3,53.7,53.7,-0.8,-1.4679,124650,6765225,218,TWSE,common_stock,true,false,false,false,false,false,false,false,true,
2026-08-28,3591,艾笛森,listed,22.55,22.55,22.0,22.2,0.0,0.0,352821,7821288,550,TWSE,common_stock,true,false,false,false,false,false,false,false,true,
2026-08-28,3592,瑞鼎,listed,230.0,230.5,226.5,227.0,-1.0,-0.4386,235725,53772071,365,TWSE,common_stock,true,false,false,false,false,false,false,false,true,
2026-08-28,3593,力銘,listed,10.85,11.0,10.35,11.0,-0.2,-1.7857,43278,462133,36,TWSE,common_stock,true,false,false,false,false,false,false,false,true,
2026-08-28,3596,智易,listed,162.0,162.5,160.5,161.5,1.5,0.9375,803569,129897227,900,TWSE,common_stock,true,false,false,false,false,false,false,false,true,
2026-08-28,3605,宏致,listed,121.0,131.0,118.0,131.0,11.5,9.6234,19148721,2423511074,12814,TWSE,common_stock,true,false,false,false,false,false,false,false,true,
2026-08-28,3607,谷崧,listed,14.35,14.35,14.05,14.15,-0.2,-1.3937,158156,2237308,112,TWSE,common_stock,true,false,false,false,false,false,false,false,true,
2026-08-28,3617,碩天,listed,250.5,251.0,242.0,243.5,-5.0,-2.0121,493715,120946025,900,TWSE,common_stock,true,false,false,false,false,false,false,false,true,
2026-08-28,3622,洋華,listed,53.7,53.7,53.0,53.5,0.2,0.3752,322138,17144256,253,TWSE,common_stock,true,false,false,false,false,false,false,false,true,
2026-08-28,3645,達邁,listed,69.7,76.6,68.3,76.6,6.9,9.8996,8568904,626637229,6619,TWSE,common_stock,true,false,false,false,false,false,false,false,true,
2026-08-28,3652,精聯,listed,33.7,33.8,33.3,33.6,0.15,0.4484,76009,2549784,66,TWSE,common_stock,true,false,false,false,false,false,false,false,true,
2026-08-28,3653,健策,listed,5750.0,5960.0,5690.0,5785.0,140.0,2.4801,939998,5471540530,5310,TWSE,common_stock,true,false,false,false,false,false,false,false,true,
2026-08-28,3661,世芯-KY,listed,3910.0,4105.0,3855.0,4065.0,195.0,5.0388,2030269,8138042600,12603,TWSE,common_stock,true,false,false,false,false,false,false,false,true,
2026-08-28,3665,貿聯-KY,listed,2075.0,2260.0,2070.0,2260.0,205.0,9.9757,4068757,8972547770,13760,TWSE,common_stock,true,false,false,false,false,false,false,false,true,
2026-08-28,3669,圓展,listed,36.85,36.85,35.6,35.7,-0.65,-1.7882,280328,10093477,236,TWSE,common_stock,true,false,false,false,false,false,false,false,true,
2026-08-28,3673,TPK-KY,listed,68.0,68.7,67.2,67.6,0.1,0.1481,4678450,317537325,3951,TWSE,common_stock,true,false,false,false,false,false,false,false,true,
2026-08-28,3679,新至陞,listed,109.5,110.0,106.5,106.5,-3.0,-2.7397,212735,22959276,206,TWSE,common_stock,true,false,false,false,false,false,false,false,true,
2026-08-28,3686,達能,listed,14.4,14.5,14.2,14.45,0.05,0.3472,63588,917222,81,TWSE,common_stock,true,false,false,false,false,false,false,false,true,
2026-08-28,3694,海華,listed,52.0,52.0,50.8,50.8,-0.7,-1.3592,448115,22960801,500,TWSE,common_stock,true,false,false,false,false,false,false,false,true,
2026-08-28,3701,大眾控,listed,42.25,42.25,41.05,41.05,-0.85,-2.0286,408825,16862008,561,TWSE,common_stock,true,false,false,false,false,false,false,false,true,
2026-08-28,3702,大聯大,listed,102.0,102.5,99.9,100.0,-1.5,-1.4778,15312136,1538253584,10254,TWSE,common_stock,true,false,false,false,false,false,false,false,true,
2026-08-28,3703,欣陸,listed,19.65,19.65,19.35,19.4,-0.25,-1.2723,2033079,39514023,994,TWSE,common_stock,true,false,false,false,false,false,false,false,true,
2026-08-28,3704,合勤控,listed,42.75,43.15,42.0,42.0,-0.45,-1.0601,1259249,53237796,847,TWSE,common_stock,true,false,false,false,false,false,false,false,true,
2026-08-28,3705,永信,listed,56.0,56.2,55.9,55.9,-0.1,-0.1786,72913,4082032,183,TWSE,common_stock,true,false,false,false,false,false,false,false,true,
2026-08-28,3706,神達,listed,92.0,92.7,91.1,92.1,0.7,0.7659,6896226,634520316,7054,TWSE,common_stock,true,false,false,false,false,false,false,false,true,
2026-08-28,3708,上緯投控,listed,103.0,103.5,100.5,101.0,-2.0,-1.9417,510739,51823901,1032,TWSE,common_stock,true,false,false,false,false,false,false,false,true,
2026-08-28,3711,日月光投控,listed,608.0,630.0,606.0,621.0,16.0,2.6446,18575826,11454138718,32654,TWSE,common_stock,true,false,false,false,false,false,false,false,true,
2026-08-28,3712,永崴投控,listed,21.85,21.85,20.55,20.75,-0.9,-4.157,1299271,27101262,1059,TWSE,common_stock,true,false,false,false,false,false,false,false,true,
2026-08-28,3714,富采,listed,63.6,63.8,62.1,62.6,-0.9,-1.4173,7578503,476820351,7890,TWSE,common_stock,true,false,false,false,false,false,false,false,true,
2026-08-28,3715,定穎投控,listed,120.0,126.5,116.5,125.0,8.5,7.2961,7894954,958937219,6228,TWSE,common_stock,true,false,false,false,false,false,false,false,true,
2026-08-28,3716,中化控股,listed,35.4,35.45,34.8,34.85,-0.3,-0.8535,325184,11376561,411,TWSE,common_stock,true,false,false,false,false,false,false,false,true,
2026-08-28,3717,聯嘉投控,listed,23.25,23.55,23.0,23.25,0.25,1.087,2126255,49535027,1067,TWSE,common_stock,true,false,false,false,false,false,false,false,true,
2026-08-28,4104,佳醫,listed,71.1,71.1,70.7,71.0,0.0,0.0,126932,8999220,212,TWSE,common_stock,true,false,false,false,false,false,false,false,true,
2026-08-28,4106,雃博,listed,24.45,24.45,24.0,24.4,-0.1,-0.4082,313401,7587635,344,TWSE,common_stock,true,false,false,false,false,false,false,false,true,
2026-08-28,4108,懷特,listed,11.55,12.5,11.45,12.4,1.0,8.7719,1893290,23282166,982,TWSE,common_stock,true,false,false,false,false,false,false,false,true,
2026-08-28,4119,旭富,listed,53.6,54.7,53.5,54.4,1.1,2.0638,161100,8757068,339,TWSE,common_stock,true,false,false,false,false,false,false,false,true,
2026-08-28,4133,亞諾法,listed,20.9,20.9,20.6,20.6,-0.05,-0.2421,82280,1702004,65,TWSE,common_stock,true,false,false,false,false,false,false,false,true,
2026-08-28,4137,麗豐-KY,listed,87.6,87.6,85.6,85.9,-2.0,-2.2753,349589,30200675,581,TWSE,common_stock,true,false,false,false,false,false,false,false,true,
2026-08-28,4142,國光生,listed,17.95,18.2,17.9,17.9,0.0,0.0,659220,11883688,425,TWSE,common_stock,true,false,false,false,false,false,false,false,true,
2026-08-28,4148,全宇生技-KY,listed,33.0,33.6,33.0,33.3,-0.4,-1.1869,9199,306042,16,TWSE,common_stock,true,false,false,false,false,false,false,false,true,
2026-08-28,4155,訊映,listed,14.5,14.55,14.4,14.45,-0.05,-0.3448,94462,1366503,93,TWSE,common_stock,true,false,false,false,false,false,false,false,true,
2026-08-28,4164,承業醫,listed,26.25,26.25,26.1,26.2,-0.1,-0.3802,226776,5937334,258,TWSE,common_stock,true,false,false,false,false,false,false,false,true,
2026-08-28,4169,泰宗,listed,157.5,157.5,154.0,154.0,-2.5,-1.5974,102521,15857466,191,TWSE,common_stock,true,false,false,false,false,false,false,false,true,
2026-08-28,4178,永笙-KY,listed,17.7,17.75,17.15,17.15,-0.35,-2.0,84000,1457800,66,TWSE,common_stock,true,false,false,false,false,false,false,false,true,
2026-08-28,4190,佐登-KY,listed,25.9,26.0,25.6,25.95,0.0,0.0,8256,213657,25,TWSE,common_stock,true,false,false,false,false,false,false,false,true,
2026-08-28,4195,基米-創,listed,14.8,14.8,14.2,14.45,-0.25,-1.7007,78509,1127046,69,TWSE,common_stock,true,false,false,false,false,false,false,false,true,
2026-08-28,4306,炎洲,listed,15.1,15.2,15.05,15.05,-0.05,-0.3311,594743,9003609,307,TWSE,common_stock,true,false,false,false,false,false,false,false,true,
2026-08-28,4414,如興,listed,8.38,8.44,8.35,8.39,-0.02,-0.2378,141484,1186898,188,TWSE,common_stock,true,false,false,false,false,false,false,false,true,
2026-08-28,4426,利勤,listed,7.72,7.74,7.68,7.72,-0.03,-0.3871,80079,617350,53,TWSE,common_stock,true,false,false,false,false,false,false,false,true,
2026-08-28,4438,廣越,listed,60.1,60.6,59.9,59.9,-0.4,-0.6633,77691,4669943,70,TWSE,common_stock,true,false,false,false,false,false,false,false,true,
2026-08-28,4439,冠星-KY,listed,97.0,98.7,96.0,98.6,2.6,2.7083,19100,1846262,30,TWSE,common_stock,true,false,false,false,false,false,false,false,true,
2026-08-28,4440,宜新實業,listed,17.65,17.7,17.6,17.7,0.05,0.2833,20562,362499,23,TWSE,common_stock,true,false,false,false,false,false,false,false,true,
2026-08-28,4441,振大環球,listed,178.5,178.5,175.5,176.0,-2.5,-1.4006,56129,9909425,399,TWSE,common_stock,true,false,false,false,false,false,false,false,true,
2026-08-28,4526,東台,listed,30.4,30.5,30.05,30.3,0.0,0.0,712216,21561848,595,TWSE,common_stock,true,false,false,false,false,false,false,false,true,
2026-08-28,4532,瑞智,listed,24.2,24.2,23.9,23.95,-0.2,-0.8282,467973,11244025,397,TWSE,common_stock,true,false,false,false,false,false,false,false,true,
2026-08-28,4536,拓凱,listed,168.5,171.0,167.5,167.5,-0.5,-0.2976,197655,33376761,357,TWSE,common_stock,true,false,false,false,false,false,false,false,true,
2026-08-28,4540,全球傳動,listed,62.5,62.8,59.5,60.2,-1.2,-1.9544,3387439,205239978,4234,TWSE,common_stock,true,false,false,false,false,false,false,false,true,
2026-08-28,4545,銘鈺,listed,32.1,32.1,31.7,31.9,-0.35,-1.0853,40490,1291789,72,TWSE,common_stock,true,false,false,false,false,false,false,false,true,
2026-08-28,4551,智伸科,listed,172.0,172.5,162.0,162.0,-8.0,-4.7059,1581599,261962243,3125,TWSE,common_stock,true,false,false,false,false,false,false,false,true,
2026-08-28,4552,力達-KY,listed,17.05,17.2,17.0,17.1,-0.05,-0.2915,131172,2236912,63,TWSE,common_stock,true,false,false,false,false,false,false,false,true,
2026-08-28,4555,氣立,listed,48.1,48.3,47.05,47.4,-0.65,-1.3528,126850,6037975,204,TWSE,common_stock,true,false,false,false,false,false,false,false,true,
2026-08-28,4557,永新-KY,listed,51.5,51.5,50.8,51.0,-0.9,-1.7341,61995,3162260,75,TWSE,common_stock,true,false,false,false,false,false,false,false,true,
2026-08-28,4560,強信-KY,listed,30.7,30.75,30.15,30.35,-0.35,-1.1401,385443,11708537,205,TWSE,common_stock,true,false,false,false,false,false,false,false,true,
2026-08-28,4562,穎漢,listed,32.5,32.5,31.5,31.65,-0.6,-1.8605,90590,2884817,177,TWSE,common_stock,true,false,false,false,false,false,false,false,true,
2026-08-28,4564,元翎,listed,17.8,17.8,16.75,16.9,-0.35,-2.029,928748,15829998,648,TWSE,common_stock,true,false,false,false,false,false,false,false,true,
2026-08-28,4566,時碩工業,listed,67.1,67.1,64.5,65.7,-1.0,-1.4993,1829320,119712395,1905,TWSE,common_stock,true,false,false,false,false,false,false,false,true,
2026-08-28,4569,六方科-KY,listed,164.5,173.5,162.5,165.5,-3.0,-1.7804,221173,37237127,256,TWSE,common_stock,true,false,false,false,false,false,false,false,true,
2026-08-28,4571,鈞興-KY,listed,161.0,162.0,159.0,160.5,-0.5,-0.3106,94698,15156449,190,TWSE,common_stock,true,false,false,false,false,false,false,false,true,
2026-08-28,4572,駐龍,listed,140.5,140.5,139.0,140.0,0.0,0.0,5099,712928,32,TWSE,common_stock,true,false,false,false,false,false,false,false,true,
2026-08-28,4576,大銀微系統,listed,220.5,223.0,208.5,216.0,0.5,0.232,1949063,419069477,6716,TWSE,common_stock,true,false,false,false,false,false,false,false,true,
2026-08-28,4581,光隆精密-KY,listed,48.75,48.75,47.75,47.9,-0.3,-0.6224,10067,483532,12,TWSE,common_stock,true,false,false,false,false,false,false,false,true,
2026-08-28,4582,聚恆-創,listed,23.5,23.5,23.25,23.4,-0.1,-0.4255,28100,657299,28,TWSE,common_stock,true,false,false,false,false,false,false,false,true,
2026-08-28,4583,台灣精銳,listed,469.0,472.0,462.0,467.0,-1.5,-0.3202,74700,34894439,279,TWSE,common_stock,true,false,false,false,false,false,false,false,true,
2026-08-28,4585,達明,listed,307.5,307.5,300.0,300.5,-2.0,-0.6612,142025,42948365,501,TWSE,common_stock,true,false,false,false,false,false,false,false,true,
2026-08-28,4588,玖鼎電力,listed,53.1,53.6,52.8,53.3,0.3,0.566,33449,1782980,45,TWSE,common_stock,true,false,false,false,false,false,false,false,true,
2026-08-28,4590,富田-創,listed,92.1,92.1,88.5,89.4,-0.6,-0.6667,243097,21782454,328,TWSE,common_stock,true,false,false,false,false,false,false,false,true,
2026-08-28,4720,德淵,listed,19.2,19.55,18.8,18.95,-0.5,-2.5707,1244782,23807968,775,TWSE,common_stock,true,false,false,false,false,false,false,false,true,
2026-08-28,4722,國精化,listed,216.0,218.5,212.5,213.5,0.5,0.2347,549450,118054743,1527,TWSE,common_stock,true,false,false,false,false,false,false,false,true,
2026-08-28,4736,泰博,listed,125.5,125.5,123.0,124.5,0.0,0.0,329732,40969014,441,TWSE,common_stock,true,false,false,false,false,false,false,false,true,
2026-08-28,4737,華廣,listed,57.7,58.3,57.0,57.8,0.2,0.3472,121001,7002910,86,TWSE,common_stock,true,false,false,false,false,false,false,false,true,
2026-08-28,4739,康普,listed,89.0,90.0,88.0,88.6,0.4,0.4535,1159005,102906133,1650,TWSE,common_stock,true,false,false,false,false,false,false,false,true,
2026-08-28,4746,台耀,listed,49.85,50.1,49.25,49.35,-0.4,-0.804,503577,24971772,532,TWSE,common_stock,true,false,false,false,false,false,false,false,true,
2026-08-28,4755,三福化,listed,119.5,124.5,119.5,120.0,1.0,0.8403,400423,49040166,379,TWSE,common_stock,true,false,false,false,false,false,false,false,true,
2026-08-28,4763,材料*-KY,listed,45.85,46.05,45.25,45.65,-0.15,-0.3275,3291113,150304700,2495,TWSE,common_stock,true,false,false,false,false,false,false,false,true,
2026-08-28,4764,雙鍵,listed,231.0,250.5,231.0,249.5,21.5,9.4298,2855491,694267024,5026,TWSE,common_stock,true,false,false,false,false,false,false,false,true,
2026-08-28,4766,南寶,listed,345.5,345.5,342.5,345.0,0.0,0.0,123489,42472243,315,TWSE,common_stock,true,false,false,false,false,false,false,false,true,
2026-08-28,4770,上品,listed,218.5,222.5,214.0,215.0,2.0,0.939,747929,163214957,894,TWSE,common_stock,true,false,false,false,false,false,false,false,true,
2026-08-28,4771,望隼,listed,211.5,211.5,204.5,206.0,-5.5,-2.6005,217639,44961545,3149,TWSE,common_stock,true,false,false,false,false,false,false,false,true,
2026-08-28,4807,日成-KY,listed,27.8,28.05,27.3,28.0,0.35,1.2658,107569,2979365,98,TWSE,common_stock,true,false,false,false,false,false,false,false,true,
2026-08-28,4904,遠傳,listed,101.5,101.5,99.8,100.5,-1.0,-0.9852,6251598,628796083,2740,TWSE,common_stock,true,false,false,false,false,false,false,false,true,
2026-08-28,4906,正文,listed,37.95,37.95,36.0,36.4,-0.8,-2.1505,11607235,428547218,6648,TWSE,common_stock,true,false,false,false,false,false,false,false,true,
2026-08-28,4912,聯德控股-KY,listed,100.0,101.5,97.1,99.2,1.0,1.0183,1734682,172520829,2428,TWSE,common_stock,true,false,false,false,false,false,false,false,true,
2026-08-28,4915,致伸,listed,60.0,60.1,59.5,59.6,-0.2,-0.3344,1345755,80370249,1275,TWSE,common_stock,true,false,false,false,false,false,false,false,true,
2026-08-28,4916,事欣科,listed,104.5,105.0,101.5,102.5,-1.0,-0.9662,1910323,196497936,2061,TWSE,common_stock,true,false,false,false,false,false,false,false,true,
2026-08-28,4919,新唐,listed,123.0,126.5,121.5,122.5,0.5,0.4098,2799158,345901563,2849,TWSE,common_stock,true,false,false,false,false,false,false,false,true,
2026-08-28,4927,泰鼎-KY,listed,40.4,44.2,39.4,43.0,2.55,6.3041,11801891,501669473,7666,TWSE,common_stock,true,false,false,false,false,false,false,false,true,
2026-08-28,4930,燦星網,listed,16.2,16.25,16.1,16.25,0.05,0.3086,9396,151991,16,TWSE,common_stock,true,false,false,false,false,false,false,false,true,
2026-08-28,4934,太極,listed,14.7,14.9,14.55,14.55,0.05,0.3448,318933,4687273,215,TWSE,common_stock,true,false,false,false,false,false,false,false,true,
2026-08-28,4935,茂林-KY,listed,34.3,34.5,33.8,33.8,-0.55,-1.6012,95307,3235604,78,TWSE,common_stock,true,false,false,false,false,false,false,false,true,
2026-08-28,4938,和碩,listed,89.6,90.0,88.5,88.5,-0.9,-1.0067,6515496,579612777,5250,TWSE,common_stock,true,false,false,false,false,false,false,false,true,
2026-08-28,4942,嘉彰,listed,33.15,33.3,33.1,33.25,0.1,0.3017,79071,2625566,57,TWSE,common_stock,true,false,false,false,false,false,false,false,true,
2026-08-28,4943,康控-KY,listed,8.38,8.38,8.0,8.0,-0.27,-3.2648,31283,250700,32,TWSE,common_stock,true,false,false,false,false,false,false,false,true,
2026-08-28,4949,有成精密,listed,78.2,78.2,74.4,74.4,-1.8,-2.3622,760784,57531879,1350,TWSE,common_stock,true,false,false,false,false,false,false,false,true,
2026-08-28,4952,凌通,listed,52.6,53.4,51.8,51.9,-0.7,-1.3308,280400,14722738,519,TWSE,common_stock,true,false,false,false,false,false,false,false,true,
2026-08-28,4956,光鋐,listed,36.2,38.45,35.8,36.95,0.95,2.6389,5714283,213055118,4318,TWSE,common_stock,true,false,false,false,false,false,false,false,true,
2026-08-28,4958,臻鼎-KY,listed,482.5,494.0,468.0,480.5,3.5,0.7338,34242675,16442878954,42609,TWSE,common_stock,true,false,false,false,false,false,false,false,true,
2026-08-28,4960,誠美材,listed,22.3,22.45,21.6,21.85,-0.3,-1.3544,2388245,52088325,1472,TWSE,common_stock,true,false,false,false,false,false,false,false,true,
2026-08-28,4961,天鈺,listed,165.0,165.5,160.5,161.0,-4.0,-2.4242,492509,79771416,3073,TWSE,common_stock,true,false,false,false,false,false,false,false,true,
2026-08-28,4967,十銓,listed,277.0,278.0,272.0,273.5,-2.0,-0.726,2660574,730959083,3834,TWSE,common_stock,true,false,false,false,false,false,false,false,true,
2026-08-28,4968,立積,listed,94.5,94.5,92.0,92.0,-1.6,-1.7094,351094,32654877,1008,TWSE,common_stock,true,false,false,false,false,false,false,false,true,
2026-08-28,4976,佳凌,listed,39.9,40.6,38.85,39.15,-0.85,-2.125,3490384,137916660,2645,TWSE,common_stock,true,false,false,false,false,false,false,false,true,
2026-08-28,4977,眾達-KY,listed,171.5,177.5,170.0,172.0,0.5,0.2915,3489659,608423024,14451,TWSE,common_stock,true,false,false,false,false,false,false,false,true,
2026-08-28,4989,榮科,listed,67.5,71.7,66.3,68.2,1.9,2.8658,15471541,1067807134,10814,TWSE,common_stock,true,false,false,false,false,false,false,false,true,
2026-08-28,4994,傳奇,listed,83.0,84.0,83.0,83.8,-1.7,-1.9883,5225,437592,14,TWSE,common_stock,true,false,false,false,false,false,false,false,true,
2026-08-28,4999,鑫禾,listed,19.1,19.1,18.7,18.95,-0.05,-0.2632,30835,582626,124,TWSE,common_stock,true,false,false,false,false,false,false,false,true,
2026-08-28,5007,三星,listed,56.0,56.4,55.9,56.4,0.5,0.8945,13163,737565,45,TWSE,common_stock,true,false,false,false,false,false,false,false,true,
2026-08-28,5203,訊連,listed,58.7,58.9,58.5,58.9,0.4,0.6838,92606,5432334,115,TWSE,common_stock,true,false,false,false,false,false,false,false,true,
2026-08-28,5215,科嘉-KY,listed,39.1,39.9,38.9,39.0,-0.1,-0.2558,39340,1538921,39,TWSE,common_stock,true,false,false,false,false,false,false,false,true,
2026-08-28,5222,全訊,listed,109.5,111.5,106.5,107.0,1.0,0.9434,310139,33652429,446,TWSE,common_stock,true,false,false,false,false,false,false,false,true,
2026-08-28,5225,東科-KY,listed,61.6,61.6,60.1,60.5,-1.3,-2.1036,266168,16119775,391,TWSE,common_stock,true,false,false,false,false,false,false,false,true,
2026-08-28,5234,達興材料,listed,305.5,308.0,301.0,303.5,1.5,0.4967,370481,112769122,791,TWSE,common_stock,true,false,false,false,false,false,false,false,true,
2026-08-28,5236,凌陽創新,listed,139.0,140.0,137.5,137.5,-1.5,-1.0791,81122,11220403,115,TWSE,common_stock,true,false,false,false,false,false,false,false,true,
2026-08-28,5243,乙盛-KY,listed,95.2,95.2,90.5,91.3,-3.1,-3.2839,3001904,275054597,3349,TWSE,common_stock,true,false,false,false,false,false,false,false,true,
2026-08-28,5244,弘凱,listed,36.2,36.25,35.3,35.6,-0.25,-0.6974,85283,3032867,88,TWSE,common_stock,true,false,false,false,false,false,false,false,true,
2026-08-28,5258,虹堡,listed,48.5,48.5,47.1,47.3,-0.95,-1.9689,531948,25259557,466,TWSE,common_stock,true,false,false,false,false,false,false,false,true,
2026-08-28,5269,祥碩,listed,1480.0,1495.0,1440.0,1450.0,-15.0,-1.0239,403900,588905490,2019,TWSE,common_stock,true,false,false,false,false,false,false,false,true,
2026-08-28,5283,禾聯碩,listed,52.5,53.1,51.4,51.9,0.0,0.0,379150,19635606,2195,TWSE,common_stock,true,false,false,false,false,false,false,false,true,
2026-08-28,5284,jpp-KY,listed,323.5,327.0,320.0,321.5,-1.5,-0.4644,270433,87330868,773,TWSE,common_stock,true,false,false,false,false,false,false,false,true,
2026-08-28,5285,界霖,listed,84.9,85.8,83.0,83.4,-0.6,-0.7143,1192121,100325057,1046,TWSE,common_stock,true,false,false,false,false,false,false,false,true,
2026-08-28,5288,豐祥-KY,listed,190.5,191.5,187.5,187.5,-3.0,-1.5748,36563,6941424,76,TWSE,common_stock,true,false,false,false,false,false,false,false,true,
2026-08-28,5292,華懋,listed,221.5,221.5,215.5,220.0,1.0,0.4566,268664,58719889,889,TWSE,common_stock,true,false,false,false,false,false,false,false,true,
2026-08-28,5306,桂盟,listed,94.6,95.0,94.4,94.5,-0.2,-0.2112,40996,3881262,139,TWSE,common_stock,true,false,false,false,false,false,false,false,true,
2026-08-28,5388,中磊,listed,78.2,78.4,77.5,77.5,0.0,0.0,1778427,138489993,1557,TWSE,common_stock,true,false,false,false,false,false,false,false,true,
2026-08-28,5434,崇越,listed,533.0,540.0,529.0,529.0,-4.0,-0.7505,283228,150798500,790,TWSE,common_stock,true,false,false,false,false,false,false,false,true,
2026-08-28,5469,瀚宇博,listed,74.0,75.7,73.8,74.8,1.8,2.4658,1756746,131704956,1828,TWSE,common_stock,true,false,false,false,false,false,false,false,true,
2026-08-28,5471,松翰,listed,62.4,63.3,61.3,61.7,0.2,0.3252,4716492,293291449,5004,TWSE,common_stock,true,false,false,false,false,false,false,false,true,
2026-08-28,5484,慧友,listed,40.95,40.95,40.05,40.2,-0.35,-0.8631,176532,7116847,170,TWSE,common_stock,true,false,false,false,false,false,false,false,true,
2026-08-28,5515,建國,listed,52.6,53.6,52.2,52.5,-0.1,-0.1901,528079,27858332,538,TWSE,common_stock,true,false,false,false,false,false,false,false,true,
2026-08-28,5519,隆大,listed,28.1,28.15,27.9,27.95,-0.05,-0.1786,373561,10466903,267,TWSE,common_stock,true,false,false,false,false,false,false,false,true,
2026-08-28,5521,工信,listed,10.8,10.85,10.6,10.65,-0.15,-1.3889,1605573,17144002,533,TWSE,common_stock,true,false,false,false,false,false,false,false,true,
2026-08-28,5522,遠雄,listed,63.6,63.6,62.8,62.8,-1.0,-1.5674,669748,42187612,592,TWSE,common_stock,true,false,false,false,false,false,false,false,true,
2026-08-28,5525,順天,listed,22.4,22.4,22.0,22.15,0.0,0.0,69007,1527697,52,TWSE,common_stock,true,false,false,false,false,false,false,false,true,
2026-08-28,5531,鄉林,listed,7.39,7.39,7.31,7.32,-0.03,-0.4082,595380,4363175,251,TWSE,common_stock,true,false,false,false,false,false,false,false,true,
2026-08-28,5533,皇鼎,listed,13.95,14.0,13.9,13.95,0.05,0.3597,114970,1603505,34,TWSE,common_stock,true,false,false,false,false,false,false,false,true,
2026-08-28,5534,長虹,listed,76.0,76.0,74.9,75.3,-0.4,-0.5284,1117394,84213808,995,TWSE,common_stock,true,false,false,false,false,false,false,false,true,
2026-08-28,5538,東明-KY,listed,37.2,37.45,36.55,37.1,-0.5,-1.3298,81607,3011485,74,TWSE,common_stock,true,false,false,false,false,false,false,false,true,
2026-08-28,5546,永固-KY,listed,14.95,14.95,14.6,14.65,-0.3,-2.0067,29926,440124,32,TWSE,common_stock,true,false,false,false,false,false,false,false,true,
2026-08-28,5607,遠雄港,listed,52.6,52.6,51.5,51.5,-0.8,-1.5296,1377070,71302499,1912,TWSE,common_stock,true,false,false,false,false,false,false,false,true,
2026-08-28,5608,四維航,listed,16.95,16.95,16.45,16.7,-0.2,-1.1834,5888793,98274839,2796,TWSE,common_stock,true,false,false,false,false,false,false,false,true,
2026-08-28,5706,鳳凰,listed,45.4,45.4,45.0,45.15,-0.25,-0.5507,58688,2647489,212,TWSE,common_stock,true,false,false,false,false,false,false,false,true,
2026-08-28,5871,中租-KY,listed,117.0,117.0,113.0,113.0,-1.5,-1.31,5488046,625184728,3288,TWSE,common_stock,true,false,false,false,false,false,false,false,true,
2026-08-28,5871A,中租-KY甲特,listed,100.0,100.0,99.9,100.0,0.1,0.1001,10282,1027970,14,TWSE,warrant,false,false,true,false,false,false,false,false,false,security_type=warrant;symbol_not_4_digit
2026-08-28,5876,上海商銀,listed,42.95,43.65,42.9,43.15,0.1,0.2323,7229756,312594148,3980,TWSE,common_stock,true,false,false,false,false,false,false,false,true,
2026-08-28,5880,合庫金,listed,25.1,25.3,25.05,25.25,0.2,0.7984,9386451,236601725,3708,TWSE,common_stock,true,false,false,false,false,false,false,false,true,
2026-08-28,5906,台南-KY,listed,35.75,37.85,35.75,37.75,-1.5,-3.8217,5000,184850,5,TWSE,common_stock,true,false,false,false,false,false,false,false,true,
2026-08-28,5907,大洋-KY,listed,4.95,4.99,4.84,4.91,-0.08,-1.6032,361000,1778650,91,TWSE,common_stock,true,false,false,false,false,false,false,false,true,
2026-08-28,6005,群益證,listed,31.2,31.7,31.2,31.45,0.35,1.1254,4726832,148759010,3026,TWSE,etf,false,true,false,false,false,false,false,false,false,security_type=etf
2026-08-28,6024,群益期,listed,61.9,62.5,61.7,61.7,-0.3,-0.4839,314079,19444860,1322,TWSE,etf,false,true,false,false,false,false,false,false,false,security_type=etf
2026-08-28,6108,競國,listed,24.3,26.15,24.1,25.7,1.9,7.9832,11060642,286108807,5021,TWSE,common_stock,true,false,false,false,false,false,false,false,true,
2026-08-28,6112,邁達特,listed,46.2,46.2,45.05,45.05,-0.45,-0.989,213938,9755174,482,TWSE,common_stock,true,false,false,false,false,false,false,false,true,
2026-08-28,6115,鎰勝,listed,44.05,44.1,43.9,44.0,-0.05,-0.1135,340345,14962394,312,TWSE,common_stock,true,false,false,false,false,false,false,false,true,
2026-08-28,6116,彩晶,listed,15.0,15.1,14.5,14.5,-0.35,-2.3569,34400826,506619208,11139,TWSE,common_stock,true,false,false,false,false,false,false,false,true,
2026-08-28,6117,迎廣,listed,63.1,63.6,62.6,63.0,0.5,0.8,136225,8611976,124,TWSE,common_stock,true,false,false,false,false,false,false,false,true,
2026-08-28,6120,達運,listed,12.95,13.05,12.75,12.8,0.05,0.3922,1324556,17066147,631,TWSE,common_stock,true,false,false,false,false,false,false,false,true,
2026-08-28,6128,上福,listed,20.35,20.35,20.1,20.3,0.05,0.2469,62682,1265322,27,TWSE,common_stock,true,false,false,false,false,false,false,false,true,
2026-08-28,6133,金橋,listed,23.4,23.6,23.0,23.0,-0.2,-0.8621,548804,12714473,490,TWSE,common_stock,true,false,false,false,false,false,false,false,true,
2026-08-28,6136,富爾特,listed,25.05,25.15,25.05,25.1,0.0,0.0,470318,11793720,121,TWSE,common_stock,true,false,false,false,false,false,false,false,true,
2026-08-28,6139,亞翔,listed,788.0,792.0,772.0,775.0,-9.0,-1.148,2585203,2014805876,6104,TWSE,common_stock,true,false,false,false,false,false,false,false,true,
2026-08-28,6141,柏承,listed,54.0,59.5,53.7,58.2,3.3,6.0109,7488061,424044347,6188,TWSE,common_stock,true,false,false,false,false,false,false,false,true,
2026-08-28,6142,友勁,listed,8.82,8.96,8.82,8.87,-0.08,-0.8939,137279,1221161,143,TWSE,common_stock,true,false,false,false,false,false,false,false,true,
2026-08-28,6152,百一,listed,14.0,14.2,13.9,14.05,0.1,0.7168,684650,9608381,343,TWSE,common_stock,true,false,false,false,false,false,false,false,true,
2026-08-28,6153,嘉聯益,listed,17.4,17.9,17.35,17.75,0.5,2.8986,3925936,69339873,2052,TWSE,common_stock,true,false,false,false,false,false,false,false,true,
2026-08-28,6155,鈞寶,listed,59.5,62.5,59.0,59.2,1.4,2.4221,3968666,239519181,3426,TWSE,common_stock,true,false,false,false,false,false,false,false,true,
2026-08-28,6164,華興,listed,12.65,12.7,12.3,12.35,-0.2,-1.5936,535529,6707095,325,TWSE,common_stock,true,false,false,false,false,false,false,false,true,
2026-08-28,6165,浪凡,listed,48.6,49.0,48.2,48.3,0.25,0.5203,2492597,120446953,197,TWSE,common_stock,true,false,false,false,false,false,false,false,true,
2026-08-28,6166,凌華,listed,117.5,119.0,116.0,116.5,-0.5,-0.4274,782882,91733808,1086,TWSE,common_stock,true,false,false,false,false,false,false,false,true,
2026-08-28,6168,宏齊,listed,29.6,29.65,28.7,28.85,-0.8,-2.6981,4631284,134471196,3677,TWSE,common_stock,true,false,false,false,false,false,false,false,true,
2026-08-28,6176,瑞儀,listed,95.5,95.6,93.0,93.1,-2.4,-2.5131,3999237,375401087,5688,TWSE,common_stock,true,false,false,false,false,false,false,false,true,
2026-08-28,6177,達麗,listed,47.85,47.95,47.25,47.55,-0.35,-0.7307,1066000,50716343,1694,TWSE,common_stock,true,false,false,false,false,false,false,false,true,
2026-08-28,6183,關貿,listed,92.0,92.5,90.6,91.0,0.0,0.0,58671,5375654,173,TWSE,common_stock,true,false,false,false,false,false,false,false,true,
2026-08-28,6184,大豐電,listed,41.4,41.4,41.05,41.15,-0.3,-0.7238,124225,5114376,160,TWSE,common_stock,true,false,false,false,false,false,false,false,true,
2026-08-28,6189,豐藝,listed,48.55,48.55,47.8,48.15,0.0,0.0,284427,13685465,323,TWSE,common_stock,true,false,false,false,false,false,false,false,true,
2026-08-28,6191,精成科,listed,83.9,85.5,83.5,84.7,1.6,1.9254,2255898,191240813,2679,TWSE,common_stock,true,false,false,false,false,false,false,false,true,
2026-08-28,6192,巨路,listed,116.5,117.5,116.0,117.5,1.0,0.8584,126411,14760820,137,TWSE,common_stock,true,false,false,false,false,false,false,false,true,
2026-08-28,6196,帆宣,listed,501.0,502.0,491.0,492.5,-5.0,-1.005,901280,446526281,2759,TWSE,common_stock,true,false,false,false,false,false,false,false,true,
2026-08-28,6197,佳必琪,listed,311.0,314.0,309.5,309.5,1.5,0.487,1256784,391850850,4916,TWSE,common_stock,true,false,false,false,false,false,false,false,true,
2026-08-28,6201,亞弘電,listed,44.7,44.7,44.6,44.6,-0.1,-0.2237,23104,1031697,17,TWSE,common_stock,true,false,false,false,false,false,false,false,true,
2026-08-28,6202,盛群,listed,59.5,61.2,59.0,59.4,0.2,0.3378,1210594,72420361,1583,TWSE,common_stock,true,false,false,false,false,false,false,false,true,
2026-08-28,6205,詮欣,listed,67.0,67.5,65.3,65.8,-1.1,-1.6442,786889,52115426,851,TWSE,common_stock,true,false,false,false,false,false,false,false,true,
2026-08-28,6206,飛捷,listed,140.5,141.5,138.0,138.5,-2.0,-1.4235,847281,118034896,1127,TWSE,common_stock,true,false,false,false,false,false,false,false,true,
2026-08-28,6209,今國光,listed,77.0,78.1,75.8,76.7,0.2,0.2614,11986491,922603650,10040,TWSE,common_stock,true,false,false,false,false,false,false,false,true,
2026-08-28,6213,聯茂,listed,573.0,592.0,548.0,582.0,19.0,3.3748,25938705,14990574592,27637,TWSE,common_stock,true,false,false,false,false,false,false,false,true,
2026-08-28,6214,精誠,listed,183.0,183.0,179.5,181.0,-1.5,-0.8219,1274588,230608672,8413,TWSE,common_stock,true,false,false,false,false,false,false,false,true,
2026-08-28,6215,和椿,listed,99.9,99.9,96.6,98.4,0.2,0.2037,563827,55163860,665,TWSE,common_stock,true,false,false,false,false,false,false,false,true,
2026-08-28,6216,居易,listed,21.2,21.2,20.75,20.9,-0.1,-0.4762,242031,5051647,213,TWSE,common_stock,true,false,false,false,false,false,false,false,true,
2026-08-28,6224,聚鼎,listed,77.0,77.7,73.9,74.5,-1.7,-2.231,1158485,87193367,3894,TWSE,common_stock,true,false,false,false,false,false,false,false,true,
2026-08-28,6225,天瀚,listed,66.0,66.0,59.5,59.5,-6.5,-9.8485,194642,11811667,165,TWSE,common_stock,true,false,false,false,false,false,false,false,true,
2026-08-28,6226,光鼎,listed,33.9,34.0,33.75,34.0,3.05,9.8546,6185486,210078224,2418,TWSE,common_stock,true,false,false,false,false,false,false,false,true,
2026-08-28,6230,尼得科超眾,listed,110.0,110.5,108.5,109.5,-0.5,-0.4545,16224,1775794,237,TWSE,common_stock,true,false,false,false,false,false,false,false,true,
2026-08-28,6235,華孚,listed,39.6,39.6,38.9,38.9,-0.3,-0.7653,345344,13489517,435,TWSE,common_stock,true,false,false,false,false,false,false,false,true,
2026-08-28,6239,力成,listed,278.5,294.5,278.0,287.0,10.0,3.6101,25798635,7440717196,24857,TWSE,common_stock,true,false,false,false,false,false,false,false,true,
2026-08-28,6243,迅杰,listed,43.0,43.35,41.05,41.6,-0.8,-1.8868,1051475,44280975,998,TWSE,common_stock,true,false,false,false,false,false,false,false,true,
2026-08-28,6257,矽格,listed,206.0,222.5,206.0,219.0,15.0,7.3529,13534794,2905149250,13060,TWSE,common_stock,true,false,false,false,false,false,false,false,true,
2026-08-28,6269,台郡,listed,77.1,78.8,70.3,75.0,2.1,2.8807,21744966,1617585912,15774,TWSE,common_stock,true,false,false,false,false,false,false,false,true,
2026-08-28,6271,同欣電,listed,210.5,221.0,210.5,215.0,5.0,2.381,7554430,1638708388,10890,TWSE,common_stock,true,false,false,false,false,false,false,false,true,
2026-08-28,6272,驊陞,listed,24.2,26.5,24.2,26.5,2.4,9.9585,314215,8130847,248,TWSE,common_stock,true,false,false,false,false,false,false,false,true,
2026-08-28,6277,宏正,listed,80.7,80.7,79.1,79.3,-1.1,-1.3682,237723,18983740,308,TWSE,common_stock,true,false,false,false,false,false,false,false,true,
2026-08-28,6278,台表科,listed,208.5,208.5,199.5,201.5,-4.5,-2.1845,7522509,1531321490,8956,TWSE,common_stock,true,false,false,false,false,false,false,false,true,
2026-08-28,6281,全國電,listed,51.5,51.5,51.2,51.3,-0.2,-0.3883,17403,894277,52,TWSE,common_stock,true,false,false,false,false,false,false,false,true,
2026-08-28,6282,康舒,listed,45.8,46.1,45.1,45.3,0.15,0.3322,5496795,250457920,4184,TWSE,common_stock,true,false,false,false,false,false,false,false,true,
2026-08-28,6283,淳安,listed,20.1,20.1,19.85,20.0,-0.1,-0.4975,72809,1452850,62,TWSE,common_stock,true,false,false,false,false,false,false,false,true,
2026-08-28,6285,啟碁,listed,248.0,254.0,246.0,247.0,2.0,0.8163,5280417,1316773293,8180,TWSE,common_stock,true,false,false,false,false,false,false,false,true,
2026-08-28,6405,悅城,listed,40.3,41.85,39.9,40.25,-0.05,-0.1241,362742,14754867,601,TWSE,common_stock,true,false,false,false,false,false,false,false,true,
2026-08-28,6409,旭隼,listed,1045.0,1065.0,1015.0,1030.0,-15.0,-1.4354,471705,486643905,1493,TWSE,common_stock,true,false,false,false,false,false,false,false,true,
2026-08-28,6412,群電,listed,79.3,79.7,78.6,79.1,0.6,0.7643,602552,47694559,669,TWSE,common_stock,true,false,false,false,false,false,false,false,true,
2026-08-28,6414,樺漢,listed,396.0,401.0,389.0,390.0,-3.5,-0.8895,1101127,432891941,2483,TWSE,common_stock,true,false,false,false,false,false,false,false,true,
2026-08-28,6415,矽力*-KY,listed,482.0,488.5,447.5,458.0,-12.5,-2.6567,6075270,2802061543,7009,TWSE,common_stock,true,false,false,false,false,false,false,false,true,
2026-08-28,6416,瑞祺電通,listed,101.5,103.0,100.5,100.5,-1.0,-0.9852,490818,49876875,627,TWSE,common_stock,true,false,false,false,false,false,false,false,true,
2026-08-28,6426,統新,listed,260.0,273.0,256.0,263.5,4.0,1.5414,2302960,611616366,5520,TWSE,common_stock,true,false,false,false,false,false,false,false,true,
2026-08-28,6431,光麗-KY,listed,19.7,20.4,19.65,19.65,-0.65,-3.202,90003,1801509,63,TWSE,common_stock,true,false,false,false,false,false,false,false,true,
2026-08-28,6438,迅得,listed,149.0,153.5,149.0,151.0,2.5,1.6835,625619,94553360,1273,TWSE,common_stock,true,false,false,false,false,false,false,false,true,
2026-08-28,6442,光聖,listed,1615.0,1645.0,1600.0,1615.0,20.0,1.2539,1410722,2280900990,4171,TWSE,common_stock,true,false,false,false,false,false,false,false,true,
2026-08-28,6443,元晶,listed,26.7,27.5,26.65,26.65,-0.05,-0.1873,5153342,139204745,3247,TWSE,common_stock,true,false,false,false,false,false,false,false,true,
2026-08-28,6446,藥華藥,listed,1580.0,1615.0,1545.0,1545.0,-15.0,-0.9615,4112305,6493089490,8141,TWSE,common_stock,true,false,false,false,false,false,false,false,true,
2026-08-28,6449,鈺邦,listed,240.0,248.0,231.0,237.0,4.0,1.7167,4503858,1079967739,4713,TWSE,common_stock,true,false,false,false,false,false,false,false,true,
2026-08-28,6451,訊芯-KY,listed,456.0,462.5,441.0,453.5,1.5,0.3319,5524831,2500045338,6660,TWSE,common_stock,true,false,false,false,false,false,false,false,true,
2026-08-28,6456,GIS-KY,listed,72.0,77.5,71.6,74.3,2.5,3.4819,10669483,798493756,8735,TWSE,common_stock,true,false,false,false,false,false,false,false,true,
2026-08-28,6464,台數科,listed,77.6,77.6,77.4,77.4,-0.5,-0.6418,4169,323010,29,TWSE,common_stock,true,false,false,false,false,false,false,false,true,
2026-08-28,6472,保瑞,listed,437.5,442.5,433.5,435.0,-4.5,-1.0239,838631,367083505,2029,TWSE,common_stock,true,false,false,false,false,false,false,false,true,
2026-08-28,6477,安集,listed,39.45,39.6,37.05,37.05,-1.1,-2.8834,2600850,99014776,2069,TWSE,common_stock,true,false,false,false,false,false,false,false,true,
2026-08-28,6491,晶碩,listed,375.0,378.5,370.0,377.0,2.0,0.5333,274528,102899317,456,TWSE,common_stock,true,false,false,false,false,false,false,false,true,
2026-08-28,6504,南六,listed,38.0,38.0,37.85,37.85,-0.15,-0.3947,2231,84613,9,TWSE,common_stock,true,false,false,false,false,false,false,false,true,
2026-08-28,6505,台塑化,listed,72.8,74.0,71.4,71.4,-1.3,-1.7882,10080935,728983005,9257,TWSE,common_stock,true,false,false,false,false,false,false,false,true,
2026-08-28,6515,穎崴,listed,6105.0,6350.0,6050.0,6250.0,145.0,2.3751,301872,1875779385,4055,TWSE,common_stock,true,false,false,false,false,false,false,false,true,
2026-08-28,6525,捷敏-KY,listed,143.0,150.0,143.0,144.5,3.0,2.1201,2348123,343452628,2209,TWSE,common_stock,true,false,false,false,false,false,false,false,true,
2026-08-28,6526,達發,listed,611.0,626.0,611.0,620.0,10.0,1.6393,297879,184509371,838,TWSE,common_stock,true,false,false,false,false,false,false,false,true,
2026-08-28,6531,愛普*,listed,927.0,933.0,892.0,895.0,-22.0,-2.3991,2752098,2501326373,5651,TWSE,common_stock,true,false,false,false,false,false,false,false,true,
2026-08-28,6533,晶心科,listed,271.0,273.0,265.0,265.5,-3.0,-1.1173,782253,209529493,4362,TWSE,common_stock,true,false,false,false,false,false,false,false,true,
2026-08-28,6534,正瀚-創,listed,92.5,92.5,91.2,91.2,-1.0,-1.0846,51559,4715708,56,TWSE,common_stock,true,false,false,false,false,false,false,false,true,
2026-08-28,6541,泰福-KY,listed,36.75,37.45,36.1,36.1,-0.8,-2.168,396641,14466777,508,TWSE,common_stock,true,false,false,false,false,false,false,false,true,
2026-08-28,6550,北極星藥業-KY,listed,11.5,11.6,11.2,11.2,-0.15,-1.3216,1154171,13129396,626,TWSE,common_stock,true,false,false,false,false,false,false,false,true,
2026-08-28,6552,易華電,listed,25.3,25.3,25.0,25.3,-0.05,-0.1972,37932,953955,65,TWSE,common_stock,true,false,false,false,false,false,false,false,true,
2026-08-28,6558,興能高,listed,25.9,25.9,25.4,25.5,-0.4,-1.5444,127843,3270449,201,TWSE,common_stock,true,false,false,false,false,false,false,false,true,
2026-08-28,6573,虹揚-KY,listed,17.5,19.3,17.5,18.8,1.1,6.2147,821694,15282125,484,TWSE,common_stock,true,false,false,false,false,false,false,false,true,
2026-08-28,6579,研揚,listed,148.5,149.5,146.0,147.0,-1.0,-0.6757,303207,44681838,567,TWSE,common_stock,true,false,false,false,false,false,false,false,true,
2026-08-28,6581,鋼聯,listed,109.5,109.5,109.5,109.5,0.0,0.0,24150,2644474,59,TWSE,common_stock,true,false,false,false,false,false,false,false,true,
2026-08-28,6582,申豐,listed,32.75,32.8,32.45,32.6,-0.1,-0.3058,55919,1824684,97,TWSE,common_stock,true,false,false,false,false,false,false,false,true,
2026-08-28,6585,鼎基,listed,116.0,116.0,114.0,114.5,-1.5,-1.2931,116021,13293861,134,TWSE,common_stock,true,false,false,false,false,false,false,false,true,
2026-08-28,6589,台康生技,listed,50.2,50.6,49.8,49.85,-0.35,-0.6972,414947,20809597,444,TWSE,common_stock,true,false,false,false,false,false,false,false,true,
2026-08-28,6591,動力-KY,listed,42.65,42.9,42.5,42.75,0.15,0.3521,129148,5509553,135,TWSE,common_stock,true,false,false,false,false,false,false,false,true,
2026-08-28,6592,和潤企業,listed,61.5,61.6,60.3,60.5,-1.1,-1.7857,555265,33717516,2952,TWSE,common_stock,true,false,false,false,false,false,false,false,true,
2026-08-28,6592A,和潤企業甲特,listed,95.3,95.5,95.3,95.5,0.0,0.0,6076,579842,5,TWSE,warrant,false,false,true,false,false,false,false,false,false,security_type=warrant;symbol_not_4_digit
2026-08-28,6592B,和潤企業乙特,listed,94.5,95.0,94.5,94.5,0.0,0.0,3000,284000,3,TWSE,warrant,false,false,true,false,false,false,false,false,false,security_type=warrant;symbol_not_4_digit
2026-08-28,6598,ABC-KY,listed,29.2,29.2,28.7,28.75,-0.25,-0.8621,182097,5274290,164,TWSE,common_stock,true,false,false,false,false,false,false,false,true,
2026-08-28,6605,帝寶,listed,142.0,142.0,138.0,139.0,-3.0,-2.1127,336471,46881821,2244,TWSE,common_stock,true,false,false,false,false,false,false,false,true,
2026-08-28,6606,建德工業,listed,26.3,26.35,26.0,26.1,-0.2,-0.7605,62062,1624331,56,TWSE,common_stock,true,false,false,false,false,false,false,false,true,
2026-08-28,6614,資拓宏宇,listed,35.9,36.3,35.8,35.9,-0.35,-0.9655,55295,1986733,91,TWSE,common_stock,true,false,false,false,false,false,false,false,true,
2026-08-28,6625,必應,listed,78.3,78.3,76.7,77.0,-0.8,-1.0283,79838,6145894,530,TWSE,common_stock,true,false,false,false,false,false,false,false,true,
2026-08-28,6641,基士德-KY,listed,18.3,18.3,17.6,17.7,-0.05,-0.2817,35010,626828,19,TWSE,common_stock,true,false,false,false,false,false,false,false,true,
2026-08-28,6645,金萬林-創,listed,12.7,12.75,12.4,12.4,-0.5,-3.876,52634,661140,50,TWSE,common_stock,true,false,false,false,false,false,false,false,true,
2026-08-28,6655,科定,listed,116.0,116.0,116.0,116.0,-1.0,-0.8547,1000,116000,1,TWSE,common_stock,true,false,false,false,false,false,false,false,true,
2026-08-28,6657,華安,listed,30.2,30.45,30.1,30.3,-0.1,-0.3289,39355,1192746,41,TWSE,common_stock,true,false,false,false,false,false,false,false,true,
2026-08-28,6658,聯策,listed,172.0,172.0,166.0,166.5,-4.5,-2.6316,388053,65190787,2642,TWSE,common_stock,true,false,false,false,false,false,false,false,true,
2026-08-28,6666,羅麗芬-KY,listed,44.45,44.45,43.85,44.1,-0.25,-0.5637,13001,574944,13,TWSE,common_stock,true,false,false,false,false,false,false,false,true,
2026-08-28,6668,中揚光,listed,43.6,45.8,43.0,44.6,1.65,3.8417,10978273,487685405,7629,TWSE,common_stock,true,false,false,false,false,false,false,false,true,
2026-08-28,6669,緯穎,listed,6965.0,7245.0,6835.0,7200.0,385.0,5.6493,1993578,14128330095,18696,TWSE,common_stock,true,false,false,false,false,false,false,false,true,
2026-08-28,6670,復盛應用,listed,275.0,275.0,270.0,272.5,-5.0,-1.8018,202344,55114227,4386,TWSE,common_stock,true,false,false,false,false,false,false,false,true,
2026-08-28,6671,三能-KY,listed,23.0,23.0,23.0,23.0,-0.25,-1.0753,53062,1220457,5,TWSE,common_stock,true,false,false,false,false,false,false,false,true,
2026-08-28,6672,騰輝電子-KY,listed,283.5,294.5,282.0,289.5,8.0,2.8419,4031460,1166880043,7538,TWSE,common_stock,true,false,false,false,false,false,false,false,true,
2026-08-28,6674,鋐寶科技,listed,16.15,16.15,15.95,16.0,0.0,0.0,17350,278161,13,TWSE,common_stock,true,false,false,false,false,false,false,false,true,
2026-08-28,6689,伊雲谷,listed,62.0,64.0,62.0,62.3,0.8,1.3008,128521,8077760,152,TWSE,common_stock,true,false,false,false,false,false,false,false,true,
2026-08-28,6691,洋基工程,listed,633.0,633.0,613.0,618.0,-7.0,-1.12,565056,350201591,1774,TWSE,common_stock,true,false,false,false,false,false,false,false,true,
2026-08-28,6695,芯鼎,listed,48.55,51.7,48.55,49.2,0.9,1.8634,605088,30086320,818,TWSE,common_stock,true,false,false,false,false,false,false,false,true,
2026-08-28,6698,旭暉應材,listed,32.6,32.6,32.0,32.35,-0.25,-0.7669,85065,2743761,217,TWSE,common_stock,true,false,false,false,false,false,false,false,true,
2026-08-28,6706,惠特,listed,125.0,125.5,123.0,124.0,0.0,0.0,1096890,136259195,1151,TWSE,common_stock,true,false,false,false,false,false,false,false,true,
2026-08-28,6715,嘉基,listed,352.0,355.0,343.5,353.5,2.0,0.569,676972,236880150,1173,TWSE,common_stock,true,false,false,false,false,false,false,false,true,
2026-08-28,6719,力智,listed,196.5,202.5,194.5,194.5,0.0,0.0,822463,162217861,1525,TWSE,common_stock,true,false,false,false,false,false,false,false,true,
2026-08-28,6722,輝創,listed,33.15,33.15,32.55,32.7,-0.45,-1.3575,24064,791002,27,TWSE,common_stock,true,false,false,false,false,false,false,false,true,
2026-08-28,6742,澤米,listed,45.3,45.7,44.3,44.55,-0.75,-1.6556,538086,24202468,848,TWSE,common_stock,true,false,false,false,false,false,false,false,true,
2026-08-28,6743,安普新,listed,27.5,28.55,27.5,27.85,0.4,1.4572,485685,13557688,484,TWSE,common_stock,true,false,false,false,false,false,false,false,true,
2026-08-28,6753,龍德造船,listed,149.0,150.0,138.0,138.5,-6.0,-4.1522,3918457,552158678,4048,TWSE,common_stock,true,false,false,false,false,false,false,false,true,
2026-08-28,6754,匯僑設計,listed,42.95,42.95,41.8,41.8,-0.2,-0.4762,10023,424884,9,TWSE,common_stock,true,false,false,false,false,false,false,false,true,
2026-08-28,6756,威鋒電子,listed,100.0,101.0,99.3,100.0,0.1,0.1001,84886,8482031,309,TWSE,common_stock,true,false,false,false,false,false,false,false,true,
2026-08-28,6757,台灣虎航,listed,56.0,56.3,55.0,55.1,-1.1,-1.9573,1452531,80431900,1703,TWSE,common_stock,true,false,false,false,false,false,false,false,true,
2026-08-28,6768,志強-KY,listed,64.7,64.7,63.9,64.2,-0.6,-0.9259,392033,25147932,402,TWSE,common_stock,true,false,false,false,false,false,false,false,true,
2026-08-28,6770,力積電,listed,70.8,73.3,69.9,70.0,0.4,0.5747,127516696,9070252564,68492,TWSE,common_stock,true,false,false,false,false,false,false,false,true,
2026-08-28,6771,平和環保-創,listed,41.75,42.1,40.8,41.0,-0.75,-1.7964,30044,1239155,30,TWSE,common_stock,true,false,false,false,false,false,false,false,true,
2026-08-28,6776,展碁國際,listed,53.3,53.3,53.1,53.2,0.0,0.0,43648,2322845,58,TWSE,common_stock,true,false,false,false,false,false,false,false,true,
2026-08-28,6781,AES-KY,listed,1105.0,1145.0,1105.0,1130.0,-10.0,-0.8772,1264187,1417481910,2981,TWSE,common_stock,true,false,false,false,false,false,false,false,true,
2026-08-28,6782,視陽,listed,242.5,244.5,234.0,241.5,-2.0,-0.8214,1136933,273094037,5021,TWSE,common_stock,true,false,false,false,false,false,false,false,true,
2026-08-28,6789,采鈺,listed,469.0,475.5,461.0,461.0,-1.5,-0.3243,1544185,722683009,3075,TWSE,common_stock,true,false,false,false,false,false,false,false,true,
2026-08-28,6790,永豐實,listed,38.2,38.25,38.0,38.05,-0.15,-0.3927,152392,5814053,147,TWSE,etf,false,true,false,false,false,false,false,false,false,security_type=etf
2026-08-28,6792,詠業,listed,59.5,60.0,59.2,59.5,0.5,0.8475,14199,845541,17,TWSE,common_stock,true,false,false,false,false,false,false,false,true,
2026-08-28,6794,向榮生技,listed,78.4,79.9,78.1,78.2,0.1,0.128,33449,2636324,29,TWSE,common_stock,true,false,false,false,false,false,false,false,true,
2026-08-28,6796,晉弘,listed,61.0,63.5,61.0,61.6,-0.9,-1.44,46102,2843023,46,TWSE,common_stock,true,false,false,false,false,false,false,false,true,
2026-08-28,6799,來頡,listed,82.6,82.6,80.5,80.5,-1.4,-1.7094,204642,16618820,340,TWSE,common_stock,true,false,false,false,false,false,false,false,true,
2026-08-28,6805,富世達,listed,2265.0,2435.0,2255.0,2345.0,120.0,5.3933,3660595,8614524270,8298,TWSE,common_stock,true,false,false,false,false,false,false,false,true,
2026-08-28,6807,峰源-KY,listed,34.65,34.65,33.25,33.5,-0.45,-1.3255,5064,170565,8,TWSE,common_stock,true,false,false,false,false,false,false,false,true,
2026-08-28,6830,汎銓,listed,521.0,535.0,520.0,525.0,-5.0,-0.9434,1537472,808812147,3504,TWSE,common_stock,true,false,false,false,false,false,false,false,true,
2026-08-28,6831,邁科,listed,605.0,633.0,597.0,620.0,27.0,4.5531,1565775,970728784,2381,TWSE,common_stock,true,false,false,false,false,false,false,false,true,
2026-08-28,6834,天二科技,listed,94.5,99.9,93.5,94.2,2.6,2.8384,4841128,464615617,4214,TWSE,common_stock,true,false,false,false,false,false,false,false,true,
2026-08-28,6835,圓裕,listed,30.85,31.45,30.85,31.2,0.25,0.8078,17096,530987,21,TWSE,common_stock,true,false,false,false,false,false,false,false,true,
2026-08-28,6838,台新藥,listed,23.0,23.2,22.7,23.2,0.2,0.8696,69250,1584736,90,TWSE,common_stock,true,false,false,false,false,false,false,false,true,
2026-08-28,6854,錼創科技-KY創,listed,93.7,94.1,90.5,90.7,-3.0,-3.2017,145451,13375775,311,TWSE,common_stock,true,false,false,false,false,false,false,false,true,
2026-08-28,6861,睿生光電,listed,198.0,201.0,192.0,193.5,-0.5,-0.2577,405783,79593849,566,TWSE,common_stock,true,false,false,false,false,false,false,false,true,
2026-08-28,6862,三集瑞-KY,listed,144.5,149.5,143.0,143.5,3.0,2.1352,342830,49826816,494,TWSE,common_stock,true,false,false,false,false,false,false,false,true,
2026-08-28,6863,永道-KY,listed,111.0,111.5,109.0,109.5,-1.0,-0.905,78745,8638528,98,TWSE,common_stock,true,false,false,false,false,false,false,false,true,
2026-08-28,6869,雲豹能源,listed,68.3,68.5,67.5,68.0,0.2,0.295,355964,24208880,377,TWSE,common_stock,true,false,false,false,false,false,false,false,true,
2026-08-28,6873,泓德能源,listed,70.0,71.8,68.4,70.3,0.4,0.5722,698449,49113006,603,TWSE,common_stock,true,false,false,false,false,false,false,false,true,
2026-08-28,6885,全福生技,listed,22.85,23.5,22.15,22.65,0.0,0.0,758519,17341105,533,TWSE,common_stock,true,false,false,false,false,false,false,false,true,
2026-08-28,6887,寶綠特-KY,listed,39.55,41.5,37.55,38.2,-1.25,-3.1686,62790,2432329,99,TWSE,common_stock,true,false,false,false,false,false,false,false,true,
2026-08-28,6890,來億-KY,listed,174.0,174.0,167.0,169.0,-4.5,-2.5937,239033,40410695,401,TWSE,common_stock,true,false,false,false,false,false,false,false,true,
2026-08-28,6901,鑽石投資,listed,16.6,16.7,16.1,16.15,-0.4,-2.4169,1880196,30592820,977,TWSE,common_stock,true,false,false,false,false,false,false,false,true,
2026-08-28,6902,GOGOLOOK,listed,127.0,129.5,126.0,129.5,2.5,1.9685,92574,11837081,122,TWSE,common_stock,true,false,false,false,false,false,false,false,true,
2026-08-28,6906,現觀科,listed,75.3,81.7,73.5,81.2,5.9,7.8353,147531,11421851,197,TWSE,common_stock,true,false,false,false,false,false,false,false,true,
2026-08-28,6908,宏碁遊戲-創,listed,30.45,30.45,30.0,30.0,-0.6,-1.9608,7050,213130,7,TWSE,common_stock,true,false,false,false,false,false,false,false,true,
2026-08-28,6909,創控,listed,41.75,42.45,41.3,41.45,-0.1,-0.2407,151264,6305263,235,TWSE,common_stock,true,false,false,false,false,false,false,false,true,
2026-08-28,6914,阜爾運通,listed,126.5,126.5,122.0,123.5,-1.5,-1.2,120552,14884898,317,TWSE,common_stock,true,false,false,false,false,false,false,false,true,
2026-08-28,6916,華凌,listed,18.7,18.7,18.2,18.2,-0.4,-2.1505,28000,519600,16,TWSE,common_stock,true,false,false,false,false,false,false,false,true,
2026-08-28,6918,愛派司,listed,79.0,79.0,76.9,78.0,0.0,0.0,32308,2504317,46,TWSE,common_stock,true,false,false,false,false,false,false,false,true,
2026-08-28,6919,康霈*,listed,103.0,104.0,98.8,99.6,-3.4,-3.301,10862380,1092617978,8402,TWSE,common_stock,true,false,false,false,false,false,false,false,true,
2026-08-28,6921,嘉雨思-創,listed,66.3,67.0,65.9,65.9,-1.5,-2.2255,11000,730200,7,TWSE,common_stock,true,false,false,false,false,false,false,false,true,
2026-08-28,6923,中台,listed,76.4,76.9,76.0,76.9,-0.5,-0.646,33479,2551748,58,TWSE,common_stock,true,false,false,false,false,false,false,false,true,
2026-08-28,6924,榮惠-KY創,listed,113.0,121.5,112.0,117.5,2.0,1.7316,67056,7928231,56,TWSE,common_stock,true,false,false,false,false,false,false,false,true,
2026-08-28,6928,攸泰科技,listed,49.65,49.75,47.6,47.6,-0.9,-1.8557,97213,4700982,119,TWSE,common_stock,true,false,false,false,false,false,false,false,true,
2026-08-28,6931,青松健康,listed,41.5,41.7,41.05,41.4,-0.1,-0.241,79561,3296128,109,TWSE,common_stock,true,false,false,false,false,false,false,false,true,
2026-08-28,6933,AMAX-KY,listed,260.0,260.0,256.0,260.0,23.5,9.9366,1952815,507442597,1606,TWSE,common_stock,true,false,false,false,false,false,false,false,true,
2026-08-28,6934,心誠鎂,listed,72.9,74.9,72.9,74.1,1.7,2.3481,12310,910269,18,TWSE,common_stock,true,false,false,false,false,false,false,false,true,
2026-08-28,6936,永鴻生技,listed,33.05,33.05,32.35,32.45,-0.65,-1.9637,31906,1036229,48,TWSE,common_stock,true,false,false,false,false,false,false,false,true,
2026-08-28,6937,天虹,listed,282.5,297.0,282.5,292.5,11.5,4.0925,660629,192687718,1188,TWSE,common_stock,true,false,false,false,false,false,false,false,true,
2026-08-28,6944,兆聯實業,listed,726.0,726.0,707.0,712.0,-4.0,-0.5587,229736,164231102,980,TWSE,common_stock,true,false,false,false,false,false,false,false,true,
2026-08-28,6947,台鎔科技,listed,70.7,70.7,69.5,69.8,-0.5,-0.7112,241310,16857937,287,TWSE,common_stock,true,false,false,false,false,false,false,false,true,
2026-08-28,6951,青新-創,listed,71.7,72.0,71.2,72.0,0.4,0.5587,12627,904976,37,TWSE,common_stock,true,false,false,false,false,false,false,false,true,
2026-08-28,6952,大武山,listed,37.8,37.95,37.4,37.95,0.15,0.3968,11164,419540,22,TWSE,common_stock,true,false,false,false,false,false,false,false,true,
2026-08-28,6955,邦睿生技-創,listed,108.0,109.5,108.0,108.5,0.5,0.463,15045,1635905,15,TWSE,common_stock,true,false,false,false,false,false,false,false,true,
2026-08-28,6957,裕慶-KY,listed,228.5,233.0,225.0,229.0,4.0,1.7778,151534,34708705,668,TWSE,common_stock,true,false,false,false,false,false,false,false,true,
2026-08-28,6958,日盛台駿,listed,17.7,17.75,17.6,17.7,0.0,0.0,14376,253788,23,TWSE,common_stock,true,false,false,false,false,false,false,false,true,
2026-08-28,6958A,日盛台駿甲特,listed,20.1,20.1,20.0,20.05,0.0,0.0,14076,282270,13,TWSE,warrant,false,false,true,false,false,false,false,false,false,security_type=warrant;symbol_not_4_digit
2026-08-28,6962,奕力-KY,listed,31.55,31.6,31.0,31.15,-0.2,-0.638,1585897,49635865,1030,TWSE,common_stock,true,false,false,false,false,false,false,false,true,
2026-08-28,6965,中傑-KY,listed,74.2,75.2,74.2,75.2,0.1,0.1332,7100,529013,9,TWSE,common_stock,true,false,false,false,false,false,false,false,true,
2026-08-28,6969,成信實業*-創,listed,36.05,36.05,34.2,35.15,0.35,1.0057,206523,7206180,140,TWSE,common_stock,true,false,false,false,false,false,false,false,true,
2026-08-28,6988,威力暘-創,listed,11.55,11.65,11.5,11.65,0.0,0.0,41000,472900,16,TWSE,common_stock,true,false,false,false,false,false,false,false,true,
2026-08-28,6994,富威電力,listed,36.55,36.55,35.75,35.85,-0.65,-1.7808,385173,13893617,345,TWSE,common_stock,true,false,false,false,false,false,false,false,true,
2026-08-28,7610,聯友金屬-創,listed,1625.0,1625.0,1445.0,1495.0,-100.0,-6.2696,1189663,1787303035,8383,TWSE,common_stock,true,false,false,false,false,false,false,false,true,
2026-08-28,7631,聚賢研發-創,listed,146.5,147.0,144.5,145.0,-1.5,-1.0239,36003,5238542,47,TWSE,common_stock,true,false,false,false,false,false,false,false,true,
2026-08-28,7689,大鵬科CLMX,listed,176.5,177.5,174.0,176.5,0.0,0.0,39602,6933930,459,TWSE,common_stock,true,false,false,false,false,false,false,false,true,
2026-08-28,7705,三商餐飲,listed,30.75,30.75,30.2,30.5,-0.4,-1.2945,68143,2071464,85,TWSE,common_stock,true,false,false,false,false,false,false,false,true,
2026-08-28,7711,永擎,listed,498.0,503.0,472.0,487.0,-6.0,-1.217,1443345,697856805,2597,TWSE,common_stock,true,false,false,false,false,false,false,false,true,
2026-08-28,7721,微程式,listed,63.0,63.0,61.6,62.8,0.8,1.2903,67140,4189019,61,TWSE,common_stock,true,false,false,false,false,false,false,false,true,
2026-08-28,7722,LINEPAY,listed,289.5,290.0,287.0,290.0,2.0,0.6944,26592,7673293,191,TWSE,common_stock,true,false,false,false,false,false,false,false,true,
2026-08-28,7730,暉盛-創,listed,176.5,181.0,172.0,177.0,0.0,0.0,153791,27000898,262,TWSE,common_stock,true,false,false,false,false,false,false,false,true,
2026-08-28,7732,金興精密,listed,34.7,34.85,34.35,34.7,0.0,0.0,10050,348263,11,TWSE,common_stock,true,false,false,false,false,false,false,false,true,
2026-08-28,7736,虎山,listed,68.8,69.8,68.2,69.6,0.5,0.7236,44015,3032044,20,TWSE,common_stock,true,false,false,false,false,false,false,false,true,
2026-08-28,7740,熙特爾-創,listed,135.5,136.5,134.0,134.0,-2.5,-1.8315,86566,11706924,139,TWSE,common_stock,true,false,false,false,false,false,false,false,true,
2026-08-28,7749,意騰-KY,listed,375.0,378.5,371.5,372.0,-1.0,-0.2681,107553,40250293,254,TWSE,common_stock,true,false,false,false,false,false,false,false,true,
2026-08-28,7750,新代,listed,2470.0,2470.0,2300.0,2300.0,-150.0,-6.1224,499275,1177901940,3436,TWSE,common_stock,true,false,false,false,false,false,false,false,true,
2026-08-28,7760,享溫馨,listed,33.0,33.0,32.65,33.0,-0.3,-0.9009,103788,3423542,25,TWSE,common_stock,true,false,false,false,false,false,false,false,true,
2026-08-28,7765,中華資安,listed,226.5,232.0,224.0,224.0,-1.5,-0.6652,64915,14783930,110,TWSE,common_stock,true,false,false,false,false,false,false,false,true,
2026-08-28,7768,頌勝科技,listed,290.0,293.5,290.0,290.5,0.5,0.1724,57449,16771667,146,TWSE,common_stock,true,false,false,false,false,false,false,false,true,
2026-08-28,7769,鴻勁,listed,6345.0,6540.0,6310.0,6490.0,145.0,2.2853,510592,3285484555,3921,TWSE,common_stock,true,false,false,false,false,false,false,false,true,
2026-08-28,7780,大研生醫*,listed,17.05,17.1,16.9,16.95,-0.1,-0.5865,412740,7010139,419,TWSE,common_stock,true,false,false,false,false,false,false,false,true,
2026-08-28,7786,東方風能,listed,119.0,120.0,116.5,120.0,1.0,0.8403,246784,29061626,292,TWSE,common_stock,true,false,false,false,false,false,false,false,true,
2026-08-28,7788,松川精密,listed,310.0,327.5,305.0,327.5,29.5,9.8993,3599795,1157951488,7643,TWSE,common_stock,true,false,false,false,false,false,false,false,true,
2026-08-28,7791,皇家可口,listed,57.0,57.0,56.6,56.6,-0.5,-0.8757,18978,1077479,40,TWSE,common_stock,true,false,false,false,false,false,false,false,true,
2026-08-28,7795,長廣,listed,562.0,585.0,547.0,564.0,19.0,3.4862,1042704,589295278,1517,TWSE,common_stock,true,false,false,false,false,false,false,false,true,
2026-08-28,7799,禾榮科,listed,389.0,389.5,376.0,379.0,-4.5,-1.1734,311715,119157215,1319,TWSE,common_stock,true,false,false,false,false,false,false,false,true,
2026-08-28,7803,雲象科技-創,listed,19.25,19.4,19.2,19.2,0.05,0.2611,36265,697029,24,TWSE,common_stock,true,false,false,false,false,false,false,false,true,
2026-08-28,7818,溢泰實業,listed,60.8,61.0,60.6,60.8,-0.2,-0.3279,48154,2924849,48,TWSE,common_stock,true,false,false,false,false,false,false,false,true,
2026-08-28,7821,神數,listed,39.1,39.2,38.7,39.05,0.2,0.5148,165718,6439403,106,TWSE,common_stock,true,false,false,false,false,false,false,false,true,
2026-08-28,7822,倍利科,listed,978.0,982.0,945.0,953.0,0.0,0.0,270651,261591933,1216,TWSE,common_stock,true,false,false,false,false,false,false,false,true,
2026-08-28,7823,奧義賽博-KY創,listed,83.5,83.9,82.5,83.4,-0.1,-0.1198,40710,3388357,41,TWSE,common_stock,true,false,false,false,false,false,false,false,true,
2026-08-28,7827,漢康-KY創,listed,161.0,161.5,152.5,159.5,-2.5,-1.5432,389436,60993593,836,TWSE,common_stock,true,false,false,false,false,false,false,false,true,
2026-08-28,7835,永悅健康-創,listed,25.4,25.4,25.2,25.4,2.3,9.9567,162300,4121840,93,TWSE,common_stock,true,false,false,false,false,false,false,false,true,
2026-08-28,7855,和運租車,listed,43.6,43.6,43.25,43.3,-0.15,-0.3452,878588,38057103,804,TWSE,common_stock,true,false,false,false,false,false,false,false,true,
2026-08-28,8011,台通,listed,16.2,16.2,16.0,16.1,0.0,0.0,128683,2069101,165,TWSE,common_stock,true,false,false,false,false,false,false,false,true,
2026-08-28,8016,矽創,listed,303.0,304.5,296.0,296.0,-4.0,-1.3333,514325,153265638,1196,TWSE,common_stock,true,false,false,false,false,false,false,false,true,
2026-08-28,8021,尖點,listed,433.5,463.5,426.0,454.0,31.5,7.4556,16137795,7208904061,20559,TWSE,common_stock,true,false,false,false,false,false,false,false,true,
2026-08-28,8028,昇陽半導體,listed,251.5,255.5,249.0,249.0,0.5,0.2012,2310457,580004108,2785,TWSE,common_stock,true,false,false,false,false,false,false,false,true,
2026-08-28,8033,雷虎,listed,202.0,205.5,183.5,189.5,-9.5,-4.7739,25691837,4933020808,27948,TWSE,common_stock,true,false,false,false,false,false,false,false,true,
2026-08-28,8039,台虹,listed,363.5,364.0,335.0,343.5,-9.0,-2.5532,58749504,20499366900,54818,TWSE,common_stock,true,false,false,false,false,false,false,false,true,
2026-08-28,8045,達運光電,listed,53.5,54.0,52.3,53.2,0.7,1.3333,112274,5952548,86,TWSE,common_stock,true,false,false,false,false,false,false,false,true,
2026-08-28,8046,南電,listed,1300.0,1310.0,1215.0,1240.0,-55.0,-4.2471,16449294,20662640690,31148,TWSE,common_stock,true,false,false,false,false,false,false,false,true,
2026-08-28,8070,長華*,listed,51.1,53.9,50.8,51.4,0.7,1.3807,5604465,294415166,3929,TWSE,common_stock,true,false,false,false,false,false,false,false,true,
2026-08-28,8072,陞泰,listed,26.4,26.45,25.8,26.2,-0.2,-0.7576,117822,3081978,193,TWSE,common_stock,true,false,false,false,false,false,false,false,true,
2026-08-28,8081,致新,listed,262.0,263.5,258.5,260.0,-1.5,-0.5736,415098,108115569,3189,TWSE,common_stock,true,false,false,false,false,false,false,false,true,
2026-08-28,8101,華冠,listed,12.45,12.45,12.4,12.4,-0.4,-3.125,4481,55388,15,TWSE,common_stock,true,false,false,false,false,false,false,false,true,
2026-08-28,8103,瀚荃,listed,115.5,116.5,107.5,108.5,-5.5,-4.8246,5176982,572061261,9579,TWSE,common_stock,true,false,false,false,false,false,false,false,true,
2026-08-28,8104,錸寶,listed,32.15,32.15,31.5,31.5,-0.3,-0.9434,277879,8807215,302,TWSE,common_stock,true,false,false,false,false,false,false,false,true,
2026-08-28,8105,凌巨,listed,16.65,16.65,16.65,16.65,1.5,9.901,6433266,107113843,1624,TWSE,common_stock,true,false,false,false,false,false,false,false,true,
2026-08-28,8110,華東,listed,47.1,47.1,45.75,46.0,-0.15,-0.325,4242083,196549516,3200,TWSE,common_stock,true,false,false,false,false,false,false,false,true,
2026-08-28,8112,至上,listed,92.6,93.4,90.8,90.9,-1.3,-1.41,8591880,788041983,7916,TWSE,common_stock,true,false,false,false,false,false,false,false,true,
2026-08-28,8112A,至上甲特,listed,45.0,45.1,45.0,45.1,0.1,0.2222,84133,3786185,19,TWSE,warrant,false,false,true,false,false,false,false,false,false,security_type=warrant;symbol_not_4_digit
2026-08-28,8114,振樺電,listed,199.0,200.0,195.0,195.0,-2.5,-1.2658,324474,64079307,517,TWSE,common_stock,true,false,false,false,false,false,false,false,true,
2026-08-28,8131,福懋科,listed,64.0,64.6,62.7,62.7,-0.6,-0.9479,2074654,131426452,1957,TWSE,common_stock,true,false,false,false,false,false,false,false,true,
2026-08-28,8150,南茂,listed,91.7,94.0,90.3,90.5,0.2,0.2215,22269102,2054150495,17037,TWSE,common_stock,true,false,false,false,false,false,false,false,true,
2026-08-28,8162,微矽電子-創,listed,63.0,64.2,62.5,63.6,0.8,1.2739,163081,10311066,144,TWSE,common_stock,true,false,false,false,false,false,false,false,true,
2026-08-28,8163,達方,listed,31.8,33.15,31.6,31.85,0.3,0.9509,910913,29365336,841,TWSE,common_stock,true,false,false,false,false,false,false,false,true,
2026-08-28,8201,無敵,listed,11.9,11.9,11.5,11.9,0.0,0.0,37236,437511,29,TWSE,common_stock,true,false,false,false,false,false,false,false,true,
2026-08-28,8210,勤誠,listed,967.0,1010.0,967.0,990.0,30.0,3.125,2248304,2231192556,4756,TWSE,common_stock,true,false,false,false,false,false,false,false,true,
2026-08-28,8213,志超,listed,33.7,33.7,33.15,33.15,0.0,0.0,221632,7380865,216,TWSE,common_stock,true,false,false,false,false,false,false,false,true,
2026-08-28,8215,明基材,listed,25.5,26.75,25.1,26.2,1.35,5.4326,1661988,43318773,1299,TWSE,common_stock,true,false,false,false,false,false,false,false,true,
2026-08-28,8222,寶一,listed,42.3,42.3,38.9,38.9,-1.9,-4.6569,1627964,64773287,2541,TWSE,common_stock,true,false,false,false,false,false,false,false,true,
2026-08-28,8249,菱光,listed,42.05,42.45,41.3,41.5,-0.5,-1.1905,224806,9344919,218,TWSE,common_stock,true,false,false,false,false,false,false,false,true,
2026-08-28,8261,富鼎,listed,186.0,200.0,186.0,187.5,2.5,1.3514,11124188,2130012185,13086,TWSE,common_stock,true,false,false,false,false,false,false,false,true,
2026-08-28,8271,宇瞻,listed,235.5,244.0,232.5,232.5,-1.5,-0.641,4821273,1141169281,8242,TWSE,common_stock,true,false,false,false,false,false,false,false,true,
2026-08-28,8341,日友,listed,76.4,76.7,76.0,76.7,0.3,0.3927,162725,12416635,177,TWSE,common_stock,true,false,false,false,false,false,false,false,true,
2026-08-28,8367,建新國際,listed,41.4,41.4,40.4,40.7,0.2,0.4938,13262,537360,17,TWSE,common_stock,true,false,false,false,false,false,false,false,true,
2026-08-28,8374,羅昇,listed,84.7,84.7,81.3,82.1,-1.1,-1.3221,280266,23126455,392,TWSE,common_stock,true,false,false,false,false,false,false,false,true,
2026-08-28,8404,百和興業-KY,listed,16.55,16.55,16.25,16.25,-0.1,-0.6116,133659,2183643,98,TWSE,common_stock,true,false,false,false,false,false,false,false,true,
2026-08-28,8411,福貞-KY,listed,12.8,12.95,12.8,12.95,0.1,0.7782,26926,347211,42,TWSE,common_stock,true,false,false,false,false,false,false,false,true,
2026-08-28,8422,可寧衛*,listed,27.05,27.35,27.0,27.1,0.1,0.3704,4376283,118777173,1960,TWSE,common_stock,true,false,false,false,false,false,false,false,true,
2026-08-28,8429,金麗-KY,listed,6.03,6.07,6.01,6.01,-0.02,-0.3317,95672,576692,85,TWSE,common_stock,true,false,false,false,false,false,false,false,true,
2026-08-28,8438,昶昕,listed,72.4,72.4,70.7,72.4,0.5,0.6954,194538,13935315,456,TWSE,common_stock,true,false,false,false,false,false,false,false,true,
2026-08-28,8442,威宏-KY,listed,45.4,45.9,45.0,45.3,-0.8,-1.7354,71103,3222446,55,TWSE,common_stock,true,false,false,false,false,false,false,false,true,
2026-08-28,8443,阿瘦,listed,11.35,11.35,11.25,11.25,-0.15,-1.3158,28510,322420,46,TWSE,common_stock,true,false,false,false,false,false,false,false,true,
2026-08-28,8454,富邦媒,listed,253.5,254.5,250.0,250.0,-5.5,-2.1526,308861,77721925,1001,TWSE,etf,false,true,false,false,false,false,false,false,false,security_type=etf
2026-08-28,8462,柏文,listed,174.0,174.0,169.5,171.0,-3.0,-1.7241,164807,28271317,3398,TWSE,common_stock,true,false,false,false,false,false,false,false,true,
2026-08-28,8463,潤泰材,listed,21.5,21.5,21.45,21.5,0.05,0.2331,33000,709100,20,TWSE,common_stock,true,false,false,false,false,false,false,false,true,
2026-08-28,8464,億豐,listed,367.5,367.5,362.0,366.5,-2.0,-0.5427,406604,148483531,362,TWSE,common_stock,true,false,false,false,false,false,false,false,true,
2026-08-28,8466,美吉吉-KY,listed,15.7,15.7,15.5,15.5,-0.3,-1.8987,22546,350376,29,TWSE,common_stock,true,false,false,false,false,false,false,false,true,
2026-08-28,8467,波力-KY,listed,93.8,97.0,93.1,93.4,-0.4,-0.4264,22132,2084895,20,TWSE,common_stock,true,false,false,false,false,false,false,false,true,
2026-08-28,8473,山林水,listed,46.65,46.65,45.45,45.9,-0.5,-1.0776,325499,14914038,454,TWSE,common_stock,true,false,false,false,false,false,false,false,true,
2026-08-28,8476,台境*,listed,19.9,20.0,19.75,19.9,0.05,0.2519,232061,4599278,116,TWSE,common_stock,true,false,false,false,false,false,false,false,true,
2026-08-28,8478,東哥遊艇,listed,144.5,144.5,141.5,141.5,-3.0,-2.0761,118766,16910065,188,TWSE,common_stock,true,false,false,false,false,false,false,false,true,
2026-08-28,8481,政伸,listed,41.2,41.2,41.2,41.2,0.0,0.0,3000,123600,2,TWSE,common_stock,true,false,false,false,false,false,false,false,true,
2026-08-28,8482,商億-KY,listed,48.25,48.55,47.7,47.7,-0.55,-1.1399,11071,532152,13,TWSE,common_stock,true,false,false,false,false,false,false,false,true,
2026-08-28,8487,愛爾達-創,listed,72.5,72.5,70.9,71.9,0.5,0.7003,10090,720411,20,TWSE,common_stock,true,false,false,false,false,false,false,false,true,
2026-08-28,8488,吉源-KY,listed,9.9,10.0,9.82,10.0,0.14,1.4199,14000,138140,8,TWSE,common_stock,true,false,false,false,false,false,false,false,true,
2026-08-28,8499,鼎炫-KY,listed,276.0,280.0,270.5,271.0,-18.0,-6.2284,141400,38677094,796,TWSE,common_stock,true,false,false,false,false,false,false,false,true,
2026-08-28,8926,台汽電,listed,57.7,57.7,56.7,56.8,-0.6,-1.0453,2194920,125358996,1964,TWSE,common_stock,true,false,false,false,false,false,false,false,true,
2026-08-28,8940,新天地,listed,15.3,15.3,15.0,15.15,-0.05,-0.3289,96150,1449229,166,TWSE,common_stock,true,false,false,false,false,false,false,false,true,
2026-08-28,8996,高力,listed,1275.0,1300.0,1250.0,1265.0,-45.0,-3.4351,4224888,5390894155,8414,TWSE,common_stock,true,false,false,false,false,false,false,false,true,
2026-08-28,9103,美德醫療-DR,listed,5.15,5.15,5.08,5.08,-0.06,-1.1673,416710,2125977,171,TWSE,dr,false,false,false,false,false,false,false,true,false,security_type=dr
2026-08-28,910322,康師傅-DR,listed,25.85,25.85,25.7,25.7,0.0,0.0,5114,131791,8,TWSE,dr,false,false,false,false,false,false,false,true,false,security_type=dr;symbol_not_4_digit
2026-08-28,9105,泰金寶-DR,listed,8.45,8.46,8.33,8.35,-0.03,-0.358,10340273,86843694,3031,TWSE,dr,false,false,false,false,false,false,false,true,false,security_type=dr
2026-08-28,910861,神州-DR,listed,3.82,3.85,3.81,3.84,0.0,0.0,29012,111203,20,TWSE,dr,false,false,false,false,false,false,false,true,false,security_type=dr;symbol_not_4_digit
2026-08-28,9110,越南控-DR,listed,3.0,3.1,3.0,3.1,-0.04,-1.2739,9000,27110,6,TWSE,dr,false,false,false,false,false,false,false,true,false,security_type=dr
2026-08-28,911608,明輝-DR,listed,2.61,2.69,2.61,2.68,0.06,2.2901,26718,71047,162,TWSE,dr,false,false,false,false,false,false,false,true,false,security_type=dr;symbol_not_4_digit
2026-08-28,911622,泰聚亨-DR,listed,3.62,3.62,3.62,3.62,0.02,0.5556,1000,3620,1,TWSE,dr,false,false,false,false,false,false,false,true,false,security_type=dr;symbol_not_4_digit
2026-08-28,911868,同方友友-DR,listed,1.16,1.17,1.16,1.17,0.0,0.0,127680,149253,24,TWSE,dr,false,false,false,false,false,false,false,true,false,security_type=dr;symbol_not_4_digit
2026-08-28,912000,晨訊科-DR,listed,2.43,2.47,2.4,2.42,0.0,0.0,967119,2343431,174,TWSE,dr,false,false,false,false,false,false,false,true,false,security_type=dr;symbol_not_4_digit
2026-08-28,9136,巨騰-DR,listed,11.75,11.8,11.45,11.7,-0.1,-0.8475,242012,2811489,129,TWSE,dr,false,false,false,false,false,false,false,true,false,security_type=dr
2026-08-28,9802,鈺齊-KY,listed,72.2,72.2,71.5,71.7,-0.4,-0.5548,300329,21530857,336,TWSE,common_stock,true,false,false,false,false,false,false,false,true,
2026-08-28,9902,台火,listed,13.85,13.85,13.6,13.6,-0.25,-1.8051,94743,1298632,134,TWSE,common_stock,true,false,false,false,false,false,false,false,true,
2026-08-28,9904,寶成,listed,24.65,24.65,24.35,24.35,-0.45,-1.8145,22854095,559295125,8156,TWSE,common_stock,true,false,false,false,false,false,false,false,true,
2026-08-28,9905,大華,listed,21.45,21.55,21.45,21.55,0.1,0.4662,65962,1418133,64,TWSE,common_stock,true,false,false,false,false,false,false,false,true,
2026-08-28,9906,欣巴巴,listed,40.65,40.7,40.5,40.7,-0.6,-1.4528,6380,258485,27,TWSE,common_stock,true,false,false,false,false,false,false,false,true,
2026-08-28,9907,統一實,listed,15.45,15.5,15.3,15.35,-0.1,-0.6472,1589549,24474018,587,TWSE,etf,false,true,false,false,false,false,false,false,false,security_type=etf
2026-08-28,9908,大台北,listed,29.0,29.1,29.0,29.05,0.05,0.1724,90003,2612993,89,TWSE,common_stock,true,false,false,false,false,false,false,false,true,
2026-08-28,9910,豐泰,listed,68.1,68.5,67.9,68.2,-0.1,-0.1464,567602,38690070,590,TWSE,common_stock,true,false,false,false,false,false,false,false,true,
2026-08-28,9911,櫻花,listed,82.9,83.0,82.8,82.9,0.0,0.0,92417,7662571,152,TWSE,common_stock,true,false,false,false,false,false,false,false,true,
2026-08-28,9912,偉聯,listed,13.2,14.5,13.2,14.1,0.9,6.8182,1109845,15970604,1280,TWSE,common_stock,true,false,false,false,false,false,false,false,true,
2026-08-28,9914,美利達,listed,84.3,84.4,83.0,83.1,-1.3,-1.5403,1175841,98131963,1885,TWSE,common_stock,true,false,false,false,false,false,false,false,true,
2026-08-28,9917,中保科,listed,110.5,111.0,110.0,111.0,0.0,0.0,418212,46264700,518,TWSE,common_stock,true,false,false,false,false,false,false,false,true,
2026-08-28,9918,欣天然,listed,42.85,43.0,42.85,43.0,0.2,0.4673,11786,506086,67,TWSE,common_stock,true,false,false,false,false,false,false,false,true,
2026-08-28,9919,康那香,listed,13.95,14.0,13.85,13.85,0.0,0.0,192636,2686612,136,TWSE,common_stock,true,false,false,false,false,false,false,false,true,
2026-08-28,9921,巨大,listed,105.0,105.0,101.5,103.0,-2.0,-1.9048,1963329,201876922,1654,TWSE,common_stock,true,false,false,false,false,false,false,false,true,
2026-08-28,9924,福興,listed,38.7,38.7,38.35,38.65,-0.15,-0.3866,101965,3927565,192,TWSE,common_stock,true,false,false,false,false,false,false,false,true,
2026-08-28,9925,新保,listed,39.8,40.0,39.7,39.85,0.05,0.1256,1136450,45291145,833,TWSE,common_stock,true,false,false,false,false,false,false,false,true,
2026-08-28,9926,新海,listed,49.0,49.1,49.0,49.1,0.15,0.3064,7177,352217,24,TWSE,common_stock,true,false,false,false,false,false,false,false,true,
2026-08-28,9927,泰銘,listed,69.3,69.3,69.1,69.1,-0.2,-0.2886,54706,3786099,94,TWSE,common_stock,true,false,false,false,false,false,false,false,true,
2026-08-28,9928,中視,listed,18.0,18.1,17.85,17.95,0.0,0.0,24462,438991,26,TWSE,common_stock,true,false,false,false,false,false,false,false,true,
2026-08-28,9929,秋雨,listed,11.1,11.3,11.1,11.3,0.1,0.8929,11009,124085,12,TWSE,common_stock,true,false,false,false,false,false,false,false,true,
2026-08-28,9930,中聯資源,listed,63.0,63.3,62.8,63.1,0.0,0.0,67708,4270391,85,TWSE,common_stock,true,false,false,false,false,false,false,false,true,
2026-08-28,9931,欣高,listed,34.05,34.05,33.85,33.85,-0.1,-0.2946,35150,1192112,27,TWSE,common_stock,true,false,false,false,false,false,false,false,true,
2026-08-28,9933,中鼎,listed,41.55,41.75,40.4,40.6,-1.0,-2.4038,2924978,119545074,9085,TWSE,common_stock,true,false,false,false,false,false,false,false,true,
2026-08-28,9934,成霖,listed,11.25,11.25,11.0,11.1,-0.15,-1.3333,1129752,12545838,406,TWSE,common_stock,true,false,false,false,false,false,false,false,true,
2026-08-28,9935,慶豐富,listed,19.95,20.0,19.7,19.7,-0.25,-1.2531,351560,6980687,278,TWSE,common_stock,true,false,false,false,false,false,false,false,true,
2026-08-28,9937,全國,listed,55.1,55.1,54.8,55.1,0.0,0.0,13518,742414,45,TWSE,common_stock,true,false,false,false,false,false,false,false,true,
2026-08-28,9938,百和,listed,42.75,42.75,42.05,42.1,-0.5,-1.1737,775908,32751882,552,TWSE,common_stock,true,false,false,false,false,false,false,false,true,
2026-08-28,9939,宏全,listed,132.5,132.5,130.5,132.0,-1.0,-0.7519,844185,111034882,849,TWSE,common_stock,true,false,false,false,false,false,false,false,true,
2026-08-28,9940,信義,listed,20.65,20.65,20.25,20.5,-0.15,-0.7264,411371,8390532,297,TWSE,common_stock,true,false,false,false,false,false,false,false,true,
2026-08-28,9941,裕融,listed,87.1,87.5,85.5,86.6,-0.5,-0.5741,2751363,237477861,5046,TWSE,common_stock,true,false,false,false,false,false,false,false,true,
2026-08-28,9941A,裕融甲特,listed,51.3,51.3,51.3,51.3,0.0,0.0,22901,1174787,38,TWSE,warrant,false,false,true,false,false,false,false,false,false,security_type=warrant;symbol_not_4_digit
2026-08-28,9942,茂順,listed,116.0,116.5,115.0,116.0,0.0,0.0,80288,9297853,83,TWSE,common_stock,true,false,false,false,false,false,false,false,true,
2026-08-28,9943,好樂迪,listed,51.5,51.8,51.2,51.2,-0.4,-0.7752,45487,2340666,85,TWSE,common_stock,true,false,false,false,false,false,false,false,true,
2026-08-28,9944,新麗,listed,17.5,17.55,17.35,17.35,-0.15,-0.8571,25515,445504,93,TWSE,common_stock,true,false,false,false,false,false,false,false,true,
2026-08-28,9945,潤泰新,listed,28.6,28.6,27.8,28.0,-0.6,-2.0979,10359933,291166834,5192,TWSE,common_stock,true,false,false,false,false,false,false,false,true,
2026-08-28,9946,三發地產,listed,17.8,17.8,17.55,17.6,-0.25,-1.4006,449160,7921063,236,TWSE,common_stock,true,false,false,false,false,false,false,false,true,
2026-08-28,9955,佳龍,listed,24.9,24.95,24.7,24.85,-0.15,-0.6,154238,3825883,245,TWSE,common_stock,true,false,false,false,false,false,false,false,true,
2026-08-28,9958,世紀鋼,listed,94.0,94.0,92.0,92.2,-1.9,-2.0191,2521392,233475194,3098,TWSE,common_stock,true,false,false,false,false,false,false,false,true,
